Time[date hh:mm:ss] ; Elapsed Time [hh:mm:ss:ms]; Normalized s 1 ; Normalized s 2 ; Normalized s 3 ; S 0 [mW]; S 1 [mW]; S 2 [mW]; S 3 [mW]; Azimuth[°] ; Ellipticity[°] ; DOP[%] ; DOCP[%] ; DOLP[%] ; Power[mW] ; Pol Power[mW] ; Unpol Power[mW] ; Power[dBm] ; Pol Power[dBm] ; Unpol Power[dBm] ; Power-Split-Ratio ; Phase Difference[°] ; Warning
2025-11-27 11:17:29.00;0.00:00:00:061;-1.00;-0.03;-0.01;0.01017;-0.01028;-0.0002626;-0.0001024;-89.27;-0.29;101.06;1.01;101.05;0.01017;0.01028;-0.0001075;-19.925;-19.879;-99.990;0.00;-158.69;
2025-11-27 11:17:29.07;0.00:00:00:130;-1.00;-0.03;-0.01;0.01018;-0.01027;-0.0002848;-0.0001278;-89.21;-0.36;100.96;1.26;100.95;0.01018;0.01028;-9.752E-05;-19.923;-19.882;-99.990;0.00;-155.84;
2025-11-27 11:17:29.12;0.00:00:00:177;-1.00;-0.03;-0.01;0.0102;-0.0103;-0.0002738;-0.0001194;-89.24;-0.33;101.03;1.17;101.02;0.0102;0.01031;-0.0001047;-19.912;-19.868;-99.990;0.00;-156.43;
2025-11-27 11:17:29.17;0.00:00:00:224;-1.00;-0.03;-0.01;0.01017;-0.01028;-0.0002971;-0.0001365;-89.17;-0.38;101.07;1.34;101.06;0.01017;0.01028;-0.000109;-19.926;-19.879;-99.990;0.00;-155.33;
2025-11-27 11:17:29.21;0.00:00:00:271;-1.00;-0.03;-0.01;0.01019;-0.0103;-0.000264;-0.0001421;-89.27;-0.40;101.12;1.39;101.11;0.01019;0.0103;-0.0001138;-19.919;-19.871;-99.990;0.00;-151.71;
2025-11-27 11:17:29.26;0.00:00:00:317;-1.00;-0.02;-0.01;0.01017;-0.01028;-0.0002535;-0.00011;-89.29;-0.31;101.04;1.08;101.03;0.01017;0.01028;-0.0001055;-19.925;-19.880;-99.990;0.00;-156.54;
2025-11-27 11:17:29.31;0.00:00:00:365;-1.00;-0.02;-0.01;0.01015;-0.01023;-0.0002442;-0.0001073;-89.32;-0.30;100.89;1.06;100.88;0.01015;0.01024;-8.981E-05;-19.937;-19.899;-99.990;0.00;-156.27;
2025-11-27 11:17:29.36;0.00:00:00:414;-1.00;-0.02;-0.01;0.01017;-0.01027;-0.0002553;-0.0001389;-89.29;-0.39;100.99;1.37;100.98;0.01017;0.01027;-0.000101;-19.927;-19.884;-99.990;0.00;-151.45;
2025-11-27 11:17:29.42;0.00:00:00:474;-1.00;-0.02;-0.01;0.01018;-0.01025;-0.0002456;-0.0001099;-89.31;-0.31;100.78;1.08;100.77;0.01018;0.01026;-7.898E-05;-19.923;-19.890;-99.990;0.00;-155.88;
2025-11-27 11:17:29.46;0.00:00:00:521;-1.00;-0.02;-0.01;0.01022;-0.01033;-0.0002382;-0.0001324;-89.34;-0.37;101.08;1.30;101.07;0.01022;0.01033;-0.0001101;-19.905;-19.859;-99.990;0.00;-150.94;
2025-11-27 11:17:29.51;0.00:00:00:569;-1.00;-0.03;-0.01;0.01019;-0.01029;-0.0002796;-0.000116;-89.22;-0.32;101.03;1.14;101.02;0.01019;0.01029;-0.0001048;-19.918;-19.874;-99.990;0.00;-157.46;
2025-11-27 11:17:29.56;0.00:00:00:615;-1.00;-0.02;-0.01;0.01021;-0.01031;-0.0002263;-0.0001137;-89.37;-0.32;101.03;1.11;101.02;0.01021;0.01031;-0.000105;-19.911;-19.867;-99.990;0.00;-153.31;
2025-11-27 11:17:29.61;0.00:00:00:662;-1.00;-0.02;-0.01;0.01023;-0.01034;-0.0002577;-0.0001023;-89.29;-0.28;101.08;1.00;101.08;0.01023;0.01034;-0.0001108;-19.900;-19.853;-99.990;0.00;-158.35;
2025-11-27 11:17:29.65;0.00:00:00:708;-1.00;-0.03;-0.01;0.01022;-0.01033;-0.0002621;-0.0001127;-89.27;-0.31;101.06;1.10;101.05;0.01022;0.01033;-0.0001081;-19.905;-19.859;-99.990;0.00;-156.72;
2025-11-27 11:17:29.70;0.00:00:00:755;-1.00;-0.02;-0.01;0.01022;-0.01032;-0.0002321;-0.0001245;-89.36;-0.35;101.01;1.22;101.00;0.01022;0.01032;-0.0001033;-19.906;-19.863;-99.990;0.00;-151.78;
2025-11-27 11:17:29.75;0.00:00:00:803;-1.00;-0.02;-0.01;0.01023;-0.01032;-0.0002107;-0.0001225;-89.42;-0.34;100.94;1.20;100.93;0.01023;0.01033;-9.627E-05;-19.901;-19.861;-99.990;0.00;-149.82;
2025-11-27 11:17:29.79;0.00:00:00:850;-1.00;-0.03;-0.01;0.01022;-0.01033;-0.0002668;-9.637E-05;-89.26;-0.27;101.06;0.94;101.06;0.01022;0.01033;-0.0001086;-19.905;-19.859;-99.990;0.00;-160.14;
2025-11-27 11:17:29.84;0.00:00:00:897;-1.00;-0.03;-0.01;0.01025;-0.01034;-0.0002888;-0.0001185;-89.20;-0.33;100.97;1.16;100.96;0.01025;0.01035;-9.929E-05;-19.893;-19.851;-99.990;0.00;-157.70;
2025-11-27 11:17:29.89;0.00:00:00:944;-1.00;-0.03;-0.01;0.01023;-0.01032;-0.0002785;-0.0001417;-89.23;-0.39;100.98;1.39;100.97;0.01023;0.01033;-0.0001002;-19.902;-19.860;-99.990;0.00;-153.04;
2025-11-27 11:17:29.94;0.00:00:00:992;-1.00;-0.02;-0.01;0.01021;-0.01032;-0.0002259;-0.0001231;-89.37;-0.34;101.11;1.21;101.10;0.01021;0.01033;-0.0001135;-19.909;-19.861;-99.990;0.00;-151.41;
2025-11-27 11:17:30.00;0.00:00:01:052;-1.00;-0.03;-0.01;0.01023;-0.01034;-0.0002632;-0.0001268;-89.27;-0.35;101.15;1.24;101.14;0.01023;0.01035;-0.0001178;-19.902;-19.852;-99.990;0.00;-154.29;
2025-11-27 11:17:30.04;0.00:00:01:100;-1.00;-0.03;-0.01;0.01023;-0.01031;-0.0002679;-0.0001261;-89.26;-0.35;100.89;1.23;100.88;0.01023;0.01032;-9.063E-05;-19.902;-19.864;-99.990;0.00;-154.80;
2025-11-27 11:17:30.10;0.00:00:01:151;-1.00;-0.03;-0.01;0.01021;-0.01031;-0.0002603;-0.0001125;-89.28;-0.31;101.02;1.10;101.01;0.01021;0.01032;-0.0001037;-19.909;-19.865;-99.990;0.00;-156.64;
2025-11-27 11:17:30.15;0.00:00:01:210;-1.00;-0.02;-0.01;0.01017;-0.01026;-0.0002513;-0.0001201;-89.30;-0.34;100.95;1.18;100.95;0.01017;0.01027;-9.705E-05;-19.927;-19.885;-99.990;0.00;-154.46;
2025-11-27 11:17:30.20;0.00:00:01:257;-1.00;-0.02;-0.01;0.01017;-0.01027;-0.0002203;-9.258E-05;-89.39;-0.26;101.02;0.91;101.01;0.01017;0.01028;-0.0001033;-19.926;-19.882;-99.990;0.00;-157.20;
2025-11-27 11:17:30.25;0.00:00:01:304;-1.00;-0.03;-0.01;0.01015;-0.01024;-0.0002672;-0.0001206;-89.25;-0.34;100.91;1.19;100.90;0.01015;0.01024;-9.215E-05;-19.935;-19.896;-99.990;0.00;-155.71;
2025-11-27 11:17:30.29;0.00:00:01:351;-1.00;-0.02;-0.01;0.0102;-0.01031;-0.000251;-0.0001061;-89.30;-0.29;101.11;1.04;101.11;0.0102;0.01031;-0.0001136;-19.915;-19.867;-99.990;0.00;-157.09;
2025-11-27 11:17:30.34;0.00:00:01:397;-1.00;-0.02;-0.01;0.01017;-0.01028;-0.0002515;-0.0001358;-89.30;-0.38;101.15;1.34;101.14;0.01017;0.01029;-0.0001167;-19.926;-19.877;-99.990;0.00;-151.64;
2025-11-27 11:17:30.39;0.00:00:01:444;-1.00;-0.02;-0.01;0.01017;-0.01026;-0.0002332;-0.0001176;-89.35;-0.33;100.91;1.16;100.90;0.01017;0.01026;-9.269E-05;-19.928;-19.888;-99.990;0.00;-153.23;
2025-11-27 11:17:30.43;0.00:00:01:490;-1.00;-0.03;-0.01;0.01019;-0.01028;-0.0002907;-0.0001353;-89.19;-0.38;100.94;1.33;100.93;0.01019;0.01029;-9.569E-05;-19.917;-19.877;-99.990;0.00;-155.05;
2025-11-27 11:17:30.48;0.00:00:01:537;-1.00;-0.02;-0.01;0.01022;-0.01032;-0.000248;-0.0001206;-89.31;-0.33;100.98;1.18;100.97;0.01022;0.01032;-9.988E-05;-19.905;-19.863;-99.990;0.00;-154.06;
2025-11-27 11:17:30.53;0.00:00:01:587;-1.00;-0.02;-0.01;0.01021;-0.01031;-0.0002446;-0.0001154;-89.32;-0.32;100.99;1.13;100.98;0.01021;0.01031;-0.0001006;-19.910;-19.868;-99.990;0.00;-154.74;
2025-11-27 11:17:30.59;0.00:00:01:645;-1.00;-0.03;-0.01;0.01018;-0.01027;-0.0002672;-0.0001147;-89.25;-0.32;100.90;1.13;100.90;0.01018;0.01027;-9.183E-05;-19.922;-19.883;-99.990;0.00;-156.78;
2025-11-27 11:17:30.64;0.00:00:01:692;-1.00;-0.03;-0.01;0.01018;-0.01028;-0.0002635;-0.0001382;-89.27;-0.39;100.97;1.36;100.96;0.01018;0.01028;-9.857E-05;-19.921;-19.880;-99.990;0.00;-152.32;
2025-11-27 11:17:30.68;0.00:00:01:739;-1.00;-0.03;-0.01;0.01019;-0.01028;-0.0002816;-0.0001231;-89.22;-0.34;100.99;1.21;100.98;0.01019;0.01029;-0.000101;-19.920;-19.877;-99.990;0.00;-156.39;
2025-11-27 11:17:30.73;0.00:00:01:786;-1.00;-0.03;-0.01;0.01019;-0.01028;-0.0002605;-0.0001183;-89.27;-0.33;100.93;1.16;100.92;0.01019;0.01028;-9.461E-05;-19.919;-19.879;-99.990;0.00;-155.57;
2025-11-27 11:17:30.78;0.00:00:01:833;-1.00;-0.02;-0.01;0.0102;-0.0103;-0.0002255;-0.0001295;-89.37;-0.36;101.07;1.27;101.07;0.0102;0.01031;-0.0001096;-19.915;-19.868;-99.990;0.00;-150.13;
2025-11-27 11:17:30.82;0.00:00:01:879;-1.00;-0.03;-0.01;0.0102;-0.01029;-0.0002659;-0.0001116;-89.26;-0.31;100.89;1.09;100.89;0.0102;0.01029;-9.095E-05;-19.914;-19.876;-99.990;0.00;-157.23;
2025-11-27 11:17:30.87;0.00:00:01:927;-1.00;-0.02;-0.01;0.0102;-0.01027;-0.0002569;-0.0001208;-89.28;-0.34;100.75;1.18;100.75;0.0102;0.01028;-7.68E-05;-19.913;-19.881;-99.990;0.00;-154.81;
2025-11-27 11:17:30.92;0.00:00:01:975;-1.00;-0.02;-0.01;0.01023;-0.01033;-0.0002539;-0.0001042;-89.30;-0.29;101.06;1.02;101.06;0.01023;0.01034;-0.0001086;-19.902;-19.856;-99.990;0.00;-157.70;
2025-11-27 11:17:30.97;0.00:00:02:023;-1.00;-0.02;-0.01;0.01023;-0.01032;-0.0002494;-0.0001293;-89.31;-0.36;100.99;1.26;100.99;0.01023;0.01033;-0.0001016;-19.903;-19.860;-99.990;0.00;-152.60;
2025-11-27 11:17:31.03;0.00:00:02:083;-1.00;-0.02;-0.01;0.01018;-0.01027;-0.0002184;-0.0001221;-89.39;-0.34;100.97;1.20;100.96;0.01018;0.01027;-9.822E-05;-19.924;-19.883;-99.990;0.00;-150.78;
2025-11-27 11:17:31.08;0.00:00:02:132;-1.00;-0.03;-0.01;0.01021;-0.01029;-0.0002832;-0.0001287;-89.21;-0.36;100.89;1.26;100.89;0.01021;0.0103;-9.118E-05;-19.912;-19.873;-99.990;0.00;-155.56;
2025-11-27 11:17:31.14;0.00:00:02:193;-1.00;-0.03;-0.01;0.01021;-0.01032;-0.0002587;-0.000133;-89.28;-0.37;101.13;1.30;101.12;0.01021;0.01033;-0.000115;-19.908;-19.860;-99.990;0.00;-152.79;
2025-11-27 11:17:31.18;0.00:00:02:240;-1.00;-0.02;-0.01;0.01018;-0.01028;-0.0002558;-0.0001282;-89.29;-0.36;100.97;1.26;100.96;0.01018;0.01028;-9.876E-05;-19.922;-19.880;-99.990;0.00;-153.38;
2025-11-27 11:17:31.23;0.00:00:02:286;-1.00;-0.02;-0.01;0.0102;-0.01029;-0.0002397;-0.0001358;-89.33;-0.38;101.01;1.33;101.00;0.0102;0.0103;-0.0001031;-19.916;-19.872;-99.990;0.00;-150.47;
2025-11-27 11:17:31.28;0.00:00:02:334;-1.00;-0.02;-0.01;0.01019;-0.01027;-0.0002281;-0.0001273;-89.36;-0.36;100.81;1.25;100.80;0.01019;0.01027;-8.244E-05;-19.919;-19.884;-99.990;0.00;-150.83;
2025-11-27 11:17:31.32;0.00:00:02:380;-1.00;-0.03;-0.01;0.01019;-0.0103;-0.0002753;-0.0001076;-89.23;-0.30;101.11;1.06;101.10;0.01019;0.0103;-0.0001127;-19.919;-19.871;-99.990;0.00;-158.66;
2025-11-27 11:17:31.37;0.00:00:02:426;-1.00;-0.03;-0.01;0.01019;-0.01029;-0.0002947;-0.0001231;-89.18;-0.34;101.00;1.21;100.99;0.01019;0.0103;-0.0001019;-19.916;-19.873;-99.990;0.00;-157.33;
2025-11-27 11:17:31.42;0.00:00:02:473;-1.00;-0.03;-0.01;0.01016;-0.01026;-0.0002792;-8.226E-05;-89.22;-0.23;100.97;0.81;100.97;0.01016;0.01026;-9.9E-05;-19.930;-19.887;-99.990;0.00;-163.59;
2025-11-27 11:17:31.46;0.00:00:02:519;-1.00;-0.03;-0.01;0.01017;-0.01027;-0.0002715;-0.0001107;-89.24;-0.31;100.96;1.09;100.95;0.01017;0.01027;-9.773E-05;-19.926;-19.884;-99.990;0.00;-157.82;
2025-11-27 11:17:31.51;0.00:00:02:567;-1.00;-0.02;-0.01;0.01019;-0.01028;-0.0002343;-0.0001111;-89.35;-0.31;100.92;1.09;100.91;0.01019;0.01028;-9.374E-05;-19.919;-19.880;-99.990;0.00;-154.62;
2025-11-27 11:17:31.56;0.00:00:02:615;-1.00;-0.03;-0.01;0.01016;-0.01026;-0.0002661;-0.0001422;-89.26;-0.40;101.01;1.40;101.00;0.01016;0.01027;-0.0001022;-19.929;-19.886;-99.990;0.00;-151.88;
2025-11-27 11:17:31.61;0.00:00:02:662;-1.00;-0.03;-0.01;0.0102;-0.01032;-0.0002923;-0.0001276;-89.19;-0.35;101.28;1.25;101.27;0.0102;0.01033;-0.0001302;-19.915;-19.860;-99.990;0.00;-156.41;
2025-11-27 11:17:31.65;0.00:00:02:709;-1.00;-0.02;-0.01;0.01017;-0.01027;-0.0002276;-0.000123;-89.37;-0.34;101.09;1.21;101.08;0.01017;0.01028;-0.0001105;-19.929;-19.882;-99.990;0.00;-151.61;
2025-11-27 11:17:31.70;0.00:00:02:756;-1.00;-0.02;-0.01;0.01015;-0.01028;-0.000248;-0.0001112;-89.31;-0.31;101.26;1.10;101.25;0.01015;0.01028;-0.0001278;-19.934;-19.880;-99.990;0.00;-155.84;
2025-11-27 11:17:31.75;0.00:00:02:804;-1.00;-0.03;-0.01;0.01014;-0.01023;-0.0002612;-0.0001096;-89.27;-0.31;100.99;1.08;100.99;0.01014;0.01024;-0.0001004;-19.942;-19.899;-99.990;0.00;-157.24;
2025-11-27 11:17:31.79;0.00:00:02:851;-1.00;-0.02;-0.01;0.01018;-0.01029;-0.0002368;-0.0001176;-89.34;-0.33;101.10;1.15;101.09;0.01018;0.0103;-0.0001118;-19.921;-19.873;-99.990;0.00;-153.59;
2025-11-27 11:17:31.84;0.00:00:02:898;-1.00;-0.03;-0.01;0.0102;-0.01029;-0.0002806;-0.0001259;-89.22;-0.35;100.84;1.23;100.84;0.0102;0.01029;-8.6E-05;-19.912;-19.875;-99.990;0.00;-155.83;
2025-11-27 11:17:31.89;0.00:00:02:944;-1.00;-0.02;-0.01;0.01019;-0.01028;-0.0002448;-0.0001169;-89.32;-0.33;100.96;1.15;100.95;0.01019;0.01028;-9.778E-05;-19.920;-19.878;-99.990;0.00;-154.47;
2025-11-27 11:17:31.94;0.00:00:02:992;-1.00;-0.02;-0.01;0.01017;-0.01026;-0.0002385;-0.0001194;-89.33;-0.33;100.85;1.17;100.84;0.01017;0.01026;-8.6E-05;-19.925;-19.888;-99.990;0.00;-153.41;
2025-11-27 11:17:31.98;0.00:00:03:038;-1.00;-0.02;-0.01;0.01018;-0.01028;-0.0002541;-0.0001236;-89.29;-0.34;101.00;1.21;100.99;0.01018;0.01028;-0.0001017;-19.923;-19.880;-99.990;0.00;-154.06;
2025-11-27 11:17:32.03;0.00:00:03:085;-1.00;-0.03;-0.01;0.01017;-0.01026;-0.0002676;-0.0001284;-89.25;-0.36;100.93;1.26;100.93;0.01017;0.01026;-9.489E-05;-19.928;-19.888;-99.990;0.00;-154.37;
2025-11-27 11:17:32.08;0.00:00:03:133;-1.00;-0.02;-0.01;0.01018;-0.01028;-0.0002498;-0.0001292;-89.30;-0.36;101.10;1.27;101.09;0.01018;0.01029;-0.0001115;-19.924;-19.877;-99.990;0.00;-152.65;
2025-11-27 11:17:32.12;0.00:00:03:179;-1.00;-0.02;-0.01;0.01021;-0.0103;-0.000245;-0.0001032;-89.32;-0.29;100.97;1.01;100.96;0.01021;0.0103;-9.895E-05;-19.912;-19.870;-99.990;0.00;-157.17;
2025-11-27 11:17:32.17;0.00:00:03:228;-1.00;-0.02;-0.01;0.0102;-0.0103;-0.0002507;-0.0001113;-89.30;-0.31;101.06;1.09;101.05;0.0102;0.01031;-0.0001081;-19.914;-19.868;-99.990;0.00;-156.06;
2025-11-27 11:17:32.22;0.00:00:03:274;-1.00;-0.03;-0.01;0.01021;-0.01031;-0.0002834;-0.0001135;-89.21;-0.32;101.02;1.11;101.02;0.01021;0.01031;-0.0001045;-19.910;-19.866;-99.990;0.00;-158.17;
2025-11-27 11:17:32.26;0.00:00:03:320;-1.00;-0.02;-0.01;0.01019;-0.01029;-0.0002364;-0.000117;-89.34;-0.33;100.96;1.15;100.95;0.01019;0.01029;-9.76E-05;-19.917;-19.876;-99.990;0.00;-153.66;
2025-11-27 11:17:32.31;0.00:00:03:368;-1.00;-0.03;-0.01;0.01018;-0.01027;-0.0002919;-0.000122;-89.19;-0.34;100.94;1.20;100.94;0.01018;0.01027;-9.594E-05;-19.924;-19.883;-99.990;0.00;-157.32;
2025-11-27 11:17:32.36;0.00:00:03:415;-1.00;-0.02;-0.01;0.01021;-0.0103;-0.0002484;-0.0001318;-89.31;-0.37;100.94;1.29;100.93;0.01021;0.0103;-9.561E-05;-19.911;-19.870;-99.990;0.00;-152.06;
2025-11-27 11:17:32.41;0.00:00:03:461;-1.00;-0.03;-0.01;0.01018;-0.01028;-0.0002986;-0.0001325;-89.17;-0.37;101.04;1.30;101.03;0.01018;0.01029;-0.0001062;-19.921;-19.876;-99.990;0.00;-156.08;
2025-11-27 11:17:32.45;0.00:00:03:510;-1.00;-0.03;-0.01;0.01021;-0.0103;-0.0002695;-0.000122;-89.25;-0.34;100.92;1.19;100.91;0.01021;0.01031;-9.411E-05;-19.908;-19.868;-99.990;0.00;-155.65;
2025-11-27 11:17:32.51;0.00:00:03:570;-1.00;-0.03;-0.01;0.01023;-0.01033;-0.0002722;-0.0001043;-89.25;-0.29;101.05;1.02;101.05;0.01023;0.01034;-0.0001078;-19.901;-19.855;-99.990;0.00;-159.03;
2025-11-27 11:17:32.56;0.00:00:03:617;-1.00;-0.03;-0.01;0.01024;-0.01033;-0.0002631;-0.0001183;-89.27;-0.33;100.96;1.16;100.95;0.01024;0.01033;-9.8E-05;-19.899;-19.857;-99.990;0.00;-155.80;
2025-11-27 11:17:32.61;0.00:00:03:668;-1.00;-0.02;-0.01;0.01022;-0.01032;-0.0002487;-0.0001133;-89.31;-0.31;101.03;1.11;101.02;0.01022;0.01032;-0.0001051;-19.906;-19.862;-99.990;0.00;-155.49;
2025-11-27 11:17:32.67;0.00:00:03:726;-1.00;-0.03;-0.01;0.01019;-0.01028;-0.000262;-0.0001093;-89.27;-0.30;100.90;1.07;100.89;0.01019;0.01028;-9.122E-05;-19.919;-19.880;-99.990;0.00;-157.36;
2025-11-27 11:17:32.72;0.00:00:03:773;-1.00;-0.02;-0.01;0.01024;-0.01035;-0.0002444;-0.0001206;-89.32;-0.33;101.14;1.18;101.13;0.01024;0.01035;-0.0001164;-19.899;-19.850;-99.990;0.00;-153.73;
2025-11-27 11:17:32.76;0.00:00:03:819;-1.00;-0.03;-0.01;0.01023;-0.01033;-0.0002755;-0.0001218;-89.24;-0.34;101.03;1.19;101.02;0.01023;0.01034;-0.0001054;-19.900;-19.855;-99.990;0.00;-156.16;
2025-11-27 11:17:32.81;0.00:00:03:867;-1.00;-0.02;-0.01;0.01024;-0.01035;-0.0002392;-0.0001281;-89.34;-0.35;101.04;1.25;101.03;0.01024;0.01035;-0.0001062;-19.895;-19.850;-99.990;0.00;-151.83;
2025-11-27 11:17:32.86;0.00:00:03:914;-1.00;-0.02;-0.01;0.01023;-0.01032;-0.0002485;-0.0001265;-89.31;-0.35;100.91;1.24;100.90;0.01023;0.01033;-9.305E-05;-19.900;-19.860;-99.990;0.00;-153.02;
2025-11-27 11:17:32.90;0.00:00:03:961;-1.00;-0.02;-0.01;0.0102;-0.0103;-0.0002476;-0.0001381;-89.31;-0.38;100.97;1.35;100.96;0.0102;0.0103;-9.849E-05;-19.912;-19.870;-99.990;0.00;-150.85;
2025-11-27 11:17:32.95;0.00:00:04:009;-1.00;-0.03;-0.01;0.01021;-0.01031;-0.0002805;-0.0001223;-89.22;-0.34;100.95;1.20;100.94;0.01021;0.01031;-9.722E-05;-19.908;-19.867;-99.990;0.00;-156.44;
2025-11-27 11:17:33.00;0.00:00:04:056;-1.00;-0.03;-0.01;0.01019;-0.01028;-0.0002587;-0.0001192;-89.28;-0.33;100.94;1.17;100.93;0.01019;0.01028;-9.545E-05;-19.919;-19.878;-99.990;0.00;-155.26;
2025-11-27 11:17:33.05;0.00:00:04:106;-1.00;-0.03;-0.01;0.01021;-0.01033;-0.0002764;-0.0001274;-89.23;-0.35;101.21;1.25;101.20;0.01021;0.01034;-0.0001236;-19.908;-19.856;-99.990;0.00;-155.25;
2025-11-27 11:17:33.11;0.00:00:04:165;-1.00;-0.02;-0.01;0.01021;-0.01032;-0.0002559;-0.0001208;-89.29;-0.34;101.02;1.18;101.02;0.01021;0.01032;-0.0001047;-19.908;-19.864;-99.990;0.00;-154.74;
2025-11-27 11:17:33.16;0.00:00:04:212;-1.00;-0.03;-0.01;0.01022;-0.01033;-0.0002704;-0.0001287;-89.25;-0.36;101.06;1.26;101.06;0.01022;0.01033;-0.0001088;-19.905;-19.859;-99.990;0.00;-154.54;
2025-11-27 11:17:33.20;0.00:00:04:260;-1.00;-0.02;-0.01;0.01024;-0.01035;-0.0002454;-0.0001272;-89.32;-0.35;101.14;1.24;101.13;0.01024;0.01035;-0.0001167;-19.898;-19.849;-99.990;0.00;-152.61;
2025-11-27 11:17:33.25;0.00:00:04:307;-1.00;-0.03;-0.01;0.0102;-0.0103;-0.0002604;-0.0001044;-89.28;-0.29;100.97;1.02;100.96;0.0102;0.0103;-9.871E-05;-19.914;-19.872;-99.990;0.00;-158.16;
2025-11-27 11:17:33.30;0.00:00:04:354;-1.00;-0.03;-0.01;0.01017;-0.01026;-0.0002832;-0.0001319;-89.21;-0.37;100.91;1.30;100.90;0.01017;0.01026;-9.211E-05;-19.927;-19.887;-99.990;0.00;-155.03;
2025-11-27 11:17:33.34;0.00:00:04:401;-1.00;-0.02;-0.01;0.01015;-0.01026;-0.0002446;-0.0001173;-89.32;-0.33;101.03;1.16;101.02;0.01015;0.01026;-0.0001042;-19.933;-19.889;-99.990;0.00;-154.37;
2025-11-27 11:17:33.39;0.00:00:04:448;-1.00;-0.03;-0.01;0.01014;-0.01026;-0.000276;-0.0001297;-89.23;-0.36;101.17;1.28;101.16;0.01014;0.01026;-0.0001182;-19.938;-19.888;-99.990;0.00;-154.83;
2025-11-27 11:17:33.44;0.00:00:04:495;-1.00;-0.02;-0.01;0.01016;-0.01028;-0.000246;-0.0001107;-89.31;-0.31;101.22;1.09;101.21;0.01016;0.01028;-0.0001236;-19.932;-19.880;-99.990;0.00;-155.77;
2025-11-27 11:17:33.49;0.00:00:04:542;-1.00;-0.03;-0.01;0.01018;-0.0103;-0.0002655;-0.0001017;-89.26;-0.28;101.14;1.00;101.13;0.01018;0.0103;-0.0001156;-19.921;-19.872;-99.990;0.00;-159.05;
2025-11-27 11:17:33.53;0.00:00:04:589;-1.00;-0.03;-0.01;0.01021;-0.0103;-0.0002581;-0.0001255;-89.28;-0.35;100.96;1.23;100.95;0.01021;0.0103;-9.809E-05;-19.912;-19.870;-99.990;0.00;-154.08;
2025-11-27 11:17:33.58;0.00:00:04:636;-1.00;-0.03;-0.01;0.01018;-0.0103;-0.0002837;-0.0001357;-89.21;-0.38;101.19;1.33;101.18;0.01018;0.0103;-0.0001207;-19.922;-19.870;-99.990;0.00;-154.44;
2025-11-27 11:17:33.63;0.00:00:04:683;-1.00;-0.02;-0.01;0.01019;-0.01029;-0.0002126;-0.0001182;-89.41;-0.33;101.07;1.16;101.07;0.01019;0.01029;-0.0001092;-19.920;-19.874;-99.990;0.00;-150.92;
2025-11-27 11:17:33.67;0.00:00:04:730;-1.00;-0.02;-0.01;0.01019;-0.01029;-0.0002284;-0.0001254;-89.36;-0.35;100.97;1.23;100.97;0.01019;0.01029;-9.932E-05;-19.917;-19.875;-99.990;0.00;-151.23;
2025-11-27 11:17:33.72;0.00:00:04:777;-1.00;-0.03;-0.01;0.01021;-0.01033;-0.0002588;-0.0001154;-89.28;-0.32;101.18;1.13;101.17;0.01021;0.01033;-0.0001203;-19.910;-19.859;-99.990;0.00;-155.98;
2025-11-27 11:17:33.77;0.00:00:04:823;-1.00;-0.02;-0.01;0.01019;-0.01029;-0.0002306;-0.0001131;-89.36;-0.31;101.02;1.11;101.01;0.01019;0.0103;-0.0001035;-19.917;-19.873;-99.990;0.00;-153.87;
2025-11-27 11:17:33.81;0.00:00:04:869;-1.00;-0.03;-0.01;0.0102;-0.01029;-0.000266;-0.0001067;-89.26;-0.30;100.95;1.05;100.94;0.0102;0.01029;-9.643E-05;-19.916;-19.875;-99.990;0.00;-158.13;
2025-11-27 11:17:33.86;0.00:00:04:918;-1.00;-0.02;-0.01;0.01017;-0.01028;-0.0002283;-0.0001218;-89.36;-0.34;101.05;1.20;101.04;0.01017;0.01028;-0.0001067;-19.926;-19.880;-99.990;0.00;-151.91;
2025-11-27 11:17:33.91;0.00:00:04:964;-1.00;-0.03;-0.01;0.01017;-0.01026;-0.0002793;-0.0001175;-89.22;-0.33;100.88;1.16;100.88;0.01017;0.01026;-8.993E-05;-19.925;-19.887;-99.990;0.00;-157.18;
2025-11-27 11:17:33.95;0.00:00:05:011;-1.00;-0.03;-0.01;0.01013;-0.01023;-0.000277;-0.0001151;-89.22;-0.32;101.02;1.14;101.01;0.01013;0.01023;-0.0001034;-19.944;-19.900;-99.990;0.00;-157.43;
2025-11-27 11:17:34.00;0.00:00:05:057;-1.00;-0.03;-0.01;0.01012;-0.01023;-0.0002646;-0.0001215;-89.26;-0.34;101.16;1.20;101.15;0.01012;0.01024;-0.0001172;-19.949;-19.899;-99.990;0.00;-155.34;
2025-11-27 11:17:34.05;0.00:00:05:104;-1.00;-0.02;-0.01;0.01011;-0.01022;-0.0002556;-0.0001154;-89.28;-0.32;101.17;1.14;101.16;0.01011;0.01023;-0.0001178;-19.952;-19.902;-99.990;0.00;-155.70;
2025-11-27 11:17:34.10;0.00:00:05:151;-1.00;-0.02;-0.01;0.0101;-0.01019;-0.0002445;-9.111E-05;-89.31;-0.26;100.92;0.90;100.92;0.0101;0.01019;-9.296E-05;-19.957;-19.918;-99.990;0.00;-159.57;
2025-11-27 11:17:34.14;0.00:00:05:199;-1.00;-0.03;-0.01;0.01013;-0.01022;-0.0002612;-0.0001165;-89.27;-0.33;100.95;1.15;100.94;0.01013;0.01022;-9.61E-05;-19.946;-19.905;-99.990;0.00;-155.95;
2025-11-27 11:17:34.19;0.00:00:05:245;-1.00;-0.03;-0.01;0.01014;-0.01024;-0.0002783;-0.0001215;-89.22;-0.34;100.98;1.20;100.97;0.01014;0.01024;-9.96E-05;-19.939;-19.896;-99.990;0.00;-156.41;
2025-11-27 11:17:34.24;0.00:00:05:292;-1.00;-0.03;-0.01;0.01018;-0.01028;-0.0002664;-0.0001184;-89.26;-0.33;101.01;1.16;101.00;0.01018;0.01029;-0.000103;-19.921;-19.877;-99.990;0.00;-156.04;
2025-11-27 11:17:34.28;0.00:00:05:339;-1.00;-0.02;-0.01;0.01019;-0.01027;-0.0002566;-0.0001263;-89.28;-0.35;100.81;1.24;100.80;0.01019;0.01027;-8.242E-05;-19.919;-19.884;-99.990;0.00;-153.79;
2025-11-27 11:17:34.33;0.00:00:05:387;-1.00;-0.03;-0.01;0.0102;-0.0103;-0.0002743;-0.00014;-89.24;-0.39;100.98;1.37;100.97;0.0102;0.0103;-0.0001002;-19.912;-19.870;-99.990;0.00;-152.97;
2025-11-27 11:17:34.38;0.00:00:05:433;-1.00;-0.02;-0.01;0.01023;-0.01035;-0.0002585;-0.0001261;-89.28;-0.35;101.22;1.23;101.21;0.01023;0.01035;-0.0001247;-19.902;-19.850;-99.990;0.00;-153.99;
2025-11-27 11:17:34.42;0.00:00:05:481;-1.00;-0.02;-0.01;0.01022;-0.01031;-0.0002518;-0.0001336;-89.30;-0.37;100.97;1.31;100.96;0.01022;0.01031;-9.89E-05;-19.908;-19.866;-99.990;0.00;-152.05;
2025-11-27 11:17:34.47;0.00:00:05:527;-1.00;-0.02;-0.01;0.01018;-0.01026;-0.0002521;-0.0001247;-89.30;-0.35;100.90;1.23;100.90;0.01018;0.01027;-9.204E-05;-19.924;-19.885;-99.990;0.00;-153.69;
2025-11-27 11:17:34.52;0.00:00:05:574;-1.00;-0.03;-0.01;0.01019;-0.0103;-0.0002888;-0.0001289;-89.20;-0.36;101.09;1.26;101.09;0.01019;0.0103;-0.0001115;-19.919;-19.871;-99.990;0.00;-155.95;
2025-11-27 11:17:34.57;0.00:00:05:621;-1.00;-0.03;-0.01;0.01021;-0.01031;-0.0002699;-0.0001327;-89.25;-0.37;101.08;1.30;101.07;0.01021;0.01032;-0.0001103;-19.912;-19.865;-99.990;0.00;-153.82;
2025-11-27 11:17:34.61;0.00:00:05:668;-1.00;-0.02;-0.01;0.01017;-0.01027;-0.000203;-0.0001141;-89.43;-0.32;101.02;1.12;101.02;0.01017;0.01027;-0.000104;-19.929;-19.884;-99.990;0.00;-150.65;
2025-11-27 11:17:34.66;0.00:00:05:715;-1.00;-0.02;-0.01;0.01013;-0.0102;-0.0002519;-0.000111;-89.29;-0.31;100.77;1.10;100.77;0.01013;0.0102;-7.823E-05;-19.945;-19.912;-99.990;0.00;-156.22;
2025-11-27 11:17:34.71;0.00:00:05:763;-1.00;-0.02;-0.01;0.01015;-0.01024;-0.0002362;-0.0001067;-89.34;-0.30;100.88;1.05;100.88;0.01015;0.01024;-8.945E-05;-19.934;-19.896;-99.990;0.00;-155.69;
2025-11-27 11:17:34.75;0.00:00:05:810;-1.00;-0.03;-0.01;0.01017;-0.01024;-0.000272;-0.0001153;-89.24;-0.32;100.72;1.13;100.71;0.01017;0.01024;-7.315E-05;-19.927;-19.896;-99.990;0.00;-157.03;
2025-11-27 11:17:34.80;0.00:00:05:858;-1.00;-0.02;-0.01;0.01017;-0.01026;-0.0002503;-9.052E-05;-89.30;-0.25;100.94;0.89;100.93;0.01017;0.01026;-9.521E-05;-19.927;-19.887;-99.990;0.00;-160.12;
2025-11-27 11:17:34.86;0.00:00:05:912;-1.00;-0.02;-0.01;0.01019;-0.01031;-0.0002467;-0.0001231;-89.31;-0.34;101.15;1.21;101.14;0.01019;0.01031;-0.0001174;-19.917;-19.867;-99.990;0.00;-153.48;
2025-11-27 11:17:34.91;0.00:00:05:964;-1.00;-0.03;-0.01;0.01018;-0.01027;-0.0002787;-0.0001008;-89.22;-0.28;100.92;0.99;100.92;0.01018;0.01028;-9.415E-05;-19.922;-19.882;-99.990;0.00;-160.11;
2025-11-27 11:17:34.96;0.00:00:06:015;-1.00;-0.02;-0.01;0.01016;-0.01026;-0.000231;-0.0001161;-89.36;-0.32;101.06;1.14;101.05;0.01016;0.01027;-0.0001073;-19.931;-19.885;-99.990;0.00;-153.31;
2025-11-27 11:17:35.01;0.00:00:06:068;-1.00;-0.03;-0.01;0.0102;-0.01029;-0.000261;-0.0001064;-89.27;-0.30;100.97;1.04;100.96;0.0102;0.0103;-9.848E-05;-19.914;-19.873;-99.990;0.00;-157.82;
2025-11-27 11:17:35.06;0.00:00:06:114;-1.00;-0.02;-0.01;0.0102;-0.01031;-0.0002468;-0.0001175;-89.31;-0.33;101.10;1.15;101.09;0.0102;0.01031;-0.0001123;-19.915;-19.868;-99.990;0.00;-154.53;
2025-11-27 11:17:35.11;0.00:00:06:164;-1.00;-0.03;-0.01;0.01022;-0.01031;-0.0002851;-0.0001156;-89.21;-0.32;100.86;1.13;100.85;0.01022;0.01031;-8.744E-05;-19.904;-19.867;-99.990;0.00;-157.92;
2025-11-27 11:17:35.16;0.00:00:06:218;-1.00;-0.02;-0.01;0.01021;-0.0103;-0.000235;-0.00013;-89.35;-0.36;100.96;1.27;100.96;0.01021;0.01031;-9.851E-05;-19.911;-19.869;-99.990;0.00;-151.06;
2025-11-27 11:17:35.21;0.00:00:06:270;-1.00;-0.02;-0.01;0.01019;-0.01029;-0.0002337;-0.0001106;-89.35;-0.31;101.08;1.09;101.07;0.01019;0.0103;-0.0001099;-19.920;-19.874;-99.990;0.00;-154.68;
2025-11-27 11:17:35.27;0.00:00:06:322;-1.00;-0.02;-0.01;0.0102;-0.01029;-0.0002539;-9.708E-05;-89.29;-0.27;100.93;0.95;100.93;0.0102;0.01029;-9.534E-05;-19.915;-19.875;-99.990;0.00;-159.08;
2025-11-27 11:17:35.32;0.00:00:06:373;-1.00;-0.02;-0.01;0.01021;-0.01032;-0.0002338;-0.0001288;-89.35;-0.36;101.11;1.26;101.10;0.01021;0.01033;-0.0001132;-19.908;-19.860;-99.990;0.00;-151.15;
2025-11-27 11:17:35.38;0.00:00:06:435;-1.00;-0.03;-0.01;0.01019;-0.01029;-0.0002664;-0.0001201;-89.26;-0.33;101.04;1.18;101.04;0.01019;0.0103;-0.0001062;-19.918;-19.873;-99.990;0.00;-155.74;
2025-11-27 11:17:35.43;0.00:00:06:486;-1.00;-0.02;-0.01;0.0102;-0.0103;-0.0002301;-0.0001169;-89.36;-0.33;100.93;1.15;100.92;0.0102;0.0103;-9.453E-05;-19.912;-19.872;-99.990;0.00;-153.06;
2025-11-27 11:17:35.48;0.00:00:06:536;-1.00;-0.03;-0.01;0.01021;-0.01031;-0.0002797;-0.0001374;-89.22;-0.38;101.01;1.35;101.01;0.01021;0.01031;-0.0001036;-19.911;-19.867;-99.990;0.00;-153.84;
2025-11-27 11:17:35.53;0.00:00:06:587;-1.00;-0.02;-0.01;0.0102;-0.0103;-0.0002229;-0.0001069;-89.38;-0.30;101.06;1.05;101.06;0.0102;0.0103;-0.0001083;-19.916;-19.870;-99.990;0.00;-154.38;
2025-11-27 11:17:35.58;0.00:00:06:638;-1.00;-0.03;-0.01;0.01018;-0.01029;-0.0002576;-0.0001138;-89.28;-0.32;101.06;1.12;101.06;0.01018;0.01029;-0.0001081;-19.921;-19.875;-99.990;0.00;-156.17;
2025-11-27 11:17:35.63;0.00:00:06:689;-1.00;-0.02;-0.01;0.01022;-0.01032;-0.000253;-0.0001189;-89.30;-0.33;101.04;1.16;101.04;0.01022;0.01032;-0.0001065;-19.906;-19.861;-99.990;0.00;-154.82;
2025-11-27 11:17:35.68;0.00:00:06:740;-1.00;-0.02;-0.01;0.01024;-0.01034;-0.0002535;-0.0001137;-89.30;-0.31;101.01;1.11;101.01;0.01024;0.01034;-0.0001036;-19.899;-19.855;-99.990;0.00;-155.85;
2025-11-27 11:17:35.73;0.00:00:06:788;-1.00;-0.02;-0.01;0.01022;-0.01034;-0.0002448;-0.0001176;-89.32;-0.33;101.18;1.15;101.18;0.01022;0.01034;-0.0001208;-19.906;-19.855;-99.990;0.00;-154.35;
2025-11-27 11:17:35.79;0.00:00:06:842;-1.00;-0.03;-0.01;0.0102;-0.0103;-0.0002649;-0.0001077;-89.26;-0.30;101.09;1.06;101.09;0.0102;0.01031;-0.0001115;-19.916;-19.868;-99.990;0.00;-157.87;
2025-11-27 11:17:35.84;0.00:00:06:894;-1.00;-0.03;-0.01;0.0102;-0.01028;-0.0002573;-0.0001153;-89.28;-0.32;100.82;1.13;100.81;0.0102;0.01028;-8.318E-05;-19.914;-19.878;-99.990;0.00;-155.86;
2025-11-27 11:17:35.89;0.00:00:06:946;-1.00;-0.02;-0.01;0.01021;-0.01032;-0.0002124;-0.0001293;-89.41;-0.36;101.13;1.27;101.12;0.01021;0.01032;-0.0001148;-19.912;-19.863;-99.990;0.00;-148.67;
2025-11-27 11:17:35.94;0.00:00:06:997;-1.00;-0.03;-0.01;0.01022;-0.01032;-0.0002692;-0.0001279;-89.25;-0.35;101.00;1.25;100.99;0.01022;0.01032;-0.0001021;-19.905;-19.862;-99.990;0.00;-154.59;
2025-11-27 11:17:35.99;0.00:00:07:049;-1.00;-0.03;-0.01;0.0102;-0.01031;-0.0002883;-0.000125;-89.20;-0.35;101.06;1.23;101.05;0.0102;0.01031;-0.0001081;-19.913;-19.867;-99.990;0.00;-156.56;
2025-11-27 11:17:36.04;0.00:00:07:100;-1.00;-0.02;-0.01;0.01021;-0.01032;-0.0002582;-0.0001043;-89.28;-0.29;101.11;1.02;101.11;0.01021;0.01033;-0.0001136;-19.908;-19.860;-99.990;0.00;-158.00;
2025-11-27 11:17:36.11;0.00:00:07:171;-1.00;-0.03;-0.01;0.01019;-0.0103;-0.0002744;-9.446E-05;-89.24;-0.26;101.05;0.93;101.04;0.01019;0.0103;-0.0001067;-19.917;-19.872;-99.990;0.00;-161.01;
2025-11-27 11:17:36.16;0.00:00:07:217;-1.00;-0.03;-0.01;0.01018;-0.01029;-0.0002801;-0.0001359;-89.22;-0.38;101.08;1.33;101.07;0.01018;0.01029;-0.0001103;-19.922;-19.876;-99.990;0.00;-154.12;
2025-11-27 11:17:36.21;0.00:00:07:270;-1.00;-0.02;-0.01;0.01016;-0.01024;-0.0002349;-0.0001062;-89.34;-0.30;100.82;1.05;100.81;0.01016;0.01024;-8.329E-05;-19.932;-19.896;-99.990;0.00;-155.67;
2025-11-27 11:17:36.27;0.00:00:07:324;-1.00;-0.02;-0.01;0.01014;-0.01022;-0.000228;-0.0001125;-89.36;-0.32;100.81;1.11;100.81;0.01014;0.01022;-8.231E-05;-19.939;-19.904;-99.990;0.00;-153.74;
2025-11-27 11:17:36.31;0.00:00:07:370;-1.00;-0.02;-0.01;0.01017;-0.01029;-0.0002392;-0.0001022;-89.33;-0.28;101.19;1.01;101.18;0.01017;0.01029;-0.000121;-19.926;-19.875;-99.990;0.00;-156.86;
2025-11-27 11:17:36.37;0.00:00:07:427;-1.00;-0.02;-0.01;0.01017;-0.01026;-0.000245;-0.0001126;-89.32;-0.31;100.91;1.11;100.90;0.01017;0.01026;-9.226E-05;-19.928;-19.889;-99.990;0.00;-155.32;
2025-11-27 11:17:36.42;0.00:00:07:477;-1.00;-0.02;-0.01;0.01018;-0.01028;-0.0002525;-0.0001236;-89.30;-0.34;100.97;1.21;100.96;0.01018;0.01028;-9.895E-05;-19.922;-19.880;-99.990;0.00;-153.92;
2025-11-27 11:17:36.48;0.00:00:07:535;-1.00;-0.03;-0.01;0.0102;-0.01029;-0.0002614;-9.369E-05;-89.27;-0.26;100.92;0.92;100.92;0.0102;0.01029;-9.418E-05;-19.915;-19.876;-99.990;0.00;-160.28;
2025-11-27 11:17:36.52;0.00:00:07:581;-1.00;-0.02;-0.01;0.01018;-0.01027;-0.0002404;-0.000117;-89.33;-0.33;100.96;1.15;100.95;0.01018;0.01028;-9.785E-05;-19.922;-19.881;-99.990;0.00;-154.05;
2025-11-27 11:17:36.58;0.00:00:07:632;-1.00;-0.03;-0.01;0.01018;-0.01029;-0.000267;-0.0001239;-89.26;-0.34;101.11;1.22;101.11;0.01018;0.0103;-0.0001135;-19.922;-19.873;-99.990;0.00;-155.11;
2025-11-27 11:17:36.63;0.00:00:07:683;-1.00;-0.03;-0.01;0.01019;-0.01026;-0.0002983;-0.0001184;-89.17;-0.33;100.74;1.16;100.74;0.01019;0.01026;-7.589E-05;-19.919;-19.887;-99.990;0.00;-158.36;
2025-11-27 11:17:36.68;0.00:00:07:735;-1.00;-0.03;-0.01;0.0102;-0.0103;-0.0002766;-0.0001192;-89.23;-0.33;101.03;1.17;101.02;0.0102;0.01031;-0.0001052;-19.912;-19.868;-99.990;0.00;-156.70;
2025-11-27 11:17:36.74;0.00:00:07:796;-1.00;-0.03;-0.01;0.01018;-0.01027;-0.0002742;-0.0001171;-89.23;-0.33;100.85;1.15;100.84;0.01018;0.01027;-8.611E-05;-19.921;-19.884;-99.990;0.00;-156.87;
2025-11-27 11:17:36.79;0.00:00:07:846;-1.00;-0.03;-0.01;0.01018;-0.01026;-0.0002965;-0.0001236;-89.17;-0.34;100.89;1.21;100.88;0.01018;0.01027;-9.069E-05;-19.923;-19.885;-99.990;0.00;-157.37;
2025-11-27 11:17:36.85;0.00:00:07:903;-1.00;-0.02;-0.01;0.01017;-0.01026;-0.0002211;-0.0001161;-89.38;-0.32;100.87;1.14;100.86;0.01017;0.01026;-8.831E-05;-19.926;-19.889;-99.990;0.00;-152.30;
2025-11-27 11:17:36.90;0.00:00:07:952;-1.00;-0.02;-0.01;0.01019;-0.01031;-0.0002556;-0.0001174;-89.29;-0.33;101.15;1.15;101.14;0.01019;0.01031;-0.0001173;-19.916;-19.867;-99.990;0.00;-155.32;
2025-11-27 11:17:36.96;0.00:00:08:013;-1.00;-0.02;-0.01;0.01022;-0.01034;-0.0002564;-0.0001147;-89.29;-0.32;101.12;1.12;101.11;0.01022;0.01034;-0.0001142;-19.904;-19.855;-99.990;0.00;-155.90;
2025-11-27 11:17:37.00;0.00:00:08:060;-1.00;-0.02;-0.01;0.01022;-0.01033;-0.0002261;-0.0001236;-89.37;-0.34;101.08;1.21;101.07;0.01022;0.01033;-0.0001099;-19.904;-19.857;-99.990;0.00;-151.33;
2025-11-27 11:17:37.05;0.00:00:08:107;-1.00;-0.03;-0.01;0.01021;-0.0103;-0.0002714;-0.0001219;-89.25;-0.34;100.93;1.19;100.92;0.01021;0.0103;-9.484E-05;-19.910;-19.870;-99.990;0.00;-155.81;
2025-11-27 11:17:37.10;0.00:00:08:157;-1.00;-0.03;-0.01;0.01018;-0.01027;-0.0002782;-0.0001191;-89.22;-0.33;100.86;1.17;100.86;0.01018;0.01027;-8.807E-05;-19.922;-19.884;-99.990;0.00;-156.83;
2025-11-27 11:17:37.15;0.00:00:08:203;-1.00;-0.02;-0.01;0.01017;-0.01025;-0.000242;-0.0001116;-89.32;-0.31;100.81;1.10;100.80;0.01017;0.01025;-8.185E-05;-19.928;-19.893;-99.990;0.00;-155.24;
2025-11-27 11:17:37.19;0.00:00:08:250;-1.00;-0.03;-0.01;0.01019;-0.01031;-0.0002812;-0.000143;-89.22;-0.40;101.17;1.40;101.16;0.01019;0.01031;-0.0001192;-19.916;-19.866;-99.990;0.00;-153.05;
2025-11-27 11:17:37.24;0.00:00:08:296;-1.00;-0.02;-0.01;0.01018;-0.01028;-0.0002538;-0.0001197;-89.29;-0.33;101.03;1.18;101.03;0.01018;0.01028;-0.0001051;-19.923;-19.878;-99.990;0.00;-154.76;
2025-11-27 11:17:37.29;0.00:00:08:343;-1.00;-0.02;-0.01;0.01018;-0.01029;-0.0002538;-0.0001257;-89.29;-0.35;101.05;1.23;101.05;0.01018;0.01029;-0.0001074;-19.921;-19.876;-99.990;0.00;-153.65;
2025-11-27 11:17:37.33;0.00:00:08:391;-1.00;-0.03;-0.01;0.01019;-0.0103;-0.0002617;-9.831E-05;-89.27;-0.27;101.09;0.96;101.09;0.01019;0.0103;-0.0001111;-19.919;-19.872;-99.990;0.00;-159.41;
2025-11-27 11:17:37.38;0.00:00:08:438;-1.00;-0.03;-0.01;0.01017;-0.01027;-0.0002856;-0.0001096;-89.20;-0.31;101.11;1.08;101.11;0.01017;0.01028;-0.000113;-19.929;-19.881;-99.990;0.00;-159.00;
2025-11-27 11:17:37.43;0.00:00:08:484;-1.00;-0.02;-0.01;0.01016;-0.01027;-0.0002504;-0.0001227;-89.30;-0.34;101.10;1.21;101.09;0.01016;0.01027;-0.0001115;-19.932;-19.884;-99.990;0.00;-153.89;
2025-11-27 11:17:37.47;0.00:00:08:531;-1.00;-0.02;-0.01;0.0102;-0.01031;-0.0002339;-0.0001092;-89.35;-0.30;101.17;1.07;101.16;0.0102;0.01032;-0.0001189;-19.915;-19.865;-99.990;0.00;-154.97;
2025-11-27 11:17:37.52;0.00:00:08:577;-1.00;-0.02;-0.01;0.01016;-0.01025;-0.0002458;-0.000104;-89.31;-0.29;100.89;1.02;100.88;0.01016;0.01025;-9.008E-05;-19.931;-19.892;-99.990;0.00;-157.06;
2025-11-27 11:17:37.57;0.00:00:08:624;-1.00;-0.02;-0.01;0.01017;-0.01026;-0.00025;-0.0001271;-89.30;-0.35;100.86;1.25;100.85;0.01017;0.01026;-8.754E-05;-19.925;-19.888;-99.990;0.00;-153.04;
2025-11-27 11:17:37.62;0.00:00:08:671;-1.00;-0.03;-0.01;0.01016;-0.01026;-0.0002741;-9.423E-05;-89.23;-0.26;101.04;0.93;101.04;0.01016;0.01026;-0.0001057;-19.932;-19.887;-99.990;0.00;-161.03;
2025-11-27 11:17:37.66;0.00:00:08:718;-1.00;-0.02;-0.01;0.01016;-0.01025;-0.0002492;-0.000115;-89.30;-0.32;100.85;1.13;100.84;0.01016;0.01025;-8.589E-05;-19.930;-19.893;-99.990;0.00;-155.24;
2025-11-27 11:17:37.71;0.00:00:08:766;-1.00;-0.02;-0.01;0.01017;-0.01025;-0.0002534;-0.0001182;-89.29;-0.33;100.87;1.16;100.86;0.01017;0.01026;-8.851E-05;-19.928;-19.890;-99.990;0.00;-154.99;
2025-11-27 11:17:37.76;0.00:00:08:813;-1.00;-0.03;-0.01;0.01019;-0.01028;-0.000264;-0.0001469;-89.26;-0.41;100.92;1.44;100.91;0.01019;0.01029;-9.404E-05;-19.918;-19.878;-99.990;0.00;-150.92;
2025-11-27 11:17:37.80;0.00:00:08:860;-1.00;-0.03;-0.01;0.01018;-0.01027;-0.0002732;-0.0001144;-89.24;-0.32;100.93;1.12;100.92;0.01018;0.01027;-9.464E-05;-19.923;-19.882;-99.990;0.00;-157.29;
2025-11-27 11:17:37.85;0.00:00:08:908;-1.00;-0.02;-0.01;0.01018;-0.01027;-0.0002392;-0.0001451;-89.33;-0.40;100.93;1.43;100.92;0.01018;0.01027;-9.466E-05;-19.924;-19.883;-99.990;0.00;-148.75;
2025-11-27 11:17:37.90;0.00:00:08:955;-1.00;-0.02;-0.01;0.01019;-0.0103;-0.0002441;-0.0001243;-89.32;-0.35;101.09;1.22;101.08;0.01019;0.0103;-0.0001108;-19.917;-19.870;-99.990;0.00;-153.02;
2025-11-27 11:17:37.95;0.00:00:09:001;-1.00;-0.02;-0.01;0.01018;-0.01028;-0.0002106;-0.0001251;-89.41;-0.35;101.02;1.23;101.02;0.01018;0.01029;-0.0001043;-19.922;-19.878;-99.990;0.00;-149.30;
2025-11-27 11:17:37.99;0.00:00:09:048;-1.00;-0.02;-0.01;0.01018;-0.01027;-0.0002433;-0.0001162;-89.32;-0.32;100.91;1.14;100.90;0.01018;0.01027;-9.265E-05;-19.922;-19.883;-99.990;0.00;-154.48;
2025-11-27 11:17:38.04;0.00:00:09:095;-1.00;-0.03;-0.01;0.01018;-0.01027;-0.0002849;-0.0001178;-89.21;-0.33;100.95;1.16;100.94;0.01018;0.01028;-9.626E-05;-19.923;-19.882;-99.990;0.00;-157.54;
2025-11-27 11:17:38.09;0.00:00:09:141;-1.00;-0.03;-0.01;0.01021;-0.0103;-0.0002639;-0.0001156;-89.27;-0.32;100.87;1.13;100.86;0.01021;0.0103;-8.88E-05;-19.908;-19.870;-99.990;0.00;-156.35;
2025-11-27 11:17:38.13;0.00:00:09:188;-1.00;-0.02;-0.01;0.01018;-0.01027;-0.0002442;-9.885E-05;-89.32;-0.28;100.92;0.97;100.92;0.01018;0.01027;-9.379E-05;-19.925;-19.885;-99.990;0.00;-157.96;
2025-11-27 11:17:38.18;0.00:00:09:235;-1.00;-0.03;-0.01;0.01018;-0.01028;-0.0002865;-0.0001081;-89.20;-0.30;101.03;1.06;101.02;0.01018;0.01029;-0.0001049;-19.922;-19.877;-99.990;0.00;-159.33;
2025-11-27 11:17:38.23;0.00:00:09:282;-1.00;-0.02;-0.01;0.0102;-0.01029;-0.0002501;-0.0001137;-89.30;-0.32;100.91;1.12;100.90;0.0102;0.01029;-9.235E-05;-19.915;-19.876;-99.990;0.00;-155.55;
2025-11-27 11:17:38.27;0.00:00:09:328;-1.00;-0.03;-0.01;0.01017;-0.01027;-0.0002733;-0.0001234;-89.24;-0.34;100.98;1.21;100.97;0.01017;0.01027;-9.971E-05;-19.927;-19.884;-99.990;0.00;-155.70;
2025-11-27 11:17:38.32;0.00:00:09:375;-1.00;-0.02;-0.01;0.0102;-0.01031;-0.0002532;-0.0001252;-89.30;-0.35;101.10;1.23;101.09;0.0102;0.01031;-0.0001123;-19.915;-19.867;-99.990;0.00;-153.70;
2025-11-27 11:17:38.37;0.00:00:09:422;-1.00;-0.02;-0.01;0.01019;-0.01028;-0.0002363;-0.0001289;-89.34;-0.36;100.90;1.27;100.89;0.01019;0.01028;-9.2E-05;-19.918;-19.879;-99.990;0.00;-151.38;
2025-11-27 11:17:38.41;0.00:00:09:469;-1.00;-0.03;-0.01;0.01022;-0.01033;-0.0002652;-0.000134;-89.26;-0.37;101.12;1.31;101.11;0.01022;0.01033;-0.0001147;-19.907;-19.859;-99.990;0.00;-153.18;
2025-11-27 11:17:38.46;0.00:00:09:514;-1.00;-0.02;-0.01;0.01019;-0.0103;-0.0002372;-0.000113;-89.34;-0.31;101.10;1.11;101.10;0.01019;0.0103;-0.0001124;-19.920;-19.872;-99.990;0.00;-154.53;
2025-11-27 11:17:38.51;0.00:00:09:562;-1.00;-0.03;-0.01;0.0102;-0.0103;-0.0002763;-0.0001076;-89.23;-0.30;101.02;1.05;101.02;0.0102;0.01031;-0.0001043;-19.913;-19.869;-99.990;0.00;-158.73;
2025-11-27 11:17:38.55;0.00:00:09:609;-1.00;-0.03;-0.01;0.01017;-0.01025;-0.0002767;-0.0001189;-89.23;-0.33;100.80;1.17;100.80;0.01017;0.01025;-8.169E-05;-19.926;-19.892;-99.990;0.00;-156.75;
2025-11-27 11:17:38.60;0.00:00:09:656;-1.00;-0.03;-0.01;0.01019;-0.01029;-0.0002909;-0.0001062;-89.19;-0.30;101.01;1.04;101.01;0.01019;0.0103;-0.0001032;-19.916;-19.873;-99.990;0.00;-159.94;
2025-11-27 11:17:38.65;0.00:00:09:702;-1.00;-0.02;-0.01;0.01019;-0.01029;-0.0002473;-0.0001149;-89.31;-0.32;101.00;1.13;100.99;0.01019;0.01029;-0.0001018;-19.917;-19.874;-99.990;0.00;-155.08;
2025-11-27 11:17:38.69;0.00:00:09:750;-1.00;-0.03;-0.01;0.01019;-0.01027;-0.0002887;-0.0001287;-89.19;-0.36;100.83;1.26;100.82;0.01019;0.01027;-8.433E-05;-19.918;-19.882;-99.990;0.00;-155.98;
2025-11-27 11:17:38.74;0.00:00:09:796;-1.00;-0.03;-0.01;0.0102;-0.01028;-0.0002826;-0.000132;-89.21;-0.37;100.84;1.29;100.83;0.0102;0.01028;-8.59E-05;-19.915;-19.878;-99.990;0.00;-154.96;
2025-11-27 11:17:38.79;0.00:00:09:843;-1.00;-0.03;-0.01;0.01017;-0.01026;-0.0002865;-0.000122;-89.20;-0.34;100.96;1.20;100.96;0.01017;0.01027;-9.804E-05;-19.927;-19.885;-99.990;0.00;-156.94;
2025-11-27 11:17:38.83;0.00:00:09:890;-1.00;-0.03;-0.01;0.01019;-0.01027;-0.0003;-0.0001124;-89.16;-0.31;100.90;1.10;100.89;0.01019;0.01028;-9.123E-05;-19.920;-19.882;-99.990;0.00;-159.45;
2025-11-27 11:17:38.88;0.00:00:09:937;-1.00;-0.03;-0.01;0.01017;-0.01027;-0.0002593;-0.000107;-89.28;-0.30;101.01;1.05;101.01;0.01017;0.01027;-0.0001028;-19.928;-19.884;-99.990;0.00;-157.59;
2025-11-27 11:17:38.93;0.00:00:09:984;-1.00;-0.02;-0.01;0.01018;-0.01026;-0.0002393;-0.0001004;-89.33;-0.28;100.84;0.99;100.83;0.01018;0.01027;-8.513E-05;-19.922;-19.886;-99.990;0.00;-157.25;
2025-11-27 11:17:38.97;0.00:00:10:030;-1.00;-0.03;-0.01;0.0102;-0.0103;-0.0002683;-0.0001109;-89.25;-0.31;100.96;1.09;100.96;0.0102;0.0103;-9.838E-05;-19.912;-19.870;-99.990;0.00;-157.55;
2025-11-27 11:17:39.02;0.00:00:10:078;-1.00;-0.02;-0.01;0.01016;-0.01025;-0.0002318;-0.0001108;-89.35;-0.31;100.94;1.09;100.93;0.01016;0.01025;-9.557E-05;-19.932;-19.891;-99.990;0.00;-154.46;
2025-11-27 11:17:39.07;0.00:00:10:124;-1.00;-0.03;-0.01;0.01017;-0.01027;-0.0002631;-0.0001271;-89.27;-0.35;101.04;1.25;101.03;0.01017;0.01028;-0.0001057;-19.926;-19.881;-99.990;0.00;-154.21;
2025-11-27 11:17:39.12;0.00:00:10:172;-1.00;-0.02;-0.01;0.01017;-0.01024;-0.0002504;-0.0001086;-89.30;-0.30;100.78;1.07;100.78;0.01017;0.01025;-7.949E-05;-19.928;-19.894;-99.990;0.00;-156.55;
2025-11-27 11:17:39.16;0.00:00:10:219;-1.00;-0.03;-0.01;0.01015;-0.01024;-0.0002703;-0.0001089;-89.24;-0.30;100.94;1.07;100.93;0.01015;0.01024;-9.51E-05;-19.937;-19.896;-99.990;0.00;-158.05;
2025-11-27 11:17:39.21;0.00:00:10:265;-1.00;-0.03;-0.01;0.01017;-0.01027;-0.0002712;-0.000124;-89.24;-0.35;101.04;1.22;101.03;0.01017;0.01027;-0.0001056;-19.928;-19.883;-99.990;0.00;-155.42;
2025-11-27 11:17:39.26;0.00:00:10:312;-1.00;-0.03;-0.01;0.01016;-0.01024;-0.0002779;-0.000127;-89.22;-0.36;100.84;1.25;100.83;0.01016;0.01025;-8.51E-05;-19.930;-19.893;-99.990;0.00;-155.43;
2025-11-27 11:17:39.30;0.00:00:10:359;-1.00;-0.02;-0.01;0.01019;-0.0103;-0.0002478;-0.0001188;-89.31;-0.33;101.06;1.17;101.05;0.01019;0.0103;-0.0001081;-19.918;-19.872;-99.990;0.00;-154.39;
2025-11-27 11:17:39.35;0.00:00:10:406;-1.00;-0.02;-0.01;0.01019;-0.01028;-0.0002567;-0.0001184;-89.28;-0.33;100.92;1.16;100.91;0.01019;0.01028;-9.391E-05;-19.918;-19.879;-99.990;0.00;-155.23;
2025-11-27 11:17:39.40;0.00:00:10:453;-1.00;-0.02;-0.01;0.01016;-0.01025;-0.0002185;-0.0001219;-89.39;-0.34;100.95;1.20;100.94;0.01016;0.01025;-9.654E-05;-19.932;-19.891;-99.990;0.00;-150.84;
2025-11-27 11:17:39.44;0.00:00:10:499;-1.00;-0.02;-0.01;0.01017;-0.01026;-0.0002282;-0.0001142;-89.36;-0.32;100.98;1.12;100.98;0.01017;0.01027;-9.999E-05;-19.928;-19.886;-99.990;0.00;-153.42;
2025-11-27 11:17:39.49;0.00:00:10:547;-1.00;-0.02;-0.01;0.01016;-0.01025;-0.0002537;-0.0001232;-89.29;-0.34;100.91;1.21;100.91;0.01016;0.01025;-9.272E-05;-19.931;-19.892;-99.990;0.00;-154.10;
2025-11-27 11:17:39.54;0.00:00:10:597;-1.00;-0.03;-0.01;0.01017;-0.01029;-0.0002662;-0.0001136;-89.26;-0.32;101.19;1.12;101.18;0.01017;0.01029;-0.0001208;-19.926;-19.875;-99.990;0.00;-156.90;
2025-11-27 11:17:39.60;0.00:00:10:656;-1.00;-0.02;-0.01;0.01017;-0.01026;-0.000213;-0.0001161;-89.41;-0.32;100.91;1.14;100.90;0.01017;0.01026;-9.247E-05;-19.929;-19.889;-99.990;0.00;-151.40;
2025-11-27 11:17:39.65;0.00:00:10:703;-1.00;-0.03;-0.01;0.01017;-0.01027;-0.0002772;-0.0001246;-89.23;-0.35;100.95;1.22;100.94;0.01017;0.01027;-9.664E-05;-19.925;-19.884;-99.990;0.00;-155.80;
2025-11-27 11:17:39.69;0.00:00:10:749;-1.00;-0.02;-0.01;0.01014;-0.01024;-0.0002434;-0.0001227;-89.32;-0.34;101.02;1.21;101.02;0.01014;0.01024;-0.0001039;-19.940;-19.895;-99.990;0.00;-153.24;
2025-11-27 11:17:39.74;0.00:00:10:796;-1.00;-0.03;-0.01;0.01017;-0.01026;-0.0002691;-0.0001173;-89.25;-0.33;100.92;1.15;100.91;0.01017;0.01027;-9.333E-05;-19.925;-19.886;-99.990;0.00;-156.45;
2025-11-27 11:17:39.79;0.00:00:10:843;-1.00;-0.03;-0.01;0.01017;-0.01029;-0.0002782;-0.0001355;-89.23;-0.38;101.22;1.33;101.21;0.01017;0.01029;-0.0001241;-19.928;-19.875;-99.990;0.00;-154.03;
2025-11-27 11:17:39.83;0.00:00:10:889;-1.00;-0.02;-0.01;0.01017;-0.01024;-0.0002372;-0.0001334;-89.34;-0.37;100.76;1.31;100.76;0.01017;0.01024;-7.777E-05;-19.929;-19.895;-99.990;0.00;-150.66;
2025-11-27 11:17:39.88;0.00:00:10:935;-1.00;-0.02;-0.01;0.01017;-0.01026;-0.0002482;-0.0001262;-89.31;-0.35;100.98;1.24;100.97;0.01017;0.01027;-9.916E-05;-19.928;-19.886;-99.990;0.00;-153.05;
2025-11-27 11:17:39.93;0.00:00:10:982;-1.00;-0.03;-0.01;0.01016;-0.01026;-0.0002816;-0.0001341;-89.21;-0.37;100.98;1.32;100.98;0.01016;0.01026;-0.0001001;-19.929;-19.887;-99.990;0.00;-154.53;
2025-11-27 11:17:39.97;0.00:00:11:029;-1.00;-0.03;-0.01;0.0102;-0.0103;-0.0002768;-0.0001336;-89.23;-0.37;101.02;1.31;101.01;0.0102;0.0103;-0.0001043;-19.914;-19.870;-99.990;0.00;-154.24;
2025-11-27 11:17:40.02;0.00:00:11:075;-1.00;-0.03;-0.01;0.01017;-0.01028;-0.0002599;-0.0001279;-89.28;-0.36;101.04;1.26;101.03;0.01017;0.01028;-0.0001055;-19.925;-19.880;-99.990;0.00;-153.79;
2025-11-27 11:17:40.07;0.00:00:11:122;-1.00;-0.02;-0.01;0.01017;-0.01027;-0.0002026;-0.0001093;-89.43;-0.30;100.97;1.07;100.96;0.01017;0.01027;-9.859E-05;-19.926;-19.884;-99.990;0.00;-151.66;
2025-11-27 11:17:40.11;0.00:00:11:169;-1.00;-0.03;-0.01;0.01015;-0.01025;-0.0002758;-0.0001108;-89.23;-0.31;101.02;1.09;101.02;0.01015;0.01025;-0.0001036;-19.937;-19.893;-99.990;0.00;-158.11;
2025-11-27 11:17:40.16;0.00:00:11:216;-1.00;-0.03;-0.01;0.01017;-0.01027;-0.0002798;-0.0001073;-89.22;-0.30;100.98;1.06;100.98;0.01017;0.01027;-9.99E-05;-19.925;-19.883;-99.990;0.00;-159.01;
2025-11-27 11:17:40.21;0.00:00:11:263;-1.00;-0.03;-0.01;0.01019;-0.01028;-0.0002757;-0.0001137;-89.23;-0.32;100.91;1.12;100.91;0.01019;0.01028;-9.313E-05;-19.918;-19.878;-99.990;0.00;-157.59;
2025-11-27 11:17:40.25;0.00:00:11:311;-1.00;-0.03;-0.01;0.01019;-0.0103;-0.0002599;-0.0001377;-89.28;-0.38;101.09;1.35;101.08;0.01019;0.01031;-0.0001112;-19.917;-19.869;-99.990;0.00;-152.08;
2025-11-27 11:17:40.30;0.00:00:11:358;-1.00;-0.03;-0.01;0.01018;-0.01026;-0.0002727;-0.000123;-89.24;-0.34;100.87;1.21;100.86;0.01018;0.01027;-8.837E-05;-19.923;-19.886;-99.990;0.00;-155.72;
2025-11-27 11:17:40.35;0.00:00:11:405;-1.00;-0.02;-0.01;0.01019;-0.0103;-0.0002571;-0.0001388;-89.28;-0.39;101.08;1.36;101.07;0.01019;0.0103;-0.0001101;-19.916;-19.870;-99.990;0.00;-151.64;
2025-11-27 11:17:40.40;0.00:00:11:452;-1.00;-0.03;-0.01;0.01017;-0.01026;-0.0002577;-0.0001118;-89.28;-0.31;100.88;1.10;100.87;0.01017;0.01026;-8.918E-05;-19.926;-19.888;-99.990;0.00;-156.55;
2025-11-27 11:17:40.44;0.00:00:11:500;-1.00;-0.02;-0.01;0.01016;-0.01027;-0.0002266;-0.000124;-89.37;-0.35;101.14;1.22;101.14;0.01016;0.01028;-0.0001163;-19.931;-19.882;-99.990;0.00;-151.32;
2025-11-27 11:17:40.49;0.00:00:11:545;-1.00;-0.03;-0.01;0.01017;-0.01027;-0.0002592;-0.0001249;-89.28;-0.35;101.02;1.23;101.02;0.01017;0.01027;-0.000104;-19.928;-19.883;-99.990;0.00;-154.27;
2025-11-27 11:17:40.54;0.00:00:11:592;-1.00;-0.02;-0.01;0.01016;-0.01027;-0.0002192;-0.0001235;-89.39;-0.34;101.12;1.22;101.12;0.01016;0.01028;-0.0001141;-19.930;-19.882;-99.990;0.00;-150.61;
2025-11-27 11:17:40.59;0.00:00:11:643;-1.00;-0.02;-0.01;0.01017;-0.01028;-0.0002337;-9.865E-05;-89.35;-0.27;101.09;0.97;101.09;0.01017;0.01028;-0.000111;-19.927;-19.880;-99.990;0.00;-157.11;
2025-11-27 11:17:40.64;0.00:00:11:701;-1.00;-0.02;-0.01;0.01018;-0.01027;-0.0002307;-0.0001209;-89.36;-0.34;100.95;1.19;100.95;0.01018;0.01028;-9.695E-05;-19.923;-19.882;-99.990;0.00;-152.34;
2025-11-27 11:17:40.69;0.00:00:11:747;-1.00;-0.02;-0.01;0.01016;-0.01026;-0.0002447;-0.0001112;-89.32;-0.31;100.97;1.09;100.96;0.01016;0.01026;-9.862E-05;-19.929;-19.887;-99.990;0.00;-155.56;
2025-11-27 11:17:40.74;0.00:00:11:794;-1.00;-0.03;-0.01;0.01019;-0.01027;-0.0002582;-0.0001214;-89.28;-0.34;100.74;1.19;100.73;0.01019;0.01027;-7.528E-05;-19.917;-19.885;-99.990;0.00;-154.81;
2025-11-27 11:17:40.79;0.00:00:11:841;-1.00;-0.03;-0.01;0.01018;-0.01025;-0.0002886;-0.0001236;-89.19;-0.35;100.78;1.21;100.77;0.01018;0.01026;-7.906E-05;-19.924;-19.890;-99.990;0.00;-156.82;
2025-11-27 11:17:40.84;0.00:00:11:892;-1.00;-0.02;-0.01;0.0102;-0.0103;-0.0002525;-0.0001174;-89.30;-0.33;101.06;1.15;101.05;0.0102;0.01031;-0.0001077;-19.914;-19.868;-99.990;0.00;-155.07;
2025-11-27 11:17:40.89;0.00:00:11:942;-1.00;-0.02;-0.01;0.0102;-0.01028;-0.0002556;-0.0001287;-89.29;-0.36;100.82;1.26;100.81;0.0102;0.01028;-8.339E-05;-19.915;-19.880;-99.990;0.00;-153.28;
2025-11-27 11:17:40.94;0.00:00:11:993;-1.00;-0.02;-0.01;0.01017;-0.01028;-0.0002399;-0.0001031;-89.33;-0.29;101.10;1.01;101.09;0.01017;0.01028;-0.0001114;-19.926;-19.879;-99.990;0.00;-156.75;
2025-11-27 11:17:40.99;0.00:00:12:042;-1.00;-0.02;-0.01;0.01019;-0.01029;-0.000249;-0.0001219;-89.31;-0.34;101.08;1.20;101.08;0.01019;0.0103;-0.0001103;-19.920;-19.873;-99.990;0.00;-153.92;
2025-11-27 11:17:41.04;0.00:00:12:095;-1.00;-0.03;-0.01;0.01022;-0.01032;-0.0002635;-0.0001471;-89.27;-0.41;101.01;1.44;101.00;0.01022;0.01032;-0.0001029;-19.905;-19.861;-99.990;0.00;-150.83;
2025-11-27 11:17:41.09;0.00:00:12:146;-1.00;-0.03;-0.01;0.01019;-0.01027;-0.0002646;-0.0001301;-89.26;-0.36;100.88;1.28;100.87;0.01019;0.01028;-8.946E-05;-19.920;-19.882;-99.990;0.00;-153.81;
2025-11-27 11:17:41.14;0.00:00:12:196;-1.00;-0.02;-0.01;0.01019;-0.0103;-0.000237;-0.0001126;-89.34;-0.31;101.16;1.11;101.15;0.01019;0.01031;-0.000118;-19.919;-19.869;-99.990;0.00;-154.59;
2025-11-27 11:17:41.19;0.00:00:12:248;-1.00;-0.03;-0.01;0.01013;-0.01022;-0.0002605;-0.0001222;-89.27;-0.34;100.92;1.21;100.91;0.01013;0.01022;-9.338E-05;-19.946;-19.906;-99.990;0.00;-154.86;
2025-11-27 11:17:41.24;0.00:00:12:298;-1.00;-0.03;-0.01;0.01015;-0.01026;-0.0002826;-0.0001213;-89.21;-0.34;101.05;1.19;101.05;0.01015;0.01026;-0.0001069;-19.934;-19.888;-99.990;0.00;-156.77;
2025-11-27 11:17:41.29;0.00:00:12:350;-1.00;-0.03;-0.01;0.01013;-0.01022;-0.0002698;-0.0001081;-89.24;-0.30;100.88;1.07;100.88;0.01013;0.01022;-8.949E-05;-19.943;-19.905;-99.990;0.00;-158.17;
2025-11-27 11:17:41.34;0.00:00:12:401;-1.00;-0.03;-0.01;0.01015;-0.01026;-0.0002978;-0.0001166;-89.17;-0.33;101.17;1.15;101.16;0.01015;0.01026;-0.0001189;-19.937;-19.887;-99.990;0.00;-158.62;
2025-11-27 11:17:41.40;0.00:00:12:452;-1.00;-0.02;-0.01;0.01013;-0.01021;-0.0002272;-0.00012;-89.36;-0.34;100.88;1.18;100.87;0.01013;0.01022;-8.9E-05;-19.945;-19.907;-99.990;0.00;-152.17;
2025-11-27 11:17:41.45;0.00:00:12:503;-1.00;-0.03;-0.01;0.01013;-0.01023;-0.0002571;-0.0001164;-89.28;-0.33;100.95;1.15;100.95;0.01013;0.01023;-9.663E-05;-19.943;-19.902;-99.990;0.00;-155.64;
2025-11-27 11:17:41.50;0.00:00:12:555;-1.00;-0.02;-0.01;0.01015;-0.01025;-0.0002508;-0.0001081;-89.30;-0.30;101.06;1.07;101.05;0.01015;0.01026;-0.0001074;-19.936;-19.891;-99.990;0.00;-156.68;
2025-11-27 11:17:41.57;0.00:00:12:627;-1.00;-0.03;-0.01;0.01015;-0.01025;-0.0002725;-0.0001334;-89.24;-0.37;101.05;1.31;101.04;0.01015;0.01026;-0.0001064;-19.936;-19.890;-99.990;0.00;-153.91;
2025-11-27 11:17:41.62;0.00:00:12:678;-1.00;-0.03;-0.01;0.01013;-0.01022;-0.0002697;-0.0001205;-89.24;-0.34;100.92;1.19;100.91;0.01013;0.01022;-9.317E-05;-19.944;-19.904;-99.990;0.00;-155.92;
2025-11-27 11:17:41.68;0.00:00:12:740;-1.00;-0.03;-0.01;0.01015;-0.01024;-0.0002641;-0.0001295;-89.26;-0.36;100.87;1.28;100.86;0.01015;0.01024;-8.811E-05;-19.934;-19.897;-99.990;0.00;-153.87;
2025-11-27 11:17:41.74;0.00:00:12:791;-1.00;-0.02;-0.01;0.01017;-0.01028;-0.0002334;-0.0001051;-89.35;-0.29;101.14;1.03;101.13;0.01017;0.01028;-0.0001159;-19.928;-19.879;-99.990;0.00;-155.76;
2025-11-27 11:17:41.79;0.00:00:12:843;-1.00;-0.03;-0.01;0.01017;-0.01026;-0.0002585;-0.0001114;-89.28;-0.31;100.96;1.10;100.95;0.01017;0.01026;-9.714E-05;-19.928;-19.887;-99.990;0.00;-156.68;
2025-11-27 11:17:41.83;0.00:00:12:883;-1.00;-0.03;-0.01;0.01016;-0.01026;-0.0002841;-0.0001268;-89.21;-0.35;101.01;1.25;101.00;0.01016;0.01026;-0.0001027;-19.932;-19.888;-99.990;0.00;-155.94;
2025-11-27 11:17:41.89;0.00:00:12:945;-1.00;-0.03;-0.01;0.01016;-0.01024;-0.0002661;-0.0001178;-89.26;-0.33;100.81;1.16;100.80;0.01016;0.01024;-8.2E-05;-19.930;-19.896;-99.990;0.00;-156.11;
2025-11-27 11:17:41.94;0.00:00:12:995;-1.00;-0.03;-0.01;0.01015;-0.01024;-0.0002571;-0.0001158;-89.28;-0.32;100.88;1.14;100.87;0.01015;0.01024;-8.923E-05;-19.934;-19.896;-99.990;0.00;-155.75;
2025-11-27 11:17:41.99;0.00:00:13:043;-1.00;-0.02;-0.01;0.01017;-0.01029;-0.0002533;-0.0001306;-89.29;-0.36;101.13;1.28;101.12;0.01017;0.01029;-0.0001149;-19.925;-19.876;-99.990;0.00;-152.73;
2025-11-27 11:17:42.04;0.00:00:13:100;-1.00;-0.02;-0.01;0.01015;-0.01023;-0.0002556;-0.0001367;-89.28;-0.38;100.88;1.35;100.87;0.01015;0.01024;-8.908E-05;-19.936;-19.898;-99.990;0.00;-151.85;
2025-11-27 11:17:42.09;0.00:00:13:149;-1.00;-0.03;-0.01;0.01016;-0.01026;-0.00026;-0.0001422;-89.27;-0.40;101.01;1.40;101.00;0.01016;0.01026;-0.0001024;-19.930;-19.887;-99.990;0.00;-151.32;
2025-11-27 11:17:42.14;0.00:00:13:199;-1.00;-0.02;-0.01;0.01015;-0.01023;-0.0002253;-0.0001274;-89.37;-0.36;100.83;1.26;100.82;0.01015;0.01023;-8.41E-05;-19.936;-19.900;-99.990;0.00;-150.51;
2025-11-27 11:17:42.20;0.00:00:13:260;-1.00;-0.03;-0.01;0.01017;-0.01027;-0.0002782;-0.0001068;-89.22;-0.30;101.05;1.05;101.04;0.01017;0.01027;-0.0001067;-19.928;-19.883;-99.990;0.00;-158.99;
2025-11-27 11:17:42.25;0.00:00:13:310;-1.00;-0.03;-0.01;0.01016;-0.01025;-0.0002723;-0.0001199;-89.24;-0.33;100.93;1.18;100.92;0.01016;0.01025;-9.399E-05;-19.931;-19.891;-99.990;0.00;-156.24;
2025-11-27 11:17:42.31;0.00:00:13:368;-1.00;-0.02;-0.01;0.01017;-0.01024;-0.0002243;-9.036E-05;-89.37;-0.25;100.71;0.89;100.71;0.01017;0.01024;-7.247E-05;-19.928;-19.897;-99.990;0.00;-158.06;
2025-11-27 11:17:42.37;0.00:00:13:423;-1.00;-0.03;-0.01;0.01018;-0.01027;-0.0002615;-0.0001368;-89.27;-0.38;100.97;1.34;100.96;0.01018;0.01027;-9.863E-05;-19.925;-19.883;-99.990;0.00;-152.39;
2025-11-27 11:17:42.42;0.00:00:13:474;-1.00;-0.02;-0.01;0.01019;-0.0103;-0.0002328;-0.0001064;-89.35;-0.30;101.05;1.04;101.05;0.01019;0.0103;-0.0001075;-19.916;-19.871;-99.990;0.00;-155.43;
2025-11-27 11:17:42.48;0.00:00:13:535;-1.00;-0.02;-0.01;0.01018;-0.0103;-0.0002346;-0.0001412;-89.35;-0.39;101.22;1.39;101.21;0.01018;0.01031;-0.0001246;-19.922;-19.869;-99.990;0.00;-148.96;
2025-11-27 11:17:42.53;0.00:00:13:583;-1.00;-0.03;-0.01;0.01017;-0.01026;-0.0002861;-0.0001143;-89.20;-0.32;100.96;1.12;100.95;0.01017;0.01027;-9.768E-05;-19.927;-19.885;-99.990;0.00;-158.22;
2025-11-27 11:17:42.59;0.00:00:13:643;-1.00;-0.02;-0.01;0.01017;-0.01027;-0.000225;-0.0001113;-89.37;-0.31;101.08;1.09;101.07;0.01017;0.01027;-0.0001094;-19.929;-19.882;-99.990;0.00;-153.68;
2025-11-27 11:17:42.65;0.00:00:13:708;-1.00;-0.02;-0.01;0.01018;-0.01029;-0.0002193;-9.979E-05;-89.39;-0.28;101.10;0.98;101.09;0.01018;0.01029;-0.0001117;-19.924;-19.877;-99.990;0.00;-155.54;
2025-11-27 11:17:42.70;0.00:00:13:759;-1.00;-0.03;-0.01;0.01015;-0.01023;-0.0002628;-0.0001023;-89.26;-0.29;100.89;1.01;100.89;0.01015;0.01024;-9.045E-05;-19.937;-19.898;-99.990;0.00;-158.73;
2025-11-27 11:17:42.75;0.00:00:13:809;-1.00;-0.03;-0.01;0.01015;-0.01024;-0.0002616;-0.0001148;-89.27;-0.32;100.95;1.13;100.95;0.01015;0.01025;-9.672E-05;-19.936;-19.894;-99.990;0.00;-156.31;
2025-11-27 11:17:42.82;0.00:00:13:871;-1.00;-0.02;-0.01;0.01016;-0.01023;-0.0002332;-0.0001178;-89.35;-0.33;100.77;1.16;100.76;0.01016;0.01023;-7.779E-05;-19.933;-19.899;-99.990;0.00;-153.20;
2025-11-27 11:17:42.87;0.00:00:13:923;-1.00;-0.02;-0.01;0.01016;-0.01026;-0.0002435;-0.0001292;-89.32;-0.36;100.99;1.27;100.98;0.01016;0.01027;-0.0001008;-19.929;-19.886;-99.990;0.00;-152.05;
2025-11-27 11:17:42.93;0.00:00:13:984;-1.00;-0.02;-0.01;0.01018;-0.01028;-0.0002396;-0.0001164;-89.33;-0.32;100.93;1.14;100.93;0.01018;0.01028;-9.496E-05;-19.921;-19.880;-99.990;0.00;-154.08;
2025-11-27 11:17:42.99;0.00:00:14:046;-1.00;-0.03;-0.01;0.01021;-0.01031;-0.0002757;-0.0001078;-89.23;-0.30;100.98;1.06;100.98;0.01021;0.01031;-0.0001002;-19.910;-19.867;-99.990;0.00;-158.65;
2025-11-27 11:17:43.04;0.00:00:14:097;-1.00;-0.02;-0.01;0.01018;-0.01027;-0.0002233;-0.0001033;-89.38;-0.29;100.88;1.01;100.88;0.01018;0.01027;-8.997E-05;-19.922;-19.884;-99.990;0.00;-155.17;
2025-11-27 11:17:43.09;0.00:00:14:148;-1.00;-0.02;-0.01;0.01018;-0.01028;-0.0002512;-0.0001145;-89.30;-0.32;101.03;1.13;101.02;0.01018;0.01028;-0.0001044;-19.924;-19.880;-99.990;0.00;-155.50;
2025-11-27 11:17:43.14;0.00:00:14:199;-1.00;-0.02;-0.01;0.01019;-0.01029;-0.0002513;-0.0001186;-89.30;-0.33;100.98;1.16;100.98;0.01019;0.01029;-0.0001003;-19.919;-19.876;-99.990;0.00;-154.72;
2025-11-27 11:17:43.19;0.00:00:14:251;-1.00;-0.02;-0.01;0.01018;-0.01027;-0.0002476;-0.0001098;-89.31;-0.31;100.93;1.08;100.93;0.01018;0.01027;-9.488E-05;-19.924;-19.884;-99.990;0.00;-156.08;
2025-11-27 11:17:43.25;0.00:00:14:310;-1.00;-0.02;-0.01;0.01016;-0.01026;-0.0002496;-0.0001185;-89.30;-0.33;100.97;1.17;100.97;0.01016;0.01026;-9.898E-05;-19.930;-19.888;-99.990;0.00;-154.61;
2025-11-27 11:17:43.31;0.00:00:14:365;-1.00;-0.02;-0.01;0.01016;-0.01027;-0.0002448;-0.0001266;-89.32;-0.35;101.03;1.25;101.03;0.01016;0.01027;-0.0001052;-19.929;-19.885;-99.990;0.00;-152.66;
2025-11-27 11:17:43.36;0.00:00:14:416;-1.00;-0.02;-0.01;0.01017;-0.01025;-0.0002356;-0.0001126;-89.34;-0.31;100.83;1.11;100.82;0.01017;0.01025;-8.447E-05;-19.927;-19.891;-99.990;0.00;-154.46;
2025-11-27 11:17:43.41;0.00:00:14:468;-1.00;-0.02;-0.01;0.01019;-0.01028;-0.0002326;-0.0001227;-89.35;-0.34;100.90;1.20;100.89;0.01019;0.01028;-9.16E-05;-19.918;-19.879;-99.990;0.00;-152.18;
2025-11-27 11:17:43.46;0.00:00:14:519;-1.00;-0.02;-0.01;0.01017;-0.01026;-0.0002477;-0.0001141;-89.31;-0.32;100.96;1.12;100.95;0.01017;0.01026;-9.732E-05;-19.928;-19.887;-99.990;0.00;-155.27;
2025-11-27 11:17:43.51;0.00:00:14:570;-1.00;-0.02;-0.01;0.01016;-0.01025;-0.0002198;-0.0001209;-89.39;-0.34;100.97;1.19;100.96;0.01016;0.01026;-9.841E-05;-19.932;-19.890;-99.990;0.00;-151.19;
2025-11-27 11:17:43.56;0.00:00:14:616;-1.00;-0.02;-0.01;0.01015;-0.01025;-0.0002365;-0.0001184;-89.34;-0.33;100.96;1.17;100.95;0.01015;0.01025;-9.716E-05;-19.934;-19.892;-99.990;0.00;-153.39;
2025-11-27 11:17:43.62;0.00:00:14:671;-1.00;-0.03;-0.01;0.01013;-0.01021;-0.0002729;-0.0001325;-89.23;-0.37;100.81;1.31;100.80;0.01013;0.01021;-8.182E-05;-19.943;-19.908;-99.990;0.00;-154.09;
2025-11-27 11:17:43.67;0.00:00:14:722;-1.00;-0.02;-0.01;0.01016;-0.01027;-0.0002539;-0.0001152;-89.29;-0.32;101.06;1.13;101.06;0.01016;0.01027;-0.0001079;-19.930;-19.884;-99.990;0.00;-155.60;
2025-11-27 11:17:43.72;0.00:00:14:773;-1.00;-0.02;-0.01;0.01014;-0.01024;-0.000212;-0.0001189;-89.41;-0.33;100.92;1.17;100.92;0.01014;0.01024;-9.353E-05;-19.938;-19.898;-99.990;0.00;-150.72;
2025-11-27 11:17:43.77;0.00:00:14:824;-1.00;-0.02;-0.01;0.01016;-0.01024;-0.000256;-0.0001366;-89.28;-0.38;100.87;1.34;100.86;0.01016;0.01025;-8.875E-05;-19.931;-19.893;-99.990;0.00;-151.93;
2025-11-27 11:17:43.82;0.00:00:14:876;-1.00;-0.03;-0.01;0.01016;-0.01023;-0.0002651;-0.0001248;-89.26;-0.35;100.75;1.23;100.75;0.01016;0.01023;-7.66E-05;-19.932;-19.899;-99.990;0.00;-154.79;
2025-11-27 11:17:43.87;0.00:00:14:927;-1.00;-0.03;-0.01;0.01018;-0.01028;-0.0002739;-0.0001237;-89.24;-0.34;101.09;1.22;101.09;0.01018;0.01029;-0.0001112;-19.924;-19.877;-99.990;0.00;-155.69;
2025-11-27 11:17:43.92;0.00:00:14:978;-1.00;-0.02;-0.01;0.01018;-0.01027;-0.0002465;-0.0001321;-89.31;-0.37;100.91;1.30;100.90;0.01018;0.01028;-9.218E-05;-19.921;-19.882;-99.990;0.00;-151.81;
2025-11-27 11:17:43.97;0.00:00:15:029;-1.00;-0.02;-0.01;0.01017;-0.01025;-0.000246;-0.0001181;-89.31;-0.33;100.89;1.16;100.88;0.01017;0.01026;-9.011E-05;-19.927;-19.889;-99.990;0.00;-154.36;
2025-11-27 11:17:44.03;0.00:00:15:090;-1.00;-0.02;-0.01;0.01022;-0.01031;-0.0002453;-0.0001355;-89.32;-0.38;100.99;1.33;100.98;0.01022;0.01032;-0.0001007;-19.907;-19.865;-99.990;0.00;-151.08;
2025-11-27 11:17:44.09;0.00:00:15:142;-1.00;-0.02;-0.01;0.01022;-0.01031;-0.0002363;-0.0001167;-89.34;-0.32;100.89;1.14;100.89;0.01022;0.01031;-9.142E-05;-19.905;-19.866;-99.990;0.00;-153.72;
2025-11-27 11:17:44.15;0.00:00:15:202;-1.00;-0.03;-0.01;0.01021;-0.0103;-0.0002578;-0.0001085;-89.28;-0.30;100.91;1.06;100.91;0.01021;0.0103;-9.326E-05;-19.912;-19.872;-99.990;0.00;-157.18;
2025-11-27 11:17:44.20;0.00:00:15:254;-1.00;-0.03;-0.01;0.01016;-0.01026;-0.0002849;-0.0001179;-89.20;-0.33;101.04;1.16;101.03;0.01016;0.01027;-0.0001058;-19.931;-19.886;-99.990;0.00;-157.52;
2025-11-27 11:17:44.25;0.00:00:15:305;-1.00;-0.02;-0.01;0.01014;-0.01025;-0.0002172;-0.0001215;-89.39;-0.34;101.06;1.20;101.06;0.01014;0.01025;-0.0001078;-19.938;-19.892;-99.990;0.00;-150.79;
2025-11-27 11:17:44.30;0.00:00:15:353;-1.00;-0.02;-0.01;0.01014;-0.01024;-0.0002442;-0.0001299;-89.32;-0.36;101.04;1.28;101.03;0.01014;0.01024;-0.0001052;-19.941;-19.896;-99.990;0.00;-151.99;
2025-11-27 11:17:44.35;0.00:00:15:407;-1.00;-0.02;-0.01;0.01014;-0.01024;-0.0002467;-0.000115;-89.31;-0.32;101.00;1.13;100.99;0.01014;0.01024;-0.0001011;-19.940;-19.897;-99.990;0.00;-155.01;
2025-11-27 11:17:44.40;0.00:00:15:457;-1.00;-0.03;-0.01;0.01016;-0.01027;-0.0002638;-0.000147;-89.26;-0.41;101.16;1.45;101.15;0.01016;0.01028;-0.0001175;-19.931;-19.881;-99.990;0.00;-150.87;
2025-11-27 11:17:44.45;0.00:00:15:509;-1.00;-0.02;-0.01;0.01014;-0.01024;-0.0002509;-0.0001229;-89.30;-0.34;100.95;1.21;100.94;0.01014;0.01024;-9.645E-05;-19.938;-19.897;-99.990;0.00;-153.91;
2025-11-27 11:17:44.50;0.00:00:15:560;-1.00;-0.03;-0.01;0.01013;-0.0102;-0.0002603;-0.0001247;-89.27;-0.35;100.73;1.23;100.73;0.01013;0.01021;-7.424E-05;-19.943;-19.911;-99.990;0.00;-154.40;
2025-11-27 11:17:44.56;0.00:00:15:614;-1.00;-0.02;-0.01;0.01016;-0.01027;-0.0002397;-0.000119;-89.33;-0.33;101.05;1.17;101.05;0.01016;0.01027;-0.000107;-19.929;-19.884;-99.990;0.00;-153.60;
2025-11-27 11:17:44.61;0.00:00:15:662;-1.00;-0.02;-0.01;0.01016;-0.01026;-0.0002302;-0.0001109;-89.36;-0.31;101.05;1.09;101.04;0.01016;0.01027;-0.0001067;-19.932;-19.886;-99.990;0.00;-154.28;
2025-11-27 11:17:44.66;0.00:00:15:713;-1.00;-0.03;-0.01;0.01013;-0.01023;-0.0002679;-0.0001251;-89.25;-0.35;100.98;1.23;100.97;0.01013;0.01023;-9.898E-05;-19.944;-19.902;-99.990;0.00;-154.98;
2025-11-27 11:17:44.70;0.00:00:15:760;-1.00;-0.03;-0.01;0.01012;-0.01023;-0.0002661;-0.0001215;-89.25;-0.34;101.08;1.20;101.07;0.01012;0.01023;-0.000109;-19.948;-19.901;-99.990;0.00;-155.47;
2025-11-27 11:17:44.76;0.00:00:15:815;-1.00;-0.02;-0.01;0.01016;-0.01025;-0.0002389;-0.0001173;-89.33;-0.33;101.01;1.15;101.01;0.01016;0.01026;-0.0001029;-19.933;-19.889;-99.990;0.00;-153.85;
2025-11-27 11:17:44.82;0.00:00:15:871;-1.00;-0.03;-0.01;0.01014;-0.01024;-0.0002961;-0.0001254;-89.17;-0.35;101.03;1.24;101.02;0.01014;0.01024;-0.0001041;-19.941;-19.896;-99.990;0.00;-157.06;
2025-11-27 11:17:44.87;0.00:00:15:927;-1.00;-0.03;-0.01;0.01014;-0.01023;-0.0002708;-0.0001063;-89.24;-0.30;100.99;1.05;100.98;0.01014;0.01024;-0.0001;-19.941;-19.898;-99.990;0.00;-158.57;
2025-11-27 11:17:44.92;0.00:00:15:974;-1.00;-0.03;-0.01;0.01012;-0.01021;-0.0002999;-8.762E-05;-89.16;-0.25;100.93;0.87;100.92;0.01012;0.01021;-9.382E-05;-19.950;-19.910;-99.990;0.00;-163.71;
2025-11-27 11:17:44.97;0.00:00:16:024;-1.00;-0.03;-0.01;0.01012;-0.01021;-0.0002771;-0.0001235;-89.22;-0.35;100.93;1.22;100.92;0.01012;0.01021;-9.368E-05;-19.948;-19.908;-99.990;0.00;-155.98;
2025-11-27 11:17:45.03;0.00:00:16:086;-1.00;-0.03;-0.01;0.01013;-0.01023;-0.0002617;-0.0001183;-89.27;-0.33;101.08;1.17;101.08;0.01013;0.01024;-0.0001097;-19.945;-19.898;-99.990;0.00;-155.67;
2025-11-27 11:17:45.08;0.00:00:16:137;-1.00;-0.02;-0.01;0.01015;-0.01025;-0.0002438;-0.0001149;-89.32;-0.32;101.05;1.13;101.05;0.01015;0.01025;-0.0001069;-19.937;-19.892;-99.990;0.00;-154.77;
2025-11-27 11:17:45.14;0.00:00:16:196;-1.00;-0.02;-0.01;0.01013;-0.01023;-0.0002113;-0.0001337;-89.41;-0.37;100.98;1.32;100.97;0.01013;0.01023;-9.938E-05;-19.944;-19.901;-99.990;0.00;-147.69;
2025-11-27 11:17:45.19;0.00:00:16:250;-1.00;-0.03;-0.01;0.01014;-0.01025;-0.0002611;-0.0001235;-89.27;-0.35;101.08;1.22;101.07;0.01014;0.01025;-0.0001094;-19.939;-19.892;-99.990;0.00;-154.69;
2025-11-27 11:17:45.25;0.00:00:16:310;-1.00;-0.03;-0.01;0.01014;-0.01024;-0.0002619;-0.0001295;-89.27;-0.36;101.06;1.28;101.05;0.01014;0.01025;-0.0001073;-19.940;-19.894;-99.990;0.00;-153.69;
2025-11-27 11:17:45.31;0.00:00:16:367;-1.00;-0.03;-0.01;0.01014;-0.01024;-0.0002749;-0.0001113;-89.23;-0.31;100.99;1.10;100.98;0.01014;0.01024;-0.0001003;-19.938;-19.896;-99.990;0.00;-157.95;
2025-11-27 11:17:45.37;0.00:00:16:422;-1.00;-0.02;-0.01;0.01013;-0.01021;-0.0002518;-0.0001077;-89.29;-0.30;100.78;1.06;100.77;0.01013;0.01021;-7.885E-05;-19.943;-19.909;-99.990;0.00;-156.83;
2025-11-27 11:17:45.42;0.00:00:16:472;-1.00;-0.02;-0.01;0.01014;-0.01022;-0.0002382;-0.0001269;-89.33;-0.36;100.84;1.25;100.83;0.01014;0.01023;-8.478E-05;-19.938;-19.902;-99.990;0.00;-151.95;
2025-11-27 11:17:45.47;0.00:00:16:526;-1.00;-0.03;-0.01;0.01015;-0.01027;-0.0002629;-0.0001284;-89.27;-0.36;101.18;1.26;101.17;0.01015;0.01027;-0.0001193;-19.935;-19.884;-99.990;0.00;-153.98;
2025-11-27 11:17:45.52;0.00:00:16:576;-1.00;-0.03;-0.01;0.01018;-0.01026;-0.0002651;-0.0001248;-89.26;-0.35;100.87;1.23;100.86;0.01018;0.01027;-8.849E-05;-19.923;-19.885;-99.990;0.00;-154.78;
2025-11-27 11:17:45.57;0.00:00:16:624;-1.00;-0.03;-0.01;0.01017;-0.01026;-0.0003083;-0.0001156;-89.14;-0.32;100.94;1.14;100.93;0.01017;0.01026;-9.535E-05;-19.928;-19.888;-99.990;0.00;-159.44;
2025-11-27 11:17:45.62;0.00:00:16:678;-1.00;-0.03;-0.01;0.01016;-0.01024;-0.0002585;-0.0001185;-89.28;-0.33;100.87;1.17;100.86;0.01016;0.01024;-8.827E-05;-19.933;-19.896;-99.990;0.00;-155.38;
2025-11-27 11:17:45.67;0.00:00:16:728;-1.00;-0.03;-0.01;0.01017;-0.01028;-0.0002713;-0.0001176;-89.24;-0.33;101.12;1.16;101.12;0.01017;0.01028;-0.0001143;-19.928;-19.879;-99.990;0.00;-156.56;
2025-11-27 11:17:45.72;0.00:00:16:779;-1.00;-0.02;-0.01;0.01017;-0.01026;-0.0002534;-0.0001185;-89.29;-0.33;100.86;1.16;100.85;0.01017;0.01026;-8.748E-05;-19.925;-19.887;-99.990;0.00;-154.94;
2025-11-27 11:17:45.77;0.00:00:16:831;-1.00;-0.03;-0.01;0.01015;-0.01024;-0.0002592;-0.00013;-89.28;-0.36;100.93;1.28;100.92;0.01015;0.01025;-9.449E-05;-19.933;-19.893;-99.990;0.00;-153.37;
2025-11-27 11:17:45.82;0.00:00:16:881;-1.00;-0.03;-0.01;0.01013;-0.01024;-0.0002702;-0.0001058;-89.24;-0.30;101.04;1.04;101.04;0.01013;0.01024;-0.0001057;-19.942;-19.897;-99.990;0.00;-158.61;
2025-11-27 11:17:45.88;0.00:00:16:934;-1.00;-0.02;-0.01;0.01013;-0.01024;-0.000245;-0.0001242;-89.31;-0.35;101.14;1.23;101.13;0.01013;0.01024;-0.0001157;-19.946;-19.896;-99.990;0.00;-153.12;
2025-11-27 11:17:45.93;0.00:00:16:990;-1.00;-0.03;-0.01;0.01017;-0.01027;-0.000314;-0.0001232;-89.12;-0.34;101.05;1.21;101.04;0.01017;0.01028;-0.0001065;-19.925;-19.880;-99.990;0.00;-158.58;
2025-11-27 11:17:45.98;0.00:00:17:040;-1.00;-0.03;-0.01;0.01016;-0.01025;-0.0002739;-0.0001163;-89.23;-0.32;100.91;1.14;100.90;0.01016;0.01026;-9.24E-05;-19.929;-19.890;-99.990;0.00;-157.00;
2025-11-27 11:17:46.03;0.00:00:17:085;-1.00;-0.02;-0.01;0.01016;-0.01026;-0.000256;-0.0001301;-89.29;-0.36;101.01;1.28;101.01;0.01016;0.01027;-0.0001031;-19.930;-19.886;-99.990;0.00;-153.05;
2025-11-27 11:17:46.08;0.00:00:17:135;-1.00;-0.02;-0.01;0.01015;-0.01024;-0.0002434;-0.0001102;-89.32;-0.31;100.92;1.09;100.91;0.01015;0.01025;-9.347E-05;-19.933;-19.894;-99.990;0.00;-155.64;
2025-11-27 11:17:46.14;0.00:00:17:198;-1.00;-0.02;-0.01;0.01017;-0.01027;-0.0002509;-0.0001258;-89.30;-0.35;101.00;1.24;100.99;0.01017;0.01027;-0.0001012;-19.927;-19.884;-99.990;0.00;-153.38;
2025-11-27 11:17:46.19;0.00:00:17:249;-1.00;-0.02;-0.01;0.01019;-0.01032;-0.000258;-0.000116;-89.28;-0.32;101.35;1.14;101.35;0.01019;0.01033;-0.0001379;-19.919;-19.861;-99.990;0.00;-155.79;
2025-11-27 11:17:46.25;0.00:00:17:301;-1.00;-0.02;-0.01;0.01021;-0.0103;-0.0002282;-0.0001173;-89.37;-0.33;100.93;1.15;100.92;0.01021;0.0103;-9.496E-05;-19.912;-19.872;-99.990;0.00;-152.80;
2025-11-27 11:17:46.30;0.00:00:17:352;-1.00;-0.02;-0.01;0.0102;-0.01032;-0.000256;-0.0001162;-89.29;-0.32;101.13;1.14;101.12;0.0102;0.01032;-0.0001152;-19.912;-19.864;-99.990;0.00;-155.58;
2025-11-27 11:17:46.35;0.00:00:17:401;-1.00;-0.03;-0.01;0.01018;-0.01026;-0.0002866;-0.0001218;-89.20;-0.34;100.79;1.20;100.79;0.01018;0.01026;-8.085E-05;-19.922;-19.887;-99.990;0.00;-156.97;
2025-11-27 11:17:46.40;0.00:00:17:454;-1.00;-0.03;-0.01;0.01017;-0.01027;-0.0002917;-0.0001142;-89.19;-0.32;101.10;1.12;101.09;0.01017;0.01028;-0.0001118;-19.928;-19.880;-99.990;0.00;-158.62;
2025-11-27 11:17:46.45;0.00:00:17:505;-1.00;-0.03;-0.01;0.01016;-0.01025;-0.0002674;-0.0001376;-89.25;-0.38;100.90;1.35;100.89;0.01016;0.01025;-9.096E-05;-19.931;-19.893;-99.990;0.00;-152.77;
2025-11-27 11:17:46.50;0.00:00:17:556;-1.00;-0.02;-0.01;0.01016;-0.01026;-0.0002525;-0.0001083;-89.30;-0.30;101.01;1.07;101.01;0.01016;0.01026;-0.000103;-19.931;-19.887;-99.990;0.00;-156.78;
2025-11-27 11:17:46.55;0.00:00:17:607;-1.00;-0.02;-0.01;0.01016;-0.01024;-0.0002558;-0.0001194;-89.28;-0.33;100.88;1.18;100.87;0.01016;0.01025;-8.903E-05;-19.932;-19.894;-99.990;0.00;-154.98;
2025-11-27 11:17:46.60;0.00:00:17:659;-1.00;-0.03;-0.01;0.01015;-0.01026;-0.0002769;-0.0001087;-89.23;-0.30;101.10;1.07;101.09;0.01015;0.01027;-0.0001116;-19.934;-19.886;-99.990;0.00;-158.57;
2025-11-27 11:17:46.65;0.00:00:17:710;-1.00;-0.03;-0.01;0.01013;-0.01022;-0.0002593;-0.0001309;-89.27;-0.37;100.94;1.29;100.93;0.01013;0.01023;-9.49E-05;-19.942;-19.902;-99.990;0.00;-153.21;
2025-11-27 11:17:46.71;0.00:00:17:771;-1.00;-0.03;-0.01;0.01014;-0.01024;-0.000267;-9.873E-05;-89.25;-0.28;101.01;0.97;101.01;0.01014;0.01024;-0.0001025;-19.939;-19.895;-99.990;0.00;-159.71;
2025-11-27 11:17:46.77;0.00:00:17:822;-1.00;-0.02;-0.01;0.01016;-0.01025;-0.0002146;-0.0001046;-89.40;-0.29;100.98;1.03;100.97;0.01016;0.01026;-9.904E-05;-19.933;-19.891;-99.990;0.00;-154.01;
2025-11-27 11:17:46.81;0.00:00:17:869;-1.00;-0.02;-0.01;0.01017;-0.01025;-0.0002531;-0.0001072;-89.29;-0.30;100.87;1.05;100.87;0.01017;0.01026;-8.869E-05;-19.928;-19.890;-99.990;0.00;-157.04;
2025-11-27 11:17:46.86;0.00:00:17:915;-1.00;-0.02;-0.01;0.01013;-0.01023;-0.0002272;-8.941E-05;-89.36;-0.25;100.94;0.88;100.94;0.01013;0.01023;-9.516E-05;-19.942;-19.902;-99.990;0.00;-158.52;
2025-11-27 11:17:46.91;0.00:00:17:962;-1.00;-0.03;-0.01;0.01015;-0.01023;-0.0002714;-0.0001124;-89.24;-0.31;100.78;1.11;100.77;0.01015;0.01023;-7.898E-05;-19.934;-19.900;-99.990;0.00;-157.49;
2025-11-27 11:17:46.95;0.00:00:18:009;-1.00;-0.02;-0.01;0.01013;-0.01022;-0.0002259;-0.000118;-89.37;-0.33;100.88;1.16;100.87;0.01013;0.01022;-8.924E-05;-19.942;-19.904;-99.990;0.00;-152.42;
2025-11-27 11:17:47.02;0.00:00:18:072;-1.00;-0.02;-0.01;0.01017;-0.01028;-0.0002545;-0.0001261;-89.29;-0.35;101.11;1.24;101.10;0.01017;0.01028;-0.0001126;-19.927;-19.879;-99.990;0.00;-153.65;
2025-11-27 11:17:47.06;0.00:00:18:119;-1.00;-0.02;-0.01;0.01016;-0.01027;-0.0002448;-0.0001128;-89.32;-0.31;101.10;1.11;101.10;0.01016;0.01027;-0.000112;-19.932;-19.884;-99.990;0.00;-155.25;
2025-11-27 11:17:47.11;0.00:00:18:166;-1.00;-0.03;-0.01;0.01015;-0.01024;-0.0002715;-0.0001124;-89.24;-0.31;100.87;1.11;100.87;0.01015;0.01024;-8.857E-05;-19.935;-19.897;-99.990;0.00;-157.51;
2025-11-27 11:17:47.16;0.00:00:18:214;-1.00;-0.03;-0.01;0.01015;-0.01025;-0.0002593;-0.0001029;-89.28;-0.29;100.97;1.01;100.96;0.01015;0.01025;-9.807E-05;-19.935;-19.893;-99.990;0.00;-158.36;
2025-11-27 11:17:47.20;0.00:00:18:260;-1.00;-0.03;-0.01;0.01018;-0.01029;-0.0002747;-0.0001251;-89.24;-0.35;101.10;1.23;101.09;0.01018;0.0103;-0.0001122;-19.921;-19.873;-99.990;0.00;-155.52;
2025-11-27 11:17:47.25;0.00:00:18:306;-1.00;-0.03;-0.01;0.01015;-0.01024;-0.000258;-0.0001148;-89.28;-0.32;100.93;1.13;100.93;0.01015;0.01025;-9.458E-05;-19.934;-19.894;-99.990;0.00;-156.01;
2025-11-27 11:17:47.30;0.00:00:18:353;-1.00;-0.02;-0.01;0.01017;-0.01027;-0.0002373;-0.0001062;-89.34;-0.30;101.05;1.04;101.04;0.01017;0.01027;-0.0001067;-19.928;-19.883;-99.990;0.00;-155.89;
2025-11-27 11:17:47.34;0.00:00:18:400;-1.00;-0.03;-0.01;0.01016;-0.01025;-0.0002714;-0.000127;-89.24;-0.35;100.95;1.25;100.94;0.01016;0.01026;-9.615E-05;-19.931;-19.890;-99.990;0.00;-154.93;
2025-11-27 11:17:47.39;0.00:00:18:447;-1.00;-0.02;-0.01;0.01016;-0.01025;-0.0002386;-0.0001175;-89.33;-0.33;100.91;1.16;100.91;0.01016;0.01025;-9.283E-05;-19.932;-19.892;-99.990;0.00;-153.79;
2025-11-27 11:17:47.44;0.00:00:18:495;-1.00;-0.03;-0.01;0.01014;-0.01021;-0.0002559;-0.0001189;-89.28;-0.33;100.79;1.17;100.79;0.01014;0.01022;-8.046E-05;-19.940;-19.906;-99.990;0.00;-155.08;
2025-11-27 11:17:47.49;0.00:00:18:543;-1.00;-0.03;-0.01;0.01017;-0.01026;-0.0002648;-0.000127;-89.26;-0.35;100.88;1.25;100.87;0.01017;0.01026;-8.938E-05;-19.927;-19.889;-99.990;0.00;-154.39;
2025-11-27 11:17:47.53;0.00:00:18:589;-1.00;-0.02;-0.01;0.01015;-0.01025;-0.0002429;-0.0001171;-89.32;-0.33;101.00;1.15;100.99;0.01015;0.01025;-0.0001012;-19.934;-19.891;-99.990;0.00;-154.26;
2025-11-27 11:17:47.58;0.00:00:18:640;-1.00;-0.02;-0.01;0.01018;-0.01027;-0.0002227;-0.0001151;-89.38;-0.32;100.88;1.13;100.87;0.01018;0.01027;-8.923E-05;-19.920;-19.883;-99.990;0.00;-152.66;
2025-11-27 11:17:47.64;0.00:00:18:698;-1.00;-0.03;-0.01;0.01023;-0.01034;-0.0002634;-0.0001226;-89.27;-0.34;101.11;1.20;101.10;0.01023;0.01034;-0.0001134;-19.902;-19.854;-99.990;0.00;-155.04;
2025-11-27 11:17:47.69;0.00:00:18:746;-1.00;-0.03;-0.01;0.01018;-0.01027;-0.0002993;-0.0001166;-89.17;-0.33;100.99;1.15;100.98;0.01018;0.01028;-0.0001004;-19.924;-19.881;-99.990;0.00;-158.71;
2025-11-27 11:17:47.74;0.00:00:18:793;-1.00;-0.02;-0.01;0.01016;-0.01024;-0.0002522;-0.0001167;-89.29;-0.33;100.87;1.15;100.86;0.01016;0.01025;-8.831E-05;-19.932;-19.894;-99.990;0.00;-155.17;
2025-11-27 11:17:47.78;0.00:00:18:840;-1.00;-0.02;-0.01;0.01018;-0.01027;-0.0002328;-0.0001143;-89.35;-0.32;100.92;1.12;100.92;0.01018;0.01027;-9.379E-05;-19.924;-19.884;-99.990;0.00;-153.85;
2025-11-27 11:17:47.83;0.00:00:18:888;-1.00;-0.03;-0.01;0.01019;-0.0103;-0.0002691;-0.0001049;-89.25;-0.29;101.09;1.03;101.09;0.01019;0.0103;-0.0001116;-19.919;-19.871;-99.990;0.00;-158.70;
2025-11-27 11:17:47.88;0.00:00:18:937;-1.00;-0.03;-0.01;0.01019;-0.01028;-0.0002583;-0.0001285;-89.28;-0.36;100.94;1.26;100.94;0.01019;0.01029;-9.617E-05;-19.918;-19.878;-99.990;0.00;-153.56;
2025-11-27 11:17:47.94;0.00:00:18:997;-1.00;-0.03;-0.01;0.01016;-0.01026;-0.0002966;-0.0001185;-89.17;-0.33;101.03;1.17;101.03;0.01016;0.01027;-0.0001051;-19.930;-19.885;-99.990;0.00;-158.22;
2025-11-27 11:17:47.99;0.00:00:19:044;-1.00;-0.02;-0.01;0.01015;-0.01025;-0.0002487;-0.0001171;-89.30;-0.33;100.97;1.15;100.96;0.01015;0.01025;-9.84E-05;-19.933;-19.891;-99.990;0.00;-154.79;
2025-11-27 11:17:48.03;0.00:00:19:091;-1.00;-0.03;-0.01;0.01015;-0.01025;-0.0002849;-0.0001016;-89.20;-0.28;100.99;1.00;100.99;0.01015;0.01025;-0.0001007;-19.936;-19.893;-99.990;0.00;-160.37;
2025-11-27 11:17:48.08;0.00:00:19:138;-1.00;-0.03;-0.01;0.01016;-0.01025;-0.0002689;-0.000116;-89.25;-0.32;100.93;1.14;100.92;0.01016;0.01025;-9.426E-05;-19.933;-19.893;-99.990;0.00;-156.67;
2025-11-27 11:17:48.13;0.00:00:19:185;-1.00;-0.03;-0.01;0.01014;-0.01022;-0.0002744;-0.0001223;-89.23;-0.34;100.86;1.21;100.86;0.01014;0.01023;-8.758E-05;-19.941;-19.903;-99.990;0.00;-155.98;
2025-11-27 11:17:48.18;0.00:00:19:232;-1.00;-0.02;-0.01;0.01011;-0.0102;-0.0002492;-0.000111;-89.30;-0.31;100.91;1.10;100.90;0.01011;0.0102;-9.182E-05;-19.953;-19.914;-99.990;0.00;-155.99;
2025-11-27 11:17:48.22;0.00:00:19:280;-1.00;-0.03;-0.01;0.01016;-0.01026;-0.0002946;-0.0001213;-89.18;-0.34;101.01;1.19;101.00;0.01016;0.01026;-0.0001027;-19.932;-19.888;-99.990;0.00;-157.62;
2025-11-27 11:17:48.27;0.00:00:19:326;-1.00;-0.03;-0.01;0.01012;-0.01022;-0.0002571;-0.0001123;-89.28;-0.31;100.97;1.11;100.96;0.01012;0.01022;-9.771E-05;-19.947;-19.905;-99.990;0.00;-156.41;
2025-11-27 11:17:48.32;0.00:00:19:373;-1.00;-0.03;-0.01;0.01014;-0.01023;-0.0002676;-0.0001135;-89.25;-0.32;101.02;1.12;101.01;0.01014;0.01024;-0.0001035;-19.942;-19.898;-99.990;0.00;-157.02;
2025-11-27 11:17:48.38;0.00:00:19:434;-1.00;-0.03;-0.01;0.01013;-0.01022;-0.0002878;-0.000121;-89.19;-0.34;100.92;1.20;100.91;0.01013;0.01022;-9.315E-05;-19.945;-19.905;-99.990;0.00;-157.19;
2025-11-27 11:17:48.42;0.00:00:19:480;-1.00;-0.02;-0.01;0.01015;-0.01025;-0.0002149;-0.0001362;-89.40;-0.38;101.03;1.34;101.03;0.01015;0.01025;-0.0001049;-19.936;-19.892;-99.990;0.00;-147.63;
2025-11-27 11:17:48.47;0.00:00:19:527;-1.00;-0.03;-0.01;0.01014;-0.01023;-0.0002793;-9.754E-05;-89.22;-0.27;100.92;0.96;100.91;0.01014;0.01023;-9.318E-05;-19.940;-19.900;-99.990;0.00;-160.75;
2025-11-27 11:17:48.52;0.00:00:19:575;-1.00;-0.03;-0.01;0.01015;-0.01022;-0.0002804;-9.996E-05;-89.21;-0.28;100.77;0.98;100.77;0.01015;0.01023;-7.838E-05;-19.936;-19.902;-99.990;0.00;-160.38;
2025-11-27 11:17:48.57;0.00:00:19:621;-1.00;-0.03;-0.01;0.01014;-0.01024;-0.0002652;-0.0001173;-89.26;-0.33;101.07;1.16;101.07;0.01014;0.01024;-0.0001086;-19.942;-19.895;-99.990;0.00;-156.13;
2025-11-27 11:17:48.61;0.00:00:19:668;-1.00;-0.03;-0.01;0.01017;-0.01028;-0.0002596;-0.0001172;-89.28;-0.33;101.14;1.15;101.13;0.01017;0.01028;-0.000116;-19.928;-19.878;-99.990;0.00;-155.71;
2025-11-27 11:17:48.66;0.00:00:19:714;-1.00;-0.03;-0.01;0.01015;-0.01025;-0.0002644;-0.0001169;-89.26;-0.33;101.04;1.15;101.03;0.01015;0.01025;-0.0001056;-19.937;-19.892;-99.990;0.00;-156.15;
2025-11-27 11:17:48.71;0.00:00:19:761;-1.00;-0.03;-0.01;0.01016;-0.01025;-0.0002811;-0.0001263;-89.21;-0.35;100.88;1.24;100.87;0.01016;0.01025;-8.911E-05;-19.930;-19.892;-99.990;0.00;-155.81;
2025-11-27 11:17:48.75;0.00:00:19:810;-1.00;-0.03;-0.01;0.01017;-0.01027;-0.0002664;-0.0001169;-89.26;-0.33;101.03;1.15;101.03;0.01017;0.01027;-0.0001052;-19.928;-19.883;-99.990;0.00;-156.31;
2025-11-27 11:17:48.81;0.00:00:19:870;-1.00;-0.02;-0.01;0.01014;-0.01023;-0.0002385;-0.0001235;-89.33;-0.35;100.98;1.22;100.97;0.01014;0.01024;-9.956E-05;-19.941;-19.899;-99.990;0.00;-152.62;
2025-11-27 11:17:48.88;0.00:00:19:932;-1.00;-0.03;-0.01;0.01016;-0.01027;-0.0002947;-0.0001071;-89.18;-0.30;101.08;1.05;101.07;0.01016;0.01027;-0.0001096;-19.929;-19.883;-99.990;0.00;-160.03;
2025-11-27 11:17:48.92;0.00:00:19:978;-1.00;-0.03;-0.01;0.01015;-0.01024;-0.0002792;-0.0001231;-89.22;-0.34;101.01;1.21;101.00;0.01015;0.01025;-0.0001021;-19.937;-19.894;-99.990;0.00;-156.20;
2025-11-27 11:17:48.97;0.00:00:20:026;-1.00;-0.02;-0.01;0.01014;-0.01024;-0.0002537;-0.000131;-89.29;-0.37;101.04;1.29;101.03;0.01014;0.01024;-0.0001057;-19.942;-19.897;-99.990;0.00;-152.70;
2025-11-27 11:17:49.02;0.00:00:20:073;-1.00;-0.03;-0.01;0.01013;-0.01021;-0.0002767;-0.0001259;-89.22;-0.35;100.88;1.24;100.88;0.01013;0.01022;-8.942E-05;-19.945;-19.907;-99.990;0.00;-155.54;
2025-11-27 11:17:49.06;0.00:00:20:119;-1.00;-0.02;-0.01;0.01014;-0.01024;-0.0002435;-0.000125;-89.32;-0.35;100.99;1.23;100.98;0.01014;0.01024;-0.0001005;-19.938;-19.895;-99.990;0.00;-152.82;
2025-11-27 11:17:49.11;0.00:00:20:166;-1.00;-0.03;-0.01;0.01016;-0.01025;-0.0002658;-0.0001282;-89.26;-0.36;100.92;1.26;100.92;0.01016;0.01025;-9.391E-05;-19.932;-19.892;-99.990;0.00;-154.26;
2025-11-27 11:17:49.16;0.00:00:20:213;-1.00;-0.02;-0.01;0.01015;-0.01023;-0.0002428;-0.0001122;-89.32;-0.31;100.86;1.11;100.86;0.01015;0.01024;-8.748E-05;-19.936;-19.899;-99.990;0.00;-155.19;
2025-11-27 11:17:49.20;0.00:00:20:259;-1.00;-0.03;-0.01;0.01016;-0.01026;-0.000294;-0.0001071;-89.18;-0.30;101.06;1.05;101.06;0.01016;0.01027;-0.000108;-19.930;-19.885;-99.990;0.00;-159.99;
2025-11-27 11:17:49.25;0.00:00:20:306;-1.00;-0.02;-0.01;0.01013;-0.01023;-0.0002527;-0.0001259;-89.29;-0.35;101.00;1.24;100.99;0.01013;0.01023;-0.0001009;-19.943;-19.900;-99.990;0.00;-153.52;
2025-11-27 11:17:49.30;0.00:00:20:353;-1.00;-0.02;-0.01;0.01011;-0.0102;-0.0002456;-0.0001027;-89.31;-0.29;100.86;1.02;100.86;0.01011;0.0102;-8.71E-05;-19.951;-19.914;-99.990;0.00;-157.30;
2025-11-27 11:17:49.34;0.00:00:20:401;-1.00;-0.03;-0.01;0.01014;-0.01024;-0.00027;-9.862E-05;-89.25;-0.28;101.01;0.97;101.01;0.01014;0.01025;-0.0001028;-19.938;-19.895;-99.990;0.00;-159.93;
2025-11-27 11:17:49.39;0.00:00:20:448;-1.00;-0.02;-0.01;0.01016;-0.01026;-0.0002051;-0.000114;-89.43;-0.32;100.99;1.12;100.99;0.01016;0.01026;-0.000101;-19.931;-19.888;-99.990;0.00;-150.93;
2025-11-27 11:17:49.44;0.00:00:20:496;-1.00;-0.03;-0.01;0.01014;-0.01025;-0.000276;-0.0001294;-89.23;-0.36;101.08;1.28;101.07;0.01014;0.01025;-0.0001094;-19.939;-19.892;-99.990;0.00;-154.87;
2025-11-27 11:17:49.49;0.00:00:20:543;-1.00;-0.03;-0.01;0.01015;-0.01024;-0.0002693;-0.0001286;-89.25;-0.36;100.93;1.27;100.92;0.01015;0.01024;-9.451E-05;-19.936;-19.896;-99.990;0.00;-154.48;
2025-11-27 11:17:49.53;0.00:00:20:590;-1.00;-0.03;-0.01;0.01017;-0.01027;-0.0002745;-0.0001276;-89.23;-0.36;101.05;1.25;101.04;0.01017;0.01028;-0.000107;-19.926;-19.881;-99.990;0.00;-155.06;
2025-11-27 11:17:49.58;0.00:00:20:636;-1.00;-0.03;-0.01;0.01016;-0.01028;-0.000282;-0.0001264;-89.21;-0.35;101.19;1.24;101.18;0.01016;0.01028;-0.0001205;-19.930;-19.879;-99.990;0.00;-155.86;
2025-11-27 11:17:49.63;0.00:00:20:686;-1.00;-0.02;-0.01;0.01015;-0.01025;-0.0002554;-0.000128;-89.29;-0.36;101.03;1.26;101.03;0.01015;0.01026;-0.0001049;-19.934;-19.889;-99.990;0.00;-153.38;
2025-11-27 11:17:49.69;0.00:00:20:745;-1.00;-0.03;-0.01;0.01014;-0.01024;-0.0002884;-0.0001227;-89.19;-0.34;101.06;1.21;101.05;0.01014;0.01024;-0.0001071;-19.941;-19.895;-99.990;0.00;-156.95;
2025-11-27 11:17:49.75;0.00:00:20:806;-1.00;-0.03;-0.01;0.01012;-0.0102;-0.0002671;-0.0001081;-89.25;-0.30;100.85;1.07;100.84;0.01012;0.0102;-8.568E-05;-19.949;-19.913;-99.990;0.00;-157.97;
2025-11-27 11:17:49.80;0.00:00:20:853;-1.00;-0.03;-0.01;0.01014;-0.01025;-0.0002645;-0.0001084;-89.26;-0.30;101.12;1.07;101.11;0.01014;0.01026;-0.0001134;-19.938;-19.889;-99.990;0.00;-157.72;
2025-11-27 11:17:49.84;0.00:00:20:900;-1.00;-0.02;-0.01;0.01014;-0.01025;-0.0002232;-0.0001144;-89.38;-0.32;101.11;1.13;101.11;0.01014;0.01026;-0.0001128;-19.938;-19.890;-99.990;0.00;-152.85;
2025-11-27 11:17:49.89;0.00:00:20:947;-1.00;-0.02;-0.01;0.01016;-0.01026;-0.0002214;-0.0001242;-89.38;-0.35;101.01;1.22;101.00;0.01016;0.01026;-0.0001024;-19.931;-19.887;-99.990;0.00;-150.70;
2025-11-27 11:17:49.94;0.00:00:20:995;-1.00;-0.02;-0.01;0.01014;-0.01023;-0.000219;-0.0001188;-89.39;-0.33;100.88;1.17;100.87;0.01014;0.01023;-8.923E-05;-19.939;-19.901;-99.990;0.00;-151.53;
2025-11-27 11:17:49.98;0.00:00:21:041;-1.00;-0.03;-0.01;0.01014;-0.01022;-0.0002667;-0.0001212;-89.25;-0.34;100.86;1.20;100.85;0.01014;0.01022;-8.731E-05;-19.941;-19.904;-99.990;0.00;-155.57;
2025-11-27 11:17:50.03;0.00:00:21:091;-1.00;-0.03;-0.01;0.01011;-0.0102;-0.0002599;-0.0001201;-89.27;-0.34;100.95;1.19;100.94;0.01011;0.01021;-9.595E-05;-19.952;-19.911;-99.990;0.00;-155.20;
2025-11-27 11:17:50.09;0.00:00:21:149;-1.00;-0.02;-0.01;0.01013;-0.01023;-0.0002554;-0.0001114;-89.28;-0.31;101.00;1.10;101.00;0.01013;0.01023;-0.0001017;-19.943;-19.900;-99.990;0.00;-156.44;
2025-11-27 11:17:50.14;0.00:00:21:196;-1.00;-0.02;-0.01;0.01011;-0.01021;-0.0002449;-9.667E-05;-89.31;-0.27;101.01;0.96;101.01;0.01011;0.01021;-0.0001021;-19.953;-19.909;-99.990;0.00;-158.46;
2025-11-27 11:17:50.19;0.00:00:21:243;-1.00;-0.03;-0.01;0.01013;-0.01023;-0.0002775;-0.0001166;-89.22;-0.33;101.06;1.15;101.05;0.01013;0.01024;-0.0001069;-19.943;-19.898;-99.990;0.00;-157.20;
2025-11-27 11:17:50.23;0.00:00:21:290;-1.00;-0.02;-0.01;0.0101;-0.01021;-0.0002202;-0.0001137;-89.38;-0.32;101.12;1.13;101.12;0.0101;0.01021;-0.0001136;-19.957;-19.908;-99.990;0.00;-152.69;
2025-11-27 11:17:50.28;0.00:00:21:337;-1.00;-0.02;-0.01;0.01012;-0.01021;-0.0002461;-0.0001217;-89.31;-0.34;100.88;1.20;100.87;0.01012;0.01021;-8.913E-05;-19.948;-19.910;-99.990;0.00;-153.69;
2025-11-27 11:17:50.33;0.00:00:21:383;-1.00;-0.02;-0.01;0.01013;-0.01024;-0.0002527;-0.000117;-89.29;-0.33;101.08;1.16;101.08;0.01013;0.01024;-0.0001096;-19.943;-19.897;-99.990;0.00;-155.14;
2025-11-27 11:17:50.38;0.00:00:21:434;-1.00;-0.03;-0.01;0.01013;-0.01024;-0.0002751;-0.0001279;-89.23;-0.36;101.10;1.26;101.10;0.01013;0.01024;-0.0001119;-19.944;-19.896;-99.990;0.00;-155.06;
2025-11-27 11:17:50.44;0.00:00:21:493;-1.00;-0.03;-0.01;0.01013;-0.01021;-0.0002567;-0.0001046;-89.28;-0.29;100.86;1.03;100.85;0.01013;0.01021;-8.688E-05;-19.946;-19.909;-99.990;0.00;-157.83;
2025-11-27 11:17:50.48;0.00:00:21:539;-1.00;-0.03;-0.01;0.01014;-0.01024;-0.0002648;-0.000123;-89.26;-0.34;101.03;1.21;101.03;0.01014;0.01025;-0.0001048;-19.939;-19.894;-99.990;0.00;-155.08;
2025-11-27 11:17:50.53;0.00:00:21:587;-1.00;-0.02;-0.01;0.01011;-0.01021;-0.0002381;-0.0001103;-89.33;-0.31;101.05;1.09;101.04;0.01011;0.01022;-0.0001057;-19.951;-19.906;-99.990;0.00;-155.14;
2025-11-27 11:17:50.59;0.00:00:21:647;-1.00;-0.03;-0.01;0.01014;-0.01024;-0.0002735;-0.0001229;-89.23;-0.34;101.01;1.21;101.00;0.01014;0.01024;-0.0001024;-19.940;-19.897;-99.990;0.00;-155.81;
2025-11-27 11:17:50.64;0.00:00:21:694;-1.00;-0.03;-0.01;0.01014;-0.01025;-0.000271;-0.0001207;-89.24;-0.34;101.14;1.19;101.14;0.01014;0.01026;-0.000116;-19.938;-19.889;-99.990;0.00;-155.99;
2025-11-27 11:17:50.69;0.00:00:21:742;-1.00;-0.03;-0.01;0.01013;-0.01023;-0.0002739;-0.0001083;-89.23;-0.30;101.09;1.07;101.08;0.01013;0.01024;-0.0001101;-19.945;-19.898;-99.990;0.00;-158.43;
2025-11-27 11:17:50.73;0.00:00:21:788;-1.00;-0.02;-0.01;0.01012;-0.01021;-0.0002528;-0.000114;-89.29;-0.32;100.93;1.13;100.93;0.01012;0.01022;-9.435E-05;-19.947;-19.906;-99.990;0.00;-155.73;
2025-11-27 11:17:50.78;0.00:00:21:835;-1.00;-0.02;-0.01;0.01012;-0.01022;-0.0002493;-0.0001273;-89.30;-0.36;101.04;1.26;101.03;0.01012;0.01023;-0.000105;-19.947;-19.902;-99.990;0.00;-152.96;
2025-11-27 11:17:50.83;0.00:00:21:890;-1.00;-0.02;-0.01;0.0101;-0.0102;-0.000252;-0.0001245;-89.29;-0.35;100.98;1.23;100.97;0.0101;0.0102;-9.906E-05;-19.956;-19.914;-99.990;0.00;-153.71;
2025-11-27 11:17:50.89;0.00:00:21:942;-1.00;-0.03;-0.01;0.01015;-0.01023;-0.0002585;-0.0001189;-89.28;-0.33;100.74;1.17;100.73;0.01015;0.01023;-7.527E-05;-19.933;-19.901;-99.990;0.00;-155.29;
2025-11-27 11:17:50.94;0.00:00:21:992;-1.00;-0.02;-0.01;0.01014;-0.01024;-0.0002534;-0.0001156;-89.29;-0.32;101.05;1.14;101.04;0.01014;0.01024;-0.0001061;-19.940;-19.895;-99.990;0.00;-155.48;
2025-11-27 11:17:50.99;0.00:00:22:044;-1.00;-0.02;-0.01;0.01013;-0.01025;-0.000251;-0.000122;-89.30;-0.34;101.21;1.20;101.21;0.01013;0.01025;-0.0001228;-19.945;-19.893;-99.990;0.00;-154.08;
2025-11-27 11:17:51.05;0.00:00:22:109;-1.00;-0.03;-0.01;0.01014;-0.01023;-0.0002611;-9.725E-05;-89.27;-0.27;100.93;0.96;100.93;0.01014;0.01023;-9.474E-05;-19.941;-19.901;-99.990;0.00;-159.57;
2025-11-27 11:17:51.11;0.00:00:22:166;-1.00;-0.03;-0.01;0.01014;-0.01023;-0.000311;-0.0001198;-89.13;-0.34;100.96;1.18;100.95;0.01014;0.01024;-9.727E-05;-19.940;-19.898;-99.990;0.00;-158.93;
2025-11-27 11:17:51.16;0.00:00:22:219;-1.00;-0.02;-0.01;0.01012;-0.01022;-0.0002446;-0.0001229;-89.31;-0.34;101.01;1.21;101.00;0.01012;0.01022;-0.0001019;-19.949;-19.906;-99.990;0.00;-153.33;
2025-11-27 11:17:51.21;0.00:00:22:270;-1.00;-0.03;-0.01;0.01013;-0.01023;-0.0002575;-9.544E-05;-89.28;-0.27;100.98;0.94;100.98;0.01013;0.01023;-9.976E-05;-19.944;-19.901;-99.990;0.00;-159.67;
2025-11-27 11:17:51.27;0.00:00:22:321;-1.00;-0.03;-0.01;0.01014;-0.01023;-0.0002727;-0.0001142;-89.24;-0.32;100.95;1.13;100.94;0.01014;0.01023;-9.617E-05;-19.941;-19.900;-99.990;0.00;-157.28;
2025-11-27 11:17:51.32;0.00:00:22:372;-1.00;-0.02;-0.01;0.01012;-0.01022;-0.0002461;-0.0001015;-89.31;-0.28;101.06;1.00;101.06;0.01012;0.01022;-0.0001076;-19.950;-19.904;-99.990;0.00;-157.59;
2025-11-27 11:17:51.37;0.00:00:22:423;-1.00;-0.02;-0.01;0.01011;-0.01022;-0.0002516;-0.0001212;-89.29;-0.34;101.13;1.20;101.12;0.01011;0.01022;-0.0001141;-19.953;-19.905;-99.990;0.00;-154.28;
2025-11-27 11:17:51.43;0.00:00:22:485;-1.00;-0.02;-0.01;0.0101;-0.0102;-0.000251;-0.0001281;-89.30;-0.36;100.98;1.27;100.97;0.0101;0.0102;-9.868E-05;-19.955;-19.913;-99.990;0.00;-152.97;
2025-11-27 11:17:51.48;0.00:00:22:536;-1.00;-0.03;-0.01;0.0101;-0.01017;-0.0002714;-0.0001261;-89.24;-0.35;100.75;1.25;100.74;0.0101;0.01018;-7.54E-05;-19.957;-19.924;-99.990;0.00;-155.08;
2025-11-27 11:17:51.53;0.00:00:22:587;-1.00;-0.03;-0.01;0.01014;-0.01024;-0.0002755;-0.0001164;-89.23;-0.33;101.03;1.15;101.03;0.01014;0.01024;-0.0001046;-19.940;-19.895;-99.990;0.00;-157.09;
2025-11-27 11:17:51.58;0.00:00:22:639;-1.00;-0.02;-0.01;0.01013;-0.01023;-0.0002258;-0.0001132;-89.37;-0.32;101.03;1.12;101.02;0.01013;0.01023;-0.000104;-19.945;-19.900;-99.990;0.00;-153.38;
2025-11-27 11:17:51.64;0.00:00:22:700;-1.00;-0.03;-0.01;0.0101;-0.0102;-0.0002878;-0.0001277;-89.19;-0.36;101.00;1.26;100.99;0.0101;0.0102;-0.0001008;-19.957;-19.914;-99.990;0.00;-156.06;
2025-11-27 11:17:51.71;0.00:00:22:762;-1.00;-0.03;-0.01;0.0101;-0.01019;-0.0002668;-0.0001094;-89.25;-0.31;100.91;1.08;100.91;0.0101;0.01019;-9.232E-05;-19.956;-19.916;-99.990;0.00;-157.71;
2025-11-27 11:17:51.76;0.00:00:22:813;-1.00;-0.03;-0.01;0.0101;-0.01018;-0.0002645;-0.0001058;-89.26;-0.30;100.83;1.05;100.82;0.0101;0.01018;-8.373E-05;-19.959;-19.923;-99.990;0.00;-158.20;
2025-11-27 11:17:51.81;0.00:00:22:864;-1.00;-0.03;-0.01;0.01012;-0.01022;-0.0002661;-0.000112;-89.25;-0.31;101.03;1.11;101.02;0.01012;0.01023;-0.0001044;-19.947;-19.902;-99.990;0.00;-157.16;
2025-11-27 11:17:51.86;0.00:00:22:915;-1.00;-0.02;-0.01;0.01007;-0.01014;-0.0002523;-0.0001103;-89.29;-0.31;100.75;1.10;100.75;0.01007;0.01015;-7.604E-05;-19.969;-19.936;-99.990;0.00;-156.38;
2025-11-27 11:17:51.92;0.00:00:22:975;-1.00;-0.03;-0.01;0.01008;-0.01017;-0.0002587;-0.000116;-89.27;-0.33;100.96;1.15;100.95;0.01008;0.01018;-9.632E-05;-19.966;-19.925;-99.990;0.00;-155.84;
2025-11-27 11:17:51.97;0.00:00:23:027;-1.00;-0.03;-0.01;0.01009;-0.01019;-0.000268;-0.0001017;-89.25;-0.29;101.02;1.01;101.02;0.01009;0.01019;-0.0001031;-19.962;-19.918;-99.990;0.00;-159.22;
2025-11-27 11:17:52.02;0.00:00:23:079;-1.00;-0.02;-0.01;0.01009;-0.01018;-0.0002344;-0.0001231;-89.34;-0.35;100.93;1.22;100.92;0.01009;0.01018;-9.402E-05;-19.961;-19.921;-99.990;0.00;-152.29;
2025-11-27 11:17:52.08;0.00:00:23:140;-1.00;-0.03;-0.01;0.01011;-0.01021;-0.0002792;-0.0001176;-89.22;-0.33;101.03;1.16;101.02;0.01011;0.01021;-0.0001042;-19.953;-19.909;-99.990;0.00;-157.16;
2025-11-27 11:17:52.13;0.00:00:23:191;-1.00;-0.02;-0.01;0.01011;-0.01019;-0.0002342;-0.0001064;-89.34;-0.30;100.85;1.05;100.84;0.01011;0.01019;-8.55E-05;-19.954;-19.917;-99.990;0.00;-155.56;
2025-11-27 11:17:52.19;0.00:00:23:242;-1.00;-0.02;-0.01;0.01012;-0.01022;-0.0002478;-0.0001196;-89.31;-0.34;100.96;1.18;100.95;0.01012;0.01022;-9.68E-05;-19.947;-19.906;-99.990;0.00;-154.23;
2025-11-27 11:17:52.24;0.00:00:23:293;-1.00;-0.02;-0.01;0.01013;-0.01021;-0.000255;-0.0001264;-89.28;-0.35;100.80;1.25;100.80;0.01013;0.01021;-8.134E-05;-19.943;-19.908;-99.990;0.00;-153.63;
2025-11-27 11:17:52.29;0.00:00:23:344;-1.00;-0.02;-0.01;0.01012;-0.01021;-0.000242;-0.0001063;-89.32;-0.30;100.99;1.05;100.98;0.01012;0.01022;-0.0001001;-19.950;-19.907;-99.990;0.00;-156.28;
2025-11-27 11:17:52.35;0.00:00:23:402;-1.00;-0.02;-0.01;0.01013;-0.01022;-0.0002405;-0.0001144;-89.33;-0.32;100.94;1.13;100.94;0.01013;0.01022;-9.545E-05;-19.945;-19.904;-99.990;0.00;-154.55;
2025-11-27 11:17:52.40;0.00:00:23:456;-1.00;-0.03;-0.01;0.01012;-0.01021;-0.0002572;-0.0001165;-89.28;-0.33;100.99;1.15;100.98;0.01012;0.01022;-9.975E-05;-19.949;-19.906;-99.990;0.00;-155.63;
2025-11-27 11:17:52.45;0.00:00:23:507;-1.00;-0.03;-0.01;0.01011;-0.01022;-0.0002616;-0.0001194;-89.27;-0.33;101.14;1.18;101.13;0.01011;0.01023;-0.0001152;-19.952;-19.903;-99.990;0.00;-155.47;
2025-11-27 11:17:52.51;0.00:00:23:564;-1.00;-0.03;-0.01;0.01013;-0.01024;-0.0002595;-0.0001356;-89.27;-0.38;101.08;1.34;101.07;0.01013;0.01024;-0.0001091;-19.942;-19.896;-99.990;0.00;-152.42;
2025-11-27 11:17:52.55;0.00:00:23:609;-1.00;-0.02;-0.01;0.01014;-0.01023;-0.0002368;-0.0001208;-89.34;-0.34;100.95;1.19;100.94;0.01014;0.01023;-9.63E-05;-19.941;-19.900;-99.990;0.00;-152.98;
2025-11-27 11:17:52.60;0.00:00:23:661;-1.00;-0.02;-0.01;0.01012;-0.01022;-0.0002282;-0.0001039;-89.36;-0.29;101.04;1.03;101.03;0.01012;0.01022;-0.000105;-19.948;-19.903;-99.990;0.00;-155.51;
2025-11-27 11:17:52.67;0.00:00:23:722;-1.00;-0.03;-0.01;0.01011;-0.01019;-0.000258;-0.0001162;-89.28;-0.33;100.83;1.15;100.82;0.01011;0.0102;-8.372E-05;-19.951;-19.915;-99.990;0.00;-155.76;
2025-11-27 11:17:52.72;0.00:00:23:773;-1.00;-0.02;-0.01;0.01013;-0.01022;-0.0002528;-0.0001062;-89.29;-0.30;100.96;1.05;100.96;0.01013;0.01022;-9.753E-05;-19.945;-19.904;-99.990;0.00;-157.22;
2025-11-27 11:17:52.77;0.00:00:23:824;-1.00;-0.03;-0.01;0.01014;-0.01022;-0.0002613;-0.0001458;-89.27;-0.41;100.86;1.44;100.85;0.01014;0.01023;-8.723E-05;-19.939;-19.902;-99.990;0.00;-150.83;
2025-11-27 11:17:52.81;0.00:00:23:870;-1.00;-0.02;-0.01;0.01014;-0.01023;-0.0002382;-0.000115;-89.33;-0.32;100.91;1.13;100.90;0.01014;0.01023;-9.195E-05;-19.940;-19.901;-99.990;0.00;-154.22;
2025-11-27 11:17:52.86;0.00:00:23:917;-1.00;-0.03;-0.01;0.01015;-0.01025;-0.0002607;-0.0001296;-89.27;-0.36;101.02;1.28;101.01;0.01015;0.01025;-0.0001035;-19.937;-19.893;-99.990;0.00;-153.57;
2025-11-27 11:17:52.91;0.00:00:23:963;-1.00;-0.03;-0.01;0.01015;-0.01024;-0.0002764;-0.0001425;-89.23;-0.40;100.90;1.40;100.89;0.01015;0.01024;-9.156E-05;-19.936;-19.897;-99.990;0.00;-152.72;
2025-11-27 11:17:52.96;0.00:00:24:011;-1.00;-0.03;-0.01;0.01014;-0.01023;-0.0002739;-0.000114;-89.23;-0.32;100.97;1.12;100.96;0.01014;0.01024;-9.788E-05;-19.941;-19.899;-99.990;0.00;-157.40;
2025-11-27 11:17:53.00;0.00:00:24:058;-1.00;-0.02;-0.01;0.01015;-0.01026;-0.0002331;-0.0001294;-89.35;-0.36;101.10;1.28;101.09;0.01015;0.01026;-0.0001115;-19.936;-19.889;-99.990;0.00;-150.96;
2025-11-27 11:17:53.05;0.00:00:24:105;-1.00;-0.03;-0.01;0.01016;-0.01028;-0.0002717;-0.0001162;-89.24;-0.32;101.19;1.14;101.18;0.01016;0.01028;-0.0001205;-19.929;-19.878;-99.990;0.00;-156.85;
2025-11-27 11:17:53.10;0.00:00:24:155;-1.00;-0.02;-0.01;0.01011;-0.01023;-0.0002312;-0.0001102;-89.35;-0.31;101.19;1.09;101.19;0.01011;0.01023;-0.0001205;-19.953;-19.901;-99.990;0.00;-154.51;
2025-11-27 11:17:53.16;0.00:00:24:215;-1.00;-0.03;-0.01;0.01012;-0.0102;-0.0002725;-0.0001039;-89.24;-0.29;100.82;1.03;100.81;0.01012;0.0102;-8.255E-05;-19.947;-19.912;-99.990;0.00;-159.12;
2025-11-27 11:17:53.21;0.00:00:24:262;-1.00;-0.03;-0.01;0.01012;-0.01021;-0.0002753;-0.0001124;-89.23;-0.32;100.95;1.11;100.95;0.01012;0.01021;-9.643E-05;-19.949;-19.908;-99.990;0.00;-157.80;
2025-11-27 11:17:53.25;0.00:00:24:308;-1.00;-0.03;-0.01;0.01013;-0.01022;-0.0002833;-0.0001224;-89.21;-0.34;100.98;1.21;100.97;0.01013;0.01023;-9.922E-05;-19.945;-19.903;-99.990;0.00;-156.64;
2025-11-27 11:17:53.30;0.00:00:24:355;-1.00;-0.02;-0.01;0.01015;-0.01025;-0.0002533;-0.0001205;-89.29;-0.34;101.07;1.19;101.06;0.01015;0.01026;-0.0001086;-19.936;-19.890;-99.990;0.00;-154.56;
2025-11-27 11:17:53.35;0.00:00:24:401;-1.00;-0.02;-0.01;0.01011;-0.0102;-0.0002534;-0.0001042;-89.29;-0.29;100.98;1.03;100.97;0.01011;0.01021;-9.905E-05;-19.953;-19.911;-99.990;0.00;-157.66;
2025-11-27 11:17:53.39;0.00:00:24:448;-1.00;-0.03;-0.01;0.01012;-0.01021;-0.0002647;-0.0001049;-89.26;-0.29;100.94;1.04;100.94;0.01012;0.01021;-9.552E-05;-19.950;-19.909;-99.990;0.00;-158.37;
2025-11-27 11:17:53.44;0.00:00:24:496;-1.00;-0.02;-0.01;0.01011;-0.01022;-0.0002422;-0.0001087;-89.32;-0.30;101.09;1.08;101.08;0.01011;0.01022;-0.0001101;-19.951;-19.904;-99.990;0.00;-155.82;
2025-11-27 11:17:53.49;0.00:00:24:542;-1.00;-0.03;-0.01;0.01011;-0.0102;-0.0002592;-0.0001306;-89.27;-0.37;100.89;1.29;100.88;0.01011;0.0102;-9.007E-05;-19.952;-19.913;-99.990;0.00;-153.25;
2025-11-27 11:17:53.53;0.00:00:24:589;-1.00;-0.03;-0.01;0.01013;-0.01024;-0.0002567;-9.884E-05;-89.28;-0.28;101.14;0.98;101.14;0.01013;0.01024;-0.0001156;-19.944;-19.895;-99.990;0.00;-158.94;
2025-11-27 11:17:53.58;0.00:00:24:635;-1.00;-0.03;-0.01;0.01013;-0.01022;-0.0002731;-0.0001385;-89.23;-0.39;100.95;1.37;100.94;0.01013;0.01023;-9.578E-05;-19.944;-19.903;-99.990;0.00;-153.10;
2025-11-27 11:17:53.63;0.00:00:24:682;-1.00;-0.02;-0.01;0.01012;-0.01021;-0.0002362;-0.0001108;-89.34;-0.31;100.93;1.10;100.93;0.01012;0.01021;-9.434E-05;-19.950;-19.909;-99.990;0.00;-154.86;
2025-11-27 11:17:53.67;0.00:00:24:730;-1.00;-0.03;-0.01;0.01011;-0.01018;-0.000299;-0.000109;-89.16;-0.31;100.80;1.08;100.79;0.01011;0.01019;-8.091E-05;-19.953;-19.918;-99.990;0.00;-159.97;
2025-11-27 11:17:53.72;0.00:00:24:777;-1.00;-0.03;-0.01;0.01015;-0.01025;-0.0002823;-0.0001009;-89.21;-0.28;101.06;0.99;101.05;0.01015;0.01026;-0.0001072;-19.936;-19.890;-99.990;0.00;-160.33;
2025-11-27 11:17:53.77;0.00:00:24:823;-1.00;-0.02;-0.01;0.01008;-0.01014;-0.000252;-9.237E-05;-89.29;-0.26;100.72;0.92;100.71;0.01008;0.01015;-7.213E-05;-19.967;-19.936;-99.990;0.00;-159.87;
2025-11-27 11:17:53.83;0.00:00:24:886;-1.00;-0.02;-0.01;0.01011;-0.0102;-0.0002465;-0.0001264;-89.31;-0.36;100.92;1.25;100.91;0.01011;0.0102;-9.303E-05;-19.954;-19.914;-99.990;0.00;-152.86;
2025-11-27 11:17:53.88;0.00:00:24:933;-1.00;-0.02;-0.01;0.0101;-0.01018;-0.0002392;-0.0001236;-89.33;-0.35;100.81;1.22;100.80;0.0101;0.01018;-8.176E-05;-19.956;-19.921;-99.990;0.00;-152.68;
2025-11-27 11:17:53.93;0.00:00:24:984;-1.00;-0.03;-0.01;0.0101;-0.01019;-0.0002655;-8.935E-05;-89.25;-0.25;100.93;0.88;100.92;0.0101;0.01019;-9.38E-05;-19.956;-19.916;-99.990;0.00;-161.40;
2025-11-27 11:17:53.99;0.00:00:25:043;-1.00;-0.03;-0.01;0.01012;-0.01021;-0.0002588;-0.0001162;-89.27;-0.33;100.91;1.15;100.91;0.01012;0.01021;-9.243E-05;-19.949;-19.909;-99.990;0.00;-155.82;
2025-11-27 11:17:54.03;0.00:00:25:090;-1.00;-0.02;-0.01;0.01011;-0.0102;-0.0002431;-0.0001236;-89.32;-0.35;100.97;1.22;100.96;0.01011;0.0102;-9.777E-05;-19.955;-19.913;-99.990;0.00;-153.05;
2025-11-27 11:17:54.09;0.00:00:25:144;-1.00;-0.03;-0.01;0.01009;-0.0102;-0.0002736;-0.0001107;-89.23;-0.31;101.05;1.10;101.05;0.01009;0.0102;-0.0001064;-19.960;-19.914;-99.990;0.00;-157.96;
2025-11-27 11:17:54.14;0.00:00:25:199;-1.00;-0.02;-0.01;0.01011;-0.01021;-0.0002345;-0.0001201;-89.34;-0.34;101.04;1.19;101.03;0.01011;0.01021;-0.000105;-19.954;-19.909;-99.990;0.00;-152.87;
2025-11-27 11:17:54.19;0.00:00:25:247;-1.00;-0.02;-0.01;0.01011;-0.01022;-0.0002302;-0.0001305;-89.36;-0.37;101.21;1.29;101.20;0.01011;0.01023;-0.0001223;-19.954;-19.902;-99.990;0.00;-150.45;
2025-11-27 11:17:54.24;0.00:00:25:294;-1.00;-0.03;-0.01;0.0101;-0.0102;-0.0002789;-0.0001134;-89.22;-0.32;101.09;1.12;101.08;0.0101;0.01021;-0.00011;-19.957;-19.910;-99.990;0.00;-157.88;
2025-11-27 11:17:54.28;0.00:00:25:340;-1.00;-0.02;-0.01;0.0101;-0.0102;-0.0002388;-0.0001352;-89.33;-0.38;101.02;1.34;101.01;0.0101;0.0102;-0.0001026;-19.958;-19.914;-99.990;0.00;-150.48;
2025-11-27 11:17:54.33;0.00:00:25:386;-1.00;-0.03;-0.01;0.01012;-0.01024;-0.0002632;-0.000121;-89.26;-0.34;101.26;1.20;101.25;0.01012;0.01025;-0.0001272;-19.949;-19.895;-99.990;0.00;-155.32;
2025-11-27 11:17:54.38;0.00:00:25:432;-1.00;-0.02;-0.01;0.01008;-0.01017;-0.000209;-0.0001204;-89.41;-0.34;100.88;1.19;100.87;0.01008;0.01017;-8.88E-05;-19.965;-19.927;-99.990;0.00;-150.07;
2025-11-27 11:17:54.42;0.00:00:25:480;-1.00;-0.02;-0.01;0.01014;-0.01023;-0.0002279;-0.0001154;-89.36;-0.32;100.92;1.14;100.92;0.01014;0.01023;-9.37E-05;-19.940;-19.900;-99.990;0.00;-153.14;
2025-11-27 11:17:54.47;0.00:00:25:527;-1.00;-0.03;-0.01;0.01015;-0.01025;-0.0002737;-0.0001254;-89.24;-0.35;101.06;1.24;101.05;0.01015;0.01026;-0.0001073;-19.936;-19.891;-99.990;0.00;-155.39;
2025-11-27 11:17:54.52;0.00:00:25:577;-1.00;-0.03;-0.01;0.01015;-0.01024;-0.000262;-0.0001057;-89.27;-0.30;101.00;1.04;101.00;0.01015;0.01025;-0.0001018;-19.937;-19.894;-99.990;0.00;-158.04;
2025-11-27 11:17:54.58;0.00:00:25:635;-1.00;-0.03;-0.01;0.01013;-0.01021;-0.0002595;-0.0001007;-89.27;-0.28;100.83;0.99;100.82;0.01013;0.01021;-8.376E-05;-19.944;-19.908;-99.990;0.00;-158.78;
2025-11-27 11:17:54.63;0.00:00:25:682;-1.00;-0.02;-0.01;0.01011;-0.0102;-0.0002366;-0.0001175;-89.34;-0.33;100.92;1.16;100.92;0.01011;0.0102;-9.346E-05;-19.954;-19.914;-99.990;0.00;-153.59;
2025-11-27 11:17:54.67;0.00:00:25:729;-1.00;-0.02;-0.01;0.01012;-0.01021;-0.0002326;-0.0001142;-89.35;-0.32;100.91;1.13;100.90;0.01012;0.01021;-9.199E-05;-19.947;-19.908;-99.990;0.00;-153.84;
2025-11-27 11:17:54.72;0.00:00:25:777;-1.00;-0.02;-0.01;0.01011;-0.0102;-0.0002347;-0.0001271;-89.34;-0.36;100.96;1.26;100.95;0.01011;0.01021;-9.673E-05;-19.952;-19.911;-99.990;0.00;-151.56;
2025-11-27 11:17:54.77;0.00:00:25:824;-1.00;-0.03;-0.01;0.01012;-0.01022;-0.0002888;-9.819E-05;-89.19;-0.28;101.05;0.97;101.04;0.01012;0.01023;-0.0001058;-19.948;-19.903;-99.990;0.00;-161.22;
2025-11-27 11:17:54.82;0.00:00:25:873;-1.00;-0.03;-0.01;0.0101;-0.01019;-0.0002738;-0.0001058;-89.23;-0.30;100.88;1.05;100.88;0.0101;0.01019;-8.914E-05;-19.955;-19.917;-99.990;0.00;-158.87;
2025-11-27 11:17:54.86;0.00:00:25:918;-1.00;-0.02;-0.01;0.01013;-0.01024;-0.0002426;-0.0001242;-89.32;-0.35;101.11;1.23;101.11;0.01013;0.01024;-0.0001129;-19.944;-19.896;-99.990;0.00;-152.88;
2025-11-27 11:17:54.91;0.00:00:25:966;-1.00;-0.03;-0.01;0.01014;-0.01025;-0.0002851;-0.0001306;-89.20;-0.37;101.07;1.29;101.06;0.01014;0.01025;-0.0001083;-19.939;-19.893;-99.990;0.00;-155.38;
2025-11-27 11:17:54.96;0.00:00:26:016;-1.00;-0.02;-0.01;0.01015;-0.01026;-0.0002343;-0.0001183;-89.35;-0.33;101.09;1.17;101.08;0.01015;0.01026;-0.0001102;-19.936;-19.889;-99.990;0.00;-153.21;
2025-11-27 11:17:55.02;0.00:00:26:076;-1.00;-0.03;-0.01;0.01012;-0.01023;-0.0002617;-0.0001199;-89.27;-0.34;101.09;1.18;101.09;0.01012;0.01023;-0.0001106;-19.946;-19.899;-99.990;0.00;-155.38;
2025-11-27 11:17:55.07;0.00:00:26:126;-1.00;-0.02;-0.01;0.01009;-0.01018;-0.0002295;-0.0001185;-89.35;-0.33;100.93;1.17;100.93;0.01009;0.01019;-9.429E-05;-19.961;-19.920;-99.990;0.00;-152.70;
2025-11-27 11:17:55.14;0.00:00:26:191;-1.00;-0.03;-0.01;0.01013;-0.01022;-0.0002574;-0.0001235;-89.28;-0.35;100.94;1.22;100.93;0.01013;0.01022;-9.526E-05;-19.945;-19.904;-99.990;0.00;-154.37;
2025-11-27 11:17:55.19;0.00:00:26:249;-1.00;-0.02;-0.01;0.01014;-0.01025;-0.0002494;-0.0001064;-89.30;-0.30;101.15;1.05;101.15;0.01014;0.01025;-0.0001169;-19.941;-19.891;-99.990;0.00;-156.90;
2025-11-27 11:17:55.24;0.00:00:26:296;-1.00;-0.03;-0.01;0.01009;-0.01018;-0.0002745;-0.0001212;-89.23;-0.34;100.96;1.20;100.95;0.01009;0.01019;-9.686E-05;-19.961;-19.920;-99.990;0.00;-156.17;
2025-11-27 11:17:55.29;0.00:00:26:345;-1.00;-0.03;-0.01;0.0101;-0.01022;-0.0002638;-0.0001165;-89.26;-0.33;101.19;1.15;101.18;0.0101;0.01022;-0.00012;-19.955;-19.904;-99.990;0.00;-156.17;
2025-11-27 11:17:55.33;0.00:00:26:390;-1.00;-0.02;-0.01;0.01012;-0.01021;-0.0002206;-0.0001107;-89.38;-0.31;100.92;1.09;100.92;0.01012;0.01021;-9.356E-05;-19.949;-19.909;-99.990;0.00;-153.35;
2025-11-27 11:17:55.38;0.00:00:26:437;-1.00;-0.03;-0.01;0.01014;-0.01026;-0.0002748;-0.0001333;-89.23;-0.37;101.20;1.31;101.19;0.01014;0.01026;-0.0001219;-19.939;-19.887;-99.990;0.00;-154.12;
2025-11-27 11:17:55.43;0.00:00:26:485;-1.00;-0.03;-0.01;0.01012;-0.01023;-0.0002688;-0.0001123;-89.25;-0.31;101.08;1.11;101.07;0.01012;0.01023;-0.000109;-19.946;-19.900;-99.990;0.00;-157.33;
2025-11-27 11:17:55.47;0.00:00:26:531;-1.00;-0.03;-0.01;0.01013;-0.01023;-0.0002834;-0.0001243;-89.21;-0.35;101.04;1.23;101.03;0.01013;0.01024;-0.0001052;-19.944;-19.899;-99.990;0.00;-156.32;
2025-11-27 11:17:55.52;0.00:00:26:577;-1.00;-0.03;-0.01;0.01011;-0.0102;-0.0002748;-0.0001159;-89.23;-0.33;100.92;1.15;100.91;0.01011;0.01021;-9.284E-05;-19.951;-19.911;-99.990;0.00;-157.12;
2025-11-27 11:17:55.57;0.00:00:26:624;-1.00;-0.03;-0.01;0.01011;-0.0102;-0.0002859;-0.0001157;-89.20;-0.32;100.87;1.14;100.87;0.01011;0.0102;-8.844E-05;-19.951;-19.913;-99.990;0.00;-157.97;
2025-11-27 11:17:55.62;0.00:00:26:671;-1.00;-0.03;-0.01;0.01012;-0.01021;-0.0003042;-0.000115;-89.15;-0.32;101.03;1.14;101.03;0.01012;0.01022;-0.0001044;-19.950;-19.906;-99.990;0.00;-159.30;
2025-11-27 11:17:55.66;0.00:00:26:718;-1.00;-0.03;-0.01;0.01013;-0.01024;-0.0002773;-0.000112;-89.22;-0.31;101.15;1.11;101.14;0.01013;0.01024;-0.000116;-19.945;-19.896;-99.990;0.00;-158.00;
2025-11-27 11:17:55.71;0.00:00:26:765;-1.00;-0.03;-0.01;0.0101;-0.01018;-0.0002712;-0.0001223;-89.24;-0.34;100.88;1.21;100.87;0.0101;0.01019;-8.88E-05;-19.958;-19.920;-99.990;0.00;-155.72;
2025-11-27 11:17:55.76;0.00:00:26:812;-1.00;-0.03;-0.01;0.01012;-0.01023;-0.0002679;-0.0001047;-89.25;-0.29;101.13;1.03;101.12;0.01012;0.01023;-0.0001141;-19.948;-19.900;-99.990;0.00;-158.66;
2025-11-27 11:17:55.80;0.00:00:26:859;-1.00;-0.03;-0.01;0.01013;-0.01024;-0.0002561;-0.0001294;-89.28;-0.36;101.14;1.28;101.13;0.01013;0.01024;-0.0001151;-19.945;-19.896;-99.990;0.00;-153.19;
2025-11-27 11:17:55.87;0.00:00:26:923;-1.00;-0.02;-0.01;0.01013;-0.01022;-0.0002302;-0.0001046;-89.36;-0.29;100.99;1.03;100.98;0.01013;0.01023;-0.0001;-19.945;-19.902;-99.990;0.00;-155.56;
2025-11-27 11:17:55.93;0.00:00:26:984;-1.00;-0.03;-0.01;0.01011;-0.01022;-0.0002709;-0.0001163;-89.24;-0.33;101.10;1.15;101.10;0.01011;0.01022;-0.0001114;-19.953;-19.905;-99.990;0.00;-156.76;
2025-11-27 11:17:55.98;0.00:00:27:031;-1.00;-0.03;-0.01;0.01014;-0.01025;-0.0003079;-0.0001238;-89.14;-0.35;101.14;1.22;101.14;0.01014;0.01026;-0.000116;-19.938;-19.889;-99.990;0.00;-158.10;
2025-11-27 11:17:56.02;0.00:00:27:080;-1.00;-0.03;-0.01;0.01013;-0.01023;-0.0002661;-9.581E-05;-89.25;-0.27;101.00;0.95;101.00;0.01013;0.01023;-0.0001015;-19.945;-19.901;-99.990;0.00;-160.20;
2025-11-27 11:17:56.07;0.00:00:27:126;-1.00;-0.03;-0.01;0.01011;-0.0102;-0.0002586;-0.0001124;-89.27;-0.32;100.94;1.11;100.94;0.01011;0.01021;-9.541E-05;-19.951;-19.910;-99.990;0.00;-156.52;
2025-11-27 11:17:56.12;0.00:00:27:172;-1.00;-0.02;-0.01;0.01012;-0.01021;-0.0002024;-0.0001171;-89.43;-0.33;100.91;1.16;100.90;0.01012;0.01021;-9.17E-05;-19.950;-19.911;-99.990;0.00;-149.95;
2025-11-27 11:17:56.16;0.00:00:27:220;-1.00;-0.03;-0.01;0.01013;-0.01024;-0.0002673;-0.0001197;-89.25;-0.33;101.07;1.18;101.06;0.01013;0.01024;-0.0001085;-19.942;-19.896;-99.990;0.00;-155.87;
2025-11-27 11:17:56.21;0.00:00:27:266;-1.00;-0.02;-0.01;0.01013;-0.01023;-0.0002498;-0.0001215;-89.30;-0.34;101.06;1.20;101.06;0.01013;0.01023;-0.0001076;-19.946;-19.900;-99.990;0.00;-154.05;
2025-11-27 11:17:56.26;0.00:00:27:312;-1.00;-0.03;-0.01;0.01011;-0.01022;-0.0002746;-0.0001254;-89.23;-0.35;101.17;1.24;101.16;0.01011;0.01022;-0.0001179;-19.954;-19.904;-99.990;0.00;-155.46;
2025-11-27 11:17:56.30;0.00:00:27:360;-1.00;-0.02;-0.01;0.01014;-0.01024;-0.0002286;-0.0001087;-89.36;-0.30;101.02;1.07;101.02;0.01014;0.01024;-0.0001039;-19.941;-19.897;-99.990;0.00;-154.57;
2025-11-27 11:17:56.35;0.00:00:27:407;-1.00;-0.02;-0.01;0.0101;-0.01021;-0.0002551;-0.000134;-89.28;-0.38;101.13;1.33;101.12;0.0101;0.01021;-0.0001144;-19.958;-19.909;-99.990;0.00;-152.29;
2025-11-27 11:17:56.40;0.00:00:27:454;-1.00;-0.02;-0.01;0.01012;-0.01023;-0.0002409;-0.0001226;-89.33;-0.34;101.09;1.21;101.09;0.01012;0.01023;-0.0001107;-19.949;-19.901;-99.990;0.00;-153.02;
2025-11-27 11:17:56.44;0.00:00:27:500;-1.00;-0.03;-0.01;0.01011;-0.01021;-0.0002581;-0.0001111;-89.28;-0.31;101.08;1.10;101.07;0.01011;0.01021;-0.000109;-19.954;-19.908;-99.990;0.00;-156.71;
2025-11-27 11:17:56.49;0.00:00:27:550;-1.00;-0.02;-0.01;0.01011;-0.01021;-0.0002431;-0.0001093;-89.32;-0.31;100.99;1.08;100.99;0.01011;0.01021;-0.0001004;-19.952;-19.909;-99.990;0.00;-155.80;
2025-11-27 11:17:56.55;0.00:00:27:608;-1.00;-0.03;-0.01;0.0101;-0.01021;-0.0002681;-0.0001125;-89.25;-0.32;101.06;1.11;101.06;0.0101;0.01021;-0.0001073;-19.955;-19.909;-99.990;0.00;-157.24;
2025-11-27 11:17:56.60;0.00:00:27:655;-1.00;-0.03;-0.01;0.01008;-0.01017;-0.0002674;-9.804E-05;-89.25;-0.28;100.92;0.97;100.92;0.01008;0.01018;-9.305E-05;-19.964;-19.924;-99.990;0.00;-159.87;
2025-11-27 11:17:56.65;0.00:00:27:703;-1.00;-0.03;-0.01;0.0101;-0.0102;-0.0002593;-0.000107;-89.27;-0.30;100.98;1.06;100.97;0.0101;0.0102;-9.853E-05;-19.956;-19.914;-99.990;0.00;-157.58;
2025-11-27 11:17:56.69;0.00:00:27:749;-1.00;-0.03;-0.01;0.0101;-0.0102;-0.0002606;-0.0001147;-89.27;-0.32;101.02;1.14;101.01;0.0101;0.01021;-0.000103;-19.955;-19.911;-99.990;0.00;-156.25;
2025-11-27 11:17:56.74;0.00:00:27:796;-1.00;-0.02;-0.01;0.01011;-0.01022;-0.0002322;-0.0001158;-89.35;-0.32;101.16;1.15;101.16;0.01011;0.01023;-0.0001175;-19.953;-19.902;-99.990;0.00;-153.49;
2025-11-27 11:17:56.79;0.00:00:27:844;-1.00;-0.02;-0.01;0.01011;-0.01021;-0.0002506;-0.0001276;-89.30;-0.36;101.02;1.26;101.02;0.01011;0.01022;-0.0001036;-19.951;-19.907;-99.990;0.00;-153.02;
2025-11-27 11:17:56.83;0.00:00:27:890;-1.00;-0.02;-0.01;0.01011;-0.0102;-0.0002487;-0.0001119;-89.30;-0.31;100.97;1.11;100.96;0.01011;0.01021;-9.805E-05;-19.953;-19.911;-99.990;0.00;-155.78;
2025-11-27 11:17:56.88;0.00:00:27:937;-1.00;-0.03;-0.01;0.01012;-0.01021;-0.0002861;-0.000107;-89.20;-0.30;100.98;1.06;100.97;0.01012;0.01022;-9.872E-05;-19.949;-19.907;-99.990;0.00;-159.49;
2025-11-27 11:17:56.93;0.00:00:27:987;-1.00;-0.02;-0.01;0.01008;-0.01017;-0.0002434;-0.0001126;-89.31;-0.32;100.95;1.12;100.95;0.01008;0.01018;-9.588E-05;-19.965;-19.924;-99.990;0.00;-155.17;
2025-11-27 11:17:56.99;0.00:00:28:045;-1.00;-0.02;-0.01;0.01012;-0.01025;-0.0002462;-0.0001041;-89.31;-0.29;101.31;1.03;101.30;0.01012;0.01026;-0.0001323;-19.946;-19.890;-99.990;0.00;-157.07;
2025-11-27 11:17:57.04;0.00:00:28:092;-1.00;-0.02;-0.01;0.0101;-0.01019;-0.0002442;-0.0001113;-89.31;-0.31;100.93;1.10;100.92;0.0101;0.01019;-9.387E-05;-19.958;-19.918;-99.990;0.00;-155.50;
2025-11-27 11:17:57.08;0.00:00:28:139;-1.00;-0.02;-0.01;0.01008;-0.01017;-0.0002367;-0.0001083;-89.33;-0.30;100.88;1.07;100.88;0.01008;0.01017;-8.889E-05;-19.964;-19.926;-99.990;0.00;-155.42;
2025-11-27 11:17:57.13;0.00:00:28:185;-1.00;-0.03;-0.01;0.01009;-0.01016;-0.0002696;-0.00011;-89.24;-0.31;100.78;1.09;100.77;0.01009;0.01016;-7.83E-05;-19.963;-19.929;-99.990;0.00;-157.81;
2025-11-27 11:17:57.18;0.00:00:28:232;-1.00;-0.02;-0.01;0.01013;-0.01025;-0.0002261;-0.0001176;-89.37;-0.33;101.15;1.16;101.14;0.01013;0.01025;-0.0001163;-19.942;-19.893;-99.990;0.00;-152.51;
2025-11-27 11:17:57.22;0.00:00:28:279;-1.00;-0.02;-0.01;0.01012;-0.01023;-0.0002546;-9.726E-05;-89.29;-0.27;101.10;0.96;101.10;0.01012;0.01024;-0.0001118;-19.946;-19.898;-99.990;0.00;-159.09;
2025-11-27 11:17:57.27;0.00:00:28:326;-1.00;-0.03;-0.01;0.01011;-0.01021;-0.0002588;-0.0001291;-89.27;-0.36;101.04;1.28;101.03;0.01011;0.01022;-0.0001049;-19.951;-19.906;-99.990;0.00;-153.49;
2025-11-27 11:17:57.32;0.00:00:28:373;-1.00;-0.02;-0.01;0.0101;-0.0102;-0.0002519;-0.0001047;-89.29;-0.29;101.01;1.04;101.00;0.0101;0.0102;-0.0001019;-19.957;-19.914;-99.990;0.00;-157.44;
2025-11-27 11:17:57.36;0.00:00:28:419;-1.00;-0.02;-0.01;0.0101;-0.0102;-0.0002404;-9.941E-05;-89.33;-0.28;101.05;0.98;101.05;0.0101;0.01021;-0.0001061;-19.957;-19.912;-99.990;0.00;-157.53;
2025-11-27 11:17:57.41;0.00:00:28:466;-1.00;-0.03;-0.01;0.0101;-0.01018;-0.0002576;-0.0001122;-89.28;-0.32;100.91;1.11;100.91;0.0101;0.01019;-9.226E-05;-19.958;-19.919;-99.990;0.00;-156.46;
2025-11-27 11:17:57.46;0.00:00:28:513;-1.00;-0.02;-0.01;0.01014;-0.01026;-0.0002489;-0.0001232;-89.30;-0.34;101.15;1.21;101.14;0.01014;0.01026;-0.0001168;-19.939;-19.889;-99.990;0.00;-153.67;
2025-11-27 11:17:57.51;0.00:00:28:561;-1.00;-0.02;-0.01;0.01011;-0.0102;-0.0002424;-0.0001043;-89.32;-0.29;101.01;1.03;101.00;0.01011;0.01021;-0.0001021;-19.954;-19.911;-99.990;0.00;-156.73;
2025-11-27 11:17:57.55;0.00:00:28:609;-1.00;-0.03;-0.01;0.01012;-0.01022;-0.0002814;-0.0001137;-89.21;-0.32;101.04;1.12;101.03;0.01012;0.01023;-0.000105;-19.947;-19.903;-99.990;0.00;-158.00;
2025-11-27 11:17:57.60;0.00:00:28:656;-1.00;-0.02;-0.01;0.01012;-0.01021;-0.0002492;-0.0001115;-89.30;-0.31;100.90;1.10;100.89;0.01012;0.01021;-9.115E-05;-19.949;-19.910;-99.990;0.00;-155.90;
2025-11-27 11:17:57.65;0.00:00:28:703;-1.00;-0.03;-0.01;0.01012;-0.01021;-0.0002931;-0.0001175;-89.18;-0.33;100.97;1.16;100.96;0.01012;0.01022;-9.797E-05;-19.948;-19.906;-99.990;0.00;-158.16;
2025-11-27 11:17:57.70;0.00:00:28:752;-1.00;-0.02;-0.01;0.01009;-0.01019;-0.0002354;-0.0001008;-89.34;-0.28;100.97;1.00;100.96;0.01009;0.01019;-9.775E-05;-19.960;-19.918;-99.990;0.00;-156.82;
2025-11-27 11:17:57.76;0.00:00:28:812;-1.00;-0.02;-0.01;0.0101;-0.01018;-0.0002498;-0.0001097;-89.30;-0.31;100.91;1.09;100.91;0.0101;0.01019;-9.216E-05;-19.958;-19.919;-99.990;0.00;-156.30;
2025-11-27 11:17:57.80;0.00:00:28:858;-1.00;-0.02;-0.01;0.01014;-0.01025;-0.0002466;-0.0001044;-89.31;-0.29;101.16;1.03;101.16;0.01014;0.01026;-0.0001179;-19.940;-19.890;-99.990;0.00;-157.05;
2025-11-27 11:17:57.85;0.00:00:28:905;-1.00;-0.03;-0.01;0.01013;-0.01023;-0.0002709;-0.0001108;-89.24;-0.31;100.99;1.09;100.99;0.01013;0.01023;-0.0001005;-19.944;-19.901;-99.990;0.00;-157.75;
2025-11-27 11:17:57.90;0.00:00:28:951;-1.00;-0.03;-0.01;0.01012;-0.01022;-0.0002955;-0.000107;-89.17;-0.30;101.02;1.06;101.02;0.01012;0.01023;-0.0001035;-19.946;-19.902;-99.990;0.00;-160.09;
2025-11-27 11:17:57.94;0.00:00:28:998;-1.00;-0.02;-0.01;0.01011;-0.01018;-0.0002263;-0.0001419;-89.36;-0.40;100.78;1.40;100.77;0.01011;0.01019;-7.842E-05;-19.954;-19.920;-99.990;0.00;-147.91;
2025-11-27 11:17:57.99;0.00:00:29:046;-1.00;-0.03;-0.01;0.01009;-0.01018;-0.0002734;-0.0001118;-89.23;-0.31;101.00;1.11;101.00;0.01009;0.01019;-0.0001013;-19.962;-19.919;-99.990;0.00;-157.76;
2025-11-27 11:17:58.04;0.00:00:29:093;-1.00;-0.03;-0.01;0.01009;-0.01018;-0.0002736;-0.0001289;-89.23;-0.36;100.91;1.28;100.90;0.01009;0.01018;-9.177E-05;-19.961;-19.921;-99.990;0.00;-154.78;
2025-11-27 11:17:58.08;0.00:00:29:140;-1.00;-0.03;-0.01;0.01011;-0.01022;-0.0002763;-0.0001066;-89.23;-0.30;101.10;1.05;101.10;0.01011;0.01022;-0.0001117;-19.953;-19.905;-99.990;0.00;-158.91;
2025-11-27 11:17:58.14;0.00:00:29:192;-1.00;-0.03;-0.01;0.01014;-0.01025;-0.000296;-0.0001087;-89.17;-0.30;101.15;1.07;101.14;0.01014;0.01025;-0.0001163;-19.941;-19.892;-99.990;0.00;-159.84;
2025-11-27 11:17:58.19;0.00:00:29:250;-1.00;-0.02;-0.01;0.01008;-0.01015;-0.0002463;-0.0001184;-89.31;-0.33;100.80;1.18;100.80;0.01008;0.01016;-8.102E-05;-19.966;-19.932;-99.990;0.00;-154.32;
2025-11-27 11:17:58.24;0.00:00:29:297;-1.00;-0.02;-0.01;0.01007;-0.01016;-0.0002525;-0.0001142;-89.29;-0.32;100.93;1.13;100.93;0.01007;0.01017;-9.39E-05;-19.968;-19.928;-99.990;0.00;-155.67;
2025-11-27 11:17:58.29;0.00:00:29:344;-1.00;-0.03;-0.01;0.01009;-0.01018;-0.0003042;-0.0001069;-89.14;-0.30;101.00;1.06;101.00;0.01009;0.01019;-0.000101;-19.963;-19.920;-99.990;0.00;-160.65;
2025-11-27 11:17:58.33;0.00:00:29:391;-1.00;-0.03;-0.01;0.01011;-0.01022;-0.0002821;-0.0001177;-89.21;-0.33;101.12;1.16;101.11;0.01011;0.01023;-0.0001131;-19.951;-19.902;-99.990;0.00;-157.35;
2025-11-27 11:17:58.38;0.00:00:29:438;-1.00;-0.02;-0.01;0.01009;-0.01018;-0.0002311;-0.000108;-89.35;-0.30;100.94;1.07;100.94;0.01009;0.01018;-9.503E-05;-19.962;-19.921;-99.990;0.00;-154.95;
2025-11-27 11:17:58.43;0.00:00:29:485;-1.00;-0.03;-0.01;0.01011;-0.01022;-0.0002838;-0.0001255;-89.20;-0.35;101.09;1.24;101.09;0.01011;0.01022;-0.0001105;-19.952;-19.904;-99.990;0.00;-156.14;
2025-11-27 11:17:58.48;0.00:00:29:533;-1.00;-0.03;-0.01;0.01008;-0.01016;-0.0002725;-0.0001208;-89.23;-0.34;100.87;1.20;100.86;0.01008;0.01017;-8.783E-05;-19.965;-19.927;-99.990;0.00;-156.09;
2025-11-27 11:17:58.53;0.00:00:29:581;-1.00;-0.02;-0.01;0.01006;-0.01016;-0.0002462;-0.0001314;-89.31;-0.37;101.03;1.31;101.02;0.01006;0.01017;-0.0001038;-19.973;-19.928;-99.990;0.00;-151.92;
2025-11-27 11:17:58.57;0.00:00:29:629;-1.00;-0.02;-0.01;0.01007;-0.01015;-0.00024;-0.0001122;-89.32;-0.32;100.79;1.11;100.78;0.01007;0.01015;-7.957E-05;-19.968;-19.934;-99.990;0.00;-154.94;
2025-11-27 11:17:58.62;0.00:00:29:674;-1.00;-0.02;-0.01;0.01009;-0.01018;-0.000244;-0.0001174;-89.31;-0.33;100.90;1.16;100.89;0.01009;0.01018;-9.033E-05;-19.960;-19.922;-99.990;0.00;-154.30;
2025-11-27 11:17:58.67;0.00:00:29:721;-1.00;-0.02;-0.01;0.01007;-0.01017;-0.0002087;-0.00011;-89.41;-0.31;101.03;1.09;101.02;0.01007;0.01017;-0.0001038;-19.969;-19.925;-99.990;0.00;-152.21;
2025-11-27 11:17:58.71;0.00:00:29:770;-1.00;-0.03;-0.01;0.01007;-0.01017;-0.0002615;-0.0001113;-89.26;-0.31;100.99;1.10;100.99;0.01007;0.01017;-0.0001;-19.969;-19.926;-99.990;0.00;-156.95;
2025-11-27 11:17:58.78;0.00:00:29:831;-1.00;-0.02;-0.01;0.01009;-0.01019;-0.0002416;-0.0001261;-89.32;-0.35;101.01;1.25;101.00;0.01009;0.01019;-0.0001014;-19.962;-19.918;-99.990;0.00;-152.43;
2025-11-27 11:17:58.82;0.00:00:29:879;-1.00;-0.02;-0.01;0.01009;-0.01018;-0.0002464;-0.0001238;-89.31;-0.35;100.93;1.23;100.92;0.01009;0.01019;-9.4E-05;-19.960;-19.920;-99.990;0.00;-153.32;
2025-11-27 11:17:58.87;0.00:00:29:929;-1.00;-0.02;-0.01;0.01013;-0.01024;-0.000249;-0.0001208;-89.30;-0.34;101.16;1.19;101.15;0.01013;0.01024;-0.0001175;-19.945;-19.895;-99.990;0.00;-154.12;
2025-11-27 11:17:58.93;0.00:00:29:988;-1.00;-0.02;-0.01;0.01009;-0.01019;-0.0002378;-0.0001158;-89.33;-0.33;101.02;1.15;101.01;0.01009;0.0102;-0.0001028;-19.960;-19.916;-99.990;0.00;-154.03;
2025-11-27 11:17:58.98;0.00:00:30:035;-1.00;-0.02;-0.01;0.01012;-0.0102;-0.0002336;-0.0001228;-89.34;-0.34;100.83;1.21;100.82;0.01012;0.01021;-8.424E-05;-19.947;-19.911;-99.990;0.00;-152.28;
2025-11-27 11:17:59.03;0.00:00:30:081;-1.00;-0.03;-0.01;0.01011;-0.0102;-0.0002577;-0.0001341;-89.28;-0.38;100.94;1.33;100.93;0.01011;0.01021;-9.462E-05;-19.952;-19.911;-99.990;0.00;-152.51;
2025-11-27 11:17:59.07;0.00:00:30:128;-1.00;-0.02;-0.01;0.01012;-0.01022;-0.000251;-0.0001033;-89.30;-0.29;101.02;1.02;101.01;0.01012;0.01023;-0.0001032;-19.947;-19.903;-99.990;0.00;-157.64;
2025-11-27 11:17:59.12;0.00:00:30:175;-1.00;-0.02;-0.01;0.01011;-0.01019;-0.0002518;-0.0001035;-89.29;-0.29;100.86;1.02;100.86;0.01011;0.01019;-8.721E-05;-19.954;-19.917;-99.990;0.00;-157.65;
2025-11-27 11:17:59.17;0.00:00:30:221;-1.00;-0.02;-0.01;0.01013;-0.01023;-0.0002463;-0.0001062;-89.31;-0.30;101.01;1.05;101.00;0.01013;0.01023;-0.000102;-19.944;-19.900;-99.990;0.00;-156.67;
2025-11-27 11:17:59.21;0.00:00:30:267;-1.00;-0.02;-0.01;0.01012;-0.01022;-0.0002442;-0.0001377;-89.32;-0.39;100.97;1.36;100.96;0.01012;0.01022;-9.851E-05;-19.947;-19.905;-99.990;0.00;-150.58;
2025-11-27 11:17:59.26;0.00:00:30:314;-1.00;-0.03;-0.01;0.01012;-0.0102;-0.0002625;-0.0001207;-89.26;-0.34;100.87;1.19;100.86;0.01012;0.0102;-8.756E-05;-19.950;-19.913;-99.990;0.00;-155.31;
2025-11-27 11:17:59.31;0.00:00:30:362;-1.00;-0.02;-0.01;0.01012;-0.01023;-0.0002266;-0.0001143;-89.37;-0.32;101.08;1.13;101.07;0.01012;0.01023;-0.0001094;-19.947;-19.900;-99.990;0.00;-153.23;
2025-11-27 11:17:59.35;0.00:00:30:408;-1.00;-0.03;-0.01;0.0101;-0.01019;-0.0002922;-0.0001118;-89.18;-0.31;100.90;1.11;100.90;0.0101;0.01019;-9.126E-05;-19.955;-19.916;-99.990;0.00;-159.06;
2025-11-27 11:17:59.40;0.00:00:30:456;-1.00;-0.03;-0.01;0.0101;-0.01021;-0.0002869;-0.0001207;-89.20;-0.34;101.17;1.20;101.16;0.0101;0.01022;-0.000118;-19.958;-19.907;-99.990;0.00;-157.18;
2025-11-27 11:17:59.45;0.00:00:30:503;-1.00;-0.03;-0.01;0.01012;-0.0102;-0.0002607;-0.0001249;-89.27;-0.35;100.92;1.24;100.91;0.01012;0.01021;-9.26E-05;-19.950;-19.911;-99.990;0.00;-154.39;
2025-11-27 11:17:59.49;0.00:00:30:550;-1.00;-0.02;-0.01;0.01009;-0.01019;-0.0002539;-0.0001146;-89.29;-0.32;100.96;1.13;100.96;0.01009;0.01019;-9.718E-05;-19.959;-19.917;-99.990;0.00;-155.71;
2025-11-27 11:17:59.54;0.00:00:30:597;-1.00;-0.02;-0.01;0.01008;-0.01017;-0.0002423;-0.0001097;-89.32;-0.31;100.89;1.09;100.88;0.01008;0.01017;-8.935E-05;-19.965;-19.927;-99.990;0.00;-155.63;
2025-11-27 11:17:59.59;0.00:00:30:645;-1.00;-0.03;-0.01;0.01007;-0.01016;-0.0002643;-0.0001252;-89.26;-0.35;100.97;1.24;100.96;0.01007;0.01017;-9.775E-05;-19.971;-19.929;-99.990;0.00;-154.65;
2025-11-27 11:17:59.64;0.00:00:30:692;-1.00;-0.03;-0.01;0.01008;-0.01016;-0.0003;-0.0001197;-89.15;-0.34;100.83;1.19;100.82;0.01008;0.01016;-8.325E-05;-19.965;-19.929;-99.990;0.00;-158.25;
2025-11-27 11:17:59.68;0.00:00:30:738;-1.00;-0.03;-0.01;0.01008;-0.01017;-0.0002579;-0.0001195;-89.27;-0.34;100.93;1.19;100.92;0.01008;0.01017;-9.39E-05;-19.966;-19.925;-99.990;0.00;-155.13;
2025-11-27 11:17:59.73;0.00:00:30:786;-1.00;-0.03;-0.01;0.01009;-0.01018;-0.000275;-0.000128;-89.23;-0.36;100.90;1.27;100.89;0.01009;0.01018;-9.083E-05;-19.960;-19.922;-99.990;0.00;-155.04;
2025-11-27 11:17:59.78;0.00:00:30:834;-1.00;-0.02;-0.01;0.01008;-0.01018;-0.0002303;-0.0001236;-89.35;-0.35;100.99;1.23;100.98;0.01008;0.01018;-9.993E-05;-19.965;-19.922;-99.990;0.00;-151.77;
2025-11-27 11:17:59.82;0.00:00:30:881;-1.00;-0.03;-0.01;0.01007;-0.01015;-0.0002606;-0.0001176;-89.26;-0.33;100.83;1.17;100.82;0.01007;0.01016;-8.342E-05;-19.969;-19.933;-99.990;0.00;-155.72;
2025-11-27 11:17:59.87;0.00:00:30:928;-1.00;-0.02;-0.01;0.01006;-0.01017;-0.0002495;-0.0001245;-89.30;-0.35;101.04;1.24;101.03;0.01006;0.01017;-0.0001043;-19.972;-19.927;-99.990;0.00;-153.48;
2025-11-27 11:17:59.92;0.00:00:30:979;-1.00;-0.03;-0.01;0.01008;-0.01017;-0.0002882;-0.0001107;-89.19;-0.31;100.93;1.10;100.93;0.01008;0.01018;-9.419E-05;-19.965;-19.924;-99.990;0.00;-158.99;
2025-11-27 11:17:59.98;0.00:00:31:037;-1.00;-0.03;-0.01;0.01006;-0.01015;-0.0002756;-0.0001093;-89.22;-0.31;101.01;1.09;101.00;0.01006;0.01016;-0.0001011;-19.975;-19.932;-99.990;0.00;-158.37;
2025-11-27 11:18:00.03;0.00:00:31:083;-1.00;-0.02;-0.01;0.01006;-0.01015;-0.0002392;-0.0001277;-89.33;-0.36;100.95;1.27;100.94;0.01006;0.01016;-9.572E-05;-19.974;-19.932;-99.990;0.00;-151.89;
2025-11-27 11:18:00.07;0.00:00:31:131;-1.00;-0.03;-0.01;0.0101;-0.0102;-0.0002577;-0.0001328;-89.28;-0.37;101.03;1.31;101.02;0.0101;0.0102;-0.000104;-19.956;-19.912;-99.990;0.00;-152.74;
2025-11-27 11:18:00.12;0.00:00:31:178;-1.00;-0.02;-0.01;0.01009;-0.01019;-0.0002473;-0.000142;-89.30;-0.40;101.06;1.41;101.05;0.01009;0.0102;-0.0001068;-19.962;-19.916;-99.990;0.00;-150.13;
2025-11-27 11:18:00.17;0.00:00:31:225;-1.00;-0.02;-0.01;0.0101;-0.01021;-0.0002499;-0.0001257;-89.30;-0.35;101.17;1.24;101.16;0.0101;0.01022;-0.000118;-19.957;-19.906;-99.990;0.00;-153.30;
2025-11-27 11:18:00.22;0.00:00:31:275;-1.00;-0.02;-0.01;0.01011;-0.01021;-0.000237;-0.0001193;-89.33;-0.33;101.01;1.18;101.00;0.01011;0.01021;-0.0001018;-19.953;-19.909;-99.990;0.00;-153.28;
2025-11-27 11:18:00.26;0.00:00:31:320;-1.00;-0.02;-0.01;0.01011;-0.0102;-0.0002547;-0.0001316;-89.28;-0.37;101.01;1.30;101.00;0.01011;0.01021;-0.0001017;-19.955;-19.911;-99.990;0.00;-152.68;
2025-11-27 11:18:00.31;0.00:00:31:367;-1.00;-0.02;-0.01;0.01009;-0.01018;-0.0002419;-9.709E-05;-89.32;-0.27;100.87;0.96;100.86;0.01009;0.01018;-8.744E-05;-19.960;-19.923;-99.990;0.00;-158.14;
2025-11-27 11:18:00.36;0.00:00:31:413;-1.00;-0.03;-0.01;0.01009;-0.01019;-0.0002705;-0.0001207;-89.24;-0.34;101.04;1.20;101.04;0.01009;0.0102;-0.0001052;-19.960;-19.915;-99.990;0.00;-155.95;
2025-11-27 11:18:00.40;0.00:00:31:460;-1.00;-0.03;-0.01;0.01008;-0.01017;-0.0002811;-0.0001016;-89.21;-0.29;100.91;1.01;100.90;0.01008;0.01017;-9.151E-05;-19.965;-19.926;-99.990;0.00;-160.13;
2025-11-27 11:18:00.45;0.00:00:31:506;-1.00;-0.02;-0.01;0.0101;-0.0102;-0.0002537;-0.00011;-89.29;-0.31;101.00;1.09;101.00;0.0101;0.0102;-0.0001012;-19.957;-19.914;-99.990;0.00;-156.55;
2025-11-27 11:18:00.50;0.00:00:31:554;-1.00;-0.03;-0.01;0.01011;-0.01022;-0.0002632;-0.0001063;-89.26;-0.30;101.07;1.05;101.06;0.01011;0.01022;-0.000108;-19.952;-19.906;-99.990;0.00;-158.00;
2025-11-27 11:18:00.55;0.00:00:31:606;-1.00;-0.03;-0.01;0.0101;-0.01019;-0.0002796;-0.0001171;-89.21;-0.33;100.98;1.16;100.98;0.0101;0.0102;-9.921E-05;-19.958;-19.915;-99.990;0.00;-157.28;
2025-11-27 11:18:00.61;0.00:00:31:664;-1.00;-0.03;-0.01;0.0101;-0.01019;-0.0002722;-0.0001151;-89.23;-0.32;100.94;1.14;100.93;0.0101;0.01019;-9.494E-05;-19.958;-19.917;-99.990;0.00;-157.07;
2025-11-27 11:18:00.66;0.00:00:31:711;-1.00;-0.03;-0.01;0.01011;-0.0102;-0.0002574;-0.000103;-89.28;-0.29;100.87;1.02;100.86;0.01011;0.0102;-8.76E-05;-19.951;-19.913;-99.990;0.00;-158.19;
2025-11-27 11:18:00.70;0.00:00:31:757;-1.00;-0.03;-0.01;0.0101;-0.01019;-0.0002823;-9.991E-05;-89.21;-0.28;100.94;0.99;100.94;0.0101;0.01019;-9.524E-05;-19.958;-19.917;-99.990;0.00;-160.51;
2025-11-27 11:18:00.75;0.00:00:31:804;-1.00;-0.02;-0.01;0.01009;-0.01019;-0.0002397;-0.0001047;-89.33;-0.29;101.03;1.04;101.02;0.01009;0.01019;-0.0001036;-19.962;-19.918;-99.990;0.00;-156.40;
2025-11-27 11:18:00.80;0.00:00:31:852;-1.00;-0.02;-0.01;0.01009;-0.01019;-0.0002316;-0.0001082;-89.35;-0.30;100.94;1.07;100.94;0.01009;0.01019;-9.532E-05;-19.959;-19.918;-99.990;0.00;-154.96;
2025-11-27 11:18:00.84;0.00:00:31:898;-1.00;-0.02;-0.01;0.01009;-0.01018;-0.0002404;-0.0001135;-89.32;-0.32;101.00;1.13;100.99;0.01009;0.01019;-0.0001009;-19.963;-19.920;-99.990;0.00;-154.72;
2025-11-27 11:18:00.89;0.00:00:31:945;-1.00;-0.03;-0.01;0.01009;-0.01019;-0.0002612;-0.0001293;-89.27;-0.36;101.01;1.28;101.01;0.01009;0.0102;-0.0001025;-19.959;-19.915;-99.990;0.00;-153.66;
2025-11-27 11:18:00.94;0.00:00:31:992;-1.00;-0.03;-0.01;0.0101;-0.01021;-0.0002902;-0.0001053;-89.19;-0.30;101.13;1.04;101.12;0.0101;0.01022;-0.0001137;-19.955;-19.906;-99.990;0.00;-160.05;
2025-11-27 11:18:00.98;0.00:00:32:040;-1.00;-0.03;-0.01;0.01008;-0.01018;-0.0002613;-0.000124;-89.26;-0.35;101.01;1.23;101.00;0.01008;0.01019;-0.0001019;-19.964;-19.920;-99.990;0.00;-154.62;
2025-11-27 11:18:01.03;0.00:00:32:087;-1.00;-0.02;-0.01;0.01008;-0.01019;-0.0002412;-0.0001067;-89.32;-0.30;101.05;1.06;101.04;0.01008;0.01019;-0.0001059;-19.964;-19.919;-99.990;0.00;-156.13;
2025-11-27 11:18:01.08;0.00:00:32:133;-1.00;-0.03;-0.01;0.01007;-0.01016;-0.0002744;-0.0001082;-89.23;-0.30;100.90;1.07;100.89;0.01007;0.01016;-9.016E-05;-19.968;-19.930;-99.990;0.00;-158.49;
2025-11-27 11:18:01.12;0.00:00:32:180;-1.00;-0.03;-0.01;0.01008;-0.01016;-0.0003023;-0.0001193;-89.15;-0.34;100.83;1.18;100.83;0.01008;0.01017;-8.394E-05;-19.964;-19.928;-99.990;0.00;-158.47;
2025-11-27 11:18:01.17;0.00:00:32:227;-1.00;-0.02;-0.01;0.01006;-0.01014;-0.0002383;-0.0001151;-89.33;-0.32;100.82;1.14;100.81;0.01006;0.01015;-8.215E-05;-19.972;-19.937;-99.990;0.00;-154.23;
2025-11-27 11:18:01.22;0.00:00:32:275;-1.00;-0.03;-0.01;0.01009;-0.01019;-0.0002572;-0.0001078;-89.28;-0.30;101.07;1.07;101.06;0.01009;0.01019;-0.0001077;-19.963;-19.917;-99.990;0.00;-157.26;
2025-11-27 11:18:01.27;0.00:00:32:321;-1.00;-0.03;-0.01;0.01007;-0.01017;-0.0002647;-0.0001171;-89.25;-0.33;101.03;1.16;101.02;0.01007;0.01018;-0.0001035;-19.969;-19.924;-99.990;0.00;-156.13;
2025-11-27 11:18:01.32;0.00:00:32:371;-1.00;-0.03;-0.01;0.01006;-0.01014;-0.0002751;-0.0001168;-89.22;-0.33;100.89;1.16;100.89;0.01006;0.01015;-8.993E-05;-19.975;-19.937;-99.990;0.00;-156.98;
2025-11-27 11:18:01.38;0.00:00:32:431;-1.00;-0.02;-0.01;0.01008;-0.0102;-0.0002478;-0.0001155;-89.30;-0.32;101.28;1.15;101.27;0.01008;0.01021;-0.000129;-19.966;-19.911;-99.990;0.00;-155.01;
2025-11-27 11:18:01.42;0.00:00:32:478;-1.00;-0.02;-0.01;0.01006;-0.01017;-0.0002288;-0.0001137;-89.36;-0.32;101.07;1.13;101.06;0.01006;0.01017;-0.0001074;-19.973;-19.927;-99.990;0.00;-153.59;
2025-11-27 11:18:01.47;0.00:00:32:525;-1.00;-0.03;-0.01;0.01007;-0.01016;-0.0002758;-0.0001063;-89.22;-0.30;100.94;1.06;100.93;0.01007;0.01016;-9.456E-05;-19.970;-19.929;-99.990;0.00;-158.92;
2025-11-27 11:18:01.52;0.00:00:32:572;-1.00;-0.02;-0.01;0.01009;-0.01017;-0.000251;-0.0001121;-89.29;-0.32;100.86;1.11;100.86;0.01009;0.01018;-8.7E-05;-19.962;-19.924;-99.990;0.00;-155.93;
2025-11-27 11:18:01.56;0.00:00:32:618;-1.00;-0.02;-0.01;0.01005;-0.01014;-0.0002386;-0.0001193;-89.33;-0.34;100.95;1.19;100.94;0.01005;0.01015;-9.532E-05;-19.978;-19.937;-99.990;0.00;-153.43;
2025-11-27 11:18:01.61;0.00:00:32:665;-1.00;-0.02;-0.01;0.01006;-0.01016;-0.0002499;-0.0001082;-89.30;-0.30;101.07;1.08;101.06;0.01006;0.01017;-0.0001077;-19.974;-19.928;-99.990;0.00;-156.59;
2025-11-27 11:18:01.66;0.00:00:32:713;-1.00;-0.02;-0.01;0.01008;-0.01017;-0.0002342;-0.0001199;-89.34;-0.34;100.88;1.19;100.87;0.01008;0.01017;-8.861E-05;-19.965;-19.927;-99.990;0.00;-152.90;
2025-11-27 11:18:01.70;0.00:00:32:759;-1.00;-0.02;-0.01;0.01008;-0.01016;-0.0002346;-0.0001027;-89.34;-0.29;100.86;1.02;100.86;0.01008;0.01016;-8.688E-05;-19.966;-19.929;-99.990;0.00;-156.35;
2025-11-27 11:18:01.75;0.00:00:32:807;-1.00;-0.02;-0.01;0.01007;-0.01015;-0.0002536;-0.0001182;-89.28;-0.33;100.89;1.17;100.89;0.01007;0.01016;-8.989E-05;-19.970;-19.932;-99.990;0.00;-155.00;
2025-11-27 11:18:01.81;0.00:00:32:867;-1.00;-0.02;-0.01;0.01007;-0.01017;-0.000239;-0.0001078;-89.33;-0.30;100.96;1.07;100.95;0.01007;0.01017;-9.646E-05;-19.968;-19.926;-99.990;0.00;-155.72;
2025-11-27 11:18:01.86;0.00:00:32:915;-1.00;-0.03;-0.01;0.01007;-0.01015;-0.0002572;-0.0001091;-89.27;-0.31;100.82;1.08;100.81;0.01007;0.01015;-8.259E-05;-19.970;-19.935;-99.990;0.00;-157.01;
2025-11-27 11:18:01.91;0.00:00:32:962;-1.00;-0.03;-0.01;0.01008;-0.01019;-0.0002812;-0.0001102;-89.21;-0.31;101.14;1.09;101.13;0.01008;0.01019;-0.0001149;-19.967;-19.918;-99.990;0.00;-158.60;
2025-11-27 11:18:01.95;0.00:00:33:009;-1.00;-0.02;-0.01;0.01007;-0.01017;-0.0002319;-0.0001278;-89.35;-0.36;101.01;1.27;101.00;0.01007;0.01017;-0.0001016;-19.970;-19.926;-99.990;0.00;-151.15;
2025-11-27 11:18:02.02;0.00:00:33:071;-1.00;-0.02;-0.01;0.01007;-0.01016;-0.0002511;-0.0001217;-89.29;-0.34;100.98;1.21;100.97;0.01007;0.01017;-9.835E-05;-19.970;-19.928;-99.990;0.00;-154.14;
2025-11-27 11:18:02.06;0.00:00:33:120;-1.00;-0.03;-0.01;0.01008;-0.01015;-0.0002924;-0.0001168;-89.18;-0.33;100.82;1.16;100.82;0.01008;0.01016;-8.293E-05;-19.967;-19.931;-99.990;0.00;-158.23;
2025-11-27 11:18:02.11;0.00:00:33:165;-1.00;-0.03;-0.01;0.01009;-0.01019;-0.0002596;-0.0001189;-89.27;-0.33;100.99;1.18;100.98;0.01009;0.01019;-9.951E-05;-19.961;-19.918;-99.990;0.00;-155.38;
2025-11-27 11:18:02.16;0.00:00:33:212;-1.00;-0.02;-0.01;0.01009;-0.0102;-0.0002275;-0.0001218;-89.36;-0.34;101.08;1.21;101.08;0.01009;0.0102;-0.0001093;-19.959;-19.912;-99.990;0.00;-151.83;
2025-11-27 11:18:02.20;0.00:00:33:259;-1.00;-0.03;-0.01;0.01014;-0.01023;-0.000274;-0.0001042;-89.23;-0.29;100.95;1.03;100.94;0.01014;0.01024;-9.634E-05;-19.939;-19.898;-99.990;0.00;-159.17;
2025-11-27 11:18:02.25;0.00:00:33:307;-1.00;-0.03;-0.01;0.01011;-0.01022;-0.0002593;-0.0001167;-89.27;-0.33;101.10;1.15;101.09;0.01011;0.01022;-0.0001111;-19.953;-19.905;-99.990;0.00;-155.77;
2025-11-27 11:18:02.30;0.00:00:33:353;-1.00;-0.03;-0.01;0.01009;-0.0102;-0.0002601;-0.0001205;-89.27;-0.34;101.17;1.19;101.16;0.01009;0.01021;-0.0001181;-19.961;-19.911;-99.990;0.00;-155.15;
2025-11-27 11:18:02.34;0.00:00:33:400;-1.00;-0.03;-0.01;0.01009;-0.01018;-0.000294;-0.0001222;-89.17;-0.34;100.86;1.21;100.85;0.01009;0.01018;-8.66E-05;-19.959;-19.922;-99.990;0.00;-157.44;
2025-11-27 11:18:02.39;0.00:00:33:447;-1.00;-0.02;-0.01;0.0101;-0.01019;-0.0002444;-0.0001247;-89.31;-0.35;100.91;1.23;100.90;0.0101;0.01019;-9.162E-05;-19.958;-19.919;-99.990;0.00;-152.97;
2025-11-27 11:18:02.44;0.00:00:33:493;-1.00;-0.02;-0.01;0.01009;-0.01018;-0.0002204;-0.0001226;-89.38;-0.34;100.88;1.21;100.87;0.01009;0.01018;-8.857E-05;-19.959;-19.921;-99.990;0.00;-150.92;
2025-11-27 11:18:02.48;0.00:00:33:541;-1.00;-0.03;-0.01;0.0101;-0.01019;-0.0002594;-0.0001037;-89.27;-0.29;100.93;1.03;100.92;0.0101;0.0102;-9.345E-05;-19.956;-19.916;-99.990;0.00;-158.21;
2025-11-27 11:18:02.53;0.00:00:33:588;-1.00;-0.03;-0.01;0.01008;-0.01017;-0.0002648;-0.0001025;-89.25;-0.29;100.89;1.02;100.89;0.01008;0.01017;-9.017E-05;-19.965;-19.926;-99.990;0.00;-158.84;
2025-11-27 11:18:02.58;0.00:00:33:635;-1.00;-0.02;-0.01;0.01012;-0.01021;-0.0002387;-0.0001125;-89.33;-0.32;101.01;1.11;101.00;0.01012;0.01022;-0.000102;-19.950;-19.907;-99.990;0.00;-154.76;
2025-11-27 11:18:02.63;0.00:00:33:681;-1.00;-0.03;-0.01;0.01012;-0.01022;-0.0002644;-0.0001276;-89.26;-0.36;101.05;1.26;101.04;0.01012;0.01022;-0.000106;-19.950;-19.905;-99.990;0.00;-154.24;
2025-11-27 11:18:02.67;0.00:00:33:728;-1.00;-0.02;-0.01;0.01006;-0.01016;-0.0002389;-0.000112;-89.33;-0.32;101.04;1.11;101.03;0.01006;0.01017;-0.0001044;-19.972;-19.928;-99.990;0.00;-154.88;
2025-11-27 11:18:02.72;0.00:00:33:775;-1.00;-0.02;-0.01;0.01009;-0.0102;-0.0002453;-0.0001308;-89.31;-0.37;101.07;1.30;101.06;0.01009;0.0102;-0.0001075;-19.960;-19.914;-99.990;0.00;-151.93;
2025-11-27 11:18:02.77;0.00:00:33:823;-1.00;-0.03;-0.01;0.01008;-0.01015;-0.0002627;-0.000108;-89.26;-0.30;100.76;1.07;100.76;0.01008;0.01016;-7.695E-05;-19.965;-19.932;-99.990;0.00;-157.65;
2025-11-27 11:18:02.82;0.00:00:33:871;-1.00;-0.03;-0.01;0.01009;-0.01019;-0.0002823;-0.0001238;-89.21;-0.35;101.01;1.23;101.00;0.01009;0.01019;-0.0001015;-19.961;-19.917;-99.990;0.00;-156.33;
2025-11-27 11:18:02.86;0.00:00:33:918;-1.00;-0.02;-0.01;0.01009;-0.01018;-0.0002396;-0.0001333;-89.33;-0.38;100.88;1.32;100.87;0.01009;0.01018;-8.86E-05;-19.960;-19.922;-99.990;0.00;-150.91;
2025-11-27 11:18:02.93;0.00:00:33:982;-1.00;-0.03;-0.01;0.01008;-0.01017;-0.0002565;-0.0001198;-89.28;-0.34;100.93;1.19;100.93;0.01008;0.01018;-9.402E-05;-19.965;-19.925;-99.990;0.00;-154.97;
2025-11-27 11:18:02.99;0.00:00:34:044;-1.00;-0.02;-0.01;0.0101;-0.01021;-0.000253;-0.0001229;-89.29;-0.34;101.12;1.22;101.11;0.0101;0.01021;-0.0001132;-19.957;-19.908;-99.990;0.00;-154.10;
2025-11-27 11:18:03.04;0.00:00:34:095;-1.00;-0.02;-0.01;0.01008;-0.0102;-0.0002376;-0.0001169;-89.33;-0.33;101.15;1.16;101.14;0.01008;0.0102;-0.0001157;-19.964;-19.914;-99.990;0.00;-153.79;
2025-11-27 11:18:03.10;0.00:00:34:156;-1.00;-0.03;-0.01;0.01007;-0.01015;-0.0002632;-9.06E-05;-89.26;-0.26;100.81;0.90;100.81;0.01007;0.01015;-8.184E-05;-19.970;-19.935;-99.990;0.00;-161.01;
2025-11-27 11:18:03.15;0.00:00:34:208;-1.00;-0.02;-0.01;0.01008;-0.01018;-0.0002408;-0.0001355;-89.32;-0.38;101.07;1.34;101.06;0.01008;0.01019;-0.0001075;-19.966;-19.920;-99.990;0.00;-150.63;
2025-11-27 11:18:03.20;0.00:00:34:259;-1.00;-0.03;-0.01;0.01007;-0.01015;-0.000284;-0.0001008;-89.20;-0.28;100.85;1.00;100.84;0.01007;0.01016;-8.535E-05;-19.970;-19.933;-99.990;0.00;-160.46;
2025-11-27 11:18:03.25;0.00:00:34:309;-1.00;-0.03;-0.01;0.01009;-0.0102;-0.0002689;-0.0001104;-89.24;-0.31;101.11;1.09;101.11;0.01009;0.01021;-0.0001122;-19.959;-19.911;-99.990;0.00;-157.68;
2025-11-27 11:18:03.30;0.00:00:34:359;-1.00;-0.03;-0.01;0.01007;-0.01017;-0.000273;-0.0001158;-89.23;-0.33;101.01;1.15;101.00;0.01007;0.01018;-0.0001018;-19.968;-19.925;-99.990;0.00;-157.02;
2025-11-27 11:18:03.36;0.00:00:34:419;-1.00;-0.03;-0.01;0.01008;-0.01019;-0.0002761;-0.0001046;-89.22;-0.29;101.11;1.04;101.11;0.01008;0.01019;-0.0001121;-19.964;-19.916;-99.990;0.00;-159.25;
2025-11-27 11:18:03.42;0.00:00:34:473;-1.00;-0.02;-0.01;0.01008;-0.01017;-0.0002484;-0.0001264;-89.30;-0.36;101.00;1.25;100.99;0.01008;0.01018;-0.0001004;-19.967;-19.924;-99.990;0.00;-153.03;
2025-11-27 11:18:03.47;0.00:00:34:524;-1.00;-0.03;-0.01;0.01009;-0.0102;-0.0002691;-0.0001049;-89.24;-0.29;101.09;1.04;101.08;0.01009;0.0102;-0.00011;-19.960;-19.913;-99.990;0.00;-158.71;
2025-11-27 11:18:03.52;0.00:00:34:574;-1.00;-0.03;-0.01;0.01006;-0.01014;-0.0002617;-0.000136;-89.26;-0.38;100.83;1.35;100.82;0.01006;0.01015;-8.345E-05;-19.973;-19.937;-99.990;0.00;-152.54;
2025-11-27 11:18:03.57;0.00:00:34:626;-1.00;-0.03;-0.01;0.01008;-0.01017;-0.0002656;-0.0001091;-89.25;-0.31;100.97;1.08;100.97;0.01008;0.01017;-9.819E-05;-19.967;-19.925;-99.990;0.00;-157.68;
2025-11-27 11:18:03.62;0.00:00:34:677;-1.00;-0.02;-0.01;0.01009;-0.01018;-0.0002337;-0.0001168;-89.34;-0.33;100.99;1.16;100.98;0.01009;0.01019;-9.964E-05;-19.963;-19.920;-99.990;0.00;-153.44;
2025-11-27 11:18:03.67;0.00:00:34:729;-1.00;-0.03;-0.01;0.01008;-0.01018;-0.0002575;-0.0001268;-89.28;-0.36;100.97;1.26;100.96;0.01008;0.01018;-9.76E-05;-19.964;-19.922;-99.990;0.00;-153.77;
2025-11-27 11:18:03.72;0.00:00:34:780;-1.00;-0.03;-0.01;0.01008;-0.01018;-0.0002603;-0.0001163;-89.27;-0.33;100.99;1.15;100.99;0.01008;0.01019;-0.0001002;-19.963;-19.920;-99.990;0.00;-155.93;
2025-11-27 11:18:03.78;0.00:00:34:831;-1.00;-0.03;-0.01;0.01007;-0.01017;-0.0002686;-0.0001124;-89.24;-0.32;101.03;1.12;101.02;0.01007;0.01018;-0.0001034;-19.968;-19.923;-99.990;0.00;-157.30;
2025-11-27 11:18:03.82;0.00:00:34:877;-1.00;-0.03;-0.01;0.01008;-0.01017;-0.0002645;-0.0001085;-89.26;-0.31;101.03;1.08;101.02;0.01008;0.01018;-0.0001035;-19.967;-19.923;-99.990;0.00;-157.70;
2025-11-27 11:18:03.88;0.00:00:34:933;-1.00;-0.03;-0.01;0.01006;-0.01014;-0.0002653;-0.0001233;-89.25;-0.35;100.88;1.23;100.87;0.01006;0.01014;-8.853E-05;-19.976;-19.938;-99.990;0.00;-155.08;
2025-11-27 11:18:03.93;0.00:00:34:984;-1.00;-0.02;-0.01;0.01005;-0.01015;-0.0002202;-0.0001163;-89.38;-0.33;101.04;1.16;101.04;0.01005;0.01015;-0.0001049;-19.980;-19.934;-99.990;0.00;-152.16;
2025-11-27 11:18:03.98;0.00:00:35:036;-1.00;-0.02;-0.01;0.01006;-0.01016;-0.0002274;-9.165E-05;-89.36;-0.26;101.03;0.91;101.02;0.01006;0.01016;-0.0001034;-19.974;-19.929;-99.990;0.00;-158.05;
2025-11-27 11:18:04.03;0.00:00:35:087;-1.00;-0.02;-0.01;0.01007;-0.01016;-0.0002501;-0.0001032;-89.30;-0.29;100.92;1.02;100.91;0.01007;0.01017;-9.247E-05;-19.968;-19.929;-99.990;0.00;-157.59;
2025-11-27 11:18:04.08;0.00:00:35:134;-1.00;-0.03;-0.01;0.01007;-0.01017;-0.000265;-0.000115;-89.25;-0.32;101.03;1.14;101.02;0.01007;0.01017;-0.0001033;-19.969;-19.925;-99.990;0.00;-156.55;
2025-11-27 11:18:04.13;0.00:00:35:189;-1.00;-0.02;-0.01;0.01009;-0.01021;-0.0002494;-0.0001098;-89.30;-0.31;101.24;1.09;101.23;0.01009;0.01021;-0.0001246;-19.961;-19.908;-99.990;0.00;-156.24;
2025-11-27 11:18:04.19;0.00:00:35:245;-1.00;-0.03;-0.01;0.01006;-0.01015;-0.0002867;-0.0001141;-89.19;-0.32;100.96;1.13;100.96;0.01006;0.01015;-9.676E-05;-19.976;-19.934;-99.990;0.00;-158.30;
2025-11-27 11:18:04.24;0.00:00:35:297;-1.00;-0.02;-0.01;0.01007;-0.01016;-0.000241;-0.0001198;-89.32;-0.34;100.90;1.19;100.90;0.01007;0.01016;-9.101E-05;-19.970;-19.931;-99.990;0.00;-153.56;
2025-11-27 11:18:04.30;0.00:00:35:360;-1.00;-0.03;-0.01;0.01005;-0.01014;-0.0002629;-0.0001146;-89.26;-0.32;100.86;1.14;100.86;0.01005;0.01014;-8.688E-05;-19.977;-19.940;-99.990;0.00;-156.45;
2025-11-27 11:18:04.36;0.00:00:35:412;-1.00;-0.02;-0.01;0.01006;-0.01016;-0.000253;-0.000105;-89.29;-0.30;101.02;1.04;101.01;0.01006;0.01016;-0.0001025;-19.974;-19.930;-99.990;0.00;-157.46;
2025-11-27 11:18:04.41;0.00:00:35:463;-1.00;-0.03;-0.01;0.01008;-0.01017;-0.0002762;-0.0001241;-89.22;-0.35;100.91;1.23;100.90;0.01008;0.01018;-9.2E-05;-19.964;-19.924;-99.990;0.00;-155.80;
2025-11-27 11:18:04.46;0.00:00:35:519;-1.00;-0.02;-0.01;0.01008;-0.01018;-0.0002467;-0.0001222;-89.31;-0.34;101.06;1.21;101.05;0.01008;0.01018;-0.0001068;-19.967;-19.921;-99.990;0.00;-153.65;
2025-11-27 11:18:04.52;0.00:00:35:575;-1.00;-0.03;-0.01;0.01007;-0.01017;-0.0002725;-0.0001039;-89.23;-0.29;101.01;1.03;101.01;0.01007;0.01017;-0.0001021;-19.971;-19.927;-99.990;0.00;-159.12;
2025-11-27 11:18:04.57;0.00:00:35:626;-1.00;-0.02;-0.01;0.01005;-0.01014;-0.0002528;-0.0001112;-89.29;-0.31;101.00;1.11;100.99;0.01005;0.01015;-0.0001003;-19.980;-19.937;-99.990;0.00;-156.25;
2025-11-27 11:18:04.62;0.00:00:35:677;-1.00;-0.02;-0.01;0.01003;-0.01012;-0.0002472;-0.0001137;-89.30;-0.32;100.93;1.13;100.92;0.01003;0.01012;-9.295E-05;-19.986;-19.946;-99.990;0.00;-155.30;
2025-11-27 11:18:04.67;0.00:00:35:728;-1.00;-0.03;-0.01;0.01008;-0.01018;-0.0002746;-0.0001219;-89.23;-0.34;101.05;1.21;101.04;0.01008;0.01018;-0.0001056;-19.966;-19.921;-99.990;0.00;-156.06;
2025-11-27 11:18:04.73;0.00:00:35:788;-1.00;-0.02;-0.01;0.01006;-0.01015;-0.0002399;-0.000111;-89.32;-0.31;100.83;1.10;100.83;0.01006;0.01015;-8.395E-05;-19.972;-19.936;-99.990;0.00;-155.17;
2025-11-27 11:18:04.78;0.00:00:35:840;-1.00;-0.03;-0.01;0.01005;-0.01018;-0.0002928;-0.0001095;-89.18;-0.31;101.34;1.09;101.33;0.01005;0.01019;-0.0001346;-19.976;-19.919;-99.990;0.00;-159.50;
2025-11-27 11:18:04.83;0.00:00:35:890;-1.00;-0.03;-0.01;0.01006;-0.01018;-0.0002801;-0.0001164;-89.21;-0.33;101.16;1.16;101.15;0.01006;0.01018;-0.0001169;-19.972;-19.922;-99.990;0.00;-157.43;
2025-11-27 11:18:04.89;0.00:00:35:942;-1.00;-0.02;-0.01;0.01007;-0.01017;-0.0002271;-9.815E-05;-89.36;-0.28;101.02;0.97;101.01;0.01007;0.01017;-0.0001026;-19.969;-19.925;-99.990;0.00;-156.63;
2025-11-27 11:18:04.94;0.00:00:35:993;-1.00;-0.02;-0.01;0.01008;-0.01018;-0.0002338;-0.0001156;-89.34;-0.33;101.04;1.15;101.03;0.01008;0.01018;-0.0001044;-19.967;-19.923;-99.990;0.00;-153.69;
2025-11-27 11:18:05.00;0.00:00:36:055;-1.00;-0.03;-0.01;0.01009;-0.01018;-0.0002614;-0.0001169;-89.26;-0.33;101.02;1.16;101.01;0.01009;0.01019;-0.000103;-19.963;-19.919;-99.990;0.00;-155.90;
2025-11-27 11:18:05.05;0.00:00:36:106;-1.00;-0.02;-0.01;0.01011;-0.01021;-0.0002426;-0.0001201;-89.32;-0.34;101.01;1.19;101.00;0.01011;0.01021;-0.0001022;-19.953;-19.909;-99.990;0.00;-153.67;
2025-11-27 11:18:05.10;0.00:00:36:157;-1.00;-0.02;-0.01;0.01009;-0.01018;-0.0002278;-0.0001256;-89.36;-0.35;100.91;1.24;100.90;0.01009;0.01018;-9.134E-05;-19.961;-19.922;-99.990;0.00;-151.14;
2025-11-27 11:18:05.15;0.00:00:36:207;-1.00;-0.02;-0.01;0.01009;-0.0102;-0.0002474;-0.0001142;-89.30;-0.32;101.15;1.13;101.14;0.01009;0.0102;-0.0001157;-19.963;-19.914;-99.990;0.00;-155.22;
2025-11-27 11:18:05.20;0.00:00:36:257;-1.00;-0.03;-0.01;0.01007;-0.01018;-0.000284;-0.0001201;-89.20;-0.34;101.09;1.19;101.08;0.01007;0.01018;-0.0001093;-19.969;-19.922;-99.990;0.00;-157.09;
2025-11-27 11:18:05.25;0.00:00:36:308;-1.00;-0.02;-0.01;0.01009;-0.0102;-0.0002501;-0.0001139;-89.30;-0.32;101.17;1.13;101.16;0.01009;0.01021;-0.0001178;-19.962;-19.911;-99.990;0.00;-155.51;
2025-11-27 11:18:05.30;0.00:00:36:356;-1.00;-0.02;-0.01;0.01007;-0.01017;-0.0002505;-0.0001364;-89.29;-0.38;100.97;1.35;100.97;0.01007;0.01017;-9.816E-05;-19.968;-19.926;-99.990;0.00;-151.44;
2025-11-27 11:18:05.35;0.00:00:36:411;-1.00;-0.02;-0.01;0.01007;-0.01019;-0.000225;-0.0001025;-89.37;-0.29;101.18;1.02;101.17;0.01007;0.01019;-0.0001187;-19.968;-19.917;-99.990;0.00;-155.51;
2025-11-27 11:18:05.41;0.00:00:36:462;-1.00;-0.02;-0.01;0.01008;-0.01016;-0.0002506;-0.0001007;-89.29;-0.28;100.86;1.00;100.86;0.01008;0.01016;-8.667E-05;-19.967;-19.930;-99.990;0.00;-158.11;
2025-11-27 11:18:05.46;0.00:00:36:513;-1.00;-0.02;-0.01;0.01007;-0.01018;-0.0002541;-0.0001141;-89.28;-0.32;101.08;1.13;101.07;0.01007;0.01018;-0.0001084;-19.969;-19.923;-99.990;0.00;-155.81;
2025-11-27 11:18:05.51;0.00:00:36:561;-1.00;-0.03;-0.01;0.01009;-0.0102;-0.0002614;-0.0001141;-89.27;-0.32;101.21;1.13;101.20;0.01009;0.01021;-0.0001216;-19.963;-19.911;-99.990;0.00;-156.42;
2025-11-27 11:18:05.55;0.00:00:36:606;-1.00;-0.03;-0.01;0.01009;-0.0102;-0.000274;-0.0001332;-89.23;-0.37;101.14;1.32;101.13;0.01009;0.0102;-0.0001152;-19.963;-19.913;-99.990;0.00;-154.07;
2025-11-27 11:18:05.60;0.00:00:36:657;-1.00;-0.02;-0.01;0.01005;-0.01013;-0.0002426;-9.8E-05;-89.31;-0.28;100.87;0.98;100.87;0.01005;0.01013;-8.775E-05;-19.980;-19.942;-99.990;0.00;-158.00;
2025-11-27 11:18:05.65;0.00:00:36:709;-1.00;-0.03;-0.01;0.01005;-0.01016;-0.0002851;-0.000117;-89.20;-0.33;101.22;1.16;101.22;0.01005;0.01017;-0.0001228;-19.980;-19.927;-99.990;0.00;-157.69;
2025-11-27 11:18:05.71;0.00:00:36:765;-1.00;-0.02;-0.01;0.01006;-0.01016;-0.0002396;-9.07E-05;-89.32;-0.26;101.10;0.90;101.10;0.01006;0.01017;-0.0001106;-19.976;-19.929;-99.990;0.00;-159.27;
2025-11-27 11:18:05.76;0.00:00:36:821;-1.00;-0.03;-0.01;0.01004;-0.01014;-0.0002578;-9.763E-05;-89.27;-0.28;101.00;0.97;101.00;0.01004;0.01014;-0.0001004;-19.983;-19.940;-99.990;0.00;-159.26;
2025-11-27 11:18:05.82;0.00:00:36:872;-1.00;-0.02;-0.01;0.01005;-0.01013;-0.0002478;-0.0001153;-89.30;-0.33;100.83;1.15;100.82;0.01005;0.01013;-8.292E-05;-19.980;-19.944;-99.990;0.00;-155.04;
2025-11-27 11:18:05.87;0.00:00:36:923;-1.00;-0.03;-0.01;0.01004;-0.01013;-0.0002731;-0.0001071;-89.23;-0.30;100.89;1.07;100.88;0.01004;0.01013;-8.913E-05;-19.981;-19.942;-99.990;0.00;-158.59;
2025-11-27 11:18:05.92;0.00:00:36:979;-1.00;-0.03;-0.01;0.01004;-0.01015;-0.0002685;-0.0001157;-89.24;-0.33;101.13;1.15;101.13;0.01004;0.01015;-0.0001137;-19.982;-19.933;-99.990;0.00;-156.69;
2025-11-27 11:18:05.97;0.00:00:37:024;-1.00;-0.03;-0.01;0.01005;-0.01015;-0.0002738;-0.0001043;-89.23;-0.29;101.03;1.04;101.02;0.01005;0.01015;-0.0001035;-19.979;-19.934;-99.990;0.00;-159.15;
2025-11-27 11:18:06.02;0.00:00:37:075;-1.00;-0.03;-0.01;0.01005;-0.01014;-0.0002922;-0.0001155;-89.17;-0.33;101.00;1.15;100.99;0.01005;0.01015;-0.0001;-19.980;-19.937;-99.990;0.00;-158.44;
2025-11-27 11:18:06.07;0.00:00:37:126;-1.00;-0.03;-0.01;0.01008;-0.01017;-0.0002752;-0.0001236;-89.23;-0.35;100.96;1.23;100.95;0.01008;0.01018;-9.689E-05;-19.966;-19.924;-99.990;0.00;-155.81;
2025-11-27 11:18:06.13;0.00:00:37:184;-1.00;-0.03;-0.01;0.01008;-0.01018;-0.0002965;-0.0001104;-89.17;-0.31;101.07;1.10;101.06;0.01008;0.01019;-0.0001078;-19.966;-19.919;-99.990;0.00;-159.57;
2025-11-27 11:18:06.18;0.00:00:37:235;-1.00;-0.02;-0.01;0.01006;-0.01016;-0.0002381;-0.0001002;-89.33;-0.28;101.04;1.00;101.04;0.01006;0.01017;-0.0001049;-19.973;-19.928;-99.990;0.00;-157.17;
2025-11-27 11:18:06.23;0.00:00:37:287;-1.00;-0.02;-0.01;0.01007;-0.01017;-0.0002525;-0.000106;-89.29;-0.30;101.03;1.05;101.02;0.01007;0.01017;-0.0001033;-19.972;-19.927;-99.990;0.00;-157.22;
2025-11-27 11:18:06.28;0.00:00:37:335;-1.00;-0.03;-0.01;0.01009;-0.01019;-0.0002763;-0.0001273;-89.22;-0.36;101.07;1.26;101.06;0.01009;0.0102;-0.0001075;-19.961;-19.915;-99.990;0.00;-155.26;
2025-11-27 11:18:06.33;0.00:00:37:390;-1.00;-0.03;-0.01;0.0101;-0.01021;-0.0002714;-0.000121;-89.24;-0.34;101.07;1.20;101.07;0.0101;0.01021;-0.0001085;-19.956;-19.910;-99.990;0.00;-155.97;
2025-11-27 11:18:06.40;0.00:00:37:451;-1.00;-0.03;-0.01;0.01007;-0.01018;-0.0002681;-0.0001158;-89.25;-0.33;101.15;1.15;101.15;0.01007;0.01018;-0.0001162;-19.971;-19.921;-99.990;0.00;-156.64;
2025-11-27 11:18:06.45;0.00:00:37:502;-1.00;-0.02;-0.01;0.01007;-0.01017;-0.0002227;-0.0001162;-89.37;-0.33;101.06;1.15;101.06;0.01007;0.01018;-0.000107;-19.970;-19.924;-99.990;0.00;-152.46;
2025-11-27 11:18:06.50;0.00:00:37:554;-1.00;-0.02;-0.01;0.01005;-0.01014;-0.0002306;-0.0001097;-89.35;-0.31;100.87;1.09;100.87;0.01005;0.01014;-8.771E-05;-19.977;-19.939;-99.990;0.00;-154.56;
2025-11-27 11:18:06.54;0.00:00:37:595;-1.00;-0.03;-0.01;0.01005;-0.01015;-0.000255;-0.0001103;-89.28;-0.31;101.00;1.10;101.00;0.01005;0.01015;-0.0001009;-19.978;-19.935;-99.990;0.00;-156.61;
2025-11-27 11:18:06.60;0.00:00:37:656;-1.00;-0.02;-0.01;0.01003;-0.01011;-0.0002245;-0.0001177;-89.36;-0.33;100.88;1.17;100.88;0.01003;0.01012;-8.856E-05;-19.988;-19.950;-99.990;0.00;-152.33;
2025-11-27 11:18:06.65;0.00:00:37:707;-1.00;-0.02;-0.01;0.01005;-0.01015;-0.0002491;-0.0001174;-89.30;-0.33;101.03;1.17;101.02;0.01005;0.01016;-0.0001034;-19.976;-19.932;-99.990;0.00;-154.76;
2025-11-27 11:18:06.70;0.00:00:37:758;-1.00;-0.03;-0.01;0.01007;-0.01016;-0.0002815;-0.000115;-89.21;-0.32;100.92;1.14;100.91;0.01007;0.01017;-9.276E-05;-19.969;-19.929;-99.990;0.00;-157.77;
2025-11-27 11:18:06.76;0.00:00:37:820;-1.00;-0.03;-0.01;0.01007;-0.01016;-0.0002845;-0.0001154;-89.20;-0.33;100.95;1.15;100.94;0.01007;0.01017;-9.53E-05;-19.969;-19.928;-99.990;0.00;-157.92;
2025-11-27 11:18:06.81;0.00:00:37:865;-1.00;-0.03;-0.01;0.01007;-0.01015;-0.0002828;-0.0001101;-89.20;-0.31;100.85;1.09;100.84;0.01007;0.01016;-8.517E-05;-19.969;-19.932;-99.990;0.00;-158.73;
2025-11-27 11:18:06.86;0.00:00:37:912;-1.00;-0.02;-0.01;0.01006;-0.01015;-0.0002482;-0.0001094;-89.30;-0.31;100.94;1.09;100.94;0.01006;0.01016;-9.497E-05;-19.973;-19.932;-99.990;0.00;-156.20;
2025-11-27 11:18:06.90;0.00:00:37:958;-1.00;-0.03;-0.01;0.01007;-0.01019;-0.0002743;-0.0001263;-89.23;-0.36;101.17;1.25;101.16;0.01007;0.01019;-0.0001179;-19.968;-19.917;-99.990;0.00;-155.27;
2025-11-27 11:18:06.95;0.00:00:38:004;-1.00;-0.02;-0.01;0.01008;-0.01016;-0.0002356;-0.0001022;-89.34;-0.29;100.84;1.01;100.83;0.01008;0.01016;-8.425E-05;-19.966;-19.930;-99.990;0.00;-156.56;
2025-11-27 11:18:07.00;0.00:00:38:051;-1.00;-0.02;-0.01;0.01007;-0.01017;-0.0002536;-0.000116;-89.29;-0.33;101.02;1.15;101.01;0.01007;0.01017;-0.0001022;-19.971;-19.927;-99.990;0.00;-155.42;
2025-11-27 11:18:07.04;0.00:00:38:098;-1.00;-0.03;-0.01;0.01007;-0.01016;-0.0002931;-0.0001181;-89.17;-0.33;100.98;1.17;100.98;0.01007;0.01017;-9.91E-05;-19.971;-19.928;-99.990;0.00;-158.05;
2025-11-27 11:18:07.09;0.00:00:38:145;-1.00;-0.03;-0.01;0.01007;-0.01016;-0.0002697;-0.0001005;-89.24;-0.28;100.96;1.00;100.95;0.01007;0.01016;-9.62E-05;-19.970;-19.929;-99.990;0.00;-159.56;
2025-11-27 11:18:07.14;0.00:00:38:191;-1.00;-0.03;-0.01;0.01008;-0.01018;-0.0002947;-0.0001061;-89.17;-0.30;101.06;1.05;101.05;0.01008;0.01018;-0.0001066;-19.966;-19.921;-99.990;0.00;-160.20;
2025-11-27 11:18:07.18;0.00:00:38:238;-1.00;-0.02;-0.01;0.01005;-0.01015;-0.0002342;-0.0001138;-89.34;-0.32;101.05;1.13;101.05;0.01005;0.01016;-0.0001058;-19.978;-19.932;-99.990;0.00;-154.08;
2025-11-27 11:18:07.23;0.00:00:38:285;-1.00;-0.02;-0.01;0.01005;-0.01013;-0.0002373;-0.0001047;-89.33;-0.30;100.89;1.04;100.88;0.01005;0.01014;-8.94E-05;-19.979;-19.940;-99.990;0.00;-156.19;
2025-11-27 11:18:07.28;0.00:00:38:335;-1.00;-0.02;-0.01;0.01005;-0.01016;-0.0002394;-0.0001278;-89.33;-0.36;101.09;1.27;101.08;0.01005;0.01016;-0.0001096;-19.978;-19.931;-99.990;0.00;-151.91;
2025-11-27 11:18:07.34;0.00:00:38:393;-1.00;-0.03;-0.01;0.01005;-0.01017;-0.0002606;-0.0001253;-89.27;-0.35;101.22;1.25;101.21;0.01005;0.01017;-0.0001226;-19.980;-19.927;-99.990;0.00;-154.32;
2025-11-27 11:18:07.38;0.00:00:38:440;-1.00;-0.03;-0.01;0.01004;-0.01012;-0.0002892;-0.0001198;-89.18;-0.34;100.85;1.19;100.84;0.01004;0.01013;-8.54E-05;-19.981;-19.944;-99.990;0.00;-157.50;
2025-11-27 11:18:07.43;0.00:00:38:489;-1.00;-0.02;-0.01;0.01006;-0.01017;-0.0002315;-0.0001104;-89.35;-0.31;101.11;1.10;101.11;0.01006;0.01017;-0.000112;-19.975;-19.927;-99.990;0.00;-154.50;
2025-11-27 11:18:07.48;0.00:00:38:535;-1.00;-0.02;-0.01;0.01005;-0.01015;-0.0002482;-0.0001249;-89.30;-0.35;101.04;1.24;101.03;0.01005;0.01015;-0.0001042;-19.980;-19.936;-99.990;0.00;-153.29;
2025-11-27 11:18:07.53;0.00:00:38:583;-1.00;-0.03;-0.01;0.01006;-0.01017;-0.000264;-0.0001051;-89.26;-0.30;101.13;1.04;101.13;0.01006;0.01017;-0.0001141;-19.974;-19.925;-99.990;0.00;-158.29;
2025-11-27 11:18:07.57;0.00:00:38:630;-1.00;-0.03;-0.01;0.01006;-0.01016;-0.0002592;-0.0001255;-89.27;-0.35;101.08;1.25;101.08;0.01006;0.01017;-0.0001089;-19.975;-19.928;-99.990;0.00;-154.16;
2025-11-27 11:18:07.62;0.00:00:38:677;-1.00;-0.02;-0.01;0.01005;-0.01012;-0.0002393;-0.0001198;-89.32;-0.34;100.72;1.19;100.71;0.01005;0.01013;-7.224E-05;-19.977;-19.946;-99.990;0.00;-153.40;
2025-11-27 11:18:07.67;0.00:00:38:724;-1.00;-0.03;-0.01;0.01005;-0.01015;-0.0002714;-0.000117;-89.23;-0.33;101.04;1.16;101.03;0.01005;0.01015;-0.0001041;-19.979;-19.934;-99.990;0.00;-156.69;
2025-11-27 11:18:07.71;0.00:00:38:771;-1.00;-0.02;-0.01;0.01005;-0.01014;-0.0002365;-0.0001053;-89.33;-0.30;100.94;1.05;100.94;0.01005;0.01015;-9.49E-05;-19.977;-19.937;-99.990;0.00;-156.01;
2025-11-27 11:18:07.76;0.00:00:38:818;-1.00;-0.03;-0.01;0.01002;-0.01012;-0.0002675;-0.0001222;-89.24;-0.35;101.02;1.22;101.01;0.01002;0.01012;-0.0001023;-19.991;-19.946;-99.990;0.00;-155.45;
2025-11-27 11:18:07.81;0.00:00:38:864;-1.00;-0.03;-0.01;0.01005;-0.01014;-0.0002686;-0.0001153;-89.24;-0.33;100.97;1.15;100.97;0.01005;0.01015;-9.783E-05;-19.979;-19.936;-99.990;0.00;-156.77;
2025-11-27 11:18:07.86;0.00:00:38:911;-1.00;-0.02;-0.01;0.01004;-0.01013;-0.0002422;-0.000116;-89.31;-0.33;100.94;1.16;100.94;0.01004;0.01013;-9.482E-05;-19.984;-19.943;-99.990;0.00;-154.41;
2025-11-27 11:18:07.90;0.00:00:38:958;-1.00;-0.02;-0.01;0.01004;-0.01014;-0.0002321;-0.0001245;-89.34;-0.35;101.06;1.24;101.05;0.01004;0.01014;-0.0001066;-19.985;-19.939;-99.990;0.00;-151.79;
2025-11-27 11:18:07.95;0.00:00:39:004;-1.00;-0.02;-0.01;0.01007;-0.01018;-0.0002395;-0.0001245;-89.33;-0.35;101.15;1.24;101.14;0.01007;0.01019;-0.0001153;-19.969;-19.919;-99.990;0.00;-152.53;
2025-11-27 11:18:07.99;0.00:00:39:051;-1.00;-0.03;-0.01;0.01005;-0.01015;-0.0002744;-0.000108;-89.23;-0.30;101.00;1.07;100.99;0.01005;0.01015;-0.0001004;-19.977;-19.934;-99.990;0.00;-158.51;
2025-11-27 11:18:08.04;0.00:00:39:099;-1.00;-0.03;-0.01;0.01006;-0.01017;-0.0002749;-0.0001203;-89.23;-0.34;101.19;1.20;101.18;0.01006;0.01018;-0.0001195;-19.975;-19.924;-99.990;0.00;-156.36;
2025-11-27 11:18:08.09;0.00:00:39:147;-1.00;-0.02;-0.01;0.01006;-0.01017;-0.000218;-0.0001069;-89.39;-0.30;101.15;1.06;101.15;0.01006;0.01018;-0.000116;-19.973;-19.924;-99.990;0.00;-153.88;
2025-11-27 11:18:08.14;0.00:00:39:194;-1.00;-0.02;-0.01;0.01006;-0.01016;-0.0002389;-0.0001352;-89.33;-0.38;101.01;1.34;101.00;0.01006;0.01016;-0.0001019;-19.973;-19.930;-99.990;0.00;-150.49;
2025-11-27 11:18:08.18;0.00:00:39:240;-1.00;-0.02;-0.01;0.01006;-0.01016;-0.0002259;-0.0001169;-89.36;-0.33;101.00;1.16;101.00;0.01006;0.01016;-0.0001008;-19.974;-19.931;-99.990;0.00;-152.64;
2025-11-27 11:18:08.23;0.00:00:39:286;-1.00;-0.03;-0.01;0.01006;-0.01014;-0.0002724;-0.000102;-89.23;-0.29;100.86;1.01;100.86;0.01006;0.01014;-8.67E-05;-19.976;-19.938;-99.990;0.00;-159.47;
2025-11-27 11:18:08.28;0.00:00:39:334;-1.00;-0.03;-0.01;0.01003;-0.01012;-0.000261;-0.0001152;-89.26;-0.33;101.00;1.15;100.99;0.01003;0.01013;-0.0001001;-19.988;-19.945;-99.990;0.00;-156.18;
2025-11-27 11:18:08.33;0.00:00:39:382;-1.00;-0.03;-0.01;0.01005;-0.01015;-0.0002569;-0.0001328;-89.28;-0.37;101.03;1.32;101.02;0.01005;0.01016;-0.0001034;-19.977;-19.932;-99.990;0.00;-152.66;
2025-11-27 11:18:08.37;0.00:00:39:429;-1.00;-0.03;-0.01;0.01004;-0.01014;-0.000287;-0.0001069;-89.19;-0.30;100.96;1.06;100.96;0.01004;0.01014;-9.676E-05;-19.981;-19.940;-99.990;0.00;-159.57;
2025-11-27 11:18:08.42;0.00:00:39:476;-1.00;-0.03;-0.01;0.01005;-0.01014;-0.000288;-0.0001313;-89.19;-0.37;100.95;1.31;100.94;0.01005;0.01014;-9.529E-05;-19.980;-19.939;-99.990;0.00;-155.49;
2025-11-27 11:18:08.47;0.00:00:39:522;-1.00;-0.02;-0.01;0.01004;-0.01014;-0.0002313;-0.00012;-89.35;-0.34;101.04;1.20;101.04;0.01004;0.01014;-0.0001047;-19.985;-19.940;-99.990;0.00;-152.58;
2025-11-27 11:18:08.51;0.00:00:39:570;-1.00;-0.03;-0.01;0.01003;-0.01013;-0.0002958;-0.0001072;-89.16;-0.30;101.09;1.07;101.08;0.01003;0.01014;-0.0001093;-19.987;-19.940;-99.990;0.00;-160.08;
2025-11-27 11:18:08.56;0.00:00:39:615;-1.00;-0.02;-0.01;0.01007;-0.01018;-0.0002542;-0.0001159;-89.29;-0.33;101.13;1.15;101.13;0.01007;0.01019;-0.000114;-19.968;-19.919;-99.990;0.00;-155.48;
2025-11-27 11:18:08.61;0.00:00:39:663;-1.00;-0.03;-0.01;0.01008;-0.01018;-0.0002618;-0.0001183;-89.26;-0.33;101.00;1.17;100.99;0.01008;0.01018;-0.0001007;-19.965;-19.922;-99.990;0.00;-155.69;
2025-11-27 11:18:08.66;0.00:00:39:711;-1.00;-0.03;-0.01;0.01005;-0.01015;-0.0002703;-0.0001246;-89.24;-0.35;101.02;1.24;101.01;0.01005;0.01015;-0.0001024;-19.979;-19.935;-99.990;0.00;-155.25;
2025-11-27 11:18:08.71;0.00:00:39:770;-1.00;-0.02;-0.01;0.01002;-0.01011;-0.0002397;-0.0001062;-89.32;-0.30;100.99;1.06;100.99;0.01002;0.01012;-9.959E-05;-19.993;-19.950;-99.990;0.00;-156.10;
2025-11-27 11:18:08.76;0.00:00:39:817;-1.00;-0.02;-0.01;0.01002;-0.01011;-0.0002292;-0.0001273;-89.35;-0.36;100.91;1.27;100.90;0.01002;0.01012;-9.122E-05;-19.990;-19.950;-99.990;0.00;-150.96;
2025-11-27 11:18:08.82;0.00:00:39:879;-1.00;-0.02;-0.01;0.01003;-0.01013;-0.0002511;-0.0001173;-89.29;-0.33;101.02;1.17;101.01;0.01003;0.01013;-0.0001025;-19.987;-19.943;-99.990;0.00;-154.96;
2025-11-27 11:18:08.87;0.00:00:39:926;-1.00;-0.02;-0.01;0.01003;-0.01013;-0.0002145;-0.000106;-89.39;-0.30;101.01;1.06;101.00;0.01003;0.01013;-0.000101;-19.987;-19.944;-99.990;0.00;-153.70;
2025-11-27 11:18:08.92;0.00:00:39:973;-1.00;-0.03;-0.01;0.01002;-0.0101;-0.0002619;-0.0001135;-89.26;-0.32;100.83;1.13;100.83;0.01002;0.01011;-8.362E-05;-19.990;-19.954;-99.990;0.00;-156.57;
2025-11-27 11:18:08.96;0.00:00:40:021;-1.00;-0.03;-0.01;0.01001;-0.0101;-0.0002793;-0.0001006;-89.21;-0.29;100.88;1.00;100.88;0.01001;0.0101;-8.831E-05;-19.994;-19.956;-99.990;0.00;-160.19;
2025-11-27 11:18:09.01;0.00:00:40:068;-1.00;-0.03;-0.01;0.01004;-0.01014;-0.0002733;-0.0001108;-89.23;-0.31;101.10;1.10;101.09;0.01004;0.01015;-0.0001103;-19.983;-19.936;-99.990;0.00;-157.94;
2025-11-27 11:18:09.06;0.00:00:40:115;-1.00;-0.03;-0.01;0.01004;-0.01014;-0.0002554;-0.0001161;-89.28;-0.33;100.99;1.16;100.98;0.01004;0.01014;-9.909E-05;-19.981;-19.938;-99.990;0.00;-155.55;
2025-11-27 11:18:09.11;0.00:00:40:163;-1.00;-0.03;-0.01;0.01005;-0.01015;-0.0002657;-0.0001157;-89.25;-0.33;101.02;1.15;101.02;0.01005;0.01015;-0.000103;-19.978;-19.934;-99.990;0.00;-156.47;
2025-11-27 11:18:09.15;0.00:00:40:210;-1.00;-0.02;-0.01;0.01006;-0.01017;-0.000252;-0.0001203;-89.29;-0.34;101.15;1.20;101.14;0.01006;0.01018;-0.0001152;-19.973;-19.923;-99.990;0.00;-154.48;
2025-11-27 11:18:09.20;0.00:00:40:257;-1.00;-0.02;-0.01;0.01004;-0.01014;-0.0002251;-0.0001067;-89.36;-0.30;101.01;1.06;101.00;0.01004;0.01014;-0.0001015;-19.981;-19.938;-99.990;0.00;-154.64;
2025-11-27 11:18:09.25;0.00:00:40:303;-1.00;-0.02;-0.01;0.01003;-0.01013;-0.000233;-0.0001276;-89.34;-0.36;101.02;1.27;101.02;0.01003;0.01013;-0.0001027;-19.989;-19.944;-99.990;0.00;-151.29;
2025-11-27 11:18:09.29;0.00:00:40:351;-1.00;-0.03;-0.01;0.01005;-0.01016;-0.0002682;-0.0001279;-89.24;-0.36;101.11;1.27;101.11;0.01005;0.01017;-0.000112;-19.977;-19.928;-99.990;0.00;-154.51;
2025-11-27 11:18:09.34;0.00:00:40:398;-1.00;-0.03;-0.01;0.01004;-0.01015;-0.0002635;-0.000114;-89.26;-0.32;101.06;1.14;101.06;0.01004;0.01015;-0.0001066;-19.981;-19.935;-99.990;0.00;-156.60;
2025-11-27 11:18:09.39;0.00:00:40:445;-1.00;-0.02;-0.01;0.01005;-0.01017;-0.0002439;-9.238E-05;-89.31;-0.26;101.22;0.92;101.22;0.01005;0.01017;-0.0001227;-19.978;-19.925;-99.990;0.00;-159.25;
2025-11-27 11:18:09.43;0.00:00:40:491;-1.00;-0.03;-0.01;0.01007;-0.01018;-0.0002832;-0.0001262;-89.20;-0.35;101.18;1.25;101.18;0.01007;0.01019;-0.0001193;-19.970;-19.919;-99.990;0.00;-155.98;
2025-11-27 11:18:09.48;0.00:00:40:539;-1.00;-0.02;-0.01;0.01007;-0.01016;-0.0002459;-0.0001142;-89.31;-0.32;100.94;1.13;100.94;0.01007;0.01017;-9.494E-05;-19.969;-19.928;-99.990;0.00;-155.10;
2025-11-27 11:18:09.53;0.00:00:40:586;-1.00;-0.03;-0.01;0.01008;-0.01018;-0.0002618;-0.0001049;-89.26;-0.30;101.02;1.04;101.01;0.01008;0.01018;-0.0001028;-19.966;-19.922;-99.990;0.00;-158.16;
2025-11-27 11:18:09.58;0.00:00:40:633;-1.00;-0.02;-0.01;0.01004;-0.01015;-0.0002177;-0.0001056;-89.39;-0.30;101.16;1.05;101.15;0.01004;0.01015;-0.0001163;-19.983;-19.933;-99.990;0.00;-154.13;
2025-11-27 11:18:09.62;0.00:00:40:680;-1.00;-0.03;-0.01;0.01005;-0.01015;-0.0002611;-0.0001145;-89.26;-0.32;101.02;1.14;101.02;0.01005;0.01015;-0.0001026;-19.979;-19.935;-99.990;0.00;-156.33;
2025-11-27 11:18:09.67;0.00:00:40:727;-1.00;-0.02;-0.01;0.01006;-0.01018;-0.0002436;-0.0001091;-89.31;-0.31;101.16;1.08;101.15;0.01006;0.01018;-0.0001164;-19.973;-19.923;-99.990;0.00;-155.88;
2025-11-27 11:18:09.72;0.00:00:40:774;-1.00;-0.02;-0.01;0.01004;-0.01014;-0.0002393;-0.0001219;-89.32;-0.34;101.04;1.21;101.03;0.01004;0.01015;-0.0001045;-19.982;-19.937;-99.990;0.00;-153.01;
2025-11-27 11:18:09.77;0.00:00:40:822;-1.00;-0.03;-0.01;0.01005;-0.01015;-0.0002593;-0.0001291;-89.27;-0.36;101.04;1.28;101.04;0.01005;0.01015;-0.0001049;-19.980;-19.935;-99.990;0.00;-153.53;
2025-11-27 11:18:09.81;0.00:00:40:869;-1.00;-0.03;-0.01;0.01009;-0.01019;-0.0002646;-0.0001205;-89.26;-0.34;101.06;1.19;101.05;0.01009;0.0102;-0.0001069;-19.962;-19.916;-99.990;0.00;-155.50;
2025-11-27 11:18:09.86;0.00:00:40:916;-1.00;-0.02;-0.01;0.01008;-0.01016;-0.0002348;-0.0001121;-89.34;-0.32;100.77;1.11;100.77;0.01008;0.01016;-7.81E-05;-19.963;-19.930;-99.990;0.00;-154.49;
2025-11-27 11:18:09.91;0.00:00:40:962;-1.00;-0.03;-0.01;0.01007;-0.01016;-0.0002796;-9.174E-05;-89.21;-0.26;100.93;0.91;100.93;0.01007;0.01017;-9.407E-05;-19.968;-19.927;-99.990;0.00;-161.84;
2025-11-27 11:18:09.95;0.00:00:41:008;-1.00;-0.02;-0.01;0.01008;-0.01016;-0.0002459;-0.0001083;-89.31;-0.31;100.88;1.07;100.88;0.01008;0.01017;-8.882E-05;-19.966;-19.928;-99.990;0.00;-156.22;
2025-11-27 11:18:10.00;0.00:00:41:054;-1.00;-0.03;-0.01;0.01009;-0.01019;-0.0002647;-0.000107;-89.26;-0.30;100.96;1.06;100.95;0.01009;0.01019;-9.662E-05;-19.959;-19.918;-99.990;0.00;-157.98;
2025-11-27 11:18:10.05;0.00:00:41:102;-1.00;-0.03;-0.01;0.01007;-0.01017;-0.0002656;-0.0001053;-89.25;-0.30;100.99;1.05;100.99;0.01007;0.01017;-0.0001001;-19.968;-19.925;-99.990;0.00;-158.36;
2025-11-27 11:18:10.10;0.00:00:41:151;-1.00;-0.03;-0.01;0.01004;-0.01013;-0.0002656;-9.12E-05;-89.25;-0.26;100.95;0.91;100.94;0.01004;0.01014;-9.508E-05;-19.981;-19.940;-99.990;0.00;-161.05;
2025-11-27 11:18:10.16;0.00:00:41:211;-1.00;-0.03;-0.01;0.01005;-0.01015;-0.0002805;-0.0001165;-89.21;-0.33;101.02;1.16;101.01;0.01005;0.01015;-0.0001022;-19.979;-19.935;-99.990;0.00;-157.45;
2025-11-27 11:18:10.21;0.00:00:41:261;-1.00;-0.02;-0.01;0.01006;-0.01016;-0.0002066;-0.0001182;-89.42;-0.33;100.99;1.17;100.99;0.01006;0.01016;-9.983E-05;-19.974;-19.931;-99.990;0.00;-150.22;
2025-11-27 11:18:10.27;0.00:00:41:321;-1.00;-0.02;-0.01;0.01007;-0.01019;-0.0002374;-0.0001209;-89.33;-0.34;101.25;1.20;101.24;0.01007;0.0102;-0.0001257;-19.970;-19.916;-99.990;0.00;-153.01;
2025-11-27 11:18:10.31;0.00:00:41:367;-1.00;-0.03;-0.01;0.01005;-0.01014;-0.0002706;-0.000111;-89.24;-0.31;100.90;1.10;100.90;0.01005;0.01014;-9.065E-05;-19.976;-19.938;-99.990;0.00;-157.69;
2025-11-27 11:18:10.36;0.00:00:41:417;-1.00;-0.02;-0.01;0.01005;-0.01017;-0.0002263;-0.0001201;-89.36;-0.34;101.20;1.20;101.20;0.01005;0.01017;-0.000121;-19.979;-19.927;-99.990;0.00;-152.03;
2025-11-27 11:18:10.42;0.00:00:41:475;-1.00;-0.03;-0.01;0.01004;-0.01013;-0.0002599;-9.182E-05;-89.26;-0.26;100.90;0.91;100.90;0.01004;0.01013;-9.084E-05;-19.983;-19.944;-99.990;0.00;-160.54;
2025-11-27 11:18:10.47;0.00:00:41:523;-1.00;-0.02;-0.01;0.01005;-0.01015;-0.0002351;-0.000106;-89.34;-0.30;100.94;1.05;100.94;0.01005;0.01015;-9.477E-05;-19.977;-19.936;-99.990;0.00;-155.73;
2025-11-27 11:18:10.51;0.00:00:41:571;-1.00;-0.02;-0.01;0.01005;-0.01015;-0.0002261;-0.0001106;-89.36;-0.31;101.01;1.10;101.01;0.01005;0.01015;-0.0001019;-19.979;-19.935;-99.990;0.00;-153.94;
2025-11-27 11:18:10.56;0.00:00:41:617;-1.00;-0.03;-0.01;0.01004;-0.01011;-0.0002647;-0.0001179;-89.25;-0.33;100.79;1.17;100.78;0.01004;0.01012;-7.913E-05;-19.983;-19.949;-99.990;0.00;-155.98;
2025-11-27 11:18:10.61;0.00:00:41:664;-1.00;-0.02;-0.01;0.01004;-0.01015;-0.0002428;-0.0001033;-89.31;-0.29;101.07;1.03;101.06;0.01004;0.01015;-0.000107;-19.982;-19.936;-99.990;0.00;-156.96;
2025-11-27 11:18:10.66;0.00:00:41:711;-1.00;-0.03;-0.01;0.01005;-0.01014;-0.0002653;-0.0001109;-89.25;-0.31;100.90;1.10;100.90;0.01005;0.01014;-9.059E-05;-19.979;-19.940;-99.990;0.00;-157.31;
2025-11-27 11:18:10.70;0.00:00:41:757;-1.00;-0.03;-0.01;0.01004;-0.01013;-0.0002606;-0.0001265;-89.26;-0.36;100.90;1.26;100.89;0.01004;0.01013;-9.054E-05;-19.983;-19.944;-99.990;0.00;-154.11;
2025-11-27 11:18:10.75;0.00:00:41:803;-1.00;-0.03;-0.01;0.01006;-0.01013;-0.0002649;-0.0001265;-89.25;-0.36;100.74;1.26;100.74;0.01006;0.01013;-7.484E-05;-19.975;-19.943;-99.990;0.00;-154.48;
2025-11-27 11:18:10.79;0.00:00:41:849;-1.00;-0.03;-0.01;0.01006;-0.01015;-0.0002625;-9.952E-05;-89.26;-0.28;101.01;0.99;101.00;0.01006;0.01016;-0.0001015;-19.976;-19.932;-99.990;0.00;-159.24;
2025-11-27 11:18:10.85;0.00:00:41:902;-1.00;-0.02;-0.01;0.01004;-0.01013;-0.0002532;-0.0001058;-89.28;-0.30;100.99;1.05;100.98;0.01004;0.01014;-9.905E-05;-19.984;-19.942;-99.990;0.00;-157.32;
2025-11-27 11:18:10.90;0.00:00:41:954;-1.00;-0.02;-0.01;0.01003;-0.01011;-0.0002465;-0.0001082;-89.30;-0.31;100.86;1.08;100.85;0.01003;0.01011;-8.595E-05;-19.988;-19.951;-99.990;0.00;-156.30;
2025-11-27 11:18:10.95;0.00:00:42:005;-1.00;-0.03;-0.01;0.01002;-0.0101;-0.0002534;-0.0001013;-89.28;-0.29;100.81;1.01;100.80;0.01002;0.0101;-8.072E-05;-19.991;-19.956;-99.990;0.00;-158.21;
2025-11-27 11:18:11.00;0.00:00:42:056;-1.00;-0.03;-0.01;0.01004;-0.01013;-0.0002777;-9.66E-05;-89.21;-0.27;100.98;0.96;100.98;0.01004;0.01013;-9.858E-05;-19.985;-19.942;-99.990;0.00;-160.82;
2025-11-27 11:18:11.05;0.00:00:42:107;-1.00;-0.02;-0.01;0.01003;-0.01013;-0.000239;-0.0001204;-89.32;-0.34;101.04;1.20;101.04;0.01003;0.01013;-0.0001047;-19.988;-19.943;-99.990;0.00;-153.26;
2025-11-27 11:18:11.10;0.00:00:42:159;-1.00;-0.03;-0.01;0.01001;-0.01012;-0.0002617;-0.0001107;-89.26;-0.31;101.07;1.11;101.06;0.01001;0.01012;-0.000107;-19.994;-19.948;-99.990;0.00;-157.07;
2025-11-27 11:18:11.16;0.00:00:42:213;-1.00;-0.02;-0.01;0.01003;-0.01013;-0.0002401;-0.0001239;-89.32;-0.35;100.99;1.24;100.98;0.01003;0.01013;-9.936E-05;-19.986;-19.943;-99.990;0.00;-152.70;
2025-11-27 11:18:11.21;0.00:00:42:267;-1.00;-0.02;-0.01;0.01003;-0.01013;-0.0002274;-9.305E-05;-89.36;-0.26;101.03;0.93;101.03;0.01003;0.01013;-0.0001033;-19.988;-19.943;-99.990;0.00;-157.74;
2025-11-27 11:18:11.27;0.00:00:42:327;-1.00;-0.03;-0.01;0.01003;-0.01014;-0.0002929;-0.0001109;-89.17;-0.31;101.12;1.11;101.11;0.01003;0.01014;-0.0001119;-19.986;-19.938;-99.990;0.00;-159.27;
2025-11-27 11:18:11.32;0.00:00:42:378;-1.00;-0.02;-0.01;0.01002;-0.01012;-0.0002429;-0.0001244;-89.31;-0.35;100.96;1.24;100.95;0.01002;0.01012;-9.6E-05;-19.989;-19.948;-99.990;0.00;-152.89;
2025-11-27 11:18:11.37;0.00:00:42:429;-1.00;-0.03;-0.01;0.01002;-0.0101;-0.0002647;-0.0001277;-89.25;-0.36;100.88;1.27;100.87;0.01002;0.01011;-8.822E-05;-19.992;-19.954;-99.990;0.00;-154.25;
2025-11-27 11:18:11.42;0.00:00:42:479;-1.00;-0.03;-0.01;0.01002;-0.01014;-0.0002537;-0.0001252;-89.28;-0.35;101.20;1.25;101.19;0.01002;0.01014;-0.0001201;-19.990;-19.938;-99.990;0.00;-153.73;
2025-11-27 11:18:11.47;0.00:00:42:531;-1.00;-0.02;-0.01;0.01004;-0.01015;-0.0002294;-0.0001206;-89.35;-0.34;101.05;1.20;101.04;0.01004;0.01015;-0.0001056;-19.981;-19.936;-99.990;0.00;-152.27;
2025-11-27 11:18:11.54;0.00:00:42:592;-1.00;-0.03;-0.01;0.009999;-0.01008;-0.0002633;-0.0001135;-89.25;-0.32;100.88;1.14;100.87;0.009999;0.01009;-8.799E-05;-20.000;-19.962;-99.990;0.00;-156.68;
2025-11-27 11:18:11.59;0.00:00:42:643;-1.00;-0.02;-0.01;0.01001;-0.01011;-0.0002364;-0.0001213;-89.33;-0.34;100.97;1.21;100.96;0.01001;0.01011;-9.672E-05;-19.994;-19.952;-99.990;0.00;-152.83;
2025-11-27 11:18:11.64;0.00:00:42:694;-1.00;-0.03;-0.01;0.01004;-0.01013;-0.0003035;-0.0001204;-89.14;-0.34;101.00;1.20;100.99;0.01004;0.01014;-0.0001001;-19.985;-19.942;-99.990;0.00;-158.36;
2025-11-27 11:18:11.69;0.00:00:42:744;-1.00;-0.03;-0.01;0.009999;-0.01009;-0.000269;-0.0001074;-89.24;-0.30;100.96;1.07;100.96;0.009999;0.0101;-9.615E-05;-20.000;-19.959;-99.990;0.00;-158.23;
2025-11-27 11:18:11.74;0.00:00:42:796;-1.00;-0.02;-0.01;0.01005;-0.01016;-0.0002171;-0.0001102;-89.39;-0.31;101.08;1.10;101.07;0.01005;0.01016;-0.0001086;-19.978;-19.931;-99.990;0.00;-153.09;
2025-11-27 11:18:11.80;0.00:00:42:853;-1.00;-0.03;-0.01;0.01005;-0.01014;-0.0002799;-0.000106;-89.21;-0.30;100.97;1.06;100.96;0.01005;0.01015;-9.709E-05;-19.979;-19.937;-99.990;0.00;-159.26;
2025-11-27 11:18:11.85;0.00:00:42:908;-1.00;-0.02;-0.01;0.01002;-0.01011;-0.0002223;-0.0001103;-89.37;-0.31;100.88;1.10;100.87;0.01002;0.01011;-8.804E-05;-19.990;-19.952;-99.990;0.00;-153.61;
2025-11-27 11:18:11.90;0.00:00:42:958;-1.00;-0.03;-0.01;0.01003;-0.01013;-0.0002609;-0.0001102;-89.26;-0.31;101.01;1.10;101.01;0.01003;0.01013;-0.0001015;-19.986;-19.942;-99.990;0.00;-157.10;
2025-11-27 11:18:11.95;0.00:00:43:010;-1.00;-0.03;-0.01;0.01004;-0.01014;-0.0002829;-0.0001207;-89.20;-0.34;101.06;1.20;101.05;0.01004;0.01015;-0.0001064;-19.982;-19.936;-99.990;0.00;-156.90;
2025-11-27 11:18:12.01;0.00:00:43:061;-1.00;-0.03;-0.01;0.01006;-0.01015;-0.0002936;-0.0001052;-89.17;-0.30;100.95;1.05;100.94;0.01006;0.01015;-9.528E-05;-19.975;-19.934;-99.990;0.00;-160.28;
2025-11-27 11:18:12.06;0.00:00:43:113;-1.00;-0.03;-0.01;0.01004;-0.01014;-0.0002674;-0.0001035;-89.24;-0.29;101.05;1.03;101.05;0.01004;0.01014;-0.0001056;-19.984;-19.939;-99.990;0.00;-158.85;
2025-11-27 11:18:12.10;0.00:00:43:160;-1.00;-0.02;-0.01;0.01004;-0.01014;-0.0002516;-0.0001196;-89.29;-0.34;101.00;1.19;100.99;0.01004;0.01014;-0.0001004;-19.983;-19.939;-99.990;0.00;-154.57;
2025-11-27 11:18:12.16;0.00:00:43:214;-1.00;-0.03;-0.01;0.01005;-0.01016;-0.0002585;-0.0001179;-89.27;-0.33;101.14;1.17;101.14;0.01005;0.01016;-0.0001148;-19.979;-19.929;-99.990;0.00;-155.49;
2025-11-27 11:18:12.20;0.00:00:43:259;-1.00;-0.03;-0.01;0.01004;-0.01014;-0.0002908;-0.0001259;-89.18;-0.36;100.96;1.25;100.95;0.01004;0.01014;-9.629E-05;-19.981;-19.939;-99.990;0.00;-156.59;
2025-11-27 11:18:12.26;0.00:00:43:312;-1.00;-0.03;-0.01;0.01006;-0.01017;-0.0002597;-0.0001055;-89.27;-0.30;101.11;1.05;101.10;0.01006;0.01018;-0.0001113;-19.972;-19.925;-99.990;0.00;-157.89;
2025-11-27 11:18:12.30;0.00:00:43:358;-1.00;-0.03;-0.01;0.01006;-0.01016;-0.000256;-0.0001099;-89.28;-0.31;101.08;1.09;101.08;0.01006;0.01017;-0.0001091;-19.975;-19.928;-99.990;0.00;-156.77;
2025-11-27 11:18:12.35;0.00:00:43:409;-1.00;-0.03;-0.01;0.01007;-0.01017;-0.0002646;-0.0001093;-89.25;-0.31;101.00;1.09;101.00;0.01007;0.01018;-0.0001012;-19.968;-19.924;-99.990;0.00;-157.55;
2025-11-27 11:18:12.40;0.00:00:43:460;-1.00;-0.03;-0.01;0.01006;-0.01015;-0.0002588;-0.0001118;-89.27;-0.32;101.01;1.11;101.01;0.01006;0.01016;-0.0001017;-19.976;-19.932;-99.990;0.00;-156.63;
2025-11-27 11:18:12.46;0.00:00:43:512;-1.00;-0.03;-0.01;0.01004;-0.01012;-0.0002821;-0.0001199;-89.20;-0.34;100.82;1.19;100.81;0.01004;0.01013;-8.207E-05;-19.981;-19.945;-99.990;0.00;-156.97;
2025-11-27 11:18:12.52;0.00:00:43:573;-1.00;-0.03;-0.01;0.01004;-0.01013;-0.0002562;-0.0001196;-89.28;-0.34;100.99;1.19;100.99;0.01004;0.01014;-9.977E-05;-19.985;-19.942;-99.990;0.00;-154.98;
2025-11-27 11:18:12.57;0.00:00:43:623;-1.00;-0.03;-0.01;0.01005;-0.01017;-0.0002572;-9.819E-05;-89.28;-0.28;101.16;0.98;101.15;0.01005;0.01017;-0.0001163;-19.977;-19.927;-99.990;0.00;-159.10;
2025-11-27 11:18:12.61;0.00:00:43:669;-1.00;-0.03;-0.01;0.01004;-0.01014;-0.0002644;-0.0001304;-89.25;-0.37;101.03;1.30;101.02;0.01004;0.01014;-0.0001034;-19.982;-19.938;-99.990;0.00;-153.75;
2025-11-27 11:18:12.67;0.00:00:43:724;-1.00;-0.02;-0.01;0.01003;-0.01011;-0.000245;-0.0001161;-89.31;-0.33;100.89;1.16;100.89;0.01003;0.01012;-8.941E-05;-19.989;-19.950;-99.990;0.00;-154.64;
2025-11-27 11:18:12.72;0.00:00:43:778;-1.00;-0.03;-0.01;0.01003;-0.01011;-0.0002652;-0.0001268;-89.25;-0.36;100.89;1.26;100.88;0.01003;0.01011;-8.875E-05;-19.989;-19.950;-99.990;0.00;-154.44;
2025-11-27 11:18:12.77;0.00:00:43:826;-1.00;-0.02;-0.01;0.01;-0.0101;-0.000237;-0.0001241;-89.33;-0.35;100.98;1.24;100.98;0.01;0.0101;-9.829E-05;-20.000;-19.957;-99.990;0.00;-152.36;
2025-11-27 11:18:12.82;0.00:00:43:871;-1.00;-0.02;-0.01;0.01003;-0.01014;-0.0002365;-0.0001246;-89.33;-0.35;101.14;1.24;101.13;0.01003;0.01014;-0.0001144;-19.989;-19.940;-99.990;0.00;-152.22;
2025-11-27 11:18:12.86;0.00:00:43:921;-1.00;-0.03;-0.01;0.01001;-0.0101;-0.0002906;-0.0001132;-89.18;-0.32;100.93;1.13;100.92;0.01001;0.0101;-9.268E-05;-19.995;-19.955;-99.990;0.00;-158.72;
2025-11-27 11:18:12.93;0.00:00:43:982;-1.00;-0.02;-0.01;0.01003;-0.01013;-0.0002319;-9.938E-05;-89.34;-0.28;101.00;0.99;100.99;0.01003;0.01013;-0.0001;-19.987;-19.944;-99.990;0.00;-156.80;
2025-11-27 11:18:12.98;0.00:00:44:033;-1.00;-0.03;-0.01;0.01002;-0.01012;-0.0002681;-0.0001211;-89.24;-0.34;101.05;1.21;101.04;0.01002;0.01013;-0.0001048;-19.991;-19.945;-99.990;0.00;-155.70;
2025-11-27 11:18:13.03;0.00:00:44:084;-1.00;-0.03;-0.01;0.01002;-0.01012;-0.0002582;-0.0001055;-89.27;-0.30;101.02;1.05;101.02;0.01002;0.01012;-0.0001026;-19.992;-19.947;-99.990;0.00;-157.78;
2025-11-27 11:18:13.09;0.00:00:44:142;-1.00;-0.03;-0.01;0.01003;-0.01015;-0.0002941;-0.0001242;-89.17;-0.35;101.19;1.24;101.19;0.01003;0.01015;-0.0001198;-19.986;-19.934;-99.990;0.00;-157.10;
2025-11-27 11:18:13.14;0.00:00:44:196;-1.00;-0.03;-0.01;0.01003;-0.01014;-0.0002594;-0.0001152;-89.27;-0.33;101.08;1.15;101.08;0.01003;0.01014;-0.0001088;-19.987;-19.940;-99.990;0.00;-156.06;
2025-11-27 11:18:13.19;0.00:00:44:245;-1.00;-0.03;-0.01;0.01004;-0.01014;-0.000263;-0.0001182;-89.26;-0.33;100.94;1.18;100.94;0.01004;0.01014;-9.478E-05;-19.981;-19.940;-99.990;0.00;-155.80;
2025-11-27 11:18:13.24;0.00:00:44:298;-1.00;-0.03;-0.01;0.01004;-0.01014;-0.0002673;-0.0001162;-89.24;-0.33;101.02;1.16;101.01;0.01004;0.01014;-0.0001019;-19.984;-19.940;-99.990;0.00;-156.51;
2025-11-27 11:18:13.29;0.00:00:44:350;-1.00;-0.02;-0.01;0.01003;-0.01014;-0.0002519;-0.0001173;-89.29;-0.33;101.08;1.17;101.07;0.01003;0.01014;-0.0001084;-19.985;-19.939;-99.990;0.00;-155.03;
2025-11-27 11:18:13.35;0.00:00:44:401;-1.00;-0.02;-0.01;0.01003;-0.01012;-0.0002474;-0.000107;-89.30;-0.30;100.94;1.07;100.94;0.01003;0.01013;-9.461E-05;-19.987;-19.946;-99.990;0.00;-156.61;
2025-11-27 11:18:13.40;0.00:00:44:453;-1.00;-0.03;-0.01;0.01002;-0.0101;-0.0002567;-0.0001214;-89.27;-0.34;100.89;1.21;100.88;0.01002;0.01011;-8.938E-05;-19.992;-19.954;-99.990;0.00;-154.69;
2025-11-27 11:18:13.44;0.00:00:44:501;-1.00;-0.03;-0.01;0.01004;-0.01012;-0.0002602;-0.0001193;-89.26;-0.34;100.81;1.19;100.80;0.01004;0.01012;-8.151E-05;-19.982;-19.947;-99.990;0.00;-155.37;
2025-11-27 11:18:13.50;0.00:00:44:556;-1.00;-0.03;-0.01;0.01006;-0.01017;-0.0002931;-0.000118;-89.17;-0.33;101.17;1.17;101.16;0.01006;0.01018;-0.0001174;-19.973;-19.923;-99.990;0.00;-158.08;
2025-11-27 11:18:13.55;0.00:00:44:608;-1.00;-0.02;-0.01;0.01006;-0.01017;-0.0002266;-0.0001263;-89.36;-0.36;101.15;1.26;101.14;0.01006;0.01017;-0.0001157;-19.975;-19.926;-99.990;0.00;-150.86;
2025-11-27 11:18:13.61;0.00:00:44:670;-1.00;-0.02;-0.01;0.01007;-0.01017;-0.0002439;-0.0001038;-89.31;-0.29;100.95;1.03;100.95;0.01007;0.01017;-9.615E-05;-19.968;-19.927;-99.990;0.00;-156.94;
2025-11-27 11:18:13.67;0.00:00:44:721;-1.00;-0.03;-0.01;0.01003;-0.01012;-0.0002618;-0.0001158;-89.26;-0.33;100.92;1.15;100.91;0.01003;0.01013;-9.197E-05;-19.985;-19.946;-99.990;0.00;-156.14;
2025-11-27 11:18:13.72;0.00:00:44:773;-1.00;-0.03;-0.01;0.01005;-0.01014;-0.0002748;-0.0001087;-89.22;-0.31;100.93;1.08;100.92;0.01005;0.01015;-9.324E-05;-19.977;-19.937;-99.990;0.00;-158.42;
2025-11-27 11:18:13.77;0.00:00:44:824;-1.00;-0.02;-0.01;0.01008;-0.01018;-0.0002544;-0.000123;-89.28;-0.35;101.01;1.22;101.00;0.01008;0.01019;-0.0001019;-19.964;-19.920;-99.990;0.00;-154.20;
2025-11-27 11:18:13.82;0.00:00:44:876;-1.00;-0.03;-0.01;0.01005;-0.01014;-0.0002678;-0.0001214;-89.24;-0.34;100.99;1.21;100.98;0.01005;0.01015;-9.969E-05;-19.979;-19.936;-99.990;0.00;-155.62;
2025-11-27 11:18:13.88;0.00:00:44:935;-1.00;-0.03;-0.01;0.01007;-0.01017;-0.0002665;-0.0001205;-89.25;-0.34;101.10;1.20;101.09;0.01007;0.01018;-0.0001107;-19.971;-19.923;-99.990;0.00;-155.68;
2025-11-27 11:18:13.93;0.00:00:44:988;-1.00;-0.02;-0.01;0.01008;-0.01019;-0.0002534;-0.0001163;-89.29;-0.33;101.12;1.15;101.11;0.01008;0.01019;-0.000113;-19.965;-19.917;-99.990;0.00;-155.35;
2025-11-27 11:18:13.98;0.00:00:45:039;-1.00;-0.03;-0.01;0.01005;-0.01014;-0.000261;-0.0001002;-89.26;-0.28;100.94;1.00;100.94;0.01005;0.01014;-9.468E-05;-19.980;-19.939;-99.990;0.00;-158.99;
2025-11-27 11:18:14.03;0.00:00:45:089;-1.00;-0.02;-0.01;0.01003;-0.01013;-0.0002484;-0.0001259;-89.30;-0.36;101.06;1.26;101.05;0.01003;0.01013;-0.0001061;-19.988;-19.942;-99.990;0.00;-153.12;
2025-11-27 11:18:14.08;0.00:00:45:139;-1.00;-0.02;-0.01;0.01004;-0.01015;-0.0002487;-0.0001163;-89.30;-0.33;101.14;1.16;101.13;0.01004;0.01015;-0.0001142;-19.985;-19.936;-99.990;0.00;-154.93;
2025-11-27 11:18:14.13;0.00:00:45:191;-1.00;-0.02;-0.01;0.01006;-0.01016;-0.000253;-0.0001117;-89.29;-0.31;101.00;1.11;100.99;0.01006;0.01016;-0.0001002;-19.972;-19.929;-99.990;0.00;-156.17;
2025-11-27 11:18:14.19;0.00:00:45:241;-1.00;-0.02;-0.01;0.01003;-0.01012;-0.0002393;-8.901E-05;-89.32;-0.25;100.92;0.89;100.91;0.01003;0.01012;-9.211E-05;-19.989;-19.949;-99.990;0.00;-159.60;
2025-11-27 11:18:14.24;0.00:00:45:294;-1.00;-0.02;-0.01;0.01004;-0.01014;-0.0002489;-0.0001125;-89.30;-0.32;100.99;1.12;100.98;0.01004;0.01014;-9.917E-05;-19.983;-19.940;-99.990;0.00;-155.67;
2025-11-27 11:18:14.28;0.00:00:45:335;-1.00;-0.02;-0.01;0.01006;-0.01017;-0.0002351;-0.0001111;-89.34;-0.31;101.16;1.10;101.15;0.01006;0.01018;-0.0001168;-19.974;-19.924;-99.990;0.00;-154.72;
2025-11-27 11:18:14.34;0.00:00:45:395;-1.00;-0.03;-0.01;0.01002;-0.01012;-0.0002862;-0.0001091;-89.19;-0.31;101.02;1.09;101.01;0.01002;0.01013;-0.000102;-19.989;-19.945;-99.990;0.00;-159.12;
2025-11-27 11:18:14.40;0.00:00:45:456;-1.00;-0.03;-0.01;0.01004;-0.01016;-0.0002899;-8.824E-05;-89.18;-0.25;101.26;0.88;101.25;0.01004;0.01016;-0.0001262;-19.984;-19.930;-99.990;0.00;-163.07;
2025-11-27 11:18:14.45;0.00:00:45:507;-1.00;-0.03;-0.01;0.01001;-0.01009;-0.0002525;-0.0001032;-89.28;-0.29;100.87;1.03;100.86;0.01001;0.0101;-8.673E-05;-19.996;-19.958;-99.990;0.00;-157.77;
2025-11-27 11:18:14.50;0.00:00:45:558;-1.00;-0.03;-0.01;0.01005;-0.01016;-0.0002928;-0.0001025;-89.17;-0.29;101.15;1.02;101.14;0.01005;0.01017;-0.0001156;-19.977;-19.927;-99.990;0.00;-160.71;
2025-11-27 11:18:14.55;0.00:00:45:605;-1.00;-0.03;-0.01;0.01002;-0.01009;-0.0002824;-0.0001084;-89.20;-0.31;100.71;1.08;100.70;0.01002;0.01009;-7.102E-05;-19.990;-19.959;-99.990;0.00;-159.01;
2025-11-27 11:18:14.60;0.00:00:45:659;-1.00;-0.03;-0.01;0.01005;-0.01016;-0.0002835;-0.0001188;-89.20;-0.33;101.12;1.18;101.11;0.01005;0.01017;-0.0001123;-19.976;-19.928;-99.990;0.00;-157.26;
2025-11-27 11:18:14.65;0.00:00:45:711;-1.00;-0.03;-0.01;0.01003;-0.01011;-0.0002627;-0.0001179;-89.26;-0.33;100.88;1.18;100.87;0.01003;0.01012;-8.801E-05;-19.987;-19.949;-99.990;0.00;-155.82;
2025-11-27 11:18:14.71;0.00:00:45:761;-1.00;-0.03;-0.01;0.01003;-0.0101;-0.0002612;-0.0001126;-89.26;-0.32;100.76;1.12;100.75;0.01003;0.01011;-7.585E-05;-19.987;-19.954;-99.990;0.00;-156.67;
2025-11-27 11:18:14.76;0.00:00:45:813;-1.00;-0.03;-0.01;0.01004;-0.01014;-0.0002725;-0.0001339;-89.23;-0.38;101.04;1.33;101.03;0.01004;0.01015;-0.0001039;-19.982;-19.937;-99.990;0.00;-153.84;
2025-11-27 11:18:14.82;0.00:00:45:872;-1.00;-0.03;-0.01;0.01002;-0.01012;-0.0002556;-9.851E-05;-89.28;-0.28;101.03;0.98;101.03;0.01002;0.01013;-0.0001032;-19.990;-19.946;-99.990;0.00;-158.92;
2025-11-27 11:18:14.87;0.00:00:45:924;-1.00;-0.03;-0.01;0.01005;-0.01015;-0.0002656;-0.0001191;-89.25;-0.34;101.09;1.19;101.08;0.01005;0.01016;-0.0001092;-19.980;-19.933;-99.990;0.00;-155.85;
2025-11-27 11:18:14.92;0.00:00:45:975;-1.00;-0.03;-0.01;0.01004;-0.01015;-0.0002758;-0.0001228;-89.22;-0.35;101.08;1.22;101.07;0.01004;0.01015;-0.0001083;-19.981;-19.935;-99.990;0.00;-155.99;
2025-11-27 11:18:14.97;0.00:00:46:027;-1.00;-0.03;-0.01;0.01002;-0.01012;-0.000272;-0.0001006;-89.23;-0.28;101.03;1.00;101.03;0.01002;0.01013;-0.0001035;-19.990;-19.945;-99.990;0.00;-159.70;
2025-11-27 11:18:15.02;0.00:00:46:078;-1.00;-0.03;-0.01;0.01002;-0.01011;-0.0002723;-0.0001293;-89.23;-0.37;100.91;1.29;100.90;0.01002;0.01011;-9.149E-05;-19.990;-19.951;-99.990;0.00;-154.60;
2025-11-27 11:18:15.07;0.00:00:46:130;-1.00;-0.03;-0.01;0.01001;-0.0101;-0.0002807;-0.0001064;-89.20;-0.30;100.90;1.06;100.89;0.01001;0.0101;-8.989E-05;-19.995;-19.956;-99.990;0.00;-159.24;
2025-11-27 11:18:15.11;0.00:00:46:171;-1.00;-0.03;-0.01;0.01004;-0.01015;-0.0002616;-0.0001255;-89.26;-0.35;101.11;1.25;101.10;0.01004;0.01015;-0.0001115;-19.982;-19.934;-99.990;0.00;-154.36;
2025-11-27 11:18:15.17;0.00:00:46:229;-1.00;-0.02;-0.01;0.01003;-0.01014;-0.0002358;-0.0001063;-89.33;-0.30;101.12;1.06;101.11;0.01003;0.01014;-0.0001122;-19.987;-19.939;-99.990;0.00;-155.74;
2025-11-27 11:18:15.24;0.00:00:46:293;-1.00;-0.02;-0.01;0.01004;-0.01014;-0.0002429;-0.0001223;-89.31;-0.35;101.03;1.22;101.03;0.01004;0.01015;-0.0001039;-19.982;-19.937;-99.990;0.00;-153.27;
2025-11-27 11:18:15.30;0.00:00:46:354;-1.00;-0.03;-0.01;0.01003;-0.01013;-0.0002643;-0.0001207;-89.25;-0.34;101.05;1.20;101.04;0.01003;0.01014;-0.0001051;-19.987;-19.941;-99.990;0.00;-155.45;
2025-11-27 11:18:15.35;0.00:00:46:405;-1.00;-0.03;-0.01;0.01003;-0.01011;-0.0002655;-9.051E-05;-89.25;-0.26;100.86;0.90;100.86;0.01003;0.01012;-8.649E-05;-19.987;-19.950;-99.990;0.00;-161.17;
2025-11-27 11:18:15.40;0.00:00:46:456;-1.00;-0.03;-0.01;0.01003;-0.01012;-0.0002867;-0.0001229;-89.19;-0.35;101.02;1.23;101.01;0.01003;0.01013;-0.0001023;-19.988;-19.944;-99.990;0.00;-156.80;
2025-11-27 11:18:15.45;0.00:00:46:507;-1.00;-0.02;-0.01;0.01002;-0.01012;-0.0002384;-0.0001078;-89.32;-0.31;101.02;1.08;101.01;0.01002;0.01012;-0.0001022;-19.993;-19.948;-99.990;0.00;-155.67;
2025-11-27 11:18:15.50;0.00:00:46:558;-1.00;-0.02;-0.01;0.01003;-0.01014;-0.0002387;-0.0001329;-89.33;-0.38;101.11;1.32;101.10;0.01003;0.01014;-0.0001112;-19.987;-19.939;-99.990;0.00;-150.90;
2025-11-27 11:18:15.55;0.00:00:46:608;-1.00;-0.03;-0.01;0.01001;-0.01012;-0.0002795;-9.883E-05;-89.21;-0.28;101.04;0.99;101.04;0.01001;0.01012;-0.0001046;-19.993;-19.948;-99.990;0.00;-160.53;
2025-11-27 11:18:15.61;0.00:00:46:670;-1.00;-0.02;-0.01;0.01002;-0.01013;-0.0002297;-0.0001274;-89.35;-0.36;101.11;1.27;101.11;0.01002;0.01013;-0.0001115;-19.992;-19.944;-99.990;0.00;-150.98;
2025-11-27 11:18:15.67;0.00:00:46:730;-1.00;-0.02;-0.01;0.01001;-0.0101;-0.000245;-9.955E-05;-89.31;-0.28;100.97;0.99;100.97;0.01001;0.0101;-9.741E-05;-19.997;-19.955;-99.990;0.00;-157.89;
2025-11-27 11:18:15.73;0.00:00:46:782;-1.00;-0.03;-0.01;0.01004;-0.01016;-0.0002782;-0.0001231;-89.22;-0.35;101.25;1.23;101.25;0.01004;0.01016;-0.0001258;-19.984;-19.930;-99.990;0.00;-156.12;
2025-11-27 11:18:15.78;0.00:00:46:833;-1.00;-0.02;-0.01;0.009997;-0.01009;-0.000251;-0.0001216;-89.29;-0.35;100.93;1.22;100.92;0.009997;0.01009;-9.296E-05;-20.001;-19.961;-99.990;0.00;-154.14;
2025-11-27 11:18:15.84;0.00:00:46:894;-1.00;-0.03;-0.01;0.01003;-0.01014;-0.0002618;-0.0001197;-89.26;-0.34;101.10;1.19;101.09;0.01003;0.01014;-0.0001099;-19.987;-19.940;-99.990;0.00;-155.42;
2025-11-27 11:18:15.89;0.00:00:46:947;-1.00;-0.03;-0.01;0.01005;-0.01015;-0.0002736;-0.0001372;-89.23;-0.39;101.09;1.37;101.08;0.01005;0.01016;-0.0001099;-19.980;-19.933;-99.990;0.00;-153.37;
2025-11-27 11:18:15.95;0.00:00:47:007;-1.00;-0.03;-0.01;0.01002;-0.01011;-0.0002709;-0.0001167;-89.23;-0.33;101.01;1.17;101.00;0.01002;0.01012;-0.0001013;-19.992;-19.949;-99.990;0.00;-156.69;
2025-11-27 11:18:16.00;0.00:00:47:059;-1.00;-0.03;-0.01;0.01002;-0.01012;-0.0002657;-0.0001242;-89.25;-0.35;101.03;1.24;101.03;0.01002;0.01013;-0.0001037;-19.989;-19.945;-99.990;0.00;-154.96;
2025-11-27 11:18:16.06;0.00:00:47:120;-1.00;-0.02;-0.01;0.01002;-0.01013;-0.0002479;-0.0001148;-89.30;-0.32;101.12;1.15;101.11;0.01002;0.01013;-0.0001117;-19.992;-19.943;-99.990;0.00;-155.15;
2025-11-27 11:18:16.12;0.00:00:47:172;-1.00;-0.02;-0.01;0.01001;-0.01012;-0.0002435;-0.0001131;-89.31;-0.32;101.14;1.13;101.13;0.01001;0.01012;-0.0001141;-19.998;-19.948;-99.990;0.00;-155.09;
2025-11-27 11:18:16.17;0.00:00:47:223;-1.00;-0.03;-0.01;0.01001;-0.01014;-0.0002632;-0.0001073;-89.26;-0.30;101.34;1.07;101.33;0.01001;0.01015;-0.0001342;-19.994;-19.936;-99.990;0.00;-157.82;
2025-11-27 11:18:16.22;0.00:00:47:274;-1.00;-0.03;-0.01;0.009976;-0.01008;-0.0002805;-0.0001035;-89.20;-0.29;101.07;1.04;101.07;0.009976;0.01008;-0.0001068;-20.010;-19.964;-99.990;0.00;-159.75;
2025-11-27 11:18:16.27;0.00:00:47:326;-1.00;-0.03;-0.01;0.009986;-0.01008;-0.0002811;-0.0001049;-89.20;-0.30;101.01;1.05;101.00;0.009986;0.01009;-0.0001006;-20.006;-19.962;-99.990;0.00;-159.53;
2025-11-27 11:18:16.32;0.00:00:47:376;-1.00;-0.02;-0.01;0.01001;-0.01011;-0.0002385;-8.725E-05;-89.32;-0.25;101.09;0.87;101.08;0.01001;0.01011;-0.0001089;-19.998;-19.951;-99.990;0.00;-159.91;
2025-11-27 11:18:16.37;0.00:00:47:427;-1.00;-0.03;-0.01;0.01001;-0.01012;-0.0002651;-0.0001163;-89.25;-0.33;101.15;1.16;101.15;0.01001;0.01013;-0.0001156;-19.995;-19.946;-99.990;0.00;-156.31;
2025-11-27 11:18:16.42;0.00:00:47:477;-1.00;-0.03;-0.01;0.01;-0.01009;-0.0002597;-0.0001059;-89.26;-0.30;100.91;1.06;100.90;0.01;0.01009;-9.077E-05;-19.999;-19.960;-99.990;0.00;-157.80;
2025-11-27 11:18:16.47;0.00:00:47:527;-1.00;-0.03;-0.01;0.01002;-0.01011;-0.0002804;-0.0001188;-89.21;-0.34;100.95;1.18;100.94;0.01002;0.01012;-9.511E-05;-19.990;-19.949;-99.990;0.00;-157.05;
2025-11-27 11:18:16.52;0.00:00:47:580;-1.00;-0.03;-0.01;0.01;-0.01012;-0.0002687;-0.0001134;-89.24;-0.32;101.21;1.13;101.20;0.01;0.01012;-0.0001211;-20.000;-19.948;-99.990;0.00;-157.12;
2025-11-27 11:18:16.58;0.00:00:47:632;-1.00;-0.02;-0.01;0.01002;-0.01014;-0.0002334;-0.0001173;-89.34;-0.33;101.25;1.17;101.24;0.01002;0.01015;-0.0001248;-19.990;-19.936;-99.990;0.00;-153.32;
2025-11-27 11:18:16.64;0.00:00:47:692;-1.00;-0.03;-0.01;0.01002;-0.0101;-0.0002808;-0.0001237;-89.20;-0.35;100.83;1.23;100.82;0.01002;0.0101;-8.284E-05;-19.991;-19.956;-99.990;0.00;-156.22;
2025-11-27 11:18:16.69;0.00:00:47:745;-1.00;-0.02;-0.01;0.01002;-0.01011;-0.0002477;-0.0001048;-89.30;-0.30;100.94;1.05;100.94;0.01002;0.01012;-9.455E-05;-19.991;-19.950;-99.990;0.00;-157.07;
2025-11-27 11:18:16.74;0.00:00:47:796;-1.00;-0.02;-0.01;0.01008;-0.01019;-0.0002549;-0.0001078;-89.28;-0.30;101.13;1.07;101.13;0.01008;0.0102;-0.0001142;-19.964;-19.915;-99.990;0.00;-157.08;
2025-11-27 11:18:16.79;0.00:00:47:847;-1.00;-0.03;-0.01;0.01005;-0.01015;-0.0002709;-0.0001183;-89.24;-0.33;101.04;1.18;101.03;0.01005;0.01015;-0.0001043;-19.980;-19.935;-99.990;0.00;-156.42;
2025-11-27 11:18:16.85;0.00:00:47:904;-1.00;-0.03;-0.01;0.01005;-0.01014;-0.0002608;-0.0001109;-89.26;-0.31;100.89;1.10;100.89;0.01005;0.01014;-8.988E-05;-19.977;-19.938;-99.990;0.00;-156.96;
2025-11-27 11:18:16.89;0.00:00:47:950;-1.00;-0.02;-0.01;0.01004;-0.01012;-0.0002471;-0.0001149;-89.30;-0.33;100.86;1.14;100.85;0.01004;0.01012;-8.644E-05;-19.985;-19.948;-99.990;0.00;-155.07;
2025-11-27 11:18:16.94;0.00:00:47:998;-1.00;-0.03;-0.01;0.01006;-0.01015;-0.000267;-0.0001111;-89.25;-0.31;100.91;1.10;100.91;0.01006;0.01015;-9.175E-05;-19.973;-19.934;-99.990;0.00;-157.42;
2025-11-27 11:18:17.00;0.00:00:48:060;-1.00;-0.02;-0.01;0.01006;-0.01015;-0.0002523;-9.709E-05;-89.29;-0.27;100.98;0.97;100.97;0.01006;0.01015;-9.81E-05;-19.976;-19.934;-99.990;0.00;-158.95;
2025-11-27 11:18:17.05;0.00:00:48:109;-1.00;-0.03;-0.01;0.01004;-0.01014;-0.0002778;-0.0001301;-89.22;-0.37;101.03;1.30;101.02;0.01004;0.01014;-0.000103;-19.982;-19.938;-99.990;0.00;-154.91;
2025-11-27 11:18:17.10;0.00:00:48:155;-1.00;-0.03;-0.01;0.01004;-0.01014;-0.000255;-0.0001145;-89.28;-0.32;101.03;1.14;101.02;0.01004;0.01014;-0.0001029;-19.982;-19.938;-99.990;0.00;-155.82;
2025-11-27 11:18:17.15;0.00:00:48:203;-1.00;-0.02;-0.01;0.01006;-0.01015;-0.0002362;-0.0001058;-89.33;-0.30;101.00;1.05;101.00;0.01006;0.01016;-0.000101;-19.976;-19.932;-99.990;0.00;-155.87;
2025-11-27 11:18:17.19;0.00:00:48:249;-1.00;-0.03;-0.01;0.01003;-0.01012;-0.000301;-0.000119;-89.15;-0.34;100.90;1.19;100.89;0.01003;0.01012;-9.031E-05;-19.986;-19.947;-99.990;0.00;-158.43;
2025-11-27 11:18:17.24;0.00:00:48:297;-1.00;-0.03;-0.01;0.01001;-0.0101;-0.0002549;-0.0001013;-89.28;-0.29;100.93;1.01;100.92;0.01001;0.01011;-9.268E-05;-19.994;-19.954;-99.990;0.00;-158.33;
2025-11-27 11:18:17.29;0.00:00:48:345;-1.00;-0.02;-0.01;0.01004;-0.01014;-0.0002302;-0.0001294;-89.35;-0.37;101.05;1.29;101.04;0.01004;0.01015;-0.0001056;-19.982;-19.937;-99.990;0.00;-150.65;
2025-11-27 11:18:17.34;0.00:00:48:392;-1.00;-0.03;-0.01;0.01003;-0.01013;-0.0002554;-0.0001122;-89.28;-0.32;100.98;1.12;100.97;0.01003;0.01013;-9.795E-05;-19.987;-19.944;-99.990;0.00;-156.29;
2025-11-27 11:18:17.38;0.00:00:48:439;-1.00;-0.02;-0.01;0.01004;-0.01016;-0.0002091;-0.0001189;-89.41;-0.34;101.15;1.18;101.14;0.01004;0.01016;-0.0001152;-19.981;-19.932;-99.990;0.00;-150.38;
2025-11-27 11:18:17.43;0.00:00:48:485;-1.00;-0.03;-0.01;0.01004;-0.01013;-0.0002653;-0.0001128;-89.25;-0.32;100.94;1.12;100.93;0.01004;0.01013;-9.436E-05;-19.983;-19.943;-99.990;0.00;-156.96;
2025-11-27 11:18:17.48;0.00:00:48:532;-1.00;-0.03;-0.01;0.01005;-0.01016;-0.0002726;-0.0001096;-89.23;-0.31;101.07;1.09;101.06;0.01005;0.01016;-0.0001076;-19.976;-19.930;-99.990;0.00;-158.11;
2025-11-27 11:18:17.52;0.00:00:48:580;-1.00;-0.02;-0.01;0.01004;-0.01013;-0.0002474;-0.0001126;-89.30;-0.32;100.87;1.12;100.87;0.01004;0.01013;-8.766E-05;-19.981;-19.943;-99.990;0.00;-155.54;
2025-11-27 11:18:17.57;0.00:00:48:626;-1.00;-0.02;-0.01;0.01003;-0.01015;-0.0002182;-9.793E-05;-89.38;-0.28;101.15;0.98;101.15;0.01003;0.01015;-0.0001155;-19.985;-19.935;-99.990;0.00;-155.82;
2025-11-27 11:18:17.62;0.00:00:48:674;-1.00;-0.03;-0.01;0.01004;-0.01014;-0.0002695;-0.0001207;-89.24;-0.34;101.04;1.20;101.04;0.01004;0.01015;-0.000105;-19.981;-19.936;-99.990;0.00;-155.88;
2025-11-27 11:18:17.67;0.00:00:48:723;-1.00;-0.03;-0.01;0.01004;-0.01014;-0.0002554;-0.0001119;-89.28;-0.32;101.04;1.11;101.03;0.01004;0.01014;-0.0001043;-19.984;-19.939;-99.990;0.00;-156.35;
2025-11-27 11:18:17.73;0.00:00:48:783;-1.00;-0.03;-0.01;0.01003;-0.01014;-0.0002767;-0.000111;-89.22;-0.31;101.12;1.11;101.11;0.01003;0.01014;-0.0001121;-19.988;-19.939;-99.990;0.00;-158.14;
2025-11-27 11:18:17.77;0.00:00:48:831;-1.00;-0.03;-0.01;0.01003;-0.01014;-0.0002771;-0.0001038;-89.22;-0.29;101.08;1.03;101.07;0.01003;0.01014;-0.0001082;-19.986;-19.940;-99.990;0.00;-159.47;
2025-11-27 11:18:17.82;0.00:00:48:878;-1.00;-0.02;-0.01;0.01002;-0.01011;-0.0002461;-0.0001141;-89.30;-0.32;100.94;1.14;100.93;0.01002;0.01011;-9.429E-05;-19.991;-19.951;-99.990;0.00;-155.13;
2025-11-27 11:18:17.87;0.00:00:48:924;-1.00;-0.03;-0.01;0.01006;-0.01017;-0.000287;-0.0001165;-89.19;-0.33;101.15;1.16;101.15;0.01006;0.01017;-0.0001159;-19.975;-19.925;-99.990;0.00;-157.90;
2025-11-27 11:18:17.91;0.00:00:48:970;-1.00;-0.03;-0.01;0.01004;-0.01013;-0.000255;-0.0001271;-89.28;-0.36;101.00;1.27;100.99;0.01004;0.01014;-0.0001003;-19.983;-19.940;-99.990;0.00;-153.50;
2025-11-27 11:18:17.96;0.00:00:49:016;-1.00;-0.03;-0.01;0.01002;-0.01011;-0.0002699;-0.0001163;-89.24;-0.33;100.93;1.16;100.93;0.01002;0.01011;-9.336E-05;-19.993;-19.952;-99.990;0.00;-156.68;
2025-11-27 11:18:18.01;0.00:00:49:063;-1.00;-0.03;-0.01;0.01004;-0.01014;-0.0002578;-0.0001186;-89.27;-0.34;100.95;1.18;100.95;0.01004;0.01014;-9.591E-05;-19.981;-19.939;-99.990;0.00;-155.29;
2025-11-27 11:18:18.05;0.00:00:49:110;-1.00;-0.02;-0.01;0.01005;-0.01015;-0.0002516;-0.0001275;-89.29;-0.36;101.09;1.27;101.08;0.01005;0.01016;-0.0001091;-19.979;-19.933;-99.990;0.00;-153.13;
2025-11-27 11:18:18.10;0.00:00:49:160;-1.00;-0.03;-0.01;0.01003;-0.01013;-0.0002578;-0.0001227;-89.27;-0.35;101.09;1.22;101.09;0.01003;0.01014;-0.0001096;-19.989;-19.941;-99.990;0.00;-154.56;
2025-11-27 11:18:18.16;0.00:00:49:220;-1.00;-0.03;-0.01;0.01004;-0.01012;-0.0002539;-0.0001083;-89.28;-0.31;100.81;1.08;100.81;0.01004;0.01012;-8.141E-05;-19.982;-19.947;-99.990;0.00;-156.91;
2025-11-27 11:18:18.21;0.00:00:49:267;-1.00;-0.03;-0.01;0.01005;-0.01016;-0.000285;-0.0001083;-89.20;-0.31;101.12;1.08;101.12;0.01005;0.01016;-0.0001129;-19.978;-19.929;-99.990;0.00;-159.19;
2025-11-27 11:18:18.26;0.00:00:49:314;-1.00;-0.03;-0.01;0.01001;-0.0101;-0.0002595;-0.0001091;-89.26;-0.31;100.96;1.09;100.96;0.01001;0.01011;-9.657E-05;-19.996;-19.954;-99.990;0.00;-157.19;
2025-11-27 11:18:18.30;0.00:00:49:361;-1.00;-0.02;-0.01;0.01002;-0.01012;-0.0002342;-9.51E-05;-89.34;-0.27;100.98;0.95;100.98;0.01002;0.01012;-9.85E-05;-19.990;-19.947;-99.990;0.00;-157.90;
2025-11-27 11:18:18.37;0.00:00:49:423;-1.00;-0.03;-0.01;0.01004;-0.01012;-0.0002787;-0.0001073;-89.21;-0.30;100.81;1.07;100.80;0.01004;0.01013;-8.107E-05;-19.981;-19.946;-99.990;0.00;-158.95;
2025-11-27 11:18:18.41;0.00:00:49:470;-1.00;-0.02;-0.01;0.01007;-0.01016;-0.0002473;-0.0001353;-89.30;-0.38;100.90;1.34;100.89;0.01007;0.01016;-9.089E-05;-19.969;-19.930;-99.990;0.00;-151.32;
2025-11-27 11:18:18.46;0.00:00:49:517;-1.00;-0.03;-0.01;0.01002;-0.01012;-0.000257;-0.0001128;-89.27;-0.32;101.06;1.13;101.06;0.01002;0.01013;-0.0001065;-19.991;-19.945;-99.990;0.00;-156.30;
2025-11-27 11:18:18.51;0.00:00:49:564;-1.00;-0.03;-0.01;0.01001;-0.0101;-0.0002602;-0.0001051;-89.26;-0.30;100.96;1.05;100.95;0.01001;0.01011;-9.601E-05;-19.995;-19.953;-99.990;0.00;-158.00;
2025-11-27 11:18:18.55;0.00:00:49:610;-1.00;-0.03;-0.01;0.01005;-0.01014;-0.0002615;-0.0001146;-89.26;-0.32;100.99;1.14;100.99;0.01005;0.01014;-9.968E-05;-19.980;-19.938;-99.990;0.00;-156.34;
2025-11-27 11:18:18.60;0.00:00:49:657;-1.00;-0.02;-0.01;0.01004;-0.01013;-0.0002446;-0.0001052;-89.31;-0.30;100.92;1.05;100.91;0.01004;0.01013;-9.207E-05;-19.983;-19.944;-99.990;0.00;-156.73;
2025-11-27 11:18:18.65;0.00:00:49:704;-1.00;-0.03;-0.01;0.01003;-0.01014;-0.0002675;-0.0001235;-89.24;-0.35;101.06;1.23;101.05;0.01003;0.01014;-0.000106;-19.985;-19.940;-99.990;0.00;-155.22;
2025-11-27 11:18:18.70;0.00:00:49:751;-1.00;-0.02;-0.01;0.01004;-0.01013;-0.0002168;-0.0001064;-89.39;-0.30;100.89;1.06;100.88;0.01004;0.01013;-8.897E-05;-19.981;-19.943;-99.990;0.00;-153.86;
2025-11-27 11:18:18.74;0.00:00:49:798;-1.00;-0.02;-0.01;0.01003;-0.01012;-0.0002511;-9.679E-05;-89.29;-0.27;100.98;0.96;100.97;0.01003;0.01013;-9.783E-05;-19.987;-19.945;-99.990;0.00;-158.92;
2025-11-27 11:18:18.79;0.00:00:49:844;-1.00;-0.03;-0.01;0.01005;-0.01015;-0.0002646;-0.0001112;-89.25;-0.31;101.05;1.11;101.04;0.01005;0.01015;-0.0001053;-19.980;-19.935;-99.990;0.00;-157.21;
2025-11-27 11:18:18.83;0.00:00:49:890;-1.00;-0.02;-0.01;0.01002;-0.01013;-0.0002396;-0.0001164;-89.32;-0.33;101.12;1.16;101.11;0.01002;0.01014;-0.0001122;-19.990;-19.941;-99.990;0.00;-154.08;
2025-11-27 11:18:18.88;0.00:00:49:937;-1.00;-0.03;-0.01;0.01002;-0.0101;-0.0002691;-0.0001193;-89.24;-0.34;100.87;1.19;100.86;0.01002;0.0101;-8.695E-05;-19.993;-19.955;-99.990;0.00;-156.10;
2025-11-27 11:18:18.93;0.00:00:49:984;-1.00;-0.02;-0.01;0.01003;-0.01011;-0.0002487;-0.0001209;-89.30;-0.34;100.91;1.21;100.90;0.01003;0.01012;-9.102E-05;-19.989;-19.950;-99.990;0.00;-154.06;
2025-11-27 11:18:18.98;0.00:00:50:032;-1.00;-0.03;-0.01;0.01005;-0.01014;-0.0002752;-0.0001211;-89.22;-0.34;100.96;1.21;100.96;0.01005;0.01014;-9.673E-05;-19.980;-19.938;-99.990;0.00;-156.26;
2025-11-27 11:18:19.02;0.00:00:50:079;-1.00;-0.02;-0.01;0.01005;-0.01015;-0.0002526;-0.0001016;-89.29;-0.29;101.02;1.01;101.01;0.01005;0.01015;-0.0001025;-19.980;-19.936;-99.990;0.00;-158.08;
2025-11-27 11:18:19.07;0.00:00:50:127;-1.00;-0.02;-0.01;0.01005;-0.01015;-0.0002264;-0.0001149;-89.36;-0.32;101.03;1.14;101.03;0.01005;0.01016;-0.000104;-19.978;-19.933;-99.990;0.00;-153.09;
2025-11-27 11:18:19.12;0.00:00:50:173;-1.00;-0.02;-0.01;0.01001;-0.0101;-0.0002358;-0.0001113;-89.33;-0.32;100.95;1.11;100.94;0.01001;0.01011;-9.505E-05;-19.995;-19.954;-99.990;0.00;-154.74;
2025-11-27 11:18:19.16;0.00:00:50:221;-1.00;-0.03;-0.01;0.01001;-0.01011;-0.0002801;-0.0001055;-89.21;-0.30;101.06;1.05;101.06;0.01001;0.01012;-0.0001065;-19.994;-19.949;-99.990;0.00;-159.36;
2025-11-27 11:18:19.21;0.00:00:50:267;-1.00;-0.02;-0.01;0.01002;-0.0101;-0.0002248;-0.0001037;-89.36;-0.29;100.84;1.04;100.83;0.01002;0.0101;-8.372E-05;-19.992;-19.956;-99.990;0.00;-155.24;
2025-11-27 11:18:19.26;0.00:00:50:314;-1.00;-0.02;-0.01;0.01002;-0.01009;-0.0002467;-0.0001212;-89.30;-0.34;100.78;1.21;100.77;0.01002;0.01009;-7.788E-05;-19.993;-19.959;-99.990;0.00;-153.84;
2025-11-27 11:18:19.30;0.00:00:50:361;-1.00;-0.03;-0.01;0.01001;-0.01009;-0.0002911;-0.0001366;-89.17;-0.39;100.89;1.37;100.88;0.01001;0.01009;-8.892E-05;-19.998;-19.959;-99.990;0.00;-154.86;
2025-11-27 11:18:19.35;0.00:00:50:408;-1.00;-0.03;-0.01;0.01001;-0.01011;-0.0002532;-0.0001163;-89.28;-0.33;100.94;1.16;100.93;0.01001;0.01011;-9.416E-05;-19.994;-19.953;-99.990;0.00;-155.32;
2025-11-27 11:18:19.40;0.00:00:50:455;-1.00;-0.02;-0.01;0.01001;-0.0101;-0.0002518;-0.000124;-89.29;-0.35;100.95;1.24;100.94;0.01001;0.0101;-9.46E-05;-19.997;-19.956;-99.990;0.00;-153.78;
2025-11-27 11:18:19.45;0.00:00:50:502;-1.00;-0.03;-0.01;0.01003;-0.01012;-0.0002707;-0.0001179;-89.23;-0.33;100.94;1.17;100.93;0.01003;0.01013;-9.385E-05;-19.985;-19.945;-99.990;0.00;-156.47;
2025-11-27 11:18:19.49;0.00:00:50:548;-1.00;-0.03;-0.01;0.01003;-0.01011;-0.0002592;-0.0001376;-89.27;-0.39;100.87;1.37;100.86;0.01003;0.01012;-8.741E-05;-19.987;-19.949;-99.990;0.00;-152.03;
2025-11-27 11:18:19.54;0.00:00:50:594;-1.00;-0.02;-0.01;0.01003;-0.01013;-0.0002475;-9.745E-05;-89.30;-0.28;101.04;0.97;101.04;0.01003;0.01013;-0.0001047;-19.989;-19.944;-99.990;0.00;-158.51;
2025-11-27 11:18:19.58;0.00:00:50:641;-1.00;-0.02;-0.01;0.01001;-0.01011;-0.0002487;-0.0001343;-89.30;-0.38;101.07;1.34;101.06;0.01001;0.01012;-0.0001071;-19.996;-19.950;-99.990;0.00;-151.64;
2025-11-27 11:18:19.63;0.00:00:50:688;-1.00;-0.03;-0.01;0.01004;-0.01015;-0.000294;-0.0001123;-89.17;-0.32;101.14;1.12;101.14;0.01004;0.01015;-0.0001148;-19.985;-19.935;-99.990;0.00;-159.09;
2025-11-27 11:18:19.68;0.00:00:50:734;-1.00;-0.03;-0.01;0.01003;-0.01012;-0.0002581;-0.0001143;-89.27;-0.32;100.90;1.14;100.89;0.01003;0.01012;-9.006E-05;-19.985;-19.946;-99.990;0.00;-156.11;
2025-11-27 11:18:19.74;0.00:00:50:797;-1.00;-0.02;-0.01;0.01005;-0.01018;-0.0002332;-0.0001197;-89.34;-0.34;101.32;1.19;101.32;0.01005;0.01018;-0.0001331;-19.979;-19.922;-99.990;0.00;-152.83;
2025-11-27 11:18:19.79;0.00:00:50:846;-1.00;-0.03;-0.01;0.01001;-0.01013;-0.0002551;-0.000114;-89.28;-0.32;101.22;1.14;101.22;0.01001;0.01013;-0.0001224;-19.997;-19.944;-99.990;0.00;-155.92;
2025-11-27 11:18:19.85;0.00:00:50:906;-1.00;-0.03;-0.01;0.01001;-0.0101;-0.0002551;-9.876E-05;-89.28;-0.28;100.89;0.99;100.89;0.01001;0.0101;-8.931E-05;-19.994;-19.955;-99.990;0.00;-158.84;
2025-11-27 11:18:19.90;0.00:00:50:954;-1.00;-0.03;-0.01;0.01005;-0.01014;-0.0002817;-0.0001206;-89.20;-0.34;100.95;1.20;100.94;0.01005;0.01015;-9.523E-05;-19.978;-19.937;-99.990;0.00;-156.82;
2025-11-27 11:18:19.95;0.00:00:51:004;-1.00;-0.03;-0.01;0.01001;-0.0101;-0.0002707;-0.0001144;-89.23;-0.32;100.90;1.14;100.89;0.01001;0.0101;-8.985E-05;-19.994;-19.955;-99.990;0.00;-157.10;
2025-11-27 11:18:20.01;0.00:00:51:063;-1.00;-0.03;-0.01;0.01005;-0.01016;-0.0002695;-9.86E-05;-89.24;-0.28;101.09;0.98;101.09;0.01005;0.01016;-0.0001096;-19.978;-19.931;-99.990;0.00;-159.91;
2025-11-27 11:18:20.05;0.00:00:51:110;-1.00;-0.03;-0.01;0.01003;-0.01013;-0.0002645;-0.0001212;-89.25;-0.34;101.02;1.21;101.01;0.01003;0.01014;-0.0001024;-19.985;-19.941;-99.990;0.00;-155.37;
2025-11-27 11:18:20.10;0.00:00:51:158;-1.00;-0.02;-0.01;0.01003;-0.01013;-0.0002475;-9.989E-05;-89.30;-0.28;101.00;1.00;101.00;0.01003;0.01013;-0.0001005;-19.987;-19.943;-99.990;0.00;-158.02;
2025-11-27 11:18:20.15;0.00:00:51:205;-1.00;-0.02;-0.01;0.01004;-0.01015;-0.0002238;-0.0001161;-89.37;-0.33;101.04;1.16;101.04;0.01004;0.01015;-0.0001048;-19.981;-19.936;-99.990;0.00;-152.58;
2025-11-27 11:18:20.20;0.00:00:51:253;-1.00;-0.03;-0.01;0.01005;-0.01015;-0.0002575;-0.0001023;-89.27;-0.29;101.08;1.02;101.08;0.01005;0.01016;-0.0001087;-19.979;-19.933;-99.990;0.00;-158.34;
2025-11-27 11:18:20.25;0.00:00:51:304;-1.00;-0.03;-0.01;0.01;-0.01011;-0.0002786;-0.000124;-89.21;-0.35;101.13;1.24;101.12;0.01;0.01011;-0.000113;-19.999;-19.951;-99.990;0.00;-156.00;
2025-11-27 11:18:20.31;0.00:00:51:362;-1.00;-0.02;-0.01;0.01003;-0.01014;-0.0002387;-0.0001208;-89.33;-0.34;101.14;1.20;101.13;0.01003;0.01014;-0.0001141;-19.988;-19.939;-99.990;0.00;-153.16;
2025-11-27 11:18:20.35;0.00:00:51:409;-1.00;-0.03;-0.01;0.01003;-0.01012;-0.0002537;-0.0001201;-89.28;-0.34;100.93;1.20;100.92;0.01003;0.01012;-9.313E-05;-19.987;-19.946;-99.990;0.00;-154.67;
2025-11-27 11:18:20.40;0.00:00:51:456;-1.00;-0.02;-0.01;0.01001;-0.0101;-0.0002442;-9.542E-05;-89.31;-0.27;100.93;0.95;100.92;0.01001;0.01011;-9.288E-05;-19.994;-19.954;-99.990;0.00;-158.66;
2025-11-27 11:18:20.45;0.00:00:51:503;-1.00;-0.02;-0.01;0.01001;-0.01011;-0.0002167;-0.0001166;-89.39;-0.33;101.02;1.16;101.02;0.01001;0.01012;-0.0001024;-19.994;-19.950;-99.990;0.00;-151.72;
2025-11-27 11:18:20.49;0.00:00:51:551;-1.00;-0.03;-0.01;0.01002;-0.01011;-0.0002549;-0.00011;-89.28;-0.31;100.98;1.10;100.97;0.01002;0.01011;-9.778E-05;-19.993;-19.951;-99.990;0.00;-156.66;
2025-11-27 11:18:20.54;0.00:00:51:598;-1.00;-0.02;-0.01;0.01004;-0.01014;-0.0002375;-0.0001078;-89.33;-0.30;101.06;1.07;101.06;0.01004;0.01015;-0.0001066;-19.982;-19.936;-99.990;0.00;-155.60;
2025-11-27 11:18:20.59;0.00:00:51:646;-1.00;-0.03;-0.01;0.01003;-0.01014;-0.0002713;-0.000136;-89.23;-0.38;101.16;1.36;101.15;0.01003;0.01015;-0.0001166;-19.987;-19.937;-99.990;0.00;-153.38;
2025-11-27 11:18:20.64;0.00:00:51:692;-1.00;-0.02;-0.01;0.01002;-0.01011;-0.0002228;-0.0001142;-89.37;-0.32;100.91;1.14;100.90;0.01002;0.01011;-9.111E-05;-19.991;-19.952;-99.990;0.00;-152.86;
2025-11-27 11:18:20.68;0.00:00:51:740;-1.00;-0.03;-0.01;0.01005;-0.01014;-0.0002619;-0.0001132;-89.26;-0.32;101.02;1.13;101.01;0.01005;0.01015;-0.0001023;-19.980;-19.936;-99.990;0.00;-156.62;
2025-11-27 11:18:20.73;0.00:00:51:786;-1.00;-0.03;-0.01;0.01002;-0.01012;-0.000275;-0.00011;-89.22;-0.31;101.00;1.10;100.99;0.01002;0.01012;-0.0001001;-19.991;-19.948;-99.990;0.00;-158.20;
2025-11-27 11:18:20.78;0.00:00:51:832;-1.00;-0.02;-0.01;0.01003;-0.01013;-0.0002387;-0.0001106;-89.33;-0.31;101.09;1.10;101.08;0.01003;0.01013;-0.0001089;-19.989;-19.942;-99.990;0.00;-155.14;
2025-11-27 11:18:20.82;0.00:00:51:878;-1.00;-0.02;-0.01;0.01003;-0.01013;-0.0002487;-0.0001124;-89.30;-0.32;100.98;1.12;100.97;0.01003;0.01013;-9.836E-05;-19.986;-19.944;-99.990;0.00;-155.69;
2025-11-27 11:18:20.87;0.00:00:51:925;-1.00;-0.02;-0.01;0.01005;-0.01017;-0.0002528;-0.0001125;-89.29;-0.32;101.19;1.12;101.18;0.01005;0.01017;-0.0001191;-19.978;-19.927;-99.990;0.00;-156.02;
2025-11-27 11:18:20.92;0.00:00:51:971;-1.00;-0.02;-0.01;0.01003;-0.01014;-0.0002511;-0.0001193;-89.29;-0.34;101.17;1.19;101.16;0.01003;0.01015;-0.0001169;-19.987;-19.937;-99.990;0.00;-154.58;
2025-11-27 11:18:20.96;0.00:00:52:017;-1.00;-0.03;-0.01;0.01001;-0.01012;-0.0002729;-0.0001077;-89.23;-0.30;101.12;1.08;101.11;0.01001;0.01012;-0.0001121;-19.995;-19.947;-99.990;0.00;-158.47;
2025-11-27 11:18:21.01;0.00:00:52:064;-1.00;-0.02;-0.01;0.01005;-0.01014;-0.0002509;-0.0001086;-89.29;-0.31;100.95;1.08;100.94;0.01005;0.01014;-9.52E-05;-19.979;-19.938;-99.990;0.00;-156.60;
2025-11-27 11:18:21.05;0.00:00:52:110;-1.00;-0.03;-0.01;0.01004;-0.01016;-0.0002588;-0.0001433;-89.27;-0.40;101.19;1.43;101.18;0.01004;0.01016;-0.0001194;-19.983;-19.931;-99.990;0.00;-151.03;
2025-11-27 11:18:21.10;0.00:00:52:156;-1.00;-0.02;-0.01;0.01006;-0.01018;-0.0002421;-0.0001155;-89.32;-0.32;101.20;1.15;101.19;0.01006;0.01018;-0.0001205;-19.974;-19.923;-99.990;0.00;-154.51;
2025-11-27 11:18:21.15;0.00:00:52:205;-1.00;-0.02;-0.01;0.01005;-0.01016;-0.0002486;-0.0001304;-89.30;-0.37;101.22;1.30;101.21;0.01005;0.01017;-0.0001227;-19.980;-19.928;-99.990;0.00;-152.32;
2025-11-27 11:18:21.19;0.00:00:52:251;-1.00;-0.03;-0.01;0.01002;-0.01012;-0.0002823;-9.828E-05;-89.20;-0.28;101.01;0.98;101.01;0.01002;0.01012;-0.0001015;-19.991;-19.947;-99.990;0.00;-160.81;
2025-11-27 11:18:21.24;0.00:00:52:298;-1.00;-0.03;-0.01;0.01004;-0.01013;-0.0002534;-0.0001029;-89.28;-0.29;100.96;1.03;100.96;0.01004;0.01013;-9.683E-05;-19.984;-19.943;-99.990;0.00;-157.90;
2025-11-27 11:18:21.29;0.00:00:52:348;-1.00;-0.02;-0.01;0.01002;-0.01011;-0.0002441;-0.0001131;-89.31;-0.32;100.91;1.13;100.91;0.01002;0.01011;-9.152E-05;-19.991;-19.951;-99.990;0.00;-155.14;
2025-11-27 11:18:21.35;0.00:00:52:409;-1.00;-0.02;-0.01;0.01002;-0.01012;-0.0002387;-0.0001137;-89.32;-0.32;101.07;1.14;101.06;0.01002;0.01012;-0.0001073;-19.993;-19.947;-99.990;0.00;-154.52;
2025-11-27 11:18:21.40;0.00:00:52:456;-1.00;-0.03;-0.01;0.01001;-0.01012;-0.0002646;-0.0001114;-89.25;-0.32;101.13;1.11;101.12;0.01001;0.01013;-0.0001131;-19.995;-19.946;-99.990;0.00;-157.17;
2025-11-27 11:18:21.45;0.00:00:52:502;-1.00;-0.02;-0.01;0.01;-0.01011;-0.0002264;-0.0001197;-89.36;-0.34;101.09;1.20;101.09;0.01;0.01011;-0.0001093;-19.999;-19.951;-99.990;0.00;-152.14;
2025-11-27 11:18:21.49;0.00:00:52:549;-1.00;-0.02;-0.01;0.00999;-0.01009;-0.0002357;-0.0001071;-89.33;-0.30;101.02;1.07;101.01;0.00999;0.01009;-0.0001015;-20.004;-19.960;-99.990;0.00;-155.56;
2025-11-27 11:18:21.54;0.00:00:52:597;-1.00;-0.02;-0.01;0.009995;-0.0101;-0.0002128;-0.0001112;-89.40;-0.32;101.06;1.11;101.05;0.009995;0.0101;-0.000106;-20.002;-19.956;-99.990;0.00;-152.40;
2025-11-27 11:18:21.59;0.00:00:52:643;-1.00;-0.02;-0.01;0.01001;-0.01012;-0.0002362;-0.0001168;-89.33;-0.33;101.12;1.17;101.12;0.01001;0.01012;-0.0001125;-19.995;-19.946;-99.990;0.00;-153.69;
2025-11-27 11:18:21.63;0.00:00:52:690;-1.00;-0.03;-0.01;0.01002;-0.01011;-0.0003;-0.0001135;-89.15;-0.32;100.97;1.13;100.96;0.01002;0.01012;-9.691E-05;-19.992;-19.950;-99.990;0.00;-159.27;
2025-11-27 11:18:21.68;0.00:00:52:738;-1.00;-0.03;-0.01;0.01001;-0.0101;-0.0002759;-0.0001003;-89.22;-0.28;100.97;1.00;100.97;0.01001;0.01011;-9.722E-05;-19.995;-19.953;-99.990;0.00;-160.02;
2025-11-27 11:18:21.73;0.00:00:52:783;-1.00;-0.02;-0.01;0.01003;-0.01012;-0.0002464;-0.0001274;-89.30;-0.36;100.96;1.27;100.95;0.01003;0.01012;-9.612E-05;-19.988;-19.946;-99.990;0.00;-152.66;
2025-11-27 11:18:21.78;0.00:00:52:832;-1.00;-0.03;-0.01;0.01001;-0.01012;-0.0002683;-9.548E-05;-89.24;-0.27;101.07;0.95;101.07;0.01001;0.01012;-0.0001074;-19.994;-19.947;-99.990;0.00;-160.41;
2025-11-27 11:18:21.82;0.00:00:52:878;-1.00;-0.02;-0.01;0.01001;-0.01011;-0.0002514;-0.0001154;-89.29;-0.33;101.08;1.15;101.07;0.01001;0.01012;-0.0001077;-19.997;-19.950;-99.990;0.00;-155.34;
2025-11-27 11:18:21.87;0.00:00:52:925;-1.00;-0.02;-0.01;0.01001;-0.01013;-0.0002428;-0.0001036;-89.31;-0.29;101.20;1.04;101.19;0.01001;0.01013;-0.0001198;-19.996;-19.944;-99.990;0.00;-156.89;
2025-11-27 11:18:21.92;0.00:00:52:972;-1.00;-0.03;-0.01;0.01;-0.01011;-0.0002596;-0.0001145;-89.26;-0.32;101.08;1.14;101.07;0.01;0.01011;-0.0001081;-19.999;-19.953;-99.990;0.00;-156.21;
2025-11-27 11:18:21.96;0.00:00:53:018;-1.00;-0.02;-0.01;0.01003;-0.01012;-0.000253;-0.0001133;-89.28;-0.32;100.98;1.13;100.98;0.01003;0.01013;-9.877E-05;-19.988;-19.945;-99.990;0.00;-155.87;
2025-11-27 11:18:22.01;0.00:00:53:064;-1.00;-0.03;-0.01;0.01004;-0.01013;-0.0002621;-0.0001039;-89.26;-0.29;100.98;1.03;100.97;0.01004;0.01014;-9.805E-05;-19.983;-19.941;-99.990;0.00;-158.38;
2025-11-27 11:18:22.06;0.00:00:53:112;-1.00;-0.03;-0.01;0.01005;-0.01017;-0.000271;-0.0001195;-89.24;-0.34;101.21;1.19;101.20;0.01005;0.01017;-0.0001212;-19.979;-19.927;-99.990;0.00;-156.20;
2025-11-27 11:18:22.10;0.00:00:53:159;-1.00;-0.02;-0.01;0.01004;-0.01014;-0.0002519;-0.0001229;-89.29;-0.35;101.02;1.22;101.01;0.01004;0.01014;-0.0001025;-19.983;-19.938;-99.990;0.00;-153.99;
2025-11-27 11:18:22.15;0.00:00:53:206;-1.00;-0.02;-0.01;0.01;-0.01011;-0.0002423;-0.0001124;-89.31;-0.32;101.11;1.12;101.10;0.01;0.01011;-0.0001107;-19.999;-19.951;-99.990;0.00;-155.13;
2025-11-27 11:18:22.20;0.00:00:53:252;-1.00;-0.03;-0.01;0.009994;-0.01009;-0.0002563;-0.0001193;-89.27;-0.34;101.04;1.19;101.03;0.009994;0.0101;-0.0001038;-20.003;-19.958;-99.990;0.00;-155.04;
2025-11-27 11:18:22.24;0.00:00:53:300;-1.00;-0.03;-0.01;0.01002;-0.01012;-0.0002703;-0.0001167;-89.23;-0.33;100.99;1.16;100.99;0.01002;0.01012;-9.955E-05;-19.990;-19.947;-99.990;0.00;-156.66;
2025-11-27 11:18:22.29;0.00:00:53:346;-1.00;-0.03;-0.01;0.009988;-0.01009;-0.0002591;-0.0001056;-89.26;-0.30;101.05;1.06;101.05;0.009988;0.01009;-0.0001052;-20.005;-19.960;-99.990;0.00;-157.82;
2025-11-27 11:18:22.34;0.00:00:53:394;-1.00;-0.02;-0.01;0.01001;-0.01012;-0.0002418;-0.0001016;-89.32;-0.29;101.14;1.01;101.14;0.01001;0.01012;-0.0001145;-19.996;-19.946;-99.990;0.00;-157.21;
2025-11-27 11:18:22.39;0.00:00:53:446;-1.00;-0.02;-0.01;0.01001;-0.01009;-0.0002461;-0.0001051;-89.30;-0.30;100.85;1.05;100.84;0.01001;0.01009;-8.455E-05;-19.998;-19.961;-99.990;0.00;-156.87;
2025-11-27 11:18:22.45;0.00:00:53:505;-1.00;-0.03;-0.01;0.01003;-0.01012;-0.0002594;-0.0001204;-89.27;-0.34;100.99;1.20;100.98;0.01003;0.01013;-9.927E-05;-19.987;-19.945;-99.990;0.00;-155.09;
2025-11-27 11:18:22.50;0.00:00:53:553;-1.00;-0.03;-0.01;0.01001;-0.01011;-0.0002574;-0.000121;-89.27;-0.34;100.96;1.21;100.96;0.01001;0.01011;-9.655E-05;-19.994;-19.952;-99.990;0.00;-154.82;
2025-11-27 11:18:22.54;0.00:00:53:599;-1.00;-0.02;-0.01;0.01004;-0.01013;-0.0002332;-0.0001115;-89.34;-0.32;101.02;1.11;101.02;0.01004;0.01014;-0.0001028;-19.985;-19.940;-99.990;0.00;-154.45;
2025-11-27 11:18:22.59;0.00:00:53:645;-1.00;-0.02;-0.01;0.01002;-0.01012;-0.0002522;-0.0001151;-89.29;-0.33;101.07;1.15;101.07;0.01002;0.01012;-0.0001076;-19.993;-19.947;-99.990;0.00;-155.47;
2025-11-27 11:18:22.64;0.00:00:53:691;-1.00;-0.03;-0.01;0.01003;-0.01012;-0.0002651;-9.61E-05;-89.25;-0.27;100.96;0.96;100.95;0.01003;0.01012;-9.58E-05;-19.989;-19.948;-99.990;0.00;-160.07;
2025-11-27 11:18:22.68;0.00:00:53:738;-1.00;-0.02;-0.01;0.01002;-0.01012;-0.0002492;-0.0001062;-89.29;-0.30;100.99;1.06;100.98;0.01002;0.01012;-9.909E-05;-19.991;-19.948;-99.990;0.00;-156.93;
2025-11-27 11:18:22.73;0.00:00:53:783;-1.00;-0.02;-0.01;0.01001;-0.01011;-0.0002446;-0.0001095;-89.31;-0.31;101.04;1.09;101.04;0.01001;0.01011;-0.0001045;-19.997;-19.952;-99.990;0.00;-155.87;
2025-11-27 11:18:22.77;0.00:00:53:829;-1.00;-0.03;-0.01;0.01002;-0.01011;-0.0002575;-0.0001074;-89.27;-0.30;100.90;1.07;100.89;0.01002;0.01011;-8.976E-05;-19.991;-19.952;-99.990;0.00;-157.35;
2025-11-27 11:18:22.82;0.00:00:53:876;-1.00;-0.02;-0.01;0.01002;-0.01012;-0.0002445;-0.0001106;-89.31;-0.31;101.01;1.10;101.00;0.01002;0.01012;-0.000101;-19.991;-19.948;-99.990;0.00;-155.65;
2025-11-27 11:18:22.87;0.00:00:53:922;-1.00;-0.02;-0.01;0.01003;-0.0101;-0.0002395;-0.0001053;-89.32;-0.30;100.75;1.05;100.74;0.01003;0.01011;-7.489E-05;-19.986;-19.954;-99.990;0.00;-156.26;
2025-11-27 11:18:22.91;0.00:00:53:969;-1.00;-0.03;-0.01;0.01003;-0.01014;-0.0002758;-0.0001104;-89.22;-0.31;101.12;1.10;101.12;0.01003;0.01014;-0.0001127;-19.988;-19.939;-99.990;0.00;-158.18;
2025-11-27 11:18:22.96;0.00:00:54:017;-1.00;-0.02;-0.01;0.01003;-0.01014;-0.0002459;-9.581E-05;-89.31;-0.27;101.12;0.96;101.11;0.01003;0.01014;-0.0001122;-19.988;-19.940;-99.990;0.00;-158.71;
2025-11-27 11:18:23.01;0.00:00:54:064;-1.00;-0.02;-0.01;0.01001;-0.01011;-0.0002335;-0.0001094;-89.34;-0.31;101.03;1.09;101.02;0.01001;0.01012;-0.0001028;-19.994;-19.950;-99.990;0.00;-154.89;
2025-11-27 11:18:23.05;0.00:00:54:110;-1.00;-0.03;-0.01;0.01003;-0.01013;-0.0002792;-0.0001026;-89.21;-0.29;101.01;1.02;101.01;0.01003;0.01013;-0.0001017;-19.987;-19.943;-99.990;0.00;-159.82;
2025-11-27 11:18:23.10;0.00:00:54:158;-1.00;-0.02;-0.01;0.01002;-0.01013;-0.0002303;-0.0001101;-89.35;-0.31;101.11;1.10;101.11;0.01002;0.01013;-0.0001117;-19.991;-19.943;-99.990;0.00;-154.44;
2025-11-27 11:18:23.15;0.00:00:54:204;-1.00;-0.02;-0.01;0.009987;-0.01009;-0.0002398;-0.0001014;-89.32;-0.29;101.03;1.02;101.02;0.009987;0.01009;-0.0001026;-20.006;-19.961;-99.990;0.00;-157.08;
2025-11-27 11:18:23.19;0.00:00:54:251;-1.00;-0.03;-0.01;0.01003;-0.01012;-0.0002622;-9.422E-05;-89.26;-0.27;100.92;0.94;100.92;0.01003;0.01012;-9.242E-05;-19.988;-19.948;-99.990;0.00;-160.24;
2025-11-27 11:18:23.24;0.00:00:54:298;-1.00;-0.02;-0.01;0.01002;-0.01012;-0.0002414;-0.0001128;-89.32;-0.32;101.03;1.13;101.03;0.01002;0.01013;-0.0001034;-19.991;-19.946;-99.990;0.00;-154.95;
2025-11-27 11:18:23.29;0.00:00:54:345;-1.00;-0.03;-0.01;0.01002;-0.0101;-0.0002887;-9.738E-05;-89.18;-0.28;100.89;0.97;100.89;0.01002;0.01011;-8.957E-05;-19.991;-19.953;-99.990;0.00;-161.36;
2025-11-27 11:18:23.34;0.00:00:54:393;-1.00;-0.02;-0.01;0.01002;-0.0101;-0.0002422;-9.966E-05;-89.31;-0.28;100.86;0.99;100.85;0.01002;0.0101;-8.593E-05;-19.992;-19.955;-99.990;0.00;-157.63;
2025-11-27 11:18:23.38;0.00:00:54:440;-1.00;-0.03;-0.01;0.01003;-0.01012;-0.0002634;-0.0001161;-89.25;-0.33;101.01;1.16;101.00;0.01003;0.01013;-0.0001009;-19.989;-19.946;-99.990;0.00;-156.21;
2025-11-27 11:18:23.43;0.00:00:54:486;-1.00;-0.03;-0.01;0.01002;-0.01012;-0.0002887;-0.00011;-89.18;-0.31;100.97;1.10;100.96;0.01002;0.01012;-9.711E-05;-19.989;-19.947;-99.990;0.00;-159.14;
2025-11-27 11:18:23.48;0.00:00:54:533;-1.00;-0.03;-0.01;0.01004;-0.01015;-0.0002625;-0.0001188;-89.26;-0.34;101.16;1.18;101.15;0.01004;0.01016;-0.0001164;-19.982;-19.932;-99.990;0.00;-155.64;
2025-11-27 11:18:23.52;0.00:00:54:579;-1.00;-0.03;-0.01;0.01003;-0.01013;-0.0002707;-0.0001007;-89.23;-0.28;101.00;1.00;100.99;0.01003;0.01013;-0.0001001;-19.985;-19.942;-99.990;0.00;-159.58;
2025-11-27 11:18:23.57;0.00:00:54:625;-1.00;-0.02;-0.01;0.01002;-0.01012;-0.0002441;-0.000114;-89.31;-0.32;101.02;1.14;101.02;0.01002;0.01012;-0.0001023;-19.992;-19.948;-99.990;0.00;-154.96;
2025-11-27 11:18:23.62;0.00:00:54:672;-1.00;-0.02;-0.01;0.01003;-0.01012;-0.0002453;-9.695E-05;-89.31;-0.27;100.93;0.97;100.92;0.01003;0.01012;-9.294E-05;-19.988;-19.948;-99.990;0.00;-158.44;
2025-11-27 11:18:23.66;0.00:00:54:720;-1.00;-0.03;-0.01;0.01004;-0.01013;-0.0002596;-9.723E-05;-89.27;-0.27;100.93;0.97;100.92;0.01004;0.01013;-9.306E-05;-19.984;-19.944;-99.990;0.00;-159.46;
2025-11-27 11:18:23.71;0.00:00:54:767;-1.00;-0.03;-0.01;0.01005;-0.01013;-0.0002733;-0.0001166;-89.23;-0.33;100.91;1.16;100.90;0.01005;0.01014;-9.095E-05;-19.980;-19.941;-99.990;0.00;-156.90;
2025-11-27 11:18:23.76;0.00:00:54:817;-1.00;-0.03;-0.01;0.01002;-0.0101;-0.0002603;-0.0001065;-89.26;-0.30;100.85;1.06;100.85;0.01002;0.0101;-8.552E-05;-19.993;-19.956;-99.990;0.00;-157.74;
2025-11-27 11:18:23.82;0.00:00:54:877;-1.00;-0.03;-0.01;0.01004;-0.01012;-0.0002541;-0.0001188;-89.28;-0.34;100.84;1.18;100.84;0.01004;0.01012;-8.46E-05;-19.983;-19.946;-99.990;0.00;-154.94;
2025-11-27 11:18:23.87;0.00:00:54:925;-1.00;-0.03;-0.01;0.01003;-0.01012;-0.0002692;-0.0001306;-89.24;-0.37;100.93;1.30;100.92;0.01003;0.01012;-9.302E-05;-19.988;-19.948;-99.990;0.00;-154.13;
2025-11-27 11:18:23.92;0.00:00:54:972;-1.00;-0.02;-0.01;0.01001;-0.01011;-0.0002326;-0.0001102;-89.34;-0.31;101.07;1.10;101.06;0.01001;0.01012;-0.000107;-19.997;-19.950;-99.990;0.00;-154.64;
2025-11-27 11:18:23.96;0.00:00:55:018;-1.00;-0.03;-0.01;0.01004;-0.01015;-0.0002632;-0.0001144;-89.26;-0.32;101.20;1.14;101.19;0.01004;0.01016;-0.0001202;-19.984;-19.932;-99.990;0.00;-156.51;
2025-11-27 11:18:24.01;0.00:00:55:065;-1.00;-0.03;-0.01;0.01001;-0.0101;-0.0002734;-0.0001079;-89.22;-0.31;100.87;1.08;100.86;0.01001;0.0101;-8.664E-05;-19.994;-19.957;-99.990;0.00;-158.46;
2025-11-27 11:18:24.06;0.00:00:55:112;-1.00;-0.02;-0.01;0.01002;-0.01011;-0.0002463;-0.0001247;-89.30;-0.35;100.92;1.24;100.91;0.01002;0.01011;-9.243E-05;-19.991;-19.951;-99.990;0.00;-153.15;
2025-11-27 11:18:24.10;0.00:00:55:159;-1.00;-0.03;-0.01;0.01005;-0.01015;-0.000265;-9.454E-05;-89.25;-0.27;101.09;0.94;101.08;0.01005;0.01016;-0.0001092;-19.978;-19.932;-99.990;0.00;-160.36;
2025-11-27 11:18:24.15;0.00:00:55:206;-1.00;-0.03;-0.01;0.01001;-0.01012;-0.0002687;-0.0001312;-89.24;-0.37;101.17;1.31;101.16;0.01001;0.01013;-0.0001169;-19.996;-19.946;-99.990;0.00;-153.97;
2025-11-27 11:18:24.20;0.00:00:55:253;-1.00;-0.03;-0.01;0.01002;-0.01012;-0.0002706;-0.0001146;-89.23;-0.32;101.03;1.14;101.03;0.01002;0.01013;-0.0001035;-19.991;-19.946;-99.990;0.00;-157.04;
2025-11-27 11:18:24.24;0.00:00:55:299;-1.00;-0.03;-0.01;0.01002;-0.01012;-0.0002857;-0.0001089;-89.19;-0.31;101.06;1.09;101.05;0.01002;0.01012;-0.0001058;-19.992;-19.947;-99.990;0.00;-159.13;
2025-11-27 11:18:24.29;0.00:00:55:346;-1.00;-0.02;-0.01;0.01002;-0.01011;-0.0002216;-0.0001085;-89.37;-0.31;100.90;1.08;100.89;0.01002;0.01011;-8.988E-05;-19.991;-19.952;-99.990;0.00;-153.92;
2025-11-27 11:18:24.34;0.00:00:55:393;-1.00;-0.02;-0.01;0.01004;-0.01014;-0.0002502;-0.000127;-89.29;-0.36;101.07;1.27;101.07;0.01004;0.01014;-0.0001079;-19.985;-19.938;-99.990;0.00;-153.09;
2025-11-27 11:18:24.38;0.00:00:55:440;-1.00;-0.02;-0.01;0.01004;-0.01014;-0.0002416;-0.0001191;-89.32;-0.34;101.01;1.19;101.00;0.01004;0.01014;-0.0001013;-19.982;-19.939;-99.990;0.00;-153.76;
2025-11-27 11:18:24.43;0.00:00:55:486;-1.00;-0.03;-0.01;0.01005;-0.01016;-0.0002822;-0.000114;-89.20;-0.32;101.19;1.13;101.19;0.01005;0.01017;-0.0001198;-19.979;-19.928;-99.990;0.00;-158.01;
2025-11-27 11:18:24.48;0.00:00:55:533;-1.00;-0.03;-0.01;0.01004;-0.01014;-0.0002837;-9.969E-05;-89.20;-0.28;101.01;0.99;101.01;0.01004;0.01015;-0.0001014;-19.981;-19.937;-99.990;0.00;-160.64;
2025-11-27 11:18:24.52;0.00:00:55:581;-1.00;-0.02;-0.01;0.01003;-0.01012;-0.000226;-0.0001176;-89.36;-0.33;100.98;1.17;100.97;0.01003;0.01013;-9.816E-05;-19.987;-19.945;-99.990;0.00;-152.50;
2025-11-27 11:18:24.57;0.00:00:55:627;-1.00;-0.02;-0.01;0.01002;-0.01012;-0.0002315;-0.0001237;-89.34;-0.35;101.04;1.24;101.04;0.01002;0.01012;-0.0001046;-19.992;-19.947;-99.990;0.00;-151.87;
2025-11-27 11:18:24.62;0.00:00:55:673;-1.00;-0.03;-0.01;0.01004;-0.01014;-0.0002618;-0.0001135;-89.26;-0.32;101.07;1.13;101.06;0.01004;0.01015;-0.0001072;-19.983;-19.937;-99.990;0.00;-156.55;
2025-11-27 11:18:24.67;0.00:00:55:727;-1.00;-0.02;-0.01;0.01003;-0.01013;-0.0002226;-0.0001086;-89.37;-0.31;100.99;1.08;100.98;0.01003;0.01013;-9.886E-05;-19.985;-19.943;-99.990;0.00;-153.99;
2025-11-27 11:18:24.73;0.00:00:55:784;-1.00;-0.02;-0.01;0.01004;-0.01017;-0.0002471;-0.000109;-89.30;-0.31;101.34;1.09;101.34;0.01004;0.01017;-0.0001347;-19.983;-19.925;-99.990;0.00;-156.20;
2025-11-27 11:18:24.77;0.00:00:55:831;-1.00;-0.02;-0.01;0.01002;-0.01011;-0.000224;-0.0001055;-89.37;-0.30;100.99;1.05;100.98;0.01002;0.01011;-9.882E-05;-19.993;-19.951;-99.990;0.00;-154.78;
2025-11-27 11:18:24.82;0.00:00:55:877;-1.00;-0.03;-0.01;0.01004;-0.01014;-0.0002551;-0.0001191;-89.28;-0.34;101.07;1.19;101.06;0.01004;0.01014;-0.0001072;-19.984;-19.938;-99.990;0.00;-154.97;
2025-11-27 11:18:24.87;0.00:00:55:924;-1.00;-0.02;-0.01;0.01005;-0.01016;-0.0002286;-0.0001126;-89.36;-0.32;101.14;1.12;101.14;0.01005;0.01017;-0.000115;-19.978;-19.928;-99.990;0.00;-153.78;
2025-11-27 11:18:24.92;0.00:00:55:974;-1.00;-0.03;-0.01;0.009999;-0.01007;-0.0002676;-0.0001161;-89.24;-0.33;100.72;1.16;100.72;0.009999;0.01007;-7.228E-05;-20.001;-19.969;-99.990;0.00;-156.56;
2025-11-27 11:18:24.96;0.00:00:56:021;-1.00;-0.02;-0.01;0.01002;-0.01011;-0.000249;-0.0001095;-89.30;-0.31;100.96;1.09;100.95;0.01002;0.01012;-9.612E-05;-19.990;-19.949;-99.990;0.00;-156.26;
2025-11-27 11:18:25.03;0.00:00:56:081;-1.00;-0.03;-0.01;0.01004;-0.01012;-0.0002953;-0.0001133;-89.16;-0.32;100.92;1.13;100.91;0.01004;0.01013;-9.24E-05;-19.984;-19.944;-99.990;0.00;-159.02;
2025-11-27 11:18:25.07;0.00:00:56:129;-1.00;-0.03;-0.01;0.01003;-0.01014;-0.0002604;-0.0001369;-89.26;-0.39;101.12;1.37;101.11;0.01003;0.01014;-0.0001123;-19.986;-19.938;-99.990;0.00;-152.26;
2025-11-27 11:18:25.12;0.00:00:56:180;-1.00;-0.03;-0.01;0.01002;-0.0101;-0.0002618;-0.0001155;-89.26;-0.33;100.83;1.15;100.82;0.01002;0.0101;-8.29E-05;-19.993;-19.957;-99.990;0.00;-156.20;
2025-11-27 11:18:25.18;0.00:00:56:239;-1.00;-0.02;-0.01;0.01002;-0.01012;-0.0002344;-0.0001114;-89.34;-0.32;101.04;1.11;101.03;0.01002;0.01013;-0.0001041;-19.991;-19.946;-99.990;0.00;-154.57;
2025-11-27 11:18:25.23;0.00:00:56:286;-1.00;-0.02;-0.01;0.01005;-0.01016;-0.0002394;-0.0001182;-89.32;-0.33;101.13;1.18;101.12;0.01005;0.01016;-0.0001135;-19.979;-19.931;-99.990;0.00;-153.72;
2025-11-27 11:18:25.28;0.00:00:56:335;-1.00;-0.03;-0.01;0.01002;-0.01011;-0.0002956;-0.0001137;-89.16;-0.32;100.95;1.13;100.94;0.01002;0.01011;-9.495E-05;-19.993;-19.952;-99.990;0.00;-158.97;
2025-11-27 11:18:25.32;0.00:00:56:380;-1.00;-0.03;-0.01;0.01003;-0.01012;-0.0002747;-0.0001225;-89.22;-0.35;100.92;1.22;100.91;0.01003;0.01013;-9.193E-05;-19.985;-19.946;-99.990;0.00;-155.96;
2025-11-27 11:18:25.37;0.00:00:56:427;-1.00;-0.02;-0.01;0.01002;-0.0101;-0.0002358;-0.000126;-89.33;-0.36;100.85;1.26;100.85;0.01002;0.0101;-8.555E-05;-19.992;-19.955;-99.990;0.00;-151.89;
2025-11-27 11:18:25.42;0.00:00:56:473;-1.00;-0.02;-0.01;0.01002;-0.01011;-0.0002494;-0.0001183;-89.29;-0.33;100.91;1.18;100.91;0.01002;0.01011;-9.15E-05;-19.990;-19.951;-99.990;0.00;-154.63;
2025-11-27 11:18:25.46;0.00:00:56:521;-1.00;-0.03;-0.01;0.01002;-0.0101;-0.0002717;-0.0001017;-89.23;-0.29;100.89;1.02;100.89;0.01002;0.01011;-8.939E-05;-19.993;-19.954;-99.990;0.00;-159.48;
2025-11-27 11:18:25.51;0.00:00:56:568;-1.00;-0.03;-0.01;0.01002;-0.01013;-0.0002766;-0.0001189;-89.22;-0.34;101.15;1.19;101.15;0.01002;0.01014;-0.0001157;-19.991;-19.941;-99.990;0.00;-156.74;
2025-11-27 11:18:25.56;0.00:00:56:614;-1.00;-0.02;-0.01;0.01001;-0.01012;-0.0002019;-0.000102;-89.43;-0.29;101.16;1.02;101.16;0.01001;0.01012;-0.0001161;-19.996;-19.946;-99.990;0.00;-153.19;
2025-11-27 11:18:25.61;0.00:00:56:661;-1.00;-0.03;-0.01;0.01002;-0.01011;-0.0002582;-0.0001076;-89.27;-0.30;100.95;1.07;100.94;0.01002;0.01011;-9.509E-05;-19.992;-19.951;-99.990;0.00;-157.37;
2025-11-27 11:18:25.65;0.00:00:56:708;-1.00;-0.03;-0.01;0.01005;-0.01012;-0.0002719;-0.0001053;-89.23;-0.30;100.78;1.05;100.77;0.01005;0.01012;-7.805E-05;-19.980;-19.947;-99.990;0.00;-158.83;
2025-11-27 11:18:25.70;0.00:00:56:755;-1.00;-0.02;-0.01;0.01006;-0.01016;-0.0002511;-9.888E-05;-89.29;-0.28;101.07;0.98;101.07;0.01006;0.01017;-0.0001079;-19.974;-19.928;-99.990;0.00;-158.50;
2025-11-27 11:18:25.75;0.00:00:56:804;-1.00;-0.03;-0.01;0.01003;-0.01012;-0.0002958;-9.643E-05;-89.16;-0.27;100.88;0.96;100.87;0.01003;0.01012;-8.804E-05;-19.986;-19.948;-99.990;0.00;-161.95;
2025-11-27 11:18:25.81;0.00:00:56:864;-1.00;-0.02;-0.01;0.009995;-0.01009;-0.0002515;-0.0001119;-89.29;-0.32;100.95;1.12;100.95;0.009995;0.01009;-9.523E-05;-20.002;-19.961;-99.990;0.00;-156.02;
2025-11-27 11:18:25.86;0.00:00:56:911;-1.00;-0.03;-0.01;0.01003;-0.01014;-0.0002872;-0.0001154;-89.19;-0.33;101.05;1.15;101.05;0.01003;0.01014;-0.0001058;-19.985;-19.939;-99.990;0.00;-158.12;
2025-11-27 11:18:25.90;0.00:00:56:960;-1.00;-0.03;-0.01;0.01003;-0.01012;-0.0002754;-0.0001081;-89.22;-0.31;100.94;1.08;100.94;0.01003;0.01012;-9.438E-05;-19.988;-19.948;-99.990;0.00;-158.56;
2025-11-27 11:18:25.95;0.00:00:57:006;-1.00;-0.03;-0.01;0.01002;-0.01013;-0.0002699;-0.0001191;-89.24;-0.34;101.12;1.19;101.12;0.01002;0.01013;-0.0001124;-19.992;-19.944;-99.990;0.00;-156.19;
2025-11-27 11:18:26.00;0.00:00:57:054;-1.00;-0.03;-0.01;0.01002;-0.01013;-0.0002704;-0.0001025;-89.24;-0.29;101.15;1.02;101.14;0.01002;0.01014;-0.0001148;-19.991;-19.941;-99.990;0.00;-159.24;
2025-11-27 11:18:26.05;0.00:00:57:104;-1.00;-0.02;-0.01;0.01;-0.0101;-0.000241;-0.0001087;-89.32;-0.31;100.98;1.09;100.97;0.01;0.0101;-9.778E-05;-19.998;-19.956;-99.990;0.00;-155.73;
2025-11-27 11:18:26.11;0.00:00:57:162;-1.00;-0.03;-0.01;0.01001;-0.0101;-0.0002739;-0.000123;-89.22;-0.35;100.97;1.23;100.96;0.01001;0.01011;-9.668E-05;-19.996;-19.954;-99.990;0.00;-155.82;
2025-11-27 11:18:26.15;0.00:00:57:210;-1.00;-0.02;-0.01;0.01;-0.01011;-0.0002486;-0.0001212;-89.30;-0.34;101.12;1.21;101.11;0.01;0.01012;-0.0001119;-19.998;-19.950;-99.990;0.00;-154.00;
2025-11-27 11:18:26.20;0.00:00:57:260;-1.00;-0.02;-0.01;0.01;-0.0101;-0.0002519;-9.467E-05;-89.29;-0.27;101.02;0.95;101.02;0.01;0.0101;-0.0001021;-20.000;-19.956;-99.990;0.00;-159.40;
2025-11-27 11:18:26.26;0.00:00:57:321;-1.00;-0.02;-0.01;0.01;-0.01011;-0.0002445;-0.0001278;-89.31;-0.36;101.15;1.28;101.14;0.01;0.01012;-0.0001151;-20.000;-19.950;-99.990;0.00;-152.41;
2025-11-27 11:18:26.31;0.00:00:57:368;-1.00;-0.02;-0.01;0.009995;-0.01007;-0.0002458;-0.0001176;-89.30;-0.33;100.76;1.18;100.75;0.009995;0.01007;-7.568E-05;-20.002;-19.970;-99.990;0.00;-154.43;
2025-11-27 11:18:26.36;0.00:00:57:414;-1.00;-0.02;-0.01;0.01001;-0.01011;-0.0002518;-0.0001;-89.29;-0.28;101.04;1.00;101.04;0.01001;0.01011;-0.0001045;-19.996;-19.951;-99.990;0.00;-158.34;
2025-11-27 11:18:26.41;0.00:00:57:462;-1.00;-0.03;-0.01;0.009997;-0.01009;-0.0002766;-0.0001121;-89.22;-0.32;101.01;1.12;101.00;0.009997;0.0101;-0.0001007;-20.001;-19.958;-99.990;0.00;-157.93;
2025-11-27 11:18:26.45;0.00:00:57:509;-1.00;-0.02;-0.01;0.009973;-0.01007;-0.0002323;-0.0001053;-89.34;-0.30;101.03;1.06;101.02;0.009973;0.01008;-0.0001027;-20.012;-19.967;-99.990;0.00;-155.61;
2025-11-27 11:18:26.50;0.00:00:57:556;-1.00;-0.03;-0.01;0.00998;-0.01009;-0.0002729;-0.0001196;-89.23;-0.34;101.11;1.20;101.10;0.00998;0.01009;-0.0001105;-20.009;-19.961;-99.990;0.00;-156.34;
2025-11-27 11:18:26.55;0.00:00:57:602;-1.00;-0.02;-0.01;0.009967;-0.01006;-0.0002357;-0.0001232;-89.33;-0.35;100.99;1.24;100.98;0.009967;0.01007;-9.885E-05;-20.014;-19.971;-99.990;0.00;-152.40;
2025-11-27 11:18:26.59;0.00:00:57:651;-1.00;-0.02;-0.01;0.009964;-0.01007;-0.0002447;-0.0001293;-89.30;-0.37;101.09;1.30;101.08;0.009964;0.01007;-0.0001082;-20.016;-19.969;-99.990;0.00;-152.14;
2025-11-27 11:18:26.65;0.00:00:57:702;-1.00;-0.03;-0.01;0.009983;-0.0101;-0.000264;-0.0001209;-89.25;-0.34;101.22;1.21;101.22;0.009983;0.0101;-0.0001221;-20.008;-19.955;-99.990;0.00;-155.38;
2025-11-27 11:18:26.70;0.00:00:57:759;-1.00;-0.02;-0.01;0.009976;-0.01006;-0.0002425;-0.000107;-89.31;-0.30;100.90;1.07;100.89;0.009976;0.01007;-8.954E-05;-20.010;-19.972;-99.990;0.00;-156.19;
2025-11-27 11:18:26.75;0.00:00:57:806;-1.00;-0.03;-0.01;0.009981;-0.01009;-0.0003194;-0.0001101;-89.09;-0.31;101.18;1.10;101.18;0.009981;0.0101;-0.0001183;-20.008;-19.957;-99.990;0.00;-160.98;
2025-11-27 11:18:26.80;0.00:00:57:854;-1.00;-0.03;-0.01;0.009994;-0.01013;-0.0002711;-0.0001144;-89.23;-0.32;101.37;1.14;101.36;0.009994;0.01013;-0.0001371;-20.003;-19.944;-99.990;0.00;-157.13;
2025-11-27 11:18:26.85;0.00:00:57:901;-1.00;-0.03;-0.01;0.009979;-0.01008;-0.0002773;-0.0001191;-89.21;-0.34;101.05;1.19;101.04;0.009979;0.01008;-0.0001045;-20.009;-19.964;-99.990;0.00;-156.77;
2025-11-27 11:18:26.89;0.00:00:57:949;-1.00;-0.03;-0.01;0.009997;-0.0101;-0.0002641;-0.0001208;-89.25;-0.34;101.07;1.21;101.06;0.009997;0.0101;-0.0001071;-20.001;-19.955;-99.990;0.00;-155.43;
2025-11-27 11:18:26.94;0.00:00:57:998;-1.00;-0.03;-0.01;0.009984;-0.01008;-0.0002566;-0.0001095;-89.27;-0.31;100.99;1.10;100.99;0.009984;0.01008;-9.925E-05;-20.007;-19.964;-99.990;0.00;-156.88;
2025-11-27 11:18:27.00;0.00:00:58:061;-1.00;-0.02;-0.01;0.01;-0.01011;-0.0002478;-0.0001269;-89.30;-0.36;101.10;1.27;101.09;0.01;0.01011;-0.0001102;-20.000;-19.952;-99.990;0.00;-152.88;
2025-11-27 11:18:27.06;0.00:00:58:121;-1.00;-0.03;-0.01;0.01001;-0.01012;-0.0002639;-0.000108;-89.25;-0.31;101.15;1.08;101.14;0.01001;0.01013;-0.0001147;-19.995;-19.946;-99.990;0.00;-157.74;
2025-11-27 11:18:27.11;0.00:00:58:168;-1.00;-0.02;-0.01;0.01001;-0.01011;-0.0002457;-0.0001269;-89.30;-0.36;101.08;1.27;101.07;0.01001;0.01012;-0.0001081;-19.997;-19.950;-99.990;0.00;-152.69;
2025-11-27 11:18:27.16;0.00:00:58:215;-1.00;-0.02;-0.01;0.009993;-0.01008;-0.0002396;-0.0001173;-89.32;-0.33;100.86;1.17;100.85;0.009993;0.01008;-8.599E-05;-20.003;-19.966;-99.990;0.00;-153.91;
2025-11-27 11:18:27.21;0.00:00:58:262;-1.00;-0.02;-0.01;0.009976;-0.01007;-0.0002392;-0.000121;-89.32;-0.34;100.96;1.21;100.95;0.009976;0.01007;-9.58E-05;-20.010;-19.969;-99.990;0.00;-153.17;
2025-11-27 11:18:27.25;0.00:00:58:309;-1.00;-0.03;-0.01;0.00998;-0.01008;-0.0002741;-0.0001099;-89.22;-0.31;101.05;1.10;101.04;0.00998;0.01008;-0.0001045;-20.009;-19.964;-99.990;0.00;-158.15;
2025-11-27 11:18:27.30;0.00:00:58:357;-1.00;-0.02;-0.01;0.009996;-0.0101;-0.000252;-0.0001052;-89.29;-0.30;101.06;1.05;101.06;0.009996;0.0101;-0.0001063;-20.002;-19.956;-99.990;0.00;-157.35;
2025-11-27 11:18:27.35;0.00:00:58:403;-1.00;-0.03;-0.01;0.009986;-0.01007;-0.0002713;-0.0001156;-89.23;-0.33;100.91;1.16;100.91;0.009986;0.01008;-9.128E-05;-20.006;-19.967;-99.990;0.00;-156.92;
2025-11-27 11:18:27.39;0.00:00:58:450;-1.00;-0.02;-0.01;0.009976;-0.01011;-0.0002519;-0.000105;-89.29;-0.30;101.38;1.05;101.37;0.009976;0.01011;-0.0001377;-20.010;-19.951;-99.990;0.00;-157.37;
2025-11-27 11:18:27.44;0.00:00:58:497;-1.00;-0.03;-0.01;0.009973;-0.01004;-0.0002621;-0.0001026;-89.25;-0.29;100.72;1.03;100.71;0.009973;0.01004;-7.177E-05;-20.012;-19.981;-99.990;0.00;-158.62;
2025-11-27 11:18:27.49;0.00:00:58:543;-1.00;-0.02;-0.01;0.01;-0.01011;-0.0002172;-0.0001109;-89.38;-0.31;101.12;1.11;101.12;0.01;0.01011;-0.0001125;-20.000;-19.951;-99.990;0.00;-152.95;
2025-11-27 11:18:27.53;0.00:00:58:589;-1.00;-0.02;-0.01;0.009993;-0.01009;-0.0002379;-0.0001037;-89.32;-0.29;100.96;1.04;100.96;0.009993;0.01009;-9.627E-05;-20.003;-19.962;-99.990;0.00;-156.44;
2025-11-27 11:18:27.58;0.00:00:58:637;-1.00;-0.02;-0.01;0.01002;-0.01012;-0.0002441;-0.0001015;-89.31;-0.29;101.08;1.01;101.08;0.01002;0.01012;-0.0001083;-19.993;-19.946;-99.990;0.00;-157.42;
2025-11-27 11:18:27.63;0.00:00:58:683;-1.00;-0.02;-0.01;0.009969;-0.01005;-0.0002293;-0.0001114;-89.35;-0.32;100.88;1.12;100.87;0.009969;0.01006;-8.78E-05;-20.014;-19.976;-99.990;0.00;-154.08;
2025-11-27 11:18:27.67;0.00:00:58:729;-1.00;-0.03;-0.01;0.01003;-0.01013;-0.0002712;-0.0001114;-89.23;-0.31;101.05;1.11;101.05;0.01003;0.01014;-0.0001056;-19.986;-19.941;-99.990;0.00;-157.66;
2025-11-27 11:18:27.72;0.00:00:58:776;-1.00;-0.02;-0.01;0.01003;-0.01012;-0.0002252;-0.0001052;-89.36;-0.30;101.00;1.05;101.00;0.01003;0.01013;-0.0001004;-19.988;-19.945;-99.990;0.00;-154.96;
2025-11-27 11:18:27.77;0.00:00:58:823;-1.00;-0.03;-0.01;0.01004;-0.01013;-0.0002573;-0.0001013;-89.27;-0.29;101.03;1.01;101.03;0.01004;0.01014;-0.0001034;-19.985;-19.940;-99.990;0.00;-158.51;
2025-11-27 11:18:27.81;0.00:00:58:870;-1.00;-0.02;-0.01;0.01002;-0.01012;-0.0002423;-0.0001192;-89.31;-0.34;101.07;1.19;101.06;0.01002;0.01013;-0.0001071;-19.991;-19.945;-99.990;0.00;-153.81;
2025-11-27 11:18:27.86;0.00:00:58:918;-1.00;-0.03;-0.01;0.01002;-0.01013;-0.0002718;-0.0001123;-89.23;-0.32;101.11;1.12;101.10;0.01002;0.01013;-0.000111;-19.990;-19.942;-99.990;0.00;-157.55;
2025-11-27 11:18:27.91;0.00:00:58:964;-1.00;-0.02;-0.01;0.01005;-0.01015;-0.0002494;-0.0001186;-89.30;-0.33;101.07;1.18;101.06;0.01005;0.01016;-0.0001077;-19.979;-19.933;-99.990;0.00;-154.56;
2025-11-27 11:18:27.96;0.00:00:59:011;-1.00;-0.03;-0.01;0.01005;-0.01017;-0.0002823;-0.0001246;-89.20;-0.35;101.18;1.24;101.17;0.01005;0.01017;-0.0001186;-19.978;-19.927;-99.990;0.00;-156.18;
2025-11-27 11:18:28.00;0.00:00:59:058;-1.00;-0.02;-0.01;0.01003;-0.01012;-0.0002499;-0.0001278;-89.29;-0.36;100.97;1.28;100.96;0.01003;0.01012;-9.717E-05;-19.989;-19.947;-99.990;0.00;-152.91;
2025-11-27 11:18:28.05;0.00:00:59:105;-1.00;-0.02;-0.01;0.01002;-0.01012;-0.0002182;-0.0001082;-89.38;-0.31;101.01;1.08;101.00;0.01002;0.01012;-0.0001012;-19.991;-19.947;-99.990;0.00;-153.61;
2025-11-27 11:18:28.10;0.00:00:59:154;-1.00;-0.02;-0.01;0.01004;-0.01015;-0.0002359;-0.0001159;-89.33;-0.33;101.09;1.15;101.08;0.01004;0.01015;-0.0001091;-19.982;-19.935;-99.990;0.00;-153.84;
2025-11-27 11:18:28.16;0.00:00:59:217;-1.00;-0.02;-0.01;0.01004;-0.01015;-0.0002306;-0.0001106;-89.35;-0.31;101.08;1.10;101.07;0.01004;0.01015;-0.0001082;-19.981;-19.935;-99.990;0.00;-154.39;
2025-11-27 11:18:28.22;0.00:00:59:277;-1.00;-0.02;-0.01;0.01003;-0.01013;-0.0002351;-0.0001207;-89.33;-0.34;101.00;1.20;100.99;0.01003;0.01013;-0.0001005;-19.988;-19.944;-99.990;0.00;-152.82;
2025-11-27 11:18:28.27;0.00:00:59:324;-1.00;-0.03;-0.01;0.009994;-0.01008;-0.0002601;-0.0001201;-89.26;-0.34;100.93;1.20;100.92;0.009994;0.01009;-9.259E-05;-20.003;-19.963;-99.990;0.00;-155.22;
2025-11-27 11:18:28.32;0.00:00:59:380;-1.00;-0.03;-0.01;0.01001;-0.0101;-0.0002612;-0.0001174;-89.26;-0.33;100.95;1.17;100.94;0.01001;0.0101;-9.482E-05;-19.996;-19.955;-99.990;0.00;-155.80;
2025-11-27 11:18:28.38;0.00:00:59:433;-1.00;-0.02;-0.01;0.01001;-0.01011;-0.0002466;-0.0001033;-89.30;-0.29;101.04;1.03;101.03;0.01001;0.01012;-0.000104;-19.994;-19.949;-99.990;0.00;-157.28;
2025-11-27 11:18:28.42;0.00:00:59:481;-1.00;-0.02;-0.01;0.01;-0.01008;-0.0002431;-0.0001146;-89.31;-0.33;100.88;1.15;100.87;0.01;0.01009;-8.755E-05;-20.000;-19.962;-99.990;0.00;-154.76;
2025-11-27 11:18:28.47;0.00:00:59:528;-1.00;-0.03;-0.01;0.01001;-0.01009;-0.0002534;-0.0001181;-89.28;-0.34;100.84;1.18;100.83;0.01001;0.01009;-8.358E-05;-19.998;-19.962;-99.990;0.00;-155.01;
2025-11-27 11:18:28.52;0.00:00:59:575;-1.00;-0.03;-0.01;0.01001;-0.01011;-0.0002759;-0.0001178;-89.22;-0.33;101.06;1.18;101.05;0.01001;0.01012;-0.0001058;-19.994;-19.949;-99.990;0.00;-156.88;
2025-11-27 11:18:28.57;0.00:00:59:622;-1.00;-0.02;-0.01;0.009996;-0.01009;-0.0002452;-0.0001108;-89.30;-0.31;100.98;1.11;100.97;0.009996;0.01009;-9.776E-05;-20.002;-19.959;-99.990;0.00;-155.68;
2025-11-27 11:18:28.61;0.00:00:59:671;-1.00;-0.02;-0.01;0.01001;-0.0101;-0.0002441;-0.0001067;-89.31;-0.30;100.94;1.07;100.93;0.01001;0.01011;-9.391E-05;-19.995;-19.954;-99.990;0.00;-156.40;
2025-11-27 11:18:28.68;0.00:00:59:731;-1.00;-0.02;-0.01;0.00998;-0.01008;-0.0002459;-0.0001154;-89.30;-0.33;101.07;1.16;101.07;0.00998;0.01009;-0.0001071;-20.009;-19.962;-99.990;0.00;-154.85;
2025-11-27 11:18:28.72;0.00:00:59:778;-1.00;-0.03;-0.01;0.009989;-0.01009;-0.0002747;-0.0001144;-89.22;-0.32;101.03;1.15;101.03;0.009989;0.01009;-0.0001034;-20.005;-19.960;-99.990;0.00;-157.39;
2025-11-27 11:18:28.77;0.00:00:59:825;-1.00;-0.03;-0.01;0.01001;-0.0101;-0.0002604;-0.0001172;-89.26;-0.33;100.94;1.17;100.93;0.01001;0.0101;-9.377E-05;-19.995;-19.955;-99.990;0.00;-155.76;
2025-11-27 11:18:28.82;0.00:00:59:872;-1.00;-0.02;-0.01;0.01;-0.01009;-0.0002218;-0.0001047;-89.37;-0.30;100.93;1.05;100.93;0.01;0.0101;-9.322E-05;-19.999;-19.958;-99.990;0.00;-154.73;
2025-11-27 11:18:28.86;0.00:00:59:919;-1.00;-0.02;-0.01;0.01002;-0.01014;-0.0002105;-9.857E-05;-89.41;-0.28;101.19;0.98;101.19;0.01002;0.01014;-0.0001193;-19.991;-19.939;-99.990;0.00;-154.90;
2025-11-27 11:18:28.91;0.00:00:59:966;-1.00;-0.03;-0.01;0.01001;-0.0101;-0.0002631;-0.0001105;-89.25;-0.31;100.95;1.10;100.95;0.01001;0.0101;-9.537E-05;-19.996;-19.955;-99.990;0.00;-157.21;
2025-11-27 11:18:28.96;0.00:01:00:012;-1.00;-0.02;-0.01;0.01001;-0.0101;-0.0002442;-0.0001094;-89.31;-0.31;100.98;1.09;100.97;0.01001;0.01011;-9.768E-05;-19.996;-19.954;-99.990;0.00;-155.88;
