Device : ;PAX1000IR1
Serial Number : ;M00974113
Firmware Version : ;1.0.13
Software Version : ;1.4.2002.183
Wavelength [nm] : ;780
Basic Sample Rate [Hz] : ;60
Operating Mode : ;1 revolution for one measurement, 2048 points for FFT

Time[date hh:mm:ss] ; Elapsed Time [hh:mm:ss:ms]; Normalized s 1 ; Normalized s 2 ; Normalized s 3 ; S 0 [mW]; S 1 [mW]; S 2 [mW]; S 3 [mW]; Azimuth[°] ; Ellipticity[°] ; DOP[%] ; DOCP[%] ; DOLP[%] ; Power[mW] ; Pol Power[mW] ; Unpol Power[mW] ; Power[dBm] ; Pol Power[dBm] ; Unpol Power[dBm] ; Power-Split-Ratio ; Phase Difference[°] ; Warning
2026-01-07 13:33:33.09;0.00:00:00:065;1.00;0.00;0.00;0.07311;0.07252;4.996E-05;-0.0001691;0.02;-0.07;99.19;0.23;99.19;0.07311;0.07252;0.0005943;-11.360;-11.396;-32.260;1.00;-73.54;
2026-01-07 13:33:33.15;0.00:00:00:126;1.00;0.00;0.00;0.07317;0.07253;0.0001217;-0.0001877;0.05;-0.07;99.12;0.26;99.12;0.07317;0.07253;0.0006464;-11.356;-11.395;-31.895;1.00;-57.05;
2026-01-07 13:33:33.20;0.00:00:00:174;1.00;0.00;0.00;0.07328;0.07267;6.076E-05;-0.0001856;0.02;-0.07;99.17;0.25;99.17;0.07328;0.07267;0.0006109;-11.350;-11.386;-32.141;1.00;-71.87;
2026-01-07 13:33:33.25;0.00:00:00:225;1.00;0.00;0.00;0.07335;0.07275;7.151E-05;-0.0001711;0.03;-0.07;99.19;0.23;99.19;0.07335;0.07275;0.0005923;-11.346;-11.381;-32.274;1.00;-67.32;
2026-01-07 13:33:33.30;0.00:00:00:277;1.00;0.00;0.00;0.07338;0.07278;5.237E-05;-0.0001649;0.02;-0.06;99.19;0.22;99.19;0.07338;0.07278;0.0005941;-11.344;-11.380;-32.261;1.00;-72.38;
2026-01-07 13:33:33.35;0.00:00:00:326;1.00;0.00;0.00;0.07317;0.0726;8.255E-06;-0.0001711;0.00;-0.07;99.23;0.23;99.23;0.07317;0.0726;0.0005668;-11.357;-11.391;-32.465;1.00;-87.24;
2026-01-07 13:33:33.41;0.00:00:00:384;1.00;0.00;0.00;0.07313;0.07253;7.043E-05;-0.0001714;0.03;-0.07;99.18;0.23;99.18;0.07313;0.07253;0.0006016;-11.359;-11.395;-32.207;1.00;-67.66;
2026-01-07 13:33:33.47;0.00:00:00:442;1.00;0.00;0.00;0.07293;0.07228;0.0001352;-0.0001971;0.05;-0.08;99.11;0.27;99.11;0.07293;0.07228;0.0006455;-11.371;-11.410;-31.901;1.00;-55.55;
2026-01-07 13:33:33.52;0.00:00:00:493;1.00;0.00;0.00;0.07311;0.07251;7.605E-05;-0.0001686;0.03;-0.07;99.19;0.23;99.19;0.07311;0.07251;0.0005933;-11.361;-11.396;-32.267;1.00;-65.72;
2026-01-07 13:33:33.57;0.00:00:00:549;1.00;0.00;0.00;0.07324;0.07264;7.67E-05;-0.0001751;0.03;-0.07;99.17;0.24;99.17;0.07324;0.07264;0.0006051;-11.352;-11.388;-32.182;1.00;-66.35;
2026-01-07 13:33:33.63;0.00:00:00:610;1.00;0.00;0.00;0.07323;0.07265;4.356E-05;-0.0001693;0.02;-0.07;99.20;0.23;99.20;0.07323;0.07265;0.0005824;-11.353;-11.388;-32.348;1.00;-75.57;
2026-01-07 13:33:33.68;0.00:00:00:658;1.00;0.00;0.00;0.07323;0.07261;7.702E-05;-0.0001827;0.03;-0.07;99.16;0.25;99.16;0.07323;0.07261;0.0006129;-11.353;-11.390;-32.126;1.00;-67.15;
2026-01-07 13:33:33.74;0.00:00:00:716;1.00;0.00;0.00;0.0733;0.07269;8.839E-05;-0.0001765;0.03;-0.07;99.17;0.24;99.17;0.0733;0.07269;0.0006065;-11.349;-11.385;-32.172;1.00;-63.40;
2026-01-07 13:33:33.80;0.00:00:00:775;1.00;0.00;0.00;0.07332;0.07271;8.496E-05;-0.0001747;0.03;-0.07;99.17;0.24;99.17;0.07332;0.07271;0.0006091;-11.348;-11.384;-32.153;1.00;-64.06;
2026-01-07 13:33:33.85;0.00:00:00:827;1.00;0.00;0.00;0.07336;0.07275;6.223E-05;-0.0001737;0.02;-0.07;99.16;0.24;99.16;0.07336;0.07275;0.0006136;-11.345;-11.382;-32.121;1.00;-70.29;
2026-01-07 13:33:33.90;0.00:00:00:875;1.00;0.00;0.00;0.0733;0.0727;5.678E-05;-0.0001703;0.02;-0.07;99.18;0.23;99.18;0.0733;0.0727;0.0006038;-11.349;-11.385;-32.191;1.00;-71.56;
2026-01-07 13:33:33.95;0.00:00:00:927;1.00;0.00;0.00;0.07325;0.07265;4.748E-05;-0.0001772;0.02;-0.07;99.19;0.24;99.19;0.07325;0.07265;0.0005948;-11.352;-11.387;-32.256;1.00;-75.00;
2026-01-07 13:33:34.00;0.00:00:00:980;1.00;0.00;0.00;0.07322;0.07261;8.626E-05;-0.0001717;0.03;-0.07;99.17;0.23;99.17;0.07322;0.07261;0.0006074;-11.354;-11.390;-32.165;1.00;-63.33;
2026-01-07 13:33:34.05;0.00:00:01:028;1.00;0.00;0.00;0.07323;0.07262;5.987E-05;-0.0001712;0.02;-0.07;99.18;0.23;99.18;0.07323;0.07262;0.0006035;-11.353;-11.389;-32.193;1.00;-70.72;
2026-01-07 13:33:34.10;0.00:00:01:075;1.00;0.00;0.00;0.07331;0.07268;0.0001205;-0.0001806;0.05;-0.07;99.14;0.25;99.14;0.07331;0.07268;0.0006269;-11.349;-11.386;-32.028;1.00;-56.29;
2026-01-07 13:33:34.15;0.00:00:01:126;1.00;0.00;0.00;0.07328;0.07269;6.486E-05;-0.0001662;0.03;-0.07;99.18;0.23;99.18;0.07328;0.07269;0.0005985;-11.350;-11.385;-32.230;1.00;-68.68;
2026-01-07 13:33:34.20;0.00:00:01:175;1.00;0.00;0.00;0.07328;0.07267;5.87E-05;-0.0001756;0.02;-0.07;99.18;0.24;99.18;0.07328;0.07267;0.0006041;-11.350;-11.386;-32.189;1.00;-71.52;
2026-01-07 13:33:34.25;0.00:00:01:226;1.00;0.00;0.00;0.07327;0.07267;6.246E-05;-0.0001751;0.02;-0.07;99.18;0.24;99.18;0.07327;0.07267;0.0006;-11.351;-11.386;-32.219;1.00;-70.37;
2026-01-07 13:33:34.30;0.00:00:01:275;1.00;0.00;0.00;0.07329;0.07269;8.007E-05;-0.0001681;0.03;-0.07;99.19;0.23;99.19;0.07329;0.07269;0.0005953;-11.350;-11.385;-32.252;1.00;-64.53;
2026-01-07 13:33:34.35;0.00:00:01:325;1.00;0.00;0.00;0.07318;0.0726;6.091E-05;-0.0001677;0.02;-0.07;99.20;0.23;99.20;0.07318;0.0726;0.0005831;-11.356;-11.391;-32.343;1.00;-70.04;
2026-01-07 13:33:34.40;0.00:00:01:375;1.00;0.00;0.00;0.07317;0.07256;8.112E-05;-0.000179;0.03;-0.07;99.17;0.24;99.17;0.07317;0.07256;0.0006065;-11.357;-11.393;-32.172;1.00;-65.62;
2026-01-07 13:33:34.45;0.00:00:01:425;1.00;0.00;0.00;0.07331;0.07271;6.591E-05;-0.0001723;0.03;-0.07;99.18;0.24;99.18;0.07331;0.07271;0.0005986;-11.349;-11.384;-32.229;1.00;-69.07;
2026-01-07 13:33:34.50;0.00:00:01:475;1.00;0.00;0.00;0.07315;0.07257;1.391E-05;-0.0001657;0.01;-0.07;99.21;0.23;99.21;0.07315;0.07257;0.0005801;-11.358;-11.393;-32.365;1.00;-85.20;
2026-01-07 13:33:34.55;0.00:00:01:525;1.00;0.00;0.00;0.07324;0.0726;0.0001313;-0.000185;0.05;-0.07;99.13;0.25;99.13;0.07324;0.0726;0.0006374;-11.352;-11.390;-31.956;1.00;-54.63;
2026-01-07 13:33:34.60;0.00:00:01:575;1.00;0.00;0.00;0.07341;0.07281;5.765E-05;-0.0001649;0.02;-0.06;99.18;0.22;99.18;0.07341;0.07281;0.0006052;-11.342;-11.378;-32.181;1.00;-70.73;
2026-01-07 13:33:34.65;0.00:00:01:625;1.00;0.00;0.00;0.07323;0.07263;5.489E-05;-0.0001774;0.02;-0.07;99.18;0.24;99.18;0.07323;0.07263;0.0006003;-11.353;-11.389;-32.216;1.00;-72.81;
2026-01-07 13:33:34.70;0.00:00:01:675;1.00;0.00;0.00;0.07321;0.07261;7.802E-05;-0.0001723;0.03;-0.07;99.19;0.24;99.18;0.07321;0.07261;0.0005965;-11.354;-11.390;-32.244;1.00;-65.64;
2026-01-07 13:33:34.75;0.00:00:01:725;1.00;0.00;0.00;0.07323;0.07263;7.905E-05;-0.0001717;0.03;-0.07;99.18;0.23;99.18;0.07323;0.07263;0.000598;-11.353;-11.389;-32.233;1.00;-65.28;
2026-01-07 13:33:34.80;0.00:00:01:775;1.00;0.00;0.00;0.07322;0.07263;5.839E-05;-0.0001678;0.02;-0.07;99.19;0.23;99.19;0.07322;0.07263;0.0005922;-11.354;-11.389;-32.275;1.00;-70.82;
2026-01-07 13:33:34.85;0.00:00:01:825;1.00;0.00;0.00;0.07322;0.07263;5.848E-05;-0.0001725;0.02;-0.07;99.19;0.24;99.19;0.07322;0.07263;0.0005898;-11.353;-11.389;-32.293;1.00;-71.27;
2026-01-07 13:33:34.90;0.00:00:01:877;1.00;0.00;0.00;0.07303;0.07246;2.462E-05;-0.0001603;0.01;-0.06;99.23;0.22;99.23;0.07303;0.07246;0.0005614;-11.365;-11.399;-32.507;1.00;-81.27;
2026-01-07 13:33:34.95;0.00:00:01:928;1.00;0.00;0.00;0.07296;0.07232;0.0001318;-0.000192;0.05;-0.08;99.12;0.26;99.12;0.07296;0.07232;0.0006431;-11.369;-11.407;-31.917;1.00;-55.54;
2026-01-07 13:33:35.00;0.00:00:01:975;1.00;0.00;0.00;0.07331;0.07268;0.0001073;-0.0001685;0.04;-0.07;99.15;0.23;99.15;0.07331;0.07268;0.0006218;-11.349;-11.386;-32.063;1.00;-57.51;
2026-01-07 13:33:35.05;0.00:00:02:025;1.00;0.00;0.00;0.07322;0.07263;3.782E-05;-0.0001695;0.01;-0.07;99.19;0.23;99.19;0.07322;0.07263;0.0005942;-11.354;-11.389;-32.261;1.00;-77.43;
2026-01-07 13:33:35.10;0.00:00:02:075;1.00;0.00;0.00;0.07326;0.07268;5.221E-05;-0.0001703;0.02;-0.07;99.21;0.23;99.21;0.07326;0.07268;0.0005808;-11.351;-11.386;-32.360;1.00;-72.95;
2026-01-07 13:33:35.15;0.00:00:02:125;1.00;0.00;0.00;0.07315;0.07255;6.246E-05;-0.0001766;0.02;-0.07;99.18;0.24;99.18;0.07315;0.07255;0.0005992;-11.358;-11.393;-32.224;1.00;-70.52;
2026-01-07 13:33:35.20;0.00:00:02:175;1.00;0.00;0.00;0.07318;0.07261;1.518E-05;-0.0001582;0.01;-0.06;99.22;0.22;99.22;0.07318;0.07261;0.000571;-11.356;-11.390;-32.434;1.00;-84.52;
2026-01-07 13:33:35.25;0.00:00:02:225;1.00;0.00;0.00;0.07315;0.07256;6.644E-05;-0.000164;0.03;-0.06;99.20;0.22;99.19;0.07315;0.07256;0.0005888;-11.358;-11.393;-32.300;1.00;-67.95;
2026-01-07 13:33:35.30;0.00:00:02:275;1.00;0.00;0.00;0.07297;0.07234;7.658E-05;-0.0002187;0.03;-0.09;99.14;0.30;99.14;0.07297;0.07234;0.0006267;-11.369;-11.406;-32.029;1.00;-70.70;
2026-01-07 13:33:35.35;0.00:00:02:325;1.00;0.00;0.00;0.07305;0.07244;7.576E-05;-0.0001897;0.03;-0.08;99.16;0.26;99.16;0.07305;0.07244;0.0006138;-11.364;-11.400;-32.120;1.00;-68.23;
2026-01-07 13:33:35.40;0.00:00:02:375;1.00;0.00;0.00;0.07332;0.07279;-3.205E-05;-0.0001462;-0.01;-0.06;99.28;0.20;99.28;0.07332;0.07279;0.0005313;-11.348;-11.379;-32.747;1.00;-102.37;
2026-01-07 13:33:35.45;0.00:00:02:425;1.00;0.00;0.00;0.07294;0.07235;4.721E-05;-0.0001956;0.02;-0.08;99.18;0.27;99.18;0.07294;0.07235;0.0005965;-11.370;-11.406;-32.244;1.00;-76.43;
2026-01-07 13:33:35.50;0.00:00:02:475;1.00;0.00;0.00;0.07337;0.07277;6.844E-05;-0.0001667;0.03;-0.07;99.18;0.23;99.18;0.07337;0.07277;0.0006037;-11.345;-11.381;-32.192;1.00;-67.68;
2026-01-07 13:33:35.55;0.00:00:02:525;1.00;0.00;0.00;0.07332;0.0727;8.189E-05;-0.0001693;0.03;-0.07;99.16;0.23;99.16;0.07332;0.07271;0.0006132;-11.348;-11.384;-32.124;1.00;-64.18;
2026-01-07 13:33:35.61;0.00:00:02:581;1.00;0.00;0.00;0.0732;0.07259;7.724E-05;-0.0001856;0.03;-0.07;99.17;0.25;99.17;0.0732;0.07259;0.0006057;-11.355;-11.391;-32.178;1.00;-67.40;
2026-01-07 13:33:35.65;0.00:00:02:628;1.00;0.00;0.00;0.0732;0.07263;2.447E-05;-0.0001611;0.01;-0.06;99.21;0.22;99.21;0.0732;0.07263;0.0005772;-11.355;-11.389;-32.386;1.00;-81.37;
2026-01-07 13:33:35.70;0.00:00:02:676;1.00;0.00;0.00;0.07294;0.07229;0.0001439;-0.0002055;0.06;-0.08;99.11;0.28;99.10;0.07294;0.07229;0.0006527;-11.370;-11.409;-31.853;1.00;-55.00;
2026-01-07 13:33:35.75;0.00:00:02:723;1.00;0.00;0.00;0.07328;0.07266;0.0001134;-0.0001793;0.04;-0.07;99.17;0.24;99.16;0.07328;0.07266;0.0006117;-11.350;-11.387;-32.135;1.00;-57.69;
2026-01-07 13:33:35.79;0.00:00:02:769;1.00;0.00;0.00;0.07332;0.07272;6.281E-05;-0.0001697;0.02;-0.07;99.18;0.23;99.18;0.07332;0.07272;0.0005983;-11.348;-11.383;-32.231;1.00;-69.69;
2026-01-07 13:33:35.84;0.00:00:02:816;1.00;0.00;0.00;0.07299;0.07241;2.239E-05;-0.0001806;0.01;-0.07;99.21;0.25;99.21;0.07299;0.07241;0.0005765;-11.367;-11.402;-32.392;1.00;-82.93;
2026-01-07 13:33:35.89;0.00:00:02:862;1.00;0.00;0.00;0.07304;0.07239;0.000137;-0.0001924;0.05;-0.08;99.11;0.26;99.11;0.07304;0.07239;0.0006501;-11.364;-11.403;-31.870;1.00;-54.53;
2026-01-07 13:33:35.94;0.00:00:02:912;1.00;0.00;0.00;0.07347;0.07283;0.0001266;-0.0001809;0.05;-0.07;99.13;0.25;99.13;0.07347;0.07283;0.0006394;-11.339;-11.377;-31.942;1.00;-55.02;
2026-01-07 13:33:36.00;0.00:00:02:970;1.00;0.00;0.00;0.07365;0.07304;6.776E-05;-0.0001766;0.03;-0.07;99.17;0.24;99.17;0.07365;0.07304;0.000611;-11.328;-11.364;-32.140;1.00;-69.01;
2026-01-07 13:33:36.04;0.00:00:03:018;1.00;0.00;0.00;0.07345;0.07289;8.775E-06;-0.0001546;0.00;-0.06;99.24;0.21;99.24;0.07345;0.07289;0.0005578;-11.340;-11.373;-32.535;1.00;-86.75;
2026-01-07 13:33:36.11;0.00:00:03:081;1.00;0.00;0.00;0.07323;0.07263;5.017E-05;-0.0001756;0.02;-0.07;99.19;0.24;99.19;0.07323;0.07263;0.0005923;-11.353;-11.389;-32.275;1.00;-74.05;
2026-01-07 13:33:36.16;0.00:00:03:139;1.00;0.00;0.00;0.07349;0.07286;0.0001231;-0.0001742;0.05;-0.07;99.14;0.24;99.14;0.07349;0.07286;0.0006303;-11.338;-11.375;-32.004;1.00;-54.75;
2026-01-07 13:33:36.21;0.00:00:03:187;1.00;0.00;0.00;0.07325;0.07265;2.413E-05;-0.000186;0.01;-0.07;99.19;0.25;99.19;0.07325;0.07265;0.0005912;-11.352;-11.387;-32.283;1.00;-82.61;
2026-01-07 13:33:36.26;0.00:00:03:233;1.00;0.00;0.00;0.07336;0.07273;0.0001139;-0.0001792;0.04;-0.07;99.14;0.24;99.14;0.07336;0.07273;0.0006311;-11.345;-11.383;-31.999;1.00;-57.56;
2026-01-07 13:33:36.30;0.00:00:03:279;1.00;0.00;0.00;0.07343;0.07284;6.399E-05;-0.0001736;0.03;-0.07;99.19;0.24;99.19;0.07343;0.07284;0.0005949;-11.341;-11.376;-32.255;1.00;-69.76;
2026-01-07 13:33:36.35;0.00:00:03:327;1.00;0.00;0.00;0.07341;0.07282;5.175E-05;-0.0001736;0.02;-0.07;99.19;0.24;99.19;0.07341;0.07282;0.0005923;-11.342;-11.378;-32.274;1.00;-73.40;
2026-01-07 13:33:36.40;0.00:00:03:375;1.00;0.00;0.00;0.07326;0.07267;5.464E-05;-0.000173;0.02;-0.07;99.19;0.24;99.19;0.07326;0.07267;0.0005947;-11.351;-11.387;-32.257;1.00;-72.47;
2026-01-07 13:33:36.45;0.00:00:03:422;1.00;0.00;0.00;0.07314;0.07254;4.842E-05;-0.0001779;0.02;-0.07;99.18;0.24;99.18;0.07314;0.07254;0.000601;-11.358;-11.394;-32.211;1.00;-74.77;
2026-01-07 13:33:36.49;0.00:00:03:468;1.00;0.00;0.00;0.07307;0.07248;5.2E-05;-0.0001701;0.02;-0.07;99.19;0.23;99.19;0.07307;0.07248;0.0005895;-11.362;-11.398;-32.295;1.00;-73.00;
2026-01-07 13:33:36.54;0.00:00:03:514;1.00;0.00;0.00;0.07315;0.07253;0.0001146;-0.0001792;0.05;-0.07;99.16;0.24;99.16;0.07315;0.07253;0.000614;-11.358;-11.395;-32.118;1.00;-57.40;
2026-01-07 13:33:36.59;0.00:00:03:563;1.00;0.00;0.00;0.07331;0.07271;6.691E-05;-0.0001745;0.03;-0.07;99.18;0.24;99.18;0.07331;0.07271;0.0006028;-11.348;-11.384;-32.198;1.00;-69.02;
2026-01-07 13:33:36.65;0.00:00:03:623;1.00;0.00;0.00;0.07332;0.07271;8.316E-05;-0.0001729;0.03;-0.07;99.17;0.24;99.17;0.07332;0.07271;0.0006103;-11.348;-11.384;-32.145;1.00;-64.32;
2026-01-07 13:33:36.69;0.00:00:03:670;1.00;0.00;0.00;0.07327;0.0727;2.633E-05;-0.0001674;0.01;-0.07;99.22;0.23;99.22;0.07327;0.0727;0.0005711;-11.351;-11.385;-32.433;1.00;-81.06;
2026-01-07 13:33:36.74;0.00:00:03:716;1.00;0.00;0.00;0.0732;0.07259;8.2E-05;-0.0001787;0.03;-0.07;99.17;0.24;99.17;0.0732;0.07259;0.0006073;-11.355;-11.391;-32.166;1.00;-65.35;
2026-01-07 13:33:36.79;0.00:00:03:765;1.00;0.00;0.00;0.07325;0.07263;8.587E-05;-0.000184;0.03;-0.07;99.16;0.25;99.16;0.07325;0.07263;0.0006183;-11.352;-11.389;-32.088;1.00;-64.98;
2026-01-07 13:33:36.84;0.00:00:03:811;1.00;0.00;0.00;0.07343;0.07282;9.251E-05;-0.0001729;0.04;-0.07;99.16;0.24;99.16;0.07343;0.07282;0.0006157;-11.341;-11.378;-32.106;1.00;-61.85;
2026-01-07 13:33:36.88;0.00:00:03:859;1.00;0.00;0.00;0.07339;0.07279;5.134E-05;-0.0001776;0.02;-0.07;99.19;0.24;99.19;0.07339;0.0728;0.0005935;-11.344;-11.379;-32.266;1.00;-73.87;
2026-01-07 13:33:36.94;0.00:00:03:920;1.00;0.00;0.00;0.07343;0.07282;9.774E-05;-0.0001738;0.04;-0.07;99.17;0.24;99.17;0.07343;0.07282;0.0006112;-11.341;-11.378;-32.138;1.00;-60.64;
2026-01-07 13:33:36.99;0.00:00:03:966;1.00;0.00;0.00;0.07312;0.07253;3.671E-05;-0.0001744;0.01;-0.07;99.19;0.24;99.19;0.07312;0.07253;0.0005915;-11.360;-11.395;-32.281;1.00;-78.12;
2026-01-07 13:33:37.06;0.00:00:04:031;1.00;0.00;0.00;0.07306;0.07248;6.402E-05;-0.0001671;0.03;-0.07;99.20;0.23;99.20;0.07306;0.07248;0.0005838;-11.363;-11.398;-32.338;1.00;-69.03;
2026-01-07 13:33:37.11;0.00:00:04:090;1.00;0.00;0.00;0.07309;0.07247;9.584E-05;-0.0001816;0.04;-0.07;99.15;0.25;99.15;0.07309;0.07247;0.0006188;-11.362;-11.398;-32.085;1.00;-62.18;
2026-01-07 13:33:37.16;0.00:00:04:136;1.00;0.00;0.00;0.07334;0.07274;6.671E-05;-0.0001717;0.03;-0.07;99.18;0.23;99.18;0.07334;0.07274;0.0005992;-11.347;-11.382;-32.224;1.00;-68.77;
2026-01-07 13:33:37.21;0.00:00:04:184;1.00;0.00;0.00;0.07327;0.07267;6.679E-05;-0.0001799;0.03;-0.07;99.18;0.25;99.18;0.07327;0.07267;0.0006006;-11.351;-11.387;-32.214;1.00;-69.64;
2026-01-07 13:33:37.26;0.00:00:04:234;1.00;0.00;0.00;0.07338;0.07278;8.358E-05;-0.0001747;0.03;-0.07;99.17;0.24;99.17;0.07338;0.07278;0.0006054;-11.344;-11.380;-32.179;1.00;-64.43;
2026-01-07 13:33:37.32;0.00:00:04:294;1.00;0.00;0.00;0.07326;0.07266;4.913E-05;-0.0001782;0.02;-0.07;99.19;0.24;99.19;0.07326;0.07266;0.0005954;-11.352;-11.387;-32.252;1.00;-74.59;
2026-01-07 13:33:37.38;0.00:00:04:356;1.00;0.00;0.00;0.07323;0.07261;7.794E-05;-0.0001801;0.03;-0.07;99.16;0.25;99.16;0.07323;0.07261;0.000615;-11.353;-11.390;-32.111;1.00;-66.59;
2026-01-07 13:33:37.43;0.00:00:04:404;1.00;0.00;0.00;0.07318;0.07256;8.49E-05;-0.0001764;0.03;-0.07;99.15;0.24;99.15;0.07318;0.07256;0.0006209;-11.356;-11.393;-32.070;1.00;-64.30;
2026-01-07 13:33:37.48;0.00:00:04:451;1.00;0.00;0.00;0.0732;0.07262;4.761E-05;-0.000166;0.02;-0.07;99.21;0.23;99.21;0.0732;0.07262;0.0005793;-11.355;-11.390;-32.371;1.00;-73.99;
2026-01-07 13:33:37.52;0.00:00:04:498;1.00;0.00;0.00;0.07311;0.07254;2.715E-05;-0.0001637;0.01;-0.06;99.21;0.22;99.21;0.07311;0.07254;0.0005769;-11.360;-11.394;-32.389;1.00;-80.58;
2026-01-07 13:33:37.57;0.00:00:04:544;1.00;0.00;0.00;0.07305;0.07248;6.167E-05;-0.0001655;0.02;-0.07;99.21;0.23;99.21;0.07305;0.07248;0.0005756;-11.364;-11.398;-32.399;1.00;-69.57;
2026-01-07 13:33:37.62;0.00:00:04:591;1.00;0.00;0.00;0.07304;0.07243;0.0001078;-0.0001898;0.04;-0.08;99.17;0.26;99.17;0.07304;0.07244;0.0006034;-11.364;-11.401;-32.194;1.00;-60.41;
2026-01-07 13:33:37.67;0.00:00:04:641;1.00;0.00;0.00;0.07318;0.07258;6.516E-05;-0.0001729;0.03;-0.07;99.18;0.24;99.18;0.07318;0.07258;0.0006016;-11.356;-11.392;-32.207;1.00;-69.35;
2026-01-07 13:33:37.73;0.00:00:04:702;1.00;0.00;0.00;0.07315;0.07255;5.736E-05;-0.0001711;0.02;-0.07;99.18;0.23;99.18;0.07315;0.07255;0.0005993;-11.358;-11.394;-32.223;1.00;-71.46;
2026-01-07 13:33:37.77;0.00:00:04:748;1.00;0.00;0.00;0.07323;0.07264;3.131E-05;-0.0001651;0.01;-0.07;99.20;0.23;99.20;0.07323;0.07264;0.0005877;-11.353;-11.388;-32.308;1.00;-79.26;
2026-01-07 13:33:37.84;0.00:00:04:811;1.00;0.00;0.00;0.07322;0.07262;8.517E-05;-0.0001655;0.03;-0.07;99.18;0.23;99.18;0.07322;0.07262;0.0005972;-11.354;-11.389;-32.239;1.00;-62.77;
2026-01-07 13:33:37.88;0.00:00:04:857;1.00;0.00;0.00;0.07316;0.07256;5.932E-05;-0.0001765;0.02;-0.07;99.17;0.24;99.17;0.07316;0.07256;0.0006038;-11.357;-11.393;-32.191;1.00;-71.42;
2026-01-07 13:33:37.93;0.00:00:04:902;1.00;0.00;0.00;0.07321;0.0726;9.983E-05;-0.0001734;0.04;-0.07;99.15;0.24;99.15;0.07321;0.0726;0.0006188;-11.354;-11.391;-32.085;1.00;-60.07;
2026-01-07 13:33:37.98;0.00:00:04:951;1.00;0.00;0.00;0.07307;0.07246;7.98E-05;-0.0001996;0.03;-0.08;99.16;0.27;99.16;0.07307;0.07246;0.0006108;-11.362;-11.399;-32.141;1.00;-68.21;
2026-01-07 13:33:38.02;0.00:00:04:998;1.00;0.00;0.00;0.07318;0.07258;6.802E-05;-0.0001721;0.03;-0.07;99.18;0.24;99.18;0.07318;0.07258;0.000598;-11.356;-11.392;-32.233;1.00;-68.43;
2026-01-07 13:33:38.07;0.00:00:05:046;1.00;0.00;0.00;0.07322;0.07261;8.117E-05;-0.0001747;0.03;-0.07;99.17;0.24;99.17;0.07322;0.07261;0.0006098;-11.354;-11.390;-32.148;1.00;-65.07;
2026-01-07 13:33:38.13;0.00:00:05:106;1.00;0.00;0.00;0.07339;0.07279;8.931E-05;-0.000168;0.04;-0.07;99.18;0.23;99.18;0.07339;0.07279;0.0006008;-11.343;-11.379;-32.213;1.00;-62.00;
2026-01-07 13:33:38.18;0.00:00:05:154;1.00;0.00;0.00;0.07327;0.07267;7.856E-05;-0.0001777;0.03;-0.07;99.18;0.24;99.18;0.07327;0.07267;0.0006014;-11.351;-11.386;-32.209;1.00;-66.15;
2026-01-07 13:33:38.22;0.00:00:05:200;1.00;0.00;0.00;0.07333;0.07272;6.916E-05;-0.0001796;0.03;-0.07;99.17;0.24;99.17;0.07333;0.07272;0.0006061;-11.347;-11.383;-32.174;1.00;-68.94;
2026-01-07 13:33:38.28;0.00:00:05:251;1.00;0.00;0.00;0.0733;0.0727;4.42E-05;-0.0001662;0.02;-0.07;99.19;0.23;99.19;0.0733;0.0727;0.0005968;-11.349;-11.385;-32.241;1.00;-75.11;
2026-01-07 13:33:38.33;0.00:00:05:310;1.00;0.00;0.00;0.07328;0.07269;4.603E-05;-0.0001759;0.02;-0.07;99.20;0.24;99.20;0.07328;0.07269;0.0005883;-11.350;-11.385;-32.304;1.00;-75.34;
2026-01-07 13:33:38.38;0.00:00:05:356;1.00;0.00;0.00;0.07324;0.07267;4.084E-05;-0.0001679;0.02;-0.07;99.22;0.23;99.22;0.07324;0.07267;0.000574;-11.352;-11.386;-32.411;1.00;-76.33;
2026-01-07 13:33:38.43;0.00:00:05:403;1.00;0.00;0.00;0.07307;0.07249;3.769E-05;-0.0001688;0.01;-0.07;99.21;0.23;99.21;0.07307;0.07249;0.0005805;-11.362;-11.397;-32.362;1.00;-77.41;
2026-01-07 13:33:38.47;0.00:00:05:450;1.00;0.00;0.00;0.07307;0.07244;0.0001121;-0.0001866;0.04;-0.07;99.14;0.26;99.14;0.07307;0.07244;0.0006312;-11.363;-11.400;-31.999;1.00;-59.00;
2026-01-07 13:33:38.52;0.00:00:05:496;1.00;0.00;0.00;0.07332;0.07271;0.0001002;-0.0001704;0.04;-0.07;99.16;0.23;99.16;0.07332;0.07271;0.0006137;-11.348;-11.384;-32.120;1.00;-59.54;
2026-01-07 13:33:38.57;0.00:00:05:543;1.00;0.00;0.00;0.07331;0.07272;5.095E-05;-0.0001779;0.02;-0.07;99.20;0.24;99.20;0.07331;0.07272;0.0005897;-11.348;-11.383;-32.294;1.00;-74.02;
2026-01-07 13:33:38.62;0.00:00:05:591;1.00;0.00;0.00;0.07313;0.07252;7.118E-05;-0.0001775;0.03;-0.07;99.17;0.24;99.17;0.07313;0.07252;0.0006089;-11.359;-11.396;-32.154;1.00;-68.14;
2026-01-07 13:33:38.68;0.00:00:05:652;1.00;0.00;0.00;0.07317;0.07257;8.253E-05;-0.0001734;0.03;-0.07;99.18;0.24;99.18;0.07317;0.07257;0.0006017;-11.357;-11.392;-32.206;1.00;-64.55;
2026-01-07 13:33:38.72;0.00:00:05:698;1.00;0.00;0.00;0.07335;0.07271;0.000124;-0.0001833;0.05;-0.07;99.14;0.25;99.14;0.07335;0.07271;0.0006315;-11.346;-11.384;-31.997;1.00;-55.91;
2026-01-07 13:33:38.77;0.00:00:05:745;1.00;0.00;0.00;0.07343;0.07284;3.86E-05;-0.0001694;0.02;-0.07;99.20;0.23;99.20;0.07343;0.07284;0.0005895;-11.341;-11.376;-32.295;1.00;-77.17;
2026-01-07 13:33:38.82;0.00:00:05:794;1.00;0.00;0.00;0.07325;0.07264;7.133E-05;-0.0001817;0.03;-0.07;99.17;0.25;99.17;0.07325;0.07264;0.0006058;-11.352;-11.388;-32.177;1.00;-68.56;
2026-01-07 13:33:38.86;0.00:00:05:840;1.00;0.00;0.00;0.07325;0.07264;6.799E-05;-0.0001768;0.03;-0.07;99.17;0.24;99.17;0.07325;0.07264;0.0006098;-11.352;-11.388;-32.148;1.00;-68.97;
2026-01-07 13:33:38.93;0.00:00:05:902;1.00;0.00;0.00;0.0732;0.07261;5.947E-05;-0.0001727;0.02;-0.07;99.19;0.24;99.19;0.0732;0.07261;0.0005915;-11.355;-11.390;-32.281;1.00;-71.00;
2026-01-07 13:33:38.97;0.00:00:05:948;1.00;0.00;0.00;0.07319;0.0726;7.435E-05;-0.0001752;0.03;-0.07;99.18;0.24;99.18;0.07319;0.0726;0.0005989;-11.355;-11.391;-32.226;1.00;-67.00;
2026-01-07 13:33:39.02;0.00:00:05:998;1.00;0.00;0.00;0.07311;0.07253;5.227E-05;-0.0001715;0.02;-0.07;99.20;0.23;99.20;0.07311;0.07253;0.0005861;-11.360;-11.395;-32.320;1.00;-73.05;
2026-01-07 13:33:39.08;0.00:00:06:057;1.00;0.00;0.00;0.07313;0.07251;8.818E-05;-0.0001723;0.03;-0.07;99.16;0.24;99.16;0.07313;0.07251;0.0006161;-11.359;-11.396;-32.103;1.00;-62.90;
2026-01-07 13:33:39.13;0.00:00:06:102;1.00;0.00;0.00;0.07322;0.07262;6.24E-05;-0.0001788;0.02;-0.07;99.19;0.24;99.18;0.07322;0.07262;0.0005965;-11.354;-11.389;-32.244;1.00;-70.76;
2026-01-07 13:33:39.17;0.00:00:06:149;1.00;0.00;0.00;0.07334;0.07272;9.077E-05;-0.0001719;0.04;-0.07;99.17;0.23;99.16;0.07334;0.07272;0.0006123;-11.347;-11.383;-32.130;1.00;-62.16;
2026-01-07 13:33:39.22;0.00:00:06:195;1.00;0.00;0.00;0.07344;0.07279;0.0001313;-0.0001976;0.05;-0.08;99.13;0.27;99.12;0.07344;0.0728;0.0006425;-11.341;-11.379;-31.921;1.00;-56.39;
2026-01-07 13:33:39.27;0.00:00:06:242;1.00;0.00;0.00;0.0732;0.0726;5.816E-05;-0.0001742;0.02;-0.07;99.19;0.24;99.19;0.0732;0.0726;0.0005954;-11.355;-11.391;-32.252;1.00;-71.54;
2026-01-07 13:33:39.31;0.00:00:06:289;1.00;0.00;0.00;0.07325;0.07264;8.858E-05;-0.0001875;0.03;-0.07;99.16;0.26;99.16;0.07325;0.07264;0.0006126;-11.352;-11.388;-32.129;1.00;-64.72;
2026-01-07 13:33:39.36;0.00:00:06:337;1.00;0.00;0.00;0.07333;0.0727;0.0001112;-0.0001779;0.04;-0.07;99.14;0.24;99.14;0.07333;0.0727;0.0006321;-11.347;-11.385;-31.992;1.00;-57.98;
2026-01-07 13:33:39.42;0.00:00:06:398;1.00;0.00;0.00;0.07357;0.07294;0.0001062;-0.0001739;0.04;-0.07;99.14;0.24;99.14;0.07357;0.07294;0.0006318;-11.333;-11.370;-31.994;1.00;-58.58;
2026-01-07 13:33:39.48;0.00:00:06:459;1.00;0.00;0.00;0.07342;0.0728;7.671E-05;-0.0001767;0.03;-0.07;99.16;0.24;99.16;0.07342;0.0728;0.0006191;-11.342;-11.379;-32.082;1.00;-66.54;
2026-01-07 13:33:39.53;0.00:00:06:507;1.00;0.00;0.00;0.07326;0.07266;6.737E-05;-0.0001778;0.03;-0.07;99.18;0.24;99.18;0.07326;0.07266;0.0006019;-11.351;-11.387;-32.205;1.00;-69.25;
2026-01-07 13:33:39.58;0.00:00:06:554;1.00;0.00;0.00;0.07326;0.07267;6.413E-05;-0.0001719;0.03;-0.07;99.18;0.23;99.18;0.07326;0.07267;0.0005995;-11.351;-11.387;-32.222;1.00;-69.54;
2026-01-07 13:33:39.63;0.00:00:06:601;1.00;0.00;0.00;0.07334;0.07272;8.837E-05;-0.0001781;0.03;-0.07;99.16;0.24;99.16;0.07334;0.07272;0.0006135;-11.347;-11.383;-32.122;1.00;-63.61;
2026-01-07 13:33:39.67;0.00:00:06:648;1.00;0.00;0.00;0.07314;0.07253;6.924E-05;-0.0001757;0.03;-0.07;99.17;0.24;99.17;0.07314;0.07253;0.0006091;-11.359;-11.395;-32.153;1.00;-68.49;
2026-01-07 13:33:39.72;0.00:00:06:694;1.00;0.00;0.00;0.07314;0.07255;5.876E-05;-0.000168;0.02;-0.07;99.19;0.23;99.19;0.07314;0.07255;0.0005929;-11.358;-11.394;-32.270;1.00;-70.73;
2026-01-07 13:33:39.77;0.00:00:06:742;1.00;0.00;0.00;0.07325;0.07268;4.448E-05;-0.0001572;0.02;-0.06;99.22;0.21;99.22;0.07325;0.07268;0.0005705;-11.352;-11.386;-32.437;1.00;-74.21;
2026-01-07 13:33:39.83;0.00:00:06:804;1.00;0.00;0.00;0.07291;0.07236;-7.765E-06;-0.00017;0.00;-0.07;99.24;0.23;99.24;0.07291;0.07236;0.0005541;-11.372;-11.405;-32.564;1.00;-92.61;
2026-01-07 13:33:39.88;0.00:00:06:851;1.00;0.00;0.00;0.07345;0.07279;0.0001579;-0.0001756;0.06;-0.07;99.10;0.24;99.10;0.07345;0.07279;0.0006575;-11.340;-11.379;-31.821;1.00;-48.04;
2026-01-07 13:33:39.92;0.00:00:06:898;1.00;0.00;0.00;0.07359;0.07297;9.142E-05;-0.0001861;0.04;-0.07;99.16;0.25;99.16;0.07359;0.07297;0.0006197;-11.332;-11.369;-32.079;1.00;-63.84;
2026-01-07 13:33:39.97;0.00:00:06:946;1.00;0.00;0.00;0.07379;0.07321;2.232E-05;-0.000173;0.01;-0.07;99.21;0.23;99.21;0.07379;0.07321;0.0005803;-11.320;-11.355;-32.363;1.00;-82.65;
2026-01-07 13:33:40.03;0.00:00:07:005;1.00;0.00;0.00;0.07348;0.07292;-1.581E-05;-0.0001645;-0.01;-0.06;99.24;0.22;99.24;0.07348;0.07292;0.000555;-11.339;-11.371;-32.557;1.00;-95.49;
2026-01-07 13:33:40.08;0.00:00:07:052;1.00;0.00;0.00;0.07286;0.07228;4.339E-05;-0.0001745;0.02;-0.07;99.20;0.24;99.20;0.07286;0.07228;0.000583;-11.375;-11.410;-32.343;1.00;-76.03;
2026-01-07 13:33:40.12;0.00:00:07:100;1.00;0.00;0.00;0.07278;0.07221;4.207E-05;-0.0001681;0.02;-0.07;99.22;0.23;99.21;0.07278;0.07221;0.0005713;-11.380;-11.414;-32.432;1.00;-75.95;
2026-01-07 13:33:40.17;0.00:00:07:149;1.00;0.00;0.00;0.07264;0.07205;4.992E-05;-0.0001653;0.02;-0.07;99.20;0.23;99.19;0.07264;0.07205;0.0005846;-11.388;-11.424;-32.331;1.00;-73.19;
2026-01-07 13:33:40.23;0.00:00:07:209;1.00;0.00;0.00;0.07297;0.07244;-3.304E-05;-0.0001341;-0.01;-0.05;99.27;0.18;99.27;0.07297;0.07244;0.0005294;-11.369;-11.400;-32.762;1.00;-103.84;
2026-01-07 13:33:40.28;0.00:00:07:257;1.00;0.00;0.00;0.073;0.07241;5.641E-05;-0.0001655;0.02;-0.07;99.19;0.23;99.19;0.073;0.07241;0.0005919;-11.367;-11.402;-32.277;1.00;-71.18;
2026-01-07 13:33:40.33;0.00:00:07:304;1.00;0.00;0.00;0.0728;0.07224;2.253E-05;-0.000166;0.01;-0.07;99.24;0.23;99.24;0.0728;0.07224;0.000552;-11.379;-11.412;-32.581;1.00;-82.27;
2026-01-07 13:33:40.38;0.00:00:07:352;1.00;0.00;0.00;0.07279;0.07214;0.0001324;-0.0001944;0.05;-0.08;99.11;0.27;99.11;0.07279;0.07214;0.0006464;-11.380;-11.418;-31.895;1.00;-55.75;
2026-01-07 13:33:40.42;0.00:00:07:398;1.00;0.00;0.00;0.07323;0.07259;0.000145;-0.0001855;0.06;-0.07;99.13;0.25;99.13;0.07323;0.07259;0.0006391;-11.353;-11.391;-31.944;1.00;-52.00;
2026-01-07 13:33:40.48;0.00:00:07:459;1.00;0.00;0.00;0.07325;0.07266;7.492E-05;-0.0001623;0.03;-0.06;99.19;0.22;99.18;0.07325;0.07266;0.0005969;-11.352;-11.387;-32.241;1.00;-65.23;
2026-01-07 13:33:40.55;0.00:00:07:522;1.00;0.00;0.00;0.07335;0.07276;5.725E-05;-0.000152;0.02;-0.06;99.20;0.21;99.20;0.07335;0.07276;0.0005844;-11.346;-11.381;-32.333;1.00;-69.36;
2026-01-07 13:33:40.61;0.00:00:07:584;1.00;0.00;0.00;0.07299;0.0724;3.44E-05;-0.0001804;0.01;-0.07;99.19;0.25;99.19;0.07299;0.0724;0.0005888;-11.367;-11.402;-32.300;1.00;-79.20;
2026-01-07 13:33:40.66;0.00:00:07:631;1.00;0.00;0.00;0.07309;0.07248;8.006E-05;-0.0001771;0.03;-0.07;99.17;0.24;99.17;0.07309;0.07248;0.000603;-11.362;-11.398;-32.197;1.00;-65.68;
2026-01-07 13:33:40.70;0.00:00:07:678;1.00;0.00;0.00;0.07321;0.07259;9.849E-05;-0.0001844;0.04;-0.07;99.15;0.25;99.15;0.07321;0.07259;0.0006217;-11.354;-11.391;-32.064;1.00;-61.90;
2026-01-07 13:33:40.75;0.00:00:07:725;1.00;0.00;0.00;0.0736;0.073;7.595E-05;-0.0001761;0.03;-0.07;99.18;0.24;99.18;0.0736;0.073;0.0006019;-11.331;-11.367;-32.205;1.00;-66.67;
2026-01-07 13:33:40.80;0.00:00:07:771;1.00;0.00;0.00;0.07345;0.07288;1.767E-05;-0.0001638;0.01;-0.06;99.22;0.22;99.22;0.07345;0.07288;0.0005704;-11.340;-11.374;-32.438;1.00;-83.84;
2026-01-07 13:33:40.84;0.00:00:07:818;1.00;0.00;0.00;0.07327;0.07267;6.272E-05;-0.0001789;0.02;-0.07;99.19;0.24;99.19;0.07327;0.07267;0.0005949;-11.351;-11.386;-32.256;1.00;-70.68;
2026-01-07 13:33:40.89;0.00:00:07:864;1.00;0.00;0.00;0.07322;0.07263;3.456E-05;-0.0001728;0.01;-0.07;99.19;0.24;99.19;0.07322;0.07263;0.0005922;-11.354;-11.389;-32.276;1.00;-78.69;
2026-01-07 13:33:40.94;0.00:00:07:911;1.00;0.00;0.00;0.07324;0.07263;8.074E-05;-0.0001742;0.03;-0.07;99.17;0.24;99.17;0.07324;0.07263;0.0006113;-11.352;-11.389;-32.137;1.00;-65.14;
2026-01-07 13:33:40.98;0.00:00:07:957;1.00;0.00;0.00;0.07331;0.07267;0.0001062;-0.000187;0.04;-0.07;99.14;0.26;99.14;0.07331;0.07267;0.0006321;-11.349;-11.386;-31.992;1.00;-60.40;
2026-01-07 13:33:41.03;0.00:00:08:003;1.00;0.00;0.00;0.07352;0.07292;5.878E-05;-0.000179;0.02;-0.07;99.20;0.24;99.20;0.07352;0.07292;0.0005913;-11.336;-11.371;-32.282;1.00;-71.82;
2026-01-07 13:33:41.08;0.00:00:08:051;1.00;0.00;0.00;0.07349;0.07288;7.713E-05;-0.0001809;0.03;-0.07;99.17;0.25;99.17;0.07349;0.07288;0.0006089;-11.338;-11.374;-32.155;1.00;-66.91;
2026-01-07 13:33:41.12;0.00:00:08:098;1.00;0.00;0.00;0.0736;0.07303;2.639E-05;-0.0001573;0.01;-0.06;99.22;0.21;99.22;0.0736;0.07303;0.0005738;-11.331;-11.365;-32.412;1.00;-80.48;
2026-01-07 13:33:41.17;0.00:00:08:144;1.00;0.00;0.00;0.07339;0.07279;5.347E-05;-0.0001823;0.02;-0.07;99.18;0.25;99.18;0.07339;0.07279;0.0005984;-11.343;-11.379;-32.230;1.00;-73.66;
2026-01-07 13:33:41.22;0.00:00:08:192;1.00;0.00;0.00;0.07338;0.07279;3.922E-05;-0.0001661;0.02;-0.07;99.19;0.23;99.19;0.07338;0.07279;0.0005925;-11.344;-11.379;-32.273;1.00;-76.71;
2026-01-07 13:33:41.26;0.00:00:08:238;1.00;0.00;0.00;0.07335;0.07275;4.95E-05;-0.0001702;0.02;-0.07;99.18;0.23;99.18;0.07335;0.07275;0.0006003;-11.346;-11.381;-32.216;1.00;-73.79;
2026-01-07 13:33:41.31;0.00:00:08:284;1.00;0.00;0.00;0.07334;0.07274;6.27E-05;-0.0001724;0.02;-0.07;99.18;0.24;99.18;0.07334;0.07274;0.0006009;-11.347;-11.383;-32.212;1.00;-70.01;
2026-01-07 13:33:41.35;0.00:00:08:330;1.00;0.00;0.00;0.07332;0.07272;5.924E-05;-0.0001716;0.02;-0.07;99.18;0.23;99.18;0.07332;0.07272;0.0005976;-11.348;-11.383;-32.236;1.00;-70.95;
2026-01-07 13:33:41.40;0.00:00:08:377;1.00;0.00;0.00;0.07332;0.07274;5.277E-05;-0.0001716;0.02;-0.07;99.20;0.23;99.20;0.07332;0.07274;0.0005844;-11.348;-11.382;-32.333;1.00;-72.91;
2026-01-07 13:33:41.45;0.00:00:08:424;1.00;0.00;0.00;0.07315;0.07257;3.168E-05;-0.0001643;0.01;-0.06;99.21;0.22;99.21;0.07315;0.07257;0.0005774;-11.358;-11.392;-32.385;1.00;-79.09;
2026-01-07 13:33:41.50;0.00:00:08:471;1.00;0.00;0.00;0.07315;0.07252;0.000112;-0.0001756;0.04;-0.07;99.15;0.24;99.15;0.07315;0.07252;0.0006235;-11.358;-11.395;-32.052;1.00;-57.47;
2026-01-07 13:33:41.54;0.00:00:08:519;1.00;0.00;0.00;0.0733;0.07269;9.615E-05;-0.0001734;0.04;-0.07;99.16;0.24;99.16;0.0733;0.07269;0.0006165;-11.349;-11.385;-32.100;1.00;-61.00;
2026-01-07 13:33:41.60;0.00:00:08:575;1.00;0.00;0.00;0.07325;0.07267;3.295E-05;-0.0001708;0.01;-0.07;99.20;0.23;99.20;0.07325;0.07267;0.0005824;-11.352;-11.386;-32.348;1.00;-79.08;
2026-01-07 13:33:41.65;0.00:00:08:626;1.00;0.00;0.00;0.07318;0.0726;5.172E-05;-0.0001738;0.02;-0.07;99.20;0.24;99.20;0.07318;0.0726;0.0005865;-11.356;-11.391;-32.318;1.00;-73.43;
2026-01-07 13:33:41.70;0.00:00:08:678;1.00;0.00;0.00;0.07332;0.07271;7.633E-05;-0.0001773;0.03;-0.07;99.17;0.24;99.17;0.07332;0.07271;0.000608;-11.348;-11.384;-32.161;1.00;-66.70;
2026-01-07 13:33:41.75;0.00:00:08:729;1.00;0.00;0.00;0.07326;0.07268;3.225E-05;-0.0001616;0.01;-0.06;99.21;0.22;99.21;0.07326;0.07268;0.0005769;-11.352;-11.386;-32.389;1.00;-78.71;
2026-01-07 13:33:41.80;0.00:00:08:779;1.00;0.00;0.00;0.07331;0.07269;8.872E-05;-0.0001806;0.03;-0.07;99.16;0.25;99.16;0.07331;0.07269;0.0006179;-11.348;-11.385;-32.091;1.00;-63.84;
2026-01-07 13:33:41.86;0.00:00:08:832;1.00;0.00;0.00;0.0734;0.0728;8.746E-05;-0.0001707;0.03;-0.07;99.18;0.23;99.18;0.0734;0.0728;0.0005992;-11.343;-11.379;-32.224;1.00;-62.87;
2026-01-07 13:33:41.91;0.00:00:08:883;1.00;0.00;0.00;0.07331;0.07268;0.0001132;-0.0001793;0.04;-0.07;99.15;0.24;99.15;0.07331;0.07268;0.0006264;-11.348;-11.386;-32.031;1.00;-57.74;
2026-01-07 13:33:41.96;0.00:00:08:934;1.00;0.00;0.00;0.07327;0.07268;4.98E-05;-0.0001734;0.02;-0.07;99.20;0.24;99.20;0.07327;0.07268;0.0005882;-11.351;-11.386;-32.304;1.00;-73.97;
2026-01-07 13:33:42.02;0.00:00:08:995;1.00;0.00;0.00;0.07317;0.07258;8.996E-05;-0.0001754;0.04;-0.07;99.18;0.24;99.18;0.07317;0.07258;0.0005966;-11.356;-11.392;-32.243;1.00;-62.84;
2026-01-07 13:33:42.07;0.00:00:09:046;1.00;0.00;0.00;0.07315;0.07256;3.995E-05;-0.0001789;0.02;-0.07;99.20;0.24;99.19;0.07315;0.07257;0.0005887;-11.358;-11.393;-32.301;1.00;-77.41;
2026-01-07 13:33:42.12;0.00:00:09:098;1.00;0.00;0.00;0.07324;0.07261;0.0001099;-0.00018;0.04;-0.07;99.15;0.25;99.15;0.07324;0.07261;0.0006256;-11.353;-11.390;-32.037;1.00;-58.60;
2026-01-07 13:33:42.17;0.00:00:09:148;1.00;0.00;0.00;0.07312;0.07255;1.212E-05;-0.0001707;0.00;-0.07;99.22;0.23;99.22;0.07312;0.07255;0.0005709;-11.360;-11.394;-32.434;1.00;-85.94;
2026-01-07 13:33:42.22;0.00:00:09:200;1.00;0.00;0.00;0.07298;0.07239;6.077E-05;-0.0001704;0.02;-0.07;99.19;0.23;99.19;0.07298;0.07239;0.0005896;-11.368;-11.403;-32.294;1.00;-70.37;
2026-01-07 13:33:42.27;0.00:00:09:250;1.00;0.00;0.00;0.07312;0.0725;0.0001091;-0.0001736;0.04;-0.07;99.15;0.24;99.15;0.07312;0.0725;0.0006207;-11.360;-11.397;-32.071;1.00;-57.85;
2026-01-07 13:33:42.33;0.00:00:09:301;1.00;0.00;0.00;0.07317;0.07258;5.745E-05;-0.0001706;0.02;-0.07;99.19;0.23;99.19;0.07317;0.07258;0.000592;-11.357;-11.392;-32.277;1.00;-71.39;
2026-01-07 13:33:42.38;0.00:00:09:353;1.00;0.00;0.00;0.07362;0.07302;6.897E-05;-0.0001628;0.03;-0.06;99.19;0.22;99.19;0.07362;0.07302;0.0005996;-11.330;-11.366;-32.221;1.00;-67.04;
2026-01-07 13:33:42.43;0.00:00:09:401;1.00;0.00;0.00;0.07358;0.07295;0.0001025;-0.000184;0.04;-0.07;99.14;0.25;99.14;0.07358;0.07295;0.0006331;-11.332;-11.370;-31.985;1.00;-60.87;
2026-01-07 13:33:42.48;0.00:00:09:454;1.00;0.00;0.00;0.07346;0.07286;8.244E-05;-0.0001735;0.03;-0.07;99.18;0.24;99.18;0.07346;0.07286;0.0006056;-11.339;-11.375;-32.178;1.00;-64.58;
2026-01-07 13:33:42.53;0.00:00:09:505;1.00;0.00;0.00;0.0735;0.07285;9.558E-05;-0.0001959;0.04;-0.08;99.13;0.27;99.13;0.0735;0.07285;0.0006426;-11.337;-11.376;-31.920;1.00;-63.99;
2026-01-07 13:33:42.58;0.00:00:09:556;1.00;0.00;0.00;0.07394;0.07341;-3.375E-05;-0.0001506;-0.01;-0.06;99.28;0.20;99.28;0.07394;0.07341;0.0005325;-11.311;-11.342;-32.737;1.00;-102.63;
2026-01-07 13:33:42.63;0.00:00:09:608;1.00;0.00;0.00;0.07309;0.07256;-9.028E-05;-0.0001775;-0.04;-0.07;99.27;0.24;99.27;0.07309;0.07256;0.0005353;-11.361;-11.393;-32.714;1.00;-116.96;
2026-01-07 13:33:42.68;0.00:00:09:660;1.00;0.00;0.00;0.07309;0.07247;0.0001012;-0.0001868;0.04;-0.07;99.15;0.26;99.15;0.07309;0.07247;0.0006204;-11.361;-11.398;-32.073;1.00;-61.55;
2026-01-07 13:33:42.73;0.00:00:09:710;1.00;0.00;0.00;0.07329;0.07267;9.685E-05;-0.0001751;0.04;-0.07;99.16;0.24;99.16;0.07329;0.07267;0.0006173;-11.350;-11.387;-32.095;1.00;-61.05;
2026-01-07 13:33:42.79;0.00:00:09:762;1.00;0.00;0.00;0.07314;0.07251;8.463E-05;-0.0001879;0.03;-0.07;99.14;0.26;99.14;0.07314;0.07251;0.0006294;-11.358;-11.396;-32.010;1.00;-65.75;
2026-01-07 13:33:42.84;0.00:00:09:813;1.00;0.00;0.00;0.0733;0.0727;8.553E-05;-0.0001835;0.03;-0.07;99.18;0.25;99.18;0.0733;0.0727;0.000602;-11.349;-11.385;-32.204;1.00;-65.00;
2026-01-07 13:33:42.89;0.00:00:09:863;1.00;0.00;0.00;0.0732;0.07256;0.00014;-0.0002068;0.06;-0.08;99.12;0.28;99.12;0.0732;0.07256;0.0006428;-11.355;-11.393;-31.919;1.00;-55.90;
2026-01-07 13:33:42.94;0.00:00:09:914;1.00;0.00;0.00;0.07349;0.0729;9.433E-05;-0.0001702;0.04;-0.07;99.20;0.23;99.20;0.07349;0.0729;0.0005896;-11.338;-11.373;-32.294;1.00;-61.00;
2026-01-07 13:33:42.99;0.00:00:09:967;1.00;0.00;0.00;0.07347;0.07284;0.0001202;-0.0001629;0.05;-0.06;99.14;0.22;99.14;0.07347;0.07284;0.0006289;-11.339;-11.376;-32.014;1.00;-53.58;
2026-01-07 13:33:43.04;0.00:00:10:019;1.00;0.00;0.00;0.07345;0.07284;5.979E-05;-0.0001845;0.02;-0.07;99.17;0.25;99.17;0.07345;0.07284;0.0006104;-11.340;-11.377;-32.144;1.00;-72.05;
2026-01-07 13:33:43.10;0.00:00:10:079;1.00;0.00;0.00;0.07351;0.07294;2.513E-05;-0.0001688;0.01;-0.07;99.22;0.23;99.22;0.07351;0.07294;0.0005761;-11.336;-11.370;-32.395;1.00;-81.53;
2026-01-07 13:33:43.15;0.00:00:10:129;1.00;0.00;0.00;0.07319;0.07258;8.057E-05;-0.0001774;0.03;-0.07;99.16;0.24;99.16;0.07319;0.07258;0.0006112;-11.356;-11.392;-32.138;1.00;-65.57;
2026-01-07 13:33:43.20;0.00:00:10:180;1.00;0.00;0.00;0.07314;0.07253;7.196E-05;-0.000178;0.03;-0.07;99.18;0.24;99.18;0.07314;0.07253;0.0006029;-11.359;-11.395;-32.197;1.00;-67.99;
2026-01-07 13:33:43.26;0.00:00:10:232;1.00;0.00;0.00;0.07316;0.07253;0.0001163;-0.000186;0.05;-0.07;99.14;0.25;99.14;0.07316;0.07253;0.0006301;-11.357;-11.395;-32.006;1.00;-57.98;
2026-01-07 13:33:43.31;0.00:00:10:282;1.00;0.00;0.00;0.0731;0.07252;2.209E-05;-0.0001821;0.01;-0.07;99.20;0.25;99.20;0.0731;0.07252;0.0005822;-11.361;-11.396;-32.350;1.00;-83.08;
2026-01-07 13:33:43.36;0.00:00:10:333;1.00;0.00;0.00;0.07333;0.07273;5.752E-05;-0.0001756;0.02;-0.07;99.18;0.24;99.18;0.07333;0.07273;0.0005994;-11.347;-11.383;-32.223;1.00;-71.86;
2026-01-07 13:33:43.41;0.00:00:10:384;1.00;0.00;0.00;0.07337;0.07277;9.576E-05;-0.0001739;0.04;-0.07;99.18;0.24;99.18;0.07337;0.07277;0.0006013;-11.345;-11.380;-32.209;1.00;-61.16;
2026-01-07 13:33:43.46;0.00:00:10:435;1.00;0.00;0.00;0.07318;0.07255;0.0001097;-0.0001818;0.04;-0.07;99.14;0.25;99.14;0.07318;0.07255;0.0006295;-11.356;-11.394;-32.010;1.00;-58.90;
2026-01-07 13:33:43.51;0.00:00:10:487;1.00;0.00;0.00;0.07317;0.07259;1.466E-05;-0.0001635;0.01;-0.06;99.22;0.22;99.22;0.07317;0.07259;0.0005719;-11.357;-11.391;-32.427;1.00;-84.88;
2026-01-07 13:33:43.56;0.00:00:10:538;1.00;0.00;0.00;0.07276;0.07216;5.751E-05;-0.0001836;0.02;-0.07;99.18;0.25;99.18;0.07276;0.07216;0.0005986;-11.381;-11.417;-32.229;1.00;-72.61;
2026-01-07 13:33:43.62;0.00:00:10:591;1.00;0.00;0.00;0.07282;0.07225;5.071E-05;-0.0001642;0.02;-0.07;99.21;0.23;99.21;0.07282;0.07225;0.0005755;-11.377;-11.412;-32.400;1.00;-72.84;
2026-01-07 13:33:43.66;0.00:00:10:638;1.00;0.00;0.00;0.07268;0.07208;8.033E-05;-0.0001647;0.03;-0.07;99.17;0.23;99.17;0.07268;0.07208;0.0006043;-11.386;-11.422;-32.187;1.00;-64.00;
2026-01-07 13:33:43.71;0.00:00:10:685;1.00;0.00;0.00;0.07315;0.07255;9.524E-05;-0.0001633;0.04;-0.06;99.18;0.22;99.18;0.07315;0.07255;0.0006011;-11.358;-11.393;-32.211;1.00;-59.75;
2026-01-07 13:33:43.75;0.00:00:10:730;1.00;0.00;0.00;0.0729;0.07232;2.119E-05;-0.0001725;0.01;-0.07;99.21;0.24;99.21;0.0729;0.07232;0.0005782;-11.373;-11.408;-32.379;1.00;-83.00;
2026-01-07 13:33:43.80;0.00:00:10:777;1.00;0.00;0.00;0.07238;0.07183;-3.803E-06;-0.0001678;0.00;-0.07;99.24;0.23;99.24;0.07238;0.07183;0.0005502;-11.404;-11.437;-32.595;1.00;-91.30;
2026-01-07 13:33:43.85;0.00:00:10:823;1.00;0.00;0.00;0.07225;0.07165;6.26E-05;-0.0001832;0.03;-0.07;99.17;0.25;99.17;0.07225;0.07165;0.0006011;-11.412;-11.448;-32.210;1.00;-71.14;
2026-01-07 13:33:43.90;0.00:00:10:874;1.00;0.00;0.00;0.07275;0.07206;0.0002451;-0.0001984;0.10;-0.08;99.05;0.27;99.05;0.07275;0.07206;0.0006883;-11.382;-11.423;-31.622;1.00;-38.98;
2026-01-07 13:33:43.96;0.00:00:10:933;1.00;0.00;0.00;0.07332;0.07272;8.875E-05;-0.0001774;0.03;-0.07;99.17;0.24;99.17;0.07332;0.07272;0.0006054;-11.348;-11.384;-32.180;1.00;-63.43;
2026-01-07 13:33:44.00;0.00:00:10:980;1.00;0.00;0.00;0.07339;0.0728;6.521E-05;-0.0001659;0.03;-0.07;99.20;0.23;99.20;0.07339;0.0728;0.0005867;-11.344;-11.378;-32.316;1.00;-68.54;
2026-01-07 13:33:44.05;0.00:00:11:026;1.00;0.00;0.00;0.07318;0.07261;6.179E-06;-0.0001607;0.00;-0.06;99.23;0.22;99.23;0.07318;0.07261;0.0005653;-11.356;-11.390;-32.477;1.00;-87.80;
2026-01-07 13:33:44.10;0.00:00:11:075;1.00;0.00;0.00;0.07282;0.07227;-1.289E-05;-0.0001601;-0.01;-0.06;99.25;0.22;99.25;0.07282;0.07227;0.0005469;-11.377;-11.410;-32.621;1.00;-94.60;
2026-01-07 13:33:44.16;0.00:00:11:136;1.00;0.00;0.00;0.07288;0.07225;0.0001087;-0.0001839;0.04;-0.07;99.15;0.25;99.15;0.07288;0.07226;0.0006213;-11.374;-11.411;-32.067;1.00;-59.42;
2026-01-07 13:33:44.21;0.00:00:11:183;1.00;0.00;0.00;0.07299;0.07239;8.494E-05;-0.0001724;0.03;-0.07;99.16;0.24;99.16;0.07299;0.07239;0.0006096;-11.367;-11.403;-32.150;1.00;-63.77;
2026-01-07 13:33:44.25;0.00:00:11:230;1.00;0.00;0.00;0.07308;0.07246;7.043E-05;-0.0001776;0.03;-0.07;99.15;0.24;99.15;0.07308;0.07246;0.0006194;-11.362;-11.399;-32.080;1.00;-68.37;
2026-01-07 13:33:44.32;0.00:00:11:293;1.00;0.00;0.00;0.07343;0.07282;8.887E-05;-0.0001718;0.03;-0.07;99.17;0.23;99.17;0.07343;0.07282;0.0006086;-11.341;-11.378;-32.157;1.00;-62.65;
2026-01-07 13:33:44.36;0.00:00:11:340;1.00;0.00;0.00;0.07331;0.07275;1.984E-05;-0.0001646;0.01;-0.06;99.23;0.22;99.23;0.07331;0.07275;0.000566;-11.348;-11.382;-32.472;1.00;-83.13;
2026-01-07 13:33:44.43;0.00:00:11:401;1.00;0.00;0.00;0.07314;0.07254;8.563E-05;-0.0001711;0.03;-0.07;99.18;0.23;99.18;0.07314;0.07254;0.0006009;-11.358;-11.394;-32.212;1.00;-63.42;
2026-01-07 13:33:44.48;0.00:00:11:451;1.00;0.00;0.00;0.07317;0.07254;0.0001176;-0.0001854;0.05;-0.07;99.13;0.25;99.13;0.07317;0.07254;0.0006362;-11.356;-11.394;-31.964;1.00;-57.60;
2026-01-07 13:33:44.52;0.00:00:11:498;1.00;0.00;0.00;0.07347;0.07286;9.697E-05;-0.0001678;0.04;-0.07;99.17;0.23;99.17;0.07347;0.07286;0.0006067;-11.339;-11.375;-32.171;1.00;-59.98;
2026-01-07 13:33:44.57;0.00:00:11:545;1.00;0.00;0.00;0.07334;0.07276;3.455E-05;-0.0001684;0.01;-0.07;99.20;0.23;99.20;0.07334;0.07276;0.0005853;-11.347;-11.381;-32.326;1.00;-78.40;
2026-01-07 13:33:44.63;0.00:00:11:606;1.00;0.00;0.00;0.07324;0.07265;4.384E-05;-0.0001705;0.02;-0.07;99.20;0.23;99.19;0.07324;0.07265;0.0005894;-11.352;-11.387;-32.296;1.00;-75.58;
2026-01-07 13:33:44.68;0.00:00:11:654;1.00;0.00;0.00;0.07311;0.07253;4.708E-05;-0.0001672;0.02;-0.07;99.20;0.23;99.20;0.07311;0.07253;0.000586;-11.360;-11.395;-32.321;1.00;-74.27;
2026-01-07 13:33:44.74;0.00:00:11:715;1.00;0.00;0.00;0.07312;0.07249;8.775E-05;-0.0001814;0.03;-0.07;99.14;0.25;99.14;0.07312;0.07249;0.0006255;-11.360;-11.397;-32.038;1.00;-64.18;
2026-01-07 13:33:44.79;0.00:00:11:761;1.00;0.00;0.00;0.07318;0.07256;7.375E-05;-0.0001736;0.03;-0.07;99.16;0.24;99.16;0.07318;0.07256;0.0006114;-11.356;-11.393;-32.137;1.00;-66.98;
2026-01-07 13:33:44.83;0.00:00:11:808;1.00;0.00;0.00;0.07321;0.07261;7.809E-05;-0.0001792;0.03;-0.07;99.18;0.24;99.18;0.07321;0.07261;0.0005995;-11.355;-11.390;-32.222;1.00;-66.45;
2026-01-07 13:33:44.88;0.00:00:11:857;1.00;0.00;0.00;0.07322;0.0726;7.476E-05;-0.0001805;0.03;-0.07;99.16;0.25;99.16;0.07322;0.0726;0.0006167;-11.354;-11.390;-32.099;1.00;-67.51;
2026-01-07 13:33:44.94;0.00:00:11:918;1.00;0.00;0.00;0.07333;0.07271;9.012E-05;-0.0001744;0.04;-0.07;99.15;0.24;99.15;0.07333;0.07271;0.00062;-11.347;-11.384;-32.076;1.00;-62.67;
2026-01-07 13:33:44.99;0.00:00:11:965;1.00;0.00;0.00;0.07334;0.07274;7.823E-05;-0.00017;0.03;-0.07;99.18;0.23;99.18;0.07334;0.07274;0.0006029;-11.347;-11.382;-32.198;1.00;-65.29;
2026-01-07 13:33:45.04;0.00:00:12:012;1.00;0.00;0.00;0.0733;0.0727;5.451E-05;-0.000177;0.02;-0.07;99.18;0.24;99.18;0.0733;0.0727;0.000599;-11.349;-11.385;-32.225;1.00;-72.88;
2026-01-07 13:33:45.08;0.00:00:12:060;1.00;0.00;0.00;0.07313;0.07253;6.731E-05;-0.0001741;0.03;-0.07;99.17;0.24;99.17;0.07313;0.07253;0.0006053;-11.359;-11.395;-32.180;1.00;-68.86;
2026-01-07 13:33:45.13;0.00:00:12:106;1.00;0.00;0.00;0.07326;0.07263;0.0001138;-0.0001771;0.04;-0.07;99.15;0.24;99.15;0.07326;0.07263;0.0006256;-11.351;-11.389;-32.037;1.00;-57.27;
2026-01-07 13:33:45.18;0.00:00:12:152;1.00;0.00;0.00;0.07338;0.07278;6.436E-05;-0.0001742;0.03;-0.07;99.18;0.24;99.18;0.07338;0.07278;0.0006032;-11.344;-11.380;-32.195;1.00;-69.72;
2026-01-07 13:33:45.22;0.00:00:12:199;1.00;0.00;0.00;0.07322;0.0726;6.77E-05;-0.0001783;0.03;-0.07;99.16;0.24;99.15;0.07322;0.0726;0.0006186;-11.354;-11.391;-32.086;1.00;-69.21;
2026-01-07 13:33:45.27;0.00:00:12:245;1.00;0.00;0.00;0.07329;0.07269;7.822E-05;-0.0001714;0.03;-0.07;99.17;0.23;99.17;0.07329;0.07269;0.0006061;-11.349;-11.386;-32.175;1.00;-65.46;
2026-01-07 13:33:45.32;0.00:00:12:295;1.00;0.00;0.00;0.07322;0.07265;4.21E-05;-0.0001649;0.02;-0.07;99.21;0.23;99.21;0.07322;0.07265;0.0005777;-11.353;-11.388;-32.383;1.00;-75.68;
2026-01-07 13:33:45.38;0.00:00:12:356;1.00;0.00;0.00;0.07324;0.07261;9.991E-05;-0.000182;0.04;-0.07;99.14;0.25;99.14;0.07324;0.07261;0.0006288;-11.352;-11.390;-32.015;1.00;-61.24;
2026-01-07 13:33:45.43;0.00:00:12:403;1.00;0.00;0.00;0.07333;0.07273;6.005E-05;-0.0001775;0.02;-0.07;99.18;0.24;99.18;0.07333;0.07273;0.0006006;-11.347;-11.383;-32.214;1.00;-71.31;
2026-01-07 13:33:45.47;0.00:00:12:450;1.00;0.00;0.00;0.07344;0.07282;0.0001018;-0.0001715;0.04;-0.07;99.15;0.23;99.15;0.07344;0.07282;0.0006209;-11.341;-11.378;-32.070;1.00;-59.32;
2026-01-07 13:33:45.52;0.00:00:12:499;1.00;0.00;0.00;0.07347;0.07288;5.555E-05;-0.0001726;0.02;-0.07;99.19;0.23;99.19;0.07347;0.07288;0.0005974;-11.339;-11.374;-32.238;1.00;-72.16;
2026-01-07 13:33:45.58;0.00:00:12:555;1.00;0.00;0.00;0.07316;0.07261;-1.442E-05;-0.0001506;-0.01;-0.06;99.25;0.21;99.25;0.07316;0.07261;0.0005466;-11.357;-11.390;-32.623;1.00;-95.47;
2026-01-07 13:33:45.63;0.00:00:12:605;1.00;0.00;0.00;0.07342;0.07278;0.0001457;-0.0001664;0.06;-0.07;99.14;0.23;99.14;0.07342;0.07278;0.0006345;-11.342;-11.380;-31.976;1.00;-48.78;
2026-01-07 13:33:45.68;0.00:00:12:656;1.00;0.00;0.00;0.07353;0.07292;5.506E-05;-0.0001736;0.02;-0.07;99.17;0.24;99.17;0.07353;0.07292;0.0006072;-11.335;-11.372;-32.167;1.00;-72.40;
2026-01-07 13:33:45.73;0.00:00:12:709;1.00;0.00;0.00;0.07346;0.07286;7.706E-05;-0.000166;0.03;-0.07;99.18;0.23;99.18;0.07346;0.07286;0.0006036;-11.339;-11.375;-32.192;1.00;-65.10;
2026-01-07 13:33:45.78;0.00:00:12:758;1.00;0.00;0.00;0.0735;0.07288;8.834E-05;-0.0001867;0.03;-0.07;99.16;0.25;99.16;0.0735;0.07288;0.0006169;-11.337;-11.374;-32.098;1.00;-64.68;
2026-01-07 13:33:45.84;0.00:00:12:811;1.00;0.00;0.00;0.07328;0.07273;-4.63E-05;-0.0001718;-0.02;-0.07;99.25;0.23;99.25;0.07328;0.07273;0.0005499;-11.350;-11.383;-32.597;1.00;-105.09;
2026-01-07 13:33:45.89;0.00:00:12:862;1.00;0.00;0.00;0.07335;0.0727;0.0001439;-0.000168;0.06;-0.07;99.12;0.23;99.12;0.07335;0.07271;0.0006433;-11.346;-11.384;-31.916;1.00;-49.42;
2026-01-07 13:33:45.94;0.00:00:12:912;1.00;0.00;0.00;0.07337;0.07276;6.333E-05;-0.000181;0.02;-0.07;99.16;0.25;99.16;0.07337;0.07276;0.0006142;-11.345;-11.381;-32.117;1.00;-70.72;
2026-01-07 13:33:45.99;0.00:00:12:963;1.00;0.00;0.00;0.07343;0.07283;7.463E-05;-0.0001662;0.03;-0.07;99.18;0.23;99.18;0.07343;0.07283;0.0006051;-11.341;-11.377;-32.182;1.00;-65.81;
2026-01-07 13:33:46.04;0.00:00:13:014;1.00;0.00;0.00;0.07311;0.07251;3.698E-05;-0.0001744;0.01;-0.07;99.19;0.24;99.19;0.07311;0.07251;0.000592;-11.361;-11.396;-32.276;1.00;-78.03;
2026-01-07 13:33:46.09;0.00:00:13:066;1.00;0.00;0.00;0.07304;0.07245;5.959E-05;-0.0001735;0.02;-0.07;99.20;0.24;99.19;0.07304;0.07245;0.0005879;-11.365;-11.400;-32.307;1.00;-71.04;
2026-01-07 13:33:46.14;0.00:00:13:116;1.00;0.00;0.00;0.07317;0.0725;0.0001579;-0.0001978;0.06;-0.08;99.10;0.27;99.10;0.07317;0.07251;0.0006611;-11.357;-11.396;-31.797;1.00;-51.40;
2026-01-07 13:33:46.19;0.00:00:13:168;1.00;0.00;0.00;0.07339;0.07282;6.21E-05;-0.0001536;0.02;-0.06;99.21;0.21;99.21;0.07339;0.07282;0.0005775;-11.343;-11.378;-32.384;1.00;-67.98;
2026-01-07 13:33:46.24;0.00:00:13:218;1.00;0.00;0.00;0.07326;0.07264;8.277E-05;-0.0001777;0.03;-0.07;99.16;0.24;99.16;0.07326;0.07264;0.000618;-11.351;-11.388;-32.090;1.00;-65.02;
2026-01-07 13:33:46.30;0.00:00:13:271;1.00;0.00;0.00;0.0733;0.0727;5.983E-05;-0.000176;0.02;-0.07;99.18;0.24;99.18;0.0733;0.0727;0.0006028;-11.349;-11.385;-32.198;1.00;-71.22;
2026-01-07 13:33:46.35;0.00:00:13:322;1.00;0.00;0.00;0.07323;0.07265;3.005E-05;-0.0001736;0.01;-0.07;99.21;0.24;99.21;0.07323;0.07265;0.0005818;-11.353;-11.388;-32.352;1.00;-80.18;
2026-01-07 13:33:46.41;0.00:00:13:381;1.00;0.00;0.00;0.0733;0.0727;6.413E-05;-0.000173;0.03;-0.07;99.18;0.24;99.18;0.0733;0.0727;0.0005998;-11.349;-11.384;-32.220;1.00;-69.66;
2026-01-07 13:33:46.46;0.00:00:13:432;1.00;0.00;0.00;0.07323;0.07265;4.878E-05;-0.0001701;0.02;-0.07;99.20;0.23;99.20;0.07323;0.07265;0.0005837;-11.353;-11.388;-32.338;1.00;-74.00;
2026-01-07 13:33:46.51;0.00:00:13:483;1.00;0.00;0.00;0.07325;0.07266;5.978E-05;-0.0001675;0.02;-0.07;99.19;0.23;99.19;0.07325;0.07266;0.0005966;-11.352;-11.387;-32.244;1.00;-70.35;
2026-01-07 13:33:46.56;0.00:00:13:535;1.00;0.00;0.00;0.07316;0.07256;4.565E-05;-0.000179;0.02;-0.07;99.18;0.24;99.18;0.07316;0.07256;0.0005969;-11.358;-11.393;-32.241;1.00;-75.69;
2026-01-07 13:33:46.61;0.00:00:13:588;1.00;0.00;0.00;0.07339;0.07276;9.066E-05;-0.0001748;0.04;-0.07;99.15;0.24;99.15;0.07339;0.07276;0.0006267;-11.344;-11.381;-32.030;1.00;-62.58;
2026-01-07 13:33:46.66;0.00:00:13:637;1.00;0.00;0.00;0.07346;0.07285;7.936E-05;-0.0001736;0.03;-0.07;99.17;0.24;99.17;0.07346;0.07285;0.0006128;-11.339;-11.376;-32.127;1.00;-65.44;
2026-01-07 13:33:46.71;0.00:00:13:688;1.00;0.00;0.00;0.07339;0.07278;7.72E-05;-0.0001785;0.03;-0.07;99.18;0.24;99.18;0.07339;0.07278;0.0006037;-11.344;-11.380;-32.192;1.00;-66.61;
2026-01-07 13:33:46.76;0.00:00:13:739;1.00;0.00;0.00;0.07332;0.07274;2.515E-05;-0.0001606;0.01;-0.06;99.21;0.22;99.21;0.07332;0.07274;0.000576;-11.348;-11.382;-32.396;1.00;-81.10;
2026-01-07 13:33:46.81;0.00:00:13:790;1.00;0.00;0.00;0.07331;0.07267;0.0001097;-0.000186;0.04;-0.07;99.13;0.25;99.13;0.07331;0.07267;0.0006346;-11.348;-11.386;-31.975;1.00;-59.46;
2026-01-07 13:33:46.87;0.00:00:13:841;1.00;0.00;0.00;0.07337;0.07277;5.077E-05;-0.0001821;0.02;-0.07;99.19;0.25;99.19;0.07337;0.07277;0.0005967;-11.345;-11.380;-32.242;1.00;-74.42;
2026-01-07 13:33:46.92;0.00:00:13:893;1.00;0.00;0.00;0.07336;0.07271;0.0001059;-0.0001824;0.04;-0.07;99.12;0.25;99.12;0.07336;0.07271;0.0006422;-11.346;-11.384;-31.924;1.00;-59.86;
2026-01-07 13:33:46.97;0.00:00:13:944;1.00;0.00;0.00;0.07334;0.07279;-7.169E-06;-0.000166;0.00;-0.07;99.26;0.23;99.26;0.07334;0.07279;0.0005441;-11.347;-11.379;-32.643;1.00;-92.47;
2026-01-07 13:33:47.03;0.00:00:14:005;1.00;0.00;0.00;0.0731;0.07251;5.406E-05;-0.0001692;0.02;-0.07;99.19;0.23;99.19;0.0731;0.07251;0.0005898;-11.361;-11.396;-32.293;1.00;-72.28;
2026-01-07 13:33:47.08;0.00:00:14:058;1.00;0.00;0.00;0.07347;0.07287;6.556E-05;-0.0001743;0.03;-0.07;99.18;0.24;99.18;0.07347;0.07287;0.0006014;-11.339;-11.375;-32.208;1.00;-69.39;
2026-01-07 13:33:47.13;0.00:00:14:104;1.00;0.00;0.00;0.07335;0.07278;-5.832E-06;-0.000161;0.00;-0.06;99.22;0.22;99.22;0.07335;0.07278;0.0005689;-11.346;-11.380;-32.449;1.00;-92.07;
2026-01-07 13:33:47.18;0.00:00:14:158;1.00;0.00;0.00;0.073;0.07241;6.4E-05;-0.0001647;0.03;-0.07;99.19;0.23;99.19;0.073;0.07241;0.00059;-11.367;-11.402;-32.291;1.00;-68.76;
2026-01-07 13:33:47.23;0.00:00:14:209;1.00;0.00;0.00;0.07304;0.07242;0.0001003;-0.0001761;0.04;-0.07;99.15;0.24;99.15;0.07304;0.07242;0.0006184;-11.364;-11.401;-32.087;1.00;-60.34;
2026-01-07 13:33:47.29;0.00:00:14:261;1.00;0.00;0.00;0.07332;0.0727;9.718E-05;-0.0001713;0.04;-0.07;99.16;0.23;99.16;0.07332;0.0727;0.0006164;-11.348;-11.385;-32.101;1.00;-60.44;
2026-01-07 13:33:47.34;0.00:00:14:312;1.00;0.00;0.00;0.07338;0.07276;9.842E-05;-0.0001827;0.04;-0.07;99.15;0.25;99.15;0.07338;0.07276;0.0006256;-11.344;-11.381;-32.037;1.00;-61.69;
2026-01-07 13:33:47.39;0.00:00:14:362;1.00;0.00;0.00;0.0735;0.07288;7.055E-05;-0.0001874;0.03;-0.07;99.17;0.25;99.17;0.0735;0.07288;0.0006131;-11.337;-11.374;-32.125;1.00;-69.37;
2026-01-07 13:33:47.44;0.00:00:14:414;1.00;0.00;0.00;0.07328;0.07275;-4.125E-05;-0.0001481;-0.02;-0.06;99.28;0.20;99.28;0.07328;0.07275;0.0005305;-11.350;-11.382;-32.753;1.00;-105.56;
2026-01-07 13:33:47.49;0.00:00:14:465;1.00;0.00;0.00;0.07325;0.07261;0.000124;-0.0001778;0.05;-0.07;99.12;0.24;99.12;0.07325;0.07261;0.0006434;-11.352;-11.390;-31.915;1.00;-55.11;
2026-01-07 13:33:47.54;0.00:00:14:516;1.00;0.00;0.00;0.07335;0.07274;6.891E-05;-0.0001803;0.03;-0.07;99.17;0.25;99.17;0.07335;0.07274;0.0006091;-11.346;-11.382;-32.153;1.00;-69.08;
2026-01-07 13:33:47.60;0.00:00:14:574;1.00;0.00;0.00;0.07322;0.07267;-1.436E-05;-0.0001571;-0.01;-0.06;99.25;0.21;99.25;0.07322;0.07267;0.0005516;-11.354;-11.387;-32.584;1.00;-95.22;
2026-01-07 13:33:47.64;0.00:00:14:620;1.00;0.00;0.00;0.073;0.07238;8.909E-05;-0.000178;0.04;-0.07;99.14;0.24;99.14;0.073;0.07238;0.000626;-11.367;-11.404;-32.034;1.00;-63.41;
2026-01-07 13:33:47.69;0.00:00:14:668;1.00;0.00;0.00;0.07356;0.07296;5.31E-05;-0.0001767;0.02;-0.07;99.18;0.24;99.18;0.07356;0.07296;0.0006059;-11.333;-11.369;-32.176;1.00;-73.27;
2026-01-07 13:33:47.75;0.00:00:14:730;1.00;0.00;0.00;0.07341;0.07286;-1.463E-05;-0.0001433;-0.01;-0.06;99.24;0.20;99.24;0.07341;0.07286;0.0005545;-11.342;-11.375;-32.561;1.00;-95.83;
2026-01-07 13:33:47.80;0.00:00:14:776;1.00;0.00;0.00;0.07329;0.07261;0.0001519;-0.0002019;0.06;-0.08;99.08;0.28;99.08;0.07329;0.07261;0.000676;-11.350;-11.390;-31.700;1.00;-53.03;
2026-01-07 13:33:47.85;0.00:00:14:823;1.00;0.00;0.00;0.07366;0.07309;5.228E-05;-0.0001384;0.02;-0.05;99.22;0.19;99.22;0.07366;0.07309;0.0005734;-11.328;-11.361;-32.416;1.00;-69.31;
2026-01-07 13:33:47.90;0.00:00:14:871;1.00;0.00;0.00;0.07325;0.07264;3.332E-05;-0.0001858;0.01;-0.07;99.18;0.25;99.18;0.07325;0.07264;0.000604;-11.352;-11.388;-32.190;1.00;-79.83;
2026-01-07 13:33:47.94;0.00:00:14:918;1.00;0.00;0.00;0.07382;0.07326;1.727E-06;-0.0001558;0.00;-0.06;99.24;0.21;99.24;0.07382;0.07326;0.0005594;-11.319;-11.352;-32.523;1.00;-89.36;
2026-01-07 13:33:47.99;0.00:00:14:964;1.00;0.00;0.00;0.07347;0.07289;1.171E-05;-0.0001669;0.00;-0.07;99.22;0.23;99.22;0.07347;0.07289;0.0005765;-11.339;-11.373;-32.392;1.00;-85.99;
2026-01-07 13:33:48.04;0.00:00:15:011;1.00;0.00;0.00;0.07293;0.0724;-3.433E-05;-0.0001514;-0.01;-0.06;99.26;0.21;99.26;0.07293;0.0724;0.000538;-11.371;-11.403;-32.692;1.00;-102.78;
2026-01-07 13:33:48.08;0.00:00:15:058;1.00;0.00;0.00;0.07274;0.07212;8.006E-05;-0.0001724;0.03;-0.07;99.16;0.24;99.16;0.07274;0.07212;0.0006142;-11.382;-11.419;-32.117;1.00;-65.09;
2026-01-07 13:33:48.13;0.00:00:15:108;1.00;0.00;0.00;0.07263;0.07206;1.491E-05;-0.0001651;0.01;-0.07;99.22;0.23;99.22;0.07263;0.07206;0.0005695;-11.389;-11.423;-32.445;1.00;-84.84;
2026-01-07 13:33:48.19;0.00:00:15:168;1.00;0.00;0.00;0.0733;0.07273;5.233E-05;-0.0001391;0.02;-0.05;99.22;0.19;99.22;0.0733;0.07273;0.0005714;-11.349;-11.383;-32.431;1.00;-69.38;
2026-01-07 13:33:48.24;0.00:00:15:213;1.00;0.00;0.00;0.07318;0.07255;9.602E-05;-0.0001815;0.04;-0.07;99.15;0.25;99.15;0.07318;0.07255;0.0006245;-11.356;-11.394;-32.044;1.00;-62.12;
2026-01-07 13:33:48.29;0.00:00:15:261;1.00;0.00;0.00;0.07324;0.07267;1.765E-05;-0.0001561;0.01;-0.06;99.21;0.21;99.21;0.07324;0.07267;0.0005752;-11.352;-11.387;-32.402;1.00;-83.55;
2026-01-07 13:33:48.33;0.00:00:15:310;1.00;0.00;0.00;0.07285;0.07231;-1.95E-05;-0.0001668;-0.01;-0.07;99.25;0.23;99.25;0.07285;0.07231;0.0005458;-11.375;-11.408;-32.630;1.00;-96.67;
2026-01-07 13:33:48.39;0.00:00:15:369;1.00;0.00;0.00;0.07345;0.07285;8.744E-05;-0.0001572;0.03;-0.06;99.18;0.21;99.18;0.07345;0.07285;0.0006001;-11.340;-11.376;-32.218;1.00;-60.92;
2026-01-07 13:33:48.44;0.00:00:15:416;1.00;0.00;0.00;0.07314;0.07254;6.043E-05;-0.0001599;0.02;-0.06;99.18;0.22;99.18;0.07314;0.07254;0.0005985;-11.359;-11.394;-32.229;1.00;-69.30;
2026-01-07 13:33:48.49;0.00:00:15:462;1.00;0.00;0.00;0.07299;0.07242;2.146E-05;-0.0001626;0.01;-0.06;99.22;0.22;99.22;0.07299;0.07242;0.0005713;-11.367;-11.401;-32.431;1.00;-82.48;
2026-01-07 13:33:48.53;0.00:00:15:509;1.00;0.00;0.00;0.07292;0.07231;7.751E-05;-0.0001727;0.03;-0.07;99.17;0.24;99.17;0.07292;0.07231;0.0006061;-11.372;-11.408;-32.174;1.00;-65.83;
2026-01-07 13:33:48.58;0.00:00:15:556;1.00;0.00;0.00;0.07309;0.07244;0.0001525;-0.0001935;0.06;-0.08;99.11;0.26;99.11;0.07309;0.07244;0.0006506;-11.362;-11.400;-31.867;1.00;-51.76;
2026-01-07 13:33:48.63;0.00:00:15:603;1.00;0.00;0.00;0.07347;0.07285;0.0001128;-0.0001678;0.04;-0.07;99.16;0.23;99.16;0.07347;0.07285;0.0006206;-11.339;-11.376;-32.072;1.00;-56.10;
2026-01-07 13:33:48.67;0.00:00:15:650;1.00;0.00;0.00;0.07306;0.07247;3.744E-05;-0.0001702;0.01;-0.07;99.20;0.23;99.20;0.07306;0.07247;0.0005849;-11.363;-11.398;-32.329;1.00;-77.59;
2026-01-07 13:33:48.72;0.00:00:15:698;1.00;0.00;0.00;0.0731;0.07245;0.0001029;-0.000187;0.04;-0.07;99.12;0.26;99.12;0.0731;0.07245;0.0006451;-11.361;-11.400;-31.903;1.00;-61.18;
2026-01-07 13:33:48.77;0.00:00:15:744;1.00;0.00;0.00;0.07339;0.07275;9.639E-05;-0.0001678;0.04;-0.07;99.14;0.23;99.14;0.07339;0.07275;0.0006308;-11.344;-11.381;-32.001;1.00;-60.12;
2026-01-07 13:33:48.82;0.00:00:15:791;1.00;0.00;0.00;0.07329;0.0727;4.584E-05;-0.0001745;0.02;-0.07;99.19;0.24;99.19;0.07329;0.0727;0.0005948;-11.349;-11.385;-32.256;1.00;-75.28;
2026-01-07 13:33:48.86;0.00:00:15:837;1.00;0.00;0.00;0.07327;0.07268;5.902E-05;-0.0001572;0.02;-0.06;99.19;0.21;99.19;0.07327;0.07268;0.000594;-11.351;-11.386;-32.262;1.00;-69.43;
2026-01-07 13:33:48.91;0.00:00:15:886;1.00;0.00;0.00;0.07313;0.07254;5.654E-05;-0.0001739;0.02;-0.07;99.19;0.24;99.19;0.07313;0.07254;0.0005913;-11.359;-11.394;-32.282;1.00;-71.99;
2026-01-07 13:33:48.97;0.00:00:15:945;1.00;0.00;0.00;0.07318;0.07256;8.87E-05;-0.0001734;0.04;-0.07;99.16;0.24;99.16;0.07318;0.07256;0.0006142;-11.356;-11.393;-32.117;1.00;-62.91;
2026-01-07 13:33:49.02;0.00:00:15:991;1.00;0.00;0.00;0.07339;0.07277;8.302E-05;-0.0001686;0.03;-0.07;99.16;0.23;99.16;0.07339;0.07277;0.0006165;-11.344;-11.380;-32.101;1.00;-63.79;
2026-01-07 13:33:49.08;0.00:00:16:055;1.00;0.00;0.00;0.07349;0.07288;9.749E-05;-0.0001721;0.04;-0.07;99.16;0.23;99.16;0.07349;0.07288;0.000615;-11.338;-11.374;-32.111;1.00;-60.47;
2026-01-07 13:33:49.14;0.00:00:16:114;1.00;0.00;0.00;0.07322;0.07262;7.149E-05;-0.0001754;0.03;-0.07;99.18;0.24;99.18;0.07322;0.07262;0.000599;-11.354;-11.390;-32.226;1.00;-67.82;
2026-01-07 13:33:49.19;0.00:00:16:161;1.00;0.00;0.00;0.07334;0.07274;4.332E-05;-0.0001743;0.02;-0.07;99.19;0.24;99.19;0.07334;0.07274;0.0005969;-11.347;-11.382;-32.241;1.00;-76.04;
2026-01-07 13:33:49.23;0.00:00:16:208;1.00;0.00;0.00;0.07327;0.07269;3.423E-05;-0.0001647;0.01;-0.06;99.22;0.22;99.21;0.07327;0.07269;0.0005751;-11.351;-11.385;-32.403;1.00;-78.26;
2026-01-07 13:33:49.28;0.00:00:16:254;1.00;0.00;0.00;0.07308;0.07249;2.416E-05;-0.0001722;0.01;-0.07;99.20;0.24;99.20;0.07308;0.0725;0.0005875;-11.362;-11.397;-32.310;1.00;-82.01;
2026-01-07 13:33:49.33;0.00:00:16:301;1.00;0.00;0.00;0.0731;0.07252;4.608E-05;-0.0001676;0.02;-0.07;99.21;0.23;99.21;0.0731;0.07252;0.0005762;-11.361;-11.395;-32.395;1.00;-74.63;
2026-01-07 13:33:49.37;0.00:00:16:347;1.00;0.00;0.00;0.07302;0.07243;4.429E-05;-0.0001672;0.02;-0.07;99.19;0.23;99.19;0.07302;0.07243;0.0005896;-11.365;-11.401;-32.294;1.00;-75.17;
2026-01-07 13:33:49.42;0.00:00:16:394;1.00;0.00;0.00;0.0731;0.07249;8.316E-05;-0.0001729;0.03;-0.07;99.16;0.24;99.16;0.0731;0.07249;0.0006156;-11.361;-11.397;-32.107;1.00;-64.31;
2026-01-07 13:33:49.47;0.00:00:16:441;1.00;0.00;0.00;0.07319;0.07255;0.000101;-0.0001943;0.04;-0.08;99.13;0.27;99.13;0.07319;0.07255;0.0006391;-11.355;-11.394;-31.944;1.00;-62.53;
2026-01-07 13:33:49.51;0.00:00:16:487;1.00;0.00;0.00;0.07356;0.07296;9.369E-05;-0.0001547;0.04;-0.06;99.19;0.21;99.19;0.07356;0.07296;0.0005961;-11.334;-11.369;-32.247;1.00;-58.81;
2026-01-07 13:33:49.56;0.00:00:16:534;1.00;0.00;0.00;0.07343;0.07281;0.0001057;-0.000176;0.04;-0.07;99.15;0.24;99.15;0.07343;0.07281;0.0006237;-11.341;-11.378;-32.050;1.00;-59.00;
2026-01-07 13:33:49.61;0.00:00:16:587;1.00;0.00;0.00;0.07351;0.07292;6.373E-05;-0.0001615;0.03;-0.06;99.19;0.22;99.19;0.07351;0.07292;0.0005942;-11.336;-11.372;-32.261;1.00;-68.46;
2026-01-07 13:33:49.66;0.00:00:16:637;1.00;0.00;0.00;0.0733;0.07268;8.096E-05;-0.0001765;0.03;-0.07;99.16;0.24;99.16;0.0733;0.07268;0.0006143;-11.349;-11.386;-32.116;1.00;-65.36;
2026-01-07 13:33:49.71;0.00:00:16:684;1.00;0.00;0.00;0.07339;0.07278;7.604E-05;-0.0001675;0.03;-0.07;99.18;0.23;99.18;0.07339;0.07279;0.0006001;-11.344;-11.380;-32.218;1.00;-65.58;
2026-01-07 13:33:49.75;0.00:00:16:728;1.00;0.00;0.00;0.0733;0.0727;4.666E-05;-0.0001674;0.02;-0.07;99.18;0.23;99.18;0.0733;0.0727;0.0005999;-11.349;-11.385;-32.220;1.00;-74.42;
2026-01-07 13:33:49.82;0.00:00:16:791;1.00;0.00;0.00;0.07315;0.07256;3.918E-05;-0.0001789;0.02;-0.07;99.20;0.24;99.20;0.07315;0.07256;0.000586;-11.358;-11.393;-32.321;1.00;-77.65;
2026-01-07 13:33:49.87;0.00:00:16:841;1.00;0.00;0.00;0.07331;0.07272;3.795E-05;-0.0001666;0.01;-0.07;99.20;0.23;99.20;0.07331;0.07272;0.0005832;-11.349;-11.383;-32.342;1.00;-77.17;
2026-01-07 13:33:49.92;0.00:00:16:892;1.00;0.00;0.00;0.07322;0.07262;5.712E-05;-0.0001728;0.02;-0.07;99.17;0.24;99.17;0.07322;0.07262;0.0006043;-11.353;-11.389;-32.188;1.00;-71.71;
2026-01-07 13:33:49.97;0.00:00:16:944;1.00;0.00;0.00;0.07317;0.07256;8.25E-05;-0.0001837;0.03;-0.07;99.16;0.25;99.16;0.07317;0.07256;0.0006152;-11.357;-11.393;-32.110;1.00;-65.81;
2026-01-07 13:33:50.02;0.00:00:16:994;1.00;0.00;0.00;0.07346;0.07282;0.0001243;-0.0001747;0.05;-0.07;99.13;0.24;99.13;0.07346;0.07282;0.0006398;-11.339;-11.377;-31.939;1.00;-54.57;
2026-01-07 13:33:50.08;0.00:00:17:056;1.00;0.00;0.00;0.07348;0.07289;1.434E-05;-0.0001609;0.01;-0.06;99.20;0.22;99.20;0.07348;0.0729;0.000589;-11.338;-11.373;-32.299;1.00;-84.91;
2026-01-07 13:33:50.13;0.00:00:17:109;1.00;0.00;0.00;0.07325;0.07266;2.17E-05;-0.0001802;0.01;-0.07;99.20;0.25;99.20;0.07325;0.07266;0.0005876;-11.352;-11.387;-32.309;1.00;-83.13;
2026-01-07 13:33:50.18;0.00:00:17:158;1.00;0.00;0.00;0.07315;0.07255;4.402E-05;-0.000162;0.02;-0.06;99.19;0.22;99.18;0.07315;0.07255;0.0005962;-11.358;-11.393;-32.246;1.00;-74.80;
2026-01-07 13:33:50.23;0.00:00:17:210;1.00;0.00;0.00;0.07316;0.07255;9.046E-05;-0.0001847;0.04;-0.07;99.16;0.25;99.16;0.07316;0.07255;0.0006141;-11.357;-11.394;-32.117;1.00;-63.90;
2026-01-07 13:33:50.28;0.00:00:17:260;1.00;0.00;0.00;0.07334;0.07272;7.594E-05;-0.0001682;0.03;-0.07;99.17;0.23;99.17;0.07334;0.07272;0.0006121;-11.347;-11.383;-32.132;1.00;-65.70;
2026-01-07 13:33:50.34;0.00:00:17:314;1.00;0.00;0.00;0.07324;0.07265;6.568E-05;-0.0001745;0.03;-0.07;99.19;0.24;99.19;0.07324;0.07265;0.0005952;-11.352;-11.388;-32.254;1.00;-69.37;
2026-01-07 13:33:50.39;0.00:00:17:362;1.00;0.00;0.00;0.07327;0.07266;7.128E-05;-0.0001766;0.03;-0.07;99.16;0.24;99.16;0.07327;0.07266;0.0006167;-11.351;-11.387;-32.099;1.00;-68.02;
2026-01-07 13:33:50.44;0.00:00:17:414;1.00;0.00;0.00;0.07313;0.07254;5.228E-05;-0.0001848;0.02;-0.07;99.18;0.25;99.18;0.07313;0.07254;0.0005962;-11.359;-11.394;-32.246;1.00;-74.21;
2026-01-07 13:33:50.49;0.00:00:17:464;1.00;0.00;0.00;0.07318;0.07259;6.415E-05;-0.0001706;0.03;-0.07;99.19;0.23;99.19;0.07318;0.07259;0.0005945;-11.356;-11.391;-32.258;1.00;-69.39;
2026-01-07 13:33:50.54;0.00:00:17:515;1.00;0.00;0.00;0.0731;0.07253;1.344E-05;-0.0001564;0.01;-0.06;99.22;0.21;99.22;0.0731;0.07253;0.0005668;-11.361;-11.395;-32.466;1.00;-85.09;
2026-01-07 13:33:50.59;0.00:00:17:568;1.00;0.00;0.00;0.07288;0.07228;6.884E-05;-0.0001846;0.03;-0.07;99.17;0.25;99.17;0.07288;0.07228;0.0006015;-11.374;-11.410;-32.208;1.00;-69.54;
2026-01-07 13:33:50.64;0.00:00:17:618;1.00;0.00;0.00;0.07303;0.07241;0.0001117;-0.0001831;0.04;-0.07;99.14;0.25;99.14;0.07303;0.07241;0.0006253;-11.365;-11.402;-32.039;1.00;-58.62;
2026-01-07 13:33:50.69;0.00:00:17:670;1.00;0.00;0.00;0.07331;0.07269;9.723E-05;-0.0001708;0.04;-0.07;99.15;0.23;99.15;0.07331;0.07269;0.0006203;-11.348;-11.385;-32.074;1.00;-60.34;
2026-01-07 13:33:50.75;0.00:00:17:721;1.00;0.00;0.00;0.0731;0.07252;1.698E-05;-0.0001584;0.01;-0.06;99.21;0.22;99.21;0.0731;0.07252;0.0005751;-11.361;-11.395;-32.403;1.00;-83.88;
2026-01-07 13:33:50.80;0.00:00:17:772;1.00;0.00;0.00;0.07296;0.07238;5.356E-05;-0.0001682;0.02;-0.07;99.21;0.23;99.21;0.07296;0.07238;0.0005788;-11.369;-11.404;-32.375;1.00;-72.34;
2026-01-07 13:33:50.85;0.00:00:17:824;1.00;0.00;0.00;0.07305;0.07246;8.762E-05;-0.0001679;0.03;-0.07;99.18;0.23;99.18;0.07305;0.07246;0.0005986;-11.364;-11.399;-32.228;1.00;-62.44;
2026-01-07 13:33:50.90;0.00:00:17:874;1.00;0.00;0.00;0.07305;0.07244;6.645E-05;-0.0001719;0.03;-0.07;99.16;0.24;99.16;0.07305;0.07244;0.0006126;-11.364;-11.400;-32.128;1.00;-68.86;
2026-01-07 13:33:50.95;0.00:00:17:924;1.00;0.00;0.00;0.07336;0.07275;6.098E-05;-0.0001651;0.02;-0.07;99.17;0.23;99.17;0.07336;0.07275;0.00061;-11.346;-11.382;-32.147;1.00;-69.73;
2026-01-07 13:33:51.00;0.00:00:17:975;1.00;0.00;0.00;0.0733;0.07273;3.395E-05;-0.0001604;0.01;-0.06;99.22;0.22;99.22;0.0733;0.07273;0.0005732;-11.349;-11.383;-32.417;1.00;-78.05;
2026-01-07 13:33:51.05;0.00:00:18:025;1.00;0.00;0.00;0.07316;0.07255;6.926E-05;-0.0001745;0.03;-0.07;99.17;0.24;99.17;0.07316;0.07255;0.0006084;-11.357;-11.393;-32.158;1.00;-68.35;
2026-01-07 13:33:51.10;0.00:00:18:076;1.00;0.00;0.00;0.07332;0.07271;8.737E-05;-0.000165;0.03;-0.07;99.17;0.23;99.17;0.07332;0.07271;0.0006078;-11.348;-11.384;-32.163;1.00;-62.10;
2026-01-07 13:33:51.15;0.00:00:18:129;1.00;0.00;0.00;0.07323;0.07263;6.973E-05;-0.0001756;0.03;-0.07;99.18;0.24;99.18;0.07323;0.07263;0.0006007;-11.353;-11.389;-32.214;1.00;-68.34;
2026-01-07 13:33:51.20;0.00:00:18:179;1.00;0.00;0.00;0.07326;0.07266;4.941E-05;-0.000168;0.02;-0.07;99.19;0.23;99.19;0.07326;0.07266;0.0005933;-11.352;-11.387;-32.267;1.00;-73.61;
2026-01-07 13:33:51.26;0.00:00:18:231;1.00;0.00;0.00;0.07323;0.07261;9.574E-05;-0.0001852;0.04;-0.07;99.14;0.25;99.14;0.07323;0.07261;0.0006266;-11.353;-11.390;-32.030;1.00;-62.66;
2026-01-07 13:33:51.31;0.00:00:18:282;1.00;0.00;0.00;0.07355;0.07292;0.0001313;-0.0001738;0.05;-0.07;99.14;0.24;99.14;0.07355;0.07292;0.0006315;-11.334;-11.372;-31.997;1.00;-52.93;
2026-01-07 13:33:51.36;0.00:00:18:332;1.00;0.00;0.00;0.07333;0.07273;5.701E-05;-0.0001716;0.02;-0.07;99.17;0.23;99.17;0.07333;0.07273;0.000606;-11.347;-11.383;-32.175;1.00;-71.62;
2026-01-07 13:33:51.41;0.00:00:18:383;1.00;0.00;0.00;0.07321;0.07264;1.068E-05;-0.0001616;0.00;-0.06;99.23;0.22;99.23;0.07321;0.07264;0.0005649;-11.355;-11.388;-32.480;1.00;-86.22;
2026-01-07 13:33:51.46;0.00:00:18:435;1.00;0.00;0.00;0.07312;0.07247;0.0001266;-0.0001889;0.05;-0.07;99.12;0.26;99.12;0.07312;0.07247;0.0006453;-11.360;-11.398;-31.902;1.00;-56.18;
2026-01-07 13:33:51.51;0.00:00:18:486;1.00;0.00;0.00;0.07326;0.07268;4.753E-05;-0.0001589;0.02;-0.06;99.20;0.22;99.20;0.07326;0.07268;0.0005832;-11.351;-11.386;-32.342;1.00;-73.34;
2026-01-07 13:33:51.56;0.00:00:18:537;1.00;0.00;0.00;0.07324;0.07262;9.477E-05;-0.0001791;0.04;-0.07;99.15;0.24;99.15;0.07324;0.07262;0.0006237;-11.353;-11.390;-32.050;1.00;-62.11;
2026-01-07 13:33:51.61;0.00:00:18:586;1.00;0.00;0.00;0.07342;0.07279;9.665E-05;-0.0001695;0.04;-0.07;99.15;0.23;99.15;0.07342;0.07279;0.0006235;-11.342;-11.379;-32.052;1.00;-60.31;
2026-01-07 13:33:51.66;0.00:00:18:634;1.00;0.00;0.00;0.07322;0.07265;1.855E-05;-0.0001684;0.01;-0.07;99.21;0.23;99.21;0.07322;0.07265;0.000576;-11.354;-11.388;-32.396;1.00;-83.71;
2026-01-07 13:33:51.71;0.00:00:18:681;1.00;0.00;0.00;0.07307;0.07248;3.758E-05;-0.0001716;0.01;-0.07;99.19;0.23;99.19;0.07307;0.07248;0.0005892;-11.363;-11.398;-32.298;1.00;-77.65;
2026-01-07 13:33:51.75;0.00:00:18:727;1.00;0.00;0.00;0.07312;0.07252;8.524E-05;-0.0001666;0.03;-0.07;99.18;0.23;99.18;0.07312;0.07252;0.0006013;-11.360;-11.395;-32.209;1.00;-62.90;
2026-01-07 13:33:51.80;0.00:00:18:774;1.00;0.00;0.00;0.07323;0.07263;4.22E-05;-0.0001695;0.02;-0.07;99.18;0.23;99.18;0.07323;0.07263;0.0005978;-11.353;-11.389;-32.234;1.00;-76.02;
2026-01-07 13:33:51.85;0.00:00:18:821;1.00;0.00;0.00;0.07333;0.0727;0.000117;-0.0001775;0.05;-0.07;99.14;0.24;99.14;0.07333;0.0727;0.000631;-11.347;-11.385;-32.000;1.00;-56.61;
2026-01-07 13:33:51.89;0.00:00:18:869;1.00;0.00;0.00;0.0732;0.07262;1.139E-05;-0.0001832;0.00;-0.07;99.21;0.25;99.21;0.0732;0.07262;0.0005766;-11.355;-11.390;-32.391;1.00;-86.44;
2026-01-07 13:33:51.96;0.00:00:18:931;1.00;0.00;0.00;0.0731;0.07252;3.173E-05;-0.0001632;0.01;-0.06;99.22;0.22;99.22;0.0731;0.07252;0.0005734;-11.361;-11.395;-32.415;1.00;-79.00;
2026-01-07 13:33:52.00;0.00:00:18:979;1.00;0.00;0.00;0.07351;0.07288;9.949E-05;-0.0001671;0.04;-0.07;99.14;0.23;99.14;0.07351;0.07288;0.0006315;-11.337;-11.374;-31.996;1.00;-59.22;
2026-01-07 13:33:52.06;0.00:00:19:040;1.00;0.00;0.00;0.07339;0.0728;5.739E-05;-0.0001675;0.02;-0.07;99.19;0.23;99.19;0.07339;0.0728;0.0005928;-11.344;-11.379;-32.271;1.00;-71.09;
2026-01-07 13:33:52.11;0.00:00:19:086;1.00;0.00;0.00;0.07312;0.07257;-2.857E-05;-0.0001517;-0.01;-0.06;99.25;0.21;99.25;0.07312;0.07257;0.0005467;-11.360;-11.392;-32.623;1.00;-100.66;
2026-01-07 13:33:52.16;0.00:00:19:133;1.00;0.00;0.00;0.07292;0.07232;4.56E-05;-0.0001713;0.02;-0.07;99.18;0.23;99.18;0.07292;0.07232;0.0005949;-11.372;-11.407;-32.255;1.00;-75.09;
2026-01-07 13:33:52.21;0.00:00:19:181;1.00;0.00;0.00;0.07307;0.07248;8.733E-05;-0.0001591;0.03;-0.06;99.18;0.22;99.18;0.07307;0.07248;0.0005973;-11.362;-11.398;-32.238;1.00;-61.24;
2026-01-07 13:33:52.27;0.00:00:19:243;1.00;0.00;0.00;0.07312;0.07249;9.388E-05;-0.0001761;0.04;-0.07;99.14;0.24;99.14;0.07312;0.07249;0.0006253;-11.360;-11.397;-32.039;1.00;-61.94;
2026-01-07 13:33:52.31;0.00:00:19:289;1.00;0.00;0.00;0.07324;0.07264;6.896E-05;-0.0001689;0.03;-0.07;99.18;0.23;99.18;0.07324;0.07264;0.000599;-11.353;-11.388;-32.226;1.00;-67.79;
2026-01-07 13:33:52.36;0.00:00:19:336;1.00;0.00;0.00;0.07323;0.07263;5.791E-05;-0.0001744;0.02;-0.07;99.18;0.24;99.18;0.07323;0.07263;0.0006018;-11.353;-11.389;-32.206;1.00;-71.63;
2026-01-07 13:33:52.41;0.00:00:19:382;1.00;0.00;0.00;0.07327;0.07268;4.185E-05;-0.0001713;0.02;-0.07;99.20;0.23;99.20;0.07327;0.07268;0.0005885;-11.351;-11.386;-32.302;1.00;-76.27;
2026-01-07 13:33:52.45;0.00:00:19:427;1.00;0.00;0.00;0.07336;0.07274;9.261E-05;-0.0001784;0.04;-0.07;99.16;0.24;99.16;0.07336;0.07274;0.0006136;-11.346;-11.382;-32.121;1.00;-62.57;
2026-01-07 13:33:52.50;0.00:00:19:474;1.00;0.00;0.00;0.07339;0.0728;2.824E-05;-0.0001637;0.01;-0.06;99.20;0.22;99.20;0.07339;0.0728;0.0005893;-11.343;-11.378;-32.296;1.00;-80.21;
2026-01-07 13:33:52.55;0.00:00:19:523;1.00;0.00;0.00;0.07337;0.07275;7.596E-05;-0.0001727;0.03;-0.07;99.17;0.24;99.17;0.07337;0.07275;0.000612;-11.345;-11.381;-32.132;1.00;-66.26;
2026-01-07 13:33:52.59;0.00:00:19:570;1.00;0.00;0.00;0.0734;0.07281;5.425E-05;-0.0001559;0.02;-0.06;99.20;0.21;99.20;0.0734;0.07281;0.0005847;-11.343;-11.378;-32.331;1.00;-70.81;
2026-01-07 13:33:52.64;0.00:00:19:617;1.00;0.00;0.00;0.07304;0.07243;7.218E-05;-0.0001777;0.03;-0.07;99.17;0.24;99.17;0.07304;0.07243;0.0006087;-11.365;-11.401;-32.156;1.00;-67.90;
2026-01-07 13:33:52.70;0.00:00:19:677;1.00;0.00;0.00;0.07321;0.07259;0.0001113;-0.0001763;0.04;-0.07;99.15;0.24;99.15;0.07321;0.07259;0.0006194;-11.354;-11.391;-32.080;1.00;-57.73;
2026-01-07 13:33:52.75;0.00:00:19:724;1.00;0.00;0.00;0.07344;0.07284;6.219E-05;-0.0001633;0.02;-0.06;99.19;0.22;99.19;0.07344;0.07284;0.0005943;-11.341;-11.376;-32.260;1.00;-69.15;
2026-01-07 13:33:52.80;0.00:00:19:772;1.00;0.00;0.00;0.07341;0.07279;8.708E-05;-0.0001847;0.03;-0.07;99.16;0.25;99.16;0.07341;0.07279;0.0006156;-11.343;-11.379;-32.107;1.00;-64.75;
2026-01-07 13:33:52.84;0.00:00:19:819;1.00;0.00;0.00;0.07356;0.07297;3.749E-05;-0.0001629;0.01;-0.06;99.20;0.22;99.20;0.07356;0.07297;0.0005857;-11.334;-11.368;-32.323;1.00;-77.04;
2026-01-07 13:33:52.90;0.00:00:19:878;1.00;0.00;0.00;0.07341;0.07283;3.553E-05;-0.0001567;0.01;-0.06;99.21;0.21;99.21;0.07341;0.07283;0.0005786;-11.342;-11.377;-32.376;1.00;-77.23;
2026-01-07 13:33:52.95;0.00:00:19:925;1.00;0.00;0.00;0.07317;0.07256;6.582E-05;-0.0001724;0.03;-0.07;99.17;0.24;99.17;0.07317;0.07256;0.0006105;-11.357;-11.393;-32.143;1.00;-69.10;
2026-01-07 13:33:53.00;0.00:00:19:974;1.00;0.00;0.00;0.0731;0.07251;4.208E-05;-0.000165;0.02;-0.07;99.19;0.23;99.19;0.0731;0.07251;0.0005938;-11.361;-11.396;-32.263;1.00;-75.69;
2026-01-07 13:33:53.05;0.00:00:20:021;1.00;0.00;0.00;0.0731;0.07246;9.954E-05;-0.0001864;0.04;-0.07;99.13;0.26;99.13;0.0731;0.07246;0.0006371;-11.361;-11.399;-31.958;1.00;-61.90;
2026-01-07 13:33:53.09;0.00:00:20:067;1.00;0.00;0.00;0.07303;0.07247;-2.238E-05;-0.0001719;-0.01;-0.07;99.22;0.24;99.22;0.07303;0.07247;0.0005664;-11.365;-11.399;-32.469;1.00;-97.42;
2026-01-07 13:33:53.14;0.00:00:20:113;1.00;0.00;0.00;0.0729;0.07228;7.988E-05;-0.0001824;0.03;-0.07;99.15;0.25;99.15;0.0729;0.07228;0.0006188;-11.373;-11.410;-32.084;1.00;-66.35;
2026-01-07 13:33:53.19;0.00:00:20:162;1.00;0.00;0.00;0.07315;0.07254;7.553E-05;-0.0001669;0.03;-0.07;99.17;0.23;99.17;0.07315;0.07254;0.0006096;-11.358;-11.394;-32.149;1.00;-65.65;
2026-01-07 13:33:53.25;0.00:00:20:225;1.00;0.00;0.00;0.07311;0.07252;5.114E-05;-0.0001751;0.02;-0.07;99.19;0.24;99.19;0.07311;0.07252;0.0005905;-11.360;-11.395;-32.288;1.00;-73.72;
2026-01-07 13:33:53.31;0.00:00:20:284;1.00;0.00;0.00;0.07322;0.07263;5.137E-05;-0.000162;0.02;-0.06;99.19;0.22;99.19;0.07322;0.07263;0.0005935;-11.354;-11.389;-32.266;1.00;-72.40;
2026-01-07 13:33:53.36;0.00:00:20:333;1.00;0.00;0.00;0.07328;0.07268;7.041E-05;-0.0001712;0.03;-0.07;99.18;0.23;99.18;0.07328;0.07268;0.0005977;-11.350;-11.386;-32.235;1.00;-67.65;
2026-01-07 13:33:53.42;0.00:00:20:396;1.00;0.00;0.00;0.07348;0.07289;4.127E-05;-0.0001653;0.02;-0.06;99.20;0.22;99.20;0.07348;0.07289;0.0005885;-11.338;-11.373;-32.302;1.00;-75.98;
2026-01-07 13:33:53.48;0.00:00:20:457;1.00;0.00;0.00;0.07334;0.07274;3.307E-05;-0.000166;0.01;-0.07;99.18;0.23;99.18;0.07334;0.07274;0.0006007;-11.347;-11.382;-32.213;1.00;-78.73;
2026-01-07 13:33:53.53;0.00:00:20:503;1.00;0.00;0.00;0.07307;0.07251;4.251E-06;-0.0001574;0.00;-0.06;99.23;0.22;99.23;0.07307;0.07251;0.0005603;-11.363;-11.396;-32.516;1.00;-88.45;
2026-01-07 13:33:53.58;0.00:00:20:550;1.00;0.00;0.00;0.07286;0.07227;6.414E-05;-0.0001697;0.03;-0.07;99.19;0.23;99.19;0.07286;0.07227;0.0005929;-11.375;-11.411;-32.270;1.00;-69.29;
2026-01-07 13:33:53.62;0.00:00:20:599;1.00;0.00;0.00;0.07278;0.07218;6.671E-05;-0.0001713;0.03;-0.07;99.17;0.24;99.17;0.07278;0.07218;0.0006071;-11.380;-11.416;-32.167;1.00;-68.72;
2026-01-07 13:33:53.68;0.00:00:20:660;1.00;0.00;0.00;0.07288;0.07227;7.34E-05;-0.0001802;0.03;-0.07;99.16;0.25;99.16;0.07288;0.07227;0.0006116;-11.374;-11.410;-32.135;1.00;-67.84;
2026-01-07 13:33:53.73;0.00:00:20:706;1.00;0.00;0.00;0.07315;0.07255;6.087E-05;-0.0001742;0.02;-0.07;99.17;0.24;99.17;0.07315;0.07255;0.000605;-11.358;-11.394;-32.183;1.00;-70.74;
2026-01-07 13:33:53.78;0.00:00:20:754;1.00;0.00;0.00;0.07315;0.07254;6.664E-05;-0.0001726;0.03;-0.07;99.17;0.24;99.17;0.07315;0.07254;0.000607;-11.358;-11.394;-32.168;1.00;-68.89;
2026-01-07 13:33:53.83;0.00:00:20:802;1.00;0.00;0.00;0.07304;0.07245;2.753E-05;-0.0001755;0.01;-0.07;99.19;0.24;99.19;0.07304;0.07245;0.0005932;-11.364;-11.400;-32.268;1.00;-81.08;
2026-01-07 13:33:53.89;0.00:00:20:863;1.00;0.00;0.00;0.07326;0.07261;0.0001309;-0.0001734;0.05;-0.07;99.12;0.24;99.12;0.07326;0.07261;0.0006467;-11.352;-11.390;-31.893;1.00;-52.95;
2026-01-07 13:33:53.93;0.00:00:20:910;1.00;0.00;0.00;0.07341;0.07282;2.498E-05;-0.0001686;0.01;-0.07;99.20;0.23;99.20;0.07341;0.07282;0.000589;-11.342;-11.377;-32.299;1.00;-81.57;
2026-01-07 13:33:53.98;0.00:00:20:956;1.00;0.00;0.00;0.07326;0.07268;3.479E-05;-0.0001605;0.01;-0.06;99.21;0.22;99.21;0.07326;0.07268;0.0005793;-11.351;-11.386;-32.371;1.00;-77.77;
2026-01-07 13:33:54.03;0.00:00:21:006;1.00;0.00;0.00;0.07315;0.07255;8.602E-05;-0.0001707;0.03;-0.07;99.18;0.23;99.18;0.07315;0.07255;0.0005997;-11.358;-11.394;-32.221;1.00;-63.26;
2026-01-07 13:33:54.09;0.00:00:21:066;1.00;0.00;0.00;0.0732;0.07255;0.0001167;-0.0001919;0.05;-0.08;99.12;0.26;99.12;0.0732;0.07255;0.0006461;-11.355;-11.393;-31.897;1.00;-58.70;
2026-01-07 13:33:54.14;0.00:00:21:112;1.00;0.00;0.00;0.07311;0.07251;6.839E-05;-0.0001671;0.03;-0.07;99.18;0.23;99.18;0.07311;0.07251;0.0006011;-11.360;-11.396;-32.211;1.00;-67.74;
2026-01-07 13:33:54.18;0.00:00:21:160;1.00;0.00;0.00;0.07304;0.07245;3.876E-05;-0.0001666;0.02;-0.07;99.20;0.23;99.20;0.07304;0.07245;0.0005852;-11.365;-11.400;-32.327;1.00;-76.90;
2026-01-07 13:33:54.23;0.00:00:21:208;1.00;0.00;0.00;0.07289;0.07231;1.026E-05;-0.000165;0.00;-0.07;99.21;0.23;99.21;0.07289;0.07231;0.0005733;-11.374;-11.408;-32.416;1.00;-86.44;
2026-01-07 13:33:54.28;0.00:00:21:253;1.00;0.00;0.00;0.07306;0.07245;6.396E-05;-0.0001673;0.03;-0.07;99.17;0.23;99.17;0.07306;0.07245;0.000608;-11.363;-11.400;-32.161;1.00;-69.08;
2026-01-07 13:33:54.32;0.00:00:21:300;1.00;0.00;0.00;0.0729;0.07234;5.31E-06;-0.0001587;0.00;-0.06;99.23;0.22;99.23;0.0729;0.07234;0.0005645;-11.373;-11.406;-32.483;1.00;-88.08;
2026-01-07 13:33:54.37;0.00:00:21:347;1.00;0.00;0.00;0.07295;0.07232;8.809E-05;-0.000171;0.03;-0.07;99.14;0.23;99.14;0.07295;0.07232;0.0006298;-11.370;-11.407;-32.008;1.00;-62.75;
2026-01-07 13:33:54.44;0.00:00:21:411;1.00;0.00;0.00;0.07305;0.07244;8.557E-05;-0.0001721;0.03;-0.07;99.16;0.24;99.16;0.07305;0.07244;0.0006136;-11.364;-11.400;-32.121;1.00;-63.56;
2026-01-07 13:33:54.50;0.00:00:21:471;1.00;0.00;0.00;0.0731;0.07249;7.069E-05;-0.0001732;0.03;-0.07;99.16;0.24;99.16;0.0731;0.07249;0.0006108;-11.361;-11.397;-32.141;1.00;-67.79;
2026-01-07 13:33:54.54;0.00:00:21:518;1.00;0.00;0.00;0.07322;0.07262;6.423E-05;-0.0001717;0.03;-0.07;99.18;0.23;99.18;0.07322;0.07262;0.0006012;-11.354;-11.389;-32.209;1.00;-69.49;
2026-01-07 13:33:54.59;0.00:00:21:566;1.00;0.00;0.00;0.0732;0.07261;5.489E-05;-0.0001703;0.02;-0.07;99.18;0.23;99.18;0.0732;0.07261;0.0005972;-11.355;-11.390;-32.238;1.00;-72.14;
2026-01-07 13:33:54.64;0.00:00:21:613;1.00;0.00;0.00;0.07315;0.07257;5.555E-05;-0.0001634;0.02;-0.06;99.20;0.22;99.20;0.07315;0.07257;0.0005871;-11.358;-11.393;-32.313;1.00;-71.23;
2026-01-07 13:33:54.70;0.00:00:21:672;1.00;0.00;0.00;0.0732;0.07259;8.873E-05;-0.0001759;0.04;-0.07;99.16;0.24;99.16;0.0732;0.07259;0.0006181;-11.355;-11.391;-32.090;1.00;-63.23;
2026-01-07 13:33:54.74;0.00:00:21:720;1.00;0.00;0.00;0.07312;0.07252;5.577E-05;-0.0001713;0.02;-0.07;99.17;0.23;99.17;0.07312;0.07252;0.0006094;-11.359;-11.396;-32.151;1.00;-71.97;
2026-01-07 13:33:54.79;0.00:00:21:766;1.00;0.00;0.00;0.07313;0.07252;7.146E-05;-0.000174;0.03;-0.07;99.17;0.24;99.17;0.07313;0.07252;0.000607;-11.359;-11.395;-32.168;1.00;-67.67;
2026-01-07 13:33:54.84;0.00:00:21:813;1.00;0.00;0.00;0.07318;0.07258;7.072E-05;-0.0001674;0.03;-0.07;99.18;0.23;99.18;0.07318;0.07258;0.0005986;-11.356;-11.392;-32.229;1.00;-67.10;
2026-01-07 13:33:54.88;0.00:00:21:860;1.00;0.00;0.00;0.07309;0.07248;5.787E-05;-0.0001696;0.02;-0.07;99.18;0.23;99.18;0.07309;0.07249;0.0006013;-11.362;-11.398;-32.209;1.00;-71.16;
2026-01-07 13:33:54.93;0.00:00:21:906;1.00;0.00;0.00;0.07313;0.07252;7.264E-05;-0.0001729;0.03;-0.07;99.17;0.24;99.17;0.07313;0.07252;0.0006101;-11.359;-11.395;-32.146;1.00;-67.21;
2026-01-07 13:33:54.98;0.00:00:21:954;1.00;0.00;0.00;0.07315;0.07255;5.784E-05;-0.00017;0.02;-0.07;99.18;0.23;99.18;0.07315;0.07256;0.000598;-11.358;-11.393;-32.233;1.00;-71.21;
2026-01-07 13:33:55.03;0.00:00:22:001;1.00;0.00;0.00;0.07317;0.07255;7.104E-05;-0.0001717;0.03;-0.07;99.16;0.23;99.16;0.07317;0.07255;0.000612;-11.357;-11.393;-32.132;1.00;-67.53;
2026-01-07 13:33:55.07;0.00:00:22:048;1.00;0.00;0.00;0.07319;0.0726;6.849E-05;-0.0001691;0.03;-0.07;99.19;0.23;99.19;0.07319;0.0726;0.000592;-11.356;-11.391;-32.277;1.00;-67.95;
2026-01-07 13:33:55.12;0.00:00:22:094;1.00;0.00;0.00;0.07326;0.07264;7.968E-05;-0.0001812;0.03;-0.07;99.16;0.25;99.16;0.07326;0.07264;0.0006144;-11.352;-11.388;-32.115;1.00;-66.27;
2026-01-07 13:33:55.17;0.00:00:22:140;1.00;0.00;0.00;0.07328;0.07269;4.856E-05;-0.0001637;0.02;-0.06;99.19;0.22;99.19;0.07328;0.07269;0.0005943;-11.350;-11.385;-32.260;1.00;-73.48;
2026-01-07 13:33:55.21;0.00:00:22:189;1.00;0.00;0.00;0.0732;0.0726;5.044E-05;-0.0001759;0.02;-0.07;99.17;0.24;99.17;0.0732;0.0726;0.0006053;-11.355;-11.391;-32.180;1.00;-74.00;
2026-01-07 13:33:55.27;0.00:00:22:248;1.00;0.00;0.00;0.07321;0.07261;6.187E-05;-0.0001656;0.02;-0.07;99.19;0.23;99.19;0.07321;0.07261;0.0005958;-11.354;-11.390;-32.249;1.00;-69.51;
2026-01-07 13:33:55.32;0.00:00:22:296;1.00;0.00;0.00;0.07309;0.0725;4.484E-05;-0.0001658;0.02;-0.07;99.20;0.23;99.20;0.07309;0.0725;0.0005873;-11.361;-11.397;-32.311;1.00;-74.86;
2026-01-07 13:33:55.37;0.00:00:22:343;1.00;0.00;0.00;0.07308;0.07248;8.747E-05;-0.0001714;0.03;-0.07;99.18;0.23;99.18;0.07308;0.07248;0.0006016;-11.362;-11.398;-32.207;1.00;-62.96;
2026-01-07 13:33:55.42;0.00:00:22:392;1.00;0.00;0.00;0.073;0.07243;9.376E-06;-0.0001626;0.00;-0.06;99.23;0.22;99.23;0.073;0.07243;0.0005654;-11.367;-11.401;-32.477;1.00;-86.70;
2026-01-07 13:33:55.48;0.00:00:22:452;1.00;0.00;0.00;0.07297;0.07237;5.319E-05;-0.0001741;0.02;-0.07;99.17;0.24;99.17;0.07297;0.07237;0.0006044;-11.369;-11.405;-32.186;1.00;-73.01;
2026-01-07 13:33:55.52;0.00:00:22:499;1.00;0.00;0.00;0.07317;0.07255;9.344E-05;-0.0001755;0.04;-0.07;99.16;0.24;99.15;0.07317;0.07256;0.0006182;-11.356;-11.393;-32.089;1.00;-61.97;
2026-01-07 13:33:55.57;0.00:00:22:546;1.00;0.00;0.00;0.07328;0.07267;6.946E-05;-0.0001664;0.03;-0.07;99.17;0.23;99.17;0.07328;0.07267;0.0006048;-11.350;-11.386;-32.184;1.00;-67.34;
2026-01-07 13:33:55.62;0.00:00:22:595;1.00;0.00;0.00;0.0732;0.07261;5.293E-05;-0.0001664;0.02;-0.07;99.19;0.23;99.19;0.0732;0.07261;0.0005915;-11.355;-11.390;-32.280;1.00;-72.35;
2026-01-07 13:33:55.67;0.00:00:22:648;1.00;0.00;0.00;0.07324;0.07263;9.437E-05;-0.0001792;0.04;-0.07;99.16;0.24;99.16;0.07324;0.07263;0.0006155;-11.352;-11.389;-32.108;1.00;-62.23;
2026-01-07 13:33:55.72;0.00:00:22:699;1.00;0.00;0.00;0.07329;0.07271;3.576E-05;-0.0001603;0.01;-0.06;99.20;0.22;99.20;0.07329;0.07271;0.0005877;-11.349;-11.384;-32.308;1.00;-77.42;
2026-01-07 13:33:55.77;0.00:00:22:750;1.00;0.00;0.00;0.07318;0.07258;4.875E-05;-0.0001775;0.02;-0.07;99.18;0.24;99.18;0.07318;0.07258;0.0005992;-11.356;-11.392;-32.224;1.00;-74.64;
2026-01-07 13:33:55.83;0.00:00:22:800;1.00;0.00;0.00;0.07322;0.07262;5.926E-05;-0.0001672;0.02;-0.07;99.17;0.23;99.17;0.07322;0.07262;0.0006055;-11.354;-11.390;-32.179;1.00;-70.48;
2026-01-07 13:33:55.88;0.00:00:22:852;1.00;0.00;0.00;0.0732;0.0726;7.373E-05;-0.0001703;0.03;-0.07;99.17;0.23;99.17;0.0732;0.0726;0.0006074;-11.355;-11.391;-32.165;1.00;-66.59;
2026-01-07 13:33:55.93;0.00:00:22:904;1.00;0.00;0.00;0.07324;0.07263;7.946E-05;-0.0001701;0.03;-0.07;99.17;0.23;99.17;0.07324;0.07263;0.0006096;-11.353;-11.389;-32.150;1.00;-64.96;
2026-01-07 13:33:55.98;0.00:00:22:955;1.00;0.00;0.00;0.07326;0.07266;6.551E-05;-0.0001695;0.03;-0.07;99.17;0.23;99.17;0.07326;0.07266;0.0006067;-11.351;-11.387;-32.170;1.00;-68.86;
2026-01-07 13:33:56.03;0.00:00:23:006;1.00;0.00;0.00;0.07322;0.07261;5.942E-05;-0.0001723;0.02;-0.07;99.18;0.24;99.18;0.07322;0.07261;0.0006009;-11.354;-11.390;-32.212;1.00;-70.97;
2026-01-07 13:33:56.08;0.00:00:23:058;1.00;0.00;0.00;0.07315;0.07256;4.352E-05;-0.0001695;0.02;-0.07;99.20;0.23;99.20;0.07315;0.07256;0.0005846;-11.358;-11.393;-32.331;1.00;-75.60;
2026-01-07 13:33:56.13;0.00:00:23:110;1.00;0.00;0.00;0.07328;0.07267;7.944E-05;-0.0001717;0.03;-0.07;99.17;0.23;99.17;0.07328;0.07267;0.0006108;-11.350;-11.386;-32.141;1.00;-65.18;
2026-01-07 13:33:56.18;0.00:00:23:157;1.00;0.00;0.00;0.07331;0.0727;6.289E-05;-0.0001693;0.02;-0.07;99.17;0.23;99.17;0.07331;0.0727;0.0006086;-11.348;-11.384;-32.157;1.00;-69.62;
2026-01-07 13:33:56.24;0.00:00:23:212;1.00;0.00;0.00;0.07327;0.07266;7.806E-05;-0.0001678;0.03;-0.07;99.17;0.23;99.17;0.07327;0.07266;0.0006106;-11.351;-11.387;-32.142;1.00;-65.06;
2026-01-07 13:33:56.29;0.00:00:23:263;1.00;0.00;0.00;0.07329;0.0727;6.662E-05;-0.0001692;0.03;-0.07;99.19;0.23;99.19;0.07329;0.0727;0.0005951;-11.349;-11.385;-32.254;1.00;-68.51;
2026-01-07 13:33:56.34;0.00:00:23:314;1.00;0.00;0.00;0.07321;0.07261;5.448E-05;-0.0001623;0.02;-0.06;99.18;0.22;99.18;0.07321;0.07261;0.0005981;-11.355;-11.390;-32.232;1.00;-71.44;
2026-01-07 13:33:56.39;0.00:00:23:365;1.00;0.00;0.00;0.07309;0.0725;1.545E-05;-0.0001646;0.01;-0.07;99.20;0.23;99.20;0.07309;0.0725;0.0005852;-11.361;-11.396;-32.327;1.00;-84.64;
2026-01-07 13:33:56.44;0.00:00:23:417;1.00;0.00;0.00;0.07324;0.07262;8.901E-05;-0.0001715;0.04;-0.07;99.15;0.23;99.15;0.07324;0.07262;0.0006191;-11.352;-11.389;-32.083;1.00;-62.56;
2026-01-07 13:33:56.49;0.00:00:23:468;1.00;0.00;0.00;0.07334;0.07273;7.219E-05;-0.0001635;0.03;-0.06;99.17;0.22;99.17;0.07334;0.07273;0.0006082;-11.347;-11.383;-32.160;1.00;-66.18;
2026-01-07 13:33:56.54;0.00:00:23:518;1.00;0.00;0.00;0.07324;0.07264;5.244E-05;-0.0001685;0.02;-0.07;99.18;0.23;99.18;0.07324;0.07264;0.0006006;-11.353;-11.388;-32.214;1.00;-72.71;
2026-01-07 13:33:56.59;0.00:00:23:568;1.00;0.00;0.00;0.07318;0.07259;4.868E-05;-0.0001696;0.02;-0.07;99.19;0.23;99.19;0.07318;0.07259;0.0005936;-11.356;-11.391;-32.265;1.00;-73.99;
2026-01-07 13:33:56.64;0.00:00:23:619;1.00;0.00;0.00;0.07307;0.07247;6.436E-05;-0.0001678;0.03;-0.07;99.18;0.23;99.18;0.07307;0.07247;0.0005957;-11.363;-11.398;-32.250;1.00;-69.02;
2026-01-07 13:33:56.69;0.00:00:23:670;1.00;0.00;0.00;0.07305;0.07246;4.772E-05;-0.0001697;0.02;-0.07;99.20;0.23;99.20;0.07305;0.07246;0.000583;-11.364;-11.399;-32.343;1.00;-74.29;
2026-01-07 13:33:56.75;0.00:00:23:722;1.00;0.00;0.00;0.07312;0.07251;7.206E-05;-0.0001661;0.03;-0.07;99.18;0.23;99.18;0.07312;0.07251;0.0006024;-11.360;-11.396;-32.201;1.00;-66.54;
2026-01-07 13:33:56.80;0.00:00:23:773;1.00;0.00;0.00;0.07311;0.07251;7.141E-05;-0.0001715;0.03;-0.07;99.18;0.23;99.18;0.07311;0.07251;0.0006022;-11.360;-11.396;-32.203;1.00;-67.40;
2026-01-07 13:33:56.85;0.00:00:23:823;1.00;0.00;0.00;0.07309;0.07248;8.458E-05;-0.0001654;0.03;-0.07;99.16;0.23;99.16;0.07309;0.07248;0.0006119;-11.361;-11.398;-32.134;1.00;-62.91;
2026-01-07 13:33:56.90;0.00:00:23:875;1.00;0.00;0.00;0.07318;0.07257;6.808E-05;-0.0001765;0.03;-0.07;99.17;0.24;99.17;0.07318;0.07257;0.0006077;-11.356;-11.392;-32.163;1.00;-68.90;
2026-01-07 13:33:56.95;0.00:00:23:924;1.00;0.00;0.00;0.07314;0.07255;3.868E-05;-0.0001654;0.02;-0.07;99.20;0.23;99.20;0.07314;0.07255;0.0005876;-11.358;-11.393;-32.309;1.00;-76.84;
2026-01-07 13:33:57.00;0.00:00:23:975;1.00;0.00;0.00;0.07297;0.0724;2.218E-05;-0.0001626;0.01;-0.06;99.22;0.22;99.22;0.07297;0.0724;0.0005675;-11.368;-11.402;-32.460;1.00;-82.23;
2026-01-07 13:33:57.05;0.00:00:24:026;1.00;0.00;0.00;0.07309;0.07248;9.767E-05;-0.0001659;0.04;-0.07;99.17;0.23;99.17;0.07309;0.07248;0.0006071;-11.361;-11.398;-32.168;1.00;-59.52;
2026-01-07 13:33:57.10;0.00:00:24:077;1.00;0.00;0.00;0.07321;0.07258;0.0001072;-0.0001862;0.04;-0.07;99.14;0.25;99.14;0.07321;0.07258;0.0006308;-11.354;-11.392;-32.001;1.00;-60.07;
2026-01-07 13:33:57.15;0.00:00:24:128;1.00;0.00;0.00;0.07368;0.07307;7.151E-05;-0.0001692;0.03;-0.07;99.17;0.23;99.17;0.07368;0.07307;0.0006083;-11.327;-11.363;-32.159;1.00;-67.08;
2026-01-07 13:33:57.20;0.00:00:24:179;1.00;0.00;0.00;0.07359;0.07301;2.496E-05;-0.0001609;0.01;-0.06;99.21;0.22;99.21;0.07359;0.07301;0.0005795;-11.332;-11.366;-32.369;1.00;-81.18;
2026-01-07 13:33:57.26;0.00:00:24:232;1.00;0.00;0.00;0.07349;0.07288;6.929E-05;-0.0001723;0.03;-0.07;99.17;0.23;99.17;0.07349;0.07288;0.0006072;-11.338;-11.374;-32.166;1.00;-68.09;
2026-01-07 13:33:57.31;0.00:00:24:284;1.00;0.00;0.00;0.07347;0.07288;3.416E-05;-0.0001649;0.01;-0.06;99.20;0.22;99.20;0.07347;0.07288;0.0005904;-11.339;-11.374;-32.289;1.00;-78.30;
2026-01-07 13:33:57.37;0.00:00:24:344;1.00;0.00;0.00;0.07328;0.07267;6.09E-05;-0.0001656;0.02;-0.07;99.17;0.23;99.17;0.07328;0.07267;0.0006097;-11.350;-11.386;-32.149;1.00;-69.80;
2026-01-07 13:33:57.42;0.00:00:24:394;1.00;0.00;0.00;0.07338;0.07278;8.861E-05;-0.0001776;0.03;-0.07;99.18;0.24;99.18;0.07338;0.07278;0.0006044;-11.344;-11.380;-32.187;1.00;-63.48;
2026-01-07 13:33:57.47;0.00:00:24:446;1.00;0.00;0.00;0.07342;0.07282;5.741E-05;-0.0001693;0.02;-0.07;99.19;0.23;99.19;0.07342;0.07282;0.0005948;-11.342;-11.377;-32.256;1.00;-71.26;
2026-01-07 13:33:57.52;0.00:00:24:498;1.00;0.00;0.00;0.07344;0.07287;1.47E-05;-0.0001629;0.01;-0.06;99.22;0.22;99.22;0.07344;0.07287;0.0005707;-11.341;-11.374;-32.436;1.00;-84.84;
2026-01-07 13:33:57.57;0.00:00:24:548;1.00;0.00;0.00;0.07317;0.07259;6.523E-06;-0.0001652;0.00;-0.07;99.22;0.23;99.22;0.07317;0.07259;0.0005735;-11.357;-11.391;-32.415;1.00;-87.74;
2026-01-07 13:33:57.63;0.00:00:24:606;1.00;0.00;0.00;0.07332;0.0727;8.351E-05;-0.0001666;0.03;-0.07;99.17;0.23;99.17;0.07332;0.07271;0.0006103;-11.348;-11.384;-32.145;1.00;-63.37;
2026-01-07 13:33:57.68;0.00:00:24:652;1.00;0.00;0.00;0.07336;0.07276;7.104E-05;-0.000164;0.03;-0.06;99.19;0.22;99.19;0.07336;0.07276;0.000595;-11.346;-11.381;-32.255;1.00;-66.58;
2026-01-07 13:33:57.72;0.00:00:24:700;1.00;0.00;0.00;0.07293;0.07234;2.218E-05;-0.0001686;0.01;-0.07;99.20;0.23;99.20;0.07293;0.07234;0.0005837;-11.371;-11.406;-32.338;1.00;-82.50;
2026-01-07 13:33:57.77;0.00:00:24:747;1.00;0.00;0.00;0.07324;0.07251;0.0002591;-0.0002159;0.10;-0.09;99.00;0.29;99.00;0.07324;0.07251;0.0007289;-11.352;-11.396;-31.373;1.00;-39.81;
2026-01-07 13:33:57.82;0.00:00:24:794;1.00;0.00;0.00;0.07365;0.07312;-3.837E-05;-0.0001312;-0.02;-0.05;99.28;0.18;99.28;0.07365;0.07312;0.0005285;-11.329;-11.360;-32.769;1.00;-106.30;
2026-01-07 13:33:57.87;0.00:00:24:840;1.00;0.00;0.00;0.07321;0.0726;8.808E-05;-0.0001756;0.03;-0.07;99.16;0.24;99.16;0.07321;0.0726;0.0006156;-11.354;-11.391;-32.107;1.00;-63.36;
2026-01-07 13:33:57.91;0.00:00:24:887;1.00;0.00;0.00;0.07314;0.07254;4.31E-05;-0.0001754;0.02;-0.07;99.18;0.24;99.18;0.07314;0.07254;0.0006009;-11.358;-11.394;-32.212;1.00;-76.19;
2026-01-07 13:33:57.96;0.00:00:24:936;1.00;0.00;0.00;0.07317;0.07256;5.762E-05;-0.0001658;0.02;-0.07;99.17;0.23;99.17;0.07317;0.07256;0.0006084;-11.357;-11.393;-32.158;1.00;-70.83;
2026-01-07 13:33:58.02;0.00:00:24:996;1.00;0.00;0.00;0.07365;0.073;0.0001386;-0.000195;0.05;-0.08;99.11;0.26;99.11;0.07365;0.073;0.0006519;-11.328;-11.367;-31.858;1.00;-54.60;
2026-01-07 13:33:58.07;0.00:00:25:042;1.00;0.00;0.00;0.0731;0.07246;0.0001043;-0.0002055;0.04;-0.08;99.12;0.28;99.12;0.0731;0.07246;0.000644;-11.361;-11.399;-31.911;1.00;-63.10;
2026-01-07 13:33:58.13;0.00:00:25:105;1.00;0.00;0.00;0.07309;0.07252;2.851E-06;-0.0001745;0.00;-0.07;99.22;0.24;99.22;0.07309;0.07252;0.0005684;-11.362;-11.396;-32.453;1.00;-89.06;
2026-01-07 13:33:58.19;0.00:00:25:166;1.00;0.00;0.00;0.07313;0.07253;7.477E-05;-0.0001608;0.03;-0.06;99.18;0.22;99.18;0.07313;0.07253;0.0006029;-11.359;-11.395;-32.197;1.00;-65.06;
2026-01-07 13:33:58.24;0.00:00:25:211;1.00;0.00;0.00;0.07304;0.07243;5.611E-05;-0.0001782;0.02;-0.07;99.17;0.24;99.17;0.07304;0.07243;0.0006044;-11.365;-11.401;-32.187;1.00;-72.52;
2026-01-07 13:33:58.28;0.00:00:25:259;1.00;0.00;0.00;0.07329;0.07266;0.0001094;-0.0001753;0.04;-0.07;99.15;0.24;99.14;0.07329;0.07266;0.0006264;-11.350;-11.387;-32.031;1.00;-58.03;
2026-01-07 13:33:58.33;0.00:00:25:309;1.00;0.00;0.00;0.07288;0.07232;4.826E-06;-0.0001665;0.00;-0.07;99.23;0.23;99.23;0.07288;0.07232;0.0005615;-11.374;-11.408;-32.506;1.00;-88.34;
2026-01-07 13:33:58.39;0.00:00:25:368;1.00;0.00;0.00;0.07277;0.07217;6.637E-05;-0.0001749;0.03;-0.07;99.18;0.24;99.18;0.07277;0.07217;0.000599;-11.380;-11.416;-32.226;1.00;-69.23;
2026-01-07 13:33:58.44;0.00:00:25:416;1.00;0.00;0.00;0.07305;0.07243;0.0001054;-0.000177;0.04;-0.07;99.15;0.24;99.15;0.07305;0.07243;0.0006213;-11.364;-11.401;-32.067;1.00;-59.22;
2026-01-07 13:33:58.49;0.00:00:25:463;1.00;0.00;0.00;0.07313;0.07254;5.057E-05;-0.0001697;0.02;-0.07;99.19;0.23;99.19;0.07313;0.07254;0.0005905;-11.359;-11.394;-32.288;1.00;-73.41;
2026-01-07 13:33:58.54;0.00:00:25:511;1.00;0.00;0.00;0.07304;0.07246;3.892E-05;-0.0001629;0.02;-0.06;99.21;0.22;99.21;0.07304;0.07246;0.0005778;-11.364;-11.399;-32.382;1.00;-76.56;
2026-01-07 13:33:58.60;0.00:00:25:571;1.00;0.00;0.00;0.07311;0.07251;7.221E-05;-0.000168;0.03;-0.07;99.17;0.23;99.17;0.07311;0.07251;0.0006066;-11.360;-11.396;-32.171;1.00;-66.74;
2026-01-07 13:33:58.64;0.00:00:25:618;1.00;0.00;0.00;0.0733;0.07268;9.092E-05;-0.000174;0.04;-0.07;99.16;0.24;99.16;0.0733;0.07268;0.0006142;-11.349;-11.386;-32.117;1.00;-62.41;
2026-01-07 13:33:58.69;0.00:00:25:665;1.00;0.00;0.00;0.07334;0.07273;4.961E-05;-0.0001744;0.02;-0.07;99.17;0.24;99.17;0.07334;0.07273;0.0006117;-11.346;-11.383;-32.135;1.00;-74.12;
2026-01-07 13:33:58.74;0.00:00:25:713;1.00;0.00;0.00;0.07343;0.07284;6.677E-05;-0.0001588;0.03;-0.06;99.19;0.22;99.19;0.07343;0.07284;0.0005913;-11.341;-11.376;-32.282;1.00;-67.19;
2026-01-07 13:33:58.80;0.00:00:25:772;1.00;0.00;0.00;0.07306;0.07246;6.362E-05;-0.0001694;0.03;-0.07;99.17;0.23;99.17;0.07306;0.07246;0.0006036;-11.363;-11.399;-32.192;1.00;-69.41;
2026-01-07 13:33:58.84;0.00:00:25:820;1.00;0.00;0.00;0.07317;0.07257;7.193E-05;-0.0001634;0.03;-0.06;99.18;0.22;99.18;0.07317;0.07257;0.0006;-11.356;-11.392;-32.218;1.00;-66.25;
2026-01-07 13:33:58.89;0.00:00:25:867;1.00;0.00;0.00;0.07315;0.07254;5.865E-05;-0.0001715;0.02;-0.07;99.18;0.23;99.18;0.07315;0.07254;0.0006031;-11.358;-11.394;-32.196;1.00;-71.12;
2026-01-07 13:33:58.94;0.00:00:25:913;1.00;0.00;0.00;0.07316;0.07256;7.163E-05;-0.0001719;0.03;-0.07;99.17;0.23;99.17;0.07316;0.07256;0.0006065;-11.357;-11.393;-32.172;1.00;-67.37;
2026-01-07 13:33:58.99;0.00:00:25:961;1.00;0.00;0.00;0.07324;0.07264;6.207E-05;-0.0001799;0.02;-0.07;99.17;0.25;99.17;0.07324;0.07264;0.0006067;-11.352;-11.388;-32.170;1.00;-70.96;
2026-01-07 13:33:59.03;0.00:00:26:007;1.00;0.00;0.00;0.0734;0.07278;9.881E-05;-0.000171;0.04;-0.07;99.15;0.23;99.15;0.0734;0.07278;0.0006204;-11.343;-11.380;-32.073;1.00;-59.97;
2026-01-07 13:33:59.08;0.00:00:26:053;1.00;0.00;0.00;0.07334;0.07275;7.928E-05;-0.0001713;0.03;-0.07;99.19;0.23;99.19;0.07334;0.07275;0.000593;-11.346;-11.382;-32.269;1.00;-65.16;
2026-01-07 13:33:59.12;0.00:00:26:100;1.00;0.00;0.00;0.07333;0.07273;5.147E-05;-0.000167;0.02;-0.07;99.19;0.23;99.19;0.07333;0.07273;0.000594;-11.347;-11.383;-32.262;1.00;-72.87;
2026-01-07 13:33:59.17;0.00:00:26:148;1.00;0.00;0.00;0.07327;0.07266;6.121E-05;-0.0001704;0.02;-0.07;99.18;0.23;99.18;0.07327;0.07266;0.000603;-11.351;-11.387;-32.197;1.00;-70.24;
2026-01-07 13:33:59.22;0.00:00:26:195;1.00;0.00;0.00;0.07318;0.07258;5.148E-05;-0.000173;0.02;-0.07;99.18;0.24;99.18;0.07318;0.07258;0.0005998;-11.356;-11.392;-32.220;1.00;-73.43;
2026-01-07 13:33:59.27;0.00:00:26:242;1.00;0.00;0.00;0.07324;0.07264;6.745E-05;-0.000171;0.03;-0.07;99.18;0.23;99.18;0.07324;0.07264;0.0005999;-11.353;-11.388;-32.219;1.00;-68.47;
2026-01-07 13:33:59.31;0.00:00:26:289;1.00;0.00;0.00;0.07314;0.07253;6.542E-05;-0.0001701;0.03;-0.07;99.17;0.23;99.17;0.07314;0.07253;0.0006088;-11.359;-11.395;-32.155;1.00;-68.96;
2026-01-07 13:33:59.37;0.00:00:26:349;1.00;0.00;0.00;0.07313;0.07252;7.104E-05;-0.0001693;0.03;-0.07;99.17;0.23;99.17;0.07313;0.07252;0.0006063;-11.359;-11.395;-32.173;1.00;-67.24;
2026-01-07 13:33:59.42;0.00:00:26:396;1.00;0.00;0.00;0.07321;0.07263;5.504E-05;-0.0001736;0.02;-0.07;99.20;0.24;99.20;0.07321;0.07263;0.0005858;-11.354;-11.389;-32.322;1.00;-72.40;
2026-01-07 13:33:59.47;0.00:00:26:442;1.00;0.00;0.00;0.07322;0.07262;6.217E-05;-0.0001705;0.02;-0.07;99.18;0.23;99.18;0.07322;0.07262;0.0006026;-11.354;-11.390;-32.200;1.00;-69.97;
2026-01-07 13:33:59.52;0.00:00:26:491;1.00;0.00;0.00;0.0732;0.0726;5.468E-05;-0.000171;0.02;-0.07;99.18;0.23;99.18;0.0732;0.0726;0.0006007;-11.355;-11.391;-32.214;1.00;-72.27;
2026-01-07 13:33:59.58;0.00:00:26:551;1.00;0.00;0.00;0.07329;0.07268;7.434E-05;-0.0001684;0.03;-0.07;99.17;0.23;99.17;0.07329;0.07268;0.0006072;-11.350;-11.386;-32.167;1.00;-66.18;
2026-01-07 13:33:59.62;0.00:00:26:597;1.00;0.00;0.00;0.07336;0.07273;9.742E-05;-0.000175;0.04;-0.07;99.14;0.24;99.14;0.07336;0.07273;0.0006278;-11.345;-11.383;-32.022;1.00;-60.89;
2026-01-07 13:33:59.67;0.00:00:26:645;1.00;0.00;0.00;0.07336;0.07279;1.128E-05;-0.000158;0.00;-0.06;99.22;0.22;99.22;0.07336;0.07279;0.0005712;-11.345;-11.379;-32.432;1.00;-85.92;
2026-01-07 13:33:59.72;0.00:00:26:691;1.00;0.00;0.00;0.07314;0.07253;5.108E-05;-0.000174;0.02;-0.07;99.18;0.24;99.18;0.07314;0.07253;0.0006024;-11.359;-11.395;-32.201;1.00;-73.64;
2026-01-07 13:33:59.76;0.00:00:26:738;1.00;0.00;0.00;0.07319;0.07259;5.762E-05;-0.0001709;0.02;-0.07;99.19;0.23;99.19;0.07319;0.07259;0.0005951;-11.356;-11.391;-32.254;1.00;-71.37;
2026-01-07 13:33:59.81;0.00:00:26:785;1.00;0.00;0.00;0.07321;0.07259;9.022E-05;-0.000173;0.04;-0.07;99.16;0.24;99.15;0.07321;0.07259;0.0006186;-11.354;-11.391;-32.086;1.00;-62.46;
2026-01-07 13:33:59.86;0.00:00:26:833;1.00;0.00;0.00;0.07317;0.07257;4.891E-05;-0.0001731;0.02;-0.07;99.18;0.24;99.18;0.07317;0.07257;0.0005973;-11.357;-11.392;-32.238;1.00;-74.22;
2026-01-07 13:33:59.90;0.00:00:26:879;1.00;0.00;0.00;0.07316;0.07254;7.316E-05;-0.000176;0.03;-0.07;99.16;0.24;99.16;0.07316;0.07254;0.0006133;-11.357;-11.394;-32.123;1.00;-67.43;
2026-01-07 13:33:59.95;0.00:00:26:926;1.00;0.00;0.00;0.0734;0.07276;0.0001299;-0.0001793;0.05;-0.07;99.13;0.24;99.13;0.0734;0.07276;0.0006419;-11.343;-11.381;-31.925;1.00;-54.07;
2026-01-07 13:34:00.01;0.00:00:26:987;1.00;0.00;0.00;0.07345;0.07284;6.221E-05;-0.0001738;0.02;-0.07;99.17;0.24;99.17;0.07345;0.07284;0.0006066;-11.340;-11.376;-32.171;1.00;-70.31;
2026-01-07 13:34:00.06;0.00:00:27:036;1.00;0.00;0.00;0.07338;0.07275;8.979E-05;-0.0001817;0.04;-0.07;99.15;0.25;99.14;0.07338;0.07275;0.0006272;-11.344;-11.382;-32.026;1.00;-63.70;
2026-01-07 13:34:00.11;0.00:00:27:083;1.00;0.00;0.00;0.07349;0.07289;7.335E-05;-0.0001714;0.03;-0.07;99.17;0.23;99.17;0.07349;0.07289;0.000607;-11.337;-11.373;-32.168;1.00;-66.83;
2026-01-07 13:34:00.15;0.00:00:27:129;1.00;0.00;0.00;0.07354;0.07294;4.659E-05;-0.0001555;0.02;-0.06;99.19;0.21;99.19;0.07354;0.07294;0.0005959;-11.335;-11.370;-32.248;1.00;-73.33;
2026-01-07 13:34:00.20;0.00:00:27:177;1.00;0.00;0.00;0.0734;0.07281;3.402E-05;-0.0001678;0.01;-0.07;99.20;0.23;99.20;0.0734;0.07281;0.0005902;-11.343;-11.378;-32.290;1.00;-78.54;
2026-01-07 13:34:00.26;0.00:00:27:239;1.00;0.00;0.00;0.07318;0.0726;3.483E-05;-0.0001326;0.01;-0.05;99.22;0.18;99.22;0.07318;0.0726;0.0005728;-11.356;-11.390;-32.420;1.00;-75.28;
2026-01-07 13:34:00.32;0.00:00:27:300;1.00;0.00;0.00;0.0731;0.07247;0.0001066;-0.0001798;0.04;-0.07;99.14;0.25;99.14;0.0731;0.07247;0.0006281;-11.361;-11.398;-32.020;1.00;-59.33;
2026-01-07 13:34:00.37;0.00:00:27:346;1.00;0.00;0.00;0.07312;0.07253;4.34E-05;-0.0001679;0.02;-0.07;99.19;0.23;99.19;0.07312;0.07253;0.0005893;-11.360;-11.395;-32.296;1.00;-75.51;
2026-01-07 13:34:00.42;0.00:00:27:393;1.00;0.00;0.00;0.0731;0.07248;8.628E-05;-0.0001788;0.03;-0.07;99.15;0.24;99.15;0.0731;0.07248;0.0006188;-11.361;-11.398;-32.084;1.00;-64.24;
2026-01-07 13:34:00.47;0.00:00:27:441;1.00;0.00;0.00;0.07319;0.07259;5.515E-05;-0.0001742;0.02;-0.07;99.18;0.24;99.18;0.07319;0.07259;0.0006017;-11.356;-11.391;-32.206;1.00;-72.43;
2026-01-07 13:34:00.53;0.00:00:27:501;1.00;0.00;0.00;0.07304;0.07243;7.145E-05;-0.0001894;0.03;-0.07;99.17;0.26;99.17;0.07304;0.07243;0.0006063;-11.365;-11.401;-32.173;1.00;-69.33;
2026-01-07 13:34:00.57;0.00:00:27:548;1.00;0.00;0.00;0.07328;0.07268;6.303E-05;-0.0001673;0.02;-0.07;99.17;0.23;99.17;0.07328;0.07268;0.0006082;-11.350;-11.386;-32.160;1.00;-69.35;
2026-01-07 13:34:00.62;0.00:00:27:594;1.00;0.00;0.00;0.0732;0.07261;1.75E-05;-0.0001543;0.01;-0.06;99.20;0.21;99.20;0.0732;0.07261;0.0005834;-11.355;-11.390;-32.341;1.00;-83.53;
2026-01-07 13:34:00.68;0.00:00:27:654;1.00;0.00;0.00;0.07362;0.07297;0.0001504;-0.0001702;0.06;-0.07;99.13;0.23;99.13;0.07362;0.07297;0.000642;-11.330;-11.368;-31.924;1.00;-48.55;
2026-01-07 13:34:00.73;0.00:00:27:702;1.00;0.00;0.00;0.07355;0.07299;-7.674E-07;-0.0001624;0.00;-0.06;99.24;0.22;99.24;0.07355;0.07299;0.000556;-11.334;-11.367;-32.549;1.00;-90.27;
2026-01-07 13:34:00.79;0.00:00:27:764;1.00;0.00;0.00;0.07359;0.07295;0.0001211;-0.0001742;0.05;-0.07;99.13;0.24;99.12;0.07359;0.07295;0.0006438;-11.332;-11.370;-31.912;1.00;-55.19;
2026-01-07 13:34:00.84;0.00:00:27:811;1.00;0.00;0.00;0.07381;0.07319;6.525E-05;-0.0001761;0.03;-0.07;99.17;0.24;99.17;0.07381;0.07319;0.0006153;-11.319;-11.355;-32.109;1.00;-69.67;
2026-01-07 13:34:00.88;0.00:00:27:857;1.00;0.00;0.00;0.07384;0.07322;8.095E-05;-0.0001883;0.03;-0.07;99.16;0.25;99.16;0.07384;0.07322;0.0006196;-11.317;-11.353;-32.079;1.00;-66.73;
2026-01-07 13:34:00.93;0.00:00:27:905;1.00;0.00;0.00;0.07366;0.07312;-3.518E-05;-0.0001473;-0.01;-0.06;99.27;0.20;99.27;0.07366;0.07312;0.0005359;-11.328;-11.359;-32.709;1.00;-103.44;
2026-01-07 13:34:00.98;0.00:00:27:952;1.00;0.00;0.00;0.07349;0.07287;9.609E-05;-0.0001711;0.04;-0.07;99.15;0.23;99.15;0.07349;0.07287;0.0006239;-11.338;-11.375;-32.049;1.00;-60.68;
2026-01-07 13:34:01.04;0.00:00:28:013;1.00;0.00;0.00;0.07343;0.07287;-1.154E-05;-0.0001745;0.00;-0.07;99.24;0.24;99.24;0.07343;0.07287;0.0005599;-11.342;-11.375;-32.519;1.00;-93.78;
2026-01-07 13:34:01.08;0.00:00:28:060;1.00;0.00;0.00;0.07329;0.0727;4.002E-05;-0.0001712;0.02;-0.07;99.19;0.23;99.19;0.07329;0.0727;0.0005941;-11.349;-11.385;-32.261;1.00;-76.84;
2026-01-07 13:34:01.13;0.00:00:28:106;1.00;0.00;0.00;0.07372;0.07303;0.0002212;-0.0001824;0.09;-0.07;99.07;0.25;99.07;0.07372;0.07303;0.0006879;-11.324;-11.365;-31.625;1.00;-39.51;
2026-01-07 13:34:01.18;0.00:00:28:155;1.00;0.00;0.00;0.07374;0.0732;-4.531E-05;-0.0001562;-0.02;-0.06;99.28;0.21;99.28;0.07374;0.0732;0.0005338;-11.323;-11.355;-32.726;1.00;-106.18;
2026-01-07 13:34:01.24;0.00:00:28:214;1.00;0.00;0.00;0.07363;0.07307;-2.89E-05;-0.0001525;-0.01;-0.06;99.24;0.21;99.24;0.07363;0.07307;0.0005571;-11.330;-11.363;-32.540;1.00;-100.73;
2026-01-07 13:34:01.29;0.00:00:28:261;1.00;0.00;0.00;0.0731;0.07249;8.677E-05;-0.0001467;0.03;-0.06;99.16;0.20;99.16;0.0731;0.07249;0.0006138;-11.361;-11.397;-32.120;1.00;-59.39;
2026-01-07 13:34:01.33;0.00:00:28:310;1.00;0.00;0.00;0.07301;0.0724;6.915E-05;-0.0001795;0.03;-0.07;99.17;0.25;99.17;0.07301;0.0724;0.000606;-11.366;-11.402;-32.175;1.00;-68.93;
2026-01-07 13:34:01.40;0.00:00:28:371;1.00;0.00;0.00;0.07336;0.07275;9.385E-05;-0.0001628;0.04;-0.06;99.16;0.22;99.16;0.07336;0.07275;0.0006162;-11.345;-11.382;-32.103;1.00;-60.05;
2026-01-07 13:34:01.44;0.00:00:28:417;1.00;0.00;0.00;0.07332;0.07273;3.334E-05;-0.0001608;0.01;-0.06;99.20;0.22;99.20;0.07332;0.07273;0.0005862;-11.348;-11.383;-32.320;1.00;-78.29;
2026-01-07 13:34:01.49;0.00:00:28:464;1.00;0.00;0.00;0.07328;0.07262;0.0001202;-0.0001921;0.05;-0.08;99.11;0.26;99.11;0.07328;0.07262;0.0006522;-11.350;-11.389;-31.856;1.00;-57.97;
2026-01-07 13:34:01.54;0.00:00:28:512;1.00;0.00;0.00;0.07321;0.07259;6.213E-05;-0.0001784;0.02;-0.07;99.16;0.24;99.16;0.07321;0.07259;0.0006116;-11.355;-11.391;-32.135;1.00;-70.80;
2026-01-07 13:34:01.59;0.00:00:28:565;1.00;0.00;0.00;0.07359;0.07302;1.151E-05;-0.000171;0.00;-0.07;99.22;0.23;99.22;0.07359;0.07302;0.0005711;-11.332;-11.365;-32.433;1.00;-86.15;
2026-01-07 13:34:01.64;0.00:00:28:616;1.00;0.00;0.00;0.07343;0.07285;2.098E-05;-0.0001733;0.01;-0.07;99.21;0.24;99.21;0.07343;0.07285;0.0005828;-11.341;-11.376;-32.345;1.00;-83.10;
2026-01-07 13:34:01.69;0.00:00:28:669;1.00;0.00;0.00;0.07322;0.07262;4.406E-05;-0.0001716;0.02;-0.07;99.18;0.23;99.18;0.07322;0.07262;0.0005994;-11.354;-11.390;-32.223;1.00;-75.60;
2026-01-07 13:34:01.74;0.00:00:28:718;1.00;0.00;0.00;0.07329;0.07269;8.97E-05;-0.0001587;0.04;-0.06;99.18;0.22;99.18;0.07329;0.07269;0.0006008;-11.349;-11.385;-32.213;1.00;-60.53;
2026-01-07 13:34:01.80;0.00:00:28:771;1.00;0.00;0.00;0.07308;0.07251;1.4E-05;-0.0001663;0.01;-0.07;99.22;0.23;99.22;0.07308;0.07251;0.0005713;-11.362;-11.396;-32.431;1.00;-85.19;
2026-01-07 13:34:01.85;0.00:00:28:830;1.00;0.00;0.00;0.07322;0.07257;0.0001383;-0.0001775;0.05;-0.07;99.11;0.24;99.11;0.07322;0.07257;0.0006505;-11.354;-11.392;-31.868;1.00;-52.08;
2026-01-07 13:34:01.91;0.00:00:28:882;1.00;0.00;0.00;0.07366;0.07299;0.0001533;-0.0001819;0.06;-0.07;99.10;0.25;99.10;0.07366;0.07299;0.000665;-11.328;-11.367;-31.772;1.00;-49.88;
2026-01-07 13:34:01.96;0.00:00:28:934;1.00;0.00;0.00;0.0733;0.07276;-5.896E-05;-0.000164;-0.02;-0.06;99.27;0.22;99.26;0.0733;0.07276;0.0005387;-11.349;-11.381;-32.686;1.00;-109.78;
2026-01-07 13:34:02.01;0.00:00:28:984;1.00;0.00;0.00;0.07303;0.07242;7.668E-05;-0.0001873;0.03;-0.07;99.16;0.26;99.16;0.07303;0.07242;0.000615;-11.365;-11.402;-32.111;1.00;-67.74;
2026-01-07 13:34:02.06;0.00:00:29:035;1.00;0.00;0.00;0.07334;0.07267;0.000154;-0.0001989;0.06;-0.08;99.09;0.27;99.09;0.07334;0.07267;0.0006652;-11.347;-11.386;-31.771;1.00;-52.25;
2026-01-07 13:34:02.11;0.00:00:29:086;1.00;0.00;0.00;0.0739;0.07326;0.0001351;-0.0001636;0.05;-0.06;99.14;0.22;99.14;0.0739;0.07326;0.0006382;-11.314;-11.351;-31.950;1.00;-50.45;
2026-01-07 13:34:02.16;0.00:00:29:137;1.00;0.00;0.00;0.07336;0.07278;1.404E-06;-0.0001655;0.00;-0.07;99.21;0.23;99.21;0.07336;0.07278;0.0005819;-11.345;-11.380;-32.351;1.00;-89.51;
2026-01-07 13:34:02.21;0.00:00:29:189;1.00;0.00;0.00;0.07332;0.07269;9.625E-05;-0.0001788;0.04;-0.07;99.14;0.24;99.14;0.07332;0.07269;0.0006329;-11.348;-11.385;-31.987;1.00;-61.70;
2026-01-07 13:34:02.26;0.00:00:29:239;1.00;0.00;0.00;0.07323;0.07265;2.222E-05;-0.0001689;0.01;-0.07;99.20;0.23;99.20;0.07323;0.07265;0.0005825;-11.353;-11.388;-32.347;1.00;-82.50;
2026-01-07 13:34:02.32;0.00:00:29:291;1.00;0.00;0.00;0.07315;0.07255;4.858E-05;-0.000168;0.02;-0.07;99.17;0.23;99.17;0.07315;0.07255;0.0006065;-11.358;-11.394;-32.172;1.00;-73.87;
2026-01-07 13:34:02.37;0.00:00:29:341;1.00;0.00;0.00;0.07314;0.07253;7.038E-05;-0.0001681;0.03;-0.07;99.17;0.23;99.17;0.07314;0.07253;0.0006057;-11.358;-11.395;-32.178;1.00;-67.29;
2026-01-07 13:34:02.42;0.00:00:29:394;1.00;0.00;0.00;0.07295;0.07238;1.567E-05;-0.0001661;0.01;-0.07;99.22;0.23;99.22;0.07295;0.07238;0.000568;-11.370;-11.404;-32.457;1.00;-84.61;
2026-01-07 13:34:02.47;0.00:00:29:444;1.00;0.00;0.00;0.07304;0.07243;9.204E-05;-0.0001721;0.04;-0.07;99.16;0.24;99.16;0.07304;0.07243;0.0006131;-11.364;-11.401;-32.125;1.00;-61.87;
2026-01-07 13:34:02.52;0.00:00:29:494;1.00;0.00;0.00;0.07305;0.07247;4.328E-05;-0.0001708;0.02;-0.07;99.20;0.23;99.20;0.07305;0.07247;0.0005826;-11.364;-11.398;-32.346;1.00;-75.78;
2026-01-07 13:34:02.57;0.00:00:29:545;1.00;0.00;0.00;0.07313;0.07253;5.022E-05;-0.0001634;0.02;-0.06;99.18;0.22;99.18;0.07313;0.07253;0.0005988;-11.359;-11.395;-32.227;1.00;-72.91;
2026-01-07 13:34:02.62;0.00:00:29:597;1.00;0.00;0.00;0.07308;0.07249;5.048E-05;-0.0001663;0.02;-0.07;99.18;0.23;99.18;0.07308;0.07249;0.000596;-11.362;-11.397;-32.248;1.00;-73.12;
2026-01-07 13:34:02.67;0.00:00:29:649;1.00;0.00;0.00;0.07317;0.07258;6.269E-05;-0.0001718;0.02;-0.07;99.18;0.23;99.18;0.07317;0.07258;0.0005978;-11.356;-11.392;-32.234;1.00;-69.96;
2026-01-07 13:34:02.72;0.00:00:29:700;1.00;0.00;0.00;0.07317;0.07258;6.508E-05;-0.0001652;0.03;-0.07;99.19;0.23;99.19;0.07317;0.07258;0.0005937;-11.357;-11.392;-32.264;1.00;-68.50;
2026-01-07 13:34:02.78;0.00:00:29:752;1.00;0.00;0.00;0.07312;0.0725;6.297E-05;-0.0001742;0.02;-0.07;99.16;0.24;99.16;0.07312;0.0725;0.0006173;-11.360;-11.396;-32.095;1.00;-70.13;
2026-01-07 13:34:02.83;0.00:00:29:802;1.00;0.00;0.00;0.07317;0.07258;5.21E-05;-0.0001617;0.02;-0.06;99.20;0.22;99.20;0.07317;0.07258;0.0005881;-11.357;-11.392;-32.305;1.00;-72.14;
2026-01-07 13:34:02.88;0.00:00:29:853;1.00;0.00;0.00;0.07316;0.07256;7.596E-05;-0.0001737;0.03;-0.07;99.17;0.24;99.17;0.07316;0.07256;0.0006049;-11.357;-11.393;-32.183;1.00;-66.38;
2026-01-07 13:34:02.93;0.00:00:29:905;1.00;0.00;0.00;0.07318;0.07259;5.453E-05;-0.0001611;0.02;-0.06;99.20;0.22;99.19;0.07318;0.07259;0.0005889;-11.356;-11.391;-32.299;1.00;-71.29;
2026-01-07 13:34:02.98;0.00:00:29:955;1.00;0.00;0.00;0.07328;0.07265;0.0001177;-0.0001754;0.05;-0.07;99.14;0.24;99.14;0.07328;0.07265;0.0006329;-11.350;-11.388;-31.987;1.00;-56.14;
2026-01-07 13:34:03.03;0.00:00:30:008;1.00;0.00;0.00;0.07352;0.07289;0.0001221;-0.0001803;0.05;-0.07;99.14;0.25;99.14;0.07352;0.07289;0.000633;-11.336;-11.373;-31.986;1.00;-55.89;
2026-01-07 13:34:03.08;0.00:00:30:058;1.00;0.00;0.00;0.07344;0.07291;-3.364E-05;-0.0001584;-0.01;-0.06;99.27;0.22;99.27;0.07344;0.07291;0.0005364;-11.340;-11.372;-32.705;1.00;-101.99;
2026-01-07 13:34:03.13;0.00:00:30:109;1.00;0.00;0.00;0.07318;0.07258;6.297E-05;-0.0001692;0.02;-0.07;99.18;0.23;99.18;0.07318;0.07258;0.0005996;-11.356;-11.392;-32.221;1.00;-69.59;
2026-01-07 13:34:03.19;0.00:00:30:161;1.00;0.00;0.00;0.07299;0.07237;8.67E-05;-0.000178;0.03;-0.07;99.15;0.24;99.15;0.07299;0.07237;0.0006212;-11.367;-11.404;-32.068;1.00;-64.04;
2026-01-07 13:34:03.24;0.00:00:30:213;1.00;0.00;0.00;0.07314;0.07254;7.523E-05;-0.0001664;0.03;-0.07;99.17;0.23;99.17;0.07314;0.07254;0.0006042;-11.358;-11.395;-32.188;1.00;-65.67;
2026-01-07 13:34:03.29;0.00:00:30:264;1.00;0.00;0.00;0.07315;0.07256;6.608E-05;-0.000162;0.03;-0.06;99.19;0.22;99.19;0.07315;0.07256;0.0005938;-11.358;-11.393;-32.264;1.00;-67.80;
2026-01-07 13:34:03.34;0.00:00:30:313;1.00;0.00;0.00;0.07308;0.07249;5.494E-05;-0.0001699;0.02;-0.07;99.19;0.23;99.19;0.07308;0.07249;0.0005928;-11.362;-11.397;-32.271;1.00;-72.08;
2026-01-07 13:34:03.39;0.00:00:30:364;1.00;0.00;0.00;0.07329;0.07268;5.675E-05;-0.000169;0.02;-0.07;99.17;0.23;99.17;0.07329;0.07268;0.0006108;-11.350;-11.386;-32.141;1.00;-71.44;
2026-01-07 13:34:03.44;0.00:00:30:416;1.00;0.00;0.00;0.07335;0.07274;8.86E-05;-0.0001735;0.03;-0.07;99.16;0.24;99.16;0.07335;0.07274;0.0006149;-11.346;-11.383;-32.112;1.00;-62.95;
2026-01-07 13:34:03.49;0.00:00:30:468;1.00;0.00;0.00;0.07342;0.07282;6.467E-05;-0.000172;0.03;-0.07;99.18;0.23;99.18;0.07342;0.07282;0.0006022;-11.342;-11.378;-32.203;1.00;-69.40;
2026-01-07 13:34:03.54;0.00:00:30:514;1.00;0.00;0.00;0.07347;0.07286;7.071E-05;-0.0001716;0.03;-0.07;99.17;0.23;99.17;0.07347;0.07286;0.0006096;-11.339;-11.375;-32.150;1.00;-67.60;
2026-01-07 13:34:03.59;0.00:00:30:566;1.00;0.00;0.00;0.07353;0.07292;6.144E-05;-0.0001709;0.02;-0.07;99.17;0.23;99.17;0.07353;0.07292;0.0006074;-11.335;-11.371;-32.165;1.00;-70.22;
2026-01-07 13:34:03.64;0.00:00:30:613;1.00;0.00;0.00;0.07352;0.07292;6.371E-05;-0.0001664;0.03;-0.07;99.18;0.23;99.18;0.07352;0.07292;0.000603;-11.336;-11.372;-32.197;1.00;-69.05;
2026-01-07 13:34:03.68;0.00:00:30:659;1.00;0.00;0.00;0.07344;0.07285;2.735E-05;-0.0001666;0.01;-0.07;99.20;0.23;99.20;0.07344;0.07285;0.0005863;-11.341;-11.376;-32.319;1.00;-80.68;
2026-01-07 13:34:03.73;0.00:00:30:706;1.00;0.00;0.00;0.07334;0.07274;6.567E-05;-0.0001756;0.03;-0.07;99.17;0.24;99.17;0.07334;0.07274;0.0006086;-11.346;-11.383;-32.157;1.00;-69.49;
2026-01-07 13:34:03.78;0.00:00:30:752;1.00;0.00;0.00;0.07336;0.07277;4.828E-05;-0.0001709;0.02;-0.07;99.19;0.23;99.19;0.07336;0.07277;0.0005922;-11.345;-11.380;-32.275;1.00;-74.23;
2026-01-07 13:34:03.83;0.00:00:30:801;1.00;0.00;0.00;0.07345;0.07285;7.725E-05;-0.0001676;0.03;-0.07;99.18;0.23;99.18;0.07345;0.07285;0.0006007;-11.340;-11.376;-32.213;1.00;-65.25;
2026-01-07 13:34:03.89;0.00:00:30:861;1.00;0.00;0.00;0.07344;0.07284;5.027E-05;-0.000176;0.02;-0.07;99.18;0.24;99.18;0.07344;0.07284;0.0006023;-11.341;-11.376;-32.202;1.00;-74.06;
2026-01-07 13:34:03.93;0.00:00:30:909;1.00;0.00;0.00;0.0734;0.07281;5.362E-05;-0.000166;0.02;-0.07;99.19;0.23;99.19;0.0734;0.07281;0.0005909;-11.343;-11.378;-32.285;1.00;-72.10;
2026-01-07 13:34:03.98;0.00:00:30:956;1.00;0.00;0.00;0.07338;0.07278;5.594E-05;-0.0001719;0.02;-0.07;99.18;0.23;99.18;0.07338;0.07278;0.000604;-11.344;-11.380;-32.190;1.00;-71.97;
2026-01-07 13:34:04.03;0.00:00:31:003;1.00;0.00;0.00;0.07337;0.07278;5.154E-05;-0.0001692;0.02;-0.07;99.20;0.23;99.20;0.07337;0.07278;0.000589;-11.345;-11.380;-32.299;1.00;-73.06;
2026-01-07 13:34:04.09;0.00:00:31:064;1.00;0.00;0.00;0.07325;0.07264;8.85E-05;-0.0001767;0.03;-0.07;99.17;0.24;99.17;0.07325;0.07264;0.0006073;-11.352;-11.388;-32.166;1.00;-63.40;
2026-01-07 13:34:04.14;0.00:00:31:111;1.00;0.00;0.00;0.07348;0.07289;5.674E-05;-0.0001508;0.02;-0.06;99.20;0.21;99.20;0.07348;0.07289;0.0005878;-11.338;-11.373;-32.308;1.00;-69.38;
2026-01-07 13:34:04.18;0.00:00:31:157;1.00;0.00;0.00;0.07322;0.07264;2.674E-05;-0.0001674;0.01;-0.07;99.21;0.23;99.21;0.07322;0.07264;0.0005799;-11.354;-11.388;-32.367;1.00;-80.93;
2026-01-07 13:34:04.23;0.00:00:31:206;1.00;0.00;0.00;0.07314;0.07253;6.602E-05;-0.000176;0.03;-0.07;99.17;0.24;99.17;0.07314;0.07253;0.0006058;-11.359;-11.395;-32.177;1.00;-69.44;
2026-01-07 13:34:04.29;0.00:00:31:267;1.00;0.00;0.00;0.07338;0.07276;9.157E-05;-0.0001782;0.04;-0.07;99.16;0.24;99.16;0.07338;0.07276;0.0006197;-11.344;-11.381;-32.078;1.00;-62.81;
2026-01-07 13:34:04.34;0.00:00:31:314;1.00;0.00;0.00;0.07352;0.07291;6.077E-05;-0.0001783;0.02;-0.07;99.17;0.24;99.17;0.07352;0.07291;0.0006125;-11.336;-11.372;-32.129;1.00;-71.18;
2026-01-07 13:34:04.40;0.00:00:31:377;1.00;0.00;0.00;0.07355;0.07296;5.97E-05;-0.0001617;0.02;-0.06;99.20;0.22;99.20;0.07355;0.07296;0.0005888;-11.334;-11.369;-32.300;1.00;-69.74;
2026-01-07 13:34:04.46;0.00:00:31:437;1.00;0.00;0.00;0.07335;0.07273;8.297E-05;-0.0001746;0.03;-0.07;99.16;0.24;99.16;0.07335;0.07273;0.0006174;-11.346;-11.383;-32.095;1.00;-64.59;
2026-01-07 13:34:04.51;0.00:00:31:484;1.00;0.00;0.00;0.0735;0.0729;7.731E-05;-0.0001603;0.03;-0.06;99.18;0.22;99.18;0.0735;0.0729;0.0006027;-11.337;-11.373;-32.199;1.00;-64.25;
2026-01-07 13:34:04.55;0.00:00:31:529;1.00;0.00;0.00;0.07343;0.07285;3.626E-05;-0.0001821;0.01;-0.07;99.20;0.25;99.20;0.07343;0.07285;0.0005839;-11.341;-11.376;-32.337;1.00;-78.74;
2026-01-07 13:34:04.60;0.00:00:31:579;1.00;0.00;0.00;0.0733;0.07272;3.816E-05;-0.000167;0.02;-0.07;99.22;0.23;99.22;0.0733;0.07272;0.0005752;-11.349;-11.383;-32.402;1.00;-77.13;
2026-01-07 13:34:04.66;0.00:00:31:638;1.00;0.00;0.00;0.07319;0.07264;2.7E-06;-0.0001557;0.00;-0.06;99.25;0.21;99.25;0.07319;0.07264;0.0005508;-11.355;-11.388;-32.590;1.00;-89.01;
2026-01-07 13:34:04.71;0.00:00:31:685;1.00;0.00;0.00;0.07312;0.07252;0.0001036;-0.0001716;0.04;-0.07;99.18;0.23;99.18;0.07312;0.07252;0.0006006;-11.359;-11.395;-32.214;1.00;-58.88;
2026-01-07 13:34:04.76;0.00:00:31:734;1.00;0.00;0.00;0.07302;0.07243;5.902E-05;-0.0001826;0.02;-0.07;99.18;0.25;99.18;0.07302;0.07243;0.0005993;-11.365;-11.401;-32.224;1.00;-72.09;
2026-01-07 13:34:04.80;0.00:00:31:780;1.00;0.00;0.00;0.07304;0.07245;5.325E-05;-0.0001657;0.02;-0.07;99.19;0.23;99.19;0.07304;0.07245;0.000592;-11.364;-11.400;-32.277;1.00;-72.18;
2026-01-07 13:34:04.85;0.00:00:31:827;1.00;0.00;0.00;0.07313;0.07253;5.511E-05;-0.0001682;0.02;-0.07;99.18;0.23;99.18;0.07313;0.07253;0.0005962;-11.359;-11.395;-32.246;1.00;-71.86;
2026-01-07 13:34:04.90;0.00:00:31:874;1.00;0.00;0.00;0.07308;0.07249;4.881E-05;-0.0001649;0.02;-0.07;99.20;0.23;99.19;0.07308;0.0725;0.0005882;-11.362;-11.397;-32.305;1.00;-73.51;
2026-01-07 13:34:04.94;0.00:00:31:920;1.00;0.00;0.00;0.07347;0.07286;7.282E-05;-0.0001737;0.03;-0.07;99.17;0.24;99.17;0.07347;0.07286;0.0006077;-11.339;-11.375;-32.163;1.00;-67.26;
2026-01-07 13:34:04.99;0.00:00:31:966;1.00;0.00;0.00;0.0735;0.07289;8.123E-05;-0.0001767;0.03;-0.07;99.17;0.24;99.17;0.0735;0.07289;0.0006112;-11.337;-11.373;-32.138;1.00;-65.31;
2026-01-07 13:34:05.04;0.00:00:32:013;1.00;0.00;0.00;0.07346;0.07288;3.517E-05;-0.0001552;0.01;-0.06;99.21;0.21;99.21;0.07346;0.07288;0.0005793;-11.340;-11.374;-32.371;1.00;-77.24;
2026-01-07 13:34:05.08;0.00:00:32:060;1.00;0.00;0.00;0.07328;0.07262;0.0001581;-0.0001876;0.06;-0.07;99.11;0.26;99.11;0.07328;0.07263;0.0006521;-11.350;-11.389;-31.857;1.00;-49.88;
2026-01-07 13:34:05.13;0.00:00:32:106;1.00;0.00;0.00;0.07341;0.07283;2.294E-05;-0.0001607;0.01;-0.06;99.21;0.22;99.21;0.07341;0.07283;0.0005777;-11.343;-11.377;-32.383;1.00;-81.88;
2026-01-07 13:34:05.18;0.00:00:32:152;1.00;0.00;0.00;0.0733;0.07269;5.53E-05;-0.00017;0.02;-0.07;99.17;0.23;99.17;0.0733;0.07269;0.0006089;-11.349;-11.385;-32.155;1.00;-71.98;
2026-01-07 13:34:05.22;0.00:00:32:200;1.00;0.00;0.00;0.07353;0.07296;1.565E-05;-0.000157;0.01;-0.06;99.22;0.21;99.22;0.07353;0.07296;0.0005701;-11.336;-11.369;-32.440;1.00;-84.31;
2026-01-07 13:34:05.27;0.00:00:32:246;1.00;0.00;0.00;0.07327;0.07269;1.568E-05;-0.0001634;0.01;-0.06;99.21;0.22;99.21;0.07327;0.07269;0.0005783;-11.351;-11.385;-32.379;1.00;-84.52;
2026-01-07 13:34:05.32;0.00:00:32:294;1.00;0.00;0.00;0.07285;0.07224;2.527E-05;-0.0001894;0.01;-0.08;99.17;0.26;99.17;0.07285;0.07224;0.0006073;-11.376;-11.412;-32.166;1.00;-82.40;
2026-01-07 13:34:05.38;0.00:00:32:355;1.00;0.00;0.00;0.07309;0.07246;0.0001397;-0.0001672;0.06;-0.07;99.14;0.23;99.14;0.07309;0.07246;0.0006261;-11.361;-11.399;-32.034;1.00;-50.13;
2026-01-07 13:34:05.43;0.00:00:32:402;1.00;0.00;0.00;0.07344;0.07288;9.225E-06;-0.0001604;0.00;-0.06;99.23;0.22;99.23;0.07344;0.07288;0.0005626;-11.341;-11.374;-32.498;1.00;-86.71;
2026-01-07 13:34:05.47;0.00:00:32:449;1.00;0.00;0.00;0.0731;0.0725;4.617E-05;-0.0001933;0.02;-0.08;99.17;0.26;99.17;0.0731;0.0725;0.0006044;-11.361;-11.397;-32.187;1.00;-76.57;
2026-01-07 13:34:05.52;0.00:00:32:498;1.00;0.00;0.00;0.07287;0.07229;2.935E-05;-0.0001768;0.01;-0.07;99.20;0.24;99.20;0.07287;0.07229;0.0005841;-11.374;-11.409;-32.335;1.00;-80.58;
2026-01-07 13:34:05.57;0.00:00:32:543;1.00;0.00;0.00;0.07309;0.07244;0.0001304;-0.0001835;0.05;-0.07;99.12;0.25;99.12;0.07309;0.07245;0.00064;-11.362;-11.400;-31.938;1.00;-54.60;
2026-01-07 13:34:05.62;0.00:00:32:596;1.00;0.00;0.00;0.07324;0.07263;6.634E-05;-0.0001776;0.03;-0.07;99.17;0.24;99.17;0.07324;0.07263;0.0006087;-11.352;-11.389;-32.156;1.00;-69.52;
2026-01-07 13:34:05.67;0.00:00:32:647;1.00;0.00;0.00;0.07346;0.07282;0.0001144;-0.0001697;0.05;-0.07;99.14;0.23;99.14;0.07346;0.07282;0.0006326;-11.340;-11.377;-31.989;1.00;-56.02;
2026-01-07 13:34:05.72;0.00:00:32:700;1.00;0.00;0.00;0.07375;0.07318;5.626E-05;-0.0001472;0.02;-0.06;99.22;0.20;99.22;0.07375;0.07318;0.0005748;-11.322;-11.356;-32.405;1.00;-69.08;
2026-01-07 13:34:05.77;0.00:00:32:750;1.00;0.00;0.00;0.07321;0.07264;-2.408E-05;-0.0001764;-0.01;-0.07;99.22;0.24;99.22;0.07321;0.07264;0.0005699;-11.354;-11.388;-32.442;1.00;-97.77;
2026-01-07 13:34:05.83;0.00:00:32:801;1.00;0.00;0.00;0.07312;0.07251;6.844E-05;-0.0001783;0.03;-0.07;99.17;0.24;99.17;0.07312;0.07251;0.0006099;-11.360;-11.396;-32.147;1.00;-69.01;
2026-01-07 13:34:05.88;0.00:00:32:853;1.00;0.00;0.00;0.07324;0.07264;6.87E-05;-0.0001616;0.03;-0.06;99.18;0.22;99.18;0.07324;0.07264;0.0005996;-11.352;-11.388;-32.221;1.00;-66.97;
2026-01-07 13:34:05.93;0.00:00:32:904;1.00;0.00;0.00;0.07346;0.07282;0.0001285;-0.000171;0.05;-0.07;99.12;0.23;99.12;0.07346;0.07282;0.0006446;-11.339;-11.378;-31.907;1.00;-53.08;
2026-01-07 13:34:05.98;0.00:00:32:954;1.00;0.00;0.00;0.07336;0.07278;4.284E-06;-0.0001677;0.00;-0.07;99.22;0.23;99.21;0.07336;0.07278;0.0005758;-11.346;-11.380;-32.397;1.00;-88.54;
2026-01-07 13:34:06.03;0.00:00:33:007;1.00;0.00;0.00;0.07301;0.07243;4.108E-05;-0.0001679;0.02;-0.07;99.20;0.23;99.20;0.07301;0.07243;0.0005805;-11.366;-11.401;-32.362;1.00;-76.25;
2026-01-07 13:34:06.08;0.00:00:33:057;1.00;0.00;0.00;0.07287;0.07229;2.511E-05;-0.0001677;0.01;-0.07;99.20;0.23;99.20;0.07287;0.07229;0.0005826;-11.374;-11.409;-32.346;1.00;-81.48;
2026-01-07 13:34:06.13;0.00:00:33:110;1.00;0.00;0.00;0.07299;0.07235;0.0001256;-0.0001816;0.05;-0.07;99.12;0.25;99.11;0.07299;0.07235;0.0006458;-11.367;-11.406;-31.899;1.00;-55.32;
2026-01-07 13:34:06.19;0.00:00:33:161;1.00;0.00;0.00;0.07345;0.07278;0.0001652;-0.0001815;0.07;-0.07;99.10;0.25;99.10;0.07345;0.07278;0.0006636;-11.340;-11.380;-31.781;1.00;-47.69;
2026-01-07 13:34:06.23;0.00:00:33:210;1.00;0.00;0.00;0.07364;0.07305;3.791E-05;-0.0001687;0.01;-0.07;99.20;0.23;99.20;0.07364;0.07305;0.0005903;-11.329;-11.364;-32.290;1.00;-77.33;
2026-01-07 13:34:06.29;0.00:00:33:264;1.00;0.00;0.00;0.07338;0.07284;-1.013E-05;-0.0001509;0.00;-0.06;99.25;0.21;99.25;0.07338;0.07284;0.0005472;-11.344;-11.377;-32.618;1.00;-93.84;
2026-01-07 13:34:06.34;0.00:00:33:314;1.00;0.00;0.00;0.07323;0.0726;0.0001116;-0.0001743;0.04;-0.07;99.14;0.24;99.14;0.07323;0.0726;0.0006325;-11.353;-11.391;-31.989;1.00;-57.38;
2026-01-07 13:34:06.39;0.00:00:33:364;1.00;0.00;0.00;0.07352;0.07289;0.0001132;-0.0001744;0.04;-0.07;99.14;0.24;99.14;0.07352;0.07289;0.0006327;-11.336;-11.373;-31.988;1.00;-57.01;
2026-01-07 13:34:06.44;0.00:00:33:415;1.00;0.00;0.00;0.07369;0.07314;-1.51E-05;-0.0001422;-0.01;-0.06;99.26;0.19;99.26;0.07369;0.07314;0.0005472;-11.326;-11.359;-32.618;1.00;-96.06;
2026-01-07 13:34:06.49;0.00:00:33:466;1.00;0.00;0.00;0.07322;0.07262;4.515E-05;-0.0001845;0.02;-0.07;99.18;0.25;99.18;0.07322;0.07262;0.0006035;-11.353;-11.389;-32.193;1.00;-76.25;
2026-01-07 13:34:06.54;0.00:00:33:518;1.00;0.00;0.00;0.07303;0.07247;-2.438E-06;-0.0001618;0.00;-0.06;99.24;0.22;99.24;0.07303;0.07247;0.0005539;-11.365;-11.398;-32.566;1.00;-90.86;
2026-01-07 13:34:06.59;0.00:00:33:568;1.00;0.00;0.00;0.07279;0.07221;3.825E-05;-0.0001735;0.02;-0.07;99.20;0.24;99.20;0.07279;0.07221;0.0005838;-11.379;-11.414;-32.337;1.00;-77.57;
2026-01-07 13:34:06.64;0.00:00:33:619;1.00;0.00;0.00;0.07277;0.07217;5.477E-05;-0.0001709;0.02;-0.07;99.18;0.23;99.18;0.07277;0.07217;0.0005979;-11.381;-11.416;-32.233;1.00;-72.23;
2026-01-07 13:34:06.70;0.00:00:33:672;1.00;0.00;0.00;0.07278;0.07216;8.115E-05;-0.0001778;0.03;-0.07;99.15;0.24;99.15;0.07278;0.07216;0.0006158;-11.380;-11.417;-32.106;1.00;-65.47;
2026-01-07 13:34:06.75;0.00:00:33:722;1.00;0.00;0.00;0.07356;0.07293;0.0001232;-0.0001663;0.05;-0.07;99.15;0.23;99.15;0.07356;0.07293;0.0006274;-11.334;-11.371;-32.025;1.00;-53.47;
2026-01-07 13:34:06.80;0.00:00:33:774;1.00;0.00;0.00;0.07351;0.07292;2.867E-05;-0.000164;0.01;-0.06;99.20;0.22;99.20;0.07351;0.07292;0.0005867;-11.337;-11.371;-32.316;1.00;-80.09;
2026-01-07 13:34:06.86;0.00:00:33:834;1.00;0.00;0.00;0.07357;0.07297;5.574E-05;-0.0001617;0.02;-0.06;99.18;0.22;99.18;0.07357;0.07297;0.0006028;-11.333;-11.369;-32.198;1.00;-70.98;
2026-01-07 13:34:06.91;0.00:00:33:884;1.00;0.00;0.00;0.07343;0.07286;2.176E-05;-0.0001631;0.01;-0.06;99.22;0.22;99.22;0.07343;0.07286;0.0005748;-11.341;-11.375;-32.405;1.00;-82.40;
2026-01-07 13:34:06.96;0.00:00:33:935;1.00;0.00;0.00;0.07326;0.07266;4.636E-05;-0.000173;0.02;-0.07;99.18;0.24;99.18;0.07326;0.07266;0.0005978;-11.352;-11.387;-32.235;1.00;-75.00;
2026-01-07 13:34:07.01;0.00:00:33:987;1.00;0.00;0.00;0.07347;0.07288;5.473E-05;-0.0001674;0.02;-0.07;99.19;0.23;99.19;0.07347;0.07288;0.0005922;-11.339;-11.374;-32.275;1.00;-71.89;
2026-01-07 13:34:07.06;0.00:00:34:038;1.00;0.00;0.00;0.07346;0.07286;5.546E-05;-0.0001674;0.02;-0.07;99.19;0.23;99.19;0.07346;0.07286;0.0005979;-11.340;-11.375;-32.234;1.00;-71.67;
2026-01-07 13:34:07.11;0.00:00:34:089;1.00;0.00;0.00;0.07331;0.07271;4.497E-05;-0.0001775;0.02;-0.07;99.18;0.24;99.18;0.07331;0.07271;0.0006024;-11.348;-11.384;-32.201;1.00;-75.79;
2026-01-07 13:34:07.16;0.00:00:34:139;1.00;0.00;0.00;0.07355;0.07292;0.000119;-0.0001717;0.05;-0.07;99.15;0.23;99.15;0.07355;0.07292;0.0006277;-11.334;-11.372;-32.022;1.00;-55.29;
2026-01-07 13:34:07.22;0.00:00:34:191;1.00;0.00;0.00;0.07398;0.07337;8.4E-05;-0.0002061;0.03;-0.08;99.18;0.28;99.18;0.07398;0.07337;0.000605;-11.309;-11.345;-32.183;1.00;-67.83;
2026-01-07 13:34:07.26;0.00:00:34:240;1.00;0.00;0.00;0.07348;0.07293;-3.765E-05;-0.0001479;-0.01;-0.06;99.26;0.20;99.26;0.07348;0.07293;0.0005468;-11.338;-11.371;-32.622;1.00;-104.28;
2026-01-07 13:34:07.32;0.00:00:34:291;1.00;0.00;0.00;0.07344;0.07285;6.297E-05;-0.0001706;0.02;-0.07;99.19;0.23;99.19;0.07344;0.07285;0.0005919;-11.341;-11.376;-32.277;1.00;-69.74;
2026-01-07 13:34:07.37;0.00:00:34:343;1.00;0.00;0.00;0.07342;0.07281;7.101E-05;-0.0001775;0.03;-0.07;99.17;0.24;99.17;0.07342;0.07281;0.0006104;-11.342;-11.378;-32.144;1.00;-68.20;
2026-01-07 13:34:07.42;0.00:00:34:394;1.00;0.00;0.00;0.07334;0.07274;5.331E-05;-0.0001707;0.02;-0.07;99.18;0.23;99.18;0.07334;0.07274;0.0005991;-11.347;-11.382;-32.225;1.00;-72.66;
2026-01-07 13:34:07.47;0.00:00:34:445;1.00;0.00;0.00;0.07319;0.07261;1.177E-05;-0.0001687;0.00;-0.07;99.20;0.23;99.20;0.07319;0.07261;0.0005825;-11.355;-11.390;-32.347;1.00;-86.01;
2026-01-07 13:34:07.52;0.00:00:34:495;1.00;0.00;0.00;0.07318;0.07258;2.424E-05;-0.0001712;0.01;-0.07;99.19;0.23;99.19;0.07318;0.07258;0.0005942;-11.356;-11.392;-32.260;1.00;-81.94;
2026-01-07 13:34:07.57;0.00:00:34:549;1.00;0.00;0.00;0.07324;0.07263;7.987E-05;-0.000168;0.03;-0.07;99.18;0.23;99.18;0.07324;0.07263;0.0006018;-11.353;-11.389;-32.206;1.00;-64.57;
2026-01-07 13:34:07.62;0.00:00:34:599;1.00;0.00;0.00;0.07314;0.07256;1.519E-05;-0.0001625;0.01;-0.06;99.22;0.22;99.22;0.07314;0.07256;0.0005734;-11.359;-11.393;-32.415;1.00;-84.66;
2026-01-07 13:34:07.68;0.00:00:34:660;1.00;0.00;0.00;0.07299;0.07238;9.834E-05;-0.0001725;0.04;-0.07;99.15;0.24;99.15;0.07299;0.07238;0.0006182;-11.367;-11.404;-32.089;1.00;-60.31;
2026-01-07 13:34:07.73;0.00:00:34:707;1.00;0.00;0.00;0.07301;0.0724;7.928E-05;-0.0001708;0.03;-0.07;99.18;0.23;99.18;0.07301;0.0724;0.0006016;-11.366;-11.402;-32.207;1.00;-65.10;
2026-01-07 13:34:07.78;0.00:00:34:754;1.00;0.00;0.00;0.07313;0.07251;0.0001035;-0.0001774;0.04;-0.07;99.15;0.24;99.15;0.07313;0.07251;0.0006219;-11.359;-11.396;-32.063;1.00;-59.75;
2026-01-07 13:34:07.83;0.00:00:34:801;1.00;0.00;0.00;0.07333;0.07271;9.517E-05;-0.0001804;0.04;-0.07;99.15;0.25;99.15;0.07333;0.07271;0.0006198;-11.347;-11.384;-32.077;1.00;-62.19;
2026-01-07 13:34:07.87;0.00:00:34:848;1.00;0.00;0.00;0.07343;0.07282;4.651E-05;-0.0001673;0.02;-0.07;99.18;0.23;99.18;0.07343;0.07282;0.000601;-11.342;-11.377;-32.211;1.00;-74.46;
2026-01-07 13:34:07.92;0.00:00:34:894;1.00;0.00;0.00;0.0733;0.07271;4.625E-05;-0.0001696;0.02;-0.07;99.19;0.23;99.19;0.0733;0.07271;0.0005911;-11.349;-11.384;-32.284;1.00;-74.75;
2026-01-07 13:34:07.98;0.00:00:34:955;1.00;0.00;0.00;0.0733;0.07268;8.808E-05;-0.0001704;0.03;-0.07;99.15;0.23;99.15;0.0733;0.07268;0.0006217;-11.349;-11.386;-32.064;1.00;-62.66;
2026-01-07 13:34:08.03;0.00:00:35:001;1.00;0.00;0.00;0.07342;0.07282;8.223E-05;-0.0001728;0.03;-0.07;99.19;0.24;99.19;0.07342;0.07282;0.000597;-11.342;-11.377;-32.240;1.00;-64.55;
2026-01-07 13:34:08.07;0.00:00:35:050;1.00;0.00;0.00;0.07359;0.07298;7.455E-05;-0.000171;0.03;-0.07;99.16;0.23;99.16;0.07359;0.07298;0.0006185;-11.332;-11.368;-32.087;1.00;-66.44;
2026-01-07 13:34:08.12;0.00:00:35:095;1.00;0.00;0.00;0.07356;0.07296;4.239E-05;-0.0001711;0.02;-0.07;99.18;0.23;99.18;0.07356;0.07296;0.0006014;-11.334;-11.369;-32.209;1.00;-76.08;
2026-01-07 13:34:08.17;0.00:00:35:143;1.00;0.00;0.00;0.07333;0.07277;4.18E-06;-0.0001568;0.00;-0.06;99.24;0.21;99.24;0.07333;0.07277;0.0005591;-11.347;-11.380;-32.525;1.00;-88.47;
2026-01-07 13:34:08.21;0.00:00:35:190;1.00;0.00;0.00;0.07314;0.07254;6.152E-05;-0.0001759;0.02;-0.07;99.18;0.24;99.18;0.07314;0.07254;0.0006031;-11.358;-11.394;-32.196;1.00;-70.72;
2026-01-07 13:34:08.26;0.00:00:35:236;1.00;0.00;0.00;0.07323;0.07263;7.222E-05;-0.0001614;0.03;-0.06;99.18;0.22;99.18;0.07323;0.07263;0.0006017;-11.353;-11.389;-32.206;1.00;-65.90;
2026-01-07 13:34:08.31;0.00:00:35:284;1.00;0.00;0.00;0.07325;0.07263;8.803E-05;-0.0001754;0.03;-0.07;99.15;0.24;99.15;0.07325;0.07263;0.0006207;-11.352;-11.389;-32.071;1.00;-63.35;
2026-01-07 13:34:08.35;0.00:00:35:330;1.00;0.00;0.00;0.07341;0.07279;0.0001021;-0.0001738;0.04;-0.07;99.15;0.24;99.15;0.07341;0.07279;0.000626;-11.342;-11.379;-32.034;1.00;-59.56;
2026-01-07 13:34:08.40;0.00:00:35:378;1.00;0.00;0.00;0.07344;0.07285;3.92E-05;-0.0001587;0.02;-0.06;99.19;0.22;99.19;0.07344;0.07285;0.0005975;-11.341;-11.376;-32.237;1.00;-76.13;
2026-01-07 13:34:08.46;0.00:00:35:439;1.00;0.00;0.00;0.07332;0.07272;5.742E-05;-0.0001696;0.02;-0.07;99.19;0.23;99.19;0.07332;0.07272;0.0005949;-11.348;-11.383;-32.256;1.00;-71.30;
2026-01-07 13:34:08.51;0.00:00:35:485;1.00;0.00;0.00;0.07326;0.07265;7.85E-05;-0.0001758;0.03;-0.07;99.17;0.24;99.17;0.07326;0.07265;0.0006096;-11.351;-11.388;-32.149;1.00;-65.94;
2026-01-07 13:34:08.56;0.00:00:35:533;1.00;0.00;0.00;0.07341;0.0728;8.338E-05;-0.0001686;0.03;-0.07;99.17;0.23;99.17;0.07341;0.0728;0.0006078;-11.343;-11.379;-32.162;1.00;-63.68;
2026-01-07 13:34:08.61;0.00:00:35:582;1.00;0.00;0.00;0.07335;0.07276;5.473E-05;-0.0001661;0.02;-0.07;99.20;0.23;99.20;0.07335;0.07276;0.0005882;-11.346;-11.381;-32.305;1.00;-71.76;
2026-01-07 13:34:08.67;0.00:00:35:642;1.00;0.00;0.00;0.07329;0.07269;6.147E-05;-0.0001723;0.02;-0.07;99.18;0.24;99.18;0.07329;0.07269;0.0006022;-11.350;-11.385;-32.203;1.00;-70.36;
2026-01-07 13:34:08.71;0.00:00:35:688;1.00;0.00;0.00;0.0734;0.0728;5.941E-05;-0.0001712;0.02;-0.07;99.19;0.23;99.18;0.0734;0.0728;0.0005981;-11.343;-11.379;-32.232;1.00;-70.87;
2026-01-07 13:34:08.76;0.00:00:35:735;1.00;0.00;0.00;0.07339;0.07279;4.37E-05;-0.0001682;0.02;-0.07;99.19;0.23;99.19;0.07339;0.07279;0.000595;-11.344;-11.379;-32.255;1.00;-75.43;
2026-01-07 13:34:08.81;0.00:00:35:785;1.00;0.00;0.00;0.07337;0.07277;6.646E-05;-0.0001757;0.03;-0.07;99.18;0.24;99.18;0.07337;0.07277;0.0006028;-11.345;-11.381;-32.198;1.00;-69.28;
2026-01-07 13:34:08.87;0.00:00:35:843;1.00;0.00;0.00;0.07339;0.07277;8.543E-05;-0.0001727;0.03;-0.07;99.16;0.24;99.16;0.07339;0.07277;0.0006173;-11.344;-11.381;-32.095;1.00;-63.68;
2026-01-07 13:34:08.91;0.00:00:35:890;1.00;0.00;0.00;0.07341;0.07279;6.033E-05;-0.0001687;0.02;-0.07;99.17;0.23;99.17;0.07341;0.07279;0.0006123;-11.343;-11.379;-32.130;1.00;-70.32;
2026-01-07 13:34:08.96;0.00:00:35:938;1.00;0.00;0.00;0.0734;0.0728;6.802E-05;-0.0001662;0.03;-0.07;99.18;0.23;99.18;0.0734;0.0728;0.0006054;-11.343;-11.379;-32.180;1.00;-67.74;
2026-01-07 13:34:09.02;0.00:00:35:999;1.00;0.00;0.00;0.07333;0.07273;4.611E-05;-0.0001697;0.02;-0.07;99.19;0.23;99.19;0.07333;0.07273;0.0005958;-11.347;-11.383;-32.249;1.00;-74.80;
2026-01-07 13:34:09.07;0.00:00:36:047;1.00;0.00;0.00;0.07326;0.07268;4.157E-05;-0.0001653;0.02;-0.07;99.21;0.23;99.21;0.07326;0.07268;0.0005807;-11.351;-11.386;-32.360;1.00;-75.88;
2026-01-07 13:34:09.12;0.00:00:36:094;1.00;0.00;0.00;0.07325;0.07265;7.64E-05;-0.0001713;0.03;-0.07;99.18;0.23;99.18;0.07325;0.07265;0.0005977;-11.352;-11.388;-32.235;1.00;-65.97;
2026-01-07 13:34:09.16;0.00:00:36:140;1.00;0.00;0.00;0.07329;0.07268;7.061E-05;-0.0001672;0.03;-0.07;99.17;0.23;99.17;0.07329;0.07268;0.0006087;-11.349;-11.386;-32.156;1.00;-67.10;
2026-01-07 13:34:09.21;0.00:00:36:187;1.00;0.00;0.00;0.0733;0.07269;7.443E-05;-0.0001766;0.03;-0.07;99.17;0.24;99.17;0.0733;0.07269;0.0006067;-11.349;-11.385;-32.170;1.00;-67.14;
2026-01-07 13:34:09.26;0.00:00:36:234;1.00;0.00;0.00;0.07334;0.07272;0.0001097;-0.0001777;0.04;-0.07;99.15;0.24;99.15;0.07334;0.07272;0.0006233;-11.346;-11.383;-32.053;1.00;-58.31;
2026-01-07 13:34:09.31;0.00:00:36:281;1.00;0.00;0.00;0.07341;0.07281;4.005E-05;-0.0001713;0.02;-0.07;99.19;0.23;99.19;0.07341;0.07281;0.0005976;-11.343;-11.378;-32.236;1.00;-76.84;
2026-01-07 13:34:09.35;0.00:00:36:329;1.00;0.00;0.00;0.07341;0.0728;3.975E-05;-0.0001701;0.02;-0.07;99.18;0.23;99.18;0.07341;0.0728;0.0006013;-11.343;-11.378;-32.209;1.00;-76.85;
2026-01-07 13:34:09.41;0.00:00:36:389;1.00;0.00;0.00;0.0734;0.0728;6.705E-05;-0.0001698;0.03;-0.07;99.18;0.23;99.18;0.0734;0.0728;0.0006011;-11.343;-11.379;-32.210;1.00;-68.46;
2026-01-07 13:34:09.46;0.00:00:36:436;1.00;0.00;0.00;0.0733;0.07269;5E-05;-0.0001644;0.02;-0.06;99.18;0.22;99.18;0.0733;0.07269;0.0006011;-11.349;-11.385;-32.210;1.00;-73.08;
2026-01-07 13:34:09.51;0.00:00:36:484;1.00;0.00;0.00;0.07323;0.07261;7.193E-05;-0.0001745;0.03;-0.07;99.15;0.24;99.15;0.07323;0.07261;0.0006213;-11.353;-11.390;-32.067;1.00;-67.60;
2026-01-07 13:34:09.56;0.00:00:36:532;1.00;0.00;0.00;0.07343;0.07283;5.009E-05;-0.0001751;0.02;-0.07;99.18;0.24;99.17;0.07343;0.07283;0.0006057;-11.341;-11.377;-32.178;1.00;-74.04;
2026-01-07 13:34:09.61;0.00:00:36:585;1.00;0.00;0.00;0.07341;0.07281;7.005E-05;-0.0001659;0.03;-0.07;99.19;0.23;99.19;0.07341;0.07281;0.0005957;-11.343;-11.378;-32.250;1.00;-67.11;
2026-01-07 13:34:09.66;0.00:00:36:638;1.00;0.00;0.00;0.07341;0.0728;6.684E-05;-0.0001727;0.03;-0.07;99.17;0.24;99.17;0.07341;0.0728;0.0006114;-11.343;-11.379;-32.137;1.00;-68.84;
2026-01-07 13:34:09.71;0.00:00:36:686;1.00;0.00;0.00;0.07332;0.07272;3.234E-05;-0.0001684;0.01;-0.07;99.19;0.23;99.19;0.07332;0.07272;0.0005954;-11.348;-11.383;-32.252;1.00;-79.13;
2026-01-07 13:34:09.76;0.00:00:36:737;1.00;0.00;0.00;0.07331;0.07272;5.26E-05;-0.0001667;0.02;-0.07;99.20;0.23;99.20;0.07331;0.07272;0.0005894;-11.349;-11.384;-32.296;1.00;-72.49;
2026-01-07 13:34:09.81;0.00:00:36:789;1.00;0.00;0.00;0.07322;0.07262;5.667E-05;-0.0001705;0.02;-0.07;99.19;0.23;99.19;0.07322;0.07262;0.0005954;-11.354;-11.389;-32.252;1.00;-71.61;
2026-01-07 13:34:09.87;0.00:00:36:841;1.00;0.00;0.00;0.07314;0.07251;0.0001186;-0.0001713;0.05;-0.07;99.14;0.23;99.14;0.07314;0.07251;0.0006295;-11.358;-11.396;-32.010;1.00;-55.29;
2026-01-07 13:34:09.92;0.00:00:36:890;1.00;0.00;0.00;0.07326;0.07265;5.428E-05;-0.0001783;0.02;-0.07;99.17;0.24;99.17;0.07326;0.07265;0.0006093;-11.352;-11.388;-32.152;1.00;-73.06;
2026-01-07 13:34:09.97;0.00:00:36:943;1.00;0.00;0.00;0.0731;0.0725;2.188E-05;-0.0001763;0.01;-0.07;99.18;0.24;99.18;0.0731;0.0725;0.0005961;-11.361;-11.397;-32.247;1.00;-82.93;
2026-01-07 13:34:10.02;0.00:00:36:994;1.00;0.00;0.00;0.07331;0.07268;0.0001041;-0.0001787;0.04;-0.07;99.14;0.24;99.14;0.07331;0.07268;0.000632;-11.348;-11.386;-31.993;1.00;-59.77;
2026-01-07 13:34:10.07;0.00:00:37:044;1.00;0.00;0.00;0.07333;0.07272;7.925E-05;-0.0001656;0.03;-0.07;99.17;0.23;99.17;0.07333;0.07272;0.0006093;-11.347;-11.383;-32.152;1.00;-64.42;
2026-01-07 13:34:10.12;0.00:00:37:096;1.00;0.00;0.00;0.07351;0.07289;9.735E-05;-0.0001694;0.04;-0.07;99.15;0.23;99.15;0.07351;0.07289;0.000626;-11.336;-11.374;-32.034;1.00;-60.12;
2026-01-07 13:34:10.17;0.00:00:37:145;1.00;0.00;0.00;0.07322;0.07265;1.668E-05;-0.0001607;0.01;-0.06;99.22;0.22;99.22;0.07322;0.07265;0.000572;-11.354;-11.388;-32.426;1.00;-84.08;
2026-01-07 13:34:10.22;0.00:00:37:196;1.00;0.00;0.00;0.07327;0.07265;8.462E-05;-0.000169;0.03;-0.07;99.16;0.23;99.16;0.07327;0.07265;0.0006121;-11.351;-11.387;-32.132;1.00;-63.40;
2026-01-07 13:34:10.27;0.00:00:37:247;1.00;0.00;0.00;0.07314;0.07258;1.078E-05;-0.0001546;0.00;-0.06;99.23;0.21;99.23;0.07314;0.07258;0.0005625;-11.359;-11.392;-32.499;1.00;-86.01;
2026-01-07 13:34:10.32;0.00:00:37:298;1.00;0.00;0.00;0.07307;0.07244;0.0001061;-0.0001868;0.04;-0.07;99.14;0.26;99.14;0.07307;0.07244;0.0006308;-11.362;-11.400;-32.001;1.00;-60.41;
2026-01-07 13:34:10.37;0.00:00:37:350;1.00;0.00;0.00;0.07323;0.07264;4.662E-05;-0.0001715;0.02;-0.07;99.19;0.23;99.19;0.07323;0.07264;0.0005943;-11.353;-11.388;-32.260;1.00;-74.79;
2026-01-07 13:34:10.43;0.00:00:37:402;1.00;0.00;0.00;0.0732;0.07262;3.878E-05;-0.0001617;0.02;-0.06;99.20;0.22;99.20;0.0732;0.07262;0.0005824;-11.355;-11.389;-32.348;1.00;-76.52;
2026-01-07 13:34:10.48;0.00:00:37:453;1.00;0.00;0.00;0.07322;0.07264;3.619E-05;-0.0001622;0.01;-0.06;99.20;0.22;99.20;0.07322;0.07264;0.0005848;-11.353;-11.388;-32.330;1.00;-77.42;
2026-01-07 13:34:10.53;0.00:00:37:503;1.00;0.00;0.00;0.07305;0.07247;3.25E-05;-0.0001692;0.01;-0.07;99.20;0.23;99.20;0.07305;0.07247;0.0005842;-11.364;-11.398;-32.334;1.00;-79.12;
2026-01-07 13:34:10.58;0.00:00:37:554;1.00;0.00;0.00;0.07314;0.07256;1.913E-05;-0.0001618;0.01;-0.06;99.22;0.22;99.22;0.07314;0.07256;0.0005733;-11.359;-11.393;-32.417;1.00;-83.26;
2026-01-07 13:34:10.63;0.00:00:37:605;1.00;0.00;0.00;0.07297;0.07238;4.06E-05;-0.0001661;0.02;-0.07;99.20;0.23;99.20;0.07297;0.07238;0.000586;-11.369;-11.404;-32.321;1.00;-76.26;
2026-01-07 13:34:10.68;0.00:00:37:659;1.00;0.00;0.00;0.07302;0.07241;9.275E-05;-0.0001748;0.04;-0.07;99.16;0.24;99.16;0.07302;0.07241;0.0006115;-11.366;-11.402;-32.136;1.00;-62.05;
2026-01-07 13:34:10.74;0.00:00:37:711;1.00;0.00;0.00;0.07312;0.07252;7.082E-05;-0.0001664;0.03;-0.07;99.18;0.23;99.18;0.07312;0.07252;0.0006013;-11.360;-11.396;-32.209;1.00;-66.95;
2026-01-07 13:34:10.79;0.00:00:37:761;1.00;0.00;0.00;0.07316;0.07255;8.064E-05;-0.000181;0.03;-0.07;99.17;0.25;99.17;0.07316;0.07255;0.0006053;-11.357;-11.393;-32.180;1.00;-65.99;
2026-01-07 13:34:10.84;0.00:00:37:810;1.00;0.00;0.00;0.07322;0.07263;4.417E-05;-0.0001607;0.02;-0.06;99.20;0.22;99.20;0.07322;0.07263;0.0005874;-11.354;-11.389;-32.311;1.00;-74.63;
2026-01-07 13:34:10.90;0.00:00:37:872;1.00;0.00;0.00;0.07305;0.07246;4.897E-05;-0.0001734;0.02;-0.07;99.19;0.24;99.19;0.07305;0.07246;0.0005943;-11.364;-11.399;-32.260;1.00;-74.23;
2026-01-07 13:34:10.95;0.00:00:37:922;1.00;0.00;0.00;0.07352;0.07288;0.0001411;-0.0001811;0.06;-0.07;99.13;0.25;99.13;0.07352;0.07288;0.0006371;-11.336;-11.374;-31.958;1.00;-52.08;
2026-01-07 13:34:11.00;0.00:00:37:974;1.00;0.00;0.00;0.07385;0.07323;9.612E-05;-0.0001576;0.04;-0.06;99.16;0.21;99.16;0.07385;0.07323;0.0006172;-11.317;-11.353;-32.096;1.00;-58.62;
2026-01-07 13:34:11.05;0.00:00:38:025;1.00;0.00;0.00;0.07353;0.07293;7.413E-05;-0.0001637;0.03;-0.06;99.18;0.22;99.18;0.07353;0.07293;0.0005995;-11.335;-11.371;-32.222;1.00;-65.64;
2026-01-07 13:34:11.10;0.00:00:38:076;1.00;0.00;0.00;0.07345;0.07283;4.907E-05;-0.0001868;0.02;-0.07;99.15;0.25;99.15;0.07345;0.07283;0.000621;-11.340;-11.377;-32.069;1.00;-75.28;
2026-01-07 13:34:11.15;0.00:00:38:128;1.00;0.00;0.00;0.07374;0.07312;6.543E-05;-0.0001773;0.03;-0.07;99.17;0.24;99.17;0.07374;0.07312;0.0006148;-11.323;-11.359;-32.113;1.00;-69.75;
2026-01-07 13:34:11.20;0.00:00:38:178;1.00;0.00;0.00;0.07395;0.07333;0.0001021;-0.0001702;0.04;-0.07;99.17;0.23;99.17;0.07395;0.07333;0.0006141;-11.311;-11.347;-32.118;1.00;-59.05;
2026-01-07 13:34:11.26;0.00:00:38:231;1.00;0.00;0.00;0.0734;0.07284;-3.249E-05;-0.0001595;-0.01;-0.06;99.23;0.22;99.23;0.0734;0.07284;0.000562;-11.343;-11.376;-32.503;1.00;-101.52;
2026-01-07 13:34:11.31;0.00:00:38:281;1.00;0.00;0.00;0.07326;0.07266;5.666E-05;-0.0001661;0.02;-0.07;99.18;0.23;99.18;0.07326;0.07266;0.0006012;-11.351;-11.387;-32.210;1.00;-71.16;
2026-01-07 13:34:11.36;0.00:00:38:332;1.00;0.00;0.00;0.07261;0.07204;-7.181E-06;-0.0001853;0.00;-0.07;99.21;0.26;99.21;0.07261;0.07204;0.0005734;-11.390;-11.424;-32.415;1.00;-92.22;
2026-01-07 13:34:11.41;0.00:00:38:382;1.00;0.00;0.00;0.07306;0.07239;0.0001922;-0.0001734;0.08;-0.07;99.08;0.24;99.08;0.07306;0.07239;0.0006692;-11.363;-11.403;-31.744;1.00;-42.06;
2026-01-07 13:34:11.46;0.00:00:38:435;1.00;0.00;0.00;0.07314;0.0726;-3.607E-05;-0.0001473;-0.01;-0.06;99.26;0.20;99.26;0.07314;0.0726;0.0005403;-11.359;-11.391;-32.674;1.00;-103.76;
2026-01-07 13:34:11.51;0.00:00:38:484;1.00;0.00;0.00;0.0727;0.07211;2.848E-05;-0.0001761;0.01;-0.07;99.18;0.24;99.18;0.0727;0.07211;0.0005945;-11.385;-11.420;-32.258;1.00;-80.81;
2026-01-07 13:34:11.56;0.00:00:38:535;1.00;0.00;0.00;0.07293;0.07233;6.961E-05;-0.0001801;0.03;-0.07;99.17;0.25;99.17;0.07293;0.07233;0.0006072;-11.371;-11.407;-32.167;1.00;-68.87;
2026-01-07 13:34:11.62;0.00:00:38:593;1.00;0.00;0.00;0.07291;0.07235;7.228E-07;-0.0001514;0.00;-0.06;99.23;0.21;99.23;0.07291;0.07235;0.0005596;-11.372;-11.406;-32.521;1.00;-89.73;
2026-01-07 13:34:11.66;0.00:00:38:639;1.00;0.00;0.00;0.07306;0.07244;9.945E-05;-0.0001747;0.04;-0.07;99.15;0.24;99.15;0.07306;0.07244;0.0006194;-11.363;-11.400;-32.080;1.00;-60.35;
2026-01-07 13:34:11.71;0.00:00:38:687;1.00;0.00;0.00;0.07319;0.07257;9.137E-05;-0.0001788;0.04;-0.07;99.15;0.24;99.15;0.07319;0.07257;0.0006208;-11.356;-11.393;-32.070;1.00;-62.93;
2026-01-07 13:34:11.76;0.00:00:38:735;1.00;0.00;0.00;0.07319;0.0726;4.211E-05;-0.0001655;0.02;-0.07;99.19;0.23;99.19;0.07319;0.0726;0.0005902;-11.355;-11.391;-32.290;1.00;-75.73;
2026-01-07 13:34:11.81;0.00:00:38:782;1.00;0.00;0.00;0.07312;0.07253;5.41E-05;-0.0001696;0.02;-0.07;99.19;0.23;99.19;0.07312;0.07253;0.0005927;-11.360;-11.395;-32.272;1.00;-72.30;
2026-01-07 13:34:11.85;0.00:00:38:828;1.00;0.00;0.00;0.07312;0.07252;8.356E-05;-0.0001673;0.03;-0.07;99.17;0.23;99.17;0.07312;0.07252;0.0006052;-11.359;-11.396;-32.181;1.00;-63.46;
2026-01-07 13:34:11.90;0.00:00:38:873;1.00;0.00;0.00;0.07342;0.0728;8.735E-05;-0.0001717;0.03;-0.07;99.16;0.23;99.16;0.07342;0.0728;0.0006201;-11.342;-11.379;-32.076;1.00;-63.03;
2026-01-07 13:34:11.94;0.00:00:38:920;1.00;0.00;0.00;0.07348;0.07287;8.038E-05;-0.0001721;0.03;-0.07;99.16;0.23;99.16;0.07348;0.07287;0.0006159;-11.338;-11.375;-32.105;1.00;-64.96;
2026-01-07 13:34:11.99;0.00:00:38:969;1.00;0.00;0.00;0.07347;0.07288;4.486E-05;-0.0001647;0.02;-0.06;99.20;0.22;99.20;0.07347;0.07288;0.0005889;-11.339;-11.374;-32.299;1.00;-74.76;
2026-01-07 13:34:12.05;0.00:00:39:030;1.00;0.00;0.00;0.07345;0.07284;9.931E-05;-0.0001694;0.04;-0.07;99.16;0.23;99.16;0.07345;0.07284;0.0006184;-11.340;-11.377;-32.088;1.00;-59.61;
2026-01-07 13:34:12.10;0.00:00:39:079;1.00;0.00;0.00;0.07328;0.07269;5.669E-05;-0.0001675;0.02;-0.07;99.19;0.23;99.19;0.07328;0.07269;0.0005942;-11.350;-11.385;-32.261;1.00;-71.30;
2026-01-07 13:34:12.16;0.00:00:39:140;1.00;0.00;0.00;0.07323;0.07263;6.045E-05;-0.0001711;0.02;-0.07;99.18;0.23;99.18;0.07323;0.07263;0.0005992;-11.353;-11.389;-32.224;1.00;-70.54;
2026-01-07 13:34:12.21;0.00:00:39:187;1.00;0.00;0.00;0.07322;0.07262;7.211E-05;-0.000171;0.03;-0.07;99.17;0.23;99.17;0.07322;0.07262;0.0006042;-11.354;-11.390;-32.188;1.00;-67.14;
2026-01-07 13:34:12.26;0.00:00:39:234;1.00;0.00;0.00;0.07329;0.07268;7.851E-05;-0.0001713;0.03;-0.07;99.17;0.23;99.17;0.07329;0.07268;0.0006056;-11.350;-11.386;-32.178;1.00;-65.38;
2026-01-07 13:34:12.31;0.00:00:39:281;1.00;0.00;0.00;0.07334;0.07274;6.137E-05;-0.0001704;0.02;-0.07;99.18;0.23;99.17;0.07334;0.07274;0.0006051;-11.346;-11.382;-32.182;1.00;-70.19;
2026-01-07 13:34:12.35;0.00:00:39:329;1.00;0.00;0.00;0.07333;0.07272;3.098E-05;-0.0001653;0.01;-0.07;99.17;0.23;99.17;0.07333;0.07272;0.0006096;-11.347;-11.384;-32.149;1.00;-79.39;
2026-01-07 13:34:12.40;0.00:00:39:377;1.00;0.00;0.00;0.07332;0.07271;6.57E-05;-0.0001678;0.03;-0.07;99.17;0.23;99.17;0.07332;0.07271;0.000611;-11.348;-11.384;-32.140;1.00;-68.62;
2026-01-07 13:34:12.45;0.00:00:39:423;1.00;0.00;0.00;0.07331;0.07271;5.615E-05;-0.0001671;0.02;-0.07;99.19;0.23;99.19;0.07331;0.07271;0.0005949;-11.349;-11.384;-32.255;1.00;-71.43;
2026-01-07 13:34:12.49;0.00:00:39:470;1.00;0.00;0.00;0.07327;0.07267;7.778E-05;-0.0001682;0.03;-0.07;99.18;0.23;99.18;0.07327;0.07267;0.0005997;-11.351;-11.386;-32.221;1.00;-65.18;
2026-01-07 13:34:12.54;0.00:00:39:515;1.00;0.00;0.00;0.0733;0.0727;6.425E-05;-0.0001735;0.03;-0.07;99.18;0.24;99.18;0.0733;0.0727;0.0006018;-11.349;-11.385;-32.206;1.00;-69.68;
2026-01-07 13:34:12.59;0.00:00:39:563;1.00;0.00;0.00;0.07331;0.07269;6.407E-05;-0.0001718;0.03;-0.07;99.16;0.23;99.16;0.07331;0.07269;0.0006176;-11.348;-11.385;-32.093;1.00;-69.55;
2026-01-07 13:34:12.63;0.00:00:39:608;1.00;0.00;0.00;0.07338;0.07275;8.945E-05;-0.0001756;0.04;-0.07;99.15;0.24;99.15;0.07338;0.07275;0.0006258;-11.344;-11.382;-32.036;1.00;-63.01;
2026-01-07 13:34:12.68;0.00:00:39:656;1.00;0.00;0.00;0.07342;0.07282;4.835E-05;-0.0001749;0.02;-0.07;99.18;0.24;99.18;0.07342;0.07282;0.0006009;-11.342;-11.378;-32.212;1.00;-74.55;
2026-01-07 13:34:12.73;0.00:00:39:701;1.00;0.00;0.00;0.07344;0.07283;7.017E-05;-0.0001679;0.03;-0.07;99.17;0.23;99.17;0.07344;0.07283;0.00061;-11.340;-11.377;-32.147;1.00;-67.31;
2026-01-07 13:34:12.77;0.00:00:39:750;1.00;0.00;0.00;0.07348;0.07288;6.491E-05;-0.00017;0.03;-0.07;99.17;0.23;99.17;0.07348;0.07288;0.0006068;-11.338;-11.374;-32.169;1.00;-69.10;
2026-01-07 13:34:12.84;0.00:00:39:812;1.00;0.00;0.00;0.07345;0.07285;6.226E-05;-0.0001692;0.02;-0.07;99.18;0.23;99.18;0.07345;0.07285;0.0006007;-11.340;-11.376;-32.213;1.00;-69.80;
2026-01-07 13:34:12.90;0.00:00:39:873;1.00;0.00;0.00;0.07327;0.07266;3.518E-05;-0.0001844;0.01;-0.07;99.17;0.25;99.17;0.07327;0.07266;0.0006093;-11.351;-11.387;-32.152;1.00;-79.20;
2026-01-07 13:34:12.95;0.00:00:39:921;1.00;0.00;0.00;0.07364;0.073;0.0001025;-0.0001753;0.04;-0.07;99.14;0.24;99.14;0.07364;0.073;0.0006349;-11.329;-11.367;-31.973;1.00;-59.68;
2026-01-07 13:34:12.99;0.00:00:39:968;1.00;0.00;0.00;0.07369;0.07309;3.91E-05;-0.0001613;0.02;-0.06;99.19;0.22;99.19;0.07369;0.07309;0.0005986;-11.326;-11.361;-32.229;1.00;-76.37;
2026-01-07 13:34:13.04;0.00:00:40:015;1.00;0.00;0.00;0.07353;0.07295;1.847E-05;-0.0001659;0.01;-0.07;99.22;0.23;99.22;0.07353;0.07295;0.0005716;-11.336;-11.370;-32.429;1.00;-83.65;
2026-01-07 13:34:13.09;0.00:00:40:062;1.00;0.00;0.00;0.07304;0.07245;5.904E-05;-0.0001725;0.02;-0.07;99.19;0.24;99.19;0.07304;0.07245;0.0005884;-11.364;-11.399;-32.303;1.00;-71.11;
2026-01-07 13:34:13.13;0.00:00:40:109;1.00;0.00;0.00;0.07311;0.07249;8.387E-05;-0.0001674;0.03;-0.07;99.15;0.23;99.15;0.07311;0.07249;0.0006227;-11.360;-11.397;-32.057;1.00;-63.38;
2026-01-07 13:34:13.18;0.00:00:40:156;1.00;0.00;0.00;0.07329;0.07269;7.778E-05;-0.000171;0.03;-0.07;99.17;0.23;99.17;0.07329;0.07269;0.0006062;-11.349;-11.385;-32.174;1.00;-65.54;
2026-01-07 13:34:13.24;0.00:00:40:216;1.00;0.00;0.00;0.0733;0.0727;5.035E-05;-0.0001711;0.02;-0.07;99.18;0.23;99.18;0.0733;0.0727;0.0005993;-11.349;-11.384;-32.224;1.00;-73.60;
2026-01-07 13:34:13.29;0.00:00:40:265;1.00;0.00;0.00;0.07339;0.07279;7.556E-05;-0.0001709;0.03;-0.07;99.18;0.23;99.18;0.07339;0.07279;0.0006019;-11.343;-11.379;-32.205;1.00;-66.15;
2026-01-07 13:34:13.34;0.00:00:40:313;1.00;0.00;0.00;0.07344;0.07282;7.898E-05;-0.0001772;0.03;-0.07;99.16;0.24;99.16;0.07344;0.07282;0.0006203;-11.341;-11.378;-32.074;1.00;-65.98;
2026-01-07 13:34:13.38;0.00:00:40:359;1.00;0.00;0.00;0.07353;0.07293;4.491E-05;-0.0001647;0.02;-0.06;99.19;0.22;99.19;0.07353;0.07293;0.0005931;-11.336;-11.371;-32.269;1.00;-74.74;
2026-01-07 13:34:13.43;0.00:00:40:406;1.00;0.00;0.00;0.07344;0.07285;4.191E-05;-0.0001755;0.02;-0.07;99.20;0.24;99.20;0.07344;0.07285;0.0005865;-11.341;-11.376;-32.317;1.00;-76.57;
2026-01-07 13:34:13.48;0.00:00:40:453;1.00;0.00;0.00;0.07343;0.07283;5.445E-05;-0.0001671;0.02;-0.07;99.19;0.23;99.19;0.07343;0.07283;0.0005932;-11.341;-11.377;-32.268;1.00;-71.95;
2026-01-07 13:34:13.52;0.00:00:40:499;1.00;0.00;0.00;0.07346;0.07284;9.088E-05;-0.0001851;0.04;-0.07;99.15;0.25;99.15;0.07346;0.07284;0.0006218;-11.339;-11.376;-32.064;1.00;-63.85;
2026-01-07 13:34:13.57;0.00:00:40:545;1.00;0.00;0.00;0.0735;0.07292;4.124E-05;-0.0001614;0.02;-0.06;99.21;0.22;99.20;0.0735;0.07292;0.0005843;-11.337;-11.372;-32.333;1.00;-75.67;
2026-01-07 13:34:13.62;0.00:00:40:595;1.00;0.00;0.00;0.07349;0.07289;6.239E-05;-0.0001713;0.02;-0.07;99.18;0.23;99.18;0.07349;0.07289;0.0006003;-11.338;-11.373;-32.216;1.00;-69.99;
2026-01-07 13:34:13.67;0.00:00:40:648;1.00;0.00;0.00;0.07346;0.07287;6.146E-05;-0.000171;0.02;-0.07;99.19;0.23;99.19;0.07346;0.07287;0.0005963;-11.339;-11.375;-32.245;1.00;-70.23;
2026-01-07 13:34:13.73;0.00:00:40:701;1.00;0.00;0.00;0.07348;0.07288;5.727E-05;-0.0001655;0.02;-0.07;99.18;0.23;99.18;0.07348;0.07288;0.0005989;-11.338;-11.374;-32.226;1.00;-70.92;
2026-01-07 13:34:13.78;0.00:00:40:754;1.00;0.00;0.00;0.07331;0.07273;1.708E-05;-0.0001708;0.01;-0.07;99.21;0.23;99.21;0.07331;0.07273;0.0005812;-11.348;-11.383;-32.357;1.00;-84.29;
2026-01-07 13:34:13.83;0.00:00:40:804;1.00;0.00;0.00;0.07339;0.07281;3.208E-05;-0.0001681;0.01;-0.07;99.20;0.23;99.20;0.07339;0.07281;0.0005836;-11.343;-11.378;-32.339;1.00;-79.19;
2026-01-07 13:34:13.88;0.00:00:40:855;1.00;0.00;0.00;0.07332;0.07272;5.969E-05;-0.0001714;0.02;-0.07;99.19;0.23;99.19;0.07332;0.07272;0.0005963;-11.348;-11.383;-32.246;1.00;-70.80;
2026-01-07 13:34:13.93;0.00:00:40:905;1.00;0.00;0.00;0.0734;0.0728;6.618E-05;-0.0001715;0.03;-0.07;99.19;0.23;99.19;0.0734;0.0728;0.0005953;-11.343;-11.378;-32.253;1.00;-68.90;
2026-01-07 13:34:13.98;0.00:00:40:956;1.00;0.00;0.00;0.07342;0.07283;4.44E-05;-0.0001717;0.02;-0.07;99.20;0.23;99.20;0.07342;0.07283;0.000588;-11.342;-11.377;-32.306;1.00;-75.50;
2026-01-07 13:34:14.03;0.00:00:41:007;1.00;0.00;0.00;0.07338;0.07276;6.821E-05;-0.0001859;0.03;-0.07;99.15;0.25;99.15;0.07338;0.07276;0.0006204;-11.344;-11.381;-32.074;1.00;-69.85;
2026-01-07 13:34:14.08;0.00:00:41:059;1.00;0.00;0.00;0.0735;0.07289;7.534E-05;-0.0001706;0.03;-0.07;99.17;0.23;99.17;0.0735;0.07289;0.0006067;-11.337;-11.373;-32.170;1.00;-66.17;
2026-01-07 13:34:14.14;0.00:00:41:111;1.00;0.00;0.00;0.07339;0.07279;5.899E-05;-0.0001631;0.02;-0.06;99.19;0.22;99.19;0.07339;0.07279;0.0005951;-11.344;-11.379;-32.254;1.00;-70.11;
2026-01-07 13:34:14.18;0.00:00:41:155;1.00;0.00;0.00;0.07326;0.07267;4.26E-05;-0.0001766;0.02;-0.07;99.20;0.24;99.20;0.07326;0.07267;0.0005861;-11.352;-11.386;-32.320;1.00;-76.44;
2026-01-07 13:34:14.23;0.00:00:41:202;1.00;0.00;0.00;0.07332;0.0727;9.854E-05;-0.0001797;0.04;-0.07;99.15;0.25;99.15;0.07332;0.0727;0.0006196;-11.348;-11.385;-32.079;1.00;-61.26;
2026-01-07 13:34:14.28;0.00:00:41:251;1.00;0.00;0.00;0.07325;0.07264;5.785E-05;-0.0001687;0.02;-0.07;99.17;0.23;99.17;0.07325;0.07264;0.0006049;-11.352;-11.388;-32.183;1.00;-71.07;
2026-01-07 13:34:14.33;0.00:00:41:302;1.00;0.00;0.00;0.07332;0.07272;6.33E-05;-0.0001673;0.02;-0.07;99.18;0.23;99.18;0.07332;0.07272;0.0006017;-11.348;-11.383;-32.206;1.00;-69.27;
2026-01-07 13:34:14.38;0.00:00:41:353;1.00;0.00;0.00;0.07344;0.07284;6.342E-05;-0.0001678;0.02;-0.07;99.19;0.23;99.18;0.07344;0.07284;0.0005984;-11.341;-11.376;-32.230;1.00;-69.30;
2026-01-07 13:34:14.43;0.00:00:41:403;1.00;0.00;0.00;0.07354;0.07292;7.87E-05;-0.0001707;0.03;-0.07;99.16;0.23;99.16;0.07354;0.07292;0.0006147;-11.335;-11.371;-32.113;1.00;-65.25;
2026-01-07 13:34:14.48;0.00:00:41:454;1.00;0.00;0.00;0.07351;0.0729;7.113E-05;-0.0001697;0.03;-0.07;99.17;0.23;99.17;0.07351;0.07291;0.0006075;-11.336;-11.372;-32.164;1.00;-67.26;
2026-01-07 13:34:14.53;0.00:00:41:505;1.00;0.00;0.00;0.07352;0.0729;7.541E-05;-0.0001728;0.03;-0.07;99.16;0.24;99.16;0.07352;0.0729;0.0006181;-11.336;-11.373;-32.089;1.00;-66.42;
2026-01-07 13:34:14.58;0.00:00:41:557;1.00;0.00;0.00;0.0734;0.07283;3.502E-05;-0.0001599;0.01;-0.06;99.21;0.22;99.21;0.0734;0.07283;0.000579;-11.343;-11.377;-32.373;1.00;-77.64;
2026-01-07 13:34:14.64;0.00:00:41:611;1.00;0.00;0.00;0.07331;0.07269;6.463E-05;-0.0001754;0.03;-0.07;99.16;0.24;99.16;0.07331;0.07269;0.0006124;-11.349;-11.385;-32.129;1.00;-69.77;
2026-01-07 13:34:14.68;0.00:00:41:659;1.00;0.00;0.00;0.07352;0.07289;0.0001096;-0.0001733;0.04;-0.07;99.13;0.24;99.13;0.07352;0.07289;0.0006378;-11.336;-11.374;-31.953;1.00;-57.69;
2026-01-07 13:34:14.74;0.00:00:41:711;1.00;0.00;0.00;0.07351;0.07289;8.486E-05;-0.0001816;0.03;-0.07;99.16;0.25;99.16;0.07351;0.07289;0.0006207;-11.336;-11.373;-32.071;1.00;-64.96;
2026-01-07 13:34:14.79;0.00:00:41:762;1.00;0.00;0.00;0.07363;0.07302;7.305E-05;-0.0001744;0.03;-0.07;99.18;0.24;99.18;0.07363;0.07302;0.0006049;-11.330;-11.366;-32.183;1.00;-67.28;
2026-01-07 13:34:14.84;0.00:00:41:814;1.00;0.00;0.00;0.07352;0.07293;3.284E-05;-0.0001661;0.01;-0.07;99.20;0.23;99.20;0.07352;0.07293;0.0005903;-11.336;-11.371;-32.289;1.00;-78.81;
2026-01-07 13:34:14.89;0.00:00:41:864;1.00;0.00;0.00;0.07346;0.07287;6.386E-05;-0.0001664;0.03;-0.07;99.20;0.23;99.20;0.07346;0.07287;0.0005879;-11.340;-11.375;-32.307;1.00;-69.00;
2026-01-07 13:34:14.94;0.00:00:41:916;1.00;0.00;0.00;0.07347;0.07286;5.514E-05;-0.000183;0.02;-0.07;99.17;0.25;99.17;0.07347;0.07286;0.0006085;-11.339;-11.375;-32.157;1.00;-73.23;
2026-01-07 13:34:14.99;0.00:00:41:967;1.00;0.00;0.00;0.0734;0.07282;1.875E-05;-0.0001534;0.01;-0.06;99.21;0.21;99.21;0.0734;0.07282;0.0005818;-11.343;-11.377;-32.352;1.00;-83.03;
2026-01-07 13:34:15.04;0.00:00:42:018;1.00;0.00;0.00;0.07334;0.07274;6.843E-05;-0.0001719;0.03;-0.07;99.18;0.23;99.18;0.07334;0.07274;0.0006014;-11.346;-11.382;-32.208;1.00;-68.29;
2026-01-07 13:34:15.09;0.00:00:42:070;1.00;0.00;0.00;0.07333;0.07272;6.021E-05;-0.0001681;0.02;-0.07;99.18;0.23;99.17;0.07333;0.07272;0.0006049;-11.347;-11.383;-32.183;1.00;-70.30;
2026-01-07 13:34:15.15;0.00:00:42:122;1.00;0.00;0.00;0.07316;0.07256;6.35E-05;-0.0001696;0.03;-0.07;99.18;0.23;99.18;0.07316;0.07256;0.0006021;-11.357;-11.393;-32.203;1.00;-69.47;
2026-01-07 13:34:15.20;0.00:00:42:173;1.00;0.00;0.00;0.07318;0.07256;8.006E-05;-0.0001777;0.03;-0.07;99.16;0.24;99.16;0.07318;0.07256;0.0006156;-11.356;-11.393;-32.107;1.00;-65.74;
2026-01-07 13:34:15.25;0.00:00:42:224;1.00;0.00;0.00;0.07322;0.07261;6.163E-05;-0.0001703;0.02;-0.07;99.18;0.23;99.18;0.07322;0.07262;0.0006034;-11.354;-11.390;-32.194;1.00;-70.10;
2026-01-07 13:34:15.30;0.00:00:42:275;1.00;0.00;0.00;0.07331;0.07269;8.308E-05;-0.0001743;0.03;-0.07;99.15;0.24;99.15;0.07331;0.07269;0.0006213;-11.348;-11.385;-32.067;1.00;-64.52;
2026-01-07 13:34:15.35;0.00:00:42:328;1.00;0.00;0.00;0.07335;0.07272;9.293E-05;-0.000165;0.04;-0.07;99.14;0.22;99.14;0.07335;0.07272;0.0006296;-11.346;-11.383;-32.010;1.00;-60.61;
2026-01-07 13:34:15.40;0.00:00:42:378;1.00;0.00;0.00;0.07346;0.07283;9.212E-05;-0.0001831;0.04;-0.07;99.15;0.25;99.15;0.07346;0.07283;0.0006273;-11.340;-11.377;-32.025;1.00;-63.29;
2026-01-07 13:34:15.45;0.00:00:42:430;1.00;0.00;0.00;0.07354;0.07295;4.349E-05;-0.0001683;0.02;-0.07;99.19;0.23;99.18;0.07354;0.07295;0.0005993;-11.334;-11.370;-32.224;1.00;-75.51;
2026-01-07 13:34:15.50;0.00:00:42:480;1.00;0.00;0.00;0.07353;0.07292;6.909E-05;-0.0001711;0.03;-0.07;99.17;0.23;99.17;0.07353;0.07292;0.0006093;-11.335;-11.371;-32.152;1.00;-68.02;
2026-01-07 13:34:15.56;0.00:00:42:531;1.00;0.00;0.00;0.07343;0.07285;2.409E-05;-0.0001669;0.01;-0.07;99.21;0.23;99.21;0.07343;0.07285;0.0005799;-11.341;-11.376;-32.366;1.00;-81.79;
2026-01-07 13:34:15.61;0.00:00:42:584;1.00;0.00;0.00;0.0732;0.07262;1.227E-05;-0.0001645;0.00;-0.06;99.21;0.22;99.21;0.0732;0.07262;0.0005769;-11.355;-11.389;-32.389;1.00;-85.73;
2026-01-07 13:34:15.66;0.00:00:42:631;1.00;0.00;0.00;0.07331;0.07269;8.297E-05;-0.0001739;0.03;-0.07;99.15;0.24;99.15;0.07331;0.07269;0.0006218;-11.348;-11.385;-32.064;1.00;-64.49;
2026-01-07 13:34:15.70;0.00:00:42:678;1.00;0.00;0.00;0.0734;0.07279;9.199E-05;-0.0001711;0.04;-0.07;99.16;0.23;99.16;0.0734;0.07279;0.0006169;-11.343;-11.380;-32.098;1.00;-61.74;
2026-01-07 13:34:15.75;0.00:00:42:726;1.00;0.00;0.00;0.0735;0.0729;5.28E-05;-0.0001592;0.02;-0.06;99.19;0.22;99.19;0.0735;0.0729;0.0005987;-11.337;-11.373;-32.228;1.00;-71.65;
2026-01-07 13:34:15.81;0.00:00:42:786;1.00;0.00;0.00;0.07315;0.07255;7.238E-05;-0.0001703;0.03;-0.07;99.18;0.23;99.18;0.07315;0.07255;0.0006028;-11.358;-11.394;-32.198;1.00;-66.97;
2026-01-07 13:34:15.86;0.00:00:42:832;1.00;0.00;0.00;0.0731;0.07249;7.871E-05;-0.0001697;0.03;-0.07;99.17;0.23;99.17;0.0731;0.07249;0.0006032;-11.361;-11.397;-32.195;1.00;-65.12;
2026-01-07 13:34:15.91;0.00:00:42:881;1.00;0.00;0.00;0.07315;0.07256;6.189E-05;-0.0001677;0.02;-0.07;99.18;0.23;99.18;0.07315;0.07256;0.0005969;-11.358;-11.393;-32.241;1.00;-69.74;
2026-01-07 13:34:15.95;0.00:00:42:930;1.00;0.00;0.00;0.07311;0.07251;5.055E-05;-0.0001824;0.02;-0.07;99.18;0.25;99.18;0.07311;0.07251;0.0005984;-11.360;-11.396;-32.230;1.00;-74.51;
2026-01-07 13:34:16.01;0.00:00:42:989;1.00;0.00;0.00;0.07316;0.07255;7.791E-05;-0.0001778;0.03;-0.07;99.16;0.24;99.16;0.07316;0.07255;0.0006148;-11.357;-11.394;-32.113;1.00;-66.34;
2026-01-07 13:34:16.06;0.00:00:43:036;1.00;0.00;0.00;0.07332;0.07274;3.5E-05;-0.0001729;0.01;-0.07;99.21;0.24;99.21;0.07332;0.07274;0.0005778;-11.348;-11.382;-32.382;1.00;-78.56;
2026-01-07 13:34:16.11;0.00:00:43:085;1.00;0.00;0.00;0.07327;0.07266;6.675E-05;-0.0001717;0.03;-0.07;99.17;0.23;99.17;0.07327;0.07266;0.00061;-11.351;-11.387;-32.147;1.00;-68.75;
2026-01-07 13:34:16.16;0.00:00:43:134;1.00;0.00;0.00;0.07338;0.07276;8.162E-05;-0.0001765;0.03;-0.07;99.16;0.24;99.16;0.07338;0.07276;0.000614;-11.344;-11.381;-32.118;1.00;-65.18;
2026-01-07 13:34:16.22;0.00:00:43:194;1.00;0.00;0.00;0.07344;0.07285;3.993E-05;-0.0001703;0.02;-0.07;99.19;0.23;99.19;0.07344;0.07285;0.0005964;-11.340;-11.376;-32.244;1.00;-76.81;
2026-01-07 13:34:16.26;0.00:00:43:240;1.00;0.00;0.00;0.07339;0.07279;7.125E-05;-0.000176;0.03;-0.07;99.18;0.24;99.18;0.07339;0.07279;0.0006044;-11.344;-11.379;-32.187;1.00;-67.96;
2026-01-07 13:34:16.31;0.00:00:43:287;1.00;0.00;0.00;0.07348;0.07288;6.728E-05;-0.0001644;0.03;-0.06;99.19;0.22;99.19;0.07348;0.07288;0.0005973;-11.338;-11.374;-32.238;1.00;-67.75;
2026-01-07 13:34:16.36;0.00:00:43:333;1.00;0.00;0.00;0.07334;0.07275;3.025E-05;-0.0001641;0.01;-0.06;99.20;0.22;99.20;0.07334;0.07275;0.0005885;-11.347;-11.382;-32.303;1.00;-79.56;
2026-01-07 13:34:16.41;0.00:00:43:380;1.00;0.00;0.00;0.07311;0.07249;9.554E-05;-0.0001914;0.04;-0.08;99.15;0.26;99.15;0.07311;0.07249;0.0006193;-11.360;-11.397;-32.081;1.00;-63.47;
2026-01-07 13:34:16.45;0.00:00:43:426;1.00;0.00;0.00;0.07337;0.07276;9.329E-05;-0.0001642;0.04;-0.06;99.17;0.22;99.17;0.07337;0.07276;0.0006103;-11.345;-11.381;-32.144;1.00;-60.39;
2026-01-07 13:34:16.50;0.00:00:43:474;1.00;0.00;0.00;0.07347;0.07287;6.397E-05;-0.0001677;0.03;-0.07;99.19;0.23;99.19;0.07347;0.07287;0.0005952;-11.339;-11.374;-32.254;1.00;-69.12;
2026-01-07 13:34:16.54;0.00:00:43:519;1.00;0.00;0.00;0.07332;0.07274;9.763E-06;-0.0001668;0.00;-0.07;99.22;0.23;99.22;0.07332;0.07274;0.0005708;-11.348;-11.382;-32.435;1.00;-86.65;
2026-01-07 13:34:16.59;0.00:00:43:567;1.00;0.00;0.00;0.0733;0.07269;9.231E-05;-0.0001726;0.04;-0.07;99.17;0.24;99.17;0.0733;0.07269;0.0006103;-11.349;-11.385;-32.145;1.00;-61.86;
2026-01-07 13:34:16.64;0.00:00:43:614;1.00;0.00;0.00;0.07321;0.07266;-8.824E-08;-0.0001664;0.00;-0.07;99.24;0.23;99.24;0.07321;0.07266;0.000554;-11.354;-11.387;-32.565;1.00;-90.03;
2026-01-07 13:34:16.69;0.00:00:43:662;1.00;0.00;0.00;0.0731;0.07247;0.000104;-0.0002027;0.04;-0.08;99.14;0.28;99.14;0.0731;0.07247;0.0006304;-11.361;-11.398;-32.004;1.00;-62.83;
2026-01-07 13:34:16.74;0.00:00:43:712;1.00;0.00;0.00;0.07354;0.07292;0.0001072;-0.0001637;0.04;-0.06;99.16;0.22;99.16;0.07354;0.07292;0.0006195;-11.335;-11.371;-32.080;1.00;-56.78;
2026-01-07 13:34:16.79;0.00:00:43:769;1.00;0.00;0.00;0.07317;0.07254;0.0001107;-0.0001858;0.04;-0.07;99.14;0.25;99.14;0.07317;0.07254;0.0006307;-11.357;-11.394;-32.002;1.00;-59.21;
2026-01-07 13:34:16.84;0.00:00:43:817;1.00;0.00;0.00;0.0732;0.07257;9.553E-05;-0.0001665;0.04;-0.07;99.15;0.23;99.15;0.0732;0.07257;0.0006255;-11.355;-11.392;-32.038;1.00;-60.16;
2026-01-07 13:34:16.89;0.00:00:43:864;1.00;0.00;0.00;0.07352;0.07287;0.0001547;-0.000184;0.06;-0.07;99.11;0.25;99.11;0.07352;0.07287;0.0006531;-11.336;-11.375;-31.850;1.00;-49.94;
2026-01-07 13:34:16.94;0.00:00:43:912;1.00;0.00;0.00;0.07389;0.07323;0.0001434;-0.0001855;0.06;-0.07;99.12;0.25;99.12;0.07389;0.07323;0.0006519;-11.314;-11.353;-31.858;1.00;-52.30;
2026-01-07 13:34:16.98;0.00:00:43:959;1.00;0.00;0.00;0.07342;0.07287;-5.33E-05;-0.000152;-0.02;-0.06;99.26;0.21;99.26;0.07342;0.07287;0.0005464;-11.342;-11.374;-32.625;1.00;-109.33;
2026-01-07 13:34:17.05;0.00:00:44:021;1.00;0.00;0.00;0.07366;0.07302;0.0001466;-0.0001621;0.06;-0.06;99.14;0.22;99.14;0.07366;0.07302;0.000632;-11.328;-11.365;-31.993;1.00;-47.87;
2026-01-07 13:34:17.09;0.00:00:44:067;1.00;0.00;0.00;0.07336;0.07282;-4.592E-05;-0.0001587;-0.02;-0.06;99.25;0.22;99.25;0.07336;0.07282;0.0005488;-11.345;-11.378;-32.606;1.00;-106.14;
2026-01-07 13:34:17.14;0.00:00:44:113;1.00;0.00;0.00;0.07298;0.07241;4.746E-06;-0.0001688;0.00;-0.07;99.22;0.23;99.22;0.07298;0.07241;0.0005686;-11.368;-11.402;-32.452;1.00;-88.39;
2026-01-07 13:34:17.18;0.00:00:44:159;1.00;0.00;0.00;0.07306;0.0724;0.0001679;-0.0001768;0.07;-0.07;99.10;0.24;99.10;0.07306;0.0724;0.000659;-11.363;-11.402;-31.811;1.00;-46.48;
2026-01-07 13:34:17.23;0.00:00:44:208;1.00;0.00;0.00;0.07329;0.07271;6.584E-05;-0.0001548;0.03;-0.06;99.20;0.21;99.20;0.07329;0.07271;0.0005834;-11.349;-11.384;-32.341;1.00;-66.96;
2026-01-07 13:34:17.28;0.00:00:44:254;1.00;0.00;0.00;0.07347;0.07281;0.0001417;-0.0001928;0.06;-0.08;99.10;0.26;99.10;0.07347;0.07281;0.0006604;-11.339;-11.378;-31.802;1.00;-53.68;
2026-01-07 13:34:17.33;0.00:00:44:301;1.00;0.00;0.00;0.07376;0.07318;2.172E-05;-0.000151;0.01;-0.06;99.22;0.20;99.22;0.07376;0.07318;0.0005766;-11.322;-11.356;-32.391;1.00;-81.82;
2026-01-07 13:34:17.37;0.00:00:44:349;1.00;0.00;0.00;0.07327;0.07272;-4.846E-05;-0.0001508;-0.02;-0.06;99.25;0.21;99.25;0.07327;0.07272;0.0005495;-11.351;-11.384;-32.600;1.00;-107.81;
2026-01-07 13:34:17.42;0.00:00:44:396;1.00;0.00;0.00;0.07311;0.07247;0.0001122;-0.0002081;0.04;-0.08;99.13;0.28;99.13;0.07311;0.07247;0.0006358;-11.360;-11.398;-31.967;1.00;-61.67;
2026-01-07 13:34:17.47;0.00:00:44:442;1.00;0.00;0.00;0.07328;0.07271;1.439E-05;-0.0001515;0.01;-0.06;99.22;0.21;99.22;0.07328;0.07271;0.0005738;-11.350;-11.384;-32.412;1.00;-84.58;
2026-01-07 13:34:17.52;0.00:00:44:492;1.00;0.00;0.00;0.07304;0.07243;6.348E-05;-0.0001769;0.03;-0.07;99.16;0.24;99.16;0.07304;0.07243;0.0006147;-11.364;-11.401;-32.114;1.00;-70.27;
2026-01-07 13:34:17.58;0.00:00:44:552;1.00;0.00;0.00;0.07292;0.07236;-2.124E-06;-0.0001503;0.00;-0.06;99.23;0.21;99.23;0.07292;0.07236;0.0005606;-11.371;-11.405;-32.513;1.00;-90.81;
2026-01-07 13:34:17.62;0.00:00:44:598;1.00;0.00;0.00;0.07265;0.07207;1.629E-05;-0.0001997;0.01;-0.08;99.21;0.27;99.21;0.07265;0.07207;0.0005766;-11.388;-11.422;-32.391;1.00;-85.34;
2026-01-07 13:34:17.67;0.00:00:44:645;1.00;0.00;0.00;0.07295;0.07232;0.0001479;-0.0001583;0.06;-0.06;99.14;0.22;99.14;0.07295;0.07232;0.0006288;-11.370;-11.407;-32.015;1.00;-46.94;
2026-01-07 13:34:17.72;0.00:00:44:694;1.00;0.00;0.00;0.0731;0.07248;9.11E-05;-0.0001781;0.04;-0.07;99.16;0.24;99.16;0.0731;0.07248;0.0006149;-11.361;-11.398;-32.112;1.00;-62.91;
2026-01-07 13:34:17.78;0.00:00:44:754;1.00;0.00;0.00;0.0732;0.07259;8.79E-05;-0.000171;0.03;-0.07;99.17;0.23;99.17;0.0732;0.07259;0.0006109;-11.355;-11.391;-32.140;1.00;-62.80;
2026-01-07 13:34:17.83;0.00:00:44:801;1.00;0.00;0.00;0.07317;0.07256;9.764E-05;-0.0001684;0.04;-0.07;99.16;0.23;99.16;0.07317;0.07256;0.0006119;-11.356;-11.393;-32.133;1.00;-59.89;
2026-01-07 13:34:17.87;0.00:00:44:848;1.00;0.00;0.00;0.07328;0.07267;7.946E-05;-0.0001731;0.03;-0.07;99.17;0.24;99.17;0.07328;0.07267;0.00061;-11.350;-11.386;-32.147;1.00;-65.35;
2026-01-07 13:34:17.92;0.00:00:44:897;1.00;0.00;0.00;0.07321;0.07265;7.432E-07;-0.0001523;0.00;-0.06;99.23;0.21;99.23;0.07321;0.07265;0.0005631;-11.354;-11.388;-32.494;1.00;-89.72;
2026-01-07 13:34:17.98;0.00:00:44:957;1.00;0.00;0.00;0.07298;0.07235;9.77E-05;-0.0001785;0.04;-0.07;99.14;0.24;99.14;0.07298;0.07235;0.000624;-11.368;-11.405;-32.048;1.00;-61.31;
2026-01-07 13:34:18.03;0.00:00:45:005;1.00;0.00;0.00;0.07317;0.07257;6.021E-05;-0.0001726;0.02;-0.07;99.18;0.24;99.18;0.07317;0.07257;0.0006026;-11.357;-11.393;-32.199;1.00;-70.77;
2026-01-07 13:34:18.07;0.00:00:45:050;1.00;0.00;0.00;0.07314;0.07256;5.044E-05;-0.0001644;0.02;-0.06;99.20;0.22;99.20;0.07314;0.07256;0.0005882;-11.358;-11.393;-32.305;1.00;-72.94;
2026-01-07 13:34:18.12;0.00:00:45:097;1.00;0.00;0.00;0.07312;0.07251;7.675E-05;-0.0001686;0.03;-0.07;99.17;0.23;99.17;0.07312;0.07251;0.0006102;-11.360;-11.396;-32.145;1.00;-65.53;
2026-01-07 13:34:18.17;0.00:00:45:144;1.00;0.00;0.00;0.07331;0.07268;8.719E-05;-0.0001771;0.03;-0.07;99.15;0.24;99.15;0.07331;0.07268;0.0006262;-11.349;-11.386;-32.033;1.00;-63.79;
2026-01-07 13:34:18.22;0.00:00:45:191;1.00;0.00;0.00;0.07361;0.07299;9.444E-05;-0.0001765;0.04;-0.07;99.17;0.24;99.17;0.07361;0.07299;0.0006141;-11.331;-11.367;-32.118;1.00;-61.84;
2026-01-07 13:34:18.26;0.00:00:45:238;1.00;0.00;0.00;0.07318;0.07259;3.418E-05;-0.0001768;0.01;-0.07;99.20;0.24;99.20;0.07318;0.07259;0.0005857;-11.356;-11.391;-32.323;1.00;-79.06;
2026-01-07 13:34:18.31;0.00:00:45:285;1.00;0.00;0.00;0.07329;0.07268;9.669E-05;-0.000167;0.04;-0.07;99.16;0.23;99.16;0.07329;0.07268;0.000614;-11.349;-11.386;-32.118;1.00;-59.93;
2026-01-07 13:34:18.36;0.00:00:45:331;1.00;0.00;0.00;0.07322;0.07263;3.65E-05;-0.0001698;0.01;-0.07;99.19;0.23;99.19;0.07322;0.07263;0.0005942;-11.354;-11.389;-32.261;1.00;-77.87;
2026-01-07 13:34:18.40;0.00:00:45:379;1.00;0.00;0.00;0.0736;0.07297;9.042E-05;-0.000179;0.04;-0.07;99.15;0.24;99.15;0.0736;0.07297;0.000628;-11.331;-11.368;-32.020;1.00;-63.20;
2026-01-07 13:34:18.45;0.00:00:45:424;1.00;0.00;0.00;0.07392;0.07326;0.0001604;-0.0001874;0.06;-0.07;99.11;0.25;99.11;0.07392;0.07326;0.0006574;-11.313;-11.351;-31.822;1.00;-49.43;
2026-01-07 13:34:18.50;0.00:00:45:473;1.00;0.00;0.00;0.07404;0.07349;-1.626E-05;-0.0001452;-0.01;-0.06;99.26;0.20;99.26;0.07404;0.07349;0.0005507;-11.305;-11.338;-32.591;1.00;-96.39;
2026-01-07 13:34:18.56;0.00:00:45:534;1.00;0.00;0.00;0.07359;0.07303;-1.043E-05;-0.000151;0.00;-0.06;99.23;0.21;99.23;0.07359;0.07303;0.0005648;-11.332;-11.365;-32.481;1.00;-93.95;
2026-01-07 13:34:18.60;0.00:00:45:580;1.00;0.00;0.00;0.07263;0.07208;-1.676E-05;-0.0001635;-0.01;-0.06;99.25;0.23;99.25;0.07263;0.07209;0.0005423;-11.389;-11.422;-32.658;1.00;-95.85;
2026-01-07 13:34:18.65;0.00:00:45:627;1.00;0.00;0.00;0.07276;0.07209;0.0001911;-0.0001949;0.08;-0.08;99.08;0.27;99.08;0.07276;0.07209;0.0006716;-11.381;-11.421;-31.729;1.00;-45.56;
2026-01-07 13:34:18.70;0.00:00:45:676;1.00;0.00;0.00;0.07326;0.07264;0.0001096;-0.0001659;0.04;-0.07;99.16;0.23;99.16;0.07326;0.07264;0.0006133;-11.352;-11.388;-32.123;1.00;-56.54;
2026-01-07 13:34:18.76;0.00:00:45:736;1.00;0.00;0.00;0.07299;0.07238;6.25E-05;-0.0001785;0.02;-0.07;99.17;0.24;99.17;0.07299;0.07238;0.0006081;-11.368;-11.404;-32.160;1.00;-70.70;
2026-01-07 13:34:18.82;0.00:00:45:797;1.00;0.00;0.00;0.07342;0.07282;6.189E-05;-0.0001581;0.02;-0.06;99.18;0.22;99.18;0.07342;0.07282;0.000601;-11.342;-11.378;-32.211;1.00;-68.62;
2026-01-07 13:34:18.87;0.00:00:45:846;1.00;0.00;0.00;0.07322;0.07265;1.115E-05;-0.0001601;0.00;-0.06;99.23;0.22;99.23;0.07322;0.07265;0.0005671;-11.354;-11.387;-32.464;1.00;-86.02;
2026-01-07 13:34:18.93;0.00:00:45:906;1.00;0.00;0.00;0.07326;0.07262;0.0001286;-0.0001611;0.05;-0.06;99.13;0.22;99.13;0.07326;0.07262;0.0006351;-11.351;-11.389;-31.971;1.00;-51.41;
2026-01-07 13:34:18.98;0.00:00:45:954;1.00;0.00;0.00;0.07348;0.07289;3.896E-05;-0.0001642;0.02;-0.06;99.21;0.22;99.21;0.07348;0.07289;0.0005823;-11.338;-11.373;-32.349;1.00;-76.65;
2026-01-07 13:34:19.02;0.00:00:46:000;1.00;0.00;0.00;0.07336;0.07278;3.68E-05;-0.0001627;0.01;-0.06;99.21;0.22;99.21;0.07336;0.07278;0.0005779;-11.345;-11.380;-32.381;1.00;-77.25;
2026-01-07 13:34:19.08;0.00:00:46:051;1.00;0.00;0.00;0.07294;0.0724;-5.559E-05;-0.000164;-0.02;-0.06;99.26;0.22;99.26;0.07294;0.0724;0.0005368;-11.370;-11.402;-32.701;1.00;-108.73;
2026-01-07 13:34:19.14;0.00:00:46:111;1.00;0.00;0.00;0.07327;0.07269;3.487E-05;-0.0001699;0.01;-0.07;99.20;0.23;99.20;0.07327;0.07269;0.0005862;-11.351;-11.385;-32.320;1.00;-78.41;
2026-01-07 13:34:19.20;0.00:00:46:172;1.00;0.00;0.00;0.07346;0.07282;0.0001035;-0.0001774;0.04;-0.07;99.14;0.24;99.14;0.07346;0.07282;0.0006351;-11.340;-11.377;-31.972;1.00;-59.74;
2026-01-07 13:34:19.25;0.00:00:46:221;1.00;0.00;0.00;0.07343;0.07292;-4.644E-05;-0.0001283;-0.02;-0.05;99.30;0.17;99.30;0.07343;0.07292;0.0005164;-11.341;-11.372;-32.870;1.00;-109.89;
2026-01-07 13:34:19.31;0.00:00:46:280;1.00;0.00;0.00;0.07359;0.07301;1.504E-05;-0.0001591;0.01;-0.06;99.21;0.22;99.21;0.07359;0.07301;0.0005809;-11.332;-11.366;-32.359;1.00;-84.60;
2026-01-07 13:34:19.35;0.00:00:46:330;1.00;0.00;0.00;0.0734;0.07279;8.914E-05;-0.000167;0.04;-0.07;99.18;0.23;99.18;0.0734;0.07279;0.0006054;-11.343;-11.379;-32.180;1.00;-61.91;
2026-01-07 13:34:19.40;0.00:00:46:377;1.00;0.00;0.00;0.0735;0.07288;7.275E-05;-0.0001809;0.03;-0.07;99.16;0.25;99.16;0.0735;0.07288;0.0006197;-11.337;-11.374;-32.078;1.00;-68.09;
2026-01-07 13:34:19.45;0.00:00:46:425;1.00;0.00;0.00;0.07353;0.07292;8.962E-05;-0.0001676;0.04;-0.07;99.16;0.23;99.16;0.07353;0.07292;0.0006176;-11.335;-11.372;-32.093;1.00;-61.87;
2026-01-07 13:34:19.50;0.00:00:46:471;1.00;0.00;0.00;0.07364;0.07302;8.915E-05;-0.0001733;0.03;-0.07;99.16;0.24;99.16;0.07364;0.07302;0.0006185;-11.329;-11.366;-32.086;1.00;-62.78;
2026-01-07 13:34:19.54;0.00:00:46:518;1.00;0.00;0.00;0.07362;0.07302;5.188E-05;-0.000171;0.02;-0.07;99.19;0.23;99.19;0.07362;0.07303;0.0005986;-11.330;-11.365;-32.228;1.00;-73.12;
2026-01-07 13:34:19.59;0.00:00:46:564;1.00;0.00;0.00;0.07363;0.07303;6.956E-05;-0.000161;0.03;-0.06;99.19;0.22;99.19;0.07363;0.07303;0.0005964;-11.330;-11.365;-32.245;1.00;-66.63;
2026-01-07 13:34:19.63;0.00:00:46:610;1.00;0.00;0.00;0.07341;0.07283;2.603E-05;-0.0001771;0.01;-0.07;99.21;0.24;99.21;0.07341;0.07283;0.000581;-11.342;-11.377;-32.359;1.00;-81.64;
2026-01-07 13:34:19.68;0.00:00:46:660;1.00;0.00;0.00;0.07337;0.07278;3.208E-05;-0.0001703;0.01;-0.07;99.19;0.23;99.19;0.07337;0.07278;0.0005931;-11.345;-11.380;-32.269;1.00;-79.33;
2026-01-07 13:34:19.74;0.00:00:46:720;1.00;0.00;0.00;0.0733;0.07269;8.445E-05;-0.000182;0.03;-0.07;99.17;0.25;99.17;0.0733;0.07269;0.000611;-11.349;-11.385;-32.140;1.00;-65.10;
2026-01-07 13:34:19.79;0.00:00:46:766;1.00;0.00;0.00;0.07326;0.07268;1.665E-05;-0.0001702;0.01;-0.07;99.21;0.23;99.21;0.07326;0.07268;0.0005801;-11.351;-11.386;-32.365;1.00;-84.41;
2026-01-07 13:34:19.84;0.00:00:46:813;1.00;0.00;0.00;0.07323;0.07263;6.54E-05;-0.000168;0.03;-0.07;99.18;0.23;99.18;0.07323;0.07263;0.0006016;-11.353;-11.389;-32.207;1.00;-68.73;
2026-01-07 13:34:19.90;0.00:00:46:873;1.00;0.00;0.00;0.07342;0.0728;8.84E-05;-0.0001689;0.03;-0.07;99.16;0.23;99.16;0.07342;0.0728;0.0006172;-11.342;-11.378;-32.096;1.00;-62.37;
2026-01-07 13:34:19.94;0.00:00:46:920;1.00;0.00;0.00;0.07333;0.07275;2.31E-05;-0.0001665;0.01;-0.07;99.21;0.23;99.21;0.07333;0.07275;0.0005769;-11.347;-11.381;-32.389;1.00;-82.10;
2026-01-07 13:34:19.99;0.00:00:46:968;1.00;0.00;0.00;0.07329;0.07268;7.317E-05;-0.0001752;0.03;-0.07;99.17;0.24;99.17;0.07329;0.07268;0.0006101;-11.350;-11.386;-32.146;1.00;-67.33;
2026-01-07 13:34:20.04;0.00:00:47:014;1.00;0.00;0.00;0.07335;0.07275;6.565E-05;-0.0001701;0.03;-0.07;99.19;0.23;99.19;0.07335;0.07275;0.000595;-11.346;-11.382;-32.255;1.00;-68.90;
2026-01-07 13:34:20.09;0.00:00:47:061;1.00;0.00;0.00;0.07334;0.07275;6.117E-05;-0.0001634;0.02;-0.06;99.19;0.22;99.19;0.07334;0.07275;0.0005918;-11.347;-11.382;-32.278;1.00;-69.47;
2026-01-07 13:34:20.13;0.00:00:47:108;1.00;0.00;0.00;0.07327;0.07267;7.138E-05;-0.0001718;0.03;-0.07;99.18;0.23;99.18;0.07327;0.07267;0.0006037;-11.351;-11.387;-32.192;1.00;-67.44;
2026-01-07 13:34:20.18;0.00:00:47:156;1.00;0.00;0.00;0.07337;0.07276;8.153E-05;-0.0001744;0.03;-0.07;99.17;0.24;99.17;0.07337;0.07276;0.0006091;-11.345;-11.381;-32.153;1.00;-64.94;
2026-01-07 13:34:20.23;0.00:00:47:204;1.00;0.00;0.00;0.07328;0.07269;3.388E-05;-0.0001662;0.01;-0.07;99.20;0.23;99.20;0.07328;0.07269;0.0005865;-11.350;-11.385;-32.317;1.00;-78.48;
2026-01-07 13:34:20.29;0.00:00:47:266;1.00;0.00;0.00;0.07316;0.07257;4.692E-05;-0.000173;0.02;-0.07;99.19;0.24;99.19;0.07316;0.07257;0.0005932;-11.357;-11.393;-32.268;1.00;-74.83;
2026-01-07 13:34:20.34;0.00:00:47:314;1.00;0.00;0.00;0.07321;0.0726;8.951E-05;-0.0001702;0.04;-0.07;99.17;0.23;99.17;0.07321;0.0726;0.0006091;-11.354;-11.391;-32.153;1.00;-62.26;
2026-01-07 13:34:20.39;0.00:00:47:361;1.00;0.00;0.00;0.07329;0.07268;5.549E-05;-0.0001752;0.02;-0.07;99.17;0.24;99.17;0.07329;0.07268;0.0006076;-11.349;-11.386;-32.164;1.00;-72.42;
2026-01-07 13:34:20.43;0.00:00:47:407;1.00;0.00;0.00;0.0733;0.07268;7.479E-05;-0.0001759;0.03;-0.07;99.15;0.24;99.15;0.0733;0.07268;0.0006207;-11.349;-11.386;-32.071;1.00;-66.97;
2026-01-07 13:34:20.48;0.00:00:47:454;1.00;0.00;0.00;0.07344;0.07283;9.21E-05;-0.0001678;0.04;-0.07;99.17;0.23;99.17;0.07344;0.07283;0.0006122;-11.341;-11.377;-32.131;1.00;-61.25;
2026-01-07 13:34:20.53;0.00:00:47:502;1.00;0.00;0.00;0.07352;0.07293;5.959E-05;-0.0001574;0.02;-0.06;99.21;0.21;99.21;0.07352;0.07293;0.0005839;-11.336;-11.371;-32.337;1.00;-69.26;
2026-01-07 13:34:20.57;0.00:00:47:549;1.00;0.00;0.00;0.07322;0.07262;4.997E-05;-0.0001685;0.02;-0.07;99.18;0.23;99.18;0.07322;0.07262;0.0005988;-11.354;-11.389;-32.227;1.00;-73.49;
2026-01-07 13:34:20.62;0.00:00:47:596;1.00;0.00;0.00;0.07307;0.07251;1.011E-05;-0.0001548;0.00;-0.06;99.23;0.21;99.23;0.07307;0.07251;0.0005644;-11.362;-11.396;-32.484;1.00;-86.26;
2026-01-07 13:34:20.67;0.00:00:47:645;1.00;0.00;0.00;0.07292;0.07232;6.121E-05;-0.0001673;0.02;-0.07;99.17;0.23;99.17;0.07292;0.07232;0.000602;-11.371;-11.407;-32.204;1.00;-69.90;
2026-01-07 13:34:20.73;0.00:00:47:703;1.00;0.00;0.00;0.07289;0.07229;6.26E-05;-0.0001632;0.02;-0.06;99.19;0.22;99.19;0.07289;0.0723;0.0005916;-11.374;-11.409;-32.279;1.00;-69.02;
2026-01-07 13:34:20.77;0.00:00:47:750;1.00;0.00;0.00;0.07308;0.0725;7.162E-05;-0.000159;0.03;-0.06;99.21;0.22;99.21;0.07308;0.0725;0.0005759;-11.362;-11.396;-32.396;1.00;-65.75;
2026-01-07 13:34:20.82;0.00:00:47:797;1.00;0.00;0.00;0.07297;0.07238;6.075E-05;-0.0001704;0.02;-0.07;99.19;0.23;99.19;0.07297;0.07238;0.0005892;-11.368;-11.404;-32.298;1.00;-70.38;
2026-01-07 13:34:20.87;0.00:00:47:847;1.00;0.00;0.00;0.07305;0.07244;6.535E-05;-0.0001733;0.03;-0.07;99.17;0.24;99.17;0.07305;0.07244;0.0006056;-11.364;-11.400;-32.178;1.00;-69.34;
2026-01-07 13:34:20.93;0.00:00:47:907;1.00;0.00;0.00;0.07341;0.07282;7.288E-05;-0.0001552;0.03;-0.06;99.19;0.21;99.19;0.07341;0.07282;0.0005916;-11.343;-11.378;-32.280;1.00;-64.85;
2026-01-07 13:34:20.98;0.00:00:47:953;1.00;0.00;0.00;0.07329;0.07271;2.522E-05;-0.0001647;0.01;-0.06;99.21;0.22;99.21;0.07329;0.07271;0.0005763;-11.350;-11.384;-32.393;1.00;-81.29;
2026-01-07 13:34:21.02;0.00:00:47:999;1.00;0.00;0.00;0.07316;0.07256;5.05E-05;-0.0001679;0.02;-0.07;99.19;0.23;99.19;0.07316;0.07256;0.0005959;-11.357;-11.393;-32.248;1.00;-73.26;
2026-01-07 13:34:21.07;0.00:00:48:047;1.00;0.00;0.00;0.07321;0.07259;0.0001089;-0.0001766;0.04;-0.07;99.15;0.24;99.15;0.07321;0.07259;0.0006214;-11.354;-11.391;-32.066;1.00;-58.34;
2026-01-07 13:34:21.12;0.00:00:48:093;1.00;0.00;0.00;0.07334;0.07272;8.572E-05;-0.00017;0.03;-0.07;99.15;0.23;99.15;0.07334;0.07272;0.0006243;-11.346;-11.383;-32.046;1.00;-63.24;
2026-01-07 13:34:21.16;0.00:00:48:140;1.00;0.00;0.00;0.07342;0.07282;6.882E-05;-0.000171;0.03;-0.07;99.18;0.23;99.18;0.07342;0.07282;0.0006008;-11.342;-11.378;-32.213;1.00;-68.08;
2026-01-07 13:34:21.21;0.00:00:48:187;1.00;0.00;0.00;0.07345;0.07286;5.015E-05;-0.0001632;0.02;-0.06;99.19;0.22;99.19;0.07345;0.07286;0.0005963;-11.340;-11.375;-32.245;1.00;-72.92;
2026-01-07 13:34:21.26;0.00:00:48:233;1.00;0.00;0.00;0.07342;0.07284;3.018E-05;-0.0001562;0.01;-0.06;99.22;0.21;99.22;0.07342;0.07284;0.000574;-11.342;-11.376;-32.411;1.00;-79.06;
2026-01-07 13:34:21.30;0.00:00:48:280;1.00;0.00;0.00;0.07319;0.07262;1.854E-05;-0.0001641;0.01;-0.06;99.21;0.22;99.21;0.07319;0.07262;0.0005781;-11.355;-11.390;-32.380;1.00;-83.55;
2026-01-07 13:34:21.35;0.00:00:48:328;1.00;0.00;0.00;0.0734;0.07277;0.0001035;-0.0001739;0.04;-0.07;99.14;0.24;99.14;0.0734;0.07277;0.0006323;-11.343;-11.381;-31.991;1.00;-59.25;
2026-01-07 13:34:21.40;0.00:00:48:373;1.00;0.00;0.00;0.0736;0.07299;7.396E-05;-0.0001657;0.03;-0.07;99.17;0.23;99.17;0.0736;0.07299;0.0006073;-11.331;-11.367;-32.166;1.00;-65.94;
2026-01-07 13:34:21.45;0.00:00:48:422;1.00;0.00;0.00;0.07368;0.07305;0.0001011;-0.0001848;0.04;-0.07;99.15;0.25;99.15;0.07368;0.07305;0.000629;-11.327;-11.364;-32.013;1.00;-61.32;
2026-01-07 13:34:21.51;0.00:00:48:482;1.00;0.00;0.00;0.07403;0.07335;0.0002414;-0.0001738;0.09;-0.07;99.09;0.23;99.09;0.07403;0.07335;0.000677;-11.306;-11.346;-31.694;1.00;-35.74;
2026-01-07 13:34:21.56;0.00:00:48:531;1.00;0.00;0.00;0.07319;0.07259;4.031E-05;-0.0001773;0.02;-0.07;99.18;0.24;99.18;0.07319;0.07259;0.000598;-11.356;-11.391;-32.233;1.00;-77.19;
2026-01-07 13:34:21.60;0.00:00:48:575;1.00;0.00;0.00;0.07313;0.07254;5.016E-05;-0.0001704;0.02;-0.07;99.20;0.23;99.19;0.07313;0.07254;0.0005887;-11.359;-11.394;-32.301;1.00;-73.60;
2026-01-07 13:34:21.65;0.00:00:48:626;1.00;0.00;0.00;0.07335;0.07279;2.695E-05;-0.0001506;0.01;-0.06;99.24;0.21;99.24;0.07335;0.07279;0.0005584;-11.346;-11.379;-32.530;1.00;-79.85;
2026-01-07 13:34:21.70;0.00:00:48:678;1.00;0.00;0.00;0.07317;0.07256;6.326E-05;-0.0001741;0.02;-0.07;99.16;0.24;99.16;0.07317;0.07256;0.0006156;-11.356;-11.393;-32.107;1.00;-70.04;
2026-01-07 13:34:21.75;0.00:00:48:728;1.00;0.00;0.00;0.07326;0.0727;-1.657E-05;-0.0001683;-0.01;-0.07;99.23;0.23;99.23;0.07326;0.0727;0.0005658;-11.351;-11.385;-32.474;1.00;-95.62;
2026-01-07 13:34:21.81;0.00:00:48:781;1.00;0.00;0.00;0.07309;0.07249;5.193E-05;-0.0001748;0.02;-0.07;99.17;0.24;99.17;0.07309;0.07249;0.000606;-11.361;-11.397;-32.175;1.00;-73.46;
2026-01-07 13:34:21.86;0.00:00:48:831;1.00;0.00;0.00;0.07289;0.07228;0.0001151;-0.0001682;0.05;-0.07;99.16;0.23;99.16;0.07289;0.07228;0.0006122;-11.373;-11.410;-32.131;1.00;-55.62;
2026-01-07 13:34:21.91;0.00:00:48:883;1.00;0.00;0.00;0.07312;0.07251;9.637E-05;-0.0001873;0.04;-0.07;99.16;0.26;99.16;0.07312;0.07251;0.0006121;-11.360;-11.396;-32.132;1.00;-62.77;
2026-01-07 13:34:21.96;0.00:00:48:932;1.00;0.00;0.00;0.07328;0.0727;5.89E-05;-0.0001599;0.02;-0.06;99.20;0.22;99.20;0.07328;0.0727;0.0005857;-11.350;-11.385;-32.324;1.00;-69.78;
2026-01-07 13:34:22.01;0.00:00:48:984;1.00;0.00;0.00;0.07333;0.07271;8.82E-05;-0.0001769;0.03;-0.07;99.15;0.24;99.15;0.07333;0.07271;0.0006197;-11.347;-11.384;-32.078;1.00;-63.50;
2026-01-07 13:34:22.06;0.00:00:49:035;1.00;0.00;0.00;0.07339;0.07279;6.745E-05;-0.0001749;0.03;-0.07;99.18;0.24;99.17;0.07339;0.07279;0.0006055;-11.343;-11.379;-32.179;1.00;-68.90;
2026-01-07 13:34:22.11;0.00:00:49:088;1.00;0.00;0.00;0.07329;0.0727;3.357E-05;-0.0001755;0.01;-0.07;99.20;0.24;99.20;0.07329;0.0727;0.0005853;-11.350;-11.384;-32.326;1.00;-79.17;
2026-01-07 13:34:22.16;0.00:00:49:137;1.00;0.00;0.00;0.07321;0.07257;0.0001317;-0.0001788;0.05;-0.07;99.13;0.24;99.13;0.07321;0.07257;0.0006392;-11.355;-11.393;-31.944;1.00;-53.63;
2026-01-07 13:34:22.21;0.00:00:49:190;1.00;0.00;0.00;0.0734;0.07276;0.0001028;-0.0001797;0.04;-0.07;99.13;0.24;99.13;0.0734;0.07276;0.0006384;-11.343;-11.381;-31.949;1.00;-60.21;
2026-01-07 13:34:22.27;0.00:00:49:250;1.00;0.00;0.00;0.07336;0.07276;6.704E-05;-0.0001684;0.03;-0.07;99.18;0.23;99.18;0.07336;0.07276;0.0006032;-11.345;-11.381;-32.196;1.00;-68.30;
2026-01-07 13:34:22.33;0.00:00:49:302;1.00;0.00;0.00;0.07341;0.07279;9.109E-05;-0.0001728;0.04;-0.07;99.16;0.24;99.16;0.07341;0.07279;0.000615;-11.343;-11.379;-32.111;1.00;-62.21;
2026-01-07 13:34:22.38;0.00:00:49:352;1.00;0.00;0.00;0.07347;0.07287;5.713E-05;-0.0001688;0.02;-0.07;99.19;0.23;99.19;0.07347;0.07287;0.0005916;-11.339;-11.374;-32.280;1.00;-71.30;
2026-01-07 13:34:22.43;0.00:00:49:403;1.00;0.00;0.00;0.07348;0.07287;5.483E-05;-0.0001644;0.02;-0.06;99.16;0.22;99.16;0.07348;0.07287;0.0006142;-11.338;-11.374;-32.117;1.00;-71.56;
2026-01-07 13:34:22.48;0.00:00:49:455;1.00;0.00;0.00;0.07334;0.07275;3.5E-05;-0.0001674;0.01;-0.07;99.19;0.23;99.19;0.07334;0.07275;0.0005925;-11.346;-11.382;-32.273;1.00;-78.19;
2026-01-07 13:34:22.53;0.00:00:49:507;1.00;0.00;0.00;0.07343;0.07281;9.107E-05;-0.0001675;0.04;-0.07;99.16;0.23;99.16;0.07343;0.07281;0.0006192;-11.341;-11.378;-32.082;1.00;-61.47;
2026-01-07 13:34:22.58;0.00:00:49:554;1.00;0.00;0.00;0.07347;0.07286;7.484E-05;-0.0001677;0.03;-0.07;99.17;0.23;99.17;0.07347;0.07286;0.0006074;-11.339;-11.375;-32.165;1.00;-65.95;
2026-01-07 13:34:22.63;0.00:00:49:608;1.00;0.00;0.00;0.07334;0.07273;6.532E-05;-0.0001675;0.03;-0.07;99.17;0.23;99.17;0.07334;0.07273;0.0006077;-11.347;-11.383;-32.163;1.00;-68.69;
2026-01-07 13:34:22.68;0.00:00:49:658;1.00;0.00;0.00;0.07333;0.07273;6.237E-05;-0.0001673;0.02;-0.07;99.18;0.23;99.18;0.07333;0.07273;0.0005986;-11.347;-11.383;-32.228;1.00;-69.56;
2026-01-07 13:34:22.73;0.00:00:49:710;1.00;0.00;0.00;0.07361;0.07298;0.0001336;-0.0001787;0.05;-0.07;99.14;0.24;99.14;0.07361;0.07298;0.000632;-11.331;-11.368;-31.993;1.00;-53.23;
2026-01-07 13:34:22.80;0.00:00:49:772;1.00;0.00;0.00;0.07368;0.07309;4.653E-05;-0.0001692;0.02;-0.07;99.20;0.23;99.20;0.07368;0.07309;0.0005888;-11.326;-11.361;-32.300;1.00;-74.63;
2026-01-07 13:34:22.85;0.00:00:49:821;1.00;0.00;0.00;0.073;0.0724;5.432E-05;-0.0001811;0.02;-0.07;99.17;0.25;99.17;0.073;0.0724;0.0006073;-11.366;-11.403;-32.166;1.00;-73.31;
2026-01-07 13:34:22.90;0.00:00:49:873;1.00;0.00;0.00;0.07317;0.07255;9.344E-05;-0.0001759;0.04;-0.07;99.15;0.24;99.15;0.07317;0.07256;0.0006197;-11.356;-11.393;-32.078;1.00;-62.03;
2026-01-07 13:34:22.95;0.00:00:49:924;1.00;0.00;0.00;0.07368;0.07301;0.0001305;-0.0001859;0.05;-0.07;99.10;0.25;99.10;0.07368;0.07302;0.0006652;-11.326;-11.366;-31.771;1.00;-54.93;
2026-01-07 13:34:23.00;0.00:00:49:975;1.00;0.00;0.00;0.07401;0.07341;7.556E-05;-0.0001536;0.03;-0.06;99.20;0.21;99.20;0.07401;0.07341;0.0005937;-11.307;-11.342;-32.264;1.00;-63.81;
2026-01-07 13:34:23.05;0.00:00:50:028;1.00;0.00;0.00;0.07343;0.07284;5.048E-05;-0.0001739;0.02;-0.07;99.18;0.24;99.18;0.07343;0.07284;0.000599;-11.341;-11.377;-32.226;1.00;-73.81;
2026-01-07 13:34:23.10;0.00:00:50:076;1.00;0.00;0.00;0.07352;0.07287;0.0001286;-0.0001914;0.05;-0.08;99.12;0.26;99.12;0.07352;0.07287;0.000647;-11.336;-11.374;-31.891;1.00;-56.11;
2026-01-07 13:34:23.15;0.00:00:50:129;1.00;0.00;0.00;0.0742;0.07359;7.774E-05;-0.0001773;0.03;-0.07;99.17;0.24;99.17;0.0742;0.07359;0.0006143;-11.296;-11.332;-32.116;1.00;-66.32;
2026-01-07 13:34:23.20;0.00:00:50:179;1.00;0.00;0.00;0.07414;0.07358;8.58E-07;-0.0001483;0.00;-0.06;99.25;0.20;99.25;0.07414;0.07358;0.0005573;-11.300;-11.332;-32.539;1.00;-89.67;
2026-01-07 13:34:23.26;0.00:00:50:231;1.00;0.00;0.00;0.07359;0.07303;2.042E-05;-0.0001591;0.01;-0.06;99.24;0.22;99.24;0.07359;0.07303;0.000562;-11.332;-11.365;-32.503;1.00;-82.68;
2026-01-07 13:34:23.31;0.00:00:50:282;1.00;0.00;0.00;0.07342;0.07282;5.187E-05;-0.0001777;0.02;-0.07;99.18;0.24;99.18;0.07342;0.07282;0.0006044;-11.342;-11.378;-32.187;1.00;-73.73;
2026-01-07 13:34:23.36;0.00:00:50:334;1.00;0.00;0.00;0.07336;0.07276;6.954E-05;-0.0001695;0.03;-0.07;99.18;0.23;99.18;0.07336;0.07276;0.0006029;-11.345;-11.381;-32.198;1.00;-67.70;
2026-01-07 13:34:23.41;0.00:00:50:384;1.00;0.00;0.00;0.07343;0.07282;6.918E-05;-0.0001724;0.03;-0.07;99.17;0.23;99.17;0.07343;0.07282;0.000606;-11.342;-11.378;-32.176;1.00;-68.14;
2026-01-07 13:34:23.47;0.00:00:50:446;1.00;0.00;0.00;0.07348;0.07286;7.626E-05;-0.0001667;0.03;-0.07;99.17;0.23;99.17;0.07348;0.07287;0.0006107;-11.339;-11.375;-32.142;1.00;-65.42;
2026-01-07 13:34:23.52;0.00:00:50:497;1.00;0.00;0.00;0.0732;0.07261;4.009E-05;-0.0001739;0.02;-0.07;99.19;0.24;99.19;0.0732;0.07261;0.0005899;-11.355;-11.390;-32.292;1.00;-77.02;
2026-01-07 13:34:23.58;0.00:00:50:551;1.00;0.00;0.00;0.07322;0.07261;7.82E-05;-0.0001785;0.03;-0.07;99.17;0.24;99.17;0.07322;0.07261;0.0006056;-11.354;-11.390;-32.178;1.00;-66.34;
2026-01-07 13:34:23.62;0.00:00:50:597;1.00;0.00;0.00;0.07311;0.07251;7.693E-05;-0.0001735;0.03;-0.07;99.18;0.24;99.18;0.07311;0.07251;0.0006012;-11.360;-11.396;-32.210;1.00;-66.08;
2026-01-07 13:34:23.67;0.00:00:50:645;1.00;0.00;0.00;0.07323;0.0726;0.000106;-0.0001795;0.04;-0.07;99.14;0.25;99.14;0.07323;0.0726;0.0006286;-11.353;-11.391;-32.016;1.00;-59.44;
2026-01-07 13:34:23.72;0.00:00:50:694;1.00;0.00;0.00;0.07322;0.07263;5.307E-05;-0.0001725;0.02;-0.07;99.18;0.24;99.18;0.07322;0.07263;0.0005971;-11.354;-11.389;-32.239;1.00;-72.90;
2026-01-07 13:34:23.78;0.00:00:50:755;1.00;0.00;0.00;0.07332;0.07267;0.0001422;-0.0001909;0.06;-0.08;99.12;0.26;99.12;0.07332;0.07267;0.0006441;-11.348;-11.386;-31.911;1.00;-53.32;
2026-01-07 13:34:23.84;0.00:00:50:817;1.00;0.00;0.00;0.07327;0.07269;4.721E-05;-0.0001668;0.02;-0.07;99.21;0.23;99.21;0.07327;0.07269;0.0005796;-11.351;-11.385;-32.369;1.00;-74.20;
2026-01-07 13:34:23.89;0.00:00:50:863;1.00;0.00;0.00;0.07327;0.07267;7.768E-05;-0.0001637;0.03;-0.06;99.18;0.22;99.18;0.07327;0.07267;0.0006012;-11.351;-11.387;-32.210;1.00;-64.61;
2026-01-07 13:34:23.93;0.00:00:50:909;1.00;0.00;0.00;0.07326;0.07267;4.049E-05;-0.0001645;0.02;-0.06;99.19;0.22;99.19;0.07326;0.07267;0.0005907;-11.351;-11.387;-32.286;1.00;-76.17;
2026-01-07 13:34:23.98;0.00:00:50:955;1.00;0.00;0.00;0.07324;0.07264;7.057E-05;-0.00016;0.03;-0.06;99.18;0.22;99.18;0.07324;0.07264;0.0006038;-11.352;-11.388;-32.191;1.00;-66.20;
2026-01-07 13:34:24.03;0.00:00:51:002;1.00;0.00;0.00;0.07318;0.07258;6.829E-05;-0.0001685;0.03;-0.07;99.19;0.23;99.19;0.07318;0.07258;0.0005929;-11.356;-11.392;-32.270;1.00;-67.93;
2026-01-07 13:34:24.07;0.00:00:51:050;1.00;0.00;0.00;0.07315;0.07253;6.864E-05;-0.0001767;0.03;-0.07;99.16;0.24;99.16;0.07315;0.07253;0.0006161;-11.358;-11.395;-32.104;1.00;-68.77;
2026-01-07 13:34:24.12;0.00:00:51:096;1.00;0.00;0.00;0.07323;0.07263;9.48E-05;-0.0001663;0.04;-0.07;99.17;0.23;99.17;0.07323;0.07263;0.0006088;-11.353;-11.389;-32.155;1.00;-60.31;
2026-01-07 13:34:24.17;0.00:00:51:144;1.00;0.00;0.00;0.07323;0.07262;8.569E-05;-0.0001733;0.03;-0.07;99.18;0.24;99.18;0.07323;0.07262;0.0006034;-11.353;-11.389;-32.194;1.00;-63.70;
2026-01-07 13:34:24.22;0.00:00:51:192;1.00;0.00;0.00;0.07325;0.07264;4.999E-05;-0.0001742;0.02;-0.07;99.16;0.24;99.16;0.07325;0.07264;0.0006147;-11.352;-11.388;-32.114;1.00;-73.99;
2026-01-07 13:34:24.26;0.00:00:51:238;1.00;0.00;0.00;0.07349;0.0729;5.906E-05;-0.0001679;0.02;-0.07;99.19;0.23;99.19;0.07349;0.0729;0.0005933;-11.338;-11.373;-32.268;1.00;-70.62;
2026-01-07 13:34:24.33;0.00:00:51:303;1.00;0.00;0.00;0.07346;0.07286;4.82E-05;-0.000165;0.02;-0.06;99.19;0.22;99.19;0.07346;0.07286;0.0005952;-11.340;-11.375;-32.254;1.00;-73.72;
2026-01-07 13:34:24.39;0.00:00:51:362;1.00;0.00;0.00;0.07318;0.07258;7.942E-05;-0.0001729;0.03;-0.07;99.17;0.24;99.17;0.07318;0.07258;0.0006066;-11.356;-11.392;-32.171;1.00;-65.33;
2026-01-07 13:34:24.43;0.00:00:51:409;1.00;0.00;0.00;0.07348;0.0729;5.681E-05;-0.0001547;0.02;-0.06;99.20;0.21;99.20;0.07348;0.0729;0.000588;-11.338;-11.373;-32.306;1.00;-69.84;
2026-01-07 13:34:24.48;0.00:00:51:456;1.00;0.00;0.00;0.07336;0.07274;6.235E-05;-0.0001837;0.02;-0.07;99.16;0.25;99.16;0.07336;0.07274;0.000613;-11.346;-11.382;-32.126;1.00;-71.25;
2026-01-07 13:34:24.53;0.00:00:51:503;1.00;0.00;0.00;0.07347;0.07285;7.806E-05;-0.0001748;0.03;-0.07;99.16;0.24;99.16;0.07347;0.07285;0.000614;-11.339;-11.376;-32.118;1.00;-65.94;
2026-01-07 13:34:24.57;0.00:00:51:549;1.00;0.00;0.00;0.07346;0.07287;3.744E-05;-0.0001636;0.01;-0.06;99.20;0.22;99.20;0.07346;0.07287;0.0005893;-11.339;-11.374;-32.296;1.00;-77.11;
2026-01-07 13:34:24.62;0.00:00:51:597;1.00;0.00;0.00;0.07341;0.07283;2.945E-05;-0.0001525;0.01;-0.06;99.21;0.21;99.21;0.07341;0.07284;0.0005776;-11.342;-11.377;-32.384;1.00;-79.07;
2026-01-07 13:34:24.67;0.00:00:51:643;1.00;0.00;0.00;0.07302;0.07235;0.0001787;-0.000199;0.07;-0.08;99.07;0.27;99.07;0.07302;0.07235;0.0006777;-11.365;-11.406;-31.689;1.00;-48.08;
2026-01-07 13:34:24.71;0.00:00:51:689;1.00;0.00;0.00;0.07333;0.07274;7.578E-05;-0.0001641;0.03;-0.06;99.19;0.22;99.19;0.07333;0.07274;0.0005925;-11.347;-11.383;-32.273;1.00;-65.22;
2026-01-07 13:34:24.78;0.00:00:51:751;1.00;0.00;0.00;0.07323;0.07261;8.432E-05;-0.0001859;0.03;-0.07;99.15;0.25;99.15;0.07323;0.07261;0.0006203;-11.353;-11.390;-32.074;1.00;-65.61;
2026-01-07 13:34:24.82;0.00:00:51:797;1.00;0.00;0.00;0.07348;0.07287;0.000104;-0.0001696;0.04;-0.07;99.17;0.23;99.17;0.07348;0.07287;0.0006093;-11.338;-11.374;-32.152;1.00;-58.49;
2026-01-07 13:34:24.87;0.00:00:51:846;1.00;0.00;0.00;0.07354;0.07294;4.398E-05;-0.0001728;0.02;-0.07;99.19;0.23;99.19;0.07354;0.07294;0.0005978;-11.335;-11.370;-32.234;1.00;-75.72;
2026-01-07 13:34:24.92;0.00:00:51:893;1.00;0.00;0.00;0.07306;0.0725;-2.444E-05;-0.0001721;-0.01;-0.07;99.24;0.24;99.24;0.07306;0.0725;0.0005585;-11.363;-11.397;-32.530;1.00;-98.08;
2026-01-07 13:34:24.98;0.00:00:51:955;1.00;0.00;0.00;0.07316;0.07256;7.274E-05;-0.0001725;0.03;-0.07;99.17;0.24;99.17;0.07316;0.07256;0.0006043;-11.357;-11.393;-32.188;1.00;-67.14;
2026-01-07 13:34:25.03;0.00:00:52:001;1.00;0.00;0.00;0.07312;0.07254;3.168E-05;-0.0001549;0.01;-0.06;99.21;0.21;99.21;0.07312;0.07254;0.00058;-11.360;-11.394;-32.366;1.00;-78.44;
2026-01-07 13:34:25.07;0.00:00:52:049;1.00;0.00;0.00;0.07297;0.07239;3.876E-05;-0.0001693;0.02;-0.07;99.20;0.23;99.20;0.07297;0.07239;0.0005872;-11.368;-11.403;-32.312;1.00;-77.10;
2026-01-07 13:34:25.13;0.00:00:52:109;1.00;0.00;0.00;0.07302;0.07242;8.132E-05;-0.0001653;0.03;-0.07;99.17;0.23;99.17;0.07302;0.07242;0.0006055;-11.365;-11.402;-32.179;1.00;-63.81;
2026-01-07 13:34:25.18;0.00:00:52:157;1.00;0.00;0.00;0.07319;0.07255;0.0001289;-0.0001812;0.05;-0.07;99.12;0.25;99.12;0.07319;0.07255;0.0006444;-11.355;-11.394;-31.909;1.00;-54.56;
2026-01-07 13:34:25.23;0.00:00:52:204;1.00;0.00;0.00;0.07333;0.07275;2.94E-05;-0.000149;0.01;-0.06;99.21;0.20;99.21;0.07333;0.07275;0.0005822;-11.347;-11.382;-32.349;1.00;-78.84;
2026-01-07 13:34:25.28;0.00:00:52:252;1.00;0.00;0.00;0.07303;0.07246;2.987E-06;-0.0001678;0.00;-0.07;99.22;0.23;99.22;0.07303;0.07246;0.0005728;-11.365;-11.399;-32.420;1.00;-88.98;
2026-01-07 13:34:25.34;0.00:00:52:312;1.00;0.00;0.00;0.07313;0.07252;7.832E-05;-0.0001657;0.03;-0.07;99.17;0.23;99.17;0.07313;0.07252;0.0006078;-11.359;-11.395;-32.162;1.00;-64.70;
2026-01-07 13:34:25.38;0.00:00:52:359;1.00;0.00;0.00;0.07331;0.0727;6.806E-05;-0.0001708;0.03;-0.07;99.16;0.23;99.16;0.07331;0.0727;0.0006159;-11.348;-11.385;-32.105;1.00;-68.27;
2026-01-07 13:34:25.43;0.00:00:52:406;1.00;0.00;0.00;0.07327;0.07268;6.635E-05;-0.0001612;0.03;-0.06;99.19;0.22;99.19;0.07327;0.07268;0.0005924;-11.351;-11.386;-32.274;1.00;-67.63;
2026-01-07 13:34:25.48;0.00:00:52:453;1.00;0.00;0.00;0.07328;0.07266;7.372E-05;-0.0001844;0.03;-0.07;99.15;0.25;99.15;0.07328;0.07266;0.0006215;-11.350;-11.387;-32.066;1.00;-68.21;
2026-01-07 13:34:25.52;0.00:00:52:499;1.00;0.00;0.00;0.07332;0.07272;4.761E-05;-0.0001741;0.02;-0.07;99.18;0.24;99.18;0.07332;0.07272;0.0006002;-11.348;-11.384;-32.217;1.00;-74.70;
2026-01-07 13:34:25.57;0.00:00:52:548;1.00;0.00;0.00;0.07331;0.07271;4.786E-05;-0.0001616;0.02;-0.06;99.19;0.22;99.19;0.07331;0.07271;0.000593;-11.349;-11.384;-32.269;1.00;-73.50;
2026-01-07 13:34:25.62;0.00:00:52:594;1.00;0.00;0.00;0.07337;0.07275;8.225E-05;-0.0001681;0.03;-0.07;99.16;0.23;99.16;0.07337;0.07275;0.0006177;-11.345;-11.381;-32.092;1.00;-63.92;
2026-01-07 13:34:25.67;0.00:00:52:641;1.00;0.00;0.00;0.0734;0.07279;4.77E-05;-0.0001682;0.02;-0.07;99.17;0.23;99.17;0.0734;0.07279;0.000609;-11.343;-11.380;-32.154;1.00;-74.16;
2026-01-07 13:34:25.71;0.00:00:52:686;1.00;0.00;0.00;0.07334;0.07274;5.829E-05;-0.0001687;0.02;-0.07;99.19;0.23;99.19;0.07334;0.07274;0.0005939;-11.347;-11.382;-32.263;1.00;-70.94;
2026-01-07 13:34:25.76;0.00:00:52:734;1.00;0.00;0.00;0.0733;0.07272;3.428E-05;-0.000162;0.01;-0.06;99.21;0.22;99.21;0.0733;0.07272;0.0005763;-11.349;-11.383;-32.394;1.00;-78.06;
2026-01-07 13:34:25.81;0.00:00:52:781;1.00;0.00;0.00;0.07315;0.07255;4.793E-05;-0.000171;0.02;-0.07;99.18;0.23;99.18;0.07315;0.07255;0.0005978;-11.358;-11.393;-32.234;1.00;-74.34;
2026-01-07 13:34:25.86;0.00:00:52:830;1.00;0.00;0.00;0.07311;0.07253;2.595E-05;-0.0001663;0.01;-0.07;99.21;0.23;99.21;0.07311;0.07253;0.0005789;-11.360;-11.395;-32.374;1.00;-81.13;
2026-01-07 13:34:25.90;0.00:00:52:876;1.00;0.00;0.00;0.07318;0.07256;8.406E-05;-0.0001767;0.03;-0.07;99.15;0.24;99.15;0.07318;0.07256;0.0006194;-11.356;-11.393;-32.080;1.00;-64.56;
2026-01-07 13:34:25.95;0.00:00:52:923;1.00;0.00;0.00;0.07333;0.0727;9.549E-05;-0.0001781;0.04;-0.07;99.14;0.24;99.14;0.07333;0.0727;0.0006285;-11.347;-11.384;-32.017;1.00;-61.80;
2026-01-07 13:34:26.01;0.00:00:52:985;1.00;0.00;0.00;0.07338;0.07279;5.725E-05;-0.0001631;0.02;-0.06;99.20;0.22;99.20;0.07338;0.07279;0.0005839;-11.344;-11.379;-32.336;1.00;-70.66;
2026-01-07 13:34:26.06;0.00:00:53:033;1.00;0.00;0.00;0.07336;0.07273;8.318E-05;-0.0001815;0.03;-0.07;99.15;0.25;99.15;0.07336;0.07273;0.000623;-11.346;-11.383;-32.055;1.00;-65.38;
2026-01-07 13:34:26.10;0.00:00:53:079;1.00;0.00;0.00;0.07339;0.0728;3.928E-05;-0.000163;0.02;-0.06;99.20;0.22;99.20;0.07339;0.0728;0.0005858;-11.344;-11.379;-32.322;1.00;-76.45;
2026-01-07 13:34:26.15;0.00:00:53:125;1.00;0.00;0.00;0.07325;0.07266;3.913E-05;-0.0001699;0.02;-0.07;99.19;0.23;99.19;0.07325;0.07266;0.000591;-11.352;-11.387;-32.284;1.00;-77.03;
2026-01-07 13:34:26.20;0.00:00:53:172;1.00;0.00;0.00;0.07326;0.07266;5.275E-05;-0.0001638;0.02;-0.06;99.18;0.22;99.18;0.07326;0.07266;0.0006016;-11.351;-11.387;-32.207;1.00;-72.15;
2026-01-07 13:34:26.24;0.00:00:53:219;1.00;0.00;0.00;0.07324;0.07262;9.795E-05;-0.000179;0.04;-0.07;99.15;0.24;99.15;0.07324;0.07262;0.0006215;-11.352;-11.389;-32.066;1.00;-61.32;
2026-01-07 13:34:26.29;0.00:00:53:265;1.00;0.00;0.00;0.07349;0.07287;0.0001014;-0.0001714;0.04;-0.07;99.17;0.23;99.17;0.07349;0.07287;0.0006114;-11.338;-11.374;-32.137;1.00;-59.40;
2026-01-07 13:34:26.34;0.00:00:53:313;1.00;0.00;0.00;0.07368;0.07307;6.857E-05;-0.0001756;0.03;-0.07;99.17;0.24;99.17;0.07368;0.07307;0.0006131;-11.326;-11.363;-32.125;1.00;-68.67;
2026-01-07 13:34:26.38;0.00:00:53:360;1.00;0.00;0.00;0.07364;0.0731;-1.501E-05;-0.0001354;-0.01;-0.05;99.27;0.18;99.27;0.07364;0.0731;0.0005397;-11.329;-11.361;-32.678;1.00;-96.32;
2026-01-07 13:34:26.43;0.00:00:53:408;1.00;0.00;0.00;0.07317;0.07261;1.911E-05;-0.0001605;0.01;-0.06;99.23;0.22;99.23;0.07317;0.07261;0.0005661;-11.357;-11.390;-32.471;1.00;-83.21;
2026-01-07 13:34:26.49;0.00:00:53:469;1.00;0.00;0.00;0.07325;0.07257;0.0001658;-0.0001964;0.07;-0.08;99.08;0.27;99.08;0.07325;0.07257;0.0006727;-11.352;-11.392;-31.722;1.00;-49.83;
2026-01-07 13:34:26.54;0.00:00:53:517;1.00;0.00;0.00;0.0738;0.07325;1.193E-05;-0.0001273;0.00;-0.05;99.25;0.17;99.25;0.0738;0.07325;0.0005515;-11.319;-11.352;-32.585;1.00;-84.65;
2026-01-07 13:34:26.59;0.00:00:53:563;1.00;0.00;0.00;0.07316;0.0726;-5.286E-05;-0.0001687;-0.02;-0.07;99.24;0.23;99.24;0.07316;0.0726;0.0005577;-11.357;-11.391;-32.536;1.00;-107.40;
2026-01-07 13:34:26.64;0.00:00:53:611;1.00;0.00;0.00;0.07343;0.07287;5.871E-06;-0.0001432;0.00;-0.06;99.23;0.19;99.23;0.07343;0.07287;0.0005648;-11.341;-11.375;-32.481;1.00;-87.65;
2026-01-07 13:34:26.70;0.00:00:53:673;1.00;0.00;0.00;0.07316;0.07256;5.592E-05;-0.0001687;0.02;-0.07;99.18;0.23;99.18;0.07316;0.07256;0.0006015;-11.357;-11.393;-32.208;1.00;-71.66;
2026-01-07 13:34:26.74;0.00:00:53:720;1.00;0.00;0.00;0.07316;0.07257;4.191E-05;-0.0001723;0.02;-0.07;99.20;0.24;99.20;0.07316;0.07257;0.0005821;-11.357;-11.392;-32.350;1.00;-76.33;
2026-01-07 13:34:26.79;0.00:00:53:766;1.00;0.00;0.00;0.07327;0.07267;8.668E-05;-0.000161;0.03;-0.06;99.17;0.22;99.17;0.07327;0.07267;0.0006051;-11.351;-11.387;-32.182;1.00;-61.71;
2026-01-07 13:34:26.84;0.00:00:53:814;1.00;0.00;0.00;0.07382;0.07308;0.0002729;-0.000207;0.11;-0.08;99.00;0.28;99.00;0.07382;0.07308;0.0007359;-11.318;-11.362;-31.332;1.00;-37.18;
2026-01-07 13:34:26.88;0.00:00:53:860;1.00;0.00;0.00;0.07402;0.07351;-8.245E-05;-0.0001352;-0.03;-0.05;99.32;0.18;99.32;0.07402;0.07351;0.0005056;-11.307;-11.336;-32.962;1.00;-121.38;
2026-01-07 13:34:26.95;0.00:00:53:921;1.00;0.00;0.00;0.07338;0.0728;1.989E-05;-0.0001722;0.01;-0.07;99.21;0.23;99.21;0.07338;0.0728;0.000583;-11.344;-11.379;-32.344;1.00;-83.41;
2026-01-07 13:34:26.99;0.00:00:53:969;1.00;0.00;0.00;0.07326;0.07266;4.993E-05;-0.000167;0.02;-0.07;99.19;0.23;99.19;0.07326;0.07266;0.0005926;-11.352;-11.387;-32.272;1.00;-73.35;
2026-01-07 13:34:27.04;0.00:00:54:017;1.00;0.00;0.00;0.07297;0.0724;2.156E-06;-0.0001604;0.00;-0.06;99.23;0.22;99.23;0.07297;0.0724;0.0005639;-11.369;-11.402;-32.488;1.00;-89.23;
2026-01-07 13:34:27.10;0.00:00:54:078;1.00;0.00;0.00;0.07294;0.07231;0.0001107;-0.0001824;0.04;-0.07;99.15;0.25;99.15;0.07294;0.07231;0.0006223;-11.371;-11.408;-32.060;1.00;-58.74;
2026-01-07 13:34:27.15;0.00:00:54:125;1.00;0.00;0.00;0.07313;0.07255;5.04E-05;-0.000165;0.02;-0.07;99.20;0.23;99.20;0.07313;0.07255;0.000586;-11.359;-11.394;-32.321;1.00;-73.01;
2026-01-07 13:34:27.20;0.00:00:54:172;1.00;0.00;0.00;0.07307;0.07247;8.117E-05;-0.0001719;0.03;-0.07;99.18;0.24;99.18;0.07307;0.07247;0.0005992;-11.363;-11.398;-32.224;1.00;-64.72;
2026-01-07 13:34:27.24;0.00:00:54:220;1.00;0.00;0.00;0.07308;0.0725;3.227E-05;-0.0001583;0.01;-0.06;99.21;0.22;99.21;0.07308;0.0725;0.000574;-11.362;-11.397;-32.411;1.00;-78.48;
2026-01-07 13:34:27.30;0.00:00:54:280;1.00;0.00;0.00;0.07286;0.07226;5.759E-05;-0.0001686;0.02;-0.07;99.19;0.23;99.19;0.07286;0.07226;0.0005928;-11.375;-11.411;-32.271;1.00;-71.14;
2026-01-07 13:34:27.35;0.00:00:54:327;1.00;0.00;0.00;0.07297;0.07232;0.0001392;-0.0001906;0.06;-0.08;99.11;0.26;99.11;0.07297;0.07232;0.0006469;-11.369;-11.407;-31.892;1.00;-53.86;
2026-01-07 13:34:27.40;0.00:00:54:375;1.00;0.00;0.00;0.07317;0.07258;5.584E-05;-0.000158;0.02;-0.06;99.19;0.22;99.19;0.07317;0.07258;0.0005903;-11.357;-11.392;-32.289;1.00;-70.54;
2026-01-07 13:34:27.45;0.00:00:54:423;1.00;0.00;0.00;0.07319;0.07256;0.000107;-0.0001869;0.04;-0.07;99.14;0.26;99.14;0.07319;0.07256;0.0006274;-11.356;-11.393;-32.024;1.00;-60.20;
2026-01-07 13:34:27.49;0.00:00:54:469;1.00;0.00;0.00;0.0732;0.07258;9.312E-05;-0.0001628;0.04;-0.06;99.15;0.22;99.15;0.0732;0.07258;0.0006192;-11.355;-11.392;-32.081;1.00;-60.23;
2026-01-07 13:34:27.54;0.00:00:54:515;1.00;0.00;0.00;0.0732;0.07255;0.0001018;-0.0001984;0.04;-0.08;99.12;0.27;99.12;0.0732;0.07255;0.0006468;-11.355;-11.394;-31.892;1.00;-62.84;
2026-01-07 13:34:27.59;0.00:00:54:565;1.00;0.00;0.00;0.07392;0.07328;0.0001362;-0.0001768;0.05;-0.07;99.12;0.24;99.12;0.07392;0.07328;0.0006469;-11.312;-11.350;-31.892;1.00;-52.39;
2026-01-07 13:34:27.64;0.00:00:54:616;1.00;0.00;0.00;0.07399;0.07345;-2.562E-05;-0.0001316;-0.01;-0.05;99.28;0.18;99.28;0.07399;0.07345;0.0005356;-11.308;-11.340;-32.711;1.00;-101.02;
2026-01-07 13:34:27.69;0.00:00:54:668;1.00;0.00;0.00;0.07359;0.07296;0.0001234;-0.0001714;0.05;-0.07;99.14;0.23;99.14;0.07359;0.07296;0.00063;-11.332;-11.369;-32.007;1.00;-54.25;
2026-01-07 13:34:27.74;0.00:00:54:717;1.00;0.00;0.00;0.07359;0.07302;2.562E-05;-0.0001514;0.01;-0.06;99.22;0.21;99.22;0.07359;0.07302;0.0005734;-11.332;-11.366;-32.415;1.00;-80.39;
2026-01-07 13:34:27.80;0.00:00:54:771;1.00;0.00;0.00;0.07353;0.0729;0.0001209;-0.0001717;0.05;-0.07;99.14;0.23;99.14;0.07353;0.0729;0.0006291;-11.335;-11.373;-32.013;1.00;-54.85;
2026-01-07 13:34:27.84;0.00:00:54:820;1.00;0.00;0.00;0.07344;0.07287;1.586E-05;-0.000171;0.01;-0.07;99.21;0.23;99.21;0.07344;0.07287;0.0005768;-11.340;-11.375;-32.390;1.00;-84.70;
2026-01-07 13:34:27.90;0.00:00:54:871;1.00;0.00;0.00;0.073;0.07242;2.215E-05;-0.0001726;0.01;-0.07;99.20;0.24;99.20;0.073;0.07242;0.0005819;-11.367;-11.402;-32.351;1.00;-82.69;
2026-01-07 13:34:27.95;0.00:00:54:924;1.00;0.00;0.00;0.07311;0.07247;0.0001405;-0.0001894;0.06;-0.07;99.12;0.26;99.12;0.07311;0.07247;0.00064;-11.360;-11.398;-31.938;1.00;-53.43;
2026-01-07 13:34:28.00;0.00:00:54:973;1.00;0.00;0.00;0.07328;0.07268;6.354E-05;-0.0001697;0.03;-0.07;99.19;0.23;99.19;0.07328;0.07268;0.0005945;-11.350;-11.386;-32.259;1.00;-69.48;
2026-01-07 13:34:28.05;0.00:00:55:024;1.00;0.00;0.00;0.07329;0.07269;5.243E-05;-0.0001635;0.02;-0.06;99.18;0.22;99.18;0.07329;0.07269;0.0005988;-11.349;-11.385;-32.227;1.00;-72.22;
2026-01-07 13:34:28.10;0.00:00:55:076;1.00;0.00;0.00;0.07364;0.07305;4.718E-05;-0.0001553;0.02;-0.06;99.21;0.21;99.21;0.07364;0.07306;0.0005825;-11.329;-11.363;-32.347;1.00;-73.10;
2026-01-07 13:34:28.15;0.00:00:55:128;1.00;0.00;0.00;0.07344;0.07286;1.238E-05;-0.0001568;0.00;-0.06;99.22;0.21;99.22;0.07344;0.07286;0.0005754;-11.341;-11.375;-32.400;1.00;-85.48;
2026-01-07 13:34:28.20;0.00:00:55:177;1.00;0.00;0.00;0.07351;0.07293;6.911E-05;-0.0001409;0.03;-0.06;99.20;0.19;99.20;0.07351;0.07293;0.0005872;-11.336;-11.371;-32.312;1.00;-63.87;
2026-01-07 13:34:28.25;0.00:00:55:229;1.00;0.00;0.00;0.07312;0.07256;-5.909E-05;-0.0001768;-0.02;-0.07;99.24;0.24;99.24;0.07312;0.07256;0.0005585;-11.360;-11.393;-32.530;1.00;-108.48;
2026-01-07 13:34:28.30;0.00:00:55:279;1.00;0.00;0.00;0.07322;0.07263;4.653E-05;-0.0001635;0.02;-0.06;99.19;0.22;99.19;0.07322;0.07263;0.0005918;-11.354;-11.389;-32.278;1.00;-74.11;
2026-01-07 13:34:28.36;0.00:00:55:332;1.00;0.00;0.00;0.07324;0.07261;9.332E-05;-0.0001828;0.04;-0.07;99.13;0.25;99.13;0.07324;0.07261;0.0006341;-11.352;-11.390;-31.978;1.00;-62.95;
2026-01-07 13:34:28.41;0.00:00:55:381;1.00;0.00;0.00;0.0738;0.07316;0.0001029;-0.0001873;0.04;-0.07;99.13;0.25;99.13;0.0738;0.07316;0.00064;-11.320;-11.358;-31.938;1.00;-61.21;
2026-01-07 13:34:28.46;0.00:00:55:435;1.00;0.00;0.00;0.07385;0.07334;-4.791E-05;-0.0001133;-0.02;-0.04;99.31;0.15;99.31;0.07385;0.07334;0.0005097;-11.316;-11.346;-32.927;1.00;-112.91;
2026-01-07 13:34:28.51;0.00:00:55:484;1.00;0.00;0.00;0.07322;0.07265;1.165E-05;-0.0001593;0.00;-0.06;99.21;0.22;99.21;0.07322;0.07265;0.0005772;-11.354;-11.388;-32.387;1.00;-85.82;
2026-01-07 13:34:28.56;0.00:00:55:535;1.00;0.00;0.00;0.07291;0.07233;1.274E-05;-0.0001682;0.01;-0.07;99.20;0.23;99.20;0.07291;0.07233;0.0005839;-11.372;-11.407;-32.336;1.00;-85.67;
2026-01-07 13:34:28.61;0.00:00:55:585;1.00;0.00;0.00;0.07325;0.07269;2.86E-05;-0.0001611;0.01;-0.06;99.24;0.22;99.24;0.07325;0.07269;0.0005588;-11.352;-11.385;-32.527;1.00;-79.94;
2026-01-07 13:34:28.66;0.00:00:55:638;1.00;0.00;0.00;0.07298;0.07242;2.71E-05;-0.0001622;0.01;-0.06;99.22;0.22;99.22;0.07298;0.07242;0.000567;-11.368;-11.402;-32.464;1.00;-80.51;
2026-01-07 13:34:28.72;0.00:00:55:691;1.00;0.00;0.00;0.07331;0.07268;0.0001098;-0.0001799;0.04;-0.07;99.13;0.25;99.13;0.07331;0.07268;0.0006362;-11.348;-11.386;-31.964;1.00;-58.60;
2026-01-07 13:34:28.76;0.00:00:55:735;1.00;0.00;0.00;0.07351;0.0729;8.645E-05;-0.0001724;0.03;-0.07;99.17;0.23;99.17;0.07351;0.0729;0.000613;-11.336;-11.373;-32.125;1.00;-63.37;
2026-01-07 13:34:28.81;0.00:00:55:786;1.00;0.00;0.00;0.07341;0.07286;-1.355E-05;-0.0001553;-0.01;-0.06;99.25;0.21;99.25;0.07341;0.07286;0.0005535;-11.342;-11.375;-32.569;1.00;-94.99;
2026-01-07 13:34:28.86;0.00:00:55:836;1.00;0.00;0.00;0.07283;0.07231;-7.883E-05;-0.0001532;-0.03;-0.06;99.29;0.21;99.29;0.07283;0.07231;0.0005177;-11.377;-11.408;-32.860;1.00;-117.22;
2026-01-07 13:34:28.91;0.00:00:55:888;1.00;0.00;0.00;0.07333;0.07277;2.816E-05;-0.0001427;0.01;-0.06;99.23;0.19;99.23;0.07333;0.07277;0.000561;-11.347;-11.381;-32.510;1.00;-78.84;
2026-01-07 13:34:28.96;0.00:00:55:938;1.00;0.00;0.00;0.07317;0.07257;5.998E-05;-0.0001708;0.02;-0.07;99.18;0.23;99.18;0.07317;0.07257;0.0006009;-11.357;-11.392;-32.212;1.00;-70.65;
2026-01-07 13:34:29.03;0.00:00:56:001;1.00;0.00;0.00;0.07316;0.07253;0.0001199;-0.0001685;0.05;-0.07;99.14;0.23;99.14;0.07316;0.07253;0.0006308;-11.357;-11.395;-32.001;1.00;-54.57;
2026-01-07 13:34:29.08;0.00:00:56:052;1.00;0.00;0.00;0.07324;0.07264;3.388E-05;-0.0001763;0.01;-0.07;99.19;0.24;99.19;0.07324;0.07264;0.0005926;-11.353;-11.388;-32.273;1.00;-79.12;
2026-01-07 13:34:29.13;0.00:00:56:103;1.00;0.00;0.00;0.07342;0.07274;0.0001933;-0.0002131;0.08;-0.08;99.08;0.29;99.08;0.07342;0.07274;0.0006749;-11.342;-11.382;-31.707;1.00;-47.79;
2026-01-07 13:34:29.18;0.00:00:56:154;1.00;0.00;0.00;0.07351;0.07288;0.0001166;-0.0001962;0.05;-0.08;99.14;0.27;99.14;0.07351;0.07288;0.0006315;-11.336;-11.374;-31.996;1.00;-59.27;
2026-01-07 13:34:29.23;0.00:00:56:206;1.00;0.00;0.00;0.07364;0.07306;1.176E-05;-0.0001607;0.00;-0.06;99.22;0.22;99.22;0.07364;0.07306;0.0005772;-11.329;-11.363;-32.387;1.00;-85.81;
2026-01-07 13:34:29.28;0.00:00:56:257;1.00;0.00;0.00;0.07339;0.07277;8.172E-05;-0.0001821;0.03;-0.07;99.16;0.25;99.16;0.07339;0.07277;0.0006169;-11.344;-11.380;-32.098;1.00;-65.83;
2026-01-07 13:34:29.33;0.00:00:56:307;1.00;0.00;0.00;0.0734;0.07282;3.099E-05;-0.0001616;0.01;-0.06;99.20;0.22;99.20;0.0734;0.07282;0.0005867;-11.343;-11.378;-32.316;1.00;-79.15;
2026-01-07 13:34:29.38;0.00:00:56:359;1.00;0.00;0.00;0.07345;0.07285;6.417E-05;-0.0001674;0.03;-0.07;99.18;0.23;99.17;0.07345;0.07285;0.0006058;-11.340;-11.376;-32.177;1.00;-69.03;
2026-01-07 13:34:29.44;0.00:00:56:411;1.00;0.00;0.00;0.07341;0.07281;4.15E-05;-0.0001709;0.02;-0.07;99.19;0.23;99.19;0.07341;0.07281;0.0005951;-11.343;-11.378;-32.254;1.00;-76.35;
2026-01-07 13:34:29.48;0.00:00:56:460;1.00;0.00;0.00;0.07333;0.07272;6.354E-05;-0.0001668;0.03;-0.07;99.18;0.23;99.17;0.07333;0.07272;0.0006049;-11.347;-11.383;-32.183;1.00;-69.15;
2026-01-07 13:34:29.54;0.00:00:56:512;1.00;0.00;0.00;0.07334;0.07272;8.719E-05;-0.0001795;0.03;-0.07;99.15;0.24;99.15;0.07334;0.07272;0.000621;-11.347;-11.384;-32.069;1.00;-64.10;
2026-01-07 13:34:29.59;0.00:00:56:569;1.00;0.00;0.00;0.07338;0.07276;6.825E-05;-0.0001742;0.03;-0.07;99.17;0.24;99.17;0.07338;0.07276;0.0006112;-11.345;-11.381;-32.138;1.00;-68.61;
2026-01-07 13:34:29.64;0.00:00:56:616;1.00;0.00;0.00;0.07343;0.07283;7.556E-05;-0.0001644;0.03;-0.06;99.18;0.22;99.18;0.07343;0.07283;0.0006019;-11.341;-11.377;-32.204;1.00;-65.31;
2026-01-07 13:34:29.69;0.00:00:56:663;1.00;0.00;0.00;0.07332;0.07269;6.981E-05;-0.0001805;0.03;-0.07;99.15;0.25;99.15;0.07332;0.07269;0.0006247;-11.348;-11.385;-32.043;1.00;-68.86;
2026-01-07 13:34:29.75;0.00:00:56:727;1.00;0.00;0.00;0.07344;0.07283;8.46E-05;-0.0001783;0.03;-0.07;99.17;0.24;99.17;0.07344;0.07283;0.000608;-11.341;-11.377;-32.161;1.00;-64.62;
2026-01-07 13:34:29.81;0.00:00:56:786;1.00;0.00;0.00;0.0736;0.07301;3.274E-05;-0.00017;0.01;-0.07;99.20;0.23;99.20;0.0736;0.07301;0.0005892;-11.331;-11.366;-32.297;1.00;-79.10;
2026-01-07 13:34:29.86;0.00:00:56:832;1.00;0.00;0.00;0.07324;0.07265;3.407E-05;-0.0001772;0.01;-0.07;99.19;0.24;99.19;0.07324;0.07265;0.0005913;-11.352;-11.388;-32.282;1.00;-79.11;
2026-01-07 13:34:29.90;0.00:00:56:878;1.00;0.00;0.00;0.07333;0.07271;9.418E-05;-0.0001663;0.04;-0.07;99.15;0.23;99.15;0.07333;0.07271;0.0006218;-11.347;-11.384;-32.064;1.00;-60.47;
2026-01-07 13:34:29.95;0.00:00:56:927;1.00;0.00;0.00;0.07333;0.07273;4.959E-05;-0.0001663;0.02;-0.07;99.18;0.23;99.18;0.07333;0.07273;0.0006026;-11.347;-11.383;-32.200;1.00;-73.39;
2026-01-07 13:34:30.00;0.00:00:56:973;1.00;0.00;0.00;0.07322;0.07262;6.735E-05;-0.0001717;0.03;-0.07;99.18;0.23;99.18;0.07322;0.07262;0.0006032;-11.354;-11.390;-32.196;1.00;-68.58;
2026-01-07 13:34:30.04;0.00:00:57:020;1.00;0.00;0.00;0.07325;0.07263;7.671E-05;-0.000174;0.03;-0.07;99.15;0.24;99.15;0.07325;0.07263;0.00062;-11.352;-11.389;-32.076;1.00;-66.21;
2026-01-07 13:34:30.09;0.00:00:57:067;1.00;0.00;0.00;0.07369;0.0731;6.314E-05;-0.0001633;0.02;-0.06;99.20;0.22;99.20;0.07369;0.0731;0.0005893;-11.326;-11.361;-32.297;1.00;-68.87;
2026-01-07 13:34:30.14;0.00:00:57:113;1.00;0.00;0.00;0.07349;0.0729;9.662E-06;-0.00017;0.00;-0.07;99.20;0.23;99.20;0.07349;0.0729;0.0005913;-11.338;-11.373;-32.282;1.00;-86.75;
2026-01-07 13:34:30.18;0.00:00:57:159;1.00;0.00;0.00;0.07345;0.07284;7.006E-05;-0.0001663;0.03;-0.07;99.18;0.23;99.18;0.07345;0.07284;0.0006056;-11.340;-11.376;-32.178;1.00;-67.15;
2026-01-07 13:34:30.23;0.00:00:57:206;1.00;0.00;0.00;0.07347;0.07291;2.786E-05;-0.0001527;0.01;-0.06;99.23;0.21;99.23;0.07347;0.07291;0.0005675;-11.339;-11.372;-32.460;1.00;-79.66;
2026-01-07 13:34:30.28;0.00:00:57:253;1.00;0.00;0.00;0.0732;0.0726;4.97E-05;-0.0001729;0.02;-0.07;99.18;0.24;99.18;0.0732;0.0726;0.0005999;-11.355;-11.390;-32.219;1.00;-73.97;
2026-01-07 13:34:30.34;0.00:00:57:314;1.00;0.00;0.00;0.0732;0.07259;7.606E-05;-0.000173;0.03;-0.07;99.17;0.24;99.17;0.0732;0.07259;0.0006085;-11.355;-11.391;-32.157;1.00;-66.27;
2026-01-07 13:34:30.39;0.00:00:57:361;1.00;0.00;0.00;0.07335;0.07272;9.798E-05;-0.0001718;0.04;-0.07;99.15;0.23;99.15;0.07335;0.07272;0.0006219;-11.346;-11.383;-32.063;1.00;-60.30;
2026-01-07 13:34:30.43;0.00:00:57:409;1.00;0.00;0.00;0.07332;0.07271;7.056E-05;-0.0001707;0.03;-0.07;99.17;0.23;99.17;0.07332;0.07271;0.0006065;-11.348;-11.384;-32.172;1.00;-67.54;
2026-01-07 13:34:30.48;0.00:00:57:456;1.00;0.00;0.00;0.07347;0.07283;0.0001379;-0.0001897;0.05;-0.07;99.13;0.26;99.13;0.07347;0.07283;0.0006408;-11.339;-11.377;-31.933;1.00;-53.98;
2026-01-07 13:34:30.54;0.00:00:57:519;1.00;0.00;0.00;0.07357;0.07296;6.87E-05;-0.0001767;0.03;-0.07;99.17;0.24;99.17;0.07357;0.07296;0.0006105;-11.333;-11.369;-32.143;1.00;-68.75;
2026-01-07 13:34:30.59;0.00:00:57:565;1.00;0.00;0.00;0.07359;0.07299;5.061E-05;-0.0001656;0.02;-0.06;99.19;0.22;99.19;0.07359;0.07299;0.0005989;-11.332;-11.367;-32.227;1.00;-73.00;
2026-01-07 13:34:30.64;0.00:00:57:612;1.00;0.00;0.00;0.07328;0.0727;3.378E-05;-0.0001618;0.01;-0.06;99.20;0.22;99.20;0.07328;0.0727;0.000586;-11.350;-11.385;-32.321;1.00;-78.21;
2026-01-07 13:34:30.68;0.00:00:57:658;1.00;0.00;0.00;0.07302;0.07245;8.394E-06;-0.0001671;0.00;-0.07;99.22;0.23;99.22;0.07302;0.07245;0.0005711;-11.365;-11.399;-32.433;1.00;-87.12;
2026-01-07 13:34:30.73;0.00:00:57:705;1.00;0.00;0.00;0.07304;0.07243;9.871E-05;-0.0001786;0.04;-0.07;99.16;0.24;99.16;0.07304;0.07243;0.0006101;-11.364;-11.401;-32.146;1.00;-61.07;
2026-01-07 13:34:30.79;0.00:00:57:765;1.00;0.00;0.00;0.07341;0.07279;9.094E-05;-0.0001731;0.04;-0.07;99.15;0.24;99.15;0.07341;0.07279;0.0006231;-11.342;-11.379;-32.055;1.00;-62.29;
2026-01-07 13:34:30.84;0.00:00:57:814;1.00;0.00;0.00;0.07327;0.07269;3.39E-05;-0.0001711;0.01;-0.07;99.20;0.23;99.20;0.07327;0.07269;0.0005827;-11.351;-11.385;-32.346;1.00;-78.80;
2026-01-07 13:34:30.89;0.00:00:57:861;1.00;0.00;0.00;0.07322;0.07262;5.002E-05;-0.0001679;0.02;-0.07;99.18;0.23;99.18;0.07322;0.07262;0.0005981;-11.354;-11.390;-32.232;1.00;-73.41;
2026-01-07 13:34:30.93;0.00:00:57:907;1.00;0.00;0.00;0.07333;0.0727;9.887E-05;-0.0001781;0.04;-0.07;99.14;0.24;99.14;0.07333;0.0727;0.0006288;-11.347;-11.384;-32.015;1.00;-60.96;
2026-01-07 13:34:30.98;0.00:00:57:954;1.00;0.00;0.00;0.07358;0.07296;8.344E-05;-0.0001755;0.03;-0.07;99.16;0.24;99.16;0.07358;0.07296;0.0006175;-11.333;-11.369;-32.094;1.00;-64.58;
2026-01-07 13:34:31.03;0.00:00:58:003;1.00;0.00;0.00;0.07359;0.07299;5.884E-05;-0.0001639;0.02;-0.06;99.19;0.22;99.19;0.07359;0.07299;0.000596;-11.332;-11.367;-32.248;1.00;-70.26;
2026-01-07 13:34:31.07;0.00:00:58:050;1.00;0.00;0.00;0.07346;0.07287;6.765E-05;-0.0001719;0.03;-0.07;99.20;0.23;99.20;0.07346;0.07287;0.0005879;-11.339;-11.374;-32.307;1.00;-68.52;
2026-01-07 13:34:31.12;0.00:00:58:097;1.00;0.00;0.00;0.07346;0.07285;5.286E-05;-0.0001677;0.02;-0.07;99.18;0.23;99.18;0.07346;0.07286;0.0006028;-11.340;-11.375;-32.198;1.00;-72.50;
2026-01-07 13:34:31.17;0.00:00:58:144;1.00;0.00;0.00;0.07349;0.07288;7.453E-05;-0.0001712;0.03;-0.07;99.17;0.23;99.17;0.07349;0.07288;0.0006091;-11.338;-11.374;-32.153;1.00;-66.48;
2026-01-07 13:34:31.21;0.00:00:58:190;1.00;0.00;0.00;0.07352;0.07294;3.548E-05;-0.0001567;0.01;-0.06;99.22;0.21;99.22;0.07352;0.07294;0.0005759;-11.336;-11.370;-32.397;1.00;-77.25;
2026-01-07 13:34:31.26;0.00:00:58:237;1.00;0.00;0.00;0.07335;0.07274;5.023E-05;-0.0001818;0.02;-0.07;99.17;0.25;99.17;0.07335;0.07275;0.0006065;-11.346;-11.382;-32.171;1.00;-74.55;
2026-01-07 13:34:31.31;0.00:00:58:285;1.00;0.00;0.00;0.07342;0.07283;6.115E-05;-0.0001585;0.02;-0.06;99.19;0.22;99.19;0.07342;0.07283;0.0005939;-11.342;-11.377;-32.263;1.00;-68.91;
2026-01-07 13:34:31.36;0.00:00:58:331;1.00;0.00;0.00;0.07328;0.07268;5.248E-05;-0.0001676;0.02;-0.07;99.18;0.23;99.18;0.07328;0.07268;0.0005987;-11.350;-11.386;-32.228;1.00;-72.61;
2026-01-07 13:34:31.40;0.00:00:58:378;1.00;0.00;0.00;0.07321;0.07261;5.815E-05;-0.0001748;0.02;-0.07;99.18;0.24;99.18;0.07321;0.07261;0.0006011;-11.354;-11.390;-32.210;1.00;-71.60;
2026-01-07 13:34:31.45;0.00:00:58:425;1.00;0.00;0.00;0.07336;0.07274;7.466E-05;-0.0001704;0.03;-0.07;99.15;0.23;99.15;0.07336;0.07274;0.0006204;-11.345;-11.382;-32.073;1.00;-66.34;
2026-01-07 13:34:31.50;0.00:00:58:471;1.00;0.00;0.00;0.07337;0.07277;6.376E-05;-0.0001731;0.03;-0.07;99.19;0.24;99.19;0.07337;0.07277;0.000596;-11.345;-11.380;-32.247;1.00;-69.78;
2026-01-07 13:34:31.55;0.00:00:58:521;1.00;0.00;0.00;0.0734;0.07282;5.029E-05;-0.0001651;0.02;-0.06;99.20;0.22;99.20;0.0734;0.07282;0.0005873;-11.343;-11.378;-32.312;1.00;-73.06;
2026-01-07 13:34:31.59;0.00:00:58:568;1.00;0.00;0.00;0.07335;0.07274;4.939E-05;-0.0001743;0.02;-0.07;99.17;0.24;99.17;0.07335;0.07274;0.0006113;-11.346;-11.382;-32.137;1.00;-74.18;
2026-01-07 13:34:31.64;0.00:00:58:616;1.00;0.00;0.00;0.07331;0.07271;5.238E-05;-0.0001696;0.02;-0.07;99.18;0.23;99.18;0.07331;0.07271;0.000601;-11.349;-11.384;-32.211;1.00;-72.83;
2026-01-07 13:34:31.69;0.00:00:58:668;1.00;0.00;0.00;0.0733;0.07271;5.868E-05;-0.0001693;0.02;-0.07;99.20;0.23;99.20;0.0733;0.07271;0.0005894;-11.349;-11.384;-32.296;1.00;-70.89;
2026-01-07 13:34:31.74;0.00:00:58:719;1.00;0.00;0.00;0.07326;0.07266;7.064E-05;-0.0001744;0.03;-0.07;99.18;0.24;99.18;0.07326;0.07266;0.0006004;-11.351;-11.387;-32.216;1.00;-67.95;
2026-01-07 13:34:31.79;0.00:00:58:770;1.00;0.00;0.00;0.07333;0.07271;7.196E-05;-0.0001721;0.03;-0.07;99.17;0.23;99.17;0.07333;0.07272;0.00061;-11.347;-11.384;-32.147;1.00;-67.30;
2026-01-07 13:34:31.84;0.00:00:58:820;1.00;0.00;0.00;0.07334;0.07274;6.04E-05;-0.0001733;0.02;-0.07;99.18;0.24;99.18;0.07334;0.07274;0.0006039;-11.347;-11.382;-32.190;1.00;-70.78;
2026-01-07 13:34:31.91;0.00:00:58:882;1.00;0.00;0.00;0.0733;0.0727;6.369E-05;-0.0001668;0.03;-0.07;99.18;0.23;99.18;0.0733;0.0727;0.0005995;-11.349;-11.385;-32.222;1.00;-69.10;
2026-01-07 13:34:31.96;0.00:00:58:932;1.00;0.00;0.00;0.07325;0.07263;8.235E-05;-0.0001935;0.03;-0.08;99.15;0.26;99.15;0.07325;0.07263;0.0006249;-11.352;-11.389;-32.042;1.00;-66.95;
2026-01-07 13:34:32.01;0.00:00:58:984;1.00;0.00;0.00;0.07362;0.07297;0.0001428;-0.0001733;0.06;-0.07;99.12;0.24;99.12;0.07362;0.07297;0.0006491;-11.330;-11.368;-31.877;1.00;-50.52;
2026-01-07 13:34:32.06;0.00:00:59:036;1.00;0.00;0.00;0.07352;0.0729;6.087E-05;-0.0001857;0.02;-0.07;99.16;0.25;99.16;0.07352;0.0729;0.0006188;-11.336;-11.373;-32.084;1.00;-71.85;
2026-01-07 13:34:32.11;0.00:00:59:088;1.00;0.00;0.00;0.07364;0.07302;9.295E-05;-0.0001764;0.04;-0.07;99.16;0.24;99.16;0.07364;0.07302;0.0006205;-11.329;-11.365;-32.072;1.00;-62.21;
2026-01-07 13:34:32.16;0.00:00:59:139;1.00;0.00;0.00;0.07355;0.07291;0.0001094;-0.0001734;0.04;-0.07;99.13;0.24;99.13;0.07355;0.07291;0.0006393;-11.334;-11.372;-31.943;1.00;-57.75;
2026-01-07 13:34:32.21;0.00:00:59:188;1.00;0.00;0.00;0.0736;0.07301;5.072E-05;-0.0001618;0.02;-0.06;99.20;0.22;99.20;0.0736;0.07301;0.0005907;-11.331;-11.366;-32.286;1.00;-72.59;
2026-01-07 13:34:32.27;0.00:00:59:241;1.00;0.00;0.00;0.07356;0.07296;6.554E-05;-0.0001744;0.03;-0.07;99.18;0.24;99.18;0.07356;0.07296;0.0006019;-11.334;-11.369;-32.205;1.00;-69.40;
2026-01-07 13:34:32.32;0.00:00:59:292;1.00;0.00;0.00;0.07353;0.07295;5.111E-05;-0.0001682;0.02;-0.07;99.21;0.23;99.21;0.07353;0.07295;0.000584;-11.335;-11.370;-32.336;1.00;-73.10;
2026-01-07 13:34:32.37;0.00:00:59:342;1.00;0.00;0.00;0.07332;0.0727;6.455E-05;-0.0001944;0.03;-0.08;99.17;0.27;99.17;0.07332;0.0727;0.0006114;-11.348;-11.384;-32.137;1.00;-71.63;
2026-01-07 13:34:32.42;0.00:00:59:394;1.00;0.00;0.00;0.07337;0.07275;7.772E-05;-0.0001831;0.03;-0.07;99.16;0.25;99.16;0.07337;0.07275;0.0006157;-11.345;-11.381;-32.106;1.00;-67.00;
2026-01-07 13:34:32.47;0.00:00:59:445;1.00;0.00;0.00;0.07365;0.07305;7.898E-05;-0.0001647;0.03;-0.06;99.19;0.22;99.19;0.07365;0.07305;0.000597;-11.328;-11.364;-32.240;1.00;-64.38;
2026-01-07 13:34:32.52;0.00:00:59:498;1.00;0.00;0.00;0.07356;0.07298;2.852E-05;-0.0001688;0.01;-0.07;99.20;0.23;99.20;0.07356;0.07298;0.0005854;-11.333;-11.368;-32.326;1.00;-80.41;
2026-01-07 13:34:32.57;0.00:00:59:549;1.00;0.00;0.00;0.07342;0.07282;4.181E-05;-0.0001737;0.02;-0.07;99.19;0.24;99.19;0.07342;0.07282;0.0005922;-11.342;-11.377;-32.276;1.00;-76.46;
2026-01-07 13:34:32.62;0.00:00:59:600;1.00;0.00;0.00;0.07344;0.07281;8.803E-05;-0.000181;0.03;-0.07;99.15;0.25;99.15;0.07344;0.07281;0.0006261;-11.341;-11.378;-32.034;1.00;-64.07;
2026-01-07 13:34:32.68;0.00:00:59:651;1.00;0.00;0.00;0.07375;0.07316;4.662E-05;-0.0001611;0.02;-0.06;99.20;0.22;99.20;0.07375;0.07316;0.0005915;-11.322;-11.357;-32.280;1.00;-73.86;
2026-01-07 13:34:32.73;0.00:00:59:703;1.00;0.00;0.00;0.07352;0.07294;1.574E-05;-0.0001719;0.01;-0.07;99.21;0.23;99.21;0.07352;0.07294;0.0005776;-11.336;-11.370;-32.383;1.00;-84.77;
2026-01-07 13:34:32.78;0.00:00:59:753;1.00;0.00;0.00;0.07355;0.07296;4.483E-05;-0.0001619;0.02;-0.06;99.20;0.22;99.20;0.07355;0.07296;0.0005859;-11.334;-11.369;-32.321;1.00;-74.52;
2026-01-07 13:34:32.83;0.00:00:59:804;1.00;0.00;0.00;0.07327;0.0727;1.354E-05;-0.0001721;0.01;-0.07;99.22;0.23;99.22;0.07327;0.0727;0.000571;-11.351;-11.385;-32.434;1.00;-85.50;
2026-01-07 13:34:32.88;0.00:00:59:856;1.00;0.00;0.00;0.07335;0.07273;7.926E-05;-0.0001816;0.03;-0.07;99.16;0.25;99.16;0.07335;0.07273;0.0006176;-11.346;-11.383;-32.093;1.00;-66.42;
2026-01-07 13:34:32.93;0.00:00:59:906;1.00;0.00;0.00;0.07353;0.07291;9.53E-05;-0.0001655;0.04;-0.07;99.16;0.23;99.16;0.07353;0.07291;0.0006202;-11.336;-11.372;-32.075;1.00;-60.07;
2026-01-07 13:34:32.98;0.00:00:59:958;1.00;0.00;0.00;0.07363;0.07303;6.788E-05;-0.000168;0.03;-0.07;99.18;0.23;99.18;0.07363;0.07303;0.0006013;-11.330;-11.365;-32.209;1.00;-68.00;
2026-01-07 13:34:33.03;0.00:01:00:010;1.00;0.00;0.00;0.07363;0.07301;5.069E-05;-0.000171;0.02;-0.07;99.16;0.23;99.16;0.07363;0.07301;0.000617;-11.330;-11.366;-32.097;1.00;-73.49;
