Device : ;PAX1000IR1
Serial Number : ;M00974113
Firmware Version : ;1.0.13
Software Version : ;1.4.2002.183
Wavelength [nm] : ;780
Basic Sample Rate [Hz] : ;60
Operating Mode : ;1 revolution for one measurement, 2048 points for FFT

Time[date hh:mm:ss] ; Elapsed Time [hh:mm:ss:ms]; Normalized s 1 ; Normalized s 2 ; Normalized s 3 ; S 0 [mW]; S 1 [mW]; S 2 [mW]; S 3 [mW]; Azimuth[°] ; Ellipticity[°] ; DOP[%] ; DOCP[%] ; DOLP[%] ; Power[mW] ; Pol Power[mW] ; Unpol Power[mW] ; Power[dBm] ; Pol Power[dBm] ; Unpol Power[dBm] ; Power-Split-Ratio ; Phase Difference[°] ; Warning
2026-01-07 15:50:50.87;0.00:00:00:053;0.01;0.02;-1.00;0.06243;0.0004378;0.001311;-0.06233;35.77;-44.36;99.87;99.84;2.21;0.06243;0.06234;8.199E-05;-12.046;-12.052;-40.862;0.50;-88.80;
2026-01-07 15:50:50.92;0.00:00:00:102;0.01;0.02;-1.00;0.06237;0.000422;0.001344;-0.06228;36.29;-44.35;99.88;99.85;2.26;0.06237;0.0623;7.693E-05;-12.050;-12.055;-41.139;0.50;-88.76;
2026-01-07 15:50:50.97;0.00:00:00:151;0.01;0.02;-1.00;0.06253;0.000418;0.001376;-0.06243;36.55;-44.34;99.87;99.84;2.30;0.06253;0.06245;8.389E-05;-12.039;-12.045;-40.763;0.50;-88.74;
2026-01-07 15:50:51.02;0.00:00:00:198;0.01;0.02;-1.00;0.06257;0.0004295;0.001361;-0.06247;36.24;-44.35;99.87;99.85;2.28;0.06257;0.06249;7.992E-05;-12.037;-12.042;-40.973;0.50;-88.75;
2026-01-07 15:50:51.07;0.00:00:00:250;0.01;0.02;-1.00;0.06251;0.0004269;0.001322;-0.06241;36.05;-44.36;99.87;99.85;2.22;0.06251;0.06242;8.132E-05;-12.041;-12.046;-40.898;0.50;-88.79;
2026-01-07 15:50:51.12;0.00:00:00:300;0.01;0.02;-1.00;0.06242;0.0004291;0.001322;-0.06232;36.01;-44.36;99.87;99.84;2.23;0.06242;0.06233;8.223E-05;-12.047;-12.053;-40.850;0.50;-88.79;
2026-01-07 15:50:51.17;0.00:00:00:346;0.01;0.02;-1.00;0.06239;0.000419;0.00135;-0.06229;36.38;-44.35;99.87;99.84;2.27;0.06239;0.06231;8.273E-05;-12.049;-12.054;-40.823;0.50;-88.76;
2026-01-07 15:50:51.22;0.00:00:00:395;0.01;0.02;-1.00;0.06241;0.0004305;0.001335;-0.06231;36.07;-44.36;99.87;99.84;2.25;0.06241;0.06233;8.105E-05;-12.047;-12.053;-40.913;0.50;-88.77;
2026-01-07 15:50:51.26;0.00:00:00:442;0.01;0.02;-1.00;0.06245;0.0004084;0.001379;-0.06235;36.75;-44.34;99.86;99.84;2.30;0.06245;0.06237;8.484E-05;-12.044;-12.050;-40.714;0.50;-88.73;
2026-01-07 15:50:51.31;0.00:00:00:491;0.01;0.02;-1.00;0.0626;0.0004151;0.001379;-0.06251;36.62;-44.34;99.87;99.84;2.30;0.0626;0.06252;8.29E-05;-12.034;-12.040;-40.814;0.50;-88.74;
2026-01-07 15:50:51.36;0.00:00:00:540;0.01;0.02;-1.00;0.0627;0.0004198;0.001377;-0.06259;36.52;-44.34;99.87;99.84;2.30;0.0627;0.06261;8.451E-05;-12.028;-12.033;-40.731;0.50;-88.74;
2026-01-07 15:50:51.41;0.00:00:00:588;0.01;0.02;-1.00;0.06255;0.0004555;0.001279;-0.06246;35.20;-44.38;99.88;99.86;2.17;0.06255;0.06247;7.499E-05;-12.038;-12.043;-41.250;0.50;-88.83;
2026-01-07 15:50:51.46;0.00:00:00:634;0.01;0.02;-1.00;0.06244;0.0004197;0.001335;-0.06234;36.27;-44.36;99.87;99.84;2.24;0.06244;0.06236;8.154E-05;-12.045;-12.051;-40.887;0.50;-88.77;
2026-01-07 15:50:51.51;0.00:00:00:686;0.01;0.02;-1.00;0.06279;0.0004324;0.001391;-0.06269;36.36;-44.33;99.87;99.84;2.32;0.06279;0.06271;8.267E-05;-12.021;-12.027;-40.826;0.50;-88.73;
2026-01-07 15:50:51.56;0.00:00:00:738;0.01;0.02;-1.00;0.06278;0.0003927;0.001406;-0.06267;37.20;-44.33;99.86;99.83;2.33;0.06278;0.06269;8.906E-05;-12.022;-12.028;-40.503;0.50;-88.71;
2026-01-07 15:50:51.61;0.00:00:00:787;0.01;0.02;-1.00;0.06267;0.0004425;0.001319;-0.06257;35.73;-44.36;99.88;99.85;2.22;0.06267;0.06259;7.774E-05;-12.030;-12.035;-41.093;0.50;-88.79;
2026-01-07 15:50:51.66;0.00:00:00:835;0.01;0.02;-1.00;0.06262;0.0004086;0.001368;-0.06252;36.69;-44.35;99.86;99.84;2.28;0.06262;0.06253;8.494E-05;-12.033;-12.039;-40.709;0.50;-88.75;
2026-01-07 15:50:51.71;0.00:00:00:889;0.01;0.02;-1.00;0.06237;0.0004726;0.001222;-0.06228;34.43;-44.40;99.88;99.86;2.10;0.06237;0.0623;7.247E-05;-12.050;-12.055;-41.398;0.50;-88.88;
2026-01-07 15:50:51.76;0.00:00:00:937;0.01;0.02;-1.00;0.06202;0.0004451;0.001256;-0.06193;35.24;-44.38;99.87;99.85;2.15;0.06202;0.06195;7.81E-05;-12.074;-12.080;-41.073;0.50;-88.84;
2026-01-07 15:50:51.81;0.00:00:00:988;0.01;0.02;-1.00;0.06212;0.0004137;0.001381;-0.06202;36.66;-44.33;99.86;99.83;2.32;0.06212;0.06203;8.595E-05;-12.068;-12.074;-40.658;0.50;-88.72;
2026-01-07 15:50:51.86;0.00:00:01:037;0.01;0.02;-1.00;0.06223;0.0004092;0.001372;-0.06212;36.70;-44.34;99.86;99.84;2.30;0.06223;0.06214;8.41E-05;-12.060;-12.066;-40.752;0.50;-88.73;
2026-01-07 15:50:51.91;0.00:00:01:087;0.01;0.02;-1.00;0.06224;0.0004338;0.001328;-0.06214;35.96;-44.36;99.87;99.84;2.25;0.06224;0.06215;8.274E-05;-12.060;-12.065;-40.823;0.50;-88.78;
2026-01-07 15:50:51.96;0.00:00:01:134;0.01;0.02;-1.00;0.06226;0.0004033;0.001398;-0.06215;36.96;-44.33;99.86;99.84;2.34;0.06226;0.06217;8.528E-05;-12.058;-12.064;-40.692;0.50;-88.71;
2026-01-07 15:50:52.00;0.00:00:01:183;0.01;0.02;-1.00;0.0624;0.0004083;0.00139;-0.0623;36.82;-44.33;99.86;99.83;2.32;0.0624;0.06231;8.69E-05;-12.048;-12.054;-40.610;0.50;-88.72;
2026-01-07 15:50:52.05;0.00:00:01:231;0.01;0.02;-1.00;0.0624;0.000421;0.001352;-0.0623;36.35;-44.35;99.86;99.84;2.27;0.0624;0.06231;8.654E-05;-12.048;-12.054;-40.628;0.50;-88.76;
2026-01-07 15:50:52.11;0.00:00:01:286;0.01;0.02;-1.00;0.06248;0.000411;0.001389;-0.06237;36.76;-44.33;99.87;99.84;2.32;0.06248;0.06239;8.428E-05;-12.043;-12.049;-40.743;0.50;-88.72;
2026-01-07 15:50:52.16;0.00:00:01:336;0.01;0.02;-1.00;0.06266;0.0004269;0.001359;-0.06256;36.28;-44.35;99.87;99.85;2.27;0.06266;0.06257;8.04E-05;-12.030;-12.036;-40.947;0.50;-88.76;
2026-01-07 15:50:52.21;0.00:00:01:388;0.01;0.02;-1.00;0.0627;0.0004025;0.001386;-0.0626;36.90;-44.34;99.86;99.83;2.30;0.0627;0.06261;8.737E-05;-12.027;-12.033;-40.587;0.50;-88.73;
2026-01-07 15:50:52.26;0.00:00:01:439;0.01;0.02;-1.00;0.06272;0.0004357;0.001318;-0.06263;35.85;-44.37;99.87;99.85;2.21;0.06272;0.06264;7.893E-05;-12.026;-12.031;-41.028;0.50;-88.79;
2026-01-07 15:50:52.31;0.00:00:01:491;0.01;0.02;-1.00;0.06263;0.0004633;0.001283;-0.06254;35.07;-44.38;99.88;99.86;2.18;0.06263;0.06256;7.209E-05;-12.032;-12.037;-41.421;0.50;-88.82;
2026-01-07 15:50:52.37;0.00:00:01:544;0.01;0.02;-1.00;0.06221;0.000483;0.00118;-0.06213;33.87;-44.41;99.89;99.87;2.05;0.06221;0.06214;7.023E-05;-12.061;-12.066;-41.535;0.50;-88.91;
2026-01-07 15:50:52.41;0.00:00:01:592;0.01;0.02;-1.00;0.06222;0.000399;0.001451;-0.06212;37.31;-44.31;99.86;99.83;2.42;0.06222;0.06214;8.497E-05;-12.061;-12.066;-40.707;0.50;-88.66;
2026-01-07 15:50:52.46;0.00:00:01:640;0.01;0.02;-1.00;0.06228;0.0004139;0.001362;-0.06219;36.55;-44.34;99.87;99.85;2.29;0.06228;0.06221;7.895E-05;-12.056;-12.062;-41.026;0.50;-88.74;
2026-01-07 15:50:52.52;0.00:00:01:694;0.01;0.02;-1.00;0.06259;0.000416;0.001383;-0.06249;36.63;-44.34;99.87;99.84;2.31;0.06259;0.0625;8.35E-05;-12.035;-12.041;-40.783;0.50;-88.73;
2026-01-07 15:50:52.56;0.00:00:01:742;0.01;0.02;-1.00;0.06262;0.0004214;0.00137;-0.06253;36.45;-44.34;99.87;99.84;2.29;0.06262;0.06254;8.104E-05;-12.033;-12.038;-40.913;0.50;-88.74;
2026-01-07 15:50:52.61;0.00:00:01:792;0.01;0.02;-1.00;0.06225;0.0004374;0.001289;-0.06215;35.63;-44.37;99.87;99.85;2.19;0.06225;0.06217;7.84E-05;-12.059;-12.064;-41.057;0.50;-88.81;
2026-01-07 15:50:52.66;0.00:00:01:839;0.01;0.02;-1.00;0.06225;0.0004156;0.001364;-0.06215;36.52;-44.34;99.87;99.84;2.29;0.06225;0.06217;8.29E-05;-12.058;-12.064;-40.815;0.50;-88.74;
2026-01-07 15:50:52.71;0.00:00:01:892;0.01;0.02;-1.00;0.06265;0.0004113;0.00141;-0.06255;36.87;-44.33;99.86;99.84;2.34;0.06265;0.06257;8.467E-05;-12.030;-12.036;-40.723;0.50;-88.71;
2026-01-07 15:50:52.77;0.00:00:01:945;0.01;0.02;-1.00;0.06269;0.0004383;0.00134;-0.06259;35.94;-44.35;99.87;99.84;2.25;0.06269;0.06261;8.306E-05;-12.028;-12.034;-40.806;0.50;-88.77;
2026-01-07 15:50:52.81;0.00:00:01:993;0.01;0.02;-1.00;0.0621;0.0004649;0.001236;-0.06201;34.70;-44.39;99.89;99.86;2.13;0.0621;0.06203;7.06E-05;-12.069;-12.074;-41.512;0.50;-88.86;
2026-01-07 15:50:52.86;0.00:00:02:042;0.01;0.02;-1.00;0.06191;0.0004229;0.001329;-0.06181;36.18;-44.35;99.87;99.85;2.25;0.06191;0.06183;7.789E-05;-12.083;-12.088;-41.085;0.50;-88.77;
2026-01-07 15:50:52.91;0.00:00:02:088;0.01;0.02;-1.00;0.06205;0.0003856;0.001424;-0.06195;37.42;-44.32;99.86;99.83;2.38;0.06205;0.06197;8.722E-05;-12.072;-12.078;-40.594;0.50;-88.68;
2026-01-07 15:50:52.96;0.00:00:02:138;0.01;0.02;-1.00;0.06226;0.0004151;0.001392;-0.06216;36.70;-44.33;99.87;99.84;2.33;0.06226;0.06218;8.084E-05;-12.058;-12.064;-40.924;0.50;-88.72;
2026-01-07 15:50:53.01;0.00:00:02:184;0.01;0.02;-1.00;0.06222;0.0004447;0.001294;-0.06212;35.52;-44.37;99.88;99.85;2.20;0.06222;0.06214;7.55E-05;-12.061;-12.066;-41.220;0.50;-88.81;
2026-01-07 15:50:53.05;0.00:00:02:230;0.01;0.02;-1.00;0.06216;0.0004237;0.001346;-0.06206;36.26;-44.35;99.87;99.85;2.27;0.06216;0.06208;7.81E-05;-12.065;-12.070;-41.074;0.50;-88.76;
2026-01-07 15:50:53.10;0.00:00:02:279;0.01;0.02;-1.00;0.06213;0.0004444;0.001307;-0.06204;35.61;-44.36;99.88;99.86;2.22;0.06213;0.06206;7.295E-05;-12.067;-12.072;-41.370;0.50;-88.79;
2026-01-07 15:50:53.15;0.00:00:02:328;0.01;0.02;-1.00;0.06184;0.0004025;0.001385;-0.06174;36.90;-44.33;99.87;99.84;2.33;0.06184;0.06176;8.288E-05;-12.087;-12.093;-40.816;0.50;-88.71;
2026-01-07 15:50:53.20;0.00:00:02:380;0.01;0.02;-1.00;0.06191;0.0004134;0.00136;-0.06182;36.55;-44.34;99.88;99.85;2.30;0.06191;0.06183;7.679E-05;-12.082;-12.088;-41.147;0.50;-88.74;
2026-01-07 15:50:53.25;0.00:00:02:428;0.01;0.02;-1.00;0.06236;0.0004507;0.001296;-0.06226;35.41;-44.37;99.87;99.85;2.20;0.06236;0.06228;7.922E-05;-12.051;-12.057;-41.012;0.50;-88.81;
2026-01-07 15:50:53.30;0.00:00:02:479;0.01;0.02;-1.00;0.06221;0.0004395;0.001307;-0.06212;35.71;-44.36;99.88;99.85;2.22;0.06221;0.06213;7.667E-05;-12.062;-12.067;-41.154;0.50;-88.79;
2026-01-07 15:50:53.35;0.00:00:02:528;0.01;0.02;-1.00;0.06235;0.0003988;0.001405;-0.06225;37.08;-44.33;99.86;99.84;2.34;0.06235;0.06227;8.468E-05;-12.052;-12.057;-40.722;0.50;-88.71;
2026-01-07 15:50:53.40;0.00:00:02:577;0.01;0.02;-1.00;0.06247;0.0004209;0.00137;-0.06238;36.46;-44.34;99.87;99.85;2.29;0.06247;0.06239;8.018E-05;-12.043;-12.049;-40.960;0.50;-88.74;
2026-01-07 15:50:53.45;0.00:00:02:630;0.01;0.02;-1.00;0.06245;0.0004287;0.001347;-0.06236;36.17;-44.35;99.87;99.85;2.26;0.06245;0.06237;7.834E-05;-12.045;-12.050;-41.060;0.50;-88.76;
2026-01-07 15:50:53.50;0.00:00:02:677;0.01;0.02;-1.00;0.06245;0.0004265;0.001351;-0.06235;36.24;-44.35;99.87;99.84;2.27;0.06245;0.06237;8.188E-05;-12.045;-12.050;-40.868;0.50;-88.76;
2026-01-07 15:50:53.55;0.00:00:02:729;0.01;0.02;-1.00;0.06244;0.0004276;0.001344;-0.06235;36.17;-44.35;99.87;99.85;2.26;0.06244;0.06236;7.899E-05;-12.045;-12.051;-41.024;0.50;-88.77;
2026-01-07 15:50:53.60;0.00:00:02:778;0.01;0.02;-1.00;0.06252;0.0004036;0.001402;-0.06242;36.97;-44.33;99.87;99.84;2.33;0.06252;0.06244;8.396E-05;-12.040;-12.045;-40.759;0.50;-88.71;
2026-01-07 15:50:53.65;0.00:00:02:829;0.01;0.02;-1.00;0.06307;0.0004135;0.001454;-0.06297;37.06;-44.31;99.87;99.84;2.40;0.06307;0.06299;8.494E-05;-12.001;-12.007;-40.709;0.50;-88.68;
2026-01-07 15:50:53.70;0.00:00:02:879;0.01;0.02;-1.00;0.06293;0.0004425;0.001289;-0.06284;35.52;-44.38;99.88;99.85;2.17;0.06293;0.06285;7.86E-05;-12.011;-12.017;-41.046;0.50;-88.83;
2026-01-07 15:50:53.75;0.00:00:02:929;0.01;0.02;-1.00;0.06291;0.0004469;0.001285;-0.06282;35.41;-44.38;99.88;99.85;2.16;0.06291;0.06283;7.75E-05;-12.013;-12.018;-41.107;0.50;-88.83;
2026-01-07 15:50:53.80;0.00:00:02:979;0.01;0.02;-1.00;0.06284;0.0004238;0.001363;-0.06274;36.37;-44.35;99.87;99.84;2.27;0.06284;0.06276;8.292E-05;-12.017;-12.023;-40.814;0.50;-88.76;
2026-01-07 15:50:53.85;0.00:00:03:030;0.01;0.02;-1.00;0.06272;0.0004214;0.001385;-0.06262;36.54;-44.34;99.87;99.84;2.31;0.06272;0.06264;8.364E-05;-12.026;-12.031;-40.776;0.50;-88.73;
2026-01-07 15:50:53.90;0.00:00:03:080;0.01;0.02;-1.00;0.06263;0.0004416;0.001291;-0.06253;35.56;-44.37;99.87;99.85;2.18;0.06263;0.06255;8.09E-05;-12.032;-12.038;-40.920;0.50;-88.82;
2026-01-07 15:50:53.95;0.00:00:03:131;0.01;0.02;-1.00;0.06265;0.0003866;0.001427;-0.06254;37.42;-44.32;99.85;99.82;2.36;0.06265;0.06256;9.229E-05;-12.031;-12.037;-40.348;0.50;-88.69;
2026-01-07 15:50:54.00;0.00:00:03:182;0.01;0.02;-1.00;0.06272;0.0004265;0.001359;-0.06262;36.29;-44.35;99.87;99.84;2.27;0.06272;0.06263;8.211E-05;-12.026;-12.032;-40.856;0.50;-88.76;
2026-01-07 15:50:54.05;0.00:00:03:231;0.01;0.02;-1.00;0.06267;0.00044;0.001328;-0.06258;35.83;-44.36;99.87;99.85;2.23;0.06267;0.06259;7.961E-05;-12.029;-12.035;-40.991;0.50;-88.78;
2026-01-07 15:50:54.10;0.00:00:03:279;0.01;0.02;-1.00;0.06257;0.0004305;0.001327;-0.06247;36.01;-44.36;99.87;99.84;2.23;0.06257;0.06249;8.266E-05;-12.036;-12.042;-40.827;0.50;-88.78;
2026-01-07 15:50:54.15;0.00:00:03:332;0.01;0.02;-1.00;0.06267;0.0004234;0.00135;-0.06257;36.30;-44.35;99.87;99.84;2.26;0.06267;0.06258;8.361E-05;-12.030;-12.035;-40.777;0.50;-88.76;
2026-01-07 15:50:54.20;0.00:00:03:383;0.01;0.02;-1.00;0.06264;0.0004337;0.001338;-0.06255;36.02;-44.36;99.87;99.85;2.25;0.06264;0.06256;8.071E-05;-12.031;-12.037;-40.931;0.50;-88.77;
2026-01-07 15:50:54.25;0.00:00:03:432;0.01;0.02;-1.00;0.06279;0.000405;0.001397;-0.06269;36.91;-44.34;99.86;99.83;2.32;0.06279;0.0627;8.807E-05;-12.021;-12.027;-40.552;0.50;-88.72;
2026-01-07 15:50:54.30;0.00:00:03:480;0.01;0.02;-1.00;0.06273;0.0004725;0.001267;-0.06265;34.78;-44.38;99.89;99.86;2.16;0.06273;0.06266;7.137E-05;-12.025;-12.030;-41.465;0.50;-88.84;
2026-01-07 15:50:54.35;0.00:00:03:531;0.01;0.02;-1.00;0.06256;0.0004112;0.001341;-0.06246;36.48;-44.36;99.87;99.84;2.24;0.06256;0.06247;8.409E-05;-12.037;-12.043;-40.753;0.50;-88.77;
2026-01-07 15:50:54.40;0.00:00:03:579;0.01;0.02;-1.00;0.06246;0.0004224;0.001347;-0.06236;36.29;-44.35;99.87;99.84;2.26;0.06246;0.06238;8.348E-05;-12.044;-12.050;-40.784;0.50;-88.76;
2026-01-07 15:50:54.45;0.00:00:03:625;0.01;0.02;-1.00;0.06224;0.0004632;0.001232;-0.06215;34.70;-44.39;99.88;99.85;2.12;0.06224;0.06216;7.649E-05;-12.059;-12.065;-41.164;0.50;-88.86;
2026-01-07 15:50:54.50;0.00:00:03:675;0.01;0.02;-1.00;0.0624;0.0004255;0.001359;-0.0623;36.31;-44.35;99.87;99.84;2.28;0.0624;0.06232;8.242E-05;-12.048;-12.054;-40.840;0.50;-88.75;
2026-01-07 15:50:54.55;0.00:00:03:728;0.01;0.02;-1.00;0.06236;0.0004072;0.00136;-0.06226;36.67;-44.35;99.86;99.84;2.28;0.06236;0.06227;8.527E-05;-12.051;-12.057;-40.692;0.50;-88.75;
2026-01-07 15:50:54.60;0.00:00:03:776;0.01;0.02;-1.00;0.06243;0.0003966;0.0014;-0.06232;37.09;-44.33;99.86;99.84;2.33;0.06243;0.06234;8.599E-05;-12.046;-12.052;-40.656;0.50;-88.71;
2026-01-07 15:50:54.65;0.00:00:03:826;0.01;0.02;-1.00;0.06259;0.0004307;0.001364;-0.0625;36.24;-44.34;99.87;99.85;2.29;0.06259;0.06251;8.027E-05;-12.035;-12.040;-40.954;0.50;-88.75;
2026-01-07 15:50:54.70;0.00:00:03:877;0.01;0.02;-1.00;0.06217;0.0004888;0.00119;-0.06208;33.83;-44.41;99.89;99.87;2.07;0.06217;0.0621;6.949E-05;-12.064;-12.069;-41.581;0.50;-88.90;
2026-01-07 15:50:54.75;0.00:00:03:925;0.01;0.02;-1.00;0.06179;0.0004385;0.001258;-0.06171;35.39;-44.38;99.89;99.86;2.16;0.06179;0.06172;7.073E-05;-12.091;-12.096;-41.504;0.50;-88.83;
2026-01-07 15:50:54.80;0.00:00:03:975;0.01;0.02;-1.00;0.06251;0.0003584;0.001531;-0.06239;38.41;-44.28;99.85;99.82;2.52;0.06251;0.06241;9.555E-05;-12.040;-12.047;-40.198;0.50;-88.59;
2026-01-07 15:50:54.85;0.00:00:04:027;0.01;0.02;-1.00;0.06255;0.0004645;0.001252;-0.06247;34.82;-44.39;99.88;99.86;2.14;0.06255;0.06248;7.25E-05;-12.038;-12.043;-41.397;0.50;-88.85;
2026-01-07 15:50:54.90;0.00:00:04:077;0.01;0.02;-1.00;0.06238;0.0004386;0.001306;-0.06228;35.72;-44.37;99.87;99.85;2.21;0.06238;0.06229;8.104E-05;-12.050;-12.055;-40.913;0.50;-88.80;
2026-01-07 15:50:54.95;0.00:00:04:127;0.01;0.02;-1.00;0.06237;0.000412;0.001374;-0.06227;36.65;-44.34;99.87;99.84;2.30;0.06237;0.06229;8.294E-05;-12.050;-12.056;-40.812;0.50;-88.74;
2026-01-07 15:50:55.00;0.00:00:04:175;0.01;0.02;-1.00;0.06253;0.0004;0.001436;-0.06243;37.22;-44.32;99.86;99.83;2.38;0.06253;0.06245;8.567E-05;-12.039;-12.045;-40.672;0.50;-88.68;
2026-01-07 15:50:55.05;0.00:00:04:227;0.01;0.02;-1.00;0.06257;0.0004587;0.001291;-0.06247;35.22;-44.37;99.88;99.85;2.19;0.06257;0.06249;7.676E-05;-12.037;-12.042;-41.149;0.50;-88.82;
2026-01-07 15:50:55.10;0.00:00:04:282;0.01;0.02;-1.00;0.06227;0.0004111;0.001368;-0.06217;36.64;-44.34;99.86;99.84;2.29;0.06227;0.06219;8.526E-05;-12.057;-12.063;-40.692;0.50;-88.74;
2026-01-07 15:50:55.15;0.00:00:04:328;0.01;0.02;-1.00;0.06237;0.0004082;0.001371;-0.06227;36.71;-44.34;99.87;99.84;2.29;0.06237;0.06228;8.171E-05;-12.051;-12.056;-40.877;0.50;-88.74;
2026-01-07 15:50:55.20;0.00:00:04:378;0.01;0.02;-1.00;0.06254;0.0004376;0.001356;-0.06244;36.06;-44.35;99.87;99.85;2.28;0.06254;0.06246;7.873E-05;-12.039;-12.044;-41.038;0.50;-88.76;
2026-01-07 15:50:55.25;0.00:00:04:431;0.01;0.02;-1.00;0.0626;0.0003992;0.001417;-0.06249;37.13;-44.33;99.86;99.83;2.35;0.0626;0.06251;8.762E-05;-12.034;-12.040;-40.574;0.50;-88.70;
2026-01-07 15:50:55.30;0.00:00:04:480;0.01;0.02;-1.00;0.06248;0.0004384;0.001338;-0.06238;35.93;-44.35;99.87;99.85;2.25;0.06248;0.0624;7.955E-05;-12.043;-12.048;-40.994;0.50;-88.77;
2026-01-07 15:50:55.35;0.00:00:04:528;0.01;0.02;-1.00;0.06242;0.0004071;0.001363;-0.06231;36.68;-44.35;99.86;99.84;2.28;0.06242;0.06233;8.669E-05;-12.047;-12.053;-40.620;0.50;-88.75;
2026-01-07 15:50:55.40;0.00:00:04:580;0.01;0.02;-1.00;0.06253;0.0004356;0.001314;-0.06244;35.83;-44.36;99.87;99.84;2.21;0.06253;0.06245;8.167E-05;-12.039;-12.045;-40.880;0.50;-88.79;
2026-01-07 15:50:55.45;0.00:00:04:628;0.01;0.02;-1.00;0.06256;0.0004005;0.001394;-0.06246;36.98;-44.33;99.87;99.84;2.32;0.06256;0.06247;8.364E-05;-12.037;-12.043;-40.776;0.50;-88.72;
2026-01-07 15:50:55.50;0.00:00:04:678;0.01;0.02;-1.00;0.06267;0.0004601;0.00129;-0.06257;35.18;-44.37;99.88;99.85;2.18;0.06267;0.06259;7.732E-05;-12.030;-12.035;-41.117;0.50;-88.82;
2026-01-07 15:50:55.55;0.00:00:04:730;0.01;0.02;-1.00;0.06243;0.000456;0.001268;-0.06233;35.11;-44.38;99.88;99.85;2.16;0.06243;0.06235;7.716E-05;-12.046;-12.052;-41.126;0.50;-88.83;
2026-01-07 15:50:55.60;0.00:00:04:779;0.01;0.02;-1.00;0.06284;0.0003935;0.001488;-0.06274;37.59;-44.30;99.86;99.83;2.45;0.06284;0.06276;8.696E-05;-12.017;-12.023;-40.607;0.50;-88.64;
2026-01-07 15:50:55.65;0.00:00:04:829;0.01;0.02;-1.00;0.06268;0.0005318;0.001127;-0.0626;32.37;-44.43;99.90;99.88;1.99;0.06268;0.06261;6.564E-05;-12.029;-12.033;-41.828;0.50;-88.97;
2026-01-07 15:50:55.70;0.00:00:04:880;0.01;0.02;-1.00;0.06212;0.0004603;0.001242;-0.06203;34.84;-44.39;99.89;99.86;2.13;0.06212;0.06205;7.129E-05;-12.068;-12.073;-41.470;0.50;-88.85;
2026-01-07 15:50:55.75;0.00:00:04:930;0.01;0.02;-1.00;0.06214;0.0003626;0.001398;-0.06203;37.73;-44.33;99.85;99.83;2.32;0.06214;0.06205;9.107E-05;-12.066;-12.073;-40.406;0.50;-88.71;
2026-01-07 15:50:55.81;0.00:00:04:984;0.01;0.02;-1.00;0.0625;0.0004167;0.001381;-0.0624;36.61;-44.34;99.87;99.84;2.31;0.0625;0.06242;8.213E-05;-12.041;-12.047;-40.855;0.50;-88.73;
2026-01-07 15:50:55.86;0.00:00:05:033;0.01;0.02;-1.00;0.06231;0.0004954;0.001203;-0.06222;33.81;-44.40;99.88;99.86;2.09;0.06231;0.06224;7.183E-05;-12.055;-12.060;-41.437;0.50;-88.89;
2026-01-07 15:50:55.90;0.00:00:05:082;0.01;0.02;-1.00;0.06254;0.0004263;0.001346;-0.06244;36.21;-44.35;99.87;99.85;2.26;0.06254;0.06246;7.985E-05;-12.039;-12.044;-40.977;0.50;-88.76;
2026-01-07 15:50:55.96;0.00:00:05:135;0.01;0.02;-1.00;0.06241;0.0004528;0.001275;-0.06232;35.22;-44.38;99.88;99.85;2.17;0.06241;0.06234;7.659E-05;-12.047;-12.053;-41.158;0.50;-88.83;
2026-01-07 15:50:56.01;0.00:00:05:184;0.01;0.02;-1.00;0.06256;0.0004714;0.001279;-0.06247;34.89;-44.37;99.88;99.86;2.18;0.06256;0.06249;7.348E-05;-12.037;-12.042;-41.338;0.50;-88.83;
2026-01-07 15:50:56.06;0.00:00:05:233;0.01;0.02;-1.00;0.06248;0.0003861;0.001414;-0.06237;37.36;-44.33;99.86;99.83;2.35;0.06248;0.06239;8.67E-05;-12.043;-12.049;-40.620;0.50;-88.70;
2026-01-07 15:50:56.11;0.00:00:05:285;0.01;0.02;-1.00;0.06256;0.0004133;0.001343;-0.06246;36.45;-44.36;99.87;99.84;2.25;0.06256;0.06247;8.277E-05;-12.037;-12.043;-40.821;0.50;-88.77;
2026-01-07 15:50:56.15;0.00:00:05:332;0.01;0.02;-1.00;0.06277;0.0004197;0.001432;-0.06267;36.83;-44.32;99.87;99.84;2.38;0.06277;0.06269;8.193E-05;-12.022;-12.028;-40.865;0.50;-88.69;
2026-01-07 15:50:56.21;0.00:00:05:387;0.01;0.02;-1.00;0.06271;0.0004515;0.001313;-0.06262;35.51;-44.36;99.88;99.85;2.21;0.06271;0.06263;7.645E-05;-12.027;-12.032;-41.166;0.50;-88.80;
2026-01-07 15:50:56.26;0.00:00:05:434;0.01;0.02;-1.00;0.06258;0.0004379;0.001314;-0.06248;35.79;-44.37;99.87;99.85;2.21;0.06258;0.06249;8.091E-05;-12.036;-12.042;-40.920;0.50;-88.80;
2026-01-07 15:50:56.31;0.00:00:05:485;0.01;0.02;-1.00;0.06232;0.000408;0.001346;-0.06222;36.57;-44.35;99.86;99.84;2.26;0.06232;0.06223;8.472E-05;-12.054;-12.060;-40.720;0.50;-88.76;
2026-01-07 15:50:56.36;0.00:00:05:537;0.01;0.02;-1.00;0.06248;0.0003841;0.001442;-0.06237;37.54;-44.31;99.86;99.83;2.39;0.06248;0.06239;8.72E-05;-12.043;-12.049;-40.595;0.50;-88.68;
2026-01-07 15:50:56.41;0.00:00:05:585;0.01;0.02;-1.00;0.06232;0.0004189;0.001339;-0.06222;36.31;-44.35;99.87;99.84;2.25;0.06232;0.06224;8.093E-05;-12.054;-12.059;-40.919;0.50;-88.77;
2026-01-07 15:50:56.46;0.00:00:05:635;0.01;0.02;-1.00;0.06232;0.0004485;0.001311;-0.06223;35.56;-44.36;99.87;99.85;2.22;0.06232;0.06224;8.067E-05;-12.053;-12.059;-40.933;0.50;-88.79;
2026-01-07 15:50:56.50;0.00:00:05:682;0.01;0.02;-1.00;0.06216;0.0004188;0.001353;-0.06206;36.40;-44.35;99.86;99.84;2.28;0.06216;0.06208;8.446E-05;-12.065;-12.071;-40.734;0.50;-88.75;
2026-01-07 15:50:56.56;0.00:00:05:733;0.01;0.02;-1.00;0.06217;0.0004274;0.001333;-0.06207;36.11;-44.35;99.87;99.84;2.25;0.06217;0.06208;8.355E-05;-12.064;-12.070;-40.780;0.50;-88.77;
2026-01-07 15:50:56.61;0.00:00:05:787;0.01;0.02;-1.00;0.06237;0.0004281;0.001339;-0.06227;36.14;-44.35;99.87;99.84;2.25;0.06237;0.06229;8.312E-05;-12.050;-12.056;-40.803;0.50;-88.77;
2026-01-07 15:50:56.66;0.00:00:05:835;0.01;0.02;-1.00;0.06241;0.0003963;0.001398;-0.0623;37.09;-44.33;99.86;99.83;2.33;0.06241;0.06232;8.603E-05;-12.048;-12.054;-40.653;0.50;-88.71;
2026-01-07 15:50:56.71;0.00:00:05:885;0.01;0.02;-1.00;0.06235;0.0004226;0.001336;-0.06225;36.22;-44.36;99.87;99.84;2.25;0.06235;0.06227;8.141E-05;-12.052;-12.057;-40.893;0.50;-88.77;
2026-01-07 15:50:56.76;0.00:00:05:938;0.01;0.02;-1.00;0.06247;0.0004113;0.001402;-0.06237;36.82;-44.33;99.87;99.84;2.34;0.06247;0.06239;8.222E-05;-12.043;-12.049;-40.850;0.50;-88.71;
2026-01-07 15:50:56.81;0.00:00:05:986;0.01;0.02;-1.00;0.06248;0.0004509;0.001291;-0.06239;35.38;-44.37;99.88;99.85;2.19;0.06248;0.0624;7.59E-05;-12.043;-12.048;-41.198;0.50;-88.81;
2026-01-07 15:50:56.86;0.00:00:06:036;0.01;0.02;-1.00;0.06245;0.0004009;0.00139;-0.06234;36.96;-44.34;99.86;99.83;2.32;0.06245;0.06236;8.702E-05;-12.045;-12.051;-40.604;0.50;-88.72;
2026-01-07 15:50:56.91;0.00:00:06:087;0.01;0.02;-1.00;0.06272;0.0004008;0.001415;-0.06262;37.09;-44.33;99.86;99.83;2.34;0.06272;0.06263;9.074E-05;-12.026;-12.032;-40.422;0.50;-88.71;
2026-01-07 15:50:56.96;0.00:00:06:136;0.01;0.02;-1.00;0.06281;0.0004286;0.001366;-0.06271;36.29;-44.35;99.87;99.85;2.28;0.06281;0.06273;7.958E-05;-12.020;-12.025;-40.992;0.50;-88.75;
2026-01-07 15:50:57.01;0.00:00:06:190;0.01;0.02;-1.00;0.0627;0.0004203;0.001362;-0.0626;36.43;-44.35;99.86;99.84;2.27;0.0627;0.06262;8.672E-05;-12.027;-12.033;-40.619;0.50;-88.75;
2026-01-07 15:50:57.06;0.00:00:06:237;0.01;0.02;-1.00;0.06273;0.0004093;0.001379;-0.06263;36.74;-44.34;99.86;99.84;2.29;0.06273;0.06265;8.54E-05;-12.025;-12.031;-40.685;0.50;-88.74;
2026-01-07 15:50:57.11;0.00:00:06:288;0.01;0.02;-1.00;0.0627;0.0004226;0.001342;-0.0626;36.26;-44.36;99.87;99.84;2.24;0.0627;0.06262;8.459E-05;-12.027;-12.033;-40.727;0.50;-88.77;
2026-01-07 15:50:57.16;0.00:00:06:339;0.01;0.02;-1.00;0.06266;0.0004357;0.001338;-0.06256;35.99;-44.36;99.87;99.84;2.25;0.06266;0.06257;8.32E-05;-12.030;-12.036;-40.799;0.50;-88.77;
2026-01-07 15:50:57.21;0.00:00:06:387;0.01;0.02;-1.00;0.06247;0.0004367;0.001313;-0.06237;35.80;-44.36;99.87;99.84;2.22;0.06247;0.06239;8.295E-05;-12.043;-12.049;-40.812;0.50;-88.79;
2026-01-07 15:50:57.26;0.00:00:06:437;0.01;0.02;-1.00;0.06251;0.0004102;0.001384;-0.0624;36.75;-44.34;99.86;99.83;2.31;0.06251;0.06242;8.651E-05;-12.041;-12.047;-40.629;0.50;-88.73;
2026-01-07 15:50:57.31;0.00:00:06:489;0.01;0.02;-1.00;0.06252;0.0004081;0.001359;-0.06242;36.64;-44.35;99.86;99.84;2.27;0.06252;0.06243;8.58E-05;-12.040;-12.046;-40.665;0.50;-88.75;
2026-01-07 15:50:57.36;0.00:00:06:537;0.01;0.02;-1.00;0.06268;0.0003693;0.001454;-0.06257;37.87;-44.31;99.85;99.82;2.39;0.06268;0.06258;9.443E-05;-12.029;-12.035;-40.249;0.50;-88.67;
2026-01-07 15:50:57.41;0.00:00:06:590;0.01;0.02;-1.00;0.06292;0.0004382;0.001311;-0.06282;35.76;-44.37;99.87;99.84;2.20;0.06292;0.06284;8.251E-05;-12.012;-12.018;-40.835;0.50;-88.80;
2026-01-07 15:50:57.46;0.00:00:06:638;0.01;0.02;-1.00;0.0629;0.0004249;0.00137;-0.0628;36.38;-44.35;99.87;99.84;2.28;0.0629;0.06282;8.376E-05;-12.013;-12.019;-40.770;0.50;-88.75;
2026-01-07 15:50:57.51;0.00:00:06:687;0.01;0.02;-1.00;0.06253;0.0004691;0.001223;-0.06245;34.51;-44.40;99.88;99.86;2.09;0.06253;0.06246;7.463E-05;-12.039;-12.044;-41.271;0.50;-88.88;
2026-01-07 15:50:57.56;0.00:00:06:740;0.01;0.02;-1.00;0.06246;0.0004273;0.001345;-0.06236;36.19;-44.35;99.87;99.85;2.26;0.06246;0.06238;7.967E-05;-12.044;-12.050;-40.987;0.50;-88.76;
2026-01-07 15:50:57.61;0.00:00:06:790;0.01;0.02;-1.00;0.06256;0.0004211;0.00136;-0.06246;36.40;-44.35;99.87;99.84;2.28;0.06256;0.06248;8.304E-05;-12.037;-12.043;-40.807;0.50;-88.75;
2026-01-07 15:50:57.66;0.00:00:06:839;0.01;0.02;-1.00;0.06275;0.0003731;0.001476;-0.06265;37.91;-44.30;99.86;99.83;2.43;0.06275;0.06266;8.93E-05;-12.024;-12.030;-40.492;0.50;-88.65;
2026-01-07 15:50:57.71;0.00:00:06:884;0.01;0.02;-1.00;0.06328;0.0004048;0.001444;-0.06317;37.17;-44.32;99.86;99.84;2.37;0.06328;0.06319;8.549E-05;-11.988;-11.993;-40.681;0.50;-88.69;
2026-01-07 15:50:57.75;0.00:00:06:932;0.01;0.02;-1.00;0.06327;0.0004468;0.001335;-0.06318;35.75;-44.36;99.88;99.85;2.23;0.06327;0.06319;7.789E-05;-11.988;-11.993;-41.085;0.50;-88.79;
2026-01-07 15:50:57.80;0.00:00:06:982;0.01;0.02;-1.00;0.06267;0.0004664;0.00123;-0.06258;34.62;-44.40;99.88;99.86;2.10;0.06267;0.06259;7.418E-05;-12.030;-12.035;-41.297;0.50;-88.87;
2026-01-07 15:50:57.85;0.00:00:07:032;0.01;0.02;-1.00;0.06246;0.0004219;0.001321;-0.06237;36.15;-44.36;99.87;99.85;2.22;0.06246;0.06238;7.953E-05;-12.044;-12.049;-40.995;0.50;-88.79;
2026-01-07 15:50:57.91;0.00:00:07:083;0.01;0.02;-1.00;0.06263;0.0004198;0.001366;-0.06253;36.46;-44.35;99.87;99.84;2.28;0.06263;0.06255;8.432E-05;-12.032;-12.038;-40.741;0.50;-88.75;
2026-01-07 15:50:57.95;0.00:00:07:129;0.01;0.02;-1.00;0.06262;0.0004281;0.001345;-0.06252;36.17;-44.35;99.87;99.85;2.25;0.06262;0.06254;8.107E-05;-12.033;-12.039;-40.912;0.50;-88.77;
2026-01-07 15:50:58.00;0.00:00:07:181;0.01;0.02;-1.00;0.06266;0.0004151;0.001381;-0.06256;36.64;-44.34;99.87;99.84;2.30;0.06266;0.06257;8.118E-05;-12.030;-12.036;-40.906;0.50;-88.74;
2026-01-07 15:50:58.06;0.00:00:07:241;0.01;0.02;-1.00;0.06248;0.0004376;0.001301;-0.06239;35.70;-44.37;99.87;99.85;2.20;0.06248;0.0624;7.991E-05;-12.042;-12.048;-40.974;0.50;-88.81;
2026-01-07 15:50:58.11;0.00:00:07:289;0.01;0.02;-1.00;0.06262;0.0003987;0.001408;-0.06251;37.10;-44.33;99.86;99.83;2.34;0.06262;0.06253;8.892E-05;-12.033;-12.039;-40.510;0.50;-88.71;
2026-01-07 15:50:58.16;0.00:00:07:336;0.01;0.02;-1.00;0.06264;0.0004317;0.00133;-0.06254;36.01;-44.36;99.87;99.85;2.23;0.06264;0.06255;8.125E-05;-12.032;-12.037;-40.902;0.50;-88.78;
2026-01-07 15:50:58.21;0.00:00:07:384;0.01;0.02;-1.00;0.06259;0.0004275;0.00134;-0.06249;36.15;-44.36;99.87;99.84;2.25;0.06259;0.06251;8.395E-05;-12.035;-12.041;-40.760;0.50;-88.77;
2026-01-07 15:50:58.26;0.00:00:07:442;0.01;0.02;-1.00;0.06267;0.0004154;0.001379;-0.06257;36.62;-44.34;99.87;99.84;2.30;0.06267;0.06258;8.327E-05;-12.030;-12.035;-40.795;0.50;-88.74;
2026-01-07 15:50:58.31;0.00:00:07:490;0.01;0.02;-1.00;0.06268;0.0004078;0.00139;-0.06258;36.83;-44.34;99.87;99.84;2.31;0.06268;0.0626;8.121E-05;-12.029;-12.034;-40.904;0.50;-88.73;
2026-01-07 15:50:58.36;0.00:00:07:538;0.01;0.02;-1.00;0.06274;0.0004284;0.001353;-0.06264;36.22;-44.35;99.87;99.84;2.26;0.06274;0.06266;8.283E-05;-12.025;-12.030;-40.818;0.50;-88.76;
2026-01-07 15:50:58.41;0.00:00:07:584;0.01;0.02;-1.00;0.06267;0.0004361;0.001327;-0.06258;35.90;-44.36;99.87;99.85;2.23;0.06267;0.06259;8.115E-05;-12.029;-12.035;-40.907;0.50;-88.79;
2026-01-07 15:50:58.45;0.00:00:07:631;0.01;0.02;-1.00;0.06256;0.0004332;0.001338;-0.06247;36.03;-44.36;99.87;99.85;2.25;0.06256;0.06248;7.886E-05;-12.037;-12.043;-41.031;0.50;-88.77;
2026-01-07 15:50:58.50;0.00:00:07:677;0.01;0.02;-1.00;0.06258;0.0004258;0.001359;-0.06249;36.30;-44.35;99.87;99.85;2.28;0.06258;0.0625;8.073E-05;-12.035;-12.041;-40.930;0.50;-88.75;
2026-01-07 15:50:58.55;0.00:00:07:725;0.01;0.02;-1.00;0.06266;0.0004043;0.001405;-0.06256;36.97;-44.33;99.87;99.84;2.33;0.06266;0.06257;8.327E-05;-12.030;-12.036;-40.795;0.50;-88.71;
2026-01-07 15:50:58.61;0.00:00:07:787;0.01;0.02;-1.00;0.06282;0.0004195;0.00137;-0.06272;36.49;-44.35;99.87;99.84;2.28;0.06282;0.06274;8.378E-05;-12.019;-12.025;-40.769;0.50;-88.75;
2026-01-07 15:50:58.65;0.00:00:07:833;0.01;0.02;-1.00;0.06274;0.0004389;0.001318;-0.06265;35.79;-44.36;99.87;99.84;2.21;0.06274;0.06266;8.248E-05;-12.024;-12.030;-40.836;0.50;-88.80;
2026-01-07 15:50:58.72;0.00:00:07:893;0.01;0.02;-1.00;0.06276;0.0004113;0.001383;-0.06266;36.72;-44.34;99.86;99.84;2.30;0.06276;0.06267;8.481E-05;-12.023;-12.029;-40.716;0.50;-88.74;
2026-01-07 15:50:58.78;0.00:00:07:956;0.01;0.02;-1.00;0.06274;0.0004262;0.001367;-0.06264;36.34;-44.35;99.87;99.84;2.28;0.06274;0.06266;8.236E-05;-12.025;-12.030;-40.843;0.50;-88.75;
2026-01-07 15:50:58.84;0.00:00:08:017;0.01;0.02;-1.00;0.06278;0.0004243;0.001375;-0.06268;36.42;-44.34;99.87;99.84;2.29;0.06278;0.0627;8.268E-05;-12.022;-12.028;-40.826;0.50;-88.74;
2026-01-07 15:50:58.89;0.00:00:08:064;0.01;0.02;-1.00;0.06272;0.000427;0.001352;-0.06262;36.24;-44.35;99.87;99.85;2.26;0.06272;0.06264;8.114E-05;-12.026;-12.032;-40.908;0.50;-88.76;
2026-01-07 15:50:58.93;0.00:00:08:111;0.01;0.02;-1.00;0.06266;0.0004471;0.001319;-0.06257;35.64;-44.36;99.88;99.85;2.22;0.06266;0.06258;7.795E-05;-12.030;-12.035;-41.082;0.50;-88.79;
2026-01-07 15:50:58.98;0.00:00:08:157;0.01;0.02;-1.00;0.06253;0.0004435;0.001332;-0.06245;35.79;-44.36;99.88;99.86;2.24;0.06253;0.06246;7.2E-05;-12.039;-12.044;-41.427;0.50;-88.78;
2026-01-07 15:50:59.03;0.00:00:08:206;0.01;0.02;-1.00;0.06247;0.0004315;0.001326;-0.06238;35.99;-44.36;99.88;99.85;2.23;0.06247;0.0624;7.792E-05;-12.043;-12.048;-41.084;0.50;-88.78;
2026-01-07 15:50:59.08;0.00:00:08:255;0.01;0.02;-1.00;0.06246;0.0004244;0.00136;-0.06236;36.33;-44.35;99.87;99.84;2.28;0.06246;0.06237;8.353E-05;-12.044;-12.050;-40.782;0.50;-88.75;
2026-01-07 15:50:59.14;0.00:00:08:315;0.01;0.02;-1.00;0.06271;0.0004507;0.001351;-0.06261;35.77;-44.35;99.87;99.84;2.27;0.06271;0.06263;8.227E-05;-12.027;-12.033;-40.847;0.50;-88.76;
2026-01-07 15:50:59.18;0.00:00:08:362;0.01;0.02;-1.00;0.06254;0.0004136;0.001366;-0.06245;36.58;-44.35;99.87;99.84;2.28;0.06254;0.06246;8.333E-05;-12.038;-12.044;-40.792;0.50;-88.75;
2026-01-07 15:50:59.23;0.00:00:08:410;0.01;0.02;-1.00;0.06261;0.0004084;0.001389;-0.06251;36.81;-44.34;99.87;99.84;2.31;0.06261;0.06253;8.384E-05;-12.033;-12.039;-40.765;0.50;-88.73;
2026-01-07 15:50:59.28;0.00:00:08:457;0.01;0.02;-1.00;0.06266;0.0004208;0.001357;-0.06257;36.39;-44.35;99.87;99.85;2.27;0.06266;0.06258;8.063E-05;-12.030;-12.036;-40.935;0.50;-88.76;
2026-01-07 15:50:59.33;0.00:00:08:503;0.01;0.02;-1.00;0.06269;0.0004288;0.001369;-0.0626;36.31;-44.34;99.87;99.84;2.29;0.06269;0.06261;8.167E-05;-12.028;-12.033;-40.880;0.50;-88.75;
2026-01-07 15:50:59.37;0.00:00:08:549;0.01;0.02;-1.00;0.06284;0.0004017;0.001443;-0.06273;37.22;-44.32;99.86;99.84;2.38;0.06284;0.06275;8.571E-05;-12.018;-12.024;-40.670;0.50;-88.68;
2026-01-07 15:50:59.42;0.00:00:08:596;0.01;0.02;-1.00;0.0627;0.0004325;0.001341;-0.06261;36.06;-44.36;99.87;99.85;2.25;0.0627;0.06262;7.898E-05;-12.027;-12.033;-41.025;0.50;-88.77;
2026-01-07 15:50:59.47;0.00:00:08:644;0.01;0.02;-1.00;0.06262;0.0004323;0.001327;-0.06253;35.98;-44.36;99.87;99.85;2.23;0.06262;0.06254;7.983E-05;-12.033;-12.038;-40.978;0.50;-88.78;
2026-01-07 15:50:59.51;0.00:00:08:691;0.01;0.02;-1.00;0.06265;0.0004138;0.001375;-0.06254;36.62;-44.34;99.86;99.83;2.29;0.06265;0.06256;8.716E-05;-12.031;-12.037;-40.597;0.50;-88.74;
2026-01-07 15:50:59.56;0.00:00:08:738;0.01;0.02;-1.00;0.06273;0.000424;0.001371;-0.06264;36.41;-44.34;99.87;99.85;2.29;0.06273;0.06265;7.987E-05;-12.025;-12.031;-40.976;0.50;-88.75;
2026-01-07 15:50:59.61;0.00:00:08:785;0.01;0.02;-1.00;0.06258;0.0004455;0.001284;-0.06249;35.43;-44.38;99.88;99.85;2.17;0.06258;0.0625;7.716E-05;-12.036;-12.041;-41.126;0.50;-88.82;
2026-01-07 15:50:59.65;0.00:00:08:833;0.01;0.02;-1.00;0.06255;0.0004056;0.001372;-0.06245;36.77;-44.34;99.86;99.84;2.29;0.06255;0.06246;8.53E-05;-12.038;-12.044;-40.690;0.50;-88.74;
2026-01-07 15:50:59.70;0.00:00:08:880;0.01;0.02;-1.00;0.06259;0.0004207;0.00135;-0.06249;36.35;-44.35;99.86;99.84;2.26;0.06259;0.06251;8.458E-05;-12.035;-12.040;-40.727;0.50;-88.76;
2026-01-07 15:50:59.75;0.00:00:08:926;0.01;0.02;-1.00;0.06252;0.0004298;0.001324;-0.06242;36.01;-44.36;99.87;99.84;2.23;0.06252;0.06244;8.146E-05;-12.040;-12.046;-40.891;0.50;-88.78;
2026-01-07 15:50:59.80;0.00:00:08:974;0.01;0.02;-1.00;0.06242;0.0004293;0.001328;-0.06232;36.04;-44.36;99.87;99.84;2.24;0.06242;0.06234;8.368E-05;-12.047;-12.053;-40.774;0.50;-88.78;
2026-01-07 15:50:59.84;0.00:00:09:022;0.01;0.02;-1.00;0.06244;0.0004137;0.001374;-0.06234;36.62;-44.34;99.86;99.84;2.30;0.06244;0.06236;8.447E-05;-12.045;-12.051;-40.733;0.50;-88.74;
2026-01-07 15:50:59.89;0.00:00:09:069;0.01;0.02;-1.00;0.06256;0.0004217;0.001361;-0.06247;36.39;-44.35;99.87;99.85;2.28;0.06256;0.06248;8.034E-05;-12.037;-12.042;-40.950;0.50;-88.75;
2026-01-07 15:50:59.94;0.00:00:09:115;0.01;0.02;-1.00;0.06263;0.0003973;0.00141;-0.06253;37.13;-44.33;99.86;99.84;2.34;0.06263;0.06254;8.58E-05;-12.032;-12.038;-40.665;0.50;-88.71;
2026-01-07 15:50:59.98;0.00:00:09:162;0.01;0.02;-1.00;0.06259;0.0004382;0.001317;-0.0625;35.80;-44.36;99.87;99.85;2.22;0.06259;0.06251;7.978E-05;-12.035;-12.040;-40.981;0.50;-88.79;
2026-01-07 15:51:00.03;0.00:00:09:209;0.01;0.02;-1.00;0.06254;0.0004086;0.001366;-0.06244;36.67;-44.35;99.86;99.84;2.28;0.06254;0.06246;8.496E-05;-12.038;-12.044;-40.708;0.50;-88.75;
2026-01-07 15:51:00.08;0.00:00:09:256;0.01;0.02;-1.00;0.0627;0.0003986;0.00143;-0.06259;37.21;-44.32;99.86;99.83;2.37;0.0627;0.06261;8.928E-05;-12.027;-12.034;-40.492;0.50;-88.69;
2026-01-07 15:51:00.13;0.00:00:09:303;0.01;0.02;-1.00;0.06276;0.0004282;0.001343;-0.06267;36.16;-44.36;99.87;99.85;2.25;0.06276;0.06268;7.978E-05;-12.023;-12.029;-40.981;0.50;-88.77;
2026-01-07 15:51:00.17;0.00:00:09:350;0.01;0.02;-1.00;0.06282;0.0004166;0.00139;-0.06272;36.66;-44.34;99.87;99.84;2.31;0.06282;0.06274;8.389E-05;-12.019;-12.025;-40.763;0.50;-88.73;
2026-01-07 15:51:00.22;0.00:00:09:397;0.01;0.02;-1.00;0.06275;0.0004235;0.001367;-0.06265;36.39;-44.35;99.87;99.84;2.28;0.06275;0.06267;8.4E-05;-12.024;-12.030;-40.757;0.50;-88.75;
2026-01-07 15:51:00.26;0.00:00:09:442;0.01;0.02;-1.00;0.06276;0.0004202;0.001366;-0.06267;36.45;-44.35;99.87;99.84;2.28;0.06276;0.06268;8.109E-05;-12.023;-12.029;-40.910;0.50;-88.75;
2026-01-07 15:51:00.32;0.00:00:09:493;0.01;0.02;-1.00;0.06279;0.000431;0.001357;-0.06269;36.19;-44.35;99.87;99.84;2.27;0.06279;0.06271;8.15E-05;-12.021;-12.027;-40.888;0.50;-88.76;
2026-01-07 15:51:00.38;0.00:00:09:555;0.01;0.02;-1.00;0.06258;0.0004455;0.001303;-0.06249;35.56;-44.37;99.88;99.85;2.20;0.06258;0.0625;7.562E-05;-12.036;-12.041;-41.214;0.50;-88.81;
2026-01-07 15:51:00.44;0.00:00:09:614;0.01;0.02;-1.00;0.06257;0.0004179;0.00135;-0.06248;36.40;-44.35;99.87;99.84;2.26;0.06257;0.06249;8.18E-05;-12.036;-12.042;-40.873;0.50;-88.76;
2026-01-07 15:51:00.48;0.00:00:09:662;0.01;0.02;-1.00;0.0626;0.0004146;0.001369;-0.0625;36.58;-44.34;99.87;99.84;2.28;0.0626;0.06252;8.307E-05;-12.034;-12.040;-40.805;0.50;-88.75;
2026-01-07 15:51:00.53;0.00:00:09:710;0.01;0.02;-1.00;0.0625;0.0004397;0.001288;-0.0624;35.58;-44.38;99.88;99.85;2.18;0.0625;0.06242;7.776E-05;-12.041;-12.047;-41.093;0.50;-88.82;
2026-01-07 15:51:00.58;0.00:00:09:756;0.01;0.02;-1.00;0.0625;0.0004185;0.001368;-0.0624;36.50;-44.34;99.86;99.84;2.29;0.0625;0.06242;8.617E-05;-12.041;-12.047;-40.647;0.50;-88.74;
2026-01-07 15:51:00.62;0.00:00:09:802;0.01;0.02;-1.00;0.06265;0.0004108;0.001385;-0.06254;36.74;-44.34;99.86;99.84;2.31;0.06265;0.06256;8.482E-05;-12.031;-12.037;-40.715;0.50;-88.73;
2026-01-07 15:51:00.67;0.00:00:09:850;0.01;0.02;-1.00;0.06265;0.0004316;0.001327;-0.06255;35.99;-44.36;99.87;99.85;2.23;0.06265;0.06257;7.926E-05;-12.031;-12.037;-41.009;0.50;-88.78;
2026-01-07 15:51:00.72;0.00:00:09:898;0.01;0.02;-1.00;0.06258;0.0004408;0.001338;-0.06248;35.88;-44.35;99.87;99.84;2.25;0.06258;0.0625;8.185E-05;-12.036;-12.041;-40.870;0.50;-88.77;
2026-01-07 15:51:00.77;0.00:00:09:946;0.01;0.02;-1.00;0.06245;0.0004249;0.001307;-0.06235;36.00;-44.37;99.86;99.84;2.20;0.06245;0.06236;8.454E-05;-12.045;-12.051;-40.729;0.50;-88.80;
2026-01-07 15:51:00.83;0.00:00:10:007;0.01;0.02;-1.00;0.06243;0.0004026;0.001366;-0.06233;36.79;-44.35;99.86;99.83;2.28;0.06243;0.06235;8.828E-05;-12.046;-12.052;-40.541;0.50;-88.74;
2026-01-07 15:51:00.88;0.00:00:10:053;0.01;0.02;-1.00;0.0625;0.0004223;0.001365;-0.0624;36.41;-44.34;99.87;99.84;2.29;0.0625;0.06242;8.16E-05;-12.041;-12.047;-40.883;0.50;-88.75;
2026-01-07 15:51:00.92;0.00:00:10:102;0.01;0.02;-1.00;0.06244;0.0004377;0.001326;-0.06235;35.87;-44.36;99.87;99.85;2.24;0.06244;0.06237;7.824E-05;-12.045;-12.051;-41.066;0.50;-88.78;
2026-01-07 15:51:00.97;0.00:00:10:148;0.01;0.02;-1.00;0.06246;0.0004129;0.001366;-0.06236;36.59;-44.34;99.86;99.84;2.29;0.06246;0.06237;8.486E-05;-12.044;-12.050;-40.713;0.50;-88.74;
2026-01-07 15:51:01.02;0.00:00:10:195;0.01;0.02;-1.00;0.06256;0.000385;0.001412;-0.06246;37.37;-44.33;99.86;99.83;2.34;0.06256;0.06247;8.746E-05;-12.037;-12.043;-40.582;0.50;-88.70;
2026-01-07 15:51:01.06;0.00:00:10:242;0.01;0.02;-1.00;0.06247;0.0004498;0.001291;-0.06238;35.40;-44.37;99.87;99.85;2.19;0.06247;0.06239;7.884E-05;-12.043;-12.049;-41.033;0.50;-88.81;
2026-01-07 15:51:01.11;0.00:00:10:289;0.01;0.02;-1.00;0.06239;0.0004262;0.001321;-0.06229;36.06;-44.36;99.87;99.84;2.22;0.06239;0.06231;8.235E-05;-12.049;-12.055;-40.843;0.50;-88.79;
2026-01-07 15:51:01.16;0.00:00:10:336;0.01;0.02;-1.00;0.06261;0.0004326;0.001353;-0.06252;36.14;-44.35;99.87;99.84;2.27;0.06261;0.06253;8.172E-05;-12.033;-12.039;-40.877;0.50;-88.76;
2026-01-07 15:51:01.21;0.00:00:10:384;0.01;0.02;-1.00;0.06286;0.0003816;0.001468;-0.06275;37.71;-44.31;99.86;99.83;2.41;0.06286;0.06277;9.108E-05;-12.016;-12.023;-40.406;0.50;-88.66;
2026-01-07 15:51:01.26;0.00:00:10:433;0.01;0.02;-1.00;0.06273;0.0004597;0.00126;-0.06264;34.98;-44.39;99.88;99.86;2.14;0.06273;0.06265;7.644E-05;-12.025;-12.031;-41.167;0.50;-88.85;
2026-01-07 15:51:01.32;0.00:00:10:494;0.01;0.02;-1.00;0.06273;0.0004375;0.001363;-0.06263;36.10;-44.35;99.87;99.84;2.28;0.06273;0.06264;8.23E-05;-12.026;-12.031;-40.846;0.50;-88.75;
2026-01-07 15:51:01.36;0.00:00:10:540;0.01;0.02;-1.00;0.06272;0.0004216;0.001351;-0.06262;36.34;-44.35;99.87;99.84;2.26;0.06272;0.06264;8.262E-05;-12.026;-12.032;-40.829;0.50;-88.76;
2026-01-07 15:51:01.41;0.00:00:10:588;0.01;0.02;-1.00;0.06268;0.0004292;0.001345;-0.06258;36.15;-44.35;99.87;99.84;2.25;0.06268;0.0626;8.372E-05;-12.029;-12.034;-40.772;0.50;-88.77;
2026-01-07 15:51:01.46;0.00:00:10:635;0.01;0.02;-1.00;0.06251;0.0004194;0.001333;-0.06242;36.27;-44.36;99.87;99.85;2.24;0.06251;0.06243;8.078E-05;-12.040;-12.046;-40.927;0.50;-88.78;
2026-01-07 15:51:01.50;0.00:00:10:682;0.01;0.02;-1.00;0.06261;0.0004281;0.001356;-0.06252;36.24;-44.35;99.87;99.85;2.27;0.06261;0.06253;7.903E-05;-12.033;-12.039;-41.022;0.50;-88.76;
2026-01-07 15:51:01.55;0.00:00:10:728;0.01;0.02;-1.00;0.06248;0.0004319;0.0013;-0.06238;35.81;-44.37;99.87;99.85;2.19;0.06248;0.0624;7.847E-05;-12.043;-12.048;-41.053;0.50;-88.81;
2026-01-07 15:51:01.60;0.00:00:10:775;0.01;0.02;-1.00;0.06263;0.0004306;0.001344;-0.06253;36.12;-44.35;99.87;99.85;2.25;0.06263;0.06255;7.924E-05;-12.032;-12.038;-41.011;0.50;-88.77;
2026-01-07 15:51:01.65;0.00:00:10:823;0.01;0.02;-1.00;0.06273;0.0003891;0.001427;-0.06263;37.37;-44.32;99.86;99.83;2.36;0.06273;0.06264;8.977E-05;-12.025;-12.031;-40.469;0.50;-88.69;
2026-01-07 15:51:01.69;0.00:00:10:870;0.01;0.02;-1.00;0.06274;0.0004323;0.001337;-0.06265;36.04;-44.36;99.87;99.85;2.24;0.06274;0.06266;7.927E-05;-12.024;-12.030;-41.009;0.50;-88.78;
2026-01-07 15:51:01.74;0.00:00:10:917;0.01;0.02;-1.00;0.06263;0.0004543;0.001301;-0.06253;35.38;-44.37;99.87;99.85;2.20;0.06263;0.06255;8.023E-05;-12.032;-12.038;-40.957;0.50;-88.81;
2026-01-07 15:51:01.79;0.00:00:10:963;0.01;0.02;-1.00;0.06262;0.0004022;0.001385;-0.06251;36.90;-44.34;99.86;99.83;2.30;0.06262;0.06253;8.67E-05;-12.033;-12.039;-40.620;0.50;-88.73;
2026-01-07 15:51:01.83;0.00:00:11:010;0.01;0.02;-1.00;0.06273;0.0004156;0.001377;-0.06263;36.60;-44.34;99.87;99.84;2.29;0.06273;0.06264;8.326E-05;-12.026;-12.031;-40.795;0.50;-88.74;
2026-01-07 15:51:01.88;0.00:00:11:056;0.01;0.02;-1.00;0.06272;0.0004301;0.00136;-0.06263;36.22;-44.35;99.87;99.85;2.27;0.06272;0.06264;8.078E-05;-12.026;-12.031;-40.927;0.50;-88.76;
2026-01-07 15:51:01.93;0.00:00:11:105;0.01;0.02;-1.00;0.06274;0.0004231;0.001373;-0.06264;36.43;-44.34;99.87;99.85;2.29;0.06274;0.06266;7.913E-05;-12.025;-12.030;-41.017;0.50;-88.74;
2026-01-07 15:51:01.99;0.00:00:11:164;0.01;0.02;-1.00;0.06275;0.0004121;0.001363;-0.06265;36.59;-44.35;99.87;99.84;2.27;0.06275;0.06267;8.303E-05;-12.024;-12.029;-40.807;0.50;-88.75;
2026-01-07 15:51:02.03;0.00:00:11:213;0.01;0.02;-1.00;0.06263;0.0004401;0.001282;-0.06254;35.53;-44.38;99.88;99.85;2.16;0.06263;0.06256;7.752E-05;-12.032;-12.037;-41.106;0.50;-88.83;
2026-01-07 15:51:02.08;0.00:00:11:260;0.01;0.02;-1.00;0.06271;0.0004011;0.001417;-0.06261;37.10;-44.33;99.86;99.83;2.35;0.06271;0.06262;8.702E-05;-12.027;-12.033;-40.604;0.50;-88.70;
2026-01-07 15:51:02.13;0.00:00:11:306;0.01;0.02;-1.00;0.06268;0.0004582;0.001286;-0.06258;35.19;-44.38;99.88;99.85;2.18;0.06268;0.0626;7.669E-05;-12.029;-12.034;-41.153;0.50;-88.82;
2026-01-07 15:51:02.17;0.00:00:11:353;0.01;0.02;-1.00;0.06251;0.0004133;0.001336;-0.0624;36.41;-44.36;99.86;99.83;2.24;0.06251;0.06242;8.761E-05;-12.041;-12.047;-40.574;0.50;-88.77;
2026-01-07 15:51:02.22;0.00:00:11:401;0.01;0.02;-1.00;0.06262;0.0003947;0.001417;-0.06252;37.22;-44.33;99.86;99.84;2.35;0.06262;0.06254;8.579E-05;-12.033;-12.039;-40.665;0.50;-88.70;
2026-01-07 15:51:02.27;0.00:00:11:447;0.01;0.02;-1.00;0.06258;0.0004268;0.001339;-0.06249;36.16;-44.36;99.87;99.85;2.25;0.06258;0.06251;7.838E-05;-12.035;-12.041;-41.058;0.50;-88.77;
2026-01-07 15:51:02.32;0.00:00:11:494;0.01;0.02;-1.00;0.06262;0.0004594;0.001321;-0.06253;35.41;-44.36;99.88;99.86;2.23;0.06262;0.06254;7.349E-05;-12.033;-12.038;-41.338;0.50;-88.79;
2026-01-07 15:51:02.36;0.00:00:11:540;0.01;0.02;-1.00;0.06204;0.0004348;0.001264;-0.06195;35.51;-44.38;99.88;99.85;2.15;0.06204;0.06197;7.579E-05;-12.073;-12.078;-41.204;0.50;-88.83;
2026-01-07 15:51:02.41;0.00:00:11:588;0.01;0.02;-1.00;0.06229;0.0003504;0.001538;-0.06218;38.58;-44.27;99.85;99.82;2.53;0.06229;0.0622;9.161E-05;-12.056;-12.062;-40.381;0.50;-88.58;
2026-01-07 15:51:02.46;0.00:00:11:635;0.01;0.02;-1.00;0.06264;0.0004165;0.001417;-0.06254;36.81;-44.32;99.87;99.84;2.36;0.06264;0.06256;7.983E-05;-12.031;-12.037;-40.978;0.50;-88.70;
2026-01-07 15:51:02.50;0.00:00:11:681;0.01;0.02;-1.00;0.06251;0.0003969;0.00136;-0.06241;36.87;-44.35;99.86;99.84;2.27;0.06251;0.06242;8.535E-05;-12.041;-12.046;-40.688;0.50;-88.75;
2026-01-07 15:51:02.55;0.00:00:11:729;0.01;0.02;-1.00;0.06245;0.0004815;0.001259;-0.06237;34.54;-44.38;99.89;99.86;2.16;0.06245;0.06238;7.002E-05;-12.044;-12.049;-41.548;0.50;-88.84;
2026-01-07 15:51:02.60;0.00:00:11:777;0.01;0.02;-1.00;0.06263;0.0004025;0.001438;-0.06252;37.18;-44.32;99.86;99.83;2.38;0.06263;0.06254;8.876E-05;-12.032;-12.038;-40.518;0.50;-88.68;
2026-01-07 15:51:02.66;0.00:00:11:840;0.01;0.02;-1.00;0.06234;0.0004638;0.001245;-0.06226;34.79;-44.39;99.88;99.86;2.13;0.06234;0.06227;7.255E-05;-12.052;-12.057;-41.393;0.50;-88.85;
2026-01-07 15:51:02.72;0.00:00:11:902;0.01;0.02;-1.00;0.06219;0.0004079;0.001354;-0.06209;36.62;-44.35;99.86;99.84;2.27;0.06219;0.06211;8.488E-05;-12.063;-12.068;-40.712;0.50;-88.75;
2026-01-07 15:51:02.79;0.00:00:11:963;0.01;0.02;-1.00;0.06238;0.0003847;0.001403;-0.06228;37.33;-44.33;99.86;99.84;2.33;0.06238;0.0623;8.436E-05;-12.049;-12.055;-40.738;0.50;-88.71;
2026-01-07 15:51:02.83;0.00:00:12:010;0.01;0.02;-1.00;0.0625;0.0004102;0.001388;-0.06241;36.77;-44.34;99.87;99.84;2.32;0.0625;0.06242;8.042E-05;-12.041;-12.047;-40.947;0.50;-88.73;
2026-01-07 15:51:02.88;0.00:00:12:057;0.01;0.02;-1.00;0.0625;0.0004522;0.001301;-0.06241;35.42;-44.37;99.88;99.85;2.20;0.0625;0.06242;7.667E-05;-12.041;-12.047;-41.154;0.50;-88.81;
2026-01-07 15:51:02.93;0.00:00:12:103;0.01;0.02;-1.00;0.06239;0.000422;0.001341;-0.0623;36.26;-44.35;99.87;99.85;2.25;0.06239;0.06231;7.919E-05;-12.049;-12.054;-41.013;0.50;-88.77;
2026-01-07 15:51:02.97;0.00:00:12:151;0.01;0.02;-1.00;0.06241;0.0004474;0.001286;-0.06232;35.41;-44.37;99.88;99.86;2.18;0.06241;0.06233;7.52E-05;-12.048;-12.053;-41.238;0.50;-88.82;
2026-01-07 15:51:03.02;0.00:00:12:198;0.01;0.02;-1.00;0.0623;0.0004325;0.001334;-0.0622;36.02;-44.35;99.87;99.85;2.25;0.0623;0.06222;7.963E-05;-12.055;-12.061;-40.989;0.50;-88.77;
2026-01-07 15:51:03.07;0.00:00:12:244;0.01;0.02;-1.00;0.0623;0.0004074;0.001406;-0.0622;36.92;-44.33;99.87;99.84;2.35;0.0623;0.06222;8.134E-05;-12.055;-12.061;-40.897;0.50;-88.71;
2026-01-07 15:51:03.11;0.00:00:12:290;0.01;0.02;-1.00;0.06223;0.0004455;0.001288;-0.06214;35.46;-44.37;99.87;99.85;2.19;0.06223;0.06215;7.788E-05;-12.060;-12.065;-41.086;0.50;-88.81;
2026-01-07 15:51:03.16;0.00:00:12:338;0.01;0.02;-1.00;0.06225;0.0003879;0.00142;-0.06215;37.36;-44.32;99.86;99.83;2.36;0.06225;0.06217;8.676E-05;-12.058;-12.064;-40.617;0.50;-88.69;
2026-01-07 15:51:03.21;0.00:00:12:384;0.01;0.02;-1.00;0.06271;0.0004409;0.001347;-0.06261;35.94;-44.35;99.87;99.85;2.26;0.06271;0.06263;8.004E-05;-12.027;-12.032;-40.967;0.50;-88.77;
2026-01-07 15:51:03.25;0.00:00:12:432;0.01;0.02;-1.00;0.06264;0.0004212;0.001353;-0.06254;36.35;-44.35;99.86;99.84;2.26;0.06264;0.06255;8.66E-05;-12.031;-12.037;-40.625;0.50;-88.76;
2026-01-07 15:51:03.30;0.00:00:12:478;0.01;0.02;-1.00;0.06259;0.0004396;0.001315;-0.06249;35.76;-44.36;99.87;99.85;2.21;0.06259;0.06251;8.029E-05;-12.035;-12.041;-40.953;0.50;-88.79;
2026-01-07 15:51:03.35;0.00:00:12:525;0.01;0.02;-1.00;0.06241;0.0004321;0.001308;-0.06232;35.86;-44.37;99.88;99.85;2.21;0.06241;0.06233;7.797E-05;-12.047;-12.053;-41.081;0.50;-88.80;
2026-01-07 15:51:03.39;0.00:00:12:570;0.01;0.02;-1.00;0.0624;0.000431;0.001352;-0.06231;36.16;-44.35;99.88;99.85;2.27;0.0624;0.06233;7.777E-05;-12.048;-12.053;-41.092;0.50;-88.76;
2026-01-07 15:51:03.44;0.00:00:12:619;0.01;0.02;-1.00;0.06245;0.0004205;0.001356;-0.06235;36.39;-44.35;99.86;99.84;2.27;0.06245;0.06236;8.463E-05;-12.045;-12.051;-40.725;0.50;-88.75;
2026-01-07 15:51:03.49;0.00:00:12:665;0.01;0.02;-1.00;0.06243;0.0004343;0.001328;-0.06233;35.95;-44.36;99.87;99.85;2.24;0.06243;0.06235;8.107E-05;-12.046;-12.052;-40.911;0.50;-88.78;
2026-01-07 15:51:03.53;0.00:00:12:712;0.01;0.02;-1.00;0.06239;0.0004547;0.001307;-0.0623;35.41;-44.36;99.88;99.86;2.22;0.06239;0.06232;7.316E-05;-12.049;-12.054;-41.357;0.50;-88.80;
2026-01-07 15:51:03.58;0.00:00:12:757;0.01;0.02;-1.00;0.06246;0.0003923;0.001415;-0.06236;37.25;-44.33;99.86;99.83;2.35;0.06246;0.06238;8.704E-05;-12.044;-12.050;-40.603;0.50;-88.70;
2026-01-07 15:51:03.63;0.00:00:12:811;0.01;0.02;-1.00;0.06253;0.0004136;0.001388;-0.06242;36.70;-44.34;99.86;99.84;2.32;0.06253;0.06244;8.608E-05;-12.039;-12.045;-40.651;0.50;-88.73;
2026-01-07 15:51:03.68;0.00:00:12:861;0.01;0.02;-1.00;0.06261;0.0003742;0.001466;-0.0625;37.84;-44.31;99.85;99.82;2.42;0.06261;0.06252;9.292E-05;-12.034;-12.040;-40.319;0.50;-88.66;
2026-01-07 15:51:03.73;0.00:00:12:912;0.01;0.02;-1.00;0.06269;0.0004506;0.001307;-0.0626;35.49;-44.37;99.87;99.85;2.20;0.06269;0.06262;7.893E-05;-12.028;-12.033;-41.027;0.50;-88.80;
2026-01-07 15:51:03.78;0.00:00:12:961;0.01;0.02;-1.00;0.06243;0.0004121;0.001388;-0.06233;36.73;-44.33;99.87;99.84;2.32;0.06243;0.06235;8.184E-05;-12.046;-12.052;-40.870;0.50;-88.72;
2026-01-07 15:51:03.83;0.00:00:13:013;0.01;0.02;-1.00;0.06209;0.0004191;0.001317;-0.06199;36.18;-44.36;99.87;99.85;2.23;0.06209;0.06201;7.93E-05;-12.070;-12.075;-41.007;0.50;-88.78;
2026-01-07 15:51:03.89;0.00:00:13:071;0.01;0.02;-1.00;0.06233;0.0003856;0.001485;-0.06222;37.72;-44.29;99.86;99.83;2.46;0.06233;0.06224;9.01E-05;-12.053;-12.059;-40.453;0.50;-88.63;
2026-01-07 15:51:03.95;0.00:00:13:123;0.01;0.02;-1.00;0.06248;0.0004166;0.001364;-0.06238;36.51;-44.35;99.87;99.84;2.28;0.06248;0.0624;8.365E-05;-12.043;-12.048;-40.775;0.50;-88.75;
2026-01-07 15:51:04.00;0.00:00:13:174;0.01;0.02;-1.00;0.06247;0.0004292;0.001335;-0.06237;36.09;-44.36;99.87;99.84;2.24;0.06247;0.06239;8.11E-05;-12.043;-12.049;-40.910;0.50;-88.77;
2026-01-07 15:51:04.06;0.00:00:13:233;0.01;0.02;-1.00;0.06228;0.0004495;0.001292;-0.06218;35.41;-44.37;99.87;99.84;2.20;0.06228;0.0622;8.197E-05;-12.056;-12.062;-40.863;0.50;-88.81;
2026-01-07 15:51:04.11;0.00:00:13:285;0.01;0.02;-1.00;0.06231;0.0003977;0.001405;-0.06221;37.10;-44.33;99.86;99.83;2.34;0.06231;0.06223;8.581E-05;-12.054;-12.060;-40.665;0.50;-88.71;
2026-01-07 15:51:04.16;0.00:00:13:336;0.01;0.02;-1.00;0.06244;0.0004132;0.001381;-0.06235;36.67;-44.34;99.87;99.85;2.31;0.06244;0.06236;7.925E-05;-12.045;-12.051;-41.010;0.50;-88.73;
2026-01-07 15:51:04.21;0.00:00:13:387;0.01;0.02;-1.00;0.06247;0.0004111;0.00136;-0.06237;36.59;-44.35;99.86;99.84;2.27;0.06247;0.06239;8.604E-05;-12.043;-12.049;-40.653;0.50;-88.75;
2026-01-07 15:51:04.26;0.00:00:13:438;0.01;0.02;-1.00;0.06251;0.0004182;0.001364;-0.06241;36.48;-44.35;99.86;99.84;2.28;0.06251;0.06243;8.549E-05;-12.040;-12.046;-40.681;0.50;-88.75;
2026-01-07 15:51:04.32;0.00:00:13:500;0.01;0.02;-1.00;0.06258;0.0004189;0.001372;-0.06248;36.51;-44.34;99.87;99.84;2.29;0.06258;0.0625;8.402E-05;-12.036;-12.041;-40.756;0.50;-88.74;
2026-01-07 15:51:04.37;0.00:00:13:550;0.01;0.02;-1.00;0.0624;0.0004111;0.001358;-0.06229;36.58;-44.35;99.86;99.83;2.27;0.0624;0.06231;8.944E-05;-12.048;-12.054;-40.485;0.50;-88.75;
2026-01-07 15:51:04.42;0.00:00:13:602;0.01;0.02;-1.00;0.06245;0.0004068;0.001384;-0.06235;36.81;-44.34;99.86;99.83;2.31;0.06245;0.06237;8.738E-05;-12.045;-12.051;-40.586;0.50;-88.73;
2026-01-07 15:51:04.47;0.00:00:13:653;0.01;0.02;-1.00;0.06246;0.0004299;0.00133;-0.06236;36.04;-44.36;99.87;99.84;2.24;0.06246;0.06237;8.298E-05;-12.044;-12.050;-40.810;0.50;-88.78;
2026-01-07 15:51:04.53;0.00:00:13:712;0.01;0.02;-1.00;0.06245;0.0004126;0.001368;-0.06235;36.61;-44.34;99.87;99.84;2.29;0.06245;0.06236;8.192E-05;-12.045;-12.051;-40.866;0.50;-88.74;
2026-01-07 15:51:04.60;0.00:00:13:773;0.01;0.02;-1.00;0.06261;0.0004375;0.001336;-0.06251;35.93;-44.36;99.87;99.85;2.25;0.06261;0.06253;7.982E-05;-12.034;-12.039;-40.979;0.50;-88.78;
2026-01-07 15:51:04.65;0.00:00:13:825;0.01;0.02;-1.00;0.06251;0.0003975;0.001389;-0.06241;37.01;-44.34;99.86;99.84;2.31;0.06251;0.06243;8.568E-05;-12.040;-12.046;-40.671;0.50;-88.73;
2026-01-07 15:51:04.70;0.00:00:13:876;0.01;0.02;-1.00;0.06274;0.00039;0.001464;-0.06264;37.54;-44.31;99.87;99.84;2.41;0.06274;0.06266;8.454E-05;-12.024;-12.030;-40.729;0.50;-88.66;
2026-01-07 15:51:04.75;0.00:00:13:927;0.01;0.02;-1.00;0.06278;0.0004318;0.001342;-0.06268;36.08;-44.36;99.87;99.85;2.25;0.06278;0.0627;8.056E-05;-12.022;-12.027;-40.939;0.50;-88.77;
2026-01-07 15:51:04.80;0.00:00:13:977;0.01;0.02;-1.00;0.06281;0.0004106;0.001383;-0.0627;36.73;-44.34;99.86;99.84;2.30;0.06281;0.06272;8.675E-05;-12.020;-12.026;-40.617;0.50;-88.74;
2026-01-07 15:51:04.85;0.00:00:14:028;0.01;0.02;-1.00;0.06258;0.0004615;0.001233;-0.06249;34.74;-44.40;99.88;99.85;2.10;0.06258;0.06251;7.699E-05;-12.035;-12.041;-41.136;0.50;-88.87;
2026-01-07 15:51:04.90;0.00:00:14:079;0.01;0.02;-1.00;0.06252;0.0004051;0.00139;-0.06241;36.87;-44.34;99.86;99.84;2.32;0.06252;0.06243;8.568E-05;-12.040;-12.046;-40.671;0.50;-88.72;
2026-01-07 15:51:04.95;0.00:00:14:129;0.01;0.02;-1.00;0.06258;0.0004352;0.001334;-0.06249;35.97;-44.36;99.87;99.85;2.24;0.06258;0.0625;7.824E-05;-12.035;-12.041;-41.066;0.50;-88.78;
2026-01-07 15:51:05.01;0.00:00:14:184;0.01;0.02;-1.00;0.06251;0.0004287;0.001327;-0.06242;36.05;-44.36;99.87;99.85;2.23;0.06251;0.06243;8.008E-05;-12.040;-12.046;-40.965;0.50;-88.78;
2026-01-07 15:51:05.05;0.00:00:14:231;0.01;0.02;-1.00;0.06257;0.0004249;0.001363;-0.06247;36.34;-44.35;99.87;99.84;2.28;0.06257;0.06249;8.333E-05;-12.036;-12.042;-40.792;0.50;-88.75;
2026-01-07 15:51:05.11;0.00:00:14:286;0.01;0.02;-1.00;0.06259;0.0004175;0.001377;-0.06249;36.57;-44.34;99.87;99.85;2.30;0.06259;0.06251;7.977E-05;-12.035;-12.041;-40.982;0.50;-88.74;
2026-01-07 15:51:05.16;0.00:00:14:333;0.01;0.02;-1.00;0.0627;0.0004147;0.001396;-0.0626;36.73;-44.33;99.87;99.84;2.32;0.0627;0.06262;8.326E-05;-12.027;-12.033;-40.796;0.50;-88.72;
2026-01-07 15:51:05.21;0.00:00:14:385;0.01;0.02;-1.00;0.06262;0.0004169;0.001357;-0.06252;36.46;-44.35;99.87;99.84;2.27;0.06262;0.06253;8.287E-05;-12.033;-12.039;-40.816;0.50;-88.76;
2026-01-07 15:51:05.27;0.00:00:14:446;0.01;0.02;-1.00;0.06271;0.0004211;0.001382;-0.06261;36.53;-44.34;99.87;99.84;2.30;0.06271;0.06263;8.126E-05;-12.027;-12.032;-40.901;0.50;-88.74;
2026-01-07 15:51:05.32;0.00:00:14:496;0.01;0.02;-1.00;0.06272;0.0004331;0.001351;-0.06262;36.11;-44.35;99.88;99.85;2.26;0.06272;0.06264;7.786E-05;-12.026;-12.032;-41.087;0.50;-88.76;
2026-01-07 15:51:05.37;0.00:00:14:547;0.01;0.02;-1.00;0.06271;0.0004203;0.001359;-0.06261;36.41;-44.35;99.87;99.84;2.27;0.06271;0.06263;8.307E-05;-12.027;-12.032;-40.806;0.50;-88.76;
2026-01-07 15:51:05.42;0.00:00:14:598;0.01;0.02;-1.00;0.06256;0.0004481;0.001303;-0.06246;35.51;-44.37;99.88;99.85;2.20;0.06256;0.06248;7.797E-05;-12.037;-12.043;-41.081;0.50;-88.80;
2026-01-07 15:51:05.47;0.00:00:14:649;0.01;0.02;-1.00;0.06252;0.0004159;0.001373;-0.06242;36.58;-44.34;99.87;99.84;2.30;0.06252;0.06244;8.254E-05;-12.040;-12.045;-40.833;0.50;-88.74;
2026-01-07 15:51:05.53;0.00:00:14:711;0.01;0.02;-1.00;0.06254;0.0004164;0.001385;-0.06244;36.64;-44.34;99.87;99.84;2.31;0.06254;0.06246;8.082E-05;-12.038;-12.044;-40.925;0.50;-88.73;
2026-01-07 15:51:05.59;0.00:00:14:768;0.01;0.02;-1.00;0.06265;0.0004331;0.001337;-0.06255;36.03;-44.36;99.87;99.85;2.24;0.06265;0.06257;8.085E-05;-12.031;-12.037;-40.923;0.50;-88.78;
2026-01-07 15:51:05.64;0.00:00:14:814;0.01;0.02;-1.00;0.06262;0.000429;0.001334;-0.06252;36.09;-44.36;99.87;99.85;2.24;0.06262;0.06254;8.088E-05;-12.033;-12.039;-40.922;0.50;-88.78;
2026-01-07 15:51:05.68;0.00:00:14:862;0.01;0.02;-1.00;0.0626;0.0004229;0.001355;-0.0625;36.33;-44.35;99.87;99.84;2.27;0.0626;0.06252;8.102E-05;-12.034;-12.040;-40.914;0.50;-88.76;
2026-01-07 15:51:05.73;0.00:00:14:910;0.01;0.02;-1.00;0.06251;0.0004487;0.001297;-0.06242;35.46;-44.37;99.87;99.85;2.20;0.06251;0.06243;7.868E-05;-12.040;-12.046;-41.041;0.50;-88.81;
2026-01-07 15:51:05.78;0.00:00:14:957;0.01;0.02;-1.00;0.0624;0.0004427;0.001295;-0.06231;35.56;-44.37;99.88;99.85;2.19;0.0624;0.06232;7.734E-05;-12.048;-12.054;-41.116;0.50;-88.81;
2026-01-07 15:51:05.82;0.00:00:15:002;0.01;0.02;-1.00;0.06233;0.0004258;0.001347;-0.06223;36.23;-44.35;99.87;99.84;2.27;0.06233;0.06224;8.294E-05;-12.053;-12.059;-40.812;0.50;-88.76;
2026-01-07 15:51:05.87;0.00:00:15:049;0.01;0.02;-1.00;0.0625;0.0003766;0.001447;-0.06239;37.70;-44.31;99.85;99.83;2.39;0.0625;0.0624;9.113E-05;-12.042;-12.048;-40.403;0.50;-88.67;
2026-01-07 15:51:05.92;0.00:00:15:096;0.01;0.02;-1.00;0.06252;0.0004278;0.001341;-0.06243;36.15;-44.35;99.87;99.84;2.25;0.06252;0.06244;8.212E-05;-12.039;-12.045;-40.855;0.50;-88.77;
2026-01-07 15:51:05.97;0.00:00:15:143;0.01;0.02;-1.00;0.06248;0.0004364;0.001324;-0.06238;35.88;-44.36;99.87;99.84;2.23;0.06248;0.06239;8.142E-05;-12.043;-12.049;-40.893;0.50;-88.78;
2026-01-07 15:51:06.01;0.00:00:15:190;0.01;0.02;-1.00;0.06251;0.0004056;0.001371;-0.0624;36.76;-44.34;99.86;99.84;2.29;0.06251;0.06242;8.561E-05;-12.041;-12.047;-40.675;0.50;-88.74;
2026-01-07 15:51:06.06;0.00:00:15:238;0.01;0.02;-1.00;0.06277;0.0003629;0.001513;-0.06266;38.26;-44.29;99.85;99.82;2.48;0.06277;0.06268;9.218E-05;-12.022;-12.029;-40.354;0.50;-88.62;
2026-01-07 15:51:06.11;0.00:00:15:284;0.01;0.02;-1.00;0.06292;0.0004556;0.001327;-0.06283;35.52;-44.36;99.88;99.85;2.23;0.06292;0.06284;7.767E-05;-12.012;-12.017;-41.098;0.50;-88.79;
2026-01-07 15:51:06.15;0.00:00:15:332;0.01;0.02;-1.00;0.0625;0.0004377;0.00132;-0.06241;35.83;-44.36;99.87;99.85;2.22;0.0625;0.06242;7.999E-05;-12.041;-12.047;-40.970;0.50;-88.79;
2026-01-07 15:51:06.20;0.00:00:15:379;0.01;0.02;-1.00;0.06229;0.000431;0.001286;-0.06219;35.73;-44.38;99.87;99.85;2.18;0.06229;0.06221;8.145E-05;-12.056;-12.062;-40.891;0.50;-88.82;
2026-01-07 15:51:06.25;0.00:00:15:426;0.01;0.02;-1.00;0.06243;0.0003853;0.00145;-0.06232;37.56;-44.31;99.86;99.83;2.40;0.06243;0.06234;8.821E-05;-12.046;-12.052;-40.545;0.50;-88.67;
2026-01-07 15:51:06.29;0.00:00:15:472;0.01;0.02;-1.00;0.06257;0.0004089;0.001369;-0.06247;36.68;-44.34;99.87;99.84;2.28;0.06257;0.06249;8.426E-05;-12.036;-12.042;-40.744;0.50;-88.74;
2026-01-07 15:51:06.34;0.00:00:15:520;0.01;0.02;-1.00;0.06235;0.0004619;0.001263;-0.06225;34.96;-44.38;99.87;99.85;2.16;0.06235;0.06227;7.951E-05;-12.052;-12.057;-40.996;0.50;-88.84;
2026-01-07 15:51:06.39;0.00:00:15:567;0.01;0.02;-1.00;0.06253;0.0004261;0.001363;-0.06243;36.32;-44.34;99.87;99.84;2.28;0.06253;0.06245;8.211E-05;-12.039;-12.045;-40.856;0.50;-88.75;
2026-01-07 15:51:06.44;0.00:00:15:614;0.01;0.02;-1.00;0.06238;0.0004699;0.001279;-0.0623;34.92;-44.37;99.88;99.86;2.18;0.06238;0.06231;7.299E-05;-12.049;-12.054;-41.367;0.50;-88.82;
2026-01-07 15:51:06.48;0.00:00:15:661;0.01;0.02;-1.00;0.06259;0.0004086;0.001483;-0.06248;37.30;-44.29;99.86;99.83;2.46;0.06259;0.0625;8.705E-05;-12.035;-12.041;-40.602;0.50;-88.64;
2026-01-07 15:51:06.53;0.00:00:15:710;0.01;0.02;-1.00;0.06275;0.0004201;0.001422;-0.06265;36.77;-44.32;99.87;99.84;2.36;0.06275;0.06266;8.429E-05;-12.024;-12.030;-40.742;0.50;-88.70;
2026-01-07 15:51:06.59;0.00:00:15:771;0.01;0.02;-1.00;0.0627;0.0004171;0.001408;-0.0626;36.75;-44.33;99.87;99.85;2.34;0.0627;0.06262;7.842E-05;-12.028;-12.033;-41.056;0.50;-88.71;
2026-01-07 15:51:06.64;0.00:00:15:817;0.01;0.02;-1.00;0.06242;0.0005045;0.00116;-0.06235;33.25;-44.42;99.90;99.88;2.03;0.06242;0.06236;6.516E-05;-12.047;-12.051;-41.860;0.50;-88.93;
2026-01-07 15:51:06.69;0.00:00:15:865;0.01;0.02;-1.00;0.06257;0.0004011;0.001434;-0.06247;37.19;-44.32;99.86;99.83;2.38;0.06257;0.06248;8.848E-05;-12.036;-12.042;-40.532;0.50;-88.68;
2026-01-07 15:51:06.73;0.00:00:15:912;0.01;0.02;-1.00;0.06262;0.000419;0.001354;-0.06252;36.40;-44.35;99.87;99.85;2.26;0.06262;0.06254;8.028E-05;-12.033;-12.038;-40.954;0.50;-88.76;
2026-01-07 15:51:06.78;0.00:00:15:961;0.01;0.02;-1.00;0.06241;0.0004117;0.001349;-0.06231;36.51;-44.35;99.86;99.84;2.26;0.06241;0.06232;8.451E-05;-12.048;-12.054;-40.731;0.50;-88.76;
2026-01-07 15:51:06.84;0.00:00:16:023;0.01;0.02;-1.00;0.06251;0.0003956;0.001389;-0.0624;37.05;-44.34;99.86;99.83;2.31;0.06251;0.06242;9.051E-05;-12.041;-12.047;-40.433;0.50;-88.72;
2026-01-07 15:51:06.89;0.00:00:16:070;0.01;0.02;-1.00;0.06299;0.0005159;0.001202;-0.0629;33.38;-44.40;99.89;99.87;2.08;0.06299;0.06292;7.017E-05;-12.007;-12.012;-41.539;0.50;-88.91;
2026-01-07 15:51:06.94;0.00:00:16:117;0.01;0.02;-1.00;0.06263;0.0004354;0.001305;-0.06253;35.77;-44.37;99.87;99.84;2.20;0.06263;0.06255;8.203E-05;-12.032;-12.038;-40.860;0.50;-88.80;
2026-01-07 15:51:06.99;0.00:00:16:164;0.01;0.02;-1.00;0.06228;0.0003873;0.001472;-0.06217;37.63;-44.30;99.86;99.83;2.44;0.06228;0.06219;8.929E-05;-12.057;-12.063;-40.492;0.50;-88.64;
2026-01-07 15:51:07.03;0.00:00:16:212;0.01;0.02;-1.00;0.0623;0.0003872;0.001372;-0.06219;37.12;-44.34;99.86;99.83;2.29;0.0623;0.06221;8.989E-05;-12.055;-12.062;-40.463;0.50;-88.74;
2026-01-07 15:51:07.08;0.00:00:16:261;0.01;0.02;-1.00;0.06236;0.0004438;0.001309;-0.06227;35.64;-44.36;99.88;99.85;2.22;0.06236;0.06228;7.73E-05;-12.051;-12.056;-41.118;0.50;-88.80;
2026-01-07 15:51:07.13;0.00:00:16:307;0.01;0.02;-1.00;0.06253;0.0003921;0.001428;-0.06243;37.33;-44.32;99.85;99.83;2.37;0.06253;0.06244;9.141E-05;-12.039;-12.045;-40.390;0.50;-88.69;
2026-01-07 15:51:07.19;0.00:00:16:368;0.01;0.02;-1.00;0.06245;0.0004081;0.001352;-0.06235;36.60;-44.35;99.87;99.84;2.26;0.06245;0.06237;8.188E-05;-12.045;-12.050;-40.868;0.50;-88.76;
2026-01-07 15:51:07.24;0.00:00:16:414;0.01;0.02;-1.00;0.06254;0.0004265;0.001357;-0.06244;36.28;-44.35;99.87;99.84;2.28;0.06254;0.06245;8.38E-05;-12.039;-12.045;-40.768;0.50;-88.75;
2026-01-07 15:51:07.28;0.00:00:16:463;0.01;0.02;-1.00;0.0624;0.0004669;0.001232;-0.06231;34.62;-44.39;99.88;99.86;2.11;0.0624;0.06233;7.573E-05;-12.048;-12.053;-41.207;0.50;-88.87;
2026-01-07 15:51:07.35;0.00:00:16:523;0.01;0.02;-1.00;0.06241;0.0003869;0.001432;-0.0623;37.44;-44.32;99.86;99.83;2.38;0.06241;0.06232;8.974E-05;-12.048;-12.054;-40.470;0.50;-88.68;
2026-01-07 15:51:07.41;0.00:00:16:584;0.01;0.02;-1.00;0.0628;0.0003945;0.001477;-0.0627;37.52;-44.30;99.86;99.83;2.43;0.0628;0.06271;8.982E-05;-12.020;-12.026;-40.466;0.50;-88.65;
2026-01-07 15:51:07.45;0.00:00:16:632;0.01;0.02;-1.00;0.06216;0.0004821;0.001194;-0.06207;34.01;-44.41;99.89;99.87;2.07;0.06216;0.06209;7.015E-05;-12.065;-12.070;-41.540;0.50;-88.90;
2026-01-07 15:51:07.50;0.00:00:16:678;0.01;0.02;-1.00;0.06184;0.0004518;0.001237;-0.06175;34.97;-44.39;99.88;99.85;2.13;0.06184;0.06176;7.63E-05;-12.087;-12.093;-41.175;0.50;-88.85;
2026-01-07 15:51:07.55;0.00:00:16:726;0.01;0.02;-1.00;0.06166;0.0003985;0.001337;-0.06156;36.70;-44.35;99.87;99.84;2.26;0.06166;0.06158;8.231E-05;-12.100;-12.106;-40.846;0.50;-88.76;
2026-01-07 15:51:07.61;0.00:00:16:786;0.01;0.02;-1.00;0.0627;0.0004092;0.001449;-0.0626;37.12;-44.31;99.87;99.84;2.40;0.0627;0.06262;8.434E-05;-12.027;-12.033;-40.739;0.50;-88.67;
2026-01-07 15:51:07.66;0.00:00:16:833;0.01;0.02;-1.00;0.06223;0.0004728;0.001223;-0.06214;34.43;-44.40;99.88;99.86;2.11;0.06223;0.06216;7.22E-05;-12.060;-12.065;-41.415;0.50;-88.87;
2026-01-07 15:51:07.72;0.00:00:16:898;0.01;0.02;-1.00;0.06223;0.0003446;0.00147;-0.06212;38.41;-44.30;99.85;99.82;2.43;0.06223;0.06213;9.396E-05;-12.060;-12.067;-40.270;0.50;-88.64;
2026-01-07 15:51:07.78;0.00:00:16:959;0.01;0.02;-1.00;0.0632;0.0003978;0.00144;-0.06309;37.28;-44.32;99.86;99.83;2.36;0.0632;0.06311;9.078E-05;-11.993;-11.999;-40.420;0.50;-88.69;
2026-01-07 15:51:07.83;0.00:00:17:006;0.01;0.02;-1.00;0.06359;0.0004419;0.001331;-0.06349;35.82;-44.37;99.87;99.84;2.21;0.06359;0.0635;8.342E-05;-11.966;-11.972;-40.787;0.50;-88.80;
2026-01-07 15:51:07.89;0.00:00:17:068;0.01;0.02;-1.00;0.06311;0.0004446;0.001298;-0.06301;35.55;-44.38;99.88;99.85;2.17;0.06311;0.06303;7.842E-05;-11.999;-12.005;-41.056;0.50;-88.82;
2026-01-07 15:51:07.94;0.00:00:17:115;0.01;0.02;-1.00;0.06292;0.0004465;0.001305;-0.06282;35.56;-44.37;99.88;99.85;2.19;0.06292;0.06284;7.862E-05;-12.012;-12.018;-41.045;0.50;-88.81;
2026-01-07 15:51:07.98;0.00:00:17:162;0.01;0.02;-1.00;0.06288;0.0004126;0.001386;-0.06278;36.71;-44.34;99.87;99.84;2.30;0.06288;0.06279;8.48E-05;-12.015;-12.021;-40.716;0.50;-88.74;
2026-01-07 15:51:08.03;0.00:00:17:208;0.01;0.02;-1.00;0.06288;0.0004617;0.001264;-0.06279;34.97;-44.39;99.87;99.85;2.14;0.06288;0.0628;7.9E-05;-12.015;-12.020;-41.024;0.50;-88.85;
2026-01-07 15:51:08.08;0.00:00:17:254;0.01;0.02;-1.00;0.0626;0.000451;0.001283;-0.06251;35.32;-44.38;99.88;99.86;2.17;0.0626;0.06253;7.457E-05;-12.034;-12.039;-41.274;0.50;-88.82;
2026-01-07 15:51:08.12;0.00:00:17:302;0.01;0.02;-1.00;0.06283;0.0003943;0.001436;-0.06272;37.32;-44.32;99.85;99.83;2.37;0.06283;0.06274;9.19E-05;-12.019;-12.025;-40.367;0.50;-88.69;
2026-01-07 15:51:08.17;0.00:00:17:349;0.01;0.02;-1.00;0.06288;0.0004082;0.001367;-0.06277;36.69;-44.35;99.86;99.83;2.27;0.06288;0.06279;8.883E-05;-12.015;-12.021;-40.514;0.50;-88.75;
2026-01-07 15:51:08.22;0.00:00:17:395;0.01;0.02;-1.00;0.06322;0.0003686;0.001544;-0.0631;38.29;-44.28;99.85;99.82;2.51;0.06322;0.06312;9.607E-05;-11.992;-11.998;-40.174;0.50;-88.60;
2026-01-07 15:51:08.26;0.00:00:17:443;0.01;0.02;-1.00;0.06292;0.000438;0.001331;-0.06283;35.89;-44.36;99.87;99.85;2.23;0.06292;0.06284;7.962E-05;-12.012;-12.017;-40.990;0.50;-88.79;
2026-01-07 15:51:08.31;0.00:00:17:489;0.01;0.02;-1.00;0.06283;0.000449;0.001314;-0.06274;35.57;-44.37;99.88;99.85;2.21;0.06283;0.06275;7.814E-05;-12.018;-12.024;-41.072;0.50;-88.80;
2026-01-07 15:51:08.36;0.00:00:17:537;0.01;0.02;-1.00;0.06255;0.0004107;0.001383;-0.06245;36.73;-44.34;99.87;99.84;2.31;0.06255;0.06247;8.246E-05;-12.037;-12.043;-40.838;0.50;-88.73;
2026-01-07 15:51:08.41;0.00:00:17:584;0.01;0.02;-1.00;0.06251;0.0004254;0.001328;-0.06242;36.12;-44.36;99.87;99.85;2.23;0.06251;0.06243;8.119E-05;-12.040;-12.046;-40.905;0.50;-88.78;
2026-01-07 15:51:08.45;0.00:00:17:629;0.01;0.02;-1.00;0.06247;0.0004324;0.001321;-0.06237;35.94;-44.36;99.86;99.84;2.23;0.06247;0.06239;8.533E-05;-12.043;-12.049;-40.689;0.50;-88.79;
2026-01-07 15:51:08.50;0.00:00:17:676;0.01;0.02;-1.00;0.06237;0.0003556;0.001472;-0.06225;38.21;-44.30;99.85;99.82;2.43;0.06237;0.06227;9.318E-05;-12.051;-12.057;-40.307;0.50;-88.65;
2026-01-07 15:51:08.54;0.00:00:17:721;0.01;0.02;-1.00;0.06255;0.0004317;0.001348;-0.06245;36.12;-44.35;99.87;99.84;2.26;0.06255;0.06247;8.196E-05;-12.038;-12.043;-40.864;0.50;-88.76;
2026-01-07 15:51:08.59;0.00:00:17:769;0.01;0.02;-1.00;0.06201;0.0004636;0.001221;-0.06192;34.61;-44.40;99.88;99.86;2.11;0.06201;0.06194;7.28E-05;-12.075;-12.081;-41.379;0.50;-88.87;
2026-01-07 15:51:08.65;0.00:00:17:831;0.01;0.02;-1.00;0.06208;0.0003744;0.001438;-0.06198;37.70;-44.31;99.86;99.83;2.39;0.06208;0.062;8.714E-05;-12.070;-12.076;-40.598;0.50;-88.67;
2026-01-07 15:51:08.70;0.00:00:17:878;0.01;0.02;-1.00;0.06293;0.0004311;0.001379;-0.06283;36.32;-44.34;99.86;99.84;2.30;0.06293;0.06284;8.497E-05;-12.011;-12.017;-40.708;0.50;-88.74;
2026-01-07 15:51:08.75;0.00:00:17:925;0.01;0.02;-1.00;0.06301;0.0003777;0.001475;-0.0629;37.82;-44.31;99.85;99.83;2.42;0.06301;0.06291;9.166E-05;-12.006;-12.012;-40.378;0.50;-88.66;
2026-01-07 15:51:08.81;0.00:00:17:986;0.01;0.02;-1.00;0.06321;0.0004174;0.001396;-0.06311;36.68;-44.34;99.87;99.84;2.31;0.06321;0.06313;8.456E-05;-11.992;-11.998;-40.729;0.50;-88.73;
2026-01-07 15:51:08.86;0.00:00:18:036;0.01;0.02;-1.00;0.06323;0.000433;0.001362;-0.06313;36.18;-44.35;99.87;99.84;2.26;0.06323;0.06314;8.319E-05;-11.991;-11.997;-40.799;0.50;-88.76;
2026-01-07 15:51:08.92;0.00:00:18:095;0.01;0.02;-1.00;0.06304;0.0004359;0.001373;-0.06294;36.19;-44.34;99.87;99.84;2.28;0.06304;0.06296;8.176E-05;-12.004;-12.009;-40.874;0.50;-88.75;
2026-01-07 15:51:08.97;0.00:00:18:143;0.01;0.02;-1.00;0.06254;0.0004229;0.001313;-0.06244;36.07;-44.37;99.87;99.84;2.21;0.06254;0.06246;8.405E-05;-12.038;-12.044;-40.754;0.50;-88.80;
2026-01-07 15:51:09.01;0.00:00:18:189;0.01;0.02;-1.00;0.06257;0.0004173;0.001368;-0.06247;36.52;-44.34;99.86;99.83;2.29;0.06257;0.06249;8.74E-05;-12.036;-12.042;-40.585;0.50;-88.75;
2026-01-07 15:51:09.06;0.00:00:18:238;0.01;0.02;-1.00;0.06259;0.0003757;0.001446;-0.06248;37.72;-44.32;99.86;99.83;2.39;0.06259;0.0625;8.965E-05;-12.035;-12.041;-40.474;0.50;-88.67;
2026-01-07 15:51:09.12;0.00:00:18:299;0.01;0.02;-1.00;0.06275;0.0004614;0.001325;-0.06267;35.40;-44.36;99.88;99.86;2.24;0.06275;0.06268;7.222E-05;-12.024;-12.029;-41.414;0.50;-88.79;
2026-01-07 15:51:09.17;0.00:00:18:345;0.01;0.02;-1.00;0.06252;0.0004216;0.001334;-0.06242;36.23;-44.36;99.87;99.85;2.24;0.06252;0.06244;7.88E-05;-12.040;-12.045;-41.035;0.50;-88.78;
2026-01-07 15:51:09.22;0.00:00:18:393;0.01;0.02;-1.00;0.06259;0.0004131;0.001396;-0.06249;36.76;-44.33;99.86;99.84;2.33;0.06259;0.06251;8.617E-05;-12.035;-12.041;-40.647;0.50;-88.72;
2026-01-07 15:51:09.26;0.00:00:18:439;0.01;0.02;-1.00;0.0625;0.000418;0.001344;-0.0624;36.36;-44.35;99.87;99.84;2.25;0.0625;0.06242;8.186E-05;-12.041;-12.047;-40.869;0.50;-88.77;
2026-01-07 15:51:09.31;0.00:00:18:486;0.01;0.02;-1.00;0.06262;0.0003897;0.001428;-0.06252;37.37;-44.32;99.86;99.83;2.36;0.06262;0.06254;8.695E-05;-12.033;-12.039;-40.608;0.50;-88.69;
2026-01-07 15:51:09.36;0.00:00:18:533;0.01;0.02;-1.00;0.06272;0.0004045;0.001383;-0.06261;36.85;-44.34;99.86;99.83;2.30;0.06272;0.06263;8.729E-05;-12.026;-12.032;-40.590;0.50;-88.73;
2026-01-07 15:51:09.40;0.00:00:18:579;0.01;0.02;-1.00;0.06271;0.0004299;0.001337;-0.06261;36.09;-44.36;99.87;99.85;2.24;0.06271;0.06263;8.024E-05;-12.027;-12.032;-40.956;0.50;-88.78;
2026-01-07 15:51:09.45;0.00:00:18:626;0.01;0.02;-1.00;0.06262;0.0004303;0.001334;-0.06253;36.06;-44.36;99.87;99.84;2.24;0.06262;0.06254;8.164E-05;-12.033;-12.038;-40.881;0.50;-88.78;
2026-01-07 15:51:09.50;0.00:00:18:674;0.01;0.02;-1.00;0.06286;0.0004539;0.001351;-0.06277;35.71;-44.35;99.88;99.85;2.27;0.06286;0.06278;7.815E-05;-12.016;-12.022;-41.071;0.50;-88.77;
2026-01-07 15:51:09.56;0.00:00:18:735;0.01;0.02;-1.00;0.06267;0.0004312;0.001335;-0.06258;36.05;-44.36;99.87;99.85;2.24;0.06267;0.06259;7.85E-05;-12.029;-12.035;-41.051;0.50;-88.78;
2026-01-07 15:51:09.61;0.00:00:18:790;0.01;0.02;-1.00;0.06303;0.0004376;0.001358;-0.06294;36.07;-44.35;99.87;99.84;2.26;0.06303;0.06295;8.171E-05;-12.004;-12.010;-40.877;0.50;-88.76;
2026-01-07 15:51:09.66;0.00:00:18:840;0.01;0.02;-1.00;0.06291;0.0004104;0.001362;-0.06281;36.62;-44.35;99.87;99.84;2.26;0.06291;0.06283;8.325E-05;-12.013;-12.019;-40.796;0.50;-88.76;
2026-01-07 15:51:09.72;0.00:00:18:893;0.01;0.02;-1.00;0.06308;0.0004308;0.001396;-0.06298;36.43;-44.34;99.87;99.84;2.32;0.06308;0.06299;8.189E-05;-12.001;-12.007;-40.868;0.50;-88.73;
2026-01-07 15:51:09.77;0.00:00:18:944;0.01;0.02;-1.00;0.06276;0.0003987;0.001393;-0.06266;37.01;-44.34;99.86;99.83;2.31;0.06276;0.06267;8.847E-05;-12.023;-12.029;-40.532;0.50;-88.73;
2026-01-07 15:51:09.81;0.00:00:18:992;0.01;0.02;-1.00;0.06276;0.000442;0.001313;-0.06267;35.70;-44.37;99.87;99.85;2.21;0.06276;0.06268;8.064E-05;-12.023;-12.029;-40.935;0.50;-88.80;
2026-01-07 15:51:09.87;0.00:00:19:044;0.01;0.02;-1.00;0.06266;0.0003903;0.001449;-0.06255;37.46;-44.31;99.86;99.83;2.40;0.06266;0.06257;8.975E-05;-12.030;-12.037;-40.470;0.50;-88.67;
2026-01-07 15:51:09.92;0.00:00:19:096;0.01;0.02;-1.00;0.06265;0.0004255;0.001323;-0.06255;36.08;-44.36;99.86;99.84;2.22;0.06265;0.06257;8.594E-05;-12.030;-12.036;-40.658;0.50;-88.79;
2026-01-07 15:51:09.97;0.00:00:19:146;0.01;0.02;-1.00;0.06269;0.0003883;0.001399;-0.06259;37.24;-44.34;99.86;99.83;2.32;0.06269;0.0626;8.799E-05;-12.028;-12.034;-40.555;0.50;-88.72;
2026-01-07 15:51:10.02;0.00:00:19:198;0.01;0.02;-1.00;0.06279;0.0004364;0.001338;-0.06269;35.97;-44.36;99.87;99.84;2.24;0.06279;0.06271;8.226E-05;-12.021;-12.027;-40.848;0.50;-88.78;
2026-01-07 15:51:10.07;0.00:00:19:247;0.01;0.02;-1.00;0.06263;0.0003987;0.00138;-0.06252;36.94;-44.34;99.86;99.84;2.29;0.06263;0.06254;8.609E-05;-12.032;-12.038;-40.651;0.50;-88.74;
2026-01-07 15:51:10.12;0.00:00:19:299;0.01;0.02;-1.00;0.06266;0.0004395;0.001336;-0.06256;35.90;-44.36;99.87;99.85;2.24;0.06266;0.06258;8.127E-05;-12.030;-12.036;-40.901;0.50;-88.78;
2026-01-07 15:51:10.18;0.00:00:19:360;0.01;0.02;-1.00;0.06261;0.0004313;0.001291;-0.06251;35.76;-44.38;99.86;99.84;2.17;0.06261;0.06252;8.764E-05;-12.034;-12.040;-40.573;0.50;-88.82;
2026-01-07 15:51:10.23;0.00:00:19:412;0.01;0.02;-1.00;0.06269;0.0004012;0.00137;-0.06259;36.84;-44.35;99.86;99.84;2.28;0.06269;0.0626;8.629E-05;-12.028;-12.034;-40.641;0.50;-88.75;
2026-01-07 15:51:10.29;0.00:00:19:463;0.01;0.02;-1.00;0.06272;0.0004253;0.001366;-0.06262;36.35;-44.35;99.87;99.84;2.28;0.06272;0.06263;8.278E-05;-12.026;-12.032;-40.821;0.50;-88.75;
2026-01-07 15:51:10.34;0.00:00:19:514;0.01;0.02;-1.00;0.0627;0.0004447;0.001327;-0.0626;35.74;-44.36;99.87;99.85;2.23;0.0627;0.06262;8.043E-05;-12.027;-12.033;-40.946;0.50;-88.79;
2026-01-07 15:51:10.39;0.00:00:19:565;0.01;0.02;-1.00;0.06256;0.0004367;0.001304;-0.06246;35.74;-44.37;99.87;99.84;2.20;0.06256;0.06247;8.387E-05;-12.037;-12.043;-40.764;0.50;-88.80;
2026-01-07 15:51:10.44;0.00:00:19:615;0.01;0.02;-1.00;0.06273;0.0004271;0.001377;-0.06263;36.38;-44.34;99.86;99.84;2.30;0.06273;0.06264;8.55E-05;-12.025;-12.031;-40.680;0.50;-88.74;
2026-01-07 15:51:10.49;0.00:00:19:667;0.01;0.02;-1.00;0.06265;0.0004269;0.001336;-0.06255;36.14;-44.36;99.87;99.84;2.24;0.06265;0.06257;8.389E-05;-12.031;-12.036;-40.763;0.50;-88.78;
2026-01-07 15:51:10.54;0.00:00:19:720;0.01;0.02;-1.00;0.0628;0.0004196;0.001382;-0.0627;36.56;-44.34;99.87;99.84;2.30;0.0628;0.06272;8.414E-05;-12.020;-12.026;-40.750;0.50;-88.74;
2026-01-07 15:51:10.59;0.00:00:19:769;0.01;0.02;-1.00;0.06283;0.0004136;0.001376;-0.06272;36.63;-44.34;99.86;99.83;2.29;0.06283;0.06274;8.804E-05;-12.019;-12.025;-40.553;0.50;-88.74;
2026-01-07 15:51:10.64;0.00:00:19:821;0.01;0.02;-1.00;0.06281;0.000427;0.001344;-0.06271;36.19;-44.36;99.87;99.85;2.24;0.06281;0.06273;8.111E-05;-12.020;-12.026;-40.909;0.50;-88.77;
2026-01-07 15:51:10.69;0.00:00:19:872;0.01;0.02;-1.00;0.06281;0.0004396;0.001349;-0.06272;35.97;-44.35;99.87;99.85;2.26;0.06281;0.06274;7.868E-05;-12.019;-12.025;-41.041;0.50;-88.77;
2026-01-07 15:51:10.75;0.00:00:19:925;0.01;0.02;-1.00;0.06293;0.0004251;0.001407;-0.06283;36.59;-44.33;99.87;99.84;2.33;0.06293;0.06285;8.303E-05;-12.011;-12.017;-40.807;0.50;-88.72;
2026-01-07 15:51:10.80;0.00:00:19:974;0.01;0.02;-1.00;0.06283;0.0004371;0.001307;-0.06274;35.75;-44.37;99.87;99.85;2.19;0.06283;0.06275;8.148E-05;-12.018;-12.024;-40.889;0.50;-88.81;
2026-01-07 15:51:10.85;0.00:00:20:026;0.01;0.02;-1.00;0.06286;0.0004024;0.00141;-0.06276;37.03;-44.33;99.87;99.84;2.33;0.06286;0.06278;8.449E-05;-12.016;-12.022;-40.732;0.50;-88.71;
2026-01-07 15:51:10.90;0.00:00:20:077;0.01;0.02;-1.00;0.06284;0.0004775;0.001239;-0.06276;34.46;-44.39;99.89;99.86;2.11;0.06284;0.06277;7.081E-05;-12.017;-12.022;-41.499;0.50;-88.87;
2026-01-07 15:51:10.95;0.00:00:20:127;0.01;0.02;-1.00;0.0626;0.0004351;0.001303;-0.0625;35.77;-44.37;99.87;99.85;2.20;0.0626;0.06252;8.051E-05;-12.034;-12.040;-40.941;0.50;-88.81;
2026-01-07 15:51:11.00;0.00:00:20:178;0.01;0.02;-1.00;0.06217;0.0004559;0.001225;-0.06209;34.79;-44.40;99.88;99.86;2.10;0.06217;0.0621;7.27E-05;-12.064;-12.069;-41.384;0.50;-88.87;
2026-01-07 15:51:11.05;0.00:00:20:229;0.01;0.02;-1.00;0.06216;0.0003947;0.001395;-0.06205;37.10;-44.33;99.86;99.83;2.33;0.06216;0.06207;8.753E-05;-12.065;-12.071;-40.579;0.50;-88.71;
2026-01-07 15:51:11.10;0.00:00:20:279;0.01;0.02;-1.00;0.06273;0.0004241;0.001378;-0.06263;36.45;-44.34;99.87;99.85;2.30;0.06273;0.06265;8.014E-05;-12.025;-12.031;-40.961;0.50;-88.74;
2026-01-07 15:51:11.15;0.00:00:20:332;0.01;0.02;-1.00;0.06261;0.0004542;0.001286;-0.06252;35.27;-44.38;99.88;99.86;2.18;0.06261;0.06254;7.39E-05;-12.033;-12.038;-41.314;0.50;-88.82;
2026-01-07 15:51:11.20;0.00:00:20:381;0.01;0.02;-1.00;0.06255;0.0004431;0.001281;-0.06246;35.46;-44.38;99.88;99.86;2.17;0.06255;0.06247;7.55E-05;-12.038;-12.043;-41.221;0.50;-88.83;
2026-01-07 15:51:11.25;0.00:00:20:432;0.01;0.02;-1.00;0.06258;0.0003703;0.001446;-0.06247;37.82;-44.32;99.85;99.82;2.39;0.06258;0.06248;9.35E-05;-12.036;-12.042;-40.292;0.50;-88.67;
2026-01-07 15:51:11.31;0.00:00:20:483;0.01;0.02;-1.00;0.06282;0.0004537;0.001309;-0.06273;35.44;-44.37;99.88;99.85;2.21;0.06282;0.06274;7.748E-05;-12.019;-12.024;-41.108;0.50;-88.80;
2026-01-07 15:51:11.37;0.00:00:20:543;0.01;0.02;-1.00;0.06261;0.0004441;0.001295;-0.06252;35.54;-44.37;99.88;99.85;2.19;0.06261;0.06253;7.775E-05;-12.034;-12.039;-41.093;0.50;-88.81;
2026-01-07 15:51:11.42;0.00:00:20:594;0.01;0.02;-1.00;0.06213;0.0004501;0.001213;-0.06203;34.82;-44.40;99.87;99.85;2.08;0.06213;0.06205;7.787E-05;-12.067;-12.073;-41.086;0.50;-88.88;
2026-01-07 15:51:11.47;0.00:00:20:644;0.01;0.02;-1.00;0.06259;0.000399;0.001424;-0.06249;37.17;-44.32;99.87;99.84;2.36;0.06259;0.06251;8.348E-05;-12.035;-12.040;-40.784;0.50;-88.69;
2026-01-07 15:51:11.52;0.00:00:20:697;0.01;0.02;-1.00;0.06262;0.0004299;0.001336;-0.06252;36.08;-44.36;99.87;99.85;2.24;0.06262;0.06254;8.078E-05;-12.033;-12.039;-40.927;0.50;-88.78;
2026-01-07 15:51:11.57;0.00:00:20:749;0.01;0.02;-1.00;0.06261;0.0004216;0.001364;-0.06251;36.41;-44.35;99.87;99.84;2.28;0.06261;0.06253;8.198E-05;-12.034;-12.039;-40.863;0.50;-88.75;
2026-01-07 15:51:11.63;0.00:00:20:811;0.01;0.02;-1.00;0.06255;0.0004303;0.001353;-0.06245;36.18;-44.35;99.87;99.85;2.27;0.06255;0.06247;8.003E-05;-12.038;-12.043;-40.968;0.50;-88.76;
2026-01-07 15:51:11.68;0.00:00:20:857;0.01;0.02;-1.00;0.06264;0.0004098;0.001381;-0.06254;36.74;-44.34;99.86;99.84;2.30;0.06264;0.06255;8.627E-05;-12.032;-12.038;-40.642;0.50;-88.73;
2026-01-07 15:51:11.73;0.00:00:20:905;0.01;0.02;-1.00;0.06268;0.0004235;0.001363;-0.06258;36.37;-44.35;99.87;99.85;2.28;0.06268;0.0626;8.029E-05;-12.029;-12.034;-40.953;0.50;-88.75;
2026-01-07 15:51:11.77;0.00:00:20:951;0.01;0.02;-1.00;0.06256;0.0004129;0.00137;-0.06246;36.62;-44.34;99.86;99.84;2.29;0.06256;0.06247;8.613E-05;-12.037;-12.043;-40.648;0.50;-88.74;
2026-01-07 15:51:11.82;0.00:00:20:997;0.01;0.02;-1.00;0.0626;0.0004157;0.001374;-0.0625;36.59;-44.34;99.87;99.84;2.29;0.0626;0.06252;8.205E-05;-12.034;-12.040;-40.859;0.50;-88.74;
2026-01-07 15:51:11.87;0.00:00:21:043;0.01;0.02;-1.00;0.06264;0.0004195;0.001365;-0.06254;36.46;-44.35;99.86;99.84;2.28;0.06264;0.06255;8.538E-05;-12.032;-12.038;-40.687;0.50;-88.75;
2026-01-07 15:51:11.91;0.00:00:21:090;0.01;0.02;-1.00;0.06258;0.0004303;0.001355;-0.06249;36.19;-44.35;99.87;99.85;2.27;0.06258;0.06251;7.99E-05;-12.035;-12.041;-40.975;0.50;-88.76;
2026-01-07 15:51:11.96;0.00:00:21:137;0.01;0.02;-1.00;0.06254;0.0004214;0.001354;-0.06244;36.36;-44.35;99.87;99.84;2.27;0.06254;0.06245;8.307E-05;-12.039;-12.045;-40.805;0.50;-88.76;
2026-01-07 15:51:12.01;0.00:00:21:184;0.01;0.02;-1.00;0.06236;0.000433;0.001309;-0.06226;35.85;-44.37;99.87;99.85;2.21;0.06236;0.06228;8.111E-05;-12.051;-12.057;-40.909;0.50;-88.80;
2026-01-07 15:51:12.07;0.00:00:21:246;0.01;0.02;-1.00;0.06234;0.0004096;0.00137;-0.06224;36.68;-44.34;99.87;99.84;2.29;0.06234;0.06226;8.309E-05;-12.052;-12.058;-40.805;0.50;-88.74;
2026-01-07 15:51:12.12;0.00:00:21:293;0.01;0.02;-1.00;0.06248;0.0004321;0.00132;-0.06238;35.94;-44.36;99.86;99.84;2.22;0.06248;0.0624;8.509E-05;-12.042;-12.048;-40.701;0.50;-88.79;
2026-01-07 15:51:12.16;0.00:00:21:340;0.01;0.02;-1.00;0.06243;0.0004147;0.001358;-0.06234;36.51;-44.35;99.87;99.85;2.27;0.06243;0.06235;7.975E-05;-12.046;-12.052;-40.983;0.50;-88.75;
2026-01-07 15:51:12.21;0.00:00:21:388;0.01;0.02;-1.00;0.06244;0.0004012;0.001399;-0.06234;37.00;-44.33;99.87;99.84;2.33;0.06244;0.06235;8.262E-05;-12.046;-12.051;-40.829;0.50;-88.71;
2026-01-07 15:51:12.26;0.00:00:21:434;0.01;0.02;-1.00;0.0625;0.0004287;0.001352;-0.06241;36.20;-44.35;99.87;99.85;2.27;0.0625;0.06242;7.938E-05;-12.041;-12.046;-41.003;0.50;-88.76;
2026-01-07 15:51:12.30;0.00:00:21:479;0.01;0.02;-1.00;0.06248;0.000417;0.001347;-0.06238;36.40;-44.35;99.86;99.84;2.26;0.06248;0.0624;8.518E-05;-12.042;-12.048;-40.697;0.50;-88.76;
2026-01-07 15:51:12.35;0.00:00:21:527;0.01;0.02;-1.00;0.06263;0.0004086;0.001395;-0.06253;36.84;-44.33;99.86;99.84;2.32;0.06263;0.06255;8.467E-05;-12.032;-12.038;-40.723;0.50;-88.72;
2026-01-07 15:51:12.40;0.00:00:21:576;0.01;0.02;-1.00;0.06266;0.0004164;0.001356;-0.06256;36.46;-44.35;99.86;99.84;2.26;0.06266;0.06257;8.471E-05;-12.030;-12.036;-40.721;0.50;-88.76;
2026-01-07 15:51:12.44;0.00:00:21:622;0.01;0.02;-1.00;0.06261;0.0004339;0.00131;-0.06251;35.84;-44.37;99.87;99.84;2.20;0.06261;0.06252;8.329E-05;-12.034;-12.040;-40.794;0.50;-88.80;
2026-01-07 15:51:12.49;0.00:00:21:670;0.01;0.02;-1.00;0.0626;0.0004124;0.001381;-0.0625;36.69;-44.34;99.87;99.84;2.30;0.0626;0.06252;8.241E-05;-12.034;-12.040;-40.840;0.50;-88.73;
2026-01-07 15:51:12.54;0.00:00:21:716;0.01;0.02;-1.00;0.06266;0.0004232;0.001367;-0.06256;36.40;-44.34;99.87;99.84;2.28;0.06266;0.06258;8.287E-05;-12.030;-12.036;-40.816;0.50;-88.75;
2026-01-07 15:51:12.58;0.00:00:21:763;0.01;0.02;-1.00;0.06266;0.0004081;0.001398;-0.06256;36.86;-44.33;99.87;99.84;2.32;0.06266;0.06258;8.361E-05;-12.030;-12.036;-40.778;0.50;-88.72;
2026-01-07 15:51:12.63;0.00:00:21:808;0.01;0.02;-1.00;0.0627;0.0004303;0.001337;-0.0626;36.08;-44.36;99.87;99.84;2.24;0.0627;0.06261;8.201E-05;-12.028;-12.033;-40.861;0.50;-88.78;
2026-01-07 15:51:12.68;0.00:00:21:855;0.01;0.02;-1.00;0.06258;0.0004011;0.001368;-0.06248;36.83;-44.35;99.86;99.83;2.28;0.06258;0.06249;8.762E-05;-12.035;-12.042;-40.574;0.50;-88.75;
2026-01-07 15:51:12.72;0.00:00:21:902;0.01;0.02;-1.00;0.06267;0.0004044;0.001396;-0.06256;36.92;-44.33;99.86;99.84;2.32;0.06267;0.06258;8.646E-05;-12.030;-12.036;-40.632;0.50;-88.72;
2026-01-07 15:51:12.77;0.00:00:21:947;0.01;0.02;-1.00;0.0627;0.0004245;0.001359;-0.0626;36.33;-44.35;99.87;99.85;2.27;0.0627;0.06262;8.009E-05;-12.027;-12.033;-40.964;0.50;-88.76;
2026-01-07 15:51:12.82;0.00:00:21:996;0.01;0.02;-1.00;0.0626;0.0004251;0.001343;-0.06251;36.22;-44.35;99.87;99.84;2.25;0.0626;0.06252;8.166E-05;-12.034;-12.040;-40.880;0.50;-88.77;
2026-01-07 15:51:12.86;0.00:00:22:043;0.01;0.02;-1.00;0.06242;0.0003984;0.001297;-0.06232;36.46;-44.38;99.87;99.85;2.17;0.06242;0.06234;7.999E-05;-12.047;-12.053;-40.969;0.50;-88.81;
2026-01-07 15:51:12.91;0.00:00:22:090;0.01;0.02;-1.00;0.06256;0.0004076;0.001381;-0.06245;36.78;-44.34;99.86;99.83;2.30;0.06256;0.06247;8.982E-05;-12.037;-12.043;-40.466;0.50;-88.73;
2026-01-07 15:51:12.97;0.00:00:22:150;0.01;0.02;-1.00;0.06258;0.000413;0.001354;-0.06248;36.52;-44.35;99.87;99.84;2.26;0.06258;0.06249;8.388E-05;-12.036;-12.042;-40.763;0.50;-88.76;
2026-01-07 15:51:13.02;0.00:00:22:197;0.01;0.02;-1.00;0.06267;0.0004684;0.001262;-0.06258;34.82;-44.38;99.87;99.85;2.15;0.06267;0.06259;7.846E-05;-12.030;-12.035;-41.053;0.50;-88.84;
2026-01-07 15:51:13.07;0.00:00:22:243;0.01;0.02;-1.00;0.06279;0.0003611;0.001469;-0.06268;38.10;-44.31;99.86;99.83;2.41;0.06279;0.0627;9.035E-05;-12.021;-12.027;-40.441;0.50;-88.66;
2026-01-07 15:51:13.11;0.00:00:22:291;0.01;0.02;-1.00;0.06298;0.0004137;0.001376;-0.06288;36.63;-44.35;99.86;99.84;2.28;0.06298;0.06289;8.624E-05;-12.008;-12.014;-40.643;0.50;-88.75;
2026-01-07 15:51:13.16;0.00:00:22:338;0.01;0.02;-1.00;0.06318;0.0004212;0.00143;-0.06307;36.79;-44.32;99.87;99.84;2.36;0.06318;0.06309;8.49E-05;-11.994;-12.000;-40.711;0.50;-88.70;
2026-01-07 15:51:13.21;0.00:00:22:383;0.01;0.02;-1.00;0.06297;0.0004501;0.00128;-0.06287;35.31;-44.38;99.87;99.85;2.15;0.06297;0.06289;8.093E-05;-12.009;-12.014;-40.919;0.50;-88.83;
2026-01-07 15:51:13.25;0.00:00:22:430;0.01;0.02;-1.00;0.06274;0.0004463;0.001262;-0.06265;35.26;-44.39;99.88;99.85;2.13;0.06274;0.06267;7.715E-05;-12.024;-12.030;-41.127;0.50;-88.85;
2026-01-07 15:51:13.30;0.00:00:22:476;0.01;0.02;-1.00;0.06266;0.000443;0.001315;-0.06257;35.69;-44.36;99.87;99.85;2.21;0.06266;0.06258;7.866E-05;-12.030;-12.036;-41.042;0.50;-88.80;
2026-01-07 15:51:13.35;0.00:00:22:525;0.01;0.02;-1.00;0.0627;0.0004249;0.001342;-0.0626;36.21;-44.36;99.87;99.84;2.24;0.0627;0.06262;8.339E-05;-12.027;-12.033;-40.789;0.50;-88.77;
2026-01-07 15:51:13.41;0.00:00:22:585;0.01;0.02;-1.00;0.0627;0.0004216;0.00137;-0.0626;36.45;-44.34;99.86;99.84;2.29;0.0627;0.06262;8.491E-05;-12.027;-12.033;-40.710;0.50;-88.75;
2026-01-07 15:51:13.45;0.00:00:22:631;0.01;0.02;-1.00;0.06227;0.0003937;0.00129;-0.06217;36.51;-44.38;99.86;99.84;2.17;0.06227;0.06219;8.727E-05;-12.057;-12.063;-40.591;0.50;-88.81;
2026-01-07 15:51:13.50;0.00:00:22:678;0.01;0.03;-1.00;0.06285;0.0003287;0.0016;-0.06273;39.19;-44.25;99.84;99.81;2.60;0.06285;0.06275;9.913E-05;-12.017;-12.024;-40.038;0.50;-88.54;
2026-01-07 15:51:13.55;0.00:00:22:727;0.01;0.02;-1.00;0.06316;0.0005175;0.00119;-0.06308;33.25;-44.41;99.89;99.87;2.06;0.06316;0.0631;6.667E-05;-11.995;-12.000;-41.760;0.50;-88.92;
2026-01-07 15:51:13.60;0.00:00:22:778;0.01;0.02;-1.00;0.06241;0.0005135;0.001094;-0.06233;32.43;-44.44;99.90;99.88;1.94;0.06241;0.06235;6.255E-05;-12.048;-12.052;-42.038;0.50;-88.99;
2026-01-07 15:51:13.65;0.00:00:22:829;0.01;0.02;-1.00;0.06228;0.0003822;0.001398;-0.06217;37.36;-44.33;99.86;99.83;2.33;0.06228;0.06219;9.001E-05;-12.057;-12.063;-40.457;0.50;-88.71;
2026-01-07 15:51:13.71;0.00:00:22:883;0.01;0.02;-1.00;0.06237;0.0004312;0.001338;-0.06227;36.07;-44.35;99.87;99.84;2.25;0.06237;0.06229;8.33E-05;-12.050;-12.056;-40.793;0.50;-88.77;
2026-01-07 15:51:13.76;0.00:00:22:933;0.01;0.02;-1.00;0.06254;0.0004353;0.001321;-0.06244;35.88;-44.36;99.87;99.84;2.22;0.06254;0.06245;8.161E-05;-12.039;-12.044;-40.883;0.50;-88.79;
2026-01-07 15:51:13.80;0.00:00:22:982;0.01;0.02;-1.00;0.06254;0.0004294;0.001359;-0.06244;36.23;-44.35;99.86;99.84;2.28;0.06254;0.06246;8.546E-05;-12.038;-12.044;-40.683;0.50;-88.75;
2026-01-07 15:51:13.86;0.00:00:23:034;0.01;0.02;-1.00;0.06317;0.0004558;0.001397;-0.06307;35.97;-44.33;99.87;99.84;2.33;0.06317;0.06309;8.189E-05;-11.995;-12.000;-40.867;0.50;-88.73;
2026-01-07 15:51:13.92;0.00:00:23:094;0.01;0.02;-1.00;0.06218;0.0005093;0.001059;-0.0621;32.16;-44.46;99.89;99.87;1.89;0.06218;0.06211;6.768E-05;-12.064;-12.069;-41.695;0.50;-89.02;
2026-01-07 15:51:13.97;0.00:00:23:145;0.01;0.02;-1.00;0.06206;0.0003817;0.00145;-0.06195;37.63;-44.31;99.86;99.83;2.42;0.06206;0.06197;8.846E-05;-12.072;-12.078;-40.533;0.50;-88.66;
2026-01-07 15:51:14.02;0.00:00:23:197;0.01;0.02;-1.00;0.06188;0.0004389;0.001286;-0.06179;35.58;-44.37;99.88;99.85;2.20;0.06188;0.0618;7.559E-05;-12.085;-12.090;-41.215;0.50;-88.81;
2026-01-07 15:51:14.07;0.00:00:23:247;0.01;0.02;-1.00;0.06187;0.0003915;0.001399;-0.06177;37.18;-44.33;99.86;99.84;2.35;0.06187;0.06179;8.434E-05;-12.085;-12.091;-40.739;0.50;-88.70;
2026-01-07 15:51:14.12;0.00:00:23:299;0.01;0.02;-1.00;0.06238;0.0004497;0.00129;-0.06228;35.39;-44.37;99.88;99.85;2.19;0.06238;0.0623;7.676E-05;-12.050;-12.055;-41.149;0.50;-88.81;
2026-01-07 15:51:14.17;0.00:00:23:349;0.01;0.02;-1.00;0.06247;0.0003425;0.001489;-0.06236;38.52;-44.30;99.85;99.82;2.45;0.06247;0.06238;9.483E-05;-12.043;-12.050;-40.230;0.50;-88.63;
2026-01-07 15:51:14.22;0.00:00:23:400;0.01;0.02;-1.00;0.06274;0.0004457;0.001275;-0.06265;35.37;-44.38;99.88;99.86;2.15;0.06274;0.06266;7.547E-05;-12.025;-12.030;-41.222;0.50;-88.83;
2026-01-07 15:51:14.28;0.00:00:23:453;0.01;0.02;-1.00;0.06269;0.0004131;0.001378;-0.06259;36.66;-44.34;99.86;99.84;2.30;0.06269;0.06261;8.501E-05;-12.028;-12.034;-40.705;0.50;-88.74;
2026-01-07 15:51:14.33;0.00:00:23:504;0.01;0.02;-1.00;0.06267;0.0004439;0.001335;-0.06257;35.80;-44.36;99.87;99.85;2.24;0.06267;0.06259;7.979E-05;-12.030;-12.035;-40.981;0.50;-88.78;
2026-01-07 15:51:14.38;0.00:00:23:555;0.01;0.02;-1.00;0.06266;0.0004082;0.001379;-0.06255;36.76;-44.34;99.86;99.83;2.30;0.06266;0.06257;8.805E-05;-12.030;-12.036;-40.553;0.50;-88.74;
2026-01-07 15:51:14.43;0.00:00:23:605;0.01;0.02;-1.00;0.06276;0.0004387;0.001337;-0.06267;35.92;-44.36;99.88;99.85;2.24;0.06276;0.06269;7.534E-05;-12.023;-12.028;-41.230;0.50;-88.78;
2026-01-07 15:51:14.48;0.00:00:23:656;0.01;0.02;-1.00;0.06274;0.0004156;0.001372;-0.06264;36.58;-44.34;99.87;99.84;2.29;0.06274;0.06265;8.338E-05;-12.025;-12.031;-40.790;0.50;-88.74;
2026-01-07 15:51:14.53;0.00:00:23:709;0.01;0.02;-1.00;0.06276;0.000434;0.00134;-0.06266;36.03;-44.36;99.87;99.85;2.24;0.06276;0.06268;7.936E-05;-12.023;-12.029;-41.004;0.50;-88.78;
2026-01-07 15:51:14.58;0.00:00:23:760;0.01;0.02;-1.00;0.06271;0.0004306;0.001357;-0.06261;36.20;-44.35;99.88;99.85;2.27;0.06271;0.06263;7.821E-05;-12.027;-12.032;-41.067;0.50;-88.76;
2026-01-07 15:51:14.63;0.00:00:23:811;0.01;0.02;-1.00;0.0627;0.0004459;0.001331;-0.06261;35.74;-44.36;99.88;99.85;2.24;0.0627;0.06263;7.637E-05;-12.027;-12.032;-41.171;0.50;-88.78;
2026-01-07 15:51:14.69;0.00:00:23:864;0.01;0.02;-1.00;0.06267;0.0004074;0.001384;-0.06257;36.80;-44.34;99.87;99.84;2.30;0.06267;0.06258;8.175E-05;-12.030;-12.035;-40.875;0.50;-88.73;
2026-01-07 15:51:14.74;0.00:00:23:914;0.01;0.02;-1.00;0.06277;0.0004012;0.001402;-0.06266;37.01;-44.33;99.86;99.83;2.32;0.06277;0.06268;9.055E-05;-12.023;-12.029;-40.431;0.50;-88.72;
2026-01-07 15:51:14.79;0.00:00:23:966;0.01;0.02;-1.00;0.0627;0.0004154;0.00137;-0.0626;36.57;-44.34;99.87;99.84;2.28;0.0627;0.06261;8.267E-05;-12.028;-12.033;-40.826;0.50;-88.75;
2026-01-07 15:51:14.84;0.00:00:24:016;0.01;0.02;-1.00;0.06278;0.0004163;0.001394;-0.06268;36.68;-44.34;99.87;99.84;2.32;0.06278;0.0627;8.233E-05;-12.022;-12.027;-40.844;0.50;-88.73;
2026-01-07 15:51:14.89;0.00:00:24:068;0.01;0.02;-1.00;0.06274;0.0004264;0.001347;-0.06265;36.22;-44.35;99.87;99.84;2.25;0.06274;0.06266;8.311E-05;-12.024;-12.030;-40.803;0.50;-88.77;
2026-01-07 15:51:14.94;0.00:00:24:118;0.01;0.02;-1.00;0.06263;0.0004458;0.001303;-0.06254;35.55;-44.37;99.88;99.85;2.20;0.06263;0.06256;7.689E-05;-12.032;-12.037;-41.141;0.50;-88.81;
2026-01-07 15:51:14.99;0.00:00:24:170;0.01;0.02;-1.00;0.06257;0.0004257;0.001355;-0.06247;36.28;-44.35;99.87;99.84;2.27;0.06257;0.06248;8.201E-05;-12.037;-12.042;-40.861;0.50;-88.76;
2026-01-07 15:51:15.04;0.00:00:24:222;0.01;0.02;-1.00;0.06256;0.0004102;0.001375;-0.06245;36.70;-44.34;99.86;99.84;2.29;0.06256;0.06247;8.575E-05;-12.037;-12.043;-40.668;0.50;-88.74;
2026-01-07 15:51:15.09;0.00:00:24:272;0.01;0.02;-1.00;0.06275;0.0004318;0.001332;-0.06265;36.02;-44.36;99.87;99.84;2.23;0.06275;0.06267;8.444E-05;-12.024;-12.030;-40.735;0.50;-88.78;
2026-01-07 15:51:15.15;0.00:00:24:324;0.01;0.02;-1.00;0.06267;0.0004218;0.001343;-0.06257;36.28;-44.36;99.87;99.84;2.25;0.06267;0.06259;8.201E-05;-12.029;-12.035;-40.861;0.50;-88.77;
2026-01-07 15:51:15.20;0.00:00:24:374;0.01;0.02;-1.00;0.06273;0.0004224;0.001357;-0.06263;36.36;-44.35;99.86;99.84;2.27;0.06273;0.06265;8.523E-05;-12.025;-12.031;-40.694;0.50;-88.76;
2026-01-07 15:51:15.25;0.00:00:24:426;0.01;0.02;-1.00;0.06275;0.0004273;0.001361;-0.06265;36.28;-44.35;99.87;99.85;2.27;0.06275;0.06267;7.97E-05;-12.024;-12.030;-40.985;0.50;-88.76;
2026-01-07 15:51:15.31;0.00:00:24:487;0.01;0.02;-1.00;0.06276;0.0004327;0.001354;-0.06267;36.14;-44.35;99.87;99.85;2.27;0.06276;0.06268;7.975E-05;-12.023;-12.029;-40.983;0.50;-88.76;
2026-01-07 15:51:15.36;0.00:00:24:536;0.01;0.02;-1.00;0.0627;0.0004333;0.001341;-0.0626;36.04;-44.36;99.87;99.85;2.25;0.0627;0.06262;8.068E-05;-12.028;-12.033;-40.932;0.50;-88.77;
2026-01-07 15:51:15.41;0.00:00:24:587;0.01;0.02;-1.00;0.06264;0.0004325;0.001351;-0.06254;36.12;-44.35;99.87;99.85;2.26;0.06264;0.06256;7.975E-05;-12.032;-12.037;-40.983;0.50;-88.76;
2026-01-07 15:51:15.46;0.00:00:24:639;0.01;0.02;-1.00;0.06266;0.0004294;0.001367;-0.06256;36.28;-44.34;99.87;99.85;2.29;0.06266;0.06258;7.968E-05;-12.030;-12.036;-40.987;0.50;-88.75;
2026-01-07 15:51:15.51;0.00:00:24:690;0.01;0.02;-1.00;0.06261;0.0004292;0.001335;-0.06252;36.09;-44.36;99.87;99.85;2.24;0.06261;0.06253;7.837E-05;-12.033;-12.039;-41.059;0.50;-88.78;
2026-01-07 15:51:15.56;0.00:00:24:741;0.01;0.02;-1.00;0.06259;0.0004206;0.001346;-0.06249;36.32;-44.35;99.87;99.84;2.25;0.06259;0.06251;8.245E-05;-12.035;-12.040;-40.838;0.50;-88.77;
2026-01-07 15:51:15.62;0.00:00:24:794;0.01;0.02;-1.00;0.06263;0.0004148;0.001383;-0.06253;36.65;-44.34;99.87;99.84;2.31;0.06263;0.06255;8.41E-05;-12.032;-12.038;-40.752;0.50;-88.73;
2026-01-07 15:51:15.66;0.00:00:24:841;0.01;0.02;-1.00;0.06268;0.0004206;0.001357;-0.06258;36.39;-44.35;99.87;99.84;2.27;0.06268;0.0626;8.162E-05;-12.029;-12.034;-40.882;0.50;-88.76;
2026-01-07 15:51:15.71;0.00:00:24:889;0.01;0.02;-1.00;0.06268;0.0004176;0.001371;-0.06258;36.53;-44.34;99.87;99.84;2.29;0.06268;0.0626;8.448E-05;-12.029;-12.034;-40.732;0.50;-88.75;
2026-01-07 15:51:15.76;0.00:00:24:936;0.01;0.02;-1.00;0.06258;0.0004418;0.00131;-0.06249;35.68;-44.37;99.87;99.85;2.21;0.06258;0.0625;8.153E-05;-12.035;-12.041;-40.887;0.50;-88.80;
2026-01-07 15:51:15.80;0.00:00:24:982;0.01;0.02;-1.00;0.06255;0.0004048;0.001376;-0.06245;36.80;-44.34;99.86;99.84;2.29;0.06255;0.06247;8.481E-05;-12.038;-12.044;-40.716;0.50;-88.74;
2026-01-07 15:51:15.85;0.00:00:25:030;0.01;0.02;-1.00;0.06265;0.0004054;0.001394;-0.06255;36.89;-44.34;99.86;99.83;2.32;0.06265;0.06256;8.902E-05;-12.031;-12.037;-40.505;0.50;-88.72;
2026-01-07 15:51:15.90;0.00:00:25:076;0.01;0.02;-1.00;0.06261;0.0004123;0.001375;-0.06252;36.66;-44.34;99.87;99.85;2.29;0.06261;0.06253;8.013E-05;-12.033;-12.039;-40.962;0.50;-88.74;
2026-01-07 15:51:15.95;0.00:00:25:124;0.01;0.02;-1.00;0.0627;0.0004098;0.001394;-0.0626;36.81;-44.34;99.86;99.84;2.32;0.0627;0.06261;8.525E-05;-12.027;-12.033;-40.693;0.50;-88.72;
2026-01-07 15:51:15.99;0.00:00:25:171;0.01;0.02;-1.00;0.0627;0.0004348;0.00132;-0.06261;35.89;-44.36;99.87;99.84;2.22;0.0627;0.06262;8.281E-05;-12.027;-12.033;-40.819;0.50;-88.79;
2026-01-07 15:51:16.04;0.00:00:25:216;0.01;0.02;-1.00;0.06267;0.0004291;0.001356;-0.06258;36.22;-44.35;99.87;99.85;2.27;0.06267;0.06259;8.017E-05;-12.029;-12.035;-40.960;0.50;-88.76;
2026-01-07 15:51:16.09;0.00:00:25:264;0.01;0.02;-1.00;0.06264;0.0004241;0.001358;-0.06255;36.33;-44.35;99.87;99.85;2.27;0.06264;0.06256;7.86E-05;-12.031;-12.037;-41.046;0.50;-88.76;
2026-01-07 15:51:16.15;0.00:00:25:325;0.01;0.02;-1.00;0.06278;0.0004171;0.001377;-0.06267;36.57;-44.34;99.86;99.83;2.29;0.06278;0.06269;8.867E-05;-12.022;-12.028;-40.522;0.50;-88.74;
2026-01-07 15:51:16.19;0.00:00:25:371;0.01;0.02;-1.00;0.06285;0.0004621;0.001304;-0.06276;35.24;-44.37;99.88;99.85;2.20;0.06285;0.06277;7.749E-05;-12.017;-12.022;-41.107;0.50;-88.81;
2026-01-07 15:51:16.24;0.00:00:25:418;0.01;0.02;-1.00;0.06269;0.0004308;0.001336;-0.06259;36.06;-44.36;99.87;99.84;2.24;0.06269;0.0626;8.289E-05;-12.028;-12.034;-40.815;0.50;-88.78;
2026-01-07 15:51:16.29;0.00:00:25:464;0.01;0.02;-1.00;0.06246;0.0004499;0.001272;-0.06238;35.26;-44.38;99.88;99.86;2.16;0.06246;0.06239;7.488E-05;-12.044;-12.049;-41.256;0.50;-88.83;
2026-01-07 15:51:16.33;0.00:00:25:511;0.01;0.02;-1.00;0.06246;0.0004222;0.001351;-0.06236;36.32;-44.35;99.87;99.84;2.27;0.06246;0.06237;8.188E-05;-12.044;-12.050;-40.868;0.50;-88.76;
2026-01-07 15:51:16.38;0.00:00:25:558;0.01;0.02;-1.00;0.0624;0.0004279;0.001321;-0.0623;36.02;-44.36;99.87;99.84;2.22;0.0624;0.06232;8.376E-05;-12.048;-12.054;-40.769;0.50;-88.79;
2026-01-07 15:51:16.43;0.00:00:25:607;0.01;0.02;-1.00;0.06274;0.0003594;0.001498;-0.06263;38.26;-44.30;99.85;99.82;2.46;0.06274;0.06265;9.497E-05;-12.024;-12.031;-40.224;0.50;-88.63;
2026-01-07 15:51:16.47;0.00:00:25:653;0.01;0.02;-1.00;0.06309;0.0003803;0.001471;-0.06298;37.75;-44.31;99.86;99.83;2.41;0.06309;0.063;8.925E-05;-12.000;-12.007;-40.494;0.50;-88.66;
2026-01-07 15:51:16.52;0.00:00:25:701;0.01;0.02;-1.00;0.06314;0.0004442;0.001334;-0.06305;35.79;-44.36;99.87;99.85;2.23;0.06314;0.06306;7.918E-05;-11.997;-12.002;-41.014;0.50;-88.79;
2026-01-07 15:51:16.57;0.00:00:25:748;0.01;0.02;-1.00;0.06202;0.0004707;0.001156;-0.06193;33.92;-44.42;99.89;99.87;2.01;0.06202;0.06194;7.057E-05;-12.075;-12.080;-41.514;0.50;-88.93;
2026-01-07 15:51:16.63;0.00:00:25:809;0.01;0.02;-1.00;0.0626;0.0003573;0.001523;-0.06248;38.40;-44.28;99.85;99.81;2.50;0.0626;0.0625;9.693E-05;-12.034;-12.041;-40.135;0.50;-88.60;
2026-01-07 15:51:16.68;0.00:00:25:856;0.01;0.02;-1.00;0.06274;0.0004343;0.001336;-0.06265;36.00;-44.36;99.87;99.85;2.24;0.06274;0.06266;8.055E-05;-12.024;-12.030;-40.939;0.50;-88.78;
2026-01-07 15:51:16.73;0.00:00:25:903;0.01;0.02;-1.00;0.06267;0.0004299;0.00133;-0.06257;36.04;-44.36;99.87;99.84;2.23;0.06267;0.06259;8.191E-05;-12.029;-12.035;-40.867;0.50;-88.78;
2026-01-07 15:51:16.77;0.00:00:25:950;0.01;0.02;-1.00;0.06267;0.0003998;0.001398;-0.06257;37.02;-44.33;99.86;99.83;2.32;0.06267;0.06259;8.684E-05;-12.029;-12.035;-40.613;0.50;-88.72;
2026-01-07 15:51:16.82;0.00:00:25:995;0.01;0.02;-1.00;0.06277;0.0004194;0.001374;-0.06266;36.51;-44.34;99.86;99.84;2.29;0.06277;0.06268;8.613E-05;-12.023;-12.029;-40.649;0.50;-88.74;
2026-01-07 15:51:16.86;0.00:00:26:043;0.01;0.02;-1.00;0.06265;0.0004234;0.001349;-0.06255;36.29;-44.35;99.87;99.84;2.26;0.06265;0.06257;8.141E-05;-12.031;-12.036;-40.893;0.50;-88.76;
2026-01-07 15:51:16.92;0.00:00:26:103;0.01;0.02;-1.00;0.06267;0.0004296;0.001354;-0.06257;36.20;-44.35;99.87;99.84;2.27;0.06267;0.06258;8.163E-05;-12.030;-12.035;-40.882;0.50;-88.76;
2026-01-07 15:51:16.97;0.00:00:26:151;0.01;0.02;-1.00;0.06259;0.0004521;0.001297;-0.0625;35.39;-44.37;99.87;99.85;2.19;0.06259;0.06251;7.932E-05;-12.035;-12.040;-41.006;0.50;-88.81;
2026-01-07 15:51:17.02;0.00:00:26:198;0.01;0.02;-1.00;0.06253;0.0004132;0.001378;-0.06243;36.65;-44.34;99.86;99.84;2.30;0.06253;0.06245;8.533E-05;-12.039;-12.045;-40.689;0.50;-88.74;
2026-01-07 15:51:17.07;0.00:00:26:244;0.01;0.02;-1.00;0.06262;0.0004214;0.001355;-0.06252;36.36;-44.35;99.87;99.84;2.27;0.06262;0.06254;8.357E-05;-12.033;-12.039;-40.779;0.50;-88.76;
2026-01-07 15:51:17.11;0.00:00:26:291;0.01;0.02;-1.00;0.06252;0.0004461;0.001296;-0.06242;35.50;-44.37;99.88;99.85;2.19;0.06252;0.06244;7.743E-05;-12.040;-12.045;-41.111;0.50;-88.81;
2026-01-07 15:51:17.16;0.00:00:26:338;0.01;0.02;-1.00;0.0624;0.0004089;0.001353;-0.0623;36.60;-44.35;99.87;99.84;2.27;0.0624;0.06232;8.381E-05;-12.048;-12.054;-40.767;0.50;-88.76;
2026-01-07 15:51:17.21;0.00:00:26:385;0.01;0.02;-1.00;0.06266;0.0004408;0.001311;-0.06256;35.71;-44.37;99.87;99.84;2.21;0.06266;0.06257;8.203E-05;-12.030;-12.036;-40.860;0.50;-88.80;
2026-01-07 15:51:17.25;0.00:00:26:431;0.01;0.02;-1.00;0.06272;0.0003941;0.001427;-0.06261;37.28;-44.32;99.86;99.83;2.36;0.06272;0.06263;8.971E-05;-12.026;-12.032;-40.471;0.50;-88.69;
2026-01-07 15:51:17.30;0.00:00:26:479;0.01;0.02;-1.00;0.06272;0.0004246;0.001332;-0.06263;36.16;-44.36;99.87;99.85;2.23;0.06272;0.06264;8.109E-05;-12.026;-12.031;-40.910;0.50;-88.78;
2026-01-07 15:51:17.35;0.00:00:26:526;0.01;0.02;-1.00;0.06294;0.0003797;0.001517;-0.06283;37.97;-44.29;99.86;99.83;2.48;0.06294;0.06285;8.927E-05;-12.011;-12.017;-40.493;0.50;-88.62;
2026-01-07 15:51:17.39;0.00:00:26:572;0.01;0.02;-1.00;0.06275;0.0004931;0.001174;-0.06267;33.61;-44.42;99.89;99.87;2.03;0.06275;0.06268;7.011E-05;-12.024;-12.029;-41.542;0.50;-88.93;
2026-01-07 15:51:17.44;0.00:00:26:620;0.01;0.02;-1.00;0.06253;0.000427;0.001346;-0.06244;36.20;-44.35;99.87;99.85;2.26;0.06253;0.06245;7.955E-05;-12.039;-12.045;-40.993;0.50;-88.77;
2026-01-07 15:51:17.49;0.00:00:26:667;0.01;0.02;-1.00;0.06255;0.0004145;0.00137;-0.06245;36.58;-44.34;99.87;99.84;2.29;0.06255;0.06247;8.303E-05;-12.038;-12.044;-40.808;0.50;-88.74;
2026-01-07 15:51:17.54;0.00:00:26:714;0.01;0.02;-1.00;0.06269;0.0004436;0.001339;-0.0626;35.83;-44.35;99.87;99.84;2.25;0.06269;0.06261;8.232E-05;-12.028;-12.033;-40.845;0.50;-88.78;
2026-01-07 15:51:17.58;0.00:00:26:760;0.01;0.02;-1.00;0.0626;0.0004278;0.001328;-0.0625;36.07;-44.36;99.87;99.84;2.23;0.0626;0.06252;8.327E-05;-12.034;-12.040;-40.795;0.50;-88.78;
2026-01-07 15:51:17.63;0.00:00:26:807;0.01;0.02;-1.00;0.06257;0.0004165;0.001348;-0.06246;36.41;-44.35;99.86;99.83;2.25;0.06257;0.06248;8.811E-05;-12.037;-12.043;-40.550;0.50;-88.76;
2026-01-07 15:51:17.68;0.00:00:26:853;0.01;0.02;-1.00;0.06251;0.0004105;0.001372;-0.06241;36.67;-44.34;99.86;99.84;2.29;0.06251;0.06242;8.507E-05;-12.041;-12.047;-40.702;0.50;-88.74;
2026-01-07 15:51:17.72;0.00:00:26:898;0.01;0.02;-1.00;0.06256;0.0004196;0.001363;-0.06246;36.44;-44.35;99.86;99.84;2.28;0.06256;0.06248;8.454E-05;-12.037;-12.043;-40.730;0.50;-88.75;
2026-01-07 15:51:17.77;0.00:00:26:946;0.01;0.02;-1.00;0.06255;0.0004157;0.001368;-0.06246;36.55;-44.34;99.87;99.85;2.29;0.06255;0.06247;8.058E-05;-12.037;-12.043;-40.938;0.50;-88.75;
2026-01-07 15:51:17.83;0.00:00:27:008;0.01;0.02;-1.00;0.06255;0.0004335;0.001321;-0.06245;35.91;-44.36;99.87;99.85;2.22;0.06255;0.06247;8.041E-05;-12.038;-12.044;-40.947;0.50;-88.79;
2026-01-07 15:51:17.88;0.00:00:27:055;0.01;0.02;-1.00;0.06253;0.0004238;0.001346;-0.06242;36.26;-44.35;99.86;99.84;2.26;0.06253;0.06244;8.661E-05;-12.039;-12.045;-40.624;0.50;-88.76;
2026-01-07 15:51:17.92;0.00:00:27:100;0.01;0.02;-1.00;0.06253;0.0004147;0.001367;-0.06243;36.56;-44.34;99.87;99.84;2.28;0.06253;0.06245;8.183E-05;-12.039;-12.045;-40.871;0.50;-88.75;
2026-01-07 15:51:17.97;0.00:00:27:149;0.01;0.02;-1.00;0.06257;0.0004187;0.001362;-0.06247;36.45;-44.35;99.87;99.85;2.28;0.06257;0.06249;7.892E-05;-12.036;-12.042;-41.028;0.50;-88.75;
2026-01-07 15:51:18.02;0.00:00:27:196;0.01;0.02;-1.00;0.06257;0.0004241;0.001347;-0.06247;36.26;-44.35;99.87;99.84;2.26;0.06257;0.06248;8.292E-05;-12.037;-12.042;-40.813;0.50;-88.76;
2026-01-07 15:51:18.07;0.00:00:27:244;0.01;0.02;-1.00;0.06258;0.000418;0.001353;-0.06248;36.42;-44.35;99.86;99.84;2.26;0.06258;0.0625;8.59E-05;-12.035;-12.041;-40.660;0.50;-88.76;
2026-01-07 15:51:18.11;0.00:00:27:289;0.01;0.02;-1.00;0.06258;0.0004322;0.001335;-0.06249;36.03;-44.36;99.87;99.85;2.24;0.06258;0.0625;7.966E-05;-12.035;-12.041;-40.988;0.50;-88.78;
2026-01-07 15:51:18.16;0.00:00:27:337;0.01;0.02;-1.00;0.06254;0.0004297;0.001343;-0.06244;36.13;-44.35;99.87;99.84;2.25;0.06254;0.06246;8.378E-05;-12.038;-12.044;-40.768;0.50;-88.77;
2026-01-07 15:51:18.20;0.00:00:27:383;0.01;0.02;-1.00;0.06282;0.0004118;0.001407;-0.06272;36.84;-44.33;99.86;99.84;2.33;0.06282;0.06273;8.516E-05;-12.019;-12.025;-40.698;0.50;-88.72;
2026-01-07 15:51:18.25;0.00:00:27:431;0.01;0.02;-1.00;0.06276;0.0004538;0.001291;-0.06267;35.32;-44.37;99.88;99.85;2.18;0.06276;0.06269;7.719E-05;-12.023;-12.028;-41.125;0.50;-88.82;
2026-01-07 15:51:18.31;0.00:00:27:491;0.01;0.02;-1.00;0.06272;0.0004428;0.001328;-0.06262;35.78;-44.36;99.87;99.85;2.23;0.06272;0.06264;7.975E-05;-12.026;-12.032;-40.983;0.50;-88.78;
2026-01-07 15:51:18.36;0.00:00:27:538;0.01;0.02;-1.00;0.06265;0.0003853;0.001401;-0.06255;37.31;-44.33;99.85;99.83;2.32;0.06265;0.06256;9.143E-05;-12.030;-12.037;-40.389;0.50;-88.72;
2026-01-07 15:51:18.41;0.00:00:27:584;0.01;0.02;-1.00;0.0629;0.0004221;0.001394;-0.0628;36.58;-44.34;99.87;99.84;2.32;0.0629;0.06282;8.199E-05;-12.014;-12.019;-40.862;0.50;-88.73;
2026-01-07 15:51:18.45;0.00:00:27:633;0.01;0.02;-1.00;0.06283;0.0004079;0.00135;-0.06273;36.59;-44.36;99.86;99.83;2.24;0.06283;0.06274;8.81E-05;-12.018;-12.024;-40.550;0.50;-88.77;
2026-01-07 15:51:18.50;0.00:00:27:683;0.01;0.02;-1.00;0.06307;0.0004048;0.001448;-0.06297;37.19;-44.32;99.86;99.83;2.38;0.06307;0.06299;8.627E-05;-12.002;-12.008;-40.641;0.50;-88.68;
2026-01-07 15:51:18.56;0.00:00:27:742;0.01;0.02;-1.00;0.06287;0.0004482;0.001294;-0.06278;35.45;-44.38;99.87;99.85;2.18;0.06287;0.06279;8.123E-05;-12.015;-12.021;-40.903;0.50;-88.82;
2026-01-07 15:51:18.61;0.00:00:27:788;0.01;0.02;-1.00;0.06284;0.0004189;0.001395;-0.06274;36.64;-44.33;99.87;99.84;2.32;0.06284;0.06275;8.199E-05;-12.018;-12.024;-40.863;0.50;-88.73;
2026-01-07 15:51:18.66;0.00:00:27:834;0.01;0.02;-1.00;0.06281;0.0004171;0.001346;-0.06271;36.39;-44.36;99.87;99.84;2.24;0.06281;0.06272;8.406E-05;-12.020;-12.026;-40.754;0.50;-88.77;
2026-01-07 15:51:18.70;0.00:00:27:883;0.01;0.02;-1.00;0.0627;0.0004541;0.001291;-0.06261;35.31;-44.37;99.87;99.85;2.18;0.0627;0.06262;8.173E-05;-12.027;-12.033;-40.876;0.50;-88.82;
2026-01-07 15:51:18.77;0.00:00:27:943;0.01;0.02;-1.00;0.0627;0.0003872;0.001438;-0.06259;37.47;-44.32;99.86;99.83;2.38;0.0627;0.06261;9.082E-05;-12.027;-12.034;-40.418;0.50;-88.68;
2026-01-07 15:51:18.81;0.00:00:27:990;0.01;0.02;-1.00;0.06267;0.0004041;0.00139;-0.06257;36.89;-44.34;99.86;99.84;2.31;0.06267;0.06259;8.5E-05;-12.029;-12.035;-40.706;0.50;-88.73;
2026-01-07 15:51:18.87;0.00:00:28:051;0.01;0.02;-1.00;0.06256;0.0004413;0.001282;-0.06247;35.50;-44.38;99.87;99.85;2.17;0.06256;0.06248;7.929E-05;-12.037;-12.043;-41.008;0.50;-88.82;
2026-01-07 15:51:18.92;0.00:00:28:099;0.01;0.02;-1.00;0.06262;0.0003956;0.001435;-0.06251;37.29;-44.32;99.86;99.83;2.38;0.06262;0.06253;8.794E-05;-12.033;-12.039;-40.558;0.50;-88.69;
2026-01-07 15:51:18.97;0.00:00:28:146;0.01;0.02;-1.00;0.06261;0.0004409;0.001305;-0.06251;35.66;-44.37;99.87;99.84;2.20;0.06261;0.06253;8.346E-05;-12.033;-12.039;-40.785;0.50;-88.80;
2026-01-07 15:51:19.01;0.00:00:28:192;0.01;0.02;-1.00;0.06268;0.0004733;0.001293;-0.06259;34.95;-44.37;99.88;99.86;2.20;0.06268;0.0626;7.528E-05;-12.029;-12.034;-41.233;0.50;-88.82;
2026-01-07 15:51:19.06;0.00:00:28:239;0.01;0.02;-1.00;0.06231;0.0004442;0.001272;-0.06222;35.38;-44.38;99.88;99.86;2.16;0.06231;0.06223;7.457E-05;-12.055;-12.060;-41.275;0.50;-88.83;
2026-01-07 15:51:19.11;0.00:00:28:286;0.01;0.02;-1.00;0.06251;0.0004093;0.001344;-0.06241;36.53;-44.36;99.86;99.84;2.25;0.06251;0.06242;8.51E-05;-12.041;-12.047;-40.701;0.50;-88.77;
2026-01-07 15:51:19.15;0.00:00:28:333;0.01;0.02;-1.00;0.06249;0.0004664;0.001309;-0.0624;35.20;-44.36;99.88;99.85;2.22;0.06249;0.06241;7.578E-05;-12.042;-12.047;-41.205;0.50;-88.80;
2026-01-07 15:51:19.20;0.00:00:28:378;0.01;0.02;-1.00;0.06246;0.0004364;0.001304;-0.06236;35.75;-44.37;99.87;99.84;2.20;0.06246;0.06237;8.255E-05;-12.044;-12.050;-40.833;0.50;-88.80;
2026-01-07 15:51:19.25;0.00:00:28:425;0.01;0.02;-1.00;0.0624;0.0004337;0.001265;-0.06231;35.54;-44.39;99.87;99.85;2.14;0.0624;0.06232;8.01E-05;-12.048;-12.053;-40.964;0.50;-88.84;
2026-01-07 15:51:19.30;0.00:00:28:473;0.01;0.02;-1.00;0.06238;0.0003937;0.00138;-0.06227;37.04;-44.34;99.86;99.83;2.30;0.06238;0.06229;8.657E-05;-12.050;-12.056;-40.627;0.50;-88.73;
2026-01-07 15:51:19.34;0.00:00:28:521;0.01;0.02;-1.00;0.06247;0.0004566;0.001261;-0.06238;35.05;-44.38;99.88;99.86;2.15;0.06247;0.06239;7.582E-05;-12.044;-12.049;-41.202;0.50;-88.84;
2026-01-07 15:51:19.39;0.00:00:28:567;0.01;0.02;-1.00;0.06235;0.0004616;0.001297;-0.06226;35.20;-44.37;99.88;99.86;2.21;0.06235;0.06227;7.452E-05;-12.052;-12.057;-41.277;0.50;-88.81;
2026-01-07 15:51:19.44;0.00:00:28:615;0.01;0.02;-1.00;0.06232;0.0003802;0.001405;-0.06222;37.43;-44.33;99.85;99.83;2.34;0.06232;0.06223;9.059E-05;-12.053;-12.060;-40.429;0.50;-88.71;
2026-01-07 15:51:19.48;0.00:00:28:662;0.01;0.02;-1.00;0.06263;0.0004064;0.001397;-0.06253;36.89;-44.33;99.87;99.84;2.32;0.06263;0.06254;8.261E-05;-12.032;-12.038;-40.830;0.50;-88.72;
2026-01-07 15:51:19.53;0.00:00:28:709;0.01;0.02;-1.00;0.06265;0.0003805;0.001401;-0.06254;37.40;-44.34;99.85;99.83;2.32;0.06265;0.06256;9.088E-05;-12.031;-12.037;-40.415;0.50;-88.72;
2026-01-07 15:51:19.58;0.00:00:28:756;0.01;0.02;-1.00;0.063;0.0005114;0.001221;-0.06291;33.63;-44.40;99.89;99.87;2.10;0.063;0.06293;7.009E-05;-12.007;-12.012;-41.543;0.50;-88.89;
2026-01-07 15:51:19.62;0.00:00:28:802;0.01;0.02;-1.00;0.06267;0.0003802;0.001428;-0.06256;37.55;-44.32;99.86;99.83;2.36;0.06267;0.06258;8.862E-05;-12.029;-12.036;-40.525;0.50;-88.69;
2026-01-07 15:51:19.67;0.00:00:28:849;0.01;0.02;-1.00;0.06262;0.0004913;0.001259;-0.06253;34.34;-44.38;99.88;99.86;2.16;0.06262;0.06255;7.26E-05;-12.033;-12.038;-41.391;0.50;-88.85;
2026-01-07 15:51:19.72;0.00:00:28:896;0.01;0.02;-1.00;0.06271;0.00047;0.001248;-0.06262;34.68;-44.39;99.88;99.86;2.13;0.06271;0.06263;7.537E-05;-12.027;-12.032;-41.228;0.50;-88.86;
2026-01-07 15:51:19.76;0.00:00:28:943;0.01;0.02;-1.00;0.06263;0.0003639;0.001368;-0.06253;37.55;-44.35;99.86;99.83;2.26;0.06263;0.06254;8.798E-05;-12.032;-12.038;-40.556;0.50;-88.75;
2026-01-07 15:51:19.81;0.00:00:28:990;0.01;0.02;-1.00;0.06214;0.0003448;0.001431;-0.06203;38.23;-44.32;99.85;99.82;2.37;0.06214;0.06204;9.443E-05;-12.066;-12.073;-40.249;0.50;-88.68;
2026-01-07 15:51:19.87;0.00:00:29:051;0.01;0.03;-1.00;0.06281;0.0003561;0.00158;-0.06269;38.65;-44.26;99.85;99.82;2.58;0.06281;0.06271;9.337E-05;-12.020;-12.026;-40.298;0.50;-88.56;
2026-01-07 15:51:19.92;0.00:00:29:098;0.01;0.02;-1.00;0.06211;0.0004227;0.001297;-0.06202;35.97;-44.37;99.87;99.85;2.20;0.06211;0.06203;8.05E-05;-12.068;-12.074;-40.942;0.50;-88.80;
2026-01-07 15:51:19.97;0.00:00:29:145;0.01;0.02;-1.00;0.06227;0.000328;0.001492;-0.06215;38.80;-44.30;99.84;99.81;2.45;0.06227;0.06217;9.754E-05;-12.057;-12.064;-40.108;0.50;-88.62;
2026-01-07 15:51:20.01;0.00:00:29:192;0.01;0.02;-1.00;0.06317;0.0004352;0.001381;-0.06307;36.26;-44.34;99.87;99.84;2.29;0.06317;0.06309;8.373E-05;-11.995;-12.001;-40.771;0.50;-88.75;
2026-01-07 15:51:20.06;0.00:00:29:238;0.01;0.02;-1.00;0.06299;0.0004529;0.001294;-0.06289;35.36;-44.38;99.88;99.85;2.18;0.06299;0.06291;7.812E-05;-12.007;-12.013;-41.073;0.50;-88.82;
2026-01-07 15:51:20.11;0.00:00:29:285;0.01;0.02;-1.00;0.06264;0.0005018;0.001171;-0.06256;33.40;-44.42;99.89;99.87;2.03;0.06264;0.06257;7.058E-05;-12.031;-12.036;-41.513;0.50;-88.93;
2026-01-07 15:51:20.15;0.00:00:29:333;0.01;0.02;-1.00;0.06256;0.0003799;0.001489;-0.06245;37.84;-44.30;99.86;99.83;2.46;0.06256;0.06247;8.841E-05;-12.037;-12.043;-40.535;0.50;-88.63;
2026-01-07 15:51:20.20;0.00:00:29:379;0.01;0.02;-1.00;0.06245;0.0004827;0.001205;-0.06237;34.08;-44.40;99.88;99.86;2.08;0.06245;0.06238;7.328E-05;-12.045;-12.050;-41.350;0.50;-88.89;
2026-01-07 15:51:20.25;0.00:00:29:426;0.01;0.02;-1.00;0.06245;0.0004648;0.001286;-0.06235;35.06;-44.37;99.88;99.85;2.19;0.06245;0.06237;7.763E-05;-12.045;-12.050;-41.099;0.50;-88.82;
2026-01-07 15:51:20.29;0.00:00:29:472;0.01;0.02;-1.00;0.06251;0.0004023;0.001419;-0.06241;37.09;-44.32;99.86;99.83;2.36;0.06251;0.06242;8.605E-05;-12.041;-12.047;-40.652;0.50;-88.70;
2026-01-07 15:51:20.34;0.00:00:29:520;0.01;0.02;-1.00;0.0625;0.0004442;0.001318;-0.06241;35.69;-44.36;99.87;99.85;2.23;0.0625;0.06242;8.044E-05;-12.041;-12.047;-40.945;0.50;-88.79;
2026-01-07 15:51:20.39;0.00:00:29:566;0.01;0.02;-1.00;0.06211;0.000405;0.001372;-0.06201;36.78;-44.34;99.86;99.84;2.30;0.06211;0.06203;8.391E-05;-12.068;-12.074;-40.762;0.50;-88.73;
2026-01-07 15:51:20.44;0.00:00:29:614;0.01;0.02;-1.00;0.06226;0.0003985;0.001414;-0.06216;37.13;-44.32;99.86;99.83;2.36;0.06226;0.06218;8.55E-05;-12.058;-12.064;-40.680;0.50;-88.70;
2026-01-07 15:51:20.48;0.00:00:29:661;0.01;0.02;-1.00;0.06266;0.0004528;0.001295;-0.06257;35.37;-44.37;99.88;99.85;2.19;0.06266;0.06258;7.592E-05;-12.030;-12.035;-41.196;0.50;-88.81;
2026-01-07 15:51:20.53;0.00:00:29:707;0.01;0.02;-1.00;0.0627;0.0003708;0.001452;-0.06259;37.84;-44.31;99.86;99.83;2.39;0.0627;0.06261;9.089E-05;-12.028;-12.034;-40.415;0.50;-88.67;
2026-01-07 15:51:20.59;0.00:00:29:768;0.01;0.02;-1.00;0.06262;0.0004133;0.001384;-0.06251;36.69;-44.34;99.86;99.83;2.31;0.06262;0.06253;8.891E-05;-12.033;-12.039;-40.511;0.50;-88.73;
2026-01-07 15:51:20.64;0.00:00:29:815;0.01;0.02;-1.00;0.06252;0.0004424;0.001304;-0.06243;35.63;-44.37;99.87;99.85;2.20;0.06252;0.06244;8.093E-05;-12.040;-12.045;-40.919;0.50;-88.80;
2026-01-07 15:51:20.68;0.00:00:29:862;0.01;0.02;-1.00;0.06227;0.0004294;0.001316;-0.06218;35.96;-44.36;99.87;99.85;2.22;0.06227;0.06219;7.989E-05;-12.057;-12.062;-40.975;0.50;-88.79;
2026-01-07 15:51:20.73;0.00:00:29:911;0.01;0.02;-1.00;0.06229;0.0004165;0.00137;-0.06219;36.54;-44.34;99.86;99.84;2.30;0.06229;0.06221;8.469E-05;-12.056;-12.062;-40.722;0.50;-88.74;
2026-01-07 15:51:20.78;0.00:00:29:957;0.01;0.02;-1.00;0.06216;0.0004534;0.001265;-0.06207;35.14;-44.38;99.88;99.85;2.16;0.06216;0.06208;7.735E-05;-12.065;-12.070;-41.115;0.50;-88.83;
2026-01-07 15:51:20.84;0.00:00:30:018;0.01;0.02;-1.00;0.06231;0.0004397;0.001329;-0.06221;35.84;-44.36;99.87;99.85;2.25;0.06231;0.06223;8E-05;-12.055;-12.060;-40.969;0.50;-88.78;
2026-01-07 15:51:20.89;0.00:00:30:065;0.01;0.02;-1.00;0.06224;0.0003994;0.00138;-0.06214;36.93;-44.34;99.86;99.84;2.31;0.06224;0.06215;8.459E-05;-12.060;-12.065;-40.727;0.50;-88.73;
2026-01-07 15:51:20.93;0.00:00:30:112;0.01;0.02;-1.00;0.06228;0.0004295;0.001347;-0.06219;36.15;-44.35;99.87;99.84;2.27;0.06228;0.0622;8.268E-05;-12.056;-12.062;-40.826;0.50;-88.76;
2026-01-07 15:51:20.98;0.00:00:30:160;0.01;0.02;-1.00;0.06226;0.0004215;0.001353;-0.06216;36.35;-44.35;99.87;99.84;2.28;0.06226;0.06218;8.296E-05;-12.058;-12.064;-40.811;0.50;-88.75;
2026-01-07 15:51:21.03;0.00:00:30:206;0.01;0.02;-1.00;0.06225;0.0004116;0.001375;-0.06215;36.67;-44.34;99.87;99.84;2.31;0.06225;0.06217;8.337E-05;-12.058;-12.064;-40.790;0.50;-88.73;
2026-01-07 15:51:21.08;0.00:00:30:254;0.01;0.02;-1.00;0.06234;0.0004102;0.001389;-0.06225;36.77;-44.33;99.87;99.84;2.32;0.06234;0.06226;8.017E-05;-12.052;-12.058;-40.960;0.50;-88.72;
2026-01-07 15:51:21.14;0.00:00:30:313;0.01;0.02;-1.00;0.0624;0.0004386;0.001329;-0.06231;35.87;-44.36;99.88;99.86;2.24;0.0624;0.06233;7.217E-05;-12.048;-12.053;-41.416;0.50;-88.78;
2026-01-07 15:51:21.18;0.00:00:30:363;0.01;0.02;-1.00;0.06237;0.0004157;0.001357;-0.06227;36.48;-44.35;99.87;99.84;2.28;0.06237;0.06228;8.336E-05;-12.050;-12.056;-40.790;0.50;-88.75;
2026-01-07 15:51:21.25;0.00:00:30:423;0.01;0.02;-1.00;0.06261;0.0004117;0.001378;-0.06251;36.68;-44.34;99.87;99.84;2.30;0.06261;0.06253;8.389E-05;-12.033;-12.039;-40.763;0.50;-88.74;
2026-01-07 15:51:21.31;0.00:00:30:484;0.01;0.02;-1.00;0.06256;0.0004248;0.001354;-0.06247;36.29;-44.35;99.87;99.85;2.27;0.06256;0.06248;8.007E-05;-12.037;-12.042;-40.965;0.50;-88.76;
2026-01-07 15:51:21.35;0.00:00:30:532;0.01;0.02;-1.00;0.06259;0.0004104;0.001372;-0.06249;36.67;-44.34;99.86;99.84;2.29;0.06259;0.06251;8.52E-05;-12.035;-12.041;-40.695;0.50;-88.74;
2026-01-07 15:51:21.42;0.00:00:30:593;0.01;0.02;-1.00;0.06254;0.0004268;0.00134;-0.06245;36.17;-44.35;99.88;99.85;2.25;0.06254;0.06246;7.818E-05;-12.038;-12.044;-41.069;0.50;-88.77;
2026-01-07 15:51:21.46;0.00:00:30:639;0.01;0.02;-1.00;0.06262;0.0004172;0.001376;-0.06252;36.57;-44.34;99.87;99.84;2.30;0.06262;0.06254;8.355E-05;-12.033;-12.038;-40.780;0.50;-88.74;
2026-01-07 15:51:21.52;0.00:00:30:700;0.01;0.02;-1.00;0.06262;0.0004224;0.001354;-0.06252;36.34;-44.35;99.87;99.84;2.26;0.06262;0.06254;8.166E-05;-12.033;-12.038;-40.880;0.50;-88.76;
2026-01-07 15:51:21.57;0.00:00:30:746;0.01;0.02;-1.00;0.06264;0.000417;0.001373;-0.06254;36.56;-44.34;99.87;99.84;2.29;0.06264;0.06255;8.338E-05;-12.032;-12.037;-40.789;0.50;-88.74;
2026-01-07 15:51:21.62;0.00:00:30:793;0.01;0.02;-1.00;0.06268;0.0004311;0.001364;-0.06258;36.23;-44.35;99.87;99.85;2.28;0.06268;0.0626;8.033E-05;-12.029;-12.035;-40.951;0.50;-88.75;
2026-01-07 15:51:21.66;0.00:00:30:838;0.01;0.02;-1.00;0.06266;0.0004033;0.001386;-0.06256;36.89;-44.34;99.86;99.84;2.30;0.06266;0.06258;8.644E-05;-12.030;-12.036;-40.633;0.50;-88.73;
2026-01-07 15:51:21.71;0.00:00:30:886;0.01;0.02;-1.00;0.0627;0.0004232;0.001355;-0.0626;36.33;-44.35;99.87;99.84;2.26;0.0627;0.06262;8.131E-05;-12.027;-12.033;-40.899;0.50;-88.76;
2026-01-07 15:51:21.76;0.00:00:30:934;0.01;0.02;-1.00;0.0627;0.0004236;0.001346;-0.0626;36.27;-44.35;99.87;99.84;2.25;0.0627;0.06262;8.436E-05;-12.027;-12.033;-40.739;0.50;-88.77;
2026-01-07 15:51:21.82;0.00:00:30:993;0.01;0.02;-1.00;0.06269;0.000417;0.001363;-0.06259;36.49;-44.35;99.86;99.84;2.27;0.06269;0.06261;8.481E-05;-12.028;-12.034;-40.715;0.50;-88.75;
2026-01-07 15:51:21.86;0.00:00:31:042;0.01;0.02;-1.00;0.06264;0.000423;0.001352;-0.06255;36.31;-44.35;99.87;99.84;2.26;0.06264;0.06256;8.144E-05;-12.031;-12.037;-40.892;0.50;-88.76;
2026-01-07 15:51:21.92;0.00:00:31:102;0.01;0.02;-1.00;0.06271;0.0004206;0.001359;-0.06261;36.40;-44.35;99.87;99.84;2.27;0.06271;0.06263;8.222E-05;-12.027;-12.032;-40.850;0.50;-88.76;
2026-01-07 15:51:21.97;0.00:00:31:148;0.01;0.02;-1.00;0.06276;0.0004168;0.001377;-0.06266;36.58;-44.34;99.86;99.84;2.29;0.06276;0.06267;8.629E-05;-12.023;-12.029;-40.640;0.50;-88.74;
2026-01-07 15:51:22.02;0.00:00:31:195;0.01;0.02;-1.00;0.06275;0.0004245;0.001356;-0.06265;36.31;-44.35;99.87;99.84;2.26;0.06275;0.06267;8.257E-05;-12.024;-12.030;-40.832;0.50;-88.76;
2026-01-07 15:51:22.06;0.00:00:31:243;0.01;0.02;-1.00;0.06273;0.0004225;0.001368;-0.06263;36.42;-44.35;99.87;99.85;2.28;0.06273;0.06265;8.018E-05;-12.025;-12.031;-40.959;0.50;-88.75;
2026-01-07 15:51:22.11;0.00:00:31:291;0.01;0.02;-1.00;0.06278;0.0004127;0.001385;-0.06268;36.70;-44.34;99.87;99.85;2.30;0.06278;0.0627;8.031E-05;-12.022;-12.027;-40.952;0.50;-88.73;
2026-01-07 15:51:22.16;0.00:00:31:337;0.01;0.02;-1.00;0.06295;0.0004421;0.001348;-0.06286;35.92;-44.35;99.87;99.84;2.25;0.06295;0.06287;8.253E-05;-12.010;-12.015;-40.834;0.50;-88.77;
2026-01-07 15:51:22.22;0.00:00:31:399;0.01;0.02;-1.00;0.06285;0.0004355;0.001339;-0.06276;35.99;-44.36;99.87;99.85;2.24;0.06285;0.06277;7.952E-05;-12.017;-12.022;-40.995;0.50;-88.78;
2026-01-07 15:51:22.27;0.00:00:31:444;0.01;0.02;-1.00;0.06286;0.0004252;0.001359;-0.06277;36.31;-44.35;99.87;99.85;2.27;0.06286;0.06279;7.868E-05;-12.016;-12.021;-41.041;0.50;-88.76;
2026-01-07 15:51:22.31;0.00:00:31:493;0.01;0.02;-1.00;0.06286;0.0004306;0.001353;-0.06276;36.18;-44.35;99.87;99.84;2.26;0.06286;0.06278;8.138E-05;-12.016;-12.022;-40.895;0.50;-88.76;
2026-01-07 15:51:22.36;0.00:00:31:540;0.01;0.02;-1.00;0.06271;0.000438;0.001303;-0.06262;35.71;-44.37;99.87;99.85;2.19;0.06271;0.06264;7.951E-05;-12.026;-12.032;-40.996;0.50;-88.81;
2026-01-07 15:51:22.41;0.00:00:31:588;0.01;0.02;-1.00;0.06268;0.0004075;0.001395;-0.06258;36.86;-44.33;99.86;99.83;2.32;0.06268;0.0626;8.802E-05;-12.028;-12.034;-40.554;0.50;-88.72;
2026-01-07 15:51:22.46;0.00:00:31:636;0.01;0.02;-1.00;0.06281;0.0004156;0.001408;-0.06271;36.78;-44.33;99.87;99.84;2.34;0.06281;0.06273;8.306E-05;-12.020;-12.026;-40.806;0.50;-88.71;
2026-01-07 15:51:22.52;0.00:00:31:697;0.01;0.02;-1.00;0.06275;0.0004297;0.001348;-0.06265;36.16;-44.35;99.87;99.85;2.25;0.06275;0.06267;8.113E-05;-12.024;-12.030;-40.908;0.50;-88.77;
2026-01-07 15:51:22.57;0.00:00:31:743;0.01;0.02;-1.00;0.06236;0.000458;0.001235;-0.06227;34.83;-44.39;99.88;99.86;2.11;0.06236;0.06229;7.525E-05;-12.051;-12.056;-41.235;0.50;-88.86;
2026-01-07 15:51:22.61;0.00:00:31:790;0.01;0.02;-1.00;0.06227;0.0004188;0.001381;-0.06218;36.56;-44.34;99.87;99.84;2.32;0.06227;0.06219;7.98E-05;-12.057;-12.063;-40.980;0.50;-88.73;
2026-01-07 15:51:22.66;0.00:00:31:839;0.01;0.02;-1.00;0.06252;0.0003991;0.00141;-0.06241;37.10;-44.33;99.86;99.83;2.34;0.06252;0.06243;8.719E-05;-12.040;-12.046;-40.595;0.50;-88.71;
2026-01-07 15:51:22.72;0.00:00:31:901;0.01;0.02;-1.00;0.0626;0.0004197;0.001373;-0.0625;36.50;-44.34;99.87;99.84;2.29;0.0626;0.06252;8.25E-05;-12.034;-12.040;-40.836;0.50;-88.74;
2026-01-07 15:51:22.77;0.00:00:31:947;0.01;0.02;-1.00;0.0627;0.0003794;0.001438;-0.06259;37.61;-44.32;99.86;99.83;2.37;0.0627;0.06261;8.795E-05;-12.028;-12.034;-40.558;0.50;-88.68;
2026-01-07 15:51:22.82;0.00:00:31:993;0.01;0.02;-1.00;0.0627;0.0004755;0.001271;-0.06262;34.75;-44.38;99.89;99.86;2.16;0.0627;0.06263;7.102E-05;-12.027;-12.032;-41.486;0.50;-88.84;
2026-01-07 15:51:22.86;0.00:00:32:041;0.01;0.02;-1.00;0.06276;0.0003976;0.001418;-0.06265;37.17;-44.33;99.86;99.83;2.35;0.06276;0.06267;8.934E-05;-12.023;-12.030;-40.490;0.50;-88.70;
2026-01-07 15:51:22.91;0.00:00:32:088;0.01;0.02;-1.00;0.0628;0.0004188;0.001357;-0.0627;36.42;-44.35;99.86;99.84;2.26;0.0628;0.06272;8.595E-05;-12.020;-12.026;-40.658;0.50;-88.76;
2026-01-07 15:51:22.96;0.00:00:32:135;0.01;0.02;-1.00;0.06274;0.0004546;0.001317;-0.06264;35.48;-44.36;99.87;99.84;2.22;0.06274;0.06266;8.202E-05;-12.025;-12.030;-40.861;0.50;-88.80;
2026-01-07 15:51:23.00;0.00:00:32:182;0.01;0.02;-1.00;0.06264;0.0004193;0.00139;-0.06254;36.61;-44.33;99.87;99.84;2.32;0.06264;0.06256;8.291E-05;-12.032;-12.037;-40.814;0.50;-88.73;
2026-01-07 15:51:23.05;0.00:00:32:229;0.01;0.02;-1.00;0.06263;0.0004377;0.001334;-0.06253;35.91;-44.36;99.87;99.85;2.24;0.06263;0.06255;8.059E-05;-12.032;-12.038;-40.937;0.50;-88.78;
2026-01-07 15:51:23.10;0.00:00:32:276;0.01;0.02;-1.00;0.06271;0.0003935;0.001433;-0.0626;37.32;-44.32;99.85;99.83;2.37;0.06271;0.06262;9.183E-05;-12.027;-12.033;-40.370;0.50;-88.69;
2026-01-07 15:51:23.15;0.00:00:32:324;0.01;0.02;-1.00;0.06279;0.0004249;0.001352;-0.06269;36.28;-44.35;99.87;99.84;2.26;0.06279;0.06271;8.377E-05;-12.021;-12.027;-40.769;0.50;-88.76;
2026-01-07 15:51:23.19;0.00:00:32:370;0.01;0.02;-1.00;0.06279;0.0004268;0.001374;-0.06269;36.37;-44.34;99.87;99.84;2.29;0.06279;0.06271;8.209E-05;-12.021;-12.027;-40.857;0.50;-88.74;
2026-01-07 15:51:23.24;0.00:00:32:417;0.01;0.02;-1.00;0.06256;0.0004346;0.001327;-0.06247;35.93;-44.36;99.87;99.85;2.23;0.06256;0.06248;7.995E-05;-12.037;-12.042;-40.972;0.50;-88.78;
2026-01-07 15:51:23.29;0.00:00:32:464;0.01;0.02;-1.00;0.06254;0.0003898;0.001378;-0.06243;37.11;-44.34;99.86;99.83;2.29;0.06254;0.06245;9.045E-05;-12.038;-12.045;-40.436;0.50;-88.74;
2026-01-07 15:51:23.33;0.00:00:32:510;0.01;0.02;-1.00;0.06263;0.0004578;0.00125;-0.06254;34.95;-44.39;99.88;99.86;2.13;0.06263;0.06255;7.381E-05;-12.032;-12.037;-41.319;0.50;-88.85;
2026-01-07 15:51:23.39;0.00:00:32:572;0.01;0.02;-1.00;0.06247;0.000443;0.001307;-0.06238;35.64;-44.37;99.87;99.85;2.21;0.06247;0.06239;8.14E-05;-12.043;-12.049;-40.894;0.50;-88.80;
2026-01-07 15:51:23.44;0.00:00:32:618;0.01;0.02;-1.00;0.06268;0.0004208;0.001371;-0.06257;36.47;-44.34;99.86;99.83;2.29;0.06268;0.06259;8.714E-05;-12.029;-12.035;-40.598;0.50;-88.74;
2026-01-07 15:51:23.49;0.00:00:32:666;0.01;0.02;-1.00;0.06262;0.0004187;0.00135;-0.06252;36.39;-44.35;99.87;99.84;2.26;0.06262;0.06253;8.289E-05;-12.033;-12.039;-40.815;0.50;-88.76;
2026-01-07 15:51:23.53;0.00:00:32:711;0.01;0.02;-1.00;0.0628;0.0004245;0.001356;-0.0627;36.31;-44.35;99.86;99.84;2.26;0.0628;0.06272;8.58E-05;-12.020;-12.026;-40.665;0.50;-88.76;
2026-01-07 15:51:23.58;0.00:00:32:758;0.01;0.02;-1.00;0.06272;0.0004378;0.001333;-0.06263;35.91;-44.36;99.87;99.84;2.24;0.06272;0.06264;8.228E-05;-12.026;-12.031;-40.847;0.50;-88.78;
2026-01-07 15:51:23.63;0.00:00:32:806;0.01;0.02;-1.00;0.06262;0.0004323;0.001331;-0.06253;36.00;-44.36;99.87;99.85;2.23;0.06262;0.06254;8.052E-05;-12.033;-12.038;-40.941;0.50;-88.78;
2026-01-07 15:51:23.68;0.00:00:32:853;0.01;0.02;-1.00;0.06269;0.0004224;0.001355;-0.06258;36.34;-44.35;99.86;99.84;2.26;0.06269;0.0626;8.637E-05;-12.028;-12.034;-40.636;0.50;-88.76;
2026-01-07 15:51:23.72;0.00:00:32:899;0.01;0.02;-1.00;0.06257;0.0004443;0.001301;-0.06247;35.57;-44.37;99.87;99.85;2.20;0.06257;0.06249;8.113E-05;-12.036;-12.042;-40.908;0.50;-88.81;
2026-01-07 15:51:23.77;0.00:00:32:947;0.01;0.02;-1.00;0.06248;0.000402;0.001396;-0.06238;36.97;-44.33;99.87;99.84;2.33;0.06248;0.0624;8.32E-05;-12.042;-12.048;-40.799;0.50;-88.72;
2026-01-07 15:51:23.82;0.00:00:32:994;0.01;0.02;-1.00;0.06254;0.0004273;0.00134;-0.06244;36.16;-44.35;99.87;99.84;2.25;0.06254;0.06246;8.15E-05;-12.038;-12.044;-40.888;0.50;-88.77;
2026-01-07 15:51:23.86;0.00:00:33:041;0.01;0.02;-1.00;0.06248;0.0004315;0.001334;-0.06239;36.04;-44.36;99.88;99.85;2.24;0.06248;0.0624;7.81E-05;-12.043;-12.048;-41.073;0.50;-88.78;
2026-01-07 15:51:23.91;0.00:00:33:087;0.01;0.02;-1.00;0.0625;0.0003785;0.001422;-0.06239;37.55;-44.32;99.86;99.83;2.35;0.0625;0.06241;8.662E-05;-12.041;-12.048;-40.624;0.50;-88.69;
2026-01-07 15:51:23.96;0.00:00:33:135;0.01;0.02;-1.00;0.06263;0.0004234;0.001355;-0.06252;36.32;-44.35;99.86;99.84;2.27;0.06263;0.06254;8.525E-05;-12.032;-12.038;-40.693;0.50;-88.76;
2026-01-07 15:51:24.00;0.00:00:33:182;0.01;0.02;-1.00;0.06259;0.0004212;0.001357;-0.0625;36.38;-44.35;99.87;99.84;2.27;0.06259;0.06251;8.116E-05;-12.035;-12.040;-40.907;0.50;-88.76;
2026-01-07 15:51:24.05;0.00:00:33:229;0.01;0.02;-1.00;0.06249;0.0004456;0.001289;-0.0624;35.46;-44.37;99.88;99.85;2.18;0.06249;0.06241;7.768E-05;-12.042;-12.047;-41.097;0.50;-88.82;
2026-01-07 15:51:24.10;0.00:00:33:278;0.01;0.02;-1.00;0.06243;0.0004101;0.001372;-0.06233;36.68;-44.34;99.87;99.84;2.29;0.06243;0.06234;8.378E-05;-12.046;-12.052;-40.769;0.50;-88.74;
2026-01-07 15:51:24.16;0.00:00:33:337;0.01;0.02;-1.00;0.06242;0.0004251;0.001347;-0.06232;36.24;-44.35;99.87;99.84;2.26;0.06242;0.06234;8.077E-05;-12.047;-12.052;-40.927;0.50;-88.76;
2026-01-07 15:51:24.21;0.00:00:33:383;0.01;0.02;-1.00;0.0627;0.0004466;0.001361;-0.0626;35.92;-44.34;99.87;99.84;2.29;0.0627;0.06262;8.17E-05;-12.027;-12.033;-40.878;0.50;-88.75;
2026-01-07 15:51:24.25;0.00:00:33:430;0.01;0.02;-1.00;0.06258;0.0003968;0.001376;-0.06248;36.96;-44.34;99.86;99.84;2.29;0.06258;0.0625;8.593E-05;-12.036;-12.041;-40.659;0.50;-88.74;
2026-01-07 15:51:24.30;0.00:00:33:480;0.01;0.02;-1.00;0.06278;0.0004251;0.001387;-0.06268;36.48;-44.34;99.87;99.84;2.31;0.06278;0.0627;8.255E-05;-12.022;-12.027;-40.833;0.50;-88.73;
2026-01-07 15:51:24.36;0.00:00:33:539;0.01;0.02;-1.00;0.06259;0.0004463;0.001338;-0.0625;35.78;-44.35;99.87;99.84;2.25;0.06259;0.06251;8.192E-05;-12.035;-12.040;-40.866;0.50;-88.77;
2026-01-07 15:51:24.41;0.00:00:33:587;0.01;0.02;-1.00;0.06246;0.0003992;0.001387;-0.06236;36.97;-44.34;99.86;99.83;2.31;0.06246;0.06237;8.696E-05;-12.044;-12.050;-40.607;0.50;-88.73;
2026-01-07 15:51:24.46;0.00:00:33:634;0.01;0.02;-1.00;0.06261;0.000425;0.001384;-0.06251;36.46;-44.34;99.87;99.84;2.31;0.06261;0.06253;8.247E-05;-12.033;-12.039;-40.837;0.50;-88.73;
2026-01-07 15:51:24.51;0.00:00:33:683;0.01;0.02;-1.00;0.06274;0.0003612;0.001489;-0.06263;38.18;-44.30;99.85;99.82;2.44;0.06274;0.06265;9.268E-05;-12.025;-12.031;-40.330;0.50;-88.64;
2026-01-07 15:51:24.57;0.00:00:33:743;0.01;0.02;-1.00;0.06269;0.0005025;0.001213;-0.06261;33.75;-44.40;99.89;99.87;2.09;0.06269;0.06262;7.042E-05;-12.028;-12.033;-41.523;0.50;-88.89;
2026-01-07 15:51:24.61;0.00:00:33:791;0.01;0.02;-1.00;0.06243;0.0003898;0.001427;-0.06233;37.36;-44.32;99.86;99.83;2.37;0.06243;0.06234;8.732E-05;-12.046;-12.052;-40.589;0.50;-88.69;
2026-01-07 15:51:24.66;0.00:00:33:838;0.01;0.02;-1.00;0.06252;0.0004203;0.001362;-0.06242;36.43;-44.35;99.86;99.84;2.28;0.06252;0.06243;8.483E-05;-12.040;-12.046;-40.715;0.50;-88.75;
2026-01-07 15:51:24.71;0.00:00:33:885;0.01;0.02;-1.00;0.0626;0.0004325;0.001362;-0.06251;36.19;-44.35;99.88;99.85;2.28;0.0626;0.06252;7.576E-05;-12.034;-12.040;-41.206;0.50;-88.75;
2026-01-07 15:51:24.75;0.00:00:33:932;0.01;0.02;-1.00;0.06261;0.0004137;0.001383;-0.0625;36.67;-44.34;99.86;99.83;2.31;0.06261;0.06252;8.72E-05;-12.034;-12.040;-40.595;0.50;-88.73;
2026-01-07 15:51:24.80;0.00:00:33:980;0.01;0.02;-1.00;0.06257;0.0004177;0.001345;-0.06247;36.37;-44.35;99.87;99.84;2.25;0.06257;0.06249;8.168E-05;-12.037;-12.042;-40.879;0.50;-88.77;
2026-01-07 15:51:24.85;0.00:00:34:026;0.01;0.02;-1.00;0.06286;0.0004014;0.001419;-0.06276;37.10;-44.33;99.86;99.83;2.35;0.06286;0.06277;8.682E-05;-12.016;-12.022;-40.614;0.50;-88.70;
2026-01-07 15:51:24.91;0.00:00:34:087;0.01;0.02;-1.00;0.06265;0.0004231;0.001327;-0.06256;36.16;-44.36;99.87;99.85;2.22;0.06265;0.06257;8.024E-05;-12.031;-12.036;-40.956;0.50;-88.78;
2026-01-07 15:51:24.96;0.00:00:34:134;0.01;0.02;-1.00;0.06264;0.0004125;0.001367;-0.06254;36.60;-44.35;99.86;99.84;2.28;0.06264;0.06256;8.529E-05;-12.031;-12.037;-40.691;0.50;-88.75;
2026-01-07 15:51:25.01;0.00:00:34:185;0.01;0.02;-1.00;0.06274;0.0003964;0.001419;-0.06264;37.20;-44.33;99.86;99.83;2.35;0.06274;0.06266;8.774E-05;-12.024;-12.030;-40.568;0.50;-88.70;
2026-01-07 15:51:25.07;0.00:00:34:244;0.01;0.02;-1.00;0.06266;0.0004516;0.001295;-0.06257;35.39;-44.37;99.88;99.85;2.19;0.06266;0.06258;7.71E-05;-12.030;-12.035;-41.130;0.50;-88.81;
2026-01-07 15:51:25.11;0.00:00:34:291;0.01;0.02;-1.00;0.06249;0.0004182;0.001384;-0.06239;36.59;-44.34;99.86;99.84;2.31;0.06249;0.0624;8.606E-05;-12.042;-12.048;-40.652;0.50;-88.73;
2026-01-07 15:51:25.16;0.00:00:34:338;0.01;0.02;-1.00;0.06242;0.0004264;0.001331;-0.06233;36.12;-44.36;99.87;99.85;2.24;0.06242;0.06234;7.934E-05;-12.047;-12.052;-41.005;0.50;-88.78;
2026-01-07 15:51:25.21;0.00:00:34:385;0.01;0.02;-1.00;0.06239;0.0004279;0.001329;-0.0623;36.07;-44.36;99.87;99.84;2.24;0.06239;0.06231;8.125E-05;-12.049;-12.054;-40.902;0.50;-88.78;
2026-01-07 15:51:25.27;0.00:00:34:445;0.01;0.02;-1.00;0.06249;0.0003992;0.001389;-0.06238;36.98;-44.34;99.86;99.83;2.31;0.06249;0.0624;8.697E-05;-12.042;-12.048;-40.606;0.50;-88.72;
2026-01-07 15:51:25.31;0.00:00:34:492;0.01;0.02;-1.00;0.06275;0.0004006;0.001398;-0.06265;37.00;-44.34;99.86;99.83;2.32;0.06275;0.06266;8.783E-05;-12.024;-12.030;-40.564;0.50;-88.72;
2026-01-07 15:51:25.36;0.00:00:34:537;0.01;0.02;-1.00;0.06284;0.0004123;0.001387;-0.06274;36.72;-44.34;99.87;99.84;2.30;0.06284;0.06276;8.139E-05;-12.018;-12.023;-40.894;0.50;-88.73;
2026-01-07 15:51:25.42;0.00:00:34:599;0.01;0.02;-1.00;0.06277;0.0004341;0.001319;-0.06267;35.89;-44.37;99.87;99.85;2.21;0.06277;0.06269;8.089E-05;-12.023;-12.028;-40.921;0.50;-88.79;
2026-01-07 15:51:25.47;0.00:00:34:647;0.01;0.02;-1.00;0.06276;0.0004191;0.001366;-0.06266;36.47;-44.35;99.87;99.84;2.28;0.06276;0.06267;8.327E-05;-12.023;-12.029;-40.795;0.50;-88.75;
2026-01-07 15:51:25.52;0.00:00:34:693;0.01;0.02;-1.00;0.0626;0.0004365;0.001317;-0.0625;35.83;-44.36;99.87;99.84;2.22;0.0626;0.06252;8.224E-05;-12.034;-12.040;-40.849;0.50;-88.79;
2026-01-07 15:51:25.56;0.00:00:34:740;0.01;0.02;-1.00;0.06249;0.0004271;0.001326;-0.06239;36.07;-44.36;99.87;99.84;2.23;0.06249;0.0624;8.431E-05;-12.042;-12.048;-40.741;0.50;-88.78;
2026-01-07 15:51:25.61;0.00:00:34:790;0.01;0.02;-1.00;0.06242;0.000408;0.001367;-0.06232;36.69;-44.34;99.87;99.84;2.29;0.06242;0.06234;8.267E-05;-12.047;-12.053;-40.827;0.50;-88.74;
2026-01-07 15:51:25.66;0.00:00:34:839;0.01;0.02;-1.00;0.06259;0.0004002;0.001422;-0.06249;37.14;-44.32;99.86;99.84;2.36;0.06259;0.06251;8.531E-05;-12.035;-12.041;-40.690;0.50;-88.70;
2026-01-07 15:51:25.71;0.00:00:34:891;0.01;0.02;-1.00;0.06262;0.0004257;0.001351;-0.06252;36.25;-44.35;99.87;99.84;2.26;0.06262;0.06254;8.163E-05;-12.033;-12.038;-40.881;0.50;-88.76;
2026-01-07 15:51:25.77;0.00:00:34:943;0.01;0.02;-1.00;0.0626;0.0004119;0.001362;-0.0625;36.59;-44.35;99.86;99.84;2.27;0.0626;0.06252;8.568E-05;-12.034;-12.040;-40.671;0.50;-88.75;
2026-01-07 15:51:25.81;0.00:00:34:992;0.01;0.02;-1.00;0.0626;0.0004109;0.001396;-0.0625;36.80;-44.33;99.87;99.84;2.32;0.0626;0.06252;8.203E-05;-12.034;-12.040;-40.860;0.50;-88.72;
2026-01-07 15:51:25.87;0.00:00:35:044;0.01;0.02;-1.00;0.0627;0.0004104;0.001383;-0.06261;36.74;-44.34;99.87;99.85;2.30;0.0627;0.06262;7.923E-05;-12.027;-12.033;-41.011;0.50;-88.73;
2026-01-07 15:51:25.92;0.00:00:35:095;0.01;0.02;-1.00;0.06275;0.000423;0.001365;-0.06265;36.39;-44.35;99.87;99.84;2.28;0.06275;0.06266;8.418E-05;-12.024;-12.030;-40.748;0.50;-88.75;
2026-01-07 15:51:25.97;0.00:00:35:146;0.01;0.02;-1.00;0.06279;0.0004231;0.001371;-0.06269;36.42;-44.34;99.87;99.84;2.28;0.06279;0.06271;8.255E-05;-12.021;-12.027;-40.833;0.50;-88.75;
2026-01-07 15:51:26.02;0.00:00:35:200;0.01;0.02;-1.00;0.06274;0.0004318;0.001349;-0.06264;36.12;-44.35;99.88;99.85;2.26;0.06274;0.06266;7.762E-05;-12.025;-12.030;-41.100;0.50;-88.77;
2026-01-07 15:51:26.07;0.00:00:35:252;0.01;0.02;-1.00;0.06268;0.000434;0.001339;-0.06259;36.02;-44.36;99.88;99.85;2.25;0.06268;0.0626;7.706E-05;-12.029;-12.034;-41.132;0.50;-88.77;
2026-01-07 15:51:26.13;0.00:00:35:303;0.01;0.02;-1.00;0.0627;0.0004282;0.00135;-0.0626;36.20;-44.35;99.87;99.84;2.26;0.0627;0.06262;8.15E-05;-12.027;-12.033;-40.889;0.50;-88.76;
2026-01-07 15:51:26.18;0.00:00:35:353;0.01;0.02;-1.00;0.06266;0.0004259;0.001341;-0.06256;36.19;-44.36;99.87;99.84;2.25;0.06266;0.06257;8.425E-05;-12.030;-12.036;-40.744;0.50;-88.77;
2026-01-07 15:51:26.23;0.00:00:35:404;0.01;0.02;-1.00;0.0626;0.0004266;0.001347;-0.0625;36.22;-44.35;99.87;99.84;2.26;0.0626;0.06252;8.27E-05;-12.034;-12.040;-40.825;0.50;-88.77;
2026-01-07 15:51:26.28;0.00:00:35:457;0.01;0.02;-1.00;0.06266;0.0004223;0.001387;-0.06256;36.53;-44.34;99.87;99.84;2.31;0.06266;0.06257;8.101E-05;-12.030;-12.036;-40.914;0.50;-88.73;
2026-01-07 15:51:26.33;0.00:00:35:506;0.01;0.02;-1.00;0.0627;0.0004043;0.001397;-0.0626;36.93;-44.33;99.86;99.84;2.32;0.0627;0.06262;8.619E-05;-12.027;-12.033;-40.645;0.50;-88.72;
2026-01-07 15:51:26.38;0.00:00:35:560;0.01;0.02;-1.00;0.06281;0.0004421;0.001332;-0.06272;35.82;-44.36;99.88;99.85;2.23;0.06281;0.06273;7.84E-05;-12.020;-12.025;-41.057;0.50;-88.78;
2026-01-07 15:51:26.43;0.00:00:35:607;0.01;0.02;-1.00;0.0627;0.0004265;0.00134;-0.0626;36.17;-44.36;99.87;99.84;2.24;0.0627;0.06262;8.435E-05;-12.027;-12.033;-40.739;0.50;-88.77;
2026-01-07 15:51:26.48;0.00:00:35:658;0.01;0.02;-1.00;0.06263;0.0004158;0.001359;-0.06253;36.49;-44.35;99.86;99.84;2.27;0.06263;0.06255;8.524E-05;-12.032;-12.038;-40.694;0.50;-88.75;
2026-01-07 15:51:26.53;0.00:00:35:709;0.01;0.02;-1.00;0.06268;0.0004275;0.001368;-0.06258;36.32;-44.34;99.87;99.85;2.29;0.06268;0.0626;7.853E-05;-12.029;-12.034;-41.050;0.50;-88.75;
2026-01-07 15:51:26.58;0.00:00:35:762;0.01;0.02;-1.00;0.06273;0.0003959;0.001433;-0.06262;37.28;-44.32;99.86;99.83;2.37;0.06273;0.06264;8.81E-05;-12.025;-12.031;-40.550;0.50;-88.69;
2026-01-07 15:51:26.63;0.00:00:35:812;0.01;0.02;-1.00;0.06277;0.0004407;0.001338;-0.06267;35.89;-44.36;99.87;99.85;2.25;0.06277;0.06269;8.006E-05;-12.023;-12.028;-40.966;0.50;-88.78;
2026-01-07 15:51:26.68;0.00:00:35:861;0.01;0.02;-1.00;0.06279;0.0004098;0.001394;-0.06269;36.81;-44.34;99.87;99.84;2.31;0.06279;0.0627;8.432E-05;-12.021;-12.027;-40.740;0.50;-88.73;
2026-01-07 15:51:26.73;0.00:00:35:912;0.01;0.02;-1.00;0.06276;0.000433;0.001333;-0.06266;36.00;-44.36;99.87;99.85;2.23;0.06276;0.06268;7.978E-05;-12.023;-12.029;-40.981;0.50;-88.78;
2026-01-07 15:51:26.79;0.00:00:35:963;0.01;0.02;-1.00;0.06269;0.0004151;0.001374;-0.06259;36.59;-44.34;99.87;99.84;2.29;0.06269;0.06261;8.356E-05;-12.028;-12.034;-40.780;0.50;-88.74;
2026-01-07 15:51:26.84;0.00:00:36:014;0.01;0.02;-1.00;0.06271;0.0004257;0.001369;-0.06262;36.36;-44.34;99.87;99.84;2.29;0.06271;0.06263;8.211E-05;-12.026;-12.032;-40.856;0.50;-88.75;
2026-01-07 15:51:26.89;0.00:00:36:066;0.01;0.02;-1.00;0.06284;0.0004031;0.001415;-0.06273;37.05;-44.33;99.87;99.84;2.34;0.06284;0.06275;8.468E-05;-12.018;-12.024;-40.722;0.50;-88.71;
2026-01-07 15:51:26.94;0.00:00:36:117;0.01;0.02;-1.00;0.06305;0.000404;0.001443;-0.06295;37.18;-44.32;99.86;99.84;2.38;0.06305;0.06297;8.614E-05;-12.003;-12.009;-40.648;0.50;-88.69;
2026-01-07 15:51:26.99;0.00:00:36:168;0.01;0.02;-1.00;0.0627;0.0004671;0.001249;-0.06261;34.75;-44.39;99.89;99.86;2.13;0.0627;0.06262;7.16E-05;-12.028;-12.033;-41.451;0.50;-88.86;
2026-01-07 15:51:27.04;0.00:00:36:218;0.01;0.02;-1.00;0.06251;0.0004197;0.001334;-0.06242;36.27;-44.36;99.88;99.85;2.24;0.06251;0.06244;7.617E-05;-12.040;-12.046;-41.182;0.50;-88.78;
2026-01-07 15:51:27.09;0.00:00:36:270;0.01;0.02;-1.00;0.06297;0.0003898;0.001481;-0.06287;37.63;-44.30;99.86;99.83;2.43;0.06297;0.06289;8.694E-05;-12.008;-12.014;-40.608;0.50;-88.65;
2026-01-07 15:51:27.14;0.00:00:36:320;0.01;0.02;-1.00;0.06296;0.0004352;0.001305;-0.06286;35.78;-44.37;99.87;99.85;2.19;0.06296;0.06287;8.226E-05;-12.010;-12.015;-40.848;0.50;-88.81;
2026-01-07 15:51:27.19;0.00:00:36:371;0.01;0.02;-1.00;0.06267;0.000451;0.001269;-0.06258;35.22;-44.38;99.88;99.85;2.15;0.06267;0.0626;7.711E-05;-12.029;-12.035;-41.129;0.50;-88.84;
2026-01-07 15:51:27.25;0.00:00:36:424;0.01;0.02;-1.00;0.06267;0.0004026;0.00141;-0.06256;37.03;-44.33;99.86;99.84;2.34;0.06267;0.06258;8.544E-05;-12.030;-12.036;-40.683;0.50;-88.71;
2026-01-07 15:51:27.30;0.00:00:36:476;0.01;0.02;-1.00;0.06241;0.0004413;0.001228;-0.06232;35.12;-44.40;99.88;99.86;2.09;0.06241;0.06234;7.497E-05;-12.047;-12.053;-41.251;0.50;-88.87;
2026-01-07 15:51:27.35;0.00:00:36:524;0.01;0.02;-1.00;0.06231;0.0004431;0.001317;-0.06222;35.70;-44.36;99.87;99.85;2.23;0.06231;0.06223;7.831E-05;-12.054;-12.060;-41.062;0.50;-88.79;
2026-01-07 15:51:27.40;0.00:00:36:575;0.01;0.02;-1.00;0.06249;0.0003808;0.001458;-0.06238;37.68;-44.31;99.86;99.83;2.41;0.06249;0.0624;8.856E-05;-12.042;-12.048;-40.527;0.50;-88.66;
2026-01-07 15:51:27.45;0.00:00:36:626;0.01;0.02;-1.00;0.0625;0.0004176;0.001341;-0.0624;36.35;-44.36;99.87;99.84;2.25;0.0625;0.06242;8.358E-05;-12.041;-12.047;-40.779;0.50;-88.77;
2026-01-07 15:51:27.50;0.00:00:36:680;0.01;0.02;-1.00;0.0627;0.0004391;0.001301;-0.06261;35.68;-44.37;99.88;99.85;2.19;0.0627;0.06262;7.601E-05;-12.028;-12.033;-41.191;0.50;-88.81;
2026-01-07 15:51:27.55;0.00:00:36:730;0.01;0.02;-1.00;0.06257;0.0004455;0.001337;-0.06247;35.79;-44.35;99.87;99.85;2.25;0.06257;0.06249;8.065E-05;-12.037;-12.042;-40.934;0.50;-88.77;
2026-01-07 15:51:27.60;0.00:00:36:782;0.01;0.02;-1.00;0.06242;0.0004253;0.00132;-0.06231;36.07;-44.36;99.86;99.84;2.22;0.06242;0.06233;8.576E-05;-12.047;-12.053;-40.667;0.50;-88.79;
2026-01-07 15:51:27.65;0.00:00:36:832;0.01;0.02;-1.00;0.06253;0.0004061;0.001395;-0.06243;36.88;-44.33;99.86;99.83;2.32;0.06253;0.06244;8.813E-05;-12.039;-12.045;-40.549;0.50;-88.72;
2026-01-07 15:51:27.71;0.00:00:36:892;0.01;0.02;-1.00;0.06266;0.0003986;0.001412;-0.06255;37.12;-44.33;99.86;99.83;2.34;0.06266;0.06257;8.744E-05;-12.030;-12.036;-40.583;0.50;-88.71;
2026-01-07 15:51:27.76;0.00:00:36:938;0.01;0.02;-1.00;0.0624;0.0004723;0.00123;-0.06231;34.50;-44.39;99.88;99.85;2.11;0.0624;0.06232;7.752E-05;-12.048;-12.053;-41.106;0.50;-88.87;
2026-01-07 15:51:27.81;0.00:00:36:985;0.01;0.02;-1.00;0.06233;0.0004007;0.001379;-0.06223;36.90;-44.34;99.86;99.83;2.30;0.06233;0.06224;8.675E-05;-12.053;-12.059;-40.617;0.50;-88.73;
2026-01-07 15:51:27.86;0.00:00:37:033;0.01;0.02;-1.00;0.06242;0.0004309;0.001324;-0.06233;35.98;-44.36;99.87;99.84;2.23;0.06242;0.06234;8.2E-05;-12.046;-12.052;-40.862;0.50;-88.78;
2026-01-07 15:51:27.90;0.00:00:37:080;0.01;0.02;-1.00;0.06253;0.0004056;0.001406;-0.06242;36.95;-44.33;99.86;99.84;2.34;0.06253;0.06244;8.486E-05;-12.039;-12.045;-40.713;0.50;-88.71;
2026-01-07 15:51:27.95;0.00:00:37:127;0.01;0.02;-1.00;0.06252;0.0004069;0.001361;-0.06242;36.67;-44.35;99.86;99.84;2.27;0.06252;0.06244;8.628E-05;-12.040;-12.046;-40.641;0.50;-88.75;
2026-01-07 15:51:28.00;0.00:00:37:173;0.01;0.02;-1.00;0.06274;0.0004157;0.001381;-0.06264;36.62;-44.34;99.86;99.84;2.30;0.06274;0.06265;8.638E-05;-12.024;-12.030;-40.636;0.50;-88.74;
2026-01-07 15:51:28.04;0.00:00:37:220;0.01;0.02;-1.00;0.06269;0.0004334;0.001328;-0.06259;35.96;-44.36;99.87;99.84;2.23;0.06269;0.0626;8.341E-05;-12.028;-12.034;-40.788;0.50;-88.78;
2026-01-07 15:51:28.09;0.00:00:37:267;0.01;0.02;-1.00;0.06266;0.0003635;0.001431;-0.06255;37.88;-44.32;99.85;99.83;2.36;0.06266;0.06256;9.165E-05;-12.030;-12.037;-40.379;0.50;-88.69;
2026-01-07 15:51:28.14;0.00:00:37:314;0.01;0.02;-1.00;0.06292;0.0004259;0.001404;-0.06282;36.56;-44.33;99.86;99.84;2.33;0.06292;0.06284;8.529E-05;-12.012;-12.018;-40.691;0.50;-88.72;
2026-01-07 15:51:28.20;0.00:00:37:376;0.01;0.02;-1.00;0.06288;0.0004585;0.001354;-0.06278;35.65;-44.35;99.88;99.85;2.27;0.06288;0.0628;7.617E-05;-12.015;-12.020;-41.182;0.50;-88.76;
2026-01-07 15:51:28.25;0.00:00:37:423;0.01;0.02;-1.00;0.06263;0.000394;0.001349;-0.06252;36.86;-44.36;99.86;99.83;2.24;0.06263;0.06254;8.872E-05;-12.032;-12.039;-40.520;0.50;-88.76;
2026-01-07 15:51:28.29;0.00:00:37:470;0.01;0.02;-1.00;0.06296;0.0003475;0.001516;-0.06284;38.55;-44.29;99.85;99.82;2.47;0.06296;0.06286;9.609E-05;-12.009;-12.016;-40.173;0.50;-88.62;
2026-01-07 15:51:28.34;0.00:00:37:518;0.01;0.02;-1.00;0.063;0.0004665;0.001226;-0.06291;34.59;-44.40;99.88;99.85;2.08;0.063;0.06293;7.843E-05;-12.006;-12.012;-41.055;0.50;-88.88;
2026-01-07 15:51:28.40;0.00:00:37:577;0.01;0.02;-1.00;0.06268;0.0006511;0.0009437;-0.06262;27.70;-44.48;99.93;99.91;1.83;0.06268;0.06263;4.685E-05;-12.029;-12.032;-43.293;0.51;-89.14;
2026-01-07 15:51:28.45;0.00:00:37:625;0.01;0.02;-1.00;0.06177;0.0004083;0.001216;-0.06168;35.72;-44.40;99.87;99.85;2.08;0.06177;0.06169;7.961E-05;-12.092;-12.098;-40.990;0.50;-88.87;
2026-01-07 15:51:28.49;0.00:00:37:671;0.01;0.02;-1.00;0.06255;0.0004145;0.001391;-0.06246;36.70;-44.33;99.87;99.84;2.32;0.06255;0.06247;8.017E-05;-12.038;-12.043;-40.960;0.50;-88.72;
2026-01-07 15:51:28.54;0.00:00:37:717;0.01;0.02;-1.00;0.06255;0.0004109;0.001359;-0.06245;36.59;-44.35;99.86;99.84;2.27;0.06255;0.06247;8.659E-05;-12.038;-12.044;-40.626;0.50;-88.75;
2026-01-07 15:51:28.59;0.00:00:37:764;0.01;0.02;-1.00;0.06254;0.0004552;0.001307;-0.06245;35.40;-44.37;99.88;99.85;2.21;0.06254;0.06246;7.814E-05;-12.038;-12.044;-41.071;0.50;-88.80;
2026-01-07 15:51:28.63;0.00:00:37:811;0.01;0.02;-1.00;0.0625;0.0004052;0.001358;-0.0624;36.70;-44.35;99.86;99.83;2.27;0.0625;0.06242;8.707E-05;-12.041;-12.047;-40.601;0.50;-88.75;
2026-01-07 15:51:28.68;0.00:00:37:858;0.01;0.02;-1.00;0.06272;0.0003868;0.00145;-0.06261;37.53;-44.31;99.85;99.82;2.39;0.06272;0.06262;9.232E-05;-12.026;-12.033;-40.347;0.50;-88.67;
2026-01-07 15:51:28.73;0.00:00:37:905;0.01;0.02;-1.00;0.06267;0.000442;0.001317;-0.06258;35.73;-44.36;99.88;99.85;2.22;0.06267;0.06259;7.756E-05;-12.029;-12.035;-41.103;0.50;-88.79;
2026-01-07 15:51:28.79;0.00:00:37:968;0.01;0.02;-1.00;0.06237;0.0004718;0.001216;-0.06228;34.40;-44.40;99.88;99.86;2.09;0.06237;0.06229;7.486E-05;-12.051;-12.056;-41.257;0.50;-88.88;
2026-01-07 15:51:28.85;0.00:00:38:027;0.01;0.02;-1.00;0.06229;0.0004021;0.001405;-0.06219;37.02;-44.33;99.87;99.84;2.35;0.06229;0.06221;8.401E-05;-12.056;-12.062;-40.757;0.50;-88.71;
2026-01-07 15:51:28.90;0.00:00:38:075;0.01;0.02;-1.00;0.06237;0.0003544;0.001484;-0.06226;38.28;-44.30;99.85;99.82;2.45;0.06237;0.06228;9.32E-05;-12.050;-12.056;-40.306;0.50;-88.63;
2026-01-07 15:51:28.95;0.00:00:38:123;0.01;0.02;-1.00;0.06257;0.000435;0.001357;-0.06247;36.11;-44.35;99.87;99.85;2.28;0.06257;0.06249;7.993E-05;-12.037;-12.042;-40.973;0.50;-88.76;
2026-01-07 15:51:28.99;0.00:00:38:171;0.01;0.02;-1.00;0.06242;0.0004183;0.001349;-0.06231;36.39;-44.35;99.86;99.84;2.26;0.06242;0.06233;8.445E-05;-12.047;-12.053;-40.734;0.50;-88.76;
2026-01-07 15:51:29.05;0.00:00:38:231;0.01;0.02;-1.00;0.06252;0.0003944;0.001427;-0.06241;37.28;-44.32;99.86;99.83;2.37;0.06252;0.06243;8.64E-05;-12.040;-12.046;-40.635;0.50;-88.69;
2026-01-07 15:51:29.10;0.00:00:38:278;0.01;0.02;-1.00;0.06259;0.0004231;0.001342;-0.06249;36.25;-44.35;99.86;99.84;2.25;0.06259;0.0625;8.459E-05;-12.035;-12.041;-40.727;0.50;-88.77;
2026-01-07 15:51:29.15;0.00:00:38:325;0.01;0.02;-1.00;0.0626;0.0003994;0.001381;-0.06249;36.94;-44.34;99.86;99.83;2.30;0.0626;0.06251;8.893E-05;-12.034;-12.041;-40.510;0.50;-88.73;
2026-01-07 15:51:29.20;0.00:00:38:374;0.01;0.02;-1.00;0.06282;0.000416;0.001397;-0.06272;36.71;-44.33;99.87;99.84;2.32;0.06282;0.06273;8.442E-05;-12.019;-12.025;-40.736;0.50;-88.72;
2026-01-07 15:51:29.24;0.00:00:38:420;0.01;0.02;-1.00;0.06279;0.0004218;0.001342;-0.06269;36.28;-44.36;99.87;99.85;2.24;0.06279;0.06271;8.135E-05;-12.021;-12.027;-40.897;0.50;-88.77;
2026-01-07 15:51:29.29;0.00:00:38:467;0.01;0.02;-1.00;0.0627;0.0004389;0.001322;-0.06261;35.82;-44.36;99.87;99.84;2.22;0.0627;0.06262;8.183E-05;-12.027;-12.033;-40.871;0.50;-88.79;
2026-01-07 15:51:29.34;0.00:00:38:514;0.01;0.02;-1.00;0.06265;0.0004279;0.001363;-0.06255;36.29;-44.35;99.87;99.84;2.28;0.06265;0.06257;8.251E-05;-12.031;-12.036;-40.835;0.50;-88.75;
2026-01-07 15:51:29.38;0.00:00:38:561;0.01;0.02;-1.00;0.06256;0.0004287;0.00133;-0.06246;36.07;-44.36;99.87;99.85;2.23;0.06256;0.06248;7.989E-05;-12.037;-12.043;-40.975;0.50;-88.78;
2026-01-07 15:51:29.43;0.00:00:38:608;0.01;0.02;-1.00;0.0626;0.0003968;0.001407;-0.06249;37.12;-44.33;99.86;99.83;2.33;0.0626;0.06251;9.025E-05;-12.034;-12.040;-40.446;0.50;-88.71;
2026-01-07 15:51:29.48;0.00:00:38:654;0.01;0.02;-1.00;0.06277;0.0003995;0.001414;-0.06267;37.11;-44.33;99.86;99.83;2.34;0.06277;0.06268;8.897E-05;-12.022;-12.028;-40.507;0.50;-88.71;
2026-01-07 15:51:29.52;0.00:00:38:700;0.01;0.02;-1.00;0.0629;0.0004023;0.001413;-0.06279;37.06;-44.33;99.86;99.83;2.34;0.0629;0.06281;8.82E-05;-12.014;-12.020;-40.545;0.50;-88.71;
2026-01-07 15:51:29.57;0.00:00:38:747;0.01;0.02;-1.00;0.06277;0.000454;0.001298;-0.06268;35.36;-44.37;99.88;99.85;2.19;0.06277;0.06269;7.792E-05;-12.023;-12.028;-41.083;0.50;-88.81;
2026-01-07 15:51:29.62;0.00:00:38:798;0.01;0.02;-1.00;0.06258;0.0004296;0.001315;-0.06248;35.95;-44.37;99.87;99.84;2.21;0.06258;0.0625;8.212E-05;-12.036;-12.041;-40.856;0.50;-88.79;
2026-01-07 15:51:29.68;0.00:00:38:860;0.01;0.02;-1.00;0.06262;0.0004188;0.001369;-0.06252;36.49;-44.34;99.87;99.84;2.29;0.06262;0.06253;8.243E-05;-12.033;-12.039;-40.839;0.50;-88.75;
2026-01-07 15:51:29.73;0.00:00:38:910;0.01;0.02;-1.00;0.06266;0.0004197;0.001369;-0.06256;36.48;-44.34;99.87;99.84;2.29;0.06266;0.06258;8.305E-05;-12.030;-12.036;-40.807;0.50;-88.75;
2026-01-07 15:51:29.78;0.00:00:38:961;0.01;0.02;-1.00;0.06263;0.0004297;0.001351;-0.06253;36.18;-44.35;99.87;99.85;2.26;0.06263;0.06255;8.076E-05;-12.032;-12.038;-40.928;0.50;-88.76;
2026-01-07 15:51:29.84;0.00:00:39:013;0.01;0.02;-1.00;0.0626;0.0004171;0.001358;-0.0625;36.46;-44.35;99.87;99.85;2.27;0.0626;0.06252;8.042E-05;-12.035;-12.040;-40.946;0.50;-88.75;
2026-01-07 15:51:29.89;0.00:00:39:066;0.01;0.02;-1.00;0.06264;0.0004166;0.001379;-0.06253;36.60;-44.34;99.86;99.84;2.30;0.06264;0.06255;8.599E-05;-12.032;-12.038;-40.656;0.50;-88.74;
2026-01-07 15:51:29.94;0.00:00:39:115;0.01;0.02;-1.00;0.06263;0.0004199;0.001365;-0.06253;36.45;-44.35;99.88;99.85;2.28;0.06263;0.06255;7.743E-05;-12.032;-12.038;-41.111;0.50;-88.75;
2026-01-07 15:51:29.99;0.00:00:39:165;0.01;0.02;-1.00;0.06268;0.0004182;0.001371;-0.06258;36.52;-44.34;99.86;99.84;2.29;0.06268;0.0626;8.546E-05;-12.029;-12.034;-40.682;0.50;-88.74;
2026-01-07 15:51:30.04;0.00:00:39:217;0.01;0.02;-1.00;0.06257;0.0004231;0.001365;-0.06247;36.39;-44.34;99.87;99.85;2.28;0.06257;0.06249;7.951E-05;-12.037;-12.042;-40.996;0.50;-88.75;
2026-01-07 15:51:30.09;0.00:00:39:268;0.01;0.02;-1.00;0.06255;0.0004226;0.001358;-0.06245;36.35;-44.35;99.86;99.84;2.27;0.06255;0.06247;8.468E-05;-12.038;-12.044;-40.722;0.50;-88.75;
2026-01-07 15:51:30.14;0.00:00:39:319;0.01;0.02;-1.00;0.06246;0.0004301;0.001331;-0.06236;36.04;-44.36;99.87;99.84;2.24;0.06246;0.06237;8.202E-05;-12.044;-12.050;-40.861;0.50;-88.78;
2026-01-07 15:51:30.19;0.00:00:39:371;0.01;0.02;-1.00;0.06247;0.000409;0.001385;-0.06237;36.77;-44.34;99.87;99.84;2.31;0.06247;0.06239;8.393E-05;-12.043;-12.049;-40.761;0.50;-88.73;
2026-01-07 15:51:30.24;0.00:00:39:419;0.01;0.02;-1.00;0.06247;0.000416;0.001356;-0.06238;36.47;-44.35;99.87;99.84;2.27;0.06247;0.06239;8.134E-05;-12.043;-12.049;-40.897;0.50;-88.75;
2026-01-07 15:51:30.29;0.00:00:39:471;0.01;0.02;-1.00;0.06251;0.000418;0.001365;-0.06241;36.49;-44.34;99.86;99.84;2.28;0.06251;0.06242;8.605E-05;-12.041;-12.047;-40.653;0.50;-88.75;
2026-01-07 15:51:30.34;0.00:00:39:522;0.01;0.02;-1.00;0.06268;0.0004084;0.0014;-0.06257;36.87;-44.33;99.86;99.83;2.33;0.06268;0.06259;8.94E-05;-12.029;-12.035;-40.487;0.50;-88.72;
2026-01-07 15:51:30.40;0.00:00:39:576;0.01;0.02;-1.00;0.0627;0.0004182;0.001364;-0.0626;36.48;-44.35;99.87;99.84;2.28;0.0627;0.06261;8.265E-05;-12.027;-12.033;-40.828;0.50;-88.75;
2026-01-07 15:51:30.45;0.00:00:39:625;0.01;0.02;-1.00;0.06254;0.000431;0.001331;-0.06245;36.03;-44.36;99.87;99.84;2.24;0.06254;0.06246;8.293E-05;-12.038;-12.044;-40.813;0.50;-88.78;
2026-01-07 15:51:30.50;0.00:00:39:678;0.01;0.02;-1.00;0.06255;0.0004208;0.00136;-0.06246;36.40;-44.35;99.87;99.85;2.28;0.06255;0.06247;8.067E-05;-12.037;-12.043;-40.933;0.50;-88.75;
2026-01-07 15:51:30.55;0.00:00:39:727;0.01;0.02;-1.00;0.06257;0.0004073;0.00139;-0.06247;36.83;-44.34;99.87;99.84;2.31;0.06257;0.06249;8.441E-05;-12.036;-12.042;-40.736;0.50;-88.73;
2026-01-07 15:51:30.60;0.00:00:39:778;0.01;0.02;-1.00;0.06261;0.0004374;0.001328;-0.06251;35.89;-44.36;99.87;99.85;2.23;0.06261;0.06253;8.076E-05;-12.034;-12.039;-40.928;0.50;-88.78;
2026-01-07 15:51:30.65;0.00:00:39:829;0.01;0.02;-1.00;0.06246;0.000448;0.001288;-0.06237;35.41;-44.37;99.87;99.85;2.18;0.06246;0.06238;7.863E-05;-12.044;-12.049;-41.044;0.50;-88.82;
2026-01-07 15:51:30.70;0.00:00:39:882;0.01;0.02;-1.00;0.06252;0.000434;0.001326;-0.06242;35.94;-44.36;99.87;99.85;2.23;0.06252;0.06244;8.006E-05;-12.040;-12.045;-40.966;0.50;-88.78;
2026-01-07 15:51:30.76;0.00:00:39:934;0.01;0.02;-1.00;0.06253;0.0003993;0.001406;-0.06243;37.07;-44.33;99.87;99.84;2.34;0.06253;0.06244;8.391E-05;-12.039;-12.045;-40.762;0.50;-88.71;
2026-01-07 15:51:30.81;0.00:00:39:983;0.01;0.02;-1.00;0.06255;0.0003874;0.001389;-0.06245;37.21;-44.34;99.86;99.84;2.31;0.06255;0.06246;8.571E-05;-12.038;-12.044;-40.670;0.50;-88.73;
2026-01-07 15:51:30.85;0.00:00:40:031;0.01;0.02;-1.00;0.06259;0.0004696;0.001268;-0.0625;34.84;-44.38;99.88;99.85;2.16;0.06259;0.06251;7.702E-05;-12.035;-12.040;-41.134;0.50;-88.84;
2026-01-07 15:51:30.91;0.00:00:40:086;0.01;0.02;-1.00;0.06257;0.0004358;0.00133;-0.06248;35.93;-44.36;99.87;99.85;2.24;0.06257;0.0625;7.869E-05;-12.036;-12.042;-41.041;0.50;-88.78;
2026-01-07 15:51:30.96;0.00:00:40:135;0.01;0.02;-1.00;0.06247;0.0004306;0.001329;-0.06237;36.03;-44.36;99.87;99.85;2.24;0.06247;0.06239;7.895E-05;-12.043;-12.049;-41.027;0.50;-88.78;
2026-01-07 15:51:31.00;0.00:00:40:183;0.01;0.02;-1.00;0.06261;0.0004176;0.001375;-0.06252;36.56;-44.34;99.87;99.85;2.30;0.06261;0.06253;7.934E-05;-12.033;-12.039;-41.005;0.50;-88.74;
2026-01-07 15:51:31.05;0.00:00:40:232;0.01;0.02;-1.00;0.06263;0.0004239;0.001352;-0.06253;36.29;-44.35;99.87;99.85;2.26;0.06263;0.06255;7.945E-05;-12.032;-12.038;-40.999;0.50;-88.76;
2026-01-07 15:51:31.10;0.00:00:40:282;0.01;0.02;-1.00;0.06259;0.0004306;0.001346;-0.06249;36.13;-44.35;99.87;99.84;2.26;0.06259;0.06251;8.183E-05;-12.035;-12.041;-40.871;0.50;-88.77;
2026-01-07 15:51:31.16;0.00:00:40:334;0.01;0.02;-1.00;0.06258;0.0004204;0.001356;-0.06248;36.39;-44.35;99.87;99.84;2.27;0.06258;0.06249;8.275E-05;-12.036;-12.042;-40.822;0.50;-88.76;
2026-01-07 15:51:31.21;0.00:00:40:385;0.01;0.02;-1.00;0.06255;0.0003985;0.001395;-0.06245;37.03;-44.33;99.86;99.83;2.32;0.06255;0.06247;8.8E-05;-12.037;-12.044;-40.555;0.50;-88.72;
2026-01-07 15:51:31.26;0.00:00:40:436;0.01;0.02;-1.00;0.06253;0.000426;0.001324;-0.06243;36.08;-44.36;99.87;99.84;2.22;0.06253;0.06245;8.152E-05;-12.039;-12.045;-40.887;0.50;-88.79;
2026-01-07 15:51:31.31;0.00:00:40:488;0.01;0.02;-1.00;0.06241;0.0003887;0.001398;-0.0623;37.23;-44.33;99.86;99.83;2.32;0.06241;0.06232;8.871E-05;-12.048;-12.054;-40.521;0.50;-88.71;
2026-01-07 15:51:31.36;0.00:00:40:540;0.01;0.02;-1.00;0.06258;0.0003925;0.001408;-0.06247;37.21;-44.33;99.85;99.83;2.34;0.06258;0.06248;9.151E-05;-12.036;-12.042;-40.385;0.50;-88.71;
2026-01-07 15:51:31.41;0.00:00:40:592;0.01;0.02;-1.00;0.06265;0.0004012;0.001383;-0.06255;36.91;-44.34;99.86;99.84;2.30;0.06265;0.06256;8.539E-05;-12.031;-12.037;-40.686;0.50;-88.73;
2026-01-07 15:51:31.46;0.00:00:40:641;0.01;0.02;-1.00;0.06267;0.0004389;0.001321;-0.06258;35.81;-44.36;99.87;99.85;2.22;0.06267;0.06259;7.982E-05;-12.029;-12.035;-40.979;0.50;-88.79;
2026-01-07 15:51:31.51;0.00:00:40:692;0.01;0.02;-1.00;0.06272;0.0004167;0.001373;-0.06262;36.56;-44.34;99.87;99.84;2.29;0.06272;0.06263;8.415E-05;-12.026;-12.032;-40.749;0.50;-88.74;
2026-01-07 15:51:31.57;0.00:00:40:744;0.01;0.02;-1.00;0.06278;0.0004068;0.00139;-0.06268;36.84;-44.34;99.87;99.84;2.31;0.06278;0.0627;8.381E-05;-12.022;-12.028;-40.767;0.50;-88.73;
2026-01-07 15:51:31.61;0.00:00:40:789;0.01;0.02;-1.00;0.06278;0.0004533;0.001315;-0.06268;35.49;-44.36;99.88;99.85;2.21;0.06278;0.0627;7.779E-05;-12.022;-12.028;-41.091;0.50;-88.80;
2026-01-07 15:51:31.66;0.00:00:40:840;0.01;0.02;-1.00;0.0626;0.000397;0.001342;-0.0625;36.76;-44.36;99.87;99.84;2.24;0.0626;0.06252;8.353E-05;-12.034;-12.040;-40.781;0.50;-88.77;
2026-01-07 15:51:31.71;0.00:00:40:890;0.01;0.02;-1.00;0.06255;0.0003997;0.001391;-0.06245;36.99;-44.34;99.87;99.84;2.31;0.06255;0.06247;8.278E-05;-12.038;-12.044;-40.821;0.50;-88.72;
2026-01-07 15:51:31.76;0.00:00:40:940;0.01;0.02;-1.00;0.06257;0.0004161;0.001346;-0.06247;36.41;-44.35;99.86;99.84;2.25;0.06257;0.06249;8.5E-05;-12.036;-12.042;-40.706;0.50;-88.77;
2026-01-07 15:51:31.82;0.00:00:41:002;0.01;0.02;-1.00;0.06241;0.0004716;0.001232;-0.06233;34.53;-44.39;99.88;99.86;2.11;0.06241;0.06234;7.186E-05;-12.047;-12.052;-41.435;0.50;-88.87;
2026-01-07 15:51:31.87;0.00:00:41:052;0.01;0.02;-1.00;0.06272;0.0003921;0.001434;-0.06261;37.35;-44.32;99.87;99.84;2.37;0.06272;0.06263;8.414E-05;-12.026;-12.032;-40.750;0.50;-88.69;
2026-01-07 15:51:31.93;0.00:00:41:104;0.01;0.02;-1.00;0.06269;0.0004369;0.001307;-0.0626;35.76;-44.37;99.87;99.85;2.20;0.06269;0.06261;7.864E-05;-12.028;-12.033;-41.043;0.50;-88.80;
2026-01-07 15:51:31.98;0.00:00:41:154;0.01;0.02;-1.00;0.06261;0.0004268;0.001316;-0.06251;36.01;-44.37;99.87;99.84;2.21;0.06261;0.06253;8.292E-05;-12.033;-12.039;-40.813;0.50;-88.79;
2026-01-07 15:51:32.03;0.00:00:41:205;0.01;0.02;-1.00;0.06257;0.000411;0.00137;-0.06248;36.65;-44.34;99.87;99.84;2.29;0.06257;0.06249;8.286E-05;-12.036;-12.042;-40.816;0.50;-88.74;
2026-01-07 15:51:32.08;0.00:00:41:255;0.01;0.02;-1.00;0.06247;0.0004268;0.001356;-0.06238;36.26;-44.35;99.87;99.85;2.27;0.06247;0.06239;7.876E-05;-12.043;-12.049;-41.037;0.50;-88.76;
2026-01-07 15:51:32.13;0.00:00:41:306;0.01;0.02;-1.00;0.06237;0.0004314;0.001302;-0.06227;35.83;-44.37;99.87;99.85;2.20;0.06237;0.06229;8.075E-05;-12.050;-12.056;-40.928;0.50;-88.80;
2026-01-07 15:51:32.18;0.00:00:41:359;0.01;0.02;-1.00;0.06253;0.0004228;0.001348;-0.06244;36.30;-44.35;99.87;99.85;2.26;0.06253;0.06245;7.843E-05;-12.039;-12.044;-41.055;0.50;-88.76;
2026-01-07 15:51:32.23;0.00:00:41:408;0.01;0.02;-1.00;0.06263;0.0004052;0.001398;-0.06253;36.92;-44.33;99.87;99.84;2.32;0.06263;0.06255;8.365E-05;-12.032;-12.038;-40.775;0.50;-88.72;
2026-01-07 15:51:32.28;0.00:00:41:459;0.01;0.02;-1.00;0.06257;0.0004183;0.001341;-0.06247;36.34;-44.36;99.87;99.85;2.24;0.06257;0.06249;8.046E-05;-12.036;-12.042;-40.944;0.50;-88.77;
2026-01-07 15:51:32.33;0.00:00:41:511;0.01;0.02;-1.00;0.06266;0.0003995;0.001402;-0.06255;37.04;-44.33;99.86;99.83;2.33;0.06266;0.06257;8.959E-05;-12.030;-12.036;-40.477;0.50;-88.72;
2026-01-07 15:51:32.39;0.00:00:41:564;0.01;0.02;-1.00;0.06268;0.000413;0.001361;-0.06258;36.56;-44.35;99.86;99.84;2.27;0.06268;0.0626;8.622E-05;-12.029;-12.035;-40.644;0.50;-88.75;
2026-01-07 15:51:32.43;0.00:00:41:613;0.01;0.02;-1.00;0.06271;0.0004115;0.001377;-0.0626;36.68;-44.34;99.86;99.84;2.29;0.06271;0.06262;8.489E-05;-12.027;-12.033;-40.711;0.50;-88.74;
2026-01-07 15:51:32.49;0.00:00:41:664;0.01;0.02;-1.00;0.06266;0.0004123;0.001347;-0.06256;36.49;-44.35;99.87;99.84;2.25;0.06266;0.06257;8.351E-05;-12.030;-12.036;-40.783;0.50;-88.77;
2026-01-07 15:51:32.54;0.00:00:41:715;0.01;0.02;-1.00;0.06275;0.0004038;0.001427;-0.06265;37.10;-44.32;99.86;99.83;2.36;0.06275;0.06266;8.611E-05;-12.024;-12.030;-40.650;0.50;-88.69;
2026-01-07 15:51:32.59;0.00:00:41:766;0.01;0.02;-1.00;0.06246;0.0004291;0.001316;-0.06236;35.97;-44.36;99.87;99.84;2.22;0.06246;0.06238;8.166E-05;-12.044;-12.050;-40.880;0.50;-88.79;
2026-01-07 15:51:32.64;0.00:00:41:816;0.01;0.02;-1.00;0.06242;0.0004408;0.001332;-0.06232;35.85;-44.35;99.87;99.85;2.25;0.06242;0.06234;8.002E-05;-12.047;-12.053;-40.968;0.50;-88.78;
2026-01-07 15:51:32.69;0.00:00:41:867;0.01;0.02;-1.00;0.06233;0.0004057;0.001377;-0.06223;36.79;-44.34;99.87;99.84;2.30;0.06233;0.06224;8.409E-05;-12.053;-12.059;-40.752;0.50;-88.73;
2026-01-07 15:51:32.74;0.00:00:41:917;0.01;0.02;-1.00;0.06246;0.0004007;0.001405;-0.06235;37.04;-44.33;99.86;99.83;2.34;0.06246;0.06237;8.803E-05;-12.044;-12.050;-40.554;0.50;-88.71;
2026-01-07 15:51:32.79;0.00:00:41:970;0.01;0.02;-1.00;0.06244;0.0004187;0.00135;-0.06235;36.38;-44.35;99.87;99.84;2.26;0.06244;0.06236;8.186E-05;-12.045;-12.051;-40.869;0.50;-88.76;
2026-01-07 15:51:32.84;0.00:00:42:020;0.01;0.02;-1.00;0.06257;0.0004048;0.001426;-0.06247;37.07;-44.32;99.87;99.84;2.37;0.06257;0.06249;8.282E-05;-12.036;-12.042;-40.819;0.50;-88.69;
2026-01-07 15:51:32.89;0.00:00:42:072;0.01;0.02;-1.00;0.06252;0.0004179;0.001332;-0.06243;36.29;-44.36;99.87;99.84;2.23;0.06252;0.06244;8.144E-05;-12.040;-12.045;-40.891;0.50;-88.78;
2026-01-07 15:51:32.94;0.00:00:42:122;0.01;0.02;-1.00;0.06259;0.000417;0.00137;-0.06249;36.53;-44.34;99.87;99.84;2.29;0.06259;0.0625;8.359E-05;-12.035;-12.041;-40.778;0.50;-88.74;
2026-01-07 15:51:33.00;0.00:00:42:174;0.01;0.02;-1.00;0.06255;0.0003973;0.001375;-0.06245;36.94;-44.34;99.87;99.84;2.29;0.06255;0.06246;8.442E-05;-12.038;-12.044;-40.736;0.50;-88.74;
2026-01-07 15:51:33.05;0.00:00:42:224;0.01;0.02;-1.00;0.06262;0.0004493;0.001303;-0.06253;35.48;-44.37;99.88;99.85;2.20;0.06262;0.06255;7.795E-05;-12.033;-12.038;-41.082;0.50;-88.81;
2026-01-07 15:51:33.10;0.00:00:42:276;0.01;0.02;-1.00;0.06267;0.0003691;0.001473;-0.06256;37.97;-44.30;99.86;99.83;2.42;0.06267;0.06258;8.966E-05;-12.029;-12.036;-40.474;0.50;-88.65;
2026-01-07 15:51:33.15;0.00:00:42:326;0.01;0.02;-1.00;0.06241;0.0004642;0.001238;-0.06233;34.72;-44.39;99.89;99.86;2.12;0.06241;0.06234;7.065E-05;-12.047;-12.052;-41.509;0.50;-88.86;
2026-01-07 15:51:33.20;0.00:00:42:377;0.01;0.02;-1.00;0.06235;0.0004195;0.001347;-0.06225;36.35;-44.35;99.86;99.84;2.26;0.06235;0.06226;8.459E-05;-12.052;-12.058;-40.727;0.50;-88.76;
2026-01-07 15:51:33.25;0.00:00:42:427;0.01;0.02;-1.00;0.06214;0.0003945;0.001376;-0.06204;37.00;-44.34;99.87;99.84;2.30;0.06214;0.06206;8.348E-05;-12.066;-12.072;-40.784;0.50;-88.73;
2026-01-07 15:51:33.30;0.00:00:42:479;0.01;0.02;-1.00;0.06246;0.0003785;0.001479;-0.06235;37.82;-44.30;99.86;99.83;2.44;0.06246;0.06237;9.02E-05;-12.044;-12.051;-40.448;0.50;-88.64;
2026-01-07 15:51:33.35;0.00:00:42:531;0.01;0.02;-1.00;0.06242;0.0004138;0.001357;-0.06233;36.52;-44.35;99.87;99.85;2.27;0.06242;0.06234;7.998E-05;-12.047;-12.052;-40.970;0.50;-88.75;
2026-01-07 15:51:33.40;0.00:00:42:581;0.01;0.02;-1.00;0.06252;0.0004187;0.001362;-0.06243;36.45;-44.35;99.87;99.84;2.28;0.06252;0.06244;8.099E-05;-12.040;-12.045;-40.916;0.50;-88.75;
2026-01-07 15:51:33.46;0.00:00:42:633;0.01;0.02;-1.00;0.0629;0.0004082;0.001479;-0.06279;37.29;-44.30;99.86;99.83;2.44;0.0629;0.06281;8.65E-05;-12.014;-12.019;-40.630;0.50;-88.65;
2026-01-07 15:51:33.51;0.00:00:42:692;0.01;0.02;-1.00;0.06272;0.0004182;0.001302;-0.06263;36.10;-44.37;99.87;99.84;2.18;0.06272;0.06264;8.242E-05;-12.026;-12.031;-40.840;0.50;-88.81;
2026-01-07 15:51:33.57;0.00:00:42:744;0.01;0.02;-1.00;0.06228;0.0003985;0.001363;-0.06218;36.85;-44.35;99.87;99.84;2.28;0.06228;0.0622;8.404E-05;-12.056;-12.062;-40.755;0.50;-88.74;
2026-01-07 15:51:33.63;0.00:00:42:803;0.01;0.02;-1.00;0.06258;0.0004972;0.001245;-0.06249;34.11;-44.39;99.89;99.86;2.14;0.06258;0.06251;7.055E-05;-12.036;-12.041;-41.515;0.50;-88.86;
2026-01-07 15:51:33.67;0.00:00:42:849;0.01;0.02;-1.00;0.06247;0.0003468;0.001512;-0.06236;38.54;-44.29;99.85;99.82;2.48;0.06247;0.06238;9.518E-05;-12.043;-12.050;-40.214;0.50;-88.61;
2026-01-07 15:51:33.72;0.00:00:42:897;0.01;0.02;-1.00;0.0626;0.0004917;0.001214;-0.06252;33.97;-44.40;99.89;99.87;2.09;0.0626;0.06253;6.9E-05;-12.034;-12.039;-41.612;0.50;-88.89;
2026-01-07 15:51:33.78;0.00:00:42:958;0.01;0.02;-1.00;0.06197;0.0004861;0.001158;-0.06189;33.62;-44.42;99.90;99.88;2.03;0.06197;0.06191;6.471E-05;-12.078;-12.083;-41.890;0.50;-88.93;
2026-01-07 15:51:33.83;0.00:00:43:005;0.01;0.02;-1.00;0.06232;0.0003539;0.001508;-0.0622;38.39;-44.29;99.85;99.82;2.49;0.06232;0.06222;9.249E-05;-12.054;-12.060;-40.339;0.50;-88.61;
2026-01-07 15:51:33.87;0.00:00:43:052;0.01;0.02;-1.00;0.06264;0.0004228;0.001404;-0.06254;36.62;-44.33;99.87;99.85;2.34;0.06264;0.06256;7.928E-05;-12.031;-12.037;-41.008;0.50;-88.71;
2026-01-07 15:51:33.92;0.00:00:43:098;0.01;0.02;-1.00;0.06245;0.0004079;0.001354;-0.06235;36.61;-44.35;99.87;99.84;2.26;0.06245;0.06237;8.371E-05;-12.045;-12.050;-40.772;0.50;-88.76;
2026-01-07 15:51:33.97;0.00:00:43:145;0.01;0.02;-1.00;0.06268;0.0003858;0.001475;-0.06258;37.67;-44.30;99.86;99.83;2.43;0.06268;0.0626;8.673E-05;-12.028;-12.034;-40.618;0.50;-88.65;
2026-01-07 15:51:34.01;0.00:00:43:191;0.01;0.02;-1.00;0.06274;0.0004145;0.001343;-0.06265;36.43;-44.36;99.87;99.85;2.24;0.06274;0.06266;8.041E-05;-12.024;-12.030;-40.947;0.50;-88.77;
2026-01-07 15:51:34.06;0.00:00:43:238;0.01;0.02;-1.00;0.06291;0.0004823;0.001293;-0.06283;34.77;-44.37;99.89;99.86;2.19;0.06291;0.06284;7.12E-05;-12.013;-12.018;-41.475;0.50;-88.82;
2026-01-07 15:51:34.11;0.00:00:43:286;0.01;0.02;-1.00;0.06248;0.0004429;0.00126;-0.06239;35.32;-44.39;99.87;99.85;2.14;0.06248;0.0624;7.982E-05;-12.042;-12.048;-40.979;0.50;-88.84;
2026-01-07 15:51:34.15;0.00:00:43:332;0.01;0.02;-1.00;0.06225;0.0004041;0.001373;-0.06215;36.80;-44.34;99.87;99.84;2.30;0.06225;0.06217;8.193E-05;-12.059;-12.065;-40.866;0.50;-88.73;
2026-01-07 15:51:34.22;0.00:00:43:394;0.01;0.02;-1.00;0.06249;0.0003368;0.001519;-0.06237;38.75;-44.29;99.84;99.81;2.49;0.06249;0.06239;9.725E-05;-12.042;-12.049;-40.121;0.50;-88.61;
2026-01-07 15:51:34.26;0.00:00:43:441;0.01;0.02;-1.00;0.06233;0.0004131;0.001295;-0.06223;36.15;-44.37;99.87;99.84;2.18;0.06233;0.06225;8.285E-05;-12.053;-12.059;-40.817;0.50;-88.81;
2026-01-07 15:51:34.31;0.00:00:43:488;0.01;0.03;-1.00;0.06279;0.0003253;0.001643;-0.06267;39.40;-44.23;99.85;99.81;2.67;0.06279;0.06269;9.615E-05;-12.021;-12.028;-40.170;0.50;-88.50;
2026-01-07 15:51:34.36;0.00:00:43:535;0.01;0.02;-1.00;0.06266;0.0004257;0.001346;-0.06256;36.23;-44.35;99.87;99.84;2.25;0.06266;0.06257;8.257E-05;-12.030;-12.036;-40.832;0.50;-88.77;
2026-01-07 15:51:34.40;0.00:00:43:582;0.01;0.02;-1.00;0.0626;0.0004244;0.001355;-0.06251;36.30;-44.35;99.87;99.84;2.27;0.0626;0.06252;8.361E-05;-12.034;-12.040;-40.777;0.50;-88.76;
2026-01-07 15:51:34.47;0.00:00:43:643;0.01;0.02;-1.00;0.0625;0.0004069;0.001356;-0.0624;36.65;-44.35;99.86;99.83;2.26;0.0625;0.06241;8.803E-05;-12.041;-12.047;-40.554;0.50;-88.76;
2026-01-07 15:51:34.51;0.00:00:43:690;0.01;0.02;-1.00;0.0626;0.0004349;0.001371;-0.0625;36.20;-44.34;99.87;99.84;2.30;0.0626;0.06252;8.24E-05;-12.034;-12.040;-40.841;0.50;-88.74;
2026-01-07 15:51:34.56;0.00:00:43:735;0.01;0.02;-1.00;0.06276;0.0003972;0.001411;-0.06265;37.14;-44.33;99.86;99.83;2.34;0.06276;0.06267;8.673E-05;-12.023;-12.029;-40.618;0.50;-88.71;
2026-01-07 15:51:34.60;0.00:00:43:782;0.01;0.02;-1.00;0.06275;0.0004606;0.001306;-0.06265;35.29;-44.37;99.88;99.86;2.21;0.06275;0.06267;7.517E-05;-12.024;-12.029;-41.240;0.50;-88.81;
2026-01-07 15:51:34.65;0.00:00:43:829;0.01;0.02;-1.00;0.06247;0.0004398;0.001291;-0.06238;35.60;-44.37;99.88;99.85;2.18;0.06247;0.0624;7.673E-05;-12.043;-12.048;-41.150;0.50;-88.81;
2026-01-07 15:51:34.70;0.00:00:43:876;0.01;0.02;-1.00;0.06251;0.0004231;0.00135;-0.06241;36.30;-44.35;99.87;99.84;2.26;0.06251;0.06242;8.282E-05;-12.041;-12.047;-40.819;0.50;-88.76;
2026-01-07 15:51:34.75;0.00:00:43:924;0.01;0.02;-1.00;0.06257;0.000403;0.001406;-0.06247;37.00;-44.33;99.87;99.84;2.34;0.06257;0.06249;8.341E-05;-12.036;-12.042;-40.788;0.50;-88.71;
2026-01-07 15:51:34.79;0.00:00:43:972;0.01;0.02;-1.00;0.06264;0.0004367;0.001334;-0.06254;35.94;-44.36;99.87;99.84;2.24;0.06264;0.06255;8.331E-05;-12.032;-12.038;-40.793;0.50;-88.78;
2026-01-07 15:51:34.84;0.00:00:44:019;0.01;0.02;-1.00;0.06249;0.0004355;0.001308;-0.06239;35.79;-44.37;99.87;99.85;2.21;0.06249;0.06241;7.873E-05;-12.042;-12.048;-41.038;0.50;-88.80;
2026-01-07 15:51:34.89;0.00:00:44:068;0.01;0.02;-1.00;0.06236;0.0004389;0.001306;-0.06226;35.71;-44.37;99.87;99.85;2.21;0.06236;0.06228;7.849E-05;-12.051;-12.057;-41.052;0.50;-88.80;
2026-01-07 15:51:34.94;0.00:00:44:113;0.01;0.02;-1.00;0.06247;0.0003948;0.001413;-0.06237;37.20;-44.33;99.87;99.84;2.35;0.06247;0.06238;8.378E-05;-12.044;-12.049;-40.769;0.50;-88.70;
2026-01-07 15:51:34.98;0.00:00:44:160;0.01;0.02;-1.00;0.06266;0.0004;0.001441;-0.06256;37.24;-44.32;99.87;99.84;2.39;0.06266;0.06257;8.44E-05;-12.030;-12.036;-40.737;0.50;-88.68;
2026-01-07 15:51:35.03;0.00:00:44:206;0.01;0.02;-1.00;0.06282;0.0004285;0.001348;-0.06272;36.18;-44.35;99.87;99.84;2.25;0.06282;0.06273;8.459E-05;-12.019;-12.025;-40.727;0.50;-88.77;
2026-01-07 15:51:35.08;0.00:00:44:255;0.01;0.02;-1.00;0.06261;0.0004543;0.001285;-0.06252;35.27;-44.38;99.87;99.85;2.18;0.06261;0.06253;7.944E-05;-12.033;-12.039;-40.999;0.50;-88.82;
2026-01-07 15:51:35.12;0.00:00:44:302;0.01;0.02;-1.00;0.06248;0.0004257;0.001332;-0.06239;36.14;-44.36;99.87;99.85;2.24;0.06248;0.0624;7.908E-05;-12.042;-12.048;-41.019;0.50;-88.78;
2026-01-07 15:51:35.18;0.00:00:44:363;0.01;0.02;-1.00;0.06225;0.0004443;0.001285;-0.06216;35.47;-44.37;99.88;99.85;2.18;0.06225;0.06217;7.594E-05;-12.059;-12.064;-41.195;0.50;-88.82;
2026-01-07 15:51:35.24;0.00:00:44:423;0.01;0.02;-1.00;0.06222;0.0003894;0.001411;-0.06212;37.28;-44.33;99.86;99.83;2.35;0.06222;0.06213;8.62E-05;-12.061;-12.067;-40.645;0.50;-88.70;
2026-01-07 15:51:35.29;0.00:00:44:471;0.01;0.02;-1.00;0.06253;0.0004177;0.001375;-0.06243;36.55;-44.34;99.87;99.84;2.30;0.06253;0.06245;8.29E-05;-12.039;-12.045;-40.814;0.50;-88.74;
2026-01-07 15:51:35.36;0.00:00:44:533;0.01;0.02;-1.00;0.06243;0.0004365;0.001302;-0.06234;35.73;-44.37;99.88;99.85;2.20;0.06243;0.06235;7.676E-05;-12.046;-12.052;-41.149;0.50;-88.80;
2026-01-07 15:51:35.40;0.00:00:44:580;0.01;0.02;-1.00;0.06251;0.0004278;0.001357;-0.06241;36.25;-44.35;99.87;99.84;2.28;0.06251;0.06243;8.157E-05;-12.040;-12.046;-40.885;0.50;-88.75;
2026-01-07 15:51:35.45;0.00:00:44:628;0.01;0.02;-1.00;0.06253;0.0003838;0.001411;-0.06242;37.39;-44.33;99.86;99.83;2.34;0.06253;0.06244;8.875E-05;-12.039;-12.045;-40.518;0.50;-88.71;
2026-01-07 15:51:35.50;0.00:00:44:676;0.01;0.02;-1.00;0.06254;0.0004122;0.001357;-0.06244;36.55;-44.35;99.87;99.84;2.27;0.06254;0.06246;8.235E-05;-12.038;-12.044;-40.843;0.50;-88.75;
2026-01-07 15:51:35.56;0.00:00:44:738;0.01;0.02;-1.00;0.06248;0.0004244;0.001327;-0.06238;36.14;-44.36;99.87;99.85;2.23;0.06248;0.0624;7.993E-05;-12.043;-12.048;-40.973;0.50;-88.78;
2026-01-07 15:51:35.61;0.00:00:44:787;0.01;0.02;-1.00;0.06241;0.0004146;0.001367;-0.06231;36.57;-44.34;99.86;99.84;2.29;0.06241;0.06233;8.47E-05;-12.047;-12.053;-40.721;0.50;-88.74;
2026-01-07 15:51:35.66;0.00:00:44:841;0.01;0.02;-1.00;0.06262;0.0004284;0.001369;-0.06253;36.31;-44.34;99.87;99.84;2.29;0.06262;0.06254;8.106E-05;-12.033;-12.038;-40.912;0.50;-88.75;
2026-01-07 15:51:35.71;0.00:00:44:891;0.01;0.02;-1.00;0.06257;0.0004164;0.001368;-0.06247;36.54;-44.34;99.87;99.84;2.29;0.06257;0.06249;8.232E-05;-12.036;-12.042;-40.845;0.50;-88.75;
2026-01-07 15:51:35.76;0.00:00:44:942;0.01;0.02;-1.00;0.06283;0.0003672;0.001507;-0.06271;38.15;-44.29;99.85;99.82;2.47;0.06283;0.06273;9.54E-05;-12.019;-12.025;-40.205;0.50;-88.62;
2026-01-07 15:51:35.82;0.00:00:44:993;0.01;0.02;-1.00;0.06282;0.0004658;0.001289;-0.06273;35.07;-44.37;99.88;99.85;2.18;0.06282;0.06274;7.785E-05;-12.019;-12.024;-41.088;0.50;-88.82;
2026-01-07 15:51:35.87;0.00:00:45:043;0.01;0.02;-1.00;0.06259;0.0004329;0.001343;-0.06249;36.07;-44.35;99.87;99.84;2.25;0.06259;0.0625;8.227E-05;-12.035;-12.041;-40.847;0.50;-88.77;
2026-01-07 15:51:35.92;0.00:00:45:093;0.01;0.02;-1.00;0.06258;0.0004079;0.001357;-0.06248;36.64;-44.35;99.87;99.84;2.26;0.06258;0.06249;8.266E-05;-12.036;-12.042;-40.827;0.50;-88.76;
2026-01-07 15:51:35.97;0.00:00:45:144;0.01;0.02;-1.00;0.06303;0.0005356;0.001211;-0.06295;33.07;-44.40;99.89;99.87;2.10;0.06303;0.06296;6.865E-05;-12.005;-12.009;-41.634;0.50;-88.90;
2026-01-07 15:51:36.01;0.00:00:45:192;0.01;0.02;-1.00;0.06238;0.0004581;0.001212;-0.0623;34.65;-44.40;99.88;99.86;2.08;0.06238;0.06231;7.454E-05;-12.049;-12.054;-41.276;0.50;-88.89;
2026-01-07 15:51:36.07;0.00:00:45:243;0.01;0.02;-1.00;0.06284;0.0004605;0.001337;-0.06275;35.50;-44.35;99.87;99.85;2.25;0.06284;0.06277;7.897E-05;-12.017;-12.023;-41.025;0.50;-88.78;
2026-01-07 15:51:36.12;0.00:00:45:295;0.01;0.02;-1.00;0.06276;0.0003779;0.001426;-0.06265;37.58;-44.33;99.86;99.83;2.35;0.06276;0.06267;9.038E-05;-12.023;-12.030;-40.439;0.50;-88.70;
2026-01-07 15:51:36.17;0.00:00:45:346;0.01;0.02;-1.00;0.06234;0.0004126;0.001338;-0.06224;36.43;-44.36;99.87;99.84;2.25;0.06234;0.06225;8.189E-05;-12.053;-12.058;-40.868;0.50;-88.77;
2026-01-07 15:51:36.22;0.00:00:45:397;0.01;0.02;-1.00;0.06218;0.0004749;0.001256;-0.0621;34.64;-44.38;99.89;99.86;2.16;0.06218;0.06211;6.98E-05;-12.063;-12.068;-41.562;0.50;-88.84;
2026-01-07 15:51:36.27;0.00:00:45:448;0.01;0.02;-1.00;0.06247;0.0003935;0.00137;-0.06237;36.99;-44.35;99.86;99.84;2.28;0.06247;0.06239;8.585E-05;-12.043;-12.049;-40.663;0.50;-88.74;
2026-01-07 15:51:36.32;0.00:00:45:496;0.01;0.02;-1.00;0.06241;0.0004351;0.001303;-0.06232;35.77;-44.37;99.87;99.84;2.20;0.06241;0.06233;8.239E-05;-12.047;-12.053;-40.841;0.50;-88.80;
2026-01-07 15:51:36.36;0.00:00:45:540;0.01;0.02;-1.00;0.06227;0.0004182;0.001335;-0.06217;36.30;-44.36;99.87;99.84;2.25;0.06227;0.06219;8.189E-05;-12.057;-12.063;-40.868;0.50;-88.77;
2026-01-07 15:51:36.42;0.00:00:45:593;0.01;0.02;-1.00;0.06217;0.0003912;0.001386;-0.06207;37.12;-44.34;99.87;99.84;2.32;0.06217;0.06208;8.328E-05;-12.064;-12.070;-40.795;0.50;-88.72;
2026-01-07 15:51:36.46;0.00:00:45:642;0.01;0.02;-1.00;0.06257;0.0004107;0.001393;-0.06247;36.79;-44.33;99.87;99.84;2.32;0.06257;0.06248;8.375E-05;-12.037;-12.042;-40.770;0.50;-88.72;
2026-01-07 15:51:36.51;0.00:00:45:692;0.01;0.02;-1.00;0.06242;0.0004635;0.001231;-0.06233;34.69;-44.40;99.88;99.86;2.11;0.06242;0.06235;7.342E-05;-12.047;-12.052;-41.342;0.50;-88.87;
2026-01-07 15:51:36.57;0.00:00:45:746;0.01;0.02;-1.00;0.06243;0.000407;0.001381;-0.06233;36.79;-44.34;99.86;99.84;2.31;0.06243;0.06234;8.453E-05;-12.046;-12.052;-40.730;0.50;-88.73;
2026-01-07 15:51:36.62;0.00:00:45:793;0.01;0.02;-1.00;0.06239;0.0004198;0.001342;-0.0623;36.31;-44.35;99.87;99.85;2.25;0.06239;0.06231;7.941E-05;-12.049;-12.054;-41.001;0.50;-88.77;
2026-01-07 15:51:36.67;0.00:00:45:844;0.01;0.02;-1.00;0.06247;0.0003848;0.001466;-0.06237;37.65;-44.30;99.86;99.83;2.43;0.06247;0.06239;8.561E-05;-12.043;-12.049;-40.675;0.50;-88.65;
2026-01-07 15:51:36.72;0.00:00:45:896;0.01;0.02;-1.00;0.06246;0.000428;0.001323;-0.06236;36.03;-44.36;99.88;99.85;2.23;0.06246;0.06238;7.778E-05;-12.044;-12.050;-41.091;0.50;-88.79;
2026-01-07 15:51:36.77;0.00:00:45:946;0.01;0.02;-1.00;0.06239;0.0004501;0.001277;-0.06229;35.29;-44.38;99.88;99.85;2.17;0.06239;0.06231;7.783E-05;-12.049;-12.054;-41.088;0.50;-88.83;
2026-01-07 15:51:36.82;0.00:00:45:996;0.01;0.02;-1.00;0.06228;0.0004291;0.001342;-0.06218;36.13;-44.35;99.87;99.84;2.26;0.06228;0.0622;8.073E-05;-12.057;-12.062;-40.930;0.50;-88.76;
2026-01-07 15:51:36.87;0.00:00:46:047;0.01;0.02;-1.00;0.0622;0.0003968;0.00139;-0.0621;37.03;-44.33;99.87;99.84;2.32;0.0622;0.06212;8.183E-05;-12.062;-12.068;-40.871;0.50;-88.72;
2026-01-07 15:51:36.92;0.00:00:46:099;0.01;0.02;-1.00;0.06241;0.0003956;0.001418;-0.0623;37.21;-44.32;99.86;99.83;2.36;0.06241;0.06232;8.795E-05;-12.048;-12.054;-40.557;0.50;-88.70;
2026-01-07 15:51:36.97;0.00:00:46:148;0.01;0.02;-1.00;0.0625;0.0003752;0.001473;-0.0624;37.86;-44.30;99.86;99.83;2.43;0.0625;0.06241;8.83E-05;-12.041;-12.047;-40.540;0.50;-88.65;
2026-01-07 15:51:37.02;0.00:00:46:201;0.01;0.02;-1.00;0.06254;0.0004358;0.001321;-0.06245;35.87;-44.36;99.87;99.85;2.22;0.06254;0.06246;7.82E-05;-12.038;-12.044;-41.068;0.50;-88.79;
2026-01-07 15:51:37.07;0.00:00:46:251;0.01;0.02;-1.00;0.06241;0.0004215;0.001351;-0.0623;36.34;-44.35;99.86;99.84;2.27;0.06241;0.06232;8.495E-05;-12.048;-12.054;-40.709;0.50;-88.76;
2026-01-07 15:51:37.13;0.00:00:46:303;0.01;0.02;-1.00;0.06238;0.0004168;0.00134;-0.06228;36.36;-44.35;99.86;99.84;2.25;0.06238;0.0623;8.44E-05;-12.049;-12.055;-40.736;0.50;-88.77;
2026-01-07 15:51:37.18;0.00:00:46:354;0.01;0.02;-1.00;0.06248;0.000409;0.00136;-0.06238;36.63;-44.35;99.86;99.83;2.27;0.06248;0.0624;8.748E-05;-12.042;-12.048;-40.581;0.50;-88.75;
2026-01-07 15:51:37.23;0.00:00:46:405;0.01;0.02;-1.00;0.06251;0.0004149;0.001368;-0.0624;36.56;-44.34;99.86;99.83;2.29;0.06251;0.06242;8.92E-05;-12.041;-12.047;-40.496;0.50;-88.74;
2026-01-07 15:51:37.28;0.00:00:46:454;0.01;0.02;-1.00;0.06245;0.0004211;0.001355;-0.06235;36.37;-44.35;99.86;99.84;2.27;0.06245;0.06237;8.486E-05;-12.045;-12.051;-40.713;0.50;-88.76;
2026-01-07 15:51:37.34;0.00:00:46:516;0.01;0.02;-1.00;0.06239;0.0004161;0.001351;-0.06229;36.44;-44.35;99.87;99.84;2.27;0.06239;0.06231;8.293E-05;-12.049;-12.055;-40.813;0.50;-88.76;
2026-01-07 15:51:37.39;0.00:00:46:566;0.01;0.02;-1.00;0.06245;0.0004022;0.001384;-0.06235;36.90;-44.34;99.86;99.84;2.31;0.06245;0.06237;8.631E-05;-12.044;-12.050;-40.639;0.50;-88.73;
2026-01-07 15:51:37.44;0.00:00:46:617;0.01;0.02;-1.00;0.06243;0.0004224;0.001334;-0.06233;36.22;-44.36;99.86;99.84;2.24;0.06243;0.06234;8.53E-05;-12.046;-12.052;-40.690;0.50;-88.77;
2026-01-07 15:51:37.49;0.00:00:46:668;0.01;0.02;-1.00;0.06239;0.000418;0.00135;-0.06229;36.40;-44.35;99.86;99.84;2.26;0.06239;0.06231;8.436E-05;-12.049;-12.054;-40.739;0.50;-88.76;
2026-01-07 15:51:37.54;0.00:00:46:717;0.01;0.02;-1.00;0.06231;0.000396;0.001371;-0.06221;36.95;-44.34;99.87;99.84;2.29;0.06231;0.06222;8.389E-05;-12.055;-12.060;-40.763;0.50;-88.74;
2026-01-07 15:51:37.60;0.00:00:46:775;0.01;0.02;-1.00;0.06243;0.0004223;0.001363;-0.06233;36.39;-44.34;99.87;99.84;2.29;0.06243;0.06235;8.257E-05;-12.046;-12.052;-40.832;0.50;-88.75;
2026-01-07 15:51:37.64;0.00:00:46:823;0.01;0.02;-1.00;0.06245;0.0004085;0.001368;-0.06235;36.69;-44.34;99.87;99.84;2.29;0.06245;0.06236;8.409E-05;-12.045;-12.051;-40.753;0.50;-88.74;
2026-01-07 15:51:37.69;0.00:00:46:869;0.01;0.02;-1.00;0.06244;0.000425;0.001337;-0.06234;36.18;-44.36;99.87;99.85;2.25;0.06244;0.06236;8.057E-05;-12.046;-12.051;-40.938;0.50;-88.77;
2026-01-07 15:51:37.74;0.00:00:46:915;0.01;0.02;-1.00;0.06245;0.00043;0.001352;-0.06235;36.18;-44.35;99.87;99.84;2.27;0.06245;0.06237;8.261E-05;-12.045;-12.050;-40.830;0.50;-88.76;
2026-01-07 15:51:37.78;0.00:00:46:961;0.01;0.03;-1.00;0.06266;0.0003388;0.001569;-0.06254;38.91;-44.26;99.85;99.82;2.56;0.06266;0.06256;9.434E-05;-12.030;-12.037;-40.253;0.50;-88.56;
2026-01-07 15:51:37.83;0.00:00:47:009;0.01;0.02;-1.00;0.06269;0.0004274;0.001256;-0.0626;35.61;-44.39;99.87;99.85;2.12;0.06269;0.06261;7.914E-05;-12.028;-12.033;-41.016;0.50;-88.85;
2026-01-07 15:51:37.88;0.00:00:47:056;0.01;0.02;-1.00;0.06299;0.0004456;0.001353;-0.06289;35.89;-44.35;99.87;99.84;2.26;0.06299;0.0629;8.249E-05;-12.008;-12.013;-40.836;0.50;-88.77;
2026-01-07 15:51:37.93;0.00:00:47:103;0.01;0.02;-1.00;0.06322;0.0004966;0.001311;-0.06314;34.63;-44.36;99.88;99.86;2.22;0.06322;0.06315;7.351E-05;-11.991;-11.996;-41.337;0.50;-88.81;
2026-01-07 15:51:37.97;0.00:00:47:150;0.01;0.02;-1.00;0.06279;0.0004846;0.001222;-0.06271;34.19;-44.40;99.89;99.87;2.09;0.06279;0.06272;7.076E-05;-12.021;-12.026;-41.502;0.50;-88.88;
2026-01-07 15:51:38.02;0.00:00:47:197;0.00;0.03;-1.00;0.06302;0.0002688;0.001657;-0.06289;40.39;-44.24;99.83;99.79;2.66;0.06302;0.06291;0.0001073;-12.006;-12.013;-39.693;0.50;-88.49;
2026-01-07 15:51:38.07;0.00:00:47:244;0.01;0.02;-1.00;0.06313;0.0005231;0.001215;-0.06305;33.35;-44.40;99.89;99.87;2.09;0.06313;0.06306;7.115E-05;-11.997;-12.002;-41.478;0.50;-88.90;
2026-01-07 15:51:38.11;0.00:00:47:291;0.01;0.02;-1.00;0.06243;0.0004571;0.00126;-0.06234;35.03;-44.38;99.88;99.85;2.15;0.06243;0.06235;7.749E-05;-12.046;-12.052;-41.108;0.50;-88.84;
2026-01-07 15:51:38.16;0.00:00:47:338;0.01;0.02;-1.00;0.06224;0.0004457;0.001298;-0.06215;35.53;-44.37;99.88;99.85;2.21;0.06224;0.06217;7.696E-05;-12.059;-12.064;-41.138;0.50;-88.80;
2026-01-07 15:51:38.21;0.00:00:47:387;0.01;0.02;-1.00;0.06213;0.0004145;0.001349;-0.06203;36.46;-44.35;99.86;99.84;2.27;0.06213;0.06204;8.474E-05;-12.067;-12.073;-40.719;0.50;-88.75;
2026-01-07 15:51:38.27;0.00:00:47:447;0.01;0.03;-1.00;0.06193;0.000378;0.001551;-0.06183;38.15;-44.26;99.86;99.83;2.58;0.06193;0.06185;8.564E-05;-12.081;-12.087;-40.673;0.50;-88.56;
2026-01-07 15:51:38.32;0.00:00:47:494;0.01;0.02;-1.00;0.06239;0.0003724;0.001538;-0.06228;38.19;-44.27;99.85;99.82;2.54;0.06239;0.0623;9.129E-05;-12.049;-12.055;-40.396;0.50;-88.59;
2026-01-07 15:51:38.36;0.00:00:47:540;0.01;0.02;-1.00;0.06234;0.0004475;0.001266;-0.06225;35.27;-44.38;99.88;99.86;2.15;0.06234;0.06227;7.523E-05;-12.052;-12.058;-41.236;0.50;-88.83;
2026-01-07 15:51:38.41;0.00:00:47:589;0.01;0.02;-1.00;0.0622;0.0004131;0.001349;-0.0621;36.49;-44.35;99.86;99.84;2.27;0.0622;0.06212;8.477E-05;-12.062;-12.068;-40.718;0.50;-88.76;
2026-01-07 15:51:38.47;0.00:00:47:648;0.01;0.02;-1.00;0.06245;0.0003299;0.001514;-0.06233;38.85;-44.29;99.85;99.82;2.48;0.06245;0.06235;9.327E-05;-12.045;-12.051;-40.303;0.50;-88.61;
2026-01-07 15:51:38.52;0.00:00:47:696;0.01;0.02;-1.00;0.06224;0.000552;0.001139;-0.06217;32.07;-44.42;99.90;99.88;2.03;0.06224;0.06218;6.067E-05;-12.059;-12.063;-42.170;0.50;-88.95;
2026-01-07 15:51:38.56;0.00:00:47:742;0.00;0.03;-1.00;0.06249;0.000303;0.001696;-0.06236;39.94;-44.21;99.84;99.80;2.76;0.06249;0.06239;9.863E-05;-12.042;-12.049;-40.060;0.50;-88.44;
2026-01-07 15:51:38.61;0.00:00:47:791;0.01;0.02;-1.00;0.06243;0.0004632;0.001233;-0.06234;34.71;-44.39;99.88;99.85;2.11;0.06243;0.06235;7.726E-05;-12.046;-12.051;-41.120;0.50;-88.87;
2026-01-07 15:51:38.67;0.00:00:47:852;0.01;0.02;-1.00;0.0624;0.0004226;0.001383;-0.0623;36.51;-44.33;99.87;99.84;2.32;0.0624;0.06232;8.108E-05;-12.048;-12.054;-40.911;0.50;-88.73;
2026-01-07 15:51:38.72;0.00:00:47:899;0.01;0.02;-1.00;0.06251;0.0003813;0.001452;-0.06241;37.64;-44.31;99.86;99.83;2.40;0.06251;0.06243;8.807E-05;-12.040;-12.046;-40.552;0.50;-88.67;
2026-01-07 15:51:38.77;0.00:00:47:946;0.01;0.02;-1.00;0.0625;0.0004597;0.00128;-0.06241;35.12;-44.38;99.88;99.86;2.18;0.0625;0.06243;7.284E-05;-12.041;-12.046;-41.377;0.50;-88.82;
2026-01-07 15:51:38.81;0.00:00:47:992;0.01;0.02;-1.00;0.06207;0.0004189;0.001289;-0.06197;36.00;-44.37;99.87;99.85;2.18;0.06207;0.06199;7.979E-05;-12.072;-12.077;-40.980;0.50;-88.81;
2026-01-07 15:51:38.86;0.00:00:48:040;0.01;0.02;-1.00;0.06227;0.0003689;0.001454;-0.06216;37.88;-44.31;99.86;99.83;2.41;0.06227;0.06218;8.907E-05;-12.057;-12.064;-40.503;0.50;-88.66;
2026-01-07 15:51:38.91;0.00:00:48:090;0.01;0.02;-1.00;0.06237;0.0004527;0.001321;-0.06228;35.54;-44.36;99.88;99.85;2.24;0.06237;0.0623;7.628E-05;-12.050;-12.055;-41.176;0.50;-88.78;
2026-01-07 15:51:38.97;0.00:00:48:149;0.01;0.02;-1.00;0.06231;0.0004364;0.001332;-0.06221;35.93;-44.35;99.88;99.85;2.25;0.06231;0.06223;7.591E-05;-12.055;-12.060;-41.197;0.50;-88.77;
2026-01-07 15:51:39.02;0.00:00:48:197;0.01;0.02;-1.00;0.06203;0.000395;0.001397;-0.06193;37.10;-44.33;99.87;99.84;2.34;0.06203;0.06195;8.269E-05;-12.074;-12.080;-40.826;0.50;-88.71;
2026-01-07 15:51:39.06;0.00:00:48:242;0.01;0.02;-1.00;0.06209;0.0004328;0.001321;-0.062;35.93;-44.36;99.87;99.85;2.24;0.06209;0.06201;7.871E-05;-12.070;-12.075;-41.040;0.50;-88.78;
2026-01-07 15:51:39.11;0.00:00:48:292;0.01;0.02;-1.00;0.06221;0.0003586;0.001498;-0.06209;38.27;-44.29;99.85;99.82;2.48;0.06221;0.06211;9.286E-05;-12.062;-12.068;-40.322;0.50;-88.62;
2026-01-07 15:51:39.17;0.00:00:48:352;0.01;0.02;-1.00;0.06245;0.0004179;0.001379;-0.06235;36.57;-44.34;99.87;99.84;2.31;0.06245;0.06237;8.06E-05;-12.045;-12.050;-40.937;0.50;-88.73;
2026-01-07 15:51:39.22;0.00:00:48:398;0.01;0.02;-1.00;0.06265;0.0004198;0.001351;-0.06255;36.37;-44.35;99.87;99.84;2.26;0.06265;0.06257;8.366E-05;-12.031;-12.037;-40.775;0.50;-88.76;
2026-01-07 15:51:39.27;0.00:00:48:445;0.01;0.02;-1.00;0.06257;0.0004593;0.001306;-0.06249;35.31;-44.37;99.88;99.86;2.21;0.06257;0.0625;7.235E-05;-12.036;-12.041;-41.406;0.50;-88.80;
2026-01-07 15:51:39.32;0.00:00:48:493;0.01;0.02;-1.00;0.06233;0.0004549;0.001388;-0.06224;35.93;-44.33;99.87;99.85;2.34;0.06233;0.06225;7.869E-05;-12.053;-12.058;-41.041;0.50;-88.72;
2026-01-07 15:51:39.38;0.00:00:48:553;0.01;0.02;-1.00;0.0622;0.0004286;0.001311;-0.06211;35.95;-44.36;99.87;99.85;2.22;0.0622;0.06212;8.026E-05;-12.062;-12.067;-40.955;0.50;-88.79;
2026-01-07 15:51:39.42;0.00:00:48:599;0.01;0.02;-1.00;0.06246;0.0003698;0.001442;-0.06235;37.81;-44.32;99.86;99.83;2.38;0.06246;0.06237;8.898E-05;-12.044;-12.050;-40.507;0.50;-88.68;
2026-01-07 15:51:39.47;0.00:00:48:646;0.01;0.02;-1.00;0.06287;0.0003715;0.0015;-0.06276;38.04;-44.29;99.86;99.83;2.46;0.06287;0.06278;8.949E-05;-12.016;-12.022;-40.482;0.50;-88.63;
2026-01-07 15:51:39.52;0.00:00:48:694;0.01;0.02;-1.00;0.06317;0.0004514;0.001307;-0.06307;35.48;-44.37;99.87;99.85;2.19;0.06317;0.06309;8.027E-05;-11.995;-12.001;-40.954;0.50;-88.81;
2026-01-07 15:51:39.58;0.00:00:48:757;0.01;0.02;-1.00;0.06275;0.0004624;0.001281;-0.06266;35.08;-44.38;99.88;99.86;2.17;0.06275;0.06267;7.3E-05;-12.024;-12.029;-41.367;0.50;-88.83;
2026-01-07 15:51:39.63;0.00:00:48:808;0.01;0.02;-1.00;0.06248;0.0004355;0.001294;-0.06238;35.70;-44.37;99.87;99.85;2.19;0.06248;0.0624;8.003E-05;-12.043;-12.048;-40.967;0.50;-88.81;
2026-01-07 15:51:39.68;0.00:00:48:861;0.01;0.02;-1.00;0.06235;0.0003955;0.001381;-0.06225;37.01;-44.34;99.86;99.83;2.30;0.06235;0.06226;8.652E-05;-12.052;-12.058;-40.629;0.50;-88.73;
2026-01-07 15:51:39.73;0.00:00:48:910;0.01;0.02;-1.00;0.0625;0.0004009;0.001408;-0.0624;37.06;-44.33;99.87;99.84;2.34;0.0625;0.06242;8.371E-05;-12.041;-12.047;-40.772;0.50;-88.71;
2026-01-07 15:51:39.78;0.00:00:48:961;0.01;0.02;-1.00;0.06259;0.0003758;0.001443;-0.06248;37.70;-44.32;99.85;99.82;2.38;0.06259;0.0625;9.181E-05;-12.035;-12.041;-40.371;0.50;-88.68;
2026-01-07 15:51:39.83;0.00:00:49:013;0.01;0.02;-1.00;0.06295;0.0003702;0.001496;-0.06284;38.05;-44.30;99.85;99.82;2.45;0.06295;0.06286;9.255E-05;-12.010;-12.016;-40.336;0.50;-88.64;
2026-01-07 15:51:39.88;0.00:00:49:063;0.01;0.02;-1.00;0.06291;0.0004387;0.00133;-0.06282;35.88;-44.36;99.87;99.85;2.23;0.06291;0.06283;8.045E-05;-12.013;-12.018;-40.944;0.50;-88.79;
2026-01-07 15:51:39.94;0.00:00:49:115;0.01;0.02;-1.00;0.06275;0.0004306;0.001319;-0.06266;35.96;-44.37;99.88;99.85;2.21;0.06275;0.06267;7.8E-05;-12.024;-12.029;-41.079;0.50;-88.79;
2026-01-07 15:51:39.99;0.00:00:49:165;0.01;0.02;-1.00;0.06272;0.0004042;0.001407;-0.06262;36.98;-44.33;99.86;99.84;2.33;0.06272;0.06264;8.554E-05;-12.026;-12.032;-40.678;0.50;-88.71;
2026-01-07 15:51:40.04;0.00:00:49:216;0.01;0.02;-1.00;0.06273;0.0004203;0.001349;-0.06263;36.35;-44.35;99.87;99.84;2.25;0.06273;0.06265;8.285E-05;-12.025;-12.031;-40.817;0.50;-88.77;
2026-01-07 15:51:40.09;0.00:00:49:266;0.01;0.02;-1.00;0.06225;0.0004585;0.00123;-0.06216;34.77;-44.40;99.88;99.86;2.11;0.06225;0.06217;7.427E-05;-12.059;-12.064;-41.292;0.50;-88.87;
2026-01-07 15:51:40.14;0.00:00:49:317;0.01;0.02;-1.00;0.06227;0.0003906;0.001413;-0.06217;37.27;-44.32;99.86;99.84;2.35;0.06227;0.06219;8.477E-05;-12.057;-12.063;-40.718;0.50;-88.70;
2026-01-07 15:51:40.19;0.00:00:49:368;0.01;0.02;-1.00;0.06195;0.0004089;0.001298;-0.06185;36.26;-44.37;99.87;99.85;2.20;0.06195;0.06187;7.81E-05;-12.080;-12.085;-41.073;0.50;-88.80;
2026-01-07 15:51:40.24;0.00:00:49:418;0.01;0.02;-1.00;0.06227;0.0003534;0.001512;-0.06216;38.42;-44.28;99.85;99.82;2.49;0.06227;0.06218;9.422E-05;-12.057;-12.063;-40.258;0.50;-88.61;
2026-01-07 15:51:40.29;0.00:00:49:469;0.01;0.02;-1.00;0.06252;0.0004309;0.001345;-0.06243;36.12;-44.35;99.87;99.85;2.26;0.06252;0.06244;7.996E-05;-12.040;-12.045;-40.971;0.50;-88.77;
2026-01-07 15:51:40.34;0.00:00:49:522;0.01;0.02;-1.00;0.06239;0.0004283;0.001318;-0.06229;36.00;-44.36;99.87;99.84;2.22;0.06239;0.0623;8.284E-05;-12.049;-12.055;-40.818;0.50;-88.79;
2026-01-07 15:51:40.40;0.00:00:49:582;0.01;0.02;-1.00;0.06246;0.0004161;0.001353;-0.06236;36.45;-44.35;99.87;99.84;2.27;0.06246;0.06238;8.225E-05;-12.044;-12.050;-40.849;0.50;-88.76;
2026-01-07 15:51:40.46;0.00:00:49:634;0.01;0.02;-1.00;0.06231;0.0004088;0.001322;-0.06221;36.41;-44.36;99.86;99.84;2.22;0.06231;0.06223;8.529E-05;-12.054;-12.060;-40.691;0.50;-88.78;
2026-01-07 15:51:40.51;0.00:00:49:685;0.01;0.02;-1.00;0.06252;0.0004053;0.001439;-0.06242;37.13;-44.31;99.87;99.84;2.39;0.06252;0.06244;8.439E-05;-12.040;-12.046;-40.737;0.50;-88.68;
2026-01-07 15:51:40.56;0.00:00:49:735;0.01;0.02;-1.00;0.06249;0.0004107;0.001376;-0.06239;36.69;-44.34;99.87;99.84;2.30;0.06249;0.06241;8.2E-05;-12.042;-12.048;-40.862;0.50;-88.74;
2026-01-07 15:51:40.61;0.00:00:49:787;0.01;0.02;-1.00;0.06247;0.0004242;0.001334;-0.06237;36.18;-44.36;99.87;99.84;2.24;0.06247;0.06238;8.179E-05;-12.044;-12.049;-40.873;0.50;-88.78;
2026-01-07 15:51:40.66;0.00:00:49:837;0.01;0.02;-1.00;0.06249;0.0004262;0.001343;-0.06239;36.20;-44.35;99.87;99.84;2.25;0.06249;0.06241;8.344E-05;-12.042;-12.048;-40.786;0.50;-88.77;
2026-01-07 15:51:40.71;0.00:00:49:890;0.01;0.02;-1.00;0.06252;0.000398;0.001398;-0.06242;37.06;-44.33;99.86;99.84;2.33;0.06252;0.06244;8.456E-05;-12.040;-12.045;-40.729;0.50;-88.72;
2026-01-07 15:51:40.76;0.00:00:49:940;0.01;0.02;-1.00;0.06262;0.0004264;0.001345;-0.06252;36.20;-44.35;99.86;99.84;2.25;0.06262;0.06254;8.493E-05;-12.033;-12.039;-40.710;0.50;-88.77;
2026-01-07 15:51:40.82;0.00:00:50:002;0.01;0.02;-1.00;0.06251;0.000441;0.001325;-0.06242;35.79;-44.36;99.88;99.86;2.23;0.06251;0.06244;7.441E-05;-12.040;-12.046;-41.283;0.50;-88.78;
2026-01-07 15:51:40.87;0.00:00:50:051;0.01;0.02;-1.00;0.06242;0.000425;0.001333;-0.06232;36.16;-44.36;99.87;99.84;2.24;0.06242;0.06234;8.168E-05;-12.047;-12.053;-40.879;0.50;-88.77;
2026-01-07 15:51:40.92;0.00:00:50:099;0.01;0.02;-1.00;0.06239;0.0004096;0.001364;-0.06229;36.64;-44.35;99.87;99.84;2.28;0.06239;0.06231;8.188E-05;-12.049;-12.054;-40.868;0.50;-88.75;
2026-01-07 15:51:40.98;0.00:00:50:155;0.01;0.02;-1.00;0.06253;0.0004199;0.001371;-0.06244;36.49;-44.34;99.87;99.84;2.29;0.06253;0.06245;8.135E-05;-12.039;-12.044;-40.897;0.50;-88.74;
2026-01-07 15:51:41.03;0.00:00:50:204;0.01;0.02;-1.00;0.0626;0.0004257;0.001343;-0.0625;36.20;-44.35;99.87;99.84;2.25;0.0626;0.06252;8.287E-05;-12.034;-12.040;-40.816;0.50;-88.77;
2026-01-07 15:51:41.08;0.00:00:50:255;0.01;0.02;-1.00;0.06262;0.0004021;0.001388;-0.06251;36.92;-44.34;99.86;99.83;2.31;0.06262;0.06253;8.99E-05;-12.033;-12.039;-40.463;0.50;-88.73;
2026-01-07 15:51:41.13;0.00:00:50:307;0.01;0.02;-1.00;0.06254;0.0004234;0.001334;-0.06244;36.20;-44.36;99.87;99.85;2.24;0.06254;0.06246;7.936E-05;-12.039;-12.044;-41.004;0.50;-88.78;
2026-01-07 15:51:41.18;0.00:00:50:359;0.01;0.02;-1.00;0.06257;0.0003974;0.0014;-0.06247;37.08;-44.33;99.86;99.83;2.33;0.06257;0.06249;8.884E-05;-12.036;-12.042;-40.514;0.50;-88.72;
2026-01-07 15:51:41.23;0.00:00:50:408;0.01;0.02;-1.00;0.06258;0.0004358;0.00133;-0.06249;35.93;-44.36;99.87;99.85;2.24;0.06258;0.0625;7.989E-05;-12.035;-12.041;-40.975;0.50;-88.78;
2026-01-07 15:51:41.28;0.00:00:50:460;0.01;0.02;-1.00;0.06254;0.0004095;0.001375;-0.06245;36.71;-44.34;99.87;99.85;2.29;0.06254;0.06246;8.004E-05;-12.038;-12.044;-40.967;0.50;-88.74;
2026-01-07 15:51:41.33;0.00:00:50:512;0.01;0.02;-1.00;0.0624;0.0004307;0.001313;-0.06231;35.92;-44.36;99.87;99.85;2.21;0.0624;0.06232;7.822E-05;-12.048;-12.054;-41.067;0.50;-88.79;
2026-01-07 15:51:41.38;0.00:00:50:562;0.01;0.02;-1.00;0.06241;0.0004101;0.001386;-0.06231;36.76;-44.34;99.87;99.84;2.32;0.06241;0.06233;8.318E-05;-12.047;-12.053;-40.800;0.50;-88.73;
2026-01-07 15:51:41.44;0.00:00:50:614;0.01;0.02;-1.00;0.0626;0.0004394;0.001347;-0.06251;35.96;-44.35;99.88;99.85;2.26;0.0626;0.06252;7.659E-05;-12.034;-12.039;-41.158;0.50;-88.77;
2026-01-07 15:51:41.48;0.00:00:50:662;0.01;0.02;-1.00;0.06249;0.000433;0.001315;-0.06239;35.89;-44.36;99.87;99.85;2.22;0.06249;0.06241;8.055E-05;-12.042;-12.048;-40.939;0.50;-88.79;
2026-01-07 15:51:41.53;0.00:00:50:709;0.01;0.02;-1.00;0.06243;0.0004136;0.001358;-0.06233;36.53;-44.35;99.86;99.83;2.27;0.06243;0.06235;8.717E-05;-12.046;-12.052;-40.596;0.50;-88.75;
2026-01-07 15:51:41.58;0.00:00:50:762;0.01;0.02;-1.00;0.06242;0.0004344;0.001336;-0.06233;36.00;-44.35;99.88;99.85;2.25;0.06242;0.06234;7.646E-05;-12.047;-12.052;-41.166;0.50;-88.77;
2026-01-07 15:51:41.65;0.00:00:50:824;0.01;0.02;-1.00;0.0627;0.0004089;0.001417;-0.0626;36.95;-44.33;99.87;99.84;2.35;0.0627;0.06262;8.325E-05;-12.027;-12.033;-40.796;0.50;-88.70;
2026-01-07 15:51:41.69;0.00:00:50:873;0.01;0.02;-1.00;0.06245;0.0004371;0.001279;-0.06235;35.57;-44.38;99.87;99.85;2.16;0.06245;0.06237;8.012E-05;-12.045;-12.050;-40.963;0.50;-88.82;
2026-01-07 15:51:41.75;0.00:00:50:932;0.01;0.02;-1.00;0.06249;0.0003966;0.001419;-0.06239;37.19;-44.32;99.86;99.84;2.36;0.06249;0.0624;8.568E-05;-12.042;-12.048;-40.671;0.50;-88.70;
2026-01-07 15:51:41.80;0.00:00:50:979;0.01;0.02;-1.00;0.06249;0.00043;0.001327;-0.06239;36.02;-44.36;99.87;99.84;2.23;0.06249;0.06241;8.169E-05;-12.042;-12.048;-40.879;0.50;-88.78;
2026-01-07 15:51:41.85;0.00:00:51:026;0.01;0.02;-1.00;0.06242;0.0004341;0.001325;-0.06232;35.93;-44.36;99.88;99.85;2.23;0.06242;0.06234;7.772E-05;-12.047;-12.052;-41.094;0.50;-88.78;
2026-01-07 15:51:41.90;0.00:00:51:074;0.01;0.02;-1.00;0.06244;0.0004168;0.001357;-0.06234;36.46;-44.35;99.87;99.84;2.27;0.06244;0.06236;8.207E-05;-12.045;-12.051;-40.858;0.50;-88.75;
2026-01-07 15:51:41.96;0.00:00:51:133;0.01;0.02;-1.00;0.06244;0.000411;0.001366;-0.06234;36.63;-44.34;99.87;99.84;2.28;0.06244;0.06236;8.281E-05;-12.045;-12.051;-40.819;0.50;-88.75;
2026-01-07 15:51:42.00;0.00:00:51:180;0.01;0.02;-1.00;0.06259;0.0004109;0.001383;-0.06249;36.73;-44.34;99.86;99.84;2.31;0.06259;0.0625;8.472E-05;-12.035;-12.041;-40.720;0.50;-88.73;
2026-01-07 15:51:42.05;0.00:00:51:227;0.01;0.02;-1.00;0.06255;0.0004232;0.001339;-0.06245;36.23;-44.36;99.87;99.84;2.25;0.06255;0.06246;8.206E-05;-12.038;-12.044;-40.859;0.50;-88.77;
2026-01-07 15:51:42.10;0.00:00:51:276;0.01;0.02;-1.00;0.06235;0.0004477;0.001298;-0.06226;35.48;-44.37;99.88;99.85;2.20;0.06235;0.06227;7.714E-05;-12.052;-12.057;-41.127;0.50;-88.81;
2026-01-07 15:51:42.16;0.00:00:51:336;0.01;0.02;-1.00;0.0623;0.0003762;0.00141;-0.0622;37.53;-44.33;99.86;99.83;2.34;0.0623;0.06221;8.752E-05;-12.055;-12.061;-40.579;0.50;-88.70;
2026-01-07 15:51:42.21;0.00:00:51:384;0.01;0.02;-1.00;0.06236;0.0004298;0.001293;-0.06226;35.81;-44.37;99.87;99.85;2.19;0.06236;0.06228;8.075E-05;-12.051;-12.057;-40.928;0.50;-88.81;
2026-01-07 15:51:42.25;0.00:00:51:431;0.01;0.02;-1.00;0.06229;0.0004162;0.001376;-0.0622;36.59;-44.34;99.87;99.84;2.31;0.06229;0.06221;8.082E-05;-12.056;-12.061;-40.925;0.50;-88.73;
2026-01-07 15:51:42.30;0.00:00:51:478;0.01;0.02;-1.00;0.06251;0.0004068;0.001413;-0.06241;36.97;-44.33;99.87;99.84;2.35;0.06251;0.06243;8.383E-05;-12.040;-12.046;-40.766;0.50;-88.70;
2026-01-07 15:51:42.35;0.00:00:51:525;0.01;0.02;-1.00;0.0625;0.0004324;0.001326;-0.0624;35.97;-44.36;99.87;99.84;2.23;0.0625;0.06241;8.244E-05;-12.042;-12.047;-40.838;0.50;-88.78;
2026-01-07 15:51:42.39;0.00:00:51:572;0.01;0.02;-1.00;0.06254;0.0003987;0.001403;-0.06243;37.07;-44.33;99.86;99.84;2.33;0.06254;0.06245;8.582E-05;-12.039;-12.045;-40.664;0.50;-88.71;
2026-01-07 15:51:42.44;0.00:00:51:619;0.01;0.02;-1.00;0.06264;0.0004145;0.001377;-0.06255;36.62;-44.34;99.87;99.85;2.30;0.06264;0.06256;8.008E-05;-12.031;-12.037;-40.965;0.50;-88.74;
2026-01-07 15:51:42.49;0.00:00:51:667;0.01;0.02;-1.00;0.06268;0.0004184;0.001368;-0.06259;36.50;-44.35;99.87;99.85;2.28;0.06268;0.0626;7.966E-05;-12.028;-12.034;-40.988;0.50;-88.75;
2026-01-07 15:51:42.54;0.00:00:51:714;0.01;0.02;-1.00;0.06273;0.0004441;0.001298;-0.06264;35.55;-44.37;99.88;99.85;2.19;0.06273;0.06265;7.667E-05;-12.025;-12.031;-41.154;0.50;-88.81;
2026-01-07 15:51:42.58;0.00:00:51:760;0.01;0.02;-1.00;0.06251;0.0004475;0.00128;-0.06242;35.37;-44.38;99.88;99.85;2.17;0.06251;0.06244;7.692E-05;-12.040;-12.046;-41.140;0.50;-88.83;
2026-01-07 15:51:42.63;0.00:00:51:807;0.01;0.02;-1.00;0.06233;0.0004069;0.001366;-0.06223;36.71;-44.34;99.87;99.84;2.29;0.06233;0.06225;8.366E-05;-12.053;-12.059;-40.775;0.50;-88.74;
2026-01-07 15:51:42.68;0.00:00:51:853;0.01;0.02;-1.00;0.06233;0.0004544;0.001321;-0.06223;35.51;-44.36;99.88;99.85;2.24;0.06233;0.06225;7.677E-05;-12.053;-12.059;-41.148;0.50;-88.78;
2026-01-07 15:51:42.72;0.00:00:51:898;0.01;0.02;-1.00;0.06227;0.0003876;0.001387;-0.06216;37.19;-44.34;99.86;99.84;2.31;0.06227;0.06218;8.599E-05;-12.057;-12.063;-40.656;0.50;-88.72;
2026-01-07 15:51:42.77;0.00:00:51:946;0.01;0.02;-1.00;0.06229;0.000384;0.001432;-0.06219;37.49;-44.32;99.86;99.83;2.38;0.06229;0.06221;8.728E-05;-12.056;-12.062;-40.591;0.50;-88.68;
2026-01-07 15:51:42.81;0.00:00:51:992;0.01;0.02;-1.00;0.06242;0.0004292;0.001336;-0.06233;36.10;-44.36;99.87;99.85;2.25;0.06242;0.06234;7.83E-05;-12.047;-12.052;-41.062;0.50;-88.77;
2026-01-07 15:51:42.86;0.00:00:52:039;0.01;0.02;-1.00;0.06254;0.0003431;0.001502;-0.06243;38.56;-44.29;99.85;99.82;2.46;0.06254;0.06245;9.524E-05;-12.038;-12.045;-40.212;0.50;-88.62;
2026-01-07 15:51:42.91;0.00:00:52:086;0.01;0.02;-1.00;0.06259;0.0004278;0.001304;-0.06249;35.92;-44.37;99.88;99.85;2.19;0.06259;0.06251;7.578E-05;-12.035;-12.041;-41.205;0.50;-88.80;
2026-01-07 15:51:42.96;0.00:00:52:133;0.01;0.02;-1.00;0.06281;0.0003619;0.001499;-0.0627;38.21;-44.30;99.85;99.82;2.45;0.06281;0.06272;9.138E-05;-12.019;-12.026;-40.391;0.50;-88.63;
2026-01-07 15:51:43.00;0.00:00:52:181;0.01;0.02;-1.00;0.06258;0.0003996;0.001396;-0.06248;37.01;-44.33;99.87;99.84;2.32;0.06258;0.06249;8.443E-05;-12.036;-12.042;-40.735;0.50;-88.72;
2026-01-07 15:51:43.05;0.00:00:52:228;0.01;0.02;-1.00;0.0626;0.0004409;0.001326;-0.0625;35.80;-44.36;99.87;99.85;2.23;0.0626;0.06252;8.059E-05;-12.034;-12.040;-40.937;0.50;-88.78;
2026-01-07 15:51:43.11;0.00:00:52:289;0.01;0.02;-1.00;0.06219;0.0004438;0.00127;-0.06209;35.37;-44.38;99.87;99.85;2.16;0.06219;0.06211;7.843E-05;-12.063;-12.068;-41.055;0.50;-88.83;
2026-01-07 15:51:43.16;0.00:00:52:336;0.01;0.02;-1.00;0.06207;0.0004355;0.001325;-0.06197;35.90;-44.36;99.88;99.85;2.25;0.06207;0.06199;7.7E-05;-12.071;-12.077;-41.135;0.50;-88.78;
2026-01-07 15:51:43.21;0.00:00:52:383;0.01;0.02;-1.00;0.06206;0.0004128;0.001358;-0.06196;36.55;-44.34;99.87;99.85;2.29;0.06206;0.06198;7.969E-05;-12.072;-12.077;-40.986;0.50;-88.74;
2026-01-07 15:51:43.25;0.00:00:52:430;0.01;0.02;-1.00;0.06201;0.0004041;0.001334;-0.06192;36.57;-44.36;99.87;99.84;2.25;0.06201;0.06193;8.155E-05;-12.075;-12.081;-40.886;0.50;-88.77;
2026-01-07 15:51:43.31;0.00:00:52:490;0.01;0.02;-1.00;0.06229;0.0004483;0.001249;-0.0622;35.13;-44.39;99.88;99.86;2.13;0.06229;0.06221;7.576E-05;-12.056;-12.061;-41.205;0.50;-88.85;
2026-01-07 15:51:43.36;0.00:00:52:537;0.01;0.02;-1.00;0.06244;0.0003797;0.001471;-0.06233;37.76;-44.30;99.85;99.83;2.43;0.06244;0.06235;9.069E-05;-12.046;-12.052;-40.424;0.50;-88.65;
2026-01-07 15:51:43.41;0.00:00:52:584;0.01;0.02;-1.00;0.06279;0.000395;0.001433;-0.06269;37.29;-44.32;99.86;99.83;2.37;0.06279;0.06271;8.856E-05;-12.021;-12.027;-40.527;0.50;-88.69;
2026-01-07 15:51:43.45;0.00:00:52:631;0.01;0.02;-1.00;0.06276;0.0004414;0.001301;-0.06266;35.63;-44.37;99.87;99.85;2.19;0.06276;0.06268;8.021E-05;-12.023;-12.029;-40.958;0.50;-88.81;
2026-01-07 15:51:43.50;0.00:00:52:681;0.01;0.02;-1.00;0.06257;0.0004544;0.001287;-0.06248;35.28;-44.37;99.89;99.86;2.18;0.06257;0.0625;7.116E-05;-12.036;-12.041;-41.478;0.50;-88.82;
2026-01-07 15:51:43.56;0.00:00:52:740;0.01;0.02;-1.00;0.06252;0.0004161;0.001384;-0.06242;36.64;-44.34;99.86;99.84;2.31;0.06252;0.06244;8.457E-05;-12.040;-12.046;-40.728;0.50;-88.73;
2026-01-07 15:51:43.61;0.00:00:52:789;0.01;0.02;-1.00;0.06258;0.0003876;0.001416;-0.06247;37.34;-44.33;99.86;99.83;2.35;0.06258;0.06249;8.975E-05;-12.036;-12.042;-40.469;0.50;-88.70;
2026-01-07 15:51:43.66;0.00:00:52:838;0.01;0.02;-1.00;0.06256;0.000448;0.001291;-0.06246;35.43;-44.37;99.87;99.85;2.18;0.06256;0.06248;7.883E-05;-12.037;-12.043;-41.033;0.50;-88.82;
2026-01-07 15:51:43.72;0.00:00:52:900;0.01;0.02;-1.00;0.0628;0.0004533;0.001294;-0.06271;35.35;-44.37;99.88;99.85;2.18;0.0628;0.06273;7.645E-05;-12.020;-12.025;-41.167;0.50;-88.82;
2026-01-07 15:51:43.77;0.00:00:52:950;0.01;0.02;-1.00;0.06252;0.0004418;0.001326;-0.06243;35.79;-44.36;99.87;99.84;2.24;0.06252;0.06244;8.348E-05;-12.039;-12.045;-40.784;0.50;-88.78;
2026-01-07 15:51:43.82;0.00:00:53:000;0.01;0.02;-1.00;0.06259;0.0003175;0.001524;-0.06247;39.11;-44.29;99.84;99.81;2.49;0.06259;0.06249;9.833E-05;-12.035;-12.042;-40.073;0.50;-88.60;
2026-01-07 15:51:43.87;0.00:00:53:050;0.01;0.02;-1.00;0.06227;0.0003875;0.001263;-0.06217;36.48;-44.39;99.86;99.84;2.12;0.06227;0.06219;8.584E-05;-12.057;-12.063;-40.663;0.50;-88.84;
2026-01-07 15:51:43.92;0.00:00:53:101;0.01;0.03;-1.00;0.06271;0.0003195;0.001586;-0.06259;39.30;-44.26;99.84;99.81;2.58;0.06271;0.06261;9.884E-05;-12.027;-12.034;-40.051;0.50;-88.55;
2026-01-07 15:51:43.97;0.00:00:53:151;0.01;0.02;-1.00;0.06242;0.0004659;0.001229;-0.06233;34.62;-44.40;99.88;99.86;2.11;0.06242;0.06235;7.51E-05;-12.047;-12.052;-41.243;0.50;-88.87;
2026-01-07 15:51:44.03;0.00:00:53:204;0.01;0.02;-1.00;0.06223;0.0004284;0.001304;-0.06213;35.91;-44.37;99.87;99.84;2.21;0.06223;0.06214;8.193E-05;-12.060;-12.066;-40.866;0.50;-88.80;
2026-01-07 15:51:44.08;0.00:00:53:255;0.01;0.02;-1.00;0.06206;0.000438;0.001317;-0.06196;35.80;-44.36;99.87;99.85;2.24;0.06206;0.06198;7.845E-05;-12.072;-12.078;-41.054;0.50;-88.78;
2026-01-07 15:51:44.13;0.00:00:53:306;0.01;0.02;-1.00;0.0619;0.0004004;0.001345;-0.0618;36.71;-44.35;99.87;99.84;2.27;0.0619;0.06182;8.321E-05;-12.083;-12.089;-40.798;0.50;-88.75;
2026-01-07 15:51:44.18;0.00:00:53:356;0.01;0.02;-1.00;0.06248;0.0003839;0.001395;-0.06237;37.30;-44.34;99.86;99.83;2.32;0.06248;0.06239;8.947E-05;-12.043;-12.049;-40.483;0.50;-88.72;
2026-01-07 15:51:44.23;0.00:00:53:406;0.01;0.02;-1.00;0.06253;0.0004049;0.001349;-0.06243;36.65;-44.35;99.87;99.84;2.25;0.06253;0.06245;8.382E-05;-12.039;-12.045;-40.767;0.50;-88.76;
2026-01-07 15:51:44.28;0.00:00:53:459;0.01;0.02;-1.00;0.06257;0.0004333;0.001306;-0.06247;35.82;-44.37;99.87;99.85;2.20;0.06257;0.06249;7.907E-05;-12.036;-12.042;-41.020;0.50;-88.80;
2026-01-07 15:51:44.33;0.00:00:53:508;0.01;0.02;-1.00;0.06257;0.000428;0.001371;-0.06247;36.33;-44.34;99.87;99.84;2.30;0.06257;0.06249;8.204E-05;-12.036;-12.042;-40.860;0.50;-88.74;
2026-01-07 15:51:44.38;0.00:00:53:559;0.01;0.02;-1.00;0.06243;0.000449;0.001315;-0.06234;35.57;-44.36;99.87;99.85;2.23;0.06243;0.06236;7.873E-05;-12.046;-12.051;-41.039;0.50;-88.79;
2026-01-07 15:51:44.43;0.00:00:53:611;0.01;0.02;-1.00;0.06221;0.0004017;0.001328;-0.06211;36.58;-44.36;99.86;99.84;2.23;0.06221;0.06212;8.53E-05;-12.062;-12.068;-40.691;0.50;-88.78;
2026-01-07 15:51:44.49;0.00:00:53:663;0.01;0.02;-1.00;0.06275;0.0004026;0.00141;-0.06265;37.04;-44.33;99.86;99.84;2.34;0.06275;0.06266;8.559E-05;-12.024;-12.030;-40.676;0.50;-88.71;
2026-01-07 15:51:44.53;0.00:00:53:712;0.01;0.02;-1.00;0.06272;0.0004414;0.001314;-0.06262;35.72;-44.37;99.87;99.85;2.21;0.06272;0.06264;8.101E-05;-12.026;-12.032;-40.915;0.50;-88.80;
2026-01-07 15:51:44.59;0.00:00:53:764;0.01;0.02;-1.00;0.0626;0.0004104;0.001363;-0.0625;36.62;-44.35;99.86;99.84;2.27;0.0626;0.06252;8.494E-05;-12.034;-12.040;-40.709;0.50;-88.75;
2026-01-07 15:51:44.64;0.00:00:53:813;0.01;0.02;-1.00;0.06261;0.0004329;0.001353;-0.06252;36.13;-44.35;99.87;99.84;2.27;0.06261;0.06253;8.166E-05;-12.033;-12.039;-40.880;0.50;-88.76;
2026-01-07 15:51:44.70;0.00:00:53:876;0.01;0.02;-1.00;0.06228;0.0004374;0.001305;-0.06218;35.73;-44.37;99.87;99.85;2.21;0.06228;0.0622;8.007E-05;-12.057;-12.062;-40.966;0.50;-88.80;
2026-01-07 15:51:44.75;0.00:00:53:925;0.01;0.02;-1.00;0.06231;0.0003991;0.001385;-0.06221;36.96;-44.34;99.86;99.84;2.31;0.06231;0.06222;8.555E-05;-12.055;-12.061;-40.678;0.50;-88.72;
2026-01-07 15:51:44.80;0.00:00:53:976;0.01;0.02;-1.00;0.06242;0.0004109;0.001382;-0.06232;36.72;-44.34;99.86;99.84;2.31;0.06242;0.06234;8.543E-05;-12.046;-12.052;-40.684;0.50;-88.73;
2026-01-07 15:51:44.85;0.00:00:54:026;0.01;0.02;-1.00;0.0623;0.0004108;0.001345;-0.0622;36.51;-44.35;99.86;99.84;2.26;0.0623;0.06221;8.419E-05;-12.055;-12.061;-40.747;0.50;-88.76;
2026-01-07 15:51:44.90;0.00:00:54:077;0.01;0.02;-1.00;0.06232;0.0004125;0.001361;-0.06221;36.57;-44.35;99.86;99.84;2.28;0.06232;0.06223;8.552E-05;-12.054;-12.060;-40.679;0.50;-88.75;
2026-01-07 15:51:44.95;0.00:00:54:129;0.01;0.02;-1.00;0.06247;0.0004197;0.001365;-0.06238;36.45;-44.34;99.87;99.84;2.29;0.06247;0.06239;8.118E-05;-12.043;-12.049;-40.906;0.50;-88.75;
2026-01-07 15:51:45.00;0.00:00:54:179;0.01;0.02;-1.00;0.06248;0.0004181;0.001358;-0.06238;36.44;-44.35;99.87;99.84;2.27;0.06248;0.0624;8.382E-05;-12.042;-12.048;-40.767;0.50;-88.75;
2026-01-07 15:51:45.05;0.00:00:54:232;0.01;0.02;-1.00;0.06243;0.0004206;0.001351;-0.06233;36.35;-44.35;99.87;99.85;2.27;0.06243;0.06234;8.037E-05;-12.046;-12.052;-40.949;0.50;-88.76;
2026-01-07 15:51:45.10;0.00:00:54:282;0.01;0.02;-1.00;0.0624;0.0004274;0.001338;-0.0623;36.14;-44.35;99.87;99.84;2.25;0.0624;0.06232;8.354E-05;-12.048;-12.054;-40.781;0.50;-88.77;
2026-01-07 15:51:45.16;0.00:00:54:333;0.01;0.02;-1.00;0.06234;0.0004072;0.00138;-0.06225;36.78;-44.34;99.87;99.84;2.31;0.06234;0.06226;8.242E-05;-12.052;-12.058;-40.840;0.50;-88.73;
2026-01-07 15:51:45.20;0.00:00:54:383;0.01;0.02;-1.00;0.06245;0.0004108;0.001379;-0.06234;36.71;-44.34;99.86;99.83;2.30;0.06245;0.06236;8.794E-05;-12.045;-12.051;-40.558;0.50;-88.73;
2026-01-07 15:51:45.26;0.00:00:54:435;0.01;0.02;-1.00;0.06259;0.0004057;0.001389;-0.06248;36.86;-44.34;99.86;99.84;2.31;0.06259;0.0625;8.517E-05;-12.035;-12.041;-40.697;0.50;-88.73;
2026-01-07 15:51:45.31;0.00:00:54:484;0.01;0.02;-1.00;0.06262;0.0004285;0.001355;-0.06252;36.22;-44.35;99.87;99.85;2.27;0.06262;0.06254;7.995E-05;-12.033;-12.039;-40.972;0.50;-88.76;
2026-01-07 15:51:45.37;0.00:00:54:546;0.01;0.02;-1.00;0.06244;0.000428;0.001329;-0.06235;36.08;-44.36;99.87;99.84;2.24;0.06244;0.06236;8.191E-05;-12.045;-12.051;-40.866;0.50;-88.78;
2026-01-07 15:51:45.42;0.00:00:54:596;0.01;0.02;-1.00;0.06249;0.0003924;0.001429;-0.06239;37.32;-44.32;99.86;99.83;2.37;0.06249;0.06241;8.568E-05;-12.042;-12.048;-40.671;0.50;-88.69;
2026-01-07 15:51:45.47;0.00:00:54:647;0.01;0.02;-1.00;0.06262;0.0004035;0.001387;-0.06252;36.89;-44.34;99.86;99.83;2.31;0.06262;0.06254;8.784E-05;-12.033;-12.039;-40.563;0.50;-88.73;
2026-01-07 15:51:45.52;0.00:00:54:697;0.01;0.02;-1.00;0.06253;0.0004289;0.001343;-0.06244;36.15;-44.35;99.88;99.85;2.26;0.06253;0.06245;7.782E-05;-12.039;-12.045;-41.089;0.50;-88.77;
2026-01-07 15:51:45.58;0.00:00:54:754;0.01;0.02;-1.00;0.06248;0.0004181;0.001342;-0.06238;36.35;-44.35;99.87;99.84;2.25;0.06248;0.0624;8.121E-05;-12.043;-12.048;-40.904;0.50;-88.77;
2026-01-07 15:51:45.63;0.00:00:54:809;0.01;0.02;-1.00;0.0625;0.0004111;0.001379;-0.0624;36.70;-44.34;99.86;99.84;2.30;0.0625;0.06241;8.626E-05;-12.041;-12.047;-40.642;0.50;-88.73;
2026-01-07 15:51:45.68;0.00:00:54:863;0.01;0.02;-1.00;0.06251;0.0004105;0.001381;-0.06241;36.72;-44.34;99.87;99.84;2.30;0.06251;0.06243;8.371E-05;-12.040;-12.046;-40.772;0.50;-88.73;
2026-01-07 15:51:45.73;0.00:00:54:913;0.01;0.02;-1.00;0.06254;0.0004254;0.001346;-0.06244;36.23;-44.35;99.86;99.84;2.26;0.06254;0.06245;8.486E-05;-12.039;-12.045;-40.713;0.50;-88.76;
2026-01-07 15:51:45.78;0.00:00:54:963;0.01;0.02;-1.00;0.06258;0.0004085;0.001387;-0.06248;36.79;-44.34;99.86;99.84;2.31;0.06258;0.0625;8.588E-05;-12.035;-12.041;-40.661;0.50;-88.73;
2026-01-07 15:51:45.84;0.00:00:55:013;0.01;0.02;-1.00;0.06252;0.000428;0.001325;-0.06242;36.05;-44.36;99.87;99.84;2.23;0.06252;0.06244;8.282E-05;-12.040;-12.045;-40.819;0.50;-88.78;
2026-01-07 15:51:45.89;0.00:00:55:066;0.01;0.02;-1.00;0.0625;0.0004341;0.001332;-0.06241;35.98;-44.36;99.87;99.85;2.24;0.0625;0.06243;7.869E-05;-12.041;-12.046;-41.041;0.50;-88.78;
2026-01-07 15:51:45.94;0.00:00:55:117;0.01;0.02;-1.00;0.06253;0.0003991;0.001399;-0.06243;37.04;-44.33;99.86;99.84;2.33;0.06253;0.06245;8.458E-05;-12.039;-12.045;-40.727;0.50;-88.72;
2026-01-07 15:51:46.00;0.00:00:55:176;0.01;0.02;-1.00;0.06257;0.0004332;0.001317;-0.06247;35.90;-44.36;99.88;99.85;2.22;0.06257;0.06249;7.776E-05;-12.037;-12.042;-41.093;0.50;-88.79;
2026-01-07 15:51:46.05;0.00:00:55:225;0.01;0.02;-1.00;0.06246;0.000436;0.001331;-0.06236;35.93;-44.36;99.87;99.85;2.24;0.06246;0.06238;7.862E-05;-12.044;-12.050;-41.045;0.50;-88.78;
2026-01-07 15:51:46.10;0.00:00:55:276;0.01;0.02;-1.00;0.06245;0.0004126;0.001379;-0.06235;36.67;-44.34;99.86;99.84;2.30;0.06245;0.06236;8.583E-05;-12.045;-12.051;-40.664;0.50;-88.73;
2026-01-07 15:51:46.15;0.00:00:55:327;0.01;0.02;-1.00;0.0624;0.0004171;0.001341;-0.0623;36.36;-44.35;99.86;99.84;2.25;0.0624;0.06232;8.456E-05;-12.048;-12.054;-40.728;0.50;-88.77;
2026-01-07 15:51:46.20;0.00:00:55:378;0.01;0.02;-1.00;0.06253;0.0004262;0.001328;-0.06243;36.10;-44.36;99.87;99.84;2.23;0.06253;0.06245;8.394E-05;-12.039;-12.045;-40.760;0.50;-88.78;
2026-01-07 15:51:46.25;0.00:00:55:428;0.01;0.02;-1.00;0.0624;0.0004329;0.001333;-0.0623;36.00;-44.36;99.87;99.84;2.25;0.0624;0.06232;8.208E-05;-12.048;-12.054;-40.858;0.50;-88.77;
2026-01-07 15:51:46.30;0.00:00:55:481;0.01;0.02;-1.00;0.06225;0.0004277;0.001312;-0.06216;35.97;-44.36;99.87;99.85;2.22;0.06225;0.06217;7.788E-05;-12.058;-12.064;-41.086;0.50;-88.79;
2026-01-07 15:51:46.35;0.00:00:55:532;0.01;0.02;-1.00;0.06242;0.0003887;0.001422;-0.06232;37.35;-44.32;99.86;99.83;2.36;0.06242;0.06234;8.808E-05;-12.047;-12.053;-40.551;0.50;-88.69;
2026-01-07 15:51:46.40;0.00:00:55:581;0.01;0.02;-1.00;0.06252;0.0004147;0.001363;-0.06242;36.54;-44.35;99.86;99.84;2.28;0.06252;0.06244;8.501E-05;-12.040;-12.045;-40.705;0.50;-88.75;
2026-01-07 15:51:46.46;0.00:00:55:633;0.01;0.02;-1.00;0.06246;0.000439;0.00134;-0.06237;35.93;-44.35;99.87;99.84;2.26;0.06246;0.06238;8.089E-05;-12.044;-12.049;-40.921;0.50;-88.77;
2026-01-07 15:51:46.50;0.00:00:55:683;0.01;0.02;-1.00;0.06242;0.0004;0.001382;-0.06232;36.93;-44.34;99.87;99.84;2.31;0.06242;0.06234;8.337E-05;-12.046;-12.052;-40.790;0.50;-88.73;
2026-01-07 15:51:46.56;0.00:00:55:735;0.01;0.02;-1.00;0.06234;0.0004161;0.001352;-0.06224;36.44;-44.35;99.87;99.84;2.27;0.06234;0.06226;8.113E-05;-12.052;-12.058;-40.908;0.50;-88.76;
2026-01-07 15:51:46.61;0.00:00:55:784;0.01;0.02;-1.00;0.06238;0.0004106;0.001362;-0.06228;36.61;-44.35;99.87;99.84;2.28;0.06238;0.0623;8.173E-05;-12.050;-12.055;-40.876;0.50;-88.75;
2026-01-07 15:51:46.66;0.00:00:55:835;0.01;0.02;-1.00;0.06231;0.0004159;0.001362;-0.06222;36.51;-44.34;99.87;99.84;2.29;0.06231;0.06223;8.138E-05;-12.054;-12.060;-40.895;0.50;-88.75;
2026-01-07 15:51:46.71;0.00:00:55:887;0.01;0.02;-1.00;0.06241;0.0004036;0.001391;-0.06231;36.91;-44.33;99.87;99.84;2.32;0.06241;0.06232;8.325E-05;-12.048;-12.054;-40.796;0.50;-88.72;
2026-01-07 15:51:46.76;0.00:00:55:935;0.01;0.02;-1.00;0.06241;0.000408;0.00138;-0.0623;36.77;-44.34;99.86;99.84;2.31;0.06241;0.06232;8.471E-05;-12.048;-12.054;-40.721;0.50;-88.73;
2026-01-07 15:51:46.81;0.00:00:55:988;0.01;0.02;-1.00;0.06245;0.0004206;0.001361;-0.06235;36.42;-44.35;99.87;99.84;2.28;0.06245;0.06237;8.124E-05;-12.045;-12.050;-40.902;0.50;-88.75;
2026-01-07 15:51:46.86;0.00:00:56:042;0.01;0.02;-1.00;0.0625;0.000386;0.001416;-0.06239;37.38;-44.33;99.86;99.83;2.35;0.0625;0.06241;8.717E-05;-12.041;-12.047;-40.596;0.50;-88.70;
2026-01-07 15:51:46.91;0.00:00:56:090;0.01;0.02;-1.00;0.06261;0.0004357;0.001359;-0.06252;36.11;-44.35;99.87;99.85;2.28;0.06261;0.06254;7.917E-05;-12.033;-12.039;-41.014;0.50;-88.75;
2026-01-07 15:51:46.96;0.00:00:56:142;0.01;0.02;-1.00;0.06259;0.0004395;0.001332;-0.06249;35.87;-44.36;99.87;99.84;2.24;0.06259;0.06251;8.133E-05;-12.035;-12.041;-40.898;0.50;-88.78;
2026-01-07 15:51:47.02;0.00:00:56:193;0.01;0.02;-1.00;0.06258;0.0004141;0.001378;-0.06248;36.64;-44.34;99.87;99.84;2.30;0.06258;0.0625;8.312E-05;-12.035;-12.041;-40.803;0.50;-88.74;
2026-01-07 15:51:47.07;0.00:00:56:243;0.01;0.02;-1.00;0.0626;0.0004166;0.001361;-0.0625;36.49;-44.35;99.86;99.84;2.27;0.0626;0.06252;8.57E-05;-12.034;-12.040;-40.670;0.50;-88.75;
2026-01-07 15:51:47.12;0.00:00:56:294;0.01;0.02;-1.00;0.06266;0.0003963;0.001412;-0.06256;37.16;-44.33;99.86;99.83;2.34;0.06266;0.06258;8.72E-05;-12.030;-12.036;-40.595;0.50;-88.71;
2026-01-07 15:51:47.17;0.00:00:56:346;0.01;0.02;-1.00;0.06282;0.000401;0.001388;-0.06271;36.94;-44.34;99.86;99.83;2.30;0.06282;0.06273;8.886E-05;-12.019;-12.025;-40.513;0.50;-88.73;
2026-01-07 15:51:47.22;0.00:00:56:397;0.01;0.02;-1.00;0.06288;0.0004364;0.001349;-0.06278;36.03;-44.35;99.87;99.85;2.25;0.06288;0.0628;7.927E-05;-12.015;-12.020;-41.009;0.50;-88.77;
2026-01-07 15:51:47.27;0.00:00:56:447;0.01;0.02;-1.00;0.06267;0.0004696;0.001265;-0.06258;34.82;-44.38;99.89;99.86;2.15;0.06267;0.0626;7.101E-05;-12.029;-12.034;-41.487;0.50;-88.84;
2026-01-07 15:51:47.32;0.00:00:56:500;0.01;0.02;-1.00;0.0624;0.0004324;0.001306;-0.06231;35.84;-44.37;99.87;99.85;2.20;0.0624;0.06232;7.899E-05;-12.048;-12.054;-41.024;0.50;-88.80;
2026-01-07 15:51:47.37;0.00:00:56:548;0.01;0.02;-1.00;0.06236;0.0004155;0.001383;-0.06226;36.64;-44.34;99.87;99.84;2.32;0.06236;0.06228;7.996E-05;-12.051;-12.057;-40.971;0.50;-88.73;
2026-01-07 15:51:47.42;0.00:00:56:596;0.01;0.02;-1.00;0.0624;0.0004107;0.00137;-0.0623;36.66;-44.34;99.86;99.84;2.29;0.0624;0.06232;8.502E-05;-12.048;-12.054;-40.705;0.50;-88.74;
2026-01-07 15:51:47.47;0.00:00:56:650;0.01;0.02;-1.00;0.06241;0.0004423;0.001316;-0.06231;35.71;-44.36;99.87;99.85;2.23;0.06241;0.06233;7.827E-05;-12.048;-12.053;-41.064;0.50;-88.79;
2026-01-07 15:51:47.52;0.00:00:56:700;0.01;0.02;-1.00;0.06231;0.00041;0.001356;-0.06221;36.59;-44.35;99.86;99.84;2.27;0.06231;0.06223;8.507E-05;-12.054;-12.060;-40.702;0.50;-88.75;
2026-01-07 15:51:47.58;0.00:00:56:755;0.01;0.02;-1.00;0.06243;0.0004111;0.001365;-0.06233;36.62;-44.34;99.87;99.84;2.28;0.06243;0.06235;8.071E-05;-12.046;-12.052;-40.931;0.50;-88.75;
2026-01-07 15:51:47.64;0.00:00:56:816;0.01;0.02;-1.00;0.06234;0.0004178;0.001358;-0.06224;36.45;-44.35;99.87;99.85;2.28;0.06234;0.06226;7.885E-05;-12.053;-12.058;-41.032;0.50;-88.75;
2026-01-07 15:51:47.70;0.00:00:56:877;0.01;0.02;-1.00;0.06228;0.0003982;0.001375;-0.06218;36.93;-44.34;99.86;99.83;2.30;0.06228;0.0622;8.697E-05;-12.056;-12.062;-40.606;0.50;-88.73;
2026-01-07 15:51:47.75;0.00:00:56:924;0.01;0.03;-1.00;0.06281;0.000321;0.001625;-0.06269;39.41;-44.24;99.84;99.81;2.64;0.06281;0.06271;9.79E-05;-12.020;-12.026;-40.092;0.50;-88.52;
2026-01-07 15:51:47.79;0.00:00:56:972;0.01;0.02;-1.00;0.063;0.0004614;0.001318;-0.06291;35.36;-44.36;99.88;99.86;2.22;0.063;0.06293;7.574E-05;-12.007;-12.012;-41.207;0.50;-88.80;
2026-01-07 15:51:47.85;0.00:00:57:032;0.01;0.02;-1.00;0.0629;0.0004196;0.001372;-0.0628;36.50;-44.35;99.87;99.84;2.28;0.0629;0.06281;8.285E-05;-12.014;-12.019;-40.817;0.50;-88.75;
2026-01-07 15:51:47.90;0.00:00:57:079;0.01;0.02;-1.00;0.06257;0.0004343;0.001346;-0.06247;36.06;-44.35;99.87;99.84;2.26;0.06257;0.06249;8.196E-05;-12.036;-12.042;-40.864;0.50;-88.77;
2026-01-07 15:51:47.95;0.00:00:57:125;0.01;0.02;-1.00;0.06234;0.0004264;0.001286;-0.06224;35.83;-44.38;99.87;99.84;2.17;0.06234;0.06226;8.27E-05;-12.052;-12.058;-40.825;0.50;-88.82;
2026-01-07 15:51:48.00;0.00:00:57:173;0.01;0.02;-1.00;0.06255;0.0003559;0.001502;-0.06243;38.33;-44.29;99.85;99.82;2.47;0.06255;0.06245;9.165E-05;-12.038;-12.044;-40.378;0.50;-88.62;
2026-01-07 15:51:48.06;0.00:00:57:233;0.01;0.02;-1.00;0.06286;0.0003843;0.001491;-0.06275;37.77;-44.30;99.86;99.83;2.45;0.06286;0.06277;9.078E-05;-12.016;-12.023;-40.420;0.50;-88.64;
2026-01-07 15:51:48.10;0.00:00:57:279;0.01;0.02;-1.00;0.06243;0.0004469;0.001285;-0.06233;35.41;-44.37;99.87;99.84;2.18;0.06243;0.06235;8.29E-05;-12.046;-12.052;-40.815;0.50;-88.82;
2026-01-07 15:51:48.15;0.00:00:57:327;0.01;0.02;-1.00;0.0624;0.0003926;0.001395;-0.0623;37.14;-44.33;99.86;99.84;2.32;0.0624;0.06232;8.602E-05;-12.048;-12.054;-40.654;0.50;-88.72;
2026-01-07 15:51:48.20;0.00:00:57:375;0.01;0.02;-1.00;0.06236;0.0003956;0.001368;-0.06226;36.94;-44.34;99.87;99.84;2.28;0.06236;0.06227;8.258E-05;-12.051;-12.057;-40.831;0.50;-88.74;
2026-01-07 15:51:48.24;0.00:00:57:422;0.01;0.02;-1.00;0.06266;0.0003618;0.001491;-0.06255;38.18;-44.30;99.85;99.82;2.45;0.06266;0.06257;9.255E-05;-12.030;-12.037;-40.336;0.50;-88.63;
2026-01-07 15:51:48.30;0.00:00:57:482;0.01;0.02;-1.00;0.06238;0.0004208;0.001228;-0.06228;35.54;-44.40;99.87;99.85;2.08;0.06238;0.0623;7.869E-05;-12.050;-12.055;-41.041;0.50;-88.87;
2026-01-07 15:51:48.37;0.00:00:57:544;0.01;0.02;-1.00;0.06246;0.0003617;0.001455;-0.06235;38.02;-44.31;99.85;99.82;2.40;0.06246;0.06237;9.336E-05;-12.044;-12.050;-40.298;0.50;-88.66;
2026-01-07 15:51:48.41;0.00:00:57:590;0.01;0.02;-1.00;0.06277;0.0004019;0.001444;-0.06267;37.22;-44.31;99.87;99.84;2.39;0.06277;0.06269;8.467E-05;-12.022;-12.028;-40.723;0.50;-88.68;
2026-01-07 15:51:48.46;0.00:00:57:636;0.01;0.02;-1.00;0.06262;0.0004807;0.001248;-0.06254;34.47;-44.39;99.89;99.87;2.14;0.06262;0.06255;6.763E-05;-12.033;-12.038;-41.699;0.50;-88.86;
2026-01-07 15:51:48.50;0.00:00:57:683;0.01;0.02;-1.00;0.06211;0.0004539;0.001307;-0.06202;35.42;-44.36;99.88;99.86;2.23;0.06211;0.06203;7.414E-05;-12.069;-12.074;-41.299;0.50;-88.79;
2026-01-07 15:51:48.55;0.00:00:57:732;0.01;0.02;-1.00;0.06188;0.0004143;0.001327;-0.06179;36.33;-44.36;99.88;99.85;2.25;0.06188;0.0618;7.638E-05;-12.085;-12.090;-41.170;0.50;-88.77;
2026-01-07 15:51:48.60;0.00:00:57:778;0.01;0.02;-1.00;0.06192;0.0004435;0.001334;-0.06183;35.81;-44.35;99.88;99.85;2.27;0.06192;0.06185;7.691E-05;-12.081;-12.087;-41.140;0.50;-88.76;
2026-01-07 15:51:48.65;0.00:00:57:824;0.01;0.02;-1.00;0.06182;0.0003959;0.001343;-0.06172;36.79;-44.35;99.87;99.84;2.27;0.06182;0.06174;8.191E-05;-12.089;-12.094;-40.866;0.50;-88.75;
2026-01-07 15:51:48.69;0.00:00:57:870;0.01;0.02;-1.00;0.06203;0.0004352;0.001368;-0.06194;36.18;-44.34;99.88;99.85;2.31;0.06203;0.06196;7.532E-05;-12.074;-12.079;-41.231;0.50;-88.73;
2026-01-07 15:51:48.74;0.00:00:57:916;0.01;0.02;-1.00;0.06174;0.000429;0.001306;-0.06165;35.91;-44.36;99.87;99.85;2.23;0.06174;0.06166;7.981E-05;-12.094;-12.100;-40.979;0.50;-88.79;
2026-01-07 15:51:48.79;0.00:00:57:965;0.01;0.02;-1.00;0.06194;0.0003768;0.001453;-0.06183;37.73;-44.30;99.86;99.83;2.42;0.06194;0.06185;8.745E-05;-12.081;-12.087;-40.582;0.50;-88.65;
2026-01-07 15:51:48.83;0.00:00:58:012;0.01;0.02;-1.00;0.06227;0.0003748;0.001459;-0.06216;37.80;-44.31;99.85;99.82;2.42;0.06227;0.06218;9.131E-05;-12.057;-12.064;-40.395;0.50;-88.66;
2026-01-07 15:51:48.90;0.00:00:58:073;0.01;0.02;-1.00;0.06248;0.0004083;0.001402;-0.06238;36.88;-44.33;99.86;99.83;2.34;0.06248;0.06239;8.6E-05;-12.043;-12.049;-40.655;0.50;-88.71;
2026-01-07 15:51:48.94;0.00:00:58:119;0.01;0.02;-1.00;0.06228;0.0004283;0.001334;-0.06218;36.10;-44.35;99.87;99.85;2.25;0.06228;0.0622;7.875E-05;-12.057;-12.062;-41.038;0.50;-88.77;
2026-01-07 15:51:48.99;0.00:00:58:166;0.01;0.02;-1.00;0.06221;0.0004146;0.001329;-0.0621;36.34;-44.36;99.86;99.84;2.24;0.06221;0.06212;8.507E-05;-12.062;-12.068;-40.702;0.50;-88.77;
2026-01-07 15:51:49.03;0.00:00:58:212;0.01;0.02;-1.00;0.06265;0.0004218;0.001403;-0.06255;36.64;-44.33;99.87;99.84;2.34;0.06265;0.06257;8.159E-05;-12.031;-12.037;-40.884;0.50;-88.71;
2026-01-07 15:51:49.08;0.00:00:58:261;0.01;0.02;-1.00;0.06246;0.0004469;0.001279;-0.06237;35.37;-44.38;99.88;99.85;2.17;0.06246;0.06239;7.733E-05;-12.044;-12.049;-41.116;0.50;-88.83;
2026-01-07 15:51:49.13;0.00:00:58:307;0.01;0.02;-1.00;0.06238;0.000418;0.001348;-0.06228;36.39;-44.35;99.87;99.84;2.26;0.06238;0.0623;8.263E-05;-12.049;-12.055;-40.829;0.50;-88.76;
2026-01-07 15:51:49.18;0.00:00:58:354;0.01;0.02;-1.00;0.06243;0.0003949;0.001387;-0.06232;37.05;-44.34;99.86;99.83;2.31;0.06243;0.06234;8.677E-05;-12.046;-12.052;-40.616;0.50;-88.73;
2026-01-07 15:51:49.22;0.00:00:58:401;0.01;0.02;-1.00;0.06256;0.0004031;0.001406;-0.06245;37.00;-44.33;99.86;99.84;2.34;0.06256;0.06247;8.601E-05;-12.037;-12.043;-40.654;0.50;-88.71;
2026-01-07 15:51:49.27;0.00:00:58:449;0.01;0.02;-1.00;0.06237;0.0004474;0.001284;-0.06228;35.40;-44.37;99.88;99.85;2.18;0.06237;0.0623;7.696E-05;-12.050;-12.055;-41.138;0.50;-88.82;
2026-01-07 15:51:49.33;0.00:00:58:513;0.01;0.02;-1.00;0.06229;0.000404;0.001363;-0.06219;36.75;-44.34;99.86;99.83;2.28;0.06229;0.0622;8.666E-05;-12.056;-12.062;-40.622;0.50;-88.74;
2026-01-07 15:51:49.40;0.00:00:58:573;0.01;0.02;-1.00;0.06232;0.0004289;0.001319;-0.06222;36.00;-44.36;99.87;99.84;2.23;0.06232;0.06223;8.359E-05;-12.054;-12.060;-40.778;0.50;-88.79;
2026-01-07 15:51:49.44;0.00:00:58:620;0.01;0.02;-1.00;0.06217;0.0004201;0.001339;-0.06208;36.29;-44.35;99.87;99.85;2.26;0.06217;0.06209;7.999E-05;-12.064;-12.070;-40.970;0.50;-88.76;
2026-01-07 15:51:49.49;0.00:00:58:667;0.01;0.02;-1.00;0.06222;0.0003971;0.001387;-0.06212;37.01;-44.33;99.87;99.84;2.32;0.06222;0.06214;8.345E-05;-12.061;-12.067;-40.786;0.50;-88.72;
2026-01-07 15:51:49.54;0.00:00:58:715;0.01;0.02;-1.00;0.06227;0.0004214;0.001343;-0.06218;36.29;-44.35;99.87;99.85;2.26;0.06227;0.06219;7.913E-05;-12.057;-12.063;-41.016;0.50;-88.76;
2026-01-07 15:51:49.59;0.00:00:58:770;0.01;0.02;-1.00;0.06243;0.0004032;0.001396;-0.06233;36.94;-44.33;99.86;99.84;2.33;0.06243;0.06234;8.44E-05;-12.046;-12.052;-40.736;0.50;-88.72;
2026-01-07 15:51:49.64;0.00:00:58:819;0.01;0.02;-1.00;0.06244;0.0004172;0.001369;-0.06234;36.53;-44.34;99.87;99.85;2.29;0.06244;0.06236;7.957E-05;-12.046;-12.051;-40.993;0.50;-88.74;
2026-01-07 15:51:49.69;0.00:00:58:872;0.01;0.02;-1.00;0.0625;0.0004132;0.001374;-0.0624;36.63;-44.34;99.87;99.84;2.30;0.0625;0.06242;8.261E-05;-12.041;-12.047;-40.830;0.50;-88.74;
2026-01-07 15:51:49.74;0.00:00:58:922;0.01;0.02;-1.00;0.06246;0.0004277;0.001334;-0.06236;36.11;-44.36;99.87;99.84;2.24;0.06246;0.06238;8.212E-05;-12.044;-12.050;-40.855;0.50;-88.77;
2026-01-07 15:51:49.80;0.00:00:58:973;0.01;0.02;-1.00;0.06244;0.0003945;0.001386;-0.06233;37.06;-44.34;99.86;99.83;2.31;0.06244;0.06235;8.685E-05;-12.046;-12.052;-40.612;0.50;-88.73;
2026-01-07 15:51:49.85;0.00:00:59:026;0.01;0.02;-1.00;0.0625;0.0004157;0.001366;-0.0624;36.54;-44.34;99.87;99.84;2.28;0.0625;0.06241;8.247E-05;-12.041;-12.047;-40.837;0.50;-88.75;
2026-01-07 15:51:49.90;0.00:00:59:077;0.01;0.02;-1.00;0.06245;0.0004246;0.001335;-0.06236;36.18;-44.36;99.87;99.84;2.24;0.06245;0.06237;8.2E-05;-12.044;-12.050;-40.862;0.50;-88.77;
2026-01-07 15:51:49.95;0.00:00:59:126;0.01;0.02;-1.00;0.06234;0.0004448;0.001306;-0.06225;35.60;-44.37;99.87;99.85;2.21;0.06234;0.06227;7.844E-05;-12.052;-12.057;-41.055;0.50;-88.80;
2026-01-07 15:51:50.00;0.00:00:59:177;0.01;0.02;-1.00;0.0623;0.000413;0.001364;-0.0622;36.58;-44.34;99.86;99.84;2.29;0.0623;0.06222;8.532E-05;-12.055;-12.061;-40.690;0.50;-88.74;
2026-01-07 15:51:50.05;0.00:00:59:231;0.01;0.02;-1.00;0.06209;0.0004041;0.00134;-0.062;36.61;-44.35;99.87;99.84;2.25;0.06209;0.06201;8.23E-05;-12.070;-12.075;-40.846;0.50;-88.76;
2026-01-07 15:51:50.10;0.00:00:59:279;0.01;0.02;-1.00;0.06222;0.0003831;0.001381;-0.06212;37.25;-44.34;99.86;99.84;2.30;0.06222;0.06213;8.519E-05;-12.061;-12.067;-40.696;0.50;-88.73;
2026-01-07 15:51:50.15;0.00:00:59:332;0.01;0.02;-1.00;0.06207;0.0004641;0.001178;-0.06199;34.25;-44.42;99.88;99.86;2.04;0.06207;0.062;7.294E-05;-12.071;-12.076;-41.370;0.50;-88.91;
2026-01-07 15:51:50.21;0.00:00:59:385;0.01;0.02;-1.00;0.06216;0.0003641;0.001482;-0.06205;38.10;-44.30;99.85;99.82;2.45;0.06216;0.06207;9.241E-05;-12.065;-12.071;-40.343;0.50;-88.63;
2026-01-07 15:51:50.26;0.00:00:59:434;0.01;0.02;-1.00;0.06266;0.0004128;0.001419;-0.06256;36.89;-44.32;99.87;99.84;2.36;0.06266;0.06258;8.458E-05;-12.030;-12.036;-40.727;0.50;-88.70;
2026-01-07 15:51:50.31;0.00:00:59:484;0.01;0.02;-1.00;0.06267;0.0004163;0.001362;-0.06257;36.50;-44.35;99.87;99.84;2.27;0.06267;0.06259;8.289E-05;-12.030;-12.035;-40.815;0.50;-88.75;
2026-01-07 15:51:50.36;0.00:00:59:535;0.01;0.02;-1.00;0.06279;0.0003785;0.001447;-0.06268;37.67;-44.32;99.86;99.83;2.38;0.06279;0.0627;8.956E-05;-12.021;-12.028;-40.479;0.50;-88.68;
2026-01-07 15:51:50.41;0.00:00:59:587;0.01;0.02;-1.00;0.06271;0.0004515;0.001278;-0.06262;35.27;-44.38;99.88;99.86;2.16;0.06271;0.06264;7.513E-05;-12.026;-12.032;-41.242;0.50;-88.83;
2026-01-07 15:51:50.46;0.00:00:59:636;0.01;0.02;-1.00;0.06239;0.000501;0.001196;-0.0623;33.63;-44.40;99.89;99.87;2.08;0.06239;0.06232;6.922E-05;-12.049;-12.054;-41.598;0.50;-88.90;
2026-01-07 15:51:50.51;0.00:00:59:687;0.01;0.02;-1.00;0.06252;0.0004438;0.00128;-0.06243;35.44;-44.38;99.88;99.85;2.17;0.06252;0.06244;7.741E-05;-12.040;-12.045;-41.112;0.50;-88.83;
2026-01-07 15:51:50.57;0.00:00:59:748;0.01;0.02;-1.00;0.06238;0.0004257;0.001321;-0.06229;36.07;-44.36;99.88;99.85;2.22;0.06238;0.06231;7.733E-05;-12.049;-12.055;-41.117;0.50;-88.79;
2026-01-07 15:51:50.62;0.00:00:59:800;0.01;0.02;-1.00;0.06245;0.0004548;0.001237;-0.06235;34.90;-44.39;99.87;99.85;2.11;0.06245;0.06237;7.838E-05;-12.045;-12.050;-41.058;0.50;-88.86;
2026-01-07 15:51:50.67;0.00:00:59:849;0.01;0.02;-1.00;0.06243;0.0003955;0.001395;-0.06233;37.08;-44.33;99.86;99.84;2.32;0.06243;0.06235;8.523E-05;-12.046;-12.052;-40.694;0.50;-88.72;
2026-01-07 15:51:50.72;0.00:00:59:900;0.01;0.02;-1.00;0.06253;0.0004017;0.001387;-0.06243;36.92;-44.34;99.87;99.84;2.31;0.06253;0.06244;8.257E-05;-12.039;-12.045;-40.832;0.50;-88.73;
2026-01-07 15:51:50.78;0.00:00:59:955;0.01;0.02;-1.00;0.06262;0.0004173;0.001386;-0.06253;36.62;-44.34;99.87;99.84;2.31;0.06262;0.06254;8.226E-05;-12.033;-12.038;-40.848;0.50;-88.73;
2026-01-07 15:51:50.82;0.00:01:00:002;0.01;0.02;-1.00;0.06243;0.0004464;0.001296;-0.06233;35.49;-44.37;99.88;99.85;2.20;0.06243;0.06235;7.791E-05;-12.046;-12.052;-41.084;0.50;-88.81;
