Device : ;PAX1000IR1
Serial Number : ;M00974113
Firmware Version : ;1.0.13
Software Version : ;1.4.2002.183
Wavelength [nm] : ;780
Basic Sample Rate [Hz] : ;60
Operating Mode : ;1 revolution for one measurement, 2048 points for FFT

Time[date hh:mm:ss] ; Elapsed Time [hh:mm:ss:ms]; Normalized s 1 ; Normalized s 2 ; Normalized s 3 ; S 0 [mW]; S 1 [mW]; S 2 [mW]; S 3 [mW]; Azimuth[°] ; Ellipticity[°] ; DOP[%] ; DOCP[%] ; DOLP[%] ; Power[mW] ; Pol Power[mW] ; Unpol Power[mW] ; Power[dBm] ; Pol Power[dBm] ; Unpol Power[dBm] ; Power-Split-Ratio ; Phase Difference[°] ; Warning
2026-01-07 13:38:46.60;0.00:00:00:052;0.00;0.00;1.00;0.07207;-3.162E-05;-4.145E-05;0.07209;-63.67;44.98;100.03;100.03;0.07;0.07207;0.07209;-2.321E-05;-11.423;-11.421;-99.990;0.50;90.03;
2026-01-07 13:38:46.65;0.00:00:00:100;0.00;0.00;1.00;0.0721;-3.496E-05;-1.508E-05;0.07213;-78.33;44.98;100.04;100.04;0.05;0.0721;0.07213;-2.913E-05;-11.421;-11.419;-99.990;0.50;90.01;
2026-01-07 13:38:46.70;0.00:00:00:151;0.00;0.00;1.00;0.07158;-1.162E-05;-1.367E-05;0.07161;-65.17;44.99;100.04;100.04;0.03;0.07158;0.07161;-3.049E-05;-11.452;-11.450;-99.990;0.50;90.01;
2026-01-07 13:38:46.75;0.00:00:00:201;0.00;0.00;1.00;0.0721;-2.334E-05;-6.282E-05;0.07213;-55.19;44.97;100.04;100.04;0.09;0.0721;0.07213;-2.949E-05;-11.421;-11.419;-99.990;0.50;90.05;
2026-01-07 13:38:46.80;0.00:00:00:253;0.00;0.00;1.00;0.07248;-2.53E-05;-4.021E-05;0.07251;-61.09;44.98;100.04;100.04;0.07;0.07248;0.07251;-2.812E-05;-11.398;-11.396;-99.990;0.50;90.03;
2026-01-07 13:38:46.85;0.00:00:00:304;0.00;0.00;1.00;0.07247;-1.235E-05;-5.019E-05;0.0725;-51.91;44.98;100.04;100.04;0.07;0.07247;0.0725;-3.145E-05;-11.399;-11.397;-99.990;0.50;90.04;
2026-01-07 13:38:46.90;0.00:00:00:354;0.00;0.00;1.00;0.07279;-1.729E-05;-9.675E-06;0.07282;-75.39;44.99;100.04;100.04;0.03;0.07279;0.07282;-3.123E-05;-11.379;-11.378;-99.990;0.50;90.01;
2026-01-07 13:38:46.95;0.00:00:00:405;0.00;0.00;1.00;0.07262;-1.652E-05;-4.327E-05;0.07265;-55.45;44.98;100.05;100.05;0.06;0.07262;0.07265;-3.369E-05;-11.390;-11.388;-99.990;0.50;90.03;
2026-01-07 13:38:47.00;0.00:00:00:455;0.00;0.00;1.00;0.07302;-3.105E-05;-6.538E-05;0.07306;-57.70;44.97;100.04;100.04;0.10;0.07302;0.07306;-3.264E-05;-11.365;-11.363;-99.990;0.50;90.05;
2026-01-07 13:38:47.05;0.00:00:00:505;0.00;0.00;1.00;0.07325;-3.885E-05;-2.339E-05;0.07327;-74.48;44.98;100.03;100.03;0.06;0.07325;0.07327;-2.432E-05;-11.352;-11.351;-99.990;0.50;90.02;
2026-01-07 13:38:47.10;0.00:00:00:558;0.00;0.00;1.00;0.07267;-2.728E-05;-2.034E-05;0.07269;-71.65;44.99;100.04;100.04;0.05;0.07267;0.07269;-2.681E-05;-11.387;-11.385;-99.990;0.50;90.02;
2026-01-07 13:38:47.15;0.00:00:00:607;0.00;0.00;1.00;0.07265;-2.213E-05;-4.703E-05;0.07268;-57.60;44.98;100.04;100.04;0.07;0.07265;0.07268;-2.899E-05;-11.388;-11.386;-99.990;0.50;90.04;
2026-01-07 13:38:47.21;0.00:00:00:659;0.00;0.00;1.00;0.07235;-1.85E-05;-2.79E-05;0.07238;-61.78;44.99;100.03;100.03;0.05;0.07235;0.07238;-2.417E-05;-11.405;-11.404;-99.990;0.50;90.02;
2026-01-07 13:38:47.25;0.00:00:00:709;0.00;0.00;1.00;0.07261;-3.267E-05;-5.721E-05;0.07264;-59.87;44.97;100.04;100.04;0.09;0.07261;0.07264;-2.563E-05;-11.390;-11.388;-99.990;0.50;90.05;
2026-01-07 13:38:47.31;0.00:00:00:760;0.00;0.00;1.00;0.07289;-2.872E-05;-3.807E-05;0.07292;-63.52;44.98;100.04;100.04;0.07;0.07289;0.07292;-3.032E-05;-11.373;-11.371;-99.990;0.50;90.03;
2026-01-07 13:38:47.36;0.00:00:00:812;0.00;0.00;1.00;0.07302;-2.623E-05;-3.505E-05;0.07305;-63.41;44.98;100.04;100.04;0.06;0.07302;0.07305;-2.921E-05;-11.366;-11.364;-99.990;0.50;90.03;
2026-01-07 13:38:47.41;0.00:00:00:863;0.00;0.00;1.00;0.07299;-2.381E-05;-3.66E-05;0.07302;-61.53;44.98;100.04;100.04;0.06;0.07299;0.07302;-3.219E-05;-11.367;-11.365;-99.990;0.50;90.03;
2026-01-07 13:38:47.46;0.00:00:00:915;0.00;0.00;1.00;0.07309;-3.134E-05;-4.027E-05;0.07312;-63.95;44.98;100.04;100.04;0.07;0.07309;0.07312;-2.96E-05;-11.362;-11.360;-99.990;0.50;90.03;
2026-01-07 13:38:47.51;0.00:00:00:965;0.00;0.00;1.00;0.07247;-4.051E-05;5.368E-06;0.07249;86.23;44.98;100.03;100.03;0.06;0.07247;0.07249;-2.333E-05;-11.399;-11.397;-99.990;0.50;90.00;
2026-01-07 13:38:47.56;0.00:00:01:013;0.00;0.00;1.00;0.07186;-1.428E-05;-2.512E-05;0.07189;-59.81;44.99;100.04;100.04;0.04;0.07186;0.07189;-3.004E-05;-11.435;-11.433;-99.990;0.50;90.02;
2026-01-07 13:38:47.61;0.00:00:01:064;0.00;0.00;1.00;0.07239;-3.565E-05;-5.062E-05;0.07242;-62.58;44.98;100.03;100.03;0.09;0.07239;0.07242;-2.222E-05;-11.403;-11.402;-99.990;0.50;90.04;
2026-01-07 13:38:47.66;0.00:00:01:114;0.00;0.00;1.00;0.07247;-3.187E-05;-3.256E-05;0.07249;-67.19;44.98;100.04;100.04;0.06;0.07247;0.07249;-2.725E-05;-11.399;-11.397;-99.990;0.50;90.03;
2026-01-07 13:38:47.71;0.00:00:01:166;0.00;0.00;1.00;0.07272;-3.234E-05;-5.407E-05;0.07274;-60.44;44.98;100.03;100.03;0.09;0.07272;0.07274;-2.451E-05;-11.384;-11.382;-99.990;0.50;90.04;
2026-01-07 13:38:47.76;0.00:00:01:215;0.00;0.00;1.00;0.0727;-2.598E-05;-3.581E-05;0.07272;-62.98;44.98;100.04;100.03;0.06;0.0727;0.07272;-2.544E-05;-11.385;-11.383;-99.990;0.50;90.03;
2026-01-07 13:38:47.81;0.00:00:01:267;0.00;0.00;1.00;0.07289;-3.515E-05;-3.853E-05;0.07291;-66.19;44.98;100.03;100.03;0.07;0.07289;0.07291;-2.384E-05;-11.373;-11.372;-99.990;0.50;90.03;
2026-01-07 13:38:47.87;0.00:00:01:320;0.00;0.00;1.00;0.07278;-2.518E-05;-3.192E-05;0.07281;-64.14;44.98;100.04;100.04;0.06;0.07278;0.07281;-2.729E-05;-11.380;-11.378;-99.990;0.50;90.03;
2026-01-07 13:38:47.92;0.00:00:01:371;0.00;0.00;1.00;0.07258;-2.45E-05;-1.873E-05;0.0726;-71.30;44.99;100.04;100.04;0.04;0.07258;0.0726;-2.642E-05;-11.392;-11.390;-99.990;0.50;90.01;
2026-01-07 13:38:47.97;0.00:00:01:421;0.00;0.00;1.00;0.07263;-3.152E-05;-2.595E-05;0.07266;-70.27;44.98;100.04;100.04;0.06;0.07263;0.07266;-2.883E-05;-11.389;-11.387;-99.990;0.50;90.02;
2026-01-07 13:38:48.05;0.00:00:01:506;0.00;0.00;1.00;0.07265;-2.586E-05;-2.444E-05;0.07268;-68.31;44.99;100.04;100.04;0.05;0.07265;0.07268;-3.262E-05;-11.388;-11.386;-99.990;0.50;90.02;
2026-01-07 13:38:48.10;0.00:00:01:556;0.00;0.00;1.00;0.0726;-3.28E-05;-2.329E-05;0.07263;-72.31;44.98;100.04;100.04;0.06;0.0726;0.07263;-2.672E-05;-11.391;-11.389;-99.990;0.50;90.02;
2026-01-07 13:38:48.15;0.00:00:01:606;0.00;0.00;1.00;0.07257;-3.241E-05;-3.774E-05;0.0726;-65.33;44.98;100.03;100.03;0.07;0.07257;0.0726;-2.395E-05;-11.392;-11.391;-99.990;0.50;90.03;
2026-01-07 13:38:48.20;0.00:00:01:656;0.00;0.00;1.00;0.07267;-3.059E-05;-2.536E-05;0.0727;-70.17;44.98;100.04;100.04;0.05;0.07267;0.0727;-3.016E-05;-11.386;-11.384;-99.990;0.50;90.02;
2026-01-07 13:38:48.25;0.00:00:01:708;0.00;0.00;1.00;0.07257;-3.25E-05;-2.977E-05;0.0726;-68.75;44.98;100.04;100.04;0.06;0.07257;0.0726;-2.787E-05;-11.392;-11.391;-99.990;0.50;90.02;
2026-01-07 13:38:48.30;0.00:00:01:758;0.00;0.00;1.00;0.07282;-3.018E-05;-4.405E-05;0.07284;-62.21;44.98;100.03;100.03;0.07;0.07282;0.07284;-2.439E-05;-11.378;-11.376;-99.990;0.50;90.03;
2026-01-07 13:38:48.36;0.00:00:01:809;0.00;0.00;1.00;0.07304;-3.747E-05;-2.983E-05;0.07306;-70.74;44.98;100.04;100.04;0.07;0.07304;0.07306;-2.768E-05;-11.365;-11.363;-99.990;0.50;90.02;
2026-01-07 13:38:48.41;0.00:00:01:862;0.00;0.00;1.00;0.07281;-2.625E-05;-2.199E-05;0.07284;-70.03;44.99;100.04;100.04;0.05;0.07281;0.07284;-2.614E-05;-11.378;-11.376;-99.990;0.50;90.02;
2026-01-07 13:38:48.49;0.00:00:01:942;0.00;0.00;1.00;0.0728;-3.536E-05;-1.162E-05;0.07283;-80.91;44.99;100.03;100.03;0.05;0.0728;0.07283;-2.475E-05;-11.379;-11.377;-99.990;0.50;90.01;
2026-01-07 13:38:48.55;0.00:00:02:003;0.00;0.00;1.00;0.07247;-3.362E-05;-1.673E-05;0.07249;-76.77;44.99;100.04;100.04;0.05;0.07247;0.07249;-2.609E-05;-11.399;-11.397;-99.990;0.50;90.01;
2026-01-07 13:38:48.60;0.00:00:02:055;0.00;0.00;1.00;0.07235;-3.626E-05;-2.251E-05;0.07237;-74.09;44.98;100.03;100.03;0.06;0.07235;0.07237;-2.221E-05;-11.406;-11.404;-99.990;0.50;90.02;
2026-01-07 13:38:48.65;0.00:00:02:105;0.00;0.00;1.00;0.07241;-3.058E-05;-2.27E-05;0.07244;-71.71;44.98;100.04;100.04;0.05;0.07241;0.07244;-2.962E-05;-11.402;-11.400;-99.990;0.50;90.02;
2026-01-07 13:38:48.70;0.00:00:02:158;0.00;0.00;1.00;0.07241;-2.831E-05;-1.835E-05;0.07244;-73.53;44.99;100.04;100.04;0.05;0.07241;0.07244;-2.838E-05;-11.402;-11.400;-99.990;0.50;90.01;
2026-01-07 13:38:48.75;0.00:00:02:209;0.00;0.00;1.00;0.07231;-2.874E-05;-1.188E-05;0.07234;-78.78;44.99;100.04;100.04;0.04;0.07231;0.07234;-2.9E-05;-11.408;-11.406;-99.990;0.50;90.01;
2026-01-07 13:38:48.80;0.00:00:02:258;0.00;0.00;1.00;0.07242;-2.433E-05;-9.193E-06;0.07245;-79.65;44.99;100.04;100.04;0.04;0.07242;0.07245;-3.013E-05;-11.401;-11.400;-99.990;0.50;90.01;
2026-01-07 13:38:48.86;0.00:00:02:310;0.00;0.00;1.00;0.0725;-3.056E-05;-3.428E-05;0.07253;-65.86;44.98;100.03;100.03;0.06;0.0725;0.07253;-2.487E-05;-11.396;-11.395;-99.990;0.50;90.03;
2026-01-07 13:38:48.91;0.00:00:02:362;0.00;0.00;1.00;0.07258;-3.645E-05;-2.683E-05;0.07261;-71.82;44.98;100.04;100.04;0.06;0.07258;0.07261;-2.686E-05;-11.392;-11.390;-99.990;0.50;90.02;
2026-01-07 13:38:48.96;0.00:00:02:413;0.00;0.00;1.00;0.07254;-2.581E-05;-2.064E-05;0.07257;-70.67;44.99;100.04;100.04;0.05;0.07254;0.07257;-2.67E-05;-11.394;-11.393;-99.990;0.50;90.02;
2026-01-07 13:38:49.01;0.00:00:02:460;0.00;0.00;1.00;0.07242;-2.581E-05;-3.218E-05;0.07244;-64.37;44.98;100.04;100.04;0.06;0.07242;0.07244;-2.556E-05;-11.402;-11.400;-99.990;0.50;90.03;
2026-01-07 13:38:49.06;0.00:00:02:510;0.00;0.00;1.00;0.07248;-2.99E-05;-2.125E-05;0.0725;-72.30;44.99;100.04;100.04;0.05;0.07248;0.0725;-2.595E-05;-11.398;-11.396;-99.990;0.50;90.02;
2026-01-07 13:38:49.11;0.00:00:02:562;0.00;0.00;1.00;0.07268;-3.419E-05;-1.776E-05;0.07271;-76.28;44.98;100.04;100.04;0.05;0.07268;0.07271;-2.864E-05;-11.386;-11.384;-99.990;0.50;90.01;
2026-01-07 13:38:49.16;0.00:00:02:614;0.00;0.00;1.00;0.07268;-3.188E-05;-1.14E-05;0.0727;-80.16;44.99;100.04;100.04;0.05;0.07268;0.0727;-2.551E-05;-11.386;-11.385;-99.990;0.50;90.01;
2026-01-07 13:38:49.22;0.00:00:02:673;0.00;0.00;1.00;0.07258;-3.164E-05;-1.885E-05;0.07261;-74.61;44.99;100.04;100.04;0.05;0.07258;0.07261;-2.809E-05;-11.392;-11.390;-99.990;0.50;90.01;
2026-01-07 13:38:49.27;0.00:00:02:726;0.00;0.00;1.00;0.07246;-2.78E-05;-1.897E-05;0.07248;-72.85;44.99;100.04;100.04;0.05;0.07246;0.07248;-2.674E-05;-11.399;-11.398;-99.990;0.50;90.01;
2026-01-07 13:38:49.32;0.00:00:02:776;0.00;0.00;1.00;0.07247;-2.96E-05;-1.352E-05;0.0725;-77.72;44.99;100.04;100.04;0.04;0.07247;0.0725;-2.71E-05;-11.398;-11.397;-99.990;0.50;90.01;
2026-01-07 13:38:49.37;0.00:00:02:828;0.00;0.00;1.00;0.07252;-2.67E-05;-1.93E-05;0.07255;-72.07;44.99;100.04;100.04;0.05;0.07252;0.07255;-2.959E-05;-11.395;-11.394;-99.990;0.50;90.02;
2026-01-07 13:38:49.42;0.00:00:02:878;0.00;0.00;1.00;0.07273;-3.348E-05;-3.218E-05;0.07275;-68.07;44.98;100.04;100.04;0.06;0.07273;0.07275;-2.72E-05;-11.383;-11.382;-99.990;0.50;90.03;
2026-01-07 13:38:49.48;0.00:00:02:930;0.00;0.00;1.00;0.07294;-3.246E-05;-9.518E-05;0.07297;-54.42;44.96;100.04;100.04;0.14;0.07294;0.07297;-2.786E-05;-11.370;-11.368;-99.990;0.50;90.07;
2026-01-07 13:38:49.53;0.00:00:02:981;0.00;0.00;1.00;0.07315;-3.531E-05;3.401E-05;0.07318;68.04;44.98;100.04;100.04;0.07;0.07315;0.07318;-2.714E-05;-11.358;-11.356;-99.990;0.50;89.97;
2026-01-07 13:38:49.58;0.00:00:03:038;0.00;0.00;1.00;0.07278;-3.738E-05;1.598E-05;0.07281;78.42;44.98;100.03;100.03;0.06;0.07278;0.07281;-2.504E-05;-11.380;-11.378;-99.990;0.50;89.99;
2026-01-07 13:38:49.63;0.00:00:03:085;0.00;0.00;1.00;0.07241;-2.938E-05;-8.226E-06;0.07244;-82.18;44.99;100.03;100.03;0.04;0.07241;0.07244;-2.426E-05;-11.402;-11.400;-99.990;0.50;90.01;
2026-01-07 13:38:49.68;0.00:00:03:132;0.00;0.00;1.00;0.07239;-3.502E-05;-3.292E-05;0.07241;-68.39;44.98;100.04;100.04;0.07;0.07239;0.07241;-2.801E-05;-11.404;-11.402;-99.990;0.50;90.03;
2026-01-07 13:38:49.72;0.00:00:03:178;0.00;0.00;1.00;0.07238;-3.204E-05;-1.225E-05;0.07241;-79.54;44.99;100.04;100.04;0.05;0.07238;0.07241;-2.982E-05;-11.404;-11.402;-99.990;0.50;90.01;
2026-01-07 13:38:49.77;0.00:00:03:225;0.00;0.00;1.00;0.07261;-1.017E-05;-1.734E-05;0.07264;-60.20;44.99;100.04;100.04;0.03;0.07261;0.07264;-2.672E-05;-11.390;-11.388;-99.990;0.50;90.01;
2026-01-07 13:38:49.82;0.00:00:03:271;0.00;0.00;1.00;0.0728;-4.062E-05;-3.318E-05;0.07284;-70.38;44.98;100.05;100.05;0.07;0.0728;0.07284;-3.305E-05;-11.379;-11.377;-99.990;0.50;90.03;
2026-01-07 13:38:49.86;0.00:00:03:317;0.00;0.00;1.00;0.07276;-2.418E-05;2.284E-06;0.07279;87.30;44.99;100.04;100.04;0.03;0.07276;0.07279;-2.779E-05;-11.381;-11.379;-99.990;0.50;90.00;
2026-01-07 13:38:49.91;0.00:00:03:365;0.00;0.00;1.00;0.07246;-4.11E-05;-1.831E-06;0.07249;-88.72;44.98;100.04;100.04;0.06;0.07246;0.07249;-3.043E-05;-11.399;-11.397;-99.990;0.50;90.00;
2026-01-07 13:38:49.96;0.00:00:03:411;0.00;0.00;1.00;0.07229;-1.869E-05;-4.284E-05;0.07231;-56.78;44.98;100.03;100.03;0.06;0.07229;0.07231;-2.277E-05;-11.409;-11.408;-99.990;0.50;90.03;
2026-01-07 13:38:50.00;0.00:00:03:457;0.00;0.00;1.00;0.073;-4.791E-05;-3.504E-05;0.07303;-71.91;44.98;100.04;100.04;0.08;0.073;0.07303;-2.862E-05;-11.367;-11.365;-99.990;0.50;90.03;
2026-01-07 13:38:50.05;0.00:00:03:504;0.00;0.00;1.00;0.07305;-3.156E-05;-3.183E-05;0.07308;-67.38;44.98;100.04;100.04;0.06;0.07305;0.07308;-2.951E-05;-11.364;-11.362;-99.990;0.50;90.02;
2026-01-07 13:38:50.10;0.00:00:03:552;0.00;0.00;1.00;0.07334;-3.858E-05;-1.042E-05;0.07337;-82.44;44.98;100.04;100.04;0.05;0.07334;0.07337;-3.154E-05;-11.347;-11.345;-99.990;0.50;90.01;
2026-01-07 13:38:50.15;0.00:00:03:602;0.00;0.00;1.00;0.07319;-3.806E-05;-2.424E-05;0.07322;-73.75;44.98;100.04;100.04;0.06;0.07319;0.07322;-2.701E-05;-11.355;-11.354;-99.990;0.50;90.02;
2026-01-07 13:38:50.21;0.00:00:03:661;0.00;0.00;1.00;0.07271;-2.265E-05;3.278E-05;0.07274;62.32;44.98;100.04;100.04;0.05;0.07271;0.07274;-2.814E-05;-11.384;-11.382;-99.990;0.50;89.97;
2026-01-07 13:38:50.25;0.00:00:03:708;0.00;0.00;1.00;0.07267;-4.089E-05;9.473E-06;0.0727;83.48;44.98;100.04;100.04;0.06;0.07267;0.0727;-3.023E-05;-11.386;-11.384;-99.990;0.50;89.99;
2026-01-07 13:38:50.30;0.00:00:03:755;0.00;0.00;1.00;0.07186;-2.117E-05;2.559E-05;0.07189;64.80;44.99;100.04;100.04;0.05;0.07186;0.07189;-2.867E-05;-11.435;-11.433;-99.990;0.50;89.98;
2026-01-07 13:38:50.35;0.00:00:03:804;0.00;0.00;1.00;0.07191;-3.447E-05;-5.919E-05;0.07194;-60.11;44.97;100.04;100.04;0.10;0.07191;0.07194;-2.891E-05;-11.432;-11.430;-99.990;0.50;90.05;
2026-01-07 13:38:50.41;0.00:00:03:865;0.00;0.00;1.00;0.07251;-3.07E-05;-6.163E-06;0.07254;-84.33;44.99;100.04;100.04;0.04;0.07251;0.07254;-2.784E-05;-11.396;-11.394;-99.990;0.50;90.00;
2026-01-07 13:38:50.46;0.00:00:03:913;0.00;0.00;1.00;0.0726;-3.388E-05;-1.396E-05;0.07262;-78.81;44.99;100.04;100.04;0.05;0.0726;0.07262;-2.918E-05;-11.391;-11.389;-99.990;0.50;90.01;
2026-01-07 13:38:50.50;0.00:00:03:959;0.00;0.00;1.00;0.07267;-3.444E-05;-2.001E-05;0.0727;-74.92;44.98;100.04;100.04;0.05;0.07267;0.0727;-2.783E-05;-11.386;-11.385;-99.990;0.50;90.02;
2026-01-07 13:38:50.55;0.00:00:04:008;0.00;0.00;1.00;0.07282;-4.456E-05;-2.121E-06;0.07285;-88.64;44.98;100.04;100.04;0.06;0.07282;0.07285;-2.986E-05;-11.377;-11.376;-99.990;0.50;90.00;
2026-01-07 13:38:50.61;0.00:00:04:068;0.00;0.00;1.00;0.07215;-2.688E-05;5.147E-06;0.07218;84.58;44.99;100.04;100.04;0.04;0.07215;0.07218;-2.706E-05;-11.417;-11.416;-99.990;0.50;90.00;
2026-01-07 13:38:50.66;0.00:00:04:113;0.00;0.00;1.00;0.07257;-4.243E-05;7.148E-06;0.0726;85.22;44.98;100.04;100.04;0.06;0.07257;0.0726;-2.83E-05;-11.393;-11.391;-99.990;0.50;89.99;
2026-01-07 13:38:50.71;0.00:00:04:161;0.00;0.00;1.00;0.07229;-2.314E-05;1.527E-05;0.07232;73.29;44.99;100.04;100.04;0.04;0.07229;0.07232;-2.885E-05;-11.409;-11.407;-99.990;0.50;89.99;
2026-01-07 13:38:50.77;0.00:00:04:222;0.00;0.00;1.00;0.07266;-3.296E-05;-2.194E-05;0.07269;-73.18;44.98;100.04;100.04;0.05;0.07266;0.07269;-2.863E-05;-11.387;-11.385;-99.990;0.50;90.02;
2026-01-07 13:38:50.82;0.00:00:04:271;0.00;0.00;1.00;0.07264;-2.952E-05;-5.939E-06;0.07267;-84.31;44.99;100.04;100.04;0.04;0.07264;0.07267;-2.673E-05;-11.388;-11.386;-99.990;0.50;90.00;
2026-01-07 13:38:50.86;0.00:00:04:316;0.00;0.00;1.00;0.07253;-3.558E-05;-9.609E-06;0.07256;-82.44;44.99;100.04;100.04;0.05;0.07253;0.07256;-2.633E-05;-11.395;-11.393;-99.990;0.50;90.01;
2026-01-07 13:38:50.91;0.00:00:04:366;0.00;0.00;1.00;0.07255;-3.217E-05;-1.621E-05;0.07258;-76.62;44.99;100.04;100.04;0.05;0.07255;0.07258;-2.844E-05;-11.394;-11.392;-99.990;0.50;90.01;
2026-01-07 13:38:50.96;0.00:00:04:413;0.00;0.00;1.00;0.07265;-3.707E-05;-1.067E-05;0.07268;-81.97;44.98;100.04;100.04;0.05;0.07265;0.07268;-3.044E-05;-11.388;-11.386;-99.990;0.50;90.01;
2026-01-07 13:38:51.02;0.00:00:04:474;0.00;0.00;1.00;0.07253;-3.627E-05;-6.619E-06;0.07256;-84.83;44.99;100.04;100.04;0.05;0.07253;0.07256;-2.894E-05;-11.395;-11.393;-99.990;0.50;90.01;
2026-01-07 13:38:51.08;0.00:00:04:536;0.00;0.00;1.00;0.07244;-4.131E-05;-7.502E-06;0.07247;-84.85;44.98;100.04;100.04;0.06;0.07244;0.07247;-2.564E-05;-11.400;-11.399;-99.990;0.50;90.01;
2026-01-07 13:38:51.13;0.00:00:04:584;0.00;0.00;1.00;0.0726;-3.97E-05;-4.24E-06;0.07263;-86.95;44.98;100.04;100.04;0.05;0.0726;0.07263;-2.657E-05;-11.390;-11.389;-99.990;0.50;90.00;
2026-01-07 13:38:51.19;0.00:00:04:644;0.00;0.00;1.00;0.07255;-3.19E-05;-2.004E-06;0.07258;-88.20;44.99;100.04;100.04;0.04;0.07255;0.07258;-2.605E-05;-11.393;-11.392;-99.990;0.50;90.00;
2026-01-07 13:38:51.24;0.00:00:04:693;0.00;0.00;1.00;0.07257;-2.991E-05;-6.921E-06;0.0726;-83.49;44.99;100.04;100.04;0.04;0.07257;0.0726;-3.048E-05;-11.392;-11.391;-99.990;0.50;90.01;
2026-01-07 13:38:51.29;0.00:00:04:739;0.00;0.00;1.00;0.07268;-4.397E-05;-1.374E-05;0.07271;-81.32;44.98;100.04;100.04;0.06;0.07268;0.07271;-2.784E-05;-11.386;-11.384;-99.990;0.50;90.01;
2026-01-07 13:38:51.33;0.00:00:04:787;0.00;0.00;1.00;0.07252;-3.261E-05;9.832E-06;0.07254;81.61;44.99;100.04;100.04;0.05;0.07252;0.07254;-2.951E-05;-11.396;-11.394;-99.990;0.50;89.99;
2026-01-07 13:38:51.38;0.00:00:04:834;0.00;0.00;1.00;0.07245;-3.122E-05;-9.711E-06;0.07248;-81.36;44.99;100.04;100.04;0.05;0.07245;0.07248;-2.637E-05;-11.400;-11.398;-99.990;0.50;90.01;
2026-01-07 13:38:51.44;0.00:00:04:895;0.00;0.00;1.00;0.07238;-2.547E-05;-8.756E-06;0.07241;-80.51;44.99;100.04;100.04;0.04;0.07238;0.07241;-2.779E-05;-11.404;-11.402;-99.990;0.50;90.01;
2026-01-07 13:38:51.50;0.00:00:04:956;0.00;0.00;1.00;0.07271;-3.204E-05;-1.552E-05;0.07273;-77.08;44.99;100.04;100.04;0.05;0.07271;0.07273;-2.683E-05;-11.384;-11.383;-99.990;0.50;90.01;
2026-01-07 13:38:51.55;0.00:00:05:002;0.00;0.00;1.00;0.07287;-4.303E-05;2.584E-06;0.07289;88.28;44.98;100.04;100.04;0.06;0.07287;0.07289;-2.827E-05;-11.375;-11.373;-99.990;0.50;90.00;
2026-01-07 13:38:51.60;0.00:00:05:054;0.00;0.00;1.00;0.07264;-3.158E-05;-5.232E-06;0.07267;-85.30;44.99;100.04;100.04;0.04;0.07264;0.07267;-2.71E-05;-11.388;-11.386;-99.990;0.50;90.00;
2026-01-07 13:38:51.65;0.00:00:05:104;0.00;0.00;1.00;0.07265;-3.479E-05;1.196E-06;0.07268;89.02;44.99;100.04;100.03;0.05;0.07265;0.07268;-2.543E-05;-11.388;-11.386;-99.990;0.50;90.00;
2026-01-07 13:38:51.70;0.00:00:05:154;0.00;0.00;1.00;0.07272;-3.115E-05;-3.683E-06;0.07275;-86.63;44.99;100.04;100.04;0.04;0.07272;0.07275;-2.923E-05;-11.383;-11.382;-99.990;0.50;90.00;
2026-01-07 13:38:51.75;0.00:00:05:206;0.00;0.00;1.00;0.07278;-3.509E-05;-1.441E-06;0.07281;-88.82;44.99;100.04;100.04;0.05;0.07278;0.07281;-3.079E-05;-11.380;-11.378;-99.990;0.50;90.00;
2026-01-07 13:38:51.80;0.00:00:05:256;0.00;0.00;1.00;0.07288;-4.271E-05;2.196E-06;0.07291;88.53;44.98;100.04;100.04;0.06;0.07288;0.07291;-2.835E-05;-11.374;-11.372;-99.990;0.50;90.00;
2026-01-07 13:38:51.85;0.00:00:05:307;0.00;0.00;1.00;0.07299;-3.751E-05;-5.17E-06;0.07302;-86.08;44.99;100.04;100.04;0.05;0.07299;0.07302;-2.628E-05;-11.367;-11.366;-99.990;0.50;90.00;
2026-01-07 13:38:51.91;0.00:00:05:360;0.00;0.00;1.00;0.07317;-3.816E-05;-3E-06;0.0732;-87.75;44.99;100.04;100.04;0.05;0.07317;0.0732;-2.927E-05;-11.357;-11.355;-99.990;0.50;90.00;
2026-01-07 13:38:51.96;0.00:00:05:410;0.00;0.00;1.00;0.07323;-4.34E-05;8.587E-06;0.07325;84.40;44.98;100.03;100.03;0.06;0.07323;0.07325;-2.534E-05;-11.353;-11.352;-99.990;0.50;89.99;
2026-01-07 13:38:52.01;0.00:00:05:460;0.00;0.00;1.00;0.07268;-3.771E-05;1.422E-05;0.07271;79.67;44.98;100.04;100.04;0.06;0.07268;0.07271;-2.958E-05;-11.386;-11.384;-99.990;0.50;89.99;
2026-01-07 13:38:52.06;0.00:00:05:513;0.00;0.00;1.00;0.07272;-3.918E-05;7.313E-06;0.07274;84.71;44.98;100.04;100.03;0.05;0.07272;0.07274;-2.545E-05;-11.384;-11.382;-99.990;0.50;89.99;
2026-01-07 13:38:52.11;0.00:00:05:563;0.00;0.00;1.00;0.07286;-4.211E-05;1.111E-05;0.07289;82.61;44.98;100.03;100.03;0.06;0.07286;0.07289;-2.485E-05;-11.375;-11.374;-99.990;0.50;89.99;
2026-01-07 13:38:52.16;0.00:00:05:613;0.00;0.00;1.00;0.07302;-4.203E-05;2.337E-06;0.07305;88.41;44.98;100.04;100.04;0.06;0.07302;0.07305;-3.11E-05;-11.366;-11.364;-99.990;0.50;90.00;
2026-01-07 13:38:52.21;0.00:00:05:665;0.00;0.00;1.00;0.07287;-3.75E-05;3.864E-05;0.07289;67.07;44.98;100.04;100.04;0.07;0.07287;0.07289;-2.696E-05;-11.375;-11.373;-99.990;0.50;89.97;
2026-01-07 13:38:52.26;0.00:00:05:712;0.00;0.00;1.00;0.07271;-3.057E-05;8.538E-08;0.07274;89.92;44.99;100.04;100.04;0.04;0.07271;0.07274;-2.727E-05;-11.384;-11.383;-99.990;0.50;90.00;
2026-01-07 13:38:52.31;0.00:00:05:767;0.00;0.00;1.00;0.07295;-3.789E-05;1.238E-05;0.07299;80.96;44.98;100.05;100.05;0.05;0.07295;0.07299;-3.29E-05;-11.370;-11.368;-99.990;0.50;89.99;
2026-01-07 13:38:52.37;0.00:00:05:819;0.00;0.00;1.00;0.07292;-3.616E-05;2.13E-05;0.07294;74.75;44.98;100.04;100.04;0.06;0.07292;0.07294;-2.691E-05;-11.372;-11.370;-99.990;0.50;89.98;
2026-01-07 13:38:52.42;0.00:00:05:870;0.00;0.00;1.00;0.07263;-3.652E-05;2.009E-05;0.07266;75.59;44.98;100.04;100.04;0.06;0.07263;0.07266;-2.724E-05;-11.389;-11.387;-99.990;0.50;89.98;
2026-01-07 13:38:52.47;0.00:00:05:920;0.00;0.00;1.00;0.07275;-4.518E-05;3.92E-06;0.07277;87.52;44.98;100.03;100.03;0.06;0.07275;0.07277;-2.313E-05;-11.382;-11.380;-99.990;0.50;90.00;
2026-01-07 13:38:52.52;0.00:00:05:971;0.00;0.00;1.00;0.07293;-4.298E-05;1.369E-05;0.07296;81.16;44.98;100.04;100.04;0.06;0.07293;0.07296;-2.873E-05;-11.371;-11.369;-99.990;0.50;89.99;
2026-01-07 13:38:52.57;0.00:00:06:022;0.00;0.00;1.00;0.07294;-4.046E-05;1.412E-05;0.07297;80.38;44.98;100.04;100.04;0.06;0.07294;0.07297;-2.815E-05;-11.371;-11.369;-99.990;0.50;89.99;
2026-01-07 13:38:52.62;0.00:00:06:072;0.00;0.00;1.00;0.07279;-3.899E-05;3.373E-05;0.07282;69.57;44.98;100.04;100.04;0.07;0.07279;0.07282;-2.999E-05;-11.379;-11.377;-99.990;0.50;89.97;
2026-01-07 13:38:52.67;0.00:00:06:125;0.00;0.00;1.00;0.0726;-4.248E-05;3.646E-05;0.07263;69.68;44.98;100.04;100.04;0.08;0.0726;0.07263;-3.02E-05;-11.391;-11.389;-99.990;0.50;89.97;
2026-01-07 13:38:52.73;0.00:00:06:185;0.00;0.00;1.00;0.07231;-3.77E-05;2.547E-05;0.07234;72.98;44.98;100.04;100.04;0.06;0.07231;0.07234;-2.733E-05;-11.408;-11.406;-99.990;0.50;89.98;
2026-01-07 13:38:52.78;0.00:00:06:236;0.00;0.00;1.00;0.07251;-4.893E-05;1.336E-05;0.07254;82.36;44.98;100.04;100.04;0.07;0.07251;0.07254;-2.574E-05;-11.396;-11.395;-99.990;0.50;89.99;
2026-01-07 13:38:52.83;0.00:00:06:287;0.00;0.00;1.00;0.07258;-3.56E-05;3.176E-05;0.07261;69.13;44.98;100.04;100.04;0.07;0.07258;0.07261;-2.99E-05;-11.392;-11.390;-99.990;0.50;89.97;
2026-01-07 13:38:52.89;0.00:00:06:339;0.00;0.00;1.00;0.07253;-4.109E-05;1.595E-05;0.07255;79.39;44.98;100.03;100.03;0.06;0.07253;0.07255;-2.444E-05;-11.395;-11.393;-99.990;0.50;89.99;
2026-01-07 13:38:52.94;0.00:00:06:389;0.00;0.00;1.00;0.07284;-4.502E-05;3.239E-06;0.07286;87.94;44.98;100.03;100.03;0.06;0.07284;0.07286;-2.491E-05;-11.376;-11.375;-99.990;0.50;90.00;
2026-01-07 13:38:52.99;0.00:00:06:442;0.00;0.00;1.00;0.07258;-4.288E-05;4.793E-05;0.07261;65.91;44.97;100.04;100.04;0.09;0.07258;0.07261;-3.041E-05;-11.392;-11.390;-99.990;0.50;89.96;
2026-01-07 13:38:53.04;0.00:00:06:493;0.00;0.00;1.00;0.07244;-4.117E-05;2.456E-05;0.07246;74.59;44.98;100.03;100.03;0.07;0.07244;0.07246;-2.195E-05;-11.400;-11.399;-99.990;0.50;89.98;
2026-01-07 13:38:53.09;0.00:00:06:544;0.00;0.00;1.00;0.07255;-4.5E-05;3.061E-05;0.07257;72.89;44.98;100.03;100.03;0.08;0.07255;0.07257;-2.459E-05;-11.394;-11.392;-99.990;0.50;89.98;
2026-01-07 13:38:53.14;0.00:00:06:595;0.00;0.00;1.00;0.07264;-4.646E-05;2.386E-05;0.07267;76.41;44.98;100.03;100.03;0.07;0.07264;0.07267;-2.477E-05;-11.388;-11.387;-99.990;0.50;89.98;
2026-01-07 13:38:53.19;0.00:00:06:646;0.00;0.00;1.00;0.07286;-5.385E-05;3.561E-05;0.07289;73.26;44.97;100.04;100.03;0.09;0.07286;0.07289;-2.55E-05;-11.375;-11.373;-99.990;0.50;89.97;
2026-01-07 13:38:53.24;0.00:00:06:698;0.00;0.00;1.00;0.0728;-5.059E-05;2.727E-05;0.07283;75.83;44.98;100.04;100.04;0.08;0.0728;0.07283;-2.861E-05;-11.379;-11.377;-99.990;0.50;89.98;
2026-01-07 13:38:53.30;0.00:00:06:749;0.00;0.00;1.00;0.07263;-4.361E-05;2.143E-05;0.07266;76.92;44.98;100.04;100.04;0.07;0.07263;0.07266;-2.615E-05;-11.389;-11.387;-99.990;0.50;89.98;
2026-01-07 13:38:53.35;0.00:00:06:800;0.00;0.00;1.00;0.07286;-4.709E-05;2.938E-05;0.0729;74.02;44.98;100.04;100.04;0.08;0.07286;0.0729;-3.177E-05;-11.375;-11.373;-99.990;0.50;89.98;
2026-01-07 13:38:53.40;0.00:00:06:850;0.00;0.00;1.00;0.07265;-3.924E-05;4.256E-05;0.07268;66.34;44.98;100.04;100.04;0.08;0.07265;0.07268;-2.884E-05;-11.387;-11.386;-99.990;0.50;89.97;
2026-01-07 13:38:53.45;0.00:00:06:902;0.00;0.00;1.00;0.07268;-4.57E-05;3.098E-05;0.07271;72.93;44.98;100.04;100.04;0.08;0.07268;0.07271;-2.951E-05;-11.386;-11.384;-99.990;0.50;89.98;
2026-01-07 13:38:53.50;0.00:00:06:952;0.00;0.00;1.00;0.07263;-4.49E-05;2.097E-05;0.07265;77.48;44.98;100.03;100.03;0.07;0.07263;0.07265;-2.484E-05;-11.389;-11.388;-99.990;0.50;89.98;
2026-01-07 13:38:53.55;0.00:00:07:004;0.00;0.00;1.00;0.07277;-4.813E-05;6.82E-05;0.07281;62.61;44.97;100.05;100.05;0.11;0.07277;0.07281;-3.355E-05;-11.380;-11.378;-99.990;0.50;89.95;
2026-01-07 13:38:53.60;0.00:00:07:053;0.00;0.00;1.00;0.07228;-8.199E-05;7.907E-05;0.07231;68.02;44.95;100.03;100.03;0.16;0.07228;0.07231;-2.4E-05;-11.410;-11.408;-99.990;0.50;89.94;
2026-01-07 13:38:53.65;0.00:00:07:100;0.00;0.00;1.00;0.07231;-3.229E-05;-1.207E-05;0.07233;-79.75;44.99;100.03;100.03;0.05;0.07231;0.07233;-2.495E-05;-11.408;-11.407;-99.990;0.50;90.01;
2026-01-07 13:38:53.70;0.00:00:07:150;0.00;0.00;1.00;0.07275;-4.019E-05;1.966E-05;0.07277;76.97;44.98;100.04;100.04;0.06;0.07275;0.07277;-2.706E-05;-11.382;-11.380;-99.990;0.50;89.98;
2026-01-07 13:38:53.75;0.00:00:07:207;0.00;0.00;1.00;0.07274;-3.715E-05;1.102E-05;0.07277;81.74;44.98;100.03;100.03;0.05;0.07274;0.07277;-2.43E-05;-11.382;-11.381;-99.990;0.50;89.99;
2026-01-07 13:38:53.80;0.00:00:07:254;0.00;0.00;1.00;0.07244;-3.56E-05;5.872E-05;0.07247;60.61;44.97;100.04;100.04;0.09;0.07244;0.07247;-2.883E-05;-11.400;-11.399;-99.990;0.50;89.95;
2026-01-07 13:38:53.85;0.00:00:07:300;0.00;0.00;1.00;0.07261;-6.562E-05;3E-05;0.07264;77.71;44.97;100.03;100.03;0.10;0.07261;0.07264;-2.498E-05;-11.390;-11.388;-99.990;0.50;89.98;
2026-01-07 13:38:53.89;0.00:00:07:346;0.00;0.00;1.00;0.0726;-2.447E-05;2.565E-05;0.07263;66.82;44.99;100.04;100.04;0.05;0.0726;0.07263;-2.969E-05;-11.391;-11.389;-99.990;0.50;89.98;
2026-01-07 13:38:53.94;0.00:00:07:393;0.00;0.00;1.00;0.07251;-3.227E-05;-1.247E-05;0.07253;-79.44;44.99;100.03;100.03;0.05;0.07251;0.07253;-2.53E-05;-11.396;-11.395;-99.990;0.50;90.01;
2026-01-07 13:38:53.99;0.00:00:07:442;0.00;0.00;1.00;0.0728;-4.447E-05;8.414E-05;0.07283;58.93;44.96;100.04;100.04;0.13;0.0728;0.07283;-2.948E-05;-11.379;-11.377;-99.990;0.50;89.93;
2026-01-07 13:38:54.03;0.00:00:07:489;0.00;0.00;1.00;0.07255;-5.577E-05;3.165E-05;0.07258;75.21;44.97;100.04;100.04;0.09;0.07255;0.07258;-3.076E-05;-11.394;-11.392;-99.990;0.50;89.98;
2026-01-07 13:38:54.08;0.00:00:07:536;0.00;0.00;1.00;0.07231;-3.573E-05;3.785E-05;0.07234;66.67;44.98;100.04;100.04;0.07;0.07231;0.07234;-2.603E-05;-11.408;-11.406;-99.990;0.50;89.97;
2026-01-07 13:38:54.13;0.00:00:07:582;0.00;0.00;1.00;0.07254;-5.417E-05;4.049E-05;0.07257;71.61;44.97;100.04;100.04;0.09;0.07254;0.07257;-2.8E-05;-11.394;-11.392;-99.990;0.50;89.97;
2026-01-07 13:38:54.17;0.00:00:07:629;0.00;0.00;1.00;0.07238;-4.412E-05;1.291E-05;0.0724;81.85;44.98;100.04;100.04;0.06;0.07238;0.0724;-2.627E-05;-11.404;-11.402;-99.990;0.50;89.99;
2026-01-07 13:38:54.22;0.00:00:07:676;0.00;0.00;1.00;0.0728;-5.282E-05;2.995E-05;0.07283;75.22;44.98;100.04;100.04;0.08;0.0728;0.07283;-2.708E-05;-11.378;-11.377;-99.990;0.50;89.98;
2026-01-07 13:38:54.27;0.00:00:07:724;0.00;0.00;1.00;0.07271;-4.23E-05;5.819E-05;0.07273;63.01;44.97;100.04;100.04;0.10;0.07271;0.07273;-2.596E-05;-11.384;-11.383;-99.990;0.50;89.95;
2026-01-07 13:38:54.32;0.00:00:07:769;0.00;0.00;1.00;0.07287;-5.248E-05;3.395E-05;0.0729;73.55;44.98;100.03;100.03;0.09;0.07287;0.0729;-2.521E-05;-11.375;-11.373;-99.990;0.50;89.97;
2026-01-07 13:38:54.36;0.00:00:07:816;0.00;0.00;1.00;0.07276;-3.596E-05;4.237E-05;0.07278;65.16;44.98;100.03;100.03;0.08;0.07276;0.07278;-2.474E-05;-11.381;-11.380;-99.990;0.50;89.97;
2026-01-07 13:38:54.41;0.00:00:07:862;0.00;0.00;1.00;0.07295;-5.097E-05;4.347E-05;0.07298;69.77;44.97;100.04;100.04;0.09;0.07295;0.07298;-2.918E-05;-11.370;-11.368;-99.990;0.50;89.97;
2026-01-07 13:38:54.45;0.00:00:07:908;0.00;0.00;1.00;0.0727;-4.917E-05;6.338E-05;0.07273;63.90;44.97;100.04;100.04;0.11;0.0727;0.07273;-2.894E-05;-11.385;-11.383;-99.990;0.50;89.95;
2026-01-07 13:38:54.50;0.00:00:07:955;0.00;0.00;1.00;0.07252;-4.647E-05;3.972E-05;0.07254;69.74;44.98;100.03;100.03;0.08;0.07252;0.07254;-2.328E-05;-11.396;-11.394;-99.990;0.50;89.97;
2026-01-07 13:38:54.55;0.00:00:08:003;0.00;0.00;1.00;0.07272;-4.663E-05;3.691E-05;0.07274;70.82;44.98;100.03;100.03;0.08;0.07272;0.07274;-2.487E-05;-11.384;-11.382;-99.990;0.50;89.97;
2026-01-07 13:38:54.60;0.00:00:08:050;0.00;0.00;1.00;0.07286;-5.131E-05;3.364E-05;0.07289;73.37;44.98;100.04;100.04;0.08;0.07286;0.07289;-2.805E-05;-11.375;-11.373;-99.990;0.50;89.97;
2026-01-07 13:38:54.64;0.00:00:08:098;0.00;0.00;1.00;0.07297;-5.875E-05;5.313E-05;0.07299;68.94;44.97;100.04;100.04;0.11;0.07297;0.07299;-2.875E-05;-11.369;-11.367;-99.990;0.50;89.96;
2026-01-07 13:38:54.70;0.00:00:08:158;0.00;0.00;1.00;0.07255;-4.658E-05;6.118E-05;0.07257;63.64;44.97;100.03;100.03;0.11;0.07255;0.07257;-2.329E-05;-11.394;-11.392;-99.990;0.50;89.95;
2026-01-07 13:38:54.75;0.00:00:08:204;0.00;0.00;1.00;0.07281;-4.328E-05;6.865E-05;0.07284;61.12;44.97;100.03;100.03;0.11;0.07281;0.07284;-2.396E-05;-11.378;-11.376;-99.990;0.50;89.95;
2026-01-07 13:38:54.81;0.00:00:08:266;0.00;0.00;1.00;0.07281;-4.816E-05;3.442E-05;0.07284;72.23;44.98;100.04;100.04;0.08;0.07281;0.07284;-2.607E-05;-11.378;-11.376;-99.990;0.50;89.97;
2026-01-07 13:38:54.87;0.00:00:08:328;0.00;0.00;1.00;0.07281;-5.213E-05;7.234E-05;0.07284;62.89;44.96;100.04;100.04;0.12;0.07281;0.07284;-3.036E-05;-11.378;-11.376;-99.990;0.50;89.94;
2026-01-07 13:38:54.92;0.00:00:08:374;0.00;0.00;1.00;0.073;-5.455E-05;4.022E-05;0.07302;71.80;44.97;100.04;100.04;0.09;0.073;0.07302;-2.781E-05;-11.367;-11.365;-99.990;0.50;89.97;
2026-01-07 13:38:54.97;0.00:00:08:419;0.00;0.00;1.00;0.07286;-5.034E-05;6.093E-05;0.07289;64.78;44.97;100.04;100.04;0.11;0.07286;0.07289;-2.623E-05;-11.375;-11.373;-99.990;0.50;89.95;
2026-01-07 13:38:55.02;0.00:00:08:469;0.00;0.00;1.00;0.07245;-4.448E-05;4.214E-05;0.07247;68.27;44.98;100.03;100.03;0.08;0.07245;0.07247;-2.34E-05;-11.400;-11.398;-99.990;0.50;89.97;
2026-01-07 13:38:55.08;0.00:00:08:530;0.00;0.00;1.00;0.07267;-5.754E-05;3.897E-05;0.0727;72.95;44.97;100.04;100.04;0.10;0.07267;0.0727;-2.667E-05;-11.386;-11.385;-99.990;0.50;89.97;
2026-01-07 13:38:55.12;0.00:00:08:578;0.00;0.00;1.00;0.07265;-4.471E-05;6.169E-05;0.07268;62.96;44.97;100.04;100.04;0.10;0.07265;0.07268;-2.819E-05;-11.388;-11.386;-99.990;0.50;89.95;
2026-01-07 13:38:55.17;0.00:00:08:624;0.00;0.00;1.00;0.07269;-5.545E-05;5.11E-05;0.07271;68.67;44.97;100.04;100.04;0.10;0.07269;0.07271;-2.653E-05;-11.386;-11.384;-99.990;0.50;89.96;
2026-01-07 13:38:55.22;0.00:00:08:671;0.00;0.00;1.00;0.0726;-5.218E-05;4.487E-05;0.07263;69.66;44.97;100.04;100.04;0.09;0.0726;0.07263;-2.89E-05;-11.390;-11.389;-99.990;0.50;89.96;
2026-01-07 13:38:55.28;0.00:00:08:732;0.00;0.00;1.00;0.07276;-4.513E-05;6.234E-05;0.07279;62.95;44.97;100.03;100.03;0.11;0.07276;0.07279;-2.518E-05;-11.381;-11.379;-99.990;0.50;89.95;
2026-01-07 13:38:55.33;0.00:00:08:779;0.00;0.00;1.00;0.07294;-5.066E-05;4.475E-05;0.07297;69.27;44.97;100.04;100.04;0.09;0.07294;0.07297;-2.772E-05;-11.370;-11.368;-99.990;0.50;89.96;
2026-01-07 13:38:55.37;0.00:00:08:826;0.00;0.00;1.00;0.07303;-5.389E-05;4.839E-05;0.07306;69.04;44.97;100.04;100.04;0.10;0.07303;0.07306;-2.717E-05;-11.365;-11.363;-99.990;0.50;89.96;
2026-01-07 13:38:55.42;0.00:00:08:875;0.00;0.00;1.00;0.07314;-5.027E-05;4.907E-05;0.07317;67.85;44.97;100.04;100.04;0.10;0.07314;0.07317;-2.962E-05;-11.359;-11.357;-99.990;0.50;89.96;
2026-01-07 13:38:55.48;0.00:00:08:935;0.00;0.00;1.00;0.07252;-5.283E-05;7.353E-05;0.07255;62.85;44.96;100.04;100.04;0.12;0.07252;0.07255;-2.872E-05;-11.396;-11.394;-99.990;0.50;89.94;
2026-01-07 13:38:55.53;0.00:00:08:983;0.00;0.00;1.00;0.0725;-5.398E-05;4.785E-05;0.07253;69.22;44.97;100.04;100.04;0.10;0.0725;0.07253;-2.871E-05;-11.397;-11.395;-99.990;0.50;89.96;
2026-01-07 13:38:55.58;0.00:00:09:029;0.00;0.00;1.00;0.07228;-4.05E-05;5.59E-05;0.07231;62.96;44.97;100.04;100.04;0.10;0.07228;0.07231;-3.014E-05;-11.410;-11.408;-99.990;0.50;89.96;
2026-01-07 13:38:55.63;0.00:00:09:082;0.00;0.00;1.00;0.0727;-5.2E-05;3.09E-05;0.07273;74.64;44.98;100.04;100.04;0.08;0.0727;0.07273;-2.901E-05;-11.385;-11.383;-99.990;0.50;89.98;
2026-01-07 13:38:55.68;0.00:00:09:136;0.00;0.00;1.00;0.07247;-4.002E-05;5.492E-05;0.0725;63.04;44.97;100.04;100.04;0.09;0.07247;0.0725;-2.884E-05;-11.398;-11.397;-99.990;0.50;89.96;
2026-01-07 13:38:55.73;0.00:00:09:186;0.00;0.00;1.00;0.07267;-4.434E-05;5.969E-05;0.0727;63.30;44.97;100.04;100.04;0.10;0.07267;0.0727;-2.783E-05;-11.386;-11.385;-99.990;0.50;89.95;
2026-01-07 13:38:55.78;0.00:00:09:238;0.00;0.00;1.00;0.07275;-5.641E-05;4.733E-05;0.07278;70.00;44.97;100.04;100.04;0.10;0.07275;0.07278;-2.75E-05;-11.382;-11.380;-99.990;0.50;89.96;
2026-01-07 13:38:55.84;0.00:00:09:289;0.00;0.00;1.00;0.07265;-5.953E-05;5.588E-05;0.07268;68.41;44.97;100.04;100.04;0.11;0.07265;0.07268;-2.964E-05;-11.387;-11.386;-99.990;0.50;89.96;
2026-01-07 13:38:55.89;0.00:00:09:340;0.00;0.00;1.00;0.07254;-5.026E-05;4.952E-05;0.07257;67.71;44.97;100.04;100.04;0.10;0.07254;0.07257;-3.228E-05;-11.394;-11.393;-99.990;0.50;89.96;
2026-01-07 13:38:55.95;0.00:00:09:402;0.00;0.00;1.00;0.07269;-4.571E-05;4.429E-05;0.07272;67.95;44.97;100.04;100.04;0.09;0.07269;0.07272;-2.631E-05;-11.385;-11.384;-99.990;0.50;89.97;
2026-01-07 13:38:56.00;0.00:00:09:452;0.00;0.00;1.00;0.07259;-4.205E-05;4.45E-05;0.07262;66.69;44.98;100.05;100.05;0.08;0.07259;0.07262;-3.274E-05;-11.391;-11.390;-99.990;0.50;89.96;
2026-01-07 13:38:56.05;0.00:00:09:503;0.00;0.00;1.00;0.07268;-5.676E-05;4.808E-05;0.07271;69.87;44.97;100.04;100.04;0.10;0.07268;0.07271;-2.864E-05;-11.386;-11.384;-99.990;0.50;89.96;
2026-01-07 13:38:56.10;0.00:00:09:554;0.00;0.00;1.00;0.07292;-4.969E-05;4.672E-05;0.07295;68.38;44.97;100.04;100.04;0.09;0.07292;0.07295;-2.756E-05;-11.371;-11.370;-99.990;0.50;89.96;
2026-01-07 13:38:56.15;0.00:00:09:605;0.00;0.00;1.00;0.07309;-5.61E-05;5.197E-05;0.07311;68.59;44.97;100.04;100.04;0.10;0.07309;0.07311;-2.573E-05;-11.362;-11.360;-99.990;0.50;89.96;
2026-01-07 13:38:56.20;0.00:00:09:657;0.00;0.00;1.00;0.07303;-4.982E-05;4.647E-05;0.07306;68.50;44.97;100.04;100.04;0.09;0.07303;0.07306;-2.819E-05;-11.365;-11.363;-99.990;0.50;89.96;
2026-01-07 13:38:56.25;0.00:00:09:707;0.00;0.00;1.00;0.07312;-5.739E-05;5.016E-05;0.07314;69.42;44.97;100.04;100.04;0.10;0.07312;0.07314;-2.654E-05;-11.360;-11.358;-99.990;0.50;89.96;
2026-01-07 13:38:56.31;0.00:00:09:761;0.00;0.00;1.00;0.0731;-5.323E-05;3.576E-05;0.07313;73.06;44.97;100.04;100.04;0.09;0.0731;0.07313;-2.8E-05;-11.361;-11.359;-99.990;0.50;89.97;
2026-01-07 13:38:56.36;0.00:00:09:810;0.00;0.00;1.00;0.07317;-5.687E-05;5.233E-05;0.07319;68.69;44.97;100.03;100.03;0.11;0.07317;0.07319;-2.502E-05;-11.357;-11.355;-99.990;0.50;89.96;
2026-01-07 13:38:56.41;0.00:00:09:860;0.00;0.00;1.00;0.07307;-4.817E-05;3.992E-05;0.0731;70.17;44.98;100.04;100.04;0.09;0.07307;0.0731;-2.915E-05;-11.363;-11.361;-99.990;0.50;89.97;
2026-01-07 13:38:56.46;0.00:00:09:913;0.00;0.00;1.00;0.07319;-5.362E-05;5.599E-05;0.07321;66.88;44.97;100.03;100.03;0.11;0.07319;0.07321;-2.452E-05;-11.356;-11.354;-99.990;0.50;89.96;
2026-01-07 13:38:56.51;0.00:00:09:963;0.00;0.00;1.00;0.07326;-6.228E-05;5.083E-05;0.07328;70.39;44.97;100.03;100.03;0.11;0.07326;0.07328;-2.396E-05;-11.351;-11.350;-99.990;0.50;89.96;
2026-01-07 13:38:56.56;0.00:00:10:016;0.00;0.00;1.00;0.07325;-6.097E-05;7.476E-05;0.07328;64.60;44.96;100.04;100.04;0.13;0.07325;0.07328;-3.069E-05;-11.352;-11.350;-99.990;0.50;89.94;
2026-01-07 13:38:56.61;0.00:00:10:066;0.00;0.00;1.00;0.0728;-4.674E-05;7.163E-05;0.07282;61.56;44.97;100.04;100.04;0.12;0.0728;0.07282;-2.781E-05;-11.379;-11.377;-99.990;0.50;89.94;
2026-01-07 13:38:56.66;0.00:00:10:117;0.00;0.00;1.00;0.0731;-4.415E-05;1.597E-05;0.07312;80.06;44.98;100.04;100.04;0.06;0.0731;0.07312;-2.639E-05;-11.361;-11.359;-99.990;0.50;89.99;
2026-01-07 13:38:56.72;0.00:00:10:171;0.00;0.00;1.00;0.07301;-4.524E-05;7.887E-05;0.07304;59.92;44.96;100.04;100.04;0.12;0.07301;0.07304;-2.643E-05;-11.366;-11.365;-99.990;0.50;89.94;
2026-01-07 13:38:56.77;0.00:00:10:221;0.00;0.00;1.00;0.07276;-5.462E-05;6.287E-05;0.07278;65.49;44.97;100.04;100.04;0.11;0.07276;0.07278;-2.554E-05;-11.381;-11.380;-99.990;0.50;89.95;
2026-01-07 13:38:56.82;0.00:00:10:271;0.00;0.00;1.00;0.07225;-4.651E-05;6.393E-05;0.07228;63.02;44.97;100.04;100.04;0.11;0.07225;0.07228;-2.767E-05;-11.412;-11.410;-99.990;0.50;89.95;
2026-01-07 13:38:56.87;0.00:00:10:322;0.00;0.00;1.00;0.07236;-5.702E-05;3.964E-05;0.07239;72.60;44.97;100.04;100.04;0.10;0.07236;0.07239;-2.887E-05;-11.405;-11.403;-99.990;0.50;89.97;
2026-01-07 13:38:56.92;0.00:00:10:373;0.00;0.00;1.00;0.07272;-4.552E-05;4.796E-05;0.07275;66.75;44.97;100.04;100.04;0.09;0.07272;0.07275;-3.2E-05;-11.384;-11.382;-99.990;0.50;89.96;
2026-01-07 13:38:56.97;0.00:00:10:421;0.00;0.00;1.00;0.07279;-4.884E-05;4.43E-05;0.07281;68.89;44.97;100.04;100.04;0.09;0.07279;0.07281;-2.911E-05;-11.380;-11.378;-99.990;0.50;89.97;
2026-01-07 13:38:57.02;0.00:00:10:475;0.00;0.00;1.00;0.07276;-5.167E-05;6.805E-05;0.07279;63.60;44.97;100.04;100.04;0.12;0.07276;0.07279;-2.845E-05;-11.381;-11.379;-99.990;0.50;89.95;
2026-01-07 13:38:57.07;0.00:00:10:529;0.00;0.00;1.00;0.07261;-5.17E-05;6.314E-05;0.07263;64.66;44.97;100.04;100.04;0.11;0.07261;0.07263;-2.592E-05;-11.390;-11.389;-99.990;0.50;89.95;
2026-01-07 13:38:57.12;0.00:00:10:578;0.00;0.00;1.00;0.07278;-5.184E-05;6.174E-05;0.0728;65.01;44.97;100.04;100.04;0.11;0.07278;0.0728;-2.576E-05;-11.380;-11.378;-99.990;0.50;89.95;
2026-01-07 13:38:57.18;0.00:00:10:629;0.00;0.00;1.00;0.07279;-5.885E-05;6.022E-05;0.07282;67.17;44.97;100.04;100.04;0.12;0.07279;0.07282;-2.962E-05;-11.379;-11.378;-99.990;0.50;89.95;
2026-01-07 13:38:57.23;0.00:00:10:682;0.00;0.00;1.00;0.07268;-6.244E-05;5.061E-05;0.07271;70.49;44.97;100.03;100.03;0.11;0.07268;0.07271;-2.413E-05;-11.386;-11.384;-99.990;0.50;89.96;
2026-01-07 13:38:57.27;0.00:00:10:728;0.00;0.00;1.00;0.07268;-5.094E-05;5.642E-05;0.07271;66.04;44.97;100.04;100.04;0.10;0.07268;0.07271;-3.038E-05;-11.386;-11.384;-99.990;0.50;89.96;
2026-01-07 13:38:57.32;0.00:00:10:773;0.00;0.00;1.00;0.07247;-4.597E-05;6.071E-05;0.0725;63.57;44.97;100.04;100.04;0.11;0.07247;0.0725;-2.957E-05;-11.398;-11.397;-99.990;0.50;89.95;
2026-01-07 13:38:57.37;0.00:00:10:826;0.00;0.00;1.00;0.07265;-5.456E-05;5.631E-05;0.07268;67.05;44.97;100.04;100.04;0.11;0.07265;0.07268;-3.059E-05;-11.388;-11.386;-99.990;0.50;89.96;
2026-01-07 13:38:57.42;0.00:00:10:876;0.00;0.00;1.00;0.07279;-5.82E-05;4.295E-05;0.07282;71.79;44.97;100.04;100.04;0.10;0.07279;0.07282;-3.013E-05;-11.379;-11.378;-99.990;0.50;89.97;
2026-01-07 13:38:57.47;0.00:00:10:927;0.00;0.00;1.00;0.07285;-5.141E-05;5.575E-05;0.07288;66.34;44.97;100.04;100.04;0.10;0.07285;0.07288;-3.125E-05;-11.376;-11.374;-99.990;0.50;89.96;
2026-01-07 13:38:57.53;0.00:00:10:979;0.00;0.00;1.00;0.07283;-5.824E-05;6.62E-05;0.07285;65.67;44.97;100.04;100.04;0.12;0.07283;0.07285;-2.644E-05;-11.377;-11.376;-99.990;0.50;89.95;
2026-01-07 13:38:57.58;0.00:00:11:030;0.00;0.00;1.00;0.07269;-4.492E-05;5.604E-05;0.07272;64.36;44.97;100.04;100.04;0.10;0.07269;0.07272;-3.024E-05;-11.385;-11.383;-99.990;0.50;89.96;
2026-01-07 13:38:57.62;0.00:00:11:077;0.00;0.00;1.00;0.07277;-5.184E-05;6.363E-05;0.0728;64.58;44.97;100.04;100.04;0.11;0.07277;0.0728;-3.049E-05;-11.380;-11.378;-99.990;0.50;89.95;
2026-01-07 13:38:57.67;0.00:00:11:124;0.00;0.00;1.00;0.0727;-5.466E-05;6.918E-05;0.07273;64.15;44.97;100.04;100.04;0.12;0.0727;0.07273;-2.733E-05;-11.385;-11.383;-99.990;0.50;89.95;
2026-01-07 13:38:57.72;0.00:00:11:170;0.00;0.00;1.00;0.07268;-5.607E-05;6.416E-05;0.07271;65.58;44.97;100.04;100.04;0.12;0.07268;0.07271;-2.871E-05;-11.386;-11.384;-99.990;0.50;89.95;
2026-01-07 13:38:57.76;0.00:00:11:217;0.00;0.00;1.00;0.07283;-6.213E-05;4.832E-05;0.07286;71.06;44.97;100.03;100.03;0.11;0.07283;0.07286;-2.389E-05;-11.377;-11.375;-99.990;0.50;89.96;
2026-01-07 13:38:57.81;0.00:00:11:264;0.00;0.00;1.00;0.07289;-5.509E-05;6.798E-05;0.07292;64.51;44.97;100.04;100.04;0.12;0.07289;0.07292;-2.916E-05;-11.373;-11.372;-99.990;0.50;89.95;
2026-01-07 13:38:57.86;0.00:00:11:311;0.00;0.00;1.00;0.07264;-5.621E-05;6.853E-05;0.07267;64.68;44.97;100.04;100.04;0.12;0.07264;0.07267;-2.564E-05;-11.388;-11.387;-99.990;0.50;89.95;
2026-01-07 13:38:57.90;0.00:00:11:357;0.00;0.00;1.00;0.07262;-4.816E-05;5.881E-05;0.07265;64.66;44.97;100.03;100.03;0.10;0.07262;0.07265;-2.491E-05;-11.389;-11.388;-99.990;0.50;89.95;
2026-01-07 13:38:57.95;0.00:00:11:404;0.00;0.00;1.00;0.07281;-5.166E-05;4.184E-05;0.07284;70.50;44.97;100.04;100.04;0.09;0.07281;0.07284;-2.854E-05;-11.378;-11.376;-99.990;0.50;89.97;
2026-01-07 13:38:58.00;0.00:00:11:451;0.00;0.00;1.00;0.07289;-5.736E-05;6.139E-05;0.07291;66.53;44.97;100.03;100.03;0.12;0.07289;0.07291;-2.281E-05;-11.373;-11.372;-99.990;0.50;89.95;
2026-01-07 13:38:58.04;0.00:00:11:497;0.00;0.00;1.00;0.0728;-5.578E-05;6.978E-05;0.07283;64.32;44.96;100.04;100.04;0.12;0.0728;0.07283;-2.934E-05;-11.379;-11.377;-99.990;0.50;89.95;
2026-01-07 13:38:58.09;0.00:00:11:546;0.00;0.00;1.00;0.07268;-5.544E-05;6.141E-05;0.07271;66.04;44.97;100.03;100.03;0.11;0.07268;0.07271;-2.398E-05;-11.386;-11.384;-99.990;0.50;89.95;
2026-01-07 13:38:58.15;0.00:00:11:606;0.00;0.00;1.00;0.07262;-5.383E-05;6.811E-05;0.07265;64.16;44.97;100.04;100.04;0.12;0.07262;0.07265;-3.115E-05;-11.389;-11.388;-99.990;0.50;89.95;
2026-01-07 13:38:58.20;0.00:00:11:651;0.00;0.00;1.00;0.07257;-5.794E-05;5.977E-05;0.07259;67.05;44.97;100.03;100.03;0.11;0.07257;0.07259;-2.446E-05;-11.393;-11.391;-99.990;0.50;89.95;
2026-01-07 13:38:58.24;0.00:00:11:699;0.00;0.00;1.00;0.07256;-4.849E-05;7.04E-05;0.07259;62.28;44.97;100.04;100.04;0.12;0.07256;0.07259;-3.185E-05;-11.393;-11.391;-99.990;0.50;89.94;
2026-01-07 13:38:58.29;0.00:00:11:745;0.00;0.00;1.00;0.07249;-4.952E-05;5.605E-05;0.07252;65.73;44.97;100.04;100.04;0.10;0.07249;0.07252;-2.726E-05;-11.397;-11.396;-99.990;0.50;89.96;
2026-01-07 13:38:58.34;0.00:00:11:791;0.00;0.00;1.00;0.0726;-4.753E-05;6.61E-05;0.07263;62.86;44.97;100.04;100.04;0.11;0.0726;0.07263;-3.071E-05;-11.390;-11.389;-99.990;0.50;89.95;
2026-01-07 13:38:58.38;0.00:00:11:838;0.00;0.00;1.00;0.07261;-5.283E-05;5.194E-05;0.07264;67.75;44.97;100.04;100.04;0.10;0.07261;0.07264;-2.716E-05;-11.390;-11.388;-99.990;0.50;89.96;
2026-01-07 13:38:58.43;0.00:00:11:886;0.00;0.00;1.00;0.07256;-3.594E-05;5.587E-05;0.07259;61.38;44.97;100.04;100.04;0.09;0.07256;0.07259;-3.2E-05;-11.393;-11.391;-99.990;0.50;89.96;
2026-01-07 13:38:58.49;0.00:00:11:946;0.00;0.00;1.00;0.07269;-5.186E-05;6.132E-05;0.07272;65.11;44.97;100.04;100.04;0.11;0.07269;0.07272;-3.111E-05;-11.385;-11.383;-99.990;0.50;89.95;
2026-01-07 13:38:58.55;0.00:00:12:007;0.00;0.00;1.00;0.07262;-5.498E-05;6.472E-05;0.07265;65.17;44.97;100.05;100.05;0.12;0.07262;0.07265;-3.282E-05;-11.390;-11.388;-99.990;0.50;89.95;
2026-01-07 13:38:58.60;0.00:00:12:054;0.00;0.00;1.00;0.07243;-5.108E-05;6.308E-05;0.07245;64.50;44.97;100.04;100.04;0.11;0.07243;0.07245;-2.752E-05;-11.401;-11.399;-99.990;0.50;89.95;
2026-01-07 13:38:58.65;0.00:00:12:101;0.00;0.00;1.00;0.07254;-4.583E-05;4.326E-05;0.07257;68.33;44.98;100.04;100.04;0.09;0.07254;0.07257;-2.916E-05;-11.394;-11.393;-99.990;0.50;89.97;
2026-01-07 13:38:58.69;0.00:00:12:147;0.00;0.00;1.00;0.07264;-5.643E-05;6.062E-05;0.07266;66.48;44.97;100.04;100.04;0.11;0.07264;0.07266;-2.68E-05;-11.389;-11.387;-99.990;0.50;89.95;
2026-01-07 13:38:58.74;0.00:00:12:195;0.00;0.00;1.00;0.07297;-6.343E-05;5.723E-05;0.073;68.97;44.97;100.03;100.03;0.12;0.07297;0.073;-2.474E-05;-11.368;-11.367;-99.990;0.50;89.96;
2026-01-07 13:38:58.79;0.00:00:12:242;0.00;0.00;1.00;0.07295;-5.192E-05;7.231E-05;0.07298;62.84;44.97;100.04;100.04;0.12;0.07295;0.07298;-2.991E-05;-11.370;-11.368;-99.990;0.50;89.94;
2026-01-07 13:38:58.84;0.00:00:12:290;0.00;0.00;1.00;0.07272;-5.033E-05;5.255E-05;0.07274;66.88;44.97;100.03;100.03;0.10;0.07272;0.07274;-2.487E-05;-11.383;-11.382;-99.990;0.50;89.96;
2026-01-07 13:38:58.88;0.00:00:12:336;0.00;0.00;1.00;0.07275;-5.582E-05;6.8E-05;0.07278;64.69;44.97;100.04;100.04;0.12;0.07275;0.07278;-3.048E-05;-11.382;-11.380;-99.990;0.50;89.95;
2026-01-07 13:38:58.93;0.00:00:12:382;0.00;0.00;1.00;0.07263;-5.677E-05;5.723E-05;0.07265;67.38;44.97;100.03;100.03;0.11;0.07263;0.07265;-2.52E-05;-11.389;-11.387;-99.990;0.50;89.95;
2026-01-07 13:38:58.98;0.00:00:12:429;0.00;0.00;1.00;0.07254;-4.961E-05;7.936E-05;0.07257;61.00;44.96;100.04;100.04;0.13;0.07254;0.07257;-2.844E-05;-11.394;-11.393;-99.990;0.50;89.94;
2026-01-07 13:38:59.02;0.00:00:12:476;0.00;0.00;1.00;0.07268;-6.441E-05;4.995E-05;0.0727;71.10;44.97;100.04;100.03;0.11;0.07268;0.0727;-2.544E-05;-11.386;-11.384;-99.990;0.50;89.96;
2026-01-07 13:38:59.08;0.00:00:12:537;0.00;0.00;1.00;0.07297;-6.026E-05;7.949E-05;0.073;63.58;44.96;100.04;100.04;0.14;0.07297;0.073;-2.963E-05;-11.368;-11.367;-99.990;0.50;89.94;
2026-01-07 13:38:59.13;0.00:00:12:585;0.00;0.00;1.00;0.07274;-5.566E-05;7.145E-05;0.07277;63.96;44.96;100.04;100.04;0.12;0.07274;0.07277;-2.888E-05;-11.382;-11.380;-99.990;0.50;89.94;
2026-01-07 13:38:59.18;0.00:00:12:632;0.00;0.00;1.00;0.0727;-4.777E-05;5.113E-05;0.07273;66.53;44.97;100.04;100.04;0.10;0.0727;0.07273;-2.857E-05;-11.385;-11.383;-99.990;0.50;89.96;
2026-01-07 13:38:59.22;0.00:00:12:679;0.00;0.00;1.00;0.0728;-5E-05;6.087E-05;0.07284;64.70;44.97;100.05;100.05;0.11;0.0728;0.07284;-3.327E-05;-11.378;-11.376;-99.990;0.50;89.95;
2026-01-07 13:38:59.27;0.00:00:12:726;0.00;0.00;1.00;0.07266;-4.876E-05;6.119E-05;0.07268;64.27;44.97;100.04;100.04;0.11;0.07266;0.07268;-2.732E-05;-11.387;-11.386;-99.990;0.50;89.95;
2026-01-07 13:38:59.32;0.00:00:12:773;0.00;0.00;1.00;0.07269;-5.19E-05;5.688E-05;0.07271;66.19;44.97;100.03;100.03;0.11;0.07269;0.07271;-2.362E-05;-11.385;-11.384;-99.990;0.50;89.96;
2026-01-07 13:38:59.37;0.00:00:12:820;0.00;0.00;1.00;0.07304;-6.991E-05;6.335E-05;0.07306;68.91;44.96;100.03;100.03;0.13;0.07304;0.07306;-2.505E-05;-11.365;-11.363;-99.990;0.50;89.95;
2026-01-07 13:38:59.43;0.00:00:12:882;0.00;0.00;1.00;0.0728;-5.413E-05;6.181E-05;0.07283;65.60;44.97;100.03;100.03;0.11;0.0728;0.07283;-2.534E-05;-11.378;-11.377;-99.990;0.50;89.95;
2026-01-07 13:38:59.47;0.00:00:12:928;0.00;0.00;1.00;0.07283;-5.462E-05;6.523E-05;0.07286;64.97;44.97;100.03;100.03;0.12;0.07283;0.07286;-2.513E-05;-11.377;-11.375;-99.990;0.50;89.95;
2026-01-07 13:38:59.52;0.00:00:12:975;0.00;0.00;1.00;0.07255;-4.7E-05;6.274E-05;0.07258;63.42;44.97;100.04;100.04;0.11;0.07255;0.07258;-3.076E-05;-11.394;-11.392;-99.990;0.50;89.95;
2026-01-07 13:38:59.57;0.00:00:13:022;0.00;0.00;1.00;0.07275;-5.831E-05;5.256E-05;0.07278;68.98;44.97;100.03;100.03;0.11;0.07275;0.07278;-2.386E-05;-11.382;-11.380;-99.990;0.50;89.96;
2026-01-07 13:38:59.62;0.00:00:13:069;0.00;0.00;1.00;0.07286;-5.961E-05;7.085E-05;0.07289;65.04;44.96;100.04;100.04;0.13;0.07286;0.07289;-2.863E-05;-11.375;-11.373;-99.990;0.50;89.94;
2026-01-07 13:38:59.66;0.00:00:13:115;0.00;0.00;1.00;0.07265;-5.643E-05;8.203E-05;0.07268;62.26;44.96;100.04;100.04;0.14;0.07265;0.07268;-2.942E-05;-11.388;-11.386;-99.990;0.50;89.94;
2026-01-07 13:38:59.71;0.00:00:13:164;0.00;0.00;1.00;0.07255;-4.959E-05;5.801E-05;0.07258;65.26;44.97;100.03;100.03;0.11;0.07255;0.07258;-2.481E-05;-11.394;-11.392;-99.990;0.50;89.95;
2026-01-07 13:38:59.76;0.00:00:13:210;0.00;0.00;1.00;0.07264;-5.786E-05;6.684E-05;0.07266;65.44;44.97;100.04;100.04;0.12;0.07264;0.07266;-2.622E-05;-11.388;-11.387;-99.990;0.50;89.95;
2026-01-07 13:38:59.80;0.00:00:13:257;0.00;0.00;1.00;0.07267;-3.645E-05;5.237E-05;0.0727;62.42;44.97;100.04;100.04;0.09;0.07267;0.0727;-2.87E-05;-11.387;-11.385;-99.990;0.50;89.96;
2026-01-07 13:38:59.85;0.00:00:13:306;0.00;0.00;1.00;0.0727;-4.202E-05;7.177E-05;0.07273;60.17;44.97;100.05;100.05;0.11;0.0727;0.07273;-3.293E-05;-11.385;-11.383;-99.990;0.50;89.94;
2026-01-07 13:38:59.91;0.00:00:13:364;0.00;0.00;1.00;0.07273;-5.462E-05;6.348E-05;0.07276;65.36;44.97;100.04;100.04;0.12;0.07273;0.07276;-2.844E-05;-11.383;-11.381;-99.990;0.50;89.95;
2026-01-07 13:38:59.96;0.00:00:13:412;0.00;0.00;1.00;0.07273;-5.467E-05;5.877E-05;0.07276;66.47;44.97;100.04;100.04;0.11;0.07273;0.07276;-2.735E-05;-11.383;-11.381;-99.990;0.50;89.95;
2026-01-07 13:39:00.01;0.00:00:13:460;0.00;0.00;1.00;0.07263;-5.089E-05;6.551E-05;0.07266;63.92;44.97;100.04;100.04;0.11;0.07263;0.07266;-2.666E-05;-11.389;-11.387;-99.990;0.50;89.95;
2026-01-07 13:39:00.05;0.00:00:13:508;0.00;0.00;1.00;0.07297;-6.263E-05;6.492E-05;0.073;66.99;44.96;100.04;100.04;0.12;0.07297;0.073;-2.97E-05;-11.369;-11.367;-99.990;0.50;89.95;
2026-01-07 13:39:00.11;0.00:00:13:568;0.00;0.00;1.00;0.07289;-5.681E-05;5.757E-05;0.07291;67.31;44.97;100.03;100.03;0.11;0.07289;0.07291;-2.507E-05;-11.373;-11.372;-99.990;0.50;89.95;
2026-01-07 13:39:00.16;0.00:00:13:615;0.00;0.00;1.00;0.07276;-5.287E-05;5.996E-05;0.07278;65.70;44.97;100.03;100.03;0.11;0.07276;0.07278;-2.532E-05;-11.381;-11.380;-99.990;0.50;89.95;
2026-01-07 13:39:00.21;0.00:00:13:663;0.00;0.00;1.00;0.07281;-5.959E-05;7.772E-05;0.07284;63.74;44.96;100.03;100.03;0.13;0.07281;0.07284;-2.388E-05;-11.378;-11.377;-99.990;0.50;89.94;
2026-01-07 13:39:00.26;0.00:00:13:712;0.00;0.00;1.00;0.07262;-5.948E-05;6.018E-05;0.07265;67.33;44.97;100.04;100.04;0.12;0.07262;0.07265;-2.702E-05;-11.389;-11.388;-99.990;0.50;89.95;
2026-01-07 13:39:00.32;0.00:00:13:772;0.00;0.00;1.00;0.07269;-5.582E-05;6.536E-05;0.07271;65.25;44.97;100.03;100.03;0.12;0.07269;0.07271;-2.326E-05;-11.385;-11.384;-99.990;0.50;89.95;
2026-01-07 13:39:00.37;0.00:00:13:820;0.00;0.00;1.00;0.07254;-5.383E-05;7.015E-05;0.07257;63.75;44.97;100.03;100.03;0.12;0.07254;0.07257;-2.343E-05;-11.394;-11.393;-99.990;0.50;89.94;
2026-01-07 13:39:00.41;0.00:00:13:866;0.00;0.00;1.00;0.07261;-5.036E-05;5.806E-05;0.07263;65.47;44.97;100.04;100.04;0.11;0.07261;0.07263;-2.803E-05;-11.390;-11.389;-99.990;0.50;89.95;
2026-01-07 13:39:00.46;0.00:00:13:915;0.00;0.00;1.00;0.07261;-5.012E-05;7.927E-05;0.07264;61.15;44.96;100.04;100.04;0.13;0.07261;0.07264;-2.948E-05;-11.390;-11.388;-99.990;0.50;89.94;
2026-01-07 13:39:00.52;0.00:00:13:975;0.00;0.00;1.00;0.07245;-5.159E-05;6.421E-05;0.07247;64.39;44.97;100.04;100.04;0.11;0.07245;0.07247;-2.753E-05;-11.400;-11.398;-99.990;0.50;89.95;
2026-01-07 13:39:00.57;0.00:00:14:022;0.00;0.00;1.00;0.07257;-5.246E-05;6.938E-05;0.07259;63.55;44.97;100.04;100.04;0.12;0.07257;0.07259;-2.917E-05;-11.393;-11.391;-99.990;0.50;89.95;
2026-01-07 13:39:00.61;0.00:00:14:069;0.00;0.00;1.00;0.07247;-5.021E-05;6.342E-05;0.0725;64.18;44.97;100.04;100.04;0.11;0.07247;0.0725;-2.768E-05;-11.398;-11.397;-99.990;0.50;89.95;
2026-01-07 13:39:00.66;0.00:00:14:118;0.00;0.00;1.00;0.07269;-5.455E-05;6.18E-05;0.07271;65.72;44.97;100.04;100.04;0.11;0.07269;0.07271;-2.566E-05;-11.385;-11.384;-99.990;0.50;89.95;
2026-01-07 13:39:00.71;0.00:00:14:163;0.00;0.00;1.00;0.07269;-5.286E-05;6.892E-05;0.07272;63.75;44.97;100.04;100.04;0.12;0.07269;0.07272;-3.133E-05;-11.385;-11.383;-99.990;0.50;89.95;
2026-01-07 13:39:00.76;0.00:00:14:211;0.00;0.00;1.00;0.07279;-5.492E-05;6.312E-05;0.07282;65.51;44.97;100.04;100.04;0.11;0.07279;0.07282;-2.846E-05;-11.379;-11.377;-99.990;0.50;89.95;
2026-01-07 13:39:00.80;0.00:00:14:257;0.00;0.00;1.00;0.07269;-5.341E-05;5.807E-05;0.07272;66.30;44.97;100.04;100.04;0.11;0.07269;0.07272;-2.813E-05;-11.385;-11.383;-99.990;0.50;89.95;
2026-01-07 13:39:00.85;0.00:00:14:304;0.00;0.00;1.00;0.07272;-5.485E-05;7.502E-05;0.07274;63.09;44.96;100.04;100.04;0.13;0.07272;0.07274;-2.8E-05;-11.384;-11.382;-99.990;0.50;89.94;
2026-01-07 13:39:00.90;0.00:00:14:354;0.00;0.00;1.00;0.0726;-5.858E-05;5.86E-05;0.07263;67.49;44.97;100.04;100.04;0.11;0.0726;0.07263;-2.556E-05;-11.391;-11.389;-99.990;0.50;89.95;
2026-01-07 13:39:00.96;0.00:00:14:412;0.00;0.00;1.00;0.07268;-5.281E-05;6.744E-05;0.0727;64.03;44.97;100.04;100.04;0.12;0.07268;0.0727;-2.558E-05;-11.386;-11.385;-99.990;0.50;89.95;
2026-01-07 13:39:01.01;0.00:00:14:460;0.00;0.00;1.00;0.07269;-5.472E-05;7.312E-05;0.07272;63.40;44.96;100.04;100.04;0.13;0.07269;0.07272;-3.017E-05;-11.385;-11.384;-99.990;0.50;89.94;
2026-01-07 13:39:01.05;0.00:00:14:505;0.00;0.00;1.00;0.07256;-5.336E-05;6.307E-05;0.07259;65.12;44.97;100.04;100.04;0.11;0.07256;0.07259;-2.902E-05;-11.393;-11.391;-99.990;0.50;89.95;
2026-01-07 13:39:01.10;0.00:00:14:554;0.00;0.00;1.00;0.07268;-4.722E-05;6.457E-05;0.07271;63.09;44.97;100.04;100.04;0.11;0.07268;0.07271;-3.191E-05;-11.386;-11.384;-99.990;0.50;89.95;
2026-01-07 13:39:01.15;0.00:00:14:602;0.00;0.00;1.00;0.07273;-5.611E-05;9.803E-05;0.07276;59.89;44.96;100.04;100.04;0.16;0.07273;0.07276;-2.975E-05;-11.383;-11.381;-99.990;0.50;89.92;
2026-01-07 13:39:01.21;0.00:00:14:663;0.00;0.00;1.00;0.07297;-6.495E-05;6.675E-05;0.07299;67.11;44.96;100.04;100.04;0.13;0.07297;0.07299;-2.649E-05;-11.369;-11.367;-99.990;0.50;89.95;
2026-01-07 13:39:01.26;0.00:00:14:710;0.00;0.00;1.00;0.07257;-4.935E-05;6.514E-05;0.0726;63.57;44.97;100.04;100.04;0.11;0.07257;0.0726;-2.7E-05;-11.392;-11.391;-99.990;0.50;89.95;
2026-01-07 13:39:01.31;0.00:00:14:759;0.00;0.00;1.00;0.07287;-6.422E-05;4.699E-05;0.0729;71.90;44.97;100.04;100.04;0.11;0.07287;0.0729;-3.126E-05;-11.374;-11.372;-99.990;0.50;89.96;
2026-01-07 13:39:01.37;0.00:00:14:820;0.00;0.00;1.00;0.07273;-5.206E-05;6.947E-05;0.07276;63.42;44.97;100.04;100.04;0.12;0.07273;0.07276;-3.047E-05;-11.383;-11.381;-99.990;0.50;89.95;
2026-01-07 13:39:01.41;0.00:00:14:866;0.00;0.00;1.00;0.07229;-5.321E-05;8.091E-05;0.07232;61.67;44.96;100.04;100.04;0.13;0.07229;0.07232;-2.884E-05;-11.409;-11.407;-99.990;0.50;89.94;
2026-01-07 13:39:01.46;0.00:00:14:913;0.00;0.00;1.00;0.07219;-5.067E-05;7.497E-05;0.07222;62.03;44.96;100.04;100.04;0.13;0.07219;0.07222;-2.924E-05;-11.415;-11.413;-99.990;0.50;89.94;
2026-01-07 13:39:01.51;0.00:00:14:963;0.00;0.00;1.00;0.07201;-5.103E-05;4.819E-05;0.07204;68.32;44.97;100.04;100.04;0.10;0.07201;0.07204;-2.895E-05;-11.426;-11.424;-99.990;0.50;89.96;
2026-01-07 13:39:01.57;0.00:00:15:024;0.00;0.00;1.00;0.07236;-5.37E-05;4.605E-05;0.07238;69.69;44.97;100.04;100.04;0.10;0.07236;0.07238;-2.692E-05;-11.405;-11.404;-99.990;0.50;89.96;
2026-01-07 13:39:01.62;0.00:00:15:070;0.00;0.00;1.00;0.07263;-5.768E-05;9.386E-05;0.07266;60.78;44.96;100.04;100.04;0.15;0.07263;0.07266;-3.036E-05;-11.389;-11.387;-99.990;0.50;89.93;
2026-01-07 13:39:01.66;0.00:00:15:117;0.00;0.00;1.00;0.07216;-3.561E-05;6.48E-05;0.0722;59.39;44.97;100.04;100.04;0.10;0.07216;0.0722;-3.038E-05;-11.417;-11.415;-99.990;0.50;89.95;
2026-01-07 13:39:01.71;0.00:00:15:166;0.00;0.00;1.00;0.0724;-4.597E-05;5.538E-05;0.07243;64.85;44.97;100.04;100.04;0.10;0.0724;0.07243;-2.607E-05;-11.402;-11.401;-99.990;0.50;89.96;
2026-01-07 13:39:01.77;0.00:00:15:225;0.00;0.00;1.00;0.07249;-4.197E-05;5.284E-05;0.07252;64.23;44.97;100.04;100.04;0.09;0.07249;0.07252;-2.747E-05;-11.397;-11.396;-99.990;0.50;89.96;
2026-01-07 13:39:01.83;0.00:00:15:286;0.00;0.00;1.00;0.07268;-4.279E-05;9.104E-05;0.07271;57.59;44.96;100.04;100.04;0.14;0.07268;0.07271;-2.871E-05;-11.386;-11.384;-99.990;0.50;89.93;
2026-01-07 13:39:01.88;0.00:00:15:334;0.00;0.00;1.00;0.07268;-5.645E-05;6.151E-05;0.07271;66.27;44.97;100.04;100.04;0.11;0.07268;0.07271;-2.733E-05;-11.386;-11.384;-99.990;0.50;89.95;
2026-01-07 13:39:01.94;0.00:00:15:394;0.00;0.00;1.00;0.07257;-5.105E-05;6.055E-05;0.0726;65.07;44.97;100.04;100.04;0.11;0.07257;0.0726;-2.663E-05;-11.392;-11.391;-99.990;0.50;89.95;
2026-01-07 13:39:01.99;0.00:00:15:441;0.00;0.00;1.00;0.07269;-5.56E-05;5.62E-05;0.07272;67.35;44.97;100.03;100.03;0.11;0.07269;0.07272;-2.413E-05;-11.385;-11.384;-99.990;0.50;89.96;
2026-01-07 13:39:02.03;0.00:00:15:488;0.00;0.00;1.00;0.07274;-5.14E-05;7.073E-05;0.07277;63.00;44.97;100.04;100.04;0.12;0.07274;0.07277;-2.815E-05;-11.382;-11.381;-99.990;0.50;89.94;
2026-01-07 13:39:02.08;0.00:00:15:537;0.00;0.00;1.00;0.07281;-4.914E-05;5.592E-05;0.07284;65.65;44.97;100.04;100.04;0.10;0.07281;0.07284;-3.087E-05;-11.378;-11.377;-99.990;0.50;89.96;
2026-01-07 13:39:02.14;0.00:00:15:597;0.00;0.00;1.00;0.07295;-5.61E-05;7.046E-05;0.07298;64.26;44.96;100.04;100.04;0.12;0.07295;0.07298;-2.743E-05;-11.369;-11.368;-99.990;0.50;89.94;
2026-01-07 13:39:02.19;0.00:00:15:643;0.00;0.00;1.00;0.07277;-5.27E-05;8.948E-05;0.0728;60.25;44.96;100.04;100.04;0.14;0.07277;0.0728;-2.576E-05;-11.380;-11.379;-99.990;0.50;89.93;
2026-01-07 13:39:02.24;0.00:00:15:691;0.00;0.00;1.00;0.07259;-4.774E-05;6.279E-05;0.07262;63.62;44.97;100.04;100.04;0.11;0.07259;0.07262;-2.998E-05;-11.391;-11.389;-99.990;0.50;89.95;
2026-01-07 13:39:02.29;0.00:00:15:740;0.00;0.00;1.00;0.07278;-5.471E-05;5.595E-05;0.07281;67.18;44.97;100.04;100.04;0.11;0.07278;0.07281;-2.809E-05;-11.380;-11.378;-99.990;0.50;89.96;
2026-01-07 13:39:02.35;0.00:00:15:800;0.00;0.00;1.00;0.07276;-5.605E-05;7.838E-05;0.07279;62.78;44.96;100.04;100.04;0.13;0.07276;0.07279;-2.881E-05;-11.381;-11.379;-99.990;0.50;89.94;
2026-01-07 13:39:02.39;0.00:00:15:846;0.00;0.00;1.00;0.07272;-5.763E-05;6.664E-05;0.07274;65.42;44.97;100.04;100.04;0.12;0.07272;0.07274;-2.778E-05;-11.384;-11.382;-99.990;0.50;89.95;
2026-01-07 13:39:02.44;0.00:00:15:892;0.00;0.00;1.00;0.07265;-5.012E-05;8.054E-05;0.07268;60.95;44.96;100.05;100.05;0.13;0.07265;0.07268;-3.291E-05;-11.388;-11.386;-99.990;0.50;89.94;
2026-01-07 13:39:02.49;0.00:00:15:939;0.00;0.00;1.00;0.07275;-4.89E-05;4.921E-05;0.07277;67.41;44.97;100.04;100.04;0.10;0.07275;0.07277;-2.779E-05;-11.382;-11.380;-99.990;0.50;89.96;
2026-01-07 13:39:02.53;0.00:00:15:986;0.00;0.00;1.00;0.07277;-5.796E-05;5.76E-05;0.0728;67.59;44.97;100.04;100.04;0.11;0.07277;0.0728;-2.743E-05;-11.381;-11.379;-99.990;0.50;89.95;
2026-01-07 13:39:02.58;0.00:00:16:034;0.00;0.00;1.00;0.07275;-5.46E-05;7.012E-05;0.07278;63.95;44.97;100.04;100.04;0.12;0.07275;0.07278;-2.881E-05;-11.382;-11.380;-99.990;0.50;89.94;
2026-01-07 13:39:02.63;0.00:00:16:080;0.00;0.00;1.00;0.07258;-5.814E-05;6.664E-05;0.07261;65.55;44.97;100.04;100.04;0.12;0.07258;0.07261;-2.635E-05;-11.392;-11.390;-99.990;0.50;89.95;
2026-01-07 13:39:02.67;0.00:00:16:125;0.00;0.00;1.00;0.07257;-5.339E-05;6.907E-05;0.0726;63.85;44.97;100.04;100.04;0.12;0.07257;0.0726;-2.866E-05;-11.392;-11.391;-99.990;0.50;89.95;
2026-01-07 13:39:02.72;0.00:00:16:173;0.00;0.00;1.00;0.07257;-5.2E-05;6.62E-05;0.0726;64.07;44.97;100.04;100.04;0.12;0.07257;0.0726;-2.961E-05;-11.392;-11.390;-99.990;0.50;89.95;
2026-01-07 13:39:02.77;0.00:00:16:219;0.00;0.00;1.00;0.07262;-6.246E-05;7.785E-05;0.07265;64.37;44.96;100.03;100.03;0.14;0.07262;0.07265;-2.455E-05;-11.389;-11.388;-99.990;0.50;89.94;
2026-01-07 13:39:02.81;0.00:00:16:266;0.00;0.00;1.00;0.07253;-4.951E-05;7.635E-05;0.07256;61.48;44.96;100.04;100.04;0.13;0.07253;0.07256;-2.582E-05;-11.395;-11.393;-99.990;0.50;89.94;
2026-01-07 13:39:02.86;0.00:00:16:316;0.00;0.00;1.00;0.07261;-5.123E-05;5.483E-05;0.07263;66.53;44.97;100.04;100.04;0.10;0.07261;0.07263;-2.781E-05;-11.390;-11.389;-99.990;0.50;89.96;
2026-01-07 13:39:02.92;0.00:00:16:376;0.00;0.00;1.00;0.07259;-5.092E-05;7.939E-05;0.07262;61.34;44.96;100.04;100.04;0.13;0.07259;0.07262;-3.114E-05;-11.391;-11.389;-99.990;0.50;89.94;
2026-01-07 13:39:02.97;0.00:00:16:421;0.00;0.00;1.00;0.07257;-5.14E-05;6.27E-05;0.0726;64.67;44.97;100.04;100.04;0.11;0.07257;0.0726;-2.961E-05;-11.392;-11.390;-99.990;0.50;89.95;
2026-01-07 13:39:03.02;0.00:00:16:470;0.00;0.00;1.00;0.07254;-5.202E-05;7.749E-05;0.07257;61.94;44.96;100.04;100.04;0.13;0.07254;0.07257;-2.59E-05;-11.394;-11.393;-99.990;0.50;89.94;
2026-01-07 13:39:03.06;0.00:00:16:515;0.00;0.00;1.00;0.07257;-5.62E-05;5.336E-05;0.07259;68.24;44.97;100.04;100.04;0.11;0.07257;0.07259;-2.845E-05;-11.393;-11.391;-99.990;0.50;89.96;
2026-01-07 13:39:03.11;0.00:00:16:562;0.00;0.00;1.00;0.07284;-5.504E-05;7.048E-05;0.07286;63.99;44.96;100.04;100.04;0.12;0.07284;0.07286;-2.819E-05;-11.377;-11.375;-99.990;0.50;89.94;
2026-01-07 13:39:03.16;0.00:00:16:610;0.00;0.00;1.00;0.07272;-4.773E-05;7.321E-05;0.07275;61.55;44.97;100.04;100.04;0.12;0.07272;0.07275;-2.742E-05;-11.383;-11.382;-99.990;0.50;89.94;
2026-01-07 13:39:03.20;0.00:00:16:657;0.00;0.00;1.00;0.07279;-5.442E-05;7.062E-05;0.07282;63.81;44.96;100.04;100.04;0.12;0.07279;0.07282;-2.992E-05;-11.379;-11.377;-99.990;0.50;89.94;
2026-01-07 13:39:03.25;0.00:00:16:703;0.00;0.00;1.00;0.07271;-5.338E-05;8.203E-05;0.07274;61.53;44.96;100.04;100.04;0.13;0.07271;0.07274;-2.581E-05;-11.384;-11.382;-99.990;0.50;89.94;
2026-01-07 13:39:03.30;0.00:00:16:750;0.00;0.00;1.00;0.07258;-5.487E-05;6.785E-05;0.07261;64.48;44.97;100.04;100.04;0.12;0.07258;0.07261;-2.78E-05;-11.392;-11.390;-99.990;0.50;89.95;
2026-01-07 13:39:03.34;0.00:00:16:797;0.00;0.00;1.00;0.07274;-5.67E-05;5.958E-05;0.07277;66.79;44.97;100.04;100.04;0.11;0.07274;0.07277;-2.764E-05;-11.382;-11.381;-99.990;0.50;89.95;
2026-01-07 13:39:03.39;0.00:00:16:844;0.00;0.00;1.00;0.07278;-4.75E-05;6.16E-05;0.07281;63.82;44.97;100.04;100.04;0.11;0.07278;0.07281;-2.955E-05;-11.380;-11.378;-99.990;0.50;89.95;
2026-01-07 13:39:03.44;0.00:00:16:893;0.00;0.00;1.00;0.07276;-5.367E-05;6.038E-05;0.07278;65.82;44.97;100.04;100.04;0.11;0.07276;0.07278;-2.757E-05;-11.381;-11.380;-99.990;0.50;89.95;
2026-01-07 13:39:03.48;0.00:00:16:938;0.00;0.00;1.00;0.0726;-5.571E-05;8.252E-05;0.07263;62.01;44.96;100.04;100.04;0.14;0.0726;0.07263;-2.853E-05;-11.391;-11.389;-99.990;0.50;89.93;
2026-01-07 13:39:03.53;0.00:00:16:986;0.00;0.00;1.00;0.07239;-5.792E-05;6.628E-05;0.07241;65.57;44.97;100.03;100.03;0.12;0.07239;0.07241;-2.15E-05;-11.403;-11.402;-99.990;0.50;89.95;
2026-01-07 13:39:03.58;0.00:00:17:033;0.00;0.00;1.00;0.07243;-5.026E-05;6.385E-05;0.07245;64.11;44.97;100.04;100.04;0.11;0.07243;0.07245;-2.636E-05;-11.401;-11.399;-99.990;0.50;89.95;
2026-01-07 13:39:03.63;0.00:00:17:084;0.00;0.00;1.00;0.07258;-5.041E-05;6.635E-05;0.07261;63.61;44.97;100.04;100.04;0.11;0.07258;0.07261;-3.215E-05;-11.392;-11.390;-99.990;0.50;89.95;
2026-01-07 13:39:03.68;0.00:00:17:137;0.00;0.00;1.00;0.07271;-6.365E-05;7.404E-05;0.07274;65.34;44.96;100.04;100.04;0.13;0.07271;0.07274;-2.821E-05;-11.384;-11.382;-99.990;0.50;89.94;
2026-01-07 13:39:03.73;0.00:00:17:187;0.00;0.00;1.00;0.07261;-4.105E-05;6.411E-05;0.07264;61.32;44.97;100.04;100.04;0.10;0.07261;0.07264;-2.883E-05;-11.390;-11.388;-99.990;0.50;89.95;
2026-01-07 13:39:03.78;0.00:00:17:239;0.00;0.00;1.00;0.07262;-5.424E-05;8.156E-05;0.07264;61.81;44.96;100.03;100.03;0.13;0.07262;0.07264;-2.491E-05;-11.389;-11.388;-99.990;0.50;89.94;
2026-01-07 13:39:03.83;0.00:00:17:288;0.00;0.00;1.00;0.07264;-5.185E-05;6.79E-05;0.07267;63.68;44.97;100.04;100.04;0.12;0.07264;0.07267;-3.138E-05;-11.388;-11.386;-99.990;0.50;89.95;
2026-01-07 13:39:03.89;0.00:00:17:341;0.00;0.00;1.00;0.07278;-5.873E-05;6.702E-05;0.07281;65.62;44.96;100.04;100.04;0.12;0.07278;0.07281;-3.173E-05;-11.380;-11.378;-99.990;0.50;89.95;
2026-01-07 13:39:03.94;0.00:00:17:390;0.00;0.00;1.00;0.0727;-6.299E-05;5.898E-05;0.07273;68.44;44.97;100.04;100.04;0.12;0.0727;0.07273;-2.77E-05;-11.385;-11.383;-99.990;0.50;89.95;
2026-01-07 13:39:04.00;0.00:00:17:452;0.00;0.00;1.00;0.07274;-4.748E-05;6.376E-05;0.07276;63.34;44.97;100.04;100.04;0.11;0.07274;0.07276;-2.778E-05;-11.383;-11.381;-99.990;0.50;89.95;
2026-01-07 13:39:04.05;0.00:00:17:502;0.00;0.00;1.00;0.07273;-5.567E-05;7.103E-05;0.07276;64.04;44.96;100.04;100.04;0.12;0.07273;0.07276;-2.611E-05;-11.383;-11.381;-99.990;0.50;89.94;
2026-01-07 13:39:04.10;0.00:00:17:553;0.00;0.00;1.00;0.07265;-4.944E-05;6.472E-05;0.07268;63.69;44.97;100.04;100.04;0.11;0.07265;0.07268;-2.877E-05;-11.387;-11.386;-99.990;0.50;89.95;
2026-01-07 13:39:04.15;0.00:00:17:605;0.00;0.00;1.00;0.07256;-5.494E-05;6.873E-05;0.07259;64.32;44.97;100.04;100.04;0.12;0.07256;0.07259;-2.765E-05;-11.393;-11.391;-99.990;0.50;89.95;
2026-01-07 13:39:04.20;0.00:00:17:657;0.00;0.00;1.00;0.07247;-5.229E-05;6.258E-05;0.07249;64.94;44.97;100.04;100.04;0.11;0.07247;0.07249;-2.58E-05;-11.399;-11.397;-99.990;0.50;89.95;
2026-01-07 13:39:04.25;0.00:00:17:709;0.00;0.00;1.00;0.07269;-4.696E-05;3.406E-05;0.07272;72.02;44.98;100.04;100.04;0.08;0.07269;0.07272;-2.668E-05;-11.385;-11.384;-99.990;0.50;89.97;
2026-01-07 13:39:04.30;0.00:00:17:758;0.00;0.00;1.00;0.07287;-5.96E-05;6.938E-05;0.0729;65.33;44.96;100.04;100.04;0.13;0.07287;0.0729;-2.747E-05;-11.375;-11.373;-99.990;0.50;89.95;
2026-01-07 13:39:04.36;0.00:00:17:810;0.00;0.00;1.00;0.07257;-4.716E-05;8.047E-05;0.0726;60.19;44.96;100.04;100.04;0.13;0.07257;0.0726;-2.779E-05;-11.392;-11.391;-99.990;0.50;89.94;
2026-01-07 13:39:04.41;0.00:00:17:861;0.00;0.00;1.00;0.07228;-3.708E-05;5.437E-05;0.07231;62.15;44.97;100.04;100.04;0.09;0.07228;0.07231;-2.87E-05;-11.410;-11.408;-99.990;0.50;89.96;
2026-01-07 13:39:04.46;0.00:00:17:912;0.00;0.00;1.00;0.0725;-5.629E-05;6.8E-05;0.07253;64.81;44.97;100.04;100.04;0.12;0.0725;0.07253;-2.958E-05;-11.397;-11.395;-99.990;0.50;89.95;
2026-01-07 13:39:04.51;0.00:00:17:963;0.00;0.00;1.00;0.0725;-4.578E-05;6.021E-05;0.07252;63.62;44.97;100.04;100.04;0.10;0.0725;0.07252;-2.545E-05;-11.397;-11.395;-99.990;0.50;89.95;
2026-01-07 13:39:04.56;0.00:00:18:014;0.00;0.00;1.00;0.07283;-5.424E-05;7.48E-05;0.07286;62.98;44.96;100.04;100.04;0.13;0.07283;0.07286;-2.971E-05;-11.377;-11.375;-99.990;0.50;89.94;
2026-01-07 13:39:04.61;0.00:00:18:066;0.00;0.00;1.00;0.07286;-5.934E-05;5.996E-05;0.07289;67.35;44.97;100.04;100.04;0.12;0.07286;0.07289;-3.279E-05;-11.375;-11.373;-99.990;0.50;89.95;
2026-01-07 13:39:04.66;0.00:00:18:116;0.00;0.00;1.00;0.07288;-6.025E-05;5.468E-05;0.0729;68.89;44.97;100.04;100.04;0.11;0.07288;0.0729;-2.558E-05;-11.374;-11.373;-99.990;0.50;89.96;
2026-01-07 13:39:04.71;0.00:00:18:167;0.00;0.00;1.00;0.0734;-6.888E-05;3.686E-05;0.07343;75.92;44.97;100.03;100.03;0.11;0.0734;0.07343;-2.481E-05;-11.343;-11.341;-99.990;0.50;89.97;
2026-01-07 13:39:04.76;0.00:00:18:219;0.00;0.00;1.00;0.07294;-6.117E-05;7.273E-05;0.07297;65.03;44.96;100.04;100.04;0.13;0.07294;0.07297;-2.896E-05;-11.370;-11.368;-99.990;0.50;89.94;
2026-01-07 13:39:04.82;0.00:00:18:271;0.00;0.00;1.00;0.07262;-6.237E-05;7.558E-05;0.07264;64.77;44.96;100.04;100.04;0.13;0.07262;0.07264;-2.73E-05;-11.390;-11.388;-99.990;0.50;89.94;
2026-01-07 13:39:04.87;0.00:00:18:322;0.00;0.00;1.00;0.0721;-6.221E-05;9.482E-05;0.07213;61.63;44.95;100.04;100.04;0.16;0.0721;0.07213;-2.588E-05;-11.421;-11.419;-99.990;0.50;89.92;
2026-01-07 13:39:04.92;0.00:00:18:372;0.00;0.00;1.00;0.0719;-5.32E-05;7.984E-05;0.07193;61.84;44.96;100.04;100.04;0.13;0.0719;0.07193;-2.61E-05;-11.433;-11.431;-99.990;0.50;89.94;
2026-01-07 13:39:04.97;0.00:00:18:423;0.00;0.00;1.00;0.07224;-4.892E-05;8.083E-05;0.07227;60.59;44.96;100.04;100.04;0.13;0.07224;0.07227;-2.94E-05;-11.412;-11.410;-99.990;0.50;89.94;
2026-01-07 13:39:05.02;0.00:00:18:474;0.00;0.00;1.00;0.07228;-4.367E-05;3.726E-05;0.0723;69.77;44.98;100.04;100.04;0.08;0.07228;0.0723;-2.812E-05;-11.410;-11.408;-99.990;0.50;89.97;
2026-01-07 13:39:05.07;0.00:00:18:525;0.00;0.00;1.00;0.07249;-2.907E-05;7.603E-05;0.07252;55.46;44.97;100.04;100.04;0.11;0.07249;0.07252;-2.928E-05;-11.397;-11.396;-99.990;0.50;89.94;
2026-01-07 13:39:05.12;0.00:00:18:576;0.00;0.00;1.00;0.0723;-4.985E-05;8.083E-05;0.07233;60.83;44.96;100.04;100.04;0.13;0.0723;0.07233;-3.073E-05;-11.409;-11.407;-99.990;0.50;89.94;
2026-01-07 13:39:05.17;0.00:00:18:627;0.00;0.00;1.00;0.07243;-5.031E-05;5.117E-05;0.07246;67.26;44.97;100.03;100.03;0.10;0.07243;0.07246;-2.427E-05;-11.401;-11.399;-99.990;0.50;89.96;
2026-01-07 13:39:05.22;0.00:00:18:678;0.00;0.00;1.00;0.07261;-4.92E-05;5.861E-05;0.07264;65.01;44.97;100.04;100.04;0.11;0.07261;0.07264;-2.984E-05;-11.390;-11.388;-99.990;0.50;89.95;
2026-01-07 13:39:05.28;0.00:00:18:731;0.00;0.00;1.00;0.07262;-5.479E-05;6.389E-05;0.07265;65.31;44.97;100.04;100.04;0.12;0.07262;0.07265;-2.687E-05;-11.389;-11.388;-99.990;0.50;89.95;
2026-01-07 13:39:05.33;0.00:00:18:781;0.00;0.00;1.00;0.07266;-5.518E-05;6.648E-05;0.07269;64.85;44.97;100.04;100.04;0.12;0.07266;0.07269;-2.587E-05;-11.387;-11.386;-99.990;0.50;89.95;
2026-01-07 13:39:05.38;0.00:00:18:831;0.00;0.00;1.00;0.07253;-5.955E-05;5.93E-05;0.07255;67.56;44.97;100.03;100.03;0.12;0.07253;0.07255;-2.328E-05;-11.395;-11.393;-99.990;0.50;89.95;
2026-01-07 13:39:05.43;0.00:00:18:882;0.00;0.00;1.00;0.07263;-5.67E-05;6.914E-05;0.07266;64.68;44.96;100.04;100.04;0.12;0.07263;0.07266;-3.036E-05;-11.389;-11.387;-99.990;0.50;89.95;
2026-01-07 13:39:05.48;0.00:00:18:933;0.00;0.00;1.00;0.07261;-5.751E-05;6.559E-05;0.07264;65.62;44.97;100.04;100.04;0.12;0.07261;0.07264;-2.57E-05;-11.390;-11.388;-99.990;0.50;89.95;
2026-01-07 13:39:05.53;0.00:00:18:985;0.00;0.00;1.00;0.07244;-4.437E-05;8.689E-05;0.07247;58.52;44.96;100.04;100.04;0.13;0.07244;0.07247;-2.919E-05;-11.400;-11.399;-99.990;0.50;89.93;
2026-01-07 13:39:05.59;0.00:00:19:041;0.00;0.00;1.00;0.07236;-5.688E-05;6.813E-05;0.07238;64.93;44.96;100.03;100.03;0.12;0.07236;0.07238;-2.352E-05;-11.405;-11.404;-99.990;0.50;89.95;
2026-01-07 13:39:05.64;0.00:00:19:090;0.00;0.00;1.00;0.07262;-6.185E-05;5.725E-05;0.07265;68.60;44.97;100.04;100.04;0.12;0.07262;0.07265;-2.607E-05;-11.389;-11.388;-99.990;0.50;89.95;
2026-01-07 13:39:05.68;0.00:00:19:136;0.00;0.00;1.00;0.07256;-5.513E-05;7.135E-05;0.07258;63.85;44.96;100.03;100.03;0.12;0.07256;0.07258;-2.452E-05;-11.393;-11.392;-99.990;0.50;89.94;
2026-01-07 13:39:05.73;0.00:00:19:183;0.00;0.00;1.00;0.07244;-5.072E-05;7.5E-05;0.07247;62.03;44.96;100.04;100.04;0.12;0.07244;0.07247;-2.731E-05;-11.400;-11.398;-99.990;0.50;89.94;
2026-01-07 13:39:05.79;0.00:00:19:245;0.00;0.00;1.00;0.0724;-5.255E-05;6.478E-05;0.07243;64.52;44.97;100.04;100.04;0.12;0.0724;0.07243;-2.802E-05;-11.403;-11.401;-99.990;0.50;89.95;
2026-01-07 13:39:05.84;0.00:00:19:293;0.00;0.00;1.00;0.07256;-5.845E-05;6.303E-05;0.07258;66.42;44.97;100.04;100.04;0.12;0.07256;0.07258;-2.67E-05;-11.393;-11.392;-99.990;0.50;89.95;
2026-01-07 13:39:05.90;0.00:00:19:353;0.00;0.00;1.00;0.07251;-5.428E-05;6.563E-05;0.07253;64.80;44.97;100.03;100.03;0.12;0.07251;0.07253;-2.284E-05;-11.396;-11.395;-99.990;0.50;89.95;
2026-01-07 13:39:05.94;0.00:00:19:398;0.00;0.00;1.00;0.07269;-5.548E-05;6.628E-05;0.07272;64.97;44.97;100.03;100.03;0.12;0.07269;0.07272;-2.457E-05;-11.385;-11.384;-99.990;0.50;89.95;
2026-01-07 13:39:05.99;0.00:00:19:446;0.00;0.00;1.00;0.07264;-4.97E-05;7.133E-05;0.07267;62.43;44.97;100.04;100.04;0.12;0.07264;0.07267;-3.022E-05;-11.388;-11.386;-99.990;0.50;89.94;
2026-01-07 13:39:06.04;0.00:00:19:495;0.00;0.00;1.00;0.07254;-4.629E-05;6.801E-05;0.07256;62.12;44.97;100.04;100.04;0.11;0.07254;0.07256;-2.648E-05;-11.394;-11.393;-99.990;0.50;89.95;
2026-01-07 13:39:06.10;0.00:00:19:555;0.00;0.00;1.00;0.07265;-5.909E-05;7.62E-05;0.07268;63.90;44.96;100.04;100.04;0.13;0.07265;0.07268;-2.891E-05;-11.388;-11.386;-99.990;0.50;89.94;
2026-01-07 13:39:06.15;0.00:00:19:602;0.00;0.00;1.00;0.07267;-6.063E-05;5.902E-05;0.07269;67.88;44.97;100.04;100.04;0.12;0.07267;0.07269;-2.725E-05;-11.387;-11.385;-99.990;0.50;89.95;
2026-01-07 13:39:06.21;0.00:00:19:666;0.00;0.00;1.00;0.07256;-4.915E-05;7.706E-05;0.07259;61.26;44.96;100.04;100.04;0.13;0.07256;0.07259;-3.12E-05;-11.393;-11.391;-99.990;0.50;89.94;
2026-01-07 13:39:06.27;0.00:00:19:725;0.00;0.00;1.00;0.07268;-5.317E-05;6.407E-05;0.0727;64.84;44.97;100.04;100.04;0.11;0.07268;0.0727;-2.929E-05;-11.386;-11.384;-99.990;0.50;89.95;
2026-01-07 13:39:06.32;0.00:00:19:771;0.00;0.00;1.00;0.07276;-5.544E-05;6.619E-05;0.07279;64.98;44.97;100.04;100.04;0.12;0.07276;0.07279;-3.136E-05;-11.381;-11.379;-99.990;0.50;89.95;
2026-01-07 13:39:06.36;0.00:00:19:818;0.00;0.00;1.00;0.07275;-5.794E-05;7.317E-05;0.07277;64.19;44.96;100.03;100.03;0.13;0.07275;0.07277;-2.357E-05;-11.382;-11.380;-99.990;0.50;89.94;
2026-01-07 13:39:06.41;0.00:00:19:864;0.00;0.00;1.00;0.07276;-5.03E-05;6.163E-05;0.07278;64.61;44.97;100.04;100.04;0.11;0.07276;0.07278;-2.83E-05;-11.381;-11.380;-99.990;0.50;89.95;
2026-01-07 13:39:06.46;0.00:00:19:912;0.00;0.00;1.00;0.07296;-6.038E-05;7.314E-05;0.07298;64.77;44.96;100.04;100.04;0.13;0.07296;0.07298;-2.575E-05;-11.369;-11.368;-99.990;0.50;89.94;
2026-01-07 13:39:06.50;0.00:00:19:959;0.00;0.00;1.00;0.07284;-5.365E-05;7.596E-05;0.07287;62.62;44.96;100.04;100.04;0.13;0.07284;0.07287;-2.914E-05;-11.376;-11.374;-99.990;0.50;89.94;
2026-01-07 13:39:06.55;0.00:00:20:006;0.00;0.00;1.00;0.07279;-5.268E-05;7.785E-05;0.07283;62.04;44.96;100.04;100.04;0.13;0.07279;0.07283;-3.225E-05;-11.379;-11.377;-99.990;0.50;89.94;
2026-01-07 13:39:06.60;0.00:00:20:054;0.00;0.00;1.00;0.07274;-5.777E-05;6.602E-05;0.07276;65.59;44.97;100.03;100.03;0.12;0.07274;0.07276;-2.371E-05;-11.382;-11.381;-99.990;0.50;89.95;
2026-01-07 13:39:06.65;0.00:00:20:103;0.00;0.00;1.00;0.07265;-6.232E-05;7.858E-05;0.07267;64.21;44.96;100.04;100.04;0.14;0.07265;0.07267;-2.579E-05;-11.388;-11.386;-99.990;0.50;89.94;
2026-01-07 13:39:06.71;0.00:00:20:164;0.00;0.00;1.00;0.07273;-6.359E-05;5.512E-05;0.07276;69.54;44.97;100.04;100.04;0.12;0.07273;0.07276;-3.106E-05;-11.383;-11.381;-99.990;0.50;89.96;
2026-01-07 13:39:06.76;0.00:00:20:210;0.00;0.00;1.00;0.07236;-4.621E-05;7.014E-05;0.07239;61.69;44.97;100.04;100.04;0.12;0.07236;0.07239;-2.894E-05;-11.405;-11.403;-99.990;0.50;89.94;
2026-01-07 13:39:06.82;0.00:00:20:274;0.00;0.00;1.00;0.07231;-5.161E-05;7.449E-05;0.07234;62.36;44.96;100.04;100.04;0.13;0.07231;0.07234;-2.9E-05;-11.408;-11.406;-99.990;0.50;89.94;
2026-01-07 13:39:06.88;0.00:00:20:333;0.00;0.00;1.00;0.0723;-5.223E-05;6.055E-05;0.07233;65.39;44.97;100.04;100.04;0.11;0.0723;0.07233;-2.747E-05;-11.409;-11.407;-99.990;0.50;89.95;
2026-01-07 13:39:06.93;0.00:00:20:380;0.00;0.00;1.00;0.07269;-5.914E-05;5.17E-05;0.07271;69.42;44.97;100.04;100.04;0.11;0.07269;0.07271;-2.697E-05;-11.385;-11.384;-99.990;0.50;89.96;
2026-01-07 13:39:06.97;0.00:00:20:426;0.00;0.00;1.00;0.07256;-5.582E-05;8.135E-05;0.07259;62.23;44.96;100.04;100.04;0.14;0.07256;0.07259;-2.815E-05;-11.393;-11.391;-99.990;0.50;89.94;
2026-01-07 13:39:07.02;0.00:00:20:473;0.00;0.00;1.00;0.07245;-6.394E-05;7.747E-05;0.07248;64.77;44.96;100.04;100.04;0.14;0.07245;0.07248;-2.717E-05;-11.400;-11.398;-99.990;0.50;89.94;
2026-01-07 13:39:07.07;0.00:00:20:520;0.00;0.00;1.00;0.07254;-5.477E-05;6.78E-05;0.07256;64.47;44.97;100.04;100.04;0.12;0.07254;0.07256;-2.655E-05;-11.394;-11.393;-99.990;0.50;89.95;
2026-01-07 13:39:07.13;0.00:00:20:582;0.00;0.00;1.00;0.07257;-5.991E-05;6.883E-05;0.0726;65.52;44.96;100.04;100.04;0.13;0.07257;0.0726;-2.707E-05;-11.392;-11.391;-99.990;0.50;89.95;
2026-01-07 13:39:07.17;0.00:00:20:628;0.00;0.00;1.00;0.07231;-5.324E-05;8.315E-05;0.07234;61.32;44.96;100.04;100.04;0.14;0.07231;0.07234;-2.545E-05;-11.408;-11.406;-99.990;0.50;89.93;
2026-01-07 13:39:07.22;0.00:00:20:674;0.00;0.00;1.00;0.07224;-5.536E-05;6.556E-05;0.07227;65.09;44.97;100.03;100.03;0.12;0.07224;0.07227;-2.5E-05;-11.412;-11.410;-99.990;0.50;89.95;
2026-01-07 13:39:07.27;0.00:00:20:720;0.00;0.00;1.00;0.07232;-4.632E-05;7.023E-05;0.07234;61.70;44.97;100.04;100.04;0.12;0.07232;0.07234;-2.806E-05;-11.408;-11.406;-99.990;0.50;89.94;
2026-01-07 13:39:07.31;0.00:00:20:767;0.00;0.00;1.00;0.07239;-6.063E-05;6.112E-05;0.07241;67.38;44.97;100.03;100.03;0.12;0.07239;0.07241;-2.418E-05;-11.403;-11.402;-99.990;0.50;89.95;
2026-01-07 13:39:07.36;0.00:00:20:816;0.00;0.00;1.00;0.07243;-6.034E-05;7.917E-05;0.07245;63.66;44.96;100.03;100.03;0.14;0.07243;0.07245;-2.484E-05;-11.401;-11.400;-99.990;0.50;89.94;
2026-01-07 13:39:07.42;0.00:00:20:876;0.00;0.00;1.00;0.07246;-5.55E-05;6.849E-05;0.07249;64.51;44.97;100.04;100.04;0.12;0.07246;0.07249;-2.58E-05;-11.399;-11.397;-99.990;0.50;89.95;
2026-01-07 13:39:07.47;0.00:00:20:922;0.00;0.00;1.00;0.07233;-4.974E-05;6.991E-05;0.07236;62.72;44.97;100.04;100.04;0.12;0.07233;0.07236;-2.987E-05;-11.407;-11.405;-99.990;0.50;89.94;
2026-01-07 13:39:07.51;0.00:00:20:969;0.00;0.00;1.00;0.07235;-5.121E-05;6.7E-05;0.07238;63.70;44.97;100.04;100.04;0.12;0.07235;0.07238;-2.764E-05;-11.406;-11.404;-99.990;0.50;89.95;
2026-01-07 13:39:07.56;0.00:00:21:018;0.00;0.00;1.00;0.07215;-4.752E-05;9.23E-05;0.07218;58.62;44.96;100.04;100.04;0.14;0.07215;0.07218;-2.77E-05;-11.418;-11.416;-99.990;0.50;89.93;
2026-01-07 13:39:07.61;0.00:00:21:065;0.00;0.00;1.00;0.07256;-5.829E-05;6.747E-05;0.07259;65.41;44.96;100.04;100.04;0.12;0.07256;0.07259;-2.837E-05;-11.393;-11.391;-99.990;0.50;89.95;
2026-01-07 13:39:07.66;0.00:00:21:119;0.00;0.00;1.00;0.07279;-6.077E-05;6.236E-05;0.07282;67.13;44.97;100.04;100.04;0.12;0.07279;0.07282;-2.883E-05;-11.379;-11.377;-99.990;0.50;89.95;
2026-01-07 13:39:07.72;0.00:00:21:170;0.00;0.00;1.00;0.07265;-5.133E-05;7.442E-05;0.07268;62.30;44.96;100.04;100.04;0.12;0.07265;0.07268;-2.87E-05;-11.388;-11.386;-99.990;0.50;89.94;
2026-01-07 13:39:07.77;0.00:00:21:221;0.00;0.00;1.00;0.07264;-5.429E-05;7.47E-05;0.07267;63.00;44.96;100.04;100.04;0.13;0.07264;0.07267;-2.579E-05;-11.388;-11.387;-99.990;0.50;89.94;
2026-01-07 13:39:07.82;0.00:00:21:270;0.00;0.00;1.00;0.07264;-5.606E-05;7.235E-05;0.07267;63.88;44.96;100.04;100.04;0.13;0.07264;0.07267;-2.637E-05;-11.388;-11.387;-99.990;0.50;89.94;
2026-01-07 13:39:07.87;0.00:00:21:320;0.00;0.00;1.00;0.07262;-5.384E-05;8.355E-05;0.07265;61.40;44.96;100.04;100.04;0.14;0.07262;0.07265;-2.89E-05;-11.389;-11.388;-99.990;0.50;89.93;
2026-01-07 13:39:07.92;0.00:00:21:372;0.00;0.00;1.00;0.07246;-5.16E-05;7.171E-05;0.07249;62.87;44.97;100.04;100.04;0.12;0.07246;0.07249;-2.783E-05;-11.399;-11.397;-99.990;0.50;89.94;
2026-01-07 13:39:07.97;0.00:00:21:423;0.00;0.00;1.00;0.07251;-5.071E-05;7.006E-05;0.07254;62.95;44.97;100.04;100.04;0.12;0.07251;0.07254;-2.741E-05;-11.396;-11.394;-99.990;0.50;89.94;
2026-01-07 13:39:08.02;0.00:00:21:477;0.00;0.00;1.00;0.07265;-5.984E-05;7.264E-05;0.07268;64.74;44.96;100.03;100.03;0.13;0.07265;0.07268;-2.521E-05;-11.388;-11.386;-99.990;0.50;89.94;
2026-01-07 13:39:08.07;0.00:00:21:526;0.00;0.00;1.00;0.0728;-5.295E-05;7.443E-05;0.07283;62.71;44.96;100.04;100.04;0.13;0.0728;0.07283;-2.832E-05;-11.379;-11.377;-99.990;0.50;89.94;
2026-01-07 13:39:08.12;0.00:00:21:577;0.00;0.00;1.00;0.07268;-5.432E-05;7.751E-05;0.07271;62.51;44.96;100.04;100.04;0.13;0.07268;0.07271;-3.024E-05;-11.386;-11.384;-99.990;0.50;89.94;
2026-01-07 13:39:08.18;0.00:00:21:629;0.00;0.00;1.00;0.07272;-4.443E-05;6.77E-05;0.07275;61.64;44.97;100.04;100.04;0.11;0.07272;0.07275;-3.09E-05;-11.384;-11.382;-99.990;0.50;89.95;
2026-01-07 13:39:08.23;0.00:00:21:680;0.00;0.00;1.00;0.07268;-6.03E-05;7.607E-05;0.07271;64.20;44.96;100.04;100.04;0.13;0.07268;0.07271;-2.602E-05;-11.386;-11.384;-99.990;0.50;89.94;
2026-01-07 13:39:08.28;0.00:00:21:731;0.00;0.00;1.00;0.07268;-4.839E-05;6.835E-05;0.07271;62.65;44.97;100.04;100.04;0.12;0.07268;0.07271;-2.878E-05;-11.386;-11.384;-99.990;0.50;89.95;
2026-01-07 13:39:08.33;0.00:00:21:782;0.00;0.00;1.00;0.07268;-5.443E-05;7.207E-05;0.07271;63.53;44.96;100.04;100.04;0.12;0.07268;0.07271;-2.784E-05;-11.386;-11.384;-99.990;0.50;89.94;
2026-01-07 13:39:08.38;0.00:00:21:833;0.00;0.00;1.00;0.07253;-5.691E-05;6.937E-05;0.07255;64.68;44.96;100.04;100.04;0.12;0.07253;0.07255;-2.654E-05;-11.395;-11.393;-99.990;0.50;89.95;
2026-01-07 13:39:08.43;0.00:00:21:886;0.00;0.00;1.00;0.07242;-4.869E-05;7.688E-05;0.07245;61.17;44.96;100.04;100.04;0.13;0.07242;0.07245;-2.636E-05;-11.401;-11.400;-99.990;0.50;89.94;
2026-01-07 13:39:08.48;0.00:00:21:937;0.00;0.00;1.00;0.07258;-6.197E-05;6.465E-05;0.07261;66.89;44.96;100.04;100.04;0.12;0.07258;0.07261;-2.649E-05;-11.392;-11.390;-99.990;0.50;89.95;
2026-01-07 13:39:08.53;0.00:00:21:986;0.00;0.00;1.00;0.07261;-6.32E-05;7.835E-05;0.07263;64.44;44.96;100.03;100.03;0.14;0.07261;0.07263;-2.49E-05;-11.390;-11.389;-99.990;0.50;89.94;
2026-01-07 13:39:08.58;0.00:00:22:038;0.00;0.00;1.00;0.07241;-5.099E-05;6.519E-05;0.07244;64.02;44.97;100.04;100.04;0.11;0.07241;0.07244;-2.795E-05;-11.402;-11.400;-99.990;0.50;89.95;
2026-01-07 13:39:08.63;0.00:00:22:087;0.00;0.00;1.00;0.0727;-6.587E-05;5.664E-05;0.07272;69.65;44.97;100.03;100.03;0.12;0.0727;0.07272;-2.312E-05;-11.385;-11.383;-99.990;0.50;89.96;
2026-01-07 13:39:08.68;0.00:00:22:138;0.00;0.00;1.00;0.07283;-5.69E-05;7.343E-05;0.07285;63.89;44.96;100.04;100.04;0.13;0.07283;0.07285;-2.607E-05;-11.377;-11.376;-99.990;0.50;89.94;
2026-01-07 13:39:08.74;0.00:00:22:189;0.00;0.00;1.00;0.0727;-5.452E-05;8.619E-05;0.07272;61.16;44.96;100.04;100.04;0.14;0.0727;0.07272;-2.712E-05;-11.385;-11.383;-99.990;0.50;89.93;
2026-01-07 13:39:08.80;0.00:00:22:251;0.00;0.00;1.00;0.07255;-4.828E-05;7.598E-05;0.07258;61.22;44.96;100.04;100.04;0.12;0.07255;0.07258;-3.061E-05;-11.394;-11.392;-99.990;0.50;89.94;
2026-01-07 13:39:08.85;0.00:00:22:300;0.00;0.00;1.00;0.07253;-5.774E-05;6.533E-05;0.07255;65.74;44.97;100.04;100.04;0.12;0.07253;0.07255;-2.93E-05;-11.395;-11.393;-99.990;0.50;89.95;
2026-01-07 13:39:08.90;0.00:00:22:351;0.00;0.00;1.00;0.07249;-4.72E-05;6.55E-05;0.07252;62.89;44.97;100.04;100.04;0.11;0.07249;0.07252;-2.66E-05;-11.397;-11.396;-99.990;0.50;89.95;
2026-01-07 13:39:08.95;0.00:00:22:402;0.00;0.00;1.00;0.07264;-5.597E-05;5.434E-05;0.07266;67.92;44.97;100.04;100.04;0.11;0.07264;0.07266;-2.789E-05;-11.388;-11.387;-99.990;0.50;89.96;
2026-01-07 13:39:09.00;0.00:00:22:453;0.00;0.00;1.00;0.07274;-6.385E-05;7.539E-05;0.07277;65.13;44.96;100.04;100.04;0.14;0.07274;0.07277;-2.626E-05;-11.382;-11.381;-99.990;0.50;89.94;
2026-01-07 13:39:09.05;0.00:00:22:504;0.00;0.00;1.00;0.07259;-6.389E-05;7.541E-05;0.07261;65.13;44.96;100.04;100.04;0.14;0.07259;0.07261;-2.853E-05;-11.391;-11.390;-99.990;0.50;89.94;
2026-01-07 13:39:09.10;0.00:00:22:555;0.00;0.00;1.00;0.07236;-4.451E-05;4.293E-05;0.07239;68.02;44.98;100.04;100.04;0.09;0.07236;0.07239;-2.62E-05;-11.405;-11.403;-99.990;0.50;89.97;
2026-01-07 13:39:09.15;0.00:00:22:606;0.00;0.00;1.00;0.07257;-4.517E-05;5.395E-05;0.0726;64.97;44.97;100.04;100.04;0.10;0.07257;0.0726;-2.707E-05;-11.392;-11.391;-99.990;0.50;89.96;
2026-01-07 13:39:09.20;0.00:00:22:657;0.00;0.00;1.00;0.0729;-7.591E-05;7.958E-05;0.07293;66.82;44.96;100.04;100.04;0.15;0.0729;0.07293;-3.055E-05;-11.373;-11.371;-99.990;0.50;89.94;
2026-01-07 13:39:09.25;0.00:00:22:708;0.00;0.00;1.00;0.07259;-4.269E-05;9.877E-05;0.07262;56.69;44.96;100.04;100.04;0.15;0.07259;0.07262;-2.853E-05;-11.391;-11.390;-99.990;0.50;89.92;
2026-01-07 13:39:09.31;0.00:00:22:760;0.00;0.00;1.00;0.07258;-2.182E-05;5.569E-05;0.07261;55.70;44.98;100.04;100.04;0.08;0.07258;0.07261;-2.62E-05;-11.392;-11.390;-99.990;0.50;89.96;
2026-01-07 13:39:09.36;0.00:00:22:810;0.00;0.00;1.00;0.07279;-5.251E-05;3.792E-05;0.07282;72.08;44.97;100.04;100.04;0.09;0.07279;0.07282;-2.868E-05;-11.379;-11.378;-99.990;0.50;89.97;
2026-01-07 13:39:09.41;0.00:00:22:860;0.00;0.00;1.00;0.073;-6.787E-05;9.559E-05;0.07303;62.69;44.95;100.04;100.04;0.16;0.073;0.07303;-2.884E-05;-11.367;-11.365;-99.990;0.50;89.93;
2026-01-07 13:39:09.46;0.00:00:22:913;0.00;0.00;1.00;0.07264;-5.084E-05;8.144E-05;0.07267;60.99;44.96;100.05;100.05;0.13;0.07264;0.07267;-3.407E-05;-11.388;-11.386;-99.990;0.50;89.94;
2026-01-07 13:39:09.51;0.00:00:22:962;0.00;0.00;1.00;0.07247;-5.509E-05;8.444E-05;0.0725;61.56;44.96;100.03;100.03;0.14;0.07247;0.0725;-2.508E-05;-11.398;-11.397;-99.990;0.50;89.93;
2026-01-07 13:39:09.56;0.00:00:23:015;0.00;0.00;1.00;0.07224;-4.914E-05;5.614E-05;0.07227;65.60;44.97;100.04;100.04;0.10;0.07224;0.07227;-2.789E-05;-11.412;-11.410;-99.990;0.50;89.96;
2026-01-07 13:39:09.61;0.00:00:23:067;0.00;0.00;1.00;0.07256;-5.325E-05;4.801E-05;0.07259;68.98;44.97;100.04;100.04;0.10;0.07256;0.07259;-2.677E-05;-11.393;-11.391;-99.990;0.50;89.96;
2026-01-07 13:39:09.66;0.00:00:23:115;0.00;0.00;1.00;0.07285;-6.978E-05;5.394E-05;0.07287;71.15;44.97;100.03;100.03;0.12;0.07285;0.07287;-2.287E-05;-11.376;-11.374;-99.990;0.50;89.96;
2026-01-07 13:39:09.71;0.00:00:23:161;0.00;0.00;1.00;0.07297;-5.652E-05;6.382E-05;0.07299;65.76;44.97;100.04;100.04;0.12;0.07297;0.07299;-2.817E-05;-11.369;-11.367;-99.990;0.50;89.95;
2026-01-07 13:39:09.75;0.00:00:23:208;0.00;0.00;1.00;0.07304;-5.527E-05;6.295E-05;0.07306;65.64;44.97;100.04;100.04;0.11;0.07304;0.07306;-2.783E-05;-11.365;-11.363;-99.990;0.50;89.95;
2026-01-07 13:39:09.80;0.00:00:23:254;0.00;0.00;1.00;0.07284;-5.678E-05;6.655E-05;0.07287;65.24;44.97;100.03;100.03;0.12;0.07284;0.07287;-2.44E-05;-11.376;-11.375;-99.990;0.50;89.95;
2026-01-07 13:39:09.85;0.00:00:23:301;0.00;0.00;1.00;0.07284;-5.552E-05;7.405E-05;0.07287;63.43;44.96;100.04;100.04;0.13;0.07284;0.07287;-3.015E-05;-11.376;-11.375;-99.990;0.50;89.94;
2026-01-07 13:39:09.89;0.00:00:23:349;0.00;0.00;1.00;0.07282;-5.791E-05;6.896E-05;0.07285;65.01;44.96;100.03;100.03;0.12;0.07282;0.07285;-2.52E-05;-11.377;-11.376;-99.990;0.50;89.95;
2026-01-07 13:39:09.96;0.00:00:23:409;0.00;0.00;1.00;0.07277;-5.434E-05;8.447E-05;0.0728;61.38;44.96;100.04;100.04;0.14;0.07277;0.0728;-2.933E-05;-11.381;-11.379;-99.990;0.50;89.93;
2026-01-07 13:39:10.00;0.00:00:23:456;0.00;0.00;1.00;0.07258;-5.037E-05;7.958E-05;0.0726;61.17;44.96;100.04;100.04;0.13;0.07258;0.0726;-2.845E-05;-11.392;-11.390;-99.990;0.50;89.94;
2026-01-07 13:39:10.05;0.00:00:23:503;0.00;0.00;1.00;0.07255;-6.099E-05;7.096E-05;0.07257;65.34;44.96;100.04;100.04;0.13;0.07255;0.07257;-2.59E-05;-11.394;-11.392;-99.990;0.50;89.94;
2026-01-07 13:39:10.11;0.00:00:23:565;0.00;0.00;1.00;0.07252;-6.126E-05;6.113E-05;0.07255;67.53;44.97;100.04;100.04;0.12;0.07252;0.07255;-2.604E-05;-11.395;-11.394;-99.990;0.50;89.95;
2026-01-07 13:39:10.17;0.00:00:23:627;0.00;0.00;1.00;0.07262;-6.097E-05;8.133E-05;0.07264;63.43;44.96;100.03;100.03;0.14;0.07262;0.07264;-2.454E-05;-11.390;-11.388;-99.990;0.50;89.94;
2026-01-07 13:39:10.22;0.00:00:23:673;0.00;0.00;1.00;0.07264;-5.586E-05;6.218E-05;0.07267;65.97;44.97;100.03;100.03;0.12;0.07264;0.07267;-2.404E-05;-11.388;-11.387;-99.990;0.50;89.95;
2026-01-07 13:39:10.27;0.00:00:23:720;0.00;0.00;1.00;0.07267;-5.489E-05;6.778E-05;0.0727;64.50;44.97;100.04;100.04;0.12;0.07267;0.0727;-2.813E-05;-11.386;-11.384;-99.990;0.50;89.95;
2026-01-07 13:39:10.31;0.00:00:23:767;0.00;0.00;1.00;0.07255;-5.819E-05;8.023E-05;0.07258;62.98;44.96;100.04;100.04;0.14;0.07255;0.07258;-2.895E-05;-11.394;-11.392;-99.990;0.50;89.94;
2026-01-07 13:39:10.36;0.00:00:23:813;0.00;0.00;1.00;0.07255;-5.276E-05;5.695E-05;0.07258;66.41;44.97;100.04;100.04;0.11;0.07255;0.07258;-2.764E-05;-11.394;-11.392;-99.990;0.50;89.96;
2026-01-07 13:39:10.41;0.00:00:23:860;0.00;0.00;1.00;0.07242;-5.515E-05;9.235E-05;0.07245;60.42;44.96;100.03;100.03;0.15;0.07242;0.07245;-2.296E-05;-11.401;-11.400;-99.990;0.50;89.93;
2026-01-07 13:39:10.45;0.00:00:23:906;0.00;0.00;1.00;0.07215;-4.145E-05;6.034E-05;0.07217;62.24;44.97;100.04;100.04;0.10;0.07215;0.07217;-2.727E-05;-11.418;-11.416;-99.990;0.50;89.95;
2026-01-07 13:39:10.50;0.00:00:23:954;0.00;0.00;1.00;0.0723;-4.83E-05;7.362E-05;0.07233;61.63;44.97;100.04;100.04;0.12;0.0723;0.07233;-2.914E-05;-11.409;-11.407;-99.990;0.50;89.94;
2026-01-07 13:39:10.55;0.00:00:24:001;0.00;0.00;1.00;0.07244;-5.042E-05;5.752E-05;0.07247;65.62;44.97;100.04;100.04;0.11;0.07244;0.07247;-2.905E-05;-11.400;-11.399;-99.990;0.50;89.95;
2026-01-07 13:39:10.59;0.00:00:24:048;0.00;0.00;1.00;0.07249;-4.534E-05;7.793E-05;0.07252;60.10;44.96;100.04;100.04;0.12;0.07249;0.07252;-2.827E-05;-11.397;-11.395;-99.990;0.50;89.94;
2026-01-07 13:39:10.64;0.00:00:24:095;0.00;0.00;1.00;0.07266;-5.368E-05;6.71E-05;0.07269;64.33;44.97;100.04;100.04;0.12;0.07266;0.07269;-2.972E-05;-11.387;-11.385;-99.990;0.50;89.95;
2026-01-07 13:39:10.69;0.00:00:24:143;0.00;0.00;1.00;0.07278;-5.605E-05;6.345E-05;0.0728;65.73;44.97;100.04;100.04;0.12;0.07278;0.0728;-2.591E-05;-11.380;-11.379;-99.990;0.50;89.95;
2026-01-07 13:39:10.74;0.00:00:24:189;0.00;0.00;1.00;0.07286;-6.107E-05;6.846E-05;0.07289;65.87;44.96;100.04;100.04;0.13;0.07286;0.07289;-2.689E-05;-11.375;-11.373;-99.990;0.50;89.95;
2026-01-07 13:39:10.78;0.00:00:24:235;0.00;0.00;1.00;0.0726;-5.259E-05;7.929E-05;0.07263;61.78;44.96;100.04;100.04;0.13;0.0726;0.07263;-2.831E-05;-11.391;-11.389;-99.990;0.50;89.94;
2026-01-07 13:39:10.83;0.00:00:24:282;0.00;0.00;1.00;0.07258;-5.414E-05;7.309E-05;0.07261;63.27;44.96;100.04;100.04;0.13;0.07258;0.07261;-3.164E-05;-11.392;-11.390;-99.990;0.50;89.94;
2026-01-07 13:39:10.88;0.00:00:24:331;0.00;0.00;1.00;0.07247;-5.709E-05;7.592E-05;0.07249;63.47;44.96;100.03;100.03;0.13;0.07247;0.07249;-2.478E-05;-11.399;-11.397;-99.990;0.50;89.94;
2026-01-07 13:39:10.94;0.00:00:24:390;0.00;0.00;1.00;0.07246;-5.609E-05;7.437E-05;0.07249;63.51;44.96;100.04;100.04;0.13;0.07246;0.07249;-2.623E-05;-11.399;-11.397;-99.990;0.50;89.94;
2026-01-07 13:39:10.98;0.00:00:24:438;0.00;0.00;1.00;0.07255;-5.572E-05;8.289E-05;0.07258;61.96;44.96;100.04;100.04;0.14;0.07255;0.07258;-2.96E-05;-11.394;-11.392;-99.990;0.50;89.93;
2026-01-07 13:39:11.03;0.00:00:24:488;0.00;0.00;1.00;0.07253;-5.845E-05;6.631E-05;0.07256;65.70;44.97;100.04;100.04;0.12;0.07253;0.07256;-2.633E-05;-11.395;-11.393;-99.990;0.50;89.95;
2026-01-07 13:39:11.09;0.00:00:24:546;0.00;0.00;1.00;0.07266;-5.435E-05;3.302E-05;0.07268;74.36;44.97;100.04;100.04;0.09;0.07266;0.07268;-2.572E-05;-11.387;-11.386;-99.990;0.50;89.97;
2026-01-07 13:39:11.14;0.00:00:24:592;0.00;0.00;1.00;0.0733;-6.502E-05;5.857E-05;0.07333;69.00;44.97;100.04;100.04;0.12;0.0733;0.07333;-3.049E-05;-11.349;-11.347;-99.990;0.50;89.95;
2026-01-07 13:39:11.19;0.00:00:24:640;0.00;0.00;1.00;0.07298;-5.906E-05;0.0001044;0.073;59.75;44.95;100.03;100.03;0.16;0.07298;0.073;-2.489E-05;-11.368;-11.367;-99.990;0.50;89.92;
2026-01-07 13:39:11.23;0.00:00:24:687;0.00;0.00;1.00;0.07284;-5.537E-05;6.442E-05;0.07287;65.34;44.97;100.04;100.04;0.12;0.07284;0.07287;-2.819E-05;-11.376;-11.374;-99.990;0.50;89.95;
2026-01-07 13:39:11.28;0.00:00:24:737;0.00;0.00;1.00;0.07292;-5.116E-05;5.468E-05;0.07295;66.55;44.97;100.04;100.04;0.10;0.07292;0.07295;-2.917E-05;-11.371;-11.370;-99.990;0.50;89.96;
2026-01-07 13:39:11.34;0.00:00:24:796;0.00;0.00;1.00;0.07309;-5.68E-05;6.719E-05;0.07312;65.10;44.97;100.04;100.04;0.12;0.07309;0.07312;-2.792E-05;-11.361;-11.360;-99.990;0.50;89.95;
2026-01-07 13:39:11.39;0.00:00:24:844;0.00;0.00;1.00;0.07265;-5.853E-05;6.205E-05;0.07268;66.66;44.97;100.04;100.03;0.12;0.07265;0.07268;-2.543E-05;-11.388;-11.386;-99.990;0.50;89.95;
2026-01-07 13:39:11.44;0.00:00:24:890;0.00;0.00;1.00;0.07257;-5.32E-05;7.606E-05;0.0726;62.49;44.96;100.04;100.04;0.13;0.07257;0.0726;-2.874E-05;-11.392;-11.391;-99.990;0.50;89.94;
2026-01-07 13:39:11.49;0.00:00:24:939;0.00;0.00;1.00;0.07254;-5.003E-05;6.08E-05;0.07256;64.72;44.97;100.04;100.04;0.11;0.07254;0.07256;-2.655E-05;-11.394;-11.393;-99.990;0.50;89.95;
2026-01-07 13:39:11.54;0.00:00:24:998;0.00;0.00;1.00;0.07251;-5.35E-05;7.644E-05;0.07253;62.50;44.96;100.04;100.04;0.13;0.07251;0.07253;-2.639E-05;-11.396;-11.395;-99.990;0.50;89.94;
2026-01-07 13:39:11.59;0.00:00:25:045;0.00;0.00;1.00;0.07305;-6.111E-05;6.09E-05;0.07308;67.55;44.97;100.04;100.04;0.12;0.07305;0.07308;-2.783E-05;-11.364;-11.362;-99.990;0.50;89.95;
2026-01-07 13:39:11.64;0.00:00:25:095;0.00;0.00;1.00;0.0729;-6.142E-05;9.305E-05;0.07292;61.71;44.96;100.03;100.03;0.15;0.0729;0.07292;-2.428E-05;-11.373;-11.371;-99.990;0.50;89.93;
2026-01-07 13:39:11.69;0.00:00:25:146;0.00;0.00;1.00;0.0729;-5.906E-05;6.71E-05;0.07293;65.68;44.96;100.04;100.04;0.12;0.0729;0.07293;-2.61E-05;-11.373;-11.371;-99.990;0.50;89.95;
2026-01-07 13:39:11.74;0.00:00:25:197;0.00;0.00;1.00;0.0728;-5.349E-05;8.189E-05;0.07283;61.58;44.96;100.04;100.04;0.13;0.0728;0.07283;-2.97E-05;-11.378;-11.377;-99.990;0.50;89.94;
2026-01-07 13:39:11.80;0.00:00:25:249;0.00;0.00;1.00;0.07277;-5.284E-05;7.908E-05;0.07279;61.88;44.96;100.04;100.04;0.13;0.07277;0.07279;-2.838E-05;-11.381;-11.379;-99.990;0.50;89.94;
2026-01-07 13:39:11.85;0.00:00:25:301;0.00;0.00;1.00;0.07273;-5.481E-05;7.48E-05;0.07276;63.12;44.96;100.04;100.04;0.13;0.07273;0.07276;-2.873E-05;-11.383;-11.381;-99.990;0.50;89.94;
2026-01-07 13:39:11.90;0.00:00:25:352;0.00;0.00;1.00;0.07267;-5.666E-05;7.3E-05;0.0727;63.91;44.96;100.04;100.04;0.13;0.07267;0.0727;-3.11E-05;-11.387;-11.385;-99.990;0.50;89.94;
2026-01-07 13:39:11.95;0.00:00:25:402;0.00;0.00;1.00;0.07276;-5.229E-05;5.257E-05;0.07278;67.42;44.97;100.04;100.04;0.10;0.07276;0.07278;-2.743E-05;-11.381;-11.380;-99.990;0.50;89.96;
2026-01-07 13:39:12.00;0.00:00:25:453;0.00;0.00;1.00;0.07272;-4.963E-05;8.072E-05;0.07275;60.79;44.96;100.04;100.04;0.13;0.07272;0.07275;-3.025E-05;-11.384;-11.382;-99.990;0.50;89.94;
2026-01-07 13:39:12.05;0.00:00:25:506;0.00;0.00;1.00;0.0725;-5.3E-05;8.436E-05;0.07253;61.07;44.96;100.04;100.04;0.14;0.0725;0.07253;-2.886E-05;-11.396;-11.395;-99.990;0.50;89.93;
2026-01-07 13:39:12.10;0.00:00:25:555;0.00;0.00;1.00;0.07267;-5.565E-05;6.329E-05;0.0727;65.66;44.97;100.04;100.04;0.12;0.07267;0.0727;-2.674E-05;-11.386;-11.385;-99.990;0.50;89.95;
2026-01-07 13:39:12.15;0.00:00:25:606;0.00;0.00;1.00;0.07279;-5.898E-05;6.759E-05;0.07282;65.55;44.96;100.04;100.04;0.12;0.07279;0.07282;-2.766E-05;-11.379;-11.377;-99.990;0.50;89.95;
2026-01-07 13:39:12.20;0.00:00:25:658;0.00;0.00;1.00;0.07257;-5.753E-05;8.193E-05;0.07259;62.54;44.96;100.03;100.03;0.14;0.07257;0.07259;-2.424E-05;-11.393;-11.391;-99.990;0.50;89.94;
2026-01-07 13:39:12.26;0.00:00:25:710;0.00;0.00;1.00;0.07256;-5.663E-05;6.516E-05;0.07258;65.50;44.97;100.04;100.04;0.12;0.07256;0.07258;-2.612E-05;-11.393;-11.392;-99.990;0.50;89.95;
2026-01-07 13:39:12.31;0.00:00:25:760;0.00;0.00;1.00;0.07256;-4.805E-05;6.501E-05;0.07259;63.23;44.97;100.04;100.04;0.11;0.07256;0.07259;-3.127E-05;-11.393;-11.391;-99.990;0.50;89.95;
2026-01-07 13:39:12.36;0.00:00:25:811;0.00;0.00;1.00;0.07261;-5.674E-05;7.856E-05;0.07264;62.92;44.96;100.04;100.04;0.13;0.07261;0.07264;-2.962E-05;-11.390;-11.388;-99.990;0.50;89.94;
2026-01-07 13:39:12.41;0.00:00:25:862;0.00;0.00;1.00;0.07276;-6.48E-05;7.319E-05;0.07278;65.76;44.96;100.04;100.04;0.13;0.07276;0.07279;-2.83E-05;-11.381;-11.380;-99.990;0.50;89.94;
2026-01-07 13:39:12.46;0.00:00:25:913;0.00;0.00;1.00;0.07266;-5.146E-05;8.243E-05;0.07268;60.99;44.96;100.03;100.03;0.13;0.07266;0.07268;-2.499E-05;-11.387;-11.386;-99.990;0.50;89.94;
2026-01-07 13:39:12.51;0.00:00:25:964;0.00;0.00;1.00;0.07289;-5.843E-05;6.892E-05;0.07292;65.15;44.96;100.04;100.04;0.12;0.07289;0.07292;-3.003E-05;-11.374;-11.372;-99.990;0.50;89.95;
2026-01-07 13:39:12.56;0.00:00:26:017;0.00;0.00;1.00;0.07286;-5.208E-05;8.841E-05;0.07289;60.25;44.96;100.04;100.04;0.14;0.07286;0.07289;-3.235E-05;-11.375;-11.373;-99.990;0.50;89.93;
2026-01-07 13:39:12.61;0.00:00:26:066;0.00;0.00;1.00;0.0726;-5.071E-05;7.58E-05;0.07262;61.89;44.96;100.04;100.04;0.13;0.0726;0.07262;-2.809E-05;-11.391;-11.389;-99.990;0.50;89.94;
2026-01-07 13:39:12.66;0.00:00:26:119;0.00;0.00;1.00;0.07269;-5.156E-05;5.277E-05;0.07272;67.17;44.97;100.04;100.04;0.10;0.07269;0.07272;-2.966E-05;-11.385;-11.384;-99.990;0.50;89.96;
2026-01-07 13:39:12.72;0.00:00:26:171;0.00;0.00;1.00;0.07315;-6.738E-05;5.82E-05;0.07318;69.59;44.97;100.04;100.04;0.12;0.07315;0.07318;-2.707E-05;-11.358;-11.356;-99.990;0.50;89.95;
2026-01-07 13:39:12.77;0.00:00:26:220;0.00;0.00;1.00;0.07319;-6.433E-05;7.726E-05;0.07322;64.89;44.96;100.04;100.04;0.14;0.07319;0.07322;-2.745E-05;-11.355;-11.354;-99.990;0.50;89.94;
2026-01-07 13:39:12.82;0.00:00:26:273;0.00;0.00;1.00;0.07277;-6.156E-05;7.323E-05;0.0728;65.03;44.96;100.04;100.04;0.13;0.07277;0.0728;-2.976E-05;-11.380;-11.379;-99.990;0.50;89.94;
2026-01-07 13:39:12.87;0.00:00:26:322;0.00;0.00;1.00;0.0727;-5.428E-05;7.274E-05;0.07273;63.37;44.96;100.04;100.04;0.12;0.0727;0.07273;-2.893E-05;-11.385;-11.383;-99.990;0.50;89.94;
2026-01-07 13:39:12.92;0.00:00:26:372;0.00;0.00;1.00;0.07298;-6.211E-05;7.609E-05;0.07301;64.61;44.96;100.03;100.03;0.13;0.07298;0.07301;-2.518E-05;-11.368;-11.366;-99.990;0.50;89.94;
2026-01-07 13:39:12.97;0.00:00:26:424;0.00;0.00;1.00;0.07279;-4.36E-05;7.853E-05;0.07282;59.52;44.96;100.04;100.04;0.12;0.07279;0.07282;-2.788E-05;-11.379;-11.377;-99.990;0.50;89.94;
2026-01-07 13:39:13.02;0.00:00:26:475;0.00;0.00;1.00;0.07281;-5.755E-05;5.962E-05;0.07284;66.99;44.97;100.04;100.04;0.11;0.07281;0.07284;-2.796E-05;-11.378;-11.376;-99.990;0.50;89.95;
2026-01-07 13:39:13.07;0.00:00:26:526;0.00;0.00;1.00;0.07269;-5.008E-05;9.098E-05;0.07272;59.42;44.96;100.04;100.04;0.14;0.07269;0.07272;-2.893E-05;-11.385;-11.384;-99.990;0.50;89.93;
2026-01-07 13:39:13.12;0.00:00:26:578;0.00;0.00;1.00;0.0727;-5.633E-05;5.577E-05;0.07273;67.64;44.97;100.04;100.04;0.11;0.0727;0.07273;-2.763E-05;-11.385;-11.383;-99.990;0.50;89.96;
2026-01-07 13:39:13.17;0.00:00:26:628;0.00;0.00;1.00;0.07279;-6.435E-05;9.73E-05;0.07282;61.74;44.95;100.04;100.04;0.16;0.07279;0.07282;-2.846E-05;-11.379;-11.378;-99.990;0.50;89.92;
2026-01-07 13:39:13.22;0.00:00:26:679;0.00;0.00;1.00;0.07206;-4.895E-05;7.979E-05;0.07209;60.76;44.96;100.04;100.04;0.13;0.07206;0.07209;-2.846E-05;-11.423;-11.421;-99.990;0.50;89.94;
2026-01-07 13:39:13.28;0.00:00:26:732;0.00;0.00;1.00;0.07232;-5.783E-05;5.508E-05;0.07234;68.20;44.97;100.04;100.04;0.11;0.07232;0.07234;-2.676E-05;-11.408;-11.406;-99.990;0.50;89.96;
2026-01-07 13:39:13.33;0.00:00:26:782;0.00;0.00;1.00;0.07255;-5.223E-05;9.109E-05;0.07258;59.91;44.96;100.04;100.04;0.14;0.07255;0.07258;-2.851E-05;-11.394;-11.392;-99.990;0.50;89.93;
2026-01-07 13:39:13.38;0.00:00:26:834;0.00;0.00;1.00;0.0725;-6.055E-05;9.302E-05;0.07253;61.53;44.96;100.04;100.04;0.15;0.0725;0.07253;-2.827E-05;-11.397;-11.395;-99.990;0.50;89.93;
2026-01-07 13:39:13.43;0.00:00:26:882;0.00;0.00;1.00;0.07216;-3.957E-05;7.854E-05;0.07219;58.37;44.97;100.04;100.04;0.12;0.07216;0.07219;-2.937E-05;-11.417;-11.415;-99.990;0.50;89.94;
2026-01-07 13:39:13.48;0.00:00:26:937;0.00;0.00;1.00;0.07264;-5.768E-05;7.059E-05;0.07267;64.63;44.96;100.04;100.04;0.13;0.07264;0.07267;-2.818E-05;-11.388;-11.387;-99.990;0.50;89.94;
2026-01-07 13:39:13.53;0.00:00:26:984;0.00;0.00;1.00;0.07263;-4.785E-05;7.037E-05;0.07266;62.11;44.97;100.04;100.04;0.12;0.07263;0.07266;-2.949E-05;-11.389;-11.387;-99.990;0.50;89.94;
2026-01-07 13:39:13.59;0.00:00:27:044;0.00;0.00;1.00;0.07216;-4.315E-05;7.562E-05;0.07219;59.86;44.97;100.04;100.04;0.12;0.07216;0.07219;-2.576E-05;-11.417;-11.415;-99.990;0.50;89.94;
2026-01-07 13:39:13.64;0.00:00:27:090;0.00;0.00;1.00;0.07241;-5.977E-05;6.667E-05;0.07244;65.94;44.96;100.04;100.04;0.12;0.07241;0.07244;-3.063E-05;-11.402;-11.400;-99.990;0.50;89.95;
2026-01-07 13:39:13.69;0.00:00:27:139;0.00;0.00;1.00;0.07229;-5.562E-05;9.008E-05;0.07232;60.85;44.96;100.04;100.04;0.15;0.07229;0.07232;-3.015E-05;-11.409;-11.407;-99.990;0.50;89.93;
2026-01-07 13:39:13.75;0.00:00:27:201;0.00;0.00;1.00;0.0726;-5.338E-05;5.877E-05;0.07263;66.13;44.97;100.04;100.04;0.11;0.0726;0.07263;-2.752E-05;-11.390;-11.389;-99.990;0.50;89.95;
2026-01-07 13:39:13.79;0.00:00:27:248;0.00;0.00;1.00;0.07264;-5.417E-05;8.91E-05;0.07267;60.65;44.96;100.04;100.04;0.14;0.07264;0.07267;-3.203E-05;-11.388;-11.387;-99.990;0.50;89.93;
2026-01-07 13:39:13.84;0.00:00:27:295;0.00;0.00;1.00;0.07244;-5.723E-05;8.606E-05;0.07246;61.81;44.96;100.04;100.04;0.14;0.07244;0.07246;-2.579E-05;-11.400;-11.399;-99.990;0.50;89.93;
2026-01-07 13:39:13.89;0.00:00:27:344;0.00;0.00;1.00;0.07236;-5.212E-05;7.578E-05;0.07239;62.26;44.96;100.04;100.04;0.13;0.07236;0.07239;-3.061E-05;-11.405;-11.403;-99.990;0.50;89.94;
2026-01-07 13:39:13.94;0.00:00:27:390;0.00;0.00;1.00;0.07243;-6.311E-05;7.511E-05;0.07246;65.02;44.96;100.04;100.04;0.14;0.07243;0.07246;-2.695E-05;-11.401;-11.399;-99.990;0.50;89.94;
2026-01-07 13:39:13.98;0.00:00:27:438;0.00;0.00;1.00;0.07241;-5.367E-05;6.966E-05;0.07243;63.81;44.97;100.03;100.03;0.12;0.07241;0.07243;-2.346E-05;-11.402;-11.401;-99.990;0.50;89.94;
2026-01-07 13:39:14.03;0.00:00:27:483;0.00;0.00;1.00;0.072;-4.373E-05;9.187E-05;0.07203;57.73;44.96;100.04;100.04;0.14;0.072;0.07203;-2.542E-05;-11.427;-11.425;-99.990;0.50;89.93;
2026-01-07 13:39:14.08;0.00:00:27:529;0.00;0.00;1.00;0.07226;-6.432E-05;5.637E-05;0.07229;69.38;44.97;100.03;100.03;0.12;0.07226;0.07229;-2.5E-05;-11.411;-11.409;-99.990;0.50;89.96;
2026-01-07 13:39:14.12;0.00:00:27:579;0.00;0.00;1.00;0.07232;-4.487E-05;6.279E-05;0.07235;62.78;44.97;100.04;100.04;0.11;0.07232;0.07235;-3.11E-05;-11.408;-11.406;-99.990;0.50;89.95;
2026-01-07 13:39:14.18;0.00:00:27:638;0.00;0.00;1.00;0.07263;-6.288E-05;5.563E-05;0.07266;69.25;44.97;100.03;100.03;0.12;0.07263;0.07266;-2.404E-05;-11.389;-11.387;-99.990;0.50;89.96;
2026-01-07 13:39:14.23;0.00:00:27:686;0.00;0.00;1.00;0.07261;-5.529E-05;7.333E-05;0.07264;63.51;44.96;100.03;100.03;0.13;0.07261;0.07264;-2.382E-05;-11.390;-11.388;-99.990;0.50;89.94;
2026-01-07 13:39:14.29;0.00:00:27:748;0.00;0.00;1.00;0.07269;-6.513E-05;6.142E-05;0.07272;68.34;44.96;100.03;100.03;0.12;0.07269;0.07272;-2.45E-05;-11.385;-11.384;-99.990;0.50;89.95;
2026-01-07 13:39:14.34;0.00:00:27:794;0.00;0.00;1.00;0.07255;-6.518E-05;9.738E-05;0.07258;61.90;44.95;100.04;100.04;0.16;0.07255;0.07258;-2.815E-05;-11.394;-11.392;-99.990;0.50;89.92;
2026-01-07 13:39:14.40;0.00:00:27:855;0.00;0.00;1.00;0.0723;-5.321E-05;6.916E-05;0.07232;63.79;44.97;100.03;100.03;0.12;0.0723;0.07232;-2.494E-05;-11.409;-11.407;-99.990;0.50;89.95;
2026-01-07 13:39:14.45;0.00:00:27:903;0.00;0.00;1.00;0.07253;-6.335E-05;6.725E-05;0.07256;66.65;44.96;100.04;100.04;0.13;0.07253;0.07256;-2.822E-05;-11.395;-11.393;-99.990;0.50;89.95;
2026-01-07 13:39:14.50;0.00:00:27:952;0.00;0.00;1.00;0.07254;-5.278E-05;6.749E-05;0.07257;64.01;44.97;100.04;100.04;0.12;0.07254;0.07257;-2.967E-05;-11.394;-11.393;-99.990;0.50;89.95;
2026-01-07 13:39:14.56;0.00:00:28:013;0.00;0.00;1.00;0.07252;-5.664E-05;9.259E-05;0.07255;60.73;44.96;100.04;100.04;0.15;0.07252;0.07255;-3.191E-05;-11.396;-11.394;-99.990;0.50;89.93;
2026-01-07 13:39:14.61;0.00:00:28:060;0.00;0.00;1.00;0.07237;-5.027E-05;6.767E-05;0.0724;63.30;44.97;100.04;100.04;0.12;0.07237;0.0724;-2.794E-05;-11.404;-11.402;-99.990;0.50;89.95;
2026-01-07 13:39:14.67;0.00:00:28:121;0.00;0.00;1.00;0.07225;-4.917E-05;8.107E-05;0.07228;60.62;44.96;100.04;100.04;0.13;0.07225;0.07228;-2.984E-05;-11.412;-11.410;-99.990;0.50;89.94;
2026-01-07 13:39:14.72;0.00:00:28:169;0.00;0.00;1.00;0.07233;-5.549E-05;5.536E-05;0.07235;67.53;44.97;100.04;100.04;0.11;0.07233;0.07235;-2.546E-05;-11.407;-11.405;-99.990;0.50;89.96;
2026-01-07 13:39:14.78;0.00:00:28:231;0.00;0.00;1.00;0.0727;-6.191E-05;6.989E-05;0.07272;65.77;44.96;100.03;100.03;0.13;0.0727;0.07272;-2.406E-05;-11.385;-11.383;-99.990;0.50;89.94;
2026-01-07 13:39:14.82;0.00:00:28:277;0.00;0.00;1.00;0.0727;-6.207E-05;7.425E-05;0.07272;64.95;44.96;100.04;100.04;0.13;0.0727;0.07272;-2.552E-05;-11.385;-11.383;-99.990;0.50;89.94;
2026-01-07 13:39:14.87;0.00:00:28:324;0.00;0.00;1.00;0.07281;-5.939E-05;6.974E-05;0.07283;65.21;44.96;100.04;100.04;0.13;0.07281;0.07283;-2.759E-05;-11.378;-11.377;-99.990;0.50;89.95;
2026-01-07 13:39:14.92;0.00:00:28:370;0.00;0.00;1.00;0.07277;-5.956E-05;8.836E-05;0.0728;61.99;44.96;100.04;100.04;0.15;0.07277;0.0728;-2.795E-05;-11.380;-11.379;-99.990;0.50;89.93;
2026-01-07 13:39:14.96;0.00:00:28:418;0.00;0.00;1.00;0.07269;-5.782E-05;7.45E-05;0.07271;63.91;44.96;100.04;100.04;0.13;0.07269;0.07271;-2.689E-05;-11.385;-11.384;-99.990;0.50;89.94;
2026-01-07 13:39:15.03;0.00:00:28:481;0.00;0.00;1.00;0.07258;-4.898E-05;8.064E-05;0.07261;60.64;44.96;100.04;100.04;0.13;0.07258;0.07261;-2.838E-05;-11.392;-11.390;-99.990;0.50;89.94;
2026-01-07 13:39:15.07;0.00:00:28:527;0.00;0.00;1.00;0.07272;-5.437E-05;8.211E-05;0.07275;61.76;44.96;100.03;100.03;0.14;0.07272;0.07275;-2.284E-05;-11.383;-11.382;-99.990;0.50;89.94;
2026-01-07 13:39:15.13;0.00:00:28:588;0.00;0.00;1.00;0.07271;-5.431E-05;7.836E-05;0.07274;62.36;44.96;100.04;100.04;0.13;0.07271;0.07274;-2.785E-05;-11.384;-11.382;-99.990;0.50;89.94;
2026-01-07 13:39:15.20;0.00:00:28:650;0.00;0.00;1.00;0.07274;-6.078E-05;7.184E-05;0.07277;65.12;44.96;100.04;100.04;0.13;0.07274;0.07277;-2.662E-05;-11.382;-11.381;-99.990;0.50;89.94;
2026-01-07 13:39:15.24;0.00:00:28:695;0.00;0.00;1.00;0.07253;-5.429E-05;7.546E-05;0.07256;62.87;44.96;100.03;100.03;0.13;0.07253;0.07256;-2.481E-05;-11.395;-11.393;-99.990;0.50;89.94;
2026-01-07 13:39:15.29;0.00:00:28:743;0.00;0.00;1.00;0.07249;-5.365E-05;8.112E-05;0.07252;61.74;44.96;100.04;100.04;0.13;0.07249;0.07252;-2.979E-05;-11.397;-11.395;-99.990;0.50;89.94;
2026-01-07 13:39:15.34;0.00:00:28:791;0.00;0.00;1.00;0.07243;-5.564E-05;6.038E-05;0.07245;66.33;44.97;100.03;100.03;0.11;0.07243;0.07245;-2.506E-05;-11.401;-11.400;-99.990;0.50;89.95;
2026-01-07 13:39:15.38;0.00:00:28:837;0.00;0.00;1.00;0.07277;-6.443E-05;6.822E-05;0.07279;66.68;44.96;100.03;100.03;0.13;0.07277;0.07279;-2.481E-05;-11.381;-11.379;-99.990;0.50;89.95;
2026-01-07 13:39:15.43;0.00:00:28:885;0.00;0.00;1.00;0.07281;-5.901E-05;7.622E-05;0.07283;63.87;44.96;100.03;100.03;0.13;0.07281;0.07283;-2.41E-05;-11.378;-11.377;-99.990;0.50;89.94;
2026-01-07 13:39:15.48;0.00:00:28:933;0.00;0.00;1.00;0.07272;-5.575E-05;6.601E-05;0.07275;65.09;44.97;100.04;100.04;0.12;0.07272;0.07275;-2.814E-05;-11.383;-11.382;-99.990;0.50;89.95;
2026-01-07 13:39:15.53;0.00:00:28:979;0.00;0.00;1.00;0.07273;-5.963E-05;6.676E-05;0.07276;65.88;44.96;100.04;100.04;0.12;0.07273;0.07276;-2.633E-05;-11.383;-11.381;-99.990;0.50;89.95;
2026-01-07 13:39:15.58;0.00:00:29:033;0.00;0.00;1.00;0.07267;-7.552E-05;0.0001059;0.0727;62.74;44.95;100.04;100.04;0.18;0.07267;0.0727;-3.03E-05;-11.386;-11.384;-99.990;0.50;89.92;
2026-01-07 13:39:15.63;0.00:00:29:083;0.00;0.00;1.00;0.07272;-4.662E-05;6.585E-05;0.07275;62.65;44.97;100.04;100.04;0.11;0.07272;0.07275;-2.938E-05;-11.384;-11.382;-99.990;0.50;89.95;
2026-01-07 13:39:15.68;0.00:00:29:134;0.00;0.00;1.00;0.07265;-5.418E-05;6.775E-05;0.07268;64.33;44.97;100.04;100.04;0.12;0.07265;0.07268;-2.95E-05;-11.387;-11.386;-99.990;0.50;89.95;
2026-01-07 13:39:15.73;0.00:00:29:186;0.00;0.00;1.00;0.07269;-6.044E-05;7.568E-05;0.07272;64.31;44.96;100.03;100.03;0.13;0.07269;0.07272;-2.486E-05;-11.385;-11.384;-99.990;0.50;89.94;
2026-01-07 13:39:15.78;0.00:00:29:236;0.00;0.00;1.00;0.07266;-6.43E-05;8.133E-05;0.07268;64.16;44.96;100.03;100.03;0.14;0.07266;0.07268;-2.325E-05;-11.387;-11.386;-99.990;0.50;89.94;
2026-01-07 13:39:15.83;0.00:00:29:286;0.00;0.00;1.00;0.07276;-5.41E-05;6.787E-05;0.07279;64.28;44.97;100.04;100.04;0.12;0.07276;0.07279;-3.034E-05;-11.381;-11.379;-99.990;0.50;89.95;
2026-01-07 13:39:15.88;0.00:00:29:337;0.00;0.00;1.00;0.07281;-6.323E-05;9.6E-05;0.07284;61.69;44.95;100.04;100.04;0.16;0.07281;0.07284;-2.752E-05;-11.378;-11.376;-99.990;0.50;89.92;
2026-01-07 13:39:15.94;0.00:00:29:389;0.00;0.00;1.00;0.07266;-5.785E-05;7.954E-05;0.07269;63.01;44.96;100.04;100.04;0.14;0.07266;0.07269;-2.819E-05;-11.387;-11.385;-99.990;0.50;89.94;
2026-01-07 13:39:15.99;0.00:00:29:441;0.00;0.00;1.00;0.07255;-5.903E-05;7.979E-05;0.07258;63.25;44.96;100.04;100.04;0.14;0.07255;0.07258;-2.655E-05;-11.394;-11.392;-99.990;0.50;89.94;
2026-01-07 13:39:16.04;0.00:00:29:491;0.00;0.00;1.00;0.07249;-5.199E-05;7.421E-05;0.07252;62.51;44.96;100.04;100.04;0.12;0.07249;0.07252;-3.139E-05;-11.397;-11.395;-99.990;0.50;89.94;
2026-01-07 13:39:16.09;0.00:00:29:542;0.00;0.00;1.00;0.07256;-4.781E-05;7.999E-05;0.0726;60.43;44.96;100.04;100.04;0.13;0.07256;0.0726;-3.265E-05;-11.393;-11.391;-99.990;0.50;89.94;
2026-01-07 13:39:16.14;0.00:00:29:593;0.00;0.00;1.00;0.07268;-4.904E-05;6.868E-05;0.07271;62.76;44.97;100.04;100.04;0.12;0.07268;0.07271;-3.227E-05;-11.386;-11.384;-99.990;0.50;89.95;
2026-01-07 13:39:16.19;0.00:00:29:643;0.00;0.00;1.00;0.07285;-6.131E-05;8.092E-05;0.07288;63.57;44.96;100.04;100.04;0.14;0.07285;0.07288;-2.856E-05;-11.376;-11.374;-99.990;0.50;89.94;
2026-01-07 13:39:16.24;0.00:00:29:693;0.00;0.00;1.00;0.07285;-6.416E-05;7.533E-05;0.07288;65.21;44.96;100.04;100.04;0.14;0.07285;0.07288;-2.579E-05;-11.376;-11.374;-99.990;0.50;89.94;
2026-01-07 13:39:16.29;0.00:00:29:745;0.00;0.00;1.00;0.07268;-5.314E-05;6.238E-05;0.07271;65.21;44.97;100.04;100.04;0.11;0.07268;0.07271;-2.58E-05;-11.386;-11.384;-99.990;0.50;89.95;
2026-01-07 13:39:16.34;0.00:00:29:796;0.00;0.00;1.00;0.07287;-6.129E-05;7.678E-05;0.0729;64.30;44.96;100.04;100.04;0.13;0.07287;0.0729;-3.228E-05;-11.374;-11.373;-99.990;0.50;89.94;
2026-01-07 13:39:16.39;0.00:00:29:848;0.00;0.00;1.00;0.07287;-6.284E-05;6.377E-05;0.0729;67.29;44.96;100.03;100.03;0.12;0.07287;0.0729;-2.478E-05;-11.374;-11.373;-99.990;0.50;89.95;
2026-01-07 13:39:16.44;0.00:00:29:898;0.00;0.00;1.00;0.07301;-5.815E-05;6.672E-05;0.07304;65.54;44.97;100.04;100.04;0.12;0.07301;0.07304;-3.132E-05;-11.366;-11.364;-99.990;0.50;89.95;
2026-01-07 13:39:16.49;0.00:00:29:948;0.00;0.00;1.00;0.0731;-6.018E-05;8.089E-05;0.07313;63.32;44.96;100.04;100.04;0.14;0.0731;0.07313;-3.041E-05;-11.361;-11.359;-99.990;0.50;89.94;
2026-01-07 13:39:16.55;0.00:00:30:001;0.00;0.00;1.00;0.07308;-6.291E-05;6.99E-05;0.07311;66.00;44.96;100.04;100.04;0.13;0.07308;0.07311;-2.646E-05;-11.362;-11.360;-99.990;0.50;89.95;
2026-01-07 13:39:16.60;0.00:00:30:052;0.00;0.00;1.00;0.07312;-5.267E-05;7.696E-05;0.07315;62.19;44.96;100.04;100.04;0.13;0.07312;0.07315;-2.896E-05;-11.360;-11.358;-99.990;0.50;89.94;
2026-01-07 13:39:16.65;0.00:00:30:103;0.00;0.00;1.00;0.07283;-5.197E-05;9.533E-05;0.07285;59.30;44.96;100.04;100.04;0.15;0.07283;0.07285;-2.629E-05;-11.377;-11.376;-99.990;0.50;89.93;
2026-01-07 13:39:16.70;0.00:00:30:153;0.00;0.00;1.00;0.07237;-5.062E-05;6.635E-05;0.0724;63.67;44.97;100.04;100.04;0.12;0.07237;0.0724;-2.764E-05;-11.405;-11.403;-99.990;0.50;89.95;
2026-01-07 13:39:16.75;0.00:00:30:205;0.00;0.00;1.00;0.07274;-5.556E-05;3.903E-05;0.07277;72.46;44.97;100.04;100.04;0.09;0.07274;0.07277;-2.619E-05;-11.382;-11.381;-99.990;0.50;89.97;
2026-01-07 13:39:16.80;0.00:00:30:257;0.00;0.00;1.00;0.07295;-6.626E-05;6.684E-05;0.07297;67.38;44.96;100.03;100.03;0.13;0.07295;0.07297;-2.407E-05;-11.370;-11.368;-99.990;0.50;89.95;
2026-01-07 13:39:16.86;0.00:00:30:309;0.00;0.00;1.00;0.07293;-6.86E-05;8.258E-05;0.07295;64.86;44.96;100.04;100.04;0.15;0.07293;0.07295;-2.691E-05;-11.371;-11.370;-99.990;0.50;89.94;
2026-01-07 13:39:16.91;0.00:00:30:360;0.00;0.00;1.00;0.07295;-7.095E-05;7.743E-05;0.07298;66.25;44.96;100.04;100.04;0.14;0.07295;0.07298;-2.845E-05;-11.369;-11.368;-99.990;0.50;89.94;
2026-01-07 13:39:16.96;0.00:00:30:411;0.00;0.00;1.00;0.07263;-4.995E-05;8.523E-05;0.07266;60.19;44.96;100.04;100.04;0.14;0.07263;0.07266;-2.964E-05;-11.389;-11.387;-99.990;0.50;89.93;
2026-01-07 13:39:17.01;0.00:00:30:461;0.00;0.00;1.00;0.07246;-5.573E-05;7.039E-05;0.07249;64.18;44.96;100.03;100.03;0.12;0.07246;0.07249;-2.442E-05;-11.399;-11.397;-99.990;0.50;89.94;
2026-01-07 13:39:17.06;0.00:00:30:511;0.00;0.00;1.00;0.0725;-6.249E-05;6.816E-05;0.07253;66.26;44.96;100.04;100.04;0.13;0.0725;0.07253;-2.871E-05;-11.397;-11.395;-99.990;0.50;89.95;
2026-01-07 13:39:17.11;0.00:00:30:562;0.00;0.00;1.00;0.07255;-5.537E-05;6.941E-05;0.07258;64.29;44.96;100.03;100.03;0.12;0.07255;0.07258;-2.503E-05;-11.393;-11.392;-99.990;0.50;89.95;
2026-01-07 13:39:17.16;0.00:00:30:613;0.00;0.00;1.00;0.07272;-7.156E-05;8.396E-05;0.07275;65.22;44.96;100.04;100.04;0.15;0.07272;0.07275;-2.807E-05;-11.384;-11.382;-99.990;0.50;89.93;
2026-01-07 13:39:17.21;0.00:00:30:665;0.00;0.00;1.00;0.07283;-6.497E-05;6.389E-05;0.07286;67.74;44.96;100.04;100.04;0.13;0.07283;0.07286;-2.724E-05;-11.377;-11.375;-99.990;0.50;89.95;
2026-01-07 13:39:17.26;0.00:00:30:717;0.00;0.00;1.00;0.07259;-5.211E-05;9.864E-05;0.07262;58.92;44.96;100.04;100.04;0.15;0.07259;0.07262;-3.223E-05;-11.391;-11.389;-99.990;0.50;89.92;
2026-01-07 13:39:17.31;0.00:00:30:767;0.00;0.00;1.00;0.0726;-4.564E-05;4.516E-05;0.07264;67.65;44.97;100.05;100.05;0.09;0.0726;0.07264;-3.282E-05;-11.390;-11.389;-99.990;0.50;89.96;
2026-01-07 13:39:17.36;0.00:00:30:815;0.00;0.00;1.00;0.07305;-6.06E-05;8.572E-05;0.07308;62.63;44.96;100.05;100.05;0.14;0.07305;0.07308;-3.36E-05;-11.364;-11.362;-99.990;0.50;89.93;
2026-01-07 13:39:17.41;0.00:00:30:868;0.00;0.00;1.00;0.07288;-5.962E-05;8.063E-05;0.0729;63.24;44.96;100.04;100.04;0.14;0.07288;0.0729;-2.733E-05;-11.374;-11.372;-99.990;0.50;89.94;
2026-01-07 13:39:17.46;0.00:00:30:919;0.00;0.00;1.00;0.07283;-6.69E-05;9.891E-05;0.07287;62.04;44.95;100.04;100.04;0.16;0.07283;0.07287;-3.146E-05;-11.377;-11.375;-99.990;0.50;89.92;
2026-01-07 13:39:17.52;0.00:00:30:970;0.00;0.00;1.00;0.07214;-5.608E-05;5.69E-05;0.07216;67.29;44.97;100.03;100.03;0.11;0.07214;0.07216;-2.518E-05;-11.418;-11.417;-99.990;0.50;89.95;
2026-01-07 13:39:17.57;0.00:00:31:021;0.00;0.00;1.00;0.07241;-6.217E-05;6.21E-05;0.07244;67.52;44.97;100.03;100.03;0.12;0.07241;0.07244;-2.469E-05;-11.402;-11.400;-99.990;0.50;89.95;
2026-01-07 13:39:17.62;0.00:00:31:074;0.00;0.00;1.00;0.07255;-5.806E-05;9.564E-05;0.07258;60.63;44.96;100.04;100.04;0.15;0.07255;0.07258;-3.178E-05;-11.394;-11.392;-99.990;0.50;89.92;
2026-01-07 13:39:17.67;0.00:00:31:122;0.00;0.00;1.00;0.07234;-4.36E-05;7.079E-05;0.07238;60.81;44.97;100.04;100.04;0.11;0.07234;0.07238;-3.212E-05;-11.406;-11.404;-99.990;0.50;89.94;
2026-01-07 13:39:17.72;0.00:00:31:170;0.00;0.00;1.00;0.07245;-4.503E-05;7.897E-05;0.07248;59.85;44.96;100.04;100.04;0.13;0.07245;0.07248;-3.094E-05;-11.400;-11.398;-99.990;0.50;89.94;
2026-01-07 13:39:17.76;0.00:00:31:218;0.00;0.00;1.00;0.07256;-6.883E-05;7.773E-05;0.07259;65.76;44.96;100.04;100.04;0.14;0.07256;0.07259;-2.815E-05;-11.393;-11.391;-99.990;0.50;89.94;
2026-01-07 13:39:17.81;0.00:00:31:265;0.00;0.00;1.00;0.07265;-6.482E-05;6.841E-05;0.07268;66.73;44.96;100.03;100.03;0.13;0.07265;0.07268;-2.194E-05;-11.387;-11.386;-99.990;0.50;89.95;
2026-01-07 13:39:17.87;0.00:00:31:326;0.00;0.00;1.00;0.07281;-6.642E-05;7.466E-05;0.07284;65.83;44.96;100.04;100.04;0.14;0.07281;0.07284;-2.738E-05;-11.378;-11.377;-99.990;0.50;89.94;
2026-01-07 13:39:17.92;0.00:00:31:373;0.00;0.00;1.00;0.07272;-5.53E-05;7.553E-05;0.07275;63.10;44.96;100.04;100.04;0.13;0.07272;0.07275;-2.96E-05;-11.384;-11.382;-99.990;0.50;89.94;
2026-01-07 13:39:17.97;0.00:00:31:420;0.00;0.00;1.00;0.07264;-5.292E-05;7.257E-05;0.07268;63.05;44.96;100.04;100.04;0.12;0.07264;0.07268;-3.167E-05;-11.388;-11.386;-99.990;0.50;89.94;
2026-01-07 13:39:18.01;0.00:00:31:468;0.00;0.00;1.00;0.07285;-6.613E-05;6.663E-05;0.07288;67.39;44.96;100.04;100.04;0.13;0.07285;0.07288;-2.848E-05;-11.376;-11.374;-99.990;0.50;89.95;
2026-01-07 13:39:18.07;0.00:00:31:527;0.00;0.00;1.00;0.07283;-6.287E-05;8.607E-05;0.07286;63.07;44.96;100.04;100.03;0.15;0.07283;0.07286;-2.556E-05;-11.377;-11.375;-99.990;0.50;89.93;
2026-01-07 13:39:18.12;0.00:00:31:575;0.00;0.00;1.00;0.07278;-5.162E-05;7.645E-05;0.07281;62.01;44.96;100.04;100.04;0.13;0.07278;0.07281;-3.224E-05;-11.380;-11.378;-99.990;0.50;89.94;
2026-01-07 13:39:18.17;0.00:00:31:621;0.00;0.00;1.00;0.0727;-5.961E-05;7.599E-05;0.07273;64.05;44.96;100.04;100.04;0.13;0.0727;0.07273;-2.676E-05;-11.384;-11.383;-99.990;0.50;89.94;
2026-01-07 13:39:18.22;0.00:00:31:670;0.00;0.00;1.00;0.07279;-6.011E-05;6.563E-05;0.07282;66.24;44.96;100.04;100.04;0.12;0.07279;0.07282;-3.014E-05;-11.379;-11.377;-99.990;0.50;89.95;
2026-01-07 13:39:18.28;0.00:00:31:731;0.00;0.00;1.00;0.07259;-4.962E-05;8.103E-05;0.07261;60.74;44.96;100.04;100.04;0.13;0.07259;0.07261;-2.889E-05;-11.392;-11.390;-99.990;0.50;89.94;
2026-01-07 13:39:18.34;0.00:00:31:792;0.00;0.00;1.00;0.07272;-5.164E-05;5.815E-05;0.07274;65.80;44.97;100.04;100.04;0.11;0.07272;0.07274;-2.691E-05;-11.384;-11.382;-99.990;0.50;89.95;
2026-01-07 13:39:18.39;0.00:00:31:840;0.00;0.00;1.00;0.07293;-5.448E-05;6.525E-05;0.07296;64.93;44.97;100.04;100.04;0.12;0.07293;0.07296;-3.114E-05;-11.371;-11.369;-99.990;0.50;89.95;
2026-01-07 13:39:18.45;0.00:00:31:900;0.00;0.00;1.00;0.07293;-6.307E-05;8.176E-05;0.07296;63.82;44.96;100.04;100.04;0.14;0.07293;0.07296;-2.859E-05;-11.371;-11.369;-99.990;0.50;89.94;
2026-01-07 13:39:18.49;0.00:00:31:947;0.00;0.00;1.00;0.07272;-5.388E-05;7.86E-05;0.07275;62.22;44.96;100.04;100.04;0.13;0.07272;0.07275;-2.742E-05;-11.383;-11.382;-99.990;0.50;89.94;
2026-01-07 13:39:18.54;0.00:00:31:993;0.00;0.00;1.00;0.07268;-4.895E-05;6.138E-05;0.07271;64.29;44.97;100.04;100.04;0.11;0.07268;0.07271;-2.697E-05;-11.386;-11.384;-99.990;0.50;89.95;
2026-01-07 13:39:18.59;0.00:00:32:042;0.00;0.00;1.00;0.07294;-4.977E-05;0.0001113;0.07297;57.04;44.95;100.04;100.04;0.17;0.07294;0.07297;-2.641E-05;-11.370;-11.369;-99.990;0.50;89.91;
2026-01-07 13:39:18.65;0.00:00:32:104;0.00;0.00;1.00;0.0725;-5.759E-05;9.697E-05;0.07253;60.35;44.96;100.04;100.04;0.16;0.0725;0.07253;-2.791E-05;-11.396;-11.395;-99.990;0.50;89.92;
2026-01-07 13:39:18.70;0.00:00:32:149;0.00;0.00;1.00;0.07264;-5.6E-05;6.842E-05;0.07267;64.65;44.97;100.04;100.04;0.12;0.07264;0.07267;-3.196E-05;-11.389;-11.387;-99.990;0.50;89.95;
2026-01-07 13:39:18.74;0.00:00:32:196;0.00;0.00;1.00;0.0728;-6.366E-05;8.331E-05;0.07284;63.69;44.96;100.05;100.05;0.14;0.0728;0.07284;-3.32E-05;-11.378;-11.376;-99.990;0.50;89.93;
2026-01-07 13:39:18.79;0.00:00:32:246;0.00;0.00;1.00;0.07262;-5.994E-05;7.485E-05;0.07265;64.34;44.96;100.04;100.04;0.13;0.07262;0.07265;-3.101E-05;-11.389;-11.388;-99.990;0.50;89.94;
2026-01-07 13:39:18.84;0.00:00:32:292;0.00;0.00;1.00;0.07241;-5.807E-05;0.0001007;0.07244;59.99;44.95;100.04;100.04;0.16;0.07241;0.07244;-2.824E-05;-11.402;-11.400;-99.990;0.50;89.92;
2026-01-07 13:39:18.88;0.00:00:32:338;0.00;0.00;1.00;0.07236;-5.335E-05;6.04E-05;0.07238;65.73;44.97;100.03;100.03;0.11;0.07236;0.07238;-2.446E-05;-11.405;-11.404;-99.990;0.50;89.95;
2026-01-07 13:39:18.93;0.00:00:32:386;0.00;0.00;1.00;0.07246;-5.612E-05;8.279E-05;0.07248;62.06;44.96;100.03;100.03;0.14;0.07246;0.07248;-2.413E-05;-11.399;-11.398;-99.990;0.50;89.93;
2026-01-07 13:39:18.98;0.00:00:32:432;0.00;0.00;1.00;0.07261;-6.613E-05;7.015E-05;0.07264;66.66;44.96;100.04;100.04;0.13;0.07261;0.07264;-2.817E-05;-11.390;-11.388;-99.990;0.50;89.94;
2026-01-07 13:39:19.02;0.00:00:32:478;0.00;0.00;1.00;0.07216;-4.561E-05;0.000105;0.07219;56.74;44.95;100.04;100.04;0.16;0.07216;0.07219;-2.858E-05;-11.417;-11.415;-99.990;0.50;89.92;
2026-01-07 13:39:19.08;0.00:00:32:538;0.00;0.00;1.00;0.07257;-6.199E-05;5.965E-05;0.0726;68.05;44.97;100.04;100.04;0.12;0.07257;0.0726;-3.07E-05;-11.392;-11.390;-99.990;0.50;89.95;
2026-01-07 13:39:19.13;0.00:00:32:585;0.00;0.00;1.00;0.07272;-5.847E-05;6.358E-05;0.07275;66.30;44.97;100.04;100.04;0.12;0.07272;0.07275;-2.691E-05;-11.383;-11.382;-99.990;0.50;89.95;
2026-01-07 13:39:19.18;0.00:00:32:633;0.00;0.00;1.00;0.0728;-5.832E-05;6.907E-05;0.07282;65.09;44.96;100.04;100.04;0.12;0.0728;0.07282;-2.752E-05;-11.379;-11.377;-99.990;0.50;89.95;
2026-01-07 13:39:19.23;0.00:00:32:684;0.00;0.00;1.00;0.07276;-5.715E-05;8.077E-05;0.07279;62.64;44.96;100.04;100.04;0.14;0.07276;0.07279;-2.736E-05;-11.381;-11.379;-99.990;0.50;89.94;
2026-01-07 13:39:19.29;0.00:00:32:743;0.00;0.00;1.00;0.07262;-5.285E-05;6.608E-05;0.07264;64.33;44.97;100.04;100.04;0.12;0.07262;0.07264;-2.818E-05;-11.390;-11.388;-99.990;0.50;89.95;
2026-01-07 13:39:19.34;0.00:00:32:790;0.00;0.00;1.00;0.07258;-5.992E-05;8.397E-05;0.07261;62.76;44.96;100.04;100.04;0.14;0.07258;0.07261;-2.678E-05;-11.392;-11.390;-99.990;0.50;89.93;
2026-01-07 13:39:19.38;0.00:00:32:837;0.00;0.00;1.00;0.07252;-5.762E-05;7.226E-05;0.07255;64.28;44.96;100.04;100.04;0.13;0.07252;0.07255;-3.002E-05;-11.396;-11.394;-99.990;0.50;89.94;
2026-01-07 13:39:19.43;0.00:00:32:883;0.00;0.00;1.00;0.07245;-5.61E-05;8.21E-05;0.07248;62.17;44.96;100.04;100.04;0.14;0.07245;0.07248;-2.927E-05;-11.400;-11.398;-99.990;0.50;89.94;
2026-01-07 13:39:19.48;0.00:00:32:931;0.00;0.00;1.00;0.07213;-5.406E-05;6.728E-05;0.07216;64.39;44.97;100.04;100.04;0.12;0.07213;0.07216;-2.719E-05;-11.419;-11.417;-99.990;0.50;89.95;
2026-01-07 13:39:19.52;0.00:00:32:978;0.00;0.00;1.00;0.07234;-5.572E-05;7.314E-05;0.07237;63.65;44.96;100.04;100.04;0.13;0.07234;0.07237;-2.836E-05;-11.406;-11.405;-99.990;0.50;89.94;
2026-01-07 13:39:19.58;0.00:00:33:033;0.00;0.00;1.00;0.07243;-5.473E-05;6.594E-05;0.07246;64.85;44.97;100.04;100.04;0.12;0.07243;0.07246;-2.579E-05;-11.401;-11.399;-99.990;0.50;89.95;
2026-01-07 13:39:19.63;0.00:00:33:086;0.00;0.00;1.00;0.07244;-5.999E-05;7.833E-05;0.07247;63.73;44.96;100.04;100.04;0.14;0.07244;0.07247;-3.209E-05;-11.400;-11.398;-99.990;0.50;89.94;
2026-01-07 13:39:19.68;0.00:00:33:135;0.00;0.00;1.00;0.07264;-5.918E-05;9.931E-05;0.07267;60.39;44.95;100.04;100.04;0.16;0.07264;0.07267;-3.102E-05;-11.388;-11.387;-99.990;0.50;89.92;
2026-01-07 13:39:19.73;0.00:00:33:187;0.00;0.00;1.00;0.0722;-5.231E-05;7.436E-05;0.07223;62.56;44.96;100.04;100.04;0.13;0.0722;0.07223;-2.83E-05;-11.415;-11.413;-99.990;0.50;89.94;
2026-01-07 13:39:19.78;0.00:00:33:238;0.00;0.00;1.00;0.07216;-5.609E-05;8.592E-05;0.07218;61.57;44.96;100.03;100.03;0.14;0.07216;0.07218;-2.403E-05;-11.417;-11.416;-99.990;0.50;89.93;
2026-01-07 13:39:19.84;0.00:00:33:289;0.00;0.00;1.00;0.07201;-5.947E-05;7.047E-05;0.07204;65.08;44.96;100.04;100.04;0.13;0.07201;0.07204;-3.097E-05;-11.426;-11.424;-99.990;0.50;89.94;
2026-01-07 13:39:19.89;0.00:00:33:339;0.00;0.00;1.00;0.07206;-5.793E-05;6.257E-05;0.07209;66.40;44.97;100.04;100.04;0.12;0.07206;0.07209;-2.717E-05;-11.423;-11.421;-99.990;0.50;89.95;
2026-01-07 13:39:19.94;0.00:00:33:391;0.00;0.00;1.00;0.07213;-4.897E-05;6.613E-05;0.07216;63.26;44.97;100.04;100.04;0.11;0.07213;0.07216;-2.806E-05;-11.419;-11.417;-99.990;0.50;89.95;
2026-01-07 13:39:19.99;0.00:00:33:443;0.00;0.00;1.00;0.0723;-5.322E-05;8.872E-05;0.07233;60.48;44.96;100.04;100.04;0.14;0.0723;0.07233;-2.986E-05;-11.409;-11.407;-99.990;0.50;89.93;
2026-01-07 13:39:20.04;0.00:00:33:494;0.00;0.00;1.00;0.07219;-5.831E-05;6.127E-05;0.07222;66.79;44.97;100.04;100.04;0.12;0.07219;0.07222;-2.621E-05;-11.415;-11.413;-99.990;0.50;89.95;
2026-01-07 13:39:20.09;0.00:00:33:547;0.00;0.00;1.00;0.07225;-5.812E-05;7.337E-05;0.07228;64.19;44.96;100.04;100.04;0.13;0.07225;0.07228;-2.933E-05;-11.412;-11.410;-99.990;0.50;89.94;
2026-01-07 13:39:20.14;0.00:00:33:596;0.00;0.00;1.00;0.07235;-5.964E-05;7.479E-05;0.07238;64.29;44.96;100.03;100.03;0.13;0.07235;0.07238;-2.489E-05;-11.405;-11.404;-99.990;0.50;89.94;
2026-01-07 13:39:20.19;0.00:00:33:649;0.00;0.00;1.00;0.0724;-5.024E-05;6.903E-05;0.07243;63.03;44.97;100.04;100.04;0.12;0.0724;0.07243;-2.954E-05;-11.403;-11.401;-99.990;0.50;89.95;
2026-01-07 13:39:20.24;0.00:00:33:698;0.00;0.00;1.00;0.0727;-6.105E-05;7.769E-05;0.07272;64.08;44.96;100.04;100.04;0.14;0.0727;0.07272;-2.595E-05;-11.385;-11.383;-99.990;0.50;89.94;
2026-01-07 13:39:20.29;0.00:00:33:747;0.00;0.00;1.00;0.07272;-5.205E-05;7.787E-05;0.07275;61.88;44.96;100.04;100.04;0.13;0.07272;0.07275;-3.003E-05;-11.384;-11.382;-99.990;0.50;89.94;
2026-01-07 13:39:20.34;0.00:00:33:791;0.00;0.00;1.00;0.07265;-5.281E-05;7.752E-05;0.07268;62.13;44.96;100.04;100.04;0.13;0.07265;0.07268;-2.957E-05;-11.388;-11.386;-99.990;0.50;89.94;
2026-01-07 13:39:20.39;0.00:00:33:842;0.00;0.00;1.00;0.07262;-6.433E-05;7.627E-05;0.07264;65.07;44.96;100.04;100.04;0.14;0.07262;0.07264;-2.745E-05;-11.390;-11.388;-99.990;0.50;89.94;
2026-01-07 13:39:20.44;0.00:00:33:892;0.00;0.00;1.00;0.07256;-5.532E-05;7.58E-05;0.07259;63.06;44.96;100.04;100.04;0.13;0.07256;0.07259;-2.707E-05;-11.393;-11.391;-99.990;0.50;89.94;
2026-01-07 13:39:20.49;0.00:00:33:944;0.00;0.00;1.00;0.07251;-5.677E-05;8.828E-05;0.07254;61.37;44.96;100.04;100.04;0.14;0.07251;0.07254;-2.705E-05;-11.396;-11.394;-99.990;0.50;89.93;
2026-01-07 13:39:20.54;0.00:00:33:994;0.00;0.00;1.00;0.07243;-5.164E-05;7.73E-05;0.07245;61.87;44.96;100.04;100.04;0.13;0.07243;0.07245;-2.868E-05;-11.401;-11.399;-99.990;0.50;89.94;
2026-01-07 13:39:20.60;0.00:00:34:056;0.00;0.00;1.00;0.07264;-6.121E-05;7.39E-05;0.07267;64.82;44.96;100.04;100.04;0.13;0.07264;0.07267;-2.84E-05;-11.388;-11.387;-99.990;0.50;89.94;
2026-01-07 13:39:20.65;0.00:00:34:107;0.00;0.00;1.00;0.07257;-5.567E-05;7.537E-05;0.0726;63.23;44.96;100.04;100.04;0.13;0.07257;0.0726;-2.787E-05;-11.392;-11.390;-99.990;0.50;89.94;
2026-01-07 13:39:20.70;0.00:00:34:159;0.00;0.00;1.00;0.07264;-4.984E-05;7.017E-05;0.07267;62.69;44.97;100.04;100.04;0.12;0.07264;0.07267;-3.073E-05;-11.388;-11.386;-99.990;0.50;89.94;
2026-01-07 13:39:20.76;0.00:00:34:209;0.00;0.00;1.00;0.0727;-5.541E-05;8.168E-05;0.07273;62.08;44.96;100.04;100.04;0.14;0.0727;0.07273;-2.763E-05;-11.384;-11.383;-99.990;0.50;89.94;
2026-01-07 13:39:20.81;0.00:00:34:260;0.00;0.00;1.00;0.07264;-5.79E-05;7.795E-05;0.07266;63.30;44.96;100.04;100.04;0.13;0.07264;0.07266;-2.818E-05;-11.389;-11.387;-99.990;0.50;89.94;
2026-01-07 13:39:20.86;0.00:00:34:312;0.00;0.00;1.00;0.07265;-5.761E-05;7.745E-05;0.07268;63.32;44.96;100.04;100.04;0.13;0.07265;0.07268;-2.935E-05;-11.388;-11.386;-99.990;0.50;89.94;
2026-01-07 13:39:20.91;0.00:00:34:363;0.00;0.00;1.00;0.07267;-5.959E-05;7.485E-05;0.07269;64.26;44.96;100.04;100.04;0.13;0.07267;0.07269;-2.594E-05;-11.387;-11.385;-99.990;0.50;89.94;
2026-01-07 13:39:20.96;0.00:00:34:414;0.00;0.00;1.00;0.07282;-6.263E-05;7.389E-05;0.07284;65.14;44.96;100.04;100.04;0.13;0.07282;0.07284;-2.658E-05;-11.378;-11.376;-99.990;0.50;89.94;
2026-01-07 13:39:21.01;0.00:00:34:464;0.00;0.00;1.00;0.07298;-5.826E-05;5.828E-05;0.07301;67.50;44.97;100.04;100.04;0.11;0.07298;0.07301;-2.817E-05;-11.368;-11.366;-99.990;0.50;89.95;
2026-01-07 13:39:21.06;0.00:00:34:515;0.00;0.00;1.00;0.07302;-5.027E-05;7.336E-05;0.07305;62.21;44.97;100.04;100.04;0.12;0.07302;0.07305;-2.877E-05;-11.365;-11.364;-99.990;0.50;89.94;
2026-01-07 13:39:21.11;0.00:00:34:568;0.00;0.00;1.00;0.0731;-5.903E-05;8.303E-05;0.07313;62.71;44.96;100.04;100.04;0.14;0.0731;0.07313;-2.953E-05;-11.361;-11.359;-99.990;0.50;89.93;
2026-01-07 13:39:21.16;0.00:00:34:618;0.00;0.00;1.00;0.07282;-5.843E-05;0.0001003;0.07285;60.11;44.95;100.04;100.04;0.16;0.07282;0.07285;-3.066E-05;-11.378;-11.376;-99.990;0.50;89.92;
2026-01-07 13:39:21.22;0.00:00:34:670;0.00;0.00;1.00;0.0727;-4.344E-05;9.282E-05;0.07273;57.54;44.96;100.04;100.04;0.14;0.0727;0.07273;-2.959E-05;-11.385;-11.383;-99.990;0.50;89.93;
2026-01-07 13:39:21.27;0.00:00:34:721;0.00;0.00;1.00;0.07279;-7.033E-05;7.815E-05;0.07281;65.99;44.96;100.04;100.04;0.14;0.07279;0.07281;-2.686E-05;-11.379;-11.378;-99.990;0.50;89.94;
2026-01-07 13:39:21.32;0.00:00:34:772;0.00;0.00;1.00;0.07256;-5.324E-05;7.281E-05;0.07258;63.09;44.96;100.03;100.03;0.12;0.07256;0.07258;-2.489E-05;-11.393;-11.392;-99.990;0.50;89.94;
2026-01-07 13:39:21.37;0.00:00:34:822;0.00;0.00;1.00;0.0726;-5.292E-05;8.554E-05;0.07263;60.87;44.96;100.04;100.04;0.14;0.0726;0.07263;-2.73E-05;-11.390;-11.389;-99.990;0.50;89.93;
2026-01-07 13:39:21.42;0.00:00:34:874;0.00;0.00;1.00;0.07256;-4.913E-05;8.097E-05;0.07259;60.62;44.96;100.04;100.04;0.13;0.07256;0.07259;-3.258E-05;-11.393;-11.391;-99.990;0.50;89.94;
2026-01-07 13:39:21.47;0.00:00:34:924;0.00;0.00;1.00;0.07253;-6.21E-05;6.803E-05;0.07256;66.20;44.96;100.04;100.04;0.13;0.07253;0.07256;-2.792E-05;-11.395;-11.393;-99.990;0.50;89.95;
2026-01-07 13:39:21.52;0.00:00:34:975;0.00;0.00;1.00;0.07246;-4.891E-05;6.086E-05;0.07249;64.39;44.97;100.04;100.04;0.11;0.07246;0.07249;-2.645E-05;-11.399;-11.397;-99.990;0.50;89.95;
2026-01-07 13:39:21.57;0.00:00:35:027;0.00;0.00;1.00;0.07264;-5.621E-05;6.945E-05;0.07267;64.49;44.96;100.04;100.04;0.12;0.07264;0.07267;-2.862E-05;-11.388;-11.387;-99.990;0.50;89.95;
2026-01-07 13:39:21.62;0.00:00:35:075;0.00;0.00;1.00;0.07268;-6.965E-05;6.348E-05;0.07271;68.83;44.96;100.03;100.03;0.13;0.07268;0.07271;-2.224E-05;-11.386;-11.384;-99.990;0.50;89.95;
2026-01-07 13:39:21.67;0.00:00:35:121;0.00;0.00;1.00;0.0724;-5.15E-05;7.298E-05;0.07242;62.61;44.96;100.04;100.04;0.12;0.0724;0.07242;-2.693E-05;-11.403;-11.401;-99.990;0.50;89.94;
2026-01-07 13:39:21.71;0.00:00:35:168;0.00;0.00;1.00;0.0725;-6.16E-05;6.675E-05;0.07253;66.35;44.96;100.04;100.04;0.13;0.0725;0.07253;-2.574E-05;-11.396;-11.395;-99.990;0.50;89.95;
2026-01-07 13:39:21.76;0.00:00:35:216;0.00;0.00;1.00;0.07268;-5.835E-05;7.528E-05;0.07271;63.89;44.96;100.04;100.04;0.13;0.07268;0.07271;-2.624E-05;-11.386;-11.384;-99.990;0.50;89.94;
2026-01-07 13:39:21.81;0.00:00:35:263;0.00;0.00;1.00;0.07244;-5.362E-05;9.138E-05;0.07246;60.20;44.96;100.03;100.03;0.15;0.07244;0.07246;-2.26E-05;-11.400;-11.399;-99.990;0.50;89.93;
2026-01-07 13:39:21.86;0.00:00:35:309;0.00;0.00;1.00;0.07267;-7.257E-05;6.576E-05;0.0727;68.91;44.96;100.04;100.04;0.13;0.07267;0.0727;-2.928E-05;-11.387;-11.385;-99.990;0.50;89.95;
2026-01-07 13:39:21.90;0.00:00:35:357;0.00;0.00;1.00;0.07278;-5.886E-05;6.684E-05;0.07281;65.68;44.96;100.04;100.04;0.12;0.07278;0.07281;-2.977E-05;-11.380;-11.378;-99.990;0.50;89.95;
2026-01-07 13:39:21.96;0.00:00:35:419;0.00;0.00;1.00;0.07271;-3.965E-05;8.121E-05;0.07273;58.01;44.96;100.04;100.04;0.12;0.07271;0.07273;-2.799E-05;-11.384;-11.383;-99.990;0.50;89.94;
2026-01-07 13:39:22.02;0.00:00:35:478;0.00;0.00;1.00;0.07265;-6.195E-05;7.579E-05;0.07268;64.63;44.96;100.04;100.04;0.13;0.07265;0.07268;-2.775E-05;-11.388;-11.386;-99.990;0.50;89.94;
2026-01-07 13:39:22.07;0.00:00:35:527;0.00;0.00;1.00;0.07286;-6.582E-05;5.853E-05;0.07288;69.18;44.97;100.03;100.03;0.12;0.07286;0.07288;-2.455E-05;-11.375;-11.374;-99.990;0.50;89.95;
2026-01-07 13:39:22.13;0.00:00:35:587;0.00;0.00;1.00;0.07304;-6.609E-05;6.966E-05;0.07307;66.75;44.96;100.04;100.04;0.13;0.07304;0.07307;-2.871E-05;-11.364;-11.363;-99.990;0.50;89.95;
2026-01-07 13:39:22.18;0.00:00:35:634;0.00;0.00;1.00;0.07254;-4.722E-05;7.768E-05;0.07257;60.65;44.96;100.04;100.04;0.13;0.07254;0.07257;-2.713E-05;-11.394;-11.393;-99.990;0.50;89.94;
2026-01-07 13:39:22.23;0.00:00:35:679;0.00;0.00;1.00;0.07263;-5.699E-05;6.678E-05;0.07266;65.24;44.97;100.04;100.04;0.12;0.07263;0.07266;-2.753E-05;-11.389;-11.387;-99.990;0.50;89.95;
2026-01-07 13:39:22.27;0.00:00:35:728;0.00;0.00;1.00;0.07253;-6.107E-05;6.96E-05;0.07255;65.63;44.96;100.03;100.03;0.13;0.07253;0.07255;-2.227E-05;-11.395;-11.394;-99.990;0.50;89.95;
2026-01-07 13:39:22.32;0.00:00:35:775;0.00;0.00;1.00;0.07272;-6.61E-05;8.917E-05;0.07275;63.27;44.96;100.03;100.03;0.15;0.07272;0.07275;-2.509E-05;-11.383;-11.382;-99.990;0.50;89.93;
2026-01-07 13:39:22.37;0.00:00:35:821;0.00;0.00;1.00;0.07274;-9.121E-05;5.91E-05;0.07277;73.53;44.96;100.04;100.04;0.15;0.07274;0.07277;-2.815E-05;-11.382;-11.381;-99.990;0.50;89.95;
2026-01-07 13:39:22.43;0.00:00:35:882;0.00;0.00;1.00;0.07248;-5.563E-05;6.31E-05;0.07251;65.70;44.97;100.03;100.03;0.12;0.07248;0.07251;-2.53E-05;-11.398;-11.396;-99.990;0.50;89.95;
2026-01-07 13:39:22.48;0.00:00:35:931;0.00;0.00;1.00;0.07248;-5.709E-05;0.0001353;0.0725;56.44;44.94;100.03;100.03;0.20;0.07248;0.0725;-2.45E-05;-11.398;-11.396;-99.990;0.50;89.89;
2026-01-07 13:39:22.54;0.00:00:35:991;0.00;0.00;1.00;0.07255;-5.201E-05;7.668E-05;0.07257;62.07;44.96;100.03;100.03;0.13;0.07255;0.07257;-2.481E-05;-11.394;-11.392;-99.990;0.50;89.94;
2026-01-07 13:39:22.58;0.00:00:36:039;0.00;0.00;1.00;0.07255;-4.537E-05;7.877E-05;0.07257;59.97;44.96;100.04;100.04;0.13;0.07255;0.07257;-2.88E-05;-11.394;-11.392;-99.990;0.50;89.94;
2026-01-07 13:39:22.63;0.00:00:36:085;0.00;0.00;1.00;0.07253;-5.825E-05;8.321E-05;0.07256;62.50;44.96;100.04;100.04;0.14;0.07253;0.07256;-2.952E-05;-11.395;-11.393;-99.990;0.50;89.93;
2026-01-07 13:39:22.68;0.00:00:36:133;0.00;0.00;1.00;0.07245;-5.599E-05;9.509E-05;0.07248;60.24;44.96;100.04;100.04;0.15;0.07245;0.07248;-2.97E-05;-11.400;-11.398;-99.990;0.50;89.92;
2026-01-07 13:39:22.74;0.00:00:36:193;0.00;0.00;1.00;0.07264;-5.992E-05;5.284E-05;0.07267;69.30;44.97;100.04;100.04;0.11;0.07264;0.07267;-3E-05;-11.388;-11.386;-99.990;0.50;89.96;
2026-01-07 13:39:22.79;0.00:00:36:241;0.00;0.00;1.00;0.07276;-6.215E-05;7.885E-05;0.07279;64.12;44.96;100.03;100.03;0.14;0.07276;0.07279;-2.474E-05;-11.381;-11.379;-99.990;0.50;89.94;
2026-01-07 13:39:22.83;0.00:00:36:288;0.00;0.00;1.00;0.07271;-4.183E-05;7.06E-05;0.07274;60.32;44.97;100.04;100.04;0.11;0.07271;0.07274;-3.185E-05;-11.384;-11.382;-99.990;0.50;89.94;
2026-01-07 13:39:22.88;0.00:00:36:337;0.00;0.00;1.00;0.0728;-5.775E-05;6.88E-05;0.07283;65.00;44.96;100.04;100.04;0.12;0.0728;0.07283;-3.181E-05;-11.379;-11.377;-99.990;0.50;89.95;
2026-01-07 13:39:22.94;0.00:00:36:396;0.00;0.00;1.00;0.07281;-5.26E-05;8.269E-05;0.07283;61.23;44.96;100.04;100.04;0.13;0.07281;0.07283;-2.788E-05;-11.378;-11.377;-99.990;0.50;89.93;
2026-01-07 13:39:22.99;0.00:00:36:444;0.00;0.00;1.00;0.07266;-6.485E-05;7.222E-05;0.07269;65.96;44.96;100.04;100.04;0.13;0.07266;0.07269;-2.594E-05;-11.387;-11.385;-99.990;0.50;89.94;
2026-01-07 13:39:23.04;0.00:00:36:490;0.00;0.00;1.00;0.07261;-5.734E-05;8.014E-05;0.07264;62.79;44.96;100.04;100.04;0.14;0.07261;0.07264;-2.919E-05;-11.390;-11.388;-99.990;0.50;89.94;
2026-01-07 13:39:23.09;0.00:00:36:539;0.00;0.00;1.00;0.07251;-5.452E-05;6.971E-05;0.07253;64.02;44.97;100.04;100.04;0.12;0.07251;0.07253;-2.762E-05;-11.396;-11.395;-99.990;0.50;89.94;
2026-01-07 13:39:23.13;0.00:00:36:585;0.00;0.00;1.00;0.07254;-5.48E-05;7.041E-05;0.07256;63.95;44.96;100.04;100.04;0.12;0.07254;0.07256;-2.785E-05;-11.394;-11.393;-99.990;0.50;89.94;
2026-01-07 13:39:23.19;0.00:00:36:646;0.00;0.00;1.00;0.07256;-5.21E-05;7.629E-05;0.07259;62.17;44.96;100.04;100.04;0.13;0.07256;0.07259;-2.917E-05;-11.393;-11.392;-99.990;0.50;89.94;
2026-01-07 13:39:23.24;0.00:00:36:692;0.00;0.00;1.00;0.07257;-6.062E-05;6.603E-05;0.0726;66.28;44.96;100.03;100.03;0.12;0.07257;0.0726;-2.489E-05;-11.392;-11.391;-99.990;0.50;89.95;
2026-01-07 13:39:23.29;0.00:00:36:741;0.00;0.00;1.00;0.07263;-5.996E-05;8.102E-05;0.07266;63.25;44.96;100.04;100.04;0.14;0.07263;0.07266;-2.862E-05;-11.389;-11.387;-99.990;0.50;89.94;
2026-01-07 13:39:23.35;0.00:00:36:801;0.00;0.00;1.00;0.07267;-5.368E-05;8.491E-05;0.0727;61.15;44.96;100.04;100.04;0.14;0.07267;0.0727;-2.987E-05;-11.386;-11.385;-99.990;0.50;89.93;
2026-01-07 13:39:23.39;0.00:00:36:848;0.00;0.00;1.00;0.07261;-5.567E-05;7.919E-05;0.07263;62.55;44.96;100.04;100.04;0.13;0.07261;0.07263;-2.839E-05;-11.390;-11.389;-99.990;0.50;89.94;
2026-01-07 13:39:23.44;0.00:00:36:895;0.00;0.00;1.00;0.07258;-5.509E-05;8.428E-05;0.07261;61.58;44.96;100.04;100.04;0.14;0.07258;0.07261;-3.019E-05;-11.392;-11.390;-99.990;0.50;89.93;
2026-01-07 13:39:23.49;0.00:00:36:940;0.00;0.00;1.00;0.07257;-4.843E-05;7.512E-05;0.0726;61.41;44.96;100.04;100.04;0.12;0.07257;0.0726;-2.946E-05;-11.392;-11.391;-99.990;0.50;89.94;
2026-01-07 13:39:23.53;0.00:00:36:988;0.00;0.00;1.00;0.07265;-6.028E-05;7.764E-05;0.07267;63.91;44.96;100.04;100.04;0.14;0.07265;0.07267;-2.695E-05;-11.388;-11.386;-99.990;0.50;89.94;
2026-01-07 13:39:23.58;0.00:00:37:034;0.00;0.00;1.00;0.07264;-5.998E-05;7.393E-05;0.07267;64.53;44.96;100.04;100.04;0.13;0.07264;0.07267;-2.615E-05;-11.388;-11.387;-99.990;0.50;89.94;
2026-01-07 13:39:23.63;0.00:00:37:085;0.00;0.00;1.00;0.07275;-5.924E-05;6.367E-05;0.07278;66.47;44.97;100.04;100.04;0.12;0.07275;0.07278;-2.801E-05;-11.382;-11.380;-99.990;0.50;89.95;
2026-01-07 13:39:23.68;0.00:00:37:136;0.00;0.00;1.00;0.07282;-5.379E-05;7.135E-05;0.07285;63.51;44.96;100.04;100.04;0.12;0.07282;0.07285;-2.833E-05;-11.377;-11.376;-99.990;0.50;89.94;
2026-01-07 13:39:23.74;0.00:00:37:189;0.00;0.00;1.00;0.07276;-5.454E-05;8.212E-05;0.07279;61.79;44.96;100.04;100.04;0.14;0.07276;0.07279;-2.961E-05;-11.381;-11.379;-99.990;0.50;89.94;
2026-01-07 13:39:23.78;0.00:00:37:238;0.00;0.00;1.00;0.07273;-5.705E-05;7.038E-05;0.07276;64.51;44.96;100.04;100.04;0.12;0.07273;0.07276;-2.727E-05;-11.383;-11.381;-99.990;0.50;89.94;
2026-01-07 13:39:23.84;0.00:00:37:290;0.00;0.00;1.00;0.07271;-5.622E-05;8.472E-05;0.07274;61.78;44.96;100.04;100.04;0.14;0.07271;0.07274;-3.032E-05;-11.384;-11.382;-99.990;0.50;89.93;
2026-01-07 13:39:23.89;0.00:00:37:341;0.00;0.00;1.00;0.07263;-5.158E-05;7.406E-05;0.07266;62.43;44.96;100.04;100.04;0.12;0.07263;0.07266;-2.775E-05;-11.389;-11.387;-99.990;0.50;89.94;
2026-01-07 13:39:23.94;0.00:00:37:392;0.00;0.00;1.00;0.07273;-5.841E-05;7.704E-05;0.07276;63.58;44.96;100.04;100.04;0.13;0.07273;0.07276;-2.858E-05;-11.383;-11.381;-99.990;0.50;89.94;
2026-01-07 13:39:23.99;0.00:00:37:445;0.00;0.00;1.00;0.07269;-5.486E-05;7.291E-05;0.07272;63.48;44.96;100.04;100.04;0.13;0.07269;0.07272;-2.806E-05;-11.385;-11.384;-99.990;0.50;89.94;
2026-01-07 13:39:24.04;0.00:00:37:497;0.00;0.00;1.00;0.0727;-4.991E-05;6.278E-05;0.07273;64.24;44.97;100.04;100.04;0.11;0.0727;0.07273;-2.806E-05;-11.384;-11.383;-99.990;0.50;89.95;
2026-01-07 13:39:24.09;0.00:00:37:548;0.00;0.00;1.00;0.07328;-4.834E-05;1.888E-05;0.0733;79.33;44.98;100.03;100.03;0.07;0.07328;0.0733;-2.469E-05;-11.350;-11.349;-99.990;0.50;89.99;
2026-01-07 13:39:24.15;0.00:00:37:600;0.00;0.00;1.00;0.07307;-6.289E-05;9.263E-05;0.07309;62.09;44.96;100.04;100.04;0.15;0.07307;0.07309;-2.587E-05;-11.363;-11.361;-99.990;0.50;89.93;
2026-01-07 13:39:24.20;0.00:00:37:654;0.00;0.00;1.00;0.07274;-6.565E-05;9.834E-05;0.07277;61.86;44.95;100.04;100.04;0.16;0.07274;0.07277;-2.859E-05;-11.382;-11.381;-99.990;0.50;89.92;
2026-01-07 13:39:24.25;0.00:00:37:702;0.00;0.00;1.00;0.07238;-5.213E-05;8.514E-05;0.07241;60.74;44.96;100.04;100.04;0.14;0.07238;0.07241;-2.859E-05;-11.404;-11.402;-99.990;0.50;89.93;
2026-01-07 13:39:24.30;0.00:00:37:753;0.00;0.00;1.00;0.07231;-4.907E-05;6.869E-05;0.07234;62.77;44.97;100.04;100.04;0.12;0.07231;0.07234;-3.073E-05;-11.408;-11.406;-99.990;0.50;89.95;
2026-01-07 13:39:24.35;0.00:00:37:803;0.00;0.00;1.00;0.07239;-5.159E-05;7.539E-05;0.07242;62.19;44.96;100.04;100.04;0.13;0.07239;0.07242;-2.954E-05;-11.403;-11.401;-99.990;0.50;89.94;
2026-01-07 13:39:24.40;0.00:00:37:858;0.00;0.00;1.00;0.07245;-5.188E-05;6.26E-05;0.07248;64.83;44.97;100.04;100.04;0.11;0.07245;0.07248;-2.884E-05;-11.399;-11.398;-99.990;0.50;89.95;
2026-01-07 13:39:24.45;0.00:00:37:904;0.00;0.00;1.00;0.07235;-5.654E-05;7.553E-05;0.07237;63.41;44.96;100.03;100.03;0.13;0.07235;0.07237;-2.474E-05;-11.406;-11.404;-99.990;0.50;89.94;
2026-01-07 13:39:24.50;0.00:00:37:958;0.00;0.00;1.00;0.07233;-6.135E-05;7.606E-05;0.07236;64.45;44.96;100.04;100.04;0.14;0.07233;0.07236;-2.626E-05;-11.407;-11.405;-99.990;0.50;89.94;
2026-01-07 13:39:24.55;0.00:00:38:008;0.00;0.00;1.00;0.07247;-5.876E-05;7.263E-05;0.0725;64.49;44.96;100.04;100.04;0.13;0.07247;0.0725;-2.863E-05;-11.398;-11.397;-99.990;0.50;89.94;
2026-01-07 13:39:24.60;0.00:00:38:058;0.00;0.00;1.00;0.07227;-5.392E-05;7.859E-05;0.0723;62.23;44.96;100.03;100.03;0.13;0.07227;0.0723;-2.472E-05;-11.410;-11.409;-99.990;0.50;89.94;
2026-01-07 13:39:24.66;0.00:00:38:110;0.00;0.00;1.00;0.07241;-5.876E-05;5.159E-05;0.07243;69.36;44.97;100.03;100.03;0.11;0.07241;0.07243;-2.382E-05;-11.402;-11.401;-99.990;0.50;89.96;
2026-01-07 13:39:24.70;0.00:00:38:159;0.00;0.00;1.00;0.07266;-6.401E-05;9.363E-05;0.07269;62.18;44.96;100.03;100.03;0.16;0.07266;0.07269;-2.471E-05;-11.387;-11.385;-99.990;0.50;89.93;
2026-01-07 13:39:24.76;0.00:00:38:210;0.00;0.00;1.00;0.07245;-5.646E-05;8.975E-05;0.07248;61.09;44.96;100.04;100.04;0.15;0.07245;0.07248;-2.659E-05;-11.400;-11.398;-99.990;0.50;89.93;
2026-01-07 13:39:24.81;0.00:00:38:263;0.00;0.00;1.00;0.07246;-5.337E-05;6.346E-05;0.07249;65.03;44.97;100.04;100.04;0.11;0.07246;0.07249;-2.623E-05;-11.399;-11.397;-99.990;0.50;89.95;
2026-01-07 13:39:24.86;0.00:00:38:313;0.00;0.00;1.00;0.07255;-5.67E-05;6.9E-05;0.07258;64.70;44.96;100.04;100.04;0.12;0.07255;0.07258;-2.873E-05;-11.394;-11.392;-99.990;0.50;89.95;
2026-01-07 13:39:24.91;0.00:00:38:366;0.00;0.00;1.00;0.07268;-5.346E-05;6.346E-05;0.0727;65.06;44.97;100.04;100.04;0.11;0.07268;0.0727;-2.798E-05;-11.386;-11.384;-99.990;0.50;89.95;
2026-01-07 13:39:24.96;0.00:00:38:415;0.00;0.00;1.00;0.07284;-6.281E-05;7.899E-05;0.07287;64.24;44.96;100.04;100.04;0.14;0.07284;0.07287;-2.812E-05;-11.376;-11.375;-99.990;0.50;89.94;
2026-01-07 13:39:25.01;0.00:00:38:467;0.00;0.00;1.00;0.07288;-6.444E-05;7.495E-05;0.07291;65.34;44.96;100.04;100.04;0.14;0.07288;0.07291;-2.893E-05;-11.374;-11.372;-99.990;0.50;89.94;
2026-01-07 13:39:25.07;0.00:00:38:519;0.00;0.00;1.00;0.07269;-6.593E-05;9.92E-05;0.07272;61.81;44.95;100.04;100.04;0.16;0.07269;0.07272;-2.719E-05;-11.385;-11.383;-99.990;0.50;89.92;
2026-01-07 13:39:25.11;0.00:00:38:568;0.00;0.00;1.00;0.07245;-5.908E-05;6.896E-05;0.07248;65.30;44.96;100.04;100.04;0.13;0.07245;0.07248;-2.949E-05;-11.400;-11.398;-99.990;0.50;89.95;
2026-01-07 13:39:25.17;0.00:00:38:619;0.00;0.00;1.00;0.07264;-6.291E-05;6.1E-05;0.07266;67.94;44.97;100.04;100.04;0.12;0.07264;0.07266;-2.615E-05;-11.388;-11.387;-99.990;0.50;89.95;
2026-01-07 13:39:25.22;0.00:00:38:670;0.00;0.00;1.00;0.07235;-5.008E-05;7.434E-05;0.07238;61.98;44.96;100.04;100.04;0.12;0.07235;0.07238;-2.988E-05;-11.406;-11.404;-99.990;0.50;89.94;
2026-01-07 13:39:25.27;0.00:00:38:722;0.00;0.00;1.00;0.07232;-5.525E-05;8.737E-05;0.07234;61.15;44.96;100.04;100.04;0.14;0.07232;0.07234;-2.799E-05;-11.408;-11.406;-99.990;0.50;89.93;
2026-01-07 13:39:25.32;0.00:00:38:772;0.00;0.00;1.00;0.07246;-6.267E-05;8.702E-05;0.07249;62.88;44.96;100.04;100.04;0.15;0.07246;0.07249;-2.971E-05;-11.399;-11.397;-99.990;0.50;89.93;
2026-01-07 13:39:25.37;0.00:00:38:823;0.00;0.00;1.00;0.07221;-5.151E-05;9.084E-05;0.07223;59.78;44.96;100.03;100.03;0.14;0.07221;0.07223;-2.455E-05;-11.414;-11.413;-99.990;0.50;89.93;
2026-01-07 13:39:25.42;0.00:00:38:874;0.00;0.00;1.00;0.07239;-5.382E-05;7.142E-05;0.07241;63.50;44.96;100.04;100.04;0.12;0.07239;0.07241;-2.599E-05;-11.403;-11.402;-99.990;0.50;89.94;
2026-01-07 13:39:25.47;0.00:00:38:927;0.00;0.00;1.00;0.07259;-5.27E-05;7.101E-05;0.07262;63.29;44.97;100.03;100.03;0.12;0.07259;0.07262;-2.454E-05;-11.391;-11.390;-99.990;0.50;89.94;
2026-01-07 13:39:25.52;0.00:00:38:977;0.00;0.00;1.00;0.07276;-5.524E-05;8.244E-05;0.07279;61.91;44.96;100.05;100.04;0.14;0.07276;0.07279;-3.281E-05;-11.381;-11.379;-99.990;0.50;89.94;
2026-01-07 13:39:25.58;0.00:00:39:029;0.00;0.00;1.00;0.07271;-5.5E-05;7.866E-05;0.07274;62.48;44.96;100.04;100.04;0.13;0.07271;0.07274;-3.068E-05;-11.384;-11.382;-99.990;0.50;89.94;
2026-01-07 13:39:25.62;0.00:00:39:076;0.00;0.00;1.00;0.07286;-5.79E-05;7.437E-05;0.07289;63.95;44.96;100.04;100.04;0.13;0.07286;0.07289;-2.929E-05;-11.375;-11.373;-99.990;0.50;89.94;
2026-01-07 13:39:25.67;0.00:00:39:123;0.00;0.00;1.00;0.07317;-6.81E-05;4.219E-05;0.0732;74.11;44.97;100.04;100.04;0.11;0.07317;0.0732;-2.773E-05;-11.356;-11.355;-99.990;0.50;89.97;
2026-01-07 13:39:25.71;0.00:00:39:168;0.00;0.00;1.00;0.0733;-5.802E-05;9.626E-05;0.07333;60.54;44.96;100.04;100.04;0.15;0.0733;0.07333;-3.005E-05;-11.349;-11.347;-99.990;0.50;89.92;
2026-01-07 13:39:25.76;0.00:00:39:217;0.00;0.00;1.00;0.07268;-5.135E-05;9.335E-05;0.0727;59.41;44.96;100.03;100.03;0.15;0.07268;0.0727;-2.464E-05;-11.386;-11.384;-99.990;0.50;89.93;
2026-01-07 13:39:25.81;0.00:00:39:263;0.00;0.00;1.00;0.07266;-5.566E-05;7.888E-05;0.07269;62.60;44.96;100.04;100.04;0.13;0.07266;0.07269;-2.95E-05;-11.387;-11.385;-99.990;0.50;89.94;
2026-01-07 13:39:25.86;0.00:00:39:312;0.00;0.00;1.00;0.07275;-5.583E-05;6.019E-05;0.07277;66.42;44.97;100.04;100.04;0.11;0.07275;0.07277;-2.626E-05;-11.382;-11.380;-99.990;0.50;89.95;
2026-01-07 13:39:25.92;0.00:00:39:374;0.00;0.00;1.00;0.07345;-6.594E-05;6.741E-05;0.07348;67.19;44.96;100.04;100.04;0.13;0.07345;0.07348;-2.843E-05;-11.340;-11.338;-99.990;0.50;89.95;
2026-01-07 13:39:25.97;0.00:00:39:420;0.00;0.00;1.00;0.07245;-5.909E-05;5.187E-05;0.07247;69.36;44.97;100.04;100.04;0.11;0.07245;0.07247;-2.666E-05;-11.400;-11.398;-99.990;0.50;89.96;
2026-01-07 13:39:26.01;0.00:00:39:468;0.00;0.00;1.00;0.0727;-5.619E-05;6E-05;0.07273;66.56;44.97;100.04;100.04;0.11;0.0727;0.07273;-2.661E-05;-11.385;-11.383;-99.990;0.50;89.95;
2026-01-07 13:39:26.06;0.00:00:39:517;0.00;0.00;1.00;0.07321;-5.331E-05;6.485E-05;0.07325;64.71;44.97;100.04;100.04;0.11;0.07321;0.07325;-3.17E-05;-11.354;-11.352;-99.990;0.50;89.95;
2026-01-07 13:39:26.12;0.00:00:39:577;0.00;0.00;1.00;0.07325;-6.549E-05;8.796E-05;0.07328;63.33;44.96;100.04;100.04;0.15;0.07325;0.07328;-2.674E-05;-11.352;-11.350;-99.990;0.50;89.93;
2026-01-07 13:39:26.17;0.00:00:39:623;0.00;0.00;1.00;0.07267;-5.087E-05;6.115E-05;0.0727;64.88;44.97;100.04;100.04;0.11;0.07267;0.0727;-2.994E-05;-11.386;-11.384;-99.990;0.50;89.95;
2026-01-07 13:39:26.22;0.00:00:39:670;0.00;0.00;1.00;0.0727;-6.304E-05;0.0001002;0.07273;61.09;44.95;100.04;100.04;0.16;0.0727;0.07273;-2.864E-05;-11.385;-11.383;-99.990;0.50;89.92;
2026-01-07 13:39:26.27;0.00:00:39:719;0.00;0.00;1.00;0.07278;-6.066E-05;8.263E-05;0.07281;63.14;44.96;100.04;100.04;0.14;0.07278;0.07281;-2.948E-05;-11.380;-11.378;-99.990;0.50;89.93;
2026-01-07 13:39:26.31;0.00:00:39:765;0.00;0.00;1.00;0.07266;-5.926E-05;8.078E-05;0.07269;63.13;44.96;100.04;100.04;0.14;0.07266;0.07269;-2.732E-05;-11.387;-11.385;-99.990;0.50;89.94;
2026-01-07 13:39:26.37;0.00:00:39:826;0.00;0.00;1.00;0.0726;-5.885E-05;8.283E-05;0.07263;62.70;44.96;100.04;100.04;0.14;0.0726;0.07263;-2.94E-05;-11.391;-11.389;-99.990;0.50;89.93;
2026-01-07 13:39:26.42;0.00:00:39:875;0.00;0.00;1.00;0.0727;-6.192E-05;6.391E-05;0.07273;67.05;44.96;100.04;100.04;0.12;0.0727;0.07273;-2.792E-05;-11.385;-11.383;-99.990;0.50;89.95;
2026-01-07 13:39:26.47;0.00:00:39:922;0.00;0.00;1.00;0.07294;-5.272E-05;5.985E-05;0.07296;65.69;44.97;100.04;100.04;0.11;0.07294;0.07296;-2.669E-05;-11.371;-11.369;-99.990;0.50;89.95;
2026-01-07 13:39:26.51;0.00:00:39:968;0.00;0.00;1.00;0.0733;-6.908E-05;6.691E-05;0.07332;67.96;44.96;100.04;100.04;0.13;0.0733;0.07332;-2.734E-05;-11.349;-11.348;-99.990;0.50;89.95;
2026-01-07 13:39:26.56;0.00:00:40:015;0.00;0.00;1.00;0.07308;-6.467E-05;9.689E-05;0.07311;61.86;44.95;100.04;100.04;0.16;0.07308;0.07311;-2.85E-05;-11.362;-11.360;-99.990;0.50;89.92;
2026-01-07 13:39:26.61;0.00:00:40:061;0.00;0.00;1.00;0.07201;-4.852E-05;0.000105;0.07204;57.40;44.95;100.04;100.04;0.16;0.07201;0.07204;-2.693E-05;-11.426;-11.424;-99.990;0.50;89.92;
2026-01-07 13:39:26.65;0.00:00:40:108;0.00;0.00;1.00;0.07204;-5.428E-05;5.716E-05;0.07207;66.76;44.97;100.04;100.04;0.11;0.07204;0.07207;-2.809E-05;-11.424;-11.423;-99.990;0.50;89.95;
2026-01-07 13:39:26.70;0.00:00:40:153;0.00;0.00;1.00;0.07237;-5.341E-05;5.599E-05;0.0724;66.83;44.97;100.04;100.04;0.11;0.07237;0.0724;-3.011E-05;-11.404;-11.402;-99.990;0.50;89.96;
2026-01-07 13:39:26.75;0.00:00:40:201;0.00;0.00;1.00;0.07269;-5.255E-05;7.653E-05;0.07272;62.24;44.96;100.03;100.03;0.13;0.07269;0.07272;-2.45E-05;-11.385;-11.384;-99.990;0.50;89.94;
2026-01-07 13:39:26.79;0.00:00:40:246;0.00;0.00;1.00;0.07275;-6.45E-05;8.256E-05;0.07278;64.00;44.96;100.04;100.04;0.14;0.07275;0.07278;-2.575E-05;-11.382;-11.380;-99.990;0.50;89.94;
2026-01-07 13:39:26.84;0.00:00:40:294;0.00;0.00;1.00;0.07304;-6.593E-05;8.683E-05;0.07307;63.60;44.96;100.04;100.04;0.15;0.07304;0.07307;-2.732E-05;-11.364;-11.363;-99.990;0.50;89.93;
2026-01-07 13:39:26.89;0.00:00:40:339;0.00;0.00;1.00;0.07265;-4.832E-05;0.000105;0.07268;57.35;44.95;100.04;100.04;0.16;0.07265;0.07268;-3.226E-05;-11.388;-11.386;-99.990;0.50;89.92;
2026-01-07 13:39:26.93;0.00:00:40:387;0.00;0.00;1.00;0.07235;-5.785E-05;8.897E-05;0.07237;61.52;44.96;100.03;100.03;0.15;0.07235;0.07237;-2.518E-05;-11.406;-11.404;-99.990;0.50;89.93;
2026-01-07 13:39:26.98;0.00:00:40:435;0.00;0.00;1.00;0.07264;-4.338E-05;7.547E-05;0.07267;59.95;44.97;100.04;100.04;0.12;0.07264;0.07267;-2.862E-05;-11.388;-11.387;-99.990;0.50;89.94;
2026-01-07 13:39:27.03;0.00:00:40:481;0.00;0.00;1.00;0.07269;-5.686E-05;8.069E-05;0.07272;62.58;44.96;100.04;100.04;0.14;0.07269;0.07272;-2.995E-05;-11.385;-11.384;-99.990;0.50;89.94;
2026-01-07 13:39:27.08;0.00:00:40:529;0.00;0.00;1.00;0.07263;-5.88E-05;8.595E-05;0.07266;62.19;44.96;100.04;100.04;0.14;0.07263;0.07266;-3.13E-05;-11.389;-11.387;-99.990;0.50;89.93;
2026-01-07 13:39:27.12;0.00:00:40:575;0.00;0.00;1.00;0.07218;-4.969E-05;5.151E-05;0.0722;66.99;44.97;100.04;100.04;0.10;0.07218;0.0722;-2.634E-05;-11.416;-11.415;-99.990;0.50;89.96;
2026-01-07 13:39:27.17;0.00:00:40:621;0.00;0.00;1.00;0.07274;-7.231E-05;6.537E-05;0.07277;68.94;44.96;100.04;100.04;0.13;0.07274;0.07277;-2.924E-05;-11.382;-11.380;-99.990;0.50;89.95;
2026-01-07 13:39:27.21;0.00:00:40:668;0.00;0.00;1.00;0.07289;-5.931E-05;6.415E-05;0.07292;66.38;44.97;100.04;100.04;0.12;0.07289;0.07292;-2.93E-05;-11.373;-11.372;-99.990;0.50;89.95;
2026-01-07 13:39:27.26;0.00:00:40:713;0.00;0.00;1.00;0.07301;-5.822E-05;7.527E-05;0.07304;63.86;44.96;100.04;100.04;0.13;0.07301;0.07304;-2.862E-05;-11.366;-11.364;-99.990;0.50;89.94;
2026-01-07 13:39:27.31;0.00:00:40:760;0.00;0.00;1.00;0.07273;-5.339E-05;9.47E-05;0.07276;59.71;44.96;100.04;100.04;0.15;0.07273;0.07276;-2.837E-05;-11.383;-11.381;-99.990;0.50;89.93;
2026-01-07 13:39:27.37;0.00:00:40:822;0.00;0.00;1.00;0.07267;-6.065E-05;7.227E-05;0.0727;65.00;44.96;100.04;100.04;0.13;0.07267;0.0727;-2.776E-05;-11.386;-11.385;-99.990;0.50;89.94;
2026-01-07 13:39:27.42;0.00:00:40:869;0.00;0.00;1.00;0.07259;-6.039E-05;7.436E-05;0.07261;64.54;44.96;100.04;100.04;0.13;0.07259;0.07261;-2.599E-05;-11.391;-11.390;-99.990;0.50;89.94;
2026-01-07 13:39:27.46;0.00:00:40:915;0.00;0.00;1.00;0.0726;-6.201E-05;7.384E-05;0.07262;65.01;44.96;100.04;100.04;0.13;0.0726;0.07262;-2.563E-05;-11.391;-11.389;-99.990;0.50;89.94;
2026-01-07 13:39:27.51;0.00:00:40:962;0.00;0.00;1.00;0.07261;-6.362E-05;7.427E-05;0.07264;65.29;44.96;100.04;100.04;0.13;0.07261;0.07264;-2.905E-05;-11.390;-11.388;-99.990;0.50;89.94;
2026-01-07 13:39:27.55;0.00:00:41:008;0.00;0.00;1.00;0.07241;-4.702E-05;5.762E-05;0.07244;64.61;44.97;100.04;100.04;0.10;0.07241;0.07244;-2.614E-05;-11.402;-11.400;-99.990;0.50;89.95;
2026-01-07 13:39:27.60;0.00:00:41:055;0.00;0.00;1.00;0.0727;-6.001E-05;7.418E-05;0.07273;64.48;44.96;100.04;100.04;0.13;0.0727;0.07273;-2.828E-05;-11.385;-11.383;-99.990;0.50;89.94;
2026-01-07 13:39:27.65;0.00:00:41:104;0.00;0.00;1.00;0.07262;-5.672E-05;7.595E-05;0.07264;63.38;44.96;100.04;100.04;0.13;0.07262;0.07264;-2.868E-05;-11.390;-11.388;-99.990;0.50;89.94;
2026-01-07 13:39:27.71;0.00:00:41:165;0.00;0.00;1.00;0.07274;-6.361E-05;8.529E-05;0.07277;63.36;44.96;100.04;100.04;0.15;0.07274;0.07277;-2.641E-05;-11.382;-11.380;-99.990;0.50;89.93;
2026-01-07 13:39:27.76;0.00:00:41:210;0.00;0.00;1.00;0.07198;-4.307E-05;0.0001066;0.07201;56.00;44.95;100.05;100.05;0.16;0.07198;0.07201;-3.441E-05;-11.428;-11.426;-99.990;0.50;89.92;
2026-01-07 13:39:27.80;0.00:00:41:256;0.00;0.00;1.00;0.07205;-5.876E-05;5.457E-05;0.07208;68.56;44.97;100.04;100.04;0.11;0.07205;0.07208;-3.062E-05;-11.424;-11.422;-99.990;0.50;89.96;
2026-01-07 13:39:27.85;0.00:00:41:307;0.00;0.00;1.00;0.07214;-5.835E-05;8.912E-05;0.07216;61.61;44.96;100.04;100.04;0.15;0.07214;0.07216;-2.842E-05;-11.418;-11.417;-99.990;0.50;89.93;
2026-01-07 13:39:27.91;0.00:00:41:365;0.00;0.00;1.00;0.07298;-6.255E-05;6.108E-05;0.07301;67.84;44.97;100.04;100.04;0.12;0.07298;0.07301;-2.759E-05;-11.368;-11.366;-99.990;0.50;89.95;
2026-01-07 13:39:27.96;0.00:00:41:412;0.00;0.00;1.00;0.07286;-5.471E-05;6.807E-05;0.07289;64.40;44.97;100.04;100.04;0.12;0.07286;0.07289;-2.827E-05;-11.375;-11.373;-99.990;0.50;89.95;
2026-01-07 13:39:28.01;0.00:00:41:459;0.00;0.00;1.00;0.07302;-6.25E-05;8.3E-05;0.07305;63.49;44.96;100.04;100.04;0.14;0.07302;0.07305;-3.023E-05;-11.365;-11.364;-99.990;0.50;89.93;
2026-01-07 13:39:28.05;0.00:00:41:507;0.00;0.00;1.00;0.07284;-5.649E-05;8.082E-05;0.07287;62.48;44.96;100.04;100.04;0.14;0.07284;0.07287;-2.819E-05;-11.376;-11.374;-99.990;0.50;89.94;
2026-01-07 13:39:28.11;0.00:00:41:569;0.00;0.00;1.00;0.0727;-5.076E-05;8.18E-05;0.07273;60.91;44.96;100.04;100.04;0.13;0.0727;0.07273;-2.944E-05;-11.385;-11.383;-99.990;0.50;89.94;
2026-01-07 13:39:28.16;0.00:00:41:615;0.00;0.00;1.00;0.07248;-5.584E-05;7.877E-05;0.0725;62.67;44.96;100.04;100.04;0.13;0.07248;0.0725;-2.631E-05;-11.398;-11.396;-99.990;0.50;89.94;
2026-01-07 13:39:28.21;0.00:00:41:663;0.00;0.00;1.00;0.07242;-5.311E-05;7.379E-05;0.07245;62.87;44.96;100.03;100.03;0.13;0.07242;0.07245;-2.52E-05;-11.401;-11.400;-99.990;0.50;89.94;
2026-01-07 13:39:28.26;0.00:00:41:711;0.00;0.00;1.00;0.07256;-6.396E-05;7.389E-05;0.07259;65.44;44.96;100.04;100.04;0.13;0.07256;0.07259;-2.772E-05;-11.393;-11.392;-99.990;0.50;89.94;
2026-01-07 13:39:28.32;0.00:00:41:771;0.00;0.00;1.00;0.07248;-5.628E-05;7.606E-05;0.07251;63.25;44.96;100.04;100.04;0.13;0.07248;0.07251;-2.921E-05;-11.398;-11.396;-99.990;0.50;89.94;
2026-01-07 13:39:28.36;0.00:00:41:817;0.00;0.00;1.00;0.07261;-5.439E-05;8.761E-05;0.07264;60.92;44.96;100.04;100.04;0.14;0.07261;0.07264;-2.999E-05;-11.390;-11.388;-99.990;0.50;89.93;
2026-01-07 13:39:28.41;0.00:00:41:865;0.00;0.00;1.00;0.07271;-4.002E-05;5.56E-05;0.07274;62.87;44.97;100.04;100.04;0.09;0.07271;0.07274;-3.025E-05;-11.384;-11.382;-99.990;0.50;89.96;
2026-01-07 13:39:28.46;0.00:00:41:915;0.00;0.00;1.00;0.07283;-6.227E-05;8.673E-05;0.07286;62.84;44.96;100.04;100.04;0.15;0.07283;0.07286;-2.687E-05;-11.377;-11.375;-99.990;0.50;89.93;
2026-01-07 13:39:28.52;0.00:00:41:975;0.00;0.00;1.00;0.07304;-6.77E-05;8.239E-05;0.07306;64.70;44.96;100.04;100.04;0.15;0.07304;0.07306;-2.717E-05;-11.365;-11.363;-99.990;0.50;89.94;
2026-01-07 13:39:28.57;0.00:00:42:020;0.00;0.00;1.00;0.07296;-5.674E-05;7.278E-05;0.07298;63.97;44.96;100.04;100.04;0.13;0.07296;0.07298;-2.823E-05;-11.369;-11.368;-99.990;0.50;89.94;
2026-01-07 13:39:28.61;0.00:00:42:068;0.00;0.00;1.00;0.07303;-6.925E-05;8.123E-05;0.07305;65.22;44.96;100.04;100.04;0.15;0.07303;0.07305;-2.622E-05;-11.365;-11.364;-99.990;0.50;89.94;
2026-01-07 13:39:28.66;0.00:00:42:113;0.00;0.00;1.00;0.07279;-5.299E-05;7.71E-05;0.07282;62.25;44.96;100.05;100.05;0.13;0.07279;0.07282;-3.304E-05;-11.380;-11.378;-99.990;0.50;89.94;
2026-01-07 13:39:28.71;0.00:00:42:161;0.00;0.00;1.00;0.07268;-5.439E-05;8.044E-05;0.07271;62.03;44.96;100.04;100.04;0.13;0.07268;0.07271;-3.074E-05;-11.386;-11.384;-99.990;0.50;89.94;
2026-01-07 13:39:28.75;0.00:00:42:209;0.00;0.00;1.00;0.07271;-5.526E-05;7.331E-05;0.07274;63.51;44.96;100.04;100.04;0.13;0.07271;0.07274;-2.763E-05;-11.384;-11.382;-99.990;0.50;89.94;
2026-01-07 13:39:28.80;0.00:00:42:255;0.00;0.00;1.00;0.07289;-6.2E-05;7.941E-05;0.07291;63.99;44.96;100.04;100.04;0.14;0.07289;0.07291;-2.915E-05;-11.374;-11.372;-99.990;0.50;89.94;
2026-01-07 13:39:28.85;0.00:00:42:301;0.00;0.00;1.00;0.07274;-6.066E-05;9.234E-05;0.07277;61.65;44.96;100.04;100.04;0.15;0.07274;0.07277;-2.8E-05;-11.382;-11.381;-99.990;0.50;89.93;
2026-01-07 13:39:28.89;0.00:00:42:348;0.00;0.00;1.00;0.07248;-5.634E-05;8.654E-05;0.07251;61.53;44.96;100.04;100.04;0.14;0.07248;0.07251;-2.776E-05;-11.398;-11.396;-99.990;0.50;89.93;
2026-01-07 13:39:28.94;0.00:00:42:396;0.00;0.00;1.00;0.07278;-6.348E-05;7.017E-05;0.07281;66.07;44.96;100.04;100.04;0.13;0.07278;0.07281;-2.897E-05;-11.380;-11.378;-99.990;0.50;89.94;
2026-01-07 13:39:28.99;0.00:00:42:442;0.00;0.00;1.00;0.07267;-5.386E-05;8.43E-05;0.07269;61.29;44.96;100.04;100.04;0.14;0.07267;0.07269;-2.87E-05;-11.387;-11.385;-99.990;0.50;89.93;
2026-01-07 13:39:29.04;0.00:00:42:490;0.00;0.00;1.00;0.07269;-6.347E-05;8.549E-05;0.07272;63.30;44.96;100.04;100.04;0.15;0.07269;0.07272;-2.799E-05;-11.385;-11.383;-99.990;0.50;89.93;
2026-01-07 13:39:29.10;0.00:00:42:551;0.00;0.00;1.00;0.07249;-6.094E-05;9.333E-05;0.07252;61.57;44.96;100.04;100.04;0.15;0.07249;0.07252;-2.878E-05;-11.397;-11.395;-99.990;0.50;89.93;
2026-01-07 13:39:29.14;0.00:00:42:599;0.00;0.00;1.00;0.07269;-5.761E-05;6.001E-05;0.07272;66.92;44.97;100.04;100.04;0.11;0.07269;0.07272;-2.697E-05;-11.385;-11.383;-99.990;0.50;89.95;
2026-01-07 13:39:29.19;0.00:00:42:644;0.00;0.00;1.00;0.07291;-5.923E-05;7.228E-05;0.07294;64.67;44.96;100.04;100.04;0.13;0.07291;0.07294;-2.807E-05;-11.372;-11.370;-99.990;0.50;89.94;
2026-01-07 13:39:29.24;0.00:00:42:693;0.00;0.00;1.00;0.07283;-6.476E-05;8.94E-05;0.07286;62.96;44.96;100.04;100.04;0.15;0.07283;0.07286;-2.688E-05;-11.377;-11.375;-99.990;0.50;89.93;
2026-01-07 13:39:29.30;0.00:00:42:753;0.00;0.00;1.00;0.07284;-5.072E-05;9.869E-05;0.07287;58.60;44.96;100.04;100.04;0.15;0.07284;0.07287;-3.096E-05;-11.376;-11.375;-99.990;0.50;89.92;
2026-01-07 13:39:29.36;0.00:00:42:815;0.00;0.00;1.00;0.07287;-5.899E-05;5.981E-05;0.0729;67.30;44.97;100.04;100.04;0.12;0.07287;0.0729;-2.886E-05;-11.374;-11.373;-99.990;0.50;89.95;
2026-01-07 13:39:29.41;0.00:00:42:862;0.00;0.00;1.00;0.0723;-4.434E-05;8.558E-05;0.07233;58.69;44.96;100.04;100.04;0.13;0.0723;0.07233;-2.87E-05;-11.409;-11.407;-99.990;0.50;89.93;
2026-01-07 13:39:29.47;0.00:00:42:923;0.00;0.00;1.00;0.07237;-5.635E-05;7.32E-05;0.0724;63.79;44.96;100.04;100.04;0.13;0.07237;0.0724;-2.989E-05;-11.404;-11.403;-99.990;0.50;89.94;
2026-01-07 13:39:29.52;0.00:00:42:970;0.00;0.00;1.00;0.07232;-4.859E-05;6.525E-05;0.07234;63.34;44.97;100.04;100.04;0.11;0.07232;0.07234;-2.683E-05;-11.408;-11.406;-99.990;0.50;89.95;
2026-01-07 13:39:29.56;0.00:00:43:016;0.00;0.00;1.00;0.0726;-5.857E-05;6.339E-05;0.07263;66.37;44.97;100.04;100.04;0.12;0.0726;0.07263;-2.73E-05;-11.390;-11.389;-99.990;0.50;89.95;
2026-01-07 13:39:29.61;0.00:00:43:065;0.00;0.00;1.00;0.07264;-5.356E-05;8.223E-05;0.07266;61.54;44.96;100.04;100.04;0.14;0.07264;0.07266;-2.913E-05;-11.389;-11.387;-99.990;0.50;89.94;
2026-01-07 13:39:29.67;0.00:00:43:125;0.00;0.00;1.00;0.0726;-5.812E-05;7.634E-05;0.07264;63.64;44.96;100.05;100.05;0.13;0.0726;0.07264;-3.296E-05;-11.390;-11.389;-99.990;0.50;89.94;
2026-01-07 13:39:29.72;0.00:00:43:172;0.00;0.00;1.00;0.07261;-6.188E-05;8.382E-05;0.07264;63.22;44.96;100.04;100.04;0.14;0.07261;0.07264;-2.912E-05;-11.390;-11.388;-99.990;0.50;89.93;
2026-01-07 13:39:29.76;0.00:00:43:217;0.00;0.00;1.00;0.07261;-5.335E-05;6.986E-05;0.07264;63.68;44.97;100.04;100.04;0.12;0.07261;0.07264;-2.919E-05;-11.390;-11.388;-99.990;0.50;89.94;
2026-01-07 13:39:29.81;0.00:00:43:268;0.00;0.00;1.00;0.07266;-5.887E-05;8.413E-05;0.07269;62.49;44.96;100.04;100.04;0.14;0.07266;0.07269;-2.906E-05;-11.387;-11.385;-99.990;0.50;89.93;
2026-01-07 13:39:29.86;0.00:00:43:314;0.00;0.00;1.00;0.07272;-5.421E-05;6.639E-05;0.07275;64.62;44.97;100.04;100.04;0.12;0.07272;0.07275;-3.098E-05;-11.384;-11.382;-99.990;0.50;89.95;
2026-01-07 13:39:29.91;0.00:00:43:361;0.00;0.00;1.00;0.07273;-6.184E-05;8.38E-05;0.07276;63.21;44.96;100.04;100.04;0.14;0.07273;0.07276;-3.026E-05;-11.383;-11.381;-99.990;0.50;89.93;
2026-01-07 13:39:29.95;0.00:00:43:408;0.00;0.00;1.00;0.07261;-5.928E-05;6.506E-05;0.07263;66.17;44.97;100.04;100.04;0.12;0.07261;0.07263;-2.861E-05;-11.390;-11.389;-99.990;0.50;89.95;
2026-01-07 13:39:30.00;0.00:00:43:455;0.00;0.00;1.00;0.07276;-6.014E-05;7.299E-05;0.07279;64.74;44.96;100.04;100.04;0.13;0.07276;0.07279;-2.881E-05;-11.381;-11.379;-99.990;0.50;89.94;
2026-01-07 13:39:30.05;0.00:00:43:503;0.00;0.00;1.00;0.07279;-4.571E-05;8.097E-05;0.07282;59.72;44.96;100.04;100.04;0.13;0.07279;0.07282;-3.05E-05;-11.379;-11.377;-99.990;0.50;89.94;
2026-01-07 13:39:30.11;0.00:00:43:564;0.00;0.00;1.00;0.07267;-5.592E-05;8.419E-05;0.0727;61.80;44.96;100.04;100.04;0.14;0.07267;0.0727;-2.95E-05;-11.387;-11.385;-99.990;0.50;89.93;
2026-01-07 13:39:30.16;0.00:00:43:610;0.00;0.00;1.00;0.07272;-5.537E-05;7.87E-05;0.07275;62.57;44.96;100.04;100.04;0.13;0.07272;0.07275;-2.945E-05;-11.384;-11.382;-99.990;0.50;89.94;
2026-01-07 13:39:30.20;0.00:00:43:657;0.00;0.00;1.00;0.07262;-5.221E-05;8.548E-05;0.07265;60.71;44.96;100.04;100.04;0.14;0.07262;0.07265;-3.014E-05;-11.390;-11.388;-99.990;0.50;89.93;
2026-01-07 13:39:30.25;0.00:00:43:706;0.00;0.00;1.00;0.07276;-6.132E-05;7.703E-05;0.07279;64.26;44.96;100.04;100.04;0.14;0.07276;0.07279;-2.888E-05;-11.381;-11.380;-99.990;0.50;89.94;
2026-01-07 13:39:30.30;0.00:00:43:752;0.00;0.00;1.00;0.07255;-5.289E-05;7.998E-05;0.07258;61.74;44.96;100.04;100.04;0.13;0.07255;0.07258;-2.822E-05;-11.393;-11.392;-99.990;0.50;89.94;
2026-01-07 13:39:30.34;0.00:00:43:798;0.00;0.00;1.00;0.07247;-5.982E-05;6.126E-05;0.07249;67.16;44.97;100.04;100.04;0.12;0.07247;0.07249;-2.616E-05;-11.399;-11.397;-99.990;0.50;89.95;
2026-01-07 13:39:30.39;0.00:00:43:846;0.00;0.00;1.00;0.07267;-5.773E-05;6.594E-05;0.0727;65.60;44.97;100.04;100.04;0.12;0.07267;0.0727;-2.849E-05;-11.387;-11.385;-99.990;0.50;89.95;
2026-01-07 13:39:30.44;0.00:00:43:892;0.00;0.00;1.00;0.07262;-6.082E-05;8.052E-05;0.07265;63.53;44.96;100.04;100.04;0.14;0.07262;0.07265;-2.702E-05;-11.389;-11.388;-99.990;0.50;89.94;
2026-01-07 13:39:30.49;0.00:00:43:939;0.00;0.00;1.00;0.07261;-6.238E-05;8.072E-05;0.07264;63.85;44.96;100.04;100.04;0.14;0.07261;0.07264;-2.875E-05;-11.390;-11.388;-99.990;0.50;89.94;
2026-01-07 13:39:30.53;0.00:00:43:986;0.00;0.00;1.00;0.07263;-6.589E-05;8.233E-05;0.07266;64.33;44.96;100.03;100.03;0.15;0.07263;0.07266;-2.244E-05;-11.389;-11.387;-99.990;0.50;89.94;
2026-01-07 13:39:30.58;0.00:00:44:033;0.00;0.00;1.00;0.07246;-5.706E-05;8.394E-05;0.07248;62.10;44.96;100.04;100.04;0.14;0.07246;0.07248;-2.572E-05;-11.399;-11.398;-99.990;0.50;89.93;
2026-01-07 13:39:30.63;0.00:00:44:082;0.00;0.00;1.00;0.07251;-3.911E-05;4.558E-05;0.07254;65.32;44.98;100.04;100.04;0.08;0.07251;0.07254;-2.944E-05;-11.396;-11.395;-99.990;0.50;89.96;
2026-01-07 13:39:30.69;0.00:00:44:142;0.00;0.00;1.00;0.0734;-8.096E-05;5.973E-05;0.07343;71.79;44.96;100.04;100.04;0.14;0.0734;0.07343;-2.767E-05;-11.343;-11.341;-99.990;0.50;89.95;
2026-01-07 13:39:30.73;0.00:00:44:189;0.00;0.00;1.00;0.07257;-6.007E-05;8.645E-05;0.07259;62.40;44.96;100.04;100.04;0.15;0.07257;0.07259;-2.779E-05;-11.393;-11.391;-99.990;0.50;89.93;
2026-01-07 13:39:30.78;0.00:00:44:236;0.00;0.00;1.00;0.07272;-4.606E-05;5.643E-05;0.07275;64.61;44.97;100.04;100.04;0.10;0.07272;0.07275;-2.814E-05;-11.383;-11.381;-99.990;0.50;89.96;
2026-01-07 13:39:30.83;0.00:00:44:284;0.00;0.00;1.00;0.07246;-4.612E-05;9.124E-05;0.07249;58.41;44.96;100.05;100.05;0.14;0.07246;0.07249;-3.398E-05;-11.399;-11.397;-99.990;0.50;89.93;
2026-01-07 13:39:30.89;0.00:00:44:342;0.00;0.00;1.00;0.07249;-5.594E-05;7.094E-05;0.07252;64.13;44.96;100.04;100.04;0.12;0.07249;0.07252;-2.82E-05;-11.397;-11.395;-99.990;0.50;89.94;
2026-01-07 13:39:30.94;0.00:00:44:390;0.00;0.00;1.00;0.07266;-4.267E-05;8.35E-05;0.07269;58.53;44.96;100.04;100.04;0.13;0.07266;0.07269;-2.79E-05;-11.387;-11.385;-99.990;0.50;89.93;
2026-01-07 13:39:31.00;0.00:00:44:452;0.00;0.00;1.00;0.07292;-5.702E-05;6.81E-05;0.07295;64.97;44.97;100.04;100.04;0.12;0.07292;0.07295;-2.756E-05;-11.371;-11.370;-99.990;0.50;89.95;
2026-01-07 13:39:31.06;0.00:00:44:514;0.00;0.00;1.00;0.0737;-6.412E-05;3.442E-05;0.07373;75.89;44.97;100.04;100.04;0.10;0.0737;0.07373;-2.904E-05;-11.325;-11.324;-99.990;0.50;89.97;
2026-01-07 13:39:31.12;0.00:00:44:574;0.00;0.00;1.00;0.07346;-4.794E-05;0.0001318;0.07349;54.99;44.95;100.04;100.04;0.19;0.07346;0.07349;-2.762E-05;-11.339;-11.338;-99.990;0.50;89.90;
2026-01-07 13:39:31.17;0.00:00:44:622;0.00;0.00;1.00;0.07297;-5.278E-05;0.0001031;0.073;58.55;44.95;100.04;100.04;0.16;0.07297;0.073;-2.948E-05;-11.369;-11.367;-99.990;0.50;89.92;
2026-01-07 13:39:31.21;0.00:00:44:668;0.00;0.00;1.00;0.07292;-6.093E-05;7.558E-05;0.07295;64.44;44.96;100.04;100.04;0.13;0.07292;0.07295;-3.252E-05;-11.372;-11.370;-99.990;0.50;89.94;
2026-01-07 13:39:31.26;0.00:00:44:714;0.00;0.00;1.00;0.07285;-7.97E-05;0.0001003;0.07288;64.23;44.95;100.04;100.04;0.18;0.07285;0.07288;-2.747E-05;-11.375;-11.374;-99.990;0.50;89.92;
2026-01-07 13:39:31.31;0.00:00:44:761;0.00;0.00;1.00;0.07221;-6.2E-05;0.0001082;0.07223;59.91;44.95;100.04;100.04;0.17;0.07221;0.07223;-2.758E-05;-11.414;-11.413;-99.990;0.50;89.91;
2026-01-07 13:39:31.35;0.00:00:44:808;0.00;0.00;1.00;0.07186;-5.291E-05;8.355E-05;0.07188;61.17;44.96;100.03;100.03;0.14;0.07186;0.07188;-2.429E-05;-11.435;-11.434;-99.990;0.50;89.93;
2026-01-07 13:39:31.40;0.00:00:44:856;0.00;0.00;1.00;0.07229;-4.036E-05;3.318E-05;0.07231;70.29;44.98;100.04;100.04;0.07;0.07229;0.07231;-2.754E-05;-11.409;-11.408;-99.990;0.50;89.97;
2026-01-07 13:39:31.46;0.00:00:44:916;0.00;0.00;1.00;0.07231;-4.874E-05;9.483E-05;0.07234;58.60;44.96;100.04;100.04;0.15;0.07231;0.07234;-2.986E-05;-11.408;-11.406;-99.990;0.50;89.92;
2026-01-07 13:39:31.51;0.00:00:44:963;0.00;0.00;1.00;0.07219;-5.43E-05;5.514E-05;0.07222;67.28;44.97;100.04;100.04;0.11;0.07219;0.07222;-2.808E-05;-11.415;-11.413;-99.990;0.50;89.96;
2026-01-07 13:39:31.57;0.00:00:45:023;0.00;0.00;1.00;0.07245;-5.041E-05;6E-05;0.07248;65.02;44.97;100.04;100.04;0.11;0.07245;0.07248;-2.992E-05;-11.400;-11.398;-99.990;0.50;89.95;
2026-01-07 13:39:31.62;0.00:00:45:075;0.00;0.00;1.00;0.07225;-5.626E-05;9.986E-05;0.07228;59.70;44.95;100.04;100.04;0.16;0.07225;0.07228;-2.847E-05;-11.412;-11.410;-99.990;0.50;89.92;
2026-01-07 13:39:31.67;0.00:00:45:126;0.00;0.00;1.00;0.07248;-4.187E-05;5.421E-05;0.0725;63.84;44.97;100.04;100.04;0.09;0.07248;0.0725;-2.769E-05;-11.398;-11.396;-99.990;0.50;89.96;
2026-01-07 13:39:31.72;0.00:00:45:179;0.00;0.00;1.00;0.07297;-6.768E-05;7.126E-05;0.073;66.76;44.96;100.04;100.04;0.13;0.07297;0.073;-3.05E-05;-11.369;-11.367;-99.990;0.50;89.94;
2026-01-07 13:39:31.77;0.00:00:45:228;0.00;0.00;1.00;0.07208;-7.258E-05;8.713E-05;0.0721;64.90;44.95;100.03;100.03;0.16;0.07208;0.0721;-2.35E-05;-11.422;-11.420;-99.990;0.50;89.93;
2026-01-07 13:39:31.83;0.00:00:45:280;0.00;0.00;1.00;0.07207;-3.909E-05;2.392E-05;0.07209;74.27;44.98;100.04;100.03;0.06;0.07207;0.07209;-2.522E-05;-11.423;-11.421;-99.990;0.50;89.98;
2026-01-07 13:39:31.88;0.00:00:45:331;0.00;0.00;1.00;0.07219;-4.357E-05;7.636E-05;0.07221;59.85;44.97;100.04;100.04;0.12;0.07219;0.07221;-2.685E-05;-11.415;-11.414;-99.990;0.50;89.94;
2026-01-07 13:39:31.93;0.00:00:45:382;0.00;0.00;1.00;0.07231;-5.567E-05;7.235E-05;0.07234;63.79;44.96;100.04;100.04;0.13;0.07231;0.07234;-2.632E-05;-11.408;-11.406;-99.990;0.50;89.94;
2026-01-07 13:39:31.98;0.00:00:45:433;0.00;0.00;1.00;0.07226;-5.638E-05;7.381E-05;0.07228;63.69;44.96;100.04;100.04;0.13;0.07226;0.07228;-2.796E-05;-11.411;-11.410;-99.990;0.50;89.94;
2026-01-07 13:39:32.03;0.00:00:45:484;0.00;0.00;1.00;0.07234;-4.855E-05;6.219E-05;0.07237;63.99;44.97;100.04;100.04;0.11;0.07234;0.07237;-2.756E-05;-11.406;-11.404;-99.990;0.50;89.95;
2026-01-07 13:39:32.08;0.00:00:45:537;0.00;0.00;1.00;0.0725;-6.086E-05;6.909E-05;0.07253;65.69;44.96;100.04;100.04;0.13;0.0725;0.07253;-2.799E-05;-11.396;-11.395;-99.990;0.50;89.95;
2026-01-07 13:39:32.14;0.00:00:45:589;0.00;0.00;1.00;0.0724;-5.218E-05;9.182E-05;0.07243;59.80;44.96;100.04;100.04;0.15;0.0724;0.07243;-3.004E-05;-11.403;-11.401;-99.990;0.50;89.93;
2026-01-07 13:39:32.19;0.00:00:45:639;0.00;0.00;1.00;0.07264;-6.081E-05;8.181E-05;0.07267;63.31;44.96;100.04;100.04;0.14;0.07264;0.07267;-3.029E-05;-11.388;-11.386;-99.990;0.50;89.94;
2026-01-07 13:39:32.24;0.00:00:45:691;0.00;0.00;1.00;0.07242;-4.104E-05;7.736E-05;0.07245;58.97;44.97;100.04;100.04;0.12;0.07242;0.07245;-3.165E-05;-11.402;-11.400;-99.990;0.50;89.94;
2026-01-07 13:39:32.29;0.00:00:45:742;0.00;0.00;1.00;0.07244;-5.303E-05;9.647E-05;0.07247;59.40;44.96;100.03;100.03;0.15;0.07244;0.07247;-2.492E-05;-11.400;-11.399;-99.990;0.50;89.92;
2026-01-07 13:39:32.34;0.00:00:45:792;0.00;0.00;1.00;0.07237;-5.557E-05;6.81E-05;0.0724;64.61;44.97;100.04;100.04;0.12;0.07237;0.0724;-2.75E-05;-11.405;-11.403;-99.990;0.50;89.95;
2026-01-07 13:39:32.39;0.00:00:45:844;0.00;0.00;1.00;0.07238;-5.833E-05;7.265E-05;0.0724;64.38;44.96;100.03;100.03;0.13;0.07238;0.0724;-2.396E-05;-11.404;-11.402;-99.990;0.50;89.94;
2026-01-07 13:39:32.44;0.00:00:45:895;0.00;0.00;1.00;0.07247;-5.753E-05;8.04E-05;0.07249;62.79;44.96;100.04;100.04;0.14;0.07247;0.07249;-2.718E-05;-11.399;-11.397;-99.990;0.50;89.94;
2026-01-07 13:39:32.49;0.00:00:45:948;0.00;0.00;1.00;0.07255;-5.504E-05;5.943E-05;0.07257;66.40;44.97;100.04;100.04;0.11;0.07255;0.07257;-2.568E-05;-11.394;-11.392;-99.990;0.50;89.95;
2026-01-07 13:39:32.54;0.00:00:45:999;0.00;0.00;1.00;0.07281;-6.023E-05;6.891E-05;0.07284;65.58;44.96;100.04;100.04;0.13;0.07281;0.07284;-2.687E-05;-11.378;-11.376;-99.990;0.50;89.95;
2026-01-07 13:39:32.60;0.00:00:46:049;0.00;0.00;1.00;0.07269;-5.123E-05;9.476E-05;0.07272;59.20;44.96;100.04;100.04;0.15;0.07269;0.07272;-2.595E-05;-11.385;-11.383;-99.990;0.50;89.93;
2026-01-07 13:39:32.65;0.00:00:46:101;0.00;0.00;1.00;0.07256;-5.872E-05;7.829E-05;0.07259;63.43;44.96;100.04;100.04;0.13;0.07256;0.07259;-2.859E-05;-11.393;-11.391;-99.990;0.50;89.94;
2026-01-07 13:39:32.70;0.00:00:46:152;0.00;0.00;1.00;0.07256;-6.204E-05;7.852E-05;0.07259;64.16;44.96;100.03;100.03;0.14;0.07256;0.07259;-2.482E-05;-11.393;-11.391;-99.990;0.50;89.94;
2026-01-07 13:39:32.75;0.00:00:46:202;0.00;0.00;1.00;0.07252;-5.082E-05;7.893E-05;0.07255;61.39;44.96;100.04;100.04;0.13;0.07252;0.07255;-2.923E-05;-11.395;-11.394;-99.990;0.50;89.94;
2026-01-07 13:39:32.80;0.00:00:46:254;0.00;0.00;1.00;0.0725;-5.006E-05;8.059E-05;0.07253;60.92;44.96;100.04;100.04;0.13;0.0725;0.07253;-2.907E-05;-11.396;-11.395;-99.990;0.50;89.94;
2026-01-07 13:39:32.85;0.00:00:46:305;0.00;0.00;1.00;0.07256;-5.686E-05;6.898E-05;0.07259;64.75;44.96;100.04;100.04;0.12;0.07256;0.07259;-2.83E-05;-11.393;-11.391;-99.990;0.50;89.95;
2026-01-07 13:39:32.90;0.00:00:46:356;0.00;0.00;1.00;0.07275;-5.893E-05;7.887E-05;0.07278;63.38;44.96;100.04;100.04;0.14;0.07275;0.07278;-2.997E-05;-11.382;-11.380;-99.990;0.50;89.94;
2026-01-07 13:39:32.95;0.00:00:46:407;0.00;0.00;1.00;0.07268;-5.289E-05;9.126E-05;0.0727;60.05;44.96;100.04;100.04;0.15;0.07268;0.0727;-2.689E-05;-11.386;-11.384;-99.990;0.50;89.93;
2026-01-07 13:39:33.01;0.00:00:46:459;0.00;0.00;1.00;0.07274;-5.76E-05;6.854E-05;0.07276;65.02;44.96;100.04;100.04;0.12;0.07274;0.07276;-2.575E-05;-11.382;-11.381;-99.990;0.50;89.95;
2026-01-07 13:39:33.06;0.00:00:46:510;0.00;0.00;1.00;0.07292;-6.25E-05;6.706E-05;0.07295;66.49;44.96;100.04;100.04;0.13;0.07292;0.07295;-3.157E-05;-11.372;-11.370;-99.990;0.50;89.95;
2026-01-07 13:39:33.11;0.00:00:46:561;0.00;0.00;1.00;0.07289;-5.225E-05;6.382E-05;0.07292;64.65;44.97;100.04;100.04;0.11;0.07289;0.07292;-3.061E-05;-11.374;-11.372;-99.990;0.50;89.95;
2026-01-07 13:39:33.16;0.00:00:46:612;0.00;0.00;1.00;0.07272;-5.383E-05;6.594E-05;0.07275;64.61;44.97;100.04;100.04;0.12;0.07272;0.07275;-2.771E-05;-11.384;-11.382;-99.990;0.50;89.95;
2026-01-07 13:39:33.21;0.00:00:46:664;0.00;0.00;1.00;0.0729;-5.776E-05;6.211E-05;0.07293;66.46;44.97;100.04;100.04;0.12;0.0729;0.07293;-2.625E-05;-11.373;-11.371;-99.990;0.50;89.95;
2026-01-07 13:39:33.26;0.00:00:46:714;0.00;0.00;1.00;0.07284;-6.186E-05;7.463E-05;0.07287;64.83;44.96;100.04;100.04;0.13;0.07284;0.07287;-2.703E-05;-11.376;-11.374;-99.990;0.50;89.94;
2026-01-07 13:39:33.31;0.00:00:46:764;0.00;0.00;1.00;0.07288;-6.407E-05;7.809E-05;0.0729;64.68;44.96;100.03;100.03;0.14;0.07288;0.0729;-2.514E-05;-11.374;-11.372;-99.990;0.50;89.94;
2026-01-07 13:39:33.36;0.00:00:46:816;0.00;0.00;1.00;0.07289;-7.239E-05;8.119E-05;0.07291;65.86;44.96;100.03;100.03;0.15;0.07289;0.07291;-2.136E-05;-11.373;-11.372;-99.990;0.50;89.94;
2026-01-07 13:39:33.41;0.00:00:46:868;0.00;0.00;1.00;0.07271;-5.402E-05;8.222E-05;0.07274;61.65;44.96;100.03;100.03;0.14;0.07271;0.07274;-2.414E-05;-11.384;-11.383;-99.990;0.50;89.94;
2026-01-07 13:39:33.46;0.00:00:46:918;0.00;0.00;1.00;0.0724;-5.086E-05;8.126E-05;0.07243;61.02;44.96;100.03;100.03;0.13;0.0724;0.07243;-2.462E-05;-11.402;-11.401;-99.990;0.50;89.94;
2026-01-07 13:39:33.52;0.00:00:46:970;0.00;0.00;1.00;0.07238;-5.957E-05;7.185E-05;0.0724;64.83;44.96;100.03;100.03;0.13;0.07238;0.0724;-2.446E-05;-11.404;-11.402;-99.990;0.50;89.94;
2026-01-07 13:39:33.57;0.00:00:47:022;0.00;0.00;1.00;0.07219;-5.18E-05;7.067E-05;0.07222;63.12;44.97;100.03;100.03;0.12;0.07219;0.07222;-2.505E-05;-11.415;-11.414;-99.990;0.50;89.94;
2026-01-07 13:39:33.62;0.00:00:47:074;0.00;0.00;1.00;0.07237;-5.822E-05;7.8E-05;0.0724;63.37;44.96;100.04;100.04;0.13;0.07237;0.0724;-2.75E-05;-11.404;-11.403;-99.990;0.50;89.94;
2026-01-07 13:39:33.67;0.00:00:47:126;0.00;0.00;1.00;0.07239;-5.35E-05;7.505E-05;0.07242;62.74;44.96;100.04;100.04;0.13;0.07239;0.07242;-2.809E-05;-11.403;-11.402;-99.990;0.50;89.94;
2026-01-07 13:39:33.72;0.00:00:47:178;0.00;0.00;1.00;0.07226;-4.986E-05;7.695E-05;0.07229;61.47;44.96;100.04;100.04;0.13;0.07226;0.07229;-2.789E-05;-11.411;-11.409;-99.990;0.50;89.94;
2026-01-07 13:39:33.77;0.00:00:47:229;0.00;0.00;1.00;0.07252;-5.44E-05;6.9E-05;0.07255;64.13;44.97;100.04;100.04;0.12;0.07252;0.07255;-2.894E-05;-11.395;-11.393;-99.990;0.50;89.95;
2026-01-07 13:39:33.83;0.00:00:47:280;0.00;0.00;1.00;0.07264;-6.154E-05;7.973E-05;0.07267;63.83;44.96;100.04;100.04;0.14;0.07264;0.07267;-3.087E-05;-11.388;-11.386;-99.990;0.50;89.94;
2026-01-07 13:39:33.88;0.00:00:47:333;0.00;0.00;1.00;0.07254;-5.281E-05;6.9E-05;0.07257;63.71;44.97;100.04;100.04;0.12;0.07254;0.07257;-2.836E-05;-11.394;-11.392;-99.990;0.50;89.95;
2026-01-07 13:39:33.93;0.00:00:47:383;0.00;0.00;1.00;0.0725;-6.1E-05;8.56E-05;0.07253;62.74;44.96;100.04;100.04;0.14;0.0725;0.07253;-2.675E-05;-11.397;-11.395;-99.990;0.50;89.93;
2026-01-07 13:39:33.99;0.00:00:47:445;0.00;0.00;1.00;0.07255;-6.005E-05;8.937E-05;0.07258;61.95;44.96;100.04;100.04;0.15;0.07255;0.07258;-2.909E-05;-11.394;-11.392;-99.990;0.50;89.93;
2026-01-07 13:39:34.04;0.00:00:47:495;0.00;0.00;1.00;0.07238;-5.426E-05;6.115E-05;0.0724;65.79;44.97;100.03;100.03;0.11;0.07238;0.0724;-2.273E-05;-11.404;-11.402;-99.990;0.50;89.95;
2026-01-07 13:39:34.09;0.00:00:47:549;0.00;0.00;1.00;0.0725;-5.388E-05;7.257E-05;0.07253;63.30;44.96;100.04;100.04;0.12;0.0725;0.07253;-2.806E-05;-11.396;-11.395;-99.990;0.50;89.94;
2026-01-07 13:39:34.14;0.00:00:47:598;0.00;0.00;1.00;0.07265;-6.266E-05;5.867E-05;0.07268;68.44;44.97;100.03;100.03;0.12;0.07265;0.07268;-2.492E-05;-11.388;-11.386;-99.990;0.50;89.95;
2026-01-07 13:39:34.20;0.00:00:47:651;0.00;0.00;1.00;0.07268;-4.979E-05;8.69E-05;0.0727;59.90;44.96;100.04;100.04;0.14;0.07268;0.0727;-2.82E-05;-11.386;-11.384;-99.990;0.50;89.93;
2026-01-07 13:39:34.25;0.00:00:47:700;0.00;0.00;1.00;0.07281;-5.582E-05;7.448E-05;0.07284;63.42;44.96;100.04;100.04;0.13;0.07281;0.07284;-2.709E-05;-11.378;-11.377;-99.990;0.50;89.94;
2026-01-07 13:39:34.30;0.00:00:47:752;0.00;0.00;1.00;0.0729;-6.443E-05;8.208E-05;0.07293;64.07;44.96;100.04;100.04;0.14;0.0729;0.07293;-3.033E-05;-11.372;-11.371;-99.990;0.50;89.94;
2026-01-07 13:39:34.35;0.00:00:47:803;0.00;0.00;1.00;0.07323;-8.472E-05;5.287E-05;0.07326;74.02;44.96;100.04;100.04;0.14;0.07323;0.07326;-2.732E-05;-11.353;-11.351;-99.990;0.50;89.96;
2026-01-07 13:39:34.40;0.00:00:47:854;0.00;0.00;1.00;0.07293;-4.859E-05;9.053E-05;0.07296;59.11;44.96;100.04;100.04;0.14;0.07293;0.07296;-2.954E-05;-11.371;-11.369;-99.990;0.50;89.93;
2026-01-07 13:39:34.45;0.00:00:47:906;0.00;0.00;1.00;0.07278;-5.093E-05;9.169E-05;0.07281;59.52;44.96;100.04;100.04;0.14;0.07278;0.07281;-2.875E-05;-11.380;-11.378;-99.990;0.50;89.93;
2026-01-07 13:39:34.50;0.00:00:47:957;0.00;0.00;1.00;0.07304;-5.903E-05;6.313E-05;0.07307;66.54;44.97;100.04;100.04;0.12;0.07304;0.07307;-2.951E-05;-11.364;-11.362;-99.990;0.50;89.95;
2026-01-07 13:39:34.55;0.00:00:48:008;0.00;0.00;1.00;0.07316;-5.515E-05;8.541E-05;0.07319;61.43;44.96;100.04;100.04;0.14;0.07316;0.07319;-2.758E-05;-11.357;-11.356;-99.990;0.50;89.93;
2026-01-07 13:39:34.61;0.00:00:48:061;0.00;0.00;1.00;0.07312;-7.101E-05;2.381E-05;0.07314;80.73;44.97;100.04;100.04;0.10;0.07312;0.07314;-2.691E-05;-11.360;-11.358;-99.990;0.50;89.98;
2026-01-07 13:39:34.66;0.00:00:48:112;0.00;0.00;1.00;0.07284;-5.791E-05;8.178E-05;0.07287;62.65;44.96;100.04;100.04;0.14;0.07284;0.07287;-2.877E-05;-11.376;-11.374;-99.990;0.50;89.94;
2026-01-07 13:39:34.71;0.00:00:48:162;0.00;0.00;1.00;0.07271;-5.799E-05;7.694E-05;0.07274;63.50;44.96;100.04;100.04;0.13;0.07271;0.07274;-3.083E-05;-11.384;-11.382;-99.990;0.50;89.94;
2026-01-07 13:39:34.76;0.00:00:48:212;0.00;0.00;1.00;0.07245;-8.931E-05;7.776E-05;0.07248;69.48;44.95;100.04;100.04;0.16;0.07245;0.07248;-2.818E-05;-11.399;-11.398;-99.990;0.50;89.94;
2026-01-07 13:39:34.81;0.00:00:48:264;0.00;0.00;1.00;0.0722;-4.146E-05;3.985E-05;0.07223;68.07;44.98;100.04;100.04;0.08;0.0722;0.07223;-2.599E-05;-11.414;-11.413;-99.990;0.50;89.97;
2026-01-07 13:39:34.86;0.00:00:48:315;0.00;0.00;1.00;0.07281;-5.762E-05;5.698E-05;0.07284;67.66;44.97;100.04;100.04;0.11;0.07281;0.07284;-2.621E-05;-11.378;-11.376;-99.990;0.50;89.96;
2026-01-07 13:39:34.91;0.00:00:48:367;0.00;0.00;1.00;0.07309;-5.848E-05;6.596E-05;0.07312;65.78;44.97;100.04;100.04;0.12;0.07309;0.07312;-2.785E-05;-11.361;-11.359;-99.990;0.50;89.95;
2026-01-07 13:39:34.97;0.00:00:48:420;0.00;0.00;1.00;0.07336;-7.135E-05;9.921E-05;0.07339;62.86;44.95;100.04;100.04;0.17;0.07336;0.07339;-2.81E-05;-11.345;-11.344;-99.990;0.50;89.92;
2026-01-07 13:39:35.02;0.00:00:48:470;0.00;0.00;1.00;0.07296;-5.429E-05;0.0001114;0.07299;57.99;44.95;100.04;100.04;0.17;0.07296;0.07299;-3.02E-05;-11.369;-11.367;-99.990;0.50;89.91;
2026-01-07 13:39:35.07;0.00:00:48:521;0.00;0.00;1.00;0.07177;-5.28E-05;7.851E-05;0.0718;61.96;44.96;100.04;100.04;0.13;0.07177;0.0718;-2.806E-05;-11.440;-11.439;-99.990;0.50;89.94;
2026-01-07 13:39:35.12;0.00:00:48:571;0.00;0.00;1.00;0.07193;-5.153E-05;7.385E-05;0.07196;62.45;44.96;100.04;100.04;0.13;0.07193;0.07196;-2.827E-05;-11.431;-11.429;-99.990;0.50;89.94;
2026-01-07 13:39:35.17;0.00:00:48:622;0.00;0.00;1.00;0.07231;-6.008E-05;8.544E-05;0.07234;62.56;44.96;100.03;100.03;0.14;0.07231;0.07234;-2.379E-05;-11.408;-11.406;-99.990;0.50;89.93;
2026-01-07 13:39:35.22;0.00:00:48:672;0.00;0.00;1.00;0.07239;-4.88E-05;6.609E-05;0.07242;63.22;44.97;100.04;100.04;0.11;0.07239;0.07242;-2.961E-05;-11.403;-11.401;-99.990;0.50;89.95;
2026-01-07 13:39:35.27;0.00:00:48:723;0.00;0.00;1.00;0.0724;-5.398E-05;8.19E-05;0.07243;61.70;44.96;100.04;100.04;0.14;0.0724;0.07243;-2.903E-05;-11.403;-11.401;-99.990;0.50;89.94;
2026-01-07 13:39:35.32;0.00:00:48:773;0.00;0.00;1.00;0.07247;-5.348E-05;6.988E-05;0.0725;63.71;44.97;100.04;100.04;0.12;0.07247;0.0725;-3.131E-05;-11.398;-11.396;-99.990;0.50;89.94;
2026-01-07 13:39:35.37;0.00:00:48:826;0.00;0.00;1.00;0.07249;-5.526E-05;7.526E-05;0.07251;63.14;44.96;100.04;100.04;0.13;0.07249;0.07251;-2.791E-05;-11.397;-11.396;-99.990;0.50;89.94;
2026-01-07 13:39:35.42;0.00:00:48:876;0.00;0.00;1.00;0.07249;-5.299E-05;6.782E-05;0.07252;64.00;44.97;100.04;100.04;0.12;0.07249;0.07252;-2.936E-05;-11.397;-11.395;-99.990;0.50;89.95;
2026-01-07 13:39:35.47;0.00:00:48:924;0.00;0.00;1.00;0.07249;-5.335E-05;8.299E-05;0.07252;61.37;44.96;100.04;100.04;0.14;0.07249;0.07252;-2.863E-05;-11.397;-11.396;-99.990;0.50;89.93;
2026-01-07 13:39:35.52;0.00:00:48:976;0.00;0.00;1.00;0.07242;-5.459E-05;7.628E-05;0.07245;62.79;44.96;100.04;100.04;0.13;0.07242;0.07245;-2.614E-05;-11.401;-11.400;-99.990;0.50;89.94;
2026-01-07 13:39:35.57;0.00:00:49:028;0.00;0.00;1.00;0.07251;-5.392E-05;6.833E-05;0.07254;64.14;44.97;100.04;100.04;0.12;0.07251;0.07254;-3.031E-05;-11.396;-11.394;-99.990;0.50;89.95;
2026-01-07 13:39:35.62;0.00:00:49:075;0.00;0.00;1.00;0.07253;-5.351E-05;8.153E-05;0.07256;61.64;44.96;100.04;100.04;0.13;0.07253;0.07256;-2.858E-05;-11.395;-11.393;-99.990;0.50;89.94;
2026-01-07 13:39:35.67;0.00:00:49:123;0.00;0.00;1.00;0.07268;-6.59E-05;8.093E-05;0.07271;64.58;44.96;100.04;100.04;0.14;0.07268;0.07271;-2.827E-05;-11.386;-11.384;-99.990;0.50;89.94;
2026-01-07 13:39:35.71;0.00:00:49:169;0.00;0.00;1.00;0.07243;-4.88E-05;9.67E-05;0.07246;58.39;44.96;100.04;100.04;0.15;0.07243;0.07246;-2.868E-05;-11.401;-11.399;-99.990;0.50;89.92;
2026-01-07 13:39:35.76;0.00:00:49:218;0.00;0.00;1.00;0.07246;-5.927E-05;7.923E-05;0.07248;63.40;44.96;100.04;100.04;0.14;0.07246;0.07248;-2.565E-05;-11.399;-11.398;-99.990;0.50;89.94;
2026-01-07 13:39:35.82;0.00:00:49:278;0.00;0.00;1.00;0.07248;-5.449E-05;7.706E-05;0.07251;62.63;44.96;100.04;100.04;0.13;0.07248;0.07251;-2.624E-05;-11.398;-11.396;-99.990;0.50;89.94;
2026-01-07 13:39:35.87;0.00:00:49:325;0.00;0.00;1.00;0.07254;-5.403E-05;7.842E-05;0.07257;62.28;44.96;100.04;100.04;0.13;0.07254;0.07257;-2.865E-05;-11.394;-11.392;-99.990;0.50;89.94;
2026-01-07 13:39:35.92;0.00:00:49:371;0.00;0.00;1.00;0.07251;-6.054E-05;7.805E-05;0.07254;63.90;44.96;100.04;100.04;0.14;0.07251;0.07254;-2.56E-05;-11.396;-11.394;-99.990;0.50;89.94;
2026-01-07 13:39:35.97;0.00:00:49:420;0.00;0.00;1.00;0.07248;-5.934E-05;8.636E-05;0.07251;62.25;44.96;100.04;100.04;0.14;0.07248;0.07251;-2.609E-05;-11.398;-11.396;-99.990;0.50;89.93;
2026-01-07 13:39:36.03;0.00:00:49:480;0.00;0.00;1.00;0.07259;-6.038E-05;6.936E-05;0.07262;65.52;44.96;100.04;100.04;0.13;0.07259;0.07262;-2.918E-05;-11.391;-11.390;-99.990;0.50;89.95;
2026-01-07 13:39:36.07;0.00:00:49:528;0.00;0.00;1.00;0.07258;-6.752E-05;0.0001104;0.07261;60.72;44.95;100.04;100.04;0.18;0.07258;0.07261;-2.671E-05;-11.392;-11.390;-99.990;0.50;89.91;
2026-01-07 13:39:36.12;0.00:00:49:576;0.00;0.00;1.00;0.07259;-5.544E-05;6.054E-05;0.07262;66.24;44.97;100.04;100.04;0.11;0.07259;0.07262;-2.903E-05;-11.391;-11.390;-99.990;0.50;89.95;
2026-01-07 13:39:36.17;0.00:00:49:624;0.00;0.00;1.00;0.07218;-5.358E-05;9.664E-05;0.07221;59.50;44.96;100.04;100.04;0.15;0.07218;0.07221;-2.945E-05;-11.416;-11.414;-99.990;0.50;89.92;
2026-01-07 13:39:36.23;0.00:00:49:685;0.00;0.00;1.00;0.07236;-5.544E-05;4.293E-05;0.07238;71.13;44.97;100.04;100.04;0.10;0.07236;0.07238;-2.598E-05;-11.405;-11.404;-99.990;0.50;89.97;
2026-01-07 13:39:36.28;0.00:00:49:731;0.00;0.00;1.00;0.07273;-5.136E-05;7.353E-05;0.07276;62.47;44.96;100.04;100.04;0.12;0.07273;0.07276;-2.938E-05;-11.383;-11.381;-99.990;0.50;89.94;
2026-01-07 13:39:36.32;0.00:00:49:777;0.00;0.00;1.00;0.07288;-6.265E-05;7.367E-05;0.07291;65.19;44.96;100.04;100.04;0.13;0.07288;0.07291;-3.229E-05;-11.374;-11.372;-99.990;0.50;89.94;
2026-01-07 13:39:36.37;0.00:00:49:826;0.00;0.00;1.00;0.07274;-5.844E-05;7.174E-05;0.07277;64.58;44.96;100.04;100.03;0.13;0.07274;0.07277;-2.546E-05;-11.382;-11.381;-99.990;0.50;89.94;
2026-01-07 13:39:36.43;0.00:00:49:887;0.00;0.00;1.00;0.07282;-6.345E-05;7.663E-05;0.07285;64.81;44.96;100.04;100.04;0.14;0.07282;0.07285;-2.884E-05;-11.378;-11.376;-99.990;0.50;89.94;
2026-01-07 13:39:36.48;0.00:00:49:933;0.00;0.00;1.00;0.07239;-5.798E-05;9.201E-05;0.07242;61.11;44.96;100.04;100.04;0.15;0.07239;0.07242;-2.592E-05;-11.403;-11.401;-99.990;0.50;89.93;
2026-01-07 13:39:36.53;0.00:00:49:980;0.00;0.00;1.00;0.07237;-5.29E-05;7.065E-05;0.0724;63.41;44.97;100.04;100.04;0.12;0.07237;0.0724;-2.728E-05;-11.404;-11.403;-99.990;0.50;89.94;
2026-01-07 13:39:36.57;0.00:00:50:028;0.00;0.00;1.00;0.0724;-5.803E-05;7.221E-05;0.07242;64.39;44.96;100.04;100.04;0.13;0.0724;0.07242;-2.729E-05;-11.403;-11.401;-99.990;0.50;89.94;
2026-01-07 13:39:36.63;0.00:00:50:087;0.00;0.00;1.00;0.07238;-4.271E-05;7.312E-05;0.07241;60.14;44.97;100.04;100.04;0.12;0.07238;0.07241;-2.924E-05;-11.404;-11.402;-99.990;0.50;89.94;
2026-01-07 13:39:36.68;0.00:00:50:134;0.00;0.00;1.00;0.07274;-5.184E-05;9.148E-05;0.07276;59.77;44.96;100.04;100.04;0.14;0.07274;0.07276;-2.604E-05;-11.382;-11.381;-99.990;0.50;89.93;
2026-01-07 13:39:36.73;0.00:00:50:182;0.00;0.00;1.00;0.0727;-5.793E-05;5.679E-05;0.07273;67.78;44.97;100.04;100.04;0.11;0.0727;0.07273;-2.864E-05;-11.385;-11.383;-99.990;0.50;89.96;
2026-01-07 13:39:36.77;0.00:00:50:227;0.00;0.00;1.00;0.07276;-7.388E-05;9.731E-05;0.07279;63.60;44.95;100.04;100.04;0.17;0.07276;0.07279;-2.83E-05;-11.381;-11.379;-99.990;0.50;89.92;
2026-01-07 13:39:36.82;0.00:00:50:274;0.00;0.00;1.00;0.07284;-5.624E-05;6.85E-05;0.07287;64.69;44.97;100.04;100.04;0.12;0.07284;0.07287;-3.11E-05;-11.376;-11.375;-99.990;0.50;89.95;
2026-01-07 13:39:36.87;0.00:00:50:320;0.00;0.00;1.00;0.07296;-6.526E-05;8.425E-05;0.07299;63.88;44.96;100.04;100.04;0.15;0.07296;0.07299;-3.035E-05;-11.369;-11.367;-99.990;0.50;89.93;
2026-01-07 13:39:36.91;0.00:00:50:368;0.00;0.00;1.00;0.07267;-5.591E-05;9.149E-05;0.0727;60.71;44.96;100.04;100.04;0.15;0.07267;0.0727;-2.936E-05;-11.387;-11.385;-99.990;0.50;89.93;
2026-01-07 13:39:36.96;0.00:00:50:414;0.00;0.00;1.00;0.07243;-5.324E-05;9.764E-05;0.07245;59.30;44.96;100.04;100.04;0.15;0.07243;0.07245;-2.6E-05;-11.401;-11.399;-99.990;0.50;89.92;
2026-01-07 13:39:37.01;0.00:00:50:460;0.00;0.00;1.00;0.07251;-6.884E-05;5.4E-05;0.07253;70.94;44.97;100.04;100.04;0.12;0.07251;0.07253;-2.574E-05;-11.396;-11.395;-99.990;0.50;89.96;
2026-01-07 13:39:37.05;0.00:00:50:507;0.00;0.00;1.00;0.07216;-5.469E-05;9.104E-05;0.07218;60.50;44.96;100.04;100.04;0.15;0.07216;0.07218;-2.663E-05;-11.417;-11.416;-99.990;0.50;89.93;
2026-01-07 13:39:37.10;0.00:00:50:556;0.00;0.00;1.00;0.07208;-6.115E-05;8.535E-05;0.0721;62.81;44.96;100.04;100.04;0.15;0.07208;0.0721;-2.782E-05;-11.422;-11.420;-99.990;0.50;89.93;
2026-01-07 13:39:37.15;0.00:00:50:604;0.00;0.00;1.00;0.07269;-6.125E-05;4.698E-05;0.07272;71.26;44.97;100.03;100.03;0.11;0.07269;0.07272;-2.493E-05;-11.385;-11.384;-99.990;0.50;89.96;
2026-01-07 13:39:37.21;0.00:00:50:665;0.00;0.00;1.00;0.07279;-6.267E-05;9.35E-05;0.07282;61.92;44.96;100.04;100.04;0.15;0.07279;0.07282;-2.817E-05;-11.379;-11.377;-99.990;0.50;89.93;
2026-01-07 13:39:37.26;0.00:00:50:711;0.00;0.00;1.00;0.0724;-5.494E-05;5.269E-05;0.07242;68.10;44.97;100.03;100.03;0.11;0.0724;0.07242;-2.432E-05;-11.403;-11.401;-99.990;0.50;89.96;
2026-01-07 13:39:37.30;0.00:00:50:758;0.00;0.00;1.00;0.07263;-6.216E-05;7.994E-05;0.07266;63.93;44.96;100.04;100.04;0.14;0.07263;0.07266;-2.913E-05;-11.389;-11.387;-99.990;0.50;89.94;
2026-01-07 13:39:37.35;0.00:00:50:807;0.00;0.00;1.00;0.0725;-5.872E-05;0.0001026;0.07253;59.89;44.95;100.04;100.04;0.16;0.0725;0.07253;-2.784E-05;-11.397;-11.395;-99.990;0.50;89.92;
2026-01-07 13:39:37.41;0.00:00:50:868;0.00;0.00;1.00;0.07219;-5.053E-05;9.274E-05;0.07222;59.29;44.96;100.04;100.04;0.15;0.07219;0.07222;-2.924E-05;-11.415;-11.413;-99.990;0.50;89.93;
2026-01-07 13:39:37.46;0.00:00:50:916;0.00;0.00;1.00;0.07227;-5.486E-05;7.375E-05;0.0723;63.32;44.96;100.04;100.04;0.13;0.07227;0.0723;-3.043E-05;-11.410;-11.409;-99.990;0.50;89.94;
2026-01-07 13:39:37.51;0.00:00:50:962;0.00;0.00;1.00;0.07232;-5.682E-05;7.855E-05;0.07234;62.94;44.96;100.03;100.03;0.13;0.07232;0.07234;-2.459E-05;-11.408;-11.406;-99.990;0.50;89.94;
2026-01-07 13:39:37.56;0.00:00:51:011;0.00;0.00;1.00;0.07246;-4.817E-05;5.714E-05;0.07249;65.07;44.97;100.04;100.04;0.10;0.07246;0.07249;-2.877E-05;-11.399;-11.397;-99.990;0.50;89.95;
2026-01-07 13:39:37.61;0.00:00:51:063;0.00;0.00;1.00;0.07274;-6.074E-05;7.758E-05;0.07278;64.03;44.96;100.04;100.04;0.14;0.07274;0.07278;-3.223E-05;-11.382;-11.380;-99.990;0.50;89.94;
2026-01-07 13:39:37.66;0.00:00:51:114;0.00;0.00;1.00;0.07256;-5.045E-05;6.234E-05;0.07259;64.49;44.97;100.04;100.04;0.11;0.07256;0.07259;-3.055E-05;-11.393;-11.391;-99.990;0.50;89.95;
2026-01-07 13:39:37.71;0.00:00:51:166;0.00;0.00;1.00;0.0728;-5.596E-05;6.489E-05;0.07283;65.39;44.97;100.04;100.04;0.12;0.0728;0.07283;-2.723E-05;-11.378;-11.377;-99.990;0.50;89.95;
2026-01-07 13:39:37.76;0.00:00:51:216;0.00;0.00;1.00;0.07288;-5.371E-05;5.5E-05;0.0729;67.16;44.97;100.03;100.03;0.11;0.07288;0.0729;-2.39E-05;-11.374;-11.373;-99.990;0.50;89.96;
2026-01-07 13:39:37.81;0.00:00:51:267;0.00;0.00;1.00;0.07324;-7.796E-05;7.642E-05;0.07327;67.79;44.96;100.05;100.05;0.15;0.07324;0.07327;-3.31E-05;-11.353;-11.351;-99.990;0.50;89.94;
2026-01-07 13:39:37.86;0.00:00:51:318;0.00;0.00;1.00;0.0724;-5.606E-05;5.383E-05;0.07242;68.08;44.97;100.04;100.04;0.11;0.0724;0.07242;-2.852E-05;-11.403;-11.401;-99.990;0.50;89.96;
2026-01-07 13:39:37.92;0.00:00:51:372;0.00;0.00;1.00;0.07283;-6.578E-05;6.741E-05;0.07286;67.15;44.96;100.04;100.04;0.13;0.07283;0.07286;-2.637E-05;-11.377;-11.375;-99.990;0.50;89.95;
2026-01-07 13:39:37.97;0.00:00:51:421;0.00;0.00;1.00;0.07237;-5.584E-05;9.366E-05;0.07239;60.40;44.96;100.03;100.03;0.15;0.07237;0.07239;-2.28E-05;-11.404;-11.403;-99.990;0.50;89.93;
2026-01-07 13:39:38.02;0.00:00:51:472;0.00;0.00;1.00;0.0724;-5.933E-05;7.731E-05;0.07243;63.75;44.96;100.04;100.04;0.13;0.0724;0.07243;-2.903E-05;-11.403;-11.401;-99.990;0.50;89.94;
2026-01-07 13:39:38.07;0.00:00:51:523;0.00;0.00;1.00;0.07225;-5.883E-05;6.751E-05;0.07228;65.54;44.96;100.04;100.04;0.12;0.07225;0.07228;-3.114E-05;-11.412;-11.410;-99.990;0.50;89.95;
2026-01-07 13:39:38.12;0.00:00:51:574;0.00;0.00;1.00;0.07241;-4.988E-05;7.713E-05;0.07244;61.44;44.96;100.04;100.04;0.13;0.07241;0.07244;-2.788E-05;-11.402;-11.400;-99.990;0.50;89.94;
2026-01-07 13:39:38.17;0.00:00:51:627;0.00;0.00;1.00;0.07268;-6.382E-05;8.61E-05;0.07271;63.27;44.96;100.04;100.04;0.15;0.07268;0.07271;-2.878E-05;-11.386;-11.384;-99.990;0.50;89.93;
2026-01-07 13:39:38.22;0.00:00:51:677;0.00;0.00;1.00;0.07287;-5.526E-05;5.808E-05;0.0729;66.79;44.97;100.04;100.04;0.11;0.07287;0.0729;-2.645E-05;-11.375;-11.373;-99.990;0.50;89.95;
2026-01-07 13:39:38.28;0.00:00:51:730;0.00;0.00;1.00;0.07358;-7.516E-05;0.0001092;0.07361;62.27;44.95;100.04;100.04;0.18;0.07358;0.07361;-2.804E-05;-11.332;-11.330;-99.990;0.50;89.92;
2026-01-07 13:39:38.33;0.00:00:51:780;0.00;0.00;1.00;0.07289;-5.132E-05;8.36E-05;0.07291;60.77;44.96;100.04;100.04;0.13;0.07289;0.07291;-2.755E-05;-11.374;-11.372;-99.990;0.50;89.93;
2026-01-07 13:39:38.38;0.00:00:51:831;0.00;0.00;1.00;0.07311;-6.427E-05;9.35E-05;0.07314;62.25;44.96;100.03;100.03;0.16;0.07311;0.07314;-2.42E-05;-11.360;-11.359;-99.990;0.50;89.93;
2026-01-07 13:39:38.42;0.00:00:51:876;0.00;0.00;1.00;0.07286;-5.757E-05;7.882E-05;0.07289;63.07;44.96;100.04;100.04;0.13;0.07286;0.07289;-2.922E-05;-11.375;-11.374;-99.990;0.50;89.94;
2026-01-07 13:39:38.47;0.00:00:51:921;0.00;0.00;1.00;0.07247;-4.938E-05;7.283E-05;0.0725;62.07;44.97;100.04;100.04;0.12;0.07247;0.0725;-3.196E-05;-11.399;-11.397;-99.990;0.50;89.94;
2026-01-07 13:39:38.52;0.00:00:51:972;0.00;0.00;1.00;0.07246;-6.044E-05;8.717E-05;0.07249;62.37;44.96;100.04;100.04;0.15;0.07246;0.07249;-2.768E-05;-11.399;-11.397;-99.990;0.50;89.93;
2026-01-07 13:39:38.58;0.00:00:52:029;0.00;0.00;1.00;0.07285;-7.258E-05;5.819E-05;0.07287;70.64;44.96;100.03;100.03;0.13;0.07285;0.07287;-2.521E-05;-11.376;-11.374;-99.990;0.50;89.95;
2026-01-07 13:39:38.63;0.00:00:52:085;0.00;0.00;1.00;0.07277;-5.6E-05;8.771E-05;0.0728;61.28;44.96;100.04;100.04;0.14;0.07277;0.0728;-2.933E-05;-11.381;-11.379;-99.990;0.50;89.93;
2026-01-07 13:39:38.68;0.00:00:52:135;0.00;0.00;1.00;0.07248;-5.952E-05;8.372E-05;0.07251;62.70;44.96;100.03;100.03;0.14;0.07248;0.07251;-2.399E-05;-11.398;-11.396;-99.990;0.50;89.93;
2026-01-07 13:39:38.73;0.00:00:52:185;0.00;0.00;1.00;0.07249;-4.941E-05;6.176E-05;0.07251;64.33;44.97;100.04;100.04;0.11;0.07249;0.07252;-2.733E-05;-11.397;-11.396;-99.990;0.50;89.95;
2026-01-07 13:39:38.78;0.00:00:52:238;0.00;0.00;1.00;0.07275;-5.899E-05;9.198E-05;0.07278;61.34;44.96;100.04;100.04;0.15;0.07275;0.07278;-3.114E-05;-11.382;-11.380;-99.990;0.50;89.93;
2026-01-07 13:39:38.83;0.00:00:52:288;0.00;0.00;1.00;0.07258;-6.466E-05;9.369E-05;0.0726;62.31;44.96;100.04;100.04;0.16;0.07258;0.0726;-2.801E-05;-11.392;-11.390;-99.990;0.50;89.93;
2026-01-07 13:39:38.88;0.00:00:52:339;0.00;0.00;1.00;0.0725;-5.384E-05;6.651E-05;0.07253;64.49;44.97;100.04;100.04;0.12;0.0725;0.07253;-2.864E-05;-11.397;-11.395;-99.990;0.50;89.95;
2026-01-07 13:39:38.94;0.00:00:52:391;0.00;0.00;1.00;0.07276;-6.774E-05;6.145E-05;0.07278;68.89;44.96;100.04;100.04;0.13;0.07276;0.07278;-2.888E-05;-11.381;-11.380;-99.990;0.50;89.95;
2026-01-07 13:39:38.99;0.00:00:52:443;0.00;0.00;1.00;0.0727;-4.744E-05;7.212E-05;0.07273;61.67;44.97;100.04;100.04;0.12;0.0727;0.07273;-2.799E-05;-11.385;-11.383;-99.990;0.50;89.94;
2026-01-07 13:39:39.04;0.00:00:52:496;0.00;0.00;1.00;0.07272;-6.376E-05;0.0001003;0.07274;61.22;44.95;100.04;100.04;0.16;0.07272;0.07274;-2.705E-05;-11.384;-11.382;-99.990;0.50;89.92;
2026-01-07 13:39:39.09;0.00:00:52:547;0.00;0.00;1.00;0.07242;-5.749E-05;8.305E-05;0.07245;62.35;44.96;100.04;100.04;0.14;0.07242;0.07245;-2.629E-05;-11.401;-11.400;-99.990;0.50;89.93;
2026-01-07 13:39:39.15;0.00:00:52:600;0.00;0.00;1.00;0.07226;-5.214E-05;7.938E-05;0.07228;61.65;44.96;100.03;100.03;0.13;0.07226;0.07228;-2.225E-05;-11.411;-11.410;-99.990;0.50;89.94;
2026-01-07 13:39:39.19;0.00:00:52:648;0.00;0.00;1.00;0.07247;-5.415E-05;4.729E-05;0.07249;69.44;44.97;100.04;100.04;0.10;0.07247;0.07249;-2.565E-05;-11.399;-11.397;-99.990;0.50;89.96;
2026-01-07 13:39:39.25;0.00:00:52:701;0.00;0.00;1.00;0.07329;-5.987E-05;8.097E-05;0.07331;63.24;44.96;100.03;100.03;0.14;0.07329;0.07331;-2.323E-05;-11.350;-11.348;-99.990;0.50;89.94;
2026-01-07 13:39:39.30;0.00:00:52:751;0.00;0.00;1.00;0.07311;-6.02E-05;0.0001027;0.07314;60.19;44.95;100.04;100.04;0.16;0.07311;0.07314;-2.742E-05;-11.360;-11.358;-99.990;0.50;89.92;
2026-01-07 13:39:39.35;0.00:00:52:802;0.00;0.00;1.00;0.07244;-4.621E-05;7.919E-05;0.07247;60.13;44.96;100.05;100.05;0.13;0.07244;0.07247;-3.332E-05;-11.400;-11.398;-99.990;0.50;89.94;
2026-01-07 13:39:39.40;0.00:00:52:852;0.00;0.00;1.00;0.07232;-6.008E-05;8.378E-05;0.07235;62.82;44.96;100.04;100.04;0.14;0.07232;0.07235;-2.64E-05;-11.407;-11.406;-99.990;0.50;89.93;
2026-01-07 13:39:39.45;0.00:00:52:903;0.00;0.00;1.00;0.07264;-5.429E-05;8.206E-05;0.07267;61.75;44.96;100.04;100.04;0.14;0.07264;0.07267;-3.058E-05;-11.388;-11.386;-99.990;0.50;89.94;
2026-01-07 13:39:39.50;0.00:00:52:954;0.00;0.00;1.00;0.07278;-4.064E-05;7.541E-05;0.07281;59.16;44.97;100.04;100.04;0.12;0.07278;0.07281;-3.078E-05;-11.380;-11.378;-99.990;0.50;89.94;
2026-01-07 13:39:39.55;0.00:00:53:005;0.00;0.00;1.00;0.0726;-4.524E-05;9.963E-05;0.07263;57.21;44.96;100.04;100.04;0.15;0.0726;0.07263;-2.897E-05;-11.391;-11.389;-99.990;0.50;89.92;
2026-01-07 13:39:39.60;0.00:00:53:058;0.00;0.00;1.00;0.07243;-5.039E-05;8.866E-05;0.07246;59.81;44.96;100.04;100.04;0.14;0.07243;0.07246;-3.049E-05;-11.401;-11.399;-99.990;0.50;89.93;
2026-01-07 13:39:39.65;0.00:00:53:107;0.00;0.00;1.00;0.07266;-5.866E-05;7.621E-05;0.07268;63.79;44.96;100.04;100.04;0.13;0.07266;0.07268;-2.681E-05;-11.387;-11.386;-99.990;0.50;89.94;
2026-01-07 13:39:39.71;0.00:00:53:167;0.00;0.00;1.00;0.0727;-6.071E-05;8.371E-05;0.07273;62.98;44.96;100.04;100.04;0.14;0.0727;0.07273;-2.777E-05;-11.384;-11.383;-99.990;0.50;89.93;
2026-01-07 13:39:39.76;0.00:00:53:214;0.00;0.00;1.00;0.07246;-5.369E-05;6.731E-05;0.07249;64.29;44.97;100.04;100.04;0.12;0.07246;0.07249;-2.826E-05;-11.399;-11.397;-99.990;0.50;89.95;
2026-01-07 13:39:39.81;0.00:00:53:260;0.00;0.00;1.00;0.07254;-5.418E-05;7.123E-05;0.07256;63.63;44.96;100.04;100.04;0.12;0.07254;0.07256;-2.546E-05;-11.394;-11.393;-99.990;0.50;89.94;
2026-01-07 13:39:39.86;0.00:00:53:310;0.00;0.00;1.00;0.07257;-5.38E-05;8.188E-05;0.0726;61.65;44.96;100.04;100.04;0.14;0.07257;0.0726;-2.954E-05;-11.392;-11.391;-99.990;0.50;89.94;
2026-01-07 13:39:39.92;0.00:00:53:370;0.00;0.00;1.00;0.07258;-5.754E-05;8.01E-05;0.07261;62.84;44.96;100.04;100.04;0.14;0.07258;0.07261;-2.983E-05;-11.392;-11.390;-99.990;0.50;89.94;
2026-01-07 13:39:39.96;0.00:00:53:417;0.00;0.00;1.00;0.07268;-5.825E-05;8.539E-05;0.07271;62.15;44.96;100.04;100.04;0.14;0.07268;0.07271;-3.045E-05;-11.386;-11.384;-99.990;0.50;89.93;
2026-01-07 13:39:40.01;0.00:00:53:463;0.00;0.00;1.00;0.07251;-4.878E-05;8.159E-05;0.07254;60.44;44.96;100.04;100.04;0.13;0.07251;0.07254;-2.69E-05;-11.396;-11.394;-99.990;0.50;89.94;
2026-01-07 13:39:40.06;0.00:00:53:512;0.00;0.00;1.00;0.07257;-5.971E-05;7.031E-05;0.0726;65.17;44.96;100.04;100.04;0.13;0.07257;0.0726;-2.925E-05;-11.392;-11.391;-99.990;0.50;89.94;
2026-01-07 13:39:40.12;0.00:00:53:572;0.00;0.00;1.00;0.07258;-6.345E-05;8.293E-05;0.07261;63.71;44.96;100.04;100.04;0.14;0.07258;0.07261;-2.613E-05;-11.392;-11.390;-99.990;0.50;89.93;
2026-01-07 13:39:40.17;0.00:00:53:619;0.00;0.00;1.00;0.07252;-5.549E-05;6.604E-05;0.07255;65.02;44.97;100.04;100.04;0.12;0.07252;0.07255;-2.843E-05;-11.395;-11.394;-99.990;0.50;89.95;
2026-01-07 13:39:40.23;0.00:00:53:684;0.00;0.00;1.00;0.07271;-6.515E-05;6.745E-05;0.07273;67.00;44.96;100.04;100.04;0.13;0.07271;0.07273;-2.836E-05;-11.384;-11.383;-99.990;0.50;89.95;
2026-01-07 13:39:40.29;0.00:00:53:743;0.00;0.00;1.00;0.07274;-6.219E-05;8.966E-05;0.07277;62.37;44.96;100.03;100.03;0.15;0.07274;0.07277;-2.43E-05;-11.382;-11.381;-99.990;0.50;89.93;
2026-01-07 13:39:40.34;0.00:00:53:789;0.00;0.00;1.00;0.07256;-6.376E-05;6.481E-05;0.07258;67.26;44.96;100.03;100.03;0.13;0.07256;0.07258;-2.336E-05;-11.393;-11.392;-99.990;0.50;89.95;
2026-01-07 13:39:40.38;0.00:00:53:836;0.00;0.00;1.00;0.07263;-6.381E-05;8.478E-05;0.07266;63.48;44.96;100.05;100.05;0.15;0.07263;0.07266;-3.355E-05;-11.389;-11.387;-99.990;0.50;89.93;
2026-01-07 13:39:40.43;0.00:00:53:885;0.00;0.00;1.00;0.07263;-5.652E-05;7.1E-05;0.07266;64.26;44.96;100.04;100.04;0.12;0.07263;0.07266;-2.985E-05;-11.389;-11.387;-99.990;0.50;89.94;
2026-01-07 13:39:40.49;0.00:00:53:945;0.00;0.00;1.00;0.0726;-5.938E-05;7.245E-05;0.07263;64.67;44.96;100.04;100.04;0.13;0.0726;0.07263;-3.042E-05;-11.391;-11.389;-99.990;0.50;89.94;
2026-01-07 13:39:40.54;0.00:00:53:991;0.00;0.00;1.00;0.07257;-5.322E-05;7.703E-05;0.0726;62.32;44.96;100.04;100.04;0.13;0.07257;0.0726;-2.953E-05;-11.393;-11.391;-99.990;0.50;89.94;
2026-01-07 13:39:40.58;0.00:00:54:038;0.00;0.00;1.00;0.07267;-5.123E-05;6.62E-05;0.0727;63.87;44.97;100.04;100.04;0.12;0.07267;0.0727;-3.205E-05;-11.386;-11.384;-99.990;0.50;89.95;
2026-01-07 13:39:40.63;0.00:00:54:087;0.00;0.00;1.00;0.07276;-5.422E-05;7.532E-05;0.0728;62.87;44.96;100.05;100.05;0.13;0.07276;0.0728;-3.427E-05;-11.381;-11.379;-99.990;0.50;89.94;
2026-01-07 13:39:40.69;0.00:00:54:146;0.00;0.00;1.00;0.07278;-5.802E-05;7.761E-05;0.07281;63.39;44.96;100.04;100.04;0.13;0.07278;0.07281;-2.991E-05;-11.380;-11.378;-99.990;0.50;89.94;
2026-01-07 13:39:40.74;0.00:00:54:194;0.00;0.00;1.00;0.07263;-4.952E-05;8.808E-05;0.07266;59.67;44.96;100.04;100.04;0.14;0.07263;0.07266;-3.203E-05;-11.389;-11.387;-99.990;0.50;89.93;
2026-01-07 13:39:40.78;0.00:00:54:239;0.00;0.00;1.00;0.07258;-4.936E-05;7.32E-05;0.07261;61.99;44.97;100.04;100.04;0.12;0.07258;0.07261;-3.092E-05;-11.392;-11.390;-99.990;0.50;89.94;
2026-01-07 13:39:40.83;0.00:00:54:288;0.00;0.00;1.00;0.0726;-6.923E-05;7.821E-05;0.07263;65.76;44.96;100.04;100.04;0.14;0.0726;0.07263;-2.585E-05;-11.390;-11.389;-99.990;0.50;89.94;
2026-01-07 13:39:40.89;0.00:00:54:348;0.00;0.00;1.00;0.07267;-6.43E-05;7.45E-05;0.0727;65.40;44.96;100.03;100.03;0.14;0.07267;0.0727;-2.42E-05;-11.386;-11.385;-99.990;0.50;89.94;
2026-01-07 13:39:40.94;0.00:00:54:395;0.00;0.00;1.00;0.07258;-5.83E-05;8.019E-05;0.07261;63.01;44.96;100.04;100.04;0.14;0.07258;0.07261;-2.685E-05;-11.392;-11.390;-99.990;0.50;89.94;
2026-01-07 13:39:40.99;0.00:00:54:441;0.00;0.00;1.00;0.07252;-5.668E-05;7.736E-05;0.07255;63.11;44.96;100.04;100.04;0.13;0.07252;0.07255;-2.966E-05;-11.395;-11.394;-99.990;0.50;89.94;
2026-01-07 13:39:41.04;0.00:00:54:490;0.00;0.00;1.00;0.07247;-5.148E-05;8.698E-05;0.0725;60.31;44.96;100.04;100.04;0.14;0.07247;0.0725;-2.776E-05;-11.398;-11.397;-99.990;0.50;89.93;
2026-01-07 13:39:41.10;0.00:00:54:549;0.00;0.00;1.00;0.07253;-5.638E-05;8.245E-05;0.07256;62.18;44.96;100.04;100.04;0.14;0.07253;0.07256;-3.039E-05;-11.395;-11.393;-99.990;0.50;89.93;
2026-01-07 13:39:41.14;0.00:00:54:595;0.00;0.00;1.00;0.07255;-5.971E-05;7.566E-05;0.07258;64.14;44.96;100.04;100.04;0.13;0.07255;0.07258;-2.634E-05;-11.393;-11.392;-99.990;0.50;89.94;
2026-01-07 13:39:41.19;0.00:00:54:642;0.00;0.00;1.00;0.07271;-6.296E-05;7.304E-05;0.07274;65.38;44.96;100.04;100.04;0.13;0.07271;0.07274;-2.741E-05;-11.384;-11.382;-99.990;0.50;89.94;
2026-01-07 13:39:41.25;0.00:00:54:704;0.00;0.00;1.00;0.07268;-6.447E-05;8.853E-05;0.07271;63.03;44.96;100.04;100.04;0.15;0.07268;0.07271;-2.631E-05;-11.386;-11.384;-99.990;0.50;89.93;
2026-01-07 13:39:41.30;0.00:00:54:749;0.00;0.00;1.00;0.07265;-5.102E-05;8.244E-05;0.07268;60.88;44.96;100.04;100.04;0.13;0.07265;0.07268;-3.269E-05;-11.388;-11.386;-99.990;0.50;89.94;
2026-01-07 13:39:41.34;0.00:00:54:797;0.00;0.00;1.00;0.07264;-5.791E-05;7.865E-05;0.07267;63.18;44.96;100.04;100.04;0.13;0.07264;0.07267;-3.116E-05;-11.388;-11.386;-99.990;0.50;89.94;
2026-01-07 13:39:41.39;0.00:00:54:844;0.00;0.00;1.00;0.07264;-5.628E-05;7.297E-05;0.07267;63.82;44.96;100.04;100.04;0.13;0.07264;0.07267;-2.891E-05;-11.388;-11.387;-99.990;0.50;89.94;
2026-01-07 13:39:41.44;0.00:00:54:892;0.00;0.00;1.00;0.07267;-6.021E-05;8.332E-05;0.07269;62.93;44.96;100.04;100.04;0.14;0.07267;0.07269;-2.587E-05;-11.387;-11.385;-99.990;0.50;89.93;
2026-01-07 13:39:41.48;0.00:00:54:938;0.00;0.00;1.00;0.07251;-5.405E-05;7.865E-05;0.07254;62.25;44.96;100.04;100.04;0.13;0.07251;0.07254;-2.596E-05;-11.396;-11.394;-99.990;0.50;89.94;
2026-01-07 13:39:41.53;0.00:00:54:986;0.00;0.00;1.00;0.07259;-5.743E-05;7.531E-05;0.07262;63.66;44.96;100.04;100.04;0.13;0.07259;0.07262;-3.012E-05;-11.391;-11.390;-99.990;0.50;89.94;
2026-01-07 13:39:41.58;0.00:00:55:031;0.00;0.00;1.00;0.07271;-6.167E-05;6.87E-05;0.07273;65.96;44.96;100.04;100.04;0.13;0.07271;0.07273;-2.647E-05;-11.384;-11.383;-99.990;0.50;89.95;
2026-01-07 13:39:41.63;0.00:00:55:084;0.00;0.00;1.00;0.07258;-6.056E-05;9.547E-05;0.07261;61.19;44.96;100.04;100.04;0.16;0.07258;0.07261;-2.693E-05;-11.392;-11.390;-99.990;0.50;89.92;
2026-01-07 13:39:41.68;0.00:00:55:136;0.00;0.00;1.00;0.07237;-5.21E-05;7.391E-05;0.0724;62.59;44.96;100.04;100.04;0.12;0.07237;0.0724;-2.591E-05;-11.404;-11.403;-99.990;0.50;89.94;
2026-01-07 13:39:41.73;0.00:00:55:186;0.00;0.00;1.00;0.07256;-6.014E-05;6.79E-05;0.07259;65.76;44.96;100.04;100.04;0.13;0.07256;0.07259;-3.055E-05;-11.393;-11.391;-99.990;0.50;89.95;
2026-01-07 13:39:41.78;0.00:00:55:238;0.00;0.00;1.00;0.07247;-6.437E-05;9.318E-05;0.07249;62.32;44.96;100.03;100.03;0.16;0.07247;0.07249;-2.428E-05;-11.399;-11.397;-99.990;0.50;89.93;
2026-01-07 13:39:41.83;0.00:00:55:288;0.00;0.00;1.00;0.07231;-5.238E-05;8.464E-05;0.07234;60.88;44.96;100.04;100.04;0.14;0.07231;0.07234;-2.943E-05;-11.408;-11.406;-99.990;0.50;89.93;
2026-01-07 13:39:41.88;0.00:00:55:338;0.00;0.00;1.00;0.07252;-5.237E-05;7.547E-05;0.07255;62.38;44.96;100.04;100.04;0.13;0.07252;0.07255;-2.937E-05;-11.395;-11.393;-99.990;0.50;89.94;
2026-01-07 13:39:41.94;0.00:00:55:392;0.00;0.00;1.00;0.07279;-5.332E-05;6.456E-05;0.07282;64.78;44.97;100.04;100.04;0.12;0.07279;0.07282;-2.635E-05;-11.379;-11.377;-99.990;0.50;89.95;
2026-01-07 13:39:41.99;0.00:00:55:441;0.00;0.00;1.00;0.07303;-9.284E-05;9.088E-05;0.07306;67.81;44.95;100.04;100.04;0.18;0.07303;0.07306;-2.812E-05;-11.365;-11.363;-99.990;0.50;89.93;
2026-01-07 13:39:42.04;0.00:00:55:492;0.00;0.00;1.00;0.07276;-5.871E-05;0.0001;0.07279;60.21;44.95;100.04;100.04;0.16;0.07276;0.07279;-2.845E-05;-11.381;-11.379;-99.990;0.50;89.92;
2026-01-07 13:39:42.09;0.00:00:55:543;0.00;0.00;1.00;0.07271;-5.496E-05;6.954E-05;0.07274;64.16;44.97;100.04;100.04;0.12;0.07271;0.07274;-3.076E-05;-11.384;-11.382;-99.990;0.50;89.95;
2026-01-07 13:39:42.14;0.00:00:55:593;0.00;0.00;1.00;0.07268;-5.716E-05;8.691E-05;0.07271;61.67;44.96;100.04;100.04;0.14;0.07268;0.07271;-2.638E-05;-11.386;-11.384;-99.990;0.50;89.93;
2026-01-07 13:39:42.19;0.00:00:55:646;0.00;0.00;1.00;0.07264;-5.21E-05;8.563E-05;0.07267;60.66;44.96;100.04;100.04;0.14;0.07264;0.07267;-3.138E-05;-11.388;-11.386;-99.990;0.50;89.93;
2026-01-07 13:39:42.24;0.00:00:55:696;0.00;0.00;1.00;0.07245;-5.164E-05;8.121E-05;0.07248;61.23;44.96;100.04;100.04;0.13;0.07245;0.07248;-2.637E-05;-11.399;-11.398;-99.990;0.50;89.94;
2026-01-07 13:39:42.29;0.00:00:55:748;0.00;0.00;1.00;0.07248;-5.373E-05;7.526E-05;0.07251;62.76;44.96;100.03;100.03;0.13;0.07248;0.07251;-2.486E-05;-11.398;-11.396;-99.990;0.50;89.94;
2026-01-07 13:39:42.34;0.00:00:55:797;0.00;0.00;1.00;0.07259;-5.874E-05;7.518E-05;0.07262;64.00;44.96;100.04;100.04;0.13;0.07259;0.07262;-2.918E-05;-11.391;-11.389;-99.990;0.50;89.94;
2026-01-07 13:39:42.40;0.00:00:55:849;0.00;0.00;1.00;0.0727;-5.92E-05;7.369E-05;0.07273;64.39;44.96;100.04;100.04;0.13;0.0727;0.07273;-2.559E-05;-11.385;-11.383;-99.990;0.50;89.94;
2026-01-07 13:39:42.45;0.00:00:55:900;0.00;0.00;1.00;0.07277;-6.569E-05;7.388E-05;0.07279;65.82;44.96;100.04;100.04;0.14;0.07277;0.07279;-2.627E-05;-11.381;-11.379;-99.990;0.50;89.94;
2026-01-07 13:39:42.50;0.00:00:55:952;0.00;0.00;1.00;0.07268;-5.429E-05;5.676E-05;0.0727;66.86;44.97;100.04;100.04;0.11;0.07268;0.0727;-2.834E-05;-11.386;-11.384;-99.990;0.50;89.96;
2026-01-07 13:39:42.55;0.00:00:56:003;0.00;0.00;1.00;0.07276;-4.926E-05;7.908E-05;0.07279;60.96;44.96;100.04;100.04;0.13;0.07276;0.07279;-2.881E-05;-11.381;-11.379;-99.990;0.50;89.94;
2026-01-07 13:39:42.60;0.00:00:56:055;0.00;0.00;1.00;0.07279;-6.204E-05;8.795E-05;0.07281;62.60;44.96;100.04;100.04;0.15;0.07279;0.07281;-2.773E-05;-11.379;-11.378;-99.990;0.50;89.93;
2026-01-07 13:39:42.65;0.00:00:56:106;0.00;0.00;1.00;0.07266;-5.808E-05;7.939E-05;0.07269;63.09;44.96;100.03;100.03;0.14;0.07266;0.07269;-2.507E-05;-11.387;-11.385;-99.990;0.50;89.94;
2026-01-07 13:39:42.70;0.00:00:56:157;0.00;0.00;1.00;0.07258;-6.568E-05;8.696E-05;0.07261;63.53;44.96;100.03;100.03;0.15;0.07258;0.07261;-2.337E-05;-11.392;-11.390;-99.990;0.50;89.93;
2026-01-07 13:39:42.75;0.00:00:56:205;0.00;0.00;1.00;0.07252;-6.002E-05;7.54E-05;0.07254;64.26;44.96;100.04;100.04;0.13;0.07252;0.07254;-2.596E-05;-11.395;-11.394;-99.990;0.50;89.94;
2026-01-07 13:39:42.80;0.00:00:56:258;0.00;0.00;1.00;0.07286;-5.832E-05;7.322E-05;0.07289;64.27;44.96;100.04;100.04;0.13;0.07286;0.07289;-2.754E-05;-11.375;-11.373;-99.990;0.50;89.94;
2026-01-07 13:39:42.86;0.00:00:56:310;0.00;0.00;1.00;0.07272;-5.648E-05;8.32E-05;0.07275;62.09;44.96;100.04;100.04;0.14;0.07272;0.07275;-2.596E-05;-11.383;-11.382;-99.990;0.50;89.93;
2026-01-07 13:39:42.91;0.00:00:56:363;0.00;0.00;1.00;0.07271;-7.152E-05;7.27E-05;0.07274;67.27;44.96;100.04;100.04;0.14;0.07271;0.07274;-2.843E-05;-11.384;-11.382;-99.990;0.50;89.94;
2026-01-07 13:39:42.96;0.00:00:56:413;0.00;0.00;1.00;0.07265;-5.7E-05;7.881E-05;0.07268;62.94;44.96;100.04;100.04;0.13;0.07265;0.07268;-2.572E-05;-11.388;-11.386;-99.990;0.50;89.94;
2026-01-07 13:39:43.01;0.00:00:56:464;0.00;0.00;1.00;0.07248;-5.999E-05;5.765E-05;0.0725;68.07;44.97;100.03;100.03;0.11;0.07248;0.0725;-2.24E-05;-11.398;-11.397;-99.990;0.50;89.95;
2026-01-07 13:39:43.06;0.00:00:56:516;0.00;0.00;1.00;0.07259;-5.857E-05;7.359E-05;0.07261;64.26;44.96;100.03;100.03;0.13;0.07259;0.07261;-2.512E-05;-11.391;-11.390;-99.990;0.50;89.94;
2026-01-07 13:39:43.11;0.00:00:56:566;0.00;0.00;1.00;0.07246;-5.505E-05;7.536E-05;0.07249;63.07;44.96;100.04;100.04;0.13;0.07246;0.07249;-2.956E-05;-11.399;-11.397;-99.990;0.50;89.94;
2026-01-07 13:39:43.17;0.00:00:56:619;0.00;0.00;1.00;0.07251;-5.602E-05;7.672E-05;0.07253;63.07;44.96;100.04;100.04;0.13;0.07251;0.07253;-2.726E-05;-11.396;-11.395;-99.990;0.50;89.94;
2026-01-07 13:39:43.21;0.00:00:56:668;0.00;0.00;1.00;0.0727;-5.787E-05;7.397E-05;0.07272;64.02;44.96;100.03;100.03;0.13;0.0727;0.07272;-2.406E-05;-11.385;-11.383;-99.990;0.50;89.94;
2026-01-07 13:39:43.27;0.00:00:56:720;0.00;0.00;1.00;0.07274;-5.893E-05;7.077E-05;0.07277;64.89;44.96;100.03;100.03;0.13;0.07274;0.07277;-2.517E-05;-11.382;-11.381;-99.990;0.50;89.94;
2026-01-07 13:39:43.32;0.00:00:56:772;0.00;0.00;1.00;0.0726;-5.995E-05;7.819E-05;0.07263;63.74;44.96;100.04;100.04;0.14;0.0726;0.07263;-2.766E-05;-11.391;-11.389;-99.990;0.50;89.94;
2026-01-07 13:39:43.37;0.00:00:56:825;0.00;0.00;1.00;0.07264;-5.912E-05;7.329E-05;0.07267;64.45;44.96;100.04;100.04;0.13;0.07264;0.07267;-2.601E-05;-11.388;-11.386;-99.990;0.50;89.94;
2026-01-07 13:39:43.42;0.00:00:56:875;0.00;0.00;1.00;0.07311;-6.297E-05;4.182E-05;0.07314;73.21;44.97;100.04;100.04;0.10;0.07311;0.07314;-2.786E-05;-11.360;-11.358;-99.990;0.50;89.97;
2026-01-07 13:39:43.47;0.00:00:56:924;0.00;0.00;1.00;0.07303;-6.151E-05;0.0001004;0.07305;60.74;44.95;100.04;100.04;0.16;0.07303;0.07305;-2.6E-05;-11.365;-11.364;-99.990;0.50;89.92;
2026-01-07 13:39:43.52;0.00:00:56:976;0.00;0.00;1.00;0.07303;-5.83E-05;5.22E-05;0.07306;69.08;44.97;100.04;100.04;0.11;0.07303;0.07306;-2.855E-05;-11.365;-11.363;-99.990;0.50;89.96;
2026-01-07 13:39:43.58;0.00:00:57:033;0.00;0.00;1.00;0.07347;-6.717E-05;8.37E-05;0.0735;64.37;44.96;100.04;100.04;0.15;0.07347;0.0735;-3.225E-05;-11.339;-11.337;-99.990;0.50;89.93;
2026-01-07 13:39:43.63;0.00:00:57:085;0.00;0.00;1.00;0.07294;-6.082E-05;0.0001117;0.07297;59.28;44.95;100.04;100.04;0.17;0.07294;0.07297;-2.969E-05;-11.371;-11.369;-99.990;0.50;89.91;
2026-01-07 13:39:43.68;0.00:00:57:136;0.00;0.00;1.00;0.07237;-6.236E-05;8.041E-05;0.0724;63.90;44.96;100.04;100.04;0.14;0.07237;0.0724;-2.96E-05;-11.405;-11.403;-99.990;0.50;89.94;
2026-01-07 13:39:43.74;0.00:00:57:189;0.00;0.00;1.00;0.07224;-5.34E-05;7.487E-05;0.07227;62.75;44.96;100.04;100.04;0.13;0.07224;0.07227;-2.861E-05;-11.412;-11.410;-99.990;0.50;89.94;
2026-01-07 13:39:43.79;0.00:00:57:241;0.00;0.00;1.00;0.07246;-5.857E-05;5.643E-05;0.07249;68.03;44.97;100.04;100.04;0.11;0.07246;0.07249;-2.565E-05;-11.399;-11.397;-99.990;0.50;89.96;
2026-01-07 13:39:43.84;0.00:00:57:292;0.00;0.00;1.00;0.07267;-6.175E-05;8.575E-05;0.0727;62.88;44.96;100.04;100.04;0.15;0.07267;0.0727;-2.972E-05;-11.386;-11.385;-99.990;0.50;89.93;
2026-01-07 13:39:43.89;0.00:00:57:341;0.00;0.00;1.00;0.07234;-5.619E-05;5.771E-05;0.07236;67.12;44.97;100.03;100.03;0.11;0.07234;0.07236;-2.214E-05;-11.406;-11.405;-99.990;0.50;89.95;
2026-01-07 13:39:43.94;0.00:00:57:392;0.00;0.00;1.00;0.07264;-5.934E-05;7.163E-05;0.07266;64.82;44.96;100.03;100.03;0.13;0.07264;0.07266;-2.375E-05;-11.388;-11.387;-99.990;0.50;89.94;
2026-01-07 13:39:43.99;0.00:00:57:443;0.00;0.00;1.00;0.07251;-6.336E-05;7.771E-05;0.07253;64.59;44.96;100.04;100.04;0.14;0.07251;0.07253;-2.668E-05;-11.396;-11.395;-99.990;0.50;89.94;
2026-01-07 13:39:44.04;0.00:00:57:494;0.00;0.00;1.00;0.07256;-5.235E-05;7.98E-05;0.07259;61.63;44.96;100.04;100.04;0.13;0.07256;0.07259;-2.837E-05;-11.393;-11.391;-99.990;0.50;89.94;
2026-01-07 13:39:44.10;0.00:00:57:556;0.00;0.00;1.00;0.07263;-5.997E-05;8.621E-05;0.07265;62.41;44.96;100.04;100.04;0.14;0.07263;0.07265;-2.607E-05;-11.389;-11.388;-99.990;0.50;89.93;
2026-01-07 13:39:44.15;0.00:00:57:606;0.00;0.00;1.00;0.07259;-6.054E-05;6.651E-05;0.07261;66.15;44.96;100.04;100.04;0.12;0.07259;0.07261;-2.642E-05;-11.391;-11.390;-99.990;0.50;89.95;
2026-01-07 13:39:44.21;0.00:00:57:659;0.00;0.00;1.00;0.07268;-5.296E-05;7.207E-05;0.0727;63.16;44.96;100.04;100.04;0.12;0.07268;0.0727;-2.696E-05;-11.386;-11.384;-99.990;0.50;89.94;
2026-01-07 13:39:44.26;0.00:00:57:710;0.00;0.00;1.00;0.07289;-6.037E-05;6.93E-05;0.07292;65.53;44.96;100.04;100.04;0.13;0.07289;0.07292;-2.879E-05;-11.373;-11.371;-99.990;0.50;89.95;
2026-01-07 13:39:44.31;0.00:00:57:760;0.00;0.00;1.00;0.07295;-5.849E-05;8.393E-05;0.07298;62.44;44.96;100.04;100.04;0.14;0.07295;0.07298;-2.874E-05;-11.370;-11.368;-99.990;0.50;89.93;
2026-01-07 13:39:44.36;0.00:00:57:812;0.00;0.00;1.00;0.07287;-5.741E-05;8.408E-05;0.0729;62.16;44.96;100.04;100.04;0.14;0.07287;0.0729;-3.032E-05;-11.374;-11.373;-99.990;0.50;89.93;
2026-01-07 13:39:44.41;0.00:00:57:862;0.00;0.00;1.00;0.07274;-6.011E-05;8.772E-05;0.07277;62.21;44.96;100.04;100.04;0.15;0.07274;0.07277;-2.633E-05;-11.382;-11.381;-99.990;0.50;89.93;
2026-01-07 13:39:44.46;0.00:00:57:913;0.00;0.00;1.00;0.07258;-5.442E-05;8.295E-05;0.07261;61.63;44.96;100.04;100.04;0.14;0.07258;0.07261;-2.744E-05;-11.392;-11.390;-99.990;0.50;89.93;
2026-01-07 13:39:44.51;0.00:00:57:966;0.00;0.00;1.00;0.07272;-5.471E-05;5.4E-05;0.07275;67.69;44.97;100.04;100.04;0.11;0.07272;0.07275;-3.069E-05;-11.383;-11.381;-99.990;0.50;89.96;
2026-01-07 13:39:44.56;0.00:00:58:015;0.00;0.00;1.00;0.07274;-5.765E-05;8.279E-05;0.07277;62.43;44.96;100.04;100.04;0.14;0.07274;0.07277;-2.859E-05;-11.382;-11.380;-99.990;0.50;89.93;
2026-01-07 13:39:44.61;0.00:00:58:068;0.00;0.00;1.00;0.07264;-6.067E-05;7.784E-05;0.07267;63.97;44.96;100.04;100.04;0.14;0.07264;0.07267;-2.71E-05;-11.388;-11.387;-99.990;0.50;89.94;
2026-01-07 13:39:44.67;0.00:00:58:119;0.00;0.00;1.00;0.07258;-5.431E-05;7.692E-05;0.07261;62.61;44.96;100.04;100.04;0.13;0.07258;0.07261;-3.201E-05;-11.392;-11.390;-99.990;0.50;89.94;
2026-01-07 13:39:44.72;0.00:00:58:169;0.00;0.00;1.00;0.0725;-5.77E-05;9.475E-05;0.07252;60.67;44.96;100.04;100.04;0.15;0.0725;0.07252;-2.632E-05;-11.397;-11.395;-99.990;0.50;89.93;
2026-01-07 13:39:44.78;0.00:00:58:230;0.00;0.00;1.00;0.07283;-5.976E-05;6.887E-05;0.07286;65.47;44.96;100.04;100.04;0.13;0.07283;0.07286;-2.986E-05;-11.377;-11.375;-99.990;0.50;89.95;
2026-01-07 13:39:44.83;0.00:00:58:280;0.00;0.00;1.00;0.07315;-4.906E-05;0.0001211;0.07318;56.03;44.95;100.04;100.04;0.18;0.07315;0.07318;-2.948E-05;-11.358;-11.356;-99.990;0.50;89.91;
2026-01-07 13:39:44.88;0.00:00:58:332;0.00;0.00;1.00;0.07282;-5.896E-05;7.76E-05;0.07284;63.61;44.96;100.04;100.04;0.13;0.07282;0.07284;-2.629E-05;-11.378;-11.376;-99.990;0.50;89.94;
2026-01-07 13:39:44.93;0.00:00:58:383;0.00;0.00;1.00;0.07317;-6.209E-05;6.749E-05;0.0732;66.31;44.96;100.04;100.04;0.13;0.07317;0.0732;-2.751E-05;-11.357;-11.355;-99.990;0.50;89.95;
2026-01-07 13:39:44.98;0.00:00:58:434;0.00;0.00;1.00;0.07303;-5.9E-05;9.577E-05;0.07306;60.82;44.96;100.04;100.04;0.15;0.07303;0.07306;-2.994E-05;-11.365;-11.363;-99.990;0.50;89.92;
2026-01-07 13:39:45.03;0.00:00:58:488;0.00;0.00;1.00;0.07291;-6.31E-05;6.377E-05;0.07294;67.35;44.96;100.03;100.03;0.12;0.07291;0.07294;-2.392E-05;-11.372;-11.370;-99.990;0.50;89.95;
2026-01-07 13:39:45.08;0.00:00:58:538;0.00;0.00;1.00;0.07284;-5.992E-05;8.638E-05;0.07287;62.37;44.96;100.03;100.03;0.14;0.07284;0.07287;-2.404E-05;-11.376;-11.375;-99.990;0.50;89.93;
2026-01-07 13:39:45.13;0.00:00:58:588;0.00;0.00;1.00;0.07268;-4.89E-05;7.852E-05;0.0727;60.96;44.96;100.04;100.04;0.13;0.07268;0.0727;-2.929E-05;-11.386;-11.384;-99.990;0.50;89.94;
2026-01-07 13:39:45.19;0.00:00:58:640;0.00;0.00;1.00;0.07263;-6.262E-05;7.933E-05;0.07265;64.14;44.96;100.03;100.03;0.14;0.07263;0.07265;-2.448E-05;-11.389;-11.387;-99.990;0.50;89.94;
2026-01-07 13:39:45.24;0.00:00:58:690;0.00;0.00;1.00;0.07265;-6.064E-05;6.603E-05;0.07268;66.28;44.96;100.04;100.04;0.12;0.07265;0.07268;-2.753E-05;-11.388;-11.386;-99.990;0.50;89.95;
2026-01-07 13:39:45.29;0.00:00:58:743;0.00;0.00;1.00;0.07268;-5.946E-05;8.54E-05;0.07271;62.42;44.96;100.04;100.04;0.14;0.07268;0.07271;-2.936E-05;-11.386;-11.384;-99.990;0.50;89.93;
2026-01-07 13:39:45.34;0.00:00:58:793;0.00;0.00;1.00;0.07285;-6.025E-05;9.2E-05;0.07288;61.61;44.96;100.04;100.04;0.15;0.07285;0.07288;-2.848E-05;-11.376;-11.374;-99.990;0.50;89.93;
2026-01-07 13:39:45.39;0.00:00:58:846;0.00;0.00;1.00;0.07281;-5.797E-05;8.071E-05;0.07284;62.84;44.96;100.03;100.03;0.14;0.07281;0.07284;-2.425E-05;-11.378;-11.376;-99.990;0.50;89.94;
2026-01-07 13:39:45.44;0.00:00:58:897;0.00;0.00;1.00;0.07284;-6.448E-05;8.736E-05;0.07287;63.21;44.96;100.04;100.04;0.15;0.07284;0.07287;-2.819E-05;-11.376;-11.375;-99.990;0.50;89.93;
2026-01-07 13:39:45.49;0.00:00:58:947;0.00;0.00;1.00;0.07259;-5.701E-05;0.0001018;0.07261;59.63;44.95;100.03;100.03;0.16;0.07259;0.07261;-2.533E-05;-11.391;-11.390;-99.990;0.50;89.92;
2026-01-07 13:39:45.54;0.00:00:58:998;0.00;0.00;1.00;0.0728;-7.284E-05;6.819E-05;0.07282;68.44;44.96;100.04;100.04;0.14;0.0728;0.07282;-2.774E-05;-11.379;-11.377;-99.990;0.50;89.95;
2026-01-07 13:39:45.60;0.00:00:59:051;0.00;0.00;1.00;0.07277;-5.109E-05;6.315E-05;0.0728;64.49;44.97;100.04;100.04;0.11;0.07277;0.0728;-2.591E-05;-11.380;-11.379;-99.990;0.50;89.95;
2026-01-07 13:39:45.64;0.00:00:59:099;0.00;0.00;1.00;0.07269;-4.665E-05;8.696E-05;0.07272;59.11;44.96;100.04;100.04;0.14;0.07269;0.07272;-3.256E-05;-11.385;-11.383;-99.990;0.50;89.93;
2026-01-07 13:39:45.69;0.00:00:59:146;0.00;0.00;1.00;0.07264;-5.664E-05;8E-05;0.07266;62.65;44.96;100.04;100.03;0.13;0.07264;0.07266;-2.542E-05;-11.388;-11.387;-99.990;0.50;89.94;
2026-01-07 13:39:45.74;0.00:00:59:194;0.00;0.00;1.00;0.07268;-5.909E-05;7.79E-05;0.07271;63.59;44.96;100.03;100.03;0.13;0.07268;0.07271;-2.515E-05;-11.386;-11.384;-99.990;0.50;89.94;
2026-01-07 13:39:45.79;0.00:00:59:241;0.00;0.00;1.00;0.07273;-5.88E-05;6.391E-05;0.07276;66.31;44.97;100.04;100.04;0.12;0.07273;0.07276;-3.098E-05;-11.383;-11.381;-99.990;0.50;89.95;
2026-01-07 13:39:45.83;0.00:00:59:287;0.00;0.00;1.00;0.07273;-4.663E-05;0.0001004;0.07276;57.46;44.96;100.04;100.04;0.15;0.07273;0.07276;-3.149E-05;-11.383;-11.381;-99.990;0.50;89.92;
2026-01-07 13:39:45.88;0.00:00:59:334;0.00;0.00;1.00;0.07264;-6.356E-05;8.358E-05;0.07267;63.63;44.96;100.03;100.03;0.14;0.07264;0.07267;-2.463E-05;-11.388;-11.387;-99.990;0.50;89.93;
2026-01-07 13:39:45.94;0.00:00:59:396;0.00;0.00;1.00;0.0725;-5.213E-05;7.659E-05;0.07253;62.12;44.96;100.04;100.04;0.13;0.0725;0.07253;-2.857E-05;-11.396;-11.395;-99.990;0.50;89.94;
2026-01-07 13:39:45.99;0.00:00:59:444;0.00;0.00;1.00;0.07254;-5.678E-05;8.6E-05;0.07257;61.72;44.96;100.04;100.04;0.14;0.07254;0.07257;-2.945E-05;-11.394;-11.393;-99.990;0.50;89.93;
2026-01-07 13:39:46.04;0.00:00:59:490;0.00;0.00;1.00;0.07257;-6.57E-05;7.973E-05;0.0726;64.75;44.96;100.04;100.04;0.14;0.07257;0.0726;-2.845E-05;-11.392;-11.391;-99.990;0.50;89.94;
2026-01-07 13:39:46.08;0.00:00:59:536;0.00;0.00;1.00;0.07267;-5.773E-05;7.596E-05;0.0727;63.62;44.96;100.04;100.04;0.13;0.07267;0.0727;-3.03E-05;-11.387;-11.385;-99.990;0.50;89.94;
2026-01-07 13:39:46.13;0.00:00:59:582;0.00;0.00;1.00;0.07269;-6.021E-05;8.039E-05;0.07272;63.42;44.96;100.04;100.04;0.14;0.07269;0.07272;-3.046E-05;-11.385;-11.383;-99.990;0.50;89.94;
2026-01-07 13:39:46.18;0.00:00:59:632;0.00;0.00;1.00;0.07263;-6.618E-05;7.504E-05;0.07266;65.71;44.96;100.03;100.03;0.14;0.07263;0.07266;-2.52E-05;-11.389;-11.387;-99.990;0.50;89.94;
2026-01-07 13:39:46.24;0.00:00:59:692;0.00;0.00;1.00;0.07249;-6.07E-05;8.039E-05;0.07251;63.53;44.96;100.04;100.04;0.14;0.07249;0.07251;-2.689E-05;-11.397;-11.396;-99.990;0.50;89.94;
2026-01-07 13:39:46.28;0.00:00:59:738;0.00;0.00;1.00;0.07252;-5.285E-05;6.838E-05;0.07254;63.85;44.97;100.04;100.04;0.12;0.07252;0.07254;-2.69E-05;-11.396;-11.394;-99.990;0.50;89.95;
2026-01-07 13:39:46.33;0.00:00:59:785;0.00;0.00;1.00;0.07262;-6.71E-05;7.788E-05;0.07264;65.38;44.96;100.03;100.03;0.14;0.07262;0.07264;-2.527E-05;-11.390;-11.388;-99.990;0.50;89.94;
2026-01-07 13:39:46.38;0.00:00:59:834;0.00;0.00;1.00;0.07255;-5.402E-05;7.72E-05;0.07257;62.49;44.96;100.04;100.04;0.13;0.07255;0.07257;-2.626E-05;-11.394;-11.392;-99.990;0.50;89.94;
2026-01-07 13:39:46.44;0.00:00:59:895;0.00;0.00;1.00;0.07245;-5.983E-05;8.387E-05;0.07248;62.75;44.96;100.04;100.04;0.14;0.07245;0.07248;-2.854E-05;-11.400;-11.398;-99.990;0.50;89.93;
2026-01-07 13:39:46.49;0.00:00:59:941;0.00;0.00;1.00;0.07242;-5.465E-05;7.704E-05;0.07245;62.68;44.96;100.04;100.04;0.13;0.07242;0.07245;-3.194E-05;-11.402;-11.400;-99.990;0.50;89.94;
2026-01-07 13:39:46.53;0.00:00:59:988;0.00;0.00;1.00;0.07241;-4.785E-05;7.445E-05;0.07244;61.36;44.97;100.04;100.04;0.12;0.07241;0.07244;-3.099E-05;-11.402;-11.400;-99.990;0.50;89.94;
