Time[date hh:mm:ss] ; Elapsed Time [hh:mm:ss:ms]; Normalized s 1 ; Normalized s 2 ; Normalized s 3 ; S 0 [mW]; S 1 [mW]; S 2 [mW]; S 3 [mW]; Azimuth[°] ; Ellipticity[°] ; DOP[%] ; DOCP[%] ; DOLP[%] ; Power[mW] ; Pol Power[mW] ; Unpol Power[mW] ; Power[dBm] ; Pol Power[dBm] ; Unpol Power[dBm] ; Power-Split-Ratio ; Phase Difference[°] ; Warning
2025-11-03 15:17:53.70;0.00:00:00:077;-1.00;0.00;0.00;0.07205;-0.07208;-0.0002563;-0.0001733;-89.90;-0.07;100.03;0.24;100.03;0.07205;0.07208;-2.385E-05;-11.424;-11.422;-99.990;0.00;-145.94;
2025-11-03 15:17:53.76;0.00:00:00:138;-1.00;0.00;0.00;0.07207;-0.07209;-0.0002576;-0.0001751;-89.90;-0.07;100.03;0.24;100.03;0.07207;0.0721;-2.328E-05;-11.422;-11.421;-99.990;0.00;-145.79;
2025-11-03 15:17:53.81;0.00:00:00:185;-1.00;0.00;0.00;0.07213;-0.07216;-0.0002575;-0.0001802;-89.90;-0.07;100.04;0.25;100.04;0.07213;0.07216;-2.979E-05;-11.419;-11.417;-99.990;0.00;-145.02;
2025-11-03 15:17:53.85;0.00:00:00:231;-1.00;0.00;0.00;0.07221;-0.07223;-0.0002591;-0.0001695;-89.90;-0.07;100.03;0.23;100.03;0.07221;0.07223;-2.361E-05;-11.414;-11.413;-99.990;0.00;-146.80;
2025-11-03 15:17:53.90;0.00:00:00:277;-1.00;0.00;0.00;0.07221;-0.07223;-0.0002543;-0.0001775;-89.90;-0.07;100.03;0.25;100.03;0.07221;0.07223;-2.491E-05;-11.414;-11.413;-99.990;0.00;-145.08;
2025-11-03 15:17:53.95;0.00:00:00:326;-1.00;0.00;0.00;0.07229;-0.07231;-0.000275;-0.0001734;-89.89;-0.07;100.03;0.24;100.03;0.07229;0.07231;-2.14E-05;-11.409;-11.408;-99.990;0.00;-147.76;
2025-11-03 15:17:54.00;0.00:00:00:373;-1.00;0.00;0.00;0.07219;-0.07222;-0.0002502;-0.0001788;-89.90;-0.07;100.04;0.25;100.04;0.07219;0.07222;-2.7E-05;-11.415;-11.414;-99.990;0.00;-144.45;
2025-11-03 15:17:54.04;0.00:00:00:420;-1.00;0.00;0.00;0.07232;-0.07234;-0.0002611;-0.0001804;-89.90;-0.07;100.04;0.25;100.04;0.07232;0.07234;-2.668E-05;-11.408;-11.406;-99.990;0.00;-145.36;
2025-11-03 15:17:54.09;0.00:00:00:468;-1.00;0.00;0.00;0.07224;-0.07226;-0.0002684;-0.0001675;-89.89;-0.07;100.03;0.23;100.03;0.07224;0.07226;-2.29E-05;-11.412;-11.411;-99.990;0.00;-148.03;
2025-11-03 15:17:54.14;0.00:00:00:514;-1.00;0.00;0.00;0.07222;-0.07224;-0.0002565;-0.0001725;-89.90;-0.07;100.04;0.24;100.04;0.07222;0.07224;-2.578E-05;-11.414;-11.412;-99.990;0.00;-146.08;
2025-11-03 15:17:54.19;0.00:00:00:561;-1.00;0.00;0.00;0.07232;-0.07234;-0.0002508;-0.0001754;-89.90;-0.07;100.04;0.24;100.03;0.07232;0.07235;-2.546E-05;-11.407;-11.406;-99.990;0.00;-145.04;
2025-11-03 15:17:54.23;0.00:00:00:608;-1.00;0.00;0.00;0.07229;-0.07232;-0.0002617;-0.000169;-89.90;-0.07;100.03;0.23;100.03;0.07229;0.07232;-2.422E-05;-11.409;-11.408;-99.990;0.00;-147.14;
2025-11-03 15:17:54.28;0.00:00:00:656;-1.00;0.00;0.00;0.07237;-0.07239;-0.0002521;-0.000178;-89.90;-0.07;100.03;0.25;100.03;0.07237;0.07239;-2.432E-05;-11.404;-11.403;-99.990;0.00;-144.77;
2025-11-03 15:17:54.33;0.00:00:00:702;-1.00;0.00;0.00;0.0724;-0.07242;-0.0002651;-0.0001743;-89.90;-0.07;100.04;0.24;100.03;0.0724;0.07242;-2.548E-05;-11.403;-11.401;-99.990;0.00;-146.68;
2025-11-03 15:17:54.37;0.00:00:00:750;-1.00;0.00;0.00;0.07235;-0.07238;-0.0002564;-0.0001749;-89.90;-0.07;100.04;0.24;100.04;0.07235;0.07238;-2.684E-05;-11.406;-11.404;-99.990;0.00;-145.70;
2025-11-03 15:17:54.42;0.00:00:00:796;-1.00;0.00;0.00;0.07234;-0.07236;-0.0002633;-0.0001744;-89.90;-0.07;100.03;0.24;100.03;0.07234;0.07236;-2.416E-05;-11.406;-11.405;-99.990;0.00;-146.47;
2025-11-03 15:17:54.47;0.00:00:00:843;-1.00;0.00;0.00;0.0723;-0.07232;-0.000265;-0.0001853;-89.90;-0.07;100.04;0.26;100.03;0.0723;0.07232;-2.53E-05;-11.409;-11.407;-99.990;0.00;-145.04;
2025-11-03 15:17:54.51;0.00:00:00:890;-1.00;0.00;0.00;0.07225;-0.07228;-0.0002679;-0.0001643;-89.89;-0.07;100.03;0.23;100.03;0.07225;0.07228;-2.42E-05;-11.411;-11.410;-99.990;0.00;-148.48;
2025-11-03 15:17:54.56;0.00:00:00:937;-1.00;0.00;0.00;0.07223;-0.07226;-0.0002483;-0.0001721;-89.90;-0.07;100.04;0.24;100.04;0.07223;0.07226;-2.571E-05;-11.413;-11.411;-99.990;0.00;-145.28;
2025-11-03 15:17:54.61;0.00:00:00:983;-1.00;0.00;0.00;0.07231;-0.07234;-0.0002425;-0.0001712;-89.90;-0.07;100.04;0.24;100.04;0.07231;0.07234;-2.719E-05;-11.408;-11.406;-99.990;0.00;-144.77;
2025-11-03 15:17:54.65;0.00:00:01:030;-1.00;0.00;0.00;0.07249;-0.07251;-0.0002608;-0.0001755;-89.90;-0.07;100.03;0.24;100.03;0.07249;0.07251;-2.218E-05;-11.397;-11.396;-99.990;0.00;-146.06;
2025-11-03 15:17:54.70;0.00:00:01:077;-1.00;0.00;0.00;0.07244;-0.07246;-0.0002741;-0.0001713;-89.89;-0.07;100.03;0.24;100.03;0.07244;0.07246;-2.304E-05;-11.400;-11.399;-99.990;0.00;-147.99;
2025-11-03 15:17:54.75;0.00:00:01:123;-1.00;0.00;0.00;0.07216;-0.07218;-0.0002744;-0.0001708;-89.89;-0.07;100.03;0.24;100.03;0.07216;0.07219;-2.136E-05;-11.417;-11.416;-99.990;0.00;-148.10;
2025-11-03 15:17:54.79;0.00:00:01:171;-1.00;0.00;0.00;0.07212;-0.07214;-0.0002517;-0.0001743;-89.90;-0.07;100.04;0.24;100.04;0.07212;0.07214;-2.676E-05;-11.420;-11.418;-99.990;0.00;-145.30;
2025-11-03 15:17:54.84;0.00:00:01:218;-1.00;0.00;0.00;0.07221;-0.07223;-0.0002586;-0.0001724;-89.90;-0.07;100.04;0.24;100.04;0.07221;0.07223;-2.563E-05;-11.414;-11.413;-99.990;0.00;-146.31;
2025-11-03 15:17:54.89;0.00:00:01:265;-1.00;0.00;0.00;0.07226;-0.07229;-0.0002593;-0.0001675;-89.90;-0.07;100.04;0.23;100.04;0.07226;0.07229;-2.638E-05;-11.411;-11.409;-99.990;0.00;-147.13;
2025-11-03 15:17:54.94;0.00:00:01:312;-1.00;0.00;0.00;0.07235;-0.07237;-0.0002489;-0.0001743;-89.90;-0.07;100.03;0.24;100.03;0.07235;0.07237;-2.496E-05;-11.406;-11.404;-99.990;0.00;-144.99;
2025-11-03 15:17:54.98;0.00:00:01:358;-1.00;0.00;0.00;0.07242;-0.07245;-0.0002649;-0.0001699;-89.90;-0.07;100.03;0.23;100.03;0.07242;0.07245;-2.223E-05;-11.401;-11.400;-99.990;0.00;-147.33;
2025-11-03 15:17:55.03;0.00:00:01:405;-1.00;0.00;0.00;0.0723;-0.07232;-0.0002529;-0.0001708;-89.90;-0.07;100.03;0.24;100.03;0.0723;0.07232;-2.313E-05;-11.409;-11.407;-99.990;0.00;-145.97;
2025-11-03 15:17:55.08;0.00:00:01:452;-1.00;0.00;0.00;0.0722;-0.07222;-0.0002706;-0.0001666;-89.89;-0.07;100.03;0.23;100.03;0.0722;0.07222;-2.325E-05;-11.415;-11.413;-99.990;0.00;-148.38;
2025-11-03 15:17:55.12;0.00:00:01:498;-1.00;0.00;0.00;0.07215;-0.07217;-0.0002677;-0.0001743;-89.89;-0.07;100.04;0.24;100.04;0.07215;0.07217;-2.554E-05;-11.418;-11.416;-99.990;0.00;-146.94;
2025-11-03 15:17:55.17;0.00:00:01:544;-1.00;0.00;0.00;0.07216;-0.07218;-0.0002566;-0.0001773;-89.90;-0.07;100.04;0.25;100.04;0.07216;0.07218;-2.771E-05;-11.417;-11.416;-99.990;0.00;-145.36;
2025-11-03 15:17:55.21;0.00:00:01:591;-1.00;0.00;0.00;0.07233;-0.07236;-0.0002491;-0.0001776;-89.90;-0.07;100.04;0.25;100.04;0.07233;0.07236;-2.72E-05;-11.407;-11.405;-99.990;0.00;-144.51;
2025-11-03 15:17:55.28;0.00:00:01:651;-1.00;0.00;0.00;0.07229;-0.07231;-0.0002696;-0.0001662;-89.89;-0.07;100.03;0.23;100.03;0.07229;0.07231;-2.422E-05;-11.409;-11.408;-99.990;0.00;-148.35;
2025-11-03 15:17:55.32;0.00:00:01:698;-1.00;0.00;0.00;0.07227;-0.07229;-0.0002622;-0.0001705;-89.90;-0.07;100.03;0.24;100.03;0.07227;0.07229;-2.327E-05;-11.411;-11.409;-99.990;0.00;-146.96;
2025-11-03 15:17:55.37;0.00:00:01:744;-1.00;0.00;0.00;0.07222;-0.07224;-0.0002595;-0.0001698;-89.90;-0.07;100.03;0.24;100.03;0.07222;0.07224;-2.477E-05;-11.414;-11.412;-99.990;0.00;-146.81;
2025-11-03 15:17:55.41;0.00:00:01:791;-1.00;0.00;0.00;0.07221;-0.07224;-0.000251;-0.0001835;-89.90;-0.07;100.04;0.25;100.04;0.07221;0.07224;-2.672E-05;-11.414;-11.412;-99.990;0.00;-143.82;
2025-11-03 15:17:55.46;0.00:00:01:839;-1.00;0.00;0.00;0.07227;-0.0723;-0.000256;-0.000176;-89.90;-0.07;100.04;0.24;100.03;0.07227;0.0723;-2.537E-05;-11.410;-11.409;-99.990;0.00;-145.50;
2025-11-03 15:17:55.51;0.00:00:01:884;-1.00;0.00;0.00;0.07229;-0.07232;-0.00026;-0.0001733;-89.90;-0.07;100.04;0.24;100.04;0.07229;0.07232;-2.617E-05;-11.409;-11.407;-99.990;0.00;-146.31;
2025-11-03 15:17:55.56;0.00:00:01:931;-1.00;0.00;0.00;0.07235;-0.07238;-0.0002606;-0.0001729;-89.90;-0.07;100.04;0.24;100.04;0.07235;0.07238;-2.851E-05;-11.406;-11.404;-99.990;0.00;-146.43;
2025-11-03 15:17:55.60;0.00:00:01:977;-1.00;0.00;0.00;0.07237;-0.07239;-0.0002586;-0.0001656;-89.90;-0.07;100.04;0.23;100.03;0.07237;0.07239;-2.54E-05;-11.405;-11.403;-99.990;0.00;-147.37;
2025-11-03 15:17:55.65;0.00:00:02:024;-1.00;0.00;0.00;0.07226;-0.07228;-0.0002571;-0.0001746;-89.90;-0.07;100.04;0.24;100.04;0.07226;0.07228;-2.63E-05;-11.411;-11.410;-99.990;0.00;-145.82;
2025-11-03 15:17:55.69;0.00:00:02:071;-1.00;0.00;0.00;0.07233;-0.07235;-0.0002549;-0.0001737;-89.90;-0.07;100.03;0.24;100.03;0.07233;0.07235;-2.445E-05;-11.407;-11.406;-99.990;0.00;-145.72;
2025-11-03 15:17:55.74;0.00:00:02:119;-1.00;0.00;0.00;0.07236;-0.07238;-0.0002493;-0.0001793;-89.90;-0.07;100.03;0.25;100.03;0.07236;0.07238;-2.496E-05;-11.405;-11.404;-99.990;0.00;-144.28;
2025-11-03 15:17:55.79;0.00:00:02:164;-1.00;0.00;0.00;0.07229;-0.07232;-0.000268;-0.0001734;-89.89;-0.07;100.03;0.24;100.03;0.07229;0.07232;-2.364E-05;-11.409;-11.408;-99.990;0.00;-147.10;
2025-11-03 15:17:55.84;0.00:00:02:211;-1.00;0.00;0.00;0.07228;-0.0723;-0.0002534;-0.000183;-89.90;-0.07;100.04;0.25;100.04;0.07228;0.0723;-2.566E-05;-11.410;-11.409;-99.990;0.00;-144.16;
2025-11-03 15:17:55.88;0.00:00:02:258;-1.00;0.00;0.00;0.07232;-0.07235;-0.0002611;-0.0001746;-89.90;-0.07;100.03;0.24;100.03;0.07232;0.07235;-2.51E-05;-11.407;-11.406;-99.990;0.00;-146.23;
2025-11-03 15:17:55.93;0.00:00:02:305;-1.00;0.00;0.00;0.07225;-0.07228;-0.0002601;-0.000161;-89.90;-0.06;100.04;0.22;100.04;0.07225;0.07228;-2.702E-05;-11.412;-11.410;-99.990;0.00;-148.24;
2025-11-03 15:17:55.98;0.00:00:02:352;-1.00;0.00;0.00;0.07228;-0.0723;-0.0002352;-0.0001841;-89.91;-0.07;100.04;0.25;100.04;0.07228;0.0723;-2.696E-05;-11.410;-11.408;-99.990;0.00;-141.94;
2025-11-03 15:17:56.02;0.00:00:02:399;-1.00;0.00;0.00;0.07214;-0.07216;-0.0002728;-0.0001699;-89.89;-0.07;100.03;0.24;100.03;0.07214;0.07216;-2.207E-05;-11.418;-11.417;-99.990;0.00;-148.08;
2025-11-03 15:17:56.07;0.00:00:02:446;-1.00;0.00;0.00;0.07207;-0.0721;-0.0002641;-0.0001755;-89.90;-0.07;100.04;0.24;100.04;0.07207;0.0721;-2.551E-05;-11.422;-11.421;-99.990;0.00;-146.38;
2025-11-03 15:17:56.12;0.00:00:02:493;-1.00;0.00;0.00;0.07209;-0.07211;-0.0002706;-0.0001663;-89.89;-0.07;100.03;0.23;100.03;0.07209;0.07211;-2.249E-05;-11.421;-11.420;-99.990;0.00;-148.43;
2025-11-03 15:17:56.18;0.00:00:02:554;-1.00;0.00;0.00;0.07222;-0.07225;-0.0002477;-0.0001794;-89.90;-0.07;100.04;0.25;100.04;0.07222;0.07225;-2.882E-05;-11.414;-11.412;-99.990;0.00;-144.09;
2025-11-03 15:17:56.23;0.00:00:02:602;-1.00;0.00;0.00;0.07223;-0.07225;-0.000275;-0.0001711;-89.89;-0.07;100.03;0.24;100.03;0.07223;0.07225;-2.42E-05;-11.413;-11.412;-99.990;0.00;-148.12;
2025-11-03 15:17:56.27;0.00:00:02:648;-1.00;0.00;0.00;0.07209;-0.07211;-0.000267;-0.0001703;-89.89;-0.07;100.03;0.24;100.03;0.07209;0.07211;-2.393E-05;-11.421;-11.420;-99.990;0.00;-147.46;
2025-11-03 15:17:56.32;0.00:00:02:695;-1.00;0.00;0.00;0.07206;-0.07208;-0.0002525;-0.0001687;-89.90;-0.07;100.03;0.23;100.03;0.07206;0.07208;-2.45E-05;-11.423;-11.422;-99.990;0.00;-146.25;
2025-11-03 15:17:56.37;0.00:00:02:742;-1.00;0.00;0.00;0.07209;-0.07212;-0.0002468;-0.0001798;-89.90;-0.07;100.03;0.25;100.03;0.07209;0.07212;-2.458E-05;-11.421;-11.420;-99.990;0.00;-143.93;
2025-11-03 15:17:56.41;0.00:00:02:790;-1.00;0.00;0.00;0.07213;-0.07216;-0.0002571;-0.0001827;-89.90;-0.07;100.04;0.25;100.04;0.07213;0.07216;-2.676E-05;-11.419;-11.417;-99.990;0.00;-144.59;
2025-11-03 15:17:56.46;0.00:00:02:837;-1.00;0.00;0.00;0.07218;-0.0722;-0.0002626;-0.0001756;-89.90;-0.07;100.04;0.24;100.04;0.07218;0.0722;-2.656E-05;-11.416;-11.414;-99.990;0.00;-146.22;
2025-11-03 15:17:56.51;0.00:00:02:884;-1.00;0.00;0.00;0.07219;-0.07221;-0.0002639;-0.0001665;-89.90;-0.07;100.03;0.23;100.03;0.07219;0.07221;-2.368E-05;-11.415;-11.414;-99.990;0.00;-147.75;
2025-11-03 15:17:56.56;0.00:00:02:932;-1.00;0.00;0.00;0.07206;-0.07209;-0.0002796;-0.0001674;-89.89;-0.07;100.03;0.23;100.03;0.07206;0.07209;-2.385E-05;-11.423;-11.421;-99.990;0.00;-149.10;
2025-11-03 15:17:56.60;0.00:00:02:979;-1.00;0.00;0.00;0.07202;-0.07205;-0.0002573;-0.0001739;-89.90;-0.07;100.03;0.24;100.03;0.07202;0.07205;-2.442E-05;-11.425;-11.424;-99.990;0.00;-145.94;
2025-11-03 15:17:56.65;0.00:00:03:025;-1.00;0.00;0.00;0.07206;-0.07209;-0.0002529;-0.0001767;-89.90;-0.07;100.04;0.25;100.04;0.07206;0.07209;-2.875E-05;-11.423;-11.421;-99.990;0.00;-145.07;
2025-11-03 15:17:56.70;0.00:00:03:074;-1.00;0.00;0.00;0.07213;-0.07216;-0.0002501;-0.000176;-89.90;-0.07;100.04;0.24;100.04;0.07213;0.07216;-2.907E-05;-11.419;-11.417;-99.990;0.00;-144.86;
2025-11-03 15:17:56.74;0.00:00:03:120;-1.00;0.00;0.00;0.07217;-0.07219;-0.000252;-0.0001754;-89.90;-0.07;100.03;0.24;100.03;0.07217;0.07219;-2.346E-05;-11.416;-11.415;-99.990;0.00;-145.16;
2025-11-03 15:17:56.79;0.00:00:03:166;-1.00;0.00;0.00;0.07205;-0.07207;-0.000288;-0.0001726;-89.89;-0.07;100.03;0.24;100.03;0.07205;0.07207;-2.14E-05;-11.424;-11.422;-99.990;0.00;-149.08;
2025-11-03 15:17:56.84;0.00:00:03:213;-1.00;0.00;0.00;0.07203;-0.07206;-0.0002498;-0.0001773;-89.90;-0.07;100.04;0.25;100.04;0.07203;0.07206;-2.557E-05;-11.425;-11.423;-99.990;0.00;-144.64;
2025-11-03 15:17:56.88;0.00:00:03:261;-1.00;0.00;0.00;0.07211;-0.07214;-0.0002569;-0.0001799;-89.90;-0.07;100.04;0.25;100.04;0.07211;0.07214;-2.733E-05;-11.420;-11.418;-99.990;0.00;-144.99;
2025-11-03 15:17:56.93;0.00:00:03:307;-1.00;0.00;0.00;0.07214;-0.07216;-0.0002562;-0.0001795;-89.90;-0.07;100.03;0.25;100.03;0.07214;0.07216;-2.28E-05;-11.418;-11.417;-99.990;0.00;-144.99;
2025-11-03 15:17:56.98;0.00:00:03:355;-1.00;0.00;0.00;0.07226;-0.07228;-0.0002465;-0.0001777;-89.90;-0.07;100.03;0.25;100.03;0.07226;0.07228;-2.522E-05;-11.411;-11.410;-99.990;0.00;-144.21;
2025-11-03 15:17:57.02;0.00:00:03:400;-1.00;0.00;0.00;0.07235;-0.07238;-0.0002684;-0.0001706;-89.89;-0.07;100.03;0.24;100.03;0.07235;0.07238;-2.344E-05;-11.405;-11.404;-99.990;0.00;-147.57;
2025-11-03 15:17:57.07;0.00:00:03:448;-1.00;0.00;0.00;0.07221;-0.07224;-0.000272;-0.0001747;-89.89;-0.07;100.03;0.24;100.03;0.07221;0.07224;-2.52E-05;-11.414;-11.412;-99.990;0.00;-147.29;
2025-11-03 15:17:57.12;0.00:00:03:495;-1.00;0.00;0.00;0.07214;-0.07216;-0.000266;-0.0001749;-89.89;-0.07;100.03;0.24;100.03;0.07214;0.07216;-2.395E-05;-11.418;-11.417;-99.990;0.00;-146.68;
2025-11-03 15:17:57.17;0.00:00:03:541;-1.00;0.00;0.00;0.07217;-0.07219;-0.0002579;-0.0001727;-89.90;-0.07;100.04;0.24;100.04;0.07217;0.07219;-2.721E-05;-11.417;-11.415;-99.990;0.00;-146.19;
2025-11-03 15:17:57.21;0.00:00:03:587;-1.00;0.00;0.00;0.07217;-0.0722;-0.0002523;-0.0001758;-89.90;-0.07;100.04;0.24;100.04;0.07217;0.0722;-2.67E-05;-11.416;-11.415;-99.990;0.00;-145.12;
2025-11-03 15:17:57.26;0.00:00:03:635;-1.00;0.00;0.00;0.07217;-0.07219;-0.0002547;-0.0001796;-89.90;-0.07;100.04;0.25;100.04;0.07217;0.07219;-2.706E-05;-11.417;-11.415;-99.990;0.00;-144.81;
2025-11-03 15:17:57.31;0.00:00:03:683;-1.00;0.00;0.00;0.07216;-0.07219;-0.0002544;-0.0001667;-89.90;-0.07;100.04;0.23;100.04;0.07216;0.07219;-2.605E-05;-11.417;-11.415;-99.990;0.00;-146.77;
2025-11-03 15:17:57.35;0.00:00:03:728;-1.00;0.00;0.00;0.0723;-0.07233;-0.0002619;-0.0001739;-89.90;-0.07;100.03;0.24;100.03;0.0723;0.07233;-2.241E-05;-11.408;-11.407;-99.990;0.00;-146.41;
2025-11-03 15:17:57.40;0.00:00:03:776;-1.00;0.00;0.00;0.07228;-0.0723;-0.0002644;-0.0001735;-89.90;-0.07;100.03;0.24;100.03;0.07228;0.0723;-2.515E-05;-11.410;-11.408;-99.990;0.00;-146.73;
2025-11-03 15:17:57.45;0.00:00:03:824;-1.00;0.00;0.00;0.0723;-0.07232;-0.0002582;-0.0001801;-89.90;-0.07;100.03;0.25;100.03;0.0723;0.07232;-2.444E-05;-11.409;-11.407;-99.990;0.00;-145.11;
2025-11-03 15:17:57.49;0.00:00:03:869;-1.00;0.00;0.00;0.07228;-0.0723;-0.0002661;-0.0001738;-89.89;-0.07;100.03;0.24;100.03;0.07228;0.0723;-2.075E-05;-11.410;-11.408;-99.990;0.00;-146.85;
2025-11-03 15:17:57.54;0.00:00:03:916;-1.00;0.00;0.00;0.07238;-0.07241;-0.0002409;-0.0001762;-89.90;-0.07;100.04;0.24;100.04;0.07238;0.07241;-2.671E-05;-11.404;-11.402;-99.990;0.00;-143.82;
2025-11-03 15:17:57.59;0.00:00:03:962;-1.00;0.00;0.00;0.07215;-0.07217;-0.000278;-0.0001712;-89.89;-0.07;100.03;0.24;100.03;0.07215;0.07217;-2.41E-05;-11.418;-11.416;-99.990;0.00;-148.37;
2025-11-03 15:17:57.63;0.00:00:04:010;-1.00;0.00;0.00;0.07217;-0.0722;-0.0002484;-0.000176;-89.90;-0.07;100.04;0.24;100.03;0.07217;0.0722;-2.533E-05;-11.416;-11.415;-99.990;0.00;-144.68;
2025-11-03 15:17:57.68;0.00:00:04:057;-1.00;0.00;0.00;0.07223;-0.07225;-0.0002489;-0.0001666;-89.90;-0.07;100.03;0.23;100.03;0.07223;0.07225;-2.297E-05;-11.413;-11.411;-99.990;0.00;-146.20;
2025-11-03 15:17:57.73;0.00:00:04:103;-1.00;0.00;0.00;0.07231;-0.07233;-0.0002516;-0.0001731;-89.90;-0.07;100.03;0.24;100.03;0.07231;0.07233;-2.43E-05;-11.408;-11.407;-99.990;0.00;-145.47;
2025-11-03 15:17:57.78;0.00:00:04:152;-1.00;0.00;0.00;0.07231;-0.07234;-0.0002567;-0.0001734;-89.90;-0.07;100.04;0.24;100.04;0.07231;0.07234;-2.719E-05;-11.408;-11.406;-99.990;0.00;-145.96;
2025-11-03 15:17:57.82;0.00:00:04:198;-1.00;0.00;0.00;0.07237;-0.07239;-0.0002604;-0.0001715;-89.90;-0.07;100.04;0.24;100.04;0.07237;0.07239;-2.649E-05;-11.405;-11.403;-99.990;0.00;-146.63;
2025-11-03 15:17:57.87;0.00:00:04:246;-1.00;0.00;0.00;0.07244;-0.07246;-0.0002605;-0.0001721;-89.90;-0.07;100.03;0.24;100.03;0.07244;0.07246;-2.456E-05;-11.400;-11.399;-99.990;0.00;-146.55;
2025-11-03 15:17:57.92;0.00:00:04:292;-1.00;0.00;0.00;0.07213;-0.07215;-0.0002718;-0.0001668;-89.89;-0.07;100.03;0.23;100.03;0.07213;0.07215;-2.222E-05;-11.419;-11.418;-99.990;0.00;-148.46;
2025-11-03 15:17:57.96;0.00:00:04:340;-1.00;0.00;0.00;0.07203;-0.07206;-0.0002498;-0.0001714;-89.90;-0.07;100.04;0.24;100.04;0.07203;0.07206;-2.636E-05;-11.425;-11.423;-99.990;0.00;-145.54;
2025-11-03 15:17:58.01;0.00:00:04:389;-1.00;0.00;0.00;0.07209;-0.07211;-0.0002576;-0.0001705;-89.90;-0.07;100.04;0.24;100.04;0.07209;0.07211;-2.646E-05;-11.421;-11.420;-99.990;0.00;-146.51;
2025-11-03 15:17:58.06;0.00:00:04:436;-1.00;0.00;0.00;0.07204;-0.07207;-0.0002494;-0.0001723;-89.90;-0.07;100.04;0.24;100.04;0.07204;0.07207;-2.68E-05;-11.424;-11.423;-99.990;0.00;-145.36;
2025-11-03 15:17:58.11;0.00:00:04:482;-1.00;0.00;0.00;0.0721;-0.07213;-0.0002469;-0.0001773;-89.90;-0.07;100.04;0.25;100.04;0.0721;0.07213;-2.761E-05;-11.421;-11.419;-99.990;0.00;-144.31;
2025-11-03 15:17:58.15;0.00:00:04:529;-1.00;0.00;0.00;0.07203;-0.07205;-0.0002717;-0.0001753;-89.89;-0.07;100.03;0.24;100.03;0.07203;0.07206;-2.427E-05;-11.425;-11.423;-99.990;0.00;-147.17;
2025-11-03 15:17:58.20;0.00:00:04:576;-1.00;0.00;0.00;0.07212;-0.07214;-0.0002416;-0.000177;-89.90;-0.07;100.04;0.25;100.04;0.07212;0.07215;-2.834E-05;-11.420;-11.418;-99.990;0.00;-143.78;
2025-11-03 15:17:58.25;0.00:00:04:623;-1.00;0.00;0.00;0.07229;-0.07232;-0.0002477;-0.0001703;-89.90;-0.07;100.04;0.24;100.04;0.07229;0.07232;-2.559E-05;-11.409;-11.407;-99.990;0.00;-145.48;
2025-11-03 15:17:58.29;0.00:00:04:670;-1.00;0.00;0.00;0.07235;-0.07238;-0.0002625;-0.0001725;-89.90;-0.07;100.03;0.24;100.03;0.07235;0.07238;-2.402E-05;-11.405;-11.404;-99.990;0.00;-146.69;
2025-11-03 15:17:58.34;0.00:00:04:717;-1.00;0.00;0.00;0.07232;-0.07234;-0.0002556;-0.0001632;-89.90;-0.06;100.03;0.23;100.03;0.07232;0.07234;-2.314E-05;-11.407;-11.406;-99.990;0.00;-147.44;
2025-11-03 15:17:58.39;0.00:00:04:763;-1.00;0.00;0.00;0.0721;-0.07212;-0.0002552;-0.0001701;-89.90;-0.07;100.04;0.24;100.03;0.0721;0.07213;-2.531E-05;-11.421;-11.419;-99.990;0.00;-146.31;
2025-11-03 15:17:58.43;0.00:00:04:811;-1.00;0.00;0.00;0.0721;-0.07213;-0.0002637;-0.0001719;-89.90;-0.07;100.03;0.24;100.03;0.0721;0.07213;-2.408E-05;-11.421;-11.419;-99.990;0.00;-146.91;
2025-11-03 15:17:58.48;0.00:00:04:859;-1.00;0.00;0.00;0.07215;-0.07217;-0.0002476;-0.0001692;-89.90;-0.07;100.04;0.23;100.04;0.07215;0.07217;-2.713E-05;-11.418;-11.416;-99.990;0.00;-145.66;
2025-11-03 15:17:58.53;0.00:00:04:903;-1.00;0.00;0.00;0.07209;-0.07212;-0.0002617;-0.0001657;-89.90;-0.07;100.03;0.23;100.03;0.07209;0.07212;-2.516E-05;-11.421;-11.419;-99.990;0.00;-147.66;
2025-11-03 15:17:58.58;0.00:00:04:951;-1.00;0.00;0.00;0.07208;-0.07211;-0.000258;-0.0001751;-89.90;-0.07;100.04;0.24;100.04;0.07208;0.07211;-2.717E-05;-11.422;-11.420;-99.990;0.00;-145.84;
2025-11-03 15:17:58.62;0.00:00:04:999;-1.00;0.00;0.00;0.07216;-0.07218;-0.0002628;-0.0001713;-89.90;-0.07;100.03;0.24;100.03;0.07216;0.07218;-2.258E-05;-11.417;-11.416;-99.990;0.00;-146.90;
2025-11-03 15:17:58.67;0.00:00:05:046;-1.00;0.00;0.00;0.07205;-0.07207;-0.0002584;-0.0001629;-89.90;-0.06;100.03;0.23;100.03;0.07205;0.07208;-2.464E-05;-11.424;-11.422;-99.990;0.00;-147.76;
2025-11-03 15:17:58.72;0.00:00:05:094;-1.00;0.00;0.00;0.07208;-0.0721;-0.0002438;-0.0001815;-89.90;-0.07;100.04;0.25;100.04;0.07208;0.0721;-2.847E-05;-11.422;-11.420;-99.990;0.00;-143.33;
2025-11-03 15:17:58.76;0.00:00:05:140;-1.00;0.00;0.00;0.07214;-0.07217;-0.00026;-0.000175;-89.90;-0.07;100.04;0.24;100.03;0.07214;0.07217;-2.525E-05;-11.418;-11.417;-99.990;0.00;-146.06;
2025-11-03 15:17:58.81;0.00:00:05:185;-1.00;0.00;0.00;0.07217;-0.07219;-0.0002732;-0.000168;-89.89;-0.07;100.03;0.23;100.03;0.07217;0.07219;-2.295E-05;-11.417;-11.415;-99.990;0.00;-148.41;
2025-11-03 15:17:58.86;0.00:00:05:233;-1.00;0.00;0.00;0.07233;-0.07236;-0.0002464;-0.0001764;-89.90;-0.07;100.04;0.24;100.04;0.07233;0.07236;-2.582E-05;-11.407;-11.405;-99.990;0.00;-144.40;
2025-11-03 15:17:58.90;0.00:00:05:280;-1.00;0.00;0.00;0.07242;-0.07244;-0.0002604;-0.0001678;-89.90;-0.07;100.03;0.23;100.03;0.07242;0.07244;-2.158E-05;-11.401;-11.400;-99.990;0.00;-147.20;
2025-11-03 15:17:58.95;0.00:00:05:327;-1.00;0.00;0.00;0.0724;-0.07242;-0.0002631;-0.0001724;-89.90;-0.07;100.03;0.24;100.03;0.0724;0.07242;-2.244E-05;-11.403;-11.401;-99.990;0.00;-146.76;
2025-11-03 15:17:59.00;0.00:00:05:373;-1.00;0.00;0.00;0.07226;-0.07228;-0.0002509;-0.000179;-89.90;-0.07;100.03;0.25;100.03;0.07226;0.07228;-2.428E-05;-11.411;-11.410;-99.990;0.00;-144.49;
2025-11-03 15:17:59.04;0.00:00:05:419;-1.00;0.00;0.00;0.07236;-0.07238;-0.0002629;-0.0001708;-89.90;-0.07;100.03;0.24;100.03;0.07236;0.07238;-2.446E-05;-11.405;-11.404;-99.990;0.00;-146.99;
2025-11-03 15:17:59.09;0.00:00:05:464;-1.00;0.00;0.00;0.07223;-0.07226;-0.000234;-0.0001759;-89.91;-0.07;100.04;0.24;100.04;0.07223;0.07226;-2.622E-05;-11.413;-11.411;-99.990;0.00;-143.07;
2025-11-03 15:17:59.14;0.00:00:05:512;-1.00;0.00;0.00;0.07241;-0.07243;-0.000255;-0.0001719;-89.90;-0.07;100.03;0.24;100.03;0.07241;0.07243;-2.469E-05;-11.402;-11.401;-99.990;0.00;-146.01;
2025-11-03 15:17:59.18;0.00:00:05:558;-1.00;0.00;0.00;0.07234;-0.07236;-0.0002763;-0.0001718;-89.89;-0.07;100.03;0.24;100.03;0.07234;0.07236;-2.25E-05;-11.406;-11.405;-99.990;0.00;-148.14;
2025-11-03 15:17:59.23;0.00:00:05:606;-1.00;0.00;0.00;0.0724;-0.07242;-0.000247;-0.0001765;-89.90;-0.07;100.04;0.24;100.04;0.0724;0.07242;-2.628E-05;-11.403;-11.401;-99.990;0.00;-144.45;
2025-11-03 15:17:59.28;0.00:00:05:652;-1.00;0.00;0.00;0.07246;-0.07248;-0.0002616;-0.0001677;-89.90;-0.07;100.03;0.23;100.03;0.07246;0.07249;-2.225E-05;-11.399;-11.398;-99.990;0.00;-147.34;
2025-11-03 15:17:59.32;0.00:00:05:699;-1.00;0.00;0.00;0.07226;-0.07228;-0.0002691;-0.0001675;-89.89;-0.07;100.03;0.23;100.03;0.07226;0.07228;-2.356E-05;-11.411;-11.410;-99.990;0.00;-148.10;
2025-11-03 15:17:59.37;0.00:00:05:747;-1.00;0.00;0.00;0.07219;-0.07221;-0.0002632;-0.0001825;-89.90;-0.07;100.03;0.25;100.03;0.07219;0.07221;-2.368E-05;-11.415;-11.414;-99.990;0.00;-145.26;
2025-11-03 15:17:59.42;0.00:00:05:796;-1.00;0.00;0.00;0.07225;-0.07228;-0.0002524;-0.0001733;-89.90;-0.07;100.03;0.24;100.03;0.07225;0.07228;-2.522E-05;-11.412;-11.410;-99.990;0.00;-145.54;
2025-11-03 15:17:59.47;0.00:00:05:841;-1.00;0.00;0.00;0.0722;-0.07222;-0.0002593;-0.0001692;-89.90;-0.07;100.03;0.23;100.03;0.0722;0.07222;-2.195E-05;-11.415;-11.413;-99.990;0.00;-146.87;
2025-11-03 15:17:59.51;0.00:00:05:887;-1.00;0.00;0.00;0.07212;-0.07214;-0.00026;-0.0001789;-89.90;-0.07;100.03;0.25;100.03;0.07212;0.07214;-2.351E-05;-11.419;-11.418;-99.990;0.00;-145.47;
2025-11-03 15:17:59.56;0.00:00:05:936;-1.00;0.00;0.00;0.07213;-0.07215;-0.0002562;-0.0001717;-89.90;-0.07;100.03;0.24;100.03;0.07213;0.07215;-2.308E-05;-11.419;-11.417;-99.990;0.00;-146.17;
2025-11-03 15:17:59.61;0.00:00:05:983;-1.00;0.00;0.00;0.07214;-0.07217;-0.0002643;-0.0001758;-89.90;-0.07;100.03;0.24;100.03;0.07214;0.07217;-2.417E-05;-11.418;-11.417;-99.990;0.00;-146.37;
2025-11-03 15:17:59.65;0.00:00:06:030;-1.00;0.00;0.00;0.07213;-0.07216;-0.0002605;-0.0001737;-89.90;-0.07;100.03;0.24;100.03;0.07213;0.07216;-2.51E-05;-11.419;-11.417;-99.990;0.00;-146.31;
2025-11-03 15:17:59.70;0.00:00:06:077;-1.00;0.00;0.00;0.0723;-0.07233;-0.0002447;-0.0001787;-89.90;-0.07;100.04;0.25;100.04;0.0723;0.07233;-2.682E-05;-11.409;-11.407;-99.990;0.00;-143.86;
2025-11-03 15:17:59.75;0.00:00:06:124;-1.00;0.00;0.00;0.07227;-0.07229;-0.0002759;-0.0001739;-89.89;-0.07;100.03;0.24;100.03;0.07227;0.0723;-2.219E-05;-11.410;-11.409;-99.990;0.00;-147.78;
2025-11-03 15:17:59.79;0.00:00:06:169;-1.00;0.00;0.00;0.07222;-0.07224;-0.000275;-0.0001699;-89.89;-0.07;100.03;0.24;100.03;0.07222;0.07224;-2.311E-05;-11.414;-11.412;-99.990;0.00;-148.29;
2025-11-03 15:17:59.84;0.00:00:06:218;-1.00;0.00;0.00;0.07212;-0.07215;-0.0002689;-0.0001727;-89.89;-0.07;100.04;0.24;100.04;0.07212;0.07215;-2.618E-05;-11.419;-11.418;-99.990;0.00;-147.29;
2025-11-03 15:17:59.89;0.00:00:06:265;-1.00;0.00;0.00;0.07201;-0.07204;-0.0002676;-0.0001744;-89.89;-0.07;100.03;0.24;100.03;0.07201;0.07204;-2.096E-05;-11.426;-11.425;-99.990;0.00;-146.91;
2025-11-03 15:17:59.94;0.00:00:06:312;-1.00;0.00;0.00;0.07194;-0.07196;-0.0002562;-0.0001763;-89.90;-0.07;100.03;0.25;100.03;0.07194;0.07196;-2.468E-05;-11.430;-11.429;-99.990;0.00;-145.47;
2025-11-03 15:17:59.98;0.00:00:06:358;-1.00;0.00;0.00;0.07199;-0.07201;-0.0002623;-0.0001715;-89.90;-0.07;100.03;0.24;100.03;0.07199;0.07201;-2.426E-05;-11.427;-11.426;-99.990;0.00;-146.83;
2025-11-03 15:18:00.03;0.00:00:06:405;-1.00;0.00;0.00;0.07205;-0.07208;-0.0002293;-0.0001795;-89.91;-0.07;100.04;0.25;100.04;0.07205;0.07208;-2.918E-05;-11.424;-11.422;-99.990;0.00;-141.94;
2025-11-03 15:18:00.08;0.00:00:06:452;-1.00;0.00;0.00;0.07206;-0.07209;-0.000265;-0.0001647;-89.89;-0.07;100.03;0.23;100.03;0.07206;0.07209;-2.32E-05;-11.423;-11.421;-99.990;0.00;-148.15;
2025-11-03 15:18:00.12;0.00:00:06:500;-1.00;0.00;0.00;0.0721;-0.07213;-0.0002571;-0.0001705;-89.90;-0.07;100.03;0.24;100.03;0.0721;0.07213;-2.459E-05;-11.421;-11.419;-99.990;0.00;-146.44;
2025-11-03 15:18:00.17;0.00:00:06:546;-1.00;0.00;0.00;0.07209;-0.07212;-0.0002656;-0.000168;-89.89;-0.07;100.03;0.23;100.03;0.07209;0.07212;-2.293E-05;-11.421;-11.420;-99.990;0.00;-147.68;
2025-11-03 15:18:00.22;0.00:00:06:593;-1.00;0.00;0.00;0.072;-0.07202;-0.0002673;-0.0001697;-89.89;-0.07;100.03;0.24;100.03;0.072;0.07203;-2.362E-05;-11.427;-11.425;-99.990;0.00;-147.59;
2025-11-03 15:18:00.27;0.00:00:06:644;-1.00;0.00;0.00;0.07214;-0.07216;-0.0002513;-0.0001722;-89.90;-0.07;100.03;0.24;100.03;0.07214;0.07216;-2.179E-05;-11.418;-11.417;-99.990;0.00;-145.59;
2025-11-03 15:18:00.31;0.00:00:06:689;-1.00;0.00;0.00;0.07215;-0.07217;-0.0002659;-0.0001737;-89.89;-0.07;100.04;0.24;100.04;0.07215;0.07217;-2.576E-05;-11.418;-11.416;-99.990;0.00;-146.85;
2025-11-03 15:18:00.36;0.00:00:06:736;-1.00;0.00;0.00;0.0723;-0.07232;-0.0002636;-0.0001684;-89.90;-0.07;100.03;0.23;100.03;0.0723;0.07232;-2.147E-05;-11.409;-11.407;-99.990;0.00;-147.43;
2025-11-03 15:18:00.41;0.00:00:06:783;-1.00;0.00;0.00;0.07222;-0.07225;-0.0002681;-0.0001665;-89.89;-0.07;100.03;0.23;100.03;0.07222;0.07225;-2.391E-05;-11.413;-11.412;-99.990;0.00;-148.15;
2025-11-03 15:18:00.45;0.00:00:06:830;-1.00;0.00;0.00;0.07223;-0.07226;-0.0002542;-0.0001749;-89.90;-0.07;100.04;0.24;100.04;0.07223;0.07226;-2.81E-05;-11.413;-11.411;-99.990;0.00;-145.47;
2025-11-03 15:18:00.50;0.00:00:06:875;-1.00;0.00;0.00;0.07219;-0.07221;-0.0002619;-0.0001647;-89.90;-0.07;100.03;0.23;100.03;0.07219;0.07221;-2.498E-05;-11.415;-11.414;-99.990;0.00;-147.84;
2025-11-03 15:18:00.55;0.00:00:06:922;-1.00;0.00;0.00;0.07214;-0.07216;-0.0002724;-0.0001734;-89.89;-0.07;100.03;0.24;100.03;0.07214;0.07216;-2.301E-05;-11.419;-11.417;-99.990;0.00;-147.52;
2025-11-03 15:18:00.59;0.00:00:06:969;-1.00;0.00;0.00;0.07213;-0.07215;-0.0002513;-0.0001701;-89.90;-0.07;100.03;0.24;100.03;0.07213;0.07216;-2.488E-05;-11.419;-11.417;-99.990;0.00;-145.90;
2025-11-03 15:18:00.64;0.00:00:07:016;-1.00;0.00;0.00;0.07218;-0.0722;-0.0002503;-0.0001708;-89.90;-0.07;100.04;0.24;100.04;0.07218;0.0722;-2.671E-05;-11.416;-11.414;-99.990;0.00;-145.69;
2025-11-03 15:18:00.69;0.00:00:07:062;-1.00;0.00;0.00;0.07219;-0.07221;-0.0002651;-0.0001779;-89.89;-0.07;100.03;0.25;100.03;0.07219;0.07222;-2.505E-05;-11.415;-11.414;-99.990;0.00;-146.14;
2025-11-03 15:18:00.73;0.00:00:07:107;-1.00;0.00;0.00;0.07225;-0.07227;-0.0002657;-0.00017;-89.89;-0.07;100.03;0.24;100.03;0.07225;0.07227;-2.204E-05;-11.411;-11.410;-99.990;0.00;-147.39;
2025-11-03 15:18:00.78;0.00:00:07:157;-1.00;0.00;0.00;0.07218;-0.07221;-0.0002773;-0.0001654;-89.89;-0.07;100.03;0.23;100.03;0.07218;0.07221;-2.346E-05;-11.416;-11.414;-99.990;0.00;-149.19;
2025-11-03 15:18:00.83;0.00:00:07:204;-1.00;0.00;0.00;0.07208;-0.07211;-0.0002521;-0.0001728;-89.90;-0.07;100.04;0.24;100.04;0.07208;0.07211;-2.617E-05;-11.422;-11.420;-99.990;0.00;-145.58;
2025-11-03 15:18:00.87;0.00:00:07:251;-1.00;0.00;0.00;0.07211;-0.07213;-0.000262;-0.0001747;-89.90;-0.07;100.03;0.24;100.03;0.07211;0.07213;-2.372E-05;-11.420;-11.419;-99.990;0.00;-146.30;
2025-11-03 15:18:00.92;0.00:00:07:299;-1.00;0.00;0.00;0.0721;-0.07212;-0.0002692;-0.0001686;-89.89;-0.07;100.03;0.23;100.03;0.0721;0.07212;-2.112E-05;-11.421;-11.420;-99.990;0.00;-147.94;
2025-11-03 15:18:00.98;0.00:00:07:359;-1.00;0.00;0.00;0.07205;-0.07207;-0.0002671;-0.0001711;-89.89;-0.07;100.03;0.24;100.03;0.07205;0.07207;-2.161E-05;-11.424;-11.423;-99.990;0.00;-147.36;
2025-11-03 15:18:01.03;0.00:00:07:407;-1.00;0.00;0.00;0.07211;-0.07214;-0.0002569;-0.0001702;-89.90;-0.07;100.03;0.24;100.03;0.07211;0.07214;-2.25E-05;-11.420;-11.418;-99.990;0.00;-146.46;
2025-11-03 15:18:01.08;0.00:00:07:452;-1.00;0.00;0.00;0.07214;-0.07216;-0.0002523;-0.0001655;-89.90;-0.07;100.04;0.23;100.03;0.07214;0.07216;-2.532E-05;-11.418;-11.417;-99.990;0.00;-146.74;
2025-11-03 15:18:01.13;0.00:00:07:501;-1.00;0.00;0.00;0.07223;-0.07226;-0.0002544;-0.0001743;-89.90;-0.07;100.03;0.24;100.03;0.07223;0.07226;-2.456E-05;-11.413;-11.411;-99.990;0.00;-145.58;
2025-11-03 15:18:01.17;0.00:00:07:548;-1.00;0.00;0.00;0.07221;-0.07223;-0.0002677;-0.0001723;-89.89;-0.07;100.03;0.24;100.03;0.07221;0.07223;-2.195E-05;-11.414;-11.413;-99.990;0.00;-147.23;
2025-11-03 15:18:01.22;0.00:00:07:594;-1.00;0.00;0.00;0.07218;-0.0722;-0.0002621;-0.0001687;-89.90;-0.07;100.03;0.23;100.03;0.07218;0.0722;-2.497E-05;-11.416;-11.414;-99.990;0.00;-147.24;
2025-11-03 15:18:01.26;0.00:00:07:641;-1.00;0.00;0.00;0.07222;-0.07224;-0.0002555;-0.000172;-89.90;-0.07;100.03;0.24;100.03;0.07222;0.07224;-2.398E-05;-11.414;-11.412;-99.990;0.00;-146.05;
2025-11-03 15:18:01.31;0.00:00:07:688;-1.00;0.00;0.00;0.07222;-0.07225;-0.000262;-0.0001653;-89.90;-0.07;100.03;0.23;100.03;0.07222;0.07225;-2.304E-05;-11.413;-11.412;-99.990;0.00;-147.76;
2025-11-03 15:18:01.36;0.00:00:07:735;-1.00;0.00;0.00;0.07224;-0.07226;-0.0002599;-0.0001707;-89.90;-0.07;100.03;0.24;100.03;0.07224;0.07226;-2.384E-05;-11.412;-11.411;-99.990;0.00;-146.70;
2025-11-03 15:18:01.41;0.00:00:07:783;-1.00;0.00;0.00;0.07228;-0.0723;-0.0002496;-0.0001717;-89.90;-0.07;100.04;0.24;100.04;0.07228;0.0723;-2.609E-05;-11.410;-11.408;-99.990;0.00;-145.47;
2025-11-03 15:18:01.45;0.00:00:07:830;-1.00;0.00;0.00;0.07228;-0.0723;-0.0002577;-0.0001642;-89.90;-0.07;100.03;0.23;100.03;0.07228;0.0723;-2.335E-05;-11.410;-11.408;-99.990;0.00;-147.49;
2025-11-03 15:18:01.50;0.00:00:07:877;-1.00;0.00;0.00;0.07236;-0.07239;-0.0002566;-0.0001731;-89.90;-0.07;100.04;0.24;100.03;0.07236;0.07239;-2.54E-05;-11.405;-11.403;-99.990;0.00;-146.00;
2025-11-03 15:18:01.55;0.00:00:07:924;-1.00;0.00;0.00;0.07234;-0.07236;-0.0002713;-0.0001688;-89.89;-0.07;100.03;0.23;100.03;0.07234;0.07236;-2.322E-05;-11.406;-11.405;-99.990;0.00;-148.11;
2025-11-03 15:18:01.60;0.00:00:07:971;-1.00;0.00;0.00;0.07231;-0.07233;-0.0002528;-0.0001767;-89.90;-0.07;100.04;0.24;100.04;0.07231;0.07233;-2.567E-05;-11.408;-11.407;-99.990;0.00;-145.05;
2025-11-03 15:18:01.64;0.00:00:08:018;-1.00;0.00;0.00;0.07236;-0.07238;-0.0002538;-0.0001652;-89.90;-0.07;100.04;0.23;100.04;0.07236;0.07238;-2.721E-05;-11.405;-11.404;-99.990;0.00;-146.94;
2025-11-03 15:18:01.69;0.00:00:08:064;-1.00;0.00;0.00;0.07239;-0.07242;-0.0002618;-0.0001697;-89.90;-0.07;100.03;0.23;100.03;0.07239;0.07242;-2.208E-05;-11.403;-11.402;-99.990;0.00;-147.05;
2025-11-03 15:18:01.73;0.00:00:08:111;-1.00;0.00;0.00;0.07228;-0.0723;-0.0002694;-0.00017;-89.89;-0.07;100.03;0.24;100.03;0.07228;0.0723;-2.226E-05;-11.410;-11.409;-99.990;0.00;-147.75;
2025-11-03 15:18:01.78;0.00:00:08:158;-1.00;0.00;0.00;0.07211;-0.07213;-0.0002746;-0.0001695;-89.89;-0.07;100.03;0.24;100.03;0.07211;0.07213;-2.437E-05;-11.420;-11.419;-99.990;0.00;-148.31;
2025-11-03 15:18:01.83;0.00:00:08:203;-1.00;0.00;0.00;0.07202;-0.07204;-0.00026;-0.0001681;-89.90;-0.07;100.03;0.23;100.03;0.07202;0.07204;-2.197E-05;-11.425;-11.424;-99.990;0.00;-147.11;
2025-11-03 15:18:01.89;0.00:00:08:266;-1.00;0.00;0.00;0.07195;-0.07198;-0.000261;-0.0001715;-89.90;-0.07;100.04;0.24;100.03;0.07195;0.07198;-2.533E-05;-11.430;-11.428;-99.990;0.00;-146.69;
2025-11-03 15:18:01.94;0.00:00:08:312;-1.00;0.00;0.00;0.07214;-0.07217;-0.0002464;-0.0001777;-89.90;-0.07;100.04;0.25;100.04;0.07214;0.07217;-2.792E-05;-11.418;-11.417;-99.990;0.00;-144.20;
2025-11-03 15:18:01.98;0.00:00:08:359;-1.00;0.00;0.00;0.07233;-0.07236;-0.0002498;-0.0001767;-89.90;-0.07;100.04;0.24;100.04;0.07233;0.07236;-2.604E-05;-11.407;-11.405;-99.990;0.00;-144.72;
2025-11-03 15:18:02.03;0.00:00:08:405;-1.00;0.00;0.00;0.07231;-0.07233;-0.0002591;-0.0001645;-89.90;-0.07;100.03;0.23;100.03;0.07231;0.07233;-1.974E-05;-11.408;-11.407;-99.990;0.00;-147.59;
2025-11-03 15:18:02.08;0.00:00:08:451;-1.00;0.00;0.00;0.0723;-0.07232;-0.0002552;-0.0001661;-89.90;-0.07;100.04;0.23;100.04;0.0723;0.07232;-2.689E-05;-11.409;-11.407;-99.990;0.00;-146.94;
2025-11-03 15:18:02.12;0.00:00:08:498;-1.00;0.00;0.00;0.07233;-0.07235;-0.0002602;-0.0001786;-89.90;-0.07;100.03;0.25;100.03;0.07233;0.07235;-2.163E-05;-11.407;-11.405;-99.990;0.00;-145.53;
2025-11-03 15:18:02.17;0.00:00:08:545;-1.00;0.00;0.00;0.07225;-0.07227;-0.0002711;-0.0001643;-89.89;-0.07;100.03;0.23;100.03;0.07225;0.07227;-2.413E-05;-11.412;-11.410;-99.990;0.00;-148.78;
2025-11-03 15:18:02.21;0.00:00:08:591;-1.00;0.00;0.00;0.07217;-0.07219;-0.0002664;-0.0001656;-89.89;-0.07;100.04;0.23;100.03;0.07217;0.07219;-2.533E-05;-11.416;-11.415;-99.990;0.00;-148.13;
2025-11-03 15:18:02.26;0.00:00:08:639;-1.00;0.00;0.00;0.07219;-0.07222;-0.0002498;-0.0001727;-89.90;-0.07;100.03;0.24;100.03;0.07219;0.07222;-2.455E-05;-11.415;-11.414;-99.990;0.00;-145.33;
2025-11-03 15:18:02.31;0.00:00:08:685;-1.00;0.00;0.00;0.0721;-0.07212;-0.0002714;-0.0001657;-89.89;-0.07;100.03;0.23;100.03;0.0721;0.07212;-2.192E-05;-11.421;-11.419;-99.990;0.00;-148.59;
2025-11-03 15:18:02.36;0.00:00:08:731;-1.00;0.00;0.00;0.07203;-0.07205;-0.0002704;-0.0001668;-89.89;-0.07;100.03;0.23;100.03;0.07203;0.07205;-2.319E-05;-11.425;-11.424;-99.990;0.00;-148.34;
2025-11-03 15:18:02.40;0.00:00:08:778;-1.00;0.00;0.00;0.07215;-0.07217;-0.0002629;-0.000164;-89.90;-0.07;100.03;0.23;100.03;0.07215;0.07217;-2.475E-05;-11.418;-11.416;-99.990;0.00;-148.04;
2025-11-03 15:18:02.45;0.00:00:08:826;-1.00;0.00;0.00;0.07209;-0.07211;-0.0002622;-0.0001723;-89.90;-0.07;100.03;0.24;100.03;0.07209;0.07211;-2.487E-05;-11.421;-11.420;-99.990;0.00;-146.70;
2025-11-03 15:18:02.50;0.00:00:08:872;-1.00;0.00;0.00;0.07209;-0.07212;-0.0002496;-0.0001739;-89.90;-0.07;100.04;0.24;100.04;0.07209;0.07212;-2.682E-05;-11.421;-11.419;-99.990;0.00;-145.14;
2025-11-03 15:18:02.54;0.00:00:08:919;-1.00;0.00;0.00;0.07221;-0.07224;-0.0002672;-0.0001711;-89.89;-0.07;100.03;0.24;100.03;0.07221;0.07224;-2.506E-05;-11.414;-11.412;-99.990;0.00;-147.37;
2025-11-03 15:18:02.59;0.00:00:08:965;-1.00;0.00;0.00;0.07214;-0.07217;-0.0002685;-0.0001652;-89.89;-0.07;100.03;0.23;100.03;0.07214;0.07217;-2.359E-05;-11.418;-11.417;-99.990;0.00;-148.40;
2025-11-03 15:18:02.64;0.00:00:09:014;-1.00;0.00;0.00;0.07219;-0.07221;-0.0002506;-0.0001653;-89.90;-0.07;100.03;0.23;100.03;0.07219;0.07221;-2.44E-05;-11.415;-11.414;-99.990;0.00;-146.60;
2025-11-03 15:18:02.68;0.00:00:09:060;-1.00;0.00;0.00;0.07218;-0.0722;-0.0002707;-0.0001763;-89.89;-0.07;100.03;0.24;100.03;0.07218;0.07221;-2.396E-05;-11.416;-11.414;-99.990;0.00;-146.92;
2025-11-03 15:18:02.73;0.00:00:09:108;-1.00;0.00;0.00;0.07215;-0.07217;-0.0002739;-0.0001654;-89.89;-0.07;100.03;0.23;100.03;0.07215;0.07217;-2.374E-05;-11.418;-11.416;-99.990;0.00;-148.87;
2025-11-03 15:18:02.78;0.00:00:09:155;-1.00;0.00;0.00;0.07203;-0.07206;-0.0002603;-0.0001732;-89.90;-0.07;100.03;0.24;100.03;0.07203;0.07206;-2.391E-05;-11.425;-11.423;-99.990;0.00;-146.36;
2025-11-03 15:18:02.83;0.00:00:09:201;-1.00;0.00;0.00;0.0721;-0.07213;-0.0002489;-0.0001731;-89.90;-0.07;100.04;0.24;100.04;0.0721;0.07213;-2.725E-05;-11.421;-11.419;-99.990;0.00;-145.18;
2025-11-03 15:18:02.87;0.00:00:09:249;-1.00;0.00;0.00;0.07228;-0.0723;-0.0002602;-0.0001752;-89.90;-0.07;100.04;0.24;100.04;0.07228;0.0723;-2.602E-05;-11.410;-11.408;-99.990;0.00;-146.05;
2025-11-03 15:18:02.92;0.00:00:09:298;-1.00;0.00;0.00;0.07225;-0.07227;-0.0002708;-0.0001757;-89.89;-0.07;100.03;0.24;100.03;0.07225;0.07227;-2.514E-05;-11.412;-11.410;-99.990;0.00;-147.02;
2025-11-03 15:18:02.97;0.00:00:09:343;-1.00;0.00;0.00;0.07219;-0.07221;-0.0002651;-0.000175;-89.89;-0.07;100.03;0.24;100.03;0.07219;0.07221;-2.361E-05;-11.415;-11.414;-99.990;0.00;-146.57;
2025-11-03 15:18:03.02;0.00:00:09:391;-1.00;0.00;0.00;0.07219;-0.07221;-0.0002574;-0.0001662;-89.90;-0.07;100.03;0.23;100.03;0.07219;0.07221;-2.505E-05;-11.415;-11.414;-99.990;0.00;-147.15;
2025-11-03 15:18:03.06;0.00:00:09:437;-1.00;0.00;0.00;0.0722;-0.07223;-0.0002641;-0.0001692;-89.90;-0.07;100.03;0.23;100.03;0.0722;0.07223;-2.238E-05;-11.414;-11.413;-99.990;0.00;-147.35;
2025-11-03 15:18:03.11;0.00:00:09:483;-1.00;0.00;0.00;0.07229;-0.07231;-0.0002511;-0.0001745;-89.90;-0.07;100.03;0.24;100.03;0.07229;0.07231;-2.494E-05;-11.409;-11.408;-99.990;0.00;-145.21;
2025-11-03 15:18:03.15;0.00:00:09:529;-1.00;0.00;0.00;0.07236;-0.07238;-0.0002574;-0.000165;-89.90;-0.07;100.03;0.23;100.03;0.07236;0.07238;-2.265E-05;-11.405;-11.404;-99.990;0.00;-147.34;
2025-11-03 15:18:03.20;0.00:00:09:577;-1.00;0.00;0.00;0.07231;-0.07233;-0.0002599;-0.0001699;-89.90;-0.07;100.03;0.24;100.03;0.07231;0.07233;-2.444E-05;-11.408;-11.407;-99.990;0.00;-146.82;
2025-11-03 15:18:03.26;0.00:00:09:639;-1.00;0.00;0.00;0.07227;-0.07229;-0.0002568;-0.0001776;-89.90;-0.07;100.03;0.25;100.03;0.07227;0.07229;-2.406E-05;-11.411;-11.409;-99.990;0.00;-145.33;
2025-11-03 15:18:03.31;0.00:00:09:685;-1.00;0.00;0.00;0.07226;-0.07229;-0.0002542;-0.0001657;-89.90;-0.07;100.04;0.23;100.04;0.07226;0.07229;-2.703E-05;-11.411;-11.409;-99.990;0.00;-146.90;
2025-11-03 15:18:03.36;0.00:00:09:734;-1.00;0.00;0.00;0.07225;-0.07228;-0.0002647;-0.0001712;-89.90;-0.07;100.03;0.24;100.03;0.07225;0.07228;-2.392E-05;-11.411;-11.410;-99.990;0.00;-147.11;
2025-11-03 15:18:03.40;0.00:00:09:781;-1.00;0.00;0.00;0.07222;-0.07224;-0.0002526;-0.0001673;-89.90;-0.07;100.03;0.23;100.03;0.07222;0.07225;-2.484E-05;-11.413;-11.412;-99.990;0.00;-146.49;
2025-11-03 15:18:03.45;0.00:00:09:828;-1.00;0.00;0.00;0.07224;-0.07227;-0.0002601;-0.0001608;-89.90;-0.06;100.03;0.22;100.03;0.07224;0.07227;-2.456E-05;-11.412;-11.411;-99.990;0.00;-148.27;
2025-11-03 15:18:03.50;0.00:00:09:874;-1.00;0.00;0.00;0.07221;-0.07223;-0.0002722;-0.0001668;-89.89;-0.07;100.03;0.23;100.03;0.07221;0.07223;-2.405E-05;-11.414;-11.413;-99.990;0.00;-148.50;
2025-11-03 15:18:03.55;0.00:00:09:922;-1.00;0.00;0.00;0.07224;-0.07227;-0.000256;-0.0001667;-89.90;-0.07;100.04;0.23;100.04;0.07224;0.07227;-2.608E-05;-11.412;-11.411;-99.990;0.00;-146.93;
2025-11-03 15:18:03.59;0.00:00:09:967;-1.00;0.00;0.00;0.07231;-0.07234;-0.000259;-0.0001666;-89.90;-0.07;100.04;0.23;100.04;0.07231;0.07234;-2.654E-05;-11.408;-11.406;-99.990;0.00;-147.26;
2025-11-03 15:18:03.64;0.00:00:10:014;-1.00;0.00;0.00;0.07235;-0.07238;-0.0002548;-0.0001664;-89.90;-0.07;100.04;0.23;100.04;0.07235;0.07238;-2.554E-05;-11.405;-11.404;-99.990;0.00;-146.86;
2025-11-03 15:18:03.69;0.00:00:10:062;-1.00;0.00;0.00;0.07235;-0.07237;-0.0002681;-0.0001589;-89.89;-0.06;100.03;0.22;100.03;0.07235;0.07237;-2.308E-05;-11.406;-11.405;-99.990;0.00;-149.35;
2025-11-03 15:18:03.73;0.00:00:10:109;-1.00;0.00;0.00;0.07218;-0.07221;-0.0002568;-0.0001704;-89.90;-0.07;100.04;0.24;100.04;0.07218;0.07221;-2.736E-05;-11.416;-11.414;-99.990;0.00;-146.44;
2025-11-03 15:18:03.78;0.00:00:10:156;-1.00;0.00;0.00;0.07226;-0.07228;-0.0002425;-0.0001717;-89.90;-0.07;100.04;0.24;100.04;0.07226;0.07228;-2.616E-05;-11.411;-11.410;-99.990;0.00;-144.70;
2025-11-03 15:18:03.83;0.00:00:10:202;-1.00;0.00;0.00;0.07232;-0.07234;-0.0002563;-0.0001704;-89.90;-0.07;100.03;0.24;100.03;0.07232;0.07234;-2.43E-05;-11.408;-11.406;-99.990;0.00;-146.38;
2025-11-03 15:18:03.87;0.00:00:10:250;-1.00;0.00;0.00;0.07231;-0.07233;-0.0002513;-0.0001697;-89.90;-0.07;100.03;0.23;100.03;0.07231;0.07233;-2.487E-05;-11.408;-11.407;-99.990;0.00;-145.97;
2025-11-03 15:18:03.92;0.00:00:10:298;-1.00;0.00;0.00;0.07236;-0.07239;-0.0002556;-0.0001737;-89.90;-0.07;100.03;0.24;100.03;0.07236;0.07239;-2.497E-05;-11.405;-11.403;-99.990;0.00;-145.80;
2025-11-03 15:18:03.97;0.00:00:10:345;-1.00;0.00;0.00;0.07228;-0.07231;-0.0002708;-0.0001639;-89.89;-0.06;100.03;0.23;100.03;0.07228;0.07231;-2.487E-05;-11.410;-11.408;-99.990;0.00;-148.82;
2025-11-03 15:18:04.02;0.00:00:10:392;-1.00;0.00;0.00;0.07221;-0.07223;-0.0002562;-0.0001634;-89.90;-0.06;100.04;0.23;100.04;0.07221;0.07223;-2.621E-05;-11.414;-11.413;-99.990;0.00;-147.47;
2025-11-03 15:18:04.06;0.00:00:10:440;-1.00;0.00;0.00;0.07216;-0.07218;-0.0002736;-0.0001685;-89.89;-0.07;100.03;0.23;100.03;0.07216;0.07218;-2.273E-05;-11.417;-11.416;-99.990;0.00;-148.38;
2025-11-03 15:18:04.11;0.00:00:10:486;-1.00;0.00;0.00;0.07206;-0.07209;-0.0002658;-0.0001685;-89.89;-0.07;100.04;0.23;100.03;0.07206;0.07209;-2.522E-05;-11.423;-11.421;-99.990;0.00;-147.62;
2025-11-03 15:18:04.16;0.00:00:10:533;-1.00;0.00;0.00;0.07212;-0.07215;-0.000242;-0.0001693;-89.90;-0.07;100.04;0.23;100.04;0.07212;0.07215;-2.769E-05;-11.420;-11.418;-99.990;0.00;-145.03;
2025-11-03 15:18:04.20;0.00:00:10:580;-1.00;0.00;0.00;0.07209;-0.07211;-0.0002576;-0.0001645;-89.90;-0.07;100.03;0.23;100.03;0.07209;0.07211;-2.112E-05;-11.421;-11.420;-99.990;0.00;-147.44;
2025-11-03 15:18:04.25;0.00:00:10:627;-1.00;0.00;0.00;0.07205;-0.07207;-0.0002581;-0.000167;-89.90;-0.07;100.03;0.23;100.03;0.07205;0.07207;-2.233E-05;-11.424;-11.423;-99.990;0.00;-147.09;
2025-11-03 15:18:04.30;0.00:00:10:676;-1.00;0.00;0.00;0.07203;-0.07205;-0.0002715;-0.0001679;-89.89;-0.07;100.03;0.23;100.03;0.07203;0.07205;-2.334E-05;-11.425;-11.424;-99.990;0.00;-148.27;
2025-11-03 15:18:04.36;0.00:00:10:735;-1.00;0.00;0.00;0.07202;-0.07205;-0.0002532;-0.0001731;-89.90;-0.07;100.03;0.24;100.03;0.07202;0.07205;-2.427E-05;-11.425;-11.424;-99.990;0.00;-145.65;
2025-11-03 15:18:04.41;0.00:00:10:781;-1.00;0.00;0.00;0.07228;-0.0723;-0.0002534;-0.0001681;-89.90;-0.07;100.03;0.23;100.03;0.07228;0.07231;-2.523E-05;-11.410;-11.408;-99.990;0.00;-146.45;
2025-11-03 15:18:04.45;0.00:00:10:828;-1.00;0.00;0.00;0.07227;-0.07229;-0.0002607;-0.0001612;-89.90;-0.06;100.03;0.22;100.03;0.07227;0.07229;-2.284E-05;-11.411;-11.409;-99.990;0.00;-148.28;
2025-11-03 15:18:04.50;0.00:00:10:876;-1.00;0.00;0.00;0.07215;-0.07218;-0.0002657;-0.0001637;-89.89;-0.06;100.03;0.23;100.03;0.07215;0.07218;-2.381E-05;-11.417;-11.416;-99.990;0.00;-148.37;
2025-11-03 15:18:04.55;0.00:00:10:923;-1.00;0.00;0.00;0.07221;-0.07224;-0.0002649;-0.0001645;-89.89;-0.07;100.03;0.23;100.03;0.07221;0.07224;-2.462E-05;-11.414;-11.412;-99.990;0.00;-148.16;
2025-11-03 15:18:04.59;0.00:00:10:968;-1.00;0.00;0.00;0.07224;-0.07227;-0.0002546;-0.0001642;-89.90;-0.07;100.04;0.23;100.04;0.07224;0.07227;-2.709E-05;-11.412;-11.411;-99.990;0.00;-147.17;
2025-11-03 15:18:04.64;0.00:00:11:015;-1.00;0.00;0.00;0.07219;-0.07221;-0.000274;-0.0001604;-89.89;-0.06;100.03;0.22;100.03;0.07219;0.07221;-2.202E-05;-11.415;-11.414;-99.990;0.00;-149.66;
2025-11-03 15:18:04.69;0.00:00:11:062;-1.00;0.00;0.00;0.07211;-0.07214;-0.0002602;-0.000172;-89.90;-0.07;100.04;0.24;100.04;0.07211;0.07214;-2.582E-05;-11.420;-11.418;-99.990;0.00;-146.53;
2025-11-03 15:18:04.73;0.00:00:11:110;-1.00;0.00;0.00;0.07213;-0.07216;-0.0002494;-0.0001705;-89.90;-0.07;100.03;0.24;100.03;0.07213;0.07216;-2.438E-05;-11.419;-11.417;-99.990;0.00;-145.65;
2025-11-03 15:18:04.78;0.00:00:11:156;-1.00;0.00;0.00;0.07223;-0.07225;-0.0002428;-0.0001769;-89.90;-0.07;100.04;0.24;100.04;0.07223;0.07225;-2.571E-05;-11.413;-11.412;-99.990;0.00;-143.92;
2025-11-03 15:18:04.83;0.00:00:11:204;-1.00;0.00;0.00;0.07229;-0.07231;-0.0002544;-0.0001608;-89.90;-0.06;100.03;0.22;100.03;0.07229;0.07231;-2.371E-05;-11.410;-11.408;-99.990;0.00;-147.70;
2025-11-03 15:18:04.88;0.00:00:11:251;-1.00;0.00;0.00;0.07216;-0.07218;-0.0002651;-0.0001641;-89.89;-0.07;100.03;0.23;100.03;0.07216;0.07219;-2.331E-05;-11.417;-11.416;-99.990;0.00;-148.25;
2025-11-03 15:18:04.92;0.00:00:11:299;-1.00;0.00;0.00;0.07222;-0.07224;-0.0002565;-0.0001654;-89.90;-0.07;100.03;0.23;100.03;0.07222;0.07224;-2.405E-05;-11.414;-11.412;-99.990;0.00;-147.18;
2025-11-03 15:18:04.97;0.00:00:11:345;-1.00;0.00;0.00;0.07226;-0.07229;-0.0002614;-0.0001664;-89.90;-0.07;100.03;0.23;100.03;0.07226;0.07229;-2.334E-05;-11.411;-11.409;-99.990;0.00;-147.52;
2025-11-03 15:18:05.02;0.00:00:11:393;-1.00;0.00;0.00;0.07228;-0.07231;-0.0002531;-0.0001653;-89.90;-0.07;100.04;0.23;100.03;0.07228;0.07231;-2.53E-05;-11.410;-11.408;-99.990;0.00;-146.86;
2025-11-03 15:18:05.07;0.00:00:11:441;-1.00;0.00;0.00;0.0723;-0.07233;-0.0002648;-0.0001698;-89.90;-0.07;100.03;0.23;100.03;0.0723;0.07233;-2.48E-05;-11.409;-11.407;-99.990;0.00;-147.32;
2025-11-03 15:18:05.13;0.00:00:11:503;-1.00;0.00;0.00;0.07231;-0.07234;-0.0002541;-0.0001678;-89.90;-0.07;100.03;0.23;100.03;0.07231;0.07234;-2.328E-05;-11.408;-11.406;-99.990;0.00;-146.56;
2025-11-03 15:18:05.19;0.00:00:11:563;-1.00;0.00;0.00;0.07229;-0.07232;-0.0002533;-0.0001706;-89.90;-0.07;100.03;0.24;100.03;0.07229;0.07232;-2.378E-05;-11.409;-11.408;-99.990;0.00;-146.04;
2025-11-03 15:18:05.23;0.00:00:11:610;-1.00;0.00;0.00;0.0723;-0.07232;-0.0002659;-0.0001676;-89.89;-0.07;100.03;0.23;100.03;0.0723;0.07232;-2.075E-05;-11.409;-11.408;-99.990;0.00;-147.78;
2025-11-03 15:18:05.28;0.00:00:11:658;-1.00;0.00;0.00;0.07233;-0.07235;-0.0002598;-0.0001664;-89.90;-0.07;100.04;0.23;100.04;0.07233;0.07235;-2.553E-05;-11.407;-11.406;-99.990;0.00;-147.36;
2025-11-03 15:18:05.33;0.00:00:11:703;-1.00;0.00;0.00;0.07234;-0.07236;-0.0002626;-0.0001726;-89.90;-0.07;100.03;0.24;100.03;0.07234;0.07236;-2.452E-05;-11.406;-11.405;-99.990;0.00;-146.68;
2025-11-03 15:18:05.37;0.00:00:11:750;-1.00;0.00;0.00;0.07245;-0.07247;-0.0002593;-0.0001593;-89.90;-0.06;100.03;0.22;100.03;0.07245;0.07247;-2.166E-05;-11.400;-11.399;-99.990;0.00;-148.44;
2025-11-03 15:18:05.42;0.00:00:11:796;-1.00;0.00;0.00;0.07222;-0.07224;-0.0002806;-0.000168;-89.89;-0.07;100.03;0.23;100.03;0.07222;0.07224;-2.159E-05;-11.414;-11.412;-99.990;0.00;-149.10;
2025-11-03 15:18:05.47;0.00:00:11:843;-1.00;0.00;0.00;0.07233;-0.07236;-0.0002532;-0.0001749;-89.90;-0.07;100.04;0.24;100.04;0.07233;0.07236;-2.77E-05;-11.407;-11.405;-99.990;0.00;-145.36;
2025-11-03 15:18:05.51;0.00:00:11:890;-1.00;0.00;0.00;0.07233;-0.07235;-0.0002566;-0.0001673;-89.90;-0.07;100.03;0.23;100.03;0.07233;0.07235;-2.184E-05;-11.407;-11.406;-99.990;0.00;-146.90;
2025-11-03 15:18:05.56;0.00:00:11:937;-1.00;0.00;0.00;0.07221;-0.07223;-0.0002644;-0.0001592;-89.90;-0.06;100.03;0.22;100.03;0.07221;0.07223;-2.412E-05;-11.414;-11.413;-99.990;0.00;-148.95;
2025-11-03 15:18:05.61;0.00:00:11:983;-1.00;0.00;0.00;0.07228;-0.07231;-0.0002569;-0.0001635;-89.90;-0.06;100.04;0.23;100.04;0.07228;0.07231;-2.725E-05;-11.410;-11.408;-99.990;0.00;-147.52;
2025-11-03 15:18:05.65;0.00:00:12:029;-1.00;0.00;0.00;0.07222;-0.07225;-0.0002687;-0.0001625;-89.89;-0.06;100.03;0.22;100.03;0.07222;0.07225;-2.239E-05;-11.413;-11.412;-99.990;0.00;-148.83;
2025-11-03 15:18:05.70;0.00:00:12:077;-1.00;0.00;0.00;0.07223;-0.07226;-0.0002599;-0.0001564;-89.90;-0.06;100.03;0.22;100.03;0.07223;0.07226;-2.463E-05;-11.413;-11.411;-99.990;0.00;-148.96;
2025-11-03 15:18:05.75;0.00:00:12:123;-1.00;0.00;0.00;0.07219;-0.07221;-0.000247;-0.000167;-89.90;-0.07;100.04;0.23;100.03;0.07219;0.07221;-2.527E-05;-11.415;-11.414;-99.990;0.00;-145.94;
2025-11-03 15:18:05.79;0.00:00:12:169;-1.00;0.00;0.00;0.07217;-0.07219;-0.0002696;-0.0001719;-89.89;-0.07;100.03;0.24;100.03;0.07217;0.07219;-2.136E-05;-11.416;-11.415;-99.990;0.00;-147.48;
2025-11-03 15:18:05.84;0.00:00:12:217;-1.00;0.00;0.00;0.07224;-0.07226;-0.0002494;-0.0001692;-89.90;-0.07;100.04;0.23;100.04;0.07224;0.07226;-2.738E-05;-11.412;-11.411;-99.990;0.00;-145.84;
2025-11-03 15:18:05.89;0.00:00:12:264;-1.00;0.00;0.00;0.07234;-0.07237;-0.0002574;-0.0001653;-89.90;-0.07;100.04;0.23;100.04;0.07234;0.07237;-2.684E-05;-11.406;-11.405;-99.990;0.00;-147.28;
2025-11-03 15:18:05.93;0.00:00:12:309;-1.00;0.00;0.00;0.07228;-0.0723;-0.0002674;-0.0001599;-89.89;-0.06;100.03;0.22;100.03;0.07228;0.0723;-2.472E-05;-11.410;-11.409;-99.990;0.00;-149.12;
2025-11-03 15:18:05.98;0.00:00:12:357;-1.00;0.00;0.00;0.07215;-0.07218;-0.000254;-0.000165;-89.90;-0.07;100.04;0.23;100.04;0.07215;0.07218;-2.597E-05;-11.418;-11.416;-99.990;0.00;-146.98;
2025-11-03 15:18:06.03;0.00:00:12:405;-1.00;0.00;0.00;0.07226;-0.07229;-0.0002506;-0.000185;-89.90;-0.07;100.04;0.26;100.04;0.07226;0.07229;-2.724E-05;-11.411;-11.409;-99.990;0.00;-143.56;
2025-11-03 15:18:06.08;0.00:00:12:452;-1.00;0.00;0.00;0.07243;-0.07246;-0.0002458;-0.0001773;-89.90;-0.07;100.03;0.24;100.03;0.07243;0.07246;-2.485E-05;-11.401;-11.399;-99.990;0.00;-144.20;
2025-11-03 15:18:06.12;0.00:00:12:499;-1.00;0.00;0.00;0.07245;-0.07247;-0.000267;-0.000162;-89.89;-0.06;100.03;0.22;100.03;0.07245;0.07247;-2.246E-05;-11.400;-11.398;-99.990;0.00;-148.76;
2025-11-03 15:18:06.17;0.00:00:12:546;-1.00;0.00;0.00;0.07236;-0.07239;-0.0002769;-0.0001588;-89.89;-0.06;100.03;0.22;100.03;0.07236;0.07239;-2.135E-05;-11.405;-11.403;-99.990;0.00;-150.16;
2025-11-03 15:18:06.22;0.00:00:12:593;-1.00;0.00;0.00;0.07219;-0.07222;-0.0002583;-0.0001696;-89.90;-0.07;100.03;0.23;100.03;0.07219;0.07222;-2.44E-05;-11.415;-11.414;-99.990;0.00;-146.71;
2025-11-03 15:18:06.26;0.00:00:12:640;-1.00;0.00;0.00;0.07228;-0.0723;-0.0002585;-0.000169;-89.90;-0.07;100.04;0.23;100.04;0.07228;0.0723;-2.674E-05;-11.410;-11.408;-99.990;0.00;-146.82;
2025-11-03 15:18:06.31;0.00:00:12:685;-1.00;0.00;0.00;0.07229;-0.07231;-0.0002557;-0.0001567;-89.90;-0.06;100.03;0.22;100.03;0.07229;0.07231;-2.01E-05;-11.409;-11.408;-99.990;0.00;-148.49;
2025-11-03 15:18:06.36;0.00:00:12:731;-1.00;0.00;0.00;0.07217;-0.07219;-0.0002728;-0.0001621;-89.89;-0.06;100.03;0.22;100.03;0.07217;0.07219;-2.519E-05;-11.417;-11.415;-99.990;0.00;-149.28;
2025-11-03 15:18:06.40;0.00:00:12:779;-1.00;0.00;0.00;0.07209;-0.07211;-0.0002718;-0.0001675;-89.89;-0.07;100.03;0.23;100.03;0.07209;0.07211;-2.235E-05;-11.421;-11.420;-99.990;0.00;-148.35;
2025-11-03 15:18:06.45;0.00:00:12:825;-1.00;0.00;0.00;0.07212;-0.07214;-0.0002672;-0.0001654;-89.89;-0.07;100.03;0.23;100.03;0.07212;0.07214;-2.192E-05;-11.420;-11.418;-99.990;0.00;-148.25;
2025-11-03 15:18:06.50;0.00:00:12:872;-1.00;0.00;0.00;0.07206;-0.07208;-0.000265;-0.0001665;-89.89;-0.07;100.03;0.23;100.03;0.07206;0.07208;-2.248E-05;-11.423;-11.422;-99.990;0.00;-147.86;
2025-11-03 15:18:06.54;0.00:00:12:920;-1.00;0.00;0.00;0.07199;-0.07201;-0.0002498;-0.0001613;-89.90;-0.06;100.03;0.22;100.03;0.07199;0.07201;-2.282E-05;-11.427;-11.426;-99.990;0.00;-147.15;
2025-11-03 15:18:06.59;0.00:00:12:968;-1.00;0.00;0.00;0.07197;-0.07199;-0.0002525;-0.0001705;-89.90;-0.07;100.03;0.24;100.03;0.07197;0.07199;-2.375E-05;-11.428;-11.427;-99.990;0.00;-145.97;
2025-11-03 15:18:06.64;0.00:00:13:015;-1.00;0.00;0.00;0.07219;-0.07221;-0.0002482;-0.0001702;-89.90;-0.07;100.04;0.24;100.04;0.07219;0.07221;-2.794E-05;-11.415;-11.414;-99.990;0.00;-145.56;
2025-11-03 15:18:06.69;0.00:00:13:069;-1.00;0.00;0.00;0.07236;-0.07239;-0.0002451;-0.000168;-89.90;-0.07;100.04;0.23;100.04;0.07236;0.07239;-2.706E-05;-11.405;-11.403;-99.990;0.00;-145.58;
2025-11-03 15:18:06.74;0.00:00:13:118;-1.00;0.00;0.00;0.07218;-0.0722;-0.0002652;-0.0001652;-89.89;-0.07;100.03;0.23;100.03;0.07218;0.0722;-2.36E-05;-11.416;-11.414;-99.990;0.00;-148.09;
2025-11-03 15:18:06.80;0.00:00:13:179;-1.00;0.00;0.00;0.07219;-0.07222;-0.0002447;-0.0001735;-89.90;-0.07;100.04;0.24;100.04;0.07219;0.07222;-2.613E-05;-11.415;-11.413;-99.990;0.00;-144.67;
2025-11-03 15:18:06.86;0.00:00:13:232;-1.00;0.00;0.00;0.07222;-0.07224;-0.0002668;-0.0001712;-89.89;-0.07;100.03;0.24;100.03;0.07222;0.07225;-2.369E-05;-11.413;-11.412;-99.990;0.00;-147.31;
2025-11-03 15:18:06.91;0.00:00:13:282;-1.00;0.00;0.00;0.07227;-0.07229;-0.0002499;-0.0001664;-89.90;-0.07;100.04;0.23;100.04;0.07227;0.07229;-2.681E-05;-11.411;-11.409;-99.990;0.00;-146.34;
2025-11-03 15:18:06.96;0.00:00:13:333;-1.00;0.00;0.00;0.07229;-0.07231;-0.0002633;-0.0001624;-89.90;-0.06;100.03;0.22;100.03;0.07229;0.07231;-2.335E-05;-11.409;-11.408;-99.990;0.00;-148.33;
2025-11-03 15:18:07.02;0.00:00:13:395;-1.00;0.00;0.00;0.07219;-0.07221;-0.0002684;-0.0001631;-89.89;-0.06;100.04;0.23;100.04;0.07219;0.07221;-2.57E-05;-11.415;-11.414;-99.990;0.00;-148.72;
2025-11-03 15:18:07.07;0.00:00:13:446;-1.00;0.00;0.00;0.07207;-0.0721;-0.0002635;-0.0001644;-89.90;-0.07;100.03;0.23;100.03;0.07207;0.0721;-2.378E-05;-11.422;-11.421;-99.990;0.00;-148.03;
2025-11-03 15:18:07.13;0.00:00:13:506;-1.00;0.00;0.00;0.07218;-0.07221;-0.0002388;-0.0001662;-89.91;-0.07;100.04;0.23;100.04;0.07218;0.07221;-2.786E-05;-11.416;-11.414;-99.990;0.00;-145.16;
2025-11-03 15:18:07.18;0.00:00:13:559;-1.00;0.00;0.00;0.07217;-0.07219;-0.0002797;-0.0001638;-89.89;-0.07;100.03;0.23;100.03;0.07217;0.07219;-2.179E-05;-11.417;-11.415;-99.990;0.00;-149.64;
2025-11-03 15:18:07.23;0.00:00:13:606;-1.00;0.00;0.00;0.07218;-0.0722;-0.0002486;-0.0001694;-89.90;-0.07;100.03;0.23;100.03;0.07218;0.0722;-2.512E-05;-11.416;-11.414;-99.990;0.00;-145.72;
2025-11-03 15:18:07.29;0.00:00:13:661;-1.00;0.00;0.00;0.07229;-0.07231;-0.0002638;-0.0001577;-89.90;-0.06;100.03;0.22;100.03;0.07229;0.07231;-2.422E-05;-11.409;-11.408;-99.990;0.00;-149.13;
2025-11-03 15:18:07.35;0.00:00:13:726;-1.00;0.00;0.00;0.07218;-0.07221;-0.0002523;-0.0001682;-89.90;-0.07;100.04;0.23;100.04;0.07218;0.07221;-2.591E-05;-11.416;-11.414;-99.990;0.00;-146.32;
2025-11-03 15:18:07.39;0.00:00:13:771;-1.00;0.00;0.00;0.07223;-0.07225;-0.0002697;-0.0001618;-89.89;-0.06;100.03;0.22;100.03;0.07223;0.07225;-2.203E-05;-11.413;-11.412;-99.990;0.00;-149.04;
2025-11-03 15:18:07.44;0.00:00:13:820;-1.00;0.00;0.00;0.0721;-0.07212;-0.0002582;-0.0001656;-89.90;-0.07;100.03;0.23;100.03;0.0721;0.07212;-2.307E-05;-11.421;-11.419;-99.990;0.00;-147.34;
2025-11-03 15:18:07.49;0.00:00:13:865;-1.00;0.00;0.00;0.07202;-0.07204;-0.000264;-0.0001566;-89.90;-0.06;100.03;0.22;100.03;0.07202;0.07204;-2.276E-05;-11.425;-11.424;-99.990;0.00;-149.33;
2025-11-03 15:18:07.54;0.00:00:13:914;-1.00;0.00;0.00;0.07197;-0.07199;-0.0002597;-0.0001736;-89.90;-0.07;100.03;0.24;100.03;0.07197;0.07199;-2.461E-05;-11.429;-11.427;-99.990;0.00;-146.24;
2025-11-03 15:18:07.60;0.00:00:13:972;-1.00;0.00;0.00;0.07202;-0.07204;-0.0002464;-0.0001678;-89.90;-0.07;100.03;0.23;100.03;0.07202;0.07204;-2.485E-05;-11.426;-11.424;-99.990;0.00;-145.74;
2025-11-03 15:18:07.65;0.00:00:14:023;-1.00;0.00;0.00;0.07201;-0.07203;-0.0002602;-0.0001692;-89.90;-0.07;100.04;0.24;100.04;0.07201;0.07203;-2.751E-05;-11.426;-11.425;-99.990;0.00;-146.96;
2025-11-03 15:18:07.69;0.00:00:14:068;-1.00;0.00;0.00;0.07198;-0.07201;-0.0002611;-0.0001628;-89.90;-0.06;100.03;0.23;100.03;0.07198;0.07201;-2.239E-05;-11.428;-11.426;-99.990;0.00;-148.06;
2025-11-03 15:18:07.74;0.00:00:14:121;-1.00;0.00;0.00;0.07203;-0.07205;-0.0002646;-0.0001655;-89.89;-0.07;100.03;0.23;100.03;0.07203;0.07205;-2.442E-05;-11.425;-11.424;-99.990;0.00;-147.99;
2025-11-03 15:18:07.80;0.00:00:14:173;-1.00;0.00;0.00;0.07205;-0.07207;-0.0002647;-0.0001663;-89.89;-0.07;100.03;0.23;100.03;0.07205;0.07207;-2.5E-05;-11.424;-11.422;-99.990;0.00;-147.87;
2025-11-03 15:18:07.85;0.00:00:14:222;-1.00;0.00;0.00;0.07214;-0.07216;-0.0002562;-0.0001673;-89.90;-0.07;100.03;0.23;100.03;0.07214;0.07216;-2.503E-05;-11.418;-11.417;-99.990;0.00;-146.85;
2025-11-03 15:18:07.89;0.00:00:14:269;-1.00;0.00;0.00;0.07208;-0.07211;-0.0002715;-0.0001612;-89.89;-0.06;100.04;0.22;100.04;0.07208;0.07211;-2.566E-05;-11.422;-11.420;-99.990;0.00;-149.30;
2025-11-03 15:18:07.96;0.00:00:14:334;-1.00;0.00;0.00;0.07215;-0.07217;-0.0002597;-0.0001638;-89.90;-0.07;100.03;0.23;100.03;0.07215;0.07218;-2.237E-05;-11.417;-11.416;-99.990;0.00;-147.76;
2025-11-03 15:18:08.02;0.00:00:14:396;-1.00;0.00;0.00;0.07221;-0.07224;-0.0002517;-0.0001638;-89.90;-0.06;100.04;0.23;100.04;0.07221;0.07224;-2.737E-05;-11.414;-11.412;-99.990;0.00;-146.95;
2025-11-03 15:18:08.07;0.00:00:14:448;-1.00;0.00;0.00;0.07222;-0.07224;-0.0002667;-0.0001586;-89.89;-0.06;100.03;0.22;100.03;0.07222;0.07224;-2.253E-05;-11.414;-11.412;-99.990;0.00;-149.27;
2025-11-03 15:18:08.14;0.00:00:14:511;-1.00;0.00;0.00;0.07204;-0.07206;-0.0002619;-0.0001726;-89.90;-0.07;100.03;0.24;100.03;0.07204;0.07206;-2.435E-05;-11.424;-11.423;-99.990;0.00;-146.62;
2025-11-03 15:18:08.20;0.00:00:14:572;-1.00;0.00;0.00;0.0721;-0.07213;-0.0002617;-0.000165;-89.90;-0.07;100.03;0.23;100.03;0.0721;0.07213;-2.235E-05;-11.420;-11.419;-99.990;0.00;-147.78;
2025-11-03 15:18:08.25;0.00:00:14:622;-1.00;0.00;0.00;0.07219;-0.07222;-0.0002505;-0.0001692;-89.90;-0.07;100.04;0.23;100.04;0.07219;0.07222;-2.743E-05;-11.415;-11.413;-99.990;0.00;-145.96;
2025-11-03 15:18:08.30;0.00:00:14:673;-1.00;0.00;0.00;0.07222;-0.07224;-0.000262;-0.0001644;-89.90;-0.07;100.03;0.23;100.03;0.07222;0.07224;-2.304E-05;-11.413;-11.412;-99.990;0.00;-147.89;
2025-11-03 15:18:08.35;0.00:00:14:725;-1.00;0.00;0.00;0.07231;-0.07233;-0.0002678;-0.0001635;-89.89;-0.06;100.03;0.23;100.03;0.07231;0.07233;-2.437E-05;-11.408;-11.407;-99.990;0.00;-148.59;
2025-11-03 15:18:08.40;0.00:00:14:776;-1.00;0.00;0.00;0.0722;-0.07222;-0.0002774;-0.0001625;-89.89;-0.06;100.03;0.23;100.03;0.0722;0.07222;-2.137E-05;-11.415;-11.413;-99.990;0.00;-149.64;
2025-11-03 15:18:08.45;0.00:00:14:827;-1.00;0.00;0.00;0.07216;-0.07219;-0.0002432;-0.0001744;-89.90;-0.07;100.04;0.24;100.04;0.07216;0.07219;-2.865E-05;-11.417;-11.415;-99.990;0.00;-144.35;
2025-11-03 15:18:08.50;0.00:00:14:877;-1.00;0.00;0.00;0.07219;-0.07221;-0.0002892;-0.0001558;-89.89;-0.06;100.03;0.22;100.03;0.07219;0.07221;-2.101E-05;-11.415;-11.414;-99.990;0.00;-151.68;
2025-11-03 15:18:08.56;0.00:00:14:937;-1.00;0.00;0.00;0.07193;-0.07195;-0.000264;-0.0001627;-89.89;-0.06;100.03;0.23;100.03;0.07193;0.07195;-2.151E-05;-11.431;-11.429;-99.990;0.00;-148.36;
2025-11-03 15:18:08.61;0.00:00:14:985;-1.00;0.00;0.00;0.07191;-0.07194;-0.0002524;-0.0001719;-89.90;-0.07;100.04;0.24;100.04;0.07191;0.07194;-2.833E-05;-11.432;-11.430;-99.990;0.00;-145.74;
2025-11-03 15:18:08.66;0.00:00:15:037;-1.00;0.00;0.00;0.07206;-0.07209;-0.000241;-0.0001614;-89.90;-0.06;100.04;0.22;100.04;0.07206;0.07209;-2.796E-05;-11.423;-11.421;-99.990;0.00;-146.19;
2025-11-03 15:18:08.71;0.00:00:15:087;-1.00;0.00;0.00;0.07216;-0.07218;-0.0002634;-0.0001707;-89.90;-0.07;100.04;0.24;100.04;0.07216;0.07218;-2.756E-05;-11.417;-11.416;-99.990;0.00;-147.05;
2025-11-03 15:18:08.77;0.00:00:15:148;-1.00;0.00;0.00;0.0722;-0.07222;-0.0002593;-0.0001571;-89.90;-0.06;100.03;0.22;100.03;0.0722;0.07223;-2.505E-05;-11.415;-11.413;-99.990;0.00;-148.79;
2025-11-03 15:18:08.82;0.00:00:15:200;-1.00;0.00;0.00;0.07224;-0.07227;-0.0002673;-0.0001677;-89.89;-0.07;100.04;0.23;100.04;0.07224;0.07227;-2.608E-05;-11.412;-11.411;-99.990;0.00;-147.90;
2025-11-03 15:18:08.88;0.00:00:15:251;-1.00;0.00;0.00;0.07228;-0.07231;-0.0002567;-0.0001601;-89.90;-0.06;100.03;0.22;100.03;0.07228;0.07231;-2.443E-05;-11.410;-11.408;-99.990;0.00;-148.05;
2025-11-03 15:18:08.93;0.00:00:15:304;-1.00;0.00;0.00;0.07213;-0.07215;-0.000281;-0.0001645;-89.89;-0.07;100.03;0.23;100.03;0.07213;0.07215;-2.222E-05;-11.419;-11.418;-99.990;0.00;-149.66;
2025-11-03 15:18:08.99;0.00:00:15:364;-1.00;0.00;0.00;0.07188;-0.0719;-0.0002438;-0.0001755;-89.90;-0.07;100.04;0.24;100.04;0.07188;0.0719;-2.659E-05;-11.434;-11.433;-99.990;0.00;-144.25;
2025-11-03 15:18:09.05;0.00:00:15:425;-1.00;0.00;0.00;0.07194;-0.07196;-0.0002482;-0.0001732;-89.90;-0.07;100.04;0.24;100.04;0.07194;0.07196;-2.726E-05;-11.431;-11.429;-99.990;0.00;-145.09;
2025-11-03 15:18:09.10;0.00:00:15:479;-1.00;0.00;0.00;0.07211;-0.07213;-0.00026;-0.0001645;-89.90;-0.07;100.04;0.23;100.04;0.07211;0.07213;-2.61E-05;-11.420;-11.419;-99.990;0.00;-147.68;
2025-11-03 15:18:09.16;0.00:00:15:535;-1.00;0.00;0.00;0.07204;-0.07206;-0.0002639;-0.0001655;-89.90;-0.07;100.04;0.23;100.04;0.07204;0.07206;-2.55E-05;-11.424;-11.423;-99.990;0.00;-147.92;
2025-11-03 15:18:09.21;0.00:00:15:589;-1.00;0.00;0.00;0.07196;-0.07198;-0.0002724;-0.0001575;-89.89;-0.06;100.03;0.22;100.03;0.07196;0.07198;-2.108E-05;-11.429;-11.428;-99.990;0.00;-149.96;
2025-11-03 15:18:09.26;0.00:00:15:640;-1.00;0.00;0.00;0.07186;-0.07188;-0.000271;-0.0001641;-89.89;-0.07;100.04;0.23;100.04;0.07186;0.07188;-2.58E-05;-11.435;-11.434;-99.990;0.00;-148.81;
2025-11-03 15:18:09.32;0.00:00:15:692;-1.00;0.00;0.00;0.0719;-0.07193;-0.0002594;-0.0001672;-89.90;-0.07;100.03;0.23;100.03;0.0719;0.07193;-2.279E-05;-11.432;-11.431;-99.990;0.00;-147.20;
2025-11-03 15:18:09.37;0.00:00:15:745;-1.00;0.00;0.00;0.07198;-0.07201;-0.0002334;-0.0001699;-89.91;-0.07;100.03;0.24;100.03;0.07198;0.07201;-2.476E-05;-11.428;-11.426;-99.990;0.00;-143.94;
2025-11-03 15:18:09.42;0.00:00:15:791;-1.00;0.00;0.00;0.07212;-0.07215;-0.0002608;-0.0001697;-89.90;-0.07;100.03;0.24;100.03;0.07212;0.07215;-2.445E-05;-11.419;-11.418;-99.990;0.00;-146.95;
2025-11-03 15:18:09.47;0.00:00:15:842;-1.00;0.00;0.00;0.07223;-0.07225;-0.0002628;-0.0001631;-89.90;-0.06;100.03;0.23;100.03;0.07223;0.07225;-2.434E-05;-11.413;-11.411;-99.990;0.00;-148.17;
2025-11-03 15:18:09.52;0.00:00:15:893;-1.00;0.00;0.00;0.07227;-0.0723;-0.0002619;-0.000166;-89.90;-0.07;100.04;0.23;100.04;0.07227;0.0723;-2.623E-05;-11.410;-11.409;-99.990;0.00;-147.63;
2025-11-03 15:18:09.58;0.00:00:15:954;-1.00;0.00;0.00;0.07222;-0.07224;-0.0002578;-0.0001659;-89.90;-0.07;100.03;0.23;100.03;0.07222;0.07224;-2.455E-05;-11.414;-11.412;-99.990;0.00;-147.23;
2025-11-03 15:18:09.64;0.00:00:16:016;-1.00;0.00;0.00;0.07218;-0.0722;-0.0002689;-0.0001636;-89.89;-0.06;100.03;0.23;100.03;0.07218;0.0722;-2.324E-05;-11.416;-11.414;-99.990;0.00;-148.69;
2025-11-03 15:18:09.69;0.00:00:16:066;-1.00;0.00;0.00;0.07224;-0.07226;-0.0002629;-0.0001614;-89.90;-0.06;100.03;0.22;100.03;0.07224;0.07226;-2.456E-05;-11.412;-11.411;-99.990;0.00;-148.46;
2025-11-03 15:18:09.74;0.00:00:16:113;-1.00;0.00;0.00;0.07216;-0.07219;-0.0002482;-0.0001656;-89.90;-0.07;100.03;0.23;100.03;0.07216;0.07219;-2.497E-05;-11.417;-11.415;-99.990;0.00;-146.29;
2025-11-03 15:18:09.79;0.00:00:16:166;-1.00;0.00;0.00;0.07222;-0.07224;-0.0002675;-0.0001576;-89.89;-0.06;100.03;0.22;100.03;0.07222;0.07224;-2.34E-05;-11.414;-11.412;-99.990;0.00;-149.48;
2025-11-03 15:18:09.84;0.00:00:16:216;-1.00;0.00;0.00;0.07217;-0.07219;-0.0002581;-0.0001715;-89.90;-0.07;100.03;0.24;100.03;0.07217;0.07219;-2.107E-05;-11.416;-11.415;-99.990;0.00;-146.40;
2025-11-03 15:18:09.89;0.00:00:16:264;-1.00;0.00;0.00;0.07209;-0.07212;-0.0002643;-0.0001607;-89.90;-0.06;100.04;0.22;100.04;0.07209;0.07212;-2.653E-05;-11.421;-11.419;-99.990;0.00;-148.70;
2025-11-03 15:18:09.94;0.00:00:16:319;-1.00;0.00;0.00;0.07208;-0.07211;-0.0002461;-0.0001696;-89.90;-0.07;100.04;0.24;100.03;0.07208;0.07211;-2.537E-05;-11.422;-11.420;-99.990;0.00;-145.43;
2025-11-03 15:18:09.99;0.00:00:16:370;-1.00;0.00;0.00;0.07222;-0.07225;-0.0002528;-0.0001622;-89.90;-0.06;100.04;0.22;100.04;0.07222;0.07225;-2.679E-05;-11.413;-11.412;-99.990;0.00;-147.31;
2025-11-03 15:18:10.05;0.00:00:16:422;-1.00;0.00;0.00;0.0722;-0.07222;-0.0002674;-0.0001521;-89.89;-0.06;100.03;0.21;100.03;0.0722;0.07222;-1.978E-05;-11.415;-11.413;-99.990;0.00;-150.37;
2025-11-03 15:18:10.10;0.00:00:16:475;-1.00;0.00;0.00;0.07202;-0.07204;-0.0002614;-0.0001574;-89.90;-0.06;100.03;0.22;100.03;0.07202;0.07204;-2.377E-05;-11.425;-11.424;-99.990;0.00;-148.95;
2025-11-03 15:18:10.15;0.00:00:16:523;-1.00;0.00;0.00;0.07205;-0.07207;-0.000249;-0.0001691;-89.90;-0.07;100.04;0.23;100.04;0.07205;0.07208;-2.608E-05;-11.424;-11.422;-99.990;0.00;-145.83;
2025-11-03 15:18:10.20;0.00:00:16:577;-1.00;0.00;0.00;0.0721;-0.07212;-0.0002497;-0.0001651;-89.90;-0.07;100.04;0.23;100.03;0.0721;0.07212;-2.523E-05;-11.421;-11.419;-99.990;0.00;-146.53;
2025-11-03 15:18:10.25;0.00:00:16:628;-1.00;0.00;0.00;0.07221;-0.07224;-0.0002631;-0.0001642;-89.90;-0.07;100.03;0.23;100.03;0.07221;0.07224;-2.455E-05;-11.414;-11.412;-99.990;0.00;-148.03;
2025-11-03 15:18:10.30;0.00:00:16:677;-1.00;0.00;0.00;0.0722;-0.07222;-0.0002606;-0.0001578;-89.90;-0.06;100.03;0.22;100.03;0.0722;0.07222;-2.332E-05;-11.415;-11.413;-99.990;0.00;-148.80;
2025-11-03 15:18:10.36;0.00:00:16:739;-1.00;0.00;0.00;0.07219;-0.07222;-0.0002628;-0.0001696;-89.90;-0.07;100.04;0.23;100.04;0.07219;0.07222;-2.714E-05;-11.415;-11.414;-99.990;0.00;-147.16;
2025-11-03 15:18:10.41;0.00:00:16:790;-1.00;0.00;0.00;0.07218;-0.0722;-0.0002532;-0.0001666;-89.90;-0.07;100.03;0.23;100.03;0.07218;0.0722;-2.339E-05;-11.416;-11.415;-99.990;0.00;-146.65;
2025-11-03 15:18:10.47;0.00:00:16:841;-1.00;0.00;0.00;0.07221;-0.07224;-0.0002587;-0.0001607;-89.90;-0.06;100.04;0.22;100.04;0.07221;0.07224;-2.795E-05;-11.414;-11.412;-99.990;0.00;-148.15;
2025-11-03 15:18:10.52;0.00:00:16:892;-1.00;0.00;0.00;0.07232;-0.07234;-0.0002451;-0.0001659;-89.90;-0.07;100.03;0.23;100.03;0.07232;0.07234;-2.293E-05;-11.407;-11.406;-99.990;0.00;-145.92;
2025-11-03 15:18:10.57;0.00:00:16:944;-1.00;0.00;0.00;0.07228;-0.07231;-0.0002593;-0.0001655;-89.90;-0.07;100.04;0.23;100.04;0.07228;0.07231;-2.624E-05;-11.410;-11.408;-99.990;0.00;-147.45;
2025-11-03 15:18:10.61;0.00:00:16:991;-1.00;0.00;0.00;0.07221;-0.07223;-0.0002676;-0.0001638;-89.89;-0.06;100.03;0.23;100.03;0.07221;0.07224;-2.361E-05;-11.414;-11.413;-99.990;0.00;-148.53;
2025-11-03 15:18:10.66;0.00:00:17:037;-1.00;0.00;0.00;0.07218;-0.0722;-0.0002595;-0.0001562;-89.90;-0.06;100.03;0.22;100.03;0.07218;0.0722;-2.238E-05;-11.416;-11.414;-99.990;0.00;-148.96;
2025-11-03 15:18:10.71;0.00:00:17:084;-1.00;0.00;0.00;0.07208;-0.07211;-0.0002693;-0.0001596;-89.89;-0.06;100.03;0.22;100.03;0.07208;0.07211;-2.487E-05;-11.422;-11.420;-99.990;0.00;-149.35;
2025-11-03 15:18:10.75;0.00:00:17:130;-1.00;0.00;0.00;0.07213;-0.07216;-0.000254;-0.0001667;-89.90;-0.07;100.03;0.23;100.03;0.07213;0.07216;-2.337E-05;-11.419;-11.417;-99.990;0.00;-146.73;
2025-11-03 15:18:10.80;0.00:00:17:178;-1.00;0.00;0.00;0.07215;-0.07218;-0.000259;-0.0001659;-89.90;-0.07;100.03;0.23;100.03;0.07215;0.07218;-2.417E-05;-11.417;-11.416;-99.990;0.00;-147.35;
2025-11-03 15:18:10.85;0.00:00:17:226;-1.00;0.00;0.00;0.07212;-0.07215;-0.000263;-0.0001573;-89.90;-0.06;100.04;0.22;100.04;0.07212;0.07215;-2.611E-05;-11.419;-11.418;-99.990;0.00;-149.12;
2025-11-03 15:18:10.90;0.00:00:17:272;-1.00;0.00;0.00;0.07213;-0.07215;-0.0002493;-0.0001616;-89.90;-0.06;100.03;0.22;100.03;0.07213;0.07215;-2.359E-05;-11.419;-11.418;-99.990;0.00;-147.04;
2025-11-03 15:18:10.94;0.00:00:17:319;-1.00;0.00;0.00;0.07208;-0.0721;-0.0002696;-0.000163;-89.89;-0.06;100.03;0.23;100.03;0.07208;0.0721;-2.314E-05;-11.422;-11.421;-99.990;0.00;-148.83;
2025-11-03 15:18:10.99;0.00:00:17:364;-1.00;0.00;0.00;0.0721;-0.07212;-0.0002634;-0.000159;-89.90;-0.06;100.03;0.22;100.03;0.0721;0.07212;-2.509E-05;-11.421;-11.419;-99.990;0.00;-148.89;
2025-11-03 15:18:11.03;0.00:00:17:411;-1.00;0.00;0.00;0.07201;-0.07203;-0.0002681;-0.0001618;-89.89;-0.06;100.03;0.22;100.03;0.07201;0.07203;-2.326E-05;-11.426;-11.425;-99.990;0.00;-148.89;
2025-11-03 15:18:11.09;0.00:00:17:462;-1.00;0.00;0.00;0.07207;-0.0721;-0.0002577;-0.0001668;-89.90;-0.07;100.04;0.23;100.04;0.07207;0.0721;-2.811E-05;-11.422;-11.421;-99.990;0.00;-147.10;
2025-11-03 15:18:11.14;0.00:00:17:521;-1.00;0.00;0.00;0.07209;-0.07211;-0.0002621;-0.0001596;-89.90;-0.06;100.03;0.22;100.03;0.07209;0.07211;-2.192E-05;-11.421;-11.420;-99.990;0.00;-148.66;
2025-11-03 15:18:11.19;0.00:00:17:566;-1.00;0.00;0.00;0.07198;-0.07201;-0.0002616;-0.0001668;-89.90;-0.07;100.04;0.23;100.04;0.07198;0.07201;-2.555E-05;-11.428;-11.426;-99.990;0.00;-147.47;
2025-11-03 15:18:11.24;0.00:00:17:613;-1.00;0.00;0.00;0.07208;-0.0721;-0.0002541;-0.0001629;-89.90;-0.06;100.03;0.23;100.03;0.07208;0.0721;-2.364E-05;-11.422;-11.421;-99.990;0.00;-147.34;
2025-11-03 15:18:11.29;0.00:00:17:661;-1.00;0.00;0.00;0.07208;-0.0721;-0.0002586;-0.0001581;-89.90;-0.06;100.04;0.22;100.04;0.07208;0.0721;-2.616E-05;-11.422;-11.420;-99.990;0.00;-148.57;
2025-11-03 15:18:11.33;0.00:00:17:708;-1.00;0.00;0.00;0.07212;-0.07215;-0.0002588;-0.0001683;-89.90;-0.07;100.03;0.23;100.03;0.07212;0.07215;-2.503E-05;-11.419;-11.418;-99.990;0.00;-146.96;
2025-11-03 15:18:11.38;0.00:00:17:755;-1.00;0.00;0.00;0.07214;-0.07217;-0.0002594;-0.0001625;-89.90;-0.06;100.03;0.23;100.03;0.07214;0.07217;-2.511E-05;-11.418;-11.417;-99.990;0.00;-147.93;
2025-11-03 15:18:11.44;0.00:00:17:817;-1.00;0.00;0.00;0.07206;-0.07209;-0.0002578;-0.0001659;-89.90;-0.07;100.03;0.23;100.03;0.07206;0.07209;-2.378E-05;-11.423;-11.421;-99.990;0.00;-147.24;
2025-11-03 15:18:11.49;0.00:00:17:863;-1.00;0.00;0.00;0.07214;-0.07216;-0.0002487;-0.0001625;-89.90;-0.06;100.04;0.23;100.04;0.07214;0.07217;-2.575E-05;-11.418;-11.417;-99.990;0.00;-146.84;
2025-11-03 15:18:11.53;0.00:00:17:910;-1.00;0.00;0.00;0.07217;-0.07219;-0.000262;-0.0001711;-89.90;-0.07;100.04;0.24;100.03;0.07217;0.07219;-2.54E-05;-11.417;-11.415;-99.990;0.00;-146.85;
2025-11-03 15:18:11.58;0.00:00:17:957;-1.00;0.00;0.00;0.07218;-0.07221;-0.0002581;-0.0001713;-89.90;-0.07;100.03;0.24;100.03;0.07218;0.07221;-2.469E-05;-11.416;-11.414;-99.990;0.00;-146.43;
2025-11-03 15:18:11.63;0.00:00:18:002;-1.00;0.00;0.00;0.07217;-0.0722;-0.0002611;-0.0001624;-89.90;-0.06;100.04;0.22;100.04;0.07217;0.0722;-2.642E-05;-11.416;-11.415;-99.990;0.00;-148.13;
2025-11-03 15:18:11.67;0.00:00:18:049;-1.00;0.00;0.00;0.07208;-0.0721;-0.0002681;-0.0001649;-89.89;-0.07;100.03;0.23;100.03;0.07208;0.0721;-2.335E-05;-11.422;-11.420;-99.990;0.00;-148.41;
2025-11-03 15:18:11.72;0.00:00:18:095;-1.00;0.00;0.00;0.07229;-0.07231;-0.0002689;-0.0001615;-89.89;-0.06;100.03;0.22;100.03;0.07229;0.07231;-2.306E-05;-11.409;-11.408;-99.990;0.00;-149.00;
2025-11-03 15:18:11.77;0.00:00:18:142;-1.00;0.00;0.00;0.07229;-0.07232;-0.0002712;-0.00017;-89.89;-0.07;100.03;0.24;100.03;0.07229;0.07232;-2.299E-05;-11.409;-11.408;-99.990;0.00;-147.91;
2025-11-03 15:18:11.81;0.00:00:18:189;-1.00;0.00;0.00;0.07218;-0.0722;-0.0002707;-0.0001618;-89.89;-0.06;100.03;0.22;100.03;0.07218;0.0722;-2.238E-05;-11.416;-11.415;-99.990;0.00;-149.12;
2025-11-03 15:18:11.86;0.00:00:18:237;-1.00;0.00;0.00;0.0722;-0.07223;-0.0002394;-0.0001716;-89.91;-0.07;100.04;0.24;100.04;0.0722;0.07223;-2.671E-05;-11.415;-11.413;-99.990;0.00;-144.36;
2025-11-03 15:18:11.91;0.00:00:18:284;-1.00;0.00;0.00;0.07227;-0.07229;-0.0002714;-0.0001688;-89.89;-0.07;100.03;0.23;100.03;0.07227;0.07229;-2.443E-05;-11.411;-11.409;-99.990;0.00;-148.12;
2025-11-03 15:18:11.96;0.00:00:18:331;-1.00;0.00;0.00;0.07233;-0.07236;-0.0002624;-0.000157;-89.90;-0.06;100.04;0.22;100.04;0.07233;0.07236;-2.727E-05;-11.407;-11.405;-99.990;0.00;-149.11;
2025-11-03 15:18:12.00;0.00:00:18:378;-1.00;0.00;0.00;0.07223;-0.07225;-0.0002749;-0.0001653;-89.89;-0.07;100.04;0.23;100.04;0.07223;0.07226;-2.615E-05;-11.413;-11.411;-99.990;0.00;-148.99;
2025-11-03 15:18:12.05;0.00:00:18:424;-1.00;0.00;0.00;0.07215;-0.07217;-0.0002555;-0.0001623;-89.90;-0.06;100.04;0.23;100.04;0.07215;0.07217;-2.561E-05;-11.418;-11.416;-99.990;0.00;-147.57;
2025-11-03 15:18:12.09;0.00:00:18:470;-1.00;0.00;0.00;0.07211;-0.07214;-0.000271;-0.0001645;-89.89;-0.07;100.04;0.23;100.04;0.07211;0.07214;-2.668E-05;-11.420;-11.418;-99.990;0.00;-148.74;
2025-11-03 15:18:12.14;0.00:00:18:517;-1.00;0.00;0.00;0.07217;-0.0722;-0.0002601;-0.0001755;-89.90;-0.07;100.04;0.24;100.04;0.07217;0.0722;-2.75E-05;-11.416;-11.414;-99.990;0.00;-146.00;
2025-11-03 15:18:12.19;0.00:00:18:564;-1.00;0.00;0.00;0.0723;-0.07233;-0.000263;-0.0001568;-89.90;-0.06;100.03;0.22;100.03;0.0723;0.07233;-2.487E-05;-11.408;-11.407;-99.990;0.00;-149.19;
2025-11-03 15:18:12.23;0.00:00:18:611;-1.00;0.00;0.00;0.0722;-0.07222;-0.0002641;-0.0001628;-89.90;-0.06;100.04;0.23;100.04;0.0722;0.07222;-2.736E-05;-11.415;-11.413;-99.990;0.00;-148.34;
2025-11-03 15:18:12.28;0.00:00:18:658;-1.00;0.00;0.00;0.07213;-0.07215;-0.0002689;-0.0001629;-89.89;-0.06;100.03;0.23;100.03;0.07213;0.07215;-2.214E-05;-11.419;-11.418;-99.990;0.00;-148.79;
2025-11-03 15:18:12.33;0.00:00:18:703;-1.00;0.00;0.00;0.07219;-0.07221;-0.0002561;-0.0001731;-89.90;-0.07;100.04;0.24;100.04;0.07219;0.07221;-2.57E-05;-11.416;-11.414;-99.990;0.00;-145.94;
2025-11-03 15:18:12.37;0.00:00:18:750;-1.00;0.00;0.00;0.07225;-0.07227;-0.0002659;-0.0001625;-89.89;-0.06;100.04;0.22;100.03;0.07225;0.07227;-2.529E-05;-11.412;-11.410;-99.990;0.00;-148.57;
2025-11-03 15:18:12.42;0.00:00:18:796;-1.00;0.00;0.00;0.07232;-0.07234;-0.0002592;-0.0001607;-89.90;-0.06;100.03;0.22;100.03;0.07232;0.07234;-2.343E-05;-11.407;-11.406;-99.990;0.00;-148.20;
2025-11-03 15:18:12.47;0.00:00:18:845;-1.00;0.00;0.00;0.07221;-0.07223;-0.0002693;-0.0001659;-89.89;-0.07;100.03;0.23;100.03;0.07221;0.07223;-2.152E-05;-11.414;-11.413;-99.990;0.00;-148.37;
2025-11-03 15:18:12.52;0.00:00:18:893;-1.00;0.00;0.00;0.07219;-0.07222;-0.0002652;-0.0001621;-89.89;-0.06;100.04;0.22;100.04;0.07219;0.07222;-2.563E-05;-11.415;-11.414;-99.990;0.00;-148.57;
2025-11-03 15:18:12.56;0.00:00:18:941;-1.00;0.00;0.00;0.07221;-0.07224;-0.0002608;-0.0001652;-89.90;-0.07;100.04;0.23;100.04;0.07221;0.07224;-2.607E-05;-11.414;-11.412;-99.990;0.00;-147.65;
2025-11-03 15:18:12.61;0.00:00:18:986;-1.00;0.00;0.00;0.07225;-0.07227;-0.0002592;-0.00017;-89.90;-0.07;100.04;0.24;100.04;0.07225;0.07227;-2.803E-05;-11.412;-11.410;-99.990;0.00;-146.75;
2025-11-03 15:18:12.66;0.00:00:19:034;-1.00;0.00;0.00;0.07231;-0.07233;-0.0002766;-0.0001679;-89.89;-0.07;100.03;0.23;100.03;0.07231;0.07233;-2.242E-05;-11.408;-11.407;-99.990;0.00;-148.74;
2025-11-03 15:18:12.70;0.00:00:19:080;-1.00;0.00;0.00;0.07227;-0.0723;-0.0002573;-0.0001686;-89.90;-0.07;100.03;0.23;100.03;0.07227;0.0723;-2.515E-05;-11.410;-11.409;-99.990;0.00;-146.77;
2025-11-03 15:18:12.75;0.00:00:19:128;-1.00;0.00;0.00;0.07219;-0.07221;-0.0002678;-0.0001653;-89.89;-0.07;100.03;0.23;100.03;0.07219;0.07221;-2.389E-05;-11.415;-11.414;-99.990;0.00;-148.32;
2025-11-03 15:18:12.80;0.00:00:19:173;-1.00;0.00;0.00;0.07212;-0.07215;-0.0002679;-0.000161;-89.89;-0.06;100.03;0.22;100.03;0.07212;0.07215;-2.25E-05;-11.419;-11.418;-99.990;0.00;-148.99;
2025-11-03 15:18:12.84;0.00:00:19:220;-1.00;0.00;0.00;0.07209;-0.07211;-0.0002681;-0.0001677;-89.89;-0.07;100.03;0.23;100.03;0.07209;0.07211;-2.199E-05;-11.421;-11.420;-99.990;0.00;-147.98;
2025-11-03 15:18:12.89;0.00:00:19:269;-1.00;0.00;0.00;0.07216;-0.07219;-0.0002602;-0.000167;-89.90;-0.07;100.04;0.23;100.04;0.07216;0.07219;-2.713E-05;-11.417;-11.415;-99.990;0.00;-147.31;
2025-11-03 15:18:12.94;0.00:00:19:317;-1.00;0.00;0.00;0.07217;-0.07219;-0.0002726;-0.0001633;-89.89;-0.06;100.03;0.23;100.03;0.07217;0.07219;-2.418E-05;-11.417;-11.415;-99.990;0.00;-149.08;
2025-11-03 15:18:12.99;0.00:00:19:363;-1.00;0.00;0.00;0.07218;-0.0722;-0.0002532;-0.0001659;-89.90;-0.07;100.03;0.23;100.03;0.07218;0.0722;-2.144E-05;-11.416;-11.414;-99.990;0.00;-146.76;
2025-11-03 15:18:13.03;0.00:00:19:410;-1.00;0.00;0.00;0.07212;-0.07215;-0.0002683;-0.0001644;-89.89;-0.07;100.03;0.23;100.03;0.07212;0.07215;-2.438E-05;-11.419;-11.418;-99.990;0.00;-148.50;
2025-11-03 15:18:13.08;0.00:00:19:457;-1.00;0.00;0.00;0.07194;-0.07196;-0.00027;-0.0001596;-89.89;-0.06;100.03;0.22;100.03;0.07194;0.07196;-2.115E-05;-11.430;-11.429;-99.990;0.00;-149.41;
2025-11-03 15:18:13.13;0.00:00:19:503;-1.00;0.00;0.00;0.0719;-0.07193;-0.0002567;-0.0001665;-89.90;-0.07;100.04;0.23;100.04;0.0719;0.07193;-2.639E-05;-11.433;-11.431;-99.990;0.00;-147.03;
2025-11-03 15:18:13.17;0.00:00:19:550;-1.00;0.00;0.00;0.072;-0.07203;-0.0002449;-0.00017;-89.90;-0.07;100.04;0.24;100.04;0.072;0.07203;-2.808E-05;-11.427;-11.425;-99.990;0.00;-145.23;
2025-11-03 15:18:13.22;0.00:00:19:597;-1.00;0.00;0.00;0.07198;-0.072;-0.0002526;-0.0001633;-89.90;-0.06;100.03;0.23;100.03;0.07198;0.072;-2.167E-05;-11.428;-11.427;-99.990;0.00;-147.12;
2025-11-03 15:18:13.27;0.00:00:19:646;-1.00;0.00;0.00;0.07206;-0.07209;-0.0002511;-0.000166;-89.90;-0.07;100.04;0.23;100.04;0.07206;0.07209;-2.681E-05;-11.423;-11.421;-99.990;0.00;-146.53;
2025-11-03 15:18:13.32;0.00:00:19:693;-1.00;0.00;0.00;0.07235;-0.07237;-0.0002496;-0.0001628;-89.90;-0.06;100.03;0.22;100.03;0.07235;0.07237;-2.489E-05;-11.406;-11.404;-99.990;0.00;-146.89;
2025-11-03 15:18:13.36;0.00:00:19:739;-1.00;0.00;0.00;0.07241;-0.07244;-0.0002449;-0.000162;-89.90;-0.06;100.04;0.22;100.04;0.07241;0.07244;-2.592E-05;-11.402;-11.400;-99.990;0.00;-146.51;
2025-11-03 15:18:13.41;0.00:00:19:785;-1.00;0.00;0.00;0.0723;-0.07231;-0.000287;-0.0001557;-89.89;-0.06;100.03;0.22;100.03;0.0723;0.07232;-1.901E-05;-11.409;-11.408;-99.990;0.00;-151.51;
2025-11-03 15:18:13.46;0.00:00:19:833;-1.00;0.00;0.00;0.07217;-0.0722;-0.0002657;-0.0001664;-89.89;-0.07;100.03;0.23;100.03;0.07217;0.0722;-2.223E-05;-11.416;-11.415;-99.990;0.00;-147.95;
2025-11-03 15:18:13.50;0.00:00:19:880;-1.00;0.00;0.00;0.07218;-0.0722;-0.0002619;-0.0001643;-89.90;-0.07;100.04;0.23;100.04;0.07218;0.0722;-2.548E-05;-11.416;-11.414;-99.990;0.00;-147.89;
2025-11-03 15:18:13.55;0.00:00:19:926;-1.00;0.00;0.00;0.07231;-0.07233;-0.000257;-0.0001653;-89.90;-0.07;100.03;0.23;100.03;0.07231;0.07233;-2.234E-05;-11.408;-11.407;-99.990;0.00;-147.25;
2025-11-03 15:18:13.60;0.00:00:19:974;-1.00;0.00;0.00;0.07221;-0.07223;-0.0002647;-0.0001594;-89.90;-0.06;100.03;0.22;100.03;0.07221;0.07223;-2.166E-05;-11.414;-11.413;-99.990;0.00;-148.94;
2025-11-03 15:18:13.64;0.00:00:20:020;-1.00;0.00;0.00;0.07221;-0.07223;-0.0002582;-0.0001733;-89.90;-0.07;100.04;0.24;100.04;0.07221;0.07224;-2.672E-05;-11.414;-11.412;-99.990;0.00;-146.14;
2025-11-03 15:18:13.69;0.00:00:20:067;-1.00;0.00;0.00;0.07221;-0.07223;-0.0002709;-0.0001594;-89.89;-0.06;100.03;0.22;100.03;0.07221;0.07223;-2.253E-05;-11.414;-11.413;-99.990;0.00;-149.53;
2025-11-03 15:18:13.74;0.00:00:20:113;-1.00;0.00;0.00;0.0721;-0.07212;-0.0002594;-0.0001545;-89.90;-0.06;100.03;0.21;100.03;0.0721;0.07213;-2.408E-05;-11.421;-11.419;-99.990;0.00;-149.22;
2025-11-03 15:18:13.78;0.00:00:20:160;-1.00;0.00;0.00;0.07221;-0.07223;-0.0002569;-0.0001752;-89.90;-0.07;100.04;0.24;100.04;0.07221;0.07223;-2.708E-05;-11.414;-11.413;-99.990;0.00;-145.70;
2025-11-03 15:18:13.83;0.00:00:20:208;-1.00;0.00;0.00;0.07232;-0.07235;-0.0002508;-0.0001714;-89.90;-0.07;100.04;0.24;100.04;0.07232;0.07235;-2.654E-05;-11.407;-11.406;-99.990;0.00;-145.65;
2025-11-03 15:18:13.88;0.00:00:20:254;-1.00;0.00;0.00;0.07237;-0.0724;-0.0002688;-0.000163;-89.89;-0.06;100.03;0.23;100.03;0.07237;0.0724;-2.526E-05;-11.404;-11.403;-99.990;0.00;-148.76;
2025-11-03 15:18:13.92;0.00:00:20:301;-1.00;0.00;0.00;0.07223;-0.07225;-0.0002636;-0.0001645;-89.90;-0.07;100.03;0.23;100.03;0.07223;0.07225;-2.196E-05;-11.413;-11.411;-99.990;0.00;-148.04;
2025-11-03 15:18:13.97;0.00:00:20:347;-1.00;0.00;0.00;0.07216;-0.07218;-0.0002631;-0.0001643;-89.90;-0.07;100.03;0.23;100.03;0.07216;0.07218;-2.403E-05;-11.417;-11.416;-99.990;0.00;-148.01;
2025-11-03 15:18:14.02;0.00:00:20:395;-1.00;0.00;0.00;0.07222;-0.07225;-0.0002545;-0.0001665;-89.90;-0.07;100.03;0.23;100.03;0.07222;0.07225;-2.391E-05;-11.413;-11.412;-99.990;0.00;-146.81;
2025-11-03 15:18:14.07;0.00:00:20:441;-1.00;0.00;0.00;0.07232;-0.07235;-0.0002536;-0.0001651;-89.90;-0.07;100.04;0.23;100.04;0.07232;0.07235;-2.56E-05;-11.407;-11.406;-99.990;0.00;-146.93;
2025-11-03 15:18:14.11;0.00:00:20:490;-1.00;0.00;0.00;0.07239;-0.07242;-0.000248;-0.0001706;-89.90;-0.07;100.04;0.24;100.04;0.07239;0.07242;-2.78E-05;-11.403;-11.401;-99.990;0.00;-145.48;
2025-11-03 15:18:14.16;0.00:00:20:535;-1.00;0.00;0.00;0.07244;-0.07246;-0.0002586;-0.0001653;-89.90;-0.07;100.03;0.23;100.03;0.07244;0.07246;-2.332E-05;-11.401;-11.399;-99.990;0.00;-147.40;
2025-11-03 15:18:14.21;0.00:00:20:583;-1.00;0.00;0.00;0.07238;-0.0724;-0.0002665;-0.0001593;-89.89;-0.06;100.03;0.22;100.03;0.07238;0.0724;-2.446E-05;-11.404;-11.403;-99.990;0.00;-149.12;
2025-11-03 15:18:14.25;0.00:00:20:630;-1.00;0.00;0.00;0.07214;-0.07216;-0.0002829;-0.0001582;-89.89;-0.06;100.03;0.22;100.03;0.07214;0.07216;-2.229E-05;-11.418;-11.417;-99.990;0.00;-150.79;
2025-11-03 15:18:14.30;0.00:00:20:676;-1.00;0.00;0.00;0.07208;-0.07211;-0.000255;-0.0001666;-89.90;-0.07;100.04;0.23;100.04;0.07208;0.07211;-2.682E-05;-11.422;-11.420;-99.990;0.00;-146.84;
2025-11-03 15:18:14.35;0.00:00:20:723;-1.00;0.00;0.00;0.07219;-0.07221;-0.0002759;-0.0001627;-89.89;-0.06;100.03;0.23;100.03;0.07219;0.07221;-2.014E-05;-11.415;-11.414;-99.990;0.00;-149.47;
2025-11-03 15:18:14.40;0.00:00:20:771;-1.00;0.00;0.00;0.07216;-0.07219;-0.0002596;-0.0001657;-89.90;-0.07;100.04;0.23;100.03;0.07216;0.07219;-2.54E-05;-11.417;-11.415;-99.990;0.00;-147.45;
2025-11-03 15:18:14.44;0.00:00:20:817;-1.00;0.00;0.00;0.07222;-0.07225;-0.0002534;-0.0001652;-89.90;-0.07;100.04;0.23;100.04;0.07222;0.07225;-2.744E-05;-11.413;-11.412;-99.990;0.00;-146.90;
2025-11-03 15:18:14.49;0.00:00:20:864;-1.00;0.00;0.00;0.07214;-0.07216;-0.0002695;-0.0001594;-89.89;-0.06;100.03;0.22;100.03;0.07214;0.07216;-2.114E-05;-11.418;-11.417;-99.990;0.00;-149.39;
2025-11-03 15:18:14.53;0.00:00:20:911;-1.00;0.00;0.00;0.07202;-0.07205;-0.0002535;-0.0001607;-89.90;-0.06;100.03;0.22;100.03;0.07202;0.07205;-2.391E-05;-11.425;-11.424;-99.990;0.00;-147.63;
2025-11-03 15:18:14.58;0.00:00:20:954;-1.00;0.00;0.00;0.07203;-0.07206;-0.0002572;-0.00018;-89.90;-0.07;100.04;0.25;100.03;0.07203;0.07206;-2.528E-05;-11.425;-11.423;-99.990;0.00;-145.01;
2025-11-03 15:18:14.64;0.00:00:21:015;-1.00;0.00;0.00;0.07229;-0.07232;-0.0002412;-0.0001693;-89.90;-0.07;100.04;0.23;100.04;0.07229;0.07232;-2.863E-05;-11.409;-11.408;-99.990;0.00;-144.94;
2025-11-03 15:18:14.70;0.00:00:21:076;-1.00;0.00;0.00;0.07233;-0.07235;-0.000262;-0.00016;-89.90;-0.06;100.03;0.22;100.03;0.07233;0.07235;-2.372E-05;-11.407;-11.406;-99.990;0.00;-148.58;
2025-11-03 15:18:14.75;0.00:00:21:127;-1.00;0.00;0.00;0.07226;-0.07229;-0.0002648;-0.0001527;-89.90;-0.06;100.03;0.21;100.03;0.07226;0.07229;-2.262E-05;-11.411;-11.409;-99.990;0.00;-150.03;
2025-11-03 15:18:14.80;0.00:00:21:180;-1.00;0.00;0.00;0.0721;-0.07213;-0.0002756;-0.0001659;-89.89;-0.07;100.04;0.23;100.04;0.0721;0.07213;-2.646E-05;-11.421;-11.419;-99.990;0.00;-148.95;
2025-11-03 15:18:14.86;0.00:00:21:232;-1.00;0.00;0.00;0.07216;-0.07219;-0.0002567;-0.0001647;-89.90;-0.07;100.03;0.23;100.03;0.07216;0.07219;-2.352E-05;-11.417;-11.415;-99.990;0.00;-147.33;
2025-11-03 15:18:14.91;0.00:00:21:282;-1.00;0.00;0.00;0.07214;-0.07217;-0.0002704;-0.0001598;-89.89;-0.06;100.04;0.22;100.04;0.07214;0.07217;-2.604E-05;-11.418;-11.416;-99.990;0.00;-149.41;
2025-11-03 15:18:14.96;0.00:00:21:333;-1.00;0.00;0.00;0.07217;-0.07219;-0.0002607;-0.0001686;-89.90;-0.07;100.03;0.23;100.03;0.07217;0.07219;-2.418E-05;-11.416;-11.415;-99.990;0.00;-147.10;
2025-11-03 15:18:15.02;0.00:00:21:394;-1.00;0.00;0.00;0.07218;-0.0722;-0.0002574;-0.000173;-89.90;-0.07;100.04;0.24;100.04;0.07218;0.0722;-2.562E-05;-11.416;-11.415;-99.990;0.00;-146.10;
2025-11-03 15:18:15.07;0.00:00:21:446;-1.00;0.00;0.00;0.07217;-0.0722;-0.0002636;-0.0001713;-89.90;-0.07;100.04;0.24;100.04;0.07217;0.0722;-2.649E-05;-11.416;-11.415;-99.990;0.00;-146.98;
2025-11-03 15:18:15.12;0.00:00:21:499;-1.00;0.00;0.00;0.0722;-0.07223;-0.0002562;-0.0001663;-89.90;-0.07;100.03;0.23;100.03;0.0722;0.07223;-2.332E-05;-11.414;-11.413;-99.990;0.00;-147.01;
2025-11-03 15:18:15.17;0.00:00:21:548;-1.00;0.00;0.00;0.07236;-0.07238;-0.000257;-0.0001726;-89.90;-0.07;100.04;0.24;100.04;0.07236;0.07238;-2.67E-05;-11.405;-11.404;-99.990;0.00;-146.11;
2025-11-03 15:18:15.22;0.00:00:21:601;-1.00;0.00;0.00;0.07216;-0.07218;-0.0002768;-0.0001582;-89.89;-0.06;100.03;0.22;100.03;0.07216;0.07218;-2.172E-05;-11.417;-11.416;-99.990;0.00;-150.25;
2025-11-03 15:18:15.28;0.00:00:21:651;-1.00;0.00;0.00;0.0721;-0.07212;-0.0002585;-0.000167;-89.90;-0.07;100.04;0.23;100.04;0.0721;0.07212;-2.841E-05;-11.421;-11.419;-99.990;0.00;-147.15;
2025-11-03 15:18:15.32;0.00:00:21:695;-1.00;0.00;0.00;0.0722;-0.07222;-0.0002605;-0.0001627;-89.90;-0.06;100.04;0.23;100.04;0.0722;0.07222;-2.57E-05;-11.415;-11.413;-99.990;0.00;-148.02;
2025-11-03 15:18:15.36;0.00:00:21:741;-1.00;0.00;0.00;0.07218;-0.0722;-0.0002698;-0.0001617;-89.89;-0.06;100.03;0.22;100.03;0.07218;0.0722;-2.44E-05;-11.416;-11.415;-99.990;0.00;-149.07;
2025-11-03 15:18:15.42;0.00:00:21:795;-1.00;0.00;0.00;0.07214;-0.07217;-0.000248;-0.0001678;-89.90;-0.07;100.04;0.23;100.04;0.07214;0.07217;-2.734E-05;-11.418;-11.416;-99.990;0.00;-145.91;
2025-11-03 15:18:15.47;0.00:00:21:845;-1.00;0.00;0.00;0.07223;-0.07225;-0.0002552;-0.0001663;-89.90;-0.07;100.04;0.23;100.04;0.07223;0.07225;-2.644E-05;-11.413;-11.411;-99.990;0.00;-146.91;
2025-11-03 15:18:15.52;0.00:00:21:895;-1.00;0.00;0.00;0.07231;-0.07234;-0.00026;-0.0001701;-89.90;-0.07;100.04;0.24;100.04;0.07231;0.07234;-2.654E-05;-11.408;-11.406;-99.990;0.00;-146.81;
2025-11-03 15:18:15.57;0.00:00:21:947;-1.00;0.00;0.00;0.0723;-0.07232;-0.000276;-0.0001592;-89.89;-0.06;100.03;0.22;100.03;0.0723;0.07232;-2.017E-05;-11.409;-11.407;-99.990;0.00;-150.02;
2025-11-03 15:18:15.62;0.00:00:21:999;-1.00;0.00;0.00;0.07218;-0.07221;-0.000257;-0.000164;-89.90;-0.07;100.04;0.23;100.04;0.07218;0.07221;-2.678E-05;-11.416;-11.414;-99.990;0.00;-147.46;
2025-11-03 15:18:15.67;0.00:00:22:050;-1.00;0.00;0.00;0.07222;-0.07225;-0.000256;-0.0001667;-89.90;-0.07;100.03;0.23;100.03;0.07222;0.07225;-2.521E-05;-11.413;-11.412;-99.990;0.00;-146.92;
2025-11-03 15:18:15.72;0.00:00:22:099;-1.00;0.00;0.00;0.07222;-0.07225;-0.0002646;-0.0001701;-89.90;-0.07;100.03;0.24;100.03;0.07222;0.07225;-2.477E-05;-11.413;-11.412;-99.990;0.00;-147.26;
2025-11-03 15:18:15.77;0.00:00:22:151;-1.00;0.00;0.00;0.07219;-0.07222;-0.0002636;-0.0001655;-89.90;-0.07;100.03;0.23;100.03;0.07219;0.07222;-2.462E-05;-11.415;-11.414;-99.990;0.00;-147.88;
2025-11-03 15:18:15.82;0.00:00:22:200;-1.00;0.00;0.00;0.07222;-0.07224;-0.0002525;-0.0001704;-89.90;-0.07;100.03;0.24;100.03;0.07222;0.07224;-2.491E-05;-11.414;-11.412;-99.990;0.00;-145.98;
2025-11-03 15:18:15.88;0.00:00:22:253;-1.00;0.00;0.00;0.07239;-0.07242;-0.0002526;-0.0001656;-89.90;-0.07;100.04;0.23;100.04;0.07239;0.07242;-2.649E-05;-11.403;-11.402;-99.990;0.00;-146.75;
2025-11-03 15:18:15.93;0.00:00:22:301;-1.00;0.00;0.00;0.07207;-0.07209;-0.0002599;-0.0001672;-89.90;-0.07;100.04;0.23;100.04;0.07207;0.07209;-2.782E-05;-11.423;-11.421;-99.990;0.00;-147.24;
2025-11-03 15:18:15.98;0.00:00:22:354;-1.00;0.00;0.00;0.07217;-0.0722;-0.0002525;-0.0001695;-89.90;-0.07;100.04;0.23;100.04;0.07217;0.0722;-2.598E-05;-11.416;-11.415;-99.990;0.00;-146.12;
2025-11-03 15:18:16.03;0.00:00:22:405;-1.00;0.00;0.00;0.07226;-0.07228;-0.0002663;-0.0001627;-89.89;-0.06;100.03;0.23;100.03;0.07226;0.07228;-2.262E-05;-11.411;-11.410;-99.990;0.00;-148.57;
2025-11-03 15:18:16.08;0.00:00:22:455;-1.00;0.00;0.00;0.07231;-0.07233;-0.0002544;-0.0001669;-89.90;-0.07;100.03;0.23;100.03;0.07231;0.07234;-2.032E-05;-11.408;-11.407;-99.990;0.00;-146.73;
2025-11-03 15:18:16.14;0.00:00:22:517;-1.00;0.00;0.00;0.07224;-0.07226;-0.0002628;-0.0001571;-89.90;-0.06;100.03;0.22;100.03;0.07224;0.07226;-2.225E-05;-11.412;-11.411;-99.990;0.00;-149.13;
2025-11-03 15:18:16.19;0.00:00:22:569;-1.00;0.00;0.00;0.07216;-0.07218;-0.0002635;-0.0001684;-89.90;-0.07;100.03;0.23;100.03;0.07216;0.07218;-2.215E-05;-11.417;-11.416;-99.990;0.00;-147.42;
2025-11-03 15:18:16.24;0.00:00:22:620;-1.00;0.00;0.00;0.07217;-0.07218;-0.0002582;-0.0001616;-89.90;-0.06;100.03;0.22;100.03;0.07217;0.07219;-2.049E-05;-11.417;-11.415;-99.990;0.00;-147.95;
2025-11-03 15:18:16.29;0.00:00:22:671;-1.00;0.00;0.00;0.07215;-0.07217;-0.0002636;-0.0001633;-89.90;-0.06;100.03;0.23;100.03;0.07215;0.07217;-2.237E-05;-11.418;-11.416;-99.990;0.00;-148.22;
2025-11-03 15:18:16.35;0.00:00:22:722;-1.00;0.00;0.00;0.07214;-0.07216;-0.0002585;-0.0001606;-89.90;-0.06;100.03;0.22;100.03;0.07214;0.07216;-2.034E-05;-11.418;-11.417;-99.990;0.00;-148.15;
2025-11-03 15:18:16.39;0.00:00:22:767;-1.00;0.00;0.00;0.07218;-0.07221;-0.0002554;-0.0001674;-89.90;-0.07;100.04;0.23;100.04;0.07218;0.07221;-2.866E-05;-11.416;-11.414;-99.990;0.00;-146.76;
2025-11-03 15:18:16.44;0.00:00:22:813;-1.00;0.00;0.00;0.07223;-0.07226;-0.0002593;-0.0001644;-89.90;-0.07;100.04;0.23;100.04;0.07223;0.07226;-2.564E-05;-11.413;-11.411;-99.990;0.00;-147.63;
2025-11-03 15:18:16.49;0.00:00:22:871;-1.00;0.00;0.00;0.07226;-0.07228;-0.000265;-0.0001622;-89.89;-0.06;100.03;0.22;100.03;0.07226;0.07228;-2.226E-05;-11.411;-11.410;-99.990;0.00;-148.53;
2025-11-03 15:18:16.56;0.00:00:22:935;-1.00;0.00;0.00;0.07229;-0.07231;-0.0002644;-0.0001663;-89.90;-0.07;100.03;0.23;100.03;0.07229;0.07231;-2.031E-05;-11.409;-11.408;-99.990;0.00;-147.83;
2025-11-03 15:18:16.61;0.00:00:22:983;-1.00;0.00;0.00;0.07221;-0.07223;-0.0002719;-0.000162;-89.89;-0.06;100.03;0.22;100.03;0.07221;0.07223;-2.275E-05;-11.414;-11.413;-99.990;0.00;-149.21;
2025-11-03 15:18:16.66;0.00:00:23:036;-1.00;0.00;0.00;0.07223;-0.07225;-0.0002536;-0.0001635;-89.90;-0.06;100.03;0.23;100.03;0.07223;0.07225;-2.398E-05;-11.413;-11.412;-99.990;0.00;-147.19;
2025-11-03 15:18:16.71;0.00:00:23:085;-1.00;0.00;0.00;0.07228;-0.0723;-0.0002525;-0.0001569;-89.90;-0.06;100.03;0.22;100.03;0.07228;0.0723;-2.479E-05;-11.410;-11.408;-99.990;0.00;-148.14;
2025-11-03 15:18:16.76;0.00:00:23:137;-1.00;0.00;0.00;0.07232;-0.07235;-0.0002608;-0.0001631;-89.90;-0.06;100.03;0.23;100.03;0.07232;0.07235;-2.488E-05;-11.407;-11.406;-99.990;0.00;-147.97;
2025-11-03 15:18:16.81;0.00:00:23:185;-1.00;0.00;0.00;0.07234;-0.07236;-0.0002576;-0.0001634;-89.90;-0.06;100.03;0.23;100.03;0.07234;0.07236;-2.322E-05;-11.406;-11.405;-99.990;0.00;-147.61;
2025-11-03 15:18:16.86;0.00:00:23:235;-1.00;0.00;0.00;0.07226;-0.07228;-0.0002679;-0.0001604;-89.89;-0.06;100.03;0.22;100.03;0.07226;0.07228;-2.413E-05;-11.411;-11.410;-99.990;0.00;-149.09;
2025-11-03 15:18:16.91;0.00:00:23:286;-1.00;0.00;0.00;0.0723;-0.07232;-0.0002555;-0.0001732;-89.90;-0.07;100.04;0.24;100.03;0.0723;0.07232;-2.545E-05;-11.409;-11.407;-99.990;0.00;-145.87;
2025-11-03 15:18:16.97;0.00:00:23:348;-1.00;0.00;0.00;0.07221;-0.07223;-0.0002701;-0.00017;-89.89;-0.07;100.03;0.24;100.03;0.07221;0.07224;-2.332E-05;-11.414;-11.412;-99.990;0.00;-147.80;
2025-11-03 15:18:17.02;0.00:00:23:396;-1.00;0.00;0.00;0.07218;-0.07221;-0.0002648;-0.0001588;-89.89;-0.06;100.03;0.22;100.03;0.07218;0.07221;-2.346E-05;-11.416;-11.414;-99.990;0.00;-149.05;
2025-11-03 15:18:17.07;0.00:00:23:448;-1.00;0.00;0.00;0.07221;-0.07224;-0.0002496;-0.0001679;-89.90;-0.07;100.04;0.23;100.03;0.07221;0.07224;-2.527E-05;-11.414;-11.412;-99.990;0.00;-146.07;
2025-11-03 15:18:17.12;0.00:00:23:493;-1.00;0.00;0.00;0.07219;-0.07221;-0.0002641;-0.0001644;-89.90;-0.07;100.03;0.23;100.03;0.07219;0.07221;-2.288E-05;-11.415;-11.414;-99.990;0.00;-148.10;
2025-11-03 15:18:17.16;0.00:00:23:541;-1.00;0.00;0.00;0.07212;-0.07214;-0.0002688;-0.0001714;-89.89;-0.07;100.04;0.24;100.04;0.07212;0.07214;-2.546E-05;-11.420;-11.418;-99.990;0.00;-147.49;
2025-11-03 15:18:17.22;0.00:00:23:600;-1.00;0.00;0.00;0.07214;-0.07215;-0.000281;-0.0001571;-89.89;-0.06;100.02;0.22;100.02;0.07214;0.07215;-1.702E-05;-11.418;-11.417;-99.990;0.00;-150.80;
2025-11-03 15:18:17.27;0.00:00:23:646;-1.00;0.00;0.00;0.07199;-0.07202;-0.0002559;-0.0001617;-89.90;-0.06;100.04;0.22;100.04;0.07199;0.07202;-2.541E-05;-11.427;-11.426;-99.990;0.00;-147.71;
2025-11-03 15:18:17.33;0.00:00:23:707;-1.00;0.00;0.00;0.07196;-0.07198;-0.0002628;-0.0001609;-89.90;-0.06;100.03;0.22;100.03;0.07196;0.07198;-2.324E-05;-11.429;-11.428;-99.990;0.00;-148.53;
2025-11-03 15:18:17.40;0.00:00:23:775;-1.00;0.00;0.00;0.07216;-0.07218;-0.0002476;-0.0001597;-89.90;-0.06;100.04;0.22;100.04;0.07216;0.07218;-2.857E-05;-11.417;-11.416;-99.990;0.00;-147.19;
2025-11-03 15:18:17.45;0.00:00:23:823;-1.00;0.00;0.00;0.07211;-0.07213;-0.0002493;-0.0001608;-89.90;-0.06;100.03;0.22;100.03;0.07211;0.07213;-2.452E-05;-11.420;-11.419;-99.990;0.00;-147.17;
2025-11-03 15:18:17.50;0.00:00:23:875;-1.00;0.00;0.00;0.07219;-0.07222;-0.0002459;-0.0001602;-89.90;-0.06;100.03;0.22;100.03;0.07219;0.07222;-2.332E-05;-11.415;-11.414;-99.990;0.00;-146.91;
2025-11-03 15:18:17.56;0.00:00:23:938;-1.00;0.00;0.00;0.07223;-0.07226;-0.0002619;-0.0001609;-89.90;-0.06;100.04;0.22;100.04;0.07223;0.07226;-2.702E-05;-11.413;-11.411;-99.990;0.00;-148.44;
2025-11-03 15:18:17.61;0.00:00:23:987;-1.00;0.00;0.00;0.07221;-0.07223;-0.000264;-0.0001609;-89.90;-0.06;100.03;0.22;100.03;0.07221;0.07223;-2.181E-05;-11.414;-11.413;-99.990;0.00;-148.64;
2025-11-03 15:18:17.66;0.00:00:24:039;-1.00;0.00;0.00;0.07212;-0.07215;-0.0002697;-0.0001534;-89.89;-0.06;100.03;0.21;100.03;0.07212;0.07215;-2.301E-05;-11.419;-11.418;-99.990;0.00;-150.37;
2025-11-03 15:18:17.71;0.00:00:24:089;-1.00;0.00;0.00;0.07213;-0.07215;-0.0002475;-0.0001716;-89.90;-0.07;100.03;0.24;100.03;0.07213;0.07215;-2.438E-05;-11.419;-11.418;-99.990;0.00;-145.27;
2025-11-03 15:18:17.77;0.00:00:24:141;-1.00;0.00;0.00;0.07231;-0.07233;-0.0002808;-0.000157;-89.89;-0.06;100.03;0.22;100.03;0.07231;0.07233;-2.068E-05;-11.408;-11.407;-99.990;0.00;-150.79;
2025-11-03 15:18:17.82;0.00:00:24:192;-1.00;0.00;0.00;0.07218;-0.0722;-0.0002578;-0.0001574;-89.90;-0.06;100.03;0.22;100.03;0.07218;0.0722;-2.425E-05;-11.416;-11.415;-99.990;0.00;-148.60;
2025-11-03 15:18:17.88;0.00:00:24:256;-1.00;0.00;0.00;0.07214;-0.07216;-0.0002706;-0.0001557;-89.89;-0.06;100.03;0.22;100.03;0.07214;0.07216;-2.481E-05;-11.419;-11.417;-99.990;0.00;-150.09;
2025-11-03 15:18:17.93;0.00:00:24:306;-1.00;0.00;0.00;0.07211;-0.07213;-0.0002597;-0.00017;-89.90;-0.07;100.04;0.24;100.04;0.07211;0.07213;-2.545E-05;-11.420;-11.419;-99.990;0.00;-146.80;
2025-11-03 15:18:17.98;0.00:00:24:357;-1.00;0.00;0.00;0.07223;-0.07225;-0.0002669;-0.0001617;-89.89;-0.06;100.03;0.22;100.03;0.07223;0.07225;-2.253E-05;-11.413;-11.412;-99.990;0.00;-148.79;
2025-11-03 15:18:18.03;0.00:00:24:405;-1.00;0.00;0.00;0.07213;-0.07216;-0.0002627;-0.0001699;-89.90;-0.07;100.03;0.24;100.03;0.07213;0.07216;-2.481E-05;-11.419;-11.417;-99.990;0.00;-147.11;
2025-11-03 15:18:18.08;0.00:00:24:453;-1.00;0.00;0.00;0.07215;-0.07217;-0.0002502;-0.0001643;-89.90;-0.07;100.04;0.23;100.04;0.07215;0.07217;-2.626E-05;-11.418;-11.416;-99.990;0.00;-146.70;
2025-11-03 15:18:18.12;0.00:00:24:498;-1.00;0.00;0.00;0.07218;-0.0722;-0.0002662;-0.0001569;-89.89;-0.06;100.03;0.22;100.03;0.07218;0.0722;-2.338E-05;-11.416;-11.415;-99.990;0.00;-149.48;
2025-11-03 15:18:18.18;0.00:00:24:557;-1.00;0.00;0.00;0.07211;-0.07213;-0.0002609;-0.0001609;-89.90;-0.06;100.03;0.22;100.03;0.07211;0.07214;-2.257E-05;-11.420;-11.419;-99.990;0.00;-148.34;
2025-11-03 15:18:18.23;0.00:00:24:603;-1.00;0.00;0.00;0.07209;-0.07211;-0.0002793;-0.0001522;-89.89;-0.06;100.03;0.21;100.03;0.07209;0.07211;-2.401E-05;-11.421;-11.420;-99.990;0.00;-151.41;
2025-11-03 15:18:18.28;0.00:00:24:653;-1.00;0.00;0.00;0.07212;-0.07215;-0.0002518;-0.0001671;-89.90;-0.07;100.04;0.23;100.04;0.07212;0.07215;-2.654E-05;-11.419;-11.418;-99.990;0.00;-146.44;
2025-11-03 15:18:18.33;0.00:00:24:705;-1.00;0.00;0.00;0.07226;-0.07228;-0.0002587;-0.0001649;-89.90;-0.07;100.03;0.23;100.03;0.07226;0.07228;-2.5E-05;-11.411;-11.410;-99.990;0.00;-147.48;
2025-11-03 15:18:18.38;0.00:00:24:754;-1.00;0.00;0.00;0.07226;-0.07228;-0.000259;-0.0001618;-89.90;-0.06;100.03;0.22;100.03;0.07226;0.07228;-2.334E-05;-11.411;-11.410;-99.990;0.00;-148.00;
2025-11-03 15:18:18.43;0.00:00:24:806;-1.00;0.00;0.00;0.07222;-0.07225;-0.0002552;-0.0001679;-89.90;-0.07;100.03;0.23;100.03;0.07222;0.07225;-2.492E-05;-11.413;-11.412;-99.990;0.00;-146.66;
2025-11-03 15:18:18.48;0.00:00:24:856;-1.00;0.00;0.00;0.07229;-0.07232;-0.0002644;-0.0001641;-89.90;-0.06;100.04;0.23;100.04;0.07229;0.07232;-2.574E-05;-11.409;-11.407;-99.990;0.00;-148.19;
2025-11-03 15:18:18.53;0.00:00:24:908;-1.00;0.00;0.00;0.07234;-0.07236;-0.0002672;-0.0001605;-89.89;-0.06;100.03;0.22;100.03;0.07234;0.07236;-1.96E-05;-11.406;-11.405;-99.990;0.00;-149.00;
2025-11-03 15:18:18.58;0.00:00:24:955;-1.00;0.00;0.00;0.07222;-0.07225;-0.0002708;-0.0001606;-89.89;-0.06;100.03;0.22;100.03;0.07222;0.07225;-2.463E-05;-11.413;-11.412;-99.990;0.00;-149.33;
2025-11-03 15:18:18.63;0.00:00:25:005;-1.00;0.00;0.00;0.07228;-0.07231;-0.0002521;-0.0001608;-89.90;-0.06;100.04;0.22;100.04;0.07228;0.07231;-2.552E-05;-11.410;-11.408;-99.990;0.00;-147.47;
2025-11-03 15:18:18.68;0.00:00:25:056;-1.00;0.00;0.00;0.07242;-0.07245;-0.00024;-0.0001736;-89.91;-0.07;100.04;0.24;100.04;0.07242;0.07245;-2.781E-05;-11.401;-11.400;-99.990;0.00;-144.12;
2025-11-03 15:18:18.73;0.00:00:25:107;-1.00;0.00;0.00;0.07207;-0.07209;-0.0002668;-0.0001668;-89.89;-0.07;100.03;0.23;100.03;0.07207;0.07209;-2.076E-05;-11.422;-11.421;-99.990;0.00;-147.99;
2025-11-03 15:18:18.78;0.00:00:25:158;-1.00;0.00;0.00;0.07212;-0.07215;-0.0002529;-0.0001634;-89.90;-0.06;100.04;0.23;100.04;0.07212;0.07215;-2.553E-05;-11.419;-11.418;-99.990;0.00;-147.13;
2025-11-03 15:18:18.84;0.00:00:25:218;-1.00;0.00;0.00;0.07222;-0.07225;-0.0002546;-0.0001589;-89.90;-0.06;100.03;0.22;100.03;0.07222;0.07225;-2.181E-05;-11.413;-11.412;-99.990;0.00;-148.04;
2025-11-03 15:18:18.89;0.00:00:25:266;-1.00;0.00;0.00;0.07221;-0.07224;-0.000263;-0.0001662;-89.90;-0.07;100.04;0.23;100.04;0.07221;0.07224;-2.549E-05;-11.414;-11.412;-99.990;0.00;-147.72;
2025-11-03 15:18:18.94;0.00:00:25:311;-1.00;0.00;0.00;0.07225;-0.07228;-0.0002681;-0.0001578;-89.89;-0.06;100.03;0.22;100.03;0.07225;0.07228;-2.377E-05;-11.411;-11.410;-99.990;0.00;-149.51;
2025-11-03 15:18:19.00;0.00:00:25:373;-1.00;0.00;0.00;0.07209;-0.07211;-0.0002556;-0.0001662;-89.90;-0.07;100.03;0.23;100.03;0.07209;0.07211;-2.487E-05;-11.421;-11.420;-99.990;0.00;-146.97;
2025-11-03 15:18:19.05;0.00:00:25:425;-1.00;0.00;0.00;0.07226;-0.07228;-0.0002442;-0.0001691;-89.90;-0.07;100.04;0.23;100.03;0.07226;0.07228;-2.536E-05;-11.411;-11.410;-99.990;0.00;-145.30;
2025-11-03 15:18:19.10;0.00:00:25:475;-1.00;0.00;0.00;0.07232;-0.07235;-0.0002566;-0.0001651;-89.90;-0.07;100.04;0.23;100.04;0.07232;0.07235;-2.596E-05;-11.407;-11.406;-99.990;0.00;-147.24;
2025-11-03 15:18:19.15;0.00:00:25:528;-1.00;0.00;0.00;0.07243;-0.07245;-0.0002751;-0.000156;-89.89;-0.06;100.03;0.22;100.03;0.07243;0.07245;-2.173E-05;-11.401;-11.400;-99.990;0.00;-150.44;
2025-11-03 15:18:19.20;0.00:00:25:580;-1.00;0.00;0.00;0.07229;-0.07232;-0.0002615;-0.0001569;-89.90;-0.06;100.03;0.22;100.03;0.07229;0.07232;-2.234E-05;-11.409;-11.408;-99.990;0.00;-149.04;
2025-11-03 15:18:19.25;0.00:00:25:631;-1.00;0.00;0.00;0.07218;-0.0722;-0.0002835;-0.0001585;-89.89;-0.06;100.03;0.22;100.03;0.07218;0.0722;-2.129E-05;-11.416;-11.415;-99.990;0.00;-150.80;
2025-11-03 15:18:19.30;0.00:00:25:680;-1.00;0.00;0.00;0.07214;-0.07216;-0.0002574;-0.0001689;-89.90;-0.07;100.03;0.23;100.03;0.07214;0.07216;-2.438E-05;-11.419;-11.417;-99.990;0.00;-146.73;
2025-11-03 15:18:19.36;0.00:00:25:732;-1.00;0.00;0.00;0.07237;-0.07239;-0.0002556;-0.0001605;-89.90;-0.06;100.04;0.22;100.03;0.07237;0.07239;-2.533E-05;-11.404;-11.403;-99.990;0.00;-147.87;
2025-11-03 15:18:19.41;0.00:00:25:784;-1.00;0.00;0.00;0.07236;-0.07238;-0.000265;-0.0001617;-89.90;-0.06;100.03;0.22;100.03;0.07236;0.07238;-2.25E-05;-11.405;-11.404;-99.990;0.00;-148.61;
2025-11-03 15:18:19.47;0.00:00:25:844;-1.00;0.00;0.00;0.07225;-0.07227;-0.0002678;-0.0001682;-89.89;-0.07;100.03;0.23;100.03;0.07225;0.07227;-2.276E-05;-11.412;-11.410;-99.990;0.00;-147.87;
2025-11-03 15:18:19.52;0.00:00:25:895;-1.00;0.00;0.00;0.07221;-0.07223;-0.0002594;-0.00016;-89.90;-0.06;100.03;0.22;100.03;0.07221;0.07223;-2.47E-05;-11.414;-11.413;-99.990;0.00;-148.32;
2025-11-03 15:18:19.57;0.00:00:25:947;-1.00;0.00;0.00;0.07224;-0.07227;-0.0002578;-0.0001677;-89.90;-0.07;100.04;0.23;100.04;0.07224;0.07227;-2.861E-05;-11.412;-11.410;-99.990;0.00;-146.96;
2025-11-03 15:18:19.63;0.00:00:26:009;-1.00;0.00;0.00;0.07232;-0.07234;-0.0002585;-0.0001614;-89.90;-0.06;100.03;0.22;100.03;0.07232;0.07234;-2.372E-05;-11.407;-11.406;-99.990;0.00;-148.02;
2025-11-03 15:18:19.68;0.00:00:26:060;-1.00;0.00;0.00;0.07228;-0.0723;-0.0002849;-0.000155;-89.89;-0.06;100.03;0.21;100.03;0.07228;0.0723;-2.371E-05;-11.410;-11.409;-99.990;0.00;-151.45;
2025-11-03 15:18:19.75;0.00:00:26:122;-1.00;0.00;0.00;0.07223;-0.07225;-0.0002669;-0.0001719;-89.89;-0.07;100.03;0.24;100.03;0.07223;0.07225;-2.384E-05;-11.413;-11.411;-99.990;0.00;-147.21;
2025-11-03 15:18:19.80;0.00:00:26:171;-1.00;0.00;0.00;0.07232;-0.07234;-0.0002512;-0.000158;-89.90;-0.06;100.03;0.22;100.03;0.07232;0.07234;-2.292E-05;-11.408;-11.406;-99.990;0.00;-147.84;
2025-11-03 15:18:19.85;0.00:00:26:225;-1.00;0.00;0.00;0.07214;-0.07216;-0.000274;-0.0001631;-89.89;-0.06;100.03;0.23;100.03;0.07214;0.07216;-2.229E-05;-11.418;-11.417;-99.990;0.00;-149.23;
2025-11-03 15:18:19.91;0.00:00:26:286;-1.00;0.00;0.00;0.07214;-0.07216;-0.0002678;-0.0001591;-89.89;-0.06;100.04;0.22;100.03;0.07214;0.07216;-2.525E-05;-11.418;-11.417;-99.990;0.00;-149.29;
2025-11-03 15:18:19.96;0.00:00:26:341;-1.00;0.00;0.00;0.07224;-0.07226;-0.0002543;-0.000164;-89.90;-0.06;100.03;0.23;100.03;0.07224;0.07226;-2.492E-05;-11.413;-11.411;-99.990;0.00;-147.18;
2025-11-03 15:18:20.01;0.00:00:26:387;-1.00;0.00;0.00;0.07229;-0.07232;-0.0002607;-0.00016;-89.90;-0.06;100.03;0.22;100.03;0.07229;0.07232;-2.48E-05;-11.409;-11.408;-99.990;0.00;-148.45;
2025-11-03 15:18:20.06;0.00:00:26:438;-1.00;0.00;0.00;0.07244;-0.07247;-0.0002651;-0.000163;-89.90;-0.06;100.03;0.22;100.03;0.07244;0.07247;-2.333E-05;-11.400;-11.399;-99.990;0.00;-148.42;
2025-11-03 15:18:20.11;0.00:00:26:490;-1.00;0.00;0.00;0.07239;-0.07241;-0.000283;-0.000153;-89.89;-0.06;100.03;0.21;100.03;0.07239;0.07241;-2.186E-05;-11.403;-11.402;-99.990;0.00;-151.60;
2025-11-03 15:18:20.16;0.00:00:26:541;-1.00;0.00;0.00;0.07226;-0.07228;-0.0002678;-0.0001615;-89.89;-0.06;100.03;0.22;100.03;0.07226;0.07229;-2.269E-05;-11.411;-11.410;-99.990;0.00;-148.90;
2025-11-03 15:18:20.22;0.00:00:26:592;-1.00;0.00;0.00;0.07224;-0.07226;-0.0002674;-0.0001529;-89.89;-0.06;100.03;0.21;100.03;0.07224;0.07226;-2.174E-05;-11.413;-11.411;-99.990;0.00;-150.23;
2025-11-03 15:18:20.27;0.00:00:26:643;-1.00;0.00;0.00;0.07205;-0.07207;-0.000273;-0.0001603;-89.89;-0.06;100.03;0.22;100.03;0.07205;0.07207;-2.241E-05;-11.424;-11.423;-99.990;0.00;-149.58;
2025-11-03 15:18:20.32;0.00:00:26:695;-1.00;0.00;0.00;0.07205;-0.07208;-0.0002783;-0.0001553;-89.89;-0.06;100.03;0.22;100.03;0.07205;0.07208;-2.183E-05;-11.423;-11.422;-99.990;0.00;-150.84;
2025-11-03 15:18:20.37;0.00:00:26:748;-1.00;0.00;0.00;0.072;-0.07202;-0.000257;-0.0001596;-89.90;-0.06;100.04;0.22;100.04;0.072;0.07202;-2.808E-05;-11.427;-11.425;-99.990;0.00;-148.17;
2025-11-03 15:18:20.42;0.00:00:26:798;-1.00;0.00;0.00;0.07213;-0.07215;-0.000256;-0.0001642;-89.90;-0.07;100.03;0.23;100.03;0.07213;0.07215;-2.395E-05;-11.419;-11.417;-99.990;0.00;-147.33;
2025-11-03 15:18:20.47;0.00:00:26:851;-1.00;0.00;0.00;0.07218;-0.07221;-0.0002554;-0.0001613;-89.90;-0.06;100.03;0.22;100.03;0.07218;0.07221;-2.461E-05;-11.416;-11.414;-99.990;0.00;-147.73;
2025-11-03 15:18:20.53;0.00:00:26:911;-1.00;0.00;0.00;0.0721;-0.07212;-0.0002761;-0.0001568;-89.89;-0.06;100.03;0.22;100.03;0.0721;0.07212;-2.213E-05;-11.421;-11.419;-99.990;0.00;-150.41;
2025-11-03 15:18:20.58;0.00:00:26:960;-1.00;0.00;0.00;0.07208;-0.07211;-0.0002697;-0.0001596;-89.89;-0.06;100.04;0.22;100.04;0.07208;0.07211;-2.588E-05;-11.422;-11.420;-99.990;0.00;-149.39;
2025-11-03 15:18:20.63;0.00:00:27:006;-1.00;0.00;0.00;0.07206;-0.07208;-0.0002737;-0.0001663;-89.89;-0.07;100.03;0.23;100.03;0.07206;0.07208;-2.335E-05;-11.423;-11.422;-99.990;0.00;-148.72;
2025-11-03 15:18:20.68;0.00:00:27:055;-1.00;0.00;0.00;0.07204;-0.07206;-0.0002582;-0.000163;-89.90;-0.06;100.03;0.23;100.03;0.07204;0.07206;-2.392E-05;-11.424;-11.423;-99.990;0.00;-147.74;
2025-11-03 15:18:20.73;0.00:00:27:102;-1.00;0.00;0.00;0.07206;-0.07208;-0.0002636;-0.000165;-89.90;-0.07;100.03;0.23;100.03;0.07206;0.07208;-2.219E-05;-11.423;-11.422;-99.990;0.00;-147.96;
2025-11-03 15:18:20.77;0.00:00:27:149;-1.00;0.00;0.00;0.07208;-0.0721;-0.0002629;-0.0001572;-89.90;-0.06;100.03;0.22;100.03;0.07208;0.0721;-2.227E-05;-11.422;-11.421;-99.990;0.00;-149.13;
2025-11-03 15:18:20.82;0.00:00:27:196;-1.00;0.00;0.00;0.07207;-0.07209;-0.0002521;-0.0001616;-89.90;-0.06;100.03;0.22;100.03;0.07207;0.07209;-2.515E-05;-11.423;-11.421;-99.990;0.00;-147.34;
2025-11-03 15:18:20.87;0.00:00:27:245;-1.00;0.00;0.00;0.07202;-0.07205;-0.0002642;-0.0001628;-89.89;-0.06;100.03;0.23;100.03;0.07202;0.07205;-2.463E-05;-11.425;-11.424;-99.990;0.00;-148.36;
2025-11-03 15:18:20.92;0.00:00:27:295;-1.00;0.00;0.00;0.07204;-0.07207;-0.0002553;-0.0001569;-89.90;-0.06;100.04;0.22;100.04;0.07204;0.07207;-2.73E-05;-11.424;-11.422;-99.990;0.00;-148.42;
2025-11-03 15:18:20.98;0.00:00:27:356;-1.00;0.00;0.00;0.07207;-0.07209;-0.0002593;-0.0001586;-89.90;-0.06;100.03;0.22;100.03;0.07207;0.07209;-2.436E-05;-11.423;-11.421;-99.990;0.00;-148.55;
2025-11-03 15:18:21.03;0.00:00:27:404;-1.00;0.00;0.00;0.07226;-0.07229;-0.0002476;-0.0001681;-89.90;-0.07;100.04;0.23;100.04;0.07226;0.07229;-2.587E-05;-11.411;-11.409;-99.990;0.00;-145.83;
2025-11-03 15:18:21.08;0.00:00:27:453;-1.00;0.00;0.00;0.07239;-0.07242;-0.000257;-0.0001644;-89.90;-0.07;100.03;0.23;100.03;0.07239;0.07242;-2.259E-05;-11.403;-11.402;-99.990;0.00;-147.39;
2025-11-03 15:18:21.12;0.00:00:27:499;-1.00;0.00;0.00;0.07236;-0.07239;-0.0002675;-0.0001633;-89.89;-0.06;100.03;0.23;100.03;0.07236;0.07239;-2.518E-05;-11.405;-11.403;-99.990;0.00;-148.59;
2025-11-03 15:18:21.17;0.00:00:27:548;-1.00;0.00;0.00;0.07234;-0.07237;-0.000257;-0.0001664;-89.90;-0.07;100.04;0.23;100.04;0.07234;0.07237;-2.612E-05;-11.406;-11.404;-99.990;0.00;-147.07;
2025-11-03 15:18:21.22;0.00:00:27:594;-1.00;0.00;0.00;0.0723;-0.07232;-0.0002666;-0.0001536;-89.89;-0.06;100.03;0.21;100.03;0.0723;0.07232;-2.335E-05;-11.409;-11.408;-99.990;0.00;-150.05;
2025-11-03 15:18:21.27;0.00:00:27:642;-1.00;0.00;0.00;0.07216;-0.07219;-0.0002703;-0.0001636;-89.89;-0.06;100.03;0.23;100.03;0.07216;0.07219;-2.403E-05;-11.417;-11.415;-99.990;0.00;-148.81;
2025-11-03 15:18:21.31;0.00:00:27:689;-1.00;0.00;0.00;0.07216;-0.07218;-0.0002671;-0.0001528;-89.89;-0.06;100.03;0.21;100.03;0.07216;0.07218;-2.345E-05;-11.417;-11.416;-99.990;0.00;-150.22;
2025-11-03 15:18:21.36;0.00:00:27:737;-1.00;0.00;0.00;0.07215;-0.07218;-0.0002548;-0.0001693;-89.90;-0.07;100.03;0.23;100.03;0.07215;0.07218;-2.482E-05;-11.418;-11.416;-99.990;0.00;-146.40;
2025-11-03 15:18:21.41;0.00:00:27:785;-1.00;0.00;0.00;0.07224;-0.07226;-0.0002631;-0.0001693;-89.90;-0.07;100.04;0.23;100.04;0.07224;0.07226;-2.572E-05;-11.412;-11.411;-99.990;0.00;-147.23;
2025-11-03 15:18:21.46;0.00:00:27:833;-1.00;0.00;0.00;0.07232;-0.07234;-0.0002632;-0.0001587;-89.90;-0.06;100.03;0.22;100.03;0.07232;0.07234;-2.35E-05;-11.407;-11.406;-99.990;0.00;-148.91;
2025-11-03 15:18:21.50;0.00:00:27:880;-1.00;0.00;0.00;0.07227;-0.07229;-0.0002648;-0.0001591;-89.90;-0.06;100.03;0.22;100.03;0.07227;0.07229;-2.515E-05;-11.411;-11.409;-99.990;0.00;-148.99;
2025-11-03 15:18:21.55;0.00:00:27:929;-1.00;0.00;0.00;0.07224;-0.07226;-0.0002642;-0.0001607;-89.90;-0.06;100.03;0.22;100.03;0.07224;0.07226;-2.283E-05;-11.412;-11.411;-99.990;0.00;-148.70;
2025-11-03 15:18:21.60;0.00:00:27:976;-1.00;0.00;0.00;0.0722;-0.07222;-0.0002699;-0.0001633;-89.89;-0.06;100.04;0.23;100.04;0.0722;0.07222;-2.563E-05;-11.415;-11.413;-99.990;0.00;-148.83;
2025-11-03 15:18:21.65;0.00:00:28:025;-1.00;0.00;0.00;0.0722;-0.07223;-0.0002702;-0.0001652;-89.89;-0.07;100.04;0.23;100.04;0.0722;0.07223;-2.563E-05;-11.414;-11.413;-99.990;0.00;-148.56;
2025-11-03 15:18:21.69;0.00:00:28:070;-1.00;0.00;0.00;0.07214;-0.07217;-0.0002548;-0.0001677;-89.90;-0.07;100.04;0.23;100.04;0.07214;0.07217;-2.734E-05;-11.418;-11.416;-99.990;0.00;-146.64;
2025-11-03 15:18:21.74;0.00:00:28:118;-1.00;0.00;0.00;0.07222;-0.07225;-0.0002588;-0.0001623;-89.90;-0.06;100.04;0.22;100.04;0.07222;0.07225;-2.759E-05;-11.413;-11.412;-99.990;0.00;-147.91;
2025-11-03 15:18:21.79;0.00:00:28:167;-1.00;0.00;0.00;0.07215;-0.07218;-0.0002394;-0.0001594;-89.90;-0.06;100.04;0.22;100.04;0.07215;0.07218;-2.958E-05;-11.418;-11.416;-99.990;0.00;-146.34;
2025-11-03 15:18:21.84;0.00:00:28:215;-1.00;0.00;0.00;0.0723;-0.07233;-0.00026;-0.0001624;-89.90;-0.06;100.04;0.22;100.04;0.0723;0.07233;-2.617E-05;-11.408;-11.407;-99.990;0.00;-148.01;
2025-11-03 15:18:21.89;0.00:00:28:263;-1.00;0.00;0.00;0.07234;-0.07237;-0.0002577;-0.0001627;-89.90;-0.06;100.03;0.22;100.03;0.07234;0.07237;-2.525E-05;-11.406;-11.405;-99.990;0.00;-147.73;
2025-11-03 15:18:21.93;0.00:00:28:310;-1.00;0.00;0.00;0.07233;-0.07236;-0.0002623;-0.0001582;-89.90;-0.06;100.03;0.22;100.03;0.07233;0.07236;-2.474E-05;-11.407;-11.405;-99.990;0.00;-148.91;
2025-11-03 15:18:21.98;0.00:00:28:357;-1.00;0.00;0.00;0.07231;-0.07233;-0.0002706;-0.0001544;-89.89;-0.06;100.03;0.21;100.03;0.07231;0.07233;-2.206E-05;-11.408;-11.407;-99.990;0.00;-150.29;
2025-11-03 15:18:22.03;0.00:00:28:404;-1.00;0.00;0.00;0.07228;-0.07231;-0.0002578;-0.000158;-89.90;-0.06;100.04;0.22;100.03;0.07228;0.07231;-2.544E-05;-11.410;-11.408;-99.990;0.00;-148.49;
2025-11-03 15:18:22.08;0.00:00:28:452;-1.00;0.00;0.00;0.07228;-0.0723;-0.0002641;-0.0001619;-89.90;-0.06;100.03;0.22;100.03;0.07228;0.07231;-2.306E-05;-11.410;-11.408;-99.990;0.00;-148.49;
2025-11-03 15:18:22.12;0.00:00:28:501;-1.00;0.00;0.00;0.07223;-0.07225;-0.0002555;-0.000162;-89.90;-0.06;100.03;0.22;100.03;0.07223;0.07225;-2.477E-05;-11.413;-11.412;-99.990;0.00;-147.63;
2025-11-03 15:18:22.17;0.00:00:28:548;-1.00;0.00;0.00;0.07218;-0.0722;-0.0002686;-0.0001657;-89.89;-0.07;100.03;0.23;100.03;0.07218;0.0722;-2.519E-05;-11.416;-11.414;-99.990;0.00;-148.33;
2025-11-03 15:18:22.22;0.00:00:28:596;-1.00;0.00;0.00;0.07222;-0.07225;-0.0002624;-0.0001567;-89.90;-0.06;100.03;0.22;100.03;0.07222;0.07225;-2.484E-05;-11.413;-11.412;-99.990;0.00;-149.15;
2025-11-03 15:18:22.27;0.00:00:28:644;-1.00;0.00;0.00;0.07222;-0.07224;-0.0002668;-0.0001556;-89.89;-0.06;100.03;0.22;100.03;0.07222;0.07224;-2.34E-05;-11.413;-11.412;-99.990;0.00;-149.74;
2025-11-03 15:18:22.32;0.00:00:28:692;-1.00;0.00;0.00;0.07226;-0.07228;-0.0002659;-0.0001591;-89.89;-0.06;100.04;0.22;100.04;0.07226;0.07228;-2.572E-05;-11.411;-11.410;-99.990;0.00;-149.10;
2025-11-03 15:18:22.36;0.00:00:28:741;-1.00;0.00;0.00;0.07204;-0.07206;-0.0002624;-0.0001647;-89.90;-0.07;100.04;0.23;100.04;0.07204;0.07206;-2.543E-05;-11.424;-11.423;-99.990;0.00;-147.88;
2025-11-03 15:18:22.41;0.00:00:28:787;-1.00;0.00;0.00;0.07211;-0.07214;-0.0002534;-0.0001678;-89.90;-0.07;100.04;0.23;100.04;0.07211;0.07214;-2.582E-05;-11.420;-11.418;-99.990;0.00;-146.49;
2025-11-03 15:18:22.46;0.00:00:28:835;-1.00;0.00;0.00;0.07215;-0.07218;-0.00027;-0.0001615;-89.89;-0.06;100.04;0.22;100.04;0.07215;0.07218;-2.648E-05;-11.417;-11.416;-99.990;0.00;-149.11;
2025-11-03 15:18:22.51;0.00:00:28:883;-1.00;0.00;0.00;0.07216;-0.07218;-0.0002599;-0.000163;-89.90;-0.06;100.03;0.23;100.03;0.07216;0.07219;-2.439E-05;-11.417;-11.416;-99.990;0.00;-147.91;
2025-11-03 15:18:22.55;0.00:00:28:930;-1.00;0.00;0.00;0.0722;-0.07223;-0.0002526;-0.0001605;-89.90;-0.06;100.04;0.22;100.04;0.0722;0.07223;-2.599E-05;-11.414;-11.413;-99.990;0.00;-147.56;
2025-11-03 15:18:22.60;0.00:00:28:977;-1.00;0.00;0.00;0.07224;-0.07227;-0.000254;-0.0001682;-89.90;-0.07;100.04;0.23;100.04;0.07224;0.07227;-2.81E-05;-11.412;-11.410;-99.990;0.00;-146.49;
2025-11-03 15:18:22.65;0.00:00:29:024;-1.00;0.00;0.00;0.07239;-0.07241;-0.00027;-0.0001552;-89.89;-0.06;100.04;0.21;100.04;0.07239;0.07241;-2.62E-05;-11.403;-11.402;-99.990;0.00;-150.11;
2025-11-03 15:18:22.69;0.00:00:29:070;-1.00;0.00;0.00;0.07233;-0.07236;-0.0002678;-0.0001578;-89.89;-0.06;100.03;0.22;100.03;0.07233;0.07236;-2.438E-05;-11.407;-11.405;-99.990;0.00;-149.48;
2025-11-03 15:18:22.74;0.00:00:29:118;-1.00;0.00;0.00;0.07226;-0.07228;-0.0002679;-0.0001583;-89.89;-0.06;100.03;0.22;100.03;0.07226;0.07228;-2.226E-05;-11.411;-11.410;-99.990;0.00;-149.42;
2025-11-03 15:18:22.79;0.00:00:29:166;-1.00;0.00;0.00;0.07219;-0.07221;-0.000259;-0.0001535;-89.90;-0.06;100.03;0.21;100.03;0.07219;0.07221;-2.238E-05;-11.415;-11.414;-99.990;0.00;-149.34;
2025-11-03 15:18:22.84;0.00:00:29:214;-1.00;0.00;0.00;0.07218;-0.0722;-0.0002698;-0.0001636;-89.89;-0.06;100.03;0.23;100.03;0.07218;0.0722;-2.512E-05;-11.416;-11.414;-99.990;0.00;-148.77;
2025-11-03 15:18:22.89;0.00:00:29:261;-1.00;0.00;0.00;0.07219;-0.07222;-0.000257;-0.0001688;-89.90;-0.07;100.03;0.23;100.03;0.07219;0.07222;-2.419E-05;-11.415;-11.414;-99.990;0.00;-146.71;
2025-11-03 15:18:22.93;0.00:00:29:309;-1.00;0.00;0.00;0.07224;-0.07226;-0.0002583;-0.000161;-89.90;-0.06;100.04;0.22;100.04;0.07224;0.07226;-2.658E-05;-11.412;-11.411;-99.990;0.00;-148.06;
2025-11-03 15:18:22.98;0.00:00:29:356;-1.00;0.00;0.00;0.07221;-0.07223;-0.0002716;-0.0001611;-89.89;-0.06;100.03;0.22;100.03;0.07221;0.07223;-2.332E-05;-11.414;-11.413;-99.990;0.00;-149.34;
2025-11-03 15:18:23.03;0.00:00:29:403;-1.00;0.00;0.00;0.07221;-0.07224;-0.0002594;-0.000163;-89.90;-0.06;100.04;0.23;100.04;0.07221;0.07224;-2.629E-05;-11.414;-11.412;-99.990;0.00;-147.86;
2025-11-03 15:18:23.07;0.00:00:29:449;-1.00;0.00;0.00;0.07228;-0.0723;-0.0002602;-0.0001674;-89.90;-0.07;100.03;0.23;100.03;0.07228;0.0723;-2.515E-05;-11.410;-11.409;-99.990;0.00;-147.25;
2025-11-03 15:18:23.12;0.00:00:29:497;-1.00;0.00;0.00;0.07221;-0.07223;-0.0002604;-0.0001625;-89.90;-0.06;100.03;0.23;100.03;0.07221;0.07223;-2.289E-05;-11.414;-11.413;-99.990;0.00;-148.03;
2025-11-03 15:18:23.17;0.00:00:29:545;-1.00;0.00;0.00;0.07219;-0.07221;-0.0002534;-0.0001615;-89.90;-0.06;100.03;0.22;100.03;0.07219;0.07221;-2.447E-05;-11.415;-11.414;-99.990;0.00;-147.49;
2025-11-03 15:18:23.21;0.00:00:29:590;-1.00;0.00;0.00;0.07209;-0.07211;-0.0002862;-0.0001582;-89.89;-0.06;100.03;0.22;100.03;0.07209;0.07211;-1.997E-05;-11.421;-11.420;-99.990;0.00;-151.06;
2025-11-03 15:18:23.26;0.00:00:29:638;-1.00;0.00;0.00;0.07212;-0.07214;-0.000274;-0.0001571;-89.89;-0.06;100.03;0.22;100.03;0.07212;0.07214;-2.337E-05;-11.419;-11.418;-99.990;0.00;-150.17;
2025-11-03 15:18:23.31;0.00:00:29:685;-1.00;0.00;0.00;0.07203;-0.07206;-0.0002599;-0.000166;-89.90;-0.07;100.04;0.23;100.04;0.07203;0.07206;-2.737E-05;-11.425;-11.423;-99.990;0.00;-147.43;
2025-11-03 15:18:23.36;0.00:00:29:732;-1.00;0.00;0.00;0.07227;-0.0723;-0.0002528;-0.0001551;-89.90;-0.06;100.04;0.21;100.04;0.07227;0.0723;-2.977E-05;-11.411;-11.409;-99.990;0.00;-148.47;
2025-11-03 15:18:23.40;0.00:00:29:778;-1.00;0.00;0.00;0.07233;-0.07236;-0.0002558;-0.0001628;-89.90;-0.06;100.04;0.23;100.04;0.07233;0.07236;-2.705E-05;-11.407;-11.405;-99.990;0.00;-147.53;
2025-11-03 15:18:23.45;0.00:00:29:824;-1.00;0.00;0.00;0.0723;-0.07232;-0.0002685;-0.0001667;-89.89;-0.07;100.03;0.23;100.03;0.0723;0.07232;-2.147E-05;-11.409;-11.407;-99.990;0.00;-148.17;
2025-11-03 15:18:23.49;0.00:00:29:870;-1.00;0.00;0.00;0.07232;-0.07235;-0.0002549;-0.0001627;-89.90;-0.06;100.04;0.22;100.04;0.07232;0.07235;-2.792E-05;-11.407;-11.406;-99.990;0.00;-147.45;
2025-11-03 15:18:23.54;0.00:00:29:918;-1.00;0.00;0.00;0.07229;-0.07232;-0.000265;-0.0001567;-89.90;-0.06;100.03;0.22;100.03;0.07229;0.07232;-2.501E-05;-11.409;-11.408;-99.990;0.00;-149.41;
2025-11-03 15:18:23.59;0.00:00:29:964;-1.00;0.00;0.00;0.07218;-0.07221;-0.0002578;-0.0001552;-89.90;-0.06;100.03;0.21;100.03;0.07218;0.07221;-2.469E-05;-11.416;-11.414;-99.990;0.00;-148.96;
2025-11-03 15:18:23.64;0.00:00:30:014;-1.00;0.00;0.00;0.07218;-0.0722;-0.0002689;-0.0001659;-89.89;-0.07;100.03;0.23;100.03;0.07218;0.0722;-2.447E-05;-11.416;-11.414;-99.990;0.00;-148.33;
2025-11-03 15:18:23.70;0.00:00:30:073;-1.00;0.00;0.00;0.07225;-0.07227;-0.0002585;-0.0001682;-89.90;-0.07;100.04;0.23;100.04;0.07225;0.07227;-2.717E-05;-11.412;-11.410;-99.990;0.00;-146.95;
2025-11-03 15:18:23.75;0.00:00:30:121;-1.00;0.00;0.00;0.07239;-0.07242;-0.0002399;-0.0001692;-89.91;-0.07;100.04;0.23;100.04;0.07239;0.07242;-2.845E-05;-11.403;-11.401;-99.990;0.00;-144.81;
2025-11-03 15:18:23.79;0.00:00:30:168;-1.00;0.00;0.00;0.07256;-0.07258;-0.000276;-0.0001625;-89.89;-0.06;100.03;0.22;100.03;0.07256;0.07259;-2.119E-05;-11.393;-11.392;-99.990;0.00;-149.52;
2025-11-03 15:18:23.84;0.00:00:30:214;-1.00;0.00;0.00;0.07238;-0.07241;-0.000268;-0.0001618;-89.89;-0.06;100.04;0.22;100.03;0.07238;0.07241;-2.533E-05;-11.404;-11.402;-99.990;0.00;-148.87;
2025-11-03 15:18:23.89;0.00:00:30:263;-1.00;0.00;0.00;0.07244;-0.07246;-0.0002639;-0.0001631;-89.90;-0.06;100.03;0.23;100.03;0.07244;0.07246;-2.369E-05;-11.401;-11.399;-99.990;0.00;-148.28;
2025-11-03 15:18:23.93;0.00:00:30:309;-1.00;0.00;0.00;0.07237;-0.07239;-0.000265;-0.0001615;-89.90;-0.06;100.03;0.22;100.03;0.07237;0.07239;-2.294E-05;-11.404;-11.403;-99.990;0.00;-148.64;
2025-11-03 15:18:23.98;0.00:00:30:355;-1.00;0.00;0.00;0.07235;-0.07238;-0.0002657;-0.0001595;-89.89;-0.06;100.04;0.22;100.04;0.07235;0.07238;-2.605E-05;-11.405;-11.404;-99.990;0.00;-149.03;
2025-11-03 15:18:24.03;0.00:00:30:402;-1.00;0.00;0.00;0.07232;-0.07234;-0.0002602;-0.0001682;-89.90;-0.07;100.03;0.23;100.03;0.07232;0.07234;-2.285E-05;-11.408;-11.406;-99.990;0.00;-147.12;
2025-11-03 15:18:24.07;0.00:00:30:449;-1.00;0.00;0.00;0.07228;-0.0723;-0.0002687;-0.0001518;-89.89;-0.06;100.03;0.21;100.03;0.07228;0.0723;-2.32E-05;-11.410;-11.409;-99.990;0.00;-150.54;
2025-11-03 15:18:24.12;0.00:00:30:495;-1.00;0.00;0.00;0.07212;-0.07215;-0.0002719;-0.0001629;-89.89;-0.06;100.03;0.23;100.03;0.07212;0.07215;-2.445E-05;-11.419;-11.418;-99.990;0.00;-149.07;
2025-11-03 15:18:24.17;0.00:00:30:542;-1.00;0.00;0.00;0.07206;-0.07208;-0.0002571;-0.000167;-89.90;-0.07;100.03;0.23;100.03;0.07206;0.07208;-2.371E-05;-11.423;-11.422;-99.990;0.00;-146.99;
2025-11-03 15:18:24.21;0.00:00:30:588;-1.00;0.00;0.00;0.07203;-0.07205;-0.000264;-0.0001508;-89.90;-0.06;100.03;0.21;100.03;0.07203;0.07205;-2.226E-05;-11.425;-11.424;-99.990;0.00;-150.27;
2025-11-03 15:18:24.26;0.00:00:30:635;-1.00;0.00;0.00;0.07216;-0.07219;-0.0002394;-0.0001696;-89.90;-0.07;100.04;0.24;100.04;0.07216;0.07219;-2.951E-05;-11.417;-11.415;-99.990;0.00;-144.69;
2025-11-03 15:18:24.31;0.00:00:30:682;-1.00;0.00;0.00;0.07228;-0.0723;-0.000266;-0.0001607;-89.89;-0.06;100.04;0.22;100.04;0.07228;0.0723;-2.595E-05;-11.410;-11.408;-99.990;0.00;-148.86;
2025-11-03 15:18:24.35;0.00:00:30:730;-1.00;0.00;0.00;0.0723;-0.07233;-0.0002475;-0.0001662;-89.90;-0.07;100.04;0.23;100.04;0.0723;0.07233;-2.639E-05;-11.409;-11.407;-99.990;0.00;-146.13;
2025-11-03 15:18:24.40;0.00:00:30:777;-1.00;0.00;0.00;0.07235;-0.07237;-0.0002548;-0.0001657;-89.90;-0.07;100.03;0.23;100.03;0.07235;0.07237;-2.453E-05;-11.406;-11.404;-99.990;0.00;-146.96;
2025-11-03 15:18:24.45;0.00:00:30:822;-1.00;0.00;0.00;0.0724;-0.07242;-0.0002663;-0.0001671;-89.89;-0.07;100.04;0.23;100.04;0.0724;0.07242;-2.628E-05;-11.403;-11.401;-99.990;0.00;-147.89;
2025-11-03 15:18:24.49;0.00:00:30:870;-1.00;0.00;0.00;0.07257;-0.0726;-0.0002399;-0.000167;-89.91;-0.07;100.04;0.23;100.04;0.07257;0.0726;-2.816E-05;-11.392;-11.391;-99.990;0.00;-145.16;
2025-11-03 15:18:24.54;0.00:00:30:916;-1.00;0.00;0.00;0.07255;-0.07257;-0.0002687;-0.0001582;-89.89;-0.06;100.03;0.22;100.03;0.07255;0.07257;-1.988E-05;-11.393;-11.392;-99.990;0.00;-149.51;
2025-11-03 15:18:24.59;0.00:00:30:965;-1.00;0.00;0.00;0.07222;-0.07224;-0.0002656;-0.000161;-89.89;-0.06;100.03;0.22;100.03;0.07222;0.07224;-2.21E-05;-11.413;-11.412;-99.990;0.00;-148.78;
2025-11-03 15:18:24.64;0.00:00:31:011;-1.00;0.00;0.00;0.07222;-0.07225;-0.0002612;-0.0001603;-89.90;-0.06;100.03;0.22;100.03;0.07222;0.07225;-2.492E-05;-11.413;-11.412;-99.990;0.00;-148.46;
2025-11-03 15:18:24.68;0.00:00:31:059;-1.00;0.00;0.00;0.07219;-0.07221;-0.0002678;-0.0001576;-89.89;-0.06;100.04;0.22;100.04;0.07219;0.07222;-2.548E-05;-11.415;-11.414;-99.990;0.00;-149.53;
2025-11-03 15:18:24.73;0.00:00:31:104;-1.00;0.00;0.00;0.07216;-0.07218;-0.0002605;-0.0001551;-89.90;-0.06;100.03;0.21;100.03;0.07216;0.07218;-2.504E-05;-11.417;-11.416;-99.990;0.00;-149.23;
2025-11-03 15:18:24.78;0.00:00:31:151;-1.00;0.00;0.00;0.07202;-0.07204;-0.0002763;-0.0001603;-89.89;-0.06;100.03;0.22;100.03;0.07202;0.07204;-2.305E-05;-11.426;-11.424;-99.990;0.00;-149.87;
2025-11-03 15:18:24.82;0.00:00:31:198;-1.00;0.00;0.00;0.07214;-0.07217;-0.0002505;-0.0001663;-89.90;-0.07;100.04;0.23;100.04;0.07214;0.07217;-2.677E-05;-11.418;-11.416;-99.990;0.00;-146.41;
2025-11-03 15:18:24.87;0.00:00:31:245;-1.00;0.00;0.00;0.07219;-0.07221;-0.0002456;-0.0001631;-89.90;-0.06;100.04;0.23;100.04;0.07219;0.07221;-2.808E-05;-11.415;-11.414;-99.990;0.00;-146.41;
2025-11-03 15:18:24.91;0.00:00:31:291;-1.00;0.00;0.00;0.07226;-0.07229;-0.0002617;-0.0001627;-89.90;-0.06;100.04;0.23;100.03;0.07226;0.07229;-2.529E-05;-11.411;-11.409;-99.990;0.00;-148.13;
2025-11-03 15:18:24.96;0.00:00:31:337;-1.00;0.00;0.00;0.0722;-0.07222;-0.0002715;-0.0001554;-89.89;-0.06;100.03;0.22;100.03;0.0722;0.07222;-2.491E-05;-11.415;-11.413;-99.990;0.00;-150.21;
2025-11-03 15:18:25.01;0.00:00:31:386;-1.00;0.00;0.00;0.07216;-0.07219;-0.0002679;-0.00016;-89.89;-0.06;100.03;0.22;100.03;0.07216;0.07219;-2.417E-05;-11.417;-11.415;-99.990;0.00;-149.14;
2025-11-03 15:18:25.07;0.00:00:31:447;-1.00;0.00;0.00;0.07221;-0.07223;-0.0002516;-0.0001605;-89.90;-0.06;100.03;0.22;100.03;0.07221;0.07224;-2.296E-05;-11.414;-11.412;-99.990;0.00;-147.46;
2025-11-03 15:18:25.12;0.00:00:31:496;-1.00;0.00;0.00;0.07221;-0.07224;-0.0002627;-0.0001586;-89.90;-0.06;100.03;0.22;100.03;0.07221;0.07224;-2.419E-05;-11.414;-11.412;-99.990;0.00;-148.87;
2025-11-03 15:18:25.18;0.00:00:31:557;-1.00;0.00;0.00;0.07211;-0.07213;-0.0002499;-0.00017;-89.90;-0.07;100.03;0.24;100.03;0.07211;0.07213;-2.344E-05;-11.420;-11.419;-99.990;0.00;-145.78;
2025-11-03 15:18:25.23;0.00:00:31:603;-1.00;0.00;0.00;0.07223;-0.07225;-0.000282;-0.0001558;-89.89;-0.06;100.03;0.22;100.03;0.07223;0.07225;-2.138E-05;-11.413;-11.412;-99.990;0.00;-151.08;
2025-11-03 15:18:25.27;0.00:00:31:649;-1.00;0.00;0.00;0.07213;-0.07215;-0.0002631;-0.0001589;-89.90;-0.06;100.03;0.22;100.03;0.07213;0.07216;-2.193E-05;-11.419;-11.417;-99.990;0.00;-148.87;
2025-11-03 15:18:25.32;0.00:00:31:698;-1.00;0.00;0.00;0.07207;-0.0721;-0.0002572;-0.0001694;-89.90;-0.07;100.04;0.24;100.04;0.07207;0.0721;-2.638E-05;-11.422;-11.421;-99.990;0.00;-146.62;
2025-11-03 15:18:25.37;0.00:00:31:743;-1.00;0.00;0.00;0.0721;-0.07213;-0.0002676;-0.0001664;-89.89;-0.07;100.03;0.23;100.03;0.0721;0.07213;-2.379E-05;-11.420;-11.419;-99.990;0.00;-148.13;
2025-11-03 15:18:25.42;0.00:00:31:791;-1.00;0.00;0.00;0.07222;-0.07225;-0.0002571;-0.0001602;-89.90;-0.06;100.04;0.22;100.04;0.07222;0.07225;-2.853E-05;-11.413;-11.412;-99.990;0.00;-148.08;
2025-11-03 15:18:25.46;0.00:00:31:838;-1.00;0.00;0.00;0.07226;-0.07228;-0.0002561;-0.0001653;-89.90;-0.07;100.03;0.23;100.03;0.07226;0.07228;-2.363E-05;-11.411;-11.410;-99.990;0.00;-147.15;
2025-11-03 15:18:25.51;0.00:00:31:884;-1.00;0.00;0.00;0.0723;-0.07232;-0.0002555;-0.0001685;-89.90;-0.07;100.03;0.23;100.03;0.0723;0.07232;-2.241E-05;-11.408;-11.407;-99.990;0.00;-146.60;
2025-11-03 15:18:25.55;0.00:00:31:931;-1.00;0.00;0.00;0.07229;-0.07231;-0.0002726;-0.000165;-89.89;-0.07;100.03;0.23;100.03;0.07229;0.07231;-1.894E-05;-11.409;-11.408;-99.990;0.00;-148.82;
2025-11-03 15:18:25.60;0.00:00:31:977;-1.00;0.00;0.00;0.07224;-0.07226;-0.0002603;-0.0001686;-89.90;-0.07;100.04;0.23;100.04;0.07224;0.07227;-2.565E-05;-11.412;-11.411;-99.990;0.00;-147.07;
2025-11-03 15:18:25.65;0.00:00:32:026;-1.00;0.00;0.00;0.07223;-0.07226;-0.0002603;-0.0001611;-89.90;-0.06;100.03;0.22;100.03;0.07223;0.07226;-2.369E-05;-11.413;-11.411;-99.990;0.00;-148.24;
2025-11-03 15:18:25.70;0.00:00:32:073;-1.00;0.00;0.00;0.07221;-0.07223;-0.0002657;-0.0001611;-89.89;-0.06;100.03;0.22;100.03;0.07221;0.07223;-2.34E-05;-11.414;-11.413;-99.990;0.00;-148.77;
2025-11-03 15:18:25.74;0.00:00:32:118;-1.00;0.00;0.00;0.07212;-0.07214;-0.0002619;-0.0001658;-89.90;-0.07;100.03;0.23;100.03;0.07212;0.07214;-2.236E-05;-11.420;-11.418;-99.990;0.00;-147.66;
2025-11-03 15:18:25.79;0.00:00:32:164;-1.00;0.00;0.00;0.07226;-0.07229;-0.0002622;-0.0001592;-89.90;-0.06;100.04;0.22;100.04;0.07226;0.07229;-2.594E-05;-11.411;-11.409;-99.990;0.00;-148.73;
2025-11-03 15:18:25.84;0.00:00:32:211;-1.00;0.00;0.00;0.07217;-0.07219;-0.0002789;-0.0001549;-89.89;-0.06;100.03;0.21;100.03;0.07217;0.07219;-2.165E-05;-11.416;-11.415;-99.990;0.00;-150.94;
2025-11-03 15:18:25.88;0.00:00:32:257;-1.00;0.00;0.00;0.07211;-0.07213;-0.0002575;-0.0001603;-89.90;-0.06;100.03;0.22;100.03;0.07211;0.07213;-2.387E-05;-11.420;-11.419;-99.990;0.00;-148.10;
2025-11-03 15:18:25.93;0.00:00:32:304;-1.00;0.00;0.00;0.07215;-0.07217;-0.0002674;-0.0001634;-89.89;-0.06;100.03;0.23;100.03;0.07215;0.07217;-2.359E-05;-11.418;-11.416;-99.990;0.00;-148.57;
2025-11-03 15:18:25.98;0.00:00:32:351;-1.00;0.00;0.00;0.07211;-0.07213;-0.0002733;-0.0001565;-89.89;-0.06;100.03;0.22;100.03;0.07211;0.07213;-2.077E-05;-11.420;-11.419;-99.990;0.00;-150.20;
2025-11-03 15:18:26.02;0.00:00:32:398;-1.00;0.00;0.00;0.07204;-0.07207;-0.0002634;-0.0001657;-89.90;-0.07;100.04;0.23;100.04;0.07204;0.07207;-2.63E-05;-11.424;-11.423;-99.990;0.00;-147.82;
2025-11-03 15:18:26.07;0.00:00:32:444;-1.00;0.00;0.00;0.07215;-0.07218;-0.0002489;-0.0001609;-89.90;-0.06;100.04;0.22;100.04;0.07215;0.07218;-2.677E-05;-11.418;-11.416;-99.990;0.00;-147.13;
2025-11-03 15:18:26.12;0.00:00:32:491;-1.00;0.00;0.00;0.07218;-0.07221;-0.0002547;-0.0001585;-89.90;-0.06;100.03;0.22;100.03;0.07218;0.07221;-2.512E-05;-11.416;-11.414;-99.990;0.00;-148.09;
2025-11-03 15:18:26.16;0.00:00:32:540;-1.00;0.00;0.00;0.07205;-0.07208;-0.0002688;-0.0001664;-89.89;-0.07;100.03;0.23;100.03;0.07205;0.07208;-2.443E-05;-11.423;-11.422;-99.990;0.00;-148.23;
2025-11-03 15:18:26.21;0.00:00:32:586;-1.00;0.00;0.00;0.07205;-0.07207;-0.0002553;-0.0001614;-89.90;-0.06;100.03;0.22;100.03;0.07205;0.07208;-2.255E-05;-11.424;-11.422;-99.990;0.00;-147.71;
2025-11-03 15:18:26.26;0.00:00:32:634;-1.00;0.00;0.00;0.07211;-0.07213;-0.0002534;-0.0001556;-89.90;-0.06;100.04;0.22;100.04;0.07211;0.07213;-2.754E-05;-11.420;-11.419;-99.990;0.00;-148.45;
2025-11-03 15:18:26.30;0.00:00:32:680;-1.00;0.00;0.00;0.07214;-0.07216;-0.0002545;-0.0001719;-89.90;-0.07;100.03;0.24;100.03;0.07214;0.07216;-2.51E-05;-11.419;-11.417;-99.990;0.00;-145.97;
2025-11-03 15:18:26.35;0.00:00:32:727;-1.00;0.00;0.00;0.07221;-0.07224;-0.0002549;-0.0001639;-89.90;-0.07;100.03;0.23;100.03;0.07221;0.07224;-2.513E-05;-11.414;-11.412;-99.990;0.00;-147.25;
2025-11-03 15:18:26.40;0.00:00:32:774;-1.00;0.00;0.00;0.07218;-0.0722;-0.0002633;-0.000165;-89.90;-0.07;100.04;0.23;100.04;0.07218;0.0722;-2.562E-05;-11.416;-11.414;-99.990;0.00;-147.92;
2025-11-03 15:18:26.45;0.00:00:32:821;-1.00;0.00;0.00;0.07221;-0.07224;-0.0002498;-0.0001643;-89.90;-0.07;100.03;0.23;100.03;0.07221;0.07224;-2.383E-05;-11.414;-11.412;-99.990;0.00;-146.66;
2025-11-03 15:18:26.49;0.00:00:32:869;-1.00;0.00;0.00;0.07223;-0.07225;-0.0002665;-0.0001699;-89.89;-0.07;100.03;0.24;100.03;0.07223;0.07225;-2.427E-05;-11.413;-11.411;-99.990;0.00;-147.49;
2025-11-03 15:18:26.54;0.00:00:32:915;-1.00;0.00;0.00;0.07214;-0.07216;-0.0002818;-0.0001548;-89.89;-0.06;100.03;0.21;100.03;0.07214;0.07216;-2.309E-05;-11.418;-11.417;-99.990;0.00;-151.22;
2025-11-03 15:18:26.59;0.00:00:32:967;-1.00;0.00;0.00;0.07212;-0.07215;-0.000254;-0.0001596;-89.90;-0.06;100.04;0.22;100.04;0.07212;0.07215;-2.582E-05;-11.419;-11.418;-99.990;0.00;-147.86;
2025-11-03 15:18:26.65;0.00:00:33:021;-1.00;0.00;0.00;0.0722;-0.07222;-0.0002525;-0.0001627;-89.90;-0.06;100.04;0.23;100.04;0.0722;0.07223;-2.736E-05;-11.415;-11.413;-99.990;0.00;-147.21;
2025-11-03 15:18:26.71;0.00:00:33:088;-1.00;0.00;0.00;0.07234;-0.07236;-0.0002614;-0.0001637;-89.90;-0.06;100.03;0.23;100.03;0.07234;0.07236;-2.365E-05;-11.406;-11.405;-99.990;0.00;-147.94;
2025-11-03 15:18:26.76;0.00:00:33:137;-1.00;0.00;0.00;0.07221;-0.07224;-0.0002699;-0.0001588;-89.89;-0.06;100.03;0.22;100.03;0.07221;0.07224;-2.289E-05;-11.414;-11.412;-99.990;0.00;-149.54;
2025-11-03 15:18:26.81;0.00:00:33:186;-1.00;0.00;0.00;0.07219;-0.07221;-0.0002564;-0.0001603;-89.90;-0.06;100.04;0.22;100.04;0.07219;0.07221;-2.57E-05;-11.415;-11.414;-99.990;0.00;-147.99;
2025-11-03 15:18:26.86;0.00:00:33:239;-1.00;0.00;0.00;0.07216;-0.07219;-0.0002654;-0.0001592;-89.89;-0.06;100.04;0.22;100.04;0.07216;0.07219;-2.591E-05;-11.417;-11.415;-99.990;0.00;-149.05;
2025-11-03 15:18:26.91;0.00:00:33:289;-1.00;0.00;0.00;0.07211;-0.07213;-0.0002578;-0.0001642;-89.90;-0.07;100.03;0.23;100.03;0.07211;0.07213;-2.098E-05;-11.420;-11.419;-99.990;0.00;-147.51;
2025-11-03 15:18:26.96;0.00:00:33:341;-1.00;0.00;0.00;0.07241;-0.07244;-0.0002474;-0.0001634;-89.90;-0.06;100.04;0.23;100.04;0.07241;0.07244;-2.889E-05;-11.402;-11.400;-99.990;0.00;-146.55;
2025-11-03 15:18:27.02;0.00:00:33:399;-1.00;0.00;0.00;0.07232;-0.07234;-0.0002522;-0.0001514;-89.90;-0.06;100.03;0.21;100.03;0.07232;0.07234;-2.264E-05;-11.408;-11.406;-99.990;0.00;-149.03;
2025-11-03 15:18:27.07;0.00:00:33:446;-1.00;0.00;0.00;0.07224;-0.07226;-0.0002695;-0.000157;-89.89;-0.06;100.03;0.22;100.03;0.07224;0.07227;-2.413E-05;-11.412;-11.411;-99.990;0.00;-149.78;
2025-11-03 15:18:27.12;0.00:00:33:494;-1.00;0.00;0.00;0.07219;-0.07222;-0.0002691;-0.0001611;-89.89;-0.06;100.03;0.22;100.03;0.07219;0.07222;-2.498E-05;-11.415;-11.413;-99.990;0.00;-149.09;
2025-11-03 15:18:27.17;0.00:00:33:548;-1.00;0.00;0.00;0.07223;-0.07226;-0.0002676;-0.0001584;-89.89;-0.06;100.04;0.22;100.04;0.07223;0.07226;-2.803E-05;-11.413;-11.411;-99.990;0.00;-149.38;
2025-11-03 15:18:27.22;0.00:00:33:594;-1.00;0.00;0.00;0.07227;-0.0723;-0.0002495;-0.0001702;-89.90;-0.07;100.04;0.24;100.04;0.07227;0.0723;-2.934E-05;-11.410;-11.408;-99.990;0.00;-145.69;
2025-11-03 15:18:27.27;0.00:00:33:648;-1.00;0.00;0.00;0.07222;-0.07224;-0.0002725;-0.0001557;-89.89;-0.06;100.03;0.22;100.03;0.07222;0.07224;-1.95E-05;-11.413;-11.412;-99.990;0.00;-150.25;
2025-11-03 15:18:27.33;0.00:00:33:708;-1.00;0.00;0.00;0.07219;-0.07222;-0.0002583;-0.0001722;-89.90;-0.07;100.04;0.24;100.04;0.07219;0.07222;-2.751E-05;-11.415;-11.413;-99.990;0.00;-146.31;
2025-11-03 15:18:27.38;0.00:00:33:761;-1.00;0.00;0.00;0.0723;-0.07232;-0.000262;-0.0001575;-89.90;-0.06;100.03;0.22;100.03;0.0723;0.07232;-2.299E-05;-11.409;-11.407;-99.990;0.00;-148.99;
2025-11-03 15:18:27.44;0.00:00:33:812;-1.00;0.00;0.00;0.07223;-0.07225;-0.00026;-0.0001632;-89.90;-0.06;100.04;0.23;100.04;0.07223;0.07226;-2.636E-05;-11.413;-11.411;-99.990;0.00;-147.89;
2025-11-03 15:18:27.49;0.00:00:33:863;-1.00;0.00;0.00;0.07223;-0.07226;-0.0002564;-0.0001601;-89.90;-0.06;100.04;0.22;100.04;0.07223;0.07226;-2.564E-05;-11.413;-11.411;-99.990;0.00;-148.03;
2025-11-03 15:18:27.55;0.00:00:33:922;-1.00;0.00;0.00;0.07222;-0.07225;-0.0002716;-0.0001636;-89.89;-0.06;100.04;0.23;100.04;0.07222;0.07225;-2.831E-05;-11.413;-11.412;-99.990;0.00;-148.93;
2025-11-03 15:18:27.60;0.00:00:33:974;-1.00;0.00;0.00;0.07233;-0.07235;-0.0002599;-0.0001527;-89.90;-0.06;100.03;0.21;100.03;0.07233;0.07235;-1.91E-05;-11.407;-11.406;-99.990;0.00;-149.57;
2025-11-03 15:18:27.65;0.00:00:34:025;-1.00;0.00;0.00;0.07221;-0.07223;-0.0002611;-0.0001592;-89.90;-0.06;100.03;0.22;100.03;0.07221;0.07223;-2.462E-05;-11.414;-11.413;-99.990;0.00;-148.62;
2025-11-03 15:18:27.69;0.00:00:34:070;-1.00;0.00;0.00;0.07225;-0.07227;-0.0002556;-0.0001674;-89.90;-0.07;100.03;0.23;100.03;0.07225;0.07227;-2.493E-05;-11.412;-11.410;-99.990;0.00;-146.77;
2025-11-03 15:18:27.75;0.00:00:34:125;-1.00;0.00;0.00;0.07226;-0.07229;-0.0002636;-0.0001613;-89.90;-0.06;100.04;0.22;100.04;0.07226;0.07229;-2.551E-05;-11.411;-11.409;-99.990;0.00;-148.54;
2025-11-03 15:18:27.81;0.00:00:34:187;-1.00;0.00;0.00;0.07236;-0.07238;-0.0002583;-0.0001661;-89.90;-0.07;100.03;0.23;100.03;0.07236;0.07238;-2.2E-05;-11.405;-11.404;-99.990;0.00;-147.25;
2025-11-03 15:18:27.87;0.00:00:34:241;-1.00;0.00;0.00;0.07236;-0.07239;-0.0002602;-0.0001575;-89.90;-0.06;100.04;0.22;100.04;0.07236;0.07239;-2.721E-05;-11.405;-11.403;-99.990;0.00;-148.81;
2025-11-03 15:18:27.92;0.00:00:34:292;-1.00;0.00;0.00;0.07233;-0.07235;-0.0002754;-0.0001598;-89.89;-0.06;100.03;0.22;100.03;0.07233;0.07236;-2.105E-05;-11.407;-11.405;-99.990;0.00;-149.88;
2025-11-03 15:18:27.97;0.00:00:34:342;-1.00;0.00;0.00;0.07226;-0.07229;-0.0002474;-0.0001636;-89.90;-0.06;100.03;0.23;100.03;0.07226;0.07229;-2.45E-05;-11.411;-11.409;-99.990;0.00;-146.53;
2025-11-03 15:18:28.02;0.00:00:34:400;-1.00;0.00;0.00;0.07235;-0.07237;-0.0002687;-0.0001526;-89.89;-0.06;100.03;0.21;100.03;0.07235;0.07237;-2.033E-05;-11.405;-11.404;-99.990;0.00;-150.40;
2025-11-03 15:18:28.07;0.00:00:34:448;-1.00;0.00;0.00;0.07229;-0.07231;-0.0002608;-0.0001524;-89.90;-0.06;100.03;0.21;100.03;0.07229;0.07231;-2.255E-05;-11.409;-11.408;-99.990;0.00;-149.70;
2025-11-03 15:18:28.13;0.00:00:34:505;-1.00;0.00;0.00;0.07205;-0.07208;-0.0002708;-0.0001659;-89.89;-0.07;100.04;0.23;100.03;0.07205;0.07208;-2.529E-05;-11.424;-11.422;-99.990;0.00;-148.50;
2025-11-03 15:18:28.18;0.00:00:34:557;-1.00;0.00;0.00;0.07216;-0.07219;-0.0002468;-0.0001671;-89.90;-0.07;100.04;0.23;100.04;0.07216;0.07219;-2.583E-05;-11.417;-11.415;-99.990;0.00;-145.89;
2025-11-03 15:18:28.23;0.00:00:34:609;-1.00;0.00;0.00;0.07226;-0.07228;-0.0002611;-0.0001656;-89.90;-0.07;100.04;0.23;100.04;0.07226;0.07228;-2.659E-05;-11.411;-11.410;-99.990;0.00;-147.62;
2025-11-03 15:18:28.28;0.00:00:34:659;-1.00;0.00;0.00;0.07223;-0.07224;-0.0002749;-0.0001603;-89.89;-0.06;100.03;0.22;100.03;0.07223;0.07225;-1.921E-05;-11.413;-11.412;-99.990;0.00;-149.75;
2025-11-03 15:18:28.34;0.00:00:34:713;-1.00;0.00;0.00;0.07227;-0.07229;-0.0002622;-0.000158;-89.90;-0.06;100.04;0.22;100.04;0.07227;0.07229;-2.631E-05;-11.411;-11.409;-99.990;0.00;-148.93;
2025-11-03 15:18:28.38;0.00:00:34:761;-1.00;0.00;0.00;0.07231;-0.07233;-0.0002591;-0.000158;-89.90;-0.06;100.03;0.22;100.03;0.07231;0.07233;-2.278E-05;-11.408;-11.407;-99.990;0.00;-148.62;
2025-11-03 15:18:28.44;0.00:00:34:812;-1.00;0.00;0.00;0.07225;-0.07227;-0.0002633;-0.0001522;-89.90;-0.06;100.03;0.21;100.03;0.07225;0.07227;-2.254E-05;-11.412;-11.410;-99.990;0.00;-149.97;
2025-11-03 15:18:28.49;0.00:00:34:864;-1.00;0.00;0.00;0.07217;-0.07219;-0.0002612;-0.0001676;-89.90;-0.07;100.04;0.23;100.04;0.07217;0.07219;-2.692E-05;-11.417;-11.415;-99.990;0.00;-147.32;
2025-11-03 15:18:28.54;0.00:00:34:918;-1.00;0.00;0.00;0.07214;-0.07216;-0.0002695;-0.000153;-89.89;-0.06;100.03;0.21;100.03;0.07214;0.07216;-2.323E-05;-11.418;-11.417;-99.990;0.00;-150.41;
2025-11-03 15:18:28.59;0.00:00:34:964;-1.00;0.00;0.00;0.07211;-0.07214;-0.00026;-0.0001559;-89.90;-0.06;100.03;0.22;100.03;0.07211;0.07214;-2.416E-05;-11.420;-11.418;-99.990;0.00;-149.06;
2025-11-03 15:18:28.64;0.00:00:35:012;-1.00;0.00;0.00;0.07215;-0.07217;-0.0002666;-0.0001519;-89.89;-0.06;100.03;0.21;100.03;0.07215;0.07217;-2.258E-05;-11.418;-11.417;-99.990;0.00;-150.33;
2025-11-03 15:18:28.68;0.00:00:35:059;-1.00;0.00;0.00;0.07209;-0.07211;-0.000265;-0.000167;-89.89;-0.07;100.03;0.23;100.03;0.07209;0.07211;-2.271E-05;-11.421;-11.420;-99.990;0.00;-147.79;
2025-11-03 15:18:28.73;0.00:00:35:106;-1.00;0.00;0.00;0.0721;-0.07212;-0.0002676;-0.0001574;-89.89;-0.06;100.03;0.22;100.03;0.0721;0.07212;-2.026E-05;-11.421;-11.420;-99.990;0.00;-149.53;
2025-11-03 15:18:28.78;0.00:00:35:152;-1.00;0.00;0.00;0.07209;-0.07212;-0.0002552;-0.0001577;-89.90;-0.06;100.03;0.22;100.03;0.07209;0.07212;-2.408E-05;-11.421;-11.420;-99.990;0.00;-148.29;
2025-11-03 15:18:28.82;0.00:00:35:199;-1.00;0.00;0.00;0.07209;-0.07211;-0.0002641;-0.0001599;-89.90;-0.06;100.03;0.22;100.03;0.07209;0.07211;-2.48E-05;-11.421;-11.420;-99.990;0.00;-148.81;
2025-11-03 15:18:28.87;0.00:00:35:245;-1.00;0.00;0.00;0.07215;-0.07218;-0.0002518;-0.0001624;-89.90;-0.06;100.04;0.23;100.03;0.07215;0.07218;-2.54E-05;-11.417;-11.416;-99.990;0.00;-147.18;
2025-11-03 15:18:28.92;0.00:00:35:293;-1.00;0.00;0.00;0.07217;-0.0722;-0.0002618;-0.0001542;-89.90;-0.06;100.04;0.21;100.03;0.07217;0.0722;-2.541E-05;-11.416;-11.415;-99.990;0.00;-149.51;
2025-11-03 15:18:28.96;0.00:00:35:340;-1.00;0.00;0.00;0.07214;-0.07216;-0.0002691;-0.0001534;-89.89;-0.06;100.03;0.21;100.03;0.07214;0.07216;-2.229E-05;-11.418;-11.417;-99.990;0.00;-150.31;
2025-11-03 15:18:29.01;0.00:00:35:386;-1.00;0.00;0.00;0.07214;-0.07217;-0.0002479;-0.0001661;-89.90;-0.07;100.03;0.23;100.03;0.07214;0.07217;-2.352E-05;-11.418;-11.417;-99.990;0.00;-146.17;
2025-11-03 15:18:29.06;0.00:00:35:433;-1.00;0.00;0.00;0.07214;-0.07216;-0.0002653;-0.0001556;-89.89;-0.06;100.03;0.22;100.03;0.07214;0.07216;-2.142E-05;-11.418;-11.417;-99.990;0.00;-149.60;
2025-11-03 15:18:29.10;0.00:00:35:480;-1.00;0.00;0.00;0.07218;-0.07221;-0.0002536;-0.0001626;-89.90;-0.06;100.04;0.23;100.04;0.07218;0.07221;-2.591E-05;-11.416;-11.414;-99.990;0.00;-147.34;
2025-11-03 15:18:29.15;0.00:00:35:529;-1.00;0.00;0.00;0.07227;-0.07229;-0.0002536;-0.0001598;-89.90;-0.06;100.04;0.22;100.04;0.07227;0.07229;-2.645E-05;-11.411;-11.409;-99.990;0.00;-147.79;
2025-11-03 15:18:29.21;0.00:00:35:589;-1.00;0.00;0.00;0.07218;-0.0722;-0.0002746;-0.0001624;-89.89;-0.06;100.03;0.23;100.03;0.07218;0.0722;-2.303E-05;-11.416;-11.414;-99.990;0.00;-149.40;
2025-11-03 15:18:29.26;0.00:00:35:637;-1.00;0.00;0.00;0.07211;-0.07213;-0.0002651;-0.0001659;-89.89;-0.07;100.04;0.23;100.04;0.07211;0.07213;-2.589E-05;-11.420;-11.419;-99.990;0.00;-147.96;
2025-11-03 15:18:29.31;0.00:00:35:685;-1.00;0.00;0.00;0.07211;-0.07213;-0.0002613;-0.0001671;-89.90;-0.07;100.03;0.23;100.03;0.07211;0.07213;-2.423E-05;-11.420;-11.419;-99.990;0.00;-147.40;
2025-11-03 15:18:29.36;0.00:00:35:731;-1.00;0.00;0.00;0.07214;-0.07217;-0.0002597;-0.0001538;-89.90;-0.06;100.04;0.21;100.03;0.07214;0.07217;-2.539E-05;-11.418;-11.417;-99.990;0.00;-149.37;
2025-11-03 15:18:29.40;0.00:00:35:778;-1.00;0.00;0.00;0.07211;-0.07213;-0.0002591;-0.0001641;-89.90;-0.07;100.03;0.23;100.03;0.07211;0.07213;-2.423E-05;-11.420;-11.419;-99.990;0.00;-147.65;
2025-11-03 15:18:29.45;0.00:00:35:824;-1.00;0.00;0.00;0.0722;-0.07222;-0.0002494;-0.0001654;-89.90;-0.07;100.04;0.23;100.04;0.0722;0.07222;-2.613E-05;-11.415;-11.413;-99.990;0.00;-146.44;
2025-11-03 15:18:29.49;0.00:00:35:871;-1.00;0.00;0.00;0.07219;-0.07222;-0.0002736;-0.0001567;-89.89;-0.06;100.03;0.22;100.03;0.07219;0.07222;-2.332E-05;-11.415;-11.414;-99.990;0.00;-150.20;
2025-11-03 15:18:29.54;0.00:00:35:917;-1.00;0.00;0.00;0.07213;-0.07215;-0.0002641;-0.0001602;-89.90;-0.06;100.03;0.22;100.03;0.07213;0.07215;-2.359E-05;-11.419;-11.418;-99.990;0.00;-148.76;
2025-11-03 15:18:29.59;0.00:00:35:964;-1.00;0.00;0.00;0.07218;-0.0722;-0.0002663;-0.000158;-89.89;-0.06;100.03;0.22;100.03;0.07218;0.0722;-2.447E-05;-11.416;-11.415;-99.990;0.00;-149.32;
2025-11-03 15:18:29.63;0.00:00:36:010;-1.00;0.00;0.00;0.07224;-0.07226;-0.0002609;-0.0001665;-89.90;-0.07;100.04;0.23;100.04;0.07224;0.07226;-2.564E-05;-11.413;-11.411;-99.990;0.00;-147.46;
2025-11-03 15:18:29.68;0.00:00:36:057;-1.00;0.00;0.00;0.0722;-0.07222;-0.0002649;-0.0001632;-89.89;-0.06;100.03;0.23;100.03;0.0722;0.07222;-2.238E-05;-11.415;-11.414;-99.990;0.00;-148.37;
2025-11-03 15:18:29.73;0.00:00:36:104;-1.00;0.00;0.00;0.07206;-0.07209;-0.0002544;-0.0001594;-89.90;-0.06;100.03;0.22;100.03;0.07206;0.07209;-2.342E-05;-11.423;-11.421;-99.990;0.00;-147.93;
2025-11-03 15:18:29.77;0.00:00:36:149;-1.00;0.00;0.00;0.0721;-0.07212;-0.0002604;-0.0001573;-89.90;-0.06;100.03;0.22;100.03;0.0721;0.07212;-2.156E-05;-11.421;-11.420;-99.990;0.00;-148.87;
2025-11-03 15:18:29.82;0.00:00:36:196;-1.00;0.00;0.00;0.07204;-0.07207;-0.0002621;-0.0001611;-89.90;-0.06;100.03;0.22;100.03;0.07204;0.07207;-2.111E-05;-11.424;-11.423;-99.990;0.00;-148.41;
2025-11-03 15:18:29.87;0.00:00:36:243;-1.00;0.00;0.00;0.07207;-0.0721;-0.0002427;-0.0001639;-89.90;-0.07;100.04;0.23;100.04;0.07207;0.0721;-2.933E-05;-11.422;-11.420;-99.990;0.00;-145.97;
2025-11-03 15:18:29.91;0.00:00:36:291;-1.00;0.00;0.00;0.07222;-0.07225;-0.0002568;-0.0001655;-89.90;-0.07;100.04;0.23;100.04;0.07222;0.07225;-2.73E-05;-11.413;-11.412;-99.990;0.00;-147.20;
2025-11-03 15:18:29.96;0.00:00:36:337;-1.00;0.00;0.00;0.07223;-0.07225;-0.0002609;-0.000163;-89.90;-0.06;100.03;0.23;100.03;0.07223;0.07225;-2.239E-05;-11.413;-11.412;-99.990;0.00;-148.01;
2025-11-03 15:18:30.01;0.00:00:36:384;-1.00;0.00;0.00;0.07218;-0.07221;-0.0002736;-0.0001593;-89.89;-0.06;100.03;0.22;100.03;0.07218;0.07221;-2.317E-05;-11.416;-11.414;-99.990;0.00;-149.78;
2025-11-03 15:18:30.06;0.00:00:36:431;-1.00;0.00;0.00;0.07202;-0.07205;-0.0002596;-0.0001626;-89.90;-0.06;100.04;0.23;100.04;0.07202;0.07205;-2.65E-05;-11.425;-11.424;-99.990;0.00;-147.93;
2025-11-03 15:18:30.10;0.00:00:36:479;-1.00;0.00;0.00;0.07209;-0.07212;-0.0002548;-0.0001616;-89.90;-0.06;100.03;0.22;100.03;0.07209;0.07212;-2.458E-05;-11.421;-11.420;-99.990;0.00;-147.62;
2025-11-03 15:18:30.15;0.00:00:36:526;-1.00;0.00;0.00;0.07211;-0.07213;-0.000262;-0.000162;-89.90;-0.06;100.03;0.22;100.03;0.07211;0.07213;-2.358E-05;-11.420;-11.419;-99.990;0.00;-148.27;
2025-11-03 15:18:30.20;0.00:00:36:573;-1.00;0.00;0.00;0.07212;-0.07215;-0.0002635;-0.0001595;-89.90;-0.06;100.03;0.22;100.03;0.07212;0.07215;-2.423E-05;-11.419;-11.418;-99.990;0.00;-148.81;
2025-11-03 15:18:30.24;0.00:00:36:619;-1.00;0.00;0.00;0.07217;-0.07219;-0.0002485;-0.0001661;-89.90;-0.07;100.04;0.23;100.04;0.07217;0.0722;-2.879E-05;-11.417;-11.415;-99.990;0.00;-146.24;
2025-11-03 15:18:30.29;0.00:00:36:666;-1.00;0.00;0.00;0.0723;-0.07232;-0.0002468;-0.0001578;-89.90;-0.06;100.03;0.22;100.03;0.0723;0.07232;-2.509E-05;-11.409;-11.407;-99.990;0.00;-147.40;
2025-11-03 15:18:30.34;0.00:00:36:713;-1.00;0.00;0.00;0.07227;-0.07229;-0.00027;-0.0001519;-89.89;-0.06;100.03;0.21;100.03;0.07227;0.07229;-2.277E-05;-11.410;-11.409;-99.990;0.00;-150.63;
2025-11-03 15:18:30.38;0.00:00:36:760;-1.00;0.00;0.00;0.07219;-0.07221;-0.0002724;-0.0001582;-89.89;-0.06;100.03;0.22;100.03;0.07219;0.07221;-2.216E-05;-11.415;-11.414;-99.990;0.00;-149.85;
2025-11-03 15:18:30.43;0.00:00:36:807;-1.00;0.00;0.00;0.07218;-0.0722;-0.000262;-0.0001519;-89.90;-0.06;100.03;0.21;100.03;0.07218;0.0722;-2.245E-05;-11.416;-11.415;-99.990;0.00;-149.89;
2025-11-03 15:18:30.48;0.00:00:36:853;-1.00;0.00;0.00;0.07212;-0.07215;-0.0002745;-0.0001535;-89.89;-0.06;100.03;0.21;100.03;0.07212;0.07215;-2.495E-05;-11.419;-11.418;-99.990;0.00;-150.79;
2025-11-03 15:18:30.52;0.00:00:36:900;-1.00;0.00;0.00;0.07228;-0.07231;-0.000244;-0.0001613;-89.90;-0.06;100.03;0.22;100.03;0.07228;0.07231;-2.486E-05;-11.410;-11.408;-99.990;0.00;-146.54;
2025-11-03 15:18:30.57;0.00:00:36:946;-1.00;0.00;0.00;0.07234;-0.07237;-0.0002697;-0.0001566;-89.89;-0.06;100.03;0.22;100.03;0.07234;0.07237;-2.445E-05;-11.406;-11.405;-99.990;0.00;-149.85;
2025-11-03 15:18:30.62;0.00:00:36:994;-1.00;0.00;0.00;0.07228;-0.0723;-0.0002602;-0.0001539;-89.90;-0.06;100.04;0.21;100.03;0.07228;0.07231;-2.537E-05;-11.410;-11.408;-99.990;0.00;-149.40;
2025-11-03 15:18:30.66;0.00:00:37:040;-1.00;0.00;0.00;0.07228;-0.0723;-0.000249;-0.0001537;-89.90;-0.06;100.03;0.21;100.03;0.07228;0.0723;-2.407E-05;-11.410;-11.409;-99.990;0.00;-148.31;
2025-11-03 15:18:30.71;0.00:00:37:086;-1.00;0.00;0.00;0.0723;-0.07233;-0.0002633;-0.0001634;-89.90;-0.06;100.04;0.23;100.04;0.0723;0.07233;-2.567E-05;-11.408;-11.407;-99.990;0.00;-148.18;
2025-11-03 15:18:30.76;0.00:00:37:133;-1.00;0.00;0.00;0.07227;-0.07229;-0.0002721;-0.0001546;-89.89;-0.06;100.03;0.21;100.03;0.07227;0.07229;-2.385E-05;-11.411;-11.409;-99.990;0.00;-150.40;
2025-11-03 15:18:30.81;0.00:00:37:182;-1.00;0.00;0.00;0.07221;-0.07223;-0.0002604;-0.0001579;-89.90;-0.06;100.04;0.22;100.03;0.07221;0.07223;-2.542E-05;-11.414;-11.413;-99.990;0.00;-148.77;
2025-11-03 15:18:30.85;0.00:00:37:226;-1.00;0.00;0.00;0.07223;-0.07226;-0.0002688;-0.0001575;-89.89;-0.06;100.04;0.22;100.04;0.07223;0.07226;-2.636E-05;-11.413;-11.411;-99.990;0.00;-149.63;
2025-11-03 15:18:30.90;0.00:00:37:273;-1.00;0.00;0.00;0.07224;-0.07226;-0.0002609;-0.000161;-89.90;-0.06;100.03;0.22;100.03;0.07224;0.07226;-2.514E-05;-11.412;-11.411;-99.990;0.00;-148.32;
2025-11-03 15:18:30.94;0.00:00:37:320;-1.00;0.00;0.00;0.07227;-0.0723;-0.0002665;-0.0001629;-89.89;-0.06;100.04;0.23;100.04;0.07227;0.0723;-2.66E-05;-11.410;-11.409;-99.990;0.00;-148.57;
2025-11-03 15:18:30.99;0.00:00:37:367;-1.00;0.00;0.00;0.07226;-0.07228;-0.0002681;-0.0001559;-89.89;-0.06;100.03;0.22;100.03;0.07226;0.07228;-2.096E-05;-11.411;-11.410;-99.990;0.00;-149.81;
2025-11-03 15:18:31.04;0.00:00:37:415;-1.00;0.00;0.00;0.07218;-0.0722;-0.0002665;-0.0001597;-89.89;-0.06;100.03;0.22;100.03;0.07218;0.0722;-2.418E-05;-11.416;-11.415;-99.990;0.00;-149.07;
2025-11-03 15:18:31.08;0.00:00:37:459;-1.00;0.00;0.00;0.07216;-0.07219;-0.0002637;-0.0001656;-89.90;-0.07;100.03;0.23;100.03;0.07216;0.07219;-2.519E-05;-11.417;-11.415;-99.990;0.00;-147.86;
2025-11-03 15:18:31.13;0.00:00:37:507;-1.00;0.00;0.00;0.07228;-0.0723;-0.0002658;-0.0001549;-89.89;-0.06;100.03;0.21;100.03;0.07228;0.0723;-2.298E-05;-11.410;-11.409;-99.990;0.00;-149.77;
2025-11-03 15:18:31.18;0.00:00:37:553;-1.00;0.00;0.00;0.07229;-0.07232;-0.0002556;-0.0001601;-89.90;-0.06;100.03;0.22;100.03;0.07229;0.07232;-2.443E-05;-11.409;-11.408;-99.990;0.00;-147.93;
2025-11-03 15:18:31.22;0.00:00:37:600;-1.00;0.00;0.00;0.07222;-0.07225;-0.0002599;-0.0001602;-89.90;-0.06;100.04;0.22;100.04;0.07222;0.07225;-2.723E-05;-11.413;-11.412;-99.990;0.00;-148.35;
2025-11-03 15:18:31.27;0.00:00:37:647;-1.00;0.00;0.00;0.07229;-0.07231;-0.0002595;-0.0001624;-89.90;-0.06;100.03;0.22;100.03;0.07229;0.07231;-2.443E-05;-11.409;-11.408;-99.990;0.00;-147.95;
2025-11-03 15:18:31.32;0.00:00:37:694;-1.00;0.00;0.00;0.07235;-0.07237;-0.0002693;-0.0001654;-89.89;-0.07;100.03;0.23;100.03;0.07235;0.07237;-2.301E-05;-11.406;-11.404;-99.990;0.00;-148.43;
2025-11-03 15:18:31.36;0.00:00:37:741;-1.00;0.00;0.00;0.07238;-0.07241;-0.0002677;-0.0001543;-89.89;-0.06;100.03;0.21;100.03;0.07238;0.07241;-2.446E-05;-11.404;-11.402;-99.990;0.00;-150.03;
2025-11-03 15:18:31.41;0.00:00:37:787;-1.00;0.00;0.00;0.07227;-0.07229;-0.0002736;-0.000156;-89.89;-0.06;100.03;0.22;100.03;0.07227;0.07229;-2.276E-05;-11.411;-11.409;-99.990;0.00;-150.31;
2025-11-03 15:18:31.46;0.00:00:37:833;-1.00;0.00;0.00;0.07227;-0.07229;-0.000243;-0.0001586;-89.90;-0.06;100.04;0.22;100.04;0.07227;0.07229;-2.558E-05;-11.410;-11.409;-99.990;0.00;-146.86;
2025-11-03 15:18:31.50;0.00:00:37:880;-1.00;0.00;0.00;0.07239;-0.07241;-0.0002615;-0.0001572;-89.90;-0.06;100.03;0.22;100.03;0.07239;0.07241;-2.331E-05;-11.403;-11.402;-99.990;0.00;-148.99;
2025-11-03 15:18:31.55;0.00:00:37:928;-1.00;0.00;0.00;0.07235;-0.07237;-0.0002673;-0.000158;-89.89;-0.06;100.03;0.22;100.03;0.07235;0.07237;-2.221E-05;-11.405;-11.404;-99.990;0.00;-149.41;
2025-11-03 15:18:31.60;0.00:00:37:974;-1.00;0.00;0.00;0.07227;-0.07229;-0.0002659;-0.0001516;-89.89;-0.06;100.03;0.21;100.03;0.07227;0.07229;-2.117E-05;-11.411;-11.409;-99.990;0.00;-150.31;
2025-11-03 15:18:31.65;0.00:00:38:022;-1.00;0.00;0.00;0.07218;-0.0722;-0.0002623;-0.0001552;-89.90;-0.06;100.03;0.22;100.03;0.07218;0.0722;-2.454E-05;-11.416;-11.415;-99.990;0.00;-149.38;
2025-11-03 15:18:31.69;0.00:00:38:067;-1.00;0.00;0.00;0.07224;-0.07227;-0.0002573;-0.0001532;-89.90;-0.06;100.04;0.21;100.04;0.07224;0.07227;-2.709E-05;-11.412;-11.411;-99.990;0.00;-149.23;
2025-11-03 15:18:31.74;0.00:00:38:115;-1.00;0.00;0.00;0.07226;-0.07228;-0.000252;-0.0001633;-89.90;-0.06;100.03;0.23;100.03;0.07226;0.07228;-2.486E-05;-11.411;-11.410;-99.990;0.00;-147.06;
2025-11-03 15:18:31.79;0.00:00:38:162;-1.00;0.00;0.00;0.07229;-0.07232;-0.0002641;-0.0001558;-89.90;-0.06;100.03;0.22;100.03;0.07229;0.07232;-2.4E-05;-11.409;-11.408;-99.990;0.00;-149.47;
2025-11-03 15:18:31.83;0.00:00:38:209;-1.00;0.00;0.00;0.07227;-0.07229;-0.0002561;-0.0001531;-89.90;-0.06;100.03;0.21;100.03;0.07227;0.07229;-2.19E-05;-11.410;-11.409;-99.990;0.00;-149.13;
2025-11-03 15:18:31.88;0.00:00:38:255;-1.00;0.00;0.00;0.07221;-0.07223;-0.0002702;-0.0001564;-89.89;-0.06;100.03;0.22;100.03;0.07221;0.07223;-2.123E-05;-11.414;-11.413;-99.990;0.00;-149.93;
2025-11-03 15:18:31.93;0.00:00:38:302;-1.00;0.00;0.00;0.07219;-0.07222;-0.0002564;-0.000163;-89.90;-0.06;100.04;0.23;100.04;0.07219;0.07222;-2.563E-05;-11.415;-11.413;-99.990;0.00;-147.56;
2025-11-03 15:18:31.97;0.00:00:38:349;-1.00;0.00;0.00;0.0723;-0.07232;-0.0002571;-0.0001615;-89.90;-0.06;100.04;0.22;100.04;0.0723;0.07232;-2.682E-05;-11.409;-11.407;-99.990;0.00;-147.86;
2025-11-03 15:18:32.02;0.00:00:38:397;-1.00;0.00;0.00;0.07232;-0.07234;-0.000269;-0.0001538;-89.89;-0.06;100.03;0.21;100.03;0.07232;0.07234;-2.314E-05;-11.407;-11.406;-99.990;0.00;-150.25;
2025-11-03 15:18:32.07;0.00:00:38:443;-1.00;0.00;0.00;0.07222;-0.07224;-0.0002642;-0.0001589;-89.90;-0.06;100.03;0.22;100.03;0.07222;0.07224;-2.34E-05;-11.414;-11.412;-99.990;0.00;-148.97;
2025-11-03 15:18:32.11;0.00:00:38:491;-1.00;0.00;0.00;0.07223;-0.07226;-0.0002678;-0.0001687;-89.89;-0.07;100.03;0.23;100.03;0.07223;0.07226;-2.413E-05;-11.413;-11.411;-99.990;0.00;-147.80;
2025-11-03 15:18:32.16;0.00:00:38:535;-1.00;0.00;0.00;0.07244;-0.07246;-0.0002858;-0.0001552;-89.89;-0.06;100.02;0.21;100.02;0.07244;0.07246;-1.681E-05;-11.400;-11.399;-99.990;0.00;-151.50;
2025-11-03 15:18:32.21;0.00:00:38:584;-1.00;0.00;0.00;0.0723;-0.07233;-0.0002575;-0.0001541;-89.90;-0.06;100.04;0.21;100.04;0.0723;0.07233;-2.639E-05;-11.409;-11.407;-99.990;0.00;-149.10;
2025-11-03 15:18:32.26;0.00:00:38:631;-1.00;0.00;0.00;0.07232;-0.07234;-0.0002681;-0.0001461;-89.89;-0.06;100.03;0.20;100.03;0.07232;0.07234;-1.989E-05;-11.408;-11.406;-99.990;0.00;-151.41;
2025-11-03 15:18:32.30;0.00:00:38:678;-1.00;0.00;0.00;0.07219;-0.07221;-0.0002791;-0.0001569;-89.89;-0.06;100.03;0.22;100.03;0.07219;0.07221;-2.281E-05;-11.415;-11.414;-99.990;0.00;-150.66;
2025-11-03 15:18:32.35;0.00:00:38:725;-1.00;0.00;0.00;0.07211;-0.07213;-0.0002641;-0.0001634;-89.90;-0.06;100.03;0.23;100.03;0.07211;0.07213;-2.416E-05;-11.420;-11.419;-99.990;0.00;-148.25;
2025-11-03 15:18:32.40;0.00:00:38:772;-1.00;0.00;0.00;0.07225;-0.07227;-0.0002468;-0.0001585;-89.90;-0.06;100.04;0.22;100.04;0.07225;0.07227;-2.55E-05;-11.412;-11.410;-99.990;0.00;-147.28;
2025-11-03 15:18:32.44;0.00:00:38:820;-1.00;0.00;0.00;0.07229;-0.07232;-0.0002675;-0.0001618;-89.89;-0.06;100.03;0.22;100.03;0.07229;0.07232;-2.436E-05;-11.409;-11.408;-99.990;0.00;-148.83;
2025-11-03 15:18:32.49;0.00:00:38:866;-1.00;0.00;0.00;0.07233;-0.07236;-0.0002561;-0.0001627;-89.90;-0.06;100.04;0.23;100.04;0.07233;0.07236;-2.799E-05;-11.407;-11.405;-99.990;0.00;-147.56;
2025-11-03 15:18:32.54;0.00:00:38:914;-1.00;0.00;0.00;0.07235;-0.07237;-0.0002696;-0.0001549;-89.89;-0.06;100.03;0.21;100.03;0.07235;0.07237;-2.207E-05;-11.406;-11.404;-99.990;0.00;-150.12;
2025-11-03 15:18:32.59;0.00:00:38:965;-1.00;0.00;0.00;0.07215;-0.07217;-0.0002724;-0.000147;-89.89;-0.06;100.03;0.20;100.03;0.07215;0.07217;-2.143E-05;-11.418;-11.417;-99.990;0.00;-151.66;
2025-11-03 15:18:32.64;0.00:00:39:018;-1.00;0.00;0.00;0.07205;-0.07208;-0.0002569;-0.0001518;-89.90;-0.06;100.04;0.21;100.04;0.07205;0.07208;-2.688E-05;-11.424;-11.422;-99.990;0.00;-149.43;
2025-11-03 15:18:32.70;0.00:00:39:075;-1.00;0.00;0.00;0.07201;-0.07203;-0.0002752;-0.000152;-89.89;-0.06;100.03;0.21;100.03;0.07201;0.07203;-2.427E-05;-11.426;-11.425;-99.990;0.00;-151.08;
2025-11-03 15:18:32.74;0.00:00:39:119;-1.00;0.00;0.00;0.07193;-0.07195;-0.0002562;-0.0001591;-89.90;-0.06;100.03;0.22;100.03;0.07193;0.07195;-2.41E-05;-11.431;-11.430;-99.990;0.00;-148.16;
2025-11-03 15:18:32.80;0.00:00:39:181;-1.00;0.00;0.00;0.07194;-0.07196;-0.0002585;-0.0001538;-89.90;-0.06;100.03;0.21;100.03;0.07194;0.07196;-2.439E-05;-11.430;-11.429;-99.990;0.00;-149.24;
2025-11-03 15:18:32.86;0.00:00:39:231;-1.00;0.00;0.00;0.07208;-0.0721;-0.0002577;-0.0001593;-89.90;-0.06;100.04;0.22;100.04;0.07208;0.0721;-2.609E-05;-11.422;-11.420;-99.990;0.00;-148.29;
2025-11-03 15:18:32.91;0.00:00:39:285;-1.00;0.00;0.00;0.07209;-0.07211;-0.0002612;-0.0001538;-89.90;-0.06;100.04;0.21;100.04;0.07209;0.07212;-2.552E-05;-11.421;-11.420;-99.990;0.00;-149.52;
2025-11-03 15:18:32.96;0.00:00:39:331;-1.00;0.00;0.00;0.07212;-0.07215;-0.0002546;-0.0001513;-89.90;-0.06;100.04;0.21;100.04;0.07212;0.07215;-2.712E-05;-11.419;-11.418;-99.990;0.00;-149.28;
2025-11-03 15:18:33.02;0.00:00:39:395;-1.00;0.00;0.00;0.07213;-0.07215;-0.0002656;-0.0001521;-89.89;-0.06;100.03;0.21;100.03;0.07213;0.07216;-2.496E-05;-11.419;-11.417;-99.990;0.00;-150.19;
2025-11-03 15:18:33.07;0.00:00:39:447;-1.00;0.00;0.00;0.07221;-0.07223;-0.0002625;-0.0001577;-89.90;-0.06;100.04;0.22;100.04;0.07221;0.07223;-2.621E-05;-11.414;-11.413;-99.990;0.00;-149.00;
2025-11-03 15:18:33.12;0.00:00:39:494;-1.00;0.00;0.00;0.07226;-0.07228;-0.0002568;-0.0001515;-89.90;-0.06;100.03;0.21;100.03;0.07226;0.07228;-2.392E-05;-11.411;-11.410;-99.990;0.00;-149.47;
2025-11-03 15:18:33.16;0.00:00:39:539;-1.00;0.00;0.00;0.07227;-0.07229;-0.0002658;-0.000148;-89.89;-0.06;100.03;0.20;100.03;0.07227;0.07229;-2.219E-05;-11.410;-11.409;-99.990;0.00;-150.89;
2025-11-03 15:18:33.22;0.00:00:39:600;-1.00;0.00;0.00;0.07221;-0.07224;-0.0002546;-0.0001647;-89.90;-0.07;100.04;0.23;100.04;0.07221;0.07224;-2.831E-05;-11.414;-11.412;-99.990;0.00;-147.10;
2025-11-03 15:18:33.27;0.00:00:39:650;-1.00;0.00;0.00;0.07229;-0.07231;-0.0002656;-0.0001509;-89.89;-0.06;100.03;0.21;100.03;0.07229;0.07231;-2.161E-05;-11.409;-11.408;-99.990;0.00;-150.39;
2025-11-03 15:18:33.34;0.00:00:39:713;-1.00;0.00;0.00;0.0724;-0.07242;-0.0002695;-0.0001514;-89.89;-0.06;100.04;0.21;100.04;0.0724;0.07242;-2.628E-05;-11.403;-11.401;-99.990;0.00;-150.66;
2025-11-03 15:18:33.39;0.00:00:39:762;-1.00;0.00;0.00;0.07228;-0.0723;-0.0002696;-0.0001556;-89.89;-0.06;100.03;0.22;100.03;0.07228;0.0723;-2.335E-05;-11.410;-11.408;-99.990;0.00;-150.02;
2025-11-03 15:18:33.45;0.00:00:39:826;-1.00;0.00;0.00;0.07227;-0.07229;-0.0002606;-0.0001539;-89.90;-0.06;100.03;0.21;100.03;0.07227;0.07229;-2.443E-05;-11.410;-11.409;-99.990;0.00;-149.44;
2025-11-03 15:18:33.50;0.00:00:39:875;-1.00;0.00;0.00;0.07226;-0.07228;-0.0002731;-0.0001535;-89.89;-0.06;100.03;0.21;100.03;0.07226;0.07228;-2.095E-05;-11.411;-11.410;-99.990;0.00;-150.66;
2025-11-03 15:18:33.56;0.00:00:39:932;-1.00;0.00;0.00;0.07214;-0.07216;-0.0002434;-0.0001586;-89.90;-0.06;100.04;0.22;100.04;0.07214;0.07217;-2.568E-05;-11.418;-11.417;-99.990;0.00;-146.91;
2025-11-03 15:18:33.60;0.00:00:39:978;-1.00;0.00;0.00;0.07224;-0.07226;-0.0002634;-0.0001501;-89.90;-0.06;100.03;0.21;100.03;0.07224;0.07226;-2.398E-05;-11.412;-11.411;-99.990;0.00;-150.32;
2025-11-03 15:18:33.65;0.00:00:40:028;-1.00;0.00;0.00;0.0722;-0.07223;-0.0002705;-0.0001537;-89.89;-0.06;100.03;0.21;100.03;0.0722;0.07223;-2.477E-05;-11.414;-11.413;-99.990;0.00;-150.39;
2025-11-03 15:18:33.71;0.00:00:40:087;-1.00;0.00;0.00;0.07216;-0.07218;-0.0002652;-0.0001553;-89.89;-0.06;100.04;0.22;100.04;0.07216;0.07218;-2.554E-05;-11.417;-11.416;-99.990;0.00;-149.64;
2025-11-03 15:18:33.77;0.00:00:40:142;-1.00;0.00;0.00;0.07215;-0.07218;-0.0002586;-0.0001511;-89.90;-0.06;100.03;0.21;100.03;0.07215;0.07218;-2.424E-05;-11.417;-11.416;-99.990;0.00;-149.70;
2025-11-03 15:18:33.82;0.00:00:40:193;-1.00;0.00;0.00;0.0721;-0.07212;-0.0002672;-0.0001597;-89.89;-0.06;100.04;0.22;100.04;0.0721;0.07212;-2.624E-05;-11.421;-11.419;-99.990;0.00;-149.13;
2025-11-03 15:18:33.87;0.00:00:40:242;-1.00;0.00;0.00;0.07202;-0.07204;-0.0002676;-0.0001518;-89.89;-0.06;100.03;0.21;100.03;0.07202;0.07204;-2.261E-05;-11.425;-11.424;-99.990;0.00;-150.44;
2025-11-03 15:18:33.92;0.00:00:40:294;-1.00;0.00;0.00;0.07198;-0.07201;-0.0002521;-0.000158;-89.90;-0.06;100.04;0.22;100.04;0.07198;0.07201;-2.671E-05;-11.428;-11.426;-99.990;0.00;-147.93;
2025-11-03 15:18:33.97;0.00:00:40:346;-1.00;0.00;0.00;0.07204;-0.07206;-0.0002582;-0.0001477;-89.90;-0.06;100.04;0.20;100.04;0.07204;0.07207;-2.543E-05;-11.424;-11.423;-99.990;0.00;-150.23;
2025-11-03 15:18:34.02;0.00:00:40:398;-1.00;0.00;0.00;0.07201;-0.07203;-0.0002621;-0.000155;-89.90;-0.06;100.03;0.22;100.03;0.07201;0.07203;-2.355E-05;-11.426;-11.425;-99.990;0.00;-149.41;
2025-11-03 15:18:34.07;0.00:00:40:449;-1.00;0.00;0.00;0.07202;-0.07204;-0.0002677;-0.0001551;-89.89;-0.06;100.03;0.22;100.03;0.07202;0.07204;-2.269E-05;-11.426;-11.424;-99.990;0.00;-149.92;
2025-11-03 15:18:34.12;0.00:00:40:498;-1.00;0.00;0.00;0.07206;-0.07209;-0.000256;-0.0001529;-89.90;-0.06;100.04;0.21;100.04;0.07206;0.07209;-2.58E-05;-11.423;-11.421;-99.990;0.00;-149.14;
2025-11-03 15:18:34.17;0.00:00:40:549;-1.00;0.00;0.00;0.07214;-0.07216;-0.0002536;-0.0001522;-89.90;-0.06;100.04;0.21;100.04;0.07214;0.07216;-2.561E-05;-11.419;-11.417;-99.990;0.00;-149.03;
2025-11-03 15:18:34.24;0.00:00:40:612;-1.00;0.00;0.00;0.07223;-0.07225;-0.0002554;-0.0001526;-89.90;-0.06;100.04;0.21;100.04;0.07223;0.07225;-2.607E-05;-11.413;-11.411;-99.990;0.00;-149.14;
2025-11-03 15:18:34.30;0.00:00:40:672;-1.00;0.00;0.00;0.07237;-0.0724;-0.0002571;-0.0001551;-89.90;-0.06;100.03;0.21;100.03;0.07237;0.0724;-2.475E-05;-11.404;-11.403;-99.990;0.00;-148.90;
2025-11-03 15:18:34.35;0.00:00:40:725;-1.00;0.00;0.00;0.0724;-0.07242;-0.0002642;-0.0001435;-89.90;-0.06;100.03;0.20;100.03;0.0724;0.07242;-2.02E-05;-11.403;-11.402;-99.990;0.00;-151.49;
2025-11-03 15:18:34.40;0.00:00:40:773;-1.00;0.00;0.00;0.07213;-0.07215;-0.0002596;-0.0001612;-89.90;-0.06;100.03;0.22;100.03;0.07213;0.07215;-2.517E-05;-11.419;-11.418;-99.990;0.00;-148.16;
2025-11-03 15:18:34.45;0.00:00:40:824;-1.00;0.00;0.00;0.07217;-0.07219;-0.0002719;-0.0001536;-89.89;-0.06;100.03;0.21;100.03;0.07217;0.07219;-2.396E-05;-11.417;-11.415;-99.990;0.00;-150.54;
2025-11-03 15:18:34.50;0.00:00:40:875;-1.00;0.00;0.00;0.07223;-0.07226;-0.0002472;-0.0001509;-89.90;-0.06;100.04;0.21;100.04;0.07223;0.07226;-2.73E-05;-11.413;-11.411;-99.990;0.00;-148.59;
2025-11-03 15:18:34.56;0.00:00:40:932;-1.00;0.00;0.00;0.07243;-0.07246;-0.0002568;-0.0001559;-89.90;-0.06;100.03;0.22;100.03;0.07243;0.07246;-2.441E-05;-11.401;-11.399;-99.990;0.00;-148.74;
2025-11-03 15:18:34.60;0.00:00:40:980;-1.00;0.00;0.00;0.07242;-0.07244;-0.0002718;-0.0001562;-89.89;-0.06;100.03;0.22;100.03;0.07242;0.07244;-2.259E-05;-11.402;-11.400;-99.990;0.00;-150.12;
2025-11-03 15:18:34.65;0.00:00:41:028;-1.00;0.00;0.00;0.07238;-0.0724;-0.000264;-0.0001547;-89.90;-0.06;100.03;0.21;100.03;0.07238;0.0724;-2.056E-05;-11.404;-11.403;-99.990;0.00;-149.64;
2025-11-03 15:18:34.70;0.00:00:41:074;-1.00;0.00;0.00;0.07228;-0.0723;-0.0002566;-0.0001514;-89.90;-0.06;100.03;0.21;100.03;0.07228;0.0723;-2.327E-05;-11.410;-11.409;-99.990;0.00;-149.46;
2025-11-03 15:18:34.74;0.00:00:41:121;-1.00;0.00;0.00;0.07225;-0.07227;-0.0002597;-0.0001523;-89.90;-0.06;100.03;0.21;100.03;0.07225;0.07227;-2.406E-05;-11.412;-11.410;-99.990;0.00;-149.60;
2025-11-03 15:18:34.79;0.00:00:41:167;-1.00;0.00;0.00;0.07209;-0.07211;-0.0002669;-0.00015;-89.89;-0.06;100.04;0.21;100.04;0.07209;0.07211;-2.552E-05;-11.421;-11.420;-99.990;0.00;-150.66;
2025-11-03 15:18:34.84;0.00:00:41:213;-1.00;0.00;0.00;0.07212;-0.07214;-0.0002567;-0.0001528;-89.90;-0.06;100.04;0.21;100.04;0.07212;0.07215;-2.618E-05;-11.420;-11.418;-99.990;0.00;-149.24;
2025-11-03 15:18:34.88;0.00:00:41:261;-1.00;0.00;0.00;0.07216;-0.07219;-0.000256;-0.000155;-89.90;-0.06;100.03;0.21;100.03;0.07216;0.07219;-2.417E-05;-11.417;-11.415;-99.990;0.00;-148.80;
2025-11-03 15:18:34.93;0.00:00:41:308;-1.00;0.00;0.00;0.07221;-0.07223;-0.0002588;-0.0001451;-89.90;-0.06;100.03;0.20;100.03;0.07221;0.07223;-2.094E-05;-11.414;-11.413;-99.990;0.00;-150.72;
2025-11-03 15:18:34.98;0.00:00:41:356;-1.00;0.00;0.00;0.07209;-0.07211;-0.0002724;-0.0001558;-89.89;-0.06;100.04;0.22;100.03;0.07209;0.07211;-2.538E-05;-11.421;-11.420;-99.990;0.00;-150.23;
2025-11-03 15:18:35.03;0.00:00:41:403;-1.00;0.00;0.00;0.07203;-0.07205;-0.0002652;-0.0001489;-89.89;-0.06;100.03;0.21;100.03;0.07203;0.07205;-2.219E-05;-11.425;-11.423;-99.990;0.00;-150.68;
2025-11-03 15:18:35.07;0.00:00:41:450;-1.00;0.00;0.00;0.07204;-0.07207;-0.0002539;-0.0001559;-89.90;-0.06;100.04;0.22;100.04;0.07204;0.07207;-2.86E-05;-11.424;-11.423;-99.990;0.00;-148.44;
2025-11-03 15:18:35.12;0.00:00:41:498;-1.00;0.00;0.00;0.0722;-0.07223;-0.0002599;-0.0001588;-89.90;-0.06;100.04;0.22;100.04;0.0722;0.07223;-2.859E-05;-11.414;-11.413;-99.990;0.00;-148.58;
2025-11-03 15:18:35.17;0.00:00:41:545;-1.00;0.00;0.00;0.07228;-0.0723;-0.0002595;-0.0001523;-89.90;-0.06;100.03;0.21;100.03;0.07228;0.0723;-2.298E-05;-11.410;-11.409;-99.990;0.00;-149.58;
2025-11-03 15:18:35.22;0.00:00:41:593;-1.00;0.00;0.00;0.07225;-0.07227;-0.0002743;-0.0001535;-89.89;-0.06;100.04;0.21;100.03;0.07225;0.07227;-2.543E-05;-11.412;-11.410;-99.990;0.00;-150.77;
2025-11-03 15:18:35.26;0.00:00:41:638;-1.00;0.00;0.00;0.07236;-0.07238;-0.0002576;-0.000156;-89.90;-0.06;100.03;0.22;100.03;0.07236;0.07238;-2.33E-05;-11.405;-11.404;-99.990;0.00;-148.80;
2025-11-03 15:18:35.31;0.00:00:41:685;-1.00;0.00;0.00;0.07235;-0.07237;-0.0002687;-0.0001466;-89.89;-0.06;100.03;0.20;100.03;0.07235;0.07237;-2.17E-05;-11.406;-11.404;-99.990;0.00;-151.38;
2025-11-03 15:18:35.36;0.00:00:41:732;-1.00;0.00;0.00;0.0723;-0.07232;-0.0002601;-0.0001502;-89.90;-0.06;100.03;0.21;100.03;0.0723;0.07232;-2.176E-05;-11.409;-11.407;-99.990;0.00;-150.00;
2025-11-03 15:18:35.40;0.00:00:41:778;-1.00;0.00;0.00;0.07231;-0.07233;-0.0002641;-0.0001473;-89.90;-0.06;100.03;0.20;100.03;0.07231;0.07233;-2.422E-05;-11.408;-11.407;-99.990;0.00;-150.84;
2025-11-03 15:18:35.45;0.00:00:41:824;-1.00;0.00;0.00;0.07223;-0.07225;-0.0002684;-0.000156;-89.89;-0.06;100.03;0.22;100.03;0.07223;0.07225;-2.318E-05;-11.413;-11.412;-99.990;0.00;-149.83;
2025-11-03 15:18:35.50;0.00:00:41:871;-1.00;0.00;0.00;0.07229;-0.07231;-0.0002667;-0.0001513;-89.89;-0.06;100.04;0.21;100.04;0.07229;0.07231;-2.61E-05;-11.409;-11.408;-99.990;0.00;-150.44;
2025-11-03 15:18:35.54;0.00:00:41:917;-1.00;0.00;0.00;0.07226;-0.07228;-0.0002632;-0.0001483;-89.90;-0.06;100.04;0.21;100.04;0.07226;0.07228;-2.572E-05;-11.411;-11.410;-99.990;0.00;-150.60;
2025-11-03 15:18:35.59;0.00:00:41:965;-1.00;0.00;0.00;0.07214;-0.07216;-0.0002608;-0.0001574;-89.90;-0.06;100.03;0.22;100.03;0.07214;0.07216;-2.424E-05;-11.418;-11.417;-99.990;0.00;-148.89;
2025-11-03 15:18:35.64;0.00:00:42:012;-1.00;0.00;0.00;0.0722;-0.07222;-0.0002501;-0.0001583;-89.90;-0.06;100.04;0.22;100.04;0.0722;0.07222;-2.614E-05;-11.415;-11.413;-99.990;0.00;-147.67;
2025-11-03 15:18:35.68;0.00:00:42:058;-1.00;0.00;0.00;0.07229;-0.07231;-0.0002511;-0.0001517;-89.90;-0.06;100.04;0.21;100.04;0.07229;0.07231;-2.682E-05;-11.409;-11.408;-99.990;0.00;-148.86;
2025-11-03 15:18:35.73;0.00:00:42:106;-1.00;0.00;0.00;0.07225;-0.07228;-0.0002581;-0.0001521;-89.90;-0.06;100.03;0.21;100.03;0.07225;0.07228;-2.276E-05;-11.411;-11.410;-99.990;0.00;-149.49;
2025-11-03 15:18:35.78;0.00:00:42:154;-1.00;0.00;0.00;0.07227;-0.07229;-0.0002583;-0.0001584;-89.90;-0.06;100.03;0.22;100.03;0.07227;0.07229;-2.32E-05;-11.410;-11.409;-99.990;0.00;-148.48;
2025-11-03 15:18:35.82;0.00:00:42:201;-1.00;0.00;0.00;0.07232;-0.07234;-0.0002697;-0.0001583;-89.89;-0.06;100.03;0.22;100.03;0.07232;0.07234;-2.054E-05;-11.407;-11.406;-99.990;0.00;-149.59;
2025-11-03 15:18:35.87;0.00:00:42:247;-1.00;0.00;0.00;0.07227;-0.07229;-0.0002616;-0.0001475;-89.90;-0.06;100.03;0.20;100.03;0.07227;0.07229;-2.161E-05;-11.410;-11.409;-99.990;0.00;-150.59;
2025-11-03 15:18:35.92;0.00:00:42:294;-1.00;0.00;0.00;0.07215;-0.07218;-0.0002684;-0.0001553;-89.89;-0.06;100.03;0.22;100.03;0.07215;0.07218;-2.295E-05;-11.417;-11.416;-99.990;0.00;-149.95;
2025-11-03 15:18:35.98;0.00:00:42:354;-1.00;0.00;0.00;0.07223;-0.07225;-0.000248;-0.0001524;-89.90;-0.06;100.03;0.21;100.03;0.07223;0.07225;-2.485E-05;-11.413;-11.411;-99.990;0.00;-148.43;
2025-11-03 15:18:36.03;0.00:00:42:402;-1.00;0.00;0.00;0.07214;-0.07216;-0.0002626;-0.000154;-89.90;-0.06;100.03;0.21;100.03;0.07214;0.07216;-2.128E-05;-11.418;-11.417;-99.990;0.00;-149.60;
2025-11-03 15:18:36.07;0.00:00:42:449;-1.00;0.00;0.00;0.07219;-0.07221;-0.0002587;-0.0001567;-89.90;-0.06;100.03;0.22;100.03;0.07219;0.07221;-2.288E-05;-11.415;-11.414;-99.990;0.00;-148.79;
2025-11-03 15:18:36.12;0.00:00:42:497;-1.00;0.00;0.00;0.0722;-0.07222;-0.0002745;-0.0001548;-89.89;-0.06;100.03;0.21;100.03;0.0722;0.07222;-2.361E-05;-11.415;-11.413;-99.990;0.00;-150.58;
2025-11-03 15:18:36.17;0.00:00:42:545;-1.00;0.00;0.00;0.07215;-0.07217;-0.000271;-0.0001493;-89.89;-0.06;100.03;0.21;100.03;0.07215;0.07217;-2.128E-05;-11.418;-11.416;-99.990;0.00;-151.14;
2025-11-03 15:18:36.22;0.00:00:42:591;-1.00;0.00;0.00;0.07213;-0.07215;-0.0002572;-0.0001583;-89.90;-0.06;100.03;0.22;100.03;0.07213;0.07215;-2.272E-05;-11.419;-11.418;-99.990;0.00;-148.38;
2025-11-03 15:18:36.26;0.00:00:42:637;-1.00;0.00;0.00;0.07228;-0.0723;-0.0002639;-0.0001516;-89.90;-0.06;100.03;0.21;100.03;0.07228;0.0723;-2.255E-05;-11.410;-11.409;-99.990;0.00;-150.13;
2025-11-03 15:18:36.31;0.00:00:42:684;-1.00;0.00;0.00;0.07225;-0.07228;-0.0002617;-0.0001528;-89.90;-0.06;100.03;0.21;100.03;0.07225;0.07228;-2.377E-05;-11.411;-11.410;-99.990;0.00;-149.72;
2025-11-03 15:18:36.35;0.00:00:42:731;-1.00;0.00;0.00;0.07237;-0.07239;-0.0002621;-0.0001521;-89.90;-0.06;100.03;0.21;100.03;0.07237;0.07239;-2.229E-05;-11.405;-11.403;-99.990;0.00;-149.87;
2025-11-03 15:18:36.40;0.00:00:42:776;-1.00;0.00;0.00;0.07237;-0.07239;-0.0002685;-0.0001525;-89.89;-0.06;100.03;0.21;100.03;0.07237;0.07239;-2.359E-05;-11.405;-11.403;-99.990;0.00;-150.40;
2025-11-03 15:18:36.45;0.00:00:42:824;-1.00;0.00;0.00;0.0723;-0.07232;-0.0002644;-0.0001467;-89.90;-0.06;100.03;0.20;100.03;0.0723;0.07232;-1.916E-05;-11.409;-11.407;-99.990;0.00;-150.99;
2025-11-03 15:18:36.49;0.00:00:42:871;-1.00;0.00;0.00;0.07235;-0.07237;-0.0002674;-0.0001548;-89.89;-0.06;100.03;0.21;100.03;0.07235;0.07237;-2.395E-05;-11.406;-11.404;-99.990;0.00;-149.93;
2025-11-03 15:18:36.54;0.00:00:42:918;-1.00;0.00;0.00;0.07245;-0.07248;-0.0002604;-0.0001492;-89.90;-0.06;100.03;0.21;100.03;0.07245;0.07248;-2.355E-05;-11.399;-11.398;-99.990;0.00;-150.19;
2025-11-03 15:18:36.59;0.00:00:42:965;-1.00;0.00;0.00;0.07232;-0.07234;-0.0002574;-0.0001499;-89.90;-0.06;100.04;0.21;100.04;0.07232;0.07234;-2.574E-05;-11.408;-11.406;-99.990;0.00;-149.79;
2025-11-03 15:18:36.64;0.00:00:43:012;-1.00;0.00;0.00;0.07229;-0.07231;-0.0002683;-0.0001438;-89.89;-0.06;100.03;0.20;100.03;0.07229;0.07231;-2.234E-05;-11.409;-11.408;-99.990;0.00;-151.81;
2025-11-03 15:18:36.68;0.00:00:43:061;-1.00;0.00;0.00;0.07221;-0.07224;-0.0002628;-0.0001511;-89.90;-0.06;100.03;0.21;100.03;0.07221;0.07224;-2.397E-05;-11.414;-11.412;-99.990;0.00;-150.10;
2025-11-03 15:18:36.73;0.00:00:43:108;-1.00;0.00;0.00;0.07234;-0.07237;-0.000253;-0.0001586;-89.90;-0.06;100.03;0.22;100.03;0.07234;0.07237;-2.525E-05;-11.406;-11.405;-99.990;0.00;-147.92;
2025-11-03 15:18:36.78;0.00:00:43:154;-1.00;0.00;0.00;0.07239;-0.07241;-0.0002588;-0.0001507;-89.90;-0.06;100.03;0.21;100.03;0.07239;0.07241;-2.179E-05;-11.403;-11.402;-99.990;0.00;-149.79;
2025-11-03 15:18:36.83;0.00:00:43:202;-1.00;0.00;0.00;0.07217;-0.07219;-0.0002686;-0.0001511;-89.89;-0.06;100.03;0.21;100.03;0.07217;0.07219;-2.136E-05;-11.417;-11.415;-99.990;0.00;-150.63;
2025-11-03 15:18:36.87;0.00:00:43:248;-1.00;0.00;0.00;0.07212;-0.07214;-0.0002749;-0.0001454;-89.89;-0.06;100.03;0.20;100.03;0.07212;0.07214;-2.43E-05;-11.420;-11.418;-99.990;0.00;-152.13;
2025-11-03 15:18:36.92;0.00:00:43:296;-1.00;0.00;0.00;0.07204;-0.07207;-0.0002513;-0.0001498;-89.90;-0.06;100.04;0.21;100.04;0.07204;0.07207;-2.824E-05;-11.424;-11.422;-99.990;0.00;-149.20;
2025-11-03 15:18:36.97;0.00:00:43:344;-1.00;0.00;0.00;0.07213;-0.07216;-0.0002579;-0.0001518;-89.90;-0.06;100.04;0.21;100.04;0.07213;0.07216;-2.669E-05;-11.419;-11.417;-99.990;0.00;-149.52;
2025-11-03 15:18:37.01;0.00:00:43:389;-1.00;0.00;0.00;0.0722;-0.07222;-0.0002518;-0.000151;-89.90;-0.06;100.03;0.21;100.03;0.0722;0.07222;-2.512E-05;-11.415;-11.413;-99.990;0.00;-149.05;
2025-11-03 15:18:37.06;0.00:00:43:436;-1.00;0.00;0.00;0.07221;-0.07223;-0.000262;-0.0001422;-89.90;-0.06;100.03;0.20;100.03;0.07221;0.07223;-2.339E-05;-11.414;-11.413;-99.990;0.00;-151.50;
2025-11-03 15:18:37.11;0.00:00:43:483;-1.00;0.00;0.00;0.07216;-0.07219;-0.0002661;-0.0001521;-89.89;-0.06;100.04;0.21;100.03;0.07216;0.07219;-2.526E-05;-11.417;-11.415;-99.990;0.00;-150.26;
2025-11-03 15:18:37.15;0.00:00:43:530;-1.00;0.00;0.00;0.07224;-0.07226;-0.0002655;-0.0001502;-89.89;-0.06;100.03;0.21;100.03;0.07224;0.07226;-2.485E-05;-11.412;-11.411;-99.990;0.00;-150.50;
2025-11-03 15:18:37.20;0.00:00:43:576;-1.00;0.00;0.00;0.07222;-0.07224;-0.0002694;-0.00015;-89.89;-0.06;100.03;0.21;100.03;0.07222;0.07224;-2.412E-05;-11.413;-11.412;-99.990;0.00;-150.89;
2025-11-03 15:18:37.25;0.00:00:43:622;-1.00;0.00;0.00;0.07219;-0.07221;-0.0002594;-0.0001517;-89.90;-0.06;100.03;0.21;100.03;0.07219;0.07221;-2.519E-05;-11.415;-11.414;-99.990;0.00;-149.68;
2025-11-03 15:18:37.29;0.00:00:43:670;-1.00;0.00;0.00;0.07215;-0.07218;-0.0002685;-0.0001457;-89.89;-0.06;100.03;0.20;100.03;0.07215;0.07218;-2.468E-05;-11.417;-11.416;-99.990;0.00;-151.52;
2025-11-03 15:18:37.34;0.00:00:43:716;-1.00;0.00;0.00;0.07222;-0.07225;-0.0002551;-0.0001539;-89.90;-0.06;100.04;0.21;100.04;0.07222;0.07225;-2.809E-05;-11.413;-11.412;-99.990;0.00;-148.90;
2025-11-03 15:18:37.39;0.00:00:43:763;-1.00;0.00;0.00;0.07226;-0.07228;-0.0002558;-0.0001463;-89.90;-0.06;100.03;0.20;100.03;0.07226;0.07228;-2.37E-05;-11.411;-11.410;-99.990;0.00;-150.24;
2025-11-03 15:18:37.43;0.00:00:43:810;-1.00;0.00;0.00;0.0722;-0.07222;-0.0002726;-0.0001514;-89.89;-0.06;100.03;0.21;100.03;0.0722;0.07222;-2.079E-05;-11.415;-11.414;-99.990;0.00;-150.95;
2025-11-03 15:18:37.48;0.00:00:43:857;-1.00;0.00;0.00;0.07215;-0.07217;-0.0002682;-0.0001489;-89.89;-0.06;100.03;0.21;100.03;0.07215;0.07217;-2.395E-05;-11.418;-11.416;-99.990;0.00;-150.96;
2025-11-03 15:18:37.53;0.00:00:43:904;-1.00;0.00;0.00;0.07203;-0.07205;-0.0002715;-0.0001488;-89.89;-0.06;100.03;0.21;100.03;0.07203;0.07205;-2.269E-05;-11.425;-11.424;-99.990;0.00;-151.28;
2025-11-03 15:18:37.57;0.00:00:43:951;-1.00;0.00;0.00;0.07201;-0.07204;-0.0002646;-0.0001436;-89.89;-0.06;100.04;0.20;100.04;0.07201;0.07204;-2.542E-05;-11.426;-11.424;-99.990;0.00;-151.51;
2025-11-03 15:18:37.62;0.00:00:43:996;-1.00;0.00;0.00;0.072;-0.07203;-0.0002645;-0.0001488;-89.89;-0.06;100.03;0.21;100.03;0.072;0.07203;-2.455E-05;-11.426;-11.425;-99.990;0.00;-150.64;
2025-11-03 15:18:37.67;0.00:00:44:043;-1.00;0.00;0.00;0.07199;-0.07201;-0.0002721;-0.0001506;-89.89;-0.06;100.03;0.21;100.03;0.07199;0.07201;-2.203E-05;-11.427;-11.426;-99.990;0.00;-151.04;
2025-11-03 15:18:37.72;0.00:00:44:091;-1.00;0.00;0.00;0.07193;-0.07196;-0.0002625;-0.0001496;-89.90;-0.06;100.03;0.21;100.03;0.07193;0.07196;-2.323E-05;-11.431;-11.429;-99.990;0.00;-150.32;
2025-11-03 15:18:37.76;0.00:00:44:139;-1.00;0.00;0.00;0.07211;-0.07213;-0.0002532;-0.0001435;-89.90;-0.06;100.03;0.20;100.03;0.07211;0.07213;-2.351E-05;-11.420;-11.419;-99.990;0.00;-150.46;
2025-11-03 15:18:37.81;0.00:00:44:185;-1.00;0.00;0.00;0.07217;-0.0722;-0.0002537;-0.0001425;-89.90;-0.06;100.03;0.20;100.03;0.07217;0.0722;-2.245E-05;-11.416;-11.415;-99.990;0.00;-150.69;
2025-11-03 15:18:37.86;0.00:00:44:232;-1.00;0.00;0.00;0.07204;-0.07206;-0.0002749;-0.0001546;-89.89;-0.06;100.03;0.21;100.03;0.07204;0.07207;-2.219E-05;-11.424;-11.423;-99.990;0.00;-150.64;
2025-11-03 15:18:37.90;0.00:00:44:279;-1.00;0.00;0.00;0.07202;-0.07204;-0.0002749;-0.0001513;-89.89;-0.06;100.03;0.21;100.03;0.07202;0.07204;-2.175E-05;-11.426;-11.424;-99.990;0.00;-151.18;
2025-11-03 15:18:37.95;0.00:00:44:328;-1.00;0.00;0.00;0.07198;-0.072;-0.0002634;-0.0001473;-89.90;-0.06;100.04;0.20;100.04;0.07198;0.072;-2.641E-05;-11.428;-11.427;-99.990;0.00;-150.79;
2025-11-03 15:18:38.00;0.00:00:44:373;-1.00;0.00;0.00;0.07211;-0.07214;-0.0002556;-0.0001548;-89.90;-0.06;100.04;0.21;100.04;0.07211;0.07214;-2.56E-05;-11.420;-11.418;-99.990;0.00;-148.79;
2025-11-03 15:18:38.04;0.00:00:44:420;-1.00;0.00;0.00;0.07216;-0.07219;-0.000253;-0.0001475;-89.90;-0.06;100.04;0.20;100.04;0.07216;0.07219;-2.771E-05;-11.417;-11.415;-99.990;0.00;-149.76;
2025-11-03 15:18:38.09;0.00:00:44:467;-1.00;0.00;0.00;0.07214;-0.07216;-0.0002718;-0.000152;-89.89;-0.06;100.04;0.21;100.04;0.07214;0.07216;-2.611E-05;-11.418;-11.417;-99.990;0.00;-150.79;
2025-11-03 15:18:38.14;0.00:00:44:512;-1.00;0.00;0.00;0.07218;-0.0722;-0.00026;-0.0001487;-89.90;-0.06;100.03;0.21;100.03;0.07218;0.07221;-2.432E-05;-11.416;-11.414;-99.990;0.00;-150.23;
2025-11-03 15:18:38.18;0.00:00:44:559;-1.00;0.00;0.00;0.07224;-0.07226;-0.0002572;-0.0001513;-89.90;-0.06;100.04;0.21;100.04;0.07224;0.07226;-2.68E-05;-11.413;-11.411;-99.990;0.00;-149.54;
2025-11-03 15:18:38.23;0.00:00:44:608;-1.00;0.00;0.00;0.07217;-0.0722;-0.0002676;-0.0001496;-89.89;-0.06;100.04;0.21;100.04;0.07217;0.0722;-2.699E-05;-11.416;-11.415;-99.990;0.00;-150.79;
2025-11-03 15:18:38.28;0.00:00:44:655;-1.00;0.00;0.00;0.07222;-0.07224;-0.0002546;-0.0001555;-89.90;-0.06;100.04;0.22;100.04;0.07222;0.07225;-2.607E-05;-11.413;-11.412;-99.990;0.00;-148.58;
2025-11-03 15:18:38.33;0.00:00:44:701;-1.00;0.00;0.00;0.0723;-0.07232;-0.0002717;-0.0001521;-89.89;-0.06;100.03;0.21;100.03;0.0723;0.07232;-2.364E-05;-11.409;-11.407;-99.990;0.00;-150.76;
2025-11-03 15:18:38.37;0.00:00:44:748;-1.00;0.00;0.00;0.07233;-0.07235;-0.0002618;-0.0001423;-89.90;-0.06;100.03;0.20;100.03;0.07233;0.07235;-2.199E-05;-11.407;-11.406;-99.990;0.00;-151.48;
2025-11-03 15:18:38.42;0.00:00:44:795;-1.00;0.00;0.00;0.0722;-0.07222;-0.0002704;-0.0001491;-89.89;-0.06;100.03;0.21;100.03;0.0722;0.07222;-2.281E-05;-11.415;-11.413;-99.990;0.00;-151.14;
2025-11-03 15:18:38.47;0.00:00:44:842;-1.00;0.00;0.00;0.07217;-0.0722;-0.0002558;-0.0001505;-89.90;-0.06;100.03;0.21;100.03;0.07217;0.0722;-2.468E-05;-11.416;-11.415;-99.990;0.00;-149.52;
2025-11-03 15:18:38.51;0.00:00:44:889;-1.00;0.00;0.00;0.07217;-0.07219;-0.0002657;-0.0001483;-89.89;-0.06;100.04;0.21;100.03;0.07217;0.07219;-2.526E-05;-11.417;-11.415;-99.990;0.00;-150.84;
2025-11-03 15:18:38.56;0.00:00:44:936;-1.00;0.00;0.00;0.07215;-0.07217;-0.0002682;-0.0001454;-89.89;-0.06;100.03;0.20;100.03;0.07215;0.07217;-2.475E-05;-11.418;-11.416;-99.990;0.00;-151.53;
2025-11-03 15:18:38.61;0.00:00:44:985;-1.00;0.00;0.00;0.07215;-0.07217;-0.0002544;-0.0001507;-89.90;-0.06;100.03;0.21;100.03;0.07215;0.07217;-2.431E-05;-11.418;-11.416;-99.990;0.00;-149.35;
2025-11-03 15:18:38.66;0.00:00:45:036;-1.00;0.00;0.00;0.07228;-0.07231;-0.0002602;-0.000151;-89.90;-0.06;100.04;0.21;100.04;0.07228;0.07231;-2.638E-05;-11.410;-11.408;-99.990;0.00;-149.87;
2025-11-03 15:18:38.71;0.00:00:45:088;-1.00;0.00;0.00;0.07228;-0.0723;-0.0002627;-0.0001451;-89.90;-0.06;100.04;0.20;100.04;0.07228;0.0723;-2.595E-05;-11.410;-11.408;-99.990;0.00;-151.08;
2025-11-03 15:18:38.77;0.00:00:45:142;-1.00;0.00;0.00;0.07221;-0.07223;-0.0002588;-0.0001539;-89.90;-0.06;100.03;0.21;100.03;0.07221;0.07223;-2.405E-05;-11.414;-11.413;-99.990;0.00;-149.26;
2025-11-03 15:18:38.81;0.00:00:45:189;-1.00;0.00;0.00;0.07225;-0.07228;-0.0002656;-0.0001458;-89.89;-0.06;100.03;0.20;100.03;0.07225;0.07228;-2.319E-05;-11.411;-11.410;-99.990;0.00;-151.24;
2025-11-03 15:18:38.87;0.00:00:45:242;-1.00;0.00;0.00;0.07222;-0.07224;-0.0002787;-0.0001368;-89.89;-0.05;100.03;0.19;100.03;0.07222;0.07224;-2.138E-05;-11.413;-11.412;-99.990;0.00;-153.87;
2025-11-03 15:18:38.93;0.00:00:45:302;-1.00;0.00;0.00;0.07193;-0.07195;-0.0002664;-0.000155;-89.89;-0.06;100.03;0.22;100.03;0.07193;0.07195;-2.438E-05;-11.431;-11.430;-99.990;0.00;-149.81;
2025-11-03 15:18:38.99;0.00:00:45:364;-1.00;0.00;0.00;0.07194;-0.07197;-0.0002573;-0.0001459;-89.90;-0.06;100.03;0.20;100.03;0.07194;0.07197;-2.374E-05;-11.430;-11.429;-99.990;0.00;-150.44;
2025-11-03 15:18:39.04;0.00:00:45:417;-1.00;0.00;0.00;0.07206;-0.07209;-0.0002436;-0.0001538;-89.90;-0.06;100.04;0.21;100.04;0.07206;0.07209;-2.825E-05;-11.423;-11.421;-99.990;0.00;-147.72;
2025-11-03 15:18:39.09;0.00:00:45:468;-1.00;0.00;0.00;0.07209;-0.07212;-0.0002608;-0.0001501;-89.90;-0.06;100.04;0.21;100.04;0.07209;0.07212;-2.754E-05;-11.421;-11.420;-99.990;0.00;-150.08;
2025-11-03 15:18:39.15;0.00:00:45:523;-1.00;0.00;0.00;0.07215;-0.07217;-0.000259;-0.0001579;-89.90;-0.06;100.04;0.22;100.04;0.07215;0.07218;-2.641E-05;-11.418;-11.416;-99.990;0.00;-148.62;
2025-11-03 15:18:39.21;0.00:00:45:587;-1.00;0.00;0.00;0.07222;-0.07224;-0.0002646;-0.0001498;-89.90;-0.06;100.03;0.21;100.03;0.07222;0.07225;-2.427E-05;-11.413;-11.412;-99.990;0.00;-150.49;
2025-11-03 15:18:39.26;0.00:00:45:639;-1.00;0.00;0.00;0.07226;-0.07229;-0.0002526;-0.0001535;-89.90;-0.06;100.04;0.21;100.04;0.07226;0.07229;-2.551E-05;-11.411;-11.409;-99.990;0.00;-148.71;
2025-11-03 15:18:39.31;0.00:00:45:690;-1.00;0.00;0.00;0.07235;-0.07237;-0.0002593;-0.0001455;-89.90;-0.06;100.04;0.20;100.04;0.07235;0.07237;-2.554E-05;-11.406;-11.404;-99.990;0.00;-150.70;
2025-11-03 15:18:39.36;0.00:00:45:735;-1.00;0.00;0.00;0.07242;-0.07245;-0.0002732;-0.0001435;-89.89;-0.06;100.03;0.20;100.03;0.07242;0.07245;-2.477E-05;-11.401;-11.400;-99.990;0.00;-152.29;
2025-11-03 15:18:39.40;0.00:00:45:781;-1.00;0.00;0.00;0.07232;-0.07234;-0.0002605;-0.0001475;-89.90;-0.06;100.03;0.20;100.03;0.07232;0.07235;-2.076E-05;-11.407;-11.406;-99.990;0.00;-150.48;
2025-11-03 15:18:39.46;0.00:00:45:833;-1.00;0.00;0.00;0.07218;-0.07221;-0.0002568;-0.0001543;-89.90;-0.06;100.04;0.21;100.04;0.07218;0.07221;-2.786E-05;-11.416;-11.414;-99.990;0.00;-149.01;
2025-11-03 15:18:39.51;0.00:00:45:884;-1.00;0.00;0.00;0.07226;-0.07229;-0.0002533;-0.0001531;-89.90;-0.06;100.03;0.21;100.03;0.07226;0.07229;-2.45E-05;-11.411;-11.409;-99.990;0.00;-148.85;
2025-11-03 15:18:39.56;0.00:00:45:934;-1.00;0.00;0.00;0.07224;-0.07226;-0.0002784;-0.0001463;-89.89;-0.06;100.03;0.20;100.03;0.07224;0.07226;-2.319E-05;-11.412;-11.411;-99.990;0.00;-152.28;
2025-11-03 15:18:39.61;0.00:00:45:986;-1.00;0.00;0.00;0.07219;-0.07221;-0.0002633;-0.0001429;-89.90;-0.06;100.04;0.20;100.04;0.07219;0.07221;-2.62E-05;-11.415;-11.414;-99.990;0.00;-151.52;
2025-11-03 15:18:39.66;0.00:00:46:037;-1.00;0.00;0.00;0.07216;-0.07218;-0.0002668;-0.0001504;-89.89;-0.06;100.03;0.21;100.03;0.07216;0.07218;-2.446E-05;-11.417;-11.416;-99.990;0.00;-150.59;
2025-11-03 15:18:39.71;0.00:00:46:088;-1.00;0.00;0.00;0.07216;-0.07218;-0.0002716;-0.0001527;-89.89;-0.06;100.03;0.21;100.03;0.07216;0.07218;-2.273E-05;-11.417;-11.416;-99.990;0.00;-150.65;
2025-11-03 15:18:39.76;0.00:00:46:139;-1.00;0.00;0.00;0.07205;-0.07207;-0.000265;-0.0001455;-89.89;-0.06;100.04;0.20;100.03;0.07205;0.07207;-2.522E-05;-11.424;-11.422;-99.990;0.00;-151.24;
2025-11-03 15:18:39.81;0.00:00:46:189;-1.00;0.00;0.00;0.07203;-0.07205;-0.0002698;-0.0001506;-89.89;-0.06;100.03;0.21;100.03;0.07203;0.07206;-2.42E-05;-11.425;-11.423;-99.990;0.00;-150.83;
2025-11-03 15:18:39.87;0.00:00:46:243;-1.00;0.00;0.00;0.07204;-0.07207;-0.0002605;-0.0001447;-89.90;-0.06;100.04;0.20;100.04;0.07204;0.07207;-2.543E-05;-11.424;-11.423;-99.990;0.00;-150.95;
2025-11-03 15:18:39.91;0.00:00:46:290;-1.00;0.00;0.00;0.07206;-0.07209;-0.0002672;-0.0001428;-89.89;-0.06;100.04;0.20;100.04;0.07206;0.07209;-2.544E-05;-11.423;-11.421;-99.990;0.00;-151.88;
2025-11-03 15:18:39.97;0.00:00:46:341;-1.00;0.00;0.00;0.07205;-0.07207;-0.0002634;-0.0001541;-89.90;-0.06;100.03;0.21;100.03;0.07205;0.07207;-2.341E-05;-11.424;-11.423;-99.990;0.00;-149.68;
2025-11-03 15:18:40.02;0.00:00:46:395;-1.00;0.00;0.00;0.07202;-0.07205;-0.000259;-0.0001505;-89.90;-0.06;100.04;0.21;100.04;0.07202;0.07205;-2.586E-05;-11.425;-11.424;-99.990;0.00;-149.84;
2025-11-03 15:18:40.08;0.00:00:46:454;-1.00;0.00;0.00;0.07207;-0.07209;-0.0002567;-0.0001487;-89.90;-0.06;100.03;0.21;100.03;0.07207;0.07209;-2.321E-05;-11.422;-11.421;-99.990;0.00;-149.91;
2025-11-03 15:18:40.14;0.00:00:46:516;-1.00;0.00;0.00;0.07209;-0.07211;-0.0002638;-0.0001439;-89.90;-0.06;100.03;0.20;100.03;0.07209;0.07211;-2.465E-05;-11.422;-11.420;-99.990;0.00;-151.39;
2025-11-03 15:18:40.19;0.00:00:46:566;-1.00;0.00;0.00;0.07194;-0.07196;-0.0002561;-0.0001503;-89.90;-0.06;100.03;0.21;100.03;0.07194;0.07197;-2.302E-05;-11.430;-11.429;-99.990;0.00;-149.59;
2025-11-03 15:18:40.24;0.00:00:46:618;-1.00;0.00;0.00;0.07199;-0.07201;-0.0002715;-0.0001453;-89.89;-0.06;100.04;0.20;100.04;0.07199;0.07201;-2.692E-05;-11.427;-11.426;-99.990;0.00;-151.85;
2025-11-03 15:18:40.29;0.00:00:46:668;-1.00;0.00;0.00;0.072;-0.07203;-0.0002464;-0.0001574;-89.90;-0.06;100.04;0.22;100.04;0.072;0.07203;-2.758E-05;-11.426;-11.425;-99.990;0.00;-147.43;
2025-11-03 15:18:40.34;0.00:00:46:720;-1.00;0.00;0.00;0.07204;-0.07206;-0.0002665;-0.0001429;-89.89;-0.06;100.03;0.20;100.03;0.07204;0.07206;-2.276E-05;-11.425;-11.423;-99.990;0.00;-151.80;
2025-11-03 15:18:40.39;0.00:00:46:770;-1.00;0.00;0.00;0.07207;-0.07209;-0.0002555;-0.0001443;-89.90;-0.06;100.04;0.20;100.04;0.07207;0.07209;-2.703E-05;-11.423;-11.421;-99.990;0.00;-150.55;
2025-11-03 15:18:40.45;0.00:00:46:824;-1.00;0.00;0.00;0.07199;-0.07202;-0.0002582;-0.0001508;-89.90;-0.06;100.03;0.21;100.03;0.07199;0.07202;-2.39E-05;-11.427;-11.426;-99.990;0.00;-149.71;
2025-11-03 15:18:40.50;0.00:00:46:874;-1.00;0.00;0.00;0.07211;-0.07214;-0.0002602;-0.0001478;-89.90;-0.06;100.04;0.20;100.04;0.07211;0.07214;-2.74E-05;-11.420;-11.418;-99.990;0.00;-150.40;
2025-11-03 15:18:40.56;0.00:00:46:933;-1.00;0.00;0.00;0.07219;-0.07221;-0.0002687;-0.0001501;-89.89;-0.06;100.03;0.21;100.03;0.07219;0.07221;-2.353E-05;-11.415;-11.414;-99.990;0.00;-150.82;
2025-11-03 15:18:40.60;0.00:00:46:979;-1.00;0.00;0.00;0.07213;-0.07216;-0.0002689;-0.0001476;-89.89;-0.06;100.03;0.20;100.03;0.07213;0.07216;-2.294E-05;-11.419;-11.417;-99.990;0.00;-151.24;
2025-11-03 15:18:40.65;0.00:00:47:025;-1.00;0.00;0.00;0.07204;-0.07206;-0.0002602;-0.000146;-89.90;-0.06;100.03;0.20;100.03;0.07204;0.07207;-2.068E-05;-11.424;-11.423;-99.990;0.00;-150.70;
2025-11-03 15:18:40.70;0.00:00:47:072;-1.00;0.00;0.00;0.07212;-0.07215;-0.0002501;-0.0001588;-89.90;-0.06;100.04;0.22;100.04;0.07212;0.07215;-2.741E-05;-11.419;-11.418;-99.990;0.00;-147.59;
2025-11-03 15:18:40.74;0.00:00:47:120;-1.00;0.00;0.00;0.07224;-0.07226;-0.0002579;-0.0001493;-89.90;-0.06;100.04;0.21;100.03;0.07224;0.07226;-2.536E-05;-11.412;-11.411;-99.990;0.00;-149.92;
2025-11-03 15:18:40.79;0.00:00:47:168;-1.00;0.00;0.00;0.07203;-0.07205;-0.0002838;-0.0001383;-89.89;-0.05;100.02;0.19;100.02;0.07203;0.07205;-1.599E-05;-11.425;-11.424;-99.990;0.00;-154.02;
2025-11-03 15:18:40.84;0.00:00:47:215;-1.00;0.00;0.00;0.07194;-0.07196;-0.0002536;-0.0001497;-89.90;-0.06;100.03;0.21;100.03;0.07194;0.07196;-2.439E-05;-11.431;-11.429;-99.990;0.00;-149.44;
2025-11-03 15:18:40.89;0.00:00:47:261;-1.00;0.00;0.00;0.07197;-0.072;-0.0002558;-0.0001538;-89.90;-0.06;100.04;0.21;100.04;0.07197;0.072;-2.735E-05;-11.428;-11.427;-99.990;0.00;-148.98;
2025-11-03 15:18:40.93;0.00:00:47:308;-1.00;0.00;0.00;0.07215;-0.07217;-0.0002589;-0.0001476;-89.90;-0.06;100.04;0.20;100.04;0.07215;0.07217;-2.792E-05;-11.418;-11.416;-99.990;0.00;-150.31;
2025-11-03 15:18:40.98;0.00:00:47:356;-1.00;0.00;0.00;0.07219;-0.07222;-0.0002579;-0.0001489;-89.90;-0.06;100.04;0.21;100.04;0.07219;0.07222;-2.844E-05;-11.415;-11.414;-99.990;0.00;-149.99;
2025-11-03 15:18:41.03;0.00:00:47:402;-1.00;0.00;0.00;0.0721;-0.07213;-0.0002695;-0.0001444;-89.89;-0.06;100.03;0.20;100.03;0.0721;0.07213;-2.401E-05;-11.420;-11.419;-99.990;0.00;-151.81;
2025-11-03 15:18:41.07;0.00:00:47:450;-1.00;0.00;0.00;0.07205;-0.07207;-0.0002654;-0.0001491;-89.89;-0.06;100.03;0.21;100.03;0.07205;0.07207;-2.37E-05;-11.424;-11.422;-99.990;0.00;-150.67;
2025-11-03 15:18:41.12;0.00:00:47:496;-1.00;0.00;0.00;0.07204;-0.07207;-0.0002557;-0.0001518;-89.90;-0.06;100.04;0.21;100.04;0.07204;0.07207;-2.586E-05;-11.424;-11.423;-99.990;0.00;-149.31;
2025-11-03 15:18:41.17;0.00:00:47:543;-1.00;0.00;0.00;0.07222;-0.07224;-0.0002743;-0.0001508;-89.89;-0.06;100.03;0.21;100.03;0.07222;0.07224;-2.224E-05;-11.414;-11.412;-99.990;0.00;-151.19;
2025-11-03 15:18:41.21;0.00:00:47:591;-1.00;0.00;0.00;0.07209;-0.07211;-0.0002666;-0.0001527;-89.89;-0.06;100.03;0.21;100.03;0.07209;0.07211;-2.191E-05;-11.421;-11.420;-99.990;0.00;-150.19;
2025-11-03 15:18:41.26;0.00:00:47:637;-1.00;0.00;0.00;0.07199;-0.07201;-0.0002679;-0.0001514;-89.89;-0.06;100.03;0.21;100.03;0.07199;0.07201;-2.333E-05;-11.427;-11.426;-99.990;0.00;-150.54;
2025-11-03 15:18:41.31;0.00:00:47:682;-1.00;0.00;0.00;0.07199;-0.07202;-0.0002569;-0.0001476;-89.90;-0.06;100.04;0.20;100.03;0.07199;0.07202;-2.534E-05;-11.427;-11.426;-99.990;0.00;-150.12;
2025-11-03 15:18:41.35;0.00:00:47:731;-1.00;0.00;0.00;0.07192;-0.07194;-0.0002629;-0.000152;-89.90;-0.06;100.03;0.21;100.03;0.07192;0.07194;-2.395E-05;-11.432;-11.430;-99.990;0.00;-149.97;
2025-11-03 15:18:41.40;0.00:00:47:778;-1.00;0.00;0.00;0.07204;-0.07206;-0.0002445;-0.0001559;-89.90;-0.06;100.04;0.22;100.04;0.07204;0.07206;-2.975E-05;-11.425;-11.423;-99.990;0.00;-147.47;
2025-11-03 15:18:41.45;0.00:00:47:824;-1.00;0.00;0.00;0.07213;-0.07216;-0.0002556;-0.000152;-89.90;-0.06;100.03;0.21;100.03;0.07213;0.07216;-2.287E-05;-11.419;-11.417;-99.990;0.00;-149.26;
2025-11-03 15:18:41.50;0.00:00:47:872;-1.00;0.00;0.00;0.07214;-0.07216;-0.0002571;-0.0001477;-89.90;-0.06;100.04;0.20;100.04;0.07214;0.07216;-2.748E-05;-11.418;-11.417;-99.990;0.00;-150.12;
2025-11-03 15:18:41.54;0.00:00:47:918;-1.00;0.00;0.00;0.07212;-0.07215;-0.0002589;-0.0001509;-89.90;-0.06;100.03;0.21;100.03;0.07212;0.07215;-2.409E-05;-11.419;-11.418;-99.990;0.00;-149.76;
2025-11-03 15:18:41.59;0.00:00:47:966;-1.00;0.00;0.00;0.07205;-0.07208;-0.0002677;-0.0001523;-89.89;-0.06;100.04;0.21;100.04;0.07205;0.07208;-2.615E-05;-11.424;-11.422;-99.990;0.00;-150.36;
2025-11-03 15:18:41.64;0.00:00:48:012;-1.00;0.00;0.00;0.07206;-0.07209;-0.00026;-0.0001474;-89.90;-0.06;100.04;0.20;100.03;0.07206;0.07209;-2.522E-05;-11.423;-11.421;-99.990;0.00;-150.44;
2025-11-03 15:18:41.68;0.00:00:48:058;-1.00;0.00;0.00;0.07202;-0.07204;-0.0002542;-0.0001493;-89.90;-0.06;100.03;0.21;100.03;0.07202;0.07204;-2.204E-05;-11.425;-11.424;-99.990;0.00;-149.58;
2025-11-03 15:18:41.73;0.00:00:48:105;-1.00;0.00;0.00;0.0721;-0.07212;-0.000258;-0.0001522;-89.90;-0.06;100.04;0.21;100.04;0.0721;0.07212;-2.574E-05;-11.421;-11.419;-99.990;0.00;-149.46;
2025-11-03 15:18:41.78;0.00:00:48:153;-1.00;0.00;0.00;0.07215;-0.07217;-0.000249;-0.0001479;-89.90;-0.06;100.03;0.20;100.03;0.07215;0.07217;-2.431E-05;-11.418;-11.416;-99.990;0.00;-149.30;
2025-11-03 15:18:41.82;0.00:00:48:199;-1.00;0.00;0.00;0.07217;-0.07219;-0.0002617;-0.0001495;-89.90;-0.06;100.03;0.21;100.03;0.07217;0.07219;-2.41E-05;-11.417;-11.415;-99.990;0.00;-150.25;
2025-11-03 15:18:41.87;0.00:00:48:245;-1.00;0.00;0.00;0.07219;-0.07221;-0.0002577;-0.0001453;-89.90;-0.06;100.03;0.20;100.03;0.07219;0.07221;-2.483E-05;-11.415;-11.414;-99.990;0.00;-150.58;
2025-11-03 15:18:41.92;0.00:00:48:293;-1.00;0.00;0.00;0.07212;-0.07215;-0.0002751;-0.0001369;-89.89;-0.05;100.03;0.19;100.03;0.07212;0.07215;-2.409E-05;-11.419;-11.418;-99.990;0.00;-153.54;
2025-11-03 15:18:41.96;0.00:00:48:340;-1.00;0.00;0.00;0.07207;-0.07209;-0.0002557;-0.0001515;-89.90;-0.06;100.03;0.21;100.03;0.07207;0.07209;-2.45E-05;-11.423;-11.421;-99.990;0.00;-149.34;
2025-11-03 15:18:42.01;0.00:00:48:386;-1.00;0.00;0.00;0.07209;-0.07212;-0.0002506;-0.0001556;-89.90;-0.06;100.04;0.22;100.04;0.07209;0.07212;-2.689E-05;-11.421;-11.420;-99.990;0.00;-148.15;
2025-11-03 15:18:42.06;0.00:00:48:435;-1.00;0.00;0.00;0.07218;-0.0722;-0.0002701;-0.000151;-89.89;-0.06;100.03;0.21;100.03;0.07218;0.0722;-1.927E-05;-11.416;-11.415;-99.990;0.00;-150.79;
2025-11-03 15:18:42.12;0.00:00:48:494;-1.00;0.00;0.00;0.07216;-0.07219;-0.0002446;-0.0001509;-89.90;-0.06;100.04;0.21;100.04;0.07216;0.07219;-2.67E-05;-11.417;-11.415;-99.990;0.00;-148.33;
2025-11-03 15:18:42.17;0.00:00:48:542;-1.00;0.00;0.00;0.07224;-0.07226;-0.0002784;-0.0001506;-89.89;-0.06;100.03;0.21;100.03;0.07224;0.07226;-1.994E-05;-11.412;-11.411;-99.990;0.00;-151.59;
2025-11-03 15:18:42.21;0.00:00:48:588;-1.00;0.00;0.00;0.07214;-0.07216;-0.0002693;-0.0001435;-89.89;-0.06;100.03;0.20;100.03;0.07214;0.07216;-2.272E-05;-11.418;-11.417;-99.990;0.00;-151.96;
2025-11-03 15:18:42.26;0.00:00:48:636;-1.00;0.00;0.00;0.07207;-0.07209;-0.0002698;-0.0001478;-89.89;-0.06;100.04;0.21;100.04;0.07207;0.07209;-2.566E-05;-11.423;-11.421;-99.990;0.00;-151.28;
2025-11-03 15:18:42.31;0.00:00:48:682;-1.00;0.00;0.00;0.07206;-0.07208;-0.0002607;-0.0001508;-89.90;-0.06;100.03;0.21;100.03;0.07206;0.07208;-2.436E-05;-11.423;-11.422;-99.990;0.00;-149.95;
2025-11-03 15:18:42.35;0.00:00:48:729;-1.00;0.00;0.00;0.07207;-0.07209;-0.0002632;-0.0001512;-89.90;-0.06;100.03;0.21;100.03;0.07207;0.07209;-2.479E-05;-11.423;-11.421;-99.990;0.00;-150.13;
2025-11-03 15:18:42.40;0.00:00:48:776;-1.00;0.00;0.00;0.07207;-0.0721;-0.000258;-0.0001521;-89.90;-0.06;100.04;0.21;100.04;0.07207;0.0721;-2.559E-05;-11.422;-11.421;-99.990;0.00;-149.47;
2025-11-03 15:18:42.45;0.00:00:48:821;-1.00;0.00;0.00;0.07221;-0.07224;-0.0002308;-0.0001657;-89.91;-0.07;100.04;0.23;100.04;0.07221;0.07224;-2.845E-05;-11.414;-11.412;-99.990;0.00;-144.32;
2025-11-03 15:18:42.49;0.00:00:48:869;-1.00;0.00;0.00;0.07207;-0.07209;-0.0002707;-0.0001519;-89.89;-0.06;100.03;0.21;100.03;0.07207;0.07209;-2.436E-05;-11.423;-11.421;-99.990;0.00;-150.69;
2025-11-03 15:18:42.54;0.00:00:48:915;-1.00;0.00;0.00;0.07207;-0.07209;-0.0002489;-0.0001492;-89.90;-0.06;100.03;0.21;100.03;0.07207;0.07209;-2.45E-05;-11.423;-11.421;-99.990;0.00;-149.06;
2025-11-03 15:18:42.59;0.00:00:48:963;-1.00;0.00;0.00;0.07214;-0.07216;-0.0002597;-0.0001468;-89.90;-0.06;100.04;0.20;100.04;0.07214;0.07217;-2.647E-05;-11.418;-11.417;-99.990;0.00;-150.52;
2025-11-03 15:18:42.63;0.00:00:49:009;-1.00;0.00;0.00;0.07211;-0.07214;-0.0002623;-0.000144;-89.90;-0.06;100.03;0.20;100.03;0.07211;0.07214;-2.358E-05;-11.420;-11.418;-99.990;0.00;-151.23;
2025-11-03 15:18:42.68;0.00:00:49:056;-1.00;0.00;0.00;0.0721;-0.07212;-0.0002587;-0.0001542;-89.90;-0.06;100.04;0.21;100.04;0.0721;0.07212;-2.725E-05;-11.421;-11.419;-99.990;0.00;-149.21;
2025-11-03 15:18:42.72;0.00:00:49:101;-1.00;0.00;0.00;0.07207;-0.0721;-0.0002671;-0.0001502;-89.89;-0.06;100.03;0.21;100.03;0.07207;0.0721;-2.4E-05;-11.422;-11.421;-99.990;0.00;-150.64;
2025-11-03 15:18:42.79;0.00:00:49:167;-1.00;0.00;0.00;0.07212;-0.07215;-0.0002622;-0.0001409;-89.90;-0.06;100.04;0.20;100.04;0.07212;0.07215;-2.77E-05;-11.419;-11.418;-99.990;0.00;-151.76;
2025-11-03 15:18:42.84;0.00:00:49:212;-1.00;0.00;0.00;0.07201;-0.07203;-0.0002768;-0.0001486;-89.89;-0.06;100.03;0.21;100.03;0.07201;0.07203;-2.247E-05;-11.426;-11.425;-99.990;0.00;-151.77;
2025-11-03 15:18:42.88;0.00:00:49:260;-1.00;0.00;0.00;0.07192;-0.07194;-0.0002651;-0.0001508;-89.89;-0.06;100.03;0.21;100.03;0.07192;0.07194;-2.373E-05;-11.432;-11.430;-99.990;0.00;-150.36;
2025-11-03 15:18:42.93;0.00:00:49:308;-1.00;0.00;0.00;0.07204;-0.07208;-0.0002562;-0.0001546;-89.90;-0.06;100.04;0.21;100.04;0.07204;0.07208;-3.098E-05;-11.424;-11.422;-99.990;0.00;-148.89;
2025-11-03 15:18:42.98;0.00:00:49:356;-1.00;0.00;0.00;0.07212;-0.07214;-0.0002615;-0.000148;-89.90;-0.06;100.03;0.21;100.03;0.07212;0.07214;-2.308E-05;-11.420;-11.418;-99.990;0.00;-150.49;
2025-11-03 15:18:43.03;0.00:00:49:403;-1.00;0.00;0.00;0.07198;-0.07201;-0.0002917;-0.0001475;-89.88;-0.06;100.03;0.20;100.03;0.07198;0.07201;-2.203E-05;-11.428;-11.426;-99.990;0.00;-153.17;
2025-11-03 15:18:43.07;0.00:00:49:448;-1.00;0.00;0.00;0.07192;-0.07195;-0.0002611;-0.0001519;-89.90;-0.06;100.03;0.21;100.03;0.07192;0.07195;-2.453E-05;-11.431;-11.430;-99.990;0.00;-149.81;
2025-11-03 15:18:43.12;0.00:00:49:496;-1.00;0.00;0.00;0.07198;-0.07201;-0.0002429;-0.0001574;-89.90;-0.06;100.04;0.22;100.04;0.07198;0.07201;-3.002E-05;-11.428;-11.426;-99.990;0.00;-147.05;
2025-11-03 15:18:43.17;0.00:00:49:543;-1.00;0.00;0.00;0.072;-0.07203;-0.0002723;-0.0001445;-89.89;-0.06;100.03;0.20;100.03;0.072;0.07203;-2.333E-05;-11.426;-11.425;-99.990;0.00;-152.04;
2025-11-03 15:18:43.21;0.00:00:49:590;-1.00;0.00;0.00;0.07194;-0.07196;-0.0002528;-0.000153;-89.90;-0.06;100.04;0.21;100.04;0.07194;0.07197;-2.539E-05;-11.430;-11.429;-99.990;0.00;-148.82;
2025-11-03 15:18:43.26;0.00:00:49:637;-1.00;0.00;0.00;0.07188;-0.07191;-0.0002686;-0.0001464;-89.89;-0.06;100.03;0.20;100.03;0.07188;0.07191;-2.458E-05;-11.434;-11.432;-99.990;0.00;-151.40;
2025-11-03 15:18:43.31;0.00:00:49:683;-1.00;0.00;0.00;0.07191;-0.07194;-0.0002669;-0.0001511;-89.89;-0.06;100.04;0.21;100.03;0.07191;0.07194;-2.524E-05;-11.432;-11.430;-99.990;0.00;-150.49;
2025-11-03 15:18:43.35;0.00:00:49:729;-1.00;0.00;0.00;0.07198;-0.07202;-0.0002528;-0.0001562;-89.90;-0.06;100.04;0.22;100.04;0.07198;0.07202;-3.117E-05;-11.428;-11.426;-99.990;0.00;-148.28;
2025-11-03 15:18:43.40;0.00:00:49:777;-1.00;0.00;0.00;0.07202;-0.07204;-0.0002598;-0.0001558;-89.90;-0.06;100.04;0.22;100.04;0.07202;0.07204;-2.643E-05;-11.426;-11.424;-99.990;0.00;-149.05;
2025-11-03 15:18:43.45;0.00:00:49:824;-1.00;0.00;0.00;0.07202;-0.07204;-0.0002611;-0.0001516;-89.90;-0.06;100.03;0.21;100.03;0.07202;0.07204;-2.405E-05;-11.425;-11.424;-99.990;0.00;-149.87;
2025-11-03 15:18:43.49;0.00:00:49:870;-1.00;0.00;0.00;0.07214;-0.07216;-0.0002578;-0.0001504;-89.90;-0.06;100.03;0.21;100.03;0.07214;0.07217;-2.41E-05;-11.418;-11.417;-99.990;0.00;-149.75;
2025-11-03 15:18:43.54;0.00:00:49:918;-1.00;0.00;0.00;0.07216;-0.07219;-0.0002461;-0.0001548;-89.90;-0.06;100.04;0.21;100.04;0.07216;0.07219;-2.605E-05;-11.417;-11.415;-99.990;0.00;-147.82;
2025-11-03 15:18:43.59;0.00:00:49:966;-1.00;0.00;0.00;0.07225;-0.07228;-0.0002555;-0.0001544;-89.90;-0.06;100.04;0.21;100.04;0.07225;0.07228;-2.832E-05;-11.412;-11.410;-99.990;0.00;-148.85;
2025-11-03 15:18:43.64;0.00:00:50:012;-1.00;0.00;0.00;0.07245;-0.07248;-0.000263;-0.0001405;-89.90;-0.06;100.03;0.19;100.03;0.07245;0.07248;-2.347E-05;-11.399;-11.398;-99.990;0.00;-151.88;
2025-11-03 15:18:43.68;0.00:00:50:058;-1.00;0.00;0.00;0.07228;-0.07231;-0.0002726;-0.0001406;-89.89;-0.06;100.03;0.19;100.03;0.07228;0.07231;-2.212E-05;-11.410;-11.408;-99.990;0.00;-152.72;
2025-11-03 15:18:43.73;0.00:00:50:104;-1.00;0.00;0.00;0.07216;-0.07218;-0.0002658;-0.0001509;-89.89;-0.06;100.03;0.21;100.03;0.07216;0.07218;-2.403E-05;-11.417;-11.416;-99.990;0.00;-150.42;
2025-11-03 15:18:43.78;0.00:00:50:151;-1.00;0.00;0.00;0.07216;-0.07218;-0.0002566;-0.0001405;-89.90;-0.06;100.03;0.19;100.03;0.07216;0.07218;-2.403E-05;-11.417;-11.416;-99.990;0.00;-151.29;
2025-11-03 15:18:43.82;0.00:00:50:199;-1.00;0.00;0.00;0.07215;-0.07218;-0.000272;-0.000141;-89.89;-0.06;100.03;0.20;100.03;0.07215;0.07218;-2.273E-05;-11.417;-11.416;-99.990;0.00;-152.60;
2025-11-03 15:18:43.87;0.00:00:50:246;-1.00;0.00;0.00;0.07212;-0.07215;-0.0002484;-0.0001489;-89.90;-0.06;100.04;0.21;100.04;0.07212;0.07215;-2.784E-05;-11.420;-11.418;-99.990;0.00;-149.06;
2025-11-03 15:18:43.92;0.00:00:50:293;-1.00;0.00;0.00;0.07221;-0.07224;-0.0002608;-0.0001539;-89.90;-0.06;100.04;0.21;100.04;0.07221;0.07224;-2.701E-05;-11.414;-11.412;-99.990;0.00;-149.45;
2025-11-03 15:18:43.97;0.00:00:50:341;-1.00;0.00;0.00;0.07221;-0.07223;-0.0002591;-0.0001527;-89.90;-0.06;100.03;0.21;100.03;0.07221;0.07223;-2.506E-05;-11.414;-11.413;-99.990;0.00;-149.48;
2025-11-03 15:18:44.01;0.00:00:50:388;-1.00;0.00;0.00;0.07218;-0.0722;-0.0002587;-0.0001532;-89.90;-0.06;100.04;0.21;100.04;0.07218;0.0722;-2.584E-05;-11.416;-11.414;-99.990;0.00;-149.37;
2025-11-03 15:18:44.06;0.00:00:50:435;-1.00;0.00;0.00;0.07224;-0.07226;-0.0002641;-0.0001499;-89.90;-0.06;100.04;0.21;100.04;0.07224;0.07226;-2.557E-05;-11.412;-11.411;-99.990;0.00;-150.43;
2025-11-03 15:18:44.11;0.00:00:50:483;-1.00;0.00;0.00;0.07227;-0.07229;-0.0002542;-0.0001441;-89.90;-0.06;100.03;0.20;100.03;0.07227;0.07229;-2.464E-05;-11.410;-11.409;-99.990;0.00;-150.46;
2025-11-03 15:18:44.15;0.00:00:50:530;-1.00;0.00;0.00;0.07221;-0.07224;-0.0002676;-0.0001452;-89.89;-0.06;100.04;0.20;100.04;0.07221;0.07224;-2.744E-05;-11.414;-11.412;-99.990;0.00;-151.51;
2025-11-03 15:18:44.20;0.00:00:50:578;-1.00;0.00;0.00;0.07222;-0.07225;-0.000261;-0.0001435;-89.90;-0.06;100.04;0.20;100.04;0.07222;0.07225;-2.557E-05;-11.413;-11.412;-99.990;0.00;-151.20;
2025-11-03 15:18:44.25;0.00:00:50:624;-1.00;0.00;0.00;0.07217;-0.0722;-0.0002731;-0.0001514;-89.89;-0.06;100.04;0.21;100.04;0.07217;0.0722;-2.627E-05;-11.416;-11.415;-99.990;0.00;-151.01;
2025-11-03 15:18:44.29;0.00:00:50:670;-1.00;0.00;0.00;0.07219;-0.07221;-0.0002636;-0.0001463;-89.90;-0.06;100.03;0.20;100.03;0.07219;0.07221;-2.296E-05;-11.415;-11.414;-99.990;0.00;-150.96;
2025-11-03 15:18:44.34;0.00:00:50:717;-1.00;0.00;0.00;0.0721;-0.07212;-0.0002708;-0.0001443;-89.89;-0.06;100.03;0.20;100.03;0.0721;0.07212;-2.213E-05;-11.421;-11.419;-99.990;0.00;-151.95;
2025-11-03 15:18:44.39;0.00:00:50:765;-1.00;0.00;0.00;0.0721;-0.07213;-0.00026;-0.0001511;-89.90;-0.06;100.03;0.21;100.03;0.0721;0.07213;-2.387E-05;-11.420;-11.419;-99.990;0.00;-149.83;
2025-11-03 15:18:44.43;0.00:00:50:811;-1.00;0.00;0.00;0.07231;-0.07233;-0.0002577;-0.000142;-89.90;-0.06;100.03;0.20;100.03;0.07231;0.07233;-2.408E-05;-11.408;-11.407;-99.990;0.00;-151.15;
2025-11-03 15:18:44.48;0.00:00:50:859;-1.00;0.00;0.00;0.07226;-0.07228;-0.0002597;-0.0001513;-89.90;-0.06;100.03;0.21;100.03;0.07226;0.07228;-2.413E-05;-11.411;-11.410;-99.990;0.00;-149.77;
2025-11-03 15:18:44.53;0.00:00:50:904;-1.00;0.00;0.00;0.07226;-0.07229;-0.0002549;-0.0001542;-89.90;-0.06;100.04;0.21;100.04;0.07226;0.07229;-2.602E-05;-11.411;-11.409;-99.990;0.00;-148.84;
2025-11-03 15:18:44.58;0.00:00:50:957;-1.00;0.00;0.00;0.07222;-0.07225;-0.0002717;-0.0001444;-89.89;-0.06;100.04;0.20;100.04;0.07222;0.07225;-2.766E-05;-11.413;-11.412;-99.990;0.00;-152.01;
2025-11-03 15:18:44.63;0.00:00:51:007;-1.00;0.00;0.00;0.07206;-0.07209;-0.000265;-0.0001533;-89.89;-0.06;100.03;0.21;100.03;0.07206;0.07209;-2.349E-05;-11.423;-11.421;-99.990;0.00;-149.95;
2025-11-03 15:18:44.69;0.00:00:51:067;-1.00;0.00;0.00;0.07212;-0.07214;-0.0002641;-0.0001537;-89.90;-0.06;100.04;0.21;100.04;0.07212;0.07214;-2.625E-05;-11.420;-11.418;-99.990;0.00;-149.79;
2025-11-03 15:18:44.74;0.00:00:51:120;-1.00;0.00;0.00;0.07215;-0.07218;-0.0002648;-0.000158;-89.89;-0.06;100.04;0.22;100.04;0.07215;0.07218;-2.713E-05;-11.418;-11.416;-99.990;0.00;-149.18;
2025-11-03 15:18:44.79;0.00:00:51:170;-1.00;0.00;0.00;0.07226;-0.07229;-0.0002613;-0.0001563;-89.90;-0.06;100.04;0.22;100.04;0.07226;0.07229;-2.746E-05;-11.411;-11.409;-99.990;0.00;-149.11;
2025-11-03 15:18:44.84;0.00:00:51:217;-1.00;0.00;0.00;0.07232;-0.07235;-0.0002523;-0.00015;-89.90;-0.06;100.04;0.21;100.04;0.07232;0.07235;-2.604E-05;-11.407;-11.406;-99.990;0.00;-149.26;
2025-11-03 15:18:44.90;0.00:00:51:272;-1.00;0.00;0.00;0.07231;-0.07233;-0.0002703;-0.0001487;-89.89;-0.06;100.03;0.21;100.03;0.07231;0.07233;-2.162E-05;-11.408;-11.407;-99.990;0.00;-151.18;
2025-11-03 15:18:44.95;0.00:00:51:322;-1.00;0.00;0.00;0.07223;-0.07226;-0.0002687;-0.0001535;-89.89;-0.06;100.03;0.21;100.03;0.07223;0.07226;-2.463E-05;-11.413;-11.411;-99.990;0.00;-150.26;
2025-11-03 15:18:45.00;0.00:00:51:372;-1.00;0.00;0.00;0.07208;-0.07211;-0.0002619;-0.000146;-89.90;-0.06;100.04;0.20;100.04;0.07208;0.07211;-2.559E-05;-11.422;-11.420;-99.990;0.00;-150.87;
2025-11-03 15:18:45.05;0.00:00:51:426;-1.00;0.00;0.00;0.07199;-0.07202;-0.0002715;-0.0001503;-89.89;-0.06;100.03;0.21;100.03;0.07199;0.07202;-2.253E-05;-11.427;-11.426;-99.990;0.00;-151.04;
2025-11-03 15:18:45.10;0.00:00:51:477;-1.00;0.00;0.00;0.07184;-0.07187;-0.0002626;-0.000155;-89.90;-0.06;100.03;0.22;100.03;0.07184;0.07187;-2.457E-05;-11.436;-11.435;-99.990;0.00;-149.46;
2025-11-03 15:18:45.15;0.00:00:51:528;-1.00;0.00;0.00;0.07201;-0.07204;-0.0002415;-0.0001507;-89.90;-0.06;100.03;0.21;100.03;0.07201;0.07204;-2.506E-05;-11.426;-11.424;-99.990;0.00;-148.04;
2025-11-03 15:18:45.20;0.00:00:51:577;-1.00;0.00;0.00;0.07198;-0.07201;-0.0002482;-0.000145;-89.90;-0.06;100.03;0.20;100.03;0.07198;0.07201;-2.476E-05;-11.428;-11.426;-99.990;0.00;-149.71;
2025-11-03 15:18:45.25;0.00:00:51:627;-1.00;0.00;0.00;0.07197;-0.072;-0.0002602;-0.0001523;-89.90;-0.06;100.03;0.21;100.03;0.07197;0.072;-2.361E-05;-11.428;-11.427;-99.990;0.00;-149.66;
2025-11-03 15:18:45.30;0.00:00:51:672;-1.00;0.00;0.00;0.07212;-0.07215;-0.0002511;-0.0001573;-89.90;-0.06;100.04;0.22;100.04;0.07212;0.07215;-2.582E-05;-11.419;-11.418;-99.990;0.00;-147.93;
2025-11-03 15:18:45.36;0.00:00:51:732;-1.00;0.00;0.00;0.07222;-0.07224;-0.0002551;-0.0001522;-89.90;-0.06;100.04;0.21;100.04;0.07222;0.07224;-2.694E-05;-11.414;-11.412;-99.990;0.00;-149.17;
2025-11-03 15:18:45.40;0.00:00:51:781;-1.00;0.00;0.00;0.07216;-0.07219;-0.0002735;-0.0001553;-89.89;-0.06;100.03;0.22;100.03;0.07216;0.07219;-2.475E-05;-11.417;-11.415;-99.990;0.00;-150.41;
2025-11-03 15:18:45.46;0.00:00:51:832;-1.00;0.00;0.00;0.07213;-0.07215;-0.0002604;-0.0001473;-89.90;-0.06;100.03;0.20;100.03;0.07213;0.07215;-2.092E-05;-11.419;-11.418;-99.990;0.00;-150.50;
2025-11-03 15:18:45.52;0.00:00:51:893;-1.00;0.00;0.00;0.07211;-0.07213;-0.0002597;-0.0001495;-89.90;-0.06;100.04;0.21;100.04;0.07211;0.07213;-2.617E-05;-11.420;-11.419;-99.990;0.00;-150.07;
2025-11-03 15:18:45.57;0.00:00:51:946;-1.00;0.00;0.00;0.07203;-0.07206;-0.0002534;-0.000147;-89.90;-0.06;100.03;0.20;100.03;0.07203;0.07206;-2.449E-05;-11.425;-11.423;-99.990;0.00;-149.88;
2025-11-03 15:18:45.62;0.00:00:51:994;-1.00;0.00;0.00;0.07204;-0.07207;-0.0002611;-0.0001519;-89.90;-0.06;100.04;0.21;100.04;0.07204;0.07207;-2.543E-05;-11.424;-11.423;-99.990;0.00;-149.81;
2025-11-03 15:18:45.67;0.00:00:52:049;-1.00;0.00;0.00;0.07215;-0.07218;-0.0002525;-0.0001545;-89.90;-0.06;100.04;0.21;100.04;0.07215;0.07218;-2.554E-05;-11.417;-11.416;-99.990;0.00;-148.54;
2025-11-03 15:18:45.72;0.00:00:52:100;-1.00;0.00;0.00;0.07234;-0.07236;-0.0002639;-0.0001593;-89.90;-0.06;100.04;0.22;100.04;0.07234;0.07236;-2.597E-05;-11.406;-11.405;-99.990;0.00;-148.88;
2025-11-03 15:18:45.77;0.00:00:52:148;-1.00;0.00;0.00;0.07235;-0.07237;-0.0002768;-0.0001471;-89.89;-0.06;100.03;0.20;100.03;0.07235;0.07237;-2.149E-05;-11.406;-11.404;-99.990;0.00;-152.02;
2025-11-03 15:18:45.82;0.00:00:52:200;-1.00;0.00;0.00;0.07206;-0.07209;-0.0002656;-0.000152;-89.89;-0.06;100.04;0.21;100.04;0.07206;0.07209;-2.558E-05;-11.423;-11.421;-99.990;0.00;-150.22;
2025-11-03 15:18:45.88;0.00:00:52:251;-1.00;0.00;0.00;0.07208;-0.07211;-0.0002582;-0.0001552;-89.90;-0.06;100.04;0.22;100.04;0.07208;0.07211;-2.775E-05;-11.422;-11.420;-99.990;0.00;-148.99;
2025-11-03 15:18:45.92;0.00:00:52:298;-1.00;0.00;0.00;0.07233;-0.07236;-0.0002598;-0.0001488;-89.90;-0.06;100.04;0.21;100.04;0.07233;0.07236;-2.799E-05;-11.407;-11.405;-99.990;0.00;-150.19;
2025-11-03 15:18:45.97;0.00:00:52:344;-1.00;0.00;0.00;0.07236;-0.07238;-0.0002741;-0.0001508;-89.89;-0.06;100.03;0.21;100.03;0.07236;0.07238;-2.511E-05;-11.405;-11.404;-99.990;0.00;-151.18;
2025-11-03 15:18:46.03;0.00:00:52:405;-1.00;0.00;0.00;0.07227;-0.0723;-0.0002706;-0.0001495;-89.89;-0.06;100.03;0.21;100.03;0.07227;0.0723;-2.486E-05;-11.410;-11.409;-99.990;0.00;-151.07;
2025-11-03 15:18:46.08;0.00:00:52:457;-1.00;0.00;0.00;0.07222;-0.07225;-0.0002773;-0.0001493;-89.89;-0.06;100.04;0.21;100.04;0.07222;0.07225;-2.586E-05;-11.413;-11.412;-99.990;0.00;-151.71;
2025-11-03 15:18:46.13;0.00:00:52:507;-1.00;0.00;0.00;0.07212;-0.07214;-0.0002609;-0.0001417;-89.90;-0.06;100.04;0.20;100.04;0.07212;0.07214;-2.625E-05;-11.420;-11.418;-99.990;0.00;-151.49;
2025-11-03 15:18:46.18;0.00:00:52:560;-1.00;0.00;0.00;0.07201;-0.07204;-0.0002758;-0.0001437;-89.89;-0.06;100.04;0.20;100.04;0.07201;0.07204;-2.744E-05;-11.426;-11.424;-99.990;0.00;-152.48;
2025-11-03 15:18:46.23;0.00:00:52:609;-1.00;0.00;0.00;0.0718;-0.07182;-0.0002553;-0.0001482;-89.90;-0.06;100.04;0.21;100.04;0.0718;0.07182;-2.671E-05;-11.439;-11.437;-99.990;0.00;-149.87;
2025-11-03 15:18:46.29;0.00:00:52:667;-1.00;0.00;0.00;0.07191;-0.07194;-0.0002605;-0.0001527;-89.90;-0.06;100.04;0.21;100.04;0.07191;0.07194;-2.812E-05;-11.432;-11.430;-99.990;0.00;-149.62;
2025-11-03 15:18:46.34;0.00:00:52:718;-1.00;0.00;0.00;0.0719;-0.07193;-0.0002671;-0.0001367;-89.89;-0.05;100.04;0.19;100.04;0.0719;0.07193;-2.675E-05;-11.432;-11.431;-99.990;0.00;-152.89;
2025-11-03 15:18:46.39;0.00:00:52:765;-1.00;0.00;0.00;0.07205;-0.07207;-0.0002506;-0.0001517;-89.90;-0.06;100.04;0.21;100.04;0.07205;0.07207;-2.738E-05;-11.424;-11.422;-99.990;0.00;-148.82;
2025-11-03 15:18:46.45;0.00:00:52:825;-1.00;0.00;0.00;0.07198;-0.07201;-0.0002662;-0.0001558;-89.89;-0.06;100.04;0.22;100.04;0.07198;0.07201;-2.858E-05;-11.428;-11.426;-99.990;0.00;-149.66;
2025-11-03 15:18:46.50;0.00:00:52:878;-1.00;0.00;0.00;0.07216;-0.07218;-0.0002579;-0.0001416;-89.90;-0.06;100.04;0.20;100.04;0.07216;0.07218;-2.554E-05;-11.417;-11.416;-99.990;0.00;-151.22;
2025-11-03 15:18:46.56;0.00:00:52:934;-1.00;0.00;0.00;0.07214;-0.07216;-0.0002535;-0.0001452;-89.90;-0.06;100.04;0.20;100.04;0.07214;0.07216;-2.647E-05;-11.418;-11.417;-99.990;0.00;-150.20;
2025-11-03 15:18:46.61;0.00:00:52:987;-1.00;0.00;0.00;0.0721;-0.07213;-0.0002662;-0.0001364;-89.89;-0.05;100.03;0.19;100.03;0.0721;0.07213;-2.423E-05;-11.420;-11.419;-99.990;0.00;-152.86;
2025-11-03 15:18:46.67;0.00:00:53:047;-1.00;0.00;0.00;0.07197;-0.07199;-0.0002782;-0.0001466;-89.89;-0.06;100.03;0.20;100.03;0.07197;0.072;-2.094E-05;-11.428;-11.427;-99.990;0.00;-152.21;
2025-11-03 15:18:46.72;0.00:00:53:100;-1.00;0.00;0.00;0.07197;-0.072;-0.0002709;-0.0001481;-89.89;-0.06;100.03;0.21;100.03;0.07197;0.072;-2.461E-05;-11.428;-11.427;-99.990;0.00;-151.33;
2025-11-03 15:18:46.78;0.00:00:53:152;-1.00;0.00;0.00;0.07199;-0.07201;-0.0002603;-0.0001583;-89.90;-0.06;100.04;0.22;100.04;0.07199;0.07201;-2.642E-05;-11.427;-11.426;-99.990;0.00;-148.69;
2025-11-03 15:18:46.83;0.00:00:53:203;-1.00;0.00;0.00;0.07233;-0.07236;-0.0002394;-0.0001511;-89.91;-0.06;100.04;0.21;100.04;0.07233;0.07236;-2.9E-05;-11.407;-11.405;-99.990;0.00;-147.74;
2025-11-03 15:18:46.88;0.00:00:53:258;-1.00;0.00;0.00;0.07228;-0.0723;-0.0002719;-0.0001508;-89.89;-0.06;100.03;0.21;100.03;0.07228;0.0723;-2.255E-05;-11.410;-11.408;-99.990;0.00;-150.99;
2025-11-03 15:18:46.94;0.00:00:53:315;-1.00;0.00;0.00;0.07227;-0.07229;-0.0002646;-0.0001381;-89.90;-0.05;100.04;0.19;100.04;0.07227;0.07229;-2.594E-05;-11.411;-11.409;-99.990;0.00;-152.45;
2025-11-03 15:18:46.99;0.00:00:53:366;-1.00;0.00;0.00;0.07207;-0.0721;-0.0002655;-0.0001444;-89.89;-0.06;100.03;0.20;100.03;0.07207;0.0721;-2.501E-05;-11.422;-11.421;-99.990;0.00;-151.47;
2025-11-03 15:18:47.04;0.00:00:53:415;-1.00;0.00;0.00;0.07199;-0.07201;-0.000262;-0.000147;-89.90;-0.06;100.03;0.20;100.03;0.07199;0.07201;-2.376E-05;-11.428;-11.426;-99.990;0.00;-150.71;
2025-11-03 15:18:47.09;0.00:00:53:465;-1.00;0.00;0.00;0.07209;-0.07212;-0.0002489;-0.0001551;-89.90;-0.06;100.04;0.22;100.04;0.07209;0.07212;-2.92E-05;-11.421;-11.419;-99.990;0.00;-148.06;
2025-11-03 15:18:47.14;0.00:00:53:519;-1.00;0.00;0.00;0.07212;-0.07215;-0.0002631;-0.0001492;-89.90;-0.06;100.03;0.21;100.03;0.07212;0.07215;-2.402E-05;-11.419;-11.418;-99.990;0.00;-150.43;
2025-11-03 15:18:47.20;0.00:00:53:573;-1.00;0.00;0.00;0.07219;-0.07222;-0.0002405;-0.0001486;-89.90;-0.06;100.04;0.21;100.04;0.07219;0.07222;-2.808E-05;-11.415;-11.414;-99.990;0.00;-148.29;
2025-11-03 15:18:47.25;0.00:00:53:623;-1.00;0.00;0.00;0.07232;-0.07235;-0.0002523;-0.0001483;-89.90;-0.06;100.04;0.21;100.04;0.07232;0.07235;-2.828E-05;-11.407;-11.406;-99.990;0.00;-149.54;
2025-11-03 15:18:47.30;0.00:00:53:671;-1.00;0.00;0.00;0.07223;-0.07225;-0.0002704;-0.0001374;-89.89;-0.05;100.04;0.19;100.04;0.07223;0.07225;-2.658E-05;-11.413;-11.411;-99.990;0.00;-153.06;
2025-11-03 15:18:47.36;0.00:00:53:731;-1.00;0.00;0.00;0.07217;-0.0722;-0.0002741;-0.0001444;-89.89;-0.06;100.03;0.20;100.03;0.07217;0.0722;-2.49E-05;-11.416;-11.415;-99.990;0.00;-152.22;
2025-11-03 15:18:47.41;0.00:00:53:784;-1.00;0.00;0.00;0.07226;-0.07229;-0.0002531;-0.0001668;-89.90;-0.07;100.04;0.23;100.04;0.07226;0.07229;-2.753E-05;-11.411;-11.409;-99.990;0.00;-146.61;
2025-11-03 15:18:47.46;0.00:00:53:837;-1.00;0.00;0.00;0.07225;-0.07228;-0.0002774;-0.000151;-89.89;-0.06;100.04;0.21;100.03;0.07225;0.07228;-2.543E-05;-11.412;-11.410;-99.990;0.00;-151.45;
2025-11-03 15:18:47.52;0.00:00:53:899;-1.00;0.00;0.00;0.07223;-0.07225;-0.0002531;-0.0001424;-89.90;-0.06;100.04;0.20;100.04;0.07223;0.07225;-2.542E-05;-11.413;-11.411;-99.990;0.00;-150.63;
2025-11-03 15:18:47.57;0.00:00:53:945;-1.00;0.00;0.00;0.0724;-0.07242;-0.0002628;-0.000146;-89.90;-0.06;100.03;0.20;100.03;0.0724;0.07242;-2.396E-05;-11.403;-11.401;-99.990;0.00;-150.95;
2025-11-03 15:18:47.62;0.00:00:53:998;-1.00;0.00;0.00;0.07219;-0.07221;-0.00026;-0.0001519;-89.90;-0.06;100.03;0.21;100.03;0.07219;0.07221;-2.519E-05;-11.415;-11.414;-99.990;0.00;-149.70;
2025-11-03 15:18:47.67;0.00:00:54:049;-1.00;0.00;0.00;0.07223;-0.07225;-0.0002552;-0.0001543;-89.90;-0.06;100.04;0.21;100.04;0.07223;0.07225;-2.716E-05;-11.413;-11.411;-99.990;0.00;-148.85;
2025-11-03 15:18:47.74;0.00:00:54:111;-1.00;0.00;0.00;0.07214;-0.07216;-0.000263;-0.000148;-89.90;-0.06;100.03;0.21;100.03;0.07214;0.07216;-2.323E-05;-11.418;-11.417;-99.990;0.00;-150.63;
2025-11-03 15:18:47.80;0.00:00:54:171;-1.00;0.00;0.00;0.07223;-0.07225;-0.0002594;-0.0001458;-89.90;-0.06;100.03;0.20;100.03;0.07223;0.07225;-2.405E-05;-11.413;-11.411;-99.990;0.00;-150.67;
2025-11-03 15:18:47.85;0.00:00:54:224;-1.00;0.00;0.00;0.07216;-0.07218;-0.0002768;-0.0001485;-89.89;-0.06;100.03;0.21;100.03;0.07216;0.07219;-2.114E-05;-11.417;-11.416;-99.990;0.00;-151.79;
2025-11-03 15:18:47.90;0.00:00:54:275;-1.00;0.00;0.00;0.07203;-0.07205;-0.0002642;-0.0001556;-89.89;-0.06;100.03;0.22;100.03;0.07203;0.07205;-2.327E-05;-11.425;-11.423;-99.990;0.00;-149.50;
2025-11-03 15:18:47.95;0.00:00:54:330;-1.00;0.00;0.00;0.07211;-0.07213;-0.0002652;-0.0001514;-89.89;-0.06;100.03;0.21;100.03;0.07211;0.07213;-2.517E-05;-11.420;-11.419;-99.990;0.00;-150.28;
2025-11-03 15:18:48.01;0.00:00:54:389;-1.00;0.00;0.00;0.07208;-0.07211;-0.000255;-0.0001483;-89.90;-0.06;100.04;0.21;100.04;0.07208;0.07211;-2.581E-05;-11.422;-11.420;-99.990;0.00;-149.82;
2025-11-03 15:18:48.06;0.00:00:54:436;-1.00;0.00;0.00;0.07203;-0.07205;-0.0002737;-0.0001526;-89.89;-0.06;100.03;0.21;100.03;0.07203;0.07205;-2.485E-05;-11.425;-11.424;-99.990;0.00;-150.86;
2025-11-03 15:18:48.11;0.00:00:54:489;-1.00;0.00;0.00;0.07207;-0.0721;-0.0002476;-0.0001519;-89.90;-0.06;100.04;0.21;100.04;0.07207;0.0721;-2.638E-05;-11.422;-11.421;-99.990;0.00;-148.47;
2025-11-03 15:18:48.16;0.00:00:54:541;-1.00;0.00;0.00;0.07214;-0.07216;-0.0002818;-0.0001508;-89.89;-0.06;100.03;0.21;100.03;0.07214;0.07216;-2.496E-05;-11.418;-11.417;-99.990;0.00;-151.84;
2025-11-03 15:18:48.22;0.00:00:54:597;-1.00;0.00;0.00;0.07214;-0.07217;-0.0002511;-0.000147;-89.90;-0.06;100.04;0.20;100.04;0.07214;0.07217;-2.806E-05;-11.418;-11.416;-99.990;0.00;-149.65;
2025-11-03 15:18:48.28;0.00:00:54:652;-1.00;0.00;0.00;0.07223;-0.07226;-0.0002576;-0.0001496;-89.90;-0.06;100.03;0.21;100.03;0.07223;0.07226;-2.348E-05;-11.413;-11.411;-99.990;0.00;-149.86;
2025-11-03 15:18:48.33;0.00:00:54:702;-1.00;0.00;0.00;0.07222;-0.07224;-0.0002633;-0.0001482;-89.90;-0.06;100.03;0.21;100.03;0.07222;0.07224;-2.419E-05;-11.414;-11.412;-99.990;0.00;-150.62;
2025-11-03 15:18:48.38;0.00:00:54:753;-1.00;0.00;0.00;0.07212;-0.07214;-0.0002671;-0.0001486;-89.89;-0.06;100.03;0.21;100.03;0.07212;0.07214;-2.315E-05;-11.420;-11.418;-99.990;0.00;-150.91;
2025-11-03 15:18:48.43;0.00:00:54:804;-1.00;0.00;0.00;0.07224;-0.07226;-0.0002632;-0.000153;-89.90;-0.06;100.04;0.21;100.04;0.07224;0.07226;-2.637E-05;-11.412;-11.411;-99.990;0.00;-149.83;
2025-11-03 15:18:48.48;0.00:00:54:855;-1.00;0.00;0.00;0.07234;-0.07236;-0.0002516;-0.0001416;-89.90;-0.06;100.04;0.20;100.04;0.07234;0.07237;-2.93E-05;-11.406;-11.405;-99.990;0.00;-150.62;
2025-11-03 15:18:48.53;0.00:00:54:902;-1.00;0.00;0.00;0.07218;-0.0722;-0.0002844;-0.0001491;-89.89;-0.06;100.03;0.21;100.03;0.07218;0.0722;-2.288E-05;-11.416;-11.415;-99.990;0.00;-152.33;
2025-11-03 15:18:48.57;0.00:00:54:950;-1.00;0.00;0.00;0.07214;-0.07217;-0.0002528;-0.0001519;-89.90;-0.06;100.03;0.21;100.03;0.07214;0.07217;-2.438E-05;-11.418;-11.416;-99.990;0.00;-149.00;
2025-11-03 15:18:48.62;0.00:00:54:998;-1.00;0.00;0.00;0.0722;-0.07223;-0.0002442;-0.0001574;-89.90;-0.06;100.04;0.22;100.04;0.0722;0.07223;-2.621E-05;-11.414;-11.413;-99.990;0.00;-147.20;
2025-11-03 15:18:48.67;0.00:00:55:044;-1.00;0.00;0.00;0.0723;-0.07232;-0.0002575;-0.0001486;-89.90;-0.06;100.04;0.21;100.03;0.0723;0.07233;-2.531E-05;-11.409;-11.407;-99.990;0.00;-150.01;
2025-11-03 15:18:48.71;0.00:00:55:090;-1.00;0.00;0.00;0.07227;-0.07229;-0.0002658;-0.0001451;-89.89;-0.06;100.03;0.20;100.03;0.07227;0.07229;-2.276E-05;-11.411;-11.409;-99.990;0.00;-151.36;
2025-11-03 15:18:48.76;0.00:00:55:137;-1.00;0.00;0.00;0.07224;-0.07226;-0.0002833;-0.000144;-89.89;-0.06;100.03;0.20;100.03;0.07224;0.07226;-2.044E-05;-11.413;-11.411;-99.990;0.00;-153.06;
2025-11-03 15:18:48.81;0.00:00:55:183;-1.00;0.00;0.00;0.07213;-0.07216;-0.0002673;-0.0001528;-89.89;-0.06;100.03;0.21;100.03;0.07213;0.07216;-2.467E-05;-11.419;-11.417;-99.990;0.00;-150.25;
2025-11-03 15:18:48.85;0.00:00:55:231;-1.00;0.00;0.00;0.07219;-0.07222;-0.0002518;-0.0001547;-89.90;-0.06;100.04;0.21;100.04;0.07219;0.07222;-2.823E-05;-11.415;-11.413;-99.990;0.00;-148.44;
2025-11-03 15:18:48.90;0.00:00:55:277;-1.00;0.00;0.00;0.07215;-0.07218;-0.0002742;-0.0001444;-89.89;-0.06;100.03;0.20;100.03;0.07215;0.07218;-2.511E-05;-11.417;-11.416;-99.990;0.00;-152.23;
2025-11-03 15:18:48.95;0.00:00:55:323;-1.00;0.00;0.00;0.07215;-0.07218;-0.0002472;-0.0001423;-89.90;-0.06;100.04;0.20;100.04;0.07215;0.07218;-2.908E-05;-11.417;-11.416;-99.990;0.00;-150.07;
2025-11-03 15:18:48.99;0.00:00:55:369;-1.00;0.00;0.00;0.07227;-0.07229;-0.0002622;-0.0001503;-89.90;-0.06;100.03;0.21;100.03;0.07227;0.07229;-2.471E-05;-11.411;-11.409;-99.990;0.00;-150.18;
2025-11-03 15:18:49.04;0.00:00:55:416;-1.00;0.00;0.00;0.07219;-0.07221;-0.0002722;-0.0001429;-89.89;-0.06;100.03;0.20;100.03;0.07219;0.07221;-2.151E-05;-11.415;-11.414;-99.990;0.00;-152.30;
2025-11-03 15:18:49.09;0.00:00:55:464;-1.00;0.00;0.00;0.07215;-0.07218;-0.0002681;-0.0001481;-89.89;-0.06;100.03;0.21;100.03;0.07215;0.07218;-2.482E-05;-11.418;-11.416;-99.990;0.00;-151.08;
2025-11-03 15:18:49.13;0.00:00:55:511;-1.00;0.00;0.00;0.07215;-0.07217;-0.0002675;-0.000146;-89.89;-0.06;100.04;0.20;100.04;0.07215;0.07217;-2.54E-05;-11.418;-11.416;-99.990;0.00;-151.38;
2025-11-03 15:18:49.18;0.00:00:55:558;-1.00;0.00;0.00;0.07214;-0.07217;-0.0002555;-0.0001491;-89.90;-0.06;100.04;0.21;100.04;0.07214;0.07217;-2.785E-05;-11.418;-11.416;-99.990;0.00;-149.74;
2025-11-03 15:18:49.23;0.00:00:55:603;-1.00;0.00;0.00;0.07204;-0.07206;-0.0002621;-0.00015;-89.90;-0.06;100.04;0.21;100.04;0.07204;0.07206;-2.824E-05;-11.425;-11.423;-99.990;0.00;-150.22;
2025-11-03 15:18:49.28;0.00:00:55:651;-1.00;0.00;0.00;0.07208;-0.07211;-0.0002641;-0.0001388;-89.90;-0.06;100.04;0.19;100.04;0.07208;0.07211;-2.559E-05;-11.422;-11.420;-99.990;0.00;-152.27;
2025-11-03 15:18:49.32;0.00:00:55:699;-1.00;0.00;0.00;0.07219;-0.07222;-0.0002505;-0.0001548;-89.90;-0.06;100.04;0.21;100.04;0.07219;0.07222;-2.787E-05;-11.415;-11.414;-99.990;0.00;-148.29;
2025-11-03 15:18:49.38;0.00:00:55:759;-1.00;0.00;0.00;0.07225;-0.07228;-0.000262;-0.0001499;-89.90;-0.06;100.03;0.21;100.03;0.07225;0.07228;-2.478E-05;-11.412;-11.410;-99.990;0.00;-150.22;
2025-11-03 15:18:49.43;0.00:00:55:808;-1.00;0.00;0.00;0.07224;-0.07226;-0.0002658;-0.0001452;-89.89;-0.06;100.03;0.20;100.03;0.07224;0.07226;-2.42E-05;-11.412;-11.411;-99.990;0.00;-151.35;
2025-11-03 15:18:49.48;0.00:00:55:854;-1.00;0.00;0.00;0.07235;-0.07238;-0.0002412;-0.0001474;-89.90;-0.06;100.04;0.20;100.04;0.07235;0.07238;-2.966E-05;-11.406;-11.404;-99.990;0.00;-148.57;
2025-11-03 15:18:49.53;0.00:00:55:902;-1.00;0.00;0.00;0.07208;-0.07211;-0.0002552;-0.0001534;-89.90;-0.06;100.04;0.21;100.04;0.07208;0.07211;-2.725E-05;-11.422;-11.420;-99.990;0.00;-148.99;
2025-11-03 15:18:49.59;0.00:00:55:963;-1.00;0.00;0.00;0.07213;-0.07215;-0.0002607;-0.0001533;-89.90;-0.06;100.04;0.21;100.04;0.07213;0.07215;-2.791E-05;-11.419;-11.417;-99.990;0.00;-149.53;
2025-11-03 15:18:49.63;0.00:00:56:010;-1.00;0.00;0.00;0.07216;-0.07218;-0.000264;-0.0001442;-89.90;-0.06;100.03;0.20;100.03;0.07216;0.07218;-2.41E-05;-11.417;-11.416;-99.990;0.00;-151.35;
2025-11-03 15:18:49.68;0.00:00:56:057;-1.00;0.00;0.00;0.07215;-0.07218;-0.0002629;-0.0001463;-89.90;-0.06;100.04;0.20;100.04;0.07215;0.07218;-2.713E-05;-11.418;-11.416;-99.990;0.00;-150.91;
2025-11-03 15:18:49.73;0.00:00:56:105;-1.00;0.00;0.00;0.07229;-0.07231;-0.000243;-0.000153;-89.90;-0.06;100.03;0.21;100.03;0.07229;0.07232;-2.306E-05;-11.409;-11.408;-99.990;0.00;-147.80;
2025-11-03 15:18:49.77;0.00:00:56:151;-1.00;0.00;0.00;0.07228;-0.0723;-0.0002716;-0.0001451;-89.89;-0.06;100.03;0.20;100.03;0.07228;0.0723;-2.313E-05;-11.410;-11.408;-99.990;0.00;-151.89;
2025-11-03 15:18:49.82;0.00:00:56:198;-1.00;0.00;0.00;0.07224;-0.07227;-0.0002705;-0.0001417;-89.89;-0.06;100.04;0.20;100.04;0.07224;0.07227;-2.55E-05;-11.412;-11.410;-99.990;0.00;-152.35;
2025-11-03 15:18:49.87;0.00:00:56:244;-1.00;0.00;0.00;0.07217;-0.07219;-0.0002647;-0.0001515;-89.89;-0.06;100.03;0.21;100.03;0.07217;0.07219;-2.194E-05;-11.416;-11.415;-99.990;0.00;-150.21;
2025-11-03 15:18:49.91;0.00:00:56:289;-1.00;0.00;0.00;0.0722;-0.07223;-0.0002518;-0.0001514;-89.90;-0.06;100.04;0.21;100.04;0.0722;0.07223;-2.888E-05;-11.415;-11.413;-99.990;0.00;-148.99;
2025-11-03 15:18:49.96;0.00:00:56:338;-1.00;0.00;0.00;0.07234;-0.07236;-0.0002743;-0.000153;-89.89;-0.06;100.03;0.21;100.03;0.07234;0.07236;-1.989E-05;-11.406;-11.405;-99.990;0.00;-150.84;
2025-11-03 15:18:50.01;0.00:00:56:383;-1.00;0.00;0.00;0.07222;-0.07224;-0.0002741;-0.0001386;-89.89;-0.05;100.03;0.19;100.03;0.07222;0.07224;-2.203E-05;-11.414;-11.412;-99.990;0.00;-153.19;
2025-11-03 15:18:50.06;0.00:00:56:432;-1.00;0.00;0.00;0.07218;-0.07221;-0.0002552;-0.0001513;-89.90;-0.06;100.04;0.21;100.04;0.07218;0.07221;-2.851E-05;-11.416;-11.414;-99.990;0.00;-149.34;
2025-11-03 15:18:50.10;0.00:00:56:479;-1.00;0.00;0.00;0.07211;-0.07214;-0.000257;-0.0001426;-89.90;-0.06;100.03;0.20;100.03;0.07211;0.07214;-2.416E-05;-11.420;-11.418;-99.990;0.00;-150.97;
2025-11-03 15:18:50.15;0.00:00:56:526;-1.00;0.00;0.00;0.07213;-0.07215;-0.0002575;-0.000141;-89.90;-0.06;100.04;0.20;100.04;0.07213;0.07215;-2.712E-05;-11.419;-11.417;-99.990;0.00;-151.30;
2025-11-03 15:18:50.20;0.00:00:56:573;-1.00;0.00;0.00;0.07222;-0.07224;-0.000265;-0.0001426;-89.89;-0.06;100.04;0.20;100.04;0.07222;0.07224;-2.556E-05;-11.414;-11.412;-99.990;0.00;-151.72;
2025-11-03 15:18:50.24;0.00:00:56:619;-1.00;0.00;0.00;0.07218;-0.0722;-0.0002654;-0.0001462;-89.89;-0.06;100.03;0.20;100.03;0.07218;0.0722;-2.115E-05;-11.416;-11.415;-99.990;0.00;-151.16;
2025-11-03 15:18:50.29;0.00:00:56:667;-1.00;0.00;0.00;0.07229;-0.07231;-0.0002764;-0.0001421;-89.89;-0.06;100.03;0.20;100.03;0.07229;0.07231;-2.328E-05;-11.409;-11.408;-99.990;0.00;-152.80;
2025-11-03 15:18:50.34;0.00:00:56:714;-1.00;0.00;0.00;0.07218;-0.0722;-0.0002694;-0.0001426;-89.89;-0.06;100.03;0.20;100.03;0.07218;0.0722;-2.028E-05;-11.416;-11.414;-99.990;0.00;-152.10;
2025-11-03 15:18:50.38;0.00:00:56:760;-1.00;0.00;0.00;0.07214;-0.07217;-0.0002619;-0.0001481;-89.90;-0.06;100.04;0.21;100.04;0.07214;0.07217;-2.713E-05;-11.418;-11.417;-99.990;0.00;-150.51;
2025-11-03 15:18:50.43;0.00:00:56:808;-1.00;0.00;0.00;0.07224;-0.07226;-0.0002655;-0.0001405;-89.89;-0.06;100.03;0.19;100.03;0.07224;0.07227;-2.297E-05;-11.412;-11.411;-99.990;0.00;-152.12;
2025-11-03 15:18:50.48;0.00:00:56:856;-1.00;0.00;0.00;0.07218;-0.07221;-0.0002609;-0.0001499;-89.90;-0.06;100.03;0.21;100.03;0.07218;0.07221;-2.238E-05;-11.416;-11.414;-99.990;0.00;-150.12;
2025-11-03 15:18:50.53;0.00:00:56:902;-1.00;0.00;0.00;0.07217;-0.07219;-0.0002698;-0.0001497;-89.89;-0.06;100.04;0.21;100.04;0.07217;0.0722;-2.598E-05;-11.416;-11.415;-99.990;0.00;-150.97;
2025-11-03 15:18:50.58;0.00:00:56:955;-1.00;0.00;0.00;0.07218;-0.07221;-0.000263;-0.0001497;-89.90;-0.06;100.04;0.21;100.04;0.07218;0.07221;-2.635E-05;-11.416;-11.414;-99.990;0.00;-150.35;
2025-11-03 15:18:50.63;0.00:00:57:005;-1.00;0.00;0.00;0.07208;-0.0721;-0.0002749;-0.0001479;-89.89;-0.06;100.04;0.21;100.03;0.07208;0.0721;-2.53E-05;-11.422;-11.420;-99.990;0.00;-151.72;
2025-11-03 15:18:50.68;0.00:00:57:059;-1.00;0.00;0.00;0.07199;-0.07201;-0.0002695;-0.0001456;-89.89;-0.06;100.03;0.20;100.03;0.07199;0.07201;-2.124E-05;-11.427;-11.426;-99.990;0.00;-151.61;
2025-11-03 15:18:50.73;0.00:00:57:108;-1.00;0.00;0.00;0.07205;-0.07208;-0.0002639;-0.0001429;-89.90;-0.06;100.04;0.20;100.04;0.07205;0.07208;-2.659E-05;-11.424;-11.422;-99.990;0.00;-151.57;
2025-11-03 15:18:50.79;0.00:00:57:162;-1.00;0.00;0.00;0.07207;-0.0721;-0.0002618;-0.0001455;-89.90;-0.06;100.04;0.20;100.04;0.07207;0.0721;-2.587E-05;-11.422;-11.421;-99.990;0.00;-150.93;
2025-11-03 15:18:50.85;0.00:00:57:222;-1.00;0.00;0.00;0.07219;-0.07221;-0.0002503;-0.0001371;-89.90;-0.05;100.04;0.19;100.04;0.07219;0.07221;-2.628E-05;-11.416;-11.414;-99.990;0.00;-151.29;
2025-11-03 15:18:50.90;0.00:00:57:272;-1.00;0.00;0.00;0.07222;-0.07225;-0.0002685;-0.0001416;-89.89;-0.06;100.03;0.20;100.03;0.07222;0.07225;-2.318E-05;-11.413;-11.412;-99.990;0.00;-152.20;
2025-11-03 15:18:50.96;0.00:00:57:332;-1.00;0.00;0.00;0.07206;-0.07209;-0.0002633;-0.0001446;-89.90;-0.06;100.03;0.20;100.03;0.07206;0.07209;-2.486E-05;-11.423;-11.421;-99.990;0.00;-151.22;
2025-11-03 15:18:51.01;0.00:00:57:387;-1.00;0.00;0.00;0.07206;-0.07208;-0.0002701;-0.0001468;-89.89;-0.06;100.03;0.20;100.03;0.07206;0.07208;-2.428E-05;-11.423;-11.422;-99.990;0.00;-151.47;
2025-11-03 15:18:51.06;0.00:00:57:435;-1.00;0.00;0.00;0.07201;-0.07204;-0.000247;-0.0001505;-89.90;-0.06;100.04;0.21;100.04;0.07201;0.07204;-2.657E-05;-11.426;-11.424;-99.990;0.00;-148.65;
2025-11-03 15:18:51.11;0.00:00:57:487;-1.00;0.00;0.00;0.07206;-0.07209;-0.0002717;-0.000151;-89.89;-0.06;100.04;0.21;100.04;0.07206;0.07209;-2.681E-05;-11.423;-11.422;-99.990;0.00;-150.93;
2025-11-03 15:18:51.16;0.00:00:57:534;-1.00;0.00;0.00;0.07201;-0.07204;-0.0002487;-0.0001486;-89.90;-0.06;100.04;0.21;100.04;0.07201;0.07204;-2.657E-05;-11.426;-11.424;-99.990;0.00;-149.14;
2025-11-03 15:18:51.22;0.00:00:57:597;-1.00;0.00;0.00;0.07215;-0.07218;-0.0002411;-0.00015;-89.90;-0.06;100.04;0.21;100.04;0.07215;0.07218;-2.799E-05;-11.418;-11.416;-99.990;0.00;-148.11;
2025-11-03 15:18:51.27;0.00:00:57:646;-1.00;0.00;0.00;0.07223;-0.07225;-0.0002542;-0.0001537;-89.90;-0.06;100.03;0.21;100.03;0.07223;0.07225;-2.514E-05;-11.413;-11.411;-99.990;0.00;-148.84;
2025-11-03 15:18:51.32;0.00:00:57:699;-1.00;0.00;0.00;0.0723;-0.07233;-0.0002542;-0.000148;-89.90;-0.06;100.04;0.20;100.04;0.0723;0.07233;-2.711E-05;-11.409;-11.407;-99.990;0.00;-149.80;
2025-11-03 15:18:51.38;0.00:00:57:752;-1.00;0.00;0.00;0.0722;-0.07223;-0.0002797;-0.0001447;-89.89;-0.06;100.03;0.20;100.03;0.0722;0.07223;-2.477E-05;-11.415;-11.413;-99.990;0.00;-152.65;
2025-11-03 15:18:51.43;0.00:00:57:802;-1.00;0.00;0.00;0.07219;-0.07222;-0.0002527;-0.000138;-89.90;-0.05;100.04;0.19;100.04;0.07219;0.07222;-2.548E-05;-11.415;-11.414;-99.990;0.00;-151.36;
2025-11-03 15:18:51.49;0.00:00:57:861;-1.00;0.00;0.00;0.07215;-0.07218;-0.0002613;-0.0001578;-89.90;-0.06;100.04;0.22;100.04;0.07215;0.07218;-2.713E-05;-11.417;-11.416;-99.990;0.00;-148.87;
2025-11-03 15:18:51.55;0.00:00:57:925;-1.00;0.00;0.00;0.07241;-0.07243;-0.0002633;-0.000137;-89.90;-0.05;100.03;0.19;100.03;0.07241;0.07243;-2.274E-05;-11.402;-11.401;-99.990;0.00;-152.50;
2025-11-03 15:18:51.60;0.00:00:57:975;-1.00;0.00;0.00;0.07221;-0.07223;-0.0002721;-0.0001464;-89.89;-0.06;100.03;0.20;100.03;0.07221;0.07224;-2.477E-05;-11.414;-11.412;-99.990;0.00;-151.73;
2025-11-03 15:18:51.65;0.00:00:58:022;-1.00;0.00;0.00;0.07221;-0.07224;-0.0002643;-0.0001447;-89.90;-0.06;100.03;0.20;100.03;0.07221;0.07224;-2.419E-05;-11.414;-11.412;-99.990;0.00;-151.29;
2025-11-03 15:18:51.69;0.00:00:58:066;-1.00;0.00;0.00;0.07236;-0.07239;-0.0002603;-0.0001561;-89.90;-0.06;100.04;0.22;100.04;0.07236;0.07239;-2.605E-05;-11.405;-11.403;-99.990;0.00;-149.05;
2025-11-03 15:18:51.75;0.00:00:58:126;-1.00;0.00;0.00;0.07239;-0.07241;-0.0002723;-0.0001458;-89.89;-0.06;100.03;0.20;100.03;0.07239;0.07241;-2.512E-05;-11.403;-11.402;-99.990;0.00;-151.83;
2025-11-03 15:18:51.80;0.00:00:58:175;-1.00;0.00;0.00;0.07226;-0.07228;-0.0002545;-0.0001413;-89.90;-0.06;100.04;0.20;100.03;0.07226;0.07228;-2.536E-05;-11.411;-11.410;-99.990;0.00;-150.97;
2025-11-03 15:18:51.85;0.00:00:58:229;-1.00;0.00;0.00;0.07221;-0.07224;-0.0002698;-0.0001408;-89.89;-0.06;100.03;0.19;100.03;0.07221;0.07224;-2.491E-05;-11.414;-11.412;-99.990;0.00;-152.44;
2025-11-03 15:18:51.90;0.00:00:58:278;-1.00;0.00;0.00;0.07206;-0.07209;-0.0002678;-0.0001467;-89.89;-0.06;100.03;0.20;100.03;0.07206;0.07209;-2.4E-05;-11.423;-11.421;-99.990;0.00;-151.28;
2025-11-03 15:18:51.95;0.00:00:58:330;-1.00;0.00;0.00;0.07205;-0.07208;-0.0002582;-0.0001534;-89.90;-0.06;100.04;0.21;100.04;0.07205;0.07208;-2.558E-05;-11.424;-11.422;-99.990;0.00;-149.28;
2025-11-03 15:18:52.02;0.00:00:58:394;-1.00;0.00;0.00;0.07216;-0.07218;-0.0002559;-0.0001527;-89.90;-0.06;100.03;0.21;100.03;0.07216;0.07218;-2.446E-05;-11.417;-11.416;-99.990;0.00;-149.17;
2025-11-03 15:18:52.07;0.00:00:58:443;-1.00;0.00;0.00;0.07207;-0.07209;-0.0002646;-0.0001524;-89.89;-0.06;100.04;0.21;100.04;0.07207;0.07209;-2.616E-05;-11.423;-11.421;-99.990;0.00;-150.06;
2025-11-03 15:18:52.12;0.00:00:58:495;-1.00;0.00;0.00;0.0721;-0.07213;-0.0002673;-0.0001507;-89.89;-0.06;100.03;0.21;100.03;0.0721;0.07213;-2.394E-05;-11.421;-11.419;-99.990;0.00;-150.60;
2025-11-03 15:18:52.16;0.00:00:58:540;-1.00;0.00;0.00;0.0723;-0.07232;-0.0002429;-0.0001535;-89.90;-0.06;100.04;0.21;100.04;0.0723;0.07232;-2.718E-05;-11.409;-11.407;-99.990;0.00;-147.71;
2025-11-03 15:18:52.22;0.00:00:58:595;-1.00;0.00;0.00;0.07222;-0.07223;-0.0002939;-0.0001395;-89.88;-0.06;100.02;0.19;100.02;0.07222;0.07224;-1.784E-05;-11.414;-11.413;-99.990;0.00;-154.61;
2025-11-03 15:18:52.27;0.00:00:58:647;-1.00;0.00;0.00;0.072;-0.07202;-0.0002585;-0.0001568;-89.90;-0.06;100.03;0.22;100.03;0.072;0.07202;-2.325E-05;-11.427;-11.426;-99.990;0.00;-148.76;
2025-11-03 15:18:52.33;0.00:00:58:708;-1.00;0.00;0.00;0.07213;-0.07215;-0.00027;-0.0001437;-89.89;-0.06;100.03;0.20;100.03;0.07213;0.07215;-2.488E-05;-11.419;-11.418;-99.990;0.00;-151.98;
2025-11-03 15:18:52.38;0.00:00:58:759;-1.00;0.00;0.00;0.07209;-0.07211;-0.0002635;-0.0001499;-89.90;-0.06;100.03;0.21;100.03;0.07209;0.07211;-2.444E-05;-11.422;-11.420;-99.990;0.00;-150.36;
2025-11-03 15:18:52.43;0.00:00:58:808;-1.00;0.00;0.00;0.07224;-0.07226;-0.0002658;-0.000158;-89.89;-0.06;100.04;0.22;100.04;0.07224;0.07226;-2.767E-05;-11.412;-11.411;-99.990;0.00;-149.27;
2025-11-03 15:18:52.48;0.00:00:58:859;-1.00;0.00;0.00;0.07232;-0.07234;-0.0002564;-0.0001522;-89.90;-0.06;100.04;0.21;100.03;0.07232;0.07234;-2.538E-05;-11.408;-11.406;-99.990;0.00;-149.32;
2025-11-03 15:18:52.54;0.00:00:58:916;-1.00;0.00;0.00;0.07219;-0.07221;-0.0002659;-0.0001527;-89.89;-0.06;100.04;0.21;100.03;0.07219;0.07221;-2.541E-05;-11.415;-11.414;-99.990;0.00;-150.14;
2025-11-03 15:18:52.59;0.00:00:58:965;-1.00;0.00;0.00;0.0722;-0.07222;-0.0002629;-0.0001477;-89.90;-0.06;100.03;0.20;100.03;0.0722;0.07222;-2.354E-05;-11.415;-11.413;-99.990;0.00;-150.68;
2025-11-03 15:18:52.63;0.00:00:59:011;-1.00;0.00;0.00;0.07215;-0.07217;-0.0002771;-0.0001429;-89.89;-0.06;100.03;0.20;100.03;0.07215;0.07218;-2.395E-05;-11.418;-11.416;-99.990;0.00;-152.71;
2025-11-03 15:18:52.68;0.00:00:59:057;-1.00;0.00;0.00;0.07209;-0.07212;-0.0002734;-0.0001486;-89.89;-0.06;100.04;0.21;100.04;0.07209;0.07212;-2.97E-05;-11.421;-11.419;-99.990;0.00;-151.48;
2025-11-03 15:18:52.73;0.00:00:59:104;-1.00;0.00;0.00;0.07213;-0.07216;-0.0002536;-0.0001501;-89.90;-0.06;100.04;0.21;100.03;0.07213;0.07216;-2.532E-05;-11.419;-11.417;-99.990;0.00;-149.38;
2025-11-03 15:18:52.77;0.00:00:59:150;-1.00;0.00;0.00;0.0722;-0.07223;-0.0002712;-0.0001478;-89.89;-0.06;100.03;0.20;100.03;0.0722;0.07223;-2.383E-05;-11.414;-11.413;-99.990;0.00;-151.40;
2025-11-03 15:18:52.82;0.00:00:59:198;-1.00;0.00;0.00;0.07213;-0.07215;-0.000256;-0.0001472;-89.90;-0.06;100.04;0.20;100.04;0.07213;0.07215;-2.633E-05;-11.419;-11.417;-99.990;0.00;-150.11;
2025-11-03 15:18:52.87;0.00:00:59:244;-1.00;0.00;0.00;0.07219;-0.07222;-0.0002531;-0.0001484;-89.90;-0.06;100.04;0.21;100.04;0.07219;0.07222;-2.794E-05;-11.415;-11.414;-99.990;0.00;-149.61;
2025-11-03 15:18:52.92;0.00:00:59:291;-1.00;0.00;0.00;0.07229;-0.07231;-0.0002656;-0.0001414;-89.89;-0.06;100.03;0.20;100.03;0.07229;0.07231;-2.313E-05;-11.409;-11.408;-99.990;0.00;-151.97;
2025-11-03 15:18:52.96;0.00:00:59:338;-1.00;0.00;0.00;0.07223;-0.07225;-0.0002742;-0.0001449;-89.89;-0.06;100.03;0.20;100.03;0.07223;0.07225;-2.47E-05;-11.413;-11.412;-99.990;0.00;-152.15;
2025-11-03 15:18:53.01;0.00:00:59:384;-1.00;0.00;0.00;0.07218;-0.07221;-0.0002801;-0.0001399;-89.89;-0.06;100.03;0.19;100.03;0.07218;0.07221;-2.498E-05;-11.416;-11.414;-99.990;0.00;-153.46;
2025-11-03 15:18:53.06;0.00:00:59:431;-1.00;0.00;0.00;0.07206;-0.07208;-0.0002636;-0.0001442;-89.90;-0.06;100.04;0.20;100.04;0.07206;0.07208;-2.673E-05;-11.423;-11.422;-99.990;0.00;-151.31;
2025-11-03 15:18:53.10;0.00:00:59:480;-1.00;0.00;0.00;0.07203;-0.07205;-0.000269;-0.0001471;-89.89;-0.06;100.04;0.20;100.04;0.07203;0.07205;-2.557E-05;-11.425;-11.423;-99.990;0.00;-151.32;
2025-11-03 15:18:53.15;0.00:00:59:525;-1.00;0.00;0.00;0.07205;-0.07207;-0.0002628;-0.000151;-89.90;-0.06;100.03;0.21;100.03;0.07205;0.07207;-2.45E-05;-11.424;-11.422;-99.990;0.00;-150.13;
2025-11-03 15:18:53.20;0.00:00:59:572;-1.00;0.00;0.00;0.07195;-0.07198;-0.0002622;-0.0001476;-89.90;-0.06;100.04;0.21;100.04;0.07195;0.07198;-2.669E-05;-11.430;-11.428;-99.990;0.00;-150.63;
2025-11-03 15:18:53.24;0.00:00:59:619;-1.00;0.00;0.00;0.07199;-0.07201;-0.0002652;-0.000151;-89.89;-0.06;100.03;0.21;100.03;0.07199;0.07201;-2.455E-05;-11.427;-11.426;-99.990;0.00;-150.33;
2025-11-03 15:18:53.29;0.00:00:59:666;-1.00;0.00;0.00;0.07194;-0.07197;-0.0002393;-0.000148;-89.90;-0.06;100.04;0.21;100.04;0.07194;0.07197;-2.82E-05;-11.430;-11.429;-99.990;0.00;-148.27;
2025-11-03 15:18:53.34;0.00:00:59:714;-1.00;0.00;0.00;0.07204;-0.07206;-0.0002629;-0.000145;-89.90;-0.06;100.04;0.20;100.04;0.07204;0.07206;-2.543E-05;-11.424;-11.423;-99.990;0.00;-151.12;
2025-11-03 15:18:53.38;0.00:00:59:760;-1.00;0.00;0.00;0.07196;-0.07198;-0.000273;-0.0001434;-89.89;-0.06;100.03;0.20;100.03;0.07196;0.07199;-2.224E-05;-11.429;-11.428;-99.990;0.00;-152.30;
2025-11-03 15:18:53.43;0.00:00:59:807;-1.00;0.00;0.00;0.07183;-0.07186;-0.0002589;-0.0001512;-89.90;-0.06;100.04;0.21;100.04;0.07183;0.07186;-2.6E-05;-11.437;-11.435;-99.990;0.00;-149.71;
2025-11-03 15:18:53.48;0.00:00:59:854;-1.00;0.00;0.00;0.07191;-0.07194;-0.000273;-0.0001483;-89.89;-0.06;100.04;0.21;100.04;0.07191;0.07194;-2.747E-05;-11.432;-11.431;-99.990;0.00;-151.49;
2025-11-03 15:18:53.52;0.00:00:59:901;-1.00;0.00;0.00;0.07186;-0.07188;-0.0002554;-0.0001469;-89.90;-0.06;100.03;0.20;100.03;0.07186;0.07189;-2.228E-05;-11.435;-11.434;-99.990;0.00;-150.10;
2025-11-03 15:18:53.57;0.00:00:59:949;-1.00;0.00;0.00;0.07186;-0.07189;-0.0002688;-0.0001535;-89.89;-0.06;100.03;0.21;100.03;0.07186;0.07189;-2.407E-05;-11.435;-11.433;-99.990;0.00;-150.27;
2025-11-03 15:18:53.62;0.00:00:59:997;-1.00;0.00;0.00;0.07184;-0.07186;-0.0002776;-0.0001403;-89.89;-0.06;100.03;0.20;100.03;0.07184;0.07186;-1.961E-05;-11.436;-11.435;-99.990;0.00;-153.18;
