Device : ;PAX1000IR1
Serial Number : ;M00974113
Firmware Version : ;1.0.13
Software Version : ;1.4.2002.183
Wavelength [nm] : ;780
Basic Sample Rate [Hz] : ;60
Operating Mode : ;1 revolution for one measurement, 1024 points for FFT

Time[date hh:mm:ss] ; Elapsed Time [hh:mm:ss:ms]; Normalized s 1 ; Normalized s 2 ; Normalized s 3 ; S 0 [mW]; S 1 [mW]; S 2 [mW]; S 3 [mW]; Azimuth[°] ; Ellipticity[°] ; DOP[%] ; DOCP[%] ; DOLP[%] ; Power[mW] ; Pol Power[mW] ; Unpol Power[mW] ; Power[dBm] ; Pol Power[dBm] ; Unpol Power[dBm] ; Power-Split-Ratio ; Phase Difference[°] ; Warning
2025-11-03 15:34:12.13;0.00:00:00:068;-1.00;0.00;0.00;0.07195;-0.07198;-0.000273;0.0001385;-89.89;0.06;100.05;0.19;100.05;0.07195;0.07198;-3.446E-05;-11.430;-11.428;-99.990;0.00;153.10;
2025-11-03 15:34:12.18;0.00:00:00:119;-1.00;0.00;0.00;0.0722;-0.07223;-0.0002949;0.0001461;-89.88;0.06;100.04;0.20;100.04;0.0722;0.07223;-3.018E-05;-11.414;-11.413;-99.990;0.00;153.65;
2025-11-03 15:34:12.24;0.00:00:00:179;-1.00;0.00;0.00;0.07199;-0.07202;-0.0002866;0.0001383;-89.89;0.06;100.04;0.19;100.04;0.07199;0.07202;-3.153E-05;-11.427;-11.425;-99.990;0.00;154.23;
2025-11-03 15:34:12.29;0.00:00:00:226;-1.00;0.00;0.00;0.07201;-0.07204;-0.0002793;0.0001356;-89.89;0.05;100.05;0.19;100.05;0.07201;0.07204;-3.341E-05;-11.426;-11.424;-99.990;0.00;154.11;
2025-11-03 15:34:12.33;0.00:00:00:273;-1.00;0.00;0.00;0.07212;-0.07215;-0.0002808;0.0001429;-89.89;0.06;100.05;0.20;100.04;0.07212;0.07215;-3.26E-05;-11.420;-11.418;-99.990;0.00;153.03;
2025-11-03 15:34:12.38;0.00:00:00:319;-1.00;0.00;0.00;0.0721;-0.07213;-0.0002856;0.0001372;-89.89;0.05;100.04;0.19;100.04;0.0721;0.07213;-3.021E-05;-11.420;-11.419;-99.990;0.00;154.34;
2025-11-03 15:34:12.42;0.00:00:00:365;-1.00;0.00;0.00;0.07204;-0.07207;-0.0002898;0.0001361;-89.88;0.05;100.04;0.19;100.04;0.07204;0.07207;-3.033E-05;-11.424;-11.422;-99.990;0.00;154.84;
2025-11-03 15:34:12.47;0.00:00:00:413;-1.00;0.00;0.00;0.07203;-0.07206;-0.0002825;0.0001358;-89.89;0.05;100.04;0.19;100.04;0.07203;0.07206;-3.04E-05;-11.425;-11.423;-99.990;0.00;154.33;
2025-11-03 15:34:12.52;0.00:00:00:460;-1.00;0.00;0.00;0.07201;-0.07204;-0.0002981;0.0001428;-89.88;0.06;100.04;0.20;100.04;0.07201;0.07204;-3.183E-05;-11.426;-11.424;-99.990;0.00;154.41;
2025-11-03 15:34:12.57;0.00:00:00:507;-1.00;0.00;0.00;0.07207;-0.0721;-0.0002792;0.0001335;-89.89;0.05;100.05;0.19;100.05;0.07207;0.0721;-3.445E-05;-11.422;-11.420;-99.990;0.00;154.45;
2025-11-03 15:34:12.61;0.00:00:00:552;-1.00;0.00;0.00;0.0721;-0.07213;-0.0002961;0.0001348;-89.88;0.05;100.04;0.19;100.04;0.0721;0.07213;-3.05E-05;-11.421;-11.419;-99.990;0.00;155.52;
2025-11-03 15:34:12.66;0.00:00:00:601;-1.00;0.00;0.00;0.07201;-0.07205;-0.0002833;0.0001362;-89.89;0.05;100.05;0.19;100.05;0.07201;0.07205;-3.5E-05;-11.426;-11.424;-99.990;0.00;154.33;
2025-11-03 15:34:12.71;0.00:00:00:649;-1.00;0.00;0.00;0.07205;-0.07208;-0.0002904;0.0001375;-89.88;0.05;100.05;0.19;100.05;0.07205;0.07208;-3.293E-05;-11.424;-11.422;-99.990;0.00;154.67;
2025-11-03 15:34:12.76;0.00:00:00:697;-1.00;0.00;0.00;0.07224;-0.07227;-0.0002832;0.0001499;-89.89;0.06;100.04;0.21;100.04;0.07224;0.07227;-3.07E-05;-11.412;-11.411;-99.990;0.00;152.11;
2025-11-03 15:34:12.80;0.00:00:00:742;-1.00;0.00;0.00;0.07208;-0.07211;-0.0003054;0.0001404;-89.88;0.06;100.04;0.19;100.04;0.07208;0.07211;-3.049E-05;-11.422;-11.420;-99.990;0.00;155.31;
2025-11-03 15:34:12.85;0.00:00:00:789;-1.00;0.00;0.00;0.07209;-0.07213;-0.0002747;0.0001369;-89.89;0.05;100.05;0.19;100.05;0.07209;0.07213;-3.288E-05;-11.421;-11.419;-99.990;0.00;153.50;
2025-11-03 15:34:12.91;0.00:00:00:851;-1.00;0.00;0.00;0.07197;-0.07201;-0.0002948;0.0001419;-89.88;0.06;100.05;0.20;100.05;0.07197;0.07201;-3.498E-05;-11.428;-11.426;-99.990;0.00;154.29;
2025-11-03 15:34:12.96;0.00:00:00:898;-1.00;0.00;0.00;0.07197;-0.072;-0.0002927;0.0001422;-89.88;0.06;100.05;0.20;100.05;0.07197;0.07201;-3.296E-05;-11.428;-11.426;-99.990;0.00;154.09;
2025-11-03 15:34:13.00;0.00:00:00:944;-1.00;0.00;0.00;0.07192;-0.07195;-0.0002936;0.0001471;-89.88;0.06;100.04;0.20;100.04;0.07192;0.07195;-3.021E-05;-11.431;-11.429;-99.990;0.00;153.39;
2025-11-03 15:34:13.05;0.00:00:00:992;-1.00;0.00;0.00;0.07193;-0.07196;-0.0002818;0.0001363;-89.89;0.05;100.04;0.19;100.04;0.07193;0.07196;-3.064E-05;-11.431;-11.429;-99.990;0.00;154.19;
2025-11-03 15:34:13.10;0.00:00:01:042;-1.00;0.00;0.00;0.07195;-0.07199;-0.000293;0.0001356;-89.88;0.05;100.04;0.19;100.04;0.07195;0.07199;-3.159E-05;-11.429;-11.428;-99.990;0.00;155.16;
2025-11-03 15:34:13.16;0.00:00:01:101;-1.00;0.00;0.00;0.07192;-0.07195;-0.0002978;0.0001355;-89.88;0.05;100.04;0.19;100.04;0.07192;0.07195;-3.057E-05;-11.431;-11.429;-99.990;0.00;155.54;
2025-11-03 15:34:13.21;0.00:00:01:148;-1.00;0.00;0.00;0.07192;-0.07195;-0.000293;0.0001388;-89.88;0.06;100.05;0.19;100.05;0.07192;0.07195;-3.538E-05;-11.432;-11.430;-99.990;0.00;154.66;
2025-11-03 15:34:13.25;0.00:00:01:196;-1.00;0.00;0.00;0.07201;-0.07204;-0.0002849;0.0001377;-89.89;0.05;100.04;0.19;100.04;0.07201;0.07204;-3.154E-05;-11.426;-11.424;-99.990;0.00;154.20;
2025-11-03 15:34:13.30;0.00:00:01:244;-1.00;0.00;0.00;0.07208;-0.07211;-0.0002855;0.0001294;-89.89;0.05;100.05;0.18;100.05;0.07208;0.07211;-3.395E-05;-11.422;-11.420;-99.990;0.00;155.62;
2025-11-03 15:34:13.35;0.00:00:01:291;-1.00;0.00;0.00;0.07214;-0.07217;-0.0002844;0.0001418;-89.89;0.06;100.04;0.20;100.04;0.07214;0.07218;-3.196E-05;-11.418;-11.416;-99.990;0.00;153.50;
2025-11-03 15:34:13.40;0.00:00:01:339;-1.00;0.00;0.00;0.07214;-0.07217;-0.0002951;0.0001454;-89.88;0.06;100.05;0.20;100.05;0.07214;0.07218;-3.319E-05;-11.418;-11.416;-99.990;0.00;153.76;
2025-11-03 15:34:13.44;0.00:00:01:385;-1.00;0.00;0.00;0.07205;-0.07208;-0.0002934;0.0001381;-89.88;0.05;100.04;0.19;100.04;0.07205;0.07208;-3.113E-05;-11.424;-11.422;-99.990;0.00;154.80;
2025-11-03 15:34:13.49;0.00:00:01:434;-1.00;0.00;0.00;0.07209;-0.07212;-0.0002986;0.0001441;-89.88;0.06;100.05;0.20;100.05;0.07209;0.07212;-3.316E-05;-11.421;-11.419;-99.990;0.00;154.25;
2025-11-03 15:34:13.54;0.00:00:01:480;-1.00;0.00;0.00;0.07208;-0.07211;-0.0002886;0.0001306;-89.89;0.05;100.04;0.18;100.04;0.07208;0.07211;-3.179E-05;-11.422;-11.420;-99.990;0.00;155.66;
2025-11-03 15:34:13.59;0.00:00:01:529;-1.00;0.00;0.00;0.07232;-0.07235;-0.0002957;0.0001487;-89.88;0.06;100.04;0.21;100.04;0.07232;0.07236;-3.023E-05;-11.407;-11.405;-99.990;0.00;153.30;
2025-11-03 15:34:13.64;0.00:00:01:576;-1.00;0.00;0.00;0.07215;-0.07218;-0.0003002;0.0001384;-89.88;0.05;100.04;0.19;100.04;0.07215;0.07218;-3.038E-05;-11.418;-11.416;-99.990;0.00;155.25;
2025-11-03 15:34:13.68;0.00:00:01:624;-1.00;0.00;0.00;0.07217;-0.0722;-0.0002788;0.0001332;-89.89;0.05;100.05;0.18;100.05;0.07217;0.07221;-3.399E-05;-11.416;-11.414;-99.990;0.00;154.46;
2025-11-03 15:34:13.73;0.00:00:01:671;-1.00;0.00;0.00;0.07232;-0.07235;-0.0002935;0.0001473;-89.88;0.06;100.04;0.20;100.04;0.07232;0.07235;-3.009E-05;-11.407;-11.405;-99.990;0.00;153.35;
2025-11-03 15:34:13.78;0.00:00:01:717;-1.00;0.00;0.00;0.07216;-0.07219;-0.0003015;0.0001417;-89.88;0.06;100.04;0.20;100.04;0.07216;0.07219;-3.081E-05;-11.417;-11.415;-99.990;0.00;154.83;
2025-11-03 15:34:13.82;0.00:00:01:765;-1.00;0.00;0.00;0.07197;-0.072;-0.0002953;0.0001445;-89.88;0.06;100.04;0.20;100.04;0.07197;0.072;-2.951E-05;-11.428;-11.427;-99.990;0.00;153.92;
2025-11-03 15:34:13.87;0.00:00:01:811;-1.00;0.00;0.00;0.07194;-0.07197;-0.0002854;0.0001255;-89.89;0.05;100.05;0.17;100.05;0.07194;0.07197;-3.468E-05;-11.430;-11.428;-99.990;0.00;156.27;
2025-11-03 15:34:13.92;0.00:00:01:859;-1.00;0.00;0.00;0.0721;-0.07213;-0.0002873;0.0001419;-89.89;0.06;100.04;0.20;100.04;0.0721;0.07214;-3.064E-05;-11.420;-11.419;-99.990;0.00;153.71;
2025-11-03 15:34:13.98;0.00:00:01:919;-1.00;0.00;0.00;0.07207;-0.0721;-0.0002933;0.000137;-89.88;0.05;100.05;0.19;100.05;0.07207;0.0721;-3.394E-05;-11.423;-11.421;-99.990;0.00;154.97;
2025-11-03 15:34:14.03;0.00:00:01:967;-1.00;0.00;0.00;0.07206;-0.07209;-0.0002708;0.0001315;-89.89;0.05;100.04;0.18;100.04;0.07206;0.07209;-3.178E-05;-11.423;-11.421;-99.990;0.00;154.10;
2025-11-03 15:34:14.07;0.00:00:02:015;-1.00;0.00;0.00;0.07216;-0.07219;-0.000292;0.0001387;-89.88;0.06;100.05;0.19;100.05;0.07216;0.07219;-3.514E-05;-11.417;-11.415;-99.990;0.00;154.59;
2025-11-03 15:34:14.12;0.00:00:02:062;-1.00;0.00;0.00;0.07204;-0.07207;-0.0002925;0.0001458;-89.88;0.06;100.04;0.20;100.04;0.07204;0.07207;-3.213E-05;-11.424;-11.422;-99.990;0.00;153.50;
2025-11-03 15:34:14.17;0.00:00:02:110;-1.00;0.00;0.00;0.07199;-0.07203;-0.0002922;0.0001357;-89.88;0.05;100.05;0.19;100.05;0.07199;0.07203;-3.614E-05;-11.427;-11.425;-99.990;0.00;155.08;
2025-11-03 15:34:14.22;0.00:00:02:159;-1.00;0.00;0.00;0.07206;-0.07209;-0.0002783;0.000145;-89.89;0.06;100.05;0.20;100.05;0.07206;0.0721;-3.387E-05;-11.423;-11.421;-99.990;0.00;152.49;
2025-11-03 15:34:14.26;0.00:00:02:205;-1.00;0.00;0.00;0.07208;-0.07212;-0.0002774;0.0001344;-89.89;0.05;100.05;0.19;100.05;0.07208;0.07212;-3.633E-05;-11.422;-11.419;-99.990;0.00;154.15;
2025-11-03 15:34:14.31;0.00:00:02:251;-1.00;0.00;0.00;0.07204;-0.07207;-0.0002944;0.0001401;-89.88;0.06;100.04;0.19;100.04;0.07204;0.07207;-3.098E-05;-11.424;-11.422;-99.990;0.00;154.55;
2025-11-03 15:34:14.36;0.00:00:02:301;-1.00;0.00;0.00;0.07217;-0.07221;-0.000275;0.0001348;-89.89;0.05;100.05;0.19;100.05;0.07217;0.07221;-3.637E-05;-11.416;-11.414;-99.990;0.00;153.89;
2025-11-03 15:34:14.41;0.00:00:02:346;-1.00;0.00;0.00;0.07233;-0.07236;-0.0002727;0.0001336;-89.89;0.05;100.05;0.18;100.05;0.07233;0.07236;-3.414E-05;-11.407;-11.405;-99.990;0.00;153.90;
2025-11-03 15:34:14.45;0.00:00:02:395;-1.00;0.00;0.00;0.07226;-0.07228;-0.0002961;0.0001425;-89.88;0.06;100.04;0.20;100.04;0.07226;0.07229;-2.861E-05;-11.411;-11.409;-99.990;0.00;154.30;
2025-11-03 15:34:14.50;0.00:00:02:442;-1.00;0.00;0.00;0.07221;-0.07224;-0.0003038;0.0001446;-89.88;0.06;100.04;0.20;100.04;0.07221;0.07224;-3.011E-05;-11.414;-11.412;-99.990;0.00;154.54;
2025-11-03 15:34:14.55;0.00:00:02:489;-1.00;0.00;0.00;0.0721;-0.07213;-0.0003053;0.0001399;-89.88;0.06;100.04;0.19;100.04;0.0721;0.07213;-3.108E-05;-11.421;-11.419;-99.990;0.00;155.39;
2025-11-03 15:34:14.60;0.00:00:02:536;-1.00;0.00;0.00;0.07199;-0.07202;-0.0002828;0.0001349;-89.89;0.05;100.05;0.19;100.05;0.07199;0.07202;-3.376E-05;-11.427;-11.425;-99.990;0.00;154.50;
2025-11-03 15:34:14.64;0.00:00:02:584;-1.00;0.00;0.00;0.07207;-0.0721;-0.0002774;0.0001251;-89.89;0.05;100.05;0.17;100.05;0.07207;0.0721;-3.495E-05;-11.423;-11.420;-99.990;0.00;155.72;
2025-11-03 15:34:14.69;0.00:00:02:630;-1.00;0.00;0.00;0.07226;-0.07229;-0.0003002;0.0001459;-89.88;0.06;100.04;0.20;100.04;0.07226;0.07229;-2.984E-05;-11.411;-11.409;-99.990;0.00;154.08;
2025-11-03 15:34:14.74;0.00:00:02:678;-1.00;0.00;0.00;0.07212;-0.07215;-0.000298;0.0001387;-89.88;0.06;100.04;0.19;100.04;0.07212;0.07215;-3.094E-05;-11.419;-11.418;-99.990;0.00;155.05;
2025-11-03 15:34:14.79;0.00:00:02:727;-1.00;0.00;0.00;0.07216;-0.0722;-0.0002656;0.0001287;-89.89;0.05;100.05;0.18;100.05;0.07216;0.0722;-3.37E-05;-11.417;-11.415;-99.990;0.00;154.14;
2025-11-03 15:34:14.83;0.00:00:02:772;-1.00;0.00;0.00;0.07213;-0.07217;-0.0002939;0.000139;-89.88;0.06;100.05;0.19;100.05;0.07213;0.07217;-3.289E-05;-11.419;-11.417;-99.990;0.00;154.68;
2025-11-03 15:34:14.88;0.00:00:02:819;-1.00;0.00;0.00;0.07222;-0.07226;-0.0002859;0.000141;-89.89;0.06;100.04;0.20;100.04;0.07222;0.07226;-3.2E-05;-11.413;-11.411;-99.990;0.00;153.74;
2025-11-03 15:34:14.93;0.00:00:02:867;-1.00;0.00;0.00;0.07215;-0.07218;-0.0002982;0.0001396;-89.88;0.06;100.04;0.19;100.04;0.07215;0.07219;-3.247E-05;-11.417;-11.416;-99.990;0.00;154.91;
2025-11-03 15:34:14.99;0.00:00:02:928;-1.00;0.00;0.00;0.07217;-0.0722;-0.0002824;0.0001366;-89.89;0.05;100.05;0.19;100.05;0.07217;0.0722;-3.378E-05;-11.416;-11.414;-99.990;0.00;154.18;
2025-11-03 15:34:15.03;0.00:00:02:974;-1.00;0.00;0.00;0.07223;-0.07226;-0.0002954;0.0001474;-89.88;0.06;100.04;0.20;100.04;0.07223;0.07226;-3.113E-05;-11.413;-11.411;-99.990;0.00;153.48;
2025-11-03 15:34:15.08;0.00:00:03:021;-1.00;0.00;0.00;0.07212;-0.07214;-0.0003005;0.0001412;-89.88;0.06;100.04;0.20;100.04;0.07212;0.07215;-2.993E-05;-11.420;-11.418;-99.990;0.00;154.82;
2025-11-03 15:34:15.13;0.00:00:03:068;-1.00;0.00;0.00;0.07202;-0.07204;-0.000299;0.0001377;-89.88;0.05;100.04;0.19;100.04;0.07202;0.07205;-3.025E-05;-11.426;-11.424;-99.990;0.00;155.28;
2025-11-03 15:34:15.17;0.00:00:03:114;-1.00;0.00;0.00;0.07193;-0.07196;-0.0003;0.0001365;-89.88;0.05;100.04;0.19;100.04;0.07193;0.07196;-2.942E-05;-11.431;-11.429;-99.990;0.00;155.54;
2025-11-03 15:34:15.22;0.00:00:03:163;-1.00;0.00;0.00;0.07192;-0.07195;-0.0002969;0.0001341;-89.88;0.05;100.04;0.19;100.04;0.07192;0.07195;-3.193E-05;-11.432;-11.430;-99.990;0.00;155.70;
2025-11-03 15:34:15.28;0.00:00:03:224;-1.00;0.00;0.00;0.07194;-0.07197;-0.0002807;0.0001299;-89.89;0.05;100.04;0.18;100.04;0.07194;0.07197;-3.216E-05;-11.430;-11.428;-99.990;0.00;155.17;
2025-11-03 15:34:15.33;0.00:00:03:270;-1.00;0.00;0.00;0.072;-0.07204;-0.0002716;0.000135;-89.89;0.05;100.05;0.19;100.05;0.072;0.07204;-3.406E-05;-11.426;-11.424;-99.990;0.00;153.57;
2025-11-03 15:34:15.38;0.00:00:03:318;-1.00;0.00;0.00;0.07219;-0.07222;-0.0002817;0.0001419;-89.89;0.06;100.04;0.20;100.04;0.07219;0.07222;-3.147E-05;-11.415;-11.414;-99.990;0.00;153.27;
2025-11-03 15:34:15.42;0.00:00:03:363;-1.00;0.00;0.00;0.07217;-0.0722;-0.000287;0.0001342;-89.89;0.05;100.05;0.19;100.05;0.07217;0.0722;-3.276E-05;-11.417;-11.415;-99.990;0.00;154.94;
2025-11-03 15:34:15.47;0.00:00:03:410;-1.00;0.00;0.00;0.07215;-0.07218;-0.0002909;0.000142;-89.88;0.06;100.04;0.20;100.04;0.07215;0.07218;-3.117E-05;-11.418;-11.416;-99.990;0.00;153.99;
2025-11-03 15:34:15.52;0.00:00:03:456;-1.00;0.00;0.00;0.07211;-0.07214;-0.000297;0.000138;-89.88;0.05;100.05;0.19;100.05;0.07211;0.07214;-3.281E-05;-11.420;-11.418;-99.990;0.00;155.08;
2025-11-03 15:34:15.56;0.00:00:03:503;-1.00;0.00;0.00;0.07209;-0.07212;-0.00029;0.0001359;-89.88;0.05;100.05;0.19;100.05;0.07209;0.07212;-3.316E-05;-11.421;-11.419;-99.990;0.00;154.89;
2025-11-03 15:34:15.61;0.00:00:03:550;-1.00;0.00;0.00;0.0721;-0.07213;-0.0002945;0.0001343;-89.88;0.05;100.04;0.19;100.04;0.0721;0.07213;-3.201E-05;-11.421;-11.419;-99.990;0.00;155.49;
2025-11-03 15:34:15.66;0.00:00:03:598;-1.00;0.00;0.00;0.07223;-0.07226;-0.0002798;0.0001399;-89.89;0.06;100.04;0.19;100.04;0.07223;0.07226;-3.113E-05;-11.413;-11.411;-99.990;0.00;153.44;
2025-11-03 15:34:15.70;0.00:00:03:644;-1.00;0.00;0.00;0.07219;-0.07222;-0.0003028;0.000146;-89.88;0.06;100.05;0.20;100.05;0.07219;0.07222;-3.35E-05;-11.415;-11.413;-99.990;0.00;154.25;
2025-11-03 15:34:15.75;0.00:00:03:689;-1.00;0.00;0.00;0.07211;-0.07213;-0.0002906;0.0001467;-89.88;0.06;100.04;0.20;100.04;0.07211;0.07213;-2.949E-05;-11.420;-11.419;-99.990;0.00;153.22;
2025-11-03 15:34:15.80;0.00:00:03:737;-1.00;0.00;0.00;0.0721;-0.07214;-0.0002758;0.0001344;-89.89;0.05;100.05;0.19;100.05;0.0721;0.07214;-3.843E-05;-11.420;-11.418;-99.990;0.00;154.01;
2025-11-03 15:34:15.84;0.00:00:03:784;-1.00;0.00;0.00;0.0722;-0.07223;-0.0002901;0.0001329;-89.88;0.05;100.04;0.18;100.04;0.0722;0.07223;-3.032E-05;-11.415;-11.413;-99.990;0.00;155.38;
2025-11-03 15:34:15.89;0.00:00:03:831;-1.00;0.00;0.00;0.07217;-0.0722;-0.0002946;0.0001337;-89.88;0.05;100.04;0.19;100.04;0.07217;0.0722;-3.204E-05;-11.417;-11.415;-99.990;0.00;155.60;
2025-11-03 15:34:15.94;0.00:00:03:878;-1.00;0.00;0.00;0.07207;-0.0721;-0.0002982;0.0001393;-89.88;0.06;100.04;0.19;100.04;0.07207;0.0721;-3.034E-05;-11.423;-11.421;-99.990;0.00;154.96;
2025-11-03 15:34:15.99;0.00:00:03:927;-1.00;0.00;0.00;0.07207;-0.07211;-0.0002728;0.0001347;-89.89;0.05;100.05;0.19;100.05;0.07207;0.07211;-3.524E-05;-11.422;-11.420;-99.990;0.00;153.72;
2025-11-03 15:34:16.04;0.00:00:03:986;-1.00;0.00;0.00;0.07231;-0.07234;-0.0002945;0.0001434;-89.88;0.06;100.04;0.20;100.04;0.07231;0.07234;-3.03E-05;-11.408;-11.406;-99.990;0.00;154.03;
2025-11-03 15:34:16.09;0.00:00:04:035;-1.00;0.00;0.00;0.07214;-0.07217;-0.0002858;0.0001409;-89.89;0.06;100.04;0.20;100.04;0.07214;0.07217;-3.203E-05;-11.418;-11.417;-99.990;0.00;153.75;
2025-11-03 15:34:16.14;0.00:00:04:081;-1.00;0.00;0.00;0.07223;-0.07227;-0.000276;0.0001311;-89.89;0.05;100.05;0.18;100.05;0.07223;0.07227;-3.597E-05;-11.413;-11.411;-99.990;0.00;154.59;
2025-11-03 15:34:16.19;0.00:00:04:128;-1.00;0.00;0.00;0.07234;-0.07237;-0.0002974;0.0001388;-89.88;0.05;100.04;0.19;100.04;0.07234;0.07237;-3.176E-05;-11.406;-11.404;-99.990;0.00;154.98;
2025-11-03 15:34:16.23;0.00:00:04:174;-1.00;0.00;0.00;0.07226;-0.0723;-0.0002929;0.000133;-89.88;0.05;100.05;0.18;100.05;0.07226;0.0723;-3.411E-05;-11.411;-11.409;-99.990;0.00;155.58;
2025-11-03 15:34:16.28;0.00:00:04:224;-1.00;0.00;0.00;0.07224;-0.07227;-0.0002938;0.0001314;-89.88;0.05;100.04;0.18;100.04;0.07224;0.07227;-3.186E-05;-11.412;-11.410;-99.990;0.00;155.91;
2025-11-03 15:34:16.33;0.00:00:04:269;-1.00;0.00;0.00;0.07218;-0.07221;-0.000289;0.0001329;-89.89;0.05;100.04;0.18;100.04;0.07218;0.07221;-3.003E-05;-11.416;-11.414;-99.990;0.00;155.31;
2025-11-03 15:34:16.37;0.00:00:04:316;-1.00;0.00;0.00;0.07208;-0.07211;-0.0002968;0.000133;-89.88;0.05;100.04;0.18;100.04;0.07208;0.07211;-2.869E-05;-11.422;-11.420;-99.990;0.00;155.87;
2025-11-03 15:34:16.42;0.00:00:04:363;-1.00;0.00;0.00;0.07208;-0.07211;-0.0002819;0.0001446;-89.89;0.06;100.04;0.20;100.04;0.07208;0.07211;-3.135E-05;-11.422;-11.420;-99.990;0.00;152.84;
2025-11-03 15:34:16.47;0.00:00:04:411;-1.00;0.00;0.00;0.07209;-0.07213;-0.0002831;0.0001281;-89.89;0.05;100.05;0.18;100.05;0.07209;0.07213;-3.36E-05;-11.421;-11.419;-99.990;0.00;155.64;
2025-11-03 15:34:16.51;0.00:00:04:455;-1.00;0.00;0.00;0.07218;-0.07221;-0.0002886;0.0001331;-89.89;0.05;100.04;0.18;100.04;0.07218;0.07221;-3.032E-05;-11.416;-11.414;-99.990;0.00;155.24;
2025-11-03 15:34:16.56;0.00:00:04:500;-1.00;0.00;0.00;0.07218;-0.0722;-0.0003167;0.0001541;-89.87;0.06;100.04;0.21;100.04;0.07218;0.07221;-2.57E-05;-11.416;-11.414;-99.990;0.00;154.05;
2025-11-03 15:34:16.61;0.00:00:04:550;-1.00;0.00;0.00;0.07193;-0.07196;-0.0002971;0.0001384;-89.88;0.06;100.04;0.19;100.04;0.07193;0.07196;-2.611E-05;-11.431;-11.429;-99.990;0.00;155.03;
2025-11-03 15:34:16.66;0.00:00:04:601;-1.00;0.00;0.00;0.07212;-0.07215;-0.0002858;0.0001349;-89.89;0.05;100.04;0.19;100.04;0.07212;0.07215;-3.152E-05;-11.419;-11.417;-99.990;0.00;154.73;
2025-11-03 15:34:16.71;0.00:00:04:652;-1.00;0.00;0.00;0.07206;-0.07209;-0.0003004;0.0001429;-89.88;0.06;100.04;0.20;100.04;0.07206;0.07209;-2.853E-05;-11.423;-11.421;-99.990;0.00;154.56;
2025-11-03 15:34:16.76;0.00:00:04:701;-1.00;0.00;0.00;0.07196;-0.07199;-0.000298;0.0001362;-89.88;0.05;100.04;0.19;100.04;0.07196;0.07199;-3.123E-05;-11.429;-11.427;-99.990;0.00;155.44;
2025-11-03 15:34:16.82;0.00:00:04:756;-1.00;0.00;0.00;0.07199;-0.07202;-0.0002929;0.0001327;-89.88;0.05;100.04;0.18;100.04;0.07199;0.07202;-3.211E-05;-11.427;-11.425;-99.990;0.00;155.62;
2025-11-03 15:34:16.87;0.00:00:04:812;-1.00;0.00;0.00;0.07194;-0.07197;-0.0002984;0.0001392;-89.88;0.06;100.04;0.19;100.04;0.07194;0.07197;-3.065E-05;-11.430;-11.429;-99.990;0.00;155.00;
2025-11-03 15:34:16.92;0.00:00:04:866;-1.00;0.00;0.00;0.07189;-0.07192;-0.0002795;0.0001384;-89.89;0.06;100.04;0.19;100.04;0.07189;0.07192;-3.163E-05;-11.433;-11.431;-99.990;0.00;153.65;
2025-11-03 15:34:16.98;0.00:00:04:918;-1.00;0.00;0.00;0.07201;-0.07204;-0.0002751;0.0001376;-89.89;0.05;100.05;0.19;100.05;0.07201;0.07204;-3.435E-05;-11.426;-11.424;-99.990;0.00;153.42;
2025-11-03 15:34:17.03;0.00:00:04:971;-1.00;0.00;0.00;0.07204;-0.07207;-0.0002862;0.0001379;-89.89;0.05;100.04;0.19;100.04;0.07204;0.07207;-3.227E-05;-11.424;-11.422;-99.990;0.00;154.28;
2025-11-03 15:34:17.08;0.00:00:05:022;-1.00;0.00;0.00;0.07209;-0.07212;-0.0002904;0.0001395;-89.88;0.06;100.04;0.19;100.04;0.07209;0.07212;-3.244E-05;-11.421;-11.419;-99.990;0.00;154.34;
2025-11-03 15:34:17.13;0.00:00:05:072;-1.00;0.00;0.00;0.07212;-0.07215;-0.0002926;0.0001303;-89.88;0.05;100.05;0.18;100.05;0.07212;0.07215;-3.296E-05;-11.419;-11.417;-99.990;0.00;155.99;
2025-11-03 15:34:17.19;0.00:00:05:130;-1.00;0.00;0.00;0.07219;-0.07222;-0.0002797;0.0001424;-89.89;0.06;100.04;0.20;100.04;0.07219;0.07222;-3.126E-05;-11.415;-11.413;-99.990;0.00;153.02;
2025-11-03 15:34:17.25;0.00:00:05:195;-1.00;0.00;0.00;0.07208;-0.07211;-0.0003049;0.0001405;-89.88;0.06;100.04;0.19;100.04;0.07208;0.07211;-2.761E-05;-11.422;-11.420;-99.990;0.00;155.26;
2025-11-03 15:34:17.31;0.00:00:05:248;-1.00;0.00;0.00;0.07204;-0.07207;-0.0002746;0.000132;-89.89;0.05;100.05;0.18;100.05;0.07204;0.07207;-3.487E-05;-11.425;-11.422;-99.990;0.00;154.33;
2025-11-03 15:34:17.36;0.00:00:05:297;-1.00;0.00;0.00;0.07199;-0.07202;-0.0003021;0.0001454;-89.88;0.06;100.04;0.20;100.04;0.07199;0.07202;-2.786E-05;-11.427;-11.426;-99.990;0.00;154.30;
2025-11-03 15:34:17.41;0.00:00:05:355;-1.00;0.00;0.00;0.07198;-0.07201;-0.0002828;0.0001365;-89.89;0.05;100.05;0.19;100.05;0.07198;0.07201;-3.354E-05;-11.428;-11.426;-99.990;0.00;154.23;
2025-11-03 15:34:17.46;0.00:00:05:401;-1.00;0.00;0.00;0.07206;-0.07209;-0.0002847;0.0001423;-89.89;0.06;100.04;0.20;100.04;0.07206;0.07209;-2.897E-05;-11.423;-11.421;-99.990;0.00;153.44;
2025-11-03 15:34:17.52;0.00:00:05:462;-1.00;0.00;0.00;0.07223;-0.07226;-0.0002791;0.0001393;-89.89;0.06;100.05;0.19;100.05;0.07223;0.07226;-3.532E-05;-11.413;-11.411;-99.990;0.00;153.48;
2025-11-03 15:34:17.58;0.00:00:05:522;-1.00;0.00;0.00;0.07233;-0.07237;-0.0002824;0.0001376;-89.89;0.05;100.05;0.19;100.05;0.07233;0.07237;-3.284E-05;-11.407;-11.405;-99.990;0.00;154.03;
2025-11-03 15:34:17.63;0.00:00:05:574;-1.00;0.00;0.00;0.07248;-0.07251;-0.0003086;0.0001423;-89.88;0.06;100.04;0.20;100.04;0.07248;0.07251;-2.979E-05;-11.398;-11.396;-99.990;0.00;155.25;
2025-11-03 15:34:17.68;0.00:00:05:624;-1.00;0.00;0.00;0.07231;-0.07234;-0.0002962;0.0001396;-89.88;0.06;100.04;0.19;100.04;0.07231;0.07234;-3.117E-05;-11.408;-11.406;-99.990;0.00;154.76;
2025-11-03 15:34:17.75;0.00:00:05:687;-1.00;0.00;0.00;0.0722;-0.07223;-0.0002842;0.0001358;-89.89;0.05;100.05;0.19;100.05;0.0722;0.07224;-3.444E-05;-11.415;-11.413;-99.990;0.00;154.46;
2025-11-03 15:34:17.81;0.00:00:05:749;-1.00;0.00;0.00;0.07206;-0.07209;-0.0003034;0.0001472;-89.88;0.06;100.04;0.20;100.04;0.07206;0.07209;-2.868E-05;-11.423;-11.421;-99.990;0.00;154.12;
2025-11-03 15:34:17.86;0.00:00:05:800;-1.00;0.00;0.00;0.07203;-0.07206;-0.0002902;0.0001286;-89.88;0.05;100.04;0.18;100.04;0.07203;0.07206;-3.112E-05;-11.425;-11.423;-99.990;0.00;156.10;
2025-11-03 15:34:17.91;0.00:00:05:856;-1.00;0.00;0.00;0.07209;-0.07212;-0.000282;0.0001418;-89.89;0.06;100.04;0.20;100.04;0.07209;0.07212;-2.992E-05;-11.421;-11.419;-99.990;0.00;153.31;
2025-11-03 15:34:17.97;0.00:00:05:912;-1.00;0.00;0.00;0.07217;-0.07221;-0.0002779;0.0001397;-89.89;0.06;100.05;0.19;100.05;0.07217;0.07221;-3.298E-05;-11.416;-11.414;-99.990;0.00;153.32;
2025-11-03 15:34:18.02;0.00:00:05:963;-1.00;0.00;0.00;0.07216;-0.07219;-0.0002836;0.0001355;-89.89;0.05;100.04;0.19;100.04;0.07216;0.07219;-3.06E-05;-11.417;-11.415;-99.990;0.00;154.47;
2025-11-03 15:34:18.08;0.00:00:06:021;-1.00;0.00;0.00;0.07217;-0.0722;-0.0002955;0.0001374;-89.88;0.05;100.05;0.19;100.05;0.07217;0.0722;-3.32E-05;-11.417;-11.415;-99.990;0.00;155.06;
2025-11-03 15:34:18.13;0.00:00:06:074;-1.00;0.00;0.00;0.07217;-0.07221;-0.0002845;0.0001322;-89.89;0.05;100.05;0.18;100.05;0.07217;0.07221;-3.356E-05;-11.416;-11.414;-99.990;0.00;155.08;
2025-11-03 15:34:18.19;0.00:00:06:132;-1.00;0.00;0.00;0.07224;-0.07227;-0.0002842;0.0001309;-89.89;0.05;100.05;0.18;100.05;0.07224;0.07227;-3.359E-05;-11.412;-11.410;-99.990;0.00;155.26;
2025-11-03 15:34:18.24;0.00:00:06:183;-1.00;0.00;0.00;0.07234;-0.07237;-0.000284;0.0001391;-89.89;0.06;100.04;0.19;100.04;0.07234;0.07237;-3.016E-05;-11.406;-11.405;-99.990;0.00;153.91;
2025-11-03 15:34:18.29;0.00:00:06:234;-1.00;0.00;0.00;0.0723;-0.07233;-0.0002928;0.0001381;-89.88;0.05;100.04;0.19;100.04;0.0723;0.07233;-3.232E-05;-11.409;-11.407;-99.990;0.00;154.75;
2025-11-03 15:34:18.34;0.00:00:06:281;-1.00;0.00;0.00;0.07231;-0.07234;-0.0002913;0.0001378;-89.88;0.05;100.04;0.19;100.04;0.07231;0.07234;-2.994E-05;-11.408;-11.406;-99.990;0.00;154.69;
2025-11-03 15:34:18.39;0.00:00:06:327;-1.00;0.00;0.00;0.07235;-0.07238;-0.0002676;0.0001383;-89.89;0.05;100.04;0.19;100.04;0.07235;0.07238;-3.14E-05;-11.405;-11.404;-99.990;0.00;152.67;
2025-11-03 15:34:18.44;0.00:00:06:377;-1.00;0.00;0.00;0.0723;-0.07233;-0.0003066;0.0001377;-89.88;0.05;100.04;0.19;100.04;0.0723;0.07233;-2.914E-05;-11.409;-11.407;-99.990;0.00;155.81;
2025-11-03 15:34:18.49;0.00:00:06:435;-1.00;0.00;0.00;0.07214;-0.07217;-0.0002965;0.0001356;-89.88;0.05;100.05;0.19;100.05;0.07214;0.07217;-3.362E-05;-11.418;-11.416;-99.990;0.00;155.43;
2025-11-03 15:34:18.54;0.00:00:06:485;-1.00;0.00;0.00;0.07211;-0.07214;-0.0003032;0.00014;-89.88;0.06;100.04;0.19;100.04;0.07211;0.07214;-3.014E-05;-11.420;-11.418;-99.990;0.00;155.22;
2025-11-03 15:34:18.59;0.00:00:06:531;-1.00;0.00;0.00;0.07212;-0.07215;-0.0002796;0.0001339;-89.89;0.05;100.05;0.19;100.05;0.07212;0.07215;-3.274E-05;-11.419;-11.417;-99.990;0.00;154.41;
2025-11-03 15:34:18.64;0.00:00:06:582;-1.00;0.00;0.00;0.07216;-0.07219;-0.0002836;0.0001323;-89.89;0.05;100.05;0.18;100.05;0.07216;0.07219;-3.29E-05;-11.417;-11.415;-99.990;0.00;155.00;
2025-11-03 15:34:18.69;0.00:00:06:634;-1.00;0.00;0.00;0.07218;-0.07222;-0.0002837;0.0001344;-89.89;0.05;100.05;0.19;100.05;0.07218;0.07222;-3.501E-05;-11.416;-11.414;-99.990;0.00;154.66;
2025-11-03 15:34:18.75;0.00:00:06:695;-1.00;0.00;0.00;0.07228;-0.07231;-0.0003006;0.0001422;-89.88;0.06;100.04;0.20;100.04;0.07228;0.07231;-2.891E-05;-11.410;-11.408;-99.990;0.00;154.68;
2025-11-03 15:34:18.80;0.00:00:06:743;-1.00;0.00;0.00;0.07225;-0.07228;-0.0002942;0.000138;-89.88;0.05;100.05;0.19;100.05;0.07225;0.07228;-3.294E-05;-11.412;-11.410;-99.990;0.00;154.86;
2025-11-03 15:34:18.85;0.00:00:06:795;-1.00;0.00;0.00;0.07218;-0.07222;-0.0002984;0.0001359;-89.88;0.05;100.04;0.19;100.04;0.07218;0.07222;-3.169E-05;-11.416;-11.414;-99.990;0.00;155.52;
2025-11-03 15:34:18.91;0.00:00:06:847;-1.00;0.00;0.00;0.07206;-0.07209;-0.0002955;0.0001385;-89.88;0.06;100.04;0.19;100.04;0.07206;0.07209;-2.954E-05;-11.423;-11.421;-99.990;0.00;154.88;
2025-11-03 15:34:18.96;0.00:00:06:906;-1.00;0.00;0.00;0.07188;-0.07191;-0.0003003;0.0001407;-89.88;0.06;100.04;0.20;100.04;0.07188;0.07191;-3.134E-05;-11.434;-11.432;-99.990;0.00;154.90;
2025-11-03 15:34:19.01;0.00:00:06:951;-1.00;0.00;0.00;0.07197;-0.072;-0.0002768;0.0001285;-89.89;0.05;100.05;0.18;100.05;0.07197;0.072;-3.289E-05;-11.429;-11.427;-99.990;0.00;155.10;
2025-11-03 15:34:19.07;0.00:00:07:009;-1.00;0.00;0.00;0.07211;-0.07214;-0.0003071;0.0001387;-89.88;0.06;100.04;0.19;100.04;0.07211;0.07214;-3.065E-05;-11.420;-11.418;-99.990;0.00;155.69;
2025-11-03 15:34:19.12;0.00:00:07:062;-1.00;0.00;0.00;0.07206;-0.07209;-0.0002797;0.0001346;-89.89;0.05;100.04;0.19;100.04;0.07206;0.07209;-3.098E-05;-11.423;-11.421;-99.990;0.00;154.31;
2025-11-03 15:34:19.18;0.00:00:07:122;-1.00;0.00;0.00;0.07215;-0.07218;-0.0002722;0.0001304;-89.89;0.05;100.05;0.18;100.05;0.07215;0.07218;-3.607E-05;-11.418;-11.416;-99.990;0.00;154.39;
2025-11-03 15:34:19.23;0.00:00:07:175;-1.00;0.00;0.00;0.07236;-0.07239;-0.0002664;0.0001364;-89.89;0.05;100.05;0.19;100.05;0.07236;0.07239;-3.589E-05;-11.405;-11.403;-99.990;0.00;152.89;
2025-11-03 15:34:19.28;0.00:00:07:226;-1.00;0.00;0.00;0.07239;-0.07241;-0.0003091;0.000142;-89.88;0.06;100.04;0.20;100.04;0.07239;0.07241;-2.772E-05;-11.403;-11.402;-99.990;0.00;155.32;
2025-11-03 15:34:19.33;0.00:00:07:276;-1.00;0.00;0.00;0.0721;-0.07213;-0.0002925;0.0001456;-89.88;0.06;100.04;0.20;100.04;0.0721;0.07213;-3.237E-05;-11.421;-11.419;-99.990;0.00;153.54;
2025-11-03 15:34:19.39;0.00:00:07:327;-1.00;0.00;0.00;0.07212;-0.07215;-0.0002868;0.0001375;-89.89;0.05;100.04;0.19;100.04;0.07212;0.07215;-3.245E-05;-11.420;-11.418;-99.990;0.00;154.38;
2025-11-03 15:34:19.45;0.00:00:07:389;-1.00;0.00;0.00;0.07199;-0.07202;-0.0003011;0.0001314;-89.88;0.05;100.04;0.18;100.04;0.07199;0.07202;-3.146E-05;-11.427;-11.425;-99.990;0.00;156.42;
2025-11-03 15:34:19.50;0.00:00:07:441;-1.00;0.00;0.00;0.07213;-0.07216;-0.0002972;0.000136;-89.88;0.05;100.04;0.19;100.04;0.07213;0.07216;-3.051E-05;-11.419;-11.417;-99.990;0.00;155.41;
2025-11-03 15:34:19.56;0.00:00:07:500;-1.00;0.00;0.00;0.07224;-0.07227;-0.0002823;0.0001412;-89.89;0.06;100.04;0.20;100.04;0.07224;0.07227;-3.179E-05;-11.412;-11.410;-99.990;0.00;153.43;
2025-11-03 15:34:19.61;0.00:00:07:551;-1.00;0.00;0.00;0.07216;-0.07219;-0.0002845;0.0001353;-89.89;0.05;100.05;0.19;100.05;0.07216;0.07219;-3.406E-05;-11.417;-11.415;-99.990;0.00;154.56;
2025-11-03 15:34:19.66;0.00:00:07:603;-1.00;0.00;0.00;0.07207;-0.0721;-0.0002755;0.000135;-89.89;0.05;100.05;0.19;100.05;0.07207;0.0721;-3.272E-05;-11.422;-11.420;-99.990;0.00;153.90;
2025-11-03 15:34:19.72;0.00:00:07:656;-1.00;0.00;0.00;0.07216;-0.07219;-0.0002962;0.0001403;-89.88;0.06;100.04;0.19;100.04;0.07216;0.07219;-2.98E-05;-11.417;-11.415;-99.990;0.00;154.66;
2025-11-03 15:34:19.76;0.00:00:07:705;-1.00;0.00;0.00;0.07211;-0.07214;-0.0002873;0.0001294;-89.89;0.05;100.04;0.18;100.04;0.07211;0.07214;-3.166E-05;-11.420;-11.418;-99.990;0.00;155.76;
2025-11-03 15:34:19.82;0.00:00:07:758;-1.00;0.00;0.00;0.07219;-0.07223;-0.0002715;0.0001348;-89.89;0.05;100.04;0.19;100.04;0.07219;0.07223;-3.242E-05;-11.415;-11.413;-99.990;0.00;153.59;
2025-11-03 15:34:19.87;0.00:00:07:813;-1.00;0.00;0.00;0.07222;-0.07224;-0.0002909;0.0001378;-89.88;0.05;100.04;0.19;100.04;0.07222;0.07224;-2.918E-05;-11.414;-11.412;-99.990;0.00;154.65;
2025-11-03 15:34:19.92;0.00:00:07:862;-1.00;0.00;0.00;0.07221;-0.07224;-0.0002877;0.0001364;-89.89;0.05;100.04;0.19;100.04;0.07221;0.07224;-3.119E-05;-11.414;-11.412;-99.990;0.00;154.64;
2025-11-03 15:34:19.98;0.00:00:07:920;-1.00;0.00;0.00;0.07199;-0.07202;-0.0002974;0.0001342;-89.88;0.05;100.04;0.19;100.04;0.07199;0.07202;-3.168E-05;-11.427;-11.425;-99.990;0.00;155.71;
2025-11-03 15:34:20.04;0.00:00:07:978;-1.00;0.00;0.00;0.07189;-0.07192;-0.0002898;0.0001354;-89.88;0.05;100.04;0.19;100.04;0.07189;0.07192;-3.178E-05;-11.433;-11.431;-99.990;0.00;154.95;
2025-11-03 15:34:20.09;0.00:00:08:032;-1.00;0.00;0.00;0.07204;-0.07208;-0.0002773;0.000139;-89.89;0.06;100.05;0.19;100.05;0.07204;0.07208;-3.393E-05;-11.424;-11.422;-99.990;0.00;153.38;
2025-11-03 15:34:20.14;0.00:00:08:084;-1.00;0.00;0.00;0.07209;-0.07212;-0.0002887;0.0001334;-89.89;0.05;100.05;0.19;100.04;0.07209;0.07212;-3.251E-05;-11.421;-11.419;-99.990;0.00;155.20;
2025-11-03 15:34:20.19;0.00:00:08:136;-1.00;0.00;0.00;0.07217;-0.0722;-0.0002831;0.0001352;-89.89;0.05;100.04;0.19;100.04;0.07217;0.07221;-3.183E-05;-11.416;-11.414;-99.990;0.00;154.47;
2025-11-03 15:34:20.25;0.00:00:08:188;-1.00;0.00;0.00;0.07214;-0.07217;-0.0002959;0.0001425;-89.88;0.06;100.05;0.20;100.05;0.07214;0.07217;-3.311E-05;-11.418;-11.416;-99.990;0.00;154.29;
2025-11-03 15:34:20.30;0.00:00:08:241;-1.00;0.00;0.00;0.07207;-0.0721;-0.0002899;0.0001377;-89.88;0.05;100.04;0.19;100.04;0.07207;0.0721;-3.121E-05;-11.423;-11.421;-99.990;0.00;154.58;
2025-11-03 15:34:20.34;0.00:00:08:286;-1.00;0.00;0.00;0.07215;-0.07218;-0.0002817;0.000132;-89.89;0.05;100.05;0.18;100.05;0.07215;0.07218;-3.362E-05;-11.418;-11.416;-99.990;0.00;154.88;
2025-11-03 15:34:20.40;0.00:00:08:340;-1.00;0.00;0.00;0.07224;-0.07227;-0.0003;0.0001339;-89.88;0.05;100.04;0.19;100.04;0.07224;0.07227;-3.244E-05;-11.412;-11.410;-99.990;0.00;155.94;
2025-11-03 15:34:20.46;0.00:00:08:400;-1.00;0.00;0.00;0.07217;-0.0722;-0.0002931;0.0001309;-89.88;0.05;100.04;0.18;100.04;0.07217;0.07221;-3.096E-05;-11.416;-11.414;-99.990;0.00;155.93;
2025-11-03 15:34:20.51;0.00:00:08:454;-1.00;0.00;0.00;0.07217;-0.0722;-0.0003006;0.0001383;-89.88;0.05;100.05;0.19;100.05;0.07217;0.07221;-3.363E-05;-11.416;-11.414;-99.990;0.00;155.29;
2025-11-03 15:34:20.57;0.00:00:08:511;-1.00;0.00;0.00;0.07217;-0.0722;-0.0002834;0.0001384;-89.89;0.05;100.04;0.19;100.04;0.07217;0.0722;-3.118E-05;-11.417;-11.415;-99.990;0.00;153.97;
2025-11-03 15:34:20.63;0.00:00:08:571;-1.00;0.00;0.00;0.07208;-0.07211;-0.0002775;0.0001289;-89.89;0.05;100.04;0.18;100.04;0.07208;0.07211;-3.222E-05;-11.422;-11.420;-99.990;0.00;155.09;
2025-11-03 15:34:20.68;0.00:00:08:620;-1.00;0.00;0.00;0.07219;-0.07223;-0.0002692;0.0001332;-89.89;0.05;100.05;0.18;100.05;0.07219;0.07223;-3.703E-05;-11.415;-11.413;-99.990;0.00;153.67;
2025-11-03 15:34:20.72;0.00:00:08:666;-1.00;0.00;0.00;0.07231;-0.07234;-0.0002716;0.0001253;-89.89;0.05;100.05;0.17;100.05;0.07231;0.07234;-3.579E-05;-11.408;-11.406;-99.990;0.00;155.24;
2025-11-03 15:34:20.77;0.00:00:08:713;-1.00;0.00;0.00;0.07248;-0.07251;-0.0002846;0.0001418;-89.89;0.06;100.04;0.20;100.04;0.07248;0.07251;-3.073E-05;-11.398;-11.396;-99.990;0.00;153.52;
2025-11-03 15:34:20.82;0.00:00:08:758;-1.00;0.00;0.00;0.07232;-0.07235;-0.0003116;0.0001439;-89.88;0.06;100.04;0.20;100.04;0.07232;0.07235;-2.741E-05;-11.407;-11.406;-99.990;0.00;155.21;
2025-11-03 15:34:20.87;0.00:00:08:806;-1.00;0.00;0.00;0.07216;-0.07219;-0.0002957;0.0001397;-89.88;0.06;100.04;0.19;100.04;0.07216;0.07219;-2.749E-05;-11.417;-11.415;-99.990;0.00;154.71;
2025-11-03 15:34:20.91;0.00:00:08:852;-1.00;0.00;0.00;0.0721;-0.07213;-0.0002942;0.0001334;-89.88;0.05;100.04;0.19;100.04;0.0721;0.07213;-3.122E-05;-11.420;-11.419;-99.990;0.00;155.60;
2025-11-03 15:34:20.96;0.00:00:08:900;-1.00;0.00;0.00;0.07207;-0.0721;-0.0002931;0.0001365;-89.88;0.05;100.04;0.19;100.04;0.07207;0.0721;-3.099E-05;-11.423;-11.421;-99.990;0.00;155.02;
2025-11-03 15:34:21.01;0.00:00:08:946;-1.00;0.00;0.00;0.07208;-0.07211;-0.0002791;0.0001342;-89.89;0.05;100.05;0.19;100.05;0.07208;0.07211;-3.301E-05;-11.422;-11.420;-99.990;0.00;154.32;
2025-11-03 15:34:21.05;0.00:00:08:992;-1.00;0.00;0.00;0.07208;-0.07211;-0.0002951;0.0001362;-89.88;0.05;100.04;0.19;100.04;0.07208;0.07211;-3.215E-05;-11.422;-11.420;-99.990;0.00;155.23;
2025-11-03 15:34:21.10;0.00:00:09:040;-1.00;0.00;0.00;0.07225;-0.07228;-0.000288;0.0001393;-89.89;0.06;100.04;0.19;100.04;0.07225;0.07228;-3.063E-05;-11.412;-11.410;-99.990;0.00;154.19;
2025-11-03 15:34:21.14;0.00:00:09:085;-1.00;0.00;0.00;0.07222;-0.07225;-0.0002984;0.0001338;-89.88;0.05;100.04;0.19;100.04;0.07222;0.07225;-2.882E-05;-11.413;-11.412;-99.990;0.00;155.85;
2025-11-03 15:34:21.19;0.00:00:09:132;-1.00;0.00;0.00;0.07222;-0.07225;-0.0002833;0.0001314;-89.89;0.05;100.05;0.18;100.05;0.07222;0.07225;-3.394E-05;-11.413;-11.411;-99.990;0.00;155.11;
2025-11-03 15:34:21.24;0.00:00:09:179;-1.00;0.00;0.00;0.07226;-0.07229;-0.0002823;0.0001424;-89.89;0.06;100.04;0.20;100.04;0.07226;0.07229;-3.107E-05;-11.411;-11.409;-99.990;0.00;153.23;
2025-11-03 15:34:21.29;0.00:00:09:227;-1.00;0.00;0.00;0.07218;-0.07221;-0.0002796;0.0001301;-89.89;0.05;100.05;0.18;100.05;0.07218;0.07221;-3.392E-05;-11.416;-11.414;-99.990;0.00;155.06;
2025-11-03 15:34:21.35;0.00:00:09:288;-1.00;0.00;0.00;0.07216;-0.07219;-0.0002988;0.0001307;-89.88;0.05;100.04;0.18;100.04;0.07216;0.07219;-3.247E-05;-11.417;-11.415;-99.990;0.00;156.38;
2025-11-03 15:34:21.39;0.00:00:09:336;-1.00;0.00;0.00;0.07224;-0.07227;-0.0002962;0.0001369;-89.88;0.05;100.04;0.19;100.04;0.07224;0.07227;-3.121E-05;-11.412;-11.410;-99.990;0.00;155.19;
2025-11-03 15:34:21.44;0.00:00:09:383;-1.00;0.00;0.00;0.07223;-0.07226;-0.0002858;0.0001237;-89.89;0.05;100.05;0.17;100.05;0.07223;0.07226;-3.395E-05;-11.413;-11.411;-99.990;0.00;156.60;
2025-11-03 15:34:21.49;0.00:00:09:431;-1.00;0.00;0.00;0.07225;-0.07227;-0.0003022;0.0001426;-89.88;0.06;100.04;0.20;100.04;0.07225;0.07228;-2.717E-05;-11.412;-11.410;-99.990;0.00;154.74;
2025-11-03 15:34:21.54;0.00:00:09:476;-1.00;0.00;0.00;0.0721;-0.07213;-0.0002825;0.0001284;-89.89;0.05;100.04;0.18;100.04;0.0721;0.07213;-3.194E-05;-11.421;-11.419;-99.990;0.00;155.56;
2025-11-03 15:34:21.60;0.00:00:09:539;-1.00;0.00;0.00;0.072;-0.07202;-0.0002913;0.0001313;-89.88;0.05;100.04;0.18;100.04;0.072;0.07203;-2.937E-05;-11.427;-11.425;-99.990;0.00;155.74;
2025-11-03 15:34:21.64;0.00:00:09:584;-1.00;0.00;0.00;0.07204;-0.07207;-0.0002758;0.0001372;-89.89;0.05;100.04;0.19;100.04;0.07204;0.07207;-3.098E-05;-11.424;-11.422;-99.990;0.00;153.55;
2025-11-03 15:34:21.69;0.00:00:09:633;-1.00;0.00;0.00;0.07204;-0.07207;-0.0002971;0.0001371;-89.88;0.05;100.05;0.19;100.05;0.07204;0.07207;-3.278E-05;-11.424;-11.422;-99.990;0.00;155.23;
2025-11-03 15:34:21.75;0.00:00:09:694;-1.00;0.00;0.00;0.07203;-0.07206;-0.0002881;0.000136;-89.89;0.05;100.05;0.19;100.05;0.07203;0.07206;-3.335E-05;-11.425;-11.423;-99.990;0.00;154.74;
2025-11-03 15:34:21.80;0.00:00:09:739;-1.00;0.00;0.00;0.07212;-0.07216;-0.000282;0.000137;-89.89;0.05;100.04;0.19;100.04;0.07212;0.07216;-3.094E-05;-11.419;-11.417;-99.990;0.00;154.10;
2025-11-03 15:34:21.85;0.00:00:09:789;-1.00;0.00;0.00;0.07214;-0.07218;-0.0002853;0.0001429;-89.89;0.06;100.05;0.20;100.05;0.07214;0.07218;-3.311E-05;-11.418;-11.416;-99.990;0.00;153.39;
2025-11-03 15:34:21.91;0.00:00:09:849;-1.00;0.00;0.00;0.07208;-0.07211;-0.000286;0.0001273;-89.89;0.05;100.04;0.18;100.04;0.07208;0.07211;-3.157E-05;-11.422;-11.420;-99.990;0.00;156.00;
2025-11-03 15:34:21.96;0.00:00:09:898;-1.00;0.00;0.00;0.07215;-0.07219;-0.0002723;0.0001308;-89.89;0.05;100.05;0.18;100.05;0.07215;0.07219;-3.283E-05;-11.417;-11.415;-99.990;0.00;154.34;
2025-11-03 15:34:22.00;0.00:00:09:945;-1.00;0.00;0.00;0.07207;-0.0721;-0.0002889;0.0001383;-89.89;0.05;100.05;0.19;100.05;0.07207;0.0721;-3.265E-05;-11.423;-11.421;-99.990;0.00;154.41;
2025-11-03 15:34:22.05;0.00:00:09:991;-1.00;0.00;0.00;0.07204;-0.07207;-0.000298;0.0001257;-89.88;0.05;100.04;0.17;100.04;0.07204;0.07207;-3.163E-05;-11.424;-11.422;-99.990;0.00;157.13;
2025-11-03 15:34:22.10;0.00:00:10:038;-1.00;0.00;0.00;0.07208;-0.07211;-0.0002951;0.0001359;-89.88;0.05;100.05;0.19;100.05;0.07208;0.07211;-3.294E-05;-11.422;-11.420;-99.990;0.00;155.27;
2025-11-03 15:34:22.15;0.00:00:10:086;-1.00;0.00;0.00;0.07207;-0.0721;-0.00029;0.0001392;-89.88;0.06;100.04;0.19;100.04;0.07207;0.0721;-3.207E-05;-11.423;-11.421;-99.990;0.00;154.36;
2025-11-03 15:34:22.19;0.00:00:10:134;-1.00;0.00;0.00;0.07211;-0.07214;-0.0002751;0.0001309;-89.89;0.05;100.04;0.18;100.04;0.07211;0.07215;-3.123E-05;-11.420;-11.418;-99.990;0.00;154.55;
2025-11-03 15:34:22.25;0.00:00:10:194;-1.00;0.00;0.00;0.07213;-0.07216;-0.0002913;0.0001309;-89.88;0.05;100.04;0.18;100.04;0.07213;0.07216;-3.094E-05;-11.419;-11.417;-99.990;0.00;155.81;
2025-11-03 15:34:22.30;0.00:00:10:241;-1.00;0.00;0.00;0.0722;-0.07223;-0.0002891;0.0001328;-89.89;0.05;100.04;0.18;100.04;0.0722;0.07223;-3.155E-05;-11.415;-11.413;-99.990;0.00;155.32;
2025-11-03 15:34:22.35;0.00:00:10:288;-1.00;0.00;0.00;0.0722;-0.07223;-0.0003033;0.0001326;-89.88;0.05;100.04;0.18;100.04;0.0722;0.07223;-3.126E-05;-11.415;-11.413;-99.990;0.00;156.38;
2025-11-03 15:34:22.39;0.00:00:10:335;-1.00;0.00;0.00;0.07226;-0.07229;-0.0002891;0.0001338;-89.89;0.05;100.04;0.19;100.04;0.07226;0.07229;-3.129E-05;-11.411;-11.409;-99.990;0.00;155.16;
2025-11-03 15:34:22.44;0.00:00:10:382;-1.00;0.00;0.00;0.0722;-0.07223;-0.0002985;0.0001352;-89.88;0.05;100.04;0.19;100.04;0.0722;0.07223;-3.112E-05;-11.415;-11.413;-99.990;0.00;155.64;
2025-11-03 15:34:22.49;0.00:00:10:429;-1.00;0.00;0.00;0.07211;-0.07214;-0.0003035;0.0001351;-89.88;0.05;100.04;0.19;100.04;0.07211;0.07214;-3.238E-05;-11.420;-11.418;-99.990;0.00;156.01;
2025-11-03 15:34:22.53;0.00:00:10:475;-1.00;0.00;0.00;0.07212;-0.07215;-0.0002917;0.0001334;-89.88;0.05;100.04;0.18;100.04;0.07212;0.07215;-3.209E-05;-11.420;-11.418;-99.990;0.00;155.42;
2025-11-03 15:34:22.58;0.00:00:10:525;-1.00;0.00;0.00;0.07207;-0.0721;-0.0002988;0.0001312;-89.88;0.05;100.04;0.18;100.04;0.07207;0.0721;-3.164E-05;-11.422;-11.420;-99.990;0.00;156.29;
2025-11-03 15:34:22.65;0.00:00:10:592;-1.00;0.00;0.00;0.07217;-0.07221;-0.0002775;0.0001297;-89.89;0.05;100.05;0.18;100.05;0.07217;0.07221;-3.536E-05;-11.416;-11.414;-99.990;0.00;154.95;
2025-11-03 15:34:22.71;0.00:00:10:650;-1.00;0.00;0.00;0.07221;-0.07224;-0.0002923;0.0001272;-89.88;0.05;100.04;0.18;100.04;0.07221;0.07224;-2.982E-05;-11.414;-11.412;-99.990;0.00;156.49;
2025-11-03 15:34:22.76;0.00:00:10:705;-1.00;0.00;0.00;0.07219;-0.07222;-0.0002954;0.0001306;-89.88;0.05;100.04;0.18;100.04;0.07219;0.07223;-3.112E-05;-11.415;-11.413;-99.990;0.00;156.15;
2025-11-03 15:34:22.81;0.00:00:10:753;-1.00;0.00;0.00;0.07227;-0.0723;-0.0002881;0.000137;-89.89;0.05;100.04;0.19;100.04;0.07227;0.0723;-2.97E-05;-11.410;-11.408;-99.990;0.00;154.56;
2025-11-03 15:34:22.86;0.00:00:10:799;-1.00;0.00;0.00;0.0722;-0.07223;-0.0002882;0.0001353;-89.89;0.05;100.04;0.19;100.04;0.0722;0.07223;-3.069E-05;-11.415;-11.413;-99.990;0.00;154.85;
2025-11-03 15:34:22.91;0.00:00:10:856;-1.00;0.00;0.00;0.07216;-0.07219;-0.0002871;0.0001328;-89.89;0.05;100.04;0.18;100.04;0.07216;0.07219;-2.995E-05;-11.417;-11.415;-99.990;0.00;155.17;
2025-11-03 15:34:22.97;0.00:00:10:910;-1.00;0.00;0.00;0.07223;-0.07226;-0.0002807;0.0001301;-89.89;0.05;100.05;0.18;100.05;0.07223;0.07226;-3.402E-05;-11.413;-11.411;-99.990;0.00;155.13;
2025-11-03 15:34:23.01;0.00:00:10:954;-1.00;0.00;0.00;0.0723;-0.07234;-0.000292;0.0001349;-89.88;0.05;100.05;0.19;100.05;0.0723;0.07234;-3.427E-05;-11.408;-11.406;-99.990;0.00;155.21;
2025-11-03 15:34:23.07;0.00:00:11:011;-1.00;0.00;0.00;0.07224;-0.07227;-0.0002924;0.0001363;-89.88;0.05;100.04;0.19;100.04;0.07224;0.07227;-3.178E-05;-11.412;-11.410;-99.990;0.00;155.02;
2025-11-03 15:34:23.12;0.00:00:11:062;-1.00;0.00;0.00;0.07218;-0.07221;-0.0003007;0.0001403;-89.88;0.06;100.04;0.19;100.04;0.07218;0.07221;-3.132E-05;-11.416;-11.414;-99.990;0.00;154.99;
2025-11-03 15:34:23.18;0.00:00:11:123;-1.00;0.00;0.00;0.07212;-0.07215;-0.0002856;0.0001326;-89.89;0.05;100.04;0.18;100.04;0.07212;0.07215;-2.957E-05;-11.420;-11.418;-99.990;0.00;155.09;
2025-11-03 15:34:23.23;0.00:00:11:174;-1.00;0.00;0.00;0.07212;-0.07215;-0.0002933;0.0001381;-89.88;0.05;100.04;0.19;100.04;0.07212;0.07215;-3.051E-05;-11.419;-11.417;-99.990;0.00;154.79;
2025-11-03 15:34:23.28;0.00:00:11:225;-1.00;0.00;0.00;0.07208;-0.07211;-0.0002824;0.0001332;-89.89;0.05;100.04;0.18;100.04;0.07208;0.07211;-3.143E-05;-11.422;-11.420;-99.990;0.00;154.75;
2025-11-03 15:34:23.34;0.00:00:11:284;-1.00;0.00;0.00;0.07211;-0.07214;-0.0002968;0.0001382;-89.88;0.05;100.04;0.19;100.04;0.07211;0.07214;-3.007E-05;-11.420;-11.418;-99.990;0.00;155.04;
2025-11-03 15:34:23.39;0.00:00:11:333;-1.00;0.00;0.00;0.07219;-0.07222;-0.0002785;0.0001346;-89.89;0.05;100.05;0.19;100.05;0.07219;0.07222;-3.429E-05;-11.415;-11.413;-99.990;0.00;154.21;
2025-11-03 15:34:23.45;0.00:00:11:396;-1.00;0.00;0.00;0.07209;-0.07212;-0.0002945;0.0001307;-89.88;0.05;100.04;0.18;100.04;0.07209;0.07212;-3.035E-05;-11.421;-11.419;-99.990;0.00;156.06;
2025-11-03 15:34:23.51;0.00:00:11:447;-1.00;0.00;0.00;0.07231;-0.07234;-0.0002819;0.0001355;-89.89;0.05;100.05;0.19;100.05;0.07231;0.07234;-3.449E-05;-11.408;-11.406;-99.990;0.00;154.34;
2025-11-03 15:34:23.56;0.00:00:11:500;-1.00;0.00;0.00;0.07238;-0.07241;-0.0002926;0.0001386;-89.88;0.05;100.04;0.19;100.04;0.07238;0.07241;-3.206E-05;-11.404;-11.402;-99.990;0.00;154.65;
2025-11-03 15:34:23.61;0.00:00:11:551;-1.00;0.00;0.00;0.07206;-0.07208;-0.0002963;0.0001397;-89.88;0.06;100.04;0.19;100.04;0.07206;0.07208;-2.659E-05;-11.423;-11.422;-99.990;0.00;154.75;
2025-11-03 15:34:23.66;0.00:00:11:600;-1.00;0.00;0.00;0.07205;-0.07208;-0.0002951;0.0001306;-89.88;0.05;100.04;0.18;100.04;0.07205;0.07208;-2.918E-05;-11.424;-11.422;-99.990;0.00;156.13;
2025-11-03 15:34:23.71;0.00:00:11:653;-1.00;0.00;0.00;0.07206;-0.07209;-0.0002734;0.0001328;-89.89;0.05;100.05;0.18;100.05;0.07206;0.07209;-3.379E-05;-11.423;-11.421;-99.990;0.00;154.10;
2025-11-03 15:34:23.77;0.00:00:11:708;-1.00;0.00;0.00;0.07225;-0.07228;-0.0002879;0.0001379;-89.89;0.05;100.04;0.19;100.04;0.07225;0.07228;-2.97E-05;-11.412;-11.410;-99.990;0.00;154.41;
2025-11-03 15:34:23.81;0.00:00:11:755;-1.00;0.00;0.00;0.07227;-0.0723;-0.0002838;0.0001353;-89.89;0.05;100.04;0.19;100.04;0.07227;0.0723;-2.869E-05;-11.410;-11.408;-99.990;0.00;154.50;
2025-11-03 15:34:23.87;0.00:00:11:815;-1.00;0.00;0.00;0.07223;-0.07227;-0.0002895;0.0001351;-89.89;0.05;100.05;0.19;100.05;0.07223;0.07227;-3.301E-05;-11.413;-11.411;-99.990;0.00;154.98;
2025-11-03 15:34:23.93;0.00:00:11:866;-1.00;0.00;0.00;0.07235;-0.07238;-0.0002719;0.0001375;-89.89;0.05;100.04;0.19;100.04;0.07235;0.07238;-3.06E-05;-11.406;-11.404;-99.990;0.00;153.18;
2025-11-03 15:34:23.98;0.00:00:11:917;-1.00;0.00;0.00;0.07237;-0.0724;-0.0002982;0.0001362;-89.88;0.05;100.04;0.19;100.04;0.07237;0.0724;-2.989E-05;-11.405;-11.403;-99.990;0.00;155.45;
2025-11-03 15:34:24.03;0.00:00:11:969;-1.00;0.00;0.00;0.07232;-0.07235;-0.0002874;0.0001329;-89.89;0.05;100.04;0.18;100.04;0.07232;0.07235;-3.146E-05;-11.407;-11.406;-99.990;0.00;155.18;
2025-11-03 15:34:24.09;0.00:00:12:029;-1.00;0.00;0.00;0.07232;-0.07235;-0.0002928;0.0001281;-89.88;0.05;100.04;0.18;100.04;0.07232;0.07235;-3.059E-05;-11.407;-11.405;-99.990;0.00;156.37;
2025-11-03 15:34:24.14;0.00:00:12:083;-1.00;0.00;0.00;0.07225;-0.07228;-0.0002886;0.0001397;-89.89;0.06;100.04;0.19;100.04;0.07225;0.07228;-2.796E-05;-11.411;-11.410;-99.990;0.00;154.17;
2025-11-03 15:34:24.20;0.00:00:12:136;-1.00;0.00;0.00;0.07235;-0.07239;-0.0002826;0.0001324;-89.89;0.05;100.05;0.18;100.05;0.07235;0.07239;-3.386E-05;-11.405;-11.403;-99.990;0.00;154.90;
2025-11-03 15:34:24.24;0.00:00:12:185;-1.00;0.00;0.00;0.07238;-0.07241;-0.0002909;0.0001366;-89.88;0.05;100.04;0.19;100.04;0.07238;0.07241;-3.12E-05;-11.404;-11.402;-99.990;0.00;154.85;
2025-11-03 15:34:24.30;0.00:00:12:239;-1.00;0.00;0.00;0.07234;-0.07237;-0.0003059;0.0001394;-89.88;0.06;100.04;0.19;100.04;0.07234;0.07237;-3.255E-05;-11.406;-11.404;-99.990;0.00;155.50;
2025-11-03 15:34:24.35;0.00:00:12:293;-1.00;0.00;0.00;0.07226;-0.07229;-0.0002909;0.000136;-89.88;0.05;100.04;0.19;100.04;0.07226;0.07229;-3.035E-05;-11.411;-11.409;-99.990;0.00;154.94;
2025-11-03 15:34:24.41;0.00:00:12:349;-1.00;0.00;0.00;0.07221;-0.07224;-0.0002864;0.0001305;-89.89;0.05;100.05;0.18;100.05;0.07221;0.07224;-3.553E-05;-11.414;-11.412;-99.990;0.00;155.51;
2025-11-03 15:34:24.46;0.00:00:12:403;-1.00;0.00;0.00;0.07227;-0.07229;-0.0002933;0.0001414;-89.88;0.06;100.04;0.20;100.04;0.07227;0.0723;-2.905E-05;-11.411;-11.409;-99.990;0.00;154.25;
2025-11-03 15:34:24.51;0.00:00:12:453;-1.00;0.00;0.00;0.07223;-0.07227;-0.0002832;0.0001286;-89.89;0.05;100.05;0.18;100.05;0.07223;0.07227;-3.366E-05;-11.413;-11.411;-99.990;0.00;155.57;
2025-11-03 15:34:24.56;0.00:00:12:503;-1.00;0.00;0.00;0.07222;-0.07225;-0.0002791;0.0001303;-89.89;0.05;100.05;0.18;100.05;0.07222;0.07225;-3.264E-05;-11.414;-11.412;-99.990;0.00;154.97;
2025-11-03 15:34:24.61;0.00:00:12:549;-1.00;0.00;0.00;0.07223;-0.07226;-0.0003005;0.0001383;-89.88;0.05;100.04;0.19;100.04;0.07223;0.07226;-3.005E-05;-11.413;-11.411;-99.990;0.00;155.29;
2025-11-03 15:34:24.66;0.00:00:12:596;-1.00;0.00;0.00;0.0722;-0.07222;-0.0002957;0.0001307;-89.88;0.05;100.04;0.18;100.04;0.0722;0.07223;-3.011E-05;-11.415;-11.413;-99.990;0.00;156.16;
2025-11-03 15:34:24.70;0.00:00:12:643;-1.00;0.00;0.00;0.07217;-0.0722;-0.0003;0.000139;-89.88;0.06;100.04;0.19;100.04;0.07217;0.0722;-3.002E-05;-11.417;-11.415;-99.990;0.00;155.14;
2025-11-03 15:34:24.75;0.00:00:12:690;-1.00;0.00;0.00;0.07215;-0.07218;-0.0002866;0.0001315;-89.89;0.05;100.04;0.18;100.04;0.07215;0.07218;-3.03E-05;-11.418;-11.416;-99.990;0.00;155.35;
2025-11-03 15:34:24.80;0.00:00:12:737;-1.00;0.00;0.00;0.07219;-0.07222;-0.0002895;0.0001385;-89.89;0.05;100.04;0.19;100.04;0.07219;0.07222;-3.104E-05;-11.415;-11.413;-99.990;0.00;154.44;
2025-11-03 15:34:24.84;0.00:00:12:782;-1.00;0.00;0.00;0.07227;-0.0723;-0.0002804;0.000132;-89.89;0.05;100.05;0.18;100.05;0.07227;0.0723;-3.353E-05;-11.410;-11.408;-99.990;0.00;154.80;
2025-11-03 15:34:24.89;0.00:00:12:831;-1.00;0.00;0.00;0.07232;-0.07235;-0.0002877;0.0001319;-89.89;0.05;100.04;0.18;100.04;0.07232;0.07235;-3.124E-05;-11.407;-11.406;-99.990;0.00;155.37;
2025-11-03 15:34:24.94;0.00:00:12:877;-1.00;0.00;0.00;0.07232;-0.07235;-0.0002883;0.0001348;-89.89;0.05;100.05;0.19;100.05;0.07232;0.07235;-3.305E-05;-11.407;-11.405;-99.990;0.00;154.94;
2025-11-03 15:34:24.98;0.00:00:12:923;-1.00;0.00;0.00;0.07243;-0.07246;-0.0002834;0.0001299;-89.89;0.05;100.04;0.18;100.04;0.07243;0.07246;-3.18E-05;-11.401;-11.399;-99.990;0.00;155.38;
2025-11-03 15:34:25.03;0.00:00:12:971;-1.00;0.00;0.00;0.07232;-0.07235;-0.0002921;0.0001399;-89.88;0.06;100.04;0.19;100.04;0.07232;0.07235;-3.102E-05;-11.407;-11.406;-99.990;0.00;154.40;
2025-11-03 15:34:25.08;0.00:00:13:017;-1.00;0.00;0.00;0.07227;-0.0723;-0.0002953;0.0001313;-89.88;0.05;100.05;0.18;100.05;0.07227;0.0723;-3.339E-05;-11.410;-11.408;-99.990;0.00;156.02;
2025-11-03 15:34:25.12;0.00:00:13:064;-1.00;0.00;0.00;0.07228;-0.07231;-0.0002939;0.0001367;-89.88;0.05;100.04;0.19;100.04;0.07228;0.07231;-3.137E-05;-11.410;-11.408;-99.990;0.00;155.06;
2025-11-03 15:34:25.17;0.00:00:13:110;-1.00;0.00;0.00;0.07215;-0.07218;-0.0002961;0.0001328;-89.88;0.05;100.04;0.18;100.04;0.07215;0.07218;-3.153E-05;-11.417;-11.416;-99.990;0.00;155.85;
2025-11-03 15:34:25.21;0.00:00:13:156;-1.00;0.00;0.00;0.07228;-0.07231;-0.0002795;0.0001448;-89.89;0.06;100.05;0.20;100.05;0.07228;0.07231;-3.339E-05;-11.410;-11.408;-99.990;0.00;152.60;
2025-11-03 15:34:25.26;0.00:00:13:203;-1.00;0.00;0.00;0.07219;-0.07222;-0.0002888;0.0001362;-89.89;0.05;100.05;0.19;100.05;0.07219;0.07222;-3.292E-05;-11.415;-11.413;-99.990;0.00;154.75;
2025-11-03 15:34:25.31;0.00:00:13:250;-1.00;0.00;0.00;0.07211;-0.07214;-0.0003042;0.0001337;-89.88;0.05;100.04;0.19;100.04;0.07211;0.07214;-3.05E-05;-11.420;-11.418;-99.990;0.00;156.28;
2025-11-03 15:34:25.36;0.00:00:13:297;-1.00;0.00;0.00;0.07207;-0.0721;-0.0002898;0.0001364;-89.88;0.05;100.04;0.19;100.04;0.07207;0.0721;-3.243E-05;-11.422;-11.421;-99.990;0.00;154.79;
2025-11-03 15:34:25.40;0.00:00:13:344;-1.00;0.00;0.00;0.07213;-0.07215;-0.0003018;0.0001335;-89.88;0.05;100.04;0.19;100.04;0.07213;0.07215;-2.964E-05;-11.419;-11.417;-99.990;0.00;156.13;
2025-11-03 15:34:25.45;0.00:00:13:390;-1.00;0.00;0.00;0.07207;-0.0721;-0.000282;0.0001384;-89.89;0.05;100.04;0.19;100.04;0.07207;0.0721;-3.012E-05;-11.423;-11.421;-99.990;0.00;153.85;
2025-11-03 15:34:25.50;0.00:00:13:437;-1.00;0.00;0.00;0.07213;-0.07216;-0.0002838;0.0001336;-89.89;0.05;100.04;0.19;100.04;0.07213;0.07217;-3.196E-05;-11.419;-11.417;-99.990;0.00;154.80;
2025-11-03 15:34:25.54;0.00:00:13:483;-1.00;0.00;0.00;0.07223;-0.07226;-0.0002799;0.0001371;-89.89;0.05;100.05;0.19;100.05;0.07223;0.07226;-3.359E-05;-11.413;-11.411;-99.990;0.00;153.90;
2025-11-03 15:34:25.59;0.00:00:13:531;-1.00;0.00;0.00;0.07221;-0.07224;-0.0002912;0.0001345;-89.88;0.05;100.05;0.19;100.05;0.07221;0.07224;-3.322E-05;-11.414;-11.412;-99.990;0.00;155.21;
2025-11-03 15:34:25.64;0.00:00:13:577;-1.00;0.00;0.00;0.0722;-0.07223;-0.0002844;0.0001359;-89.89;0.05;100.05;0.19;100.05;0.0722;0.07223;-3.429E-05;-11.415;-11.413;-99.990;0.00;154.45;
2025-11-03 15:34:25.68;0.00:00:13:624;-1.00;0.00;0.00;0.07211;-0.07214;-0.0002999;0.0001343;-89.88;0.05;100.04;0.19;100.04;0.07211;0.07214;-2.863E-05;-11.420;-11.418;-99.990;0.00;155.88;
2025-11-03 15:34:25.73;0.00:00:13:671;-1.00;0.00;0.00;0.07206;-0.07209;-0.0002851;0.0001361;-89.89;0.05;100.04;0.19;100.04;0.07206;0.07209;-3.077E-05;-11.423;-11.421;-99.990;0.00;154.48;
2025-11-03 15:34:25.78;0.00:00:13:718;-1.00;0.00;0.00;0.07205;-0.07208;-0.0002865;0.0001343;-89.89;0.05;100.05;0.19;100.05;0.07205;0.07208;-3.271E-05;-11.424;-11.422;-99.990;0.00;154.89;
2025-11-03 15:34:25.83;0.00:00:13:767;-1.00;0.00;0.00;0.0721;-0.07213;-0.0002828;0.0001338;-89.89;0.05;100.05;0.19;100.05;0.0721;0.07213;-3.439E-05;-11.421;-11.419;-99.990;0.00;154.68;
2025-11-03 15:34:25.87;0.00:00:13:813;-1.00;0.00;0.00;0.07207;-0.0721;-0.0002961;0.0001326;-89.88;0.05;100.04;0.18;100.04;0.07207;0.0721;-3.236E-05;-11.423;-11.421;-99.990;0.00;155.88;
2025-11-03 15:34:25.92;0.00:00:13:858;-1.00;0.00;0.00;0.07207;-0.0721;-0.0002802;0.0001339;-89.89;0.05;100.05;0.19;100.05;0.07207;0.0721;-3.272E-05;-11.422;-11.420;-99.990;0.00;154.46;
2025-11-03 15:34:25.97;0.00:00:13:907;-1.00;0.00;0.00;0.07225;-0.07229;-0.0002943;0.0001362;-89.88;0.05;100.05;0.19;100.05;0.07225;0.07229;-3.54E-05;-11.411;-11.409;-99.990;0.00;155.16;
2025-11-03 15:34:26.01;0.00:00:13:953;-1.00;0.00;0.00;0.0722;-0.07223;-0.0003059;0.0001397;-89.88;0.06;100.04;0.19;100.04;0.0722;0.07223;-2.96E-05;-11.415;-11.413;-99.990;0.00;155.46;
2025-11-03 15:34:26.06;0.00:00:14:000;-1.00;0.00;0.00;0.07224;-0.07228;-0.0002822;0.0001342;-89.89;0.05;100.05;0.19;100.05;0.07224;0.07228;-3.59E-05;-11.412;-11.410;-99.990;0.00;154.56;
2025-11-03 15:34:26.11;0.00:00:14:047;-1.00;0.00;0.00;0.07224;-0.07227;-0.0002838;0.0001357;-89.89;0.05;100.04;0.19;100.04;0.07224;0.07227;-3.092E-05;-11.412;-11.410;-99.990;0.00;154.44;
2025-11-03 15:34:26.15;0.00:00:14:092;-1.00;0.00;0.00;0.07215;-0.07218;-0.0002903;0.0001302;-89.88;0.05;100.04;0.18;100.04;0.07215;0.07218;-3.081E-05;-11.418;-11.416;-99.990;0.00;155.85;
2025-11-03 15:34:26.20;0.00:00:14:140;-1.00;0.00;0.00;0.07216;-0.07219;-0.0002855;0.0001383;-89.89;0.05;100.04;0.19;100.04;0.07216;0.07219;-3.038E-05;-11.417;-11.415;-99.990;0.00;154.15;
2025-11-03 15:34:26.25;0.00:00:14:186;-1.00;0.00;0.00;0.07211;-0.07214;-0.0002929;0.0001312;-89.88;0.05;100.04;0.18;100.04;0.07211;0.07214;-2.986E-05;-11.420;-11.418;-99.990;0.00;155.87;
2025-11-03 15:34:26.29;0.00:00:14:234;-1.00;0.00;0.00;0.07215;-0.07218;-0.0002971;0.0001347;-89.88;0.05;100.04;0.19;100.04;0.07215;0.07218;-2.987E-05;-11.418;-11.416;-99.990;0.00;155.61;
2025-11-03 15:34:26.34;0.00:00:14:281;-1.00;0.00;0.00;0.07217;-0.0722;-0.0002819;0.0001312;-89.89;0.05;100.05;0.18;100.05;0.07217;0.0722;-3.276E-05;-11.417;-11.415;-99.990;0.00;155.04;
2025-11-03 15:34:26.39;0.00:00:14:327;-1.00;0.00;0.00;0.07223;-0.07226;-0.0003057;0.0001298;-89.88;0.05;100.04;0.18;100.04;0.07223;0.07226;-3.012E-05;-11.413;-11.411;-99.990;0.00;156.99;
2025-11-03 15:34:26.43;0.00:00:14:374;-1.00;0.00;0.00;0.07218;-0.07221;-0.0002802;0.0001269;-89.89;0.05;100.04;0.18;100.04;0.07218;0.07221;-3.017E-05;-11.416;-11.414;-99.990;0.00;155.65;
2025-11-03 15:34:26.48;0.00:00:14:420;-1.00;0.00;0.00;0.07225;-0.07229;-0.0002821;0.0001323;-89.89;0.05;100.05;0.18;100.05;0.07225;0.07229;-3.504E-05;-11.412;-11.409;-99.990;0.00;154.87;
2025-11-03 15:34:26.53;0.00:00:14:468;-1.00;0.00;0.00;0.07232;-0.07235;-0.0002817;0.0001316;-89.89;0.05;100.05;0.18;100.05;0.07232;0.07235;-3.305E-05;-11.407;-11.405;-99.990;0.00;154.96;
2025-11-03 15:34:26.59;0.00:00:14:530;-1.00;0.00;0.00;0.0723;-0.07233;-0.0002912;0.0001356;-89.88;0.05;100.05;0.19;100.05;0.0723;0.07233;-3.347E-05;-11.409;-11.407;-99.990;0.00;155.03;
2025-11-03 15:34:26.65;0.00:00:14:593;-1.00;0.00;0.00;0.07235;-0.07238;-0.0002899;0.000134;-89.89;0.05;100.05;0.19;100.05;0.07235;0.07238;-3.437E-05;-11.406;-11.404;-99.990;0.00;155.19;
2025-11-03 15:34:26.71;0.00:00:14:651;-1.00;0.00;0.00;0.07231;-0.07234;-0.0002877;0.0001291;-89.89;0.05;100.04;0.18;100.04;0.07231;0.07235;-3.088E-05;-11.408;-11.406;-99.990;0.00;155.83;
2025-11-03 15:34:26.76;0.00:00:14:702;-1.00;0.00;0.00;0.07217;-0.07219;-0.0003057;0.0001415;-89.88;0.06;100.04;0.20;100.04;0.07217;0.07219;-2.872E-05;-11.417;-11.415;-99.990;0.00;155.16;
2025-11-03 15:34:26.81;0.00:00:14:754;-1.00;0.00;0.00;0.0721;-0.07214;-0.0002781;0.0001335;-89.89;0.05;100.05;0.19;100.05;0.0721;0.07214;-3.504E-05;-11.420;-11.418;-99.990;0.00;154.36;
2025-11-03 15:34:26.87;0.00:00:14:815;-1.00;0.00;0.00;0.07226;-0.07229;-0.0002982;0.0001331;-89.88;0.05;100.05;0.18;100.05;0.07226;0.0723;-3.288E-05;-11.411;-11.409;-99.990;0.00;155.94;
2025-11-03 15:34:26.92;0.00:00:14:865;-1.00;0.00;0.00;0.07225;-0.07228;-0.0002928;0.0001323;-89.88;0.05;100.04;0.18;100.04;0.07225;0.07228;-3.114E-05;-11.412;-11.410;-99.990;0.00;155.69;
2025-11-03 15:34:26.98;0.00:00:14:917;-1.00;0.00;0.00;0.07227;-0.0723;-0.0002881;0.0001394;-89.89;0.06;100.04;0.19;100.04;0.07227;0.0723;-3.05E-05;-11.410;-11.408;-99.990;0.00;154.17;
2025-11-03 15:34:27.03;0.00:00:14:967;-1.00;0.00;0.00;0.07218;-0.07222;-0.0002953;0.0001365;-89.88;0.05;100.05;0.19;100.05;0.07218;0.07222;-3.407E-05;-11.416;-11.414;-99.990;0.00;155.20;
2025-11-03 15:34:27.09;0.00:00:15:031;-1.00;0.00;0.00;0.07225;-0.07228;-0.0002866;0.0001333;-89.89;0.05;100.05;0.18;100.05;0.07225;0.07228;-3.468E-05;-11.412;-11.410;-99.990;0.00;155.05;
2025-11-03 15:34:27.14;0.00:00:15:085;-1.00;0.00;0.00;0.07229;-0.07232;-0.0002893;0.0001263;-89.89;0.05;100.05;0.17;100.05;0.07229;0.07232;-3.325E-05;-11.409;-11.408;-99.990;0.00;156.42;
2025-11-03 15:34:27.19;0.00:00:15:132;-1.00;0.00;0.00;0.07228;-0.07231;-0.0002984;0.0001327;-89.88;0.05;100.04;0.18;100.04;0.07228;0.07231;-2.841E-05;-11.410;-11.408;-99.990;0.00;156.02;
2025-11-03 15:34:27.24;0.00:00:15:181;-1.00;0.00;0.00;0.07239;-0.07243;-0.0002934;0.000133;-89.88;0.05;100.05;0.18;100.05;0.07239;0.07243;-3.359E-05;-11.403;-11.401;-99.990;0.00;155.62;
2025-11-03 15:34:27.29;0.00:00:15:232;-1.00;0.00;0.00;0.07238;-0.07241;-0.0002929;0.0001368;-89.88;0.05;100.04;0.19;100.04;0.07238;0.07241;-3.055E-05;-11.404;-11.402;-99.990;0.00;154.96;
2025-11-03 15:34:27.35;0.00:00:15:292;-1.00;0.00;0.00;0.07236;-0.07239;-0.0003057;0.0001326;-89.88;0.05;100.04;0.18;100.04;0.07236;0.07239;-3.169E-05;-11.405;-11.403;-99.990;0.00;156.55;
2025-11-03 15:34:27.40;0.00:00:15:343;-1.00;0.00;0.00;0.07236;-0.07239;-0.0002881;0.0001374;-89.89;0.05;100.04;0.19;100.04;0.07236;0.07239;-3.169E-05;-11.405;-11.403;-99.990;0.00;154.51;
2025-11-03 15:34:27.46;0.00:00:15:397;-1.00;0.00;0.00;0.07226;-0.07229;-0.0003071;0.0001343;-89.88;0.05;100.04;0.19;100.04;0.07226;0.07229;-3.216E-05;-11.411;-11.409;-99.990;0.00;156.39;
2025-11-03 15:34:27.51;0.00:00:15:448;-1.00;0.00;0.00;0.07233;-0.07236;-0.0002809;0.0001329;-89.89;0.05;100.05;0.18;100.05;0.07233;0.07236;-3.327E-05;-11.407;-11.405;-99.990;0.00;154.68;
2025-11-03 15:34:27.56;0.00:00:15:500;-1.00;0.00;0.00;0.07234;-0.07237;-0.0002881;0.0001273;-89.89;0.05;100.05;0.18;100.05;0.07234;0.07237;-3.291E-05;-11.406;-11.404;-99.990;0.00;156.16;
2025-11-03 15:34:27.62;0.00:00:15:558;-1.00;0.00;0.00;0.07234;-0.07237;-0.0003011;0.0001338;-89.88;0.05;100.04;0.18;100.04;0.07234;0.07237;-3.226E-05;-11.406;-11.404;-99.990;0.00;156.05;
2025-11-03 15:34:27.67;0.00:00:15:611;-1.00;0.00;0.00;0.07235;-0.07238;-0.0002878;0.0001291;-89.89;0.05;100.05;0.18;100.05;0.07235;0.07238;-3.314E-05;-11.406;-11.404;-99.990;0.00;155.84;
2025-11-03 15:34:27.72;0.00:00:15:660;-1.00;0.00;0.00;0.07238;-0.07242;-0.0002819;0.0001373;-89.89;0.05;100.05;0.19;100.05;0.07238;0.07242;-3.366E-05;-11.404;-11.402;-99.990;0.00;154.03;
2025-11-03 15:34:27.77;0.00:00:15:713;-1.00;0.00;0.00;0.07247;-0.07251;-0.0002817;0.0001377;-89.89;0.05;100.05;0.19;100.05;0.07247;0.07251;-3.479E-05;-11.398;-11.396;-99.990;0.00;153.95;
2025-11-03 15:34:27.82;0.00:00:15:764;-1.00;0.00;0.00;0.07241;-0.07244;-0.0003063;0.0001385;-89.88;0.05;100.04;0.19;100.04;0.07241;0.07244;-2.969E-05;-11.402;-11.400;-99.990;0.00;155.67;
2025-11-03 15:34:27.87;0.00:00:15:813;-1.00;0.00;0.00;0.07215;-0.07219;-0.0002865;0.0001262;-89.89;0.05;100.04;0.17;100.04;0.07215;0.07219;-3.232E-05;-11.417;-11.415;-99.990;0.00;156.22;
2025-11-03 15:34:27.92;0.00:00:15:863;-1.00;0.00;0.00;0.07215;-0.07218;-0.0002893;0.0001383;-89.89;0.05;100.04;0.19;100.04;0.07215;0.07218;-2.972E-05;-11.418;-11.416;-99.990;0.00;154.46;
2025-11-03 15:34:27.97;0.00:00:15:914;-1.00;0.00;0.00;0.0721;-0.07213;-0.0002844;0.0001406;-89.89;0.06;100.05;0.19;100.05;0.0721;0.07213;-3.36E-05;-11.421;-11.419;-99.990;0.00;153.70;
2025-11-03 15:34:28.02;0.00:00:15:961;-1.00;0.00;0.00;0.07214;-0.07218;-0.0002791;0.0001336;-89.89;0.05;100.05;0.19;100.05;0.07214;0.07218;-3.621E-05;-11.418;-11.416;-99.990;0.00;154.42;
2025-11-03 15:34:28.09;0.00:00:16:029;-1.00;0.00;0.00;0.07207;-0.0721;-0.0002907;0.000137;-89.88;0.05;100.04;0.19;100.04;0.07207;0.0721;-2.89E-05;-11.423;-11.421;-99.990;0.00;154.77;
2025-11-03 15:34:28.14;0.00:00:16:079;-1.00;0.00;0.00;0.07211;-0.07214;-0.000302;0.0001383;-89.88;0.05;100.05;0.19;100.05;0.07211;0.07214;-3.274E-05;-11.420;-11.418;-99.990;0.00;155.39;
2025-11-03 15:34:28.19;0.00:00:16:131;-1.00;0.00;0.00;0.07211;-0.07214;-0.0002748;0.0001335;-89.89;0.05;100.05;0.19;100.05;0.07211;0.07214;-3.31E-05;-11.420;-11.418;-99.990;0.00;154.09;
2025-11-03 15:34:28.24;0.00:00:16:181;-1.00;0.00;0.00;0.07203;-0.07206;-0.0002935;0.0001301;-89.88;0.05;100.05;0.18;100.05;0.07203;0.07207;-3.421E-05;-11.425;-11.423;-99.990;0.00;156.10;
2025-11-03 15:34:28.29;0.00:00:16:233;-1.00;0.00;0.00;0.07211;-0.07215;-0.000285;0.0001304;-89.89;0.05;100.04;0.18;100.04;0.07211;0.07215;-3.144E-05;-11.420;-11.418;-99.990;0.00;155.41;
2025-11-03 15:34:28.35;0.00:00:16:294;-1.00;0.00;0.00;0.07223;-0.07227;-0.0002822;0.0001322;-89.89;0.05;100.05;0.18;100.05;0.07223;0.07227;-3.619E-05;-11.413;-11.411;-99.990;0.00;154.90;
2025-11-03 15:34:28.40;0.00:00:16:341;-1.00;0.00;0.00;0.07209;-0.07212;-0.0002921;0.0001407;-89.88;0.06;100.05;0.20;100.05;0.07209;0.07212;-3.302E-05;-11.421;-11.419;-99.990;0.00;154.29;
2025-11-03 15:34:28.45;0.00:00:16:388;-1.00;0.00;0.00;0.07202;-0.07205;-0.0002966;0.0001324;-89.88;0.05;100.04;0.18;100.04;0.07202;0.07205;-3.068E-05;-11.426;-11.424;-99.990;0.00;155.94;
2025-11-03 15:34:28.49;0.00:00:16:434;-1.00;0.00;0.00;0.07213;-0.07217;-0.0002842;0.0001309;-89.89;0.05;100.05;0.18;100.05;0.07213;0.07217;-3.376E-05;-11.419;-11.417;-99.990;0.00;155.27;
2025-11-03 15:34:28.55;0.00:00:16:495;-1.00;0.00;0.00;0.07218;-0.07222;-0.0002804;0.000134;-89.89;0.05;100.05;0.19;100.05;0.07218;0.07222;-3.349E-05;-11.416;-11.414;-99.990;0.00;154.46;
2025-11-03 15:34:28.60;0.00:00:16:543;-1.00;0.00;0.00;0.0722;-0.07223;-0.0002986;0.0001331;-89.88;0.05;100.04;0.18;100.04;0.0722;0.07223;-3.076E-05;-11.415;-11.413;-99.990;0.00;155.98;
2025-11-03 15:34:28.65;0.00:00:16:591;-1.00;0.00;0.00;0.07216;-0.07219;-0.0002936;0.0001333;-89.88;0.05;100.04;0.18;100.04;0.07216;0.07219;-3.06E-05;-11.417;-11.415;-99.990;0.00;155.58;
2025-11-03 15:34:28.70;0.00:00:16:637;-1.00;0.00;0.00;0.07207;-0.07209;-0.0002935;0.0001287;-89.88;0.05;100.04;0.18;100.04;0.07207;0.0721;-3.027E-05;-11.423;-11.421;-99.990;0.00;156.32;
2025-11-03 15:34:28.74;0.00:00:16:684;-1.00;0.00;0.00;0.07208;-0.07211;-0.0002751;0.0001327;-89.89;0.05;100.04;0.18;100.04;0.07208;0.07211;-3.128E-05;-11.422;-11.420;-99.990;0.00;154.25;
2025-11-03 15:34:28.79;0.00:00:16:731;-1.00;0.00;0.00;0.07213;-0.07216;-0.0002809;0.0001302;-89.89;0.05;100.05;0.18;100.05;0.07213;0.07216;-3.368E-05;-11.419;-11.417;-99.990;0.00;155.13;
2025-11-03 15:34:28.84;0.00:00:16:776;-1.00;0.00;0.00;0.07218;-0.07221;-0.0002874;0.0001337;-89.89;0.05;100.05;0.19;100.05;0.07218;0.07221;-3.291E-05;-11.416;-11.414;-99.990;0.00;155.05;
2025-11-03 15:34:28.88;0.00:00:16:824;-1.00;0.00;0.00;0.07216;-0.07219;-0.0002976;0.0001296;-89.88;0.05;100.04;0.18;100.04;0.07216;0.07219;-3.182E-05;-11.417;-11.415;-99.990;0.00;156.46;
2025-11-03 15:34:28.93;0.00:00:16:872;-1.00;0.00;0.00;0.07208;-0.07211;-0.0003009;0.0001266;-89.88;0.05;100.04;0.18;100.04;0.07208;0.07211;-2.898E-05;-11.422;-11.420;-99.990;0.00;157.18;
2025-11-03 15:34:28.98;0.00:00:16:917;-1.00;0.00;0.00;0.07214;-0.07217;-0.0002796;0.0001289;-89.89;0.05;100.05;0.18;100.05;0.07214;0.07217;-3.477E-05;-11.418;-11.416;-99.990;0.00;155.26;
2025-11-03 15:34:29.02;0.00:00:16:964;-1.00;0.00;0.00;0.07213;-0.07216;-0.0003;0.0001342;-89.88;0.05;100.04;0.19;100.04;0.07213;0.07216;-3.13E-05;-11.419;-11.417;-99.990;0.00;155.90;
2025-11-03 15:34:29.07;0.00:00:17:013;-1.00;0.00;0.00;0.07205;-0.07208;-0.0002829;0.0001323;-89.89;0.05;100.04;0.18;100.04;0.07205;0.07208;-3.098E-05;-11.424;-11.422;-99.990;0.00;154.94;
2025-11-03 15:34:29.13;0.00:00:17:072;-1.00;0.00;0.00;0.07202;-0.07206;-0.0002825;0.0001328;-89.89;0.05;100.05;0.18;100.05;0.07202;0.07206;-3.306E-05;-11.425;-11.423;-99.990;0.00;154.82;
2025-11-03 15:34:29.18;0.00:00:17:120;-1.00;0.00;0.00;0.07211;-0.07214;-0.0002713;0.0001286;-89.89;0.05;100.04;0.18;100.04;0.07211;0.07214;-3.158E-05;-11.420;-11.418;-99.990;0.00;154.64;
2025-11-03 15:34:29.23;0.00:00:17:170;-1.00;0.00;0.00;0.07226;-0.07229;-0.0003038;0.0001279;-89.88;0.05;100.04;0.18;100.04;0.07226;0.0723;-3.006E-05;-11.411;-11.409;-99.990;0.00;157.17;
2025-11-03 15:34:29.29;0.00:00:17:230;-1.00;0.00;0.00;0.07217;-0.0722;-0.0002926;0.0001347;-89.88;0.05;100.04;0.19;100.04;0.07217;0.0722;-3.06E-05;-11.417;-11.415;-99.990;0.00;155.27;
2025-11-03 15:34:29.34;0.00:00:17:277;-1.00;0.00;0.00;0.07213;-0.07216;-0.0002958;0.0001361;-89.88;0.05;100.04;0.19;100.04;0.07213;0.07216;-3.217E-05;-11.419;-11.417;-99.990;0.00;155.28;
2025-11-03 15:34:29.38;0.00:00:17:325;-1.00;0.00;0.00;0.07219;-0.07222;-0.0002726;0.0001234;-89.89;0.05;100.05;0.17;100.05;0.07219;0.07222;-3.35E-05;-11.415;-11.413;-99.990;0.00;155.65;
2025-11-03 15:34:29.43;0.00:00:17:373;-1.00;0.00;0.00;0.07225;-0.07228;-0.0002874;0.0001331;-89.89;0.05;100.04;0.18;100.04;0.07225;0.07228;-3.114E-05;-11.412;-11.410;-99.990;0.00;155.15;
2025-11-03 15:34:29.48;0.00:00:17:420;-1.00;0.00;0.00;0.07226;-0.07229;-0.0002859;0.0001287;-89.89;0.05;100.04;0.18;100.04;0.07226;0.07229;-3.201E-05;-11.411;-11.409;-99.990;0.00;155.77;
2025-11-03 15:34:29.53;0.00:00:17:467;-1.00;0.00;0.00;0.07225;-0.07228;-0.0003055;0.000129;-89.88;0.05;100.04;0.18;100.04;0.07225;0.07228;-2.955E-05;-11.411;-11.410;-99.990;0.00;157.11;
2025-11-03 15:34:29.57;0.00:00:17:513;-1.00;0.00;0.00;0.07226;-0.07229;-0.0002947;0.0001275;-89.88;0.05;100.04;0.18;100.04;0.07226;0.0723;-3.086E-05;-11.411;-11.409;-99.990;0.00;156.61;
2025-11-03 15:34:29.63;0.00:00:17:574;-1.00;0.00;0.00;0.07229;-0.07232;-0.0003003;0.0001357;-89.88;0.05;100.04;0.19;100.04;0.07229;0.07232;-3.036E-05;-11.409;-11.407;-99.990;0.00;155.68;
2025-11-03 15:34:29.68;0.00:00:17:621;-1.00;0.00;0.00;0.07221;-0.07225;-0.0002967;0.0001249;-89.88;0.05;100.05;0.17;100.05;0.07221;0.07225;-3.264E-05;-11.414;-11.412;-99.990;0.00;157.17;
2025-11-03 15:34:29.73;0.00:00:17:668;-1.00;0.00;0.00;0.07222;-0.07225;-0.0002961;0.000135;-89.88;0.05;100.05;0.19;100.05;0.07222;0.07226;-3.416E-05;-11.413;-11.411;-99.990;0.00;155.49;
2025-11-03 15:34:29.77;0.00:00:17:714;-1.00;0.00;0.00;0.0721;-0.07214;-0.0002908;0.0001346;-89.88;0.05;100.04;0.19;100.04;0.0721;0.07214;-3.245E-05;-11.420;-11.418;-99.990;0.00;155.17;
2025-11-03 15:34:29.82;0.00:00:17:760;-1.00;0.00;0.00;0.07206;-0.07209;-0.0002877;0.0001238;-89.89;0.05;100.04;0.17;100.04;0.07206;0.07209;-3.099E-05;-11.423;-11.421;-99.990;0.00;156.72;
2025-11-03 15:34:29.87;0.00:00:17:807;-1.00;0.00;0.00;0.07205;-0.07208;-0.0002993;0.0001276;-89.88;0.05;100.04;0.18;100.04;0.07205;0.07208;-3.004E-05;-11.424;-11.422;-99.990;0.00;156.91;
2025-11-03 15:34:29.91;0.00:00:17:854;-1.00;0.00;0.00;0.07208;-0.07212;-0.0002757;0.0001311;-89.89;0.05;100.05;0.18;100.05;0.07208;0.07212;-3.654E-05;-11.422;-11.420;-99.990;0.00;154.57;
2025-11-03 15:34:29.96;0.00:00:17:903;-1.00;0.00;0.00;0.07218;-0.07222;-0.0002933;0.0001371;-89.88;0.05;100.05;0.19;100.05;0.07218;0.07222;-3.486E-05;-11.416;-11.414;-99.990;0.00;154.94;
2025-11-03 15:34:30.02;0.00:00:17:962;-1.00;0.00;0.00;0.07214;-0.07218;-0.0002902;0.0001281;-89.88;0.05;100.05;0.18;100.05;0.07214;0.07218;-3.34E-05;-11.418;-11.416;-99.990;0.00;156.19;
2025-11-03 15:34:30.07;0.00:00:18:009;-1.00;0.00;0.00;0.07202;-0.07205;-0.0002936;0.0001321;-89.88;0.05;100.05;0.18;100.05;0.07202;0.07205;-3.262E-05;-11.425;-11.424;-99.990;0.00;155.77;
2025-11-03 15:34:30.12;0.00:00:18:057;-1.00;0.00;0.00;0.07202;-0.07205;-0.0002875;0.0001292;-89.89;0.05;100.05;0.18;100.05;0.07202;0.07205;-3.342E-05;-11.425;-11.423;-99.990;0.00;155.81;
2025-11-03 15:34:30.16;0.00:00:18:103;-1.00;0.00;0.00;0.07201;-0.07204;-0.0002881;0.0001307;-89.89;0.05;100.04;0.18;100.04;0.07201;0.07204;-3.205E-05;-11.426;-11.424;-99.990;0.00;155.59;
2025-11-03 15:34:30.21;0.00:00:18:151;-1.00;0.00;0.00;0.07202;-0.07205;-0.0002937;0.0001291;-89.88;0.05;100.04;0.18;100.04;0.07202;0.07205;-3.183E-05;-11.425;-11.424;-99.990;0.00;156.28;
2025-11-03 15:34:30.26;0.00:00:18:196;-1.00;0.00;0.00;0.07205;-0.07208;-0.0002879;0.0001335;-89.89;0.05;100.05;0.19;100.05;0.07205;0.07208;-3.257E-05;-11.424;-11.422;-99.990;0.00;155.13;
2025-11-03 15:34:30.30;0.00:00:18:243;-1.00;0.00;0.00;0.07216;-0.07219;-0.0002927;0.0001197;-89.88;0.05;100.05;0.17;100.04;0.07216;0.07219;-3.254E-05;-11.417;-11.415;-99.990;0.00;157.75;
2025-11-03 15:34:30.35;0.00:00:18:290;-1.00;0.00;0.00;0.07222;-0.07225;-0.000285;0.0001341;-89.89;0.05;100.04;0.19;100.04;0.07222;0.07225;-3.235E-05;-11.414;-11.412;-99.990;0.00;154.80;
2025-11-03 15:34:30.40;0.00:00:18:339;-1.00;0.00;0.00;0.07213;-0.07216;-0.0003026;0.0001341;-89.88;0.05;100.04;0.19;100.04;0.07213;0.07216;-3.008E-05;-11.419;-11.417;-99.990;0.00;156.09;
2025-11-03 15:34:30.44;0.00:00:18:385;-1.00;0.00;0.00;0.07207;-0.0721;-0.0002948;0.0001321;-89.88;0.05;100.04;0.18;100.04;0.07207;0.0721;-3.164E-05;-11.423;-11.421;-99.990;0.00;155.87;
2025-11-03 15:34:30.49;0.00:00:18:431;-1.00;0.00;0.00;0.07203;-0.07207;-0.0002934;0.0001331;-89.88;0.05;100.04;0.18;100.04;0.07203;0.07207;-3.191E-05;-11.425;-11.423;-99.990;0.00;155.59;
2025-11-03 15:34:30.54;0.00:00:18:479;-1.00;0.00;0.00;0.07194;-0.07197;-0.0002885;0.0001326;-89.89;0.05;100.05;0.18;100.05;0.07194;0.07197;-3.496E-05;-11.430;-11.428;-99.990;0.00;155.32;
2025-11-03 15:34:30.59;0.00:00:18:531;-1.00;0.00;0.00;0.07198;-0.07201;-0.0002933;0.0001238;-89.88;0.05;100.05;0.17;100.05;0.07198;0.07201;-3.275E-05;-11.428;-11.426;-99.990;0.00;157.12;
2025-11-03 15:34:30.65;0.00:00:18:590;-1.00;0.00;0.00;0.07208;-0.07211;-0.0002758;0.0001235;-89.89;0.05;100.05;0.17;100.05;0.07208;0.07211;-3.438E-05;-11.422;-11.420;-99.990;0.00;155.88;
2025-11-03 15:34:30.70;0.00:00:18:639;-1.00;0.00;0.00;0.0721;-0.07214;-0.000287;0.0001285;-89.89;0.05;100.04;0.18;100.04;0.0721;0.07214;-3.23E-05;-11.420;-11.418;-99.990;0.00;155.88;
2025-11-03 15:34:30.75;0.00:00:18:687;-1.00;0.00;0.00;0.07214;-0.07217;-0.0002727;0.0001272;-89.89;0.05;100.04;0.18;100.04;0.07214;0.07217;-3.217E-05;-11.418;-11.417;-99.990;0.00;155.00;
2025-11-03 15:34:30.80;0.00:00:18:744;-1.00;0.00;0.00;0.07222;-0.07225;-0.0002815;0.0001314;-89.89;0.05;100.04;0.18;100.04;0.07222;0.07225;-3.149E-05;-11.413;-11.411;-99.990;0.00;154.98;
2025-11-03 15:34:30.85;0.00:00:18:792;-1.00;0.00;0.00;0.07215;-0.07217;-0.0003023;0.0001359;-89.88;0.05;100.04;0.19;100.04;0.07215;0.07217;-2.864E-05;-11.418;-11.416;-99.990;0.00;155.80;
2025-11-03 15:34:30.91;0.00:00:18:856;-1.00;0.00;0.00;0.07212;-0.07215;-0.0002869;0.0001293;-89.89;0.05;100.04;0.18;100.04;0.07212;0.07215;-3.144E-05;-11.419;-11.417;-99.990;0.00;155.73;
2025-11-03 15:34:30.96;0.00:00:18:904;-1.00;0.00;0.00;0.0721;-0.07213;-0.0002887;0.000126;-89.89;0.05;100.05;0.17;100.05;0.0721;0.07213;-3.273E-05;-11.421;-11.419;-99.990;0.00;156.43;
2025-11-03 15:34:31.01;0.00:00:18:949;-1.00;0.00;0.00;0.07208;-0.07211;-0.0002934;0.0001344;-89.88;0.05;100.04;0.19;100.04;0.07208;0.07211;-2.934E-05;-11.422;-11.420;-99.990;0.00;155.39;
2025-11-03 15:34:31.06;0.00:00:19:006;-1.00;0.00;0.00;0.07204;-0.07207;-0.0002818;0.0001198;-89.89;0.05;100.04;0.17;100.04;0.07204;0.07207;-3.141E-05;-11.425;-11.423;-99.990;0.00;156.97;
2025-11-03 15:34:31.12;0.00:00:19:056;-1.00;0.00;0.00;0.07226;-0.0723;-0.0002677;0.0001321;-89.89;0.05;100.05;0.18;100.05;0.07226;0.0723;-3.584E-05;-11.411;-11.409;-99.990;0.00;153.74;
2025-11-03 15:34:31.17;0.00:00:19:113;-1.00;0.00;0.00;0.07214;-0.07217;-0.0002752;0.0001252;-89.89;0.05;100.05;0.17;100.05;0.07214;0.07217;-3.362E-05;-11.418;-11.416;-99.990;0.00;155.53;
2025-11-03 15:34:31.23;0.00:00:19:171;-1.00;0.00;0.00;0.07209;-0.07212;-0.000291;0.0001315;-89.88;0.05;100.04;0.18;100.04;0.07209;0.07212;-3.086E-05;-11.421;-11.419;-99.990;0.00;155.68;
2025-11-03 15:34:31.28;0.00:00:19:222;-1.00;0.00;0.00;0.07211;-0.07214;-0.0002869;0.0001246;-89.89;0.05;100.04;0.17;100.04;0.07211;0.07214;-2.964E-05;-11.420;-11.418;-99.990;0.00;156.52;
2025-11-03 15:34:31.34;0.00:00:19:281;-1.00;0.00;0.00;0.07252;-0.07256;-0.00026;0.0001343;-89.90;0.05;100.06;0.19;100.06;0.07252;0.07256;-4.018E-05;-11.395;-11.393;-99.990;0.00;152.68;
2025-11-03 15:34:31.39;0.00:00:19:331;-1.00;0.00;0.00;0.07243;-0.07246;-0.0003141;0.0001407;-89.88;0.06;100.04;0.19;100.04;0.07243;0.07246;-2.694E-05;-11.401;-11.399;-99.990;0.00;155.87;
2025-11-03 15:34:31.44;0.00:00:19:380;-1.00;0.00;0.00;0.07221;-0.07224;-0.0003036;0.0001393;-89.88;0.06;100.04;0.19;100.04;0.07221;0.07224;-2.989E-05;-11.414;-11.412;-99.990;0.00;155.35;
2025-11-03 15:34:31.50;0.00:00:19:436;-1.00;0.00;0.00;0.07204;-0.07207;-0.0002807;0.0001225;-89.89;0.05;100.04;0.17;100.04;0.07204;0.07208;-3.228E-05;-11.424;-11.422;-99.990;0.00;156.43;
2025-11-03 15:34:31.55;0.00:00:19:489;-1.00;0.00;0.00;0.07207;-0.07211;-0.000287;0.0001342;-89.89;0.05;100.05;0.19;100.05;0.07207;0.07211;-3.38E-05;-11.422;-11.420;-99.990;0.00;154.95;
2025-11-03 15:34:31.61;0.00:00:19:547;-1.00;0.00;0.00;0.07228;-0.07232;-0.0002805;0.0001269;-89.89;0.05;100.05;0.18;100.05;0.07228;0.07232;-3.513E-05;-11.410;-11.408;-99.990;0.00;155.66;
2025-11-03 15:34:31.65;0.00:00:19:593;-1.00;0.00;0.00;0.07223;-0.07226;-0.0002986;0.0001323;-89.88;0.05;100.04;0.18;100.04;0.07223;0.07226;-3.048E-05;-11.413;-11.411;-99.990;0.00;156.10;
2025-11-03 15:34:31.70;0.00:00:19:639;-1.00;0.00;0.00;0.07221;-0.07224;-0.0002866;0.0001278;-89.89;0.05;100.04;0.18;100.04;0.07221;0.07224;-3.12E-05;-11.414;-11.412;-99.990;0.00;155.97;
2025-11-03 15:34:31.75;0.00:00:19:690;-1.00;0.00;0.00;0.07226;-0.07229;-0.0002826;0.0001322;-89.89;0.05;100.05;0.18;100.05;0.07226;0.07229;-3.331E-05;-11.411;-11.409;-99.990;0.00;154.93;
2025-11-03 15:34:31.80;0.00:00:19:743;-1.00;0.00;0.00;0.07225;-0.07228;-0.0002837;0.0001308;-89.89;0.05;100.05;0.18;100.05;0.07225;0.07228;-3.331E-05;-11.412;-11.410;-99.990;0.00;155.24;
2025-11-03 15:34:31.85;0.00:00:19:789;-1.00;0.00;0.00;0.07224;-0.07227;-0.0002992;0.0001288;-89.88;0.05;100.04;0.18;100.04;0.07224;0.07227;-3.178E-05;-11.412;-11.410;-99.990;0.00;156.72;
2025-11-03 15:34:31.90;0.00:00:19:840;-1.00;0.00;0.00;0.07229;-0.07233;-0.0002865;0.0001308;-89.89;0.05;100.05;0.18;100.05;0.07229;0.07233;-3.289E-05;-11.409;-11.407;-99.990;0.00;155.46;
2025-11-03 15:34:31.96;0.00:00:19:900;-1.00;0.00;0.00;0.07224;-0.07227;-0.0003056;0.0001315;-89.88;0.05;100.04;0.18;100.04;0.07224;0.07227;-3.027E-05;-11.412;-11.411;-99.990;0.00;156.72;
2025-11-03 15:34:32.01;0.00:00:19:952;-1.00;0.00;0.00;0.07213;-0.07215;-0.0002887;0.0001231;-89.89;0.05;100.04;0.17;100.04;0.07213;0.07215;-2.921E-05;-11.419;-11.417;-99.990;0.00;156.90;
2025-11-03 15:34:32.07;0.00:00:20:006;-1.00;0.00;0.00;0.07217;-0.0722;-0.000292;0.0001376;-89.88;0.05;100.04;0.19;100.04;0.07217;0.0722;-3.132E-05;-11.417;-11.415;-99.990;0.00;154.77;
2025-11-03 15:34:32.12;0.00:00:20:066;-1.00;0.00;0.00;0.07205;-0.07208;-0.0002965;0.0001393;-89.88;0.06;100.04;0.19;100.04;0.07205;0.07208;-3.177E-05;-11.424;-11.422;-99.990;0.00;154.83;
2025-11-03 15:34:32.17;0.00:00:20:113;-1.00;0.00;0.00;0.07227;-0.0723;-0.0002764;0.0001308;-89.89;0.05;100.05;0.18;100.05;0.07227;0.0723;-3.346E-05;-11.410;-11.408;-99.990;0.00;154.67;
2025-11-03 15:34:32.22;0.00:00:20:158;-1.00;0.00;0.00;0.07222;-0.07225;-0.0002861;0.0001246;-89.89;0.05;100.04;0.17;100.04;0.07222;0.07225;-3.105E-05;-11.414;-11.412;-99.990;0.00;156.47;
2025-11-03 15:34:32.28;0.00:00:20:216;-1.00;0.00;0.00;0.07217;-0.0722;-0.0002896;0.0001322;-89.89;0.05;100.04;0.18;100.04;0.07217;0.0722;-3.125E-05;-11.417;-11.415;-99.990;0.00;155.46;
2025-11-03 15:34:32.33;0.00:00:20:270;-1.00;0.00;0.00;0.07211;-0.07214;-0.0003012;0.0001346;-89.88;0.05;100.04;0.19;100.04;0.07211;0.07214;-3.036E-05;-11.420;-11.418;-99.990;0.00;155.92;
2025-11-03 15:34:32.38;0.00:00:20:319;-1.00;0.00;0.00;0.07206;-0.0721;-0.0002716;0.0001201;-89.89;0.05;100.05;0.17;100.05;0.07206;0.0721;-3.329E-05;-11.423;-11.421;-99.990;0.00;156.14;
2025-11-03 15:34:32.43;0.00:00:20:372;-1.00;0.00;0.00;0.07224;-0.07227;-0.0002786;0.0001239;-89.89;0.05;100.05;0.17;100.05;0.07224;0.07227;-3.33E-05;-11.412;-11.410;-99.990;0.00;156.02;
2025-11-03 15:34:32.48;0.00:00:20:423;-1.00;0.00;0.00;0.07232;-0.07235;-0.0002902;0.00013;-89.89;0.05;100.04;0.18;100.04;0.07232;0.07235;-2.958E-05;-11.407;-11.406;-99.990;0.00;155.87;
2025-11-03 15:34:32.54;0.00:00:20:476;-1.00;0.00;0.00;0.07219;-0.07222;-0.0002889;0.000122;-89.89;0.05;100.05;0.17;100.05;0.07219;0.07222;-3.472E-05;-11.415;-11.413;-99.990;0.00;157.11;
2025-11-03 15:34:32.58;0.00:00:20:522;-1.00;0.00;0.00;0.07223;-0.07226;-0.0002855;0.0001272;-89.89;0.05;100.04;0.18;100.04;0.07223;0.07226;-3.12E-05;-11.413;-11.411;-99.990;0.00;155.98;
2025-11-03 15:34:32.64;0.00:00:20:583;-1.00;0.00;0.00;0.07222;-0.07225;-0.0002967;0.0001251;-89.88;0.05;100.04;0.17;100.04;0.07222;0.07225;-3.235E-05;-11.414;-11.412;-99.990;0.00;157.13;
2025-11-03 15:34:32.69;0.00:00:20:630;-1.00;0.00;0.00;0.07226;-0.07229;-0.0002749;0.0001249;-89.89;0.05;100.05;0.17;100.05;0.07226;0.07229;-3.367E-05;-11.411;-11.409;-99.990;0.00;155.56;
2025-11-03 15:34:32.74;0.00:00:20:686;-1.00;0.00;0.00;0.07246;-0.07249;-0.0002881;0.0001316;-89.89;0.05;100.05;0.18;100.05;0.07246;0.07249;-3.29E-05;-11.399;-11.397;-99.990;0.00;155.46;
2025-11-03 15:34:32.79;0.00:00:20:735;-1.00;0.00;0.00;0.07238;-0.07242;-0.0002929;0.0001363;-89.88;0.05;100.04;0.19;100.04;0.07238;0.07242;-3.221E-05;-11.404;-11.402;-99.990;0.00;155.05;
2025-11-03 15:34:32.85;0.00:00:20:788;-1.00;0.00;0.00;0.07235;-0.07238;-0.0002999;0.0001349;-89.88;0.05;100.04;0.19;100.04;0.07235;0.07239;-3.024E-05;-11.405;-11.404;-99.990;0.00;155.78;
2025-11-03 15:34:32.90;0.00:00:20:836;-1.00;0.00;0.00;0.07227;-0.0723;-0.0002884;0.0001258;-89.89;0.05;100.04;0.17;100.04;0.07227;0.0723;-3.223E-05;-11.411;-11.409;-99.990;0.00;156.44;
2025-11-03 15:34:32.95;0.00:00:20:888;-1.00;0.00;0.00;0.07224;-0.07228;-0.0002948;0.0001307;-89.88;0.05;100.05;0.18;100.05;0.07224;0.07228;-3.28E-05;-11.412;-11.410;-99.990;0.00;156.09;
2025-11-03 15:34:33.00;0.00:00:20:938;-1.00;0.00;0.00;0.07214;-0.07217;-0.0002933;0.0001288;-89.88;0.05;100.04;0.18;100.04;0.07214;0.07217;-2.987E-05;-11.418;-11.416;-99.990;0.00;156.29;
2025-11-03 15:34:33.05;0.00:00:20:988;-1.00;0.00;0.00;0.07209;-0.07212;-0.0002817;0.000126;-89.89;0.05;100.04;0.17;100.04;0.07209;0.07212;-3.143E-05;-11.421;-11.419;-99.990;0.00;155.90;
2025-11-03 15:34:33.10;0.00:00:21:036;-1.00;0.00;0.00;0.07221;-0.07224;-0.0002861;0.0001298;-89.89;0.05;100.05;0.18;100.05;0.07221;0.07224;-3.408E-05;-11.414;-11.412;-99.990;0.00;155.60;
2025-11-03 15:34:33.15;0.00:00:21:091;-1.00;0.00;0.00;0.07217;-0.0722;-0.0002906;0.000125;-89.88;0.05;100.04;0.17;100.04;0.07217;0.0722;-3.197E-05;-11.416;-11.414;-99.990;0.00;156.72;
2025-11-03 15:34:33.20;0.00:00:21:141;-1.00;0.00;0.00;0.07213;-0.07216;-0.0002981;0.0001255;-89.88;0.05;100.05;0.17;100.05;0.07213;0.07216;-3.267E-05;-11.419;-11.417;-99.990;0.00;157.17;
2025-11-03 15:34:33.25;0.00:00:21:192;-1.00;0.00;0.00;0.07214;-0.07217;-0.0002913;0.0001223;-89.88;0.05;100.04;0.17;100.04;0.07214;0.07217;-3.052E-05;-11.418;-11.416;-99.990;0.00;157.23;
2025-11-03 15:34:33.30;0.00:00:21:244;-1.00;0.00;0.00;0.07212;-0.07215;-0.000295;0.0001293;-89.88;0.05;100.05;0.18;100.05;0.07212;0.07215;-3.296E-05;-11.419;-11.417;-99.990;0.00;156.34;
2025-11-03 15:34:33.37;0.00:00:21:307;-1.00;0.00;0.00;0.07203;-0.07206;-0.0002843;0.0001313;-89.89;0.05;100.04;0.18;100.04;0.07203;0.07206;-3.133E-05;-11.425;-11.423;-99.990;0.00;155.21;
2025-11-03 15:34:33.41;0.00:00:21:352;-1.00;0.00;0.00;0.07205;-0.07208;-0.0002877;0.000132;-89.89;0.05;100.04;0.18;100.04;0.07205;0.07209;-3.199E-05;-11.423;-11.422;-99.990;0.00;155.35;
2025-11-03 15:34:33.46;0.00:00:21:400;-1.00;0.00;0.00;0.07207;-0.07209;-0.000284;0.0001301;-89.89;0.05;100.04;0.18;100.04;0.07207;0.0721;-3.041E-05;-11.423;-11.421;-99.990;0.00;155.38;
2025-11-03 15:34:33.52;0.00:00:21:458;-1.00;0.00;0.00;0.07209;-0.07212;-0.0002986;0.000122;-89.88;0.05;100.05;0.17;100.05;0.07209;0.07212;-3.338E-05;-11.421;-11.419;-99.990;0.00;157.78;
2025-11-03 15:34:33.57;0.00:00:21:510;-1.00;0.00;0.00;0.07219;-0.07222;-0.0002818;0.0001266;-89.89;0.05;100.04;0.18;100.04;0.07219;0.07222;-3.046E-05;-11.415;-11.414;-99.990;0.00;155.81;
2025-11-03 15:34:33.62;0.00:00:21:562;-1.00;0.00;0.00;0.07219;-0.07223;-0.0002852;0.0001263;-89.89;0.05;100.05;0.17;100.05;0.07219;0.07223;-3.501E-05;-11.415;-11.413;-99.990;0.00;156.11;
2025-11-03 15:34:33.67;0.00:00:21:614;-1.00;0.00;0.00;0.07227;-0.0723;-0.0002906;0.0001304;-89.88;0.05;100.04;0.18;100.04;0.07227;0.0723;-2.913E-05;-11.410;-11.408;-99.990;0.00;155.84;
2025-11-03 15:34:33.73;0.00:00:21:669;-1.00;0.00;0.00;0.07226;-0.07229;-0.0002815;0.0001274;-89.89;0.05;100.04;0.18;100.04;0.07226;0.07229;-3.15E-05;-11.411;-11.409;-99.990;0.00;155.65;
2025-11-03 15:34:33.78;0.00:00:21:722;-1.00;0.00;0.00;0.07227;-0.07231;-0.0002948;0.0001297;-89.88;0.05;100.05;0.18;100.05;0.07227;0.07231;-3.317E-05;-11.410;-11.408;-99.990;0.00;156.25;
2025-11-03 15:34:33.83;0.00:00:21:774;-1.00;0.00;0.00;0.07224;-0.07227;-0.0002894;0.0001217;-89.89;0.05;100.05;0.17;100.05;0.07224;0.07227;-3.273E-05;-11.412;-11.410;-99.990;0.00;157.19;
2025-11-03 15:34:33.88;0.00:00:21:824;-1.00;0.00;0.00;0.07227;-0.0723;-0.0002901;0.0001263;-89.89;0.05;100.04;0.17;100.04;0.07227;0.0723;-3.072E-05;-11.410;-11.408;-99.990;0.00;156.47;
2025-11-03 15:34:33.94;0.00:00:21:877;-1.00;0.00;0.00;0.07234;-0.07238;-0.000288;0.0001281;-89.89;0.05;100.05;0.18;100.05;0.07234;0.07238;-3.487E-05;-11.406;-11.404;-99.990;0.00;156.01;
2025-11-03 15:34:33.99;0.00:00:21:928;-1.00;0.00;0.00;0.07237;-0.0724;-0.0002914;0.0001279;-89.88;0.05;100.04;0.18;100.04;0.07237;0.0724;-3.206E-05;-11.405;-11.403;-99.990;0.00;156.30;
2025-11-03 15:34:34.05;0.00:00:21:992;-1.00;0.00;0.00;0.07222;-0.07224;-0.0002889;0.0001324;-89.89;0.05;100.04;0.18;100.04;0.07222;0.07224;-2.939E-05;-11.414;-11.412;-99.990;0.00;155.37;
2025-11-03 15:34:34.10;0.00:00:22:043;-1.00;0.00;0.00;0.07207;-0.0721;-0.0002871;0.0001244;-89.89;0.05;100.04;0.17;100.04;0.07207;0.0721;-3.07E-05;-11.423;-11.421;-99.990;0.00;156.57;
2025-11-03 15:34:34.16;0.00:00:22:099;-1.00;0.00;0.00;0.07217;-0.0722;-0.0002786;0.0001174;-89.89;0.05;100.05;0.16;100.05;0.07217;0.0722;-3.45E-05;-11.416;-11.414;-99.990;0.00;157.16;
2025-11-03 15:34:34.21;0.00:00:22:152;-1.00;0.00;0.00;0.07222;-0.07225;-0.000297;0.0001321;-89.88;0.05;100.04;0.18;100.04;0.07222;0.07225;-2.723E-05;-11.413;-11.412;-99.990;0.00;156.02;
2025-11-03 15:34:34.27;0.00:00:22:207;-1.00;0.00;0.00;0.07203;-0.07206;-0.0002957;0.0001303;-89.88;0.05;100.04;0.18;100.04;0.07203;0.07206;-3.047E-05;-11.425;-11.423;-99.990;0.00;156.22;
2025-11-03 15:34:34.32;0.00:00:22:257;-1.00;0.00;0.00;0.07198;-0.07201;-0.0002848;0.0001263;-89.89;0.05;100.04;0.18;100.04;0.07198;0.07202;-3.203E-05;-11.428;-11.426;-99.990;0.00;156.09;
2025-11-03 15:34:34.36;0.00:00:22:306;-1.00;0.00;0.00;0.07209;-0.07212;-0.0002835;0.0001239;-89.89;0.05;100.04;0.17;100.04;0.07209;0.07212;-3.215E-05;-11.421;-11.419;-99.990;0.00;156.40;
2025-11-03 15:34:34.42;0.00:00:22:361;-1.00;0.00;0.00;0.07212;-0.07215;-0.000291;0.0001272;-89.88;0.05;100.04;0.18;100.04;0.07212;0.07215;-3.166E-05;-11.419;-11.418;-99.990;0.00;156.38;
2025-11-03 15:34:34.47;0.00:00:22:412;-1.00;0.00;0.00;0.07198;-0.07202;-0.0002901;0.0001261;-89.88;0.05;100.05;0.18;100.05;0.07198;0.07202;-3.362E-05;-11.428;-11.426;-99.990;0.00;156.51;
2025-11-03 15:34:34.52;0.00:00:22:461;-1.00;0.00;0.00;0.07198;-0.07201;-0.0002861;0.0001315;-89.89;0.05;100.04;0.18;100.04;0.07198;0.07201;-3.167E-05;-11.428;-11.426;-99.990;0.00;155.31;
2025-11-03 15:34:34.57;0.00:00:22:510;-1.00;0.00;0.00;0.07205;-0.07208;-0.0002895;0.0001241;-89.88;0.05;100.05;0.17;100.05;0.07205;0.07208;-3.322E-05;-11.424;-11.422;-99.990;0.00;156.80;
2025-11-03 15:34:34.62;0.00:00:22:561;-1.00;0.00;0.00;0.07212;-0.07215;-0.0002816;0.0001273;-89.89;0.05;100.05;0.18;100.05;0.07212;0.07215;-3.274E-05;-11.420;-11.418;-99.990;0.00;155.67;
2025-11-03 15:34:34.67;0.00:00:22:610;-1.00;0.00;0.00;0.07194;-0.07198;-0.0002809;0.0001224;-89.89;0.05;100.05;0.17;100.05;0.07194;0.07198;-3.396E-05;-11.430;-11.428;-99.990;0.00;156.45;
2025-11-03 15:34:34.72;0.00:00:22:663;-1.00;0.00;0.00;0.07197;-0.072;-0.0002798;0.0001216;-89.89;0.05;100.04;0.17;100.04;0.07197;0.072;-3.138E-05;-11.428;-11.427;-99.990;0.00;156.51;
2025-11-03 15:34:34.78;0.00:00:22:723;-1.00;0.00;0.00;0.07208;-0.07212;-0.0002964;0.0001321;-89.88;0.05;100.05;0.18;100.05;0.07208;0.07212;-3.294E-05;-11.422;-11.420;-99.990;0.00;155.98;
2025-11-03 15:34:34.83;0.00:00:22:775;-1.00;0.00;0.00;0.07205;-0.07208;-0.0002957;0.0001226;-89.88;0.05;100.04;0.17;100.04;0.07205;0.07208;-3.17E-05;-11.424;-11.422;-99.990;0.00;157.49;
2025-11-03 15:34:34.88;0.00:00:22:825;-1.00;0.00;0.00;0.07198;-0.07201;-0.0003051;0.0001309;-89.88;0.05;100.04;0.18;100.04;0.07198;0.07201;-3.045E-05;-11.428;-11.426;-99.990;0.00;156.78;
2025-11-03 15:34:34.95;0.00:00:22:888;-1.00;0.00;0.00;0.07198;-0.07201;-0.0002895;0.000127;-89.88;0.05;100.05;0.18;100.05;0.07198;0.07201;-3.419E-05;-11.428;-11.426;-99.990;0.00;156.32;
2025-11-03 15:34:35.00;0.00:00:22:939;-1.00;0.00;0.00;0.07203;-0.07206;-0.0002744;0.0001342;-89.89;0.05;100.04;0.19;100.04;0.07203;0.07206;-3.097E-05;-11.425;-11.423;-99.990;0.00;153.93;
2025-11-03 15:34:35.05;0.00:00:22:989;-1.00;0.00;0.00;0.072;-0.07203;-0.0002836;0.0001308;-89.89;0.05;100.05;0.18;100.05;0.072;0.07203;-3.305E-05;-11.427;-11.425;-99.990;0.00;155.25;
2025-11-03 15:34:35.10;0.00:00:23:039;-1.00;0.00;0.00;0.07214;-0.07217;-0.0002861;0.0001271;-89.89;0.05;100.04;0.18;100.04;0.07214;0.07217;-3.052E-05;-11.418;-11.416;-99.990;0.00;156.04;
2025-11-03 15:34:35.16;0.00:00:23:099;-1.00;0.00;0.00;0.07205;-0.07208;-0.0003029;0.0001253;-89.88;0.05;100.05;0.17;100.05;0.07205;0.07208;-3.379E-05;-11.424;-11.422;-99.990;0.00;157.53;
2025-11-03 15:34:35.21;0.00:00:23:152;-1.00;0.00;0.00;0.07218;-0.07221;-0.0002903;0.0001387;-89.88;0.06;100.04;0.19;100.04;0.07218;0.07221;-2.894E-05;-11.416;-11.414;-99.990;0.00;154.46;
2025-11-03 15:34:35.26;0.00:00:23:204;-1.00;0.00;0.00;0.07199;-0.07203;-0.0002861;0.0001288;-89.89;0.05;100.05;0.18;100.05;0.07199;0.07203;-3.42E-05;-11.427;-11.425;-99.990;0.00;155.77;
2025-11-03 15:34:35.31;0.00:00:23:255;-1.00;0.00;0.00;0.07209;-0.07212;-0.0002724;0.0001305;-89.89;0.05;100.04;0.18;100.04;0.07209;0.07212;-3.237E-05;-11.421;-11.419;-99.990;0.00;154.39;
2025-11-03 15:34:35.37;0.00:00:23:308;-1.00;0.00;0.00;0.07209;-0.07212;-0.0002872;0.0001237;-89.89;0.05;100.04;0.17;100.04;0.07209;0.07212;-3.035E-05;-11.421;-11.420;-99.990;0.00;156.69;
2025-11-03 15:34:35.42;0.00:00:23:359;-1.00;0.00;0.00;0.07204;-0.07207;-0.0002882;0.000124;-89.89;0.05;100.05;0.17;100.05;0.07204;0.07207;-3.256E-05;-11.424;-11.422;-99.990;0.00;156.72;
2025-11-03 15:34:35.47;0.00:00:23:407;-1.00;0.00;0.00;0.07218;-0.07222;-0.0002758;0.0001265;-89.89;0.05;100.05;0.18;100.05;0.07218;0.07222;-3.551E-05;-11.416;-11.414;-99.990;0.00;155.36;
2025-11-03 15:34:35.52;0.00:00:23:459;-1.00;0.00;0.00;0.07218;-0.07221;-0.000312;0.000126;-89.88;0.05;100.04;0.17;100.04;0.07218;0.07221;-3.053E-05;-11.416;-11.414;-99.990;0.00;158.01;
2025-11-03 15:34:35.57;0.00:00:23:511;-1.00;0.00;0.00;0.07207;-0.0721;-0.0002926;0.0001299;-89.88;0.05;100.04;0.18;100.04;0.07207;0.0721;-3.142E-05;-11.423;-11.421;-99.990;0.00;156.06;
2025-11-03 15:34:35.62;0.00:00:23:561;-1.00;0.00;0.00;0.07202;-0.07205;-0.0002893;0.0001288;-89.88;0.05;100.05;0.18;100.05;0.07202;0.07205;-3.32E-05;-11.425;-11.423;-99.990;0.00;156.00;
2025-11-03 15:34:35.67;0.00:00:23:614;-1.00;0.00;0.00;0.07193;-0.07196;-0.0002862;0.0001308;-89.89;0.05;100.05;0.18;100.05;0.07193;0.07196;-3.323E-05;-11.431;-11.429;-99.990;0.00;155.44;
2025-11-03 15:34:35.72;0.00:00:23:658;-1.00;0.00;0.00;0.07198;-0.07201;-0.0002741;0.0001254;-89.89;0.05;100.05;0.17;100.05;0.07198;0.07201;-3.541E-05;-11.428;-11.426;-99.990;0.00;155.42;
2025-11-03 15:34:35.77;0.00:00:23:715;-1.00;0.00;0.00;0.07218;-0.07221;-0.0002957;0.0001351;-89.88;0.05;100.04;0.19;100.04;0.07218;0.07221;-3.133E-05;-11.416;-11.414;-99.990;0.00;155.45;
2025-11-03 15:34:35.83;0.00:00:23:768;-1.00;0.00;0.00;0.07207;-0.07211;-0.0002894;0.000127;-89.89;0.05;100.05;0.18;100.05;0.07207;0.07211;-3.64E-05;-11.422;-11.420;-99.990;0.00;156.30;
2025-11-03 15:34:35.88;0.00:00:23:819;-1.00;0.00;0.00;0.0721;-0.07213;-0.0002891;0.0001258;-89.89;0.05;100.04;0.17;100.04;0.0721;0.07213;-3.158E-05;-11.421;-11.419;-99.990;0.00;156.48;
2025-11-03 15:34:35.93;0.00:00:23:868;-1.00;0.00;0.00;0.07204;-0.07207;-0.0002886;0.0001267;-89.89;0.05;100.05;0.18;100.05;0.07204;0.07207;-3.386E-05;-11.424;-11.422;-99.990;0.00;156.31;
2025-11-03 15:34:35.99;0.00:00:23:933;-1.00;0.00;0.00;0.07206;-0.07209;-0.0002818;0.0001314;-89.89;0.05;100.04;0.18;100.04;0.07206;0.07209;-3.228E-05;-11.423;-11.421;-99.990;0.00;155.00;
2025-11-03 15:34:36.04;0.00:00:23:978;-1.00;0.00;0.00;0.07208;-0.07211;-0.0002922;0.0001263;-89.88;0.05;100.05;0.18;100.05;0.07208;0.07211;-3.388E-05;-11.422;-11.420;-99.990;0.00;156.63;
2025-11-03 15:34:36.09;0.00:00:24:033;-1.00;0.00;0.00;0.07198;-0.07201;-0.0002949;0.0001364;-89.88;0.05;100.04;0.19;100.04;0.07198;0.07201;-3.081E-05;-11.428;-11.426;-99.990;0.00;155.18;
2025-11-03 15:34:36.15;0.00:00:24:088;-1.00;0.00;0.00;0.07199;-0.07203;-0.0002843;0.0001204;-89.89;0.05;100.05;0.17;100.05;0.07199;0.07203;-3.348E-05;-11.427;-11.425;-99.990;0.00;157.04;
2025-11-03 15:34:36.21;0.00:00:24:149;-1.00;0.00;0.00;0.07209;-0.07212;-0.0003034;0.0001307;-89.88;0.05;100.04;0.18;100.04;0.07209;0.07212;-3.092E-05;-11.421;-11.420;-99.990;0.00;156.69;
2025-11-03 15:34:36.25;0.00:00:24:195;-1.00;0.00;0.00;0.07203;-0.07206;-0.0002933;0.0001296;-89.88;0.05;100.05;0.18;100.05;0.07203;0.07206;-3.263E-05;-11.425;-11.423;-99.990;0.00;156.17;
2025-11-03 15:34:36.30;0.00:00:24:246;-1.00;0.00;0.00;0.07204;-0.07207;-0.0002889;0.0001391;-89.89;0.06;100.04;0.19;100.04;0.07204;0.07207;-3.162E-05;-11.424;-11.423;-99.990;0.00;154.29;
2025-11-03 15:34:36.35;0.00:00:24:291;-1.00;0.00;0.00;0.07195;-0.07198;-0.0002891;0.0001292;-89.88;0.05;100.04;0.18;100.04;0.07195;0.07198;-3.065E-05;-11.430;-11.428;-99.990;0.00;155.92;
2025-11-03 15:34:36.42;0.00:00:24:356;-1.00;0.00;0.00;0.07192;-0.07196;-0.0002887;0.0001246;-89.89;0.05;100.05;0.17;100.05;0.07192;0.07196;-3.273E-05;-11.431;-11.429;-99.990;0.00;156.66;
2025-11-03 15:34:36.46;0.00:00:24:403;-1.00;0.00;0.00;0.07207;-0.07211;-0.0002778;0.0001246;-89.89;0.05;100.05;0.17;100.05;0.07207;0.07211;-3.431E-05;-11.422;-11.420;-99.990;0.00;155.84;
2025-11-03 15:34:36.51;0.00:00:24:451;-1.00;0.00;0.00;0.07219;-0.07222;-0.0003005;0.0001301;-89.88;0.05;100.04;0.18;100.04;0.07219;0.07222;-3.14E-05;-11.415;-11.413;-99.990;0.00;156.59;
2025-11-03 15:34:36.56;0.00:00:24:499;-1.00;0.00;0.00;0.07219;-0.07222;-0.0002895;0.0001248;-89.89;0.05;100.04;0.17;100.04;0.07219;0.07222;-3.213E-05;-11.415;-11.413;-99.990;0.00;156.68;
2025-11-03 15:34:36.61;0.00:00:24:555;-1.00;0.00;0.00;0.0722;-0.07223;-0.000308;0.000137;-89.88;0.05;100.04;0.19;100.04;0.0722;0.07223;-2.888E-05;-11.414;-11.413;-99.990;0.00;156.02;
2025-11-03 15:34:36.68;0.00:00:24:621;-1.00;0.00;0.00;0.07227;-0.0723;-0.0002971;0.0001349;-89.88;0.05;100.04;0.19;100.04;0.07227;0.0723;-3.072E-05;-11.410;-11.408;-99.990;0.00;155.58;
2025-11-03 15:34:36.74;0.00:00:24:682;-1.00;0.00;0.00;0.07218;-0.07222;-0.0002824;0.0001267;-89.89;0.05;100.04;0.18;100.04;0.07218;0.07222;-3.212E-05;-11.416;-11.414;-99.990;0.00;155.83;
2025-11-03 15:34:36.80;0.00:00:24:739;-1.00;0.00;0.00;0.07211;-0.07214;-0.0002883;0.0001233;-89.89;0.05;100.04;0.17;100.04;0.07211;0.07214;-3.18E-05;-11.420;-11.418;-99.990;0.00;156.84;
2025-11-03 15:34:36.85;0.00:00:24:786;-1.00;0.00;0.00;0.07213;-0.07216;-0.0002947;0.0001292;-89.88;0.05;100.04;0.18;100.04;0.07213;0.07216;-3.029E-05;-11.419;-11.417;-99.990;0.00;156.33;
2025-11-03 15:34:36.90;0.00:00:24:838;-1.00;0.00;0.00;0.0721;-0.07213;-0.0002871;0.0001234;-89.89;0.05;100.05;0.17;100.05;0.0721;0.07213;-3.331E-05;-11.421;-11.419;-99.990;0.00;156.74;
2025-11-03 15:34:36.95;0.00:00:24:895;-1.00;0.00;0.00;0.07222;-0.07225;-0.0002817;0.0001333;-89.89;0.05;100.04;0.18;100.04;0.07222;0.07225;-3.243E-05;-11.413;-11.411;-99.990;0.00;154.67;
2025-11-03 15:34:37.01;0.00:00:24:949;-1.00;0.00;0.00;0.07209;-0.07213;-0.0002815;0.000126;-89.89;0.05;100.04;0.17;100.04;0.07209;0.07213;-3.215E-05;-11.421;-11.419;-99.990;0.00;155.88;
2025-11-03 15:34:37.06;0.00:00:25:000;-1.00;0.00;0.00;0.07218;-0.07221;-0.00028;0.0001285;-89.89;0.05;100.04;0.18;100.04;0.07218;0.07222;-3.198E-05;-11.416;-11.414;-99.990;0.00;155.34;
2025-11-03 15:34:37.12;0.00:00:25:058;-1.00;0.00;0.00;0.0721;-0.07213;-0.0002855;0.0001164;-89.89;0.05;100.05;0.16;100.05;0.0721;0.07213;-3.432E-05;-11.421;-11.419;-99.990;0.00;157.82;
2025-11-03 15:34:37.17;0.00:00:25:110;-1.00;0.00;0.00;0.07215;-0.07218;-0.0003032;0.0001303;-89.88;0.05;100.04;0.18;100.04;0.07215;0.07218;-2.864E-05;-11.418;-11.416;-99.990;0.00;156.74;
2025-11-03 15:34:37.22;0.00:00:25:162;-1.00;0.00;0.00;0.07204;-0.07207;-0.0002896;0.0001275;-89.88;0.05;100.04;0.18;100.04;0.07204;0.07207;-3.148E-05;-11.424;-11.423;-99.990;0.00;156.24;
2025-11-03 15:34:37.27;0.00:00:25:214;-1.00;0.00;0.00;0.07219;-0.07222;-0.0002873;0.0001267;-89.89;0.05;100.05;0.18;100.05;0.07219;0.07222;-3.306E-05;-11.415;-11.413;-99.990;0.00;156.21;
2025-11-03 15:34:37.32;0.00:00:25:265;-1.00;0.00;0.00;0.07216;-0.07219;-0.0002893;0.0001304;-89.89;0.05;100.05;0.18;100.05;0.07216;0.07219;-3.298E-05;-11.417;-11.415;-99.990;0.00;155.73;
2025-11-03 15:34:37.37;0.00:00:25:315;-1.00;0.00;0.00;0.07227;-0.0723;-0.0002861;0.0001336;-89.89;0.05;100.05;0.18;100.05;0.07227;0.0723;-3.274E-05;-11.411;-11.409;-99.990;0.00;154.97;
2025-11-03 15:34:37.42;0.00:00:25:362;-1.00;0.00;0.00;0.07214;-0.07217;-0.0003059;0.0001293;-89.88;0.05;100.04;0.18;100.04;0.07214;0.07217;-2.77E-05;-11.418;-11.417;-99.990;0.00;157.08;
2025-11-03 15:34:37.48;0.00:00:25:426;-1.00;0.00;0.00;0.0721;-0.07213;-0.0003;0.0001326;-89.88;0.05;100.05;0.18;100.05;0.0721;0.07213;-3.446E-05;-11.421;-11.419;-99.990;0.00;156.15;
2025-11-03 15:34:37.53;0.00:00:25:475;-1.00;0.00;0.00;0.07202;-0.07205;-0.0002847;0.0001282;-89.89;0.05;100.05;0.18;100.04;0.07202;0.07205;-3.248E-05;-11.425;-11.423;-99.990;0.00;155.75;
2025-11-03 15:34:37.59;0.00:00:25:535;-1.00;0.00;0.00;0.07191;-0.07194;-0.0002834;0.0001278;-89.89;0.05;100.05;0.18;100.05;0.07191;0.07194;-3.38E-05;-11.432;-11.430;-99.990;0.00;155.72;
2025-11-03 15:34:37.65;0.00:00:25:593;-1.00;0.00;0.00;0.07198;-0.07202;-0.0002641;0.0001248;-89.89;0.05;100.05;0.17;100.05;0.07198;0.07202;-3.577E-05;-11.428;-11.426;-99.990;0.00;154.70;
2025-11-03 15:34:37.70;0.00:00:25:643;-1.00;0.00;0.00;0.07216;-0.07219;-0.0002783;0.0001195;-89.89;0.05;100.04;0.17;100.04;0.07216;0.07219;-3.168E-05;-11.417;-11.415;-99.990;0.00;156.77;
2025-11-03 15:34:37.77;0.00:00:25:707;-1.00;0.00;0.00;0.07235;-0.07239;-0.0002945;0.0001288;-89.88;0.05;100.05;0.18;100.05;0.07235;0.07239;-3.386E-05;-11.405;-11.403;-99.990;0.00;156.38;
2025-11-03 15:34:37.81;0.00:00:25:755;-1.00;0.00;0.00;0.07221;-0.07224;-0.0003112;0.0001373;-89.88;0.05;100.04;0.19;100.04;0.07221;0.07224;-2.932E-05;-11.414;-11.412;-99.990;0.00;156.20;
2025-11-03 15:34:37.87;0.00:00:25:815;-1.00;0.00;0.00;0.07209;-0.07212;-0.0002877;0.0001267;-89.89;0.05;100.04;0.18;100.04;0.07209;0.07212;-3.215E-05;-11.421;-11.419;-99.990;0.00;156.22;
2025-11-03 15:34:37.93;0.00:00:25:871;-1.00;0.00;0.00;0.07207;-0.0721;-0.0002876;0.0001293;-89.89;0.05;100.04;0.18;100.04;0.07207;0.0721;-3.121E-05;-11.423;-11.421;-99.990;0.00;155.78;
2025-11-03 15:34:37.99;0.00:00:25:933;-1.00;0.00;0.00;0.07197;-0.072;-0.0002786;0.000119;-89.89;0.05;100.05;0.17;100.05;0.07197;0.07201;-3.563E-05;-11.428;-11.426;-99.990;0.00;156.86;
2025-11-03 15:34:38.04;0.00:00:25:985;-1.00;0.00;0.00;0.07201;-0.07204;-0.0002909;0.0001286;-89.88;0.05;100.05;0.18;100.05;0.07201;0.07204;-3.348E-05;-11.426;-11.424;-99.990;0.00;156.15;
2025-11-03 15:34:38.10;0.00:00:26:046;-1.00;0.00;0.00;0.07196;-0.07199;-0.0002781;0.0001227;-89.89;0.05;100.05;0.17;100.05;0.07196;0.07199;-3.296E-05;-11.429;-11.427;-99.990;0.00;156.19;
2025-11-03 15:34:38.16;0.00:00:26:097;-1.00;0.00;0.00;0.07215;-0.07218;-0.0002866;0.0001248;-89.89;0.05;100.05;0.17;100.05;0.07215;0.07218;-3.391E-05;-11.418;-11.416;-99.990;0.00;156.48;
2025-11-03 15:34:38.22;0.00:00:26:158;-1.00;0.00;0.00;0.07217;-0.0722;-0.0002758;0.0001295;-89.89;0.05;100.05;0.18;100.05;0.07217;0.0722;-3.363E-05;-11.417;-11.415;-99.990;0.00;154.84;
2025-11-03 15:34:38.28;0.00:00:26:218;-1.00;0.00;0.00;0.07221;-0.07224;-0.000276;0.0001344;-89.89;0.05;100.04;0.19;100.04;0.07221;0.07224;-3.098E-05;-11.414;-11.412;-99.990;0.00;154.03;
2025-11-03 15:34:38.33;0.00:00:26:272;-1.00;0.00;0.00;0.07215;-0.07218;-0.0003025;0.0001342;-89.88;0.05;100.04;0.19;100.04;0.07215;0.07218;-3.225E-05;-11.418;-11.416;-99.990;0.00;156.08;
2025-11-03 15:34:38.38;0.00:00:26:322;-1.00;0.00;0.00;0.0721;-0.07213;-0.0002861;0.0001308;-89.89;0.05;100.05;0.18;100.05;0.0721;0.07213;-3.302E-05;-11.421;-11.419;-99.990;0.00;155.44;
2025-11-03 15:34:38.44;0.00:00:26:380;-1.00;0.00;0.00;0.07194;-0.07197;-0.0002873;0.00013;-89.89;0.05;100.04;0.18;100.04;0.07194;0.07197;-3.18E-05;-11.431;-11.429;-99.990;0.00;155.65;
2025-11-03 15:34:38.50;0.00:00:26:444;-1.00;0.00;0.00;0.07204;-0.07207;-0.0002784;0.0001315;-89.89;0.05;100.04;0.18;100.04;0.07204;0.07207;-3.199E-05;-11.424;-11.422;-99.990;0.00;154.71;
2025-11-03 15:34:38.56;0.00:00:26:501;-1.00;0.00;0.00;0.07213;-0.07216;-0.0002876;0.0001341;-89.89;0.05;100.05;0.19;100.05;0.07213;0.07216;-3.268E-05;-11.419;-11.417;-99.990;0.00;154.99;
2025-11-03 15:34:38.61;0.00:00:26:547;-1.00;0.00;0.00;0.07222;-0.07226;-0.0002866;0.0001391;-89.89;0.06;100.04;0.19;100.04;0.07222;0.07226;-3.163E-05;-11.413;-11.411;-99.990;0.00;154.11;
2025-11-03 15:34:38.65;0.00:00:26:594;-1.00;0.00;0.00;0.07214;-0.07217;-0.0002951;0.0001268;-89.88;0.05;100.04;0.18;100.04;0.07214;0.07217;-3.102E-05;-11.418;-11.417;-99.990;0.00;156.75;
2025-11-03 15:34:38.70;0.00:00:26:640;-1.00;0.00;0.00;0.07211;-0.07213;-0.0002798;0.0001232;-89.89;0.05;100.04;0.17;100.04;0.07211;0.07214;-2.855E-05;-11.420;-11.419;-99.990;0.00;156.23;
2025-11-03 15:34:38.75;0.00:00:26:686;-1.00;0.00;0.00;0.07209;-0.07212;-0.0002831;0.0001312;-89.89;0.05;100.05;0.18;100.04;0.07209;0.07212;-3.251E-05;-11.421;-11.419;-99.990;0.00;155.14;
2025-11-03 15:34:38.79;0.00:00:26:735;-1.00;0.00;0.00;0.07206;-0.07209;-0.0002872;0.0001249;-89.89;0.05;100.04;0.17;100.04;0.07206;0.07209;-3.178E-05;-11.423;-11.421;-99.990;0.00;156.50;
2025-11-03 15:34:38.84;0.00:00:26:781;-1.00;0.00;0.00;0.07213;-0.07217;-0.000284;0.0001255;-89.89;0.05;100.05;0.17;100.05;0.07213;0.07217;-3.542E-05;-11.419;-11.417;-99.990;0.00;156.15;
2025-11-03 15:34:38.89;0.00:00:26:827;-1.00;0.00;0.00;0.07218;-0.07221;-0.0002858;0.0001281;-89.89;0.05;100.04;0.18;100.04;0.07218;0.07221;-3.219E-05;-11.416;-11.414;-99.990;0.00;155.86;
2025-11-03 15:34:38.93;0.00:00:26:874;-1.00;0.00;0.00;0.07208;-0.07211;-0.0002888;0.000133;-89.89;0.05;100.04;0.18;100.04;0.07208;0.07211;-2.955E-05;-11.422;-11.420;-99.990;0.00;155.27;
2025-11-03 15:34:38.98;0.00:00:26:920;-1.00;0.00;0.00;0.07211;-0.07214;-0.0002788;0.0001286;-89.89;0.05;100.04;0.18;100.04;0.07211;0.07214;-3.195E-05;-11.420;-11.418;-99.990;0.00;155.24;
2025-11-03 15:34:39.03;0.00:00:26:971;-1.00;0.00;0.00;0.07216;-0.07219;-0.000298;0.0001312;-89.88;0.05;100.04;0.18;100.04;0.07216;0.07219;-2.843E-05;-11.417;-11.415;-99.990;0.00;156.24;
2025-11-03 15:34:39.08;0.00:00:27:016;-1.00;0.00;0.00;0.07215;-0.07218;-0.0002768;0.0001256;-89.89;0.05;100.05;0.17;100.05;0.07215;0.07218;-3.384E-05;-11.418;-11.416;-99.990;0.00;155.59;
2025-11-03 15:34:39.12;0.00:00:27:063;-1.00;0.00;0.00;0.07213;-0.07216;-0.0003014;0.0001328;-89.88;0.05;100.04;0.18;100.04;0.07213;0.07216;-3.051E-05;-11.419;-11.417;-99.990;0.00;156.23;
2025-11-03 15:34:39.17;0.00:00:27:109;-1.00;0.00;0.00;0.07208;-0.07211;-0.0002836;0.0001262;-89.89;0.05;100.05;0.18;100.05;0.07208;0.07211;-3.402E-05;-11.422;-11.420;-99.990;0.00;156.01;
2025-11-03 15:34:39.22;0.00:00:27:156;-1.00;0.00;0.00;0.07212;-0.07215;-0.0002956;0.0001289;-89.88;0.05;100.05;0.18;100.05;0.07212;0.07215;-3.282E-05;-11.419;-11.417;-99.990;0.00;156.44;
2025-11-03 15:34:39.27;0.00:00:27:207;-1.00;0.00;0.00;0.07209;-0.07212;-0.0002866;0.0001274;-89.89;0.05;100.04;0.18;100.04;0.07209;0.07212;-3.028E-05;-11.421;-11.420;-99.990;0.00;156.04;
2025-11-03 15:34:39.33;0.00:00:27:267;-1.00;0.00;0.00;0.07209;-0.07212;-0.0002805;0.0001312;-89.89;0.05;100.04;0.18;100.04;0.07209;0.07213;-3.223E-05;-11.421;-11.419;-99.990;0.00;154.94;
2025-11-03 15:34:39.37;0.00:00:27:313;-1.00;0.00;0.00;0.07203;-0.07206;-0.0002894;0.000131;-89.88;0.05;100.04;0.18;100.04;0.07203;0.07206;-3.133E-05;-11.425;-11.423;-99.990;0.00;155.64;
2025-11-03 15:34:39.42;0.00:00:27:361;-1.00;0.00;0.00;0.07197;-0.072;-0.0002945;0.0001217;-89.88;0.05;100.04;0.17;100.04;0.07197;0.072;-3.21E-05;-11.428;-11.426;-99.990;0.00;157.54;
2025-11-03 15:34:39.47;0.00:00:27:409;-1.00;0.00;0.00;0.07199;-0.07202;-0.0002878;0.0001337;-89.89;0.05;100.04;0.19;100.04;0.07199;0.07202;-2.923E-05;-11.427;-11.425;-99.990;0.00;155.09;
2025-11-03 15:34:39.51;0.00:00:27:454;-1.00;0.00;0.00;0.07203;-0.07206;-0.0002882;0.0001279;-89.89;0.05;100.04;0.18;100.04;0.07203;0.07206;-3.133E-05;-11.425;-11.423;-99.990;0.00;156.07;
2025-11-03 15:34:39.56;0.00:00:27:502;-1.00;0.00;0.00;0.07205;-0.07208;-0.0002836;0.0001248;-89.89;0.05;100.04;0.17;100.04;0.07205;0.07208;-3.221E-05;-11.424;-11.422;-99.990;0.00;156.24;
2025-11-03 15:34:39.61;0.00:00:27:549;-1.00;0.00;0.00;0.07203;-0.07206;-0.0002959;0.0001349;-89.88;0.05;100.04;0.19;100.04;0.07203;0.07206;-3.105E-05;-11.425;-11.423;-99.990;0.00;155.49;
2025-11-03 15:34:39.66;0.00:00:27:596;-1.00;0.00;0.00;0.0721;-0.07213;-0.0002727;0.0001223;-89.89;0.05;100.05;0.17;100.05;0.0721;0.07213;-3.461E-05;-11.421;-11.419;-99.990;0.00;155.84;
2025-11-03 15:34:39.70;0.00:00:27:644;-1.00;0.00;0.00;0.07217;-0.07221;-0.0002766;0.0001322;-89.89;0.05;100.05;0.18;100.05;0.07217;0.07221;-3.486E-05;-11.416;-11.414;-99.990;0.00;154.46;
2025-11-03 15:34:39.75;0.00:00:27:690;-1.00;0.00;0.00;0.07224;-0.07227;-0.0002836;0.0001327;-89.89;0.05;100.05;0.18;100.05;0.07224;0.07227;-3.475E-05;-11.413;-11.410;-99.990;0.00;154.92;
2025-11-03 15:34:39.80;0.00:00:27:736;-1.00;0.00;0.00;0.07218;-0.07221;-0.0002843;0.0001253;-89.89;0.05;100.05;0.17;100.05;0.07218;0.07221;-3.4E-05;-11.416;-11.414;-99.990;0.00;156.20;
2025-11-03 15:34:39.84;0.00:00:27:783;-1.00;0.00;0.00;0.07225;-0.07228;-0.000287;0.0001374;-89.89;0.05;100.05;0.19;100.05;0.07225;0.07228;-3.316E-05;-11.412;-11.410;-99.990;0.00;154.41;
2025-11-03 15:34:39.89;0.00:00:27:830;-1.00;0.00;0.00;0.07212;-0.07216;-0.0003051;0.0001285;-89.88;0.05;100.04;0.18;100.04;0.07212;0.07216;-3.195E-05;-11.419;-11.417;-99.990;0.00;157.16;
2025-11-03 15:34:39.93;0.00:00:27:875;-1.00;0.00;0.00;0.07209;-0.07212;-0.0002871;0.0001396;-89.89;0.06;100.04;0.19;100.04;0.07209;0.07212;-2.934E-05;-11.421;-11.419;-99.990;0.00;154.06;
2025-11-03 15:34:39.98;0.00:00:27:922;-1.00;0.00;0.00;0.07212;-0.07216;-0.0002769;0.0001196;-89.89;0.05;100.05;0.17;100.05;0.07212;0.07216;-3.606E-05;-11.419;-11.417;-99.990;0.00;156.64;
2025-11-03 15:34:40.03;0.00:00:27:970;-1.00;0.00;0.00;0.07217;-0.0722;-0.0002991;0.0001344;-89.88;0.05;100.04;0.19;100.04;0.07217;0.0722;-2.923E-05;-11.416;-11.414;-99.990;0.00;155.80;
2025-11-03 15:34:40.07;0.00:00:28:015;-1.00;0.00;0.00;0.07216;-0.07219;-0.0002957;0.0001384;-89.88;0.05;100.05;0.19;100.05;0.07216;0.07219;-3.456E-05;-11.417;-11.415;-99.990;0.00;154.92;
2025-11-03 15:34:40.12;0.00:00:28:063;-1.00;0.00;0.00;0.07216;-0.07219;-0.0002862;0.0001281;-89.89;0.05;100.05;0.18;100.05;0.07216;0.07219;-3.442E-05;-11.417;-11.415;-99.990;0.00;155.89;
2025-11-03 15:34:40.17;0.00:00:28:110;-1.00;0.00;0.00;0.07216;-0.07219;-0.0002904;0.0001309;-89.88;0.05;100.05;0.18;100.05;0.07216;0.07219;-3.449E-05;-11.417;-11.415;-99.990;0.00;155.74;
2025-11-03 15:34:40.22;0.00:00:28:156;-1.00;0.00;0.00;0.07216;-0.07219;-0.0002927;0.0001303;-89.88;0.05;100.04;0.18;100.04;0.07216;0.07219;-3.161E-05;-11.417;-11.415;-99.990;0.00;156.01;
2025-11-03 15:34:40.26;0.00:00:28:203;-1.00;0.00;0.00;0.07209;-0.07212;-0.0002914;0.0001253;-89.88;0.05;100.05;0.17;100.05;0.07209;0.07212;-3.331E-05;-11.421;-11.419;-99.990;0.00;156.73;
2025-11-03 15:34:40.31;0.00:00:28:250;-1.00;0.00;0.00;0.07211;-0.07214;-0.0002834;0.0001239;-89.89;0.05;100.05;0.17;100.05;0.07211;0.07214;-3.389E-05;-11.420;-11.418;-99.990;0.00;156.38;
2025-11-03 15:34:40.36;0.00:00:28:297;-1.00;0.00;0.00;0.0722;-0.07223;-0.000281;0.0001313;-89.89;0.05;100.05;0.18;100.05;0.0722;0.07223;-3.299E-05;-11.415;-11.413;-99.990;0.00;154.96;
2025-11-03 15:34:40.40;0.00:00:28:344;-1.00;0.00;0.00;0.07225;-0.07228;-0.0002955;0.0001269;-89.88;0.05;100.04;0.18;100.04;0.07225;0.07228;-3.251E-05;-11.412;-11.410;-99.990;0.00;156.77;
2025-11-03 15:34:40.45;0.00:00:28:390;-1.00;0.00;0.00;0.07216;-0.0722;-0.0002975;0.0001334;-89.88;0.05;100.04;0.18;100.04;0.07216;0.0722;-3.175E-05;-11.417;-11.415;-99.990;0.00;155.85;
2025-11-03 15:34:40.50;0.00:00:28:438;-1.00;0.00;0.00;0.07207;-0.0721;-0.0002811;0.0001284;-89.89;0.05;100.05;0.18;100.04;0.07207;0.0721;-3.25E-05;-11.423;-11.421;-99.990;0.00;155.45;
2025-11-03 15:34:40.54;0.00:00:28:486;-1.00;0.00;0.00;0.07214;-0.07217;-0.0002759;0.0001348;-89.89;0.05;100.04;0.19;100.04;0.07214;0.07217;-3.153E-05;-11.418;-11.416;-99.990;0.00;153.95;
2025-11-03 15:34:40.59;0.00:00:28:534;-1.00;0.00;0.00;0.0722;-0.07223;-0.000278;0.0001284;-89.89;0.05;100.05;0.18;100.05;0.0722;0.07223;-3.365E-05;-11.415;-11.413;-99.990;0.00;155.21;
2025-11-03 15:34:40.64;0.00:00:28:581;-1.00;0.00;0.00;0.07221;-0.07225;-0.0002909;0.000135;-89.88;0.05;100.05;0.19;100.05;0.07221;0.07225;-3.271E-05;-11.414;-11.412;-99.990;0.00;155.10;
2025-11-03 15:34:40.69;0.00:00:28:627;-1.00;0.00;0.00;0.07212;-0.07215;-0.0002975;0.0001314;-89.88;0.05;100.04;0.18;100.04;0.07212;0.07215;-3.015E-05;-11.419;-11.417;-99.990;0.00;156.17;
2025-11-03 15:34:40.73;0.00:00:28:675;-1.00;0.00;0.00;0.07215;-0.07218;-0.0002928;0.0001325;-89.88;0.05;100.05;0.18;100.05;0.07215;0.07218;-3.319E-05;-11.418;-11.416;-99.990;0.00;155.65;
2025-11-03 15:34:40.78;0.00:00:28:722;-1.00;0.00;0.00;0.07214;-0.07217;-0.0002899;0.0001285;-89.88;0.05;100.04;0.18;100.04;0.07214;0.07217;-3.066E-05;-11.418;-11.416;-99.990;0.00;156.10;
2025-11-03 15:34:40.83;0.00:00:28:769;-1.00;0.00;0.00;0.07214;-0.07218;-0.0002909;0.0001189;-89.88;0.05;100.05;0.16;100.05;0.07214;0.07218;-3.34E-05;-11.418;-11.416;-99.990;0.00;157.77;
2025-11-03 15:34:40.88;0.00:00:28:816;-1.00;0.00;0.00;0.07223;-0.07226;-0.0002807;0.0001277;-89.89;0.05;100.04;0.18;100.04;0.07223;0.07226;-3.156E-05;-11.413;-11.411;-99.990;0.00;155.54;
2025-11-03 15:34:40.92;0.00:00:28:862;-1.00;0.00;0.00;0.07225;-0.07228;-0.0002859;0.0001338;-89.89;0.05;100.05;0.19;100.05;0.07225;0.07228;-3.367E-05;-11.412;-11.410;-99.990;0.00;154.92;
2025-11-03 15:34:40.97;0.00:00:28:910;-1.00;0.00;0.00;0.07211;-0.07214;-0.000298;0.0001297;-89.88;0.05;100.04;0.18;100.04;0.07211;0.07214;-3.079E-05;-11.420;-11.418;-99.990;0.00;156.47;
2025-11-03 15:34:41.02;0.00:00:28:958;-1.00;0.00;0.00;0.07201;-0.07204;-0.0002869;0.0001293;-89.89;0.05;100.04;0.18;100.04;0.07201;0.07204;-3.154E-05;-11.426;-11.424;-99.990;0.00;155.74;
2025-11-03 15:34:41.07;0.00:00:29:006;-1.00;0.00;0.00;0.07197;-0.07201;-0.0002761;0.0001228;-89.89;0.05;100.05;0.17;100.05;0.07197;0.07201;-3.433E-05;-11.428;-11.426;-99.990;0.00;156.03;
2025-11-03 15:34:41.11;0.00:00:29:051;-1.00;0.00;0.00;0.07206;-0.07209;-0.0002842;0.0001241;-89.89;0.05;100.05;0.17;100.05;0.07206;0.07209;-3.43E-05;-11.423;-11.421;-99.990;0.00;156.42;
2025-11-03 15:34:41.16;0.00:00:29:098;-1.00;0.00;0.00;0.07209;-0.07213;-0.0002984;0.0001323;-89.88;0.05;100.04;0.18;100.04;0.07209;0.07213;-3.208E-05;-11.421;-11.419;-99.990;0.00;156.08;
2025-11-03 15:34:41.20;0.00:00:29:144;-1.00;0.00;0.00;0.07197;-0.072;-0.0002839;0.0001342;-89.89;0.05;100.04;0.19;100.04;0.07197;0.072;-3.167E-05;-11.428;-11.426;-99.990;0.00;154.70;
2025-11-03 15:34:41.25;0.00:00:29:190;-1.00;0.00;0.00;0.0719;-0.07194;-0.0002954;0.0001267;-89.88;0.05;100.05;0.18;100.05;0.0719;0.07194;-3.25E-05;-11.432;-11.430;-99.990;0.00;156.78;
2025-11-03 15:34:41.30;0.00:00:29:237;-1.00;0.00;0.00;0.07212;-0.07215;-0.0002902;0.0001313;-89.88;0.05;100.05;0.18;100.05;0.07212;0.07215;-3.289E-05;-11.419;-11.417;-99.990;0.00;155.66;
2025-11-03 15:34:41.34;0.00:00:29:282;-1.00;0.00;0.00;0.07208;-0.07212;-0.0002913;0.0001312;-89.88;0.05;100.04;0.18;100.04;0.07208;0.07212;-3.186E-05;-11.422;-11.420;-99.990;0.00;155.75;
2025-11-03 15:34:41.39;0.00:00:29:329;-1.00;0.00;0.00;0.07207;-0.0721;-0.0002825;0.0001257;-89.89;0.05;100.04;0.17;100.04;0.07207;0.0721;-3.229E-05;-11.423;-11.421;-99.990;0.00;156.01;
2025-11-03 15:34:41.44;0.00:00:29:377;-1.00;0.00;0.00;0.07215;-0.07218;-0.0002944;0.0001301;-89.88;0.05;100.04;0.18;100.04;0.07215;0.07218;-3.182E-05;-11.418;-11.416;-99.990;0.00;156.16;
2025-11-03 15:34:41.48;0.00:00:29:424;-1.00;0.00;0.00;0.07207;-0.0721;-0.0003013;0.0001267;-89.88;0.05;100.04;0.18;100.04;0.07207;0.0721;-3.135E-05;-11.423;-11.421;-99.990;0.00;157.19;
2025-11-03 15:34:41.53;0.00:00:29:470;-1.00;0.00;0.00;0.0723;-0.07234;-0.000268;0.0001277;-89.89;0.05;100.05;0.18;100.05;0.0723;0.07234;-3.471E-05;-11.408;-11.406;-99.990;0.00;154.52;
2025-11-03 15:34:41.58;0.00:00:29:517;-1.00;0.00;0.00;0.07231;-0.07235;-0.0002855;0.0001266;-89.89;0.05;100.04;0.18;100.04;0.07231;0.07235;-3.204E-05;-11.408;-11.406;-99.990;0.00;156.09;
2025-11-03 15:34:41.62;0.00:00:29:564;-1.00;0.00;0.00;0.0723;-0.07233;-0.0002966;0.000132;-89.88;0.05;100.04;0.18;100.04;0.0723;0.07233;-3.109E-05;-11.408;-11.407;-99.990;0.00;156.02;
2025-11-03 15:34:41.67;0.00:00:29:610;-1.00;0.00;0.00;0.07221;-0.07224;-0.0002954;0.0001346;-89.88;0.05;100.04;0.19;100.04;0.07221;0.07225;-3.228E-05;-11.414;-11.412;-99.990;0.00;155.51;
2025-11-03 15:34:41.72;0.00:00:29:657;-1.00;0.00;0.00;0.07219;-0.07223;-0.0003072;0.0001378;-89.88;0.05;100.04;0.19;100.04;0.07219;0.07223;-3.133E-05;-11.415;-11.413;-99.990;0.00;155.83;
2025-11-03 15:34:41.76;0.00:00:29:704;-1.00;0.00;0.00;0.07214;-0.07217;-0.0002916;0.0001304;-89.88;0.05;100.05;0.18;100.05;0.07214;0.07217;-3.52E-05;-11.418;-11.416;-99.990;0.00;155.91;
2025-11-03 15:34:41.81;0.00:00:29:750;-1.00;0.00;0.00;0.07222;-0.07225;-0.0002883;0.0001261;-89.89;0.05;100.05;0.17;100.05;0.07222;0.07225;-3.322E-05;-11.413;-11.411;-99.990;0.00;156.38;
2025-11-03 15:34:41.86;0.00:00:29:797;-1.00;0.00;0.00;0.07218;-0.07221;-0.0002918;0.0001319;-89.88;0.05;100.04;0.18;100.04;0.07218;0.07221;-2.909E-05;-11.416;-11.414;-99.990;0.00;155.67;
2025-11-03 15:34:41.90;0.00:00:29:845;-1.00;0.00;0.00;0.07221;-0.07225;-0.0002869;0.0001296;-89.89;0.05;100.05;0.18;100.05;0.07221;0.07225;-3.336E-05;-11.414;-11.412;-99.990;0.00;155.69;
2025-11-03 15:34:41.95;0.00:00:29:892;-1.00;0.00;0.00;0.07226;-0.07229;-0.0002872;0.0001324;-89.89;0.05;100.05;0.18;100.05;0.07226;0.07229;-3.309E-05;-11.411;-11.409;-99.990;0.00;155.24;
2025-11-03 15:34:42.00;0.00:00:29:938;-1.00;0.00;0.00;0.07214;-0.07217;-0.0002946;0.0001379;-89.88;0.05;100.04;0.19;100.04;0.07214;0.07217;-3.232E-05;-11.419;-11.417;-99.990;0.00;154.92;
2025-11-03 15:34:42.04;0.00:00:29:985;-1.00;0.00;0.00;0.07211;-0.07214;-0.0002896;0.0001243;-89.88;0.05;100.05;0.17;100.05;0.07211;0.07214;-3.295E-05;-11.420;-11.418;-99.990;0.00;156.78;
2025-11-03 15:34:42.09;0.00:00:30:033;-1.00;0.00;0.00;0.0721;-0.07213;-0.0002935;0.0001318;-89.88;0.05;100.04;0.18;100.04;0.0721;0.07213;-3.158E-05;-11.420;-11.419;-99.990;0.00;155.82;
2025-11-03 15:34:42.14;0.00:00:30:079;-1.00;0.00;0.00;0.07212;-0.07215;-0.0002898;0.0001309;-89.88;0.05;100.05;0.18;100.05;0.07212;0.07215;-3.296E-05;-11.420;-11.418;-99.990;0.00;155.70;
2025-11-03 15:34:42.19;0.00:00:30:126;-1.00;0.00;0.00;0.07205;-0.07208;-0.0002838;0.0001258;-89.89;0.05;100.04;0.17;100.04;0.07205;0.07208;-3.17E-05;-11.423;-11.422;-99.990;0.00;156.09;
2025-11-03 15:34:42.23;0.00:00:30:174;-1.00;0.00;0.00;0.07214;-0.07217;-0.0002871;0.0001223;-89.89;0.05;100.05;0.17;100.04;0.07214;0.07217;-3.253E-05;-11.418;-11.416;-99.990;0.00;156.93;
2025-11-03 15:34:42.28;0.00:00:30:220;-1.00;0.00;0.00;0.0721;-0.07213;-0.0002812;0.0001291;-89.89;0.05;100.04;0.18;100.04;0.0721;0.07213;-3.194E-05;-11.421;-11.419;-99.990;0.00;155.34;
2025-11-03 15:34:42.33;0.00:00:30:267;-1.00;0.00;0.00;0.07211;-0.07214;-0.0002865;0.0001315;-89.89;0.05;100.04;0.18;100.04;0.07211;0.07215;-3.159E-05;-11.420;-11.418;-99.990;0.00;155.35;
2025-11-03 15:34:42.37;0.00:00:30:314;-1.00;0.00;0.00;0.07207;-0.0721;-0.0002938;0.0001299;-89.88;0.05;100.04;0.18;100.04;0.07207;0.0721;-3.085E-05;-11.423;-11.421;-99.990;0.00;156.14;
2025-11-03 15:34:42.42;0.00:00:30:361;-1.00;0.00;0.00;0.07206;-0.07209;-0.0002917;0.0001281;-89.88;0.05;100.04;0.18;100.04;0.07206;0.07209;-3.098E-05;-11.423;-11.421;-99.990;0.00;156.30;
2025-11-03 15:34:42.47;0.00:00:30:407;-1.00;0.00;0.00;0.0722;-0.07223;-0.0002838;0.000121;-89.89;0.05;100.05;0.17;100.05;0.0722;0.07223;-3.458E-05;-11.415;-11.413;-99.990;0.00;156.90;
2025-11-03 15:34:42.51;0.00:00:30:453;-1.00;0.00;0.00;0.07228;-0.07232;-0.0002827;0.0001253;-89.89;0.05;100.04;0.17;100.04;0.07228;0.07232;-3.224E-05;-11.410;-11.408;-99.990;0.00;156.09;
2025-11-03 15:34:42.56;0.00:00:30:501;-1.00;0.00;0.00;0.07241;-0.07244;-0.0002911;0.0001295;-89.88;0.05;100.04;0.18;100.04;0.07241;0.07244;-3.2E-05;-11.402;-11.400;-99.990;0.00;156.02;
2025-11-03 15:34:42.61;0.00:00:30:548;-1.00;0.00;0.00;0.07234;-0.07236;-0.0002998;0.0001374;-89.88;0.05;100.04;0.19;100.04;0.07234;0.07237;-2.951E-05;-11.406;-11.405;-99.990;0.00;155.37;
2025-11-03 15:34:42.65;0.00:00:30:594;-1.00;0.00;0.00;0.07223;-0.07226;-0.0002869;0.0001249;-89.89;0.05;100.04;0.17;100.04;0.07223;0.07226;-3.229E-05;-11.413;-11.411;-99.990;0.00;156.48;
2025-11-03 15:34:42.70;0.00:00:30:641;-1.00;0.00;0.00;0.07224;-0.07227;-0.0002899;0.0001291;-89.89;0.05;100.04;0.18;100.04;0.07224;0.07227;-2.926E-05;-11.412;-11.410;-99.990;0.00;156.00;
2025-11-03 15:34:42.75;0.00:00:30:689;-1.00;0.00;0.00;0.07218;-0.07221;-0.0002861;0.0001312;-89.89;0.05;100.04;0.18;100.04;0.07218;0.07221;-3.212E-05;-11.416;-11.414;-99.990;0.00;155.37;
2025-11-03 15:34:42.79;0.00:00:30:735;-1.00;0.00;0.00;0.07224;-0.07227;-0.0002958;0.0001311;-89.88;0.05;100.04;0.18;100.04;0.07224;0.07227;-3.063E-05;-11.412;-11.411;-99.990;0.00;156.09;
2025-11-03 15:34:42.84;0.00:00:30:782;-1.00;0.00;0.00;0.07221;-0.07225;-0.0002892;0.0001312;-89.89;0.05;100.05;0.18;100.05;0.07221;0.07225;-3.445E-05;-11.414;-11.412;-99.990;0.00;155.60;
2025-11-03 15:34:42.89;0.00:00:30:831;-1.00;0.00;0.00;0.07219;-0.07223;-0.0002905;0.0001278;-89.88;0.05;100.04;0.18;100.04;0.07219;0.07223;-3.242E-05;-11.415;-11.413;-99.990;0.00;156.26;
2025-11-03 15:34:42.94;0.00:00:30:877;-1.00;0.00;0.00;0.07214;-0.07217;-0.0002974;0.0001324;-89.88;0.05;100.04;0.18;100.04;0.07214;0.07217;-3.102E-05;-11.418;-11.416;-99.990;0.00;156.00;
2025-11-03 15:34:42.98;0.00:00:30:924;-1.00;0.00;0.00;0.07207;-0.0721;-0.0002886;0.0001261;-89.89;0.05;100.04;0.18;100.04;0.07207;0.07211;-3.236E-05;-11.422;-11.420;-99.990;0.00;156.39;
2025-11-03 15:34:43.03;0.00:00:30:972;-1.00;0.00;0.00;0.07216;-0.07219;-0.0002958;0.0001302;-89.88;0.05;100.05;0.18;100.05;0.07216;0.07219;-3.327E-05;-11.417;-11.415;-99.990;0.00;156.24;
2025-11-03 15:34:43.08;0.00:00:31:018;-1.00;0.00;0.00;0.07219;-0.07222;-0.0002966;0.0001366;-89.88;0.05;100.04;0.19;100.04;0.07219;0.07222;-3.119E-05;-11.415;-11.413;-99.990;0.00;155.27;
2025-11-03 15:34:43.12;0.00:00:31:066;-1.00;0.00;0.00;0.07219;-0.07223;-0.0002885;0.0001243;-89.89;0.05;100.05;0.17;100.05;0.07219;0.07223;-3.473E-05;-11.415;-11.413;-99.990;0.00;156.69;
2025-11-03 15:34:43.17;0.00:00:31:113;-1.00;0.00;0.00;0.07215;-0.07219;-0.0002936;0.0001269;-89.88;0.05;100.04;0.18;100.04;0.07215;0.07219;-3.132E-05;-11.417;-11.415;-99.990;0.00;156.63;
2025-11-03 15:34:43.22;0.00:00:31:160;-1.00;0.00;0.00;0.07214;-0.07217;-0.0002762;0.0001333;-89.89;0.05;100.04;0.18;100.04;0.07214;0.07217;-3.124E-05;-11.418;-11.416;-99.990;0.00;154.23;
2025-11-03 15:34:43.27;0.00:00:31:207;-1.00;0.00;0.00;0.07213;-0.07216;-0.0002823;0.0001264;-89.89;0.05;100.04;0.18;100.04;0.07213;0.07216;-3.188E-05;-11.419;-11.417;-99.990;0.00;155.88;
2025-11-03 15:34:43.31;0.00:00:31:254;-1.00;0.00;0.00;0.07199;-0.07202;-0.0003056;0.0001306;-89.88;0.05;100.04;0.18;100.04;0.07199;0.07202;-2.923E-05;-11.427;-11.425;-99.990;0.00;156.86;
2025-11-03 15:34:43.36;0.00:00:31:301;-1.00;0.00;0.00;0.07192;-0.07195;-0.0002958;0.0001339;-89.88;0.05;100.05;0.19;100.05;0.07192;0.07195;-3.366E-05;-11.431;-11.429;-99.990;0.00;155.64;
2025-11-03 15:34:43.41;0.00:00:31:347;-1.00;0.00;0.00;0.07193;-0.07197;-0.0002763;0.0001231;-89.89;0.05;100.05;0.17;100.05;0.07193;0.07197;-3.482E-05;-11.431;-11.429;-99.990;0.00;155.99;
2025-11-03 15:34:43.45;0.00:00:31:394;-1.00;0.00;0.00;0.0721;-0.07213;-0.0002713;0.0001217;-89.89;0.05;100.05;0.17;100.05;0.0721;0.07213;-3.425E-05;-11.421;-11.419;-99.990;0.00;155.84;
2025-11-03 15:34:43.50;0.00:00:31:440;-1.00;0.00;0.00;0.07215;-0.07218;-0.0003022;0.0001362;-89.88;0.05;100.04;0.19;100.04;0.07215;0.07218;-2.886E-05;-11.418;-11.416;-99.990;0.00;155.74;
2025-11-03 15:34:43.55;0.00:00:31:487;-1.00;0.00;0.00;0.07208;-0.07211;-0.0002887;0.0001299;-89.89;0.05;100.04;0.18;100.04;0.07208;0.07212;-3.136E-05;-11.422;-11.420;-99.990;0.00;155.77;
2025-11-03 15:34:43.59;0.00:00:31:535;-1.00;0.00;0.00;0.07198;-0.07201;-0.000282;0.0001288;-89.89;0.05;100.04;0.18;100.04;0.07198;0.07201;-3.109E-05;-11.428;-11.426;-99.990;0.00;155.46;
2025-11-03 15:34:43.64;0.00:00:31:582;-1.00;0.00;0.00;0.07202;-0.07205;-0.0002875;0.0001168;-89.89;0.05;100.04;0.16;100.04;0.07202;0.07206;-3.241E-05;-11.425;-11.423;-99.990;0.00;157.89;
2025-11-03 15:34:43.69;0.00:00:31:629;-1.00;0.00;0.00;0.07212;-0.07215;-0.0002977;0.0001238;-89.88;0.05;100.04;0.17;100.04;0.07212;0.07215;-3.18E-05;-11.420;-11.418;-99.990;0.00;157.42;
2025-11-03 15:34:43.74;0.00:00:31:676;-1.00;0.00;0.00;0.07207;-0.0721;-0.0002961;0.000131;-89.88;0.05;100.04;0.18;100.04;0.07207;0.0721;-2.926E-05;-11.423;-11.421;-99.990;0.00;156.14;
2025-11-03 15:34:43.78;0.00:00:31:722;-1.00;0.00;0.00;0.07214;-0.07218;-0.0002784;0.0001144;-89.89;0.05;100.05;0.16;100.05;0.07214;0.07218;-3.42E-05;-11.418;-11.416;-99.990;0.00;157.66;
2025-11-03 15:34:43.83;0.00:00:31:770;-1.00;0.00;0.00;0.07224;-0.07227;-0.0003099;0.0001379;-89.88;0.05;100.04;0.19;100.04;0.07224;0.07227;-2.716E-05;-11.412;-11.410;-99.990;0.00;156.02;
2025-11-03 15:34:43.88;0.00:00:31:816;-1.00;0.00;0.00;0.07211;-0.07214;-0.0002973;0.0001318;-89.88;0.05;100.04;0.18;100.04;0.07211;0.07214;-2.928E-05;-11.420;-11.418;-99.990;0.00;156.08;
2025-11-03 15:34:43.92;0.00:00:31:864;-1.00;0.00;0.00;0.07201;-0.07204;-0.0002983;0.000128;-89.88;0.05;100.04;0.18;100.04;0.07201;0.07204;-3.111E-05;-11.426;-11.424;-99.990;0.00;156.77;
2025-11-03 15:34:43.97;0.00:00:31:911;-1.00;0.00;0.00;0.07198;-0.07201;-0.0002725;0.0001223;-89.89;0.05;100.05;0.17;100.05;0.07198;0.07201;-3.412E-05;-11.428;-11.426;-99.990;0.00;155.84;
2025-11-03 15:34:44.02;0.00:00:31:956;-1.00;0.00;0.00;0.07206;-0.07209;-0.0002875;0.0001282;-89.89;0.05;100.04;0.18;100.04;0.07206;0.07209;-3.163E-05;-11.423;-11.421;-99.990;0.00;155.98;
2025-11-03 15:34:44.06;0.00:00:32:003;-1.00;0.00;0.00;0.07209;-0.07212;-0.0002862;0.0001296;-89.89;0.05;100.04;0.18;100.04;0.07209;0.07212;-3.179E-05;-11.421;-11.419;-99.990;0.00;155.65;
2025-11-03 15:34:44.11;0.00:00:32:050;-1.00;0.00;0.00;0.0721;-0.07213;-0.0002922;0.0001231;-89.88;0.05;100.05;0.17;100.05;0.0721;0.07213;-3.417E-05;-11.421;-11.419;-99.990;0.00;157.15;
2025-11-03 15:34:44.16;0.00:00:32:097;-1.00;0.00;0.00;0.07214;-0.07217;-0.0002846;0.000128;-89.89;0.05;100.04;0.18;100.04;0.07214;0.07218;-3.203E-05;-11.418;-11.416;-99.990;0.00;155.79;
2025-11-03 15:34:44.20;0.00:00:32:144;-1.00;0.00;0.00;0.07214;-0.07217;-0.0002889;0.0001279;-89.89;0.05;100.04;0.18;100.04;0.07214;0.07217;-3.239E-05;-11.419;-11.417;-99.990;0.00;156.13;
2025-11-03 15:34:44.25;0.00:00:32:191;-1.00;0.00;0.00;0.07207;-0.0721;-0.0002948;0.0001272;-89.88;0.05;100.04;0.18;100.04;0.07207;0.0721;-3.034E-05;-11.422;-11.421;-99.990;0.00;156.66;
2025-11-03 15:34:44.30;0.00:00:32:236;-1.00;0.00;0.00;0.0722;-0.07223;-0.0002953;0.0001272;-89.88;0.05;100.05;0.18;100.05;0.0722;0.07223;-3.285E-05;-11.415;-11.413;-99.990;0.00;156.70;
2025-11-03 15:34:44.34;0.00:00:32:283;-1.00;0.00;0.00;0.07218;-0.07221;-0.0002859;0.0001233;-89.89;0.05;100.04;0.17;100.04;0.07218;0.07221;-3.097E-05;-11.416;-11.414;-99.990;0.00;156.68;
2025-11-03 15:34:44.39;0.00:00:32:330;-1.00;0.00;0.00;0.07219;-0.07222;-0.0002883;0.0001341;-89.89;0.05;100.04;0.19;100.04;0.07219;0.07222;-3.032E-05;-11.415;-11.414;-99.990;0.00;155.05;
2025-11-03 15:34:44.44;0.00:00:32:380;-1.00;0.00;0.00;0.07213;-0.07217;-0.0002847;0.0001245;-89.89;0.05;100.05;0.17;100.05;0.07213;0.07217;-3.419E-05;-11.419;-11.417;-99.990;0.00;156.38;
2025-11-03 15:34:44.50;0.00:00:32:441;-1.00;0.00;0.00;0.07215;-0.07218;-0.0002803;0.0001312;-89.89;0.05;100.05;0.18;100.05;0.07215;0.07218;-3.492E-05;-11.418;-11.416;-99.990;0.00;154.92;
2025-11-03 15:34:44.55;0.00:00:32:487;-1.00;0.00;0.00;0.07215;-0.07218;-0.0002964;0.0001261;-89.88;0.05;100.04;0.17;100.04;0.07215;0.07218;-3.189E-05;-11.418;-11.416;-99.990;0.00;156.95;
2025-11-03 15:34:44.59;0.00:00:32:534;-1.00;0.00;0.00;0.07205;-0.07208;-0.0002853;0.0001235;-89.89;0.05;100.05;0.17;100.05;0.07205;0.07208;-3.271E-05;-11.424;-11.422;-99.990;0.00;156.60;
2025-11-03 15:34:44.64;0.00:00:32:580;-1.00;0.00;0.00;0.07211;-0.07214;-0.0002895;0.0001227;-89.89;0.05;100.05;0.17;100.05;0.07211;0.07215;-3.31E-05;-11.420;-11.418;-99.990;0.00;157.03;
2025-11-03 15:34:44.69;0.00:00:32:627;-1.00;0.00;0.00;0.07215;-0.07218;-0.0002868;0.0001164;-89.89;0.05;100.04;0.16;100.04;0.07215;0.07218;-3.117E-05;-11.418;-11.416;-99.990;0.00;157.91;
2025-11-03 15:34:44.73;0.00:00:32:675;-1.00;0.00;0.00;0.07222;-0.07225;-0.0003038;0.0001287;-89.88;0.05;100.04;0.18;100.04;0.07222;0.07225;-3.012E-05;-11.413;-11.412;-99.990;0.00;157.03;
2025-11-03 15:34:44.78;0.00:00:32:721;-1.00;0.00;0.00;0.0722;-0.07223;-0.0002877;0.0001307;-89.89;0.05;100.05;0.18;100.04;0.0722;0.07223;-3.256E-05;-11.415;-11.413;-99.990;0.00;155.57;
2025-11-03 15:34:44.83;0.00:00:32:768;-1.00;0.00;0.00;0.07214;-0.07217;-0.0002814;0.00013;-89.89;0.05;100.05;0.18;100.04;0.07214;0.07217;-3.254E-05;-11.418;-11.416;-99.990;0.00;155.20;
2025-11-03 15:34:44.87;0.00:00:32:814;-1.00;0.00;0.00;0.07208;-0.07211;-0.0002971;0.000132;-89.88;0.05;100.04;0.18;100.04;0.07208;0.07211;-2.984E-05;-11.422;-11.420;-99.990;0.00;156.04;
2025-11-03 15:34:44.92;0.00:00:32:860;-1.00;0.00;0.00;0.07206;-0.07209;-0.0002945;0.0001296;-89.88;0.05;100.05;0.18;100.05;0.07206;0.07209;-3.257E-05;-11.423;-11.421;-99.990;0.00;156.24;
2025-11-03 15:34:44.97;0.00:00:32:907;-1.00;0.00;0.00;0.07211;-0.07214;-0.0002873;0.0001245;-89.89;0.05;100.04;0.17;100.04;0.07211;0.07214;-3.18E-05;-11.420;-11.418;-99.990;0.00;156.57;
2025-11-03 15:34:45.01;0.00:00:32:955;-1.00;0.00;0.00;0.07214;-0.07217;-0.0002975;0.0001269;-89.88;0.05;100.04;0.18;100.04;0.07214;0.07217;-3.044E-05;-11.418;-11.416;-99.990;0.00;156.89;
2025-11-03 15:34:45.06;0.00:00:33:001;-1.00;0.00;0.00;0.07209;-0.07212;-0.0002879;0.0001244;-89.89;0.05;100.04;0.17;100.04;0.07209;0.07212;-2.775E-05;-11.421;-11.420;-99.990;0.00;156.63;
2025-11-03 15:34:45.11;0.00:00:33:048;-1.00;0.00;0.00;0.07209;-0.07212;-0.00029;0.0001203;-89.88;0.05;100.04;0.17;100.04;0.07209;0.07212;-3.215E-05;-11.421;-11.419;-99.990;0.00;157.46;
2025-11-03 15:34:45.15;0.00:00:33:095;-1.00;0.00;0.00;0.07212;-0.07215;-0.000281;0.0001318;-89.89;0.05;100.04;0.18;100.04;0.07212;0.07215;-3.108E-05;-11.420;-11.418;-99.990;0.00;154.87;
2025-11-03 15:34:45.20;0.00:00:33:140;-1.00;0.00;0.00;0.07212;-0.07215;-0.0002913;0.000128;-89.88;0.05;100.04;0.18;100.04;0.07212;0.07216;-3.181E-05;-11.419;-11.417;-99.990;0.00;156.28;
2025-11-03 15:34:45.25;0.00:00:33:189;-1.00;0.00;0.00;0.07214;-0.07217;-0.0002773;0.0001244;-89.89;0.05;100.04;0.17;100.04;0.07214;0.07217;-3.138E-05;-11.418;-11.417;-99.990;0.00;155.84;
2025-11-03 15:34:45.30;0.00:00:33:236;-1.00;0.00;0.00;0.07224;-0.07227;-0.0002962;0.0001231;-89.88;0.05;100.04;0.17;100.04;0.07224;0.07227;-3.236E-05;-11.412;-11.410;-99.990;0.00;157.43;
2025-11-03 15:34:45.34;0.00:00:33:284;-1.00;0.00;0.00;0.07228;-0.07231;-0.0002792;0.0001254;-89.89;0.05;100.05;0.17;100.04;0.07228;0.07231;-3.26E-05;-11.410;-11.408;-99.990;0.00;155.81;
2025-11-03 15:34:45.39;0.00:00:33:328;-1.00;0.00;0.00;0.07221;-0.07224;-0.0003092;0.0001349;-89.88;0.05;100.04;0.19;100.04;0.07221;0.07224;-2.744E-05;-11.414;-11.412;-99.990;0.00;156.43;
2025-11-03 15:34:45.43;0.00:00:33:374;-1.00;0.00;0.00;0.07216;-0.07219;-0.0002768;0.0001279;-89.89;0.05;100.04;0.18;100.04;0.07216;0.0722;-3.247E-05;-11.417;-11.415;-99.990;0.00;155.21;
2025-11-03 15:34:45.48;0.00:00:33:421;-1.00;0.00;0.00;0.07224;-0.07227;-0.0002806;0.00013;-89.89;0.05;100.05;0.18;100.05;0.07224;0.07227;-3.373E-05;-11.412;-11.410;-99.990;0.00;155.14;
2025-11-03 15:34:45.53;0.00:00:33:468;-1.00;0.00;0.00;0.07218;-0.07221;-0.0002853;0.000124;-89.89;0.05;100.04;0.17;100.04;0.07218;0.07221;-3.003E-05;-11.416;-11.414;-99.990;0.00;156.51;
2025-11-03 15:34:45.57;0.00:00:33:516;-1.00;0.00;0.00;0.0722;-0.07223;-0.0002835;0.0001251;-89.89;0.05;100.05;0.17;100.05;0.0722;0.07223;-3.444E-05;-11.415;-11.413;-99.990;0.00;156.19;
2025-11-03 15:34:45.62;0.00:00:33:562;-1.00;0.00;0.00;0.07219;-0.07222;-0.0002872;0.000127;-89.89;0.05;100.04;0.18;100.04;0.07219;0.07222;-3.061E-05;-11.415;-11.413;-99.990;0.00;156.14;
2025-11-03 15:34:45.67;0.00:00:33:609;-1.00;0.00;0.00;0.0721;-0.07213;-0.0003005;0.000124;-89.88;0.05;100.04;0.17;100.04;0.0721;0.07213;-2.992E-05;-11.421;-11.419;-99.990;0.00;157.58;
2025-11-03 15:34:45.71;0.00:00:33:654;-1.00;0.00;0.00;0.07214;-0.07217;-0.0002762;0.0001208;-89.89;0.05;100.05;0.17;100.05;0.07214;0.07217;-3.405E-05;-11.418;-11.416;-99.990;0.00;156.37;
2025-11-03 15:34:45.76;0.00:00:33:701;-1.00;0.00;0.00;0.07214;-0.07217;-0.0002906;0.0001291;-89.88;0.05;100.04;0.18;100.04;0.07214;0.07217;-3.051E-05;-11.418;-11.417;-99.990;0.00;156.05;
2025-11-03 15:34:45.81;0.00:00:33:747;-1.00;0.00;0.00;0.07214;-0.07217;-0.0002899;0.0001311;-89.88;0.05;100.04;0.18;100.04;0.07214;0.07217;-3.145E-05;-11.418;-11.416;-99.990;0.00;155.66;
2025-11-03 15:34:45.85;0.00:00:33:795;-1.00;0.00;0.00;0.0721;-0.07213;-0.0002882;0.0001212;-89.89;0.05;100.05;0.17;100.05;0.0721;0.07213;-3.273E-05;-11.421;-11.419;-99.990;0.00;157.18;
2025-11-03 15:34:45.90;0.00:00:33:841;-1.00;0.00;0.00;0.07209;-0.07213;-0.0002868;0.0001252;-89.89;0.05;100.05;0.17;100.05;0.07209;0.07213;-3.331E-05;-11.421;-11.419;-99.990;0.00;156.42;
2025-11-03 15:34:45.95;0.00:00:33:889;-1.00;0.00;0.00;0.07222;-0.07225;-0.0002876;0.0001251;-89.89;0.05;100.05;0.17;100.05;0.07222;0.07225;-3.459E-05;-11.413;-11.411;-99.990;0.00;156.50;
2025-11-03 15:34:45.99;0.00:00:33:935;-1.00;0.00;0.00;0.07225;-0.07228;-0.000284;0.0001252;-89.89;0.05;100.04;0.17;100.04;0.07225;0.07228;-3.121E-05;-11.412;-11.410;-99.990;0.00;156.20;
2025-11-03 15:34:46.04;0.00:00:33:982;-1.00;0.00;0.00;0.07221;-0.07224;-0.0002967;0.0001298;-89.88;0.05;100.04;0.18;100.04;0.07221;0.07224;-2.946E-05;-11.414;-11.412;-99.990;0.00;156.37;
2025-11-03 15:34:46.09;0.00:00:34:030;-1.00;0.00;0.00;0.07208;-0.07211;-0.0002994;0.0001285;-89.88;0.05;100.04;0.18;100.04;0.07208;0.07211;-2.869E-05;-11.422;-11.420;-99.990;0.00;156.77;
2025-11-03 15:34:46.13;0.00:00:34:076;-1.00;0.00;0.00;0.07197;-0.072;-0.0002913;0.0001313;-89.88;0.05;100.04;0.18;100.04;0.07197;0.072;-3.152E-05;-11.429;-11.427;-99.990;0.00;155.74;
2025-11-03 15:34:46.18;0.00:00:34:121;-1.00;0.00;0.00;0.07192;-0.07195;-0.0002909;0.0001234;-89.88;0.05;100.05;0.17;100.05;0.07192;0.07195;-3.272E-05;-11.431;-11.429;-99.990;0.00;157.01;
2025-11-03 15:34:46.23;0.00:00:34:169;-1.00;0.00;0.00;0.07205;-0.07208;-0.0002833;0.0001279;-89.89;0.05;100.05;0.18;100.05;0.07205;0.07208;-3.336E-05;-11.424;-11.422;-99.990;0.00;155.70;
2025-11-03 15:34:46.28;0.00:00:34:216;-1.00;0.00;0.00;0.07207;-0.0721;-0.0002991;0.0001281;-89.88;0.05;100.05;0.18;100.05;0.07207;0.0721;-3.258E-05;-11.422;-11.421;-99.990;0.00;156.82;
2025-11-03 15:34:46.32;0.00:00:34:262;-1.00;0.00;0.00;0.07201;-0.07205;-0.0002988;0.0001223;-89.88;0.05;100.04;0.17;100.04;0.07201;0.07205;-3.241E-05;-11.426;-11.424;-99.990;0.00;157.74;
2025-11-03 15:34:46.37;0.00:00:34:311;-1.00;0.00;0.00;0.07186;-0.0719;-0.0002977;0.0001276;-89.88;0.05;100.05;0.18;100.05;0.07186;0.0719;-3.277E-05;-11.435;-11.433;-99.990;0.00;156.80;
2025-11-03 15:34:46.42;0.00:00:34:358;-1.00;0.00;0.00;0.07189;-0.07192;-0.0002785;0.0001188;-89.89;0.05;100.05;0.17;100.05;0.07189;0.07192;-3.408E-05;-11.433;-11.431;-99.990;0.00;156.91;
2025-11-03 15:34:46.46;0.00:00:34:404;-1.00;0.00;0.00;0.07206;-0.07209;-0.0002815;0.0001311;-89.89;0.05;100.04;0.18;100.04;0.07206;0.07209;-3.214E-05;-11.423;-11.421;-99.990;0.00;155.03;
2025-11-03 15:34:46.51;0.00:00:34:451;-1.00;0.00;0.00;0.07206;-0.07209;-0.0002862;0.0001288;-89.89;0.05;100.04;0.18;100.04;0.07206;0.07209;-2.868E-05;-11.423;-11.421;-99.990;0.00;155.77;
2025-11-03 15:34:46.56;0.00:00:34:499;-1.00;0.00;0.00;0.07207;-0.0721;-0.0002941;0.0001307;-89.88;0.05;100.05;0.18;100.05;0.07207;0.0721;-3.301E-05;-11.423;-11.421;-99.990;0.00;156.04;
2025-11-03 15:34:46.60;0.00:00:34:545;-1.00;0.00;0.00;0.0721;-0.07213;-0.0002878;0.0001269;-89.89;0.05;100.05;0.18;100.05;0.0721;0.07213;-3.36E-05;-11.421;-11.419;-99.990;0.00;156.20;
2025-11-03 15:34:46.65;0.00:00:34:592;-1.00;0.00;0.00;0.0721;-0.07213;-0.0002962;0.0001297;-89.88;0.05;100.04;0.18;100.04;0.0721;0.07213;-3.129E-05;-11.421;-11.419;-99.990;0.00;156.35;
2025-11-03 15:34:46.70;0.00:00:34:641;-1.00;0.00;0.00;0.0721;-0.07213;-0.0002801;0.0001267;-89.89;0.05;100.05;0.18;100.05;0.0721;0.07213;-3.482E-05;-11.421;-11.419;-99.990;0.00;155.66;
2025-11-03 15:34:46.74;0.00:00:34:686;-1.00;0.00;0.00;0.07217;-0.0722;-0.0002893;0.0001287;-89.89;0.05;100.04;0.18;100.04;0.07217;0.0722;-3.19E-05;-11.416;-11.414;-99.990;0.00;156.02;
2025-11-03 15:34:46.79;0.00:00:34:735;-1.00;0.00;0.00;0.07213;-0.07216;-0.0002852;0.0001237;-89.89;0.05;100.04;0.17;100.04;0.07213;0.07216;-3.087E-05;-11.419;-11.417;-99.990;0.00;156.55;
2025-11-03 15:34:46.84;0.00:00:34:782;-1.00;0.00;0.00;0.07213;-0.07216;-0.0002946;0.0001252;-89.88;0.05;100.04;0.17;100.04;0.07213;0.07216;-3.217E-05;-11.419;-11.417;-99.990;0.00;156.98;
2025-11-03 15:34:46.89;0.00:00:34:827;-1.00;0.00;0.00;0.07215;-0.07217;-0.0002805;0.0001292;-89.89;0.05;100.04;0.18;100.04;0.07215;0.07218;-2.9E-05;-11.418;-11.416;-99.990;0.00;155.27;
2025-11-03 15:34:46.93;0.00:00:34:873;-1.00;0.00;0.00;0.07225;-0.07228;-0.0002899;0.0001232;-89.89;0.05;100.05;0.17;100.05;0.07225;0.07228;-3.266E-05;-11.412;-11.410;-99.990;0.00;156.97;
2025-11-03 15:34:46.98;0.00:00:34:920;-1.00;0.00;0.00;0.07223;-0.07226;-0.000293;0.0001249;-89.88;0.05;100.04;0.17;100.04;0.07223;0.07226;-3.019E-05;-11.413;-11.411;-99.990;0.00;156.92;
2025-11-03 15:34:47.03;0.00:00:34:966;-1.00;0.00;0.00;0.07217;-0.0722;-0.000304;0.0001345;-89.88;0.05;100.04;0.19;100.04;0.07217;0.0722;-2.923E-05;-11.417;-11.415;-99.990;0.00;156.13;
2025-11-03 15:34:47.07;0.00:00:35:015;-1.00;0.00;0.00;0.07213;-0.07216;-0.0002875;0.0001284;-89.89;0.05;100.04;0.18;100.04;0.07213;0.07216;-2.907E-05;-11.419;-11.417;-99.990;0.00;155.94;
2025-11-03 15:34:47.12;0.00:00:35:062;-1.00;0.00;0.00;0.07208;-0.07211;-0.0002878;0.0001283;-89.89;0.05;100.04;0.18;100.04;0.07208;0.07211;-2.998E-05;-11.422;-11.420;-99.990;0.00;155.97;
2025-11-03 15:34:47.17;0.00:00:35:109;-1.00;0.00;0.00;0.07213;-0.07216;-0.0002903;0.0001321;-89.88;0.05;100.04;0.18;100.04;0.07213;0.07216;-3.152E-05;-11.419;-11.417;-99.990;0.00;155.53;
2025-11-03 15:34:47.21;0.00:00:35:156;-1.00;0.00;0.00;0.0721;-0.07213;-0.0002874;0.0001337;-89.89;0.05;100.04;0.19;100.04;0.0721;0.07213;-3.057E-05;-11.421;-11.419;-99.990;0.00;155.06;
2025-11-03 15:34:47.26;0.00:00:35:203;-1.00;0.00;0.00;0.07212;-0.07215;-0.000292;0.0001279;-89.88;0.05;100.05;0.18;100.05;0.07212;0.07215;-3.289E-05;-11.420;-11.418;-99.990;0.00;156.35;
2025-11-03 15:34:47.31;0.00:00:35:252;-1.00;0.00;0.00;0.07213;-0.07216;-0.0002877;0.0001259;-89.89;0.05;100.05;0.17;100.05;0.07213;0.07216;-3.433E-05;-11.419;-11.417;-99.990;0.00;156.37;
2025-11-03 15:34:47.36;0.00:00:35:299;-1.00;0.00;0.00;0.0721;-0.07213;-0.0002942;0.0001269;-89.88;0.05;100.04;0.18;100.04;0.0721;0.07213;-3.093E-05;-11.421;-11.419;-99.990;0.00;156.67;
2025-11-03 15:34:47.41;0.00:00:35:347;-1.00;0.00;0.00;0.07211;-0.07214;-0.0002834;0.000127;-89.89;0.05;100.04;0.18;100.04;0.07211;0.07214;-3.043E-05;-11.420;-11.418;-99.990;0.00;155.87;
2025-11-03 15:34:47.45;0.00:00:35:392;-1.00;0.00;0.00;0.07218;-0.07221;-0.0002737;0.000114;-89.89;0.05;100.05;0.16;100.05;0.07218;0.07221;-3.508E-05;-11.416;-11.414;-99.990;0.00;157.39;
2025-11-03 15:34:47.50;0.00:00:35:440;-1.00;0.00;0.00;0.07215;-0.07218;-0.0002935;0.000128;-89.88;0.05;100.04;0.18;100.04;0.07215;0.07218;-2.987E-05;-11.418;-11.416;-99.990;0.00;156.44;
2025-11-03 15:34:47.55;0.00:00:35:487;-1.00;0.00;0.00;0.07211;-0.07214;-0.0002931;0.000127;-89.88;0.05;100.04;0.18;100.04;0.07211;0.07214;-3.115E-05;-11.420;-11.418;-99.990;0.00;156.57;
2025-11-03 15:34:47.59;0.00:00:35:534;-1.00;0.00;0.00;0.07212;-0.07215;-0.0002934;0.0001292;-89.88;0.05;100.04;0.18;100.04;0.07212;0.07215;-3.245E-05;-11.420;-11.418;-99.990;0.00;156.23;
2025-11-03 15:34:47.64;0.00:00:35:581;-1.00;0.00;0.00;0.0721;-0.07213;-0.0002952;0.000125;-89.88;0.05;100.04;0.17;100.04;0.0721;0.07213;-3.1E-05;-11.421;-11.419;-99.990;0.00;157.04;
2025-11-03 15:34:47.69;0.00:00:35:630;-1.00;0.00;0.00;0.07209;-0.07212;-0.0002832;0.0001263;-89.89;0.05;100.04;0.18;100.04;0.07209;0.07212;-3.107E-05;-11.421;-11.419;-99.990;0.00;155.97;
2025-11-03 15:34:47.73;0.00:00:35:676;-1.00;0.00;0.00;0.07209;-0.07212;-0.0002874;0.0001233;-89.89;0.05;100.04;0.17;100.04;0.07209;0.07212;-3.1E-05;-11.422;-11.420;-99.990;0.00;156.78;
2025-11-03 15:34:47.78;0.00:00:35:723;-1.00;0.00;0.00;0.07216;-0.0722;-0.0002705;0.0001192;-89.89;0.05;100.05;0.17;100.05;0.07216;0.0722;-3.565E-05;-11.417;-11.415;-99.990;0.00;156.21;
2025-11-03 15:34:47.83;0.00:00:35:769;-1.00;0.00;0.00;0.07225;-0.07228;-0.0002947;0.000131;-89.88;0.05;100.04;0.18;100.04;0.07225;0.07228;-3.164E-05;-11.412;-11.410;-99.990;0.00;156.04;
2025-11-03 15:34:47.88;0.00:00:35:816;-1.00;0.00;0.00;0.07224;-0.07227;-0.0002743;0.0001249;-89.89;0.05;100.05;0.17;100.05;0.07224;0.07227;-3.453E-05;-11.412;-11.410;-99.990;0.00;155.52;
2025-11-03 15:34:47.92;0.00:00:35:863;-1.00;0.00;0.00;0.07225;-0.07228;-0.0002937;0.0001294;-89.88;0.05;100.04;0.18;100.04;0.07225;0.07229;-3.035E-05;-11.411;-11.410;-99.990;0.00;156.22;
2025-11-03 15:34:47.97;0.00:00:35:910;-1.00;0.00;0.00;0.07218;-0.07221;-0.0002898;0.0001243;-89.89;0.05;100.04;0.17;100.04;0.07218;0.07221;-3.219E-05;-11.416;-11.414;-99.990;0.00;156.78;
2025-11-03 15:34:48.01;0.00:00:35:956;-1.00;0.00;0.00;0.07219;-0.07223;-0.0002989;0.0001281;-89.88;0.05;100.04;0.18;100.04;0.07219;0.07223;-3.083E-05;-11.415;-11.413;-99.990;0.00;156.80;
2025-11-03 15:34:48.06;0.00:00:36:002;-1.00;0.00;0.00;0.07208;-0.07211;-0.0002785;0.0001291;-89.89;0.05;100.04;0.18;100.04;0.07208;0.07211;-3.186E-05;-11.422;-11.420;-99.990;0.00;155.14;
2025-11-03 15:34:48.11;0.00:00:36:049;-1.00;0.00;0.00;0.07205;-0.07208;-0.0002918;0.0001312;-89.88;0.05;100.04;0.18;100.04;0.07205;0.07208;-3.134E-05;-11.424;-11.422;-99.990;0.00;155.79;
2025-11-03 15:34:48.15;0.00:00:36:096;-1.00;0.00;0.00;0.07204;-0.07207;-0.0002831;0.000115;-89.89;0.05;100.04;0.16;100.04;0.07204;0.07207;-3.22E-05;-11.424;-11.422;-99.990;0.00;157.90;
2025-11-03 15:34:48.20;0.00:00:36:141;-1.00;0.00;0.00;0.07218;-0.07221;-0.0002928;0.0001271;-89.88;0.05;100.05;0.18;100.05;0.07218;0.07221;-3.27E-05;-11.416;-11.414;-99.990;0.00;156.54;
2025-11-03 15:34:48.25;0.00:00:36:189;-1.00;0.00;0.00;0.07212;-0.07215;-0.0002986;0.0001223;-89.88;0.05;100.04;0.17;100.04;0.07212;0.07215;-3.202E-05;-11.419;-11.418;-99.990;0.00;157.72;
2025-11-03 15:34:48.31;0.00:00:36:250;-1.00;0.00;0.00;0.07212;-0.07215;-0.0002897;0.0001294;-89.88;0.05;100.04;0.18;100.04;0.07212;0.07215;-3.072E-05;-11.419;-11.418;-99.990;0.00;155.93;
2025-11-03 15:34:48.36;0.00:00:36:299;-1.00;0.00;0.00;0.07204;-0.07207;-0.0002954;0.0001295;-89.88;0.05;100.04;0.18;100.04;0.07204;0.07207;-3.17E-05;-11.424;-11.422;-99.990;0.00;156.32;
2025-11-03 15:34:48.40;0.00:00:36:345;-1.00;0.00;0.00;0.07202;-0.07206;-0.0002788;0.0001194;-89.89;0.05;100.05;0.17;100.05;0.07202;0.07206;-3.68E-05;-11.425;-11.423;-99.990;0.00;156.81;
2025-11-03 15:34:48.45;0.00:00:36:392;-1.00;0.00;0.00;0.0722;-0.07223;-0.0002768;0.000128;-89.89;0.05;100.05;0.18;100.05;0.0722;0.07223;-3.429E-05;-11.415;-11.413;-99.990;0.00;155.18;
2025-11-03 15:34:48.50;0.00:00:36:438;-1.00;0.00;0.00;0.07212;-0.07214;-0.0003033;0.0001289;-89.88;0.05;100.04;0.18;100.04;0.07212;0.07214;-2.697E-05;-11.420;-11.418;-99.990;0.00;156.98;
2025-11-03 15:34:48.54;0.00:00:36:485;-1.00;0.00;0.00;0.07207;-0.0721;-0.0002833;0.0001257;-89.89;0.05;100.04;0.17;100.04;0.07207;0.07211;-3.243E-05;-11.422;-11.420;-99.990;0.00;156.07;
2025-11-03 15:34:48.61;0.00:00:36:548;-1.00;0.00;0.00;0.07219;-0.07222;-0.000291;0.0001292;-89.88;0.05;100.04;0.18;100.04;0.07219;0.07222;-3.176E-05;-11.415;-11.413;-99.990;0.00;156.05;
2025-11-03 15:34:48.65;0.00:00:36:594;-1.00;0.00;0.00;0.07215;-0.07218;-0.0002885;0.0001274;-89.89;0.05;100.04;0.18;100.04;0.07215;0.07218;-3.218E-05;-11.418;-11.416;-99.990;0.00;156.18;
2025-11-03 15:34:48.70;0.00:00:36:643;-1.00;0.00;0.00;0.07201;-0.07203;-0.0002928;0.0001213;-89.88;0.05;100.04;0.17;100.04;0.07201;0.07204;-3.06E-05;-11.426;-11.425;-99.990;0.00;157.50;
2025-11-03 15:34:48.75;0.00:00:36:689;-1.00;0.00;0.00;0.07204;-0.07208;-0.0002685;0.0001281;-89.89;0.05;100.05;0.18;100.05;0.07204;0.07208;-3.336E-05;-11.424;-11.422;-99.990;0.00;154.48;
2025-11-03 15:34:48.80;0.00:00:36:737;-1.00;0.00;0.00;0.07213;-0.07216;-0.0002834;0.0001309;-89.89;0.05;100.05;0.18;100.05;0.07213;0.07216;-3.268E-05;-11.419;-11.417;-99.990;0.00;155.21;
2025-11-03 15:34:48.84;0.00:00:36:784;-1.00;0.00;0.00;0.07212;-0.07215;-0.0002936;0.0001307;-89.88;0.05;100.04;0.18;100.04;0.07212;0.07215;-2.914E-05;-11.419;-11.418;-99.990;0.00;156.00;
2025-11-03 15:34:48.89;0.00:00:36:832;-1.00;0.00;0.00;0.07201;-0.07204;-0.0002996;0.0001296;-89.88;0.05;100.04;0.18;100.04;0.07201;0.07204;-2.794E-05;-11.426;-11.424;-99.990;0.00;156.60;
2025-11-03 15:34:48.94;0.00:00:36:879;-1.00;0.00;0.00;0.07196;-0.072;-0.00028;0.000121;-89.89;0.05;100.05;0.17;100.05;0.07196;0.072;-3.404E-05;-11.429;-11.427;-99.990;0.00;156.63;
2025-11-03 15:34:48.99;0.00:00:36:926;-1.00;0.00;0.00;0.07204;-0.07207;-0.0002875;0.0001193;-89.89;0.05;100.05;0.17;100.05;0.07204;0.07207;-3.271E-05;-11.424;-11.422;-99.990;0.00;157.46;
2025-11-03 15:34:49.03;0.00:00:36:972;-1.00;0.00;0.00;0.07201;-0.07204;-0.0002728;0.0001234;-89.89;0.05;100.04;0.17;100.04;0.07201;0.07204;-3.154E-05;-11.426;-11.424;-99.990;0.00;155.67;
2025-11-03 15:34:49.08;0.00:00:37:019;-1.00;0.00;0.00;0.07205;-0.07208;-0.0002832;0.0001287;-89.89;0.05;100.04;0.18;100.04;0.07205;0.07208;-3.199E-05;-11.424;-11.422;-99.990;0.00;155.56;
2025-11-03 15:34:49.13;0.00:00:37:067;-1.00;0.00;0.00;0.07211;-0.07214;-0.0002843;0.0001249;-89.89;0.05;100.04;0.17;100.04;0.07211;0.07214;-3.093E-05;-11.420;-11.418;-99.990;0.00;156.28;
2025-11-03 15:34:49.17;0.00:00:37:114;-1.00;0.00;0.00;0.07207;-0.0721;-0.0002915;0.0001246;-89.88;0.05;100.05;0.17;100.05;0.07207;0.0721;-3.366E-05;-11.423;-11.421;-99.990;0.00;156.85;
2025-11-03 15:34:49.22;0.00:00:37:160;-1.00;0.00;0.00;0.07205;-0.07208;-0.0002934;0.0001284;-89.88;0.05;100.04;0.18;100.04;0.07205;0.07208;-3.17E-05;-11.424;-11.422;-99.990;0.00;156.36;
2025-11-03 15:34:49.27;0.00:00:37:207;-1.00;0.00;0.00;0.07202;-0.07205;-0.0002991;0.0001323;-89.88;0.05;100.04;0.18;100.04;0.07202;0.07205;-2.917E-05;-11.425;-11.424;-99.990;0.00;156.14;
2025-11-03 15:34:49.31;0.00:00:37:253;-1.00;0.00;0.00;0.07203;-0.07206;-0.000287;0.0001268;-89.89;0.05;100.05;0.18;100.05;0.07203;0.07206;-3.292E-05;-11.425;-11.423;-99.990;0.00;156.16;
2025-11-03 15:34:49.36;0.00:00:37:300;-1.00;0.00;0.00;0.07207;-0.0721;-0.0002915;0.0001301;-89.88;0.05;100.04;0.18;100.04;0.07207;0.0721;-3.193E-05;-11.422;-11.421;-99.990;0.00;155.96;
2025-11-03 15:34:49.41;0.00:00:37:348;-1.00;0.00;0.00;0.07214;-0.07218;-0.0002769;0.0001266;-89.89;0.05;100.05;0.18;100.05;0.07214;0.07218;-3.773E-05;-11.418;-11.416;-99.990;0.00;155.42;
2025-11-03 15:34:49.45;0.00:00:37:394;-1.00;0.00;0.00;0.0722;-0.07223;-0.000283;0.000128;-89.89;0.05;100.05;0.18;100.04;0.0722;0.07223;-3.256E-05;-11.415;-11.413;-99.990;0.00;155.67;
2025-11-03 15:34:49.50;0.00:00:37:442;-1.00;0.00;0.00;0.0722;-0.07223;-0.0002686;0.0001242;-89.89;0.05;100.05;0.17;100.05;0.0722;0.07223;-3.552E-05;-11.415;-11.413;-99.990;0.00;155.19;
2025-11-03 15:34:49.55;0.00:00:37:487;-1.00;0.00;0.00;0.07228;-0.07231;-0.0002899;0.0001312;-89.89;0.05;100.04;0.18;100.04;0.07228;0.07231;-3.224E-05;-11.410;-11.408;-99.990;0.00;155.65;
2025-11-03 15:34:49.59;0.00:00:37:535;-1.00;0.00;0.00;0.07212;-0.07215;-0.000286;0.0001197;-89.89;0.05;100.04;0.17;100.04;0.07212;0.07215;-3.166E-05;-11.420;-11.418;-99.990;0.00;157.29;
2025-11-03 15:34:49.64;0.00:00:37:582;-1.00;0.00;0.00;0.07211;-0.07214;-0.0002905;0.0001205;-89.88;0.05;100.04;0.17;100.04;0.07211;0.07214;-3.173E-05;-11.420;-11.418;-99.990;0.00;157.48;
2025-11-03 15:34:49.69;0.00:00:37:629;-1.00;0.00;0.00;0.07204;-0.07207;-0.0003012;0.0001308;-89.88;0.05;100.04;0.18;100.04;0.07204;0.07207;-3.155E-05;-11.424;-11.422;-99.990;0.00;156.53;
2025-11-03 15:34:49.73;0.00:00:37:674;-1.00;0.00;0.00;0.07204;-0.07207;-0.0002801;0.0001312;-89.89;0.05;100.05;0.18;100.05;0.07204;0.07207;-3.256E-05;-11.424;-11.422;-99.990;0.00;154.89;
2025-11-03 15:34:49.78;0.00:00:37:722;-1.00;0.00;0.00;0.072;-0.07203;-0.0003049;0.0001276;-89.88;0.05;100.04;0.18;100.04;0.072;0.07203;-3.06E-05;-11.427;-11.425;-99.990;0.00;157.29;
2025-11-03 15:34:49.83;0.00:00:37:767;-1.00;0.00;0.00;0.07199;-0.07202;-0.0002893;0.0001244;-89.88;0.05;100.04;0.17;100.04;0.07199;0.07203;-3.139E-05;-11.427;-11.425;-99.990;0.00;156.74;
2025-11-03 15:34:49.87;0.00:00:37:814;-1.00;0.00;0.00;0.0721;-0.07213;-0.0002754;0.0001231;-89.89;0.05;100.05;0.17;100.05;0.0721;0.07213;-3.345E-05;-11.421;-11.419;-99.990;0.00;155.93;
2025-11-03 15:34:49.92;0.00:00:37:861;-1.00;0.00;0.00;0.0721;-0.07213;-0.0002959;0.000129;-89.88;0.05;100.04;0.18;100.04;0.0721;0.07213;-3.158E-05;-11.421;-11.419;-99.990;0.00;156.45;
2025-11-03 15:34:49.97;0.00:00:37:907;-1.00;0.00;0.00;0.07209;-0.07212;-0.0002918;0.0001258;-89.88;0.05;100.04;0.17;100.04;0.07209;0.07212;-2.948E-05;-11.421;-11.419;-99.990;0.00;156.68;
2025-11-03 15:34:50.01;0.00:00:37:955;-1.00;0.00;0.00;0.07211;-0.07214;-0.0002888;0.0001254;-89.89;0.05;100.04;0.17;100.04;0.07211;0.07214;-2.913E-05;-11.420;-11.418;-99.990;0.00;156.53;
2025-11-03 15:34:50.06;0.00:00:38:001;-1.00;0.00;0.00;0.07213;-0.07216;-0.0002782;0.0001257;-89.89;0.05;100.05;0.17;100.05;0.07213;0.07216;-3.448E-05;-11.419;-11.417;-99.990;0.00;155.68;
2025-11-03 15:34:50.11;0.00:00:38:048;-1.00;0.00;0.00;0.0722;-0.07223;-0.0002812;0.000124;-89.89;0.05;100.05;0.17;100.05;0.0722;0.07224;-3.386E-05;-11.415;-11.413;-99.990;0.00;156.21;
2025-11-03 15:34:50.15;0.00:00:38:096;-1.00;0.00;0.00;0.07224;-0.07227;-0.0002962;0.0001267;-89.88;0.05;100.04;0.18;100.04;0.07224;0.07227;-3.099E-05;-11.412;-11.411;-99.990;0.00;156.85;
2025-11-03 15:34:50.20;0.00:00:38:143;-1.00;0.00;0.00;0.07217;-0.0722;-0.0002926;0.0001239;-89.88;0.05;100.04;0.17;100.04;0.07217;0.0722;-3.132E-05;-11.416;-11.414;-99.990;0.00;157.05;
2025-11-03 15:34:50.25;0.00:00:38:189;-1.00;0.00;0.00;0.07223;-0.07226;-0.0002895;0.0001199;-89.89;0.05;100.05;0.17;100.05;0.07223;0.07226;-3.33E-05;-11.413;-11.411;-99.990;0.00;157.51;
2025-11-03 15:34:50.30;0.00:00:38:236;-1.00;0.00;0.00;0.07226;-0.07229;-0.0002821;0.000126;-89.89;0.05;100.05;0.17;100.05;0.07226;0.07229;-3.541E-05;-11.411;-11.409;-99.990;0.00;155.93;
2025-11-03 15:34:50.34;0.00:00:38:283;-1.00;0.00;0.00;0.07228;-0.07231;-0.0002929;0.0001257;-89.88;0.05;100.05;0.17;100.04;0.07228;0.07231;-3.26E-05;-11.410;-11.408;-99.990;0.00;156.77;
2025-11-03 15:34:50.39;0.00:00:38:331;-1.00;0.00;0.00;0.07224;-0.07227;-0.0002887;0.0001231;-89.89;0.05;100.04;0.17;100.04;0.07224;0.07227;-3.121E-05;-11.412;-11.410;-99.990;0.00;156.90;
2025-11-03 15:34:50.44;0.00:00:38:377;-1.00;0.00;0.00;0.07223;-0.07226;-0.0002897;0.0001179;-89.89;0.05;100.05;0.16;100.05;0.07223;0.07226;-3.568E-05;-11.413;-11.411;-99.990;0.00;157.85;
2025-11-03 15:34:50.48;0.00:00:38:425;-1.00;0.00;0.00;0.07228;-0.07231;-0.0002883;0.0001273;-89.89;0.05;100.04;0.18;100.04;0.07228;0.07231;-3.086E-05;-11.410;-11.408;-99.990;0.00;156.17;
2025-11-03 15:34:50.53;0.00:00:38:472;-1.00;0.00;0.00;0.07224;-0.07227;-0.0002877;0.0001243;-89.89;0.05;100.05;0.17;100.05;0.07224;0.07227;-3.46E-05;-11.412;-11.410;-99.990;0.00;156.63;
2025-11-03 15:34:50.58;0.00:00:38:519;-1.00;0.00;0.00;0.07229;-0.07232;-0.000294;0.0001166;-89.88;0.05;100.04;0.16;100.04;0.07229;0.07232;-3.043E-05;-11.409;-11.407;-99.990;0.00;158.36;
2025-11-03 15:34:50.63;0.00:00:38:571;-1.00;0.00;0.00;0.07234;-0.07238;-0.0002778;0.0001113;-89.89;0.04;100.05;0.15;100.05;0.07234;0.07238;-3.661E-05;-11.406;-11.404;-99.990;0.00;158.18;
2025-11-03 15:34:50.68;0.00:00:38:622;-1.00;0.00;0.00;0.07249;-0.07251;-0.0002892;0.0001362;-89.89;0.05;100.04;0.19;100.04;0.07249;0.07251;-2.82E-05;-11.397;-11.396;-99.990;0.00;154.78;
2025-11-03 15:34:50.74;0.00:00:38:677;-1.00;0.00;0.00;0.07222;-0.07225;-0.0002971;0.0001284;-89.88;0.05;100.04;0.18;100.04;0.07222;0.07225;-3.077E-05;-11.413;-11.412;-99.990;0.00;156.62;
2025-11-03 15:34:50.78;0.00:00:38:723;-1.00;0.00;0.00;0.07222;-0.07225;-0.0002973;0.0001236;-89.88;0.05;100.05;0.17;100.05;0.07222;0.07225;-3.293E-05;-11.414;-11.412;-99.990;0.00;157.43;
2025-11-03 15:34:50.83;0.00:00:38:773;-1.00;0.00;0.00;0.07225;-0.07228;-0.0002941;0.0001287;-89.88;0.05;100.05;0.18;100.05;0.07225;0.07228;-3.54E-05;-11.412;-11.410;-99.990;0.00;156.37;
2025-11-03 15:34:50.89;0.00:00:38:826;-1.00;0.00;0.00;0.0722;-0.07223;-0.0002913;0.0001251;-89.88;0.05;100.04;0.17;100.04;0.0722;0.07223;-3.09E-05;-11.415;-11.413;-99.990;0.00;156.75;
2025-11-03 15:34:50.94;0.00:00:38:876;-1.00;0.00;0.00;0.07212;-0.07215;-0.0002884;0.0001233;-89.89;0.05;100.05;0.17;100.05;0.07212;0.07215;-3.289E-05;-11.419;-11.417;-99.990;0.00;156.85;
2025-11-03 15:34:50.99;0.00:00:38:928;-1.00;0.00;0.00;0.0721;-0.07213;-0.000286;0.0001242;-89.89;0.05;100.05;0.17;100.05;0.0721;0.07213;-3.273E-05;-11.421;-11.419;-99.990;0.00;156.52;
2025-11-03 15:34:51.04;0.00:00:38:979;-1.00;0.00;0.00;0.07211;-0.07214;-0.0002883;0.0001302;-89.89;0.05;100.04;0.18;100.04;0.07211;0.07214;-3.238E-05;-11.420;-11.418;-99.990;0.00;155.70;
2025-11-03 15:34:51.10;0.00:00:39:040;-1.00;0.00;0.00;0.07206;-0.0721;-0.0002895;0.000125;-89.88;0.05;100.05;0.17;100.05;0.07206;0.0721;-3.416E-05;-11.423;-11.421;-99.990;0.00;156.65;
2025-11-03 15:34:51.16;0.00:00:39:104;-1.00;0.00;0.00;0.07216;-0.07219;-0.0002799;0.0001263;-89.89;0.05;100.05;0.18;100.05;0.07216;0.07219;-3.456E-05;-11.417;-11.415;-99.990;0.00;155.71;
2025-11-03 15:34:51.21;0.00:00:39:153;-1.00;0.00;0.00;0.07224;-0.07228;-0.0002842;0.000116;-89.89;0.05;100.05;0.16;100.05;0.07224;0.07228;-3.547E-05;-11.412;-11.410;-99.990;0.00;157.80;
2025-11-03 15:34:51.27;0.00:00:39:207;-1.00;0.00;0.00;0.07209;-0.07212;-0.0003008;0.0001292;-89.88;0.05;100.04;0.18;100.04;0.07209;0.07212;-2.833E-05;-11.421;-11.419;-99.990;0.00;156.76;
2025-11-03 15:34:51.32;0.00:00:39:265;-1.00;0.00;0.00;0.07192;-0.07196;-0.0002923;0.0001237;-89.88;0.05;100.04;0.17;100.04;0.07192;0.07196;-3.208E-05;-11.431;-11.429;-99.990;0.00;157.06;
2025-11-03 15:34:51.37;0.00:00:39:316;-1.00;0.00;0.00;0.07196;-0.072;-0.0002674;0.0001285;-89.89;0.05;100.05;0.18;100.05;0.07196;0.072;-3.447E-05;-11.429;-11.427;-99.990;0.00;154.34;
2025-11-03 15:34:51.42;0.00:00:39:363;-1.00;0.00;0.00;0.07191;-0.07193;-0.0002977;0.0001244;-89.88;0.05;100.04;0.17;100.04;0.07191;0.07194;-3.042E-05;-11.432;-11.431;-99.990;0.00;157.32;
2025-11-03 15:34:51.48;0.00:00:39:417;-1.00;0.00;0.00;0.07184;-0.07187;-0.0002963;0.0001293;-89.88;0.05;100.04;0.18;100.04;0.07184;0.07187;-2.766E-05;-11.436;-11.435;-99.990;0.00;156.43;
2025-11-03 15:34:51.54;0.00:00:39:479;-1.00;0.00;0.00;0.07188;-0.07191;-0.0002857;0.0001259;-89.89;0.05;100.05;0.18;100.05;0.07188;0.07191;-3.493E-05;-11.434;-11.432;-99.990;0.00;156.21;
2025-11-03 15:34:51.60;0.00:00:39:537;-1.00;0.00;0.00;0.07201;-0.07205;-0.0002893;0.0001255;-89.88;0.05;100.05;0.17;100.05;0.07201;0.07205;-3.745E-05;-11.426;-11.424;-99.990;0.00;156.54;
2025-11-03 15:34:51.64;0.00:00:39:584;-1.00;0.00;0.00;0.07205;-0.07208;-0.0002938;0.0001223;-89.88;0.05;100.04;0.17;100.04;0.07205;0.07208;-3.242E-05;-11.424;-11.422;-99.990;0.00;157.41;
2025-11-03 15:34:51.69;0.00:00:39:634;-1.00;0.00;0.00;0.07216;-0.07219;-0.0002739;0.0001194;-89.89;0.05;100.05;0.17;100.05;0.07216;0.07219;-3.485E-05;-11.417;-11.415;-99.990;0.00;156.45;
2025-11-03 15:34:51.75;0.00:00:39:695;-1.00;0.00;0.00;0.07218;-0.07221;-0.0002934;0.0001368;-89.88;0.05;100.04;0.19;100.04;0.07218;0.07221;-3.032E-05;-11.416;-11.414;-99.990;0.00;155.01;
2025-11-03 15:34:51.82;0.00:00:39:758;-1.00;0.00;0.00;0.07212;-0.07215;-0.0002941;0.0001263;-89.88;0.05;100.05;0.18;100.05;0.07212;0.07215;-3.281E-05;-11.419;-11.417;-99.990;0.00;156.76;
2025-11-03 15:34:51.87;0.00:00:39:808;-1.00;0.00;0.00;0.07198;-0.07202;-0.0002857;0.0001218;-89.89;0.05;100.04;0.17;100.04;0.07198;0.07202;-3.239E-05;-11.428;-11.426;-99.990;0.00;156.91;
2025-11-03 15:34:51.92;0.00:00:39:859;-1.00;0.00;0.00;0.07197;-0.072;-0.0002928;0.0001271;-89.88;0.05;100.05;0.18;100.05;0.07197;0.072;-3.282E-05;-11.429;-11.427;-99.990;0.00;156.54;
2025-11-03 15:34:51.98;0.00:00:39:921;-1.00;0.00;0.00;0.07214;-0.07217;-0.0002812;0.0001315;-89.89;0.05;100.05;0.18;100.05;0.07214;0.07217;-3.318E-05;-11.418;-11.416;-99.990;0.00;154.94;
2025-11-03 15:34:52.03;0.00:00:39:974;-1.00;0.00;0.00;0.07208;-0.07212;-0.0002845;0.0001273;-89.89;0.05;100.04;0.18;100.04;0.07208;0.07212;-3.15E-05;-11.422;-11.420;-99.990;0.00;155.90;
2025-11-03 15:34:52.08;0.00:00:40:023;-1.00;0.00;0.00;0.0721;-0.07213;-0.0002834;0.0001259;-89.89;0.05;100.05;0.17;100.05;0.0721;0.07213;-3.309E-05;-11.421;-11.419;-99.990;0.00;156.04;
2025-11-03 15:34:52.13;0.00:00:40:076;-1.00;0.00;0.00;0.07212;-0.07215;-0.0002759;0.000129;-89.89;0.05;100.04;0.18;100.04;0.07212;0.07215;-3.015E-05;-11.419;-11.418;-99.990;0.00;154.94;
2025-11-03 15:34:52.19;0.00:00:40:127;-1.00;0.00;0.00;0.07207;-0.0721;-0.0002905;0.0001288;-89.88;0.05;100.04;0.18;100.04;0.07207;0.0721;-2.955E-05;-11.422;-11.420;-99.990;0.00;156.09;
2025-11-03 15:34:52.24;0.00:00:40:177;-1.00;0.00;0.00;0.07209;-0.07212;-0.0002898;0.0001292;-89.88;0.05;100.04;0.18;100.04;0.07209;0.07212;-3.078E-05;-11.421;-11.419;-99.990;0.00;155.97;
2025-11-03 15:34:52.28;0.00:00:40:226;-1.00;0.00;0.00;0.07212;-0.07215;-0.0002853;0.0001264;-89.89;0.05;100.04;0.18;100.04;0.07212;0.07215;-3.181E-05;-11.419;-11.417;-99.990;0.00;156.11;
2025-11-03 15:34:52.34;0.00:00:40:277;-1.00;0.00;0.00;0.07207;-0.0721;-0.0002811;0.000117;-89.89;0.05;100.04;0.16;100.04;0.07207;0.07211;-3.178E-05;-11.422;-11.420;-99.990;0.00;157.40;
2025-11-03 15:34:52.39;0.00:00:40:329;-1.00;0.00;0.00;0.07208;-0.07211;-0.0003084;0.0001261;-89.88;0.05;100.04;0.17;100.04;0.07208;0.07211;-2.955E-05;-11.422;-11.420;-99.990;0.00;157.76;
2025-11-03 15:34:52.44;0.00:00:40:376;-1.00;0.00;0.00;0.07201;-0.07204;-0.0002839;0.0001233;-89.89;0.05;100.04;0.17;100.04;0.07201;0.07204;-3.096E-05;-11.426;-11.424;-99.990;0.00;156.52;
2025-11-03 15:34:52.49;0.00:00:40:431;-1.00;0.00;0.00;0.07207;-0.0721;-0.0002772;0.0001198;-89.89;0.05;100.04;0.17;100.04;0.07207;0.0721;-3.236E-05;-11.423;-11.421;-99.990;0.00;156.62;
2025-11-03 15:34:52.54;0.00:00:40:481;-1.00;0.00;0.00;0.07216;-0.0722;-0.0002766;0.0001371;-89.89;0.05;100.05;0.19;100.05;0.07216;0.0722;-3.32E-05;-11.417;-11.415;-99.990;0.00;153.63;
2025-11-03 15:34:52.59;0.00:00:40:529;-1.00;0.00;0.00;0.07217;-0.0722;-0.0002914;0.000127;-89.88;0.05;100.04;0.18;100.04;0.07217;0.0722;-3.081E-05;-11.417;-11.415;-99.990;0.00;156.46;
2025-11-03 15:34:52.64;0.00:00:40:583;-1.00;0.00;0.00;0.07213;-0.07216;-0.0003049;0.0001288;-89.88;0.05;100.04;0.18;100.04;0.07213;0.07216;-2.993E-05;-11.419;-11.417;-99.990;0.00;157.10;
2025-11-03 15:34:52.69;0.00:00:40:632;-1.00;0.00;0.00;0.0721;-0.07213;-0.0002789;0.0001271;-89.89;0.05;100.04;0.18;100.04;0.0721;0.07213;-3.194E-05;-11.421;-11.419;-99.990;0.00;155.50;
2025-11-03 15:34:52.74;0.00:00:40:683;-1.00;0.00;0.00;0.07213;-0.07216;-0.0002826;0.000134;-89.89;0.05;100.05;0.19;100.05;0.07213;0.07216;-3.34E-05;-11.419;-11.417;-99.990;0.00;154.63;
2025-11-03 15:34:52.79;0.00:00:40:734;-1.00;0.00;0.00;0.07217;-0.07221;-0.000284;0.0001237;-89.89;0.05;100.05;0.17;100.05;0.07217;0.07221;-3.262E-05;-11.416;-11.414;-99.990;0.00;156.47;
2025-11-03 15:34:52.85;0.00:00:40:787;-1.00;0.00;0.00;0.07211;-0.07214;-0.0002954;0.000127;-89.88;0.05;100.04;0.18;100.04;0.07211;0.07214;-3.007E-05;-11.420;-11.418;-99.990;0.00;156.73;
2025-11-03 15:34:52.90;0.00:00:40:836;-1.00;0.00;0.00;0.07202;-0.07205;-0.0002983;0.0001261;-89.88;0.05;100.04;0.18;100.04;0.07202;0.07205;-3.061E-05;-11.426;-11.424;-99.990;0.00;157.08;
2025-11-03 15:34:52.96;0.00:00:40:898;-1.00;0.00;0.00;0.07198;-0.07201;-0.0002799;0.0001278;-89.89;0.05;100.04;0.18;100.04;0.07198;0.07201;-3.131E-05;-11.428;-11.426;-99.990;0.00;155.46;
2025-11-03 15:34:53.02;0.00:00:40:962;-1.00;0.00;0.00;0.07213;-0.07217;-0.0002809;0.0001148;-89.89;0.05;100.05;0.16;100.05;0.07213;0.07217;-3.448E-05;-11.419;-11.417;-99.990;0.00;157.77;
2025-11-03 15:34:53.07;0.00:00:41:010;-1.00;0.00;0.00;0.07224;-0.07227;-0.0002956;0.0001247;-89.88;0.05;100.05;0.17;100.05;0.07224;0.07227;-3.446E-05;-11.413;-11.410;-99.990;0.00;157.12;
2025-11-03 15:34:53.12;0.00:00:41:058;-1.00;0.00;0.00;0.07222;-0.07225;-0.0002956;0.0001255;-89.88;0.05;100.05;0.17;100.05;0.07222;0.07225;-3.293E-05;-11.413;-11.411;-99.990;0.00;156.99;
2025-11-03 15:34:53.16;0.00:00:41:103;-1.00;0.00;0.00;0.0722;-0.07223;-0.0002895;0.0001248;-89.89;0.05;100.04;0.17;100.04;0.0722;0.07223;-3.227E-05;-11.415;-11.413;-99.990;0.00;156.68;
2025-11-03 15:34:53.21;0.00:00:41:155;-1.00;0.00;0.00;0.07217;-0.0722;-0.0002982;0.0001251;-89.88;0.05;100.05;0.17;100.05;0.07217;0.0722;-3.276E-05;-11.417;-11.415;-99.990;0.00;157.24;
2025-11-03 15:34:53.27;0.00:00:41:206;-1.00;0.00;0.00;0.07216;-0.07219;-0.0003001;0.0001268;-89.88;0.05;100.04;0.18;100.04;0.07216;0.07219;-3.06E-05;-11.417;-11.415;-99.990;0.00;157.09;
2025-11-03 15:34:53.33;0.00:00:41:266;-1.00;0.00;0.00;0.07216;-0.07219;-0.0002894;0.0001261;-89.89;0.05;100.05;0.17;100.05;0.07216;0.07219;-3.276E-05;-11.417;-11.415;-99.990;0.00;156.46;
2025-11-03 15:34:53.37;0.00:00:41:313;-1.00;0.00;0.00;0.0721;-0.07213;-0.000292;0.0001212;-89.88;0.05;100.04;0.17;100.04;0.0721;0.07213;-3.014E-05;-11.421;-11.419;-99.990;0.00;157.45;
2025-11-03 15:34:53.43;0.00:00:41:368;-1.00;0.00;0.00;0.07216;-0.07219;-0.0002763;0.0001243;-89.89;0.05;100.05;0.17;100.05;0.07216;0.07219;-3.319E-05;-11.417;-11.415;-99.990;0.00;155.78;
2025-11-03 15:34:53.48;0.00:00:41:419;-1.00;0.00;0.00;0.0722;-0.07223;-0.0002936;0.0001261;-89.88;0.05;100.05;0.17;100.05;0.0722;0.07223;-3.343E-05;-11.415;-11.413;-99.990;0.00;156.75;
2025-11-03 15:34:53.54;0.00:00:41:476;-1.00;0.00;0.00;0.07226;-0.07229;-0.0002904;0.000123;-89.88;0.05;100.04;0.17;100.04;0.07226;0.0723;-3.252E-05;-11.411;-11.409;-99.990;0.00;157.04;
2025-11-03 15:34:53.58;0.00:00:41:523;-1.00;0.00;0.00;0.07229;-0.07232;-0.0002922;0.0001275;-89.88;0.05;100.05;0.18;100.05;0.07229;0.07232;-3.412E-05;-11.409;-11.407;-99.990;0.00;156.43;
2025-11-03 15:34:53.63;0.00:00:41:574;-1.00;0.00;0.00;0.0723;-0.07233;-0.0003067;0.0001314;-89.88;0.05;100.04;0.18;100.04;0.0723;0.07233;-3.239E-05;-11.408;-11.407;-99.990;0.00;156.80;
2025-11-03 15:34:53.69;0.00:00:41:632;-1.00;0.00;0.00;0.07213;-0.07216;-0.0002871;0.000125;-89.89;0.05;100.04;0.17;100.04;0.07213;0.07216;-2.885E-05;-11.419;-11.417;-99.990;0.00;156.47;
2025-11-03 15:34:53.74;0.00:00:41:677;-1.00;0.00;0.00;0.07203;-0.07206;-0.000298;0.0001276;-89.88;0.05;100.04;0.18;100.04;0.07203;0.07206;-2.925E-05;-11.425;-11.423;-99.990;0.00;156.81;
2025-11-03 15:34:53.79;0.00:00:41:729;-1.00;0.00;0.00;0.07197;-0.072;-0.0002892;0.0001207;-89.88;0.05;100.04;0.17;100.04;0.07197;0.072;-2.929E-05;-11.428;-11.427;-99.990;0.00;157.35;
2025-11-03 15:34:53.85;0.00:00:41:788;-1.00;0.00;0.00;0.07208;-0.07211;-0.0002928;0.0001222;-89.88;0.05;100.05;0.17;100.05;0.07208;0.07211;-3.301E-05;-11.422;-11.420;-99.990;0.00;157.35;
2025-11-03 15:34:53.90;0.00:00:41:842;-1.00;0.00;0.00;0.07217;-0.0722;-0.0002845;0.0001274;-89.89;0.05;100.05;0.18;100.05;0.07217;0.0722;-3.406E-05;-11.417;-11.414;-99.990;0.00;155.88;
2025-11-03 15:34:53.95;0.00:00:41:892;-1.00;0.00;0.00;0.07216;-0.07219;-0.0002854;0.000132;-89.89;0.05;100.04;0.18;100.04;0.07216;0.0722;-3.226E-05;-11.417;-11.415;-99.990;0.00;155.18;
2025-11-03 15:34:54.00;0.00:00:41:943;-1.00;0.00;0.00;0.07213;-0.07216;-0.0002844;0.0001308;-89.89;0.05;100.05;0.18;100.05;0.07213;0.07216;-3.325E-05;-11.419;-11.417;-99.990;0.00;155.30;
2025-11-03 15:34:54.07;0.00:00:42:012;-1.00;0.00;0.00;0.07204;-0.07208;-0.0002836;0.0001242;-89.89;0.05;100.05;0.17;100.05;0.07204;0.07208;-3.415E-05;-11.424;-11.422;-99.990;0.00;156.34;
2025-11-03 15:34:54.12;0.00:00:42:058;-1.00;0.00;0.00;0.07208;-0.07211;-0.0002852;0.0001288;-89.89;0.05;100.05;0.18;100.05;0.07208;0.07211;-3.417E-05;-11.422;-11.420;-99.990;0.00;155.69;
2025-11-03 15:34:54.17;0.00:00:42:109;-1.00;0.00;0.00;0.07207;-0.0721;-0.0002853;0.0001274;-89.89;0.05;100.05;0.18;100.05;0.07207;0.0721;-3.394E-05;-11.423;-11.421;-99.990;0.00;155.93;
2025-11-03 15:34:54.22;0.00:00:42:165;-1.00;0.00;0.00;0.07208;-0.07211;-0.0002902;0.0001283;-89.88;0.05;100.04;0.18;100.04;0.07208;0.07211;-3.128E-05;-11.422;-11.420;-99.990;0.00;156.16;
2025-11-03 15:34:54.28;0.00:00:42:222;-1.00;0.00;0.00;0.07212;-0.07216;-0.0002864;0.0001245;-89.89;0.05;100.05;0.17;100.05;0.07212;0.07216;-3.26E-05;-11.419;-11.417;-99.990;0.00;156.51;
2025-11-03 15:34:54.33;0.00:00:42:269;-1.00;0.00;0.00;0.07211;-0.07214;-0.0002877;0.0001205;-89.89;0.05;100.05;0.17;100.05;0.07211;0.07214;-3.382E-05;-11.420;-11.418;-99.990;0.00;157.29;
2025-11-03 15:34:54.38;0.00:00:42:323;-1.00;0.00;0.00;0.07211;-0.07214;-0.0002791;0.0001305;-89.89;0.05;100.04;0.18;100.04;0.07211;0.07214;-3.23E-05;-11.420;-11.418;-99.990;0.00;154.95;
2025-11-03 15:34:54.42;0.00:00:42:366;-1.00;0.00;0.00;0.07211;-0.07214;-0.0002909;0.000123;-89.88;0.05;100.04;0.17;100.04;0.07211;0.07214;-3.238E-05;-11.420;-11.418;-99.990;0.00;157.08;
2025-11-03 15:34:54.48;0.00:00:42:421;-1.00;0.00;0.00;0.07217;-0.0722;-0.0002785;0.0001221;-89.89;0.05;100.04;0.17;100.04;0.07217;0.07221;-3.161E-05;-11.416;-11.414;-99.990;0.00;156.33;
2025-11-03 15:34:54.53;0.00:00:42:471;-1.00;0.00;0.00;0.07206;-0.07209;-0.0003044;0.0001299;-89.88;0.05;100.04;0.18;100.04;0.07206;0.07209;-2.94E-05;-11.423;-11.421;-99.990;0.00;156.89;
2025-11-03 15:34:54.58;0.00:00:42:520;-1.00;0.00;0.00;0.07198;-0.07201;-0.0002874;0.0001334;-89.89;0.05;100.04;0.19;100.04;0.07198;0.07202;-3.088E-05;-11.428;-11.426;-99.990;0.00;155.10;
2025-11-03 15:34:54.63;0.00:00:42:571;-1.00;0.00;0.00;0.07193;-0.07196;-0.0002984;0.0001298;-89.88;0.05;100.04;0.18;100.04;0.07193;0.07196;-2.971E-05;-11.431;-11.429;-99.990;0.00;156.49;
2025-11-03 15:34:54.69;0.00:00:42:632;-1.00;0.00;0.00;0.07203;-0.07206;-0.0002811;0.0001274;-89.89;0.05;100.04;0.18;100.04;0.07203;0.07206;-3.234E-05;-11.425;-11.423;-99.990;0.00;155.61;
2025-11-03 15:34:54.74;0.00:00:42:685;-1.00;0.00;0.00;0.07211;-0.07214;-0.0002764;0.0001233;-89.89;0.05;100.05;0.17;100.05;0.07211;0.07214;-3.526E-05;-11.420;-11.418;-99.990;0.00;155.95;
2025-11-03 15:34:54.79;0.00:00:42:735;-1.00;0.00;0.00;0.07216;-0.07219;-0.0002956;0.000124;-89.88;0.05;100.04;0.17;100.04;0.07216;0.07219;-3.139E-05;-11.417;-11.415;-99.990;0.00;157.25;
2025-11-03 15:34:54.85;0.00:00:42:794;-1.00;0.00;0.00;0.07206;-0.07209;-0.0003058;0.0001314;-89.88;0.05;100.04;0.18;100.04;0.07206;0.07209;-2.947E-05;-11.423;-11.421;-99.990;0.00;156.75;
2025-11-03 15:34:54.90;0.00:00:42:837;-1.00;0.00;0.00;0.0721;-0.07213;-0.0002697;0.000109;-89.89;0.04;100.05;0.15;100.05;0.0721;0.07213;-3.525E-05;-11.421;-11.419;-99.990;0.00;157.98;
2025-11-03 15:34:54.95;0.00:00:42:890;-1.00;0.00;0.00;0.07215;-0.07217;-0.0002991;0.000129;-89.88;0.05;100.04;0.18;100.04;0.07215;0.07218;-2.922E-05;-11.418;-11.416;-99.990;0.00;156.68;
2025-11-03 15:34:55.00;0.00:00:42:942;-1.00;0.00;0.00;0.07208;-0.07212;-0.0002823;0.0001235;-89.89;0.05;100.05;0.17;100.05;0.07208;0.07212;-3.352E-05;-11.422;-11.420;-99.990;0.00;156.37;
2025-11-03 15:34:55.05;0.00:00:42:995;-1.00;0.00;0.00;0.07209;-0.07212;-0.0002972;0.0001284;-89.88;0.05;100.04;0.18;100.04;0.07209;0.07212;-2.905E-05;-11.421;-11.420;-99.990;0.00;156.62;
2025-11-03 15:34:55.11;0.00:00:43:049;-1.00;0.00;0.00;0.07207;-0.0721;-0.0002892;0.0001223;-89.89;0.05;100.04;0.17;100.04;0.07207;0.0721;-3.178E-05;-11.422;-11.420;-99.990;0.00;157.07;
2025-11-03 15:34:55.16;0.00:00:43:101;-1.00;0.00;0.00;0.07214;-0.07218;-0.0002844;0.000125;-89.89;0.05;100.04;0.17;100.04;0.07214;0.07218;-3.232E-05;-11.418;-11.416;-99.990;0.00;156.27;
2025-11-03 15:34:55.22;0.00:00:43:156;-1.00;0.00;0.00;0.07221;-0.07224;-0.000289;0.0001218;-89.89;0.05;100.05;0.17;100.05;0.07221;0.07224;-3.509E-05;-11.414;-11.412;-99.990;0.00;157.15;
2025-11-03 15:34:55.27;0.00:00:43:207;-1.00;0.00;0.00;0.07241;-0.07244;-0.000293;0.0001279;-89.88;0.05;100.04;0.18;100.04;0.07241;0.07245;-3.259E-05;-11.402;-11.400;-99.990;0.00;156.42;
2025-11-03 15:34:55.31;0.00:00:43:254;-1.00;0.00;0.00;0.07235;-0.07238;-0.0002964;0.0001238;-89.88;0.05;100.04;0.17;100.04;0.07235;0.07238;-2.974E-05;-11.406;-11.404;-99.990;0.00;157.33;
2025-11-03 15:34:55.36;0.00:00:43:303;-1.00;0.00;0.00;0.07221;-0.07224;-0.0002965;0.000128;-89.88;0.05;100.04;0.18;100.04;0.07221;0.07224;-2.932E-05;-11.414;-11.412;-99.990;0.00;156.65;
2025-11-03 15:34:55.43;0.00:00:43:368;-1.00;0.00;0.00;0.07204;-0.07207;-0.0002752;0.0001224;-89.89;0.05;100.05;0.17;100.05;0.07204;0.07207;-3.292E-05;-11.424;-11.422;-99.990;0.00;156.02;
2025-11-03 15:34:55.48;0.00:00:43:424;-1.00;0.00;0.00;0.07207;-0.07211;-0.0002852;0.0001192;-89.89;0.05;100.05;0.17;100.05;0.07207;0.07211;-3.452E-05;-11.422;-11.420;-99.990;0.00;157.31;
2025-11-03 15:34:55.54;0.00:00:43:485;-1.00;0.00;0.00;0.07209;-0.07213;-0.0002864;0.0001251;-89.89;0.05;100.04;0.17;100.04;0.07209;0.07213;-3.194E-05;-11.421;-11.419;-99.990;0.00;156.41;
2025-11-03 15:34:55.60;0.00:00:43:541;-1.00;0.00;0.00;0.07213;-0.07217;-0.0002894;0.0001235;-89.89;0.05;100.05;0.17;100.05;0.07213;0.07217;-3.333E-05;-11.419;-11.417;-99.990;0.00;156.89;
2025-11-03 15:34:55.66;0.00:00:43:596;-1.00;0.00;0.00;0.07219;-0.07222;-0.000285;0.0001185;-89.89;0.05;100.05;0.16;100.05;0.07219;0.07222;-3.335E-05;-11.415;-11.413;-99.990;0.00;157.43;
2025-11-03 15:34:55.71;0.00:00:43:647;-1.00;0.00;0.00;0.07218;-0.07221;-0.0002916;0.000129;-89.88;0.05;100.05;0.18;100.05;0.07218;0.07221;-3.299E-05;-11.416;-11.414;-99.990;0.00;156.14;
2025-11-03 15:34:55.76;0.00:00:43:698;-1.00;0.00;0.00;0.07211;-0.07214;-0.0002847;0.0001235;-89.89;0.05;100.04;0.17;100.04;0.07211;0.07214;-3.144E-05;-11.420;-11.418;-99.990;0.00;156.56;
2025-11-03 15:34:55.82;0.00:00:43:757;-1.00;0.00;0.00;0.07211;-0.07214;-0.0002883;0.0001292;-89.89;0.05;100.04;0.18;100.04;0.07211;0.07214;-3.115E-05;-11.420;-11.418;-99.990;0.00;155.87;
2025-11-03 15:34:55.86;0.00:00:43:800;-1.00;0.00;0.00;0.07217;-0.0722;-0.0002893;0.0001284;-89.89;0.05;100.04;0.18;100.04;0.07217;0.0722;-3.204E-05;-11.416;-11.414;-99.990;0.00;156.06;
2025-11-03 15:34:55.91;0.00:00:43:852;-1.00;0.00;0.00;0.07218;-0.07221;-0.0002937;0.0001268;-89.88;0.05;100.05;0.18;100.05;0.07218;0.07221;-3.306E-05;-11.416;-11.414;-99.990;0.00;156.65;
2025-11-03 15:34:55.96;0.00:00:43:902;-1.00;0.00;0.00;0.07213;-0.07216;-0.0002811;0.0001219;-89.89;0.05;100.05;0.17;100.05;0.07213;0.07217;-3.318E-05;-11.419;-11.417;-99.990;0.00;156.55;
2025-11-03 15:34:56.01;0.00:00:43:953;-1.00;0.00;0.00;0.07224;-0.07227;-0.000274;0.0001281;-89.89;0.05;100.05;0.18;100.05;0.07224;0.07228;-3.417E-05;-11.412;-11.410;-99.990;0.00;154.94;
2025-11-03 15:34:56.07;0.00:00:44:011;-1.00;0.00;0.00;0.07208;-0.07211;-0.0002969;0.0001307;-89.88;0.05;100.04;0.18;100.04;0.07208;0.07211;-3.085E-05;-11.422;-11.420;-99.990;0.00;156.24;
2025-11-03 15:34:56.13;0.00:00:44:067;-1.00;0.00;0.00;0.07201;-0.07204;-0.0002896;0.000123;-89.88;0.05;100.04;0.17;100.04;0.07201;0.07204;-3.075E-05;-11.426;-11.424;-99.990;0.00;157.00;
2025-11-03 15:34:56.18;0.00:00:44:118;-1.00;0.00;0.00;0.072;-0.07203;-0.0002888;0.0001234;-89.89;0.05;100.04;0.17;100.04;0.072;0.07203;-3.175E-05;-11.427;-11.425;-99.990;0.00;156.87;
2025-11-03 15:34:56.23;0.00:00:44:168;-1.00;0.00;0.00;0.07211;-0.07215;-0.0002794;0.0001214;-89.89;0.05;100.05;0.17;100.05;0.07211;0.07215;-3.483E-05;-11.420;-11.418;-99.990;0.00;156.51;
2025-11-03 15:34:56.28;0.00:00:44:218;-1.00;0.00;0.00;0.07212;-0.07215;-0.0003064;0.0001294;-89.88;0.05;100.04;0.18;100.04;0.07212;0.07215;-3.072E-05;-11.419;-11.418;-99.990;0.00;157.10;
2025-11-03 15:34:56.33;0.00:00:44:271;-1.00;0.00;0.00;0.07198;-0.07201;-0.0002782;0.0001284;-89.89;0.05;100.04;0.18;100.04;0.07198;0.07201;-3.067E-05;-11.428;-11.426;-99.990;0.00;155.22;
2025-11-03 15:34:56.38;0.00:00:44:320;-1.00;0.00;0.00;0.07193;-0.07196;-0.0002961;0.000121;-89.88;0.05;100.04;0.17;100.04;0.07193;0.07196;-3.057E-05;-11.431;-11.429;-99.990;0.00;157.77;
2025-11-03 15:34:56.44;0.00:00:44:384;-1.00;0.00;0.00;0.07197;-0.07201;-0.0002704;0.0001239;-89.89;0.05;100.05;0.17;100.05;0.07197;0.07201;-3.527E-05;-11.428;-11.426;-99.990;0.00;155.37;
2025-11-03 15:34:56.49;0.00:00:44:434;-1.00;0.00;0.00;0.07218;-0.07221;-0.0002831;0.0001229;-89.89;0.05;100.05;0.17;100.05;0.07218;0.07221;-3.335E-05;-11.416;-11.414;-99.990;0.00;156.54;
2025-11-03 15:34:56.54;0.00:00:44:482;-1.00;0.00;0.00;0.07215;-0.07218;-0.000297;0.0001326;-89.88;0.05;100.04;0.18;100.04;0.07215;0.07218;-3.001E-05;-11.418;-11.416;-99.990;0.00;155.94;
2025-11-03 15:34:56.59;0.00:00:44:530;-1.00;0.00;0.00;0.07191;-0.07194;-0.0003005;0.0001197;-89.88;0.05;100.04;0.17;100.04;0.07191;0.07194;-3.092E-05;-11.432;-11.430;-99.990;0.00;158.28;
2025-11-03 15:34:56.64;0.00:00:44:577;-1.00;0.00;0.00;0.07189;-0.07193;-0.0002817;0.0001334;-89.89;0.05;100.05;0.19;100.05;0.07189;0.07193;-3.4E-05;-11.433;-11.431;-99.990;0.00;154.66;
2025-11-03 15:34:56.68;0.00:00:44:624;-1.00;0.00;0.00;0.0719;-0.07193;-0.0002886;0.0001223;-89.89;0.05;100.05;0.17;100.05;0.0719;0.07193;-3.458E-05;-11.433;-11.431;-99.990;0.00;157.03;
2025-11-03 15:34:56.73;0.00:00:44:671;-1.00;0.00;0.00;0.07219;-0.07222;-0.0002911;0.0001288;-89.88;0.05;100.04;0.18;100.04;0.07219;0.07222;-2.736E-05;-11.415;-11.414;-99.990;0.00;156.13;
2025-11-03 15:34:56.79;0.00:00:44:732;-1.00;0.00;0.00;0.07223;-0.07227;-0.0002783;0.0001276;-89.89;0.05;100.05;0.18;100.05;0.07223;0.07227;-3.352E-05;-11.413;-11.411;-99.990;0.00;155.37;
2025-11-03 15:34:56.84;0.00:00:44:779;-1.00;0.00;0.00;0.07227;-0.07231;-0.0002965;0.0001266;-89.88;0.05;100.04;0.18;100.04;0.07227;0.07231;-3.231E-05;-11.410;-11.408;-99.990;0.00;156.88;
2025-11-03 15:34:56.89;0.00:00:44:826;-1.00;0.00;0.00;0.07218;-0.07221;-0.0003007;0.0001274;-89.88;0.05;100.04;0.18;100.04;0.07218;0.07221;-3.01E-05;-11.416;-11.414;-99.990;0.00;157.05;
2025-11-03 15:34:56.93;0.00:00:44:874;-1.00;0.00;0.00;0.07211;-0.07214;-0.0002859;0.0001166;-89.89;0.05;100.04;0.16;100.04;0.07211;0.07214;-3.238E-05;-11.420;-11.418;-99.990;0.00;157.80;
2025-11-03 15:34:56.98;0.00:00:44:922;-1.00;0.00;0.00;0.07207;-0.0721;-0.0002971;0.0001272;-89.88;0.05;100.04;0.18;100.04;0.07207;0.0721;-2.984E-05;-11.423;-11.421;-99.990;0.00;156.83;
2025-11-03 15:34:57.03;0.00:00:44:970;-1.00;0.00;0.00;0.07207;-0.0721;-0.0002972;0.000125;-89.88;0.05;100.05;0.17;100.05;0.07207;0.0721;-3.293E-05;-11.423;-11.421;-99.990;0.00;157.19;
2025-11-03 15:34:57.08;0.00:00:45:019;-1.00;0.00;0.00;0.07207;-0.07211;-0.0002826;0.0001159;-89.89;0.05;100.05;0.16;100.05;0.07207;0.07211;-3.467E-05;-11.422;-11.420;-99.990;0.00;157.69;
2025-11-03 15:34:57.12;0.00:00:45:065;-1.00;0.00;0.00;0.07218;-0.07221;-0.000297;0.0001284;-89.88;0.05;100.04;0.18;100.04;0.07218;0.07221;-3.176E-05;-11.416;-11.414;-99.990;0.00;156.62;
2025-11-03 15:34:57.17;0.00:00:45:111;-1.00;0.00;0.00;0.07228;-0.07232;-0.0002715;0.0001106;-89.89;0.04;100.05;0.15;100.05;0.07228;0.07232;-3.701E-05;-11.410;-11.407;-99.990;0.00;157.83;
2025-11-03 15:34:57.22;0.00:00:45:157;-1.00;0.00;0.00;0.0724;-0.07242;-0.0002931;0.0001343;-89.88;0.05;100.04;0.19;100.04;0.0724;0.07242;-2.606E-05;-11.403;-11.401;-99.990;0.00;155.38;
2025-11-03 15:34:57.26;0.00:00:45:204;-1.00;0.00;0.00;0.07206;-0.07209;-0.0003032;0.0001341;-89.88;0.05;100.04;0.19;100.04;0.07206;0.07209;-2.911E-05;-11.423;-11.421;-99.990;0.00;156.15;
2025-11-03 15:34:57.31;0.00:00:45:252;-1.00;0.00;0.00;0.07197;-0.072;-0.000284;0.000122;-89.89;0.05;100.04;0.17;100.04;0.07197;0.072;-3.181E-05;-11.428;-11.427;-99.990;0.00;156.76;
2025-11-03 15:34:57.36;0.00:00:45:299;-1.00;0.00;0.00;0.07214;-0.07217;-0.0002912;0.0001324;-89.88;0.05;100.04;0.18;100.04;0.07214;0.07217;-3.052E-05;-11.418;-11.416;-99.990;0.00;155.54;
2025-11-03 15:34:57.40;0.00:00:45:346;-1.00;0.00;0.00;0.07198;-0.07201;-0.0002966;0.0001326;-89.88;0.05;100.04;0.18;100.04;0.07198;0.07201;-3.095E-05;-11.428;-11.426;-99.990;0.00;155.91;
2025-11-03 15:34:57.47;0.00:00:45:407;-1.00;0.00;0.00;0.07191;-0.07194;-0.0002984;0.0001318;-89.88;0.05;100.04;0.18;100.04;0.07191;0.07194;-2.977E-05;-11.432;-11.430;-99.990;0.00;156.17;
2025-11-03 15:34:57.51;0.00:00:45:452;-1.00;0.00;0.00;0.07185;-0.07187;-0.0002814;0.0001336;-89.89;0.05;100.04;0.19;100.04;0.07185;0.07187;-2.974E-05;-11.436;-11.434;-99.990;0.00;154.59;
2025-11-03 15:34:57.56;0.00:00:45:501;-1.00;0.00;0.00;0.07192;-0.07195;-0.0002822;0.0001247;-89.89;0.05;100.05;0.17;100.05;0.07192;0.07195;-3.344E-05;-11.432;-11.430;-99.990;0.00;156.16;
2025-11-03 15:34:57.61;0.00:00:45:547;-1.00;0.00;0.00;0.07198;-0.07201;-0.0002763;0.0001226;-89.89;0.05;100.04;0.17;100.04;0.07198;0.07201;-3.225E-05;-11.428;-11.426;-99.990;0.00;156.07;
2025-11-03 15:34:57.65;0.00:00:45:595;-1.00;0.00;0.00;0.07206;-0.07209;-0.0002819;0.0001286;-89.89;0.05;100.05;0.18;100.05;0.07206;0.0721;-3.279E-05;-11.423;-11.421;-99.990;0.00;155.48;
2025-11-03 15:34:57.70;0.00:00:45:641;-1.00;0.00;0.00;0.07207;-0.0721;-0.0002802;0.0001212;-89.89;0.05;100.05;0.17;100.05;0.07207;0.0721;-3.365E-05;-11.423;-11.421;-99.990;0.00;156.62;
2025-11-03 15:34:57.75;0.00:00:45:687;-1.00;0.00;0.00;0.07215;-0.07218;-0.0002944;0.0001269;-89.88;0.05;100.04;0.18;100.04;0.07215;0.07218;-3.023E-05;-11.418;-11.416;-99.990;0.00;156.68;
2025-11-03 15:34:57.79;0.00:00:45:734;-1.00;0.00;0.00;0.07215;-0.07218;-0.0002902;0.0001231;-89.88;0.05;100.04;0.17;100.04;0.07215;0.07218;-3.052E-05;-11.418;-11.416;-99.990;0.00;157.02;
2025-11-03 15:34:57.84;0.00:00:45:782;-1.00;0.00;0.00;0.0722;-0.07223;-0.0002926;0.0001223;-89.88;0.05;100.05;0.17;100.05;0.0722;0.07223;-3.299E-05;-11.415;-11.413;-99.990;0.00;157.32;
2025-11-03 15:34:57.89;0.00:00:45:828;-1.00;0.00;0.00;0.07224;-0.07227;-0.0002842;0.000119;-89.89;0.05;100.04;0.16;100.04;0.07224;0.07227;-3.164E-05;-11.412;-11.410;-99.990;0.00;157.28;
2025-11-03 15:34:57.93;0.00:00:45:875;-1.00;0.00;0.00;0.07225;-0.07228;-0.0002952;0.0001254;-89.88;0.05;100.04;0.17;100.04;0.07225;0.07228;-3.056E-05;-11.412;-11.410;-99.990;0.00;156.98;
2025-11-03 15:34:57.98;0.00:00:45:923;-1.00;0.00;0.00;0.07223;-0.07226;-0.0002738;0.0001201;-89.89;0.05;100.05;0.17;100.05;0.07223;0.07226;-3.517E-05;-11.413;-11.411;-99.990;0.00;156.31;
2025-11-03 15:34:58.03;0.00:00:45:970;-1.00;0.00;0.00;0.07215;-0.07218;-0.0002938;0.0001221;-89.88;0.05;100.05;0.17;100.05;0.07215;0.07219;-3.276E-05;-11.418;-11.416;-99.990;0.00;157.44;
2025-11-03 15:34:58.08;0.00:00:46:017;-1.00;0.00;0.00;0.07219;-0.07222;-0.0002736;0.000123;-89.89;0.05;100.04;0.17;100.04;0.07219;0.07222;-3.176E-05;-11.416;-11.414;-99.990;0.00;155.80;
2025-11-03 15:34:58.12;0.00:00:46:065;-1.00;0.00;0.00;0.07233;-0.07236;-0.0002844;0.0001195;-89.89;0.05;100.05;0.17;100.05;0.07233;0.07236;-3.66E-05;-11.407;-11.405;-99.990;0.00;157.21;
2025-11-03 15:34:58.17;0.00:00:46:111;-1.00;0.00;0.00;0.0723;-0.07233;-0.0002994;0.0001273;-89.88;0.05;100.04;0.18;100.04;0.0723;0.07233;-3.131E-05;-11.409;-11.407;-99.990;0.00;156.97;
2025-11-03 15:34:58.22;0.00:00:46:159;-1.00;0.00;0.00;0.07226;-0.07229;-0.000291;0.0001278;-89.88;0.05;100.05;0.18;100.05;0.07226;0.07229;-3.483E-05;-11.411;-11.409;-99.990;0.00;156.28;
2025-11-03 15:34:58.26;0.00:00:46:204;-1.00;0.00;0.00;0.07222;-0.07225;-0.0002895;0.000133;-89.89;0.05;100.04;0.18;100.04;0.07222;0.07225;-2.882E-05;-11.413;-11.411;-99.990;0.00;155.32;
2025-11-03 15:34:58.31;0.00:00:46:253;-1.00;0.00;0.00;0.07219;-0.07222;-0.0002914;0.0001288;-89.88;0.05;100.04;0.18;100.04;0.07219;0.07222;-3.176E-05;-11.415;-11.413;-99.990;0.00;156.16;
2025-11-03 15:34:58.37;0.00:00:46:314;-1.00;0.00;0.00;0.07218;-0.07221;-0.0002899;0.0001177;-89.88;0.05;100.04;0.16;100.04;0.07218;0.07221;-2.945E-05;-11.416;-11.414;-99.990;0.00;157.89;
2025-11-03 15:34:58.42;0.00:00:46:361;-1.00;0.00;0.00;0.07224;-0.07227;-0.0002854;0.000127;-89.89;0.05;100.04;0.18;100.04;0.07224;0.07227;-3.2E-05;-11.412;-11.410;-99.990;0.00;156.01;
2025-11-03 15:34:58.47;0.00:00:46:407;-1.00;0.00;0.00;0.07218;-0.07221;-0.0003015;0.0001218;-89.88;0.05;100.04;0.17;100.04;0.07218;0.07221;-3.061E-05;-11.416;-11.414;-99.990;0.00;158.01;
2025-11-03 15:34:58.51;0.00:00:46:453;-1.00;0.00;0.00;0.07216;-0.07219;-0.0002992;0.0001247;-89.88;0.05;100.04;0.17;100.04;0.07216;0.07219;-3.074E-05;-11.417;-11.415;-99.990;0.00;157.37;
2025-11-03 15:34:58.56;0.00:00:46:501;-1.00;0.00;0.00;0.07208;-0.07212;-0.0002855;0.0001284;-89.89;0.05;100.05;0.18;100.05;0.07208;0.07212;-3.388E-05;-11.422;-11.420;-99.990;0.00;155.79;
2025-11-03 15:34:58.61;0.00:00:46:547;-1.00;0.00;0.00;0.07208;-0.07211;-0.0002867;0.0001314;-89.89;0.05;100.04;0.18;100.04;0.07208;0.07211;-3.092E-05;-11.422;-11.420;-99.990;0.00;155.38;
2025-11-03 15:34:58.65;0.00:00:46:594;-1.00;0.00;0.00;0.07201;-0.07205;-0.0002885;0.000117;-89.89;0.05;100.05;0.16;100.05;0.07201;0.07205;-3.305E-05;-11.426;-11.424;-99.990;0.00;157.93;
2025-11-03 15:34:58.70;0.00:00:46:640;-1.00;0.00;0.00;0.07205;-0.07208;-0.0002889;0.0001249;-89.89;0.05;100.04;0.17;100.04;0.07205;0.07208;-3.177E-05;-11.424;-11.422;-99.990;0.00;156.63;
2025-11-03 15:34:58.75;0.00:00:46:688;-1.00;0.00;0.00;0.07217;-0.0722;-0.0002822;0.0001235;-89.89;0.05;100.05;0.17;100.05;0.07217;0.0722;-3.341E-05;-11.417;-11.415;-99.990;0.00;156.37;
2025-11-03 15:34:58.79;0.00:00:46:736;-1.00;0.00;0.00;0.07212;-0.07215;-0.000294;0.0001234;-89.88;0.05;100.05;0.17;100.05;0.07212;0.07215;-3.382E-05;-11.420;-11.418;-99.990;0.00;157.23;
2025-11-03 15:34:58.84;0.00:00:46:782;-1.00;0.00;0.00;0.0721;-0.07213;-0.0002886;0.0001297;-89.89;0.05;100.04;0.18;100.04;0.0721;0.07213;-3.1E-05;-11.420;-11.419;-99.990;0.00;155.80;
2025-11-03 15:34:58.89;0.00:00:46:829;-1.00;0.00;0.00;0.07203;-0.07206;-0.0002994;0.0001239;-89.88;0.05;100.05;0.17;100.05;0.07203;0.07206;-3.306E-05;-11.425;-11.423;-99.990;0.00;157.52;
2025-11-03 15:34:58.94;0.00:00:46:876;-1.00;0.00;0.00;0.07205;-0.07208;-0.00028;0.000119;-89.89;0.05;100.05;0.17;100.05;0.07205;0.07208;-3.278E-05;-11.424;-11.422;-99.990;0.00;156.98;
2025-11-03 15:34:58.98;0.00:00:46:923;-1.00;0.00;0.00;0.07208;-0.07211;-0.0002898;0.0001296;-89.88;0.05;100.04;0.18;100.04;0.07208;0.07211;-3.244E-05;-11.422;-11.420;-99.990;0.00;155.91;
2025-11-03 15:34:59.03;0.00:00:46:970;-1.00;0.00;0.00;0.07223;-0.07226;-0.000273;0.0001185;-89.89;0.05;100.04;0.16;100.04;0.07223;0.07226;-3.178E-05;-11.413;-11.411;-99.990;0.00;156.55;
2025-11-03 15:34:59.08;0.00:00:47:018;-1.00;0.00;0.00;0.07218;-0.07221;-0.0002931;0.0001328;-89.88;0.05;100.04;0.18;100.04;0.07218;0.07221;-3.039E-05;-11.416;-11.414;-99.990;0.00;155.62;
2025-11-03 15:34:59.12;0.00:00:47:063;-1.00;0.00;0.00;0.07215;-0.07218;-0.0002882;0.0001205;-89.89;0.05;100.04;0.17;100.04;0.07215;0.07218;-3.196E-05;-11.418;-11.416;-99.990;0.00;157.31;
2025-11-03 15:34:59.17;0.00:00:47:110;-1.00;0.00;0.00;0.07216;-0.07219;-0.0002891;0.0001251;-89.89;0.05;100.05;0.17;100.05;0.07216;0.07219;-3.283E-05;-11.417;-11.415;-99.990;0.00;156.60;
2025-11-03 15:34:59.23;0.00:00:47:171;-1.00;0.00;0.00;0.07216;-0.07219;-0.0002826;0.000123;-89.89;0.05;100.05;0.17;100.05;0.07216;0.07219;-3.471E-05;-11.417;-11.415;-99.990;0.00;156.47;
2025-11-03 15:34:59.28;0.00:00:47:218;-1.00;0.00;0.00;0.07218;-0.07221;-0.000288;0.0001297;-89.89;0.05;100.04;0.18;100.04;0.07218;0.07221;-3.183E-05;-11.416;-11.414;-99.990;0.00;155.76;
2025-11-03 15:34:59.33;0.00:00:47:266;-1.00;0.00;0.00;0.07216;-0.07219;-0.0002832;0.0001325;-89.89;0.05;100.05;0.18;100.05;0.07216;0.07219;-3.485E-05;-11.417;-11.415;-99.990;0.00;154.92;
2025-11-03 15:34:59.37;0.00:00:47:311;-1.00;0.00;0.00;0.0722;-0.07223;-0.0002894;0.0001259;-89.89;0.05;100.05;0.17;100.05;0.0722;0.07223;-3.408E-05;-11.415;-11.413;-99.990;0.00;156.49;
2025-11-03 15:34:59.42;0.00:00:47:359;-1.00;0.00;0.00;0.07223;-0.07227;-0.0002789;0.0001181;-89.89;0.05;100.05;0.16;100.05;0.07223;0.07227;-3.612E-05;-11.413;-11.411;-99.990;0.00;157.05;
2025-11-03 15:34:59.46;0.00:00:47:405;-1.00;0.00;0.00;0.07235;-0.07238;-0.0003009;0.0001239;-89.88;0.05;100.04;0.17;100.04;0.07235;0.07238;-3.06E-05;-11.405;-11.404;-99.990;0.00;157.61;
2025-11-03 15:34:59.51;0.00:00:47:452;-1.00;0.00;0.00;0.07236;-0.07239;-0.0002908;0.0001378;-89.88;0.05;100.04;0.19;100.04;0.07236;0.07239;-3.025E-05;-11.405;-11.403;-99.990;0.00;154.64;
2025-11-03 15:34:59.56;0.00:00:47:500;-1.00;0.00;0.00;0.07221;-0.07224;-0.0003;0.0001256;-89.88;0.05;100.04;0.17;100.04;0.07221;0.07224;-3.004E-05;-11.414;-11.412;-99.990;0.00;157.28;
2025-11-03 15:34:59.61;0.00:00:47:547;-1.00;0.00;0.00;0.07218;-0.07221;-0.0002749;0.0001282;-89.89;0.05;100.04;0.18;100.04;0.07218;0.07221;-3.227E-05;-11.416;-11.414;-99.990;0.00;154.99;
2025-11-03 15:34:59.65;0.00:00:47:593;-1.00;0.00;0.00;0.07218;-0.07221;-0.000287;0.0001275;-89.89;0.05;100.04;0.18;100.04;0.07218;0.07221;-3.126E-05;-11.416;-11.414;-99.990;0.00;156.05;
2025-11-03 15:34:59.70;0.00:00:47:641;-1.00;0.00;0.00;0.07218;-0.07221;-0.0002763;0.0001323;-89.89;0.05;100.04;0.18;100.04;0.07218;0.07221;-3.205E-05;-11.416;-11.414;-99.990;0.00;154.42;
2025-11-03 15:34:59.75;0.00:00:47:688;-1.00;0.00;0.00;0.07222;-0.07225;-0.0002901;0.0001265;-89.88;0.05;100.05;0.18;100.05;0.07222;0.07226;-3.51E-05;-11.413;-11.411;-99.990;0.00;156.43;
2025-11-03 15:34:59.79;0.00:00:47:734;-1.00;0.00;0.00;0.07213;-0.07216;-0.0002865;0.0001205;-89.89;0.05;100.04;0.17;100.04;0.07213;0.07216;-3.022E-05;-11.419;-11.417;-99.990;0.00;157.19;
2025-11-03 15:34:59.84;0.00:00:47:781;-1.00;0.00;0.00;0.07209;-0.07212;-0.000288;0.0001223;-89.89;0.05;100.05;0.17;100.05;0.07209;0.07212;-3.323E-05;-11.421;-11.419;-99.990;0.00;156.99;
2025-11-03 15:34:59.89;0.00:00:47:829;-1.00;0.00;0.00;0.07203;-0.07206;-0.0002961;0.0001236;-89.88;0.05;100.04;0.17;100.04;0.07203;0.07206;-3.047E-05;-11.425;-11.423;-99.990;0.00;157.34;
2025-11-03 15:34:59.94;0.00:00:47:876;-1.00;0.00;0.00;0.07204;-0.07208;-0.0002757;0.0001135;-89.89;0.05;100.05;0.16;100.05;0.07204;0.07208;-3.919E-05;-11.424;-11.422;-99.990;0.00;157.62;
2025-11-03 15:34:59.98;0.00:00:47:923;-1.00;0.00;0.00;0.07207;-0.0721;-0.0002911;0.000126;-89.88;0.05;100.04;0.17;100.04;0.07207;0.0721;-3.193E-05;-11.422;-11.420;-99.990;0.00;156.58;
2025-11-03 15:35:00.03;0.00:00:47:970;-1.00;0.00;0.00;0.072;-0.07203;-0.0002795;0.0001221;-89.89;0.05;100.05;0.17;100.05;0.072;0.07203;-3.283E-05;-11.427;-11.425;-99.990;0.00;156.41;
2025-11-03 15:35:00.08;0.00:00:48:016;-1.00;0.00;0.00;0.07204;-0.07207;-0.0002951;0.0001263;-89.88;0.05;100.04;0.18;100.04;0.07204;0.07207;-3.126E-05;-11.424;-11.423;-99.990;0.00;156.84;
2025-11-03 15:35:00.12;0.00:00:48:063;-1.00;0.00;0.00;0.07189;-0.07192;-0.0002892;0.000126;-89.88;0.05;100.04;0.18;100.04;0.07189;0.07193;-3.192E-05;-11.433;-11.431;-99.990;0.00;156.45;
2025-11-03 15:35:00.17;0.00:00:48:111;-1.00;0.00;0.00;0.07195;-0.07198;-0.0002799;0.0001199;-89.89;0.05;100.05;0.17;100.05;0.07195;0.07198;-3.302E-05;-11.430;-11.428;-99.990;0.00;156.81;
2025-11-03 15:35:00.22;0.00:00:48:158;-1.00;0.00;0.00;0.07202;-0.07205;-0.0002877;0.0001259;-89.89;0.05;100.04;0.17;100.04;0.07202;0.07205;-3.183E-05;-11.425;-11.423;-99.990;0.00;156.36;
2025-11-03 15:35:00.26;0.00:00:48:205;-1.00;0.00;0.00;0.07203;-0.07206;-0.000283;0.000127;-89.89;0.05;100.05;0.18;100.05;0.07203;0.07206;-3.292E-05;-11.425;-11.423;-99.990;0.00;155.83;
2025-11-03 15:35:00.31;0.00:00:48:252;-1.00;0.00;0.00;0.07206;-0.07209;-0.0002842;0.0001165;-89.89;0.05;100.05;0.16;100.05;0.07206;0.07209;-3.473E-05;-11.423;-11.421;-99.990;0.00;157.71;
2025-11-03 15:35:00.36;0.00:00:48:298;-1.00;0.00;0.00;0.07217;-0.0722;-0.000302;0.0001263;-89.88;0.05;100.04;0.18;100.04;0.07217;0.0722;-2.75E-05;-11.416;-11.415;-99.990;0.00;157.30;
2025-11-03 15:35:00.40;0.00:00:48:345;-1.00;0.00;0.00;0.07218;-0.07221;-0.0002811;0.0001244;-89.89;0.05;100.05;0.17;100.05;0.07218;0.07221;-3.27E-05;-11.416;-11.414;-99.990;0.00;156.12;
2025-11-03 15:35:00.45;0.00:00:48:392;-1.00;0.00;0.00;0.07215;-0.07218;-0.0002922;0.0001304;-89.88;0.05;100.05;0.18;100.05;0.07215;0.07218;-3.29E-05;-11.418;-11.416;-99.990;0.00;155.96;
2025-11-03 15:35:00.50;0.00:00:48:437;-1.00;0.00;0.00;0.07208;-0.07211;-0.0002837;0.000124;-89.89;0.05;100.04;0.17;100.04;0.07208;0.07211;-3.143E-05;-11.422;-11.420;-99.990;0.00;156.39;
2025-11-03 15:35:00.54;0.00:00:48:484;-1.00;0.00;0.00;0.0721;-0.07213;-0.0002956;0.0001246;-89.88;0.05;100.05;0.17;100.05;0.0721;0.07213;-3.309E-05;-11.421;-11.419;-99.990;0.00;157.14;
2025-11-03 15:35:00.59;0.00:00:48:531;-1.00;0.00;0.00;0.07222;-0.07226;-0.00027;0.0001174;-89.89;0.05;100.05;0.16;100.05;0.07222;0.07226;-3.64E-05;-11.413;-11.411;-99.990;0.00;156.49;
2025-11-03 15:35:00.64;0.00:00:48:578;-1.00;0.00;0.00;0.07223;-0.07226;-0.0003038;0.0001286;-89.88;0.05;100.04;0.18;100.04;0.07223;0.07226;-3.128E-05;-11.413;-11.411;-99.990;0.00;157.06;
2025-11-03 15:35:00.68;0.00:00:48:624;-1.00;0.00;0.00;0.07212;-0.07215;-0.000284;0.0001299;-89.89;0.05;100.05;0.18;100.05;0.07212;0.07215;-3.346E-05;-11.420;-11.418;-99.990;0.00;155.42;
2025-11-03 15:35:00.73;0.00:00:48:672;-1.00;0.00;0.00;0.07214;-0.07218;-0.0002979;0.0001204;-89.88;0.05;100.05;0.17;100.05;0.07214;0.07218;-3.564E-05;-11.418;-11.416;-99.990;0.00;157.98;
2025-11-03 15:35:00.78;0.00:00:48:719;-1.00;0.00;0.00;0.07219;-0.07223;-0.0002856;0.0001229;-89.89;0.05;100.05;0.17;100.05;0.07219;0.07223;-3.285E-05;-11.415;-11.413;-99.990;0.00;156.71;
2025-11-03 15:35:00.83;0.00:00:48:768;-1.00;0.00;0.00;0.07222;-0.07225;-0.0002919;0.0001216;-89.88;0.05;100.04;0.17;100.04;0.07222;0.07225;-3.156E-05;-11.413;-11.412;-99.990;0.00;157.38;
2025-11-03 15:35:00.87;0.00:00:48:814;-1.00;0.00;0.00;0.07227;-0.0723;-0.0002848;0.0001195;-89.89;0.05;100.04;0.17;100.04;0.07227;0.0723;-3.115E-05;-11.411;-11.409;-99.990;0.00;157.23;
2025-11-03 15:35:00.92;0.00:00:48:862;-1.00;0.00;0.00;0.07232;-0.07234;-0.0002961;0.0001299;-89.88;0.05;100.04;0.18;100.04;0.07232;0.07235;-2.958E-05;-11.408;-11.406;-99.990;0.00;156.32;
2025-11-03 15:35:00.97;0.00:00:48:909;-1.00;0.00;0.00;0.07219;-0.07222;-0.0002946;0.0001219;-89.88;0.05;100.04;0.17;100.04;0.07219;0.07222;-2.88E-05;-11.415;-11.413;-99.990;0.00;157.52;
2025-11-03 15:35:01.02;0.00:00:48:956;-1.00;0.00;0.00;0.07212;-0.07216;-0.0002825;0.0001291;-89.89;0.05;100.05;0.18;100.05;0.07212;0.07216;-3.455E-05;-11.419;-11.417;-99.990;0.00;155.44;
2025-11-03 15:35:01.06;0.00:00:49:003;-1.00;0.00;0.00;0.07216;-0.07219;-0.0002892;0.0001188;-89.89;0.05;100.05;0.16;100.05;0.07216;0.07219;-3.428E-05;-11.417;-11.415;-99.990;0.00;157.67;
2025-11-03 15:35:01.11;0.00:00:49:050;-1.00;0.00;0.00;0.07222;-0.07225;-0.0002867;0.0001258;-89.89;0.05;100.05;0.17;100.05;0.07222;0.07225;-3.336E-05;-11.414;-11.412;-99.990;0.00;156.32;
2025-11-03 15:35:01.16;0.00:00:49:097;-1.00;0.00;0.00;0.07219;-0.07222;-0.0002911;0.0001278;-89.88;0.05;100.05;0.18;100.05;0.07219;0.07223;-3.422E-05;-11.415;-11.413;-99.990;0.00;156.29;
2025-11-03 15:35:01.20;0.00:00:49:142;-1.00;0.00;0.00;0.07228;-0.07232;-0.0002796;0.0001194;-89.89;0.05;100.05;0.17;100.05;0.07228;0.07232;-3.448E-05;-11.410;-11.407;-99.990;0.00;156.88;
2025-11-03 15:35:01.25;0.00:00:49:190;-1.00;0.00;0.00;0.07212;-0.07215;-0.0002849;0.0001235;-89.89;0.05;100.04;0.17;100.04;0.07212;0.07215;-3.159E-05;-11.420;-11.418;-99.990;0.00;156.56;
2025-11-03 15:35:01.30;0.00:00:49:236;-1.00;0.00;0.00;0.07206;-0.07209;-0.0002953;0.0001227;-89.88;0.05;100.04;0.17;100.04;0.07206;0.07209;-3.048E-05;-11.423;-11.421;-99.990;0.00;157.45;
2025-11-03 15:35:01.34;0.00:00:49:281;-1.00;0.00;0.00;0.07199;-0.07202;-0.0002936;0.0001274;-89.88;0.05;100.04;0.18;100.04;0.07199;0.07203;-3.132E-05;-11.427;-11.425;-99.990;0.00;156.55;
2025-11-03 15:35:01.39;0.00:00:49:329;-1.00;0.00;0.00;0.07207;-0.0721;-0.0002792;0.0001156;-89.89;0.05;100.05;0.16;100.05;0.07207;0.0721;-3.517E-05;-11.423;-11.421;-99.990;0.00;157.50;
2025-11-03 15:35:01.43;0.00:00:49:376;-1.00;0.00;0.00;0.07219;-0.07222;-0.0002752;0.000117;-89.89;0.05;100.05;0.16;100.05;0.07219;0.07222;-3.35E-05;-11.415;-11.413;-99.990;0.00;156.96;
2025-11-03 15:35:01.48;0.00:00:49:423;-1.00;0.00;0.00;0.07214;-0.07217;-0.000313;0.0001373;-89.88;0.05;100.04;0.19;100.04;0.07214;0.07217;-2.698E-05;-11.418;-11.416;-99.990;0.00;156.31;
2025-11-03 15:35:01.53;0.00:00:49:469;-1.00;0.00;0.00;0.07204;-0.07207;-0.0002726;0.0001158;-89.89;0.05;100.05;0.16;100.05;0.07204;0.07207;-3.263E-05;-11.424;-11.422;-99.990;0.00;156.99;
2025-11-03 15:35:01.57;0.00:00:49:515;-1.00;0.00;0.00;0.07217;-0.07221;-0.0002903;0.0001237;-89.88;0.05;100.05;0.17;100.05;0.07217;0.07221;-3.522E-05;-11.416;-11.414;-99.990;0.00;156.93;
2025-11-03 15:35:01.62;0.00:00:49:561;-1.00;0.00;0.00;0.07221;-0.07224;-0.0002975;0.0001209;-89.88;0.05;100.04;0.17;100.04;0.07221;0.07224;-3.213E-05;-11.414;-11.412;-99.990;0.00;157.88;
2025-11-03 15:35:01.67;0.00:00:49:609;-1.00;0.00;0.00;0.07221;-0.07224;-0.0002825;0.0001263;-89.89;0.05;100.04;0.17;100.04;0.07221;0.07224;-3.221E-05;-11.414;-11.412;-99.990;0.00;155.91;
2025-11-03 15:35:01.71;0.00:00:49:655;-1.00;0.00;0.00;0.07221;-0.07224;-0.0002881;0.0001299;-89.89;0.05;100.04;0.18;100.04;0.07221;0.07224;-3.12E-05;-11.414;-11.412;-99.990;0.00;155.73;
2025-11-03 15:35:01.76;0.00:00:49:702;-1.00;0.00;0.00;0.0722;-0.07223;-0.0002894;0.0001237;-89.89;0.05;100.04;0.17;100.04;0.0722;0.07223;-3.155E-05;-11.415;-11.413;-99.990;0.00;156.86;
2025-11-03 15:35:01.81;0.00:00:49:749;-1.00;0.00;0.00;0.07222;-0.07225;-0.0002944;0.0001205;-89.88;0.05;100.04;0.17;100.04;0.07222;0.07225;-3.098E-05;-11.414;-11.412;-99.990;0.00;157.74;
2025-11-03 15:35:01.86;0.00:00:49:796;-1.00;0.00;0.00;0.07218;-0.07221;-0.000288;0.0001252;-89.89;0.05;100.05;0.17;100.05;0.07218;0.07221;-3.392E-05;-11.416;-11.414;-99.990;0.00;156.50;
2025-11-03 15:35:01.90;0.00:00:49:843;-1.00;0.00;0.00;0.07223;-0.07227;-0.0002778;0.0001223;-89.89;0.05;100.05;0.17;100.05;0.07223;0.07227;-3.438E-05;-11.413;-11.411;-99.990;0.00;156.25;
2025-11-03 15:35:01.95;0.00:00:49:892;-1.00;0.00;0.00;0.07226;-0.07228;-0.0003008;0.0001207;-89.88;0.05;100.04;0.17;100.04;0.07226;0.07229;-2.854E-05;-11.411;-11.410;-99.990;0.00;158.13;
2025-11-03 15:35:02.00;0.00:00:49:938;-1.00;0.00;0.00;0.07215;-0.07218;-0.0003006;0.0001284;-89.88;0.05;100.04;0.18;100.04;0.07215;0.07219;-3.103E-05;-11.417;-11.416;-99.990;0.00;156.88;
2025-11-03 15:35:02.04;0.00:00:49:985;-1.00;0.00;0.00;0.07206;-0.07209;-0.0002945;0.0001263;-89.88;0.05;100.04;0.18;100.04;0.07206;0.07209;-2.976E-05;-11.423;-11.421;-99.990;0.00;156.78;
2025-11-03 15:35:02.09;0.00:00:50:031;-1.00;0.00;0.00;0.07196;-0.07199;-0.000292;0.0001224;-89.88;0.05;100.04;0.17;100.04;0.07196;0.07199;-3.166E-05;-11.429;-11.427;-99.990;0.00;157.26;
2025-11-03 15:35:02.14;0.00:00:50:079;-1.00;0.00;0.00;0.07199;-0.07203;-0.0002795;0.0001181;-89.89;0.05;100.05;0.16;100.05;0.07199;0.07203;-3.477E-05;-11.427;-11.425;-99.990;0.00;157.10;
2025-11-03 15:35:02.18;0.00:00:50:125;-1.00;0.00;0.00;0.07218;-0.07222;-0.0002863;0.0001284;-89.89;0.05;100.04;0.18;100.04;0.07218;0.07222;-3.212E-05;-11.416;-11.414;-99.990;0.00;155.85;
2025-11-03 15:35:02.23;0.00:00:50:172;-1.00;0.00;0.00;0.07216;-0.07219;-0.0002979;0.0001301;-89.88;0.05;100.04;0.18;100.04;0.07216;0.07219;-3.052E-05;-11.417;-11.415;-99.990;0.00;156.40;
2025-11-03 15:35:02.28;0.00:00:50:218;-1.00;0.00;0.00;0.07195;-0.07198;-0.0003078;0.0001247;-89.88;0.05;100.04;0.17;100.04;0.07195;0.07198;-2.964E-05;-11.430;-11.428;-99.990;0.00;157.95;
2025-11-03 15:35:02.32;0.00:00:50:264;-1.00;0.00;0.00;0.07204;-0.07208;-0.0002862;0.0001272;-89.89;0.05;100.05;0.18;100.05;0.07204;0.07208;-3.285E-05;-11.424;-11.422;-99.990;0.00;156.04;
2025-11-03 15:35:02.37;0.00:00:50:312;-1.00;0.00;0.00;0.07207;-0.0721;-0.0002975;0.0001175;-89.88;0.05;100.05;0.16;100.05;0.07207;0.0721;-3.293E-05;-11.423;-11.421;-99.990;0.00;158.45;
2025-11-03 15:35:02.42;0.00:00:50:360;-1.00;0.00;0.00;0.07201;-0.07204;-0.0002984;0.0001306;-89.88;0.05;100.04;0.18;100.04;0.07201;0.07204;-3.003E-05;-11.426;-11.424;-99.990;0.00;156.36;
2025-11-03 15:35:02.46;0.00:00:50:405;-1.00;0.00;0.00;0.07206;-0.07209;-0.0002739;0.0001147;-89.89;0.05;100.05;0.16;100.05;0.07206;0.07209;-3.401E-05;-11.423;-11.421;-99.990;0.00;157.27;
2025-11-03 15:35:02.51;0.00:00:50:455;-1.00;0.00;0.00;0.07211;-0.07215;-0.0002964;0.0001145;-89.88;0.05;100.04;0.16;100.04;0.07211;0.07215;-3.209E-05;-11.420;-11.418;-99.990;0.00;158.88;
2025-11-03 15:35:02.56;0.00:00:50:501;-1.00;0.00;0.00;0.07199;-0.07201;-0.0002999;0.0001296;-89.88;0.05;100.04;0.18;100.04;0.07199;0.07201;-2.692E-05;-11.427;-11.426;-99.990;0.00;156.64;
2025-11-03 15:35:02.61;0.00:00:50:549;-1.00;0.00;0.00;0.07192;-0.07196;-0.0002882;0.0001232;-89.89;0.05;100.05;0.17;100.05;0.07192;0.07196;-3.337E-05;-11.431;-11.429;-99.990;0.00;156.85;
2025-11-03 15:35:02.65;0.00:00:50:595;-1.00;0.00;0.00;0.07183;-0.07186;-0.0002769;0.000113;-89.89;0.05;100.04;0.16;100.04;0.07183;0.07187;-3.153E-05;-11.437;-11.435;-99.990;0.00;157.80;
2025-11-03 15:35:02.70;0.00:00:50:641;-1.00;0.00;0.00;0.07191;-0.07194;-0.000279;0.0001214;-89.89;0.05;100.05;0.17;100.05;0.07191;0.07194;-3.466E-05;-11.432;-11.430;-99.990;0.00;156.50;
2025-11-03 15:35:02.75;0.00:00:50:687;-1.00;0.00;0.00;0.07195;-0.07199;-0.0002927;0.0001228;-89.88;0.05;100.05;0.17;100.05;0.07195;0.07199;-3.346E-05;-11.430;-11.427;-99.990;0.00;157.23;
2025-11-03 15:35:02.79;0.00:00:50:736;-1.00;0.00;0.00;0.07188;-0.07191;-0.0002804;0.0001177;-89.89;0.05;100.05;0.16;100.05;0.07188;0.07191;-3.357E-05;-11.434;-11.432;-99.990;0.00;157.22;
2025-11-03 15:35:02.84;0.00:00:50:782;-1.00;0.00;0.00;0.07202;-0.07206;-0.000278;0.0001219;-89.89;0.05;100.05;0.17;100.05;0.07202;0.07206;-3.493E-05;-11.425;-11.423;-99.990;0.00;156.33;
2025-11-03 15:35:02.89;0.00:00:50:829;-1.00;0.00;0.00;0.07212;-0.07215;-0.0002908;0.0001264;-89.88;0.05;100.04;0.18;100.04;0.07212;0.07215;-3.044E-05;-11.419;-11.417;-99.990;0.00;156.51;
2025-11-03 15:35:02.94;0.00:00:50:877;-1.00;0.00;0.00;0.07205;-0.07209;-0.0002953;0.0001228;-89.88;0.05;100.05;0.17;100.05;0.07205;0.07209;-3.394E-05;-11.423;-11.421;-99.990;0.00;157.42;
2025-11-03 15:35:02.98;0.00:00:50:923;-1.00;0.00;0.00;0.07199;-0.07202;-0.0003109;0.0001257;-89.88;0.05;100.04;0.17;100.04;0.07199;0.07202;-3.096E-05;-11.427;-11.426;-99.990;0.00;157.99;
2025-11-03 15:35:03.03;0.00:00:50:971;-1.00;0.00;0.00;0.07194;-0.07198;-0.0002944;0.0001136;-89.88;0.05;100.05;0.16;100.05;0.07194;0.07198;-3.288E-05;-11.430;-11.428;-99.990;0.00;158.89;
2025-11-03 15:35:03.08;0.00:00:51:019;-1.00;0.00;0.00;0.07198;-0.072;-0.0002849;0.0001273;-89.89;0.05;100.04;0.18;100.04;0.07198;0.07201;-2.944E-05;-11.428;-11.426;-99.990;0.00;155.92;
2025-11-03 15:35:03.12;0.00:00:51:064;-1.00;0.00;0.00;0.07195;-0.07199;-0.0002821;0.0001157;-89.89;0.05;100.04;0.16;100.04;0.07195;0.07199;-3.173E-05;-11.429;-11.428;-99.990;0.00;157.69;
2025-11-03 15:35:03.17;0.00:00:51:110;-1.00;0.00;0.00;0.07198;-0.07201;-0.00028;0.0001202;-89.89;0.05;100.04;0.17;100.04;0.07198;0.07201;-3.131E-05;-11.428;-11.426;-99.990;0.00;156.78;
2025-11-03 15:35:03.22;0.00:00:51:159;-1.00;0.00;0.00;0.07213;-0.07216;-0.0002884;0.0001179;-89.89;0.05;100.05;0.16;100.05;0.07213;0.07216;-3.383E-05;-11.419;-11.417;-99.990;0.00;157.77;
2025-11-03 15:35:03.26;0.00:00:51:205;-1.00;0.00;0.00;0.07216;-0.07219;-0.0002803;0.0001173;-89.89;0.05;100.04;0.16;100.04;0.07216;0.07219;-3.074E-05;-11.417;-11.415;-99.990;0.00;157.29;
2025-11-03 15:35:03.31;0.00:00:51:254;-1.00;0.00;0.00;0.07209;-0.07212;-0.0002927;0.0001294;-89.88;0.05;100.04;0.18;100.04;0.07209;0.07212;-2.797E-05;-11.421;-11.420;-99.990;0.00;156.14;
2025-11-03 15:35:03.36;0.00:00:51:299;-1.00;0.00;0.00;0.07208;-0.07211;-0.0002853;0.000121;-89.89;0.05;100.05;0.17;100.05;0.07208;0.07212;-3.301E-05;-11.422;-11.420;-99.990;0.00;157.02;
2025-11-03 15:35:03.41;0.00:00:51:346;-1.00;0.00;0.00;0.07207;-0.0721;-0.0002961;0.0001225;-89.88;0.05;100.04;0.17;100.04;0.07207;0.0721;-3.114E-05;-11.422;-11.420;-99.990;0.00;157.53;
2025-11-03 15:35:03.45;0.00:00:51:392;-1.00;0.00;0.00;0.07196;-0.07199;-0.0002791;0.0001198;-89.89;0.05;100.05;0.17;100.05;0.07196;0.07199;-3.375E-05;-11.429;-11.427;-99.990;0.00;156.77;
2025-11-03 15:35:03.50;0.00:00:51:438;-1.00;0.00;0.00;0.07206;-0.0721;-0.0002791;0.0001246;-89.89;0.05;100.05;0.17;100.05;0.07206;0.0721;-3.589E-05;-11.423;-11.421;-99.990;0.00;155.94;
2025-11-03 15:35:03.55;0.00:00:51:486;-1.00;0.00;0.00;0.07216;-0.07219;-0.00027;0.0001157;-89.89;0.05;100.05;0.16;100.05;0.07216;0.07219;-3.442E-05;-11.417;-11.415;-99.990;0.00;156.80;
2025-11-03 15:35:03.61;0.00:00:51:546;-1.00;0.00;0.00;0.07232;-0.07235;-0.0002907;0.0001207;-89.88;0.05;100.05;0.17;100.05;0.07232;0.07235;-3.363E-05;-11.408;-11.406;-99.990;0.00;157.45;
2025-11-03 15:35:03.65;0.00:00:51:593;-1.00;0.00;0.00;0.07223;-0.07226;-0.0002953;0.0001177;-89.88;0.05;100.05;0.16;100.05;0.07223;0.07226;-3.395E-05;-11.413;-11.411;-99.990;0.00;158.27;
2025-11-03 15:35:03.70;0.00:00:51:641;-1.00;0.00;0.00;0.07234;-0.07238;-0.0002833;0.0001112;-89.89;0.04;100.05;0.15;100.05;0.07234;0.07238;-3.733E-05;-11.406;-11.404;-99.990;0.00;158.56;
2025-11-03 15:35:03.75;0.00:00:51:688;-1.00;0.00;0.00;0.07235;-0.07238;-0.0003065;0.000127;-89.88;0.05;100.04;0.18;100.04;0.07235;0.07238;-3.068E-05;-11.406;-11.404;-99.990;0.00;157.49;
2025-11-03 15:35:03.79;0.00:00:51:735;-1.00;0.00;0.00;0.07225;-0.07228;-0.0002981;0.0001199;-89.88;0.05;100.04;0.17;100.04;0.07225;0.07228;-3.201E-05;-11.412;-11.410;-99.990;0.00;158.10;
2025-11-03 15:35:03.84;0.00:00:51:782;-1.00;0.00;0.00;0.0722;-0.07223;-0.0002901;0.0001196;-89.88;0.05;100.04;0.17;100.04;0.0722;0.07223;-3.126E-05;-11.415;-11.413;-99.990;0.00;157.60;
2025-11-03 15:35:03.89;0.00:00:51:828;-1.00;0.00;0.00;0.07215;-0.07218;-0.0003005;0.0001211;-89.88;0.05;100.05;0.17;100.05;0.07215;0.07218;-3.297E-05;-11.418;-11.416;-99.990;0.00;158.04;
2025-11-03 15:35:03.93;0.00:00:51:875;-1.00;0.00;0.00;0.07209;-0.07212;-0.0002895;0.0001203;-89.88;0.05;100.04;0.17;100.04;0.07209;0.07212;-3.042E-05;-11.421;-11.420;-99.990;0.00;157.44;
2025-11-03 15:35:03.98;0.00:00:51:922;-1.00;0.00;0.00;0.07215;-0.07217;-0.0003241;0.0001302;-89.87;0.05;100.04;0.18;100.04;0.07215;0.07218;-2.677E-05;-11.418;-11.416;-99.990;0.00;158.11;
2025-11-03 15:35:04.03;0.00:00:51:969;-1.00;0.00;0.00;0.07204;-0.07208;-0.0002809;0.0001245;-89.89;0.05;100.05;0.17;100.05;0.07204;0.07208;-3.4E-05;-11.424;-11.422;-99.990;0.00;156.09;
2025-11-03 15:35:04.08;0.00:00:52:018;-1.00;0.00;0.00;0.07203;-0.07206;-0.0002902;0.0001182;-89.88;0.05;100.04;0.16;100.04;0.07203;0.07206;-3.148E-05;-11.425;-11.423;-99.990;0.00;157.83;
2025-11-03 15:35:04.14;0.00:00:52:079;-1.00;0.00;0.00;0.07225;-0.07228;-0.0002811;0.000121;-89.89;0.05;100.05;0.17;100.05;0.07225;0.07228;-3.331E-05;-11.412;-11.410;-99.990;0.00;156.71;
2025-11-03 15:35:04.19;0.00:00:52:127;-1.00;0.00;0.00;0.07217;-0.0722;-0.0002979;0.0001255;-89.88;0.05;100.04;0.17;100.04;0.07217;0.0722;-3.183E-05;-11.417;-11.415;-99.990;0.00;157.16;
2025-11-03 15:35:04.23;0.00:00:52:175;-1.00;0.00;0.00;0.07211;-0.07214;-0.0002864;0.0001209;-89.89;0.05;100.05;0.17;100.05;0.07211;0.07214;-3.259E-05;-11.420;-11.418;-99.990;0.00;157.11;
2025-11-03 15:35:04.28;0.00:00:52:222;-1.00;0.00;0.00;0.07207;-0.0721;-0.0002958;0.0001237;-89.88;0.05;100.05;0.17;100.05;0.07207;0.0721;-3.358E-05;-11.422;-11.420;-99.990;0.00;157.30;
2025-11-03 15:35:04.33;0.00:00:52:270;-1.00;0.00;0.00;0.072;-0.07203;-0.0002896;0.000119;-89.88;0.05;100.04;0.17;100.04;0.072;0.07203;-3.118E-05;-11.427;-11.425;-99.990;0.00;157.67;
2025-11-03 15:35:04.37;0.00:00:52:315;-1.00;0.00;0.00;0.07204;-0.07207;-0.0002859;0.0001169;-89.89;0.05;100.05;0.16;100.05;0.07204;0.07207;-3.472E-05;-11.424;-11.422;-99.990;0.00;157.76;
2025-11-03 15:35:04.42;0.00:00:52:362;-1.00;0.00;0.00;0.07211;-0.07214;-0.0002941;0.0001156;-89.88;0.05;100.04;0.16;100.04;0.07211;0.07214;-3E-05;-11.420;-11.418;-99.990;0.00;158.54;
2025-11-03 15:35:04.47;0.00:00:52:410;-1.00;0.00;0.00;0.07211;-0.07215;-0.0002876;0.0001111;-89.89;0.04;100.05;0.15;100.05;0.07211;0.07215;-3.512E-05;-11.420;-11.418;-99.990;0.00;158.88;
2025-11-03 15:35:04.52;0.00:00:52:456;-1.00;0.00;0.00;0.07217;-0.0722;-0.0002868;0.0001192;-89.89;0.05;100.04;0.17;100.04;0.07217;0.0722;-3.175E-05;-11.416;-11.415;-99.990;0.00;157.44;
2025-11-03 15:35:04.56;0.00:00:52:505;-1.00;0.00;0.00;0.07219;-0.07222;-0.0002801;0.0001185;-89.89;0.05;100.04;0.16;100.04;0.07219;0.07222;-3.241E-05;-11.415;-11.413;-99.990;0.00;157.07;
2025-11-03 15:35:04.61;0.00:00:52:551;-1.00;0.00;0.00;0.07223;-0.07226;-0.0002833;0.0001319;-89.89;0.05;100.04;0.18;100.04;0.07223;0.07226;-3.084E-05;-11.413;-11.411;-99.990;0.00;155.03;
2025-11-03 15:35:04.66;0.00:00:52:597;-1.00;0.00;0.00;0.07204;-0.07207;-0.0003002;0.0001196;-89.88;0.05;100.04;0.17;100.04;0.07204;0.07207;-3.227E-05;-11.424;-11.422;-99.990;0.00;158.28;
2025-11-03 15:35:04.70;0.00:00:52:643;-1.00;0.00;0.00;0.07201;-0.07205;-0.0002926;0.0001223;-89.88;0.05;100.05;0.17;100.05;0.07201;0.07205;-3.255E-05;-11.426;-11.424;-99.990;0.00;157.31;
2025-11-03 15:35:04.75;0.00:00:52:690;-1.00;0.00;0.00;0.07205;-0.07208;-0.0002888;0.0001153;-89.89;0.05;100.04;0.16;100.04;0.07205;0.07208;-3.069E-05;-11.424;-11.422;-99.990;0.00;158.24;
2025-11-03 15:35:04.80;0.00:00:52:737;-1.00;0.00;0.00;0.07209;-0.07212;-0.0002747;0.000123;-89.89;0.05;100.04;0.17;100.04;0.07209;0.07212;-3.129E-05;-11.421;-11.419;-99.990;0.00;155.88;
2025-11-03 15:35:04.84;0.00:00:52:786;-1.00;0.00;0.00;0.07214;-0.07217;-0.000289;0.0001229;-89.89;0.05;100.05;0.17;100.05;0.07214;0.07217;-3.506E-05;-11.418;-11.416;-99.990;0.00;156.95;
2025-11-03 15:35:04.89;0.00:00:52:831;-1.00;0.00;0.00;0.07212;-0.07215;-0.0003008;0.0001258;-89.88;0.05;100.04;0.17;100.04;0.07212;0.07215;-3.051E-05;-11.419;-11.417;-99.990;0.00;157.31;
2025-11-03 15:35:04.94;0.00:00:52:878;-1.00;0.00;0.00;0.07205;-0.07208;-0.000283;0.0001211;-89.89;0.05;100.05;0.17;100.05;0.07205;0.07208;-3.357E-05;-11.424;-11.422;-99.990;0.00;156.84;
2025-11-03 15:35:04.98;0.00:00:52:925;-1.00;0.00;0.00;0.07202;-0.07205;-0.0002884;0.000112;-89.89;0.04;100.05;0.16;100.05;0.07202;0.07205;-3.493E-05;-11.426;-11.424;-99.990;0.00;158.78;
2025-11-03 15:35:05.03;0.00:00:52:972;-1.00;0.00;0.00;0.07208;-0.07211;-0.0002757;0.0001156;-89.89;0.05;100.04;0.16;100.04;0.07208;0.07211;-3.244E-05;-11.422;-11.420;-99.990;0.00;157.26;
2025-11-03 15:35:05.08;0.00:00:53:020;-1.00;0.00;0.00;0.07209;-0.07211;-0.0002889;0.0001209;-89.89;0.05;100.04;0.17;100.04;0.07209;0.07212;-2.948E-05;-11.421;-11.420;-99.990;0.00;157.29;
2025-11-03 15:35:05.14;0.00:00:53:081;-1.00;0.00;0.00;0.0721;-0.07214;-0.0002825;0.0001141;-89.89;0.05;100.05;0.16;100.05;0.0721;0.07214;-3.504E-05;-11.420;-11.418;-99.990;0.00;158.02;
2025-11-03 15:35:05.19;0.00:00:53:127;-1.00;0.00;0.00;0.07218;-0.07222;-0.0002859;0.0001235;-89.89;0.05;100.05;0.17;100.05;0.07218;0.07222;-3.443E-05;-11.416;-11.414;-99.990;0.00;156.63;
2025-11-03 15:35:05.23;0.00:00:53:174;-1.00;0.00;0.00;0.07211;-0.07214;-0.0002905;0.0001217;-89.88;0.05;100.05;0.17;100.05;0.07211;0.07214;-3.295E-05;-11.420;-11.418;-99.990;0.00;157.27;
2025-11-03 15:35:05.28;0.00:00:53:219;-1.00;0.00;0.00;0.07217;-0.07219;-0.0002979;0.000124;-89.88;0.05;100.04;0.17;100.04;0.07217;0.07219;-2.843E-05;-11.417;-11.415;-99.990;0.00;157.40;
2025-11-03 15:35:05.33;0.00:00:53:267;-1.00;0.00;0.00;0.07206;-0.07209;-0.0003025;0.000122;-89.88;0.05;100.04;0.17;100.04;0.07206;0.07209;-3.142E-05;-11.423;-11.421;-99.990;0.00;158.04;
2025-11-03 15:35:05.37;0.00:00:53:314;-1.00;0.00;0.00;0.07201;-0.07204;-0.0002931;0.0001156;-89.88;0.05;100.05;0.16;100.05;0.07201;0.07204;-3.464E-05;-11.426;-11.424;-99.990;0.00;158.48;
2025-11-03 15:35:05.42;0.00:00:53:361;-1.00;0.00;0.00;0.07219;-0.07222;-0.0002846;0.0001253;-89.89;0.05;100.05;0.17;100.05;0.07219;0.07222;-3.429E-05;-11.415;-11.413;-99.990;0.00;156.23;
2025-11-03 15:35:05.47;0.00:00:53:407;-1.00;0.00;0.00;0.07225;-0.07228;-0.0002792;0.0001191;-89.89;0.05;100.04;0.16;100.04;0.07225;0.07228;-3.135E-05;-11.412;-11.410;-99.990;0.00;156.89;
2025-11-03 15:35:05.51;0.00:00:53:454;-1.00;0.00;0.00;0.07204;-0.07207;-0.0002981;0.0001157;-89.88;0.05;100.04;0.16;100.04;0.07204;0.07207;-2.917E-05;-11.424;-11.423;-99.990;0.00;158.79;
2025-11-03 15:35:05.56;0.00:00:53:501;-1.00;0.00;0.00;0.07204;-0.07207;-0.0002885;0.0001205;-89.89;0.05;100.05;0.17;100.05;0.07204;0.07207;-3.472E-05;-11.424;-11.422;-99.990;0.00;157.33;
2025-11-03 15:35:05.61;0.00:00:53:549;-1.00;0.00;0.00;0.07214;-0.07217;-0.000275;0.0001137;-89.89;0.05;100.05;0.16;100.05;0.07214;0.07218;-3.737E-05;-11.418;-11.416;-99.990;0.00;157.54;
2025-11-03 15:35:05.65;0.00:00:53:595;-1.00;0.00;0.00;0.07223;-0.07226;-0.0002872;0.0001217;-89.89;0.05;100.04;0.17;100.04;0.07223;0.07227;-3.186E-05;-11.413;-11.411;-99.990;0.00;157.03;
2025-11-03 15:35:05.70;0.00:00:53:643;-1.00;0.00;0.00;0.07224;-0.07228;-0.0002879;0.0001233;-89.89;0.05;100.05;0.17;100.05;0.07224;0.07228;-3.381E-05;-11.412;-11.410;-99.990;0.00;156.82;
2025-11-03 15:35:05.75;0.00:00:53:689;-1.00;0.00;0.00;0.07217;-0.0722;-0.0002812;0.0001199;-89.89;0.05;100.05;0.17;100.05;0.07217;0.0722;-3.276E-05;-11.417;-11.415;-99.990;0.00;156.90;
2025-11-03 15:35:05.80;0.00:00:53:736;-1.00;0.00;0.00;0.07218;-0.07221;-0.0002763;0.0001212;-89.89;0.05;100.05;0.17;100.05;0.07218;0.07222;-3.515E-05;-11.416;-11.414;-99.990;0.00;156.31;
2025-11-03 15:35:05.84;0.00:00:53:784;-1.00;0.00;0.00;0.07212;-0.07215;-0.0003094;0.0001244;-89.88;0.05;100.04;0.17;100.04;0.07212;0.07215;-2.748E-05;-11.419;-11.418;-99.990;0.00;158.10;
2025-11-03 15:35:05.89;0.00:00:53:830;-1.00;0.00;0.00;0.07219;-0.07223;-0.0002942;0.0001139;-89.88;0.05;100.05;0.16;100.05;0.07219;0.07223;-3.588E-05;-11.415;-11.413;-99.990;0.00;158.83;
2025-11-03 15:35:05.94;0.00:00:53:878;-1.00;0.00;0.00;0.07229;-0.07233;-0.0002827;0.0001203;-89.89;0.05;100.05;0.17;100.05;0.07229;0.07233;-3.325E-05;-11.409;-11.407;-99.990;0.00;156.95;
2025-11-03 15:35:05.98;0.00:00:53:925;-1.00;0.00;0.00;0.07221;-0.07225;-0.0002951;0.0001274;-89.88;0.05;100.05;0.18;100.05;0.07221;0.07225;-3.517E-05;-11.414;-11.412;-99.990;0.00;156.65;
2025-11-03 15:35:06.03;0.00:00:53:970;-1.00;0.00;0.00;0.07213;-0.07217;-0.0002961;0.0001234;-89.88;0.05;100.05;0.17;100.05;0.07213;0.07217;-3.268E-05;-11.419;-11.417;-99.990;0.00;157.38;
2025-11-03 15:35:06.08;0.00:00:54:018;-1.00;0.00;0.00;0.07216;-0.0722;-0.0002911;0.0001219;-89.88;0.05;100.05;0.17;100.05;0.07216;0.0722;-3.406E-05;-11.417;-11.415;-99.990;0.00;157.29;
2025-11-03 15:35:06.12;0.00:00:54:066;-1.00;0.00;0.00;0.07208;-0.07211;-0.0002906;0.0001229;-89.88;0.05;100.04;0.17;100.04;0.07208;0.07211;-3.2E-05;-11.422;-11.420;-99.990;0.00;157.07;
2025-11-03 15:35:06.17;0.00:00:54:114;-1.00;0.00;0.00;0.072;-0.07203;-0.000283;0.000119;-89.89;0.05;100.05;0.17;100.05;0.072;0.07203;-3.42E-05;-11.427;-11.425;-99.990;0.00;157.19;
2025-11-03 15:35:06.22;0.00:00:54:160;-1.00;0.00;0.00;0.07204;-0.07207;-0.0002889;0.0001143;-89.89;0.05;100.05;0.16;100.05;0.07204;0.07207;-3.292E-05;-11.424;-11.422;-99.990;0.00;158.41;
2025-11-03 15:35:06.27;0.00:00:54:208;-1.00;0.00;0.00;0.07211;-0.07214;-0.00029;0.0001175;-89.88;0.05;100.04;0.16;100.04;0.07211;0.07214;-3.223E-05;-11.420;-11.418;-99.990;0.00;157.94;
2025-11-03 15:35:06.33;0.00:00:54:270;-1.00;0.00;0.00;0.07201;-0.07204;-0.0002825;0.0001141;-89.89;0.05;100.04;0.16;100.04;0.07201;0.07204;-3.161E-05;-11.426;-11.424;-99.990;0.00;158.01;
2025-11-03 15:35:06.38;0.00:00:54:317;-1.00;0.00;0.00;0.07206;-0.07209;-0.0002822;0.0001153;-89.89;0.05;100.05;0.16;100.05;0.07206;0.0721;-3.329E-05;-11.423;-11.421;-99.990;0.00;157.77;
2025-11-03 15:35:06.42;0.00:00:54:363;-1.00;0.00;0.00;0.07211;-0.07214;-0.0002653;0.0001188;-89.89;0.05;100.05;0.16;100.05;0.07211;0.07214;-3.425E-05;-11.420;-11.418;-99.990;0.00;155.87;
2025-11-03 15:35:06.47;0.00:00:54:409;-1.00;0.00;0.00;0.07213;-0.07216;-0.000287;0.000116;-89.89;0.05;100.05;0.16;100.05;0.07213;0.07216;-3.311E-05;-11.419;-11.417;-99.990;0.00;158.00;
2025-11-03 15:35:06.51;0.00:00:54:456;-1.00;0.00;0.00;0.07213;-0.07216;-0.0002881;0.0001214;-89.89;0.05;100.04;0.17;100.04;0.07213;0.07216;-3.159E-05;-11.419;-11.417;-99.990;0.00;157.16;
2025-11-03 15:35:06.56;0.00:00:54:502;-1.00;0.00;0.00;0.07212;-0.07216;-0.0002826;0.0001152;-89.89;0.05;100.05;0.16;100.05;0.07212;0.07216;-3.484E-05;-11.419;-11.417;-99.990;0.00;157.82;
2025-11-03 15:35:06.61;0.00:00:54:552;-1.00;0.00;0.00;0.07214;-0.07217;-0.000299;0.0001256;-89.88;0.05;100.04;0.17;100.04;0.07214;0.07217;-3.109E-05;-11.418;-11.416;-99.990;0.00;157.21;
2025-11-03 15:35:06.67;0.00:00:54:611;-1.00;0.00;0.00;0.07214;-0.07217;-0.0002925;0.0001185;-89.88;0.05;100.04;0.16;100.04;0.07214;0.07217;-2.936E-05;-11.418;-11.417;-99.990;0.00;157.95;
2025-11-03 15:35:06.72;0.00:00:54:658;-1.00;0.00;0.00;0.07209;-0.07212;-0.0002861;0.0001225;-89.89;0.05;100.04;0.17;100.04;0.07209;0.07212;-3.208E-05;-11.421;-11.420;-99.990;0.00;156.81;
2025-11-03 15:35:06.76;0.00:00:54:704;-1.00;0.00;0.00;0.07205;-0.07208;-0.0002911;0.0001148;-89.88;0.05;100.04;0.16;100.04;0.07205;0.07208;-2.897E-05;-11.423;-11.422;-99.990;0.00;158.48;
2025-11-03 15:35:06.81;0.00:00:54:751;-1.00;0.00;0.00;0.07209;-0.07212;-0.0002845;0.0001213;-89.89;0.05;100.04;0.17;100.04;0.07209;0.07212;-3.179E-05;-11.421;-11.419;-99.990;0.00;156.91;
2025-11-03 15:35:06.86;0.00:00:54:798;-1.00;0.00;0.00;0.07208;-0.07211;-0.000286;0.000123;-89.89;0.05;100.04;0.17;100.04;0.07208;0.07211;-2.962E-05;-11.422;-11.420;-99.990;0.00;156.73;
2025-11-03 15:35:06.90;0.00:00:54:845;-1.00;0.00;0.00;0.07205;-0.07208;-0.0002973;0.0001193;-89.88;0.05;100.04;0.17;100.04;0.07205;0.07208;-3.17E-05;-11.424;-11.422;-99.990;0.00;158.13;
2025-11-03 15:35:06.95;0.00:00:54:891;-1.00;0.00;0.00;0.07201;-0.07204;-0.0003018;0.0001142;-89.88;0.05;100.05;0.16;100.05;0.07201;0.07204;-3.399E-05;-11.426;-11.424;-99.990;0.00;159.28;
2025-11-03 15:35:07.00;0.00:00:54:938;-1.00;0.00;0.00;0.07201;-0.07204;-0.0002935;0.0001221;-89.88;0.05;100.04;0.17;100.04;0.07201;0.07204;-2.895E-05;-11.426;-11.424;-99.990;0.00;157.41;
2025-11-03 15:35:07.04;0.00:00:54:986;-1.00;0.00;0.00;0.072;-0.07204;-0.0002885;0.000122;-89.89;0.05;100.05;0.17;100.05;0.072;0.07204;-3.399E-05;-11.426;-11.424;-99.990;0.00;157.08;
2025-11-03 15:35:07.09;0.00:00:55:033;-1.00;0.00;0.00;0.07193;-0.07196;-0.0002958;0.0001223;-89.88;0.05;100.04;0.17;100.04;0.07193;0.07196;-3.05E-05;-11.431;-11.429;-99.990;0.00;157.54;
2025-11-03 15:35:07.14;0.00:00:55:080;-1.00;0.00;0.00;0.07194;-0.07198;-0.0002705;0.0001166;-89.89;0.05;100.05;0.16;100.05;0.07194;0.07198;-3.798E-05;-11.430;-11.428;-99.990;0.00;156.69;
2025-11-03 15:35:07.19;0.00:00:55:127;-1.00;0.00;0.00;0.07207;-0.07211;-0.0002739;0.0001166;-89.89;0.05;100.05;0.16;100.05;0.07207;0.07211;-3.467E-05;-11.422;-11.420;-99.990;0.00;156.94;
2025-11-03 15:35:07.23;0.00:00:55:173;-1.00;0.00;0.00;0.07208;-0.07211;-0.0002881;0.000122;-89.89;0.05;100.05;0.17;100.05;0.07208;0.07211;-3.474E-05;-11.422;-11.420;-99.990;0.00;157.05;
2025-11-03 15:35:07.28;0.00:00:55:220;-1.00;0.00;0.00;0.07223;-0.07226;-0.000277;0.0001193;-89.89;0.05;100.04;0.17;100.04;0.07223;0.07226;-3.214E-05;-11.413;-11.411;-99.990;0.00;156.69;
2025-11-03 15:35:07.33;0.00:00:55:267;-1.00;0.00;0.00;0.0722;-0.07223;-0.0002981;0.0001209;-89.88;0.05;100.04;0.17;100.04;0.0722;0.07223;-3.234E-05;-11.415;-11.413;-99.990;0.00;157.91;
2025-11-03 15:35:07.37;0.00:00:55:314;-1.00;0.00;0.00;0.07214;-0.07217;-0.0003029;0.0001219;-89.88;0.05;100.04;0.17;100.04;0.07214;0.07217;-2.979E-05;-11.418;-11.417;-99.990;0.00;158.08;
2025-11-03 15:35:07.42;0.00:00:55:362;-1.00;0.00;0.00;0.07212;-0.07216;-0.0002715;0.0001155;-89.89;0.05;100.05;0.16;100.05;0.07212;0.07216;-3.448E-05;-11.419;-11.417;-99.990;0.00;156.96;
2025-11-03 15:35:07.47;0.00:00:55:409;-1.00;0.00;0.00;0.07213;-0.07216;-0.0002961;0.0001202;-89.88;0.05;100.04;0.17;100.04;0.07213;0.07216;-3.159E-05;-11.419;-11.417;-99.990;0.00;157.90;
2025-11-03 15:35:07.51;0.00:00:55:455;-1.00;0.00;0.00;0.07205;-0.07208;-0.0002969;0.0001171;-89.88;0.05;100.04;0.16;100.04;0.07205;0.07208;-3.055E-05;-11.424;-11.422;-99.990;0.00;158.48;
2025-11-03 15:35:07.56;0.00:00:55:502;-1.00;0.00;0.00;0.07203;-0.07207;-0.0002836;0.000122;-89.89;0.05;100.05;0.17;100.05;0.07203;0.07207;-3.35E-05;-11.425;-11.423;-99.990;0.00;156.72;
2025-11-03 15:35:07.61;0.00:00:55:550;-1.00;0.00;0.00;0.07199;-0.07202;-0.0002936;0.0001172;-89.88;0.05;100.04;0.16;100.04;0.07199;0.07202;-3.103E-05;-11.427;-11.425;-99.990;0.00;158.25;
2025-11-03 15:35:07.65;0.00:00:55:595;-1.00;0.00;0.00;0.07214;-0.07218;-0.0002836;0.0001191;-89.89;0.05;100.05;0.17;100.05;0.07214;0.07218;-3.506E-05;-11.418;-11.416;-99.990;0.00;157.22;
2025-11-03 15:35:07.70;0.00:00:55:642;-1.00;0.00;0.00;0.0722;-0.07223;-0.0002969;0.0001199;-89.88;0.05;100.04;0.17;100.04;0.0722;0.07223;-3.069E-05;-11.414;-11.413;-99.990;0.00;158.01;
2025-11-03 15:35:07.75;0.00:00:55:689;-1.00;0.00;0.00;0.07206;-0.07209;-0.0002736;0.0001144;-89.89;0.05;100.05;0.16;100.05;0.07206;0.0721;-3.38E-05;-11.423;-11.421;-99.990;0.00;157.31;
2025-11-03 15:35:07.80;0.00:00:55:738;-1.00;0.00;0.00;0.0721;-0.07213;-0.0002948;0.0001272;-89.88;0.05;100.04;0.18;100.04;0.0721;0.07214;-3.072E-05;-11.420;-11.419;-99.990;0.00;156.66;
2025-11-03 15:35:07.84;0.00:00:55:784;-1.00;0.00;0.00;0.07208;-0.07211;-0.000271;0.0001232;-89.89;0.05;100.05;0.17;100.05;0.07208;0.07211;-3.28E-05;-11.422;-11.420;-99.990;0.00;155.57;
2025-11-03 15:35:07.89;0.00:00:55:830;-1.00;0.00;0.00;0.07217;-0.0722;-0.0002906;0.0001095;-89.88;0.04;100.05;0.15;100.05;0.07217;0.0722;-3.414E-05;-11.416;-11.414;-99.990;0.00;159.36;
2025-11-03 15:35:07.94;0.00:00:55:877;-1.00;0.00;0.00;0.07225;-0.07229;-0.0002821;0.0001166;-89.89;0.05;100.05;0.16;100.05;0.07225;0.07229;-3.548E-05;-11.412;-11.409;-99.990;0.00;157.55;
2025-11-03 15:35:07.98;0.00:00:55:923;-1.00;0.00;0.00;0.0722;-0.07223;-0.0002949;0.0001197;-89.88;0.05;100.04;0.17;100.04;0.0722;0.07223;-3.003E-05;-11.415;-11.413;-99.990;0.00;157.90;
2025-11-03 15:35:08.03;0.00:00:55:970;-1.00;0.00;0.00;0.07215;-0.07218;-0.0002953;0.0001178;-89.88;0.05;100.04;0.16;100.04;0.07215;0.07218;-3.153E-05;-11.418;-11.416;-99.990;0.00;158.26;
2025-11-03 15:35:08.08;0.00:00:56:017;-1.00;0.00;0.00;0.07225;-0.07228;-0.0002785;0.0001158;-89.89;0.05;100.05;0.16;100.05;0.07225;0.07228;-3.461E-05;-11.412;-11.410;-99.990;0.00;157.42;
2025-11-03 15:35:08.12;0.00:00:56:062;-1.00;0.00;0.00;0.07227;-0.0723;-0.000301;0.0001302;-89.88;0.05;100.04;0.18;100.04;0.07227;0.0723;-3.144E-05;-11.410;-11.408;-99.990;0.00;156.61;
2025-11-03 15:35:08.17;0.00:00:56:109;-1.00;0.00;0.00;0.07202;-0.07205;-0.0003073;0.0001245;-89.88;0.05;100.04;0.17;100.04;0.07202;0.07205;-2.809E-05;-11.425;-11.424;-99.990;0.00;157.94;
2025-11-03 15:35:08.22;0.00:00:56:156;-1.00;0.00;0.00;0.07198;-0.07201;-0.0002927;0.0001159;-89.88;0.05;100.04;0.16;100.04;0.07198;0.07201;-3.095E-05;-11.428;-11.426;-99.990;0.00;158.40;
2025-11-03 15:35:08.26;0.00:00:56:203;-1.00;0.00;0.00;0.07203;-0.07206;-0.0002895;0.0001172;-89.88;0.05;100.04;0.16;100.04;0.07203;0.07206;-3.213E-05;-11.425;-11.423;-99.990;0.00;157.96;
2025-11-03 15:35:08.31;0.00:00:56:251;-1.00;0.00;0.00;0.0721;-0.07214;-0.0002947;0.0001158;-89.88;0.05;100.05;0.16;100.05;0.0721;0.07214;-3.36E-05;-11.420;-11.418;-99.990;0.00;158.55;
2025-11-03 15:35:08.37;0.00:00:56:313;-1.00;0.00;0.00;0.07227;-0.0723;-0.0002728;0.000122;-89.89;0.05;100.05;0.17;100.05;0.07227;0.0723;-3.404E-05;-11.410;-11.408;-99.990;0.00;155.90;
2025-11-03 15:35:08.42;0.00:00:56:359;-1.00;0.00;0.00;0.07215;-0.07218;-0.0002816;0.0001193;-89.89;0.05;100.05;0.17;100.05;0.07215;0.07218;-3.838E-05;-11.418;-11.416;-99.990;0.00;157.03;
2025-11-03 15:35:08.47;0.00:00:56:408;-1.00;0.00;0.00;0.07213;-0.07215;-0.0003047;0.0001252;-89.88;0.05;100.04;0.17;100.04;0.07213;0.07215;-2.705E-05;-11.419;-11.417;-99.990;0.00;157.67;
2025-11-03 15:35:08.51;0.00:00:56:454;-1.00;0.00;0.00;0.07207;-0.0721;-0.0002902;0.0001155;-89.88;0.05;100.05;0.16;100.05;0.07207;0.0721;-3.546E-05;-11.423;-11.420;-99.990;0.00;158.30;
2025-11-03 15:35:08.56;0.00:00:56:498;-1.00;0.00;0.00;0.07208;-0.07212;-0.0002783;0.000117;-89.89;0.05;100.05;0.16;100.05;0.07208;0.07212;-3.388E-05;-11.422;-11.420;-99.990;0.00;157.20;
2025-11-03 15:35:08.61;0.00:00:56:551;-1.00;0.00;0.00;0.07208;-0.07211;-0.0002971;0.0001221;-89.88;0.05;100.05;0.17;100.05;0.07208;0.07211;-3.308E-05;-11.422;-11.420;-99.990;0.00;157.66;
2025-11-03 15:35:08.67;0.00:00:56:610;-1.00;0.00;0.00;0.07204;-0.07208;-0.0002958;0.0001218;-89.88;0.05;100.04;0.17;100.04;0.07204;0.07208;-3.163E-05;-11.424;-11.422;-99.990;0.00;157.62;
2025-11-03 15:35:08.73;0.00:00:56:667;-1.00;0.00;0.00;0.07197;-0.07201;-0.0002797;0.0001153;-89.89;0.05;100.05;0.16;100.05;0.07197;0.07201;-3.764E-05;-11.428;-11.426;-99.990;0.00;157.60;
2025-11-03 15:35:08.78;0.00:00:56:721;-1.00;0.00;0.00;0.07204;-0.07208;-0.0002816;0.0001114;-89.89;0.04;100.05;0.15;100.05;0.07204;0.07208;-3.393E-05;-11.424;-11.422;-99.990;0.00;158.41;
2025-11-03 15:35:08.84;0.00:00:56:783;-1.00;0.00;0.00;0.07201;-0.07204;-0.000297;0.0001242;-89.88;0.05;100.04;0.17;100.04;0.07201;0.07204;-3.125E-05;-11.426;-11.424;-99.990;0.00;157.30;
2025-11-03 15:35:08.89;0.00:00:56:834;-1.00;0.00;0.00;0.07197;-0.072;-0.0002981;0.0001234;-89.88;0.05;100.04;0.17;100.04;0.07197;0.072;-3.188E-05;-11.429;-11.427;-99.990;0.00;157.52;
2025-11-03 15:35:08.94;0.00:00:56:885;-1.00;0.00;0.00;0.072;-0.07204;-0.0002853;0.000115;-89.89;0.05;100.05;0.16;100.05;0.072;0.07204;-3.47E-05;-11.427;-11.425;-99.990;0.00;158.05;
2025-11-03 15:35:09.00;0.00:00:56:938;-1.00;0.00;0.00;0.07202;-0.07205;-0.0002921;0.0001245;-89.88;0.05;100.05;0.17;100.05;0.07202;0.07205;-3.334E-05;-11.426;-11.424;-99.990;0.00;156.92;
2025-11-03 15:35:09.04;0.00:00:56:983;-1.00;0.00;0.00;0.07193;-0.07197;-0.0002613;0.0001148;-89.90;0.05;100.05;0.16;100.05;0.07193;0.07197;-3.719E-05;-11.431;-11.429;-99.990;0.00;156.28;
2025-11-03 15:35:09.09;0.00:00:57:029;-1.00;0.00;0.00;0.07202;-0.07206;-0.0002968;0.0001261;-89.88;0.05;100.05;0.18;100.05;0.07202;0.07206;-3.335E-05;-11.425;-11.423;-99.990;0.00;156.98;
2025-11-03 15:35:09.14;0.00:00:57:080;-1.00;0.00;0.00;0.07196;-0.072;-0.0002929;0.0001207;-89.88;0.05;100.05;0.17;100.05;0.07196;0.072;-3.404E-05;-11.429;-11.427;-99.990;0.00;157.61;
2025-11-03 15:35:09.19;0.00:00:57:129;-1.00;0.00;0.00;0.07192;-0.07196;-0.0002703;0.000113;-89.89;0.04;100.05;0.16;100.05;0.07192;0.07196;-3.668E-05;-11.431;-11.429;-99.990;0.00;157.31;
2025-11-03 15:35:09.24;0.00:00:57:183;-1.00;0.00;0.00;0.07202;-0.07206;-0.000289;0.0001128;-89.89;0.04;100.04;0.16;100.04;0.07202;0.07206;-3.191E-05;-11.425;-11.423;-99.990;0.00;158.68;
2025-11-03 15:35:09.29;0.00:00:57:234;-1.00;0.00;0.00;0.07197;-0.07201;-0.0003007;0.0001226;-89.88;0.05;100.05;0.17;100.05;0.07197;0.07201;-3.289E-05;-11.428;-11.426;-99.990;0.00;157.82;
2025-11-03 15:35:09.34;0.00:00:57:283;-1.00;0.00;0.00;0.07206;-0.07209;-0.000273;0.0001116;-89.89;0.04;100.05;0.15;100.05;0.07206;0.07209;-3.322E-05;-11.423;-11.421;-99.990;0.00;157.76;
2025-11-03 15:35:09.40;0.00:00:57:336;-1.00;0.00;0.00;0.07216;-0.07219;-0.0002777;0.000123;-89.89;0.05;100.05;0.17;100.05;0.07216;0.07219;-3.723E-05;-11.417;-11.415;-99.990;0.00;156.11;
2025-11-03 15:35:09.46;0.00:00:57:396;-1.00;0.00;0.00;0.07211;-0.07214;-0.0002921;0.0001196;-89.88;0.05;100.04;0.17;100.04;0.07211;0.07214;-3.144E-05;-11.420;-11.418;-99.990;0.00;157.73;
2025-11-03 15:35:09.51;0.00:00:57:455;-1.00;0.00;0.00;0.072;-0.07204;-0.0002878;0.0001094;-89.89;0.04;100.05;0.15;100.05;0.072;0.07204;-3.255E-05;-11.426;-11.424;-99.990;0.00;159.19;
2025-11-03 15:35:09.57;0.00:00:57:508;-1.00;0.00;0.00;0.07203;-0.07207;-0.0002834;0.0001191;-89.89;0.05;100.05;0.17;100.05;0.07203;0.07207;-3.501E-05;-11.425;-11.423;-99.990;0.00;157.20;
2025-11-03 15:35:09.62;0.00:00:57:559;-1.00;0.00;0.00;0.07206;-0.07209;-0.0002805;0.0001187;-89.89;0.05;100.05;0.16;100.05;0.07206;0.07209;-3.351E-05;-11.423;-11.421;-99.990;0.00;157.06;
2025-11-03 15:35:09.67;0.00:00:57:612;-1.00;0.00;0.00;0.07213;-0.07217;-0.0002848;0.0001191;-89.89;0.05;100.05;0.17;100.05;0.07213;0.07217;-3.7E-05;-11.419;-11.416;-99.990;0.00;157.30;
2025-11-03 15:35:09.72;0.00:00:57:663;-1.00;0.00;0.00;0.07217;-0.0722;-0.0002886;0.0001217;-89.89;0.05;100.05;0.17;100.05;0.07217;0.0722;-3.262E-05;-11.416;-11.414;-99.990;0.00;157.13;
2025-11-03 15:35:09.77;0.00:00:57:712;-1.00;0.00;0.00;0.07216;-0.0722;-0.0002852;0.0001203;-89.89;0.05;100.05;0.17;100.05;0.07216;0.0722;-3.731E-05;-11.417;-11.415;-99.990;0.00;157.13;
2025-11-03 15:35:09.83;0.00:00:57:775;-1.00;0.00;0.00;0.07203;-0.07206;-0.0002874;0.0001268;-89.89;0.05;100.04;0.18;100.04;0.07203;0.07206;-3.191E-05;-11.425;-11.423;-99.990;0.00;156.19;
2025-11-03 15:35:09.88;0.00:00:57:825;-1.00;0.00;0.00;0.07201;-0.07204;-0.0002963;0.0001158;-89.88;0.05;100.04;0.16;100.04;0.07201;0.07204;-3.024E-05;-11.426;-11.425;-99.990;0.00;158.65;
2025-11-03 15:35:09.94;0.00:00:57:883;-1.00;0.00;0.00;0.07206;-0.07209;-0.0002911;0.0001173;-89.88;0.05;100.05;0.16;100.05;0.07206;0.07209;-3.322E-05;-11.423;-11.421;-99.990;0.00;158.05;
2025-11-03 15:35:09.99;0.00:00:57:935;-1.00;0.00;0.00;0.07207;-0.07211;-0.0002878;0.0001189;-89.89;0.05;100.05;0.16;100.05;0.07207;0.07211;-3.546E-05;-11.422;-11.420;-99.990;0.00;157.55;
2025-11-03 15:35:10.05;0.00:00:57:987;-1.00;0.00;0.00;0.07214;-0.07217;-0.0002737;0.0001229;-89.89;0.05;100.05;0.17;100.05;0.07214;0.07217;-3.426E-05;-11.418;-11.416;-99.990;0.00;155.82;
2025-11-03 15:35:10.10;0.00:00:58:037;-1.00;0.00;0.00;0.07215;-0.07218;-0.0002992;0.0001206;-89.88;0.05;100.05;0.17;100.05;0.07215;0.07218;-3.441E-05;-11.418;-11.416;-99.990;0.00;158.04;
2025-11-03 15:35:10.15;0.00:00:58:090;-1.00;0.00;0.00;0.07199;-0.07203;-0.000303;0.0001201;-89.88;0.05;100.04;0.17;100.04;0.07199;0.07203;-3.168E-05;-11.427;-11.425;-99.990;0.00;158.38;
2025-11-03 15:35:10.20;0.00:00:58:141;-1.00;0.00;0.00;0.07196;-0.07199;-0.0002791;0.0001176;-89.89;0.05;100.05;0.16;100.05;0.07196;0.07199;-3.504E-05;-11.429;-11.427;-99.990;0.00;157.15;
2025-11-03 15:35:10.26;0.00:00:58:197;-1.00;0.00;0.00;0.07223;-0.07226;-0.0002846;0.0001172;-89.89;0.05;100.04;0.16;100.04;0.07223;0.07226;-3.099E-05;-11.413;-11.411;-99.990;0.00;157.62;
2025-11-03 15:35:10.31;0.00:00:58:253;-1.00;0.00;0.00;0.07232;-0.07235;-0.0002857;0.0001215;-89.89;0.05;100.05;0.17;100.05;0.07232;0.07235;-3.449E-05;-11.408;-11.406;-99.990;0.00;156.97;
2025-11-03 15:35:10.37;0.00:00:58:313;-1.00;0.00;0.00;0.07229;-0.07232;-0.0003013;0.0001249;-89.88;0.05;100.04;0.17;100.04;0.07229;0.07232;-2.928E-05;-11.409;-11.407;-99.990;0.00;157.49;
2025-11-03 15:35:10.43;0.00:00:58:376;-1.00;0.00;0.00;0.07215;-0.07219;-0.0002744;0.000119;-89.89;0.05;100.05;0.16;100.05;0.07215;0.07219;-3.709E-05;-11.417;-11.415;-99.990;0.00;156.56;
2025-11-03 15:35:10.49;0.00:00:58:428;-1.00;0.00;0.00;0.07224;-0.07227;-0.000288;0.0001215;-89.89;0.05;100.04;0.17;100.04;0.07224;0.07227;-3.143E-05;-11.412;-11.410;-99.990;0.00;157.12;
2025-11-03 15:35:10.54;0.00:00:58:481;-1.00;0.00;0.00;0.07222;-0.07225;-0.0003057;0.0001124;-89.88;0.04;100.05;0.16;100.05;0.07222;0.07225;-3.308E-05;-11.414;-11.412;-99.990;0.00;159.81;
2025-11-03 15:35:10.59;0.00:00:58:529;-1.00;0.00;0.00;0.07204;-0.07207;-0.0003009;0.0001181;-89.88;0.05;100.04;0.16;100.04;0.07204;0.07208;-3.033E-05;-11.424;-11.422;-99.990;0.00;158.58;
2025-11-03 15:35:10.64;0.00:00:58:583;-1.00;0.00;0.00;0.07207;-0.0721;-0.0002895;0.0001064;-89.88;0.04;100.05;0.15;100.05;0.07207;0.0721;-3.294E-05;-11.422;-11.420;-99.990;0.00;159.82;
2025-11-03 15:35:10.69;0.00:00:58:632;-1.00;0.00;0.00;0.0721;-0.07214;-0.0002794;0.0001178;-89.89;0.05;100.05;0.16;100.05;0.0721;0.07214;-3.454E-05;-11.421;-11.418;-99.990;0.00;157.13;
2025-11-03 15:35:10.74;0.00:00:58:685;-1.00;0.00;0.00;0.07198;-0.07202;-0.000289;0.0001133;-89.89;0.05;100.05;0.16;100.05;0.07198;0.07202;-3.563E-05;-11.428;-11.426;-99.990;0.00;158.59;
2025-11-03 15:35:10.80;0.00:00:58:745;-1.00;0.00;0.00;0.072;-0.07203;-0.0003007;0.0001193;-89.88;0.05;100.04;0.17;100.04;0.072;0.07204;-3.096E-05;-11.426;-11.425;-99.990;0.00;158.37;
2025-11-03 15:35:10.86;0.00:00:58:797;-1.00;0.00;0.00;0.07191;-0.07194;-0.0002822;0.0001143;-89.89;0.05;100.05;0.16;100.05;0.07191;0.07195;-3.61E-05;-11.432;-11.430;-99.990;0.00;157.95;
2025-11-03 15:35:10.91;0.00:00:58:848;-1.00;0.00;0.00;0.07197;-0.072;-0.0002911;0.0001203;-89.88;0.05;100.05;0.17;100.05;0.07197;0.072;-3.49E-05;-11.429;-11.427;-99.990;0.00;157.55;
2025-11-03 15:35:10.96;0.00:00:58:899;-1.00;0.00;0.00;0.07198;-0.07201;-0.0002858;0.00011;-89.89;0.04;100.05;0.15;100.05;0.07198;0.07201;-3.405E-05;-11.428;-11.426;-99.990;0.00;158.95;
2025-11-03 15:35:11.02;0.00:00:58:960;-1.00;0.00;0.00;0.07203;-0.07206;-0.0002734;0.000117;-89.89;0.05;100.05;0.16;100.05;0.07203;0.07206;-3.284E-05;-11.425;-11.423;-99.990;0.00;156.83;
2025-11-03 15:35:11.07;0.00:00:59:014;-1.00;0.00;0.00;0.07208;-0.07211;-0.0002846;0.0001153;-89.89;0.05;100.05;0.16;100.05;0.07208;0.07211;-3.496E-05;-11.422;-11.420;-99.990;0.00;157.94;
2025-11-03 15:35:11.12;0.00:00:59:062;-1.00;0.00;0.00;0.07198;-0.07201;-0.0002908;0.0001122;-89.88;0.04;100.04;0.16;100.04;0.07198;0.07201;-3.196E-05;-11.428;-11.426;-99.990;0.00;158.90;
2025-11-03 15:35:11.17;0.00:00:59:110;-1.00;0.00;0.00;0.07199;-0.07202;-0.0002901;0.00012;-89.88;0.05;100.05;0.17;100.05;0.07199;0.07202;-3.275E-05;-11.428;-11.426;-99.990;0.00;157.53;
2025-11-03 15:35:11.22;0.00:00:59:164;-1.00;0.00;0.00;0.07196;-0.07199;-0.0002902;0.0001166;-89.88;0.05;100.05;0.16;100.05;0.07196;0.07199;-3.368E-05;-11.429;-11.427;-99.990;0.00;158.11;
2025-11-03 15:35:11.27;0.00:00:59:214;-1.00;0.00;0.00;0.07209;-0.07213;-0.0002825;0.0001215;-89.89;0.05;100.05;0.17;100.05;0.07209;0.07213;-3.547E-05;-11.421;-11.419;-99.990;0.00;156.72;
2025-11-03 15:35:11.32;0.00:00:59:265;-1.00;0.00;0.00;0.07212;-0.07215;-0.0002884;0.0001231;-89.89;0.05;100.05;0.17;100.05;0.07212;0.07215;-3.397E-05;-11.420;-11.418;-99.990;0.00;156.88;
2025-11-03 15:35:11.37;0.00:00:59:309;-1.00;0.00;0.00;0.07207;-0.07211;-0.0002859;0.0001135;-89.89;0.05;100.05;0.16;100.05;0.07207;0.07211;-3.33E-05;-11.422;-11.420;-99.990;0.00;158.34;
2025-11-03 15:35:11.41;0.00:00:59:356;-1.00;0.00;0.00;0.07201;-0.07204;-0.0003004;0.0001138;-89.88;0.05;100.04;0.16;100.04;0.07201;0.07204;-3.154E-05;-11.426;-11.424;-99.990;0.00;159.25;
2025-11-03 15:35:11.46;0.00:00:59:406;-1.00;0.00;0.00;0.072;-0.07203;-0.0002811;0.0001148;-89.89;0.05;100.04;0.16;100.04;0.072;0.07203;-3.103E-05;-11.427;-11.425;-99.990;0.00;157.78;
2025-11-03 15:35:11.52;0.00:00:59:460;-1.00;0.00;0.00;0.07193;-0.07196;-0.0002996;0.0001168;-89.88;0.05;100.05;0.16;100.05;0.07193;0.07196;-3.417E-05;-11.431;-11.429;-99.990;0.00;158.70;
2025-11-03 15:35:11.57;0.00:00:59:514;-1.00;0.00;0.00;0.07199;-0.07202;-0.0002701;0.0001135;-89.89;0.05;100.05;0.16;100.05;0.07199;0.07202;-3.499E-05;-11.427;-11.425;-99.990;0.00;157.20;
2025-11-03 15:35:11.63;0.00:00:59:570;-1.00;0.00;0.00;0.07203;-0.07207;-0.0002889;0.0001116;-89.89;0.04;100.05;0.15;100.05;0.07203;0.07207;-3.666E-05;-11.425;-11.423;-99.990;0.00;158.87;
2025-11-03 15:35:11.69;0.00:00:59:626;-1.00;0.00;0.00;0.07199;-0.07203;-0.0002823;0.0001226;-89.89;0.05;100.05;0.17;100.05;0.07199;0.07203;-3.477E-05;-11.427;-11.425;-99.990;0.00;156.52;
2025-11-03 15:35:11.74;0.00:00:59:683;-1.00;0.00;0.00;0.07192;-0.07195;-0.0002896;0.0001239;-89.88;0.05;100.05;0.17;100.05;0.07192;0.07195;-3.258E-05;-11.431;-11.429;-99.990;0.00;156.84;
2025-11-03 15:35:11.79;0.00:00:59:732;-1.00;0.00;0.00;0.07191;-0.07194;-0.0002799;0.000118;-89.89;0.05;100.05;0.16;100.05;0.07191;0.07194;-3.301E-05;-11.432;-11.430;-99.990;0.00;157.13;
2025-11-03 15:35:11.84;0.00:00:59:780;-1.00;0.00;0.00;0.07206;-0.0721;-0.0002929;0.0001253;-89.88;0.05;100.05;0.17;100.05;0.07206;0.0721;-3.416E-05;-11.423;-11.421;-99.990;0.00;156.84;
2025-11-03 15:35:11.90;0.00:00:59:837;-1.00;0.00;0.00;0.07203;-0.07206;-0.000291;0.0001158;-89.88;0.05;100.05;0.16;100.05;0.07203;0.07206;-3.356E-05;-11.425;-11.423;-99.990;0.00;158.29;
2025-11-03 15:35:11.95;0.00:00:59:887;-1.00;0.00;0.00;0.07196;-0.072;-0.0002975;0.0001167;-89.88;0.05;100.05;0.16;100.05;0.07196;0.072;-3.354E-05;-11.429;-11.427;-99.990;0.00;158.59;
2025-11-03 15:35:11.99;0.00:00:59:935;-1.00;0.00;0.00;0.0719;-0.07193;-0.0002911;0.0001211;-89.88;0.05;100.04;0.17;100.04;0.0719;0.07193;-3.221E-05;-11.433;-11.431;-99.990;0.00;157.41;
2025-11-03 15:35:12.05;0.00:00:59:986;-1.00;0.00;0.00;0.07186;-0.07189;-0.0002899;0.0001218;-89.88;0.05;100.05;0.17;100.05;0.07186;0.07189;-3.291E-05;-11.435;-11.433;-99.990;0.00;157.21;
