Time[date hh:mm:ss] ; Elapsed Time [hh:mm:ss:ms]; Normalized s 1 ; Normalized s 2 ; Normalized s 3 ; S 0 [mW]; S 1 [mW]; S 2 [mW]; S 3 [mW]; Azimuth[°] ; Ellipticity[°] ; DOP[%] ; DOCP[%] ; DOLP[%] ; Power[mW] ; Pol Power[mW] ; Unpol Power[mW] ; Power[dBm] ; Pol Power[dBm] ; Unpol Power[dBm] ; Power-Split-Ratio ; Phase Difference[°] ; Warning
2025-11-03 15:13:37.19;0.00:00:00:064;1.00;0.00;0.00;0.09365;0.09228;0.0002908;0.0001473;0.09;0.05;98.53;0.16;98.53;0.09365;0.09228;0.001374;-10.285;-10.349;-28.621;1.00;26.87;
2025-11-03 15:13:37.25;0.00:00:00:116;1.00;0.00;0.00;0.09365;0.09224;0.0002881;0.0001617;0.09;0.05;98.49;0.17;98.49;0.09365;0.09224;0.001412;-10.285;-10.351;-28.502;1.00;29.30;
2025-11-03 15:13:37.29;0.00:00:00:163;1.00;0.00;0.00;0.09366;0.09224;0.0003012;0.0001583;0.09;0.05;98.48;0.17;98.48;0.09366;0.09224;0.001423;-10.284;-10.351;-28.467;1.00;27.73;
2025-11-03 15:13:37.34;0.00:00:00:210;1.00;0.00;0.00;0.09367;0.09226;0.0002799;0.0001582;0.09;0.05;98.50;0.17;98.50;0.09367;0.09226;0.001406;-10.284;-10.350;-28.520;1.00;29.48;
2025-11-03 15:13:37.39;0.00:00:00:258;1.00;0.00;0.00;0.0936;0.0922;0.0002933;0.0001618;0.09;0.05;98.51;0.17;98.51;0.0936;0.0922;0.001394;-10.287;-10.353;-28.557;1.00;28.88;
2025-11-03 15:13:37.45;0.00:00:00:318;1.00;0.00;0.00;0.0935;0.09208;0.0003105;0.0001526;0.10;0.05;98.48;0.16;98.48;0.0935;0.09208;0.001417;-10.292;-10.358;-28.486;1.00;26.17;
2025-11-03 15:13:37.49;0.00:00:00:365;1.00;0.00;0.00;0.09359;0.09219;0.0003084;0.0001439;0.10;0.04;98.50;0.15;98.50;0.09359;0.09219;0.001407;-10.288;-10.353;-28.518;1.00;25.01;
2025-11-03 15:13:37.54;0.00:00:00:414;1.00;0.00;0.00;0.09361;0.09219;0.0002655;0.0001495;0.08;0.05;98.47;0.16;98.47;0.09361;0.09219;0.001428;-10.287;-10.353;-28.453;1.00;29.38;
2025-11-03 15:13:37.59;0.00:00:00:462;1.00;0.00;0.00;0.09356;0.0921;0.0003161;0.0001443;0.10;0.04;98.44;0.15;98.44;0.09356;0.0921;0.001458;-10.289;-10.357;-28.361;1.00;24.54;
2025-11-03 15:13:37.64;0.00:00:00:508;1.00;0.00;0.00;0.09363;0.09221;0.000285;0.0001509;0.09;0.05;98.48;0.16;98.48;0.09363;0.09221;0.001423;-10.286;-10.352;-28.468;1.00;27.90;
2025-11-03 15:13:37.68;0.00:00:00:555;1.00;0.00;0.00;0.09355;0.09213;0.0002898;0.0001621;0.09;0.05;98.48;0.17;98.48;0.09355;0.09213;0.001418;-10.290;-10.356;-28.482;1.00;29.22;
2025-11-03 15:13:37.73;0.00:00:00:601;1.00;0.00;0.00;0.09372;0.09226;0.0003346;0.0001647;0.10;0.05;98.45;0.18;98.45;0.09372;0.09226;0.001451;-10.282;-10.350;-28.382;1.00;26.22;
2025-11-03 15:13:37.78;0.00:00:00:648;1.00;0.00;0.00;0.09365;0.09225;0.0002336;0.0001605;0.07;0.05;98.51;0.17;98.51;0.09365;0.09225;0.001399;-10.285;-10.350;-28.542;1.00;34.49;
2025-11-03 15:13:37.82;0.00:00:00:694;1.00;0.00;0.00;0.09347;0.09207;0.0002555;0.0001675;0.08;0.05;98.50;0.18;98.50;0.09347;0.09207;0.001404;-10.293;-10.359;-28.525;1.00;33.25;
2025-11-03 15:13:37.87;0.00:00:00:742;1.00;0.00;0.00;0.09334;0.09193;0.0002727;0.0001517;0.08;0.05;98.49;0.16;98.49;0.09334;0.09193;0.001407;-10.299;-10.365;-28.518;1.00;29.09;
2025-11-03 15:13:37.92;0.00:00:00:789;1.00;0.00;0.00;0.09313;0.09172;0.0002795;0.0001517;0.09;0.05;98.48;0.16;98.48;0.09313;0.09172;0.001413;-10.309;-10.375;-28.497;1.00;28.49;
2025-11-03 15:13:37.97;0.00:00:00:837;1.00;0.00;0.00;0.09304;0.09162;0.0003126;0.0001521;0.10;0.05;98.47;0.16;98.47;0.09304;0.09162;0.001423;-10.313;-10.380;-28.468;1.00;25.94;
2025-11-03 15:13:38.01;0.00:00:00:881;1.00;0.00;0.00;0.09342;0.09199;0.0003259;0.0001441;0.10;0.04;98.47;0.15;98.47;0.09342;0.09199;0.001432;-10.296;-10.363;-28.441;1.00;23.86;
2025-11-03 15:13:38.06;0.00:00:00:929;1.00;0.00;0.00;0.09343;0.09201;0.000301;0.000162;0.09;0.05;98.48;0.17;98.48;0.09343;0.09201;0.00142;-10.295;-10.362;-28.476;1.00;28.29;
2025-11-03 15:13:38.11;0.00:00:00:977;1.00;0.00;0.00;0.09338;0.09197;0.0002805;0.0001545;0.09;0.05;98.49;0.17;98.49;0.09338;0.09197;0.00141;-10.297;-10.363;-28.506;1.00;28.85;
2025-11-03 15:13:38.15;0.00:00:01:022;1.00;0.00;0.00;0.09351;0.09207;0.0003302;0.00017;0.10;0.05;98.46;0.18;98.46;0.09351;0.09207;0.00144;-10.292;-10.359;-28.416;1.00;27.24;
2025-11-03 15:13:38.20;0.00:00:01:071;1.00;0.00;0.00;0.09344;0.09203;0.0002755;0.0001479;0.09;0.05;98.49;0.16;98.49;0.09344;0.09203;0.001408;-10.295;-10.361;-28.513;1.00;28.23;
2025-11-03 15:13:38.25;0.00:00:01:117;1.00;0.00;0.00;0.09327;0.09184;0.0002956;0.0001367;0.09;0.04;98.47;0.15;98.47;0.09327;0.09184;0.001431;-10.303;-10.370;-28.442;1.00;24.82;
2025-11-03 15:13:38.29;0.00:00:01:164;1.00;0.00;0.00;0.0932;0.09182;0.0002765;0.0001499;0.09;0.05;98.51;0.16;98.51;0.0932;0.09182;0.001387;-10.306;-10.371;-28.579;1.00;28.46;
2025-11-03 15:13:38.34;0.00:00:01:210;1.00;0.00;0.00;0.09317;0.09177;0.0003059;0.0001495;0.10;0.05;98.50;0.16;98.50;0.09317;0.09177;0.001394;-10.307;-10.373;-28.557;1.00;26.04;
2025-11-03 15:13:38.39;0.00:00:01:258;1.00;0.00;0.00;0.09341;0.09197;0.0003187;0.0001624;0.10;0.05;98.46;0.17;98.46;0.09341;0.09197;0.001435;-10.296;-10.364;-28.432;1.00;27.00;
2025-11-03 15:13:38.43;0.00:00:01:304;1.00;0.00;0.00;0.09337;0.09197;0.0002843;0.0001298;0.09;0.04;98.51;0.14;98.51;0.09337;0.09197;0.001395;-10.298;-10.363;-28.556;1.00;24.54;
2025-11-03 15:13:38.48;0.00:00:01:350;1.00;0.00;0.00;0.09323;0.09181;0.0002843;0.0001522;0.09;0.05;98.48;0.16;98.48;0.09323;0.09181;0.001416;-10.305;-10.371;-28.488;1.00;28.17;
2025-11-03 15:13:38.52;0.00:00:01:396;1.00;0.00;0.00;0.09322;0.09179;0.0002761;0.0001551;0.09;0.05;98.47;0.17;98.47;0.09322;0.09179;0.001431;-10.305;-10.372;-28.445;1.00;29.32;
2025-11-03 15:13:38.58;0.00:00:01:449;1.00;0.00;0.00;0.09327;0.09182;0.0003412;0.0001338;0.11;0.04;98.46;0.14;98.45;0.09327;0.09183;0.001441;-10.303;-10.370;-28.414;1.00;21.42;
2025-11-03 15:13:38.63;0.00:00:01:503;1.00;0.00;0.00;0.09343;0.09199;0.0003293;0.0001497;0.10;0.05;98.46;0.16;98.46;0.09343;0.09199;0.00144;-10.295;-10.362;-28.416;1.00;24.44;
2025-11-03 15:13:38.68;0.00:00:01:554;1.00;0.00;0.00;0.09336;0.09192;0.0002755;0.0001539;0.09;0.05;98.45;0.16;98.45;0.09336;0.09192;0.001443;-10.298;-10.366;-28.409;1.00;29.19;
2025-11-03 15:13:38.74;0.00:00:01:616;1.00;0.00;0.00;0.09325;0.09183;0.0003081;0.000167;0.10;0.05;98.47;0.18;98.47;0.09325;0.09183;0.001427;-10.303;-10.370;-28.457;1.00;28.45;
2025-11-03 15:13:38.80;0.00:00:01:675;1.00;0.00;0.00;0.09324;0.09182;0.0002738;0.0001645;0.09;0.05;98.48;0.18;98.48;0.09324;0.09182;0.001418;-10.304;-10.371;-28.482;1.00;30.99;
2025-11-03 15:13:38.86;0.00:00:01:727;1.00;0.00;0.00;0.09313;0.09169;0.0003211;0.0001514;0.10;0.05;98.46;0.16;98.46;0.09313;0.09169;0.001437;-10.309;-10.377;-28.427;1.00;25.25;
2025-11-03 15:13:38.91;0.00:00:01:778;1.00;0.00;0.00;0.09313;0.09173;0.0002902;0.0001448;0.09;0.05;98.50;0.16;98.50;0.09313;0.09173;0.0014;-10.309;-10.375;-28.539;1.00;26.52;
2025-11-03 15:13:38.97;0.00:00:01:838;1.00;0.00;0.00;0.09319;0.0918;0.0003239;0.000144;0.10;0.04;98.51;0.15;98.51;0.09319;0.0918;0.00139;-10.306;-10.372;-28.570;1.00;23.97;
2025-11-03 15:13:39.02;0.00:00:01:889;1.00;0.00;0.00;0.09328;0.09185;0.0003044;0.0001528;0.09;0.05;98.47;0.16;98.47;0.09328;0.09185;0.001424;-10.302;-10.369;-28.465;1.00;26.65;
2025-11-03 15:13:39.07;0.00:00:01:940;1.00;0.00;0.00;0.09338;0.09195;0.0003314;0.0001424;0.10;0.04;98.48;0.15;98.48;0.09338;0.09195;0.001422;-10.298;-10.364;-28.472;1.00;23.26;
2025-11-03 15:13:39.13;0.00:00:02:000;1.00;0.00;0.00;0.09334;0.09193;0.0003032;0.0001643;0.09;0.05;98.49;0.18;98.49;0.09334;0.09193;0.001407;-10.299;-10.365;-28.517;1.00;28.45;
2025-11-03 15:13:39.19;0.00:00:02:062;1.00;0.00;0.00;0.09333;0.09191;0.0003383;0.0001501;0.11;0.05;98.47;0.16;98.47;0.09333;0.09191;0.001427;-10.300;-10.367;-28.457;1.00;23.93;
2025-11-03 15:13:39.24;0.00:00:02:114;1.00;0.00;0.00;0.09346;0.09206;0.0003517;0.0001437;0.11;0.04;98.50;0.15;98.50;0.09346;0.09206;0.001403;-10.294;-10.359;-28.529;1.00;22.22;
2025-11-03 15:13:39.30;0.00:00:02:172;1.00;0.00;0.00;0.09361;0.09222;0.0002978;0.0001615;0.09;0.05;98.52;0.17;98.52;0.09361;0.09223;0.001387;-10.287;-10.352;-28.580;1.00;28.48;
2025-11-03 15:13:39.36;0.00:00:02:227;1.00;0.00;0.00;0.09353;0.09208;0.000312;0.0001571;0.10;0.05;98.45;0.17;98.45;0.09353;0.09208;0.001448;-10.291;-10.358;-28.391;1.00;26.73;
2025-11-03 15:13:39.41;0.00:00:02:279;1.00;0.00;0.00;0.09356;0.09213;0.0002748;0.0001609;0.09;0.05;98.48;0.17;98.48;0.09356;0.09213;0.001425;-10.289;-10.356;-28.462;1.00;30.35;
2025-11-03 15:13:39.46;0.00:00:02:329;1.00;0.00;0.00;0.09352;0.09211;0.0002975;0.0001445;0.09;0.04;98.49;0.15;98.49;0.09352;0.09211;0.00141;-10.291;-10.357;-28.509;1.00;25.91;
2025-11-03 15:13:39.51;0.00:00:02:380;1.00;0.00;0.00;0.09332;0.0919;0.0003124;0.0001438;0.10;0.04;98.48;0.15;98.48;0.09332;0.0919;0.001419;-10.300;-10.367;-28.479;1.00;24.71;
2025-11-03 15:13:39.56;0.00:00:02:433;1.00;0.00;0.00;0.0933;0.09184;0.0002812;0.0001522;0.09;0.05;98.44;0.16;98.44;0.0933;0.09184;0.001451;-10.301;-10.369;-28.383;1.00;28.42;
2025-11-03 15:13:39.61;0.00:00:02:483;1.00;0.00;0.00;0.09342;0.09193;0.0003456;0.0001502;0.11;0.05;98.41;0.16;98.41;0.09342;0.09193;0.001485;-10.296;-10.365;-28.281;1.00;23.49;
2025-11-03 15:13:39.66;0.00:00:02:534;1.00;0.00;0.00;0.0936;0.09215;0.0003293;0.0001479;0.10;0.05;98.45;0.16;98.45;0.0936;0.09215;0.001447;-10.287;-10.355;-28.394;1.00;24.18;
2025-11-03 15:13:39.72;0.00:00:02:596;1.00;0.00;0.00;0.09347;0.09207;0.0003069;0.0001535;0.10;0.05;98.50;0.16;98.50;0.09347;0.09207;0.001402;-10.293;-10.359;-28.533;1.00;26.57;
2025-11-03 15:13:39.78;0.00:00:02:647;1.00;0.00;0.00;0.09366;0.09226;0.0002787;0.0001331;0.09;0.04;98.51;0.14;98.51;0.09366;0.09226;0.0014;-10.285;-10.350;-28.540;1.00;25.53;
2025-11-03 15:13:39.83;0.00:00:02:699;1.00;0.00;0.00;0.09366;0.09224;0.0003321;0.0001476;0.10;0.05;98.48;0.16;98.48;0.09366;0.09224;0.00142;-10.285;-10.351;-28.478;1.00;23.96;
2025-11-03 15:13:39.88;0.00:00:02:750;1.00;0.00;0.00;0.09365;0.09219;0.0002973;0.0001384;0.09;0.04;98.45;0.15;98.45;0.09365;0.09219;0.001456;-10.285;-10.353;-28.369;1.00;24.96;
2025-11-03 15:13:39.93;0.00:00:02:799;1.00;0.00;0.00;0.09361;0.09221;0.0002982;0.0001537;0.09;0.05;98.51;0.16;98.51;0.09361;0.09221;0.001396;-10.287;-10.352;-28.551;1.00;27.27;
2025-11-03 15:13:39.98;0.00:00:02:852;1.00;0.00;0.00;0.09341;0.09199;0.0003078;0.000139;0.10;0.04;98.48;0.15;98.48;0.09341;0.09199;0.001421;-10.296;-10.362;-28.475;1.00;24.30;
2025-11-03 15:13:40.04;0.00:00:02:913;1.00;0.00;0.00;0.09364;0.09223;0.0002775;0.0001524;0.09;0.05;98.50;0.16;98.50;0.09364;0.09223;0.001405;-10.286;-10.351;-28.524;1.00;28.78;
2025-11-03 15:13:40.09;0.00:00:02:963;1.00;0.00;0.00;0.09357;0.09217;0.0002909;0.0001537;0.09;0.05;98.50;0.16;98.50;0.09357;0.09217;0.001402;-10.288;-10.354;-28.531;1.00;27.85;
2025-11-03 15:13:40.15;0.00:00:03:017;1.00;0.00;0.00;0.09353;0.09212;0.000262;0.0001443;0.08;0.04;98.49;0.15;98.49;0.09353;0.09212;0.001415;-10.290;-10.357;-28.492;1.00;28.84;
2025-11-03 15:13:40.20;0.00:00:03:067;1.00;0.00;0.00;0.09349;0.09211;0.000289;0.0001499;0.09;0.05;98.52;0.16;98.52;0.09349;0.09211;0.001381;-10.292;-10.357;-28.599;1.00;27.41;
2025-11-03 15:13:40.25;0.00:00:03:120;1.00;0.00;0.00;0.09347;0.09207;0.000298;0.0001354;0.09;0.04;98.50;0.14;98.50;0.09347;0.09207;0.001406;-10.293;-10.359;-28.520;1.00;24.43;
2025-11-03 15:13:40.30;0.00:00:03:169;1.00;0.00;0.00;0.09347;0.09206;0.0002862;0.0001431;0.09;0.04;98.50;0.15;98.50;0.09347;0.09206;0.001403;-10.293;-10.359;-28.530;1.00;26.56;
2025-11-03 15:13:40.35;0.00:00:03:222;1.00;0.00;0.00;0.09352;0.09205;0.0003023;0.0001517;0.09;0.05;98.43;0.16;98.43;0.09352;0.09205;0.001472;-10.291;-10.360;-28.320;1.00;26.65;
2025-11-03 15:13:40.40;0.00:00:03:268;1.00;0.00;0.00;0.09349;0.09206;0.0002847;0.0001465;0.09;0.05;98.48;0.16;98.48;0.09349;0.09206;0.001424;-10.292;-10.359;-28.464;1.00;27.22;
2025-11-03 15:13:40.44;0.00:00:03:314;1.00;0.00;0.00;0.09339;0.09195;0.0002904;0.0001659;0.09;0.05;98.46;0.18;98.46;0.09339;0.09195;0.001436;-10.297;-10.364;-28.430;1.00;29.74;
2025-11-03 15:13:40.49;0.00:00:03:364;1.00;0.00;0.00;0.09338;0.09197;0.00029;0.0001384;0.09;0.04;98.49;0.15;98.49;0.09338;0.09197;0.001413;-10.297;-10.364;-28.499;1.00;25.51;
2025-11-03 15:13:40.56;0.00:00:03:429;1.00;0.00;0.00;0.09345;0.09206;0.0002532;0.0001452;0.08;0.05;98.51;0.16;98.51;0.09345;0.09206;0.001389;-10.294;-10.359;-28.572;1.00;29.84;
2025-11-03 15:13:40.61;0.00:00:03:483;1.00;0.00;0.00;0.09328;0.09186;0.0003051;0.0001436;0.10;0.04;98.48;0.15;98.48;0.09328;0.09186;0.001419;-10.302;-10.369;-28.480;1.00;25.20;
2025-11-03 15:13:40.66;0.00:00:03:531;1.00;0.00;0.00;0.09349;0.09206;0.0003377;0.0001405;0.11;0.04;98.47;0.15;98.46;0.09349;0.09206;0.001435;-10.292;-10.359;-28.431;1.00;22.59;
2025-11-03 15:13:40.71;0.00:00:03:586;1.00;0.00;0.00;0.09352;0.09212;0.0002343;0.0001665;0.07;0.05;98.50;0.18;98.50;0.09352;0.09212;0.001403;-10.291;-10.357;-28.528;1.00;35.41;
2025-11-03 15:13:40.76;0.00:00:03:633;1.00;0.00;0.00;0.09343;0.092;0.000287;0.0001346;0.09;0.04;98.47;0.14;98.47;0.09343;0.092;0.001433;-10.295;-10.362;-28.436;1.00;25.12;
2025-11-03 15:13:40.81;0.00:00:03:683;1.00;0.00;0.00;0.09345;0.09203;0.0002854;0.0001422;0.09;0.04;98.48;0.15;98.48;0.09345;0.09203;0.001425;-10.294;-10.361;-28.463;1.00;26.48;
2025-11-03 15:13:40.86;0.00:00:03:736;1.00;0.00;0.00;0.09345;0.09202;0.0002599;0.0001375;0.08;0.04;98.47;0.15;98.47;0.09345;0.09202;0.001428;-10.294;-10.361;-28.451;1.00;27.88;
2025-11-03 15:13:40.92;0.00:00:03:788;1.00;0.00;0.00;0.09361;0.09218;0.0002887;0.0001369;0.09;0.04;98.47;0.15;98.47;0.09361;0.09218;0.00143;-10.287;-10.354;-28.446;1.00;25.37;
2025-11-03 15:13:40.97;0.00:00:03:839;1.00;0.00;0.00;0.09354;0.09212;0.0002752;0.0001454;0.09;0.05;98.48;0.16;98.48;0.09354;0.09212;0.001418;-10.290;-10.356;-28.484;1.00;27.85;
2025-11-03 15:13:41.02;0.00:00:03:890;1.00;0.00;0.00;0.09347;0.09206;0.0002741;0.0001474;0.09;0.05;98.49;0.16;98.49;0.09347;0.09206;0.00141;-10.293;-10.359;-28.509;1.00;28.27;
2025-11-03 15:13:41.07;0.00:00:03:943;1.00;0.00;0.00;0.09348;0.09207;0.0003123;0.0001338;0.10;0.04;98.50;0.14;98.50;0.09348;0.09207;0.001406;-10.293;-10.359;-28.520;1.00;23.19;
2025-11-03 15:13:41.12;0.00:00:03:993;1.00;0.00;0.00;0.09355;0.09214;0.0002904;0.0001593;0.09;0.05;98.49;0.17;98.49;0.09355;0.09214;0.001408;-10.289;-10.355;-28.513;1.00;28.74;
2025-11-03 15:13:41.17;0.00:00:04:042;1.00;0.00;0.00;0.09339;0.092;0.0002353;0.0001447;0.07;0.05;98.51;0.15;98.51;0.09339;0.092;0.001392;-10.297;-10.362;-28.564;1.00;31.60;
2025-11-03 15:13:41.23;0.00:00:04:104;1.00;0.00;0.00;0.09325;0.09186;0.0002804;0.0001318;0.09;0.04;98.51;0.14;98.51;0.09325;0.09186;0.001387;-10.303;-10.369;-28.580;1.00;25.18;
2025-11-03 15:13:41.29;0.00:00:04:162;1.00;0.00;0.00;0.09348;0.09207;0.0003116;0.0001376;0.10;0.04;98.49;0.15;98.49;0.09348;0.09207;0.001408;-10.293;-10.359;-28.513;1.00;23.82;
2025-11-03 15:13:41.35;0.00:00:04:221;1.00;0.00;0.00;0.09341;0.092;0.0003263;0.000125;0.10;0.04;98.49;0.13;98.49;0.09341;0.092;0.001414;-10.296;-10.362;-28.495;1.00;20.97;
2025-11-03 15:13:41.40;0.00:00:04:270;1.00;0.00;0.00;0.09342;0.09202;0.0002615;0.0001517;0.08;0.05;98.49;0.16;98.49;0.09342;0.09202;0.001406;-10.295;-10.361;-28.519;1.00;30.12;
2025-11-03 15:13:41.45;0.00:00:04:325;1.00;0.00;0.00;0.09352;0.0921;0.0002693;0.0001415;0.08;0.04;98.48;0.15;98.48;0.09352;0.0921;0.00142;-10.291;-10.358;-28.476;1.00;27.72;
2025-11-03 15:13:41.50;0.00:00:04:374;1.00;0.00;0.00;0.09342;0.092;0.0002671;0.0001499;0.08;0.05;98.48;0.16;98.48;0.09342;0.092;0.001422;-10.296;-10.362;-28.472;1.00;29.31;
2025-11-03 15:13:41.56;0.00:00:04:433;1.00;0.00;0.00;0.09343;0.092;0.0002981;0.0001442;0.09;0.04;98.46;0.15;98.46;0.09343;0.092;0.001437;-10.295;-10.362;-28.424;1.00;25.81;
2025-11-03 15:13:41.61;0.00:00:04:476;1.00;0.00;0.00;0.09347;0.09207;0.000308;0.000135;0.10;0.04;98.50;0.14;98.50;0.09347;0.09207;0.001399;-10.293;-10.359;-28.543;1.00;23.67;
2025-11-03 15:13:41.66;0.00:00:04:530;1.00;0.00;0.00;0.09341;0.092;0.0002531;0.0001469;0.08;0.05;98.50;0.16;98.50;0.09341;0.092;0.001403;-10.296;-10.362;-28.529;1.00;30.14;
2025-11-03 15:13:41.71;0.00:00:04:580;1.00;0.00;0.00;0.09353;0.09214;0.0002356;0.0001526;0.07;0.05;98.51;0.16;98.51;0.09353;0.09214;0.001394;-10.290;-10.356;-28.556;1.00;32.93;
2025-11-03 15:13:41.76;0.00:00:04:631;1.00;0.00;0.00;0.09341;0.09204;0.0002548;0.0001474;0.08;0.05;98.54;0.16;98.54;0.09341;0.09204;0.001364;-10.296;-10.360;-28.651;1.00;30.06;
2025-11-03 15:13:41.81;0.00:00:04:680;1.00;0.00;0.00;0.09332;0.09191;0.0003012;0.0001387;0.09;0.04;98.49;0.15;98.49;0.09332;0.09191;0.001412;-10.300;-10.366;-28.502;1.00;24.73;
2025-11-03 15:13:41.87;0.00:00:04:737;1.00;0.00;0.00;0.09336;0.09195;0.0002813;0.0001459;0.09;0.05;98.49;0.16;98.49;0.09336;0.09195;0.001408;-10.298;-10.364;-28.513;1.00;27.42;
2025-11-03 15:13:41.91;0.00:00:04:780;1.00;0.00;0.00;0.09348;0.09206;0.0003027;0.0001421;0.09;0.04;98.47;0.15;98.47;0.09348;0.09206;0.001427;-10.293;-10.359;-28.456;1.00;25.15;
2025-11-03 15:13:41.96;0.00:00:04:833;1.00;0.00;0.00;0.09336;0.09196;0.0002645;0.0001396;0.08;0.04;98.50;0.15;98.50;0.09336;0.09196;0.001404;-10.298;-10.364;-28.528;1.00;27.83;
2025-11-03 15:13:42.01;0.00:00:04:883;1.00;0.00;0.00;0.09341;0.09197;0.0002693;0.0001448;0.08;0.05;98.47;0.15;98.46;0.09341;0.09198;0.001434;-10.296;-10.363;-28.435;1.00;28.26;
2025-11-03 15:13:42.06;0.00:00:04:936;1.00;0.00;0.00;0.09333;0.09188;0.0002596;0.0001337;0.08;0.04;98.45;0.14;98.45;0.09333;0.09188;0.001446;-10.300;-10.368;-28.398;1.00;27.24;
2025-11-03 15:13:42.12;0.00:00:04:992;1.00;0.00;0.00;0.09323;0.09181;0.0002832;0.0001389;0.09;0.04;98.48;0.15;98.48;0.09323;0.09181;0.001413;-10.305;-10.371;-28.498;1.00;26.14;
2025-11-03 15:13:42.16;0.00:00:05:036;1.00;0.00;0.00;0.09337;0.09197;0.0002982;0.0001453;0.09;0.05;98.50;0.16;98.50;0.09337;0.09197;0.001404;-10.298;-10.364;-28.526;1.00;25.97;
2025-11-03 15:13:42.22;0.00:00:05:088;1.00;0.00;0.00;0.0934;0.09198;0.0002902;0.0001513;0.09;0.05;98.48;0.16;98.48;0.0934;0.09198;0.001418;-10.296;-10.363;-28.483;1.00;27.54;
2025-11-03 15:13:42.27;0.00:00:05:138;1.00;0.00;0.00;0.0933;0.09189;0.0002597;0.0001514;0.08;0.05;98.48;0.16;98.48;0.0933;0.09189;0.001414;-10.301;-10.367;-28.495;1.00;30.25;
2025-11-03 15:13:42.32;0.00:00:05:191;1.00;0.00;0.00;0.09327;0.09187;0.0002787;0.0001441;0.09;0.04;98.50;0.15;98.50;0.09327;0.09187;0.001403;-10.303;-10.368;-28.529;1.00;27.34;
2025-11-03 15:13:42.37;0.00:00:05:243;1.00;0.00;0.00;0.09341;0.09196;0.0003165;0.0001368;0.10;0.04;98.44;0.15;98.44;0.09341;0.09196;0.001453;-10.296;-10.364;-28.378;1.00;23.38;
2025-11-03 15:13:42.42;0.00:00:05:288;1.00;0.00;0.00;0.09352;0.09209;0.0002964;0.0001382;0.09;0.04;98.47;0.15;98.47;0.09352;0.09209;0.00143;-10.291;-10.358;-28.445;1.00;24.99;
2025-11-03 15:13:42.47;0.00:00:05:346;1.00;0.00;0.00;0.09339;0.09201;0.0002416;0.0001444;0.08;0.04;98.52;0.15;98.52;0.09339;0.09201;0.00138;-10.297;-10.362;-28.601;1.00;30.87;
2025-11-03 15:13:42.52;0.00:00:05:396;1.00;0.00;0.00;0.09326;0.09184;0.0002704;0.0001378;0.08;0.04;98.48;0.15;98.48;0.09326;0.09184;0.001418;-10.303;-10.370;-28.484;1.00;27.00;
2025-11-03 15:13:42.58;0.00:00:05:454;1.00;0.00;0.00;0.09319;0.09177;0.0002872;0.0001446;0.09;0.05;98.47;0.16;98.47;0.09319;0.09177;0.001422;-10.306;-10.373;-28.470;1.00;26.73;
2025-11-03 15:13:42.63;0.00:00:05:502;1.00;0.00;0.00;0.09321;0.09178;0.0002773;0.0001329;0.09;0.04;98.46;0.14;98.46;0.09321;0.09178;0.001435;-10.305;-10.373;-28.433;1.00;25.60;
2025-11-03 15:13:42.68;0.00:00:05:549;1.00;0.00;0.00;0.09369;0.09226;0.000312;0.0001492;0.10;0.05;98.48;0.16;98.48;0.09369;0.09226;0.001428;-10.283;-10.350;-28.454;1.00;25.55;
2025-11-03 15:13:42.72;0.00:00:05:596;1.00;0.00;0.00;0.0937;0.09225;0.0003035;0.0001516;0.09;0.05;98.45;0.16;98.45;0.0937;0.09225;0.00145;-10.283;-10.350;-28.386;1.00;26.54;
2025-11-03 15:13:42.77;0.00:00:05:644;1.00;0.00;0.00;0.09357;0.09215;0.0002737;0.0001456;0.09;0.05;98.48;0.16;98.48;0.09357;0.09215;0.00142;-10.289;-10.355;-28.478;1.00;28.02;
2025-11-03 15:13:42.82;0.00:00:05:691;1.00;0.00;0.00;0.09361;0.0922;0.0002944;0.0001332;0.09;0.04;98.49;0.14;98.49;0.09361;0.0922;0.00141;-10.287;-10.353;-28.506;1.00;24.35;
2025-11-03 15:13:42.87;0.00:00:05:737;1.00;0.00;0.00;0.09367;0.0923;0.0002309;0.0001431;0.07;0.04;98.53;0.15;98.53;0.09367;0.0923;0.001379;-10.284;-10.348;-28.605;1.00;31.79;
2025-11-03 15:13:42.91;0.00:00:05:785;1.00;0.00;0.00;0.09353;0.09213;0.000272;0.0001485;0.08;0.05;98.50;0.16;98.50;0.09353;0.09213;0.001406;-10.290;-10.356;-28.519;1.00;28.63;
2025-11-03 15:13:42.96;0.00:00:05:832;1.00;0.00;0.00;0.09364;0.09219;0.0003382;0.0001407;0.11;0.04;98.46;0.15;98.46;0.09364;0.09219;0.001445;-10.285;-10.353;-28.403;1.00;22.59;
2025-11-03 15:13:43.01;0.00:00:05:878;1.00;0.00;0.00;0.09354;0.09211;0.00027;0.0001378;0.08;0.04;98.48;0.15;98.48;0.09354;0.09211;0.001421;-10.290;-10.357;-28.475;1.00;27.03;
2025-11-03 15:13:43.05;0.00:00:05:924;1.00;0.00;0.00;0.09354;0.09214;0.0003004;0.0001589;0.09;0.05;98.51;0.17;98.51;0.09354;0.09214;0.001395;-10.290;-10.355;-28.553;1.00;27.87;
2025-11-03 15:13:43.10;0.00:00:05:972;1.00;0.00;0.00;0.09354;0.09211;0.0003305;0.0001347;0.10;0.04;98.47;0.14;98.47;0.09354;0.09211;0.001428;-10.290;-10.357;-28.453;1.00;22.18;
2025-11-03 15:13:43.15;0.00:00:06:018;1.00;0.00;0.00;0.09359;0.09218;0.0002666;0.0001466;0.08;0.05;98.49;0.16;98.49;0.09359;0.09218;0.001411;-10.288;-10.354;-28.504;1.00;28.80;
2025-11-03 15:13:43.19;0.00:00:06:066;1.00;0.00;0.00;0.09359;0.09215;0.0003261;0.0001536;0.10;0.05;98.47;0.16;98.47;0.09359;0.09215;0.001435;-10.288;-10.355;-28.431;1.00;25.23;
2025-11-03 15:13:43.24;0.00:00:06:112;1.00;0.00;0.00;0.09349;0.09209;0.0002561;0.0001325;0.08;0.04;98.50;0.14;98.50;0.09349;0.09209;0.001404;-10.292;-10.358;-28.526;1.00;27.35;
2025-11-03 15:13:43.29;0.00:00:06:159;1.00;0.00;0.00;0.09342;0.09199;0.0002747;0.0001462;0.09;0.05;98.47;0.16;98.47;0.09342;0.09199;0.001428;-10.296;-10.363;-28.453;1.00;28.02;
2025-11-03 15:13:43.34;0.00:00:06:206;1.00;0.00;0.00;0.09335;0.09193;0.0003187;0.0001453;0.10;0.05;98.47;0.16;98.47;0.09335;0.09193;0.001426;-10.299;-10.366;-28.459;1.00;24.51;
2025-11-03 15:13:43.38;0.00:00:06:254;1.00;0.00;0.00;0.09348;0.09206;0.0003085;0.0001535;0.10;0.05;98.48;0.16;98.48;0.09348;0.09206;0.001419;-10.293;-10.359;-28.479;1.00;26.46;
2025-11-03 15:13:43.43;0.00:00:06:302;1.00;0.00;0.00;0.09352;0.09209;0.0003003;0.000139;0.09;0.04;98.47;0.15;98.47;0.09352;0.09209;0.001429;-10.291;-10.358;-28.448;1.00;24.84;
2025-11-03 15:13:43.48;0.00:00:06:348;1.00;0.00;0.00;0.09351;0.09213;0.0002736;0.0001577;0.09;0.05;98.52;0.17;98.52;0.09351;0.09213;0.001382;-10.292;-10.356;-28.596;1.00;29.96;
2025-11-03 15:13:43.52;0.00:00:06:396;1.00;0.00;0.00;0.09345;0.09202;0.0002912;0.0001306;0.09;0.04;98.47;0.14;98.47;0.09345;0.09202;0.001428;-10.294;-10.361;-28.453;1.00;24.16;
2025-11-03 15:13:43.57;0.00:00:06:441;1.00;0.00;0.00;0.09334;0.0919;0.0002925;0.0001434;0.09;0.04;98.46;0.15;98.46;0.09334;0.0919;0.001435;-10.299;-10.367;-28.432;1.00;26.12;
2025-11-03 15:13:43.62;0.00:00:06:491;1.00;0.00;0.00;0.09336;0.09196;0.0003184;0.0001411;0.10;0.04;98.50;0.15;98.50;0.09336;0.09196;0.001404;-10.298;-10.364;-28.525;1.00;23.90;
2025-11-03 15:13:43.67;0.00:00:06:536;1.00;0.00;0.00;0.09354;0.09211;0.00027;0.0001493;0.08;0.05;98.46;0.16;98.46;0.09354;0.09211;0.001438;-10.290;-10.357;-28.422;1.00;28.94;
2025-11-03 15:13:43.71;0.00:00:06:585;1.00;0.00;0.00;0.09348;0.09205;0.0002622;0.0001457;0.08;0.05;98.47;0.16;98.47;0.09348;0.09205;0.00143;-10.293;-10.360;-28.447;1.00;29.06;
2025-11-03 15:13:43.76;0.00:00:06:635;1.00;0.00;0.00;0.0934;0.09198;0.0002826;0.0001411;0.09;0.04;98.48;0.15;98.48;0.0934;0.09198;0.001418;-10.297;-10.363;-28.484;1.00;26.53;
2025-11-03 15:13:43.81;0.00:00:06:680;1.00;0.00;0.00;0.09337;0.09196;0.0002604;0.0001592;0.08;0.05;98.49;0.17;98.49;0.09337;0.09196;0.001411;-10.298;-10.364;-28.505;1.00;31.44;
2025-11-03 15:13:43.86;0.00:00:06:728;1.00;0.00;0.00;0.09337;0.09192;0.0003388;0.0001497;0.11;0.05;98.45;0.16;98.45;0.09337;0.09192;0.001449;-10.298;-10.366;-28.388;1.00;23.84;
2025-11-03 15:13:43.90;0.00:00:06:773;1.00;0.00;0.00;0.09345;0.09203;0.0002749;0.0001561;0.09;0.05;98.48;0.17;98.48;0.09345;0.09203;0.001421;-10.294;-10.361;-28.476;1.00;29.59;
2025-11-03 15:13:43.95;0.00:00:06:821;1.00;0.00;0.00;0.09334;0.09192;0.0002883;0.0001433;0.09;0.04;98.48;0.15;98.48;0.09334;0.09192;0.001423;-10.299;-10.366;-28.469;1.00;26.43;
2025-11-03 15:13:44.00;0.00:00:06:868;1.00;0.00;0.00;0.09345;0.09203;0.000281;0.0001468;0.09;0.05;98.49;0.16;98.49;0.09345;0.09203;0.001415;-10.294;-10.361;-28.492;1.00;27.58;
2025-11-03 15:13:44.04;0.00:00:06:915;1.00;0.00;0.00;0.09338;0.09201;0.0002622;0.0001529;0.08;0.05;98.53;0.16;98.53;0.09338;0.09201;0.001377;-10.297;-10.362;-28.611;1.00;30.25;
2025-11-03 15:13:44.10;0.00:00:06:976;1.00;0.00;0.00;0.09341;0.09201;0.0003044;0.0001367;0.09;0.04;98.50;0.15;98.50;0.09341;0.09201;0.001397;-10.296;-10.361;-28.547;1.00;24.18;
2025-11-03 15:13:44.15;0.00:00:07:022;1.00;0.00;0.00;0.09345;0.09203;0.0003473;0.0001476;0.11;0.05;98.48;0.16;98.48;0.09345;0.09203;0.001422;-10.294;-10.361;-28.470;1.00;23.02;
2025-11-03 15:13:44.20;0.00:00:07:069;1.00;0.00;0.00;0.09345;0.09204;0.0002941;0.0001365;0.09;0.04;98.50;0.15;98.50;0.09345;0.09204;0.001406;-10.294;-10.360;-28.521;1.00;24.90;
2025-11-03 15:13:44.26;0.00:00:07:133;1.00;0.00;0.00;0.09344;0.09202;0.0003153;0.0001395;0.10;0.04;98.48;0.15;98.48;0.09344;0.09202;0.001424;-10.295;-10.361;-28.466;1.00;23.87;
2025-11-03 15:13:44.31;0.00:00:07:179;1.00;0.00;0.00;0.09337;0.09196;0.0003199;0.0001504;0.10;0.05;98.49;0.16;98.49;0.09337;0.09196;0.001406;-10.298;-10.364;-28.521;1.00;25.17;
2025-11-03 15:13:44.36;0.00:00:07:227;1.00;0.00;0.00;0.09337;0.09195;0.0003133;0.000155;0.10;0.05;98.49;0.17;98.49;0.09337;0.09195;0.001412;-10.298;-10.364;-28.502;1.00;26.32;
2025-11-03 15:13:44.40;0.00:00:07:272;1.00;0.00;0.00;0.09334;0.0919;0.0003328;0.0001384;0.10;0.04;98.46;0.15;98.46;0.09334;0.0919;0.001441;-10.299;-10.367;-28.415;1.00;22.57;
2025-11-03 15:13:44.45;0.00:00:07:319;1.00;0.00;0.00;0.09336;0.09199;0.000285;0.0001429;0.09;0.04;98.53;0.15;98.53;0.09336;0.09199;0.00137;-10.299;-10.363;-28.634;1.00;26.63;
2025-11-03 15:13:44.49;0.00:00:07:366;1.00;0.00;0.00;0.09325;0.09183;0.0003049;0.0001433;0.10;0.04;98.47;0.15;98.47;0.09325;0.09183;0.001423;-10.303;-10.370;-28.469;1.00;25.17;
2025-11-03 15:13:44.54;0.00:00:07:412;1.00;0.00;0.00;0.09324;0.09182;0.0003021;0.0001456;0.09;0.05;98.47;0.16;98.47;0.09324;0.09182;0.001425;-10.304;-10.371;-28.461;1.00;25.74;
2025-11-03 15:13:44.59;0.00:00:07:460;1.00;0.00;0.00;0.09332;0.0919;0.0003083;0.0001525;0.10;0.05;98.48;0.16;98.48;0.09332;0.0919;0.001419;-10.300;-10.367;-28.480;1.00;26.32;
2025-11-03 15:13:44.64;0.00:00:07:507;1.00;0.00;0.00;0.09334;0.09192;0.0002955;0.0001387;0.09;0.04;98.48;0.15;98.48;0.09334;0.09193;0.001416;-10.299;-10.366;-28.489;1.00;25.15;
2025-11-03 15:13:44.68;0.00:00:07:555;1.00;0.00;0.00;0.09333;0.09193;0.000304;0.00015;0.09;0.05;98.49;0.16;98.49;0.09333;0.09193;0.001406;-10.300;-10.366;-28.520;1.00;26.26;
2025-11-03 15:13:44.73;0.00:00:07:601;1.00;0.00;0.00;0.09331;0.09192;0.0002888;0.0001456;0.09;0.05;98.51;0.16;98.51;0.09331;0.09192;0.001386;-10.301;-10.366;-28.583;1.00;26.75;
2025-11-03 15:13:44.78;0.00:00:07:649;1.00;0.00;0.00;0.09327;0.09185;0.0002802;0.0001435;0.09;0.04;98.48;0.15;98.48;0.09327;0.09185;0.00142;-10.302;-10.369;-28.478;1.00;27.12;
2025-11-03 15:13:44.83;0.00:00:07:698;1.00;0.00;0.00;0.09324;0.09184;0.0003257;0.0001523;0.10;0.05;98.50;0.16;98.50;0.09324;0.09184;0.001402;-10.304;-10.370;-28.534;1.00;25.06;
2025-11-03 15:13:44.87;0.00:00:07:745;1.00;0.00;0.00;0.09323;0.09179;0.0003157;0.0001297;0.10;0.04;98.46;0.14;98.46;0.09323;0.09179;0.001434;-10.305;-10.372;-28.433;1.00;22.32;
2025-11-03 15:13:44.92;0.00:00:07:792;1.00;0.00;0.00;0.09329;0.09184;0.000307;0.0001485;0.10;0.05;98.45;0.16;98.45;0.09329;0.09184;0.001449;-10.302;-10.370;-28.388;1.00;25.81;
2025-11-03 15:13:44.97;0.00:00:07:840;1.00;0.00;0.00;0.09326;0.09181;0.0003202;0.0001394;0.10;0.04;98.45;0.15;98.45;0.09326;0.09181;0.001444;-10.303;-10.371;-28.404;1.00;23.52;
2025-11-03 15:13:45.02;0.00:00:07:887;1.00;0.00;0.00;0.09332;0.09191;0.0002987;0.0001472;0.09;0.05;98.49;0.16;98.49;0.09332;0.09191;0.00141;-10.300;-10.366;-28.506;1.00;26.23;
2025-11-03 15:13:45.06;0.00:00:07:935;1.00;0.00;0.00;0.09333;0.09192;0.0002736;0.0001374;0.09;0.04;98.49;0.15;98.49;0.09333;0.09192;0.001413;-10.300;-10.366;-28.497;1.00;26.67;
2025-11-03 15:13:45.11;0.00:00:07:983;1.00;0.00;0.00;0.0933;0.09189;0.0002719;0.0001659;0.08;0.05;98.50;0.18;98.50;0.0933;0.09189;0.001403;-10.301;-10.367;-28.528;1.00;31.39;
2025-11-03 15:13:45.16;0.00:00:08:029;1.00;0.00;0.00;0.09323;0.0918;0.000312;0.0001412;0.10;0.04;98.46;0.15;98.46;0.09323;0.0918;0.001433;-10.304;-10.372;-28.436;1.00;24.36;
2025-11-03 15:13:45.20;0.00:00:08:075;1.00;0.00;0.00;0.09341;0.09198;0.0003249;0.0001379;0.10;0.04;98.47;0.15;98.47;0.09341;0.09198;0.001432;-10.296;-10.363;-28.440;1.00;23.00;
2025-11-03 15:13:45.25;0.00:00:08:124;1.00;0.00;0.00;0.0935;0.09209;0.0002622;0.0001686;0.08;0.05;98.49;0.18;98.49;0.0935;0.09209;0.001411;-10.292;-10.358;-28.504;1.00;32.74;
2025-11-03 15:13:45.30;0.00:00:08:171;1.00;0.00;0.00;0.09323;0.09179;0.00029;0.0001448;0.09;0.05;98.46;0.16;98.46;0.09323;0.09179;0.001434;-10.305;-10.372;-28.436;1.00;26.53;
2025-11-03 15:13:45.35;0.00:00:08:217;1.00;0.00;0.00;0.09323;0.09182;0.0002911;0.0001312;0.09;0.04;98.49;0.14;98.49;0.09323;0.09183;0.00141;-10.304;-10.370;-28.509;1.00;24.26;
2025-11-03 15:13:45.39;0.00:00:08:263;1.00;0.00;0.00;0.09329;0.09187;0.0002794;0.0001454;0.09;0.05;98.48;0.16;98.48;0.09329;0.09187;0.00142;-10.301;-10.368;-28.476;1.00;27.49;
2025-11-03 15:13:45.44;0.00:00:08:311;1.00;0.00;0.00;0.09326;0.09186;0.0002918;0.0001406;0.09;0.04;98.50;0.15;98.50;0.09326;0.09186;0.0014;-10.303;-10.369;-28.538;1.00;25.72;
2025-11-03 15:13:45.48;0.00:00:08:356;1.00;0.00;0.00;0.09338;0.09196;0.0003227;0.0001336;0.10;0.04;98.48;0.14;98.48;0.09338;0.09196;0.001417;-10.297;-10.364;-28.487;1.00;22.49;
2025-11-03 15:13:45.53;0.00:00:08:403;1.00;0.00;0.00;0.09339;0.09194;0.0003387;0.0001513;0.11;0.05;98.45;0.16;98.45;0.09339;0.09194;0.001443;-10.297;-10.365;-28.407;1.00;24.07;
2025-11-03 15:13:45.58;0.00:00:08:450;1.00;0.00;0.00;0.09344;0.092;0.0002677;0.0001435;0.08;0.04;98.46;0.15;98.46;0.09344;0.092;0.001437;-10.295;-10.362;-28.425;1.00;28.20;
2025-11-03 15:13:45.63;0.00:00:08:499;1.00;0.00;0.00;0.09335;0.09193;0.0003101;0.000143;0.10;0.04;98.48;0.15;98.48;0.09335;0.09193;0.001422;-10.299;-10.366;-28.472;1.00;24.75;
2025-11-03 15:13:45.67;0.00:00:08:545;1.00;0.00;0.00;0.09339;0.09201;0.0002785;0.0001563;0.09;0.05;98.52;0.17;98.52;0.09339;0.09201;0.001381;-10.297;-10.362;-28.600;1.00;29.30;
2025-11-03 15:13:45.72;0.00:00:08:594;1.00;0.00;0.00;0.09326;0.09187;0.0002458;0.0001493;0.08;0.05;98.51;0.16;98.51;0.09326;0.09187;0.001391;-10.303;-10.368;-28.566;1.00;31.27;
2025-11-03 15:13:45.77;0.00:00:08:640;1.00;0.00;0.00;0.09312;0.09168;0.0002725;0.0001439;0.09;0.04;98.46;0.15;98.46;0.09312;0.09168;0.001433;-10.310;-10.377;-28.436;1.00;27.83;
2025-11-03 15:13:45.82;0.00:00:08:686;1.00;0.00;0.00;0.09305;0.09164;0.0002995;0.0001442;0.09;0.05;98.48;0.15;98.48;0.09305;0.09164;0.001415;-10.313;-10.379;-28.491;1.00;25.71;
2025-11-03 15:13:45.86;0.00:00:08:733;1.00;0.00;0.00;0.09296;0.09152;0.0002794;0.0001338;0.09;0.04;98.45;0.14;98.45;0.09296;0.09152;0.001438;-10.317;-10.385;-28.422;1.00;25.58;
2025-11-03 15:13:45.91;0.00:00:08:779;1.00;0.00;0.00;0.09305;0.09163;0.0003282;0.0001366;0.10;0.04;98.48;0.15;98.48;0.09305;0.09163;0.001419;-10.313;-10.379;-28.481;1.00;22.59;
2025-11-03 15:13:45.96;0.00:00:08:827;1.00;0.00;0.00;0.09318;0.09177;0.0002899;0.0001398;0.09;0.04;98.48;0.15;98.48;0.09318;0.09177;0.001414;-10.307;-10.373;-28.494;1.00;25.75;
2025-11-03 15:13:46.00;0.00:00:08:874;1.00;0.00;0.00;0.09331;0.09191;0.0002908;0.0001377;0.09;0.04;98.50;0.15;98.50;0.09331;0.09191;0.001401;-10.301;-10.367;-28.537;1.00;25.34;
2025-11-03 15:13:46.05;0.00:00:08:922;1.00;0.00;0.00;0.09318;0.09176;0.0002753;0.0001254;0.09;0.04;98.47;0.13;98.47;0.09318;0.09176;0.001422;-10.307;-10.374;-28.470;1.00;24.49;
2025-11-03 15:13:46.10;0.00:00:08:968;1.00;0.00;0.00;0.09333;0.09192;0.0002732;0.0001452;0.09;0.05;98.50;0.16;98.50;0.09333;0.09192;0.001401;-10.300;-10.366;-28.536;1.00;27.99;
2025-11-03 15:13:46.15;0.00:00:09:016;1.00;0.00;0.00;0.09315;0.09177;0.0002399;0.0001405;0.07;0.04;98.52;0.15;98.52;0.09315;0.09177;0.001383;-10.308;-10.373;-28.593;1.00;30.35;
2025-11-03 15:13:46.19;0.00:00:09:062;1.00;0.00;0.00;0.09307;0.09162;0.0003181;0.0001186;0.10;0.04;98.44;0.13;98.44;0.09307;0.09162;0.001448;-10.312;-10.380;-28.393;1.00;20.45;
2025-11-03 15:13:46.24;0.00:00:09:108;1.00;0.00;0.00;0.09325;0.0918;0.0003438;0.0001274;0.11;0.04;98.44;0.14;98.44;0.09325;0.0918;0.001451;-10.304;-10.372;-28.385;1.00;20.33;
2025-11-03 15:13:46.28;0.00:00:09:155;1.00;0.00;0.00;0.09335;0.09194;0.0002717;0.0001342;0.08;0.04;98.49;0.14;98.49;0.09335;0.09194;0.001408;-10.299;-10.365;-28.515;1.00;26.28;
2025-11-03 15:13:46.33;0.00:00:09:202;1.00;0.00;0.00;0.09329;0.09186;0.000295;0.0001381;0.09;0.04;98.47;0.15;98.47;0.09329;0.09186;0.001429;-10.302;-10.369;-28.451;1.00;25.08;
2025-11-03 15:13:46.38;0.00:00:09:248;1.00;0.00;0.00;0.09316;0.09177;0.0002392;0.0001235;0.07;0.04;98.51;0.13;98.51;0.09316;0.09177;0.001389;-10.308;-10.373;-28.574;1.00;27.30;
2025-11-03 15:13:46.42;0.00:00:09:296;1.00;0.00;0.00;0.0933;0.09183;0.0003388;0.0001386;0.11;0.04;98.43;0.15;98.43;0.0933;0.09184;0.001467;-10.301;-10.370;-28.335;1.00;22.24;
2025-11-03 15:13:46.47;0.00:00:09:343;1.00;0.00;0.00;0.09341;0.092;0.0002958;0.0001573;0.09;0.05;98.49;0.17;98.49;0.09341;0.092;0.001409;-10.296;-10.362;-28.512;1.00;28.00;
2025-11-03 15:13:46.52;0.00:00:09:390;1.00;0.00;0.00;0.09344;0.09205;0.0002993;0.0001496;0.09;0.05;98.52;0.16;98.52;0.09344;0.09205;0.001381;-10.295;-10.360;-28.597;1.00;26.56;
2025-11-03 15:13:46.57;0.00:00:09:438;1.00;0.00;0.00;0.09335;0.09193;0.0003016;0.0001431;0.09;0.04;98.47;0.15;98.47;0.09335;0.09193;0.001426;-10.299;-10.366;-28.460;1.00;25.38;
2025-11-03 15:13:46.61;0.00:00:09:485;1.00;0.00;0.00;0.09336;0.09194;0.0003195;0.0001336;0.10;0.04;98.48;0.14;98.48;0.09336;0.09194;0.001417;-10.298;-10.365;-28.485;1.00;22.70;
2025-11-03 15:13:46.66;0.00:00:09:530;1.00;0.00;0.00;0.0934;0.09203;0.0002587;0.0001454;0.08;0.05;98.54;0.16;98.54;0.0934;0.09203;0.001367;-10.297;-10.361;-28.642;1.00;29.34;
2025-11-03 15:13:46.71;0.00:00:09:577;1.00;0.00;0.00;0.09325;0.09184;0.0002934;0.0001345;0.09;0.04;98.48;0.14;98.48;0.09325;0.09184;0.001415;-10.303;-10.370;-28.494;1.00;24.62;
2025-11-03 15:13:46.75;0.00:00:09:625;1.00;0.00;0.00;0.09329;0.09187;0.0002844;0.0001418;0.09;0.04;98.48;0.15;98.48;0.09329;0.09187;0.001422;-10.301;-10.368;-28.472;1.00;26.49;
2025-11-03 15:13:46.80;0.00:00:09:671;1.00;0.00;0.00;0.09336;0.09193;0.0003296;0.000127;0.10;0.04;98.47;0.14;98.47;0.09336;0.09193;0.001429;-10.298;-10.365;-28.451;1.00;21.07;
2025-11-03 15:13:46.85;0.00:00:09:719;1.00;0.00;0.00;0.09334;0.09194;0.0002559;0.0001476;0.08;0.05;98.50;0.16;98.50;0.09334;0.09194;0.001404;-10.299;-10.365;-28.525;1.00;29.98;
2025-11-03 15:13:46.90;0.00:00:09:767;1.00;0.00;0.00;0.09338;0.09195;0.0003291;0.0001409;0.10;0.04;98.46;0.15;98.46;0.09338;0.09195;0.001435;-10.297;-10.365;-28.431;1.00;23.18;
2025-11-03 15:13:46.94;0.00:00:09:814;1.00;0.00;0.00;0.09341;0.09203;0.0002843;0.0001338;0.09;0.04;98.51;0.14;98.51;0.09341;0.09203;0.001388;-10.296;-10.361;-28.576;1.00;25.19;
2025-11-03 15:13:46.99;0.00:00:09:861;1.00;0.00;0.00;0.09326;0.09184;0.0003106;0.0001231;0.10;0.04;98.48;0.13;98.48;0.09326;0.09184;0.001421;-10.303;-10.370;-28.474;1.00;21.63;
2025-11-03 15:13:47.04;0.00:00:09:907;1.00;0.00;0.00;0.09326;0.09181;0.0002937;0.0001391;0.09;0.04;98.44;0.15;98.44;0.09326;0.09181;0.001451;-10.303;-10.371;-28.385;1.00;25.34;
2025-11-03 15:13:47.08;0.00:00:09:955;1.00;0.00;0.00;0.09329;0.09183;0.0003115;0.0001312;0.10;0.04;98.44;0.14;98.44;0.09329;0.09183;0.001458;-10.302;-10.370;-28.363;1.00;22.83;
2025-11-03 15:13:47.13;0.00:00:10:002;1.00;0.00;0.00;0.09337;0.09192;0.0003058;0.0001284;0.10;0.04;98.45;0.14;98.45;0.09337;0.09192;0.001448;-10.298;-10.366;-28.392;1.00;22.78;
2025-11-03 15:13:47.18;0.00:00:10:047;1.00;0.00;0.00;0.09357;0.09215;0.0003098;0.0001417;0.10;0.04;98.49;0.15;98.49;0.09357;0.09215;0.001412;-10.289;-10.355;-28.502;1.00;24.58;
2025-11-03 15:13:47.22;0.00:00:10:094;1.00;0.00;0.00;0.09348;0.09204;0.000287;0.0001504;0.09;0.05;98.47;0.16;98.47;0.09348;0.09205;0.001431;-10.293;-10.360;-28.445;1.00;27.66;
2025-11-03 15:13:47.27;0.00:00:10:142;1.00;0.00;0.00;0.0934;0.092;0.0002938;0.0001432;0.09;0.04;98.49;0.15;98.49;0.0934;0.092;0.001406;-10.296;-10.362;-28.519;1.00;25.99;
2025-11-03 15:13:47.32;0.00:00:10:190;1.00;0.00;0.00;0.09333;0.09192;0.0002822;0.0001528;0.09;0.05;98.49;0.16;98.49;0.09333;0.09192;0.001412;-10.300;-10.366;-28.503;1.00;28.43;
2025-11-03 15:13:47.36;0.00:00:10:236;1.00;0.00;0.00;0.09335;0.09192;0.0003154;0.0001393;0.10;0.04;98.47;0.15;98.47;0.09335;0.09192;0.001427;-10.299;-10.366;-28.455;1.00;23.83;
2025-11-03 15:13:47.41;0.00:00:10:282;1.00;0.00;0.00;0.09328;0.09188;0.0002755;0.0001414;0.09;0.04;98.49;0.15;98.49;0.09328;0.09188;0.001406;-10.302;-10.368;-28.521;1.00;27.16;
2025-11-03 15:13:47.46;0.00:00:10:330;1.00;0.00;0.00;0.09321;0.09178;0.0003091;0.0001512;0.10;0.05;98.47;0.16;98.47;0.09321;0.09178;0.001428;-10.305;-10.372;-28.453;1.00;26.06;
2025-11-03 15:13:47.50;0.00:00:10:376;1.00;0.00;0.00;0.09327;0.09184;0.0003236;0.0001506;0.10;0.05;98.47;0.16;98.47;0.09327;0.09185;0.001426;-10.303;-10.369;-28.459;1.00;24.96;
2025-11-03 15:13:47.55;0.00:00:10:425;1.00;0.00;0.00;0.09331;0.0919;0.0003281;0.0001388;0.10;0.04;98.49;0.15;98.49;0.09331;0.0919;0.001413;-10.301;-10.367;-28.498;1.00;22.94;
2025-11-03 15:13:47.60;0.00:00:10:471;1.00;0.00;0.00;0.09341;0.09196;0.0002939;0.0001366;0.09;0.04;98.45;0.15;98.45;0.09341;0.09196;0.001448;-10.296;-10.364;-28.391;1.00;24.93;
2025-11-03 15:13:47.65;0.00:00:10:518;1.00;0.00;0.00;0.09342;0.09199;0.0003334;0.0001333;0.10;0.04;98.46;0.14;98.46;0.09342;0.09199;0.001437;-10.295;-10.363;-28.426;1.00;21.80;
2025-11-03 15:13:47.69;0.00:00:10:565;1.00;0.00;0.00;0.09336;0.09193;0.0003112;0.0001295;0.10;0.04;98.46;0.14;98.46;0.09336;0.09193;0.001433;-10.298;-10.365;-28.437;1.00;22.59;
2025-11-03 15:13:47.74;0.00:00:10:610;1.00;0.00;0.00;0.09347;0.09204;0.0003273;0.0001509;0.10;0.05;98.46;0.16;98.46;0.09347;0.09204;0.001439;-10.293;-10.360;-28.420;1.00;24.76;
2025-11-03 15:13:47.79;0.00:00:10:659;1.00;0.00;0.00;0.09348;0.09203;0.0003199;0.00014;0.10;0.04;98.45;0.15;98.45;0.09348;0.09203;0.001448;-10.293;-10.361;-28.391;1.00;23.64;
2025-11-03 15:13:47.84;0.00:00:10:706;1.00;0.00;0.00;0.09348;0.09205;0.0002877;0.0001513;0.09;0.05;98.48;0.16;98.48;0.09348;0.09206;0.001425;-10.293;-10.360;-28.461;1.00;27.75;
2025-11-03 15:13:47.88;0.00:00:10:755;1.00;0.00;0.00;0.09331;0.09188;0.0002859;0.0001376;0.09;0.04;98.47;0.15;98.47;0.09331;0.09188;0.00143;-10.301;-10.368;-28.447;1.00;25.71;
2025-11-03 15:13:47.93;0.00:00:10:802;1.00;0.00;0.00;0.09328;0.09187;0.0002954;0.0001617;0.09;0.05;98.48;0.17;98.48;0.09328;0.09187;0.001414;-10.302;-10.368;-28.496;1.00;28.69;
2025-11-03 15:13:47.98;0.00:00:10:848;1.00;0.00;0.00;0.09322;0.09179;0.0002929;0.0001476;0.09;0.05;98.47;0.16;98.47;0.09322;0.09179;0.001426;-10.305;-10.372;-28.459;1.00;26.75;
2025-11-03 15:13:48.02;0.00:00:10:896;1.00;0.00;0.00;0.09331;0.09188;0.0002818;0.000152;0.09;0.05;98.47;0.16;98.47;0.09331;0.09188;0.001431;-10.301;-10.368;-28.445;1.00;28.34;
2025-11-03 15:13:48.07;0.00:00:10:943;1.00;0.00;0.00;0.09333;0.0919;0.0003212;0.0001385;0.10;0.04;98.46;0.15;98.46;0.09333;0.0919;0.001437;-10.300;-10.367;-28.424;1.00;23.32;
2025-11-03 15:13:48.12;0.00:00:10:990;1.00;0.00;0.00;0.09339;0.09195;0.0003329;0.0001605;0.10;0.05;98.46;0.17;98.46;0.09339;0.09195;0.001437;-10.297;-10.364;-28.426;1.00;25.74;
2025-11-03 15:13:48.17;0.00:00:11:037;1.00;0.00;0.00;0.09339;0.09198;0.0002819;0.0001321;0.09;0.04;98.49;0.14;98.49;0.09339;0.09198;0.001409;-10.297;-10.363;-28.510;1.00;25.11;
2025-11-03 15:13:48.23;0.00:00:11:099;1.00;0.00;0.00;0.09332;0.09188;0.0003152;0.0001469;0.10;0.05;98.45;0.16;98.45;0.09332;0.09188;0.001445;-10.300;-10.368;-28.401;1.00;24.99;
2025-11-03 15:13:48.27;0.00:00:11:146;1.00;0.00;0.00;0.09331;0.09188;0.0003234;0.0001433;0.10;0.04;98.46;0.15;98.46;0.09331;0.09188;0.001433;-10.301;-10.368;-28.439;1.00;23.90;
2025-11-03 15:13:48.32;0.00:00:11:192;1.00;0.00;0.00;0.09335;0.09194;0.0003155;0.0001458;0.10;0.05;98.49;0.16;98.49;0.09335;0.09194;0.001411;-10.299;-10.365;-28.504;1.00;24.81;
2025-11-03 15:13:48.37;0.00:00:11:240;1.00;0.00;0.00;0.09338;0.09198;0.0002927;0.0001356;0.09;0.04;98.50;0.15;98.50;0.09338;0.09198;0.0014;-10.297;-10.363;-28.539;1.00;24.86;
2025-11-03 15:13:48.42;0.00:00:11:287;1.00;0.00;0.00;0.09325;0.09182;0.0002849;0.0001454;0.09;0.05;98.46;0.16;98.46;0.09325;0.09182;0.001432;-10.303;-10.371;-28.440;1.00;27.04;
2025-11-03 15:13:48.46;0.00:00:11:334;1.00;0.00;0.00;0.0932;0.09179;0.0003169;0.0001362;0.10;0.04;98.48;0.15;98.48;0.0932;0.09179;0.001415;-10.306;-10.372;-28.494;1.00;23.26;
2025-11-03 15:13:48.51;0.00:00:11:381;1.00;0.00;0.00;0.09321;0.09179;0.0003025;0.0001441;0.09;0.04;98.48;0.15;98.48;0.09321;0.0918;0.001414;-10.305;-10.372;-28.496;1.00;25.48;
2025-11-03 15:13:48.56;0.00:00:11:429;1.00;0.00;0.00;0.09334;0.09189;0.0002976;0.0001486;0.09;0.05;98.44;0.16;98.44;0.09334;0.09189;0.001453;-10.299;-10.367;-28.377;1.00;26.53;
2025-11-03 15:13:48.60;0.00:00:11:474;1.00;0.00;0.00;0.09331;0.09187;0.0003193;0.000141;0.10;0.04;98.46;0.15;98.46;0.09331;0.09187;0.001435;-10.301;-10.368;-28.432;1.00;23.83;
2025-11-03 15:13:48.65;0.00:00:11:522;1.00;0.00;0.00;0.09344;0.092;0.0003041;0.0001408;0.09;0.04;98.46;0.15;98.46;0.09344;0.092;0.001443;-10.295;-10.362;-28.407;1.00;24.85;
2025-11-03 15:13:48.70;0.00:00:11:569;1.00;0.00;0.00;0.09345;0.092;0.0003043;0.0001501;0.09;0.05;98.45;0.16;98.45;0.09345;0.092;0.001448;-10.294;-10.362;-28.393;1.00;26.25;
2025-11-03 15:13:48.75;0.00:00:11:617;1.00;0.00;0.00;0.09342;0.09201;0.0003244;0.0001579;0.10;0.05;98.48;0.17;98.48;0.09342;0.09201;0.001417;-10.295;-10.362;-28.486;1.00;25.96;
2025-11-03 15:13:48.79;0.00:00:11:663;1.00;0.00;0.00;0.09358;0.09218;0.0002964;0.0001418;0.09;0.04;98.51;0.15;98.51;0.09358;0.09218;0.001397;-10.288;-10.353;-28.549;1.00;25.56;
2025-11-03 15:13:48.84;0.00:00:11:712;1.00;0.00;0.00;0.09362;0.0922;0.0003038;0.0001526;0.09;0.05;98.48;0.16;98.48;0.09362;0.0922;0.001419;-10.287;-10.353;-28.480;1.00;26.67;
2025-11-03 15:13:48.89;0.00:00:11:759;1.00;0.00;0.00;0.09338;0.09196;0.0003468;0.0001445;0.11;0.04;98.48;0.15;98.48;0.09338;0.09196;0.001416;-10.298;-10.364;-28.489;1.00;22.61;
2025-11-03 15:13:48.93;0.00:00:11:805;1.00;0.00;0.00;0.09363;0.09217;0.000373;0.0001263;0.12;0.04;98.45;0.13;98.45;0.09363;0.09217;0.001453;-10.286;-10.354;-28.376;1.00;18.70;
2025-11-03 15:13:48.98;0.00:00:11:853;1.00;0.00;0.00;0.09348;0.09209;0.0002164;0.0001789;0.07;0.06;98.51;0.19;98.51;0.09348;0.09209;0.001391;-10.293;-10.358;-28.565;1.00;39.59;
2025-11-03 15:13:49.03;0.00:00:11:899;1.00;0.00;0.00;0.09348;0.09205;0.000305;0.0001461;0.09;0.05;98.47;0.16;98.47;0.09348;0.09205;0.001427;-10.293;-10.360;-28.456;1.00;25.60;
2025-11-03 15:13:49.08;0.00:00:11:946;1.00;0.00;0.00;0.09353;0.09206;0.0003667;0.0001329;0.11;0.04;98.43;0.14;98.43;0.09353;0.09206;0.001465;-10.291;-10.359;-28.341;1.00;19.93;
2025-11-03 15:13:49.12;0.00:00:11:992;1.00;0.00;0.00;0.09347;0.09204;0.000266;0.0001423;0.08;0.04;98.47;0.15;98.47;0.09347;0.09204;0.001435;-10.293;-10.360;-28.433;1.00;28.14;
2025-11-03 15:13:49.17;0.00:00:12:039;1.00;0.00;0.00;0.09353;0.09208;0.0003394;0.0001489;0.11;0.05;98.45;0.16;98.45;0.09353;0.09208;0.001452;-10.290;-10.358;-28.379;1.00;23.69;
2025-11-03 15:13:49.22;0.00:00:12:087;1.00;0.00;0.00;0.09354;0.09213;0.0002747;0.0001608;0.09;0.05;98.49;0.17;98.49;0.09354;0.09213;0.001416;-10.290;-10.356;-28.489;1.00;30.34;
2025-11-03 15:13:49.26;0.00:00:12:133;1.00;0.00;0.00;0.09339;0.09198;0.0002643;0.0001529;0.08;0.05;98.50;0.16;98.50;0.09339;0.09198;0.001403;-10.297;-10.363;-28.530;1.00;30.05;
2025-11-03 15:13:49.31;0.00:00:12:181;1.00;0.00;0.00;0.0933;0.09186;0.0002785;0.0001422;0.09;0.04;98.47;0.15;98.47;0.0933;0.09187;0.001431;-10.301;-10.368;-28.443;1.00;27.05;
2025-11-03 15:13:49.36;0.00:00:12:230;1.00;0.00;0.00;0.09339;0.09195;0.0003263;0.0001456;0.10;0.05;98.45;0.16;98.45;0.09339;0.09195;0.001446;-10.297;-10.365;-28.400;1.00;24.04;
2025-11-03 15:13:49.40;0.00:00:12:276;1.00;0.00;0.00;0.09346;0.09204;0.000308;0.0001528;0.10;0.05;98.48;0.16;98.48;0.09346;0.09204;0.00142;-10.294;-10.360;-28.477;1.00;26.39;
2025-11-03 15:13:49.45;0.00:00:12:323;1.00;0.00;0.00;0.09338;0.09201;0.0002931;0.0001479;0.09;0.05;98.53;0.16;98.53;0.09338;0.09201;0.001374;-10.297;-10.362;-28.619;1.00;26.77;
2025-11-03 15:13:49.50;0.00:00:12:367;1.00;0.00;0.00;0.09315;0.09172;0.0003082;0.0001458;0.10;0.05;98.47;0.16;98.47;0.09315;0.09172;0.001427;-10.308;-10.375;-28.457;1.00;25.32;
2025-11-03 15:13:49.54;0.00:00:12:415;1.00;0.00;0.00;0.09321;0.0918;0.0003038;0.0001313;0.09;0.04;98.48;0.14;98.48;0.09321;0.0918;0.001417;-10.305;-10.372;-28.486;1.00;23.37;
2025-11-03 15:13:49.59;0.00:00:12:463;1.00;0.00;0.00;0.09311;0.0917;0.000261;0.0001439;0.08;0.04;98.48;0.15;98.48;0.09311;0.0917;0.001411;-10.310;-10.376;-28.505;1.00;28.87;
2025-11-03 15:13:49.64;0.00:00:12:510;1.00;0.00;0.00;0.09306;0.09167;0.0002851;0.0001321;0.09;0.04;98.51;0.14;98.51;0.09306;0.09167;0.001387;-10.312;-10.378;-28.579;1.00;24.86;
2025-11-03 15:13:49.68;0.00:00:12:555;1.00;0.00;0.00;0.09308;0.09164;0.0003101;0.0001378;0.10;0.04;98.46;0.15;98.46;0.09308;0.09164;0.001438;-10.311;-10.379;-28.423;1.00;23.96;
2025-11-03 15:13:49.73;0.00:00:12:604;1.00;0.00;0.00;0.09323;0.09178;0.0003545;0.0001239;0.11;0.04;98.44;0.13;98.44;0.09323;0.09178;0.001455;-10.304;-10.373;-28.371;1.00;19.26;
2025-11-03 15:13:49.78;0.00:00:12:651;1.00;0.00;0.00;0.09332;0.09198;0.0002835;0.0001488;0.09;0.05;98.56;0.16;98.56;0.09332;0.09198;0.001341;-10.300;-10.363;-28.725;1.00;27.70;
2025-11-03 15:13:49.83;0.00:00:12:697;1.00;0.00;0.00;0.09325;0.09182;0.0002889;0.0001338;0.09;0.04;98.46;0.14;98.46;0.09325;0.09182;0.001434;-10.303;-10.371;-28.434;1.00;24.85;
2025-11-03 15:13:49.87;0.00:00:12:744;1.00;0.00;0.00;0.09323;0.09184;0.0002947;0.0001476;0.09;0.05;98.51;0.16;98.51;0.09323;0.09185;0.001388;-10.304;-10.369;-28.577;1.00;26.60;
2025-11-03 15:13:49.92;0.00:00:12:790;1.00;0.00;0.00;0.09309;0.09173;0.000283;0.0001489;0.09;0.05;98.54;0.16;98.54;0.09309;0.09174;0.001357;-10.311;-10.375;-28.673;1.00;27.75;
2025-11-03 15:13:49.96;0.00:00:12:836;1.00;0.00;0.00;0.09313;0.09169;0.0003304;0.0001417;0.10;0.04;98.46;0.15;98.46;0.09313;0.09169;0.001437;-10.309;-10.377;-28.426;1.00;23.21;
2025-11-03 15:13:50.01;0.00:00:12:882;1.00;0.00;0.00;0.09323;0.09174;0.0003097;0.0001503;0.10;0.05;98.40;0.16;98.40;0.09323;0.09174;0.001489;-10.304;-10.374;-28.272;1.00;25.88;
2025-11-03 15:13:50.06;0.00:00:12:929;1.00;0.00;0.00;0.09332;0.09186;0.0003278;0.00015;0.10;0.05;98.44;0.16;98.44;0.09332;0.09186;0.001459;-10.300;-10.369;-28.360;1.00;24.59;
2025-11-03 15:13:50.10;0.00:00:12:975;1.00;0.00;0.00;0.09336;0.09192;0.0003433;0.0001267;0.11;0.04;98.45;0.14;98.45;0.09336;0.09192;0.001445;-10.298;-10.366;-28.402;1.00;20.26;
2025-11-03 15:13:50.15;0.00:00:13:024;1.00;0.00;0.00;0.09349;0.09206;0.0002938;0.0001568;0.09;0.05;98.48;0.17;98.48;0.09349;0.09206;0.001423;-10.293;-10.359;-28.467;1.00;28.08;
2025-11-03 15:13:50.20;0.00:00:13:071;1.00;0.00;0.00;0.09336;0.09194;0.0002923;0.0001433;0.09;0.04;98.48;0.15;98.48;0.09336;0.09194;0.001422;-10.298;-10.365;-28.472;1.00;26.11;
2025-11-03 15:13:50.25;0.00:00:13:118;1.00;0.00;0.00;0.09338;0.09197;0.0002927;0.000145;0.09;0.05;98.48;0.16;98.48;0.09338;0.09197;0.001416;-10.297;-10.364;-28.490;1.00;26.36;
2025-11-03 15:13:50.29;0.00:00:13:165;1.00;0.00;0.00;0.09339;0.09194;0.0002966;0.0001465;0.09;0.05;98.45;0.16;98.45;0.09339;0.09194;0.001451;-10.297;-10.365;-28.382;1.00;26.29;
2025-11-03 15:13:50.34;0.00:00:13:211;1.00;0.00;0.00;0.0933;0.09189;0.0003;0.0001433;0.09;0.04;98.49;0.15;98.49;0.0933;0.09189;0.001413;-10.301;-10.368;-28.499;1.00;25.54;
2025-11-03 15:13:50.39;0.00:00:13:258;1.00;0.00;0.00;0.09326;0.09183;0.0003008;0.000148;0.09;0.05;98.47;0.16;98.47;0.09326;0.09183;0.001424;-10.303;-10.370;-28.464;1.00;26.19;
2025-11-03 15:13:50.43;0.00:00:13:305;1.00;0.00;0.00;0.09333;0.0919;0.0003166;0.0001241;0.10;0.04;98.47;0.13;98.47;0.09333;0.09191;0.001426;-10.300;-10.367;-28.460;1.00;21.40;
2025-11-03 15:13:50.48;0.00:00:13:352;1.00;0.00;0.00;0.09348;0.09206;0.0002959;0.0001325;0.09;0.04;98.49;0.14;98.49;0.09348;0.09206;0.001413;-10.293;-10.359;-28.497;1.00;24.12;
2025-11-03 15:13:50.53;0.00:00:13:400;1.00;0.00;0.00;0.09337;0.09198;0.0002771;0.0001539;0.09;0.05;98.51;0.16;98.51;0.09337;0.09198;0.001393;-10.298;-10.363;-28.560;1.00;29.05;
2025-11-03 15:13:50.58;0.00:00:13:448;1.00;0.00;0.00;0.0933;0.09186;0.0002653;0.0001355;0.08;0.04;98.46;0.15;98.46;0.0933;0.09186;0.00144;-10.301;-10.369;-28.416;1.00;27.06;
2025-11-03 15:13:50.62;0.00:00:13:494;1.00;0.00;0.00;0.09335;0.09194;0.0003243;0.0001292;0.10;0.04;98.48;0.14;98.48;0.09335;0.09194;0.001417;-10.299;-10.365;-28.488;1.00;21.71;
2025-11-03 15:13:50.67;0.00:00:13:542;1.00;0.00;0.00;0.09353;0.0921;0.0003454;0.0001509;0.11;0.05;98.48;0.16;98.48;0.09353;0.0921;0.001423;-10.291;-10.357;-28.467;1.00;23.60;
2025-11-03 15:13:50.72;0.00:00:13:587;1.00;0.00;0.00;0.09347;0.09206;0.0002933;0.0001477;0.09;0.05;98.49;0.16;98.49;0.09347;0.09206;0.001413;-10.293;-10.359;-28.499;1.00;26.74;
2025-11-03 15:13:50.76;0.00:00:13:634;1.00;0.00;0.00;0.09351;0.09208;0.0003166;0.0001466;0.10;0.05;98.47;0.16;98.47;0.09351;0.09208;0.001433;-10.291;-10.358;-28.437;1.00;24.84;
2025-11-03 15:13:50.81;0.00:00:13:682;1.00;0.00;0.00;0.09327;0.09186;0.0003037;0.0001371;0.09;0.04;98.49;0.15;98.49;0.09327;0.09186;0.00141;-10.303;-10.369;-28.508;1.00;24.29;
2025-11-03 15:13:50.86;0.00:00:13:730;1.00;0.00;0.00;0.0933;0.09188;0.0003204;0.0001349;0.10;0.04;98.48;0.14;98.48;0.0933;0.09188;0.001415;-10.301;-10.368;-28.493;1.00;22.83;
2025-11-03 15:13:50.91;0.00:00:13:778;1.00;0.00;0.00;0.09335;0.0919;0.0003176;0.0001316;0.10;0.04;98.45;0.14;98.45;0.09335;0.0919;0.001447;-10.299;-10.367;-28.396;1.00;22.51;
2025-11-03 15:13:50.95;0.00:00:13:823;1.00;0.00;0.00;0.09345;0.09201;0.0003185;0.0001455;0.10;0.05;98.46;0.16;98.46;0.09345;0.09201;0.001438;-10.294;-10.361;-28.422;1.00;24.55;
2025-11-03 15:13:51.00;0.00:00:13:871;1.00;0.00;0.00;0.09348;0.09209;0.0002734;0.0001544;0.09;0.05;98.51;0.17;98.51;0.09348;0.09209;0.001389;-10.293;-10.358;-28.573;1.00;29.45;
2025-11-03 15:13:51.05;0.00:00:13:916;1.00;0.00;0.00;0.09336;0.09193;0.0003125;0.0001374;0.10;0.04;98.47;0.15;98.47;0.09336;0.09193;0.00143;-10.299;-10.366;-28.448;1.00;23.73;
2025-11-03 15:13:51.09;0.00:00:13:964;1.00;0.00;0.00;0.09339;0.09197;0.0002999;0.0001495;0.09;0.05;98.49;0.16;98.49;0.09339;0.09197;0.001414;-10.297;-10.363;-28.494;1.00;26.50;
2025-11-03 15:13:51.14;0.00:00:14:013;1.00;0.00;0.00;0.0934;0.09199;0.0003024;0.0001545;0.09;0.05;98.49;0.17;98.49;0.0934;0.09199;0.001408;-10.297;-10.363;-28.514;1.00;27.06;
2025-11-03 15:13:51.19;0.00:00:14:059;1.00;0.00;0.00;0.09339;0.09197;0.0003233;0.0001347;0.10;0.04;98.49;0.14;98.49;0.09339;0.09197;0.001415;-10.297;-10.363;-28.494;1.00;22.63;
2025-11-03 15:13:51.23;0.00:00:14:105;1.00;0.00;0.00;0.09341;0.09198;0.000294;0.0001411;0.09;0.04;98.47;0.15;98.47;0.09341;0.09198;0.001428;-10.296;-10.363;-28.452;1.00;25.63;
2025-11-03 15:13:51.28;0.00:00:14:152;1.00;0.00;0.00;0.0935;0.09208;0.0002886;0.0001337;0.09;0.04;98.48;0.14;98.48;0.0935;0.09208;0.001418;-10.292;-10.358;-28.483;1.00;24.85;
2025-11-03 15:13:51.33;0.00:00:14:200;1.00;0.00;0.00;0.09338;0.09199;0.0002655;0.0001498;0.08;0.05;98.51;0.16;98.51;0.09338;0.09199;0.001393;-10.297;-10.363;-28.559;1.00;29.44;
2025-11-03 15:13:51.37;0.00:00:14:245;1.00;0.00;0.00;0.0932;0.09178;0.0002619;0.0001477;0.08;0.05;98.47;0.16;98.47;0.0932;0.09178;0.001422;-10.306;-10.373;-28.472;1.00;29.41;
2025-11-03 15:13:51.42;0.00:00:14:292;1.00;0.00;0.00;0.09318;0.09174;0.00034;0.0001317;0.11;0.04;98.46;0.14;98.46;0.09318;0.09175;0.001433;-10.307;-10.374;-28.437;1.00;21.16;
2025-11-03 15:13:51.47;0.00:00:14:339;1.00;0.00;0.00;0.0933;0.09185;0.000309;0.0001388;0.10;0.04;98.45;0.15;98.45;0.0933;0.09185;0.001451;-10.301;-10.369;-28.384;1.00;24.19;
2025-11-03 15:13:51.51;0.00:00:14:384;1.00;0.00;0.00;0.09338;0.09195;0.0002892;0.0001383;0.09;0.04;98.47;0.15;98.47;0.09338;0.09195;0.001428;-10.297;-10.364;-28.453;1.00;25.57;
2025-11-03 15:13:51.56;0.00:00:14:432;1.00;0.00;0.00;0.09344;0.09201;0.000293;0.0001327;0.09;0.04;98.47;0.14;98.47;0.09344;0.09201;0.001432;-10.295;-10.362;-28.439;1.00;24.36;
2025-11-03 15:13:51.61;0.00:00:14:480;1.00;0.00;0.00;0.09354;0.0921;0.0003165;0.0001249;0.10;0.04;98.46;0.13;98.46;0.09354;0.0921;0.001438;-10.290;-10.357;-28.422;1.00;21.54;
2025-11-03 15:13:51.66;0.00:00:14:526;1.00;0.00;0.00;0.09332;0.09192;0.0002674;0.0001352;0.08;0.04;98.50;0.14;98.50;0.09332;0.09192;0.001401;-10.300;-10.366;-28.536;1.00;26.81;
2025-11-03 15:13:51.70;0.00:00:14:573;1.00;0.00;0.00;0.09336;0.09196;0.0002916;0.0001522;0.09;0.05;98.50;0.16;98.50;0.09336;0.09196;0.001399;-10.299;-10.364;-28.543;1.00;27.56;
2025-11-03 15:13:51.75;0.00:00:14:621;1.00;0.00;0.00;0.09333;0.09194;0.000298;0.0001188;0.09;0.04;98.51;0.13;98.51;0.09333;0.09194;0.001394;-10.300;-10.365;-28.558;1.00;21.74;
2025-11-03 15:13:51.80;0.00:00:14:668;1.00;0.00;0.00;0.09337;0.09195;0.0003045;0.0001263;0.09;0.04;98.48;0.14;98.48;0.09337;0.09195;0.001423;-10.298;-10.365;-28.467;1.00;22.54;
2025-11-03 15:13:51.84;0.00:00:14:715;1.00;0.00;0.00;0.0934;0.09198;0.0003007;0.0001538;0.09;0.05;98.48;0.16;98.48;0.0934;0.09198;0.00142;-10.296;-10.363;-28.477;1.00;27.08;
2025-11-03 15:13:51.89;0.00:00:14:763;1.00;0.00;0.00;0.09338;0.09195;0.0003188;0.0001301;0.10;0.04;98.47;0.14;98.47;0.09338;0.09195;0.00143;-10.297;-10.364;-28.445;1.00;22.20;
2025-11-03 15:13:51.94;0.00:00:14:809;1.00;0.00;0.00;0.0934;0.092;0.0003021;0.0001393;0.09;0.04;98.51;0.15;98.51;0.0934;0.09201;0.001393;-10.297;-10.362;-28.560;1.00;24.76;
2025-11-03 15:13:51.98;0.00:00:14:855;1.00;0.00;0.00;0.09347;0.09202;0.000301;0.0001205;0.09;0.04;98.45;0.13;98.45;0.09347;0.09202;0.001452;-10.293;-10.361;-28.382;1.00;21.83;
2025-11-03 15:13:52.03;0.00:00:14:902;1.00;0.00;0.00;0.09356;0.09214;0.0002478;0.0001526;0.08;0.05;98.49;0.16;98.49;0.09356;0.09215;0.001415;-10.289;-10.355;-28.494;1.00;31.63;
2025-11-03 15:13:52.08;0.00:00:14:949;1.00;0.00;0.00;0.09349;0.09206;0.0002829;0.0001299;0.09;0.04;98.47;0.14;98.47;0.09349;0.09206;0.001433;-10.292;-10.359;-28.437;1.00;24.65;
2025-11-03 15:13:52.13;0.00:00:14:996;1.00;0.00;0.00;0.09331;0.09188;0.0002762;0.0001513;0.09;0.05;98.47;0.16;98.47;0.09331;0.09188;0.001424;-10.301;-10.368;-28.466;1.00;28.71;
2025-11-03 15:13:52.17;0.00:00:15:042;1.00;0.00;0.00;0.0933;0.09188;0.0002769;0.0001516;0.09;0.05;98.48;0.16;98.48;0.0933;0.09188;0.001419;-10.301;-10.368;-28.479;1.00;28.70;
2025-11-03 15:13:52.22;0.00:00:15:089;1.00;0.00;0.00;0.09331;0.09187;0.0002871;0.0001377;0.09;0.04;98.46;0.15;98.46;0.09331;0.09187;0.001437;-10.301;-10.368;-28.425;1.00;25.62;
2025-11-03 15:13:52.27;0.00:00:15:136;1.00;0.00;0.00;0.09326;0.09181;0.0003022;0.0001171;0.09;0.04;98.45;0.13;98.45;0.09326;0.09181;0.001447;-10.303;-10.371;-28.395;1.00;21.18;
2025-11-03 15:13:52.31;0.00:00:15:182;1.00;0.00;0.00;0.09337;0.09196;0.0003197;0.0001499;0.10;0.05;98.49;0.16;98.49;0.09337;0.09197;0.001407;-10.298;-10.364;-28.518;1.00;25.13;
2025-11-03 15:13:52.36;0.00:00:15:230;1.00;0.00;0.00;0.09334;0.0919;0.0002794;0.0001272;0.09;0.04;98.46;0.14;98.46;0.09334;0.0919;0.00144;-10.299;-10.367;-28.416;1.00;24.48;
2025-11-03 15:13:52.41;0.00:00:15:277;1.00;0.00;0.00;0.09347;0.09207;0.0002802;0.0001473;0.09;0.05;98.50;0.16;98.50;0.09347;0.09207;0.001404;-10.293;-10.359;-28.527;1.00;27.73;
2025-11-03 15:13:52.45;0.00:00:15:323;1.00;0.00;0.00;0.09338;0.09193;0.0002601;0.000139;0.08;0.04;98.45;0.15;98.45;0.09338;0.09193;0.001446;-10.298;-10.365;-28.398;1.00;28.12;
2025-11-03 15:13:52.50;0.00:00:15:370;1.00;0.00;0.00;0.09349;0.09207;0.0002823;0.0001503;0.09;0.05;98.48;0.16;98.48;0.09349;0.09207;0.001418;-10.292;-10.359;-28.482;1.00;28.04;
2025-11-03 15:13:52.54;0.00:00:15:416;1.00;0.00;0.00;0.09342;0.09201;0.0002725;0.0001345;0.08;0.04;98.49;0.14;98.49;0.09342;0.09201;0.00141;-10.296;-10.362;-28.509;1.00;26.27;
2025-11-03 15:13:52.59;0.00:00:15:463;1.00;0.00;0.00;0.09343;0.09201;0.0002793;0.0001535;0.09;0.05;98.48;0.16;98.48;0.09343;0.09201;0.001419;-10.295;-10.362;-28.480;1.00;28.80;
2025-11-03 15:13:52.64;0.00:00:15:510;1.00;0.00;0.00;0.09325;0.09181;0.0002442;0.0001529;0.08;0.05;98.46;0.16;98.46;0.09325;0.09181;0.001438;-10.304;-10.371;-28.422;1.00;32.05;
2025-11-03 15:13:52.69;0.00:00:15:557;1.00;0.00;0.00;0.09318;0.09175;0.0002768;0.0001217;0.09;0.04;98.46;0.13;98.46;0.09318;0.09175;0.001434;-10.307;-10.374;-28.434;1.00;23.74;
2025-11-03 15:13:52.73;0.00:00:15:605;1.00;0.00;0.00;0.09339;0.09197;0.0002718;0.0001386;0.08;0.04;98.48;0.15;98.48;0.09339;0.09197;0.001421;-10.297;-10.363;-28.473;1.00;27.02;
2025-11-03 15:13:52.78;0.00:00:15:651;1.00;0.00;0.00;0.09342;0.09202;0.0003203;0.0001399;0.10;0.04;98.50;0.15;98.50;0.09342;0.09202;0.0014;-10.296;-10.361;-28.540;1.00;23.60;
2025-11-03 15:13:52.83;0.00:00:15:698;1.00;0.00;0.00;0.09349;0.09204;0.0003028;0.0001419;0.09;0.04;98.46;0.15;98.46;0.09349;0.09205;0.001444;-10.292;-10.360;-28.403;1.00;25.11;
2025-11-03 15:13:52.87;0.00:00:15:745;1.00;0.00;0.00;0.0936;0.09215;0.0002789;0.0001322;0.09;0.04;98.46;0.14;98.46;0.0936;0.09215;0.001444;-10.287;-10.355;-28.406;1.00;25.36;
2025-11-03 15:13:52.92;0.00:00:15:791;1.00;0.00;0.00;0.09363;0.09222;0.0003067;0.0001234;0.10;0.04;98.49;0.13;98.49;0.09363;0.09222;0.001411;-10.286;-10.352;-28.503;1.00;21.91;
2025-11-03 15:13:52.97;0.00:00:15:839;1.00;0.00;0.00;0.09369;0.09229;0.0002728;0.0001338;0.08;0.04;98.50;0.14;98.50;0.09369;0.09229;0.001404;-10.283;-10.349;-28.525;1.00;26.13;
2025-11-03 15:13:53.01;0.00:00:15:885;1.00;0.00;0.00;0.0935;0.09206;0.0003573;0.0001423;0.11;0.04;98.46;0.15;98.46;0.0935;0.09206;0.001437;-10.292;-10.359;-28.424;1.00;21.72;
2025-11-03 15:13:53.06;0.00:00:15:933;1.00;0.00;0.00;0.09349;0.09208;0.0002903;0.0001315;0.09;0.04;98.48;0.14;98.48;0.09349;0.09208;0.001418;-10.292;-10.359;-28.485;1.00;24.37;
2025-11-03 15:13:53.11;0.00:00:15:979;1.00;0.00;0.00;0.09352;0.09207;0.0003279;0.0001435;0.10;0.04;98.45;0.15;98.45;0.09352;0.09207;0.001447;-10.291;-10.359;-28.396;1.00;23.63;
2025-11-03 15:13:53.16;0.00:00:16:026;1.00;0.00;0.00;0.09346;0.09204;0.0002378;0.0001316;0.07;0.04;98.48;0.14;98.48;0.09346;0.09205;0.001417;-10.294;-10.360;-28.486;1.00;28.96;
2025-11-03 15:13:53.20;0.00:00:16:071;1.00;0.00;0.00;0.09334;0.09192;0.0002769;0.0001496;0.09;0.05;98.48;0.16;98.48;0.09334;0.09193;0.001418;-10.299;-10.366;-28.484;1.00;28.37;
2025-11-03 15:13:53.25;0.00:00:16:120;1.00;0.00;0.00;0.09319;0.09175;0.0002863;0.0001356;0.09;0.04;98.46;0.15;98.46;0.09319;0.09175;0.001438;-10.306;-10.374;-28.421;1.00;25.35;
2025-11-03 15:13:53.29;0.00:00:16:166;1.00;0.00;0.00;0.09336;0.09188;0.0003588;0.0001561;0.11;0.05;98.41;0.17;98.41;0.09336;0.09188;0.00148;-10.298;-10.368;-28.297;1.00;23.52;
2025-11-03 15:13:53.34;0.00:00:16:213;1.00;0.00;0.00;0.0936;0.09217;0.0002683;0.0001335;0.08;0.04;98.47;0.14;98.47;0.0936;0.09217;0.001429;-10.287;-10.354;-28.450;1.00;26.45;
2025-11-03 15:13:53.39;0.00:00:16:259;1.00;0.00;0.00;0.09337;0.09198;0.000261;0.0001514;0.08;0.05;98.51;0.16;98.51;0.09337;0.09198;0.001389;-10.298;-10.363;-28.574;1.00;30.11;
2025-11-03 15:13:53.44;0.00:00:16:307;1.00;0.00;0.00;0.09325;0.09183;0.000325;0.000149;0.10;0.05;98.47;0.16;98.47;0.09325;0.09183;0.001422;-10.304;-10.370;-28.470;1.00;24.64;
2025-11-03 15:13:53.48;0.00:00:16:353;1.00;0.00;0.00;0.09339;0.09197;0.0003032;0.0001578;0.09;0.05;98.48;0.17;98.48;0.09339;0.09198;0.001415;-10.297;-10.363;-28.492;1.00;27.49;
2025-11-03 15:13:53.53;0.00:00:16:399;1.00;0.00;0.00;0.09346;0.09204;0.0003185;0.0001366;0.10;0.04;98.48;0.15;98.48;0.09346;0.09204;0.001419;-10.294;-10.360;-28.480;1.00;23.22;
2025-11-03 15:13:53.57;0.00:00:16:446;1.00;0.00;0.00;0.09348;0.09208;0.000274;0.0001388;0.09;0.04;98.50;0.15;98.50;0.09348;0.09208;0.001398;-10.293;-10.358;-28.546;1.00;26.87;
2025-11-03 15:13:53.62;0.00:00:16:492;1.00;0.00;0.00;0.09348;0.09205;0.0002905;0.0001534;0.09;0.05;98.47;0.16;98.47;0.09348;0.09205;0.001428;-10.293;-10.360;-28.454;1.00;27.84;
2025-11-03 15:13:53.67;0.00:00:16:539;1.00;0.00;0.00;0.09355;0.09214;0.00033;0.0001432;0.10;0.04;98.50;0.15;98.50;0.09355;0.09214;0.001404;-10.290;-10.355;-28.526;1.00;23.45;
2025-11-03 15:13:53.71;0.00:00:16:585;1.00;0.00;0.00;0.09342;0.09201;0.0003219;0.0001576;0.10;0.05;98.50;0.17;98.50;0.09342;0.09201;0.001404;-10.296;-10.362;-28.528;1.00;26.08;
2025-11-03 15:13:53.76;0.00:00:16:633;1.00;0.00;0.00;0.09341;0.09202;0.0002827;0.0001325;0.09;0.04;98.52;0.14;98.52;0.09341;0.09202;0.001385;-10.296;-10.361;-28.586;1.00;25.10;
2025-11-03 15:13:53.81;0.00:00:16:679;1.00;0.00;0.00;0.09341;0.09197;0.0002937;0.0001485;0.09;0.05;98.46;0.16;98.46;0.09341;0.09197;0.001441;-10.296;-10.364;-28.412;1.00;26.82;
2025-11-03 15:13:53.85;0.00:00:16:726;1.00;0.00;0.00;0.0934;0.09196;0.0002992;0.0001323;0.09;0.04;98.47;0.14;98.47;0.0934;0.09197;0.00143;-10.297;-10.364;-28.446;1.00;23.86;
2025-11-03 15:13:53.90;0.00:00:16:773;1.00;0.00;0.00;0.09342;0.09201;0.0003163;0.0001528;0.10;0.05;98.49;0.16;98.49;0.09342;0.09201;0.00141;-10.295;-10.361;-28.508;1.00;25.78;
2025-11-03 15:13:53.95;0.00:00:16:820;1.00;0.00;0.00;0.09336;0.09195;0.0003027;0.0001513;0.09;0.05;98.49;0.16;98.49;0.09336;0.09195;0.001407;-10.298;-10.364;-28.518;1.00;26.56;
2025-11-03 15:13:54.00;0.00:00:16:867;1.00;0.00;0.00;0.09334;0.0919;0.0003318;0.0001346;0.10;0.04;98.45;0.14;98.45;0.09334;0.0919;0.001447;-10.299;-10.367;-28.396;1.00;22.08;
2025-11-03 15:13:54.04;0.00:00:16:913;1.00;0.00;0.00;0.09342;0.092;0.0003073;0.000138;0.10;0.04;98.48;0.15;98.48;0.09342;0.092;0.00142;-10.296;-10.362;-28.476;1.00;24.19;
2025-11-03 15:13:54.09;0.00:00:16:959;1.00;0.00;0.00;0.09317;0.09175;0.0003034;0.0001394;0.09;0.04;98.47;0.15;98.47;0.09317;0.09175;0.001422;-10.307;-10.374;-28.470;1.00;24.68;
2025-11-03 15:13:54.13;0.00:00:17:006;1.00;0.00;0.00;0.09332;0.09188;0.0003421;0.0001347;0.11;0.04;98.46;0.14;98.46;0.09332;0.09188;0.001437;-10.300;-10.368;-28.426;1.00;21.49;
2025-11-03 15:13:54.18;0.00:00:17:054;1.00;0.00;0.00;0.09348;0.09205;0.0003357;0.000147;0.10;0.05;98.47;0.16;98.47;0.09348;0.09205;0.001431;-10.293;-10.360;-28.444;1.00;23.64;
2025-11-03 15:13:54.23;0.00:00:17:101;1.00;0.00;0.00;0.09334;0.09193;0.0002656;0.0001474;0.08;0.05;98.49;0.16;98.49;0.09334;0.09193;0.001412;-10.299;-10.365;-28.503;1.00;29.03;
2025-11-03 15:13:54.28;0.00:00:17:148;1.00;0.00;0.00;0.09327;0.09184;0.0002971;0.0001338;0.09;0.04;98.46;0.14;98.46;0.09327;0.09184;0.001438;-10.302;-10.370;-28.423;1.00;24.24;
2025-11-03 15:13:54.32;0.00:00:17:193;1.00;0.00;0.00;0.09349;0.09205;0.0003464;0.0001335;0.11;0.04;98.46;0.14;98.46;0.09349;0.09205;0.001435;-10.293;-10.360;-28.431;1.00;21.08;
2025-11-03 15:13:54.37;0.00:00:17:241;1.00;0.00;0.00;0.09357;0.09215;0.0003017;0.0001445;0.09;0.04;98.49;0.15;98.49;0.09357;0.09215;0.001415;-10.289;-10.355;-28.492;1.00;25.60;
2025-11-03 15:13:54.42;0.00:00:17:287;1.00;0.00;0.00;0.09349;0.09205;0.0003106;0.0001469;0.10;0.05;98.46;0.16;98.46;0.09349;0.09205;0.00144;-10.292;-10.360;-28.415;1.00;25.31;
2025-11-03 15:13:54.46;0.00:00:17:335;1.00;0.00;0.00;0.09342;0.09201;0.0002695;0.0001419;0.08;0.04;98.49;0.15;98.49;0.09342;0.09201;0.001414;-10.295;-10.362;-28.497;1.00;27.77;
2025-11-03 15:13:54.51;0.00:00:17:382;1.00;0.00;0.00;0.0933;0.09188;0.0002706;0.0001491;0.08;0.05;98.48;0.16;98.48;0.0933;0.09188;0.001422;-10.301;-10.368;-28.470;1.00;28.85;
2025-11-03 15:13:54.56;0.00:00:17:428;1.00;0.00;0.00;0.09325;0.09179;0.0003123;0.0001394;0.10;0.04;98.44;0.15;98.44;0.09325;0.09179;0.001458;-10.304;-10.372;-28.361;1.00;24.05;
2025-11-03 15:13:54.61;0.00:00:17:480;1.00;0.00;0.00;0.0933;0.09185;0.000312;0.0001433;0.10;0.04;98.45;0.15;98.45;0.0933;0.09186;0.001447;-10.301;-10.369;-28.395;1.00;24.67;
2025-11-03 15:13:54.66;0.00:00:17:530;1.00;0.00;0.00;0.09325;0.09183;0.0002858;0.0001506;0.09;0.05;98.47;0.16;98.47;0.09325;0.09183;0.001423;-10.304;-10.370;-28.467;1.00;27.78;
2025-11-03 15:13:54.72;0.00:00:17:592;1.00;0.00;0.00;0.09322;0.09179;0.0003225;0.0001491;0.10;0.05;98.47;0.16;98.47;0.09322;0.0918;0.001428;-10.305;-10.372;-28.454;1.00;24.81;
2025-11-03 15:13:54.77;0.00:00:17:644;1.00;0.00;0.00;0.09347;0.092;0.0003233;0.0001366;0.10;0.04;98.43;0.15;98.43;0.09347;0.092;0.001464;-10.293;-10.362;-28.344;1.00;22.90;
2025-11-03 15:13:54.82;0.00:00:17:696;1.00;0.00;0.00;0.09332;0.09191;0.0003004;0.000143;0.09;0.04;98.49;0.15;98.49;0.09332;0.09191;0.001406;-10.300;-10.366;-28.519;1.00;25.46;
2025-11-03 15:13:54.88;0.00:00:17:755;1.00;0.00;0.00;0.09312;0.09173;0.0002635;0.0001541;0.08;0.05;98.50;0.17;98.50;0.09312;0.09173;0.001394;-10.309;-10.375;-28.559;1.00;30.32;
2025-11-03 15:13:54.95;0.00:00:17:817;1.00;0.00;0.00;0.09321;0.09174;0.0003616;0.0001234;0.11;0.04;98.43;0.13;98.43;0.09321;0.09175;0.001463;-10.305;-10.374;-28.346;1.00;18.85;
2025-11-03 15:13:55.00;0.00:00:17:868;1.00;0.00;0.00;0.09321;0.0918;0.0002738;0.0001455;0.09;0.05;98.49;0.16;98.49;0.09321;0.0918;0.00141;-10.305;-10.372;-28.507;1.00;27.98;
2025-11-03 15:13:55.05;0.00:00:17:920;1.00;0.00;0.00;0.0932;0.09176;0.00031;0.0001302;0.10;0.04;98.46;0.14;98.46;0.0932;0.09176;0.001434;-10.306;-10.373;-28.434;1.00;22.78;
2025-11-03 15:13:55.10;0.00:00:17:973;1.00;0.00;0.00;0.09321;0.09178;0.0003347;0.0001399;0.10;0.04;98.47;0.15;98.47;0.09321;0.09178;0.001426;-10.305;-10.372;-28.459;1.00;22.69;
2025-11-03 15:13:55.17;0.00:00:18:045;1.00;0.00;0.00;0.09342;0.09203;0.0002893;0.0001538;0.09;0.05;98.51;0.16;98.51;0.09342;0.09203;0.001391;-10.295;-10.361;-28.567;1.00;27.99;
2025-11-03 15:13:55.22;0.00:00:18:095;1.00;0.00;0.00;0.09341;0.092;0.0003376;0.0001469;0.11;0.05;98.49;0.16;98.49;0.09341;0.092;0.00141;-10.296;-10.362;-28.507;1.00;23.51;
2025-11-03 15:13:55.28;0.00:00:18:154;1.00;0.00;0.00;0.09375;0.09234;0.0002757;0.0001391;0.09;0.04;98.50;0.15;98.50;0.09375;0.09234;0.001407;-10.280;-10.346;-28.518;1.00;26.77;
2025-11-03 15:13:55.34;0.00:00:18:207;1.00;0.00;0.00;0.09343;0.09207;0.0002324;0.0001538;0.07;0.05;98.54;0.16;98.54;0.09343;0.09207;0.001363;-10.295;-10.359;-28.657;1.00;33.50;
2025-11-03 15:13:55.39;0.00:00:18:257;1.00;0.00;0.00;0.09322;0.0918;0.0002968;0.0001396;0.09;0.04;98.47;0.15;98.47;0.09322;0.0918;0.001424;-10.305;-10.372;-28.464;1.00;25.19;
2025-11-03 15:13:55.44;0.00:00:18:308;1.00;0.00;0.00;0.09329;0.09189;0.0002628;0.000154;0.08;0.05;98.50;0.17;98.50;0.09329;0.09189;0.001401;-10.302;-10.367;-28.537;1.00;30.36;
2025-11-03 15:13:55.49;0.00:00:18:360;1.00;0.00;0.00;0.09326;0.09181;0.0003135;0.0001357;0.10;0.04;98.45;0.15;98.45;0.09326;0.09181;0.001442;-10.303;-10.371;-28.410;1.00;23.40;
2025-11-03 15:13:55.54;0.00:00:18:411;1.00;0.00;0.00;0.09355;0.09212;0.0003042;0.0001358;0.09;0.04;98.48;0.15;98.48;0.09355;0.09212;0.001426;-10.290;-10.356;-28.459;1.00;24.05;
2025-11-03 15:13:55.59;0.00:00:18:463;1.00;0.00;0.00;0.09351;0.09209;0.0002882;0.0001588;0.09;0.05;98.48;0.17;98.48;0.09351;0.09209;0.001425;-10.291;-10.358;-28.461;1.00;28.86;
2025-11-03 15:13:55.64;0.00:00:18:516;1.00;0.00;0.00;0.09313;0.0917;0.0002884;0.0001272;0.09;0.04;98.46;0.14;98.46;0.09313;0.0917;0.001435;-10.309;-10.376;-28.432;1.00;23.81;
2025-11-03 15:13:55.69;0.00:00:18:566;1.00;0.00;0.00;0.09309;0.09168;0.0002673;0.0001343;0.08;0.04;98.48;0.14;98.48;0.09309;0.09168;0.001413;-10.311;-10.377;-28.498;1.00;26.68;
2025-11-03 15:13:55.75;0.00:00:18:617;1.00;0.00;0.00;0.09321;0.09176;0.0003565;0.0001554;0.11;0.05;98.44;0.17;98.44;0.09321;0.09176;0.001451;-10.305;-10.373;-28.384;1.00;23.55;
2025-11-03 15:13:55.80;0.00:00:18:670;1.00;0.00;0.00;0.09332;0.09187;0.0003328;0.0001343;0.10;0.04;98.45;0.14;98.45;0.09332;0.09187;0.001442;-10.300;-10.368;-28.410;1.00;21.97;
2025-11-03 15:13:55.86;0.00:00:18:733;1.00;0.00;0.00;0.0936;0.0922;0.0002332;0.0001493;0.07;0.05;98.51;0.16;98.51;0.0936;0.0922;0.001395;-10.287;-10.353;-28.554;1.00;32.62;
2025-11-03 15:13:55.91;0.00:00:18:782;1.00;0.00;0.00;0.09349;0.09206;0.000308;0.0001272;0.10;0.04;98.46;0.14;98.46;0.09349;0.09206;0.001438;-10.292;-10.359;-28.423;1.00;22.45;
2025-11-03 15:13:55.96;0.00:00:18:834;1.00;0.00;0.00;0.0935;0.09211;0.0002988;0.0001448;0.09;0.05;98.50;0.15;98.50;0.0935;0.09211;0.001398;-10.292;-10.357;-28.544;1.00;25.85;
2025-11-03 15:13:56.01;0.00:00:18:884;1.00;0.00;0.00;0.09347;0.09205;0.0003348;0.000135;0.10;0.04;98.48;0.14;98.48;0.09347;0.09205;0.001418;-10.293;-10.360;-28.484;1.00;21.96;
2025-11-03 15:13:56.07;0.00:00:18:945;1.00;0.00;0.00;0.0934;0.09197;0.0003039;0.0001351;0.09;0.04;98.47;0.14;98.47;0.0934;0.09198;0.001427;-10.296;-10.363;-28.455;1.00;23.97;
2025-11-03 15:13:56.13;0.00:00:18:998;1.00;0.00;0.00;0.09338;0.09196;0.0002917;0.0001533;0.09;0.05;98.48;0.16;98.48;0.09338;0.09196;0.001416;-10.298;-10.364;-28.491;1.00;27.73;
2025-11-03 15:13:56.18;0.00:00:19:049;1.00;0.00;0.00;0.09322;0.09186;0.0002695;0.0001456;0.08;0.05;98.54;0.16;98.54;0.09322;0.09186;0.001364;-10.305;-10.369;-28.652;1.00;28.37;
2025-11-03 15:13:56.23;0.00:00:19:099;1.00;0.00;0.00;0.09307;0.09165;0.0002823;0.0001426;0.09;0.04;98.47;0.15;98.47;0.09307;0.09165;0.00142;-10.312;-10.378;-28.479;1.00;26.80;
2025-11-03 15:13:56.29;0.00:00:19:161;1.00;0.00;0.00;0.09342;0.09195;0.0003571;0.0001399;0.11;0.04;98.42;0.15;98.42;0.09342;0.09195;0.001472;-10.296;-10.365;-28.322;1.00;21.39;
2025-11-03 15:13:56.35;0.00:00:19:218;1.00;0.00;0.00;0.09303;0.09165;0.0002476;0.0001304;0.08;0.04;98.52;0.14;98.52;0.09303;0.09165;0.001377;-10.314;-10.378;-28.610;1.00;27.78;
2025-11-03 15:13:56.40;0.00:00:19:273;1.00;0.00;0.00;0.09292;0.09148;0.0003174;0.0001237;0.10;0.04;98.45;0.13;98.45;0.09292;0.09148;0.00144;-10.319;-10.387;-28.416;1.00;21.30;
2025-11-03 15:13:56.45;0.00:00:19:322;1.00;0.00;0.00;0.09336;0.09191;0.0003488;0.0001355;0.11;0.04;98.45;0.15;98.45;0.09336;0.09191;0.001444;-10.298;-10.366;-28.405;1.00;21.23;
2025-11-03 15:13:56.50;0.00:00:19:374;1.00;0.00;0.00;0.0934;0.09199;0.0003018;0.0001505;0.09;0.05;98.49;0.16;98.49;0.0934;0.09199;0.001406;-10.297;-10.362;-28.520;1.00;26.51;
2025-11-03 15:13:56.55;0.00:00:19:421;1.00;0.00;0.00;0.09316;0.09173;0.0002789;0.0001298;0.09;0.04;98.47;0.14;98.47;0.09316;0.09173;0.001424;-10.308;-10.375;-28.465;1.00;24.96;
2025-11-03 15:13:56.60;0.00:00:19:473;1.00;0.00;0.00;0.09319;0.0918;0.0002765;0.0001519;0.09;0.05;98.51;0.16;98.51;0.09319;0.0918;0.001388;-10.306;-10.371;-28.577;1.00;28.79;
2025-11-03 15:13:56.65;0.00:00:19:522;1.00;0.00;0.00;0.093;0.09156;0.0003127;0.0001394;0.10;0.04;98.45;0.15;98.45;0.093;0.09156;0.001443;-10.315;-10.383;-28.407;1.00;24.03;
2025-11-03 15:13:56.70;0.00:00:19:574;1.00;0.00;0.00;0.09308;0.09167;0.0003218;0.0001473;0.10;0.05;98.48;0.16;98.48;0.09308;0.09167;0.001418;-10.311;-10.378;-28.483;1.00;24.59;
2025-11-03 15:13:56.76;0.00:00:19:626;1.00;0.00;0.00;0.09322;0.09183;0.000285;0.0001605;0.09;0.05;98.51;0.17;98.51;0.09322;0.09183;0.001392;-10.305;-10.370;-28.565;1.00;29.39;
2025-11-03 15:13:56.81;0.00:00:19:685;1.00;0.00;0.00;0.09316;0.09171;0.0003049;0.0001274;0.10;0.04;98.44;0.14;98.44;0.09316;0.09171;0.001453;-10.308;-10.376;-28.376;1.00;22.67;
2025-11-03 15:13:56.87;0.00:00:19:738;1.00;0.00;0.00;0.09323;0.09181;0.0002526;0.0001483;0.08;0.05;98.48;0.16;98.48;0.09323;0.09181;0.001413;-10.305;-10.371;-28.498;1.00;30.42;
2025-11-03 15:13:56.92;0.00:00:19:788;1.00;0.00;0.00;0.09313;0.0917;0.0002986;0.0001316;0.09;0.04;98.47;0.14;98.47;0.09313;0.0917;0.001424;-10.309;-10.376;-28.465;1.00;23.79;
2025-11-03 15:13:56.97;0.00:00:19:840;1.00;0.00;0.00;0.09309;0.09169;0.00029;0.0001513;0.09;0.05;98.49;0.16;98.49;0.09309;0.09169;0.001406;-10.311;-10.377;-28.519;1.00;27.55;
2025-11-03 15:13:57.02;0.00:00:19:890;1.00;0.00;0.00;0.09287;0.09144;0.0003288;0.0001431;0.10;0.04;98.45;0.15;98.45;0.09287;0.09144;0.001435;-10.321;-10.389;-28.432;1.00;23.52;
2025-11-03 15:13:57.07;0.00:00:19:939;1.00;0.00;0.00;0.09291;0.09148;0.000318;0.0001446;0.10;0.05;98.45;0.16;98.45;0.09291;0.09148;0.001436;-10.319;-10.387;-28.429;1.00;24.45;
2025-11-03 15:13:57.12;0.00:00:19:990;1.00;0.00;0.00;0.09293;0.09153;0.0003011;0.0001403;0.09;0.04;98.50;0.15;98.50;0.09293;0.09153;0.001395;-10.319;-10.384;-28.554;1.00;24.99;
2025-11-03 15:13:57.17;0.00:00:20:041;1.00;0.00;0.00;0.09307;0.09162;0.0003396;0.0001592;0.11;0.05;98.44;0.17;98.44;0.09307;0.09162;0.001449;-10.312;-10.380;-28.390;1.00;25.11;
2025-11-03 15:13:57.22;0.00:00:20:094;1.00;0.00;0.00;0.09301;0.09158;0.0003006;0.0001443;0.09;0.05;98.46;0.16;98.46;0.09301;0.09158;0.00143;-10.315;-10.382;-28.446;1.00;25.64;
2025-11-03 15:13:57.27;0.00:00:20:143;1.00;0.00;0.00;0.09304;0.09162;0.0003044;0.0001346;0.10;0.04;98.48;0.14;98.48;0.09304;0.09162;0.001418;-10.313;-10.380;-28.484;1.00;23.86;
2025-11-03 15:13:57.32;0.00:00:20:191;1.00;0.00;0.00;0.09299;0.09159;0.000288;0.0001514;0.09;0.05;98.50;0.16;98.50;0.09299;0.09159;0.001399;-10.316;-10.382;-28.542;1.00;27.73;
2025-11-03 15:13:57.38;0.00:00:20:246;1.00;0.00;0.00;0.09299;0.09155;0.000361;0.0001274;0.11;0.04;98.45;0.14;98.45;0.09299;0.09155;0.001439;-10.316;-10.383;-28.419;1.00;19.44;
2025-11-03 15:13:57.43;0.00:00:20:298;1.00;0.00;0.00;0.09321;0.0918;0.0002759;0.0001399;0.09;0.04;98.48;0.15;98.48;0.09321;0.0918;0.001415;-10.305;-10.372;-28.494;1.00;26.89;
2025-11-03 15:13:57.49;0.00:00:20:357;1.00;0.00;0.00;0.09317;0.09174;0.0002911;0.0001405;0.09;0.04;98.46;0.15;98.46;0.09317;0.09174;0.001433;-10.307;-10.374;-28.436;1.00;25.78;
2025-11-03 15:13:57.54;0.00:00:20:407;1.00;0.00;0.00;0.09301;0.09156;0.0003091;0.0001178;0.10;0.04;98.44;0.13;98.44;0.09301;0.09156;0.001449;-10.315;-10.383;-28.388;1.00;20.85;
2025-11-03 15:13:57.59;0.00:00:20:457;1.00;0.00;0.00;0.09341;0.09199;0.000361;0.0001445;0.11;0.05;98.48;0.15;98.48;0.09341;0.09199;0.001419;-10.296;-10.362;-28.481;1.00;21.82;
2025-11-03 15:13:57.64;0.00:00:20:508;1.00;0.00;0.00;0.09317;0.09178;0.0002976;0.0001452;0.09;0.05;98.51;0.16;98.51;0.09317;0.09178;0.001389;-10.307;-10.372;-28.573;1.00;26.01;
2025-11-03 15:13:57.69;0.00:00:20:561;1.00;0.00;0.00;0.09312;0.09169;0.0003024;0.0001422;0.09;0.04;98.47;0.15;98.47;0.09312;0.09169;0.001429;-10.310;-10.377;-28.450;1.00;25.18;
2025-11-03 15:13:57.75;0.00:00:20:621;1.00;0.00;0.00;0.09298;0.09156;0.0002837;0.0001386;0.09;0.04;98.48;0.15;98.48;0.09298;0.09156;0.001418;-10.316;-10.383;-28.484;1.00;26.04;
2025-11-03 15:13:57.80;0.00:00:20:673;1.00;0.00;0.00;0.09311;0.0917;0.0003224;0.0001351;0.10;0.04;98.49;0.15;98.49;0.09311;0.0917;0.001409;-10.310;-10.376;-28.511;1.00;22.73;
2025-11-03 15:13:57.85;0.00:00:20:721;1.00;0.00;0.00;0.09316;0.09177;0.0003011;0.0001377;0.09;0.04;98.50;0.15;98.50;0.09316;0.09177;0.001394;-10.308;-10.373;-28.559;1.00;24.57;
2025-11-03 15:13:57.90;0.00:00:20:775;1.00;0.00;0.00;0.09337;0.09191;0.0003822;0.0001461;0.12;0.05;98.45;0.16;98.45;0.09337;0.09191;0.00145;-10.298;-10.366;-28.385;1.00;20.92;
2025-11-03 15:13:57.96;0.00:00:20:827;1.00;0.00;0.00;0.09332;0.09194;0.0002147;0.0001555;0.07;0.05;98.52;0.17;98.52;0.09332;0.09194;0.001384;-10.300;-10.365;-28.587;1.00;35.90;
2025-11-03 15:13:58.02;0.00:00:20:889;1.00;0.00;0.00;0.09305;0.0916;0.0002976;0.0001428;0.09;0.04;98.44;0.15;98.44;0.09305;0.09161;0.001448;-10.313;-10.381;-28.393;1.00;25.64;
2025-11-03 15:13:58.07;0.00:00:20:940;1.00;0.00;0.00;0.09313;0.09174;0.0002667;0.0001501;0.08;0.05;98.51;0.16;98.51;0.09313;0.09174;0.001391;-10.309;-10.375;-28.566;1.00;29.37;
2025-11-03 15:13:58.12;0.00:00:20:991;1.00;0.00;0.00;0.093;0.09157;0.0002883;0.0001373;0.09;0.04;98.46;0.15;98.46;0.093;0.09157;0.001433;-10.315;-10.383;-28.438;1.00;25.46;
2025-11-03 15:13:58.17;0.00:00:21:043;1.00;0.00;0.00;0.0931;0.09167;0.000317;0.0001379;0.10;0.04;98.46;0.15;98.46;0.0931;0.09167;0.001432;-10.311;-10.378;-28.439;1.00;23.51;
2025-11-03 15:13:58.22;0.00:00:21:095;1.00;0.00;0.00;0.09314;0.09173;0.0002894;0.0001468;0.09;0.05;98.49;0.16;98.49;0.09314;0.09173;0.001405;-10.309;-10.375;-28.522;1.00;26.90;
2025-11-03 15:13:58.28;0.00:00:21:153;1.00;0.00;0.00;0.09313;0.09168;0.0003394;0.0001337;0.11;0.04;98.44;0.14;98.44;0.09313;0.09168;0.001449;-10.309;-10.377;-28.389;1.00;21.49;
2025-11-03 15:13:58.33;0.00:00:21:203;1.00;0.00;0.00;0.09337;0.09191;0.000358;0.0001355;0.11;0.04;98.43;0.15;98.43;0.09337;0.09191;0.001462;-10.298;-10.366;-28.352;1.00;20.73;
2025-11-03 15:13:58.38;0.00:00:21:255;1.00;0.00;0.00;0.09343;0.09206;0.0002846;0.0001219;0.09;0.04;98.53;0.13;98.53;0.09343;0.09206;0.001373;-10.295;-10.359;-28.624;1.00;23.19;
2025-11-03 15:13:58.43;0.00:00:21:305;1.00;0.00;0.00;0.09336;0.09197;0.0002718;0.0001401;0.08;0.04;98.51;0.15;98.51;0.09336;0.09197;0.001391;-10.298;-10.364;-28.566;1.00;27.26;
2025-11-03 15:13:58.50;0.00:00:21:368;1.00;0.00;0.00;0.09322;0.09182;0.0002479;0.0001476;0.08;0.05;98.49;0.16;98.49;0.09322;0.09182;0.001403;-10.305;-10.371;-28.529;1.00;30.78;
2025-11-03 15:13:58.55;0.00:00:21:418;1.00;0.00;0.00;0.09347;0.09202;0.0003584;0.0001336;0.11;0.04;98.45;0.14;98.45;0.09347;0.09202;0.001449;-10.293;-10.361;-28.389;1.00;20.45;
2025-11-03 15:13:58.59;0.00:00:21:464;1.00;0.00;0.00;0.09344;0.09204;0.0002539;0.0001422;0.08;0.04;98.50;0.15;98.50;0.09344;0.09204;0.001406;-10.295;-10.360;-28.520;1.00;29.26;
2025-11-03 15:13:58.64;0.00:00:21:511;1.00;0.00;0.00;0.0931;0.09168;0.0002982;0.0001438;0.09;0.04;98.48;0.15;98.48;0.0931;0.09168;0.001417;-10.310;-10.377;-28.486;1.00;25.75;
2025-11-03 15:13:58.69;0.00:00:21:558;1.00;0.00;0.00;0.09307;0.09166;0.0002838;0.0001459;0.09;0.05;98.48;0.16;98.48;0.09307;0.09166;0.001411;-10.312;-10.378;-28.504;1.00;27.20;
2025-11-03 15:13:58.73;0.00:00:21:604;1.00;0.00;0.00;0.09307;0.09164;0.0003219;0.0001391;0.10;0.04;98.46;0.15;98.46;0.09307;0.09164;0.00143;-10.312;-10.379;-28.446;1.00;23.37;
2025-11-03 15:13:58.78;0.00:00:21:649;1.00;0.00;0.00;0.09374;0.09231;0.0003699;0.0001571;0.11;0.05;98.48;0.17;98.48;0.09374;0.09231;0.001427;-10.281;-10.348;-28.457;1.00;23.01;
2025-11-03 15:13:58.83;0.00:00:21:697;1.00;0.00;0.00;0.09379;0.09234;0.0003017;0.0001522;0.09;0.05;98.46;0.16;98.45;0.09379;0.09234;0.001449;-10.278;-10.346;-28.389;1.00;26.77;
2025-11-03 15:13:58.87;0.00:00:21:745;1.00;0.00;0.00;0.09368;0.0923;0.0002969;0.0001391;0.09;0.04;98.54;0.15;98.54;0.09368;0.0923;0.001372;-10.284;-10.348;-28.627;1.00;25.09;
2025-11-03 15:13:58.92;0.00:00:21:793;1.00;0.00;0.00;0.09365;0.09221;0.0003118;0.0001429;0.10;0.04;98.46;0.15;98.46;0.09365;0.09221;0.001446;-10.285;-10.352;-28.398;1.00;24.62;
2025-11-03 15:13:58.97;0.00:00:21:839;1.00;0.00;0.00;0.0936;0.09221;0.0002929;0.000132;0.09;0.04;98.52;0.14;98.52;0.0936;0.09221;0.001389;-10.287;-10.352;-28.573;1.00;24.26;
2025-11-03 15:13:59.01;0.00:00:21:885;1.00;0.00;0.00;0.09357;0.09213;0.0003177;0.0001515;0.10;0.05;98.46;0.16;98.46;0.09357;0.09213;0.00144;-10.289;-10.356;-28.415;1.00;25.49;
2025-11-03 15:13:59.06;0.00:00:21:931;1.00;0.00;0.00;0.09352;0.09212;0.0002863;0.0001396;0.09;0.04;98.50;0.15;98.50;0.09352;0.09212;0.001401;-10.291;-10.357;-28.536;1.00;25.99;
2025-11-03 15:13:59.11;0.00:00:21:979;1.00;0.00;0.00;0.09345;0.09202;0.0002876;0.0001532;0.09;0.05;98.47;0.16;98.47;0.09345;0.09202;0.001427;-10.294;-10.361;-28.456;1.00;28.03;
2025-11-03 15:13:59.17;0.00:00:22:040;1.00;0.00;0.00;0.09326;0.09183;0.000258;0.0001325;0.08;0.04;98.47;0.14;98.47;0.09326;0.09183;0.00143;-10.303;-10.370;-28.446;1.00;27.17;
2025-11-03 15:13:59.22;0.00:00:22:087;1.00;0.00;0.00;0.0932;0.09181;0.0002922;0.0001471;0.09;0.05;98.51;0.16;98.51;0.0932;0.09181;0.00139;-10.306;-10.371;-28.569;1.00;26.72;
2025-11-03 15:13:59.26;0.00:00:22:134;1.00;0.00;0.00;0.09318;0.09176;0.0003184;0.0001434;0.10;0.04;98.48;0.15;98.48;0.09318;0.09176;0.001418;-10.307;-10.373;-28.482;1.00;24.25;
2025-11-03 15:13:59.31;0.00:00:22:179;1.00;0.00;0.00;0.09321;0.09178;0.0003265;0.0001368;0.10;0.04;98.46;0.15;98.46;0.09321;0.09178;0.001432;-10.305;-10.372;-28.440;1.00;22.74;
2025-11-03 15:13:59.36;0.00:00:22:227;1.00;0.00;0.00;0.09325;0.09187;0.0002527;0.0001356;0.08;0.04;98.52;0.15;98.52;0.09325;0.09187;0.001384;-10.303;-10.368;-28.590;1.00;28.21;
2025-11-03 15:13:59.40;0.00:00:22:273;1.00;0.00;0.00;0.09321;0.09178;0.0003094;0.0001262;0.10;0.04;98.47;0.14;98.47;0.09321;0.09178;0.001426;-10.305;-10.372;-28.458;1.00;22.18;
2025-11-03 15:13:59.45;0.00:00:22:320;1.00;0.00;0.00;0.09343;0.09203;0.0002896;0.0001552;0.09;0.05;98.50;0.17;98.50;0.09343;0.09203;0.0014;-10.295;-10.361;-28.538;1.00;28.19;
2025-11-03 15:13:59.49;0.00:00:22:366;1.00;0.00;0.00;0.09317;0.09181;0.0002457;0.0001444;0.08;0.05;98.54;0.15;98.54;0.09317;0.09181;0.001361;-10.307;-10.371;-28.662;1.00;30.44;
2025-11-03 15:13:59.54;0.00:00:22:413;1.00;0.00;0.00;0.09303;0.09161;0.0003123;0.0001246;0.10;0.04;98.48;0.13;98.48;0.09303;0.09161;0.001415;-10.314;-10.380;-28.492;1.00;21.75;
2025-11-03 15:13:59.59;0.00:00:22:459;1.00;0.00;0.00;0.09354;0.09211;0.0003114;0.0001465;0.10;0.05;98.48;0.16;98.48;0.09354;0.09211;0.001426;-10.290;-10.357;-28.458;1.00;25.19;
2025-11-03 15:13:59.64;0.00:00:22:507;1.00;0.00;0.00;0.09342;0.09201;0.0002773;0.0001395;0.09;0.04;98.49;0.15;98.49;0.09342;0.09201;0.001407;-10.296;-10.362;-28.516;1.00;26.71;
2025-11-03 15:13:59.68;0.00:00:22:554;1.00;0.00;0.00;0.09327;0.09186;0.0002814;0.0001408;0.09;0.04;98.48;0.15;98.48;0.09327;0.09186;0.001417;-10.302;-10.369;-28.487;1.00;26.59;
2025-11-03 15:13:59.73;0.00:00:22:599;1.00;0.00;0.00;0.09314;0.09175;0.0003101;0.0001334;0.10;0.04;98.51;0.14;98.51;0.09314;0.09175;0.00139;-10.309;-10.374;-28.570;1.00;23.27;
2025-11-03 15:13:59.78;0.00:00:22:647;1.00;0.00;0.00;0.09319;0.09181;0.0002996;0.0001444;0.09;0.05;98.52;0.15;98.52;0.09319;0.09181;0.001375;-10.306;-10.371;-28.617;1.00;25.74;
2025-11-03 15:13:59.82;0.00:00:22:694;1.00;0.00;0.00;0.0932;0.09181;0.0003253;0.0001385;0.10;0.04;98.50;0.15;98.50;0.0932;0.09181;0.001394;-10.306;-10.371;-28.556;1.00;23.07;
2025-11-03 15:13:59.87;0.00:00:22:741;1.00;0.00;0.00;0.09335;0.09192;0.0003173;0.0001354;0.10;0.04;98.48;0.15;98.48;0.09335;0.09192;0.001422;-10.299;-10.366;-28.471;1.00;23.12;
2025-11-03 15:13:59.92;0.00:00:22:787;1.00;0.00;0.00;0.09333;0.09194;0.000291;0.0001476;0.09;0.05;98.52;0.16;98.52;0.09333;0.09194;0.001385;-10.300;-10.365;-28.584;1.00;26.89;
2025-11-03 15:13:59.96;0.00:00:22:834;1.00;0.00;0.00;0.09321;0.0918;0.0003053;0.0001436;0.10;0.04;98.49;0.15;98.49;0.09321;0.0918;0.001412;-10.305;-10.372;-28.502;1.00;25.19;
2025-11-03 15:14:00.01;0.00:00:22:880;1.00;0.00;0.00;0.09325;0.09183;0.0002925;0.0001453;0.09;0.05;98.48;0.16;98.48;0.09325;0.09183;0.001417;-10.304;-10.370;-28.486;1.00;26.41;
2025-11-03 15:14:00.06;0.00:00:22:928;1.00;0.00;0.00;0.09319;0.09178;0.0002901;0.0001402;0.09;0.04;98.48;0.15;98.48;0.09319;0.09178;0.001414;-10.306;-10.372;-28.496;1.00;25.80;
2025-11-03 15:14:00.12;0.00:00:22:989;1.00;0.00;0.00;0.09314;0.0917;0.0002903;0.0001345;0.09;0.04;98.46;0.14;98.46;0.09314;0.0917;0.001436;-10.309;-10.376;-28.428;1.00;24.86;
2025-11-03 15:14:00.17;0.00:00:23:037;1.00;0.00;0.00;0.09314;0.09173;0.0003242;0.0001348;0.10;0.04;98.49;0.14;98.49;0.09314;0.09173;0.001408;-10.309;-10.375;-28.515;1.00;22.57;
2025-11-03 15:14:00.23;0.00:00:23:098;1.00;0.00;0.00;0.09315;0.09175;0.000314;0.000138;0.10;0.04;98.50;0.15;98.50;0.09315;0.09175;0.001397;-10.308;-10.374;-28.549;1.00;23.72;
2025-11-03 15:14:00.27;0.00:00:23:145;1.00;0.00;0.00;0.09331;0.09186;0.0003469;0.000144;0.11;0.04;98.46;0.15;98.46;0.09331;0.09186;0.001441;-10.301;-10.369;-28.412;1.00;22.54;
2025-11-03 15:14:00.32;0.00:00:23:195;1.00;0.00;0.00;0.09344;0.09202;0.0002898;0.0001499;0.09;0.05;98.48;0.16;98.48;0.09344;0.09202;0.001422;-10.295;-10.361;-28.471;1.00;27.35;
2025-11-03 15:14:00.38;0.00:00:23:255;1.00;0.00;0.00;0.09336;0.09195;0.0002954;0.0001388;0.09;0.04;98.50;0.15;98.50;0.09336;0.09195;0.001403;-10.299;-10.364;-28.530;1.00;25.17;
2025-11-03 15:14:00.43;0.00:00:23:302;1.00;0.00;0.00;0.09342;0.09197;0.0003194;0.0001491;0.10;0.05;98.45;0.16;98.45;0.09342;0.09197;0.001451;-10.296;-10.364;-28.383;1.00;25.02;
2025-11-03 15:14:00.48;0.00:00:23:349;1.00;0.00;0.00;0.09351;0.09209;0.0003105;0.0001367;0.10;0.04;98.49;0.15;98.49;0.09351;0.09209;0.001414;-10.292;-10.358;-28.495;1.00;23.76;
2025-11-03 15:14:00.52;0.00:00:23:395;1.00;0.00;0.00;0.09344;0.09207;0.0002551;0.0001433;0.08;0.04;98.53;0.15;98.53;0.09344;0.09207;0.001375;-10.294;-10.359;-28.618;1.00;29.32;
2025-11-03 15:14:00.57;0.00:00:23:441;1.00;0.00;0.00;0.09311;0.09171;0.0002929;0.0001371;0.09;0.04;98.50;0.15;98.50;0.09311;0.09171;0.001401;-10.310;-10.376;-28.535;1.00;25.09;
2025-11-03 15:14:00.62;0.00:00:23:491;1.00;0.00;0.00;0.09311;0.09165;0.0003273;0.0001417;0.10;0.04;98.43;0.15;98.43;0.09311;0.09165;0.001459;-10.310;-10.379;-28.359;1.00;23.42;
2025-11-03 15:14:00.67;0.00:00:23:540;1.00;0.00;0.00;0.09319;0.09178;0.0002911;0.0001467;0.09;0.05;98.49;0.16;98.49;0.09319;0.09178;0.001411;-10.306;-10.372;-28.504;1.00;26.75;
2025-11-03 15:14:00.72;0.00:00:23:593;1.00;0.00;0.00;0.09306;0.09164;0.000304;0.0001272;0.10;0.04;98.47;0.14;98.47;0.09306;0.09164;0.001426;-10.312;-10.379;-28.460;1.00;22.71;
2025-11-03 15:14:00.77;0.00:00:23:640;1.00;0.00;0.00;0.09338;0.09194;0.000301;0.0001472;0.09;0.05;98.46;0.16;98.46;0.09338;0.09194;0.001438;-10.298;-10.365;-28.424;1.00;26.06;
2025-11-03 15:14:00.81;0.00:00:23:684;1.00;0.00;0.00;0.09342;0.09203;0.000302;0.0001383;0.09;0.04;98.51;0.15;98.51;0.09342;0.09203;0.00139;-10.296;-10.361;-28.571;1.00;24.60;
2025-11-03 15:14:00.86;0.00:00:23:735;1.00;0.00;0.00;0.09324;0.09182;0.0003112;0.0001293;0.10;0.04;98.48;0.14;98.48;0.09324;0.09182;0.001416;-10.304;-10.370;-28.491;1.00;22.57;
2025-11-03 15:14:00.92;0.00:00:23:787;1.00;0.00;0.00;0.09316;0.09177;0.0002773;0.0001621;0.09;0.05;98.51;0.17;98.51;0.09316;0.09177;0.001392;-10.308;-10.373;-28.564;1.00;30.30;
2025-11-03 15:14:00.97;0.00:00:23:837;1.00;0.00;0.00;0.09307;0.09165;0.0003037;0.0001286;0.09;0.04;98.47;0.14;98.47;0.09307;0.09165;0.00142;-10.312;-10.378;-28.478;1.00;22.95;
2025-11-03 15:14:01.03;0.00:00:23:901;1.00;0.00;0.00;0.09309;0.09171;0.0002994;0.0001404;0.09;0.04;98.51;0.15;98.51;0.09309;0.09171;0.001384;-10.311;-10.376;-28.590;1.00;25.12;
2025-11-03 15:14:01.08;0.00:00:23:950;1.00;0.00;0.00;0.09311;0.09172;0.0002909;0.0001502;0.09;0.05;98.51;0.16;98.51;0.09311;0.09172;0.00139;-10.310;-10.375;-28.569;1.00;27.30;
2025-11-03 15:14:01.13;0.00:00:24:002;1.00;0.00;0.00;0.09306;0.09166;0.0002885;0.0001303;0.09;0.04;98.49;0.14;98.49;0.09306;0.09166;0.001406;-10.312;-10.378;-28.521;1.00;24.31;
2025-11-03 15:14:01.18;0.00:00:24:052;1.00;0.00;0.00;0.09308;0.09168;0.0002673;0.0001521;0.08;0.05;98.49;0.16;98.49;0.09308;0.09168;0.001401;-10.311;-10.377;-28.535;1.00;29.65;
2025-11-03 15:14:01.23;0.00:00:24:102;1.00;0.00;0.00;0.09307;0.09164;0.0002894;0.000126;0.09;0.04;98.47;0.14;98.47;0.09307;0.09164;0.001427;-10.312;-10.379;-28.454;1.00;23.52;
2025-11-03 15:14:01.29;0.00:00:24:165;1.00;0.00;0.00;0.09326;0.09185;0.0003087;0.0001391;0.10;0.04;98.48;0.15;98.48;0.09326;0.09185;0.001417;-10.303;-10.369;-28.486;1.00;24.25;
2025-11-03 15:14:01.35;0.00:00:24:222;1.00;0.00;0.00;0.09332;0.09189;0.0003004;0.0001341;0.09;0.04;98.46;0.14;98.46;0.09332;0.09189;0.001435;-10.300;-10.367;-28.431;1.00;24.06;
2025-11-03 15:14:01.42;0.00:00:24:287;1.00;0.00;0.00;0.09379;0.09239;0.0002892;0.0001426;0.09;0.04;98.51;0.15;98.51;0.09379;0.09239;0.001399;-10.279;-10.344;-28.542;1.00;26.25;
2025-11-03 15:14:01.47;0.00:00:24:338;1.00;0.00;0.00;0.09379;0.09237;0.0002578;0.0001488;0.08;0.05;98.49;0.16;98.49;0.09379;0.09237;0.001418;-10.278;-10.345;-28.483;1.00;29.99;
2025-11-03 15:14:01.52;0.00:00:24:389;1.00;0.00;0.00;0.09356;0.09212;0.0002891;0.0001238;0.09;0.04;98.46;0.13;98.46;0.09356;0.09212;0.001444;-10.289;-10.356;-28.404;1.00;23.18;
2025-11-03 15:14:01.57;0.00:00:24:439;1.00;0.00;0.00;0.09353;0.09214;0.0002825;0.0001433;0.09;0.04;98.51;0.15;98.51;0.09353;0.09214;0.001391;-10.291;-10.356;-28.568;1.00;26.89;
2025-11-03 15:14:01.62;0.00:00:24:490;1.00;0.00;0.00;0.09334;0.09194;0.0002701;0.0001516;0.08;0.05;98.51;0.16;98.51;0.09334;0.09194;0.00139;-10.300;-10.365;-28.569;1.00;29.30;
2025-11-03 15:14:01.67;0.00:00:24:540;1.00;0.00;0.00;0.09327;0.09186;0.0002699;0.0001346;0.08;0.04;98.48;0.14;98.48;0.09327;0.09186;0.001416;-10.302;-10.369;-28.489;1.00;26.50;
2025-11-03 15:14:01.73;0.00:00:24:601;1.00;0.00;0.00;0.09331;0.09192;0.0003125;0.00014;0.10;0.04;98.51;0.15;98.51;0.09331;0.09192;0.001391;-10.301;-10.366;-28.568;1.00;24.14;
2025-11-03 15:14:01.78;0.00:00:24:652;1.00;0.00;0.00;0.09317;0.09176;0.0003064;0.0001292;0.10;0.04;98.49;0.14;98.49;0.09317;0.09176;0.001406;-10.307;-10.373;-28.519;1.00;22.86;
2025-11-03 15:14:01.83;0.00:00:24:702;1.00;0.00;0.00;0.09325;0.09182;0.0002953;0.0001618;0.09;0.05;98.46;0.17;98.46;0.09325;0.09182;0.001433;-10.303;-10.371;-28.438;1.00;28.71;
2025-11-03 15:14:01.88;0.00:00:24:753;1.00;0.00;0.00;0.09308;0.09162;0.0003361;0.0001291;0.11;0.04;98.43;0.14;98.43;0.09308;0.09162;0.001459;-10.311;-10.380;-28.359;1.00;21.00;
2025-11-03 15:14:01.93;0.00:00:24:805;1.00;0.00;0.00;0.09313;0.09171;0.0002917;0.0001354;0.09;0.04;98.48;0.15;98.48;0.09313;0.09171;0.001415;-10.309;-10.376;-28.493;1.00;24.90;
2025-11-03 15:14:01.99;0.00:00:24:866;1.00;0.00;0.00;0.09342;0.09197;0.0003357;0.000142;0.10;0.04;98.45;0.15;98.45;0.09342;0.09198;0.001449;-10.295;-10.363;-28.389;1.00;22.92;
2025-11-03 15:14:02.05;0.00:00:24:916;1.00;0.00;0.00;0.09347;0.0921;0.0002561;0.0001519;0.08;0.05;98.54;0.16;98.54;0.09347;0.0921;0.001368;-10.293;-10.357;-28.638;1.00;30.68;
2025-11-03 15:14:02.10;0.00:00:24:967;1.00;0.00;0.00;0.09319;0.0918;0.0002427;0.0001377;0.08;0.04;98.51;0.15;98.51;0.09319;0.0918;0.001392;-10.306;-10.372;-28.562;1.00;29.56;
2025-11-03 15:14:02.15;0.00:00:25:018;1.00;0.00;0.00;0.09336;0.09197;0.0002944;0.0001347;0.09;0.04;98.51;0.14;98.51;0.09336;0.09197;0.001391;-10.298;-10.363;-28.566;1.00;24.59;
2025-11-03 15:14:02.20;0.00:00:25:069;1.00;0.00;0.00;0.09321;0.0918;0.0002524;0.0001505;0.08;0.05;98.48;0.16;98.48;0.09321;0.0918;0.001418;-10.305;-10.372;-28.483;1.00;30.80;
2025-11-03 15:14:02.26;0.00:00:25:130;1.00;0.00;0.00;0.09322;0.09184;0.0002829;0.000139;0.09;0.04;98.51;0.15;98.51;0.09322;0.09184;0.001388;-10.305;-10.370;-28.577;1.00;26.17;
2025-11-03 15:14:02.31;0.00:00:25:181;1.00;0.00;0.00;0.09333;0.09195;0.0003036;0.0001418;0.09;0.04;98.52;0.15;98.52;0.09333;0.09195;0.00138;-10.300;-10.365;-28.601;1.00;25.04;
2025-11-03 15:14:02.36;0.00:00:25:232;1.00;0.00;0.00;0.09338;0.09193;0.0002508;0.0001314;0.08;0.04;98.45;0.14;98.45;0.09338;0.09194;0.001448;-10.297;-10.365;-28.391;1.00;27.64;
2025-11-03 15:14:02.41;0.00:00:25:283;1.00;0.00;0.00;0.09338;0.09193;0.0002886;0.0001226;0.09;0.04;98.45;0.13;98.45;0.09338;0.09193;0.001448;-10.297;-10.365;-28.391;1.00;23.01;
2025-11-03 15:14:02.46;0.00:00:25:333;1.00;0.00;0.00;0.09323;0.09184;0.0002368;0.0001501;0.07;0.05;98.51;0.16;98.51;0.09323;0.09184;0.001391;-10.304;-10.370;-28.567;1.00;32.37;
2025-11-03 15:14:02.51;0.00:00:25:383;1.00;0.00;0.00;0.09314;0.09173;0.0002685;0.0001404;0.08;0.04;98.49;0.15;98.49;0.09314;0.09173;0.001404;-10.309;-10.375;-28.528;1.00;27.60;
2025-11-03 15:14:02.57;0.00:00:25:438;1.00;0.00;0.00;0.09308;0.09167;0.0002638;0.0001318;0.08;0.04;98.48;0.14;98.48;0.09308;0.09167;0.001412;-10.312;-10.378;-28.500;1.00;26.56;
2025-11-03 15:14:02.61;0.00:00:25:485;1.00;0.00;0.00;0.0931;0.09168;0.0002929;0.0001396;0.09;0.04;98.48;0.15;98.48;0.0931;0.09168;0.001418;-10.311;-10.377;-28.483;1.00;25.49;
2025-11-03 15:14:02.66;0.00:00:25:531;1.00;0.00;0.00;0.0933;0.09189;0.0002826;0.0001365;0.09;0.04;98.49;0.15;98.49;0.0933;0.09189;0.001411;-10.301;-10.368;-28.504;1.00;25.78;
2025-11-03 15:14:02.71;0.00:00:25:579;1.00;0.00;0.00;0.09332;0.09192;0.0002982;0.0001408;0.09;0.04;98.50;0.15;98.50;0.09332;0.09192;0.0014;-10.300;-10.366;-28.540;1.00;25.27;
2025-11-03 15:14:02.76;0.00:00:25:628;1.00;0.00;0.00;0.09316;0.09173;0.0002682;0.0001278;0.08;0.04;98.47;0.14;98.47;0.09316;0.09173;0.00143;-10.308;-10.375;-28.447;1.00;25.48;
2025-11-03 15:14:02.80;0.00:00:25:675;1.00;0.00;0.00;0.09325;0.09182;0.0002949;0.0001328;0.09;0.04;98.46;0.14;98.46;0.09325;0.09182;0.001432;-10.303;-10.371;-28.441;1.00;24.25;
2025-11-03 15:14:02.85;0.00:00:25:722;1.00;0.00;0.00;0.09336;0.09198;0.0002735;0.0001512;0.09;0.05;98.53;0.16;98.53;0.09336;0.09198;0.001376;-10.298;-10.363;-28.615;1.00;28.94;
2025-11-03 15:14:02.90;0.00:00:25:771;1.00;0.00;0.00;0.09333;0.09193;0.0002754;0.0001298;0.09;0.04;98.50;0.14;98.50;0.09333;0.09193;0.001403;-10.300;-10.365;-28.528;1.00;25.24;
2025-11-03 15:14:02.95;0.00:00:25:818;1.00;0.00;0.00;0.09331;0.09189;0.0002431;0.0001416;0.08;0.04;98.48;0.15;98.48;0.09331;0.0919;0.001415;-10.301;-10.367;-28.492;1.00;30.22;
2025-11-03 15:14:02.99;0.00:00:25:865;1.00;0.00;0.00;0.09313;0.09171;0.0002782;0.0001325;0.09;0.04;98.48;0.14;98.48;0.09313;0.09171;0.001419;-10.309;-10.376;-28.480;1.00;25.47;
2025-11-03 15:14:03.04;0.00:00:25:911;1.00;0.00;0.00;0.09319;0.09178;0.0003279;0.0001306;0.10;0.04;98.49;0.14;98.49;0.09319;0.09178;0.001403;-10.306;-10.372;-28.530;1.00;21.72;
2025-11-03 15:14:03.09;0.00:00:25:958;1.00;0.00;0.00;0.09347;0.0921;0.0002247;0.0001622;0.07;0.05;98.53;0.17;98.53;0.09347;0.0921;0.001374;-10.293;-10.357;-28.619;1.00;35.83;
2025-11-03 15:14:03.13;0.00:00:26:004;1.00;0.00;0.00;0.0932;0.09179;0.0002533;0.0001276;0.08;0.04;98.49;0.14;98.49;0.0932;0.09179;0.00141;-10.306;-10.372;-28.509;1.00;26.73;
2025-11-03 15:14:03.18;0.00:00:26:050;1.00;0.00;0.00;0.09313;0.09173;0.0002784;0.0001207;0.09;0.04;98.51;0.13;98.51;0.09313;0.09174;0.001392;-10.309;-10.375;-28.564;1.00;23.44;
2025-11-03 15:14:03.23;0.00:00:26:097;1.00;0.00;0.00;0.09333;0.09192;0.0003044;0.0001289;0.09;0.04;98.49;0.14;98.49;0.09333;0.09192;0.00141;-10.300;-10.366;-28.509;1.00;22.95;
2025-11-03 15:14:03.28;0.00:00:26:148;1.00;0.00;0.00;0.09337;0.09196;0.0002767;0.0001443;0.09;0.04;98.49;0.15;98.49;0.09337;0.09196;0.001413;-10.298;-10.364;-28.499;1.00;27.53;
2025-11-03 15:14:03.34;0.00:00:26:209;1.00;0.00;0.00;0.09317;0.09173;0.0003198;0.0001325;0.10;0.04;98.45;0.14;98.45;0.09317;0.09173;0.001446;-10.307;-10.375;-28.398;1.00;22.51;
2025-11-03 15:14:03.39;0.00:00:26:256;1.00;0.00;0.00;0.09324;0.09185;0.0002752;0.0001518;0.09;0.05;98.50;0.16;98.50;0.09324;0.09185;0.001395;-10.304;-10.369;-28.553;1.00;28.88;
2025-11-03 15:14:03.43;0.00:00:26:304;1.00;0.00;0.00;0.09305;0.09162;0.0002929;0.0001272;0.09;0.04;98.46;0.14;98.46;0.09305;0.09162;0.001433;-10.313;-10.380;-28.438;1.00;23.47;
2025-11-03 15:14:03.48;0.00:00:26:350;1.00;0.00;0.00;0.09303;0.09165;0.0002513;0.0001362;0.08;0.04;98.52;0.15;98.52;0.09303;0.09165;0.001379;-10.314;-10.379;-28.605;1.00;28.46;
2025-11-03 15:14:03.53;0.00:00:26:397;1.00;0.00;0.00;0.09321;0.0918;0.0003325;0.0001336;0.10;0.04;98.48;0.14;98.48;0.09321;0.0918;0.001415;-10.305;-10.372;-28.492;1.00;21.89;
2025-11-03 15:14:03.59;0.00:00:26:459;1.00;0.00;0.00;0.09329;0.09188;0.0002972;0.0001232;0.09;0.04;98.49;0.13;98.49;0.09329;0.09188;0.001413;-10.302;-10.368;-28.498;1.00;22.52;
2025-11-03 15:14:03.63;0.00:00:26:506;1.00;0.00;0.00;0.09336;0.09196;0.0002886;0.000138;0.09;0.04;98.51;0.15;98.51;0.09336;0.09196;0.001395;-10.299;-10.364;-28.554;1.00;25.56;
2025-11-03 15:14:03.68;0.00:00:26:553;1.00;0.00;0.00;0.0934;0.09198;0.0003004;0.0001388;0.09;0.04;98.48;0.15;98.48;0.0934;0.09198;0.001419;-10.296;-10.363;-28.479;1.00;24.80;
2025-11-03 15:14:03.73;0.00:00:26:601;1.00;0.00;0.00;0.09347;0.09207;0.0002672;0.0001414;0.08;0.04;98.50;0.15;98.50;0.09347;0.09207;0.001402;-10.293;-10.359;-28.532;1.00;27.89;
2025-11-03 15:14:03.77;0.00:00:26:646;1.00;0.00;0.00;0.09349;0.09208;0.0003091;0.0001307;0.10;0.04;98.50;0.14;98.50;0.09349;0.09208;0.001405;-10.292;-10.358;-28.522;1.00;22.93;
2025-11-03 15:14:03.82;0.00:00:26:692;1.00;0.00;0.00;0.09334;0.09195;0.0002532;0.0001367;0.08;0.04;98.51;0.15;98.51;0.09334;0.09195;0.001393;-10.299;-10.365;-28.560;1.00;28.36;
2025-11-03 15:14:03.87;0.00:00:26:740;1.00;0.00;0.00;0.09327;0.09187;0.0002837;0.0001455;0.09;0.05;98.49;0.16;98.49;0.09327;0.09187;0.001405;-10.302;-10.368;-28.522;1.00;27.15;
2025-11-03 15:14:03.92;0.00:00:26:787;1.00;0.00;0.00;0.09332;0.09187;0.0003513;0.0001157;0.11;0.04;98.45;0.12;98.45;0.09332;0.09187;0.001449;-10.300;-10.368;-28.389;1.00;18.23;
2025-11-03 15:14:03.96;0.00:00:26:834;1.00;0.00;0.00;0.09354;0.09215;0.0003247;0.0001454;0.10;0.05;98.51;0.16;98.51;0.09354;0.09215;0.001395;-10.290;-10.355;-28.554;1.00;24.13;
2025-11-03 15:14:04.01;0.00:00:26:881;1.00;0.00;0.00;0.09358;0.09218;0.0002838;0.0001395;0.09;0.04;98.50;0.15;98.50;0.09358;0.09218;0.001401;-10.288;-10.353;-28.536;1.00;26.18;
2025-11-03 15:14:04.06;0.00:00:26:928;1.00;0.00;0.00;0.09346;0.09211;0.0002469;0.0001442;0.08;0.04;98.55;0.15;98.55;0.09346;0.09211;0.001353;-10.294;-10.357;-28.687;1.00;30.28;
2025-11-03 15:14:04.11;0.00:00:26:976;1.00;0.00;0.00;0.09342;0.09199;0.0003069;0.0001412;0.10;0.04;98.47;0.15;98.47;0.09342;0.09199;0.001428;-10.296;-10.362;-28.452;1.00;24.70;
2025-11-03 15:14:04.15;0.00:00:27:022;1.00;0.00;0.00;0.09339;0.09198;0.0002939;0.0001555;0.09;0.05;98.49;0.17;98.49;0.09339;0.09198;0.00141;-10.297;-10.363;-28.508;1.00;27.88;
2025-11-03 15:14:04.20;0.00:00:27:070;1.00;0.00;0.00;0.09332;0.0919;0.0002692;0.0001407;0.08;0.04;98.48;0.15;98.48;0.09332;0.0919;0.001421;-10.300;-10.367;-28.473;1.00;27.59;
2025-11-03 15:14:04.24;0.00:00:27:116;1.00;0.00;0.00;0.09303;0.09165;0.0002511;0.0001387;0.08;0.04;98.51;0.15;98.51;0.09303;0.09165;0.001382;-10.314;-10.379;-28.594;1.00;28.91;
2025-11-03 15:14:04.29;0.00:00:27:162;1.00;0.00;0.00;0.093;0.09157;0.0002978;0.0001357;0.09;0.04;98.46;0.15;98.46;0.093;0.09157;0.001428;-10.315;-10.382;-28.453;1.00;24.49;
2025-11-03 15:14:04.34;0.00:00:27:209;1.00;0.00;0.00;0.09306;0.09162;0.0003307;0.0001295;0.10;0.04;98.45;0.14;98.45;0.09306;0.09162;0.001442;-10.312;-10.380;-28.410;1.00;21.38;
2025-11-03 15:14:04.38;0.00:00:27:256;1.00;0.00;0.00;0.09322;0.09179;0.0003249;0.0001419;0.10;0.04;98.47;0.15;98.47;0.09322;0.09179;0.001428;-10.305;-10.372;-28.451;1.00;23.60;
2025-11-03 15:14:04.43;0.00:00:27:302;1.00;0.00;0.00;0.09335;0.09195;0.000317;0.0001387;0.10;0.04;98.50;0.15;98.50;0.09335;0.09195;0.001396;-10.299;-10.364;-28.550;1.00;23.64;
2025-11-03 15:14:04.48;0.00:00:27:348;1.00;0.00;0.00;0.09356;0.09217;0.0002608;0.0001448;0.08;0.05;98.52;0.15;98.52;0.09356;0.09217;0.001382;-10.289;-10.354;-28.593;1.00;29.05;
2025-11-03 15:14:04.53;0.00:00:27:397;1.00;0.00;0.00;0.09333;0.09195;0.0002299;0.0001585;0.07;0.05;98.52;0.17;98.52;0.09333;0.09195;0.001384;-10.300;-10.365;-28.589;1.00;34.59;
2025-11-03 15:14:04.57;0.00:00:27:444;1.00;0.00;0.00;0.09332;0.0919;0.0003273;0.0001413;0.10;0.04;98.48;0.15;98.48;0.09332;0.0919;0.001417;-10.300;-10.367;-28.488;1.00;23.35;
2025-11-03 15:14:04.62;0.00:00:27:488;1.00;0.00;0.00;0.09331;0.0919;0.0002593;0.0001461;0.08;0.05;98.48;0.16;98.48;0.09331;0.0919;0.001415;-10.301;-10.367;-28.492;1.00;29.40;
2025-11-03 15:14:04.67;0.00:00:27:541;1.00;0.00;0.00;0.09323;0.09181;0.0002816;0.000137;0.09;0.04;98.48;0.15;98.48;0.09323;0.09181;0.001418;-10.304;-10.371;-28.483;1.00;25.95;
2025-11-03 15:14:04.72;0.00:00:27:587;1.00;0.00;0.00;0.09332;0.0919;0.0002739;0.0001377;0.09;0.04;98.48;0.15;98.48;0.09332;0.0919;0.001417;-10.300;-10.367;-28.486;1.00;26.69;
2025-11-03 15:14:04.77;0.00:00:27:643;1.00;0.00;0.00;0.0932;0.09178;0.0003173;0.0001319;0.10;0.04;98.48;0.14;98.48;0.0932;0.09178;0.001416;-10.306;-10.372;-28.489;1.00;22.57;
2025-11-03 15:14:04.82;0.00:00:27:695;1.00;0.00;0.00;0.09332;0.09192;0.0003278;0.0001284;0.10;0.04;98.50;0.14;98.50;0.09332;0.09192;0.001397;-10.300;-10.366;-28.549;1.00;21.39;
2025-11-03 15:14:04.87;0.00:00:27:744;1.00;0.00;0.00;0.09306;0.09167;0.000295;0.0001341;0.09;0.04;98.50;0.14;98.50;0.09306;0.09167;0.001391;-10.312;-10.378;-28.566;1.00;24.44;
2025-11-03 15:14:04.93;0.00:00:27:806;1.00;0.00;0.00;0.09314;0.09172;0.000314;0.0001547;0.10;0.05;98.48;0.17;98.48;0.09314;0.09173;0.001412;-10.309;-10.375;-28.500;1.00;26.22;
2025-11-03 15:14:04.99;0.00:00:27:864;1.00;0.00;0.00;0.09318;0.09177;0.0003037;0.0001308;0.09;0.04;98.49;0.14;98.49;0.09318;0.09177;0.001407;-10.307;-10.373;-28.518;1.00;23.29;
2025-11-03 15:14:05.05;0.00:00:27:917;1.00;0.00;0.00;0.09323;0.0918;0.0003688;0.0001443;0.12;0.05;98.46;0.15;98.46;0.09323;0.0918;0.001433;-10.304;-10.372;-28.437;1.00;21.36;
2025-11-03 15:14:05.10;0.00:00:27:968;1.00;0.00;0.00;0.09338;0.09196;0.0003128;0.0001489;0.10;0.05;98.47;0.16;98.47;0.09338;0.09196;0.001427;-10.297;-10.364;-28.455;1.00;25.45;
2025-11-03 15:14:05.15;0.00:00:28:017;1.00;0.00;0.00;0.09333;0.09192;0.0003165;0.0001471;0.10;0.05;98.49;0.16;98.49;0.09333;0.09192;0.001413;-10.300;-10.366;-28.498;1.00;24.93;
2025-11-03 15:14:05.20;0.00:00:28:070;1.00;0.00;0.00;0.09334;0.09192;0.0003251;0.0001445;0.10;0.05;98.48;0.15;98.48;0.09334;0.09192;0.001421;-10.299;-10.366;-28.473;1.00;23.96;
2025-11-03 15:14:05.26;0.00:00:28:132;1.00;0.00;0.00;0.09323;0.09182;0.0002713;0.0001745;0.08;0.05;98.49;0.19;98.49;0.09323;0.09182;0.001411;-10.304;-10.370;-28.505;1.00;32.75;
2025-11-03 15:14:05.32;0.00:00:28:192;1.00;0.00;0.00;0.09313;0.0917;0.0003152;0.0001374;0.10;0.04;98.46;0.15;98.46;0.09313;0.0917;0.00143;-10.309;-10.376;-28.446;1.00;23.55;
2025-11-03 15:14:05.37;0.00:00:28:245;1.00;0.00;0.00;0.09318;0.09177;0.0003128;0.0001448;0.10;0.05;98.49;0.16;98.49;0.09318;0.09177;0.001408;-10.307;-10.373;-28.513;1.00;24.84;
2025-11-03 15:14:05.42;0.00:00:28:295;1.00;0.00;0.00;0.09309;0.09167;0.0003246;0.0001299;0.10;0.04;98.48;0.14;98.48;0.09309;0.09167;0.001417;-10.311;-10.378;-28.485;1.00;21.81;
2025-11-03 15:14:05.48;0.00:00:28:348;1.00;0.00;0.00;0.0932;0.0918;0.0002986;0.0001396;0.09;0.04;98.50;0.15;98.50;0.0932;0.0918;0.001403;-10.306;-10.372;-28.531;1.00;25.06;
2025-11-03 15:14:05.53;0.00:00:28:399;1.00;0.00;0.00;0.0933;0.09188;0.0003149;0.0001464;0.10;0.05;98.48;0.16;98.48;0.0933;0.09188;0.001417;-10.301;-10.368;-28.485;1.00;24.93;
2025-11-03 15:14:05.58;0.00:00:28:450;1.00;0.00;0.00;0.09327;0.09185;0.0002844;0.0001357;0.09;0.04;98.48;0.15;98.48;0.09327;0.09185;0.001418;-10.303;-10.369;-28.484;1.00;25.51;
2025-11-03 15:14:05.63;0.00:00:28:501;1.00;0.00;0.00;0.09329;0.09191;0.0002401;0.0001592;0.07;0.05;98.53;0.17;98.53;0.09329;0.09192;0.00137;-10.302;-10.366;-28.634;1.00;33.55;
2025-11-03 15:14:05.68;0.00:00:28:553;1.00;0.00;0.00;0.09304;0.09162;0.000298;0.0001267;0.09;0.04;98.48;0.14;98.48;0.09304;0.09162;0.001414;-10.313;-10.380;-28.496;1.00;23.03;
2025-11-03 15:14:05.73;0.00:00:28:602;1.00;0.00;0.00;0.0931;0.09168;0.0002811;0.000135;0.09;0.04;98.47;0.15;98.47;0.0931;0.09168;0.001422;-10.311;-10.377;-28.471;1.00;25.66;
2025-11-03 15:14:05.78;0.00:00:28:652;1.00;0.00;0.00;0.09305;0.09164;0.0002986;0.0001447;0.09;0.05;98.48;0.16;98.48;0.09305;0.09164;0.001416;-10.313;-10.379;-28.488;1.00;25.86;
2025-11-03 15:14:05.83;0.00:00:28:704;1.00;0.00;0.00;0.0931;0.09171;0.0002621;0.0001438;0.08;0.04;98.51;0.15;98.51;0.0931;0.09171;0.001389;-10.311;-10.376;-28.574;1.00;28.75;
2025-11-03 15:14:05.88;0.00:00:28:756;1.00;0.00;0.00;0.09326;0.09185;0.0003291;0.0001605;0.10;0.05;98.49;0.17;98.49;0.09326;0.09185;0.001409;-10.303;-10.369;-28.509;1.00;26.00;
2025-11-03 15:14:05.95;0.00:00:28:817;1.00;0.00;0.00;0.09314;0.09173;0.0002735;0.0001286;0.09;0.04;98.48;0.14;98.48;0.09314;0.09173;0.001412;-10.309;-10.375;-28.503;1.00;25.18;
2025-11-03 15:14:05.99;0.00:00:28:864;1.00;0.00;0.00;0.09306;0.09163;0.0003196;0.0001419;0.10;0.04;98.47;0.15;98.47;0.09306;0.09164;0.001426;-10.312;-10.379;-28.459;1.00;23.94;
2025-11-03 15:14:06.04;0.00:00:28:907;1.00;0.00;0.00;0.09316;0.09174;0.0003255;0.0001426;0.10;0.04;98.48;0.15;98.48;0.09316;0.09174;0.001416;-10.308;-10.374;-28.489;1.00;23.65;
2025-11-03 15:14:06.09;0.00:00:28:959;1.00;0.00;0.00;0.09327;0.09183;0.0003116;0.0001455;0.10;0.05;98.46;0.16;98.46;0.09327;0.09183;0.001438;-10.303;-10.370;-28.421;1.00;25.04;
2025-11-03 15:14:06.15;0.00:00:29:017;1.00;0.00;0.00;0.0934;0.09202;0.000292;0.0001398;0.09;0.04;98.52;0.15;98.52;0.0934;0.09202;0.001382;-10.296;-10.361;-28.596;1.00;25.59;
2025-11-03 15:14:06.19;0.00:00:29:062;1.00;0.00;0.00;0.09344;0.09199;0.0003408;0.0001428;0.11;0.04;98.45;0.15;98.45;0.09344;0.09199;0.001447;-10.295;-10.363;-28.396;1.00;22.74;
2025-11-03 15:14:06.24;0.00:00:29:114;1.00;0.00;0.00;0.09362;0.09223;0.0002742;0.0001809;0.09;0.06;98.51;0.19;98.51;0.09362;0.09223;0.001394;-10.286;-10.351;-28.559;1.00;33.42;
2025-11-03 15:14:06.30;0.00:00:29:170;1.00;0.00;0.00;0.09335;0.0919;0.0003528;0.000161;0.11;0.05;98.45;0.17;98.44;0.09335;0.0919;0.001451;-10.299;-10.367;-28.382;1.00;24.53;
2025-11-03 15:14:06.35;0.00:00:29:223;1.00;0.00;0.00;0.0934;0.092;0.0002764;0.0001576;0.09;0.05;98.50;0.17;98.50;0.0934;0.092;0.001399;-10.297;-10.362;-28.542;1.00;29.68;
2025-11-03 15:14:06.41;0.00:00:29:277;1.00;0.00;0.00;0.09348;0.09206;0.0002965;0.0001442;0.09;0.04;98.48;0.15;98.48;0.09348;0.09206;0.001418;-10.293;-10.359;-28.484;1.00;25.94;
2025-11-03 15:14:06.45;0.00:00:29:322;1.00;0.00;0.00;0.09354;0.09214;0.000344;0.0001476;0.11;0.05;98.50;0.16;98.50;0.09354;0.09214;0.001406;-10.290;-10.356;-28.521;1.00;23.22;
2025-11-03 15:14:06.50;0.00:00:29:369;1.00;0.00;0.00;0.09353;0.09214;0.0003265;0.0001321;0.10;0.04;98.52;0.14;98.52;0.09353;0.09214;0.001384;-10.291;-10.355;-28.589;1.00;22.03;
2025-11-03 15:14:06.55;0.00:00:29:424;1.00;0.00;0.00;0.09362;0.09219;0.0002932;0.0001597;0.09;0.05;98.47;0.17;98.47;0.09362;0.09219;0.001431;-10.286;-10.353;-28.444;1.00;28.58;
2025-11-03 15:14:06.61;0.00:00:29:482;1.00;0.00;0.00;0.09336;0.09197;0.0002741;0.0001497;0.09;0.05;98.51;0.16;98.51;0.09336;0.09197;0.001395;-10.298;-10.364;-28.554;1.00;28.64;
2025-11-03 15:14:06.66;0.00:00:29:532;1.00;0.00;0.00;0.09332;0.09189;0.0003399;0.0001476;0.11;0.05;98.47;0.16;98.47;0.09332;0.0919;0.001427;-10.300;-10.367;-28.456;1.00;23.47;
2025-11-03 15:14:06.72;0.00:00:29:590;1.00;0.00;0.00;0.09341;0.092;0.0003462;0.0001501;0.11;0.05;98.49;0.16;98.49;0.09341;0.092;0.001411;-10.296;-10.362;-28.505;1.00;23.43;
2025-11-03 15:14:06.77;0.00:00:29:643;1.00;0.00;0.00;0.09361;0.09218;0.0003204;0.0001494;0.10;0.05;98.47;0.16;98.47;0.09361;0.09218;0.001429;-10.287;-10.354;-28.451;1.00;25.01;
2025-11-03 15:14:06.82;0.00:00:29:692;1.00;0.00;0.00;0.09352;0.09212;0.0002891;0.0001474;0.09;0.05;98.51;0.16;98.51;0.09352;0.09213;0.00139;-10.291;-10.356;-28.569;1.00;27.01;
2025-11-03 15:14:06.89;0.00:00:29:757;1.00;0.00;0.00;0.09337;0.09198;0.0002794;0.0001514;0.09;0.05;98.51;0.16;98.50;0.09337;0.09198;0.001396;-10.298;-10.363;-28.551;1.00;28.45;
2025-11-03 15:14:06.94;0.00:00:29:814;1.00;0.00;0.00;0.09323;0.09183;0.0002648;0.0001528;0.08;0.05;98.50;0.16;98.50;0.09323;0.09183;0.001402;-10.304;-10.370;-28.532;1.00;29.99;
2025-11-03 15:14:06.99;0.00:00:29:864;1.00;0.00;0.00;0.09325;0.09181;0.0003075;0.0001507;0.10;0.05;98.46;0.16;98.46;0.09325;0.09181;0.001439;-10.304;-10.371;-28.420;1.00;26.11;
2025-11-03 15:14:07.04;0.00:00:29:908;1.00;0.00;0.00;0.09316;0.09167;0.0003546;0.0001312;0.11;0.04;98.40;0.14;98.40;0.09316;0.09167;0.001488;-10.308;-10.378;-28.273;1.00;20.30;
2025-11-03 15:14:07.10;0.00:00:29:970;1.00;0.00;0.00;0.09335;0.09196;0.0003027;0.000153;0.09;0.05;98.52;0.16;98.52;0.09335;0.09196;0.001385;-10.299;-10.364;-28.586;1.00;26.81;
2025-11-03 15:14:07.15;0.00:00:30:019;1.00;0.00;0.00;0.09329;0.09191;0.0002951;0.0001489;0.09;0.05;98.51;0.16;98.51;0.09329;0.09191;0.001388;-10.301;-10.367;-28.576;1.00;26.77;
2025-11-03 15:14:07.21;0.00:00:30:083;1.00;0.00;0.00;0.09332;0.09187;0.0003266;0.0001613;0.10;0.05;98.44;0.17;98.44;0.09332;0.09187;0.001453;-10.300;-10.368;-28.378;1.00;26.28;
2025-11-03 15:14:07.26;0.00:00:30:132;1.00;0.00;0.00;0.09357;0.09215;0.0003571;0.0001417;0.11;0.04;98.48;0.15;98.48;0.09357;0.09215;0.00142;-10.288;-10.355;-28.476;1.00;21.64;
2025-11-03 15:14:07.32;0.00:00:30:191;1.00;0.00;0.00;0.09347;0.09204;0.0003194;0.0001373;0.10;0.04;98.47;0.15;98.47;0.09347;0.09204;0.001426;-10.293;-10.360;-28.458;1.00;23.26;
2025-11-03 15:14:07.37;0.00:00:30:240;1.00;0.00;0.00;0.09349;0.09208;0.0003111;0.0001373;0.10;0.04;98.49;0.15;98.49;0.09349;0.09208;0.001413;-10.292;-10.358;-28.499;1.00;23.82;
2025-11-03 15:14:07.44;0.00:00:30:307;1.00;0.00;0.00;0.09372;0.09234;0.0002672;0.000163;0.08;0.05;98.53;0.17;98.53;0.09372;0.09234;0.001379;-10.282;-10.346;-28.603;1.00;31.38;
2025-11-03 15:14:07.49;0.00:00:30:363;1.00;0.00;0.00;0.09359;0.09214;0.0002965;0.0001543;0.09;0.05;98.46;0.16;98.46;0.09359;0.09214;0.001446;-10.288;-10.355;-28.399;1.00;27.50;
2025-11-03 15:14:07.53;0.00:00:30:406;1.00;0.00;0.00;0.09371;0.09231;0.0003116;0.0001472;0.10;0.05;98.51;0.16;98.51;0.09371;0.09231;0.001397;-10.282;-10.347;-28.548;1.00;25.29;
2025-11-03 15:14:07.59;0.00:00:30:466;1.00;0.00;0.00;0.0936;0.09223;0.0002744;0.0001713;0.09;0.05;98.53;0.18;98.53;0.0936;0.09223;0.001373;-10.287;-10.351;-28.623;1.00;31.97;
2025-11-03 15:14:07.65;0.00:00:30:519;1.00;0.00;0.00;0.09337;0.09195;0.0002946;0.0001443;0.09;0.04;98.47;0.15;98.47;0.09337;0.09195;0.001425;-10.298;-10.364;-28.462;1.00;26.11;
2025-11-03 15:14:07.70;0.00:00:30:572;1.00;0.00;0.00;0.09345;0.09201;0.000343;0.0001573;0.11;0.05;98.46;0.17;98.46;0.09345;0.09202;0.001436;-10.294;-10.361;-28.428;1.00;24.63;
2025-11-03 15:14:07.75;0.00:00:30:620;1.00;0.00;0.00;0.09363;0.09221;0.0002854;0.0001496;0.09;0.05;98.49;0.16;98.49;0.09363;0.09221;0.001415;-10.286;-10.352;-28.491;1.00;27.66;
2025-11-03 15:14:07.80;0.00:00:30:671;1.00;0.00;0.00;0.09346;0.09208;0.0002985;0.0001513;0.09;0.05;98.53;0.16;98.53;0.09346;0.09208;0.001375;-10.294;-10.358;-28.617;1.00;26.87;
2025-11-03 15:14:07.86;0.00:00:30:734;1.00;0.00;0.00;0.09349;0.09203;0.0003232;0.0001281;0.10;0.04;98.44;0.14;98.44;0.09349;0.09203;0.001457;-10.292;-10.361;-28.365;1.00;21.62;
2025-11-03 15:14:07.91;0.00:00:30:785;1.00;0.00;0.00;0.09327;0.09185;0.0002603;0.0001465;0.08;0.05;98.48;0.16;98.48;0.09327;0.09185;0.001416;-10.303;-10.369;-28.491;1.00;29.37;
2025-11-03 15:14:07.96;0.00:00:30:836;1.00;0.00;0.00;0.09326;0.09185;0.0003093;0.0001487;0.10;0.05;98.48;0.16;98.48;0.09326;0.09185;0.001417;-10.303;-10.369;-28.487;1.00;25.67;
2025-11-03 15:14:08.02;0.00:00:30:895;1.00;0.00;0.00;0.09356;0.09213;0.0002931;0.0001343;0.09;0.04;98.48;0.14;98.48;0.09356;0.09213;0.001424;-10.289;-10.356;-28.466;1.00;24.62;
2025-11-03 15:14:08.07;0.00:00:30:945;1.00;0.00;0.00;0.09356;0.09217;0.0002779;0.0001516;0.09;0.05;98.51;0.16;98.51;0.09356;0.09217;0.00139;-10.289;-10.354;-28.570;1.00;28.62;
2025-11-03 15:14:08.14;0.00:00:31:008;1.00;0.00;0.00;0.09346;0.09205;0.0003006;0.0001457;0.09;0.05;98.50;0.16;98.50;0.09346;0.09205;0.001405;-10.294;-10.360;-28.524;1.00;25.86;
2025-11-03 15:14:08.19;0.00:00:31:060;1.00;0.00;0.00;0.0935;0.09207;0.00028;0.0001388;0.09;0.04;98.48;0.15;98.48;0.0935;0.09207;0.001424;-10.292;-10.359;-28.464;1.00;26.37;
2025-11-03 15:14:08.25;0.00:00:31:120;1.00;0.00;0.00;0.09339;0.09198;0.0002674;0.0001582;0.08;0.05;98.49;0.17;98.49;0.09339;0.09198;0.001412;-10.297;-10.363;-28.501;1.00;30.62;
2025-11-03 15:14:08.30;0.00:00:31:171;1.00;0.00;0.00;0.09332;0.0919;0.0002732;0.0001368;0.09;0.04;98.48;0.15;98.48;0.09332;0.0919;0.00142;-10.300;-10.367;-28.478;1.00;26.60;
2025-11-03 15:14:08.35;0.00:00:31:223;1.00;0.00;0.00;0.09331;0.09191;0.000283;0.0001427;0.09;0.04;98.50;0.15;98.50;0.09331;0.09191;0.001399;-10.301;-10.366;-28.540;1.00;26.76;
2025-11-03 15:14:08.40;0.00:00:31:273;1.00;0.00;0.00;0.0933;0.09186;0.0003033;0.0001516;0.09;0.05;98.46;0.16;98.46;0.0933;0.09186;0.001436;-10.301;-10.369;-28.430;1.00;26.56;
2025-11-03 15:14:08.45;0.00:00:31:321;1.00;0.00;0.00;0.09329;0.09188;0.0002735;0.0001631;0.09;0.05;98.48;0.17;98.48;0.09329;0.09188;0.001415;-10.302;-10.368;-28.492;1.00;30.80;
2025-11-03 15:14:08.50;0.00:00:31:376;1.00;0.00;0.00;0.09321;0.0918;0.0002784;0.0001453;0.09;0.05;98.48;0.16;98.48;0.09321;0.0918;0.001413;-10.305;-10.372;-28.499;1.00;27.56;
2025-11-03 15:14:08.55;0.00:00:31:423;1.00;0.00;0.00;0.09325;0.09184;0.000293;0.0001476;0.09;0.05;98.49;0.16;98.49;0.09325;0.09184;0.001408;-10.303;-10.370;-28.514;1.00;26.73;
2025-11-03 15:14:08.60;0.00:00:31:470;1.00;0.00;0.00;0.0933;0.09188;0.0002995;0.0001458;0.09;0.05;98.48;0.16;98.48;0.0933;0.09188;0.001414;-10.301;-10.368;-28.496;1.00;25.96;
2025-11-03 15:14:08.65;0.00:00:31:523;1.00;0.00;0.00;0.09333;0.09191;0.0003115;0.0001384;0.10;0.04;98.48;0.15;98.48;0.09333;0.09191;0.001416;-10.300;-10.366;-28.488;1.00;23.96;
2025-11-03 15:14:08.70;0.00:00:31:573;1.00;0.00;0.00;0.0934;0.09197;0.0002932;0.0001493;0.09;0.05;98.47;0.16;98.47;0.0934;0.09197;0.001433;-10.297;-10.364;-28.437;1.00;26.99;
2025-11-03 15:14:08.75;0.00:00:31:621;1.00;0.00;0.00;0.09344;0.09202;0.0002937;0.0001521;0.09;0.05;98.48;0.16;98.48;0.09344;0.09202;0.001422;-10.295;-10.361;-28.472;1.00;27.38;
2025-11-03 15:14:08.82;0.00:00:31:688;1.00;0.00;0.00;0.09335;0.09195;0.0002536;0.0001436;0.08;0.04;98.50;0.15;98.50;0.09335;0.09195;0.001397;-10.299;-10.364;-28.547;1.00;29.53;
2025-11-03 15:14:08.86;0.00:00:31:735;1.00;0.00;0.00;0.09327;0.09187;0.0003312;0.0001475;0.10;0.05;98.50;0.16;98.50;0.09327;0.09187;0.001403;-10.302;-10.368;-28.530;1.00;24.01;
2025-11-03 15:14:08.91;0.00:00:31:786;1.00;0.00;0.00;0.09328;0.09191;0.0002733;0.0001385;0.09;0.04;98.53;0.15;98.53;0.09328;0.09191;0.001374;-10.302;-10.367;-28.620;1.00;26.88;
2025-11-03 15:14:08.97;0.00:00:31:838;1.00;0.00;0.00;0.09318;0.09179;0.000323;0.0001321;0.10;0.04;98.51;0.14;98.51;0.09318;0.0918;0.001387;-10.307;-10.372;-28.580;1.00;22.24;
2025-11-03 15:14:09.02;0.00:00:31:894;1.00;0.00;0.00;0.09326;0.09187;0.0002987;0.0001587;0.09;0.05;98.51;0.17;98.51;0.09326;0.09187;0.001392;-10.303;-10.368;-28.563;1.00;27.98;
2025-11-03 15:14:09.08;0.00:00:31:950;1.00;0.00;0.00;0.09325;0.09183;0.0003036;0.0001447;0.09;0.05;98.47;0.16;98.47;0.09325;0.09183;0.001427;-10.303;-10.370;-28.454;1.00;25.49;
2025-11-03 15:14:09.13;0.00:00:32:000;1.00;0.00;0.00;0.09342;0.092;0.0002675;0.0001503;0.08;0.05;98.47;0.16;98.47;0.09342;0.092;0.001426;-10.296;-10.362;-28.459;1.00;29.34;
2025-11-03 15:14:09.18;0.00:00:32:050;1.00;0.00;0.00;0.09338;0.09197;0.0002922;0.0001648;0.09;0.05;98.49;0.18;98.49;0.09338;0.09197;0.00141;-10.298;-10.364;-28.509;1.00;29.42;
2025-11-03 15:14:09.23;0.00:00:32:102;1.00;0.00;0.00;0.09333;0.09194;0.0002941;0.0001323;0.09;0.04;98.52;0.14;98.52;0.09333;0.09194;0.001385;-10.300;-10.365;-28.586;1.00;24.23;
2025-11-03 15:14:09.29;0.00:00:32:157;1.00;0.00;0.00;0.09334;0.09192;0.0003202;0.0001502;0.10;0.05;98.49;0.16;98.49;0.09334;0.09192;0.001414;-10.299;-10.366;-28.496;1.00;25.13;
2025-11-03 15:14:09.33;0.00:00:32:205;1.00;0.00;0.00;0.09333;0.09195;0.0002904;0.0001487;0.09;0.05;98.53;0.16;98.53;0.09333;0.09195;0.001374;-10.300;-10.364;-28.620;1.00;27.12;
2025-11-03 15:14:09.40;0.00:00:32:266;1.00;0.00;0.00;0.09338;0.092;0.0002447;0.0001495;0.08;0.05;98.53;0.16;98.53;0.09338;0.092;0.001375;-10.298;-10.362;-28.618;1.00;31.42;
2025-11-03 15:14:09.45;0.00:00:32:318;1.00;0.00;0.00;0.09333;0.09193;0.0003051;0.0001403;0.10;0.04;98.50;0.15;98.50;0.09333;0.09193;0.001399;-10.300;-10.365;-28.542;1.00;24.69;
2025-11-03 15:14:09.50;0.00:00:32:370;1.00;0.00;0.00;0.0934;0.09197;0.0003432;0.0001413;0.11;0.04;98.46;0.15;98.46;0.0934;0.09197;0.001435;-10.296;-10.364;-28.433;1.00;22.38;
2025-11-03 15:14:09.56;0.00:00:32:432;1.00;0.00;0.00;0.09356;0.09218;0.0002671;0.0001537;0.08;0.05;98.53;0.16;98.53;0.09356;0.09218;0.001376;-10.289;-10.354;-28.614;1.00;29.92;
2025-11-03 15:14:09.62;0.00:00:32:490;1.00;0.00;0.00;0.09337;0.09195;0.0002452;0.0001434;0.08;0.04;98.48;0.15;98.48;0.09337;0.09195;0.001418;-10.298;-10.365;-28.483;1.00;30.32;
2025-11-03 15:14:09.67;0.00:00:32:543;1.00;0.00;0.00;0.09333;0.09193;0.0003026;0.0001556;0.09;0.05;98.49;0.17;98.49;0.09333;0.09193;0.001405;-10.300;-10.366;-28.524;1.00;27.21;
2025-11-03 15:14:09.72;0.00:00:32:593;1.00;0.00;0.00;0.09319;0.09181;0.0002625;0.0001579;0.08;0.05;98.52;0.17;98.52;0.09319;0.09182;0.001375;-10.306;-10.371;-28.617;1.00;31.03;
2025-11-03 15:14:09.78;0.00:00:32:652;1.00;0.00;0.00;0.09296;0.09156;0.0002686;0.0001439;0.08;0.05;98.50;0.15;98.50;0.09296;0.09156;0.001398;-10.317;-10.383;-28.545;1.00;28.17;
2025-11-03 15:14:09.83;0.00:00:32:703;1.00;0.00;0.00;0.09323;0.09183;0.0003362;0.0001526;0.10;0.05;98.50;0.16;98.50;0.09323;0.09183;0.001401;-10.305;-10.370;-28.536;1.00;24.42;
2025-11-03 15:14:09.89;0.00:00:32:759;1.00;0.00;0.00;0.09322;0.09181;0.0003098;0.0001577;0.10;0.05;98.48;0.17;98.48;0.09322;0.09181;0.001415;-10.305;-10.371;-28.491;1.00;26.99;
2025-11-03 15:14:09.94;0.00:00:32:812;1.00;0.00;0.00;0.0931;0.0917;0.0002988;0.0001583;0.09;0.05;98.50;0.17;98.50;0.0931;0.0917;0.001393;-10.311;-10.376;-28.559;1.00;27.90;
2025-11-03 15:14:10.00;0.00:00:32:872;1.00;0.00;0.00;0.09292;0.0915;0.0002859;0.0001356;0.09;0.04;98.48;0.15;98.48;0.09292;0.0915;0.001417;-10.319;-10.386;-28.487;1.00;25.38;
2025-11-03 15:14:10.05;0.00:00:32:923;1.00;0.00;0.00;0.09292;0.0915;0.0003032;0.0001399;0.09;0.04;98.47;0.15;98.47;0.09292;0.0915;0.001421;-10.319;-10.386;-28.474;1.00;24.77;
2025-11-03 15:14:10.10;0.00:00:32:975;1.00;0.00;0.00;0.093;0.09156;0.0003288;0.0001306;0.10;0.04;98.46;0.14;98.46;0.093;0.09156;0.001435;-10.315;-10.383;-28.431;1.00;21.66;
2025-11-03 15:14:10.15;0.00:00:33:025;1.00;0.00;0.00;0.09328;0.09187;0.0003563;0.0001485;0.11;0.05;98.49;0.16;98.49;0.09328;0.09187;0.001404;-10.302;-10.368;-28.526;1.00;22.62;
2025-11-03 15:14:10.20;0.00:00:33:076;1.00;0.00;0.00;0.0933;0.09189;0.0002789;0.0001605;0.09;0.05;98.48;0.17;98.48;0.0933;0.09189;0.001414;-10.301;-10.367;-28.495;1.00;29.92;
2025-11-03 15:14:10.26;0.00:00:33:131;1.00;0.00;0.00;0.09325;0.09183;0.0003152;0.0001529;0.10;0.05;98.47;0.16;98.47;0.09325;0.09183;0.001422;-10.304;-10.370;-28.470;1.00;25.88;
2025-11-03 15:14:10.32;0.00:00:33:187;1.00;0.00;0.00;0.09321;0.09181;0.0002615;0.000118;0.08;0.04;98.50;0.13;98.50;0.09321;0.09181;0.001398;-10.305;-10.371;-28.544;1.00;24.28;
2025-11-03 15:14:10.37;0.00:00:33:238;1.00;0.00;0.00;0.09328;0.09194;0.000235;0.0001588;0.07;0.05;98.57;0.17;98.57;0.09328;0.09194;0.001337;-10.302;-10.365;-28.739;1.00;34.05;
2025-11-03 15:14:10.42;0.00:00:33:290;1.00;0.00;0.00;0.09314;0.09175;0.0003153;0.0001609;0.10;0.05;98.51;0.17;98.51;0.09314;0.09175;0.001385;-10.309;-10.374;-28.585;1.00;27.03;
2025-11-03 15:14:10.47;0.00:00:33:339;1.00;0.00;0.00;0.093;0.09159;0.0003203;0.0001366;0.10;0.04;98.48;0.15;98.48;0.093;0.09159;0.001415;-10.315;-10.382;-28.493;1.00;23.09;
2025-11-03 15:14:10.52;0.00:00:33:390;1.00;0.00;0.00;0.09316;0.09175;0.0003319;0.0001456;0.10;0.05;98.49;0.16;98.49;0.09316;0.09175;0.00141;-10.308;-10.374;-28.509;1.00;23.69;
2025-11-03 15:14:10.57;0.00:00:33:441;1.00;0.00;0.00;0.09305;0.09167;0.0002331;0.000157;0.07;0.05;98.51;0.17;98.51;0.09305;0.09167;0.001382;-10.313;-10.378;-28.594;1.00;33.96;
2025-11-03 15:14:10.62;0.00:00:33:487;1.00;0.00;0.00;0.09296;0.09155;0.0003216;0.0001584;0.10;0.05;98.48;0.17;98.48;0.09296;0.09155;0.001416;-10.317;-10.384;-28.491;1.00;26.22;
2025-11-03 15:14:10.67;0.00:00:33:540;1.00;0.00;0.00;0.09333;0.09195;0.0002793;0.0001515;0.09;0.05;98.52;0.16;98.52;0.09333;0.09195;0.001382;-10.300;-10.364;-28.595;1.00;28.47;
2025-11-03 15:14:10.71;0.00:00:33:586;1.00;0.00;0.00;0.09318;0.09177;0.0002683;0.0001495;0.08;0.05;98.49;0.16;98.49;0.09318;0.09177;0.001411;-10.307;-10.373;-28.506;1.00;29.13;
2025-11-03 15:14:10.77;0.00:00:33:642;1.00;0.00;0.00;0.09306;0.09164;0.0002928;0.0001425;0.09;0.04;98.47;0.15;98.47;0.09306;0.09164;0.001427;-10.312;-10.379;-28.457;1.00;25.95;
2025-11-03 15:14:10.82;0.00:00:33:690;1.00;0.00;0.00;0.0933;0.09186;0.0003645;0.0001579;0.11;0.05;98.46;0.17;98.46;0.0933;0.09186;0.001441;-10.301;-10.369;-28.415;1.00;23.43;
2025-11-03 15:14:10.86;0.00:00:33:735;1.00;0.00;0.00;0.09327;0.09188;0.0003062;0.0001584;0.10;0.05;98.51;0.17;98.51;0.09327;0.09188;0.001388;-10.303;-10.368;-28.575;1.00;27.36;
2025-11-03 15:14:10.91;0.00:00:33:785;1.00;0.00;0.00;0.0934;0.09201;0.0002761;0.0001671;0.09;0.05;98.52;0.18;98.52;0.0934;0.09201;0.001385;-10.297;-10.361;-28.586;1.00;31.18;
2025-11-03 15:14:10.97;0.00:00:33:839;1.00;0.00;0.00;0.09335;0.09194;0.0003371;0.0001525;0.11;0.05;98.48;0.16;98.48;0.09335;0.09194;0.001415;-10.299;-10.365;-28.491;1.00;24.34;
2025-11-03 15:14:11.02;0.00:00:33:894;1.00;0.00;0.00;0.09339;0.09199;0.0003136;0.0001629;0.10;0.05;98.50;0.17;98.50;0.09339;0.09199;0.001401;-10.297;-10.362;-28.536;1.00;27.45;
2025-11-03 15:14:11.08;0.00:00:33:949;1.00;0.00;0.00;0.09321;0.09184;0.0002684;0.0001615;0.08;0.05;98.53;0.17;98.53;0.09321;0.09184;0.001371;-10.305;-10.370;-28.630;1.00;31.04;
2025-11-03 15:14:11.13;0.00:00:34:001;1.00;0.00;0.00;0.09302;0.09165;0.0003018;0.0001524;0.09;0.05;98.52;0.16;98.52;0.09302;0.09165;0.001374;-10.314;-10.379;-28.620;1.00;26.79;
2025-11-03 15:14:11.18;0.00:00:34:051;1.00;0.00;0.00;0.09315;0.09173;0.0003383;0.0001515;0.11;0.05;98.48;0.16;98.48;0.09315;0.09173;0.001417;-10.308;-10.375;-28.487;1.00;24.13;
2025-11-03 15:14:11.23;0.00:00:34:103;1.00;0.00;0.00;0.09319;0.09179;0.0003178;0.0001644;0.10;0.05;98.50;0.18;98.50;0.09319;0.09179;0.001401;-10.306;-10.372;-28.534;1.00;27.36;
2025-11-03 15:14:11.28;0.00:00:34:152;1.00;0.00;0.00;0.09327;0.09185;0.0003041;0.000145;0.09;0.05;98.48;0.16;98.48;0.09327;0.09185;0.001421;-10.302;-10.369;-28.474;1.00;25.49;
2025-11-03 15:14:11.33;0.00:00:34:205;1.00;0.00;0.00;0.09329;0.09189;0.0003269;0.0001564;0.10;0.05;98.50;0.17;98.50;0.09329;0.09189;0.001403;-10.302;-10.367;-28.528;1.00;25.57;
2025-11-03 15:14:11.40;0.00:00:34:266;1.00;0.00;0.00;0.09328;0.09187;0.000326;0.0001548;0.10;0.05;98.49;0.17;98.49;0.09328;0.09187;0.001406;-10.302;-10.368;-28.519;1.00;25.39;
2025-11-03 15:14:11.44;0.00:00:34:316;1.00;0.00;0.00;0.09324;0.09184;0.0003093;0.0001638;0.10;0.05;98.50;0.18;98.50;0.09324;0.09184;0.0014;-10.304;-10.370;-28.539;1.00;27.90;
2025-11-03 15:14:11.50;0.00:00:34:369;1.00;0.00;0.00;0.0931;0.09173;0.0002693;0.0001531;0.08;0.05;98.52;0.16;98.52;0.0931;0.09173;0.001376;-10.310;-10.375;-28.613;1.00;29.62;
2025-11-03 15:14:11.55;0.00:00:34:419;1.00;0.00;0.00;0.09359;0.09219;0.0003069;0.0001946;0.10;0.06;98.50;0.21;98.50;0.09359;0.09219;0.001405;-10.288;-10.353;-28.522;1.00;32.39;
2025-11-03 15:14:11.60;0.00:00:34:471;1.00;0.00;0.00;0.09319;0.09183;0.0002427;0.0001462;0.08;0.05;98.54;0.16;98.54;0.09319;0.09183;0.001358;-10.306;-10.370;-28.672;1.00;31.06;
2025-11-03 15:14:11.65;0.00:00:34:523;1.00;0.00;0.00;0.09335;0.09194;0.0003587;0.0001672;0.11;0.05;98.49;0.18;98.49;0.09335;0.09194;0.00141;-10.299;-10.365;-28.509;1.00;24.99;
2025-11-03 15:14:11.70;0.00:00:34:573;1.00;0.00;0.00;0.09335;0.09197;0.0003077;0.0001565;0.10;0.05;98.53;0.17;98.53;0.09335;0.09197;0.001373;-10.299;-10.363;-28.623;1.00;26.95;
2025-11-03 15:14:11.76;0.00:00:34:636;1.00;0.00;0.00;0.09324;0.09187;0.00028;0.0001633;0.09;0.05;98.54;0.18;98.54;0.09324;0.09187;0.001365;-10.304;-10.368;-28.648;1.00;30.25;
2025-11-03 15:14:11.81;0.00:00:34:685;1.00;0.00;0.00;0.09346;0.09201;0.0003984;0.0001484;0.12;0.05;98.45;0.16;98.45;0.09346;0.09201;0.00145;-10.294;-10.362;-28.385;1.00;20.43;
2025-11-03 15:14:11.87;0.00:00:34:738;1.00;0.00;0.00;0.09354;0.09215;0.0003026;0.0001606;0.09;0.05;98.51;0.17;98.51;0.09354;0.09215;0.001392;-10.290;-10.355;-28.563;1.00;27.96;
2025-11-03 15:14:11.92;0.00:00:34:788;1.00;0.00;0.00;0.09338;0.092;0.0002856;0.0001682;0.09;0.05;98.51;0.18;98.51;0.09338;0.092;0.001387;-10.297;-10.362;-28.580;1.00;30.49;
2025-11-03 15:14:11.97;0.00:00:34:841;1.00;0.00;0.00;0.09316;0.09174;0.0003115;0.0001512;0.10;0.05;98.48;0.16;98.48;0.09316;0.09174;0.001414;-10.308;-10.374;-28.495;1.00;25.89;
2025-11-03 15:14:12.02;0.00:00:34:891;1.00;0.00;0.00;0.09333;0.09196;0.0003078;0.0001676;0.10;0.05;98.54;0.18;98.53;0.09333;0.09196;0.001367;-10.300;-10.364;-28.642;1.00;28.57;
2025-11-03 15:14:12.07;0.00:00:34:939;1.00;0.00;0.00;0.09335;0.09192;0.0003696;0.0001332;0.12;0.04;98.46;0.14;98.46;0.09335;0.09192;0.001437;-10.299;-10.366;-28.426;1.00;19.81;
2025-11-03 15:14:12.11;0.00:00:34:984;1.00;0.00;0.00;0.09338;0.09198;0.0002846;0.0001518;0.09;0.05;98.50;0.16;98.50;0.09338;0.09198;0.0014;-10.297;-10.363;-28.539;1.00;28.08;
2025-11-03 15:14:12.16;0.00:00:35:034;1.00;0.00;0.00;0.09335;0.09194;0.000313;0.0001423;0.10;0.04;98.49;0.15;98.49;0.09335;0.09194;0.001407;-10.299;-10.365;-28.518;1.00;24.46;
2025-11-03 15:14:12.22;0.00:00:35:087;1.00;0.00;0.00;0.09331;0.09193;0.0003076;0.0001644;0.10;0.05;98.53;0.18;98.53;0.09331;0.09194;0.001371;-10.301;-10.365;-28.631;1.00;28.12;
2025-11-03 15:14:12.27;0.00:00:35:139;1.00;0.00;0.00;0.09335;0.09191;0.0003574;0.0001511;0.11;0.05;98.46;0.16;98.46;0.09335;0.09191;0.00144;-10.299;-10.367;-28.417;1.00;22.92;
2025-11-03 15:14:12.32;0.00:00:35:189;1.00;0.00;0.00;0.09337;0.09201;0.000244;0.000165;0.08;0.05;98.54;0.18;98.54;0.09337;0.09201;0.001359;-10.298;-10.362;-28.668;1.00;34.07;
2025-11-03 15:14:12.37;0.00:00:35:240;1.00;0.00;0.00;0.09322;0.09181;0.0003176;0.0001531;0.10;0.05;98.49;0.16;98.49;0.09322;0.09181;0.001408;-10.305;-10.371;-28.514;1.00;25.73;
2025-11-03 15:14:12.42;0.00:00:35:294;1.00;0.00;0.00;0.09353;0.09215;0.0003273;0.0001711;0.10;0.05;98.52;0.18;98.52;0.09353;0.09215;0.001383;-10.290;-10.355;-28.592;1.00;27.60;
2025-11-03 15:14:12.47;0.00:00:35:343;1.00;0.00;0.00;0.09321;0.09184;0.0002735;0.0001537;0.09;0.05;98.53;0.16;98.53;0.09321;0.09184;0.001372;-10.305;-10.370;-28.626;1.00;29.33;
2025-11-03 15:14:12.53;0.00:00:35:402;1.00;0.00;0.00;0.09303;0.09163;0.0002606;0.0001636;0.08;0.05;98.50;0.18;98.50;0.09303;0.09163;0.001397;-10.314;-10.379;-28.547;1.00;32.12;
2025-11-03 15:14:12.59;0.00:00:35:463;1.00;0.00;0.00;0.09297;0.09153;0.0003512;0.0001616;0.11;0.05;98.46;0.17;98.46;0.09297;0.09153;0.001433;-10.317;-10.384;-28.436;1.00;24.71;
2025-11-03 15:14:12.64;0.00:00:35:511;1.00;0.00;0.00;0.09309;0.09167;0.0003659;0.0001498;0.11;0.05;98.47;0.16;98.47;0.09309;0.09167;0.001427;-10.311;-10.378;-28.455;1.00;22.26;
2025-11-03 15:14:12.69;0.00:00:35:557;1.00;0.00;0.00;0.09335;0.09196;0.0003108;0.0001579;0.10;0.05;98.52;0.17;98.52;0.09335;0.09196;0.001385;-10.299;-10.364;-28.585;1.00;26.94;
2025-11-03 15:14:12.73;0.00:00:35:604;1.00;0.00;0.00;0.09333;0.09189;0.0003156;0.0001496;0.10;0.05;98.45;0.16;98.45;0.09333;0.09189;0.001446;-10.300;-10.367;-28.398;1.00;25.36;
2025-11-03 15:14:12.78;0.00:00:35:651;1.00;0.00;0.00;0.0933;0.09195;0.0003059;0.0001518;0.10;0.05;98.55;0.16;98.55;0.0933;0.09195;0.001351;-10.301;-10.365;-28.695;1.00;26.39;
2025-11-03 15:14:12.83;0.00:00:35:700;1.00;0.00;0.00;0.09328;0.09189;0.0003116;0.0001619;0.10;0.05;98.50;0.17;98.50;0.09328;0.09189;0.001396;-10.302;-10.368;-28.552;1.00;27.46;
2025-11-03 15:14:12.89;0.00:00:35:761;1.00;0.00;0.00;0.09321;0.09181;0.0002956;0.0001468;0.09;0.05;98.50;0.16;98.50;0.09321;0.09181;0.001402;-10.305;-10.371;-28.534;1.00;26.41;
2025-11-03 15:14:12.94;0.00:00:35:809;1.00;0.00;0.00;0.09318;0.0918;0.0003075;0.0001611;0.10;0.05;98.52;0.17;98.52;0.09318;0.0918;0.001383;-10.307;-10.372;-28.591;1.00;27.65;
2025-11-03 15:14:12.98;0.00:00:35:855;1.00;0.00;0.00;0.09323;0.09181;0.0003105;0.0001666;0.10;0.05;98.48;0.18;98.48;0.09323;0.09182;0.001417;-10.304;-10.371;-28.486;1.00;28.22;
2025-11-03 15:14:13.03;0.00:00:35:903;1.00;0.00;0.00;0.09332;0.09191;0.00036;0.0001639;0.11;0.05;98.49;0.18;98.49;0.09332;0.09191;0.001411;-10.300;-10.366;-28.505;1.00;24.48;
2025-11-03 15:14:13.08;0.00:00:35:949;1.00;0.00;0.00;0.0934;0.09202;0.0002985;0.0001451;0.09;0.05;98.52;0.16;98.52;0.0934;0.09202;0.001383;-10.297;-10.361;-28.593;1.00;25.92;
2025-11-03 15:14:13.13;0.00:00:35:997;1.00;0.00;0.00;0.09334;0.09197;0.0002987;0.0001599;0.09;0.05;98.54;0.17;98.54;0.09334;0.09197;0.001365;-10.299;-10.363;-28.647;1.00;28.17;
2025-11-03 15:14:13.17;0.00:00:36:044;1.00;0.00;0.00;0.09328;0.09189;0.0002695;0.0001594;0.08;0.05;98.52;0.17;98.52;0.09328;0.09189;0.001385;-10.302;-10.367;-28.586;1.00;30.61;
2025-11-03 15:14:13.22;0.00:00:36:090;1.00;0.00;0.00;0.09322;0.09183;0.000315;0.0001644;0.10;0.05;98.51;0.18;98.51;0.09322;0.09183;0.001392;-10.305;-10.370;-28.565;1.00;27.56;
2025-11-03 15:14:13.27;0.00:00:36:137;1.00;0.00;0.00;0.09337;0.09196;0.0003347;0.0001481;0.10;0.05;98.49;0.16;98.49;0.09337;0.09196;0.00141;-10.298;-10.364;-28.508;1.00;23.87;
2025-11-03 15:14:13.31;0.00:00:36:183;1.00;0.00;0.00;0.0934;0.092;0.0003315;0.0001368;0.10;0.04;98.50;0.15;98.50;0.0934;0.092;0.001403;-10.296;-10.362;-28.530;1.00;22.43;
2025-11-03 15:14:13.36;0.00:00:36:231;1.00;0.00;0.00;0.09372;0.09229;0.0003624;0.0001492;0.11;0.05;98.47;0.16;98.47;0.09372;0.09229;0.001431;-10.281;-10.348;-28.444;1.00;22.38;
2025-11-03 15:14:13.40;0.00:00:36:276;1.00;0.00;0.00;0.09377;0.09239;0.000272;0.0001729;0.08;0.05;98.53;0.18;98.53;0.09377;0.09239;0.001382;-10.279;-10.344;-28.594;1.00;32.45;
2025-11-03 15:14:13.45;0.00:00:36:325;1.00;0.00;0.00;0.09355;0.09218;0.0002531;0.0001614;0.08;0.05;98.54;0.17;98.54;0.09355;0.09218;0.001363;-10.290;-10.354;-28.654;1.00;32.54;
2025-11-03 15:14:13.50;0.00:00:36:371;1.00;0.00;0.00;0.0934;0.092;0.0003124;0.0001651;0.10;0.05;98.50;0.18;98.50;0.0934;0.092;0.001398;-10.296;-10.362;-28.544;1.00;27.85;
2025-11-03 15:14:13.55;0.00:00:36:418;1.00;0.00;0.00;0.09339;0.09201;0.0002925;0.0001613;0.09;0.05;98.52;0.17;98.52;0.09339;0.09201;0.001381;-10.297;-10.362;-28.600;1.00;28.88;
2025-11-03 15:14:13.60;0.00:00:36:467;1.00;0.00;0.00;0.09317;0.09177;0.0003037;0.0001574;0.09;0.05;98.50;0.17;98.50;0.09317;0.09177;0.001402;-10.307;-10.373;-28.533;1.00;27.39;
2025-11-03 15:14:13.64;0.00:00:36:514;1.00;0.00;0.00;0.09325;0.09182;0.0003547;0.0001534;0.11;0.05;98.47;0.16;98.47;0.09325;0.09182;0.00143;-10.303;-10.370;-28.447;1.00;23.39;
2025-11-03 15:14:13.69;0.00:00:36:561;1.00;0.00;0.00;0.09336;0.09195;0.0003131;0.0001481;0.10;0.05;98.49;0.16;98.49;0.09336;0.09195;0.001406;-10.298;-10.364;-28.519;1.00;25.31;
2025-11-03 15:14:13.74;0.00:00:36:607;1.00;0.00;0.00;0.09329;0.09189;0.0003104;0.0001614;0.10;0.05;98.50;0.17;98.50;0.09329;0.09189;0.001403;-10.301;-10.367;-28.528;1.00;27.48;
2025-11-03 15:14:13.78;0.00:00:36:654;1.00;0.00;0.00;0.09321;0.09182;0.0003031;0.0001481;0.09;0.05;98.52;0.16;98.52;0.09321;0.09182;0.001383;-10.305;-10.370;-28.591;1.00;26.03;
2025-11-03 15:14:13.83;0.00:00:36:702;1.00;0.00;0.00;0.09331;0.09193;0.0002621;0.0001748;0.08;0.05;98.52;0.19;98.52;0.09331;0.09194;0.001379;-10.301;-10.365;-28.605;1.00;33.70;
2025-11-03 15:14:13.88;0.00:00:36:747;1.00;0.00;0.00;0.09315;0.09173;0.0003237;0.0001524;0.10;0.05;98.48;0.16;98.48;0.09315;0.09173;0.00142;-10.308;-10.375;-28.478;1.00;25.21;
2025-11-03 15:14:13.92;0.00:00:36:796;1.00;0.00;0.00;0.0932;0.09182;0.0003061;0.0001579;0.10;0.05;98.51;0.17;98.51;0.0932;0.09182;0.001386;-10.306;-10.371;-28.583;1.00;27.29;
2025-11-03 15:14:13.97;0.00:00:36:843;1.00;0.00;0.00;0.09311;0.09171;0.0003059;0.0001584;0.10;0.05;98.50;0.17;98.50;0.09311;0.09171;0.0014;-10.310;-10.376;-28.537;1.00;27.38;
2025-11-03 15:14:14.02;0.00:00:36:889;1.00;0.00;0.00;0.09309;0.0917;0.0003227;0.0001682;0.10;0.05;98.51;0.18;98.51;0.09309;0.0917;0.001386;-10.311;-10.376;-28.583;1.00;27.53;
2025-11-03 15:14:14.06;0.00:00:36:936;1.00;0.00;0.00;0.09317;0.09174;0.0003628;0.0001646;0.11;0.05;98.47;0.18;98.47;0.09317;0.09174;0.001428;-10.307;-10.374;-28.452;1.00;24.41;
2025-11-03 15:14:14.11;0.00:00:36:981;1.00;0.00;0.00;0.09312;0.09172;0.0003249;0.0001492;0.10;0.05;98.49;0.16;98.49;0.09312;0.09172;0.001402;-10.310;-10.375;-28.531;1.00;24.66;
2025-11-03 15:14:14.16;0.00:00:37:029;1.00;0.00;0.00;0.09321;0.09182;0.0003027;0.0001556;0.09;0.05;98.51;0.17;98.51;0.09321;0.09182;0.00139;-10.305;-10.371;-28.571;1.00;27.21;
2025-11-03 15:14:14.20;0.00:00:37:076;1.00;0.00;0.00;0.09329;0.09192;0.000309;0.0001501;0.10;0.05;98.54;0.16;98.54;0.09329;0.09192;0.001365;-10.302;-10.366;-28.649;1.00;25.91;
2025-11-03 15:14:14.25;0.00:00:37:121;1.00;0.00;0.00;0.09333;0.09191;0.0003345;0.0001429;0.10;0.04;98.48;0.15;98.48;0.09333;0.09191;0.001422;-10.300;-10.366;-28.470;1.00;23.13;
2025-11-03 15:14:14.30;0.00:00:37:171;1.00;0.00;0.00;0.09343;0.09206;0.0002954;0.0001627;0.09;0.05;98.53;0.17;98.53;0.09343;0.09206;0.00137;-10.295;-10.359;-28.632;1.00;28.85;
2025-11-03 15:14:14.36;0.00:00:37:232;1.00;0.00;0.00;0.09342;0.092;0.0003304;0.0001625;0.10;0.05;98.49;0.17;98.49;0.09342;0.09201;0.001412;-10.296;-10.362;-28.501;1.00;26.19;
2025-11-03 15:14:14.41;0.00:00:37:278;1.00;0.00;0.00;0.09335;0.09196;0.0003309;0.0001481;0.10;0.05;98.51;0.16;98.51;0.09335;0.09196;0.001391;-10.299;-10.364;-28.568;1.00;24.11;
2025-11-03 15:14:14.45;0.00:00:37:324;1.00;0.00;0.00;0.09329;0.0919;0.0003107;0.000161;0.10;0.05;98.51;0.17;98.51;0.09329;0.0919;0.001391;-10.302;-10.367;-28.567;1.00;27.40;
2025-11-03 15:14:14.50;0.00:00:37:372;1.00;0.00;0.00;0.09313;0.09175;0.0002669;0.0001532;0.08;0.05;98.51;0.16;98.51;0.09313;0.09175;0.001388;-10.309;-10.374;-28.575;1.00;29.86;
2025-11-03 15:14:14.55;0.00:00:37:418;1.00;0.00;0.00;0.09317;0.09177;0.0003568;0.0001524;0.11;0.05;98.50;0.16;98.50;0.09317;0.09177;0.001399;-10.307;-10.373;-28.541;1.00;23.12;
2025-11-03 15:14:14.60;0.00:00:37:471;1.00;0.00;0.00;0.09329;0.0919;0.0003153;0.0001538;0.10;0.05;98.50;0.16;98.50;0.09329;0.0919;0.001398;-10.301;-10.367;-28.544;1.00;26.01;
2025-11-03 15:14:14.66;0.00:00:37:530;1.00;0.00;0.00;0.09334;0.09193;0.0002926;0.0001599;0.09;0.05;98.49;0.17;98.49;0.09334;0.09193;0.001408;-10.299;-10.365;-28.515;1.00;28.66;
2025-11-03 15:14:14.71;0.00:00:37:580;1.00;0.00;0.00;0.0931;0.0917;0.0002987;0.0001671;0.09;0.05;98.49;0.18;98.49;0.0931;0.0917;0.001406;-10.310;-10.376;-28.520;1.00;29.22;
2025-11-03 15:14:14.76;0.00:00:37:630;1.00;0.00;0.00;0.09312;0.09168;0.0003286;0.0001547;0.10;0.05;98.46;0.17;98.46;0.09312;0.09168;0.001438;-10.310;-10.377;-28.423;1.00;25.22;
2025-11-03 15:14:14.81;0.00:00:37:684;1.00;0.00;0.00;0.0931;0.09168;0.0003237;0.0001549;0.10;0.05;98.47;0.17;98.47;0.0931;0.09168;0.001421;-10.310;-10.377;-28.473;1.00;25.57;
2025-11-03 15:14:14.86;0.00:00:37:732;1.00;0.00;0.00;0.09316;0.09172;0.0003288;0.0001488;0.10;0.05;98.46;0.16;98.46;0.09316;0.09172;0.001436;-10.308;-10.375;-28.427;1.00;24.35;
2025-11-03 15:14:14.91;0.00:00:37:784;1.00;0.00;0.00;0.09336;0.09199;0.0003415;0.0001647;0.11;0.05;98.53;0.18;98.53;0.09336;0.09199;0.001374;-10.298;-10.363;-28.620;1.00;25.75;
2025-11-03 15:14:14.96;0.00:00:37:835;1.00;0.00;0.00;0.0934;0.09197;0.0003471;0.0001505;0.11;0.05;98.47;0.16;98.47;0.0934;0.09197;0.001431;-10.296;-10.363;-28.444;1.00;23.44;
2025-11-03 15:14:15.01;0.00:00:37:879;1.00;0.00;0.00;0.09361;0.0922;0.0003312;0.0001576;0.10;0.05;98.50;0.17;98.50;0.09361;0.0922;0.001406;-10.287;-10.352;-28.520;1.00;25.44;
2025-11-03 15:14:15.07;0.00:00:37:940;1.00;0.00;0.00;0.09363;0.09223;0.0003262;0.0001444;0.10;0.04;98.50;0.15;98.50;0.09363;0.09223;0.0014;-10.286;-10.351;-28.538;1.00;23.87;
2025-11-03 15:14:15.13;0.00:00:38:005;1.00;0.00;0.00;0.09343;0.09202;0.0002884;0.0001572;0.09;0.05;98.50;0.17;98.50;0.09343;0.09202;0.001405;-10.295;-10.361;-28.522;1.00;28.60;
2025-11-03 15:14:15.19;0.00:00:38:058;1.00;0.00;0.00;0.0934;0.09202;0.000328;0.0001265;0.10;0.04;98.52;0.14;98.52;0.0934;0.09202;0.00138;-10.296;-10.361;-28.601;1.00;21.08;
2025-11-03 15:14:15.24;0.00:00:38:110;1.00;0.00;0.00;0.09348;0.09212;0.0003157;0.0001667;0.10;0.05;98.54;0.18;98.54;0.09348;0.09212;0.001362;-10.293;-10.357;-28.659;1.00;27.83;
2025-11-03 15:14:15.29;0.00:00:38:162;1.00;0.00;0.00;0.09328;0.09188;0.0003339;0.0001544;0.10;0.05;98.50;0.17;98.50;0.09328;0.09188;0.0014;-10.302;-10.368;-28.539;1.00;24.81;
2025-11-03 15:14:15.34;0.00:00:38:213;1.00;0.00;0.00;0.09327;0.09189;0.0002998;0.0001396;0.09;0.04;98.52;0.15;98.52;0.09327;0.09189;0.001378;-10.303;-10.367;-28.609;1.00;24.97;
2025-11-03 15:14:15.40;0.00:00:38:268;1.00;0.00;0.00;0.09337;0.09195;0.0003782;0.0001454;0.12;0.05;98.48;0.16;98.48;0.09337;0.09195;0.001419;-10.298;-10.364;-28.479;1.00;21.03;
2025-11-03 15:14:15.45;0.00:00:38:325;1.00;0.00;0.00;0.09332;0.09192;0.0002589;0.0001526;0.08;0.05;98.51;0.16;98.51;0.09332;0.09192;0.001393;-10.300;-10.366;-28.560;1.00;30.52;
2025-11-03 15:14:15.51;0.00:00:38:384;1.00;0.00;0.00;0.09334;0.0919;0.0003333;0.0001592;0.10;0.05;98.46;0.17;98.46;0.09334;0.0919;0.00144;-10.299;-10.367;-28.416;1.00;25.54;
2025-11-03 15:14:15.56;0.00:00:38:431;1.00;0.00;0.00;0.09331;0.09196;0.0002999;0.0001769;0.09;0.06;98.55;0.19;98.55;0.09331;0.09196;0.00135;-10.301;-10.364;-28.697;1.00;30.54;
2025-11-03 15:14:15.61;0.00:00:38:480;1.00;0.00;0.00;0.09323;0.09183;0.0003133;0.0001453;0.10;0.05;98.49;0.16;98.49;0.09323;0.09183;0.001404;-10.304;-10.370;-28.525;1.00;24.89;
2025-11-03 15:14:15.65;0.00:00:38:526;1.00;0.00;0.00;0.09342;0.09199;0.000329;0.0001394;0.10;0.04;98.47;0.15;98.47;0.09342;0.09199;0.001433;-10.296;-10.363;-28.439;1.00;22.97;
2025-11-03 15:14:15.70;0.00:00:38:570;1.00;0.00;0.00;0.09356;0.09216;0.000307;0.0001671;0.10;0.05;98.50;0.18;98.50;0.09356;0.09216;0.0014;-10.289;-10.354;-28.539;1.00;28.56;
2025-11-03 15:14:15.75;0.00:00:38:622;1.00;0.00;0.00;0.09333;0.09192;0.0003127;0.000164;0.10;0.05;98.49;0.18;98.49;0.09333;0.09192;0.001407;-10.300;-10.366;-28.518;1.00;27.67;
2025-11-03 15:14:15.80;0.00:00:38:673;1.00;0.00;0.00;0.09334;0.09195;0.0003237;0.0001606;0.10;0.05;98.51;0.17;98.51;0.09334;0.09195;0.001394;-10.299;-10.365;-28.558;1.00;26.39;
2025-11-03 15:14:15.85;0.00:00:38:723;1.00;0.00;0.00;0.09335;0.09195;0.0003089;0.0001672;0.10;0.05;98.50;0.18;98.50;0.09335;0.09195;0.001402;-10.299;-10.364;-28.533;1.00;28.42;
2025-11-03 15:14:15.90;0.00:00:38:769;1.00;0.00;0.00;0.09323;0.09186;0.0002966;0.0001662;0.09;0.05;98.53;0.18;98.53;0.09323;0.09186;0.001373;-10.304;-10.369;-28.625;1.00;29.26;
2025-11-03 15:14:15.95;0.00:00:38:819;1.00;0.00;0.00;0.09319;0.09179;0.0003335;0.0001686;0.10;0.05;98.50;0.18;98.50;0.09319;0.09179;0.001401;-10.306;-10.372;-28.536;1.00;26.82;
2025-11-03 15:14:16.00;0.00:00:38:876;1.00;0.00;0.00;0.09316;0.09175;0.0003072;0.0001575;0.10;0.05;98.49;0.17;98.49;0.09316;0.09176;0.001408;-10.308;-10.374;-28.513;1.00;27.14;
2025-11-03 15:14:16.06;0.00:00:38:928;1.00;0.00;0.00;0.09321;0.0918;0.0003572;0.0001611;0.11;0.05;98.49;0.17;98.49;0.09321;0.0918;0.001407;-10.305;-10.371;-28.517;1.00;24.27;
2025-11-03 15:14:16.11;0.00:00:38:977;1.00;0.00;0.00;0.09327;0.09192;0.0003011;0.0001587;0.09;0.05;98.56;0.17;98.56;0.09327;0.09193;0.001347;-10.303;-10.366;-28.708;1.00;27.79;
2025-11-03 15:14:16.16;0.00:00:39:029;1.00;0.00;0.00;0.09318;0.09181;0.0003033;0.0001601;0.09;0.05;98.54;0.17;98.54;0.09318;0.09181;0.001363;-10.307;-10.371;-28.655;1.00;27.84;
2025-11-03 15:14:16.21;0.00:00:39:080;1.00;0.00;0.00;0.09306;0.09168;0.0003153;0.0001484;0.10;0.05;98.52;0.16;98.52;0.09306;0.09168;0.00138;-10.312;-10.377;-28.602;1.00;25.21;
2025-11-03 15:14:16.27;0.00:00:39:142;1.00;0.00;0.00;0.09322;0.09184;0.0002908;0.0001379;0.09;0.04;98.52;0.15;98.52;0.09322;0.09184;0.00138;-10.305;-10.370;-28.600;1.00;25.37;
2025-11-03 15:14:16.32;0.00:00:39:193;1.00;0.00;0.00;0.09319;0.09179;0.0003036;0.0001574;0.09;0.05;98.51;0.17;98.51;0.09319;0.09179;0.001392;-10.307;-10.372;-28.564;1.00;27.41;
2025-11-03 15:14:16.38;0.00:00:39:249;1.00;0.00;0.00;0.09316;0.09175;0.0003254;0.000165;0.10;0.05;98.49;0.18;98.49;0.09316;0.09175;0.001411;-10.308;-10.374;-28.505;1.00;26.88;
2025-11-03 15:14:16.42;0.00:00:39:295;1.00;0.00;0.00;0.09309;0.09169;0.0002992;0.0001563;0.09;0.05;98.50;0.17;98.49;0.09309;0.09169;0.001401;-10.311;-10.377;-28.536;1.00;27.58;
2025-11-03 15:14:16.47;0.00:00:39:346;1.00;0.00;0.00;0.0932;0.09178;0.0003398;0.0001644;0.11;0.05;98.48;0.18;98.48;0.0932;0.09178;0.00142;-10.306;-10.372;-28.477;1.00;25.81;
2025-11-03 15:14:16.53;0.00:00:39:397;1.00;0.00;0.00;0.09334;0.09192;0.000329;0.0001659;0.10;0.05;98.49;0.18;98.49;0.09334;0.09192;0.001414;-10.299;-10.366;-28.496;1.00;26.76;
2025-11-03 15:14:16.59;0.00:00:39:460;1.00;0.00;0.00;0.0934;0.09199;0.0003413;0.0001612;0.11;0.05;98.49;0.17;98.49;0.0934;0.09199;0.00141;-10.297;-10.363;-28.507;1.00;25.28;
2025-11-03 15:14:16.65;0.00:00:39:521;1.00;0.00;0.00;0.09349;0.09212;0.0003022;0.0001616;0.09;0.05;98.53;0.17;98.53;0.09349;0.09212;0.001373;-10.292;-10.357;-28.622;1.00;28.13;
2025-11-03 15:14:16.71;0.00:00:39:578;1.00;0.00;0.00;0.09337;0.09199;0.0002577;0.0001621;0.08;0.05;98.53;0.17;98.53;0.09337;0.09199;0.001372;-10.298;-10.362;-28.628;1.00;32.17;
2025-11-03 15:14:16.76;0.00:00:39:633;1.00;0.00;0.00;0.09332;0.09193;0.0003457;0.0001489;0.11;0.05;98.51;0.16;98.51;0.09332;0.09193;0.001394;-10.300;-10.366;-28.557;1.00;23.30;
2025-11-03 15:14:16.81;0.00:00:39:684;1.00;0.00;0.00;0.09359;0.09214;0.0003903;0.0001465;0.12;0.05;98.45;0.16;98.45;0.09359;0.09214;0.00145;-10.288;-10.356;-28.385;1.00;20.57;
2025-11-03 15:14:16.86;0.00:00:39:734;1.00;0.00;0.00;0.09359;0.09224;0.0002105;0.0001744;0.07;0.05;98.56;0.19;98.56;0.09359;0.09224;0.001347;-10.288;-10.351;-28.705;1.00;39.65;
2025-11-03 15:14:16.92;0.00:00:39:789;1.00;0.00;0.00;0.09335;0.09195;0.0003169;0.000139;0.10;0.04;98.49;0.15;98.49;0.09335;0.09195;0.001408;-10.299;-10.365;-28.515;1.00;23.69;
2025-11-03 15:14:16.98;0.00:00:39:847;1.00;0.00;0.00;0.0935;0.09209;0.0003114;0.000158;0.10;0.05;98.49;0.17;98.49;0.0935;0.09209;0.00141;-10.292;-10.358;-28.507;1.00;26.90;
2025-11-03 15:14:17.03;0.00:00:39:897;1.00;0.00;0.00;0.09327;0.09189;0.0002949;0.000169;0.09;0.05;98.53;0.18;98.53;0.09327;0.09189;0.001374;-10.303;-10.367;-28.619;1.00;29.82;
2025-11-03 15:14:17.08;0.00:00:39:949;1.00;0.00;0.00;0.09329;0.09187;0.0003487;0.0001385;0.11;0.04;98.47;0.15;98.47;0.09329;0.09187;0.001424;-10.301;-10.368;-28.466;1.00;21.67;
2025-11-03 15:14:17.14;0.00:00:40:010;1.00;0.00;0.00;0.09339;0.09202;0.0002615;0.0001626;0.08;0.05;98.54;0.17;98.54;0.09339;0.09202;0.001367;-10.297;-10.361;-28.644;1.00;31.88;
2025-11-03 15:14:17.19;0.00:00:40:062;1.00;0.00;0.00;0.0931;0.09172;0.000298;0.0001507;0.09;0.05;98.51;0.16;98.51;0.0931;0.09172;0.001384;-10.310;-10.375;-28.588;1.00;26.83;
2025-11-03 15:14:17.24;0.00:00:40:113;1.00;0.00;0.00;0.09314;0.09174;0.0003212;0.0001501;0.10;0.05;98.50;0.16;98.50;0.09314;0.09174;0.001397;-10.309;-10.374;-28.547;1.00;25.06;
2025-11-03 15:14:17.29;0.00:00:40:160;1.00;0.00;0.00;0.0931;0.09172;0.0002777;0.0001577;0.09;0.05;98.52;0.17;98.52;0.0931;0.09172;0.001382;-10.311;-10.376;-28.595;1.00;29.58;
2025-11-03 15:14:17.34;0.00:00:40:213;1.00;0.00;0.00;0.09301;0.09164;0.0002934;0.0001573;0.09;0.05;98.53;0.17;98.53;0.09301;0.09164;0.001372;-10.315;-10.379;-28.628;1.00;28.19;
2025-11-03 15:14:17.40;0.00:00:40:267;1.00;0.00;0.00;0.09326;0.09184;0.0003068;0.0001658;0.10;0.05;98.48;0.18;98.48;0.09326;0.09184;0.001417;-10.303;-10.370;-28.487;1.00;28.39;
2025-11-03 15:14:17.45;0.00:00:40:320;1.00;0.00;0.00;0.09333;0.09192;0.0003179;0.0001552;0.10;0.05;98.49;0.17;98.49;0.09333;0.09192;0.001409;-10.300;-10.366;-28.510;1.00;26.02;
2025-11-03 15:14:17.50;0.00:00:40:370;1.00;0.00;0.00;0.09333;0.09196;0.0002847;0.0001563;0.09;0.05;98.53;0.17;98.53;0.09333;0.09196;0.00137;-10.300;-10.364;-28.633;1.00;28.76;
2025-11-03 15:14:17.56;0.00:00:40:433;1.00;0.00;0.00;0.09317;0.0918;0.0003096;0.0001469;0.10;0.05;98.53;0.16;98.53;0.09317;0.0918;0.001366;-10.307;-10.372;-28.645;1.00;25.37;
2025-11-03 15:14:17.61;0.00:00:40:483;1.00;0.00;0.00;0.09324;0.09181;0.000302;0.0001574;0.09;0.05;98.47;0.17;98.47;0.09324;0.09181;0.001424;-10.304;-10.371;-28.464;1.00;27.53;
2025-11-03 15:14:17.66;0.00:00:40:536;1.00;0.00;0.00;0.09323;0.09183;0.000302;0.0001541;0.09;0.05;98.50;0.17;98.50;0.09323;0.09183;0.001399;-10.304;-10.370;-28.543;1.00;27.03;
2025-11-03 15:14:17.72;0.00:00:40:587;1.00;0.00;0.00;0.09321;0.09182;0.0003002;0.0001522;0.09;0.05;98.50;0.16;98.50;0.09321;0.09182;0.001398;-10.305;-10.371;-28.543;1.00;26.88;
2025-11-03 15:14:17.76;0.00:00:40:636;1.00;0.00;0.00;0.09329;0.09188;0.0003037;0.0001564;0.09;0.05;98.50;0.17;98.50;0.09329;0.09188;0.001403;-10.302;-10.368;-28.531;1.00;27.24;
2025-11-03 15:14:17.82;0.00:00:40:689;1.00;0.00;0.00;0.09339;0.09201;0.0003477;0.0001743;0.11;0.05;98.53;0.19;98.53;0.09339;0.09201;0.001376;-10.297;-10.362;-28.614;1.00;26.62;
2025-11-03 15:14:17.87;0.00:00:40:739;1.00;0.00;0.00;0.09335;0.09195;0.000317;0.0001518;0.10;0.05;98.51;0.16;98.51;0.09335;0.09196;0.001391;-10.299;-10.364;-28.568;1.00;25.58;
2025-11-03 15:14:17.92;0.00:00:40:790;1.00;0.00;0.00;0.09338;0.09201;0.0003027;0.000167;0.09;0.05;98.54;0.18;98.54;0.09338;0.09201;0.001367;-10.297;-10.361;-28.643;1.00;28.89;
2025-11-03 15:14:17.97;0.00:00:40:842;1.00;0.00;0.00;0.09344;0.09203;0.0003738;0.000147;0.12;0.05;98.49;0.16;98.49;0.09344;0.09203;0.00141;-10.295;-10.361;-28.507;1.00;21.46;
2025-11-03 15:14:18.02;0.00:00:40:893;1.00;0.00;0.00;0.09353;0.09217;0.0002466;0.0001747;0.08;0.05;98.55;0.19;98.55;0.09353;0.09217;0.001359;-10.290;-10.354;-28.667;1.00;35.32;
2025-11-03 15:14:18.07;0.00:00:40:946;1.00;0.00;0.00;0.09331;0.09193;0.0002982;0.0001762;0.09;0.05;98.51;0.19;98.51;0.09331;0.09193;0.001386;-10.301;-10.366;-28.582;1.00;30.57;
2025-11-03 15:14:18.12;0.00:00:40:996;1.00;0.00;0.00;0.09314;0.09178;0.0002513;0.0001685;0.08;0.05;98.55;0.18;98.55;0.09314;0.09178;0.001354;-10.309;-10.372;-28.685;1.00;33.84;
2025-11-03 15:14:18.19;0.00:00:41:057;1.00;0.00;0.00;0.09302;0.0916;0.0003652;0.000143;0.11;0.04;98.47;0.15;98.47;0.09302;0.0916;0.001422;-10.314;-10.381;-28.471;1.00;21.38;
2025-11-03 15:14:18.24;0.00:00:41:107;1.00;0.00;0.00;0.09318;0.09179;0.0002908;0.0001496;0.09;0.05;98.51;0.16;98.51;0.09318;0.09179;0.001389;-10.307;-10.372;-28.574;1.00;27.22;
2025-11-03 15:14:18.29;0.00:00:41:161;1.00;0.00;0.00;0.09322;0.0918;0.0003204;0.0001605;0.10;0.05;98.48;0.17;98.48;0.09322;0.0918;0.001419;-10.305;-10.372;-28.480;1.00;26.61;
2025-11-03 15:14:18.34;0.00:00:41:213;1.00;0.00;0.00;0.09334;0.09194;0.0003364;0.0001629;0.10;0.05;98.51;0.17;98.51;0.09334;0.09194;0.001392;-10.300;-10.365;-28.565;1.00;25.84;
2025-11-03 15:14:18.39;0.00:00:41:263;1.00;0.00;0.00;0.09328;0.09192;0.0002712;0.0001503;0.08;0.05;98.54;0.16;98.54;0.09328;0.09192;0.001364;-10.302;-10.366;-28.651;1.00;29.00;
2025-11-03 15:14:18.44;0.00:00:41:312;1.00;0.00;0.00;0.09317;0.09178;0.0003364;0.0001531;0.10;0.05;98.51;0.16;98.51;0.09317;0.09178;0.001384;-10.307;-10.372;-28.588;1.00;24.47;
2025-11-03 15:14:18.49;0.00:00:41:363;1.00;0.00;0.00;0.09324;0.09188;0.0003171;0.0001691;0.10;0.05;98.55;0.18;98.55;0.09324;0.09188;0.001354;-10.304;-10.368;-28.685;1.00;28.07;
2025-11-03 15:14:18.55;0.00:00:41:421;1.00;0.00;0.00;0.09311;0.09171;0.0002946;0.0001573;0.09;0.05;98.50;0.17;98.50;0.09311;0.09171;0.001397;-10.310;-10.376;-28.547;1.00;28.09;
2025-11-03 15:14:18.60;0.00:00:41:471;1.00;0.00;0.00;0.09322;0.0918;0.0003061;0.0001531;0.10;0.05;98.48;0.16;98.48;0.09322;0.0918;0.001417;-10.305;-10.371;-28.485;1.00;26.57;
2025-11-03 15:14:18.66;0.00:00:41:532;1.00;0.00;0.00;0.09324;0.09188;0.0002914;0.0001654;0.09;0.05;98.54;0.18;98.54;0.09324;0.09188;0.001365;-10.304;-10.368;-28.648;1.00;29.57;
2025-11-03 15:14:18.71;0.00:00:41:583;1.00;0.00;0.00;0.09327;0.09189;0.0002848;0.0001678;0.09;0.05;98.52;0.18;98.52;0.09327;0.09189;0.001385;-10.302;-10.367;-28.587;1.00;30.51;
2025-11-03 15:14:18.76;0.00:00:41:633;1.00;0.00;0.00;0.09326;0.09183;0.0002922;0.0001609;0.09;0.05;98.47;0.17;98.47;0.09326;0.09183;0.001428;-10.303;-10.370;-28.453;1.00;28.85;
2025-11-03 15:14:18.82;0.00:00:41:695;1.00;0.00;0.00;0.09338;0.092;0.0002882;0.0001615;0.09;0.05;98.52;0.17;98.52;0.09338;0.092;0.001382;-10.297;-10.362;-28.595;1.00;29.27;
2025-11-03 15:14:18.88;0.00:00:41:748;1.00;0.00;0.00;0.09329;0.09191;0.0003255;0.000153;0.10;0.05;98.52;0.16;98.52;0.09329;0.09191;0.001379;-10.302;-10.366;-28.605;1.00;25.18;
2025-11-03 15:14:18.93;0.00:00:41:799;1.00;0.00;0.00;0.0935;0.09207;0.0003622;0.0001416;0.11;0.04;98.47;0.15;98.47;0.0935;0.09207;0.001432;-10.292;-10.359;-28.441;1.00;21.35;
2025-11-03 15:14:18.99;0.00:00:41:861;1.00;0.00;0.00;0.09331;0.09193;0.0002567;0.0001632;0.08;0.05;98.52;0.17;98.52;0.09331;0.09193;0.001385;-10.301;-10.365;-28.585;1.00;32.44;
2025-11-03 15:14:19.04;0.00:00:41:909;1.00;0.00;0.00;0.09327;0.09188;0.0002865;0.0001653;0.09;0.05;98.52;0.18;98.51;0.09327;0.09188;0.001385;-10.303;-10.368;-28.586;1.00;29.99;
2025-11-03 15:14:19.09;0.00:00:41:962;1.00;0.00;0.00;0.09342;0.09199;0.0003561;0.000166;0.11;0.05;98.47;0.18;98.47;0.09342;0.09199;0.001428;-10.296;-10.363;-28.453;1.00;25.00;
2025-11-03 15:14:19.15;0.00:00:42:025;1.00;0.00;0.00;0.0934;0.09202;0.0003332;0.000148;0.10;0.05;98.52;0.16;98.52;0.0934;0.09202;0.001384;-10.296;-10.361;-28.590;1.00;23.95;
2025-11-03 15:14:19.21;0.00:00:42:076;1.00;0.00;0.00;0.09346;0.09206;0.0002837;0.0001531;0.09;0.05;98.50;0.16;98.50;0.09346;0.09206;0.001401;-10.294;-10.359;-28.535;1.00;28.35;
2025-11-03 15:14:19.26;0.00:00:42:127;1.00;0.00;0.00;0.09347;0.09209;0.0003253;0.0001561;0.10;0.05;98.53;0.17;98.53;0.09347;0.09209;0.001372;-10.293;-10.358;-28.628;1.00;25.64;
2025-11-03 15:14:19.32;0.00:00:42:189;1.00;0.00;0.00;0.09349;0.09213;0.0002814;0.0001601;0.09;0.05;98.54;0.17;98.54;0.09349;0.09213;0.001365;-10.292;-10.356;-28.648;1.00;29.65;
2025-11-03 15:14:19.37;0.00:00:42:240;1.00;0.00;0.00;0.09332;0.09194;0.0002572;0.0001694;0.08;0.05;98.53;0.18;98.53;0.09332;0.09195;0.001373;-10.300;-10.365;-28.624;1.00;33.38;
2025-11-03 15:14:19.43;0.00:00:42:305;1.00;0.00;0.00;0.09319;0.09178;0.0003096;0.0001648;0.10;0.05;98.49;0.18;98.49;0.09319;0.09179;0.001404;-10.306;-10.372;-28.527;1.00;28.02;
2025-11-03 15:14:19.48;0.00:00:42:354;1.00;0.00;0.00;0.09331;0.0919;0.000333;0.000162;0.10;0.05;98.48;0.17;98.48;0.09331;0.0919;0.001414;-10.301;-10.367;-28.496;1.00;25.94;
2025-11-03 15:14:19.53;0.00:00:42:404;1.00;0.00;0.00;0.09342;0.09201;0.0003063;0.0001599;0.10;0.05;98.49;0.17;98.49;0.09342;0.09201;0.001407;-10.296;-10.361;-28.517;1.00;27.57;
2025-11-03 15:14:19.59;0.00:00:42:466;1.00;0.00;0.00;0.0933;0.09194;0.000258;0.000153;0.08;0.05;98.54;0.16;98.54;0.0933;0.09194;0.001361;-10.301;-10.365;-28.660;1.00;30.66;
2025-11-03 15:14:19.65;0.00:00:42:518;1.00;0.00;0.00;0.09331;0.09191;0.0002494;0.0001452;0.08;0.05;98.51;0.16;98.51;0.09331;0.09192;0.00139;-10.301;-10.366;-28.570;1.00;30.20;
2025-11-03 15:14:19.71;0.00:00:42:579;1.00;0.00;0.00;0.09336;0.09197;0.0002818;0.0001505;0.09;0.05;98.52;0.16;98.52;0.09336;0.09197;0.001385;-10.298;-10.363;-28.586;1.00;28.11;
2025-11-03 15:14:19.77;0.00:00:42:643;1.00;0.00;0.00;0.09348;0.09208;0.0003096;0.0001555;0.10;0.05;98.50;0.17;98.50;0.09348;0.09208;0.001406;-10.293;-10.358;-28.521;1.00;26.67;
2025-11-03 15:14:19.83;0.00:00:42:703;1.00;0.00;0.00;0.09353;0.09216;0.0002768;0.0001626;0.09;0.05;98.53;0.17;98.53;0.09353;0.09216;0.001374;-10.291;-10.355;-28.621;1.00;30.44;
2025-11-03 15:14:19.88;0.00:00:42:756;1.00;0.00;0.00;0.09343;0.09207;0.0002856;0.000161;0.09;0.05;98.54;0.17;98.54;0.09343;0.09207;0.001365;-10.295;-10.359;-28.649;1.00;29.41;
2025-11-03 15:14:19.94;0.00:00:42:815;1.00;0.00;0.00;0.09337;0.09202;0.0002684;0.0001542;0.08;0.05;98.56;0.17;98.56;0.09337;0.09202;0.001343;-10.298;-10.361;-28.718;1.00;29.88;
2025-11-03 15:14:20.00;0.00:00:42:868;1.00;0.00;0.00;0.09334;0.09197;0.0002629;0.0001526;0.08;0.05;98.53;0.16;98.53;0.09334;0.09197;0.001377;-10.299;-10.364;-28.612;1.00;30.14;
2025-11-03 15:14:20.05;0.00:00:42:919;1.00;0.00;0.00;0.09336;0.09197;0.0002781;0.0001491;0.09;0.05;98.51;0.16;98.51;0.09336;0.09197;0.001394;-10.298;-10.364;-28.558;1.00;28.20;
2025-11-03 15:14:20.10;0.00:00:42:969;1.00;0.00;0.00;0.09335;0.09197;0.0002742;0.0001568;0.09;0.05;98.53;0.17;98.53;0.09335;0.09197;0.001377;-10.299;-10.363;-28.611;1.00;29.77;
2025-11-03 15:14:20.15;0.00:00:43:017;1.00;0.00;0.00;0.0932;0.09182;0.0002494;0.0001441;0.08;0.04;98.52;0.15;98.52;0.0932;0.09182;0.001381;-10.306;-10.371;-28.600;1.00;30.02;
2025-11-03 15:14:20.20;0.00:00:43:075;1.00;0.00;0.00;0.0932;0.0918;0.0002852;0.000159;0.09;0.05;98.50;0.17;98.50;0.0932;0.09181;0.001399;-10.306;-10.371;-28.542;1.00;29.14;
2025-11-03 15:14:20.25;0.00:00:43:125;1.00;0.00;0.00;0.09332;0.09196;0.0002269;0.0001624;0.07;0.05;98.54;0.17;98.54;0.09332;0.09196;0.001363;-10.300;-10.364;-28.655;1.00;35.58;
2025-11-03 15:14:20.30;0.00:00:43:171;1.00;0.00;0.00;0.09314;0.09179;0.0002547;0.0001554;0.08;0.05;98.56;0.17;98.56;0.09314;0.09179;0.001345;-10.309;-10.372;-28.712;1.00;31.39;
2025-11-03 15:14:20.35;0.00:00:43:218;1.00;0.00;0.00;0.0933;0.09189;0.0003051;0.0001497;0.10;0.05;98.49;0.16;98.49;0.0933;0.09189;0.001409;-10.301;-10.368;-28.510;1.00;26.13;
2025-11-03 15:14:20.40;0.00:00:43:268;1.00;0.00;0.00;0.0933;0.09192;0.0002681;0.0001569;0.08;0.05;98.52;0.17;98.52;0.0933;0.09192;0.001379;-10.301;-10.366;-28.605;1.00;30.34;
2025-11-03 15:14:20.45;0.00:00:43:319;1.00;0.00;0.00;0.09308;0.0917;0.0002843;0.0001512;0.09;0.05;98.52;0.16;98.52;0.09308;0.0917;0.001374;-10.312;-10.376;-28.620;1.00;28.01;
2025-11-03 15:14:20.50;0.00:00:43:371;1.00;0.00;0.00;0.09318;0.09178;0.000291;0.0001411;0.09;0.04;98.49;0.15;98.49;0.09318;0.09178;0.001408;-10.307;-10.373;-28.514;1.00;25.86;
2025-11-03 15:14:20.56;0.00:00:43:429;1.00;0.00;0.00;0.09331;0.09191;0.0003071;0.000148;0.10;0.05;98.49;0.16;98.49;0.09331;0.09191;0.001405;-10.301;-10.367;-28.523;1.00;25.73;
2025-11-03 15:14:20.60;0.00:00:43:476;1.00;0.00;0.00;0.09335;0.09197;0.0002669;0.0001478;0.08;0.05;98.52;0.16;98.52;0.09335;0.09197;0.00138;-10.299;-10.364;-28.600;1.00;28.98;
2025-11-03 15:14:20.65;0.00:00:43:523;1.00;0.00;0.00;0.0933;0.09191;0.0002891;0.0001635;0.09;0.05;98.51;0.18;98.51;0.0933;0.09191;0.00139;-10.301;-10.366;-28.570;1.00;29.50;
2025-11-03 15:14:20.70;0.00:00:43:568;1.00;0.00;0.00;0.09324;0.09188;0.0002535;0.0001477;0.08;0.05;98.54;0.16;98.54;0.09324;0.09188;0.001362;-10.304;-10.368;-28.658;1.00;30.22;
2025-11-03 15:14:20.75;0.00:00:43:617;1.00;0.00;0.00;0.09319;0.09181;0.0002808;0.0001578;0.09;0.05;98.52;0.17;98.52;0.09319;0.09181;0.001379;-10.306;-10.371;-28.605;1.00;29.33;
2025-11-03 15:14:20.79;0.00:00:43:664;1.00;0.00;0.00;0.09294;0.09155;0.0002746;0.0001613;0.09;0.05;98.50;0.17;98.50;0.09294;0.09155;0.001392;-10.318;-10.383;-28.565;1.00;30.43;
2025-11-03 15:14:20.84;0.00:00:43:710;1.00;0.00;0.00;0.09296;0.09158;0.0002982;0.0001495;0.09;0.05;98.51;0.16;98.51;0.09296;0.09158;0.001383;-10.317;-10.382;-28.591;1.00;26.63;
2025-11-03 15:14:20.89;0.00:00:43:757;1.00;0.00;0.00;0.09308;0.09168;0.0003037;0.0001442;0.09;0.05;98.50;0.15;98.50;0.09308;0.09168;0.001399;-10.312;-10.377;-28.543;1.00;25.40;
2025-11-03 15:14:20.93;0.00:00:43:805;1.00;0.00;0.00;0.09314;0.09174;0.0003173;0.000146;0.10;0.05;98.50;0.16;98.50;0.09314;0.09174;0.001399;-10.309;-10.374;-28.542;1.00;24.71;
2025-11-03 15:14:20.98;0.00:00:43:850;1.00;0.00;0.00;0.09333;0.09193;0.0003383;0.0001497;0.11;0.05;98.50;0.16;98.50;0.09333;0.09193;0.001397;-10.300;-10.365;-28.549;1.00;23.87;
2025-11-03 15:14:21.03;0.00:00:43:898;1.00;0.00;0.00;0.09323;0.09185;0.0002829;0.0001544;0.09;0.05;98.52;0.17;98.52;0.09323;0.09185;0.001382;-10.304;-10.369;-28.596;1.00;28.62;
2025-11-03 15:14:21.07;0.00:00:43:946;1.00;0.00;0.00;0.09321;0.09179;0.0003087;0.0001664;0.10;0.05;98.48;0.18;98.48;0.09321;0.0918;0.001412;-10.305;-10.372;-28.501;1.00;28.34;
2025-11-03 15:14:21.12;0.00:00:43:993;1.00;0.00;0.00;0.09323;0.09185;0.0002903;0.0001523;0.09;0.05;98.52;0.16;98.52;0.09323;0.09185;0.00138;-10.305;-10.369;-28.600;1.00;27.69;
2025-11-03 15:14:21.17;0.00:00:44:040;1.00;0.00;0.00;0.09319;0.09181;0.0002661;0.0001532;0.08;0.05;98.51;0.16;98.51;0.09319;0.09181;0.001388;-10.306;-10.371;-28.575;1.00;29.93;
2025-11-03 15:14:21.22;0.00:00:44:087;1.00;0.00;0.00;0.09317;0.0918;0.000282;0.0001531;0.09;0.05;98.52;0.16;98.52;0.09317;0.0918;0.001375;-10.307;-10.372;-28.616;1.00;28.49;
2025-11-03 15:14:21.26;0.00:00:44:134;1.00;0.00;0.00;0.09325;0.09185;0.0003159;0.0001507;0.10;0.05;98.50;0.16;98.50;0.09325;0.09186;0.001394;-10.304;-10.369;-28.557;1.00;25.50;
2025-11-03 15:14:21.31;0.00:00:44:183;1.00;0.00;0.00;0.09335;0.09197;0.0002979;0.0001735;0.09;0.05;98.53;0.19;98.53;0.09335;0.09197;0.001376;-10.299;-10.364;-28.615;1.00;30.23;
2025-11-03 15:14:21.36;0.00:00:44:229;1.00;0.00;0.00;0.0933;0.09189;0.0002936;0.0001593;0.09;0.05;98.49;0.17;98.49;0.0933;0.09189;0.001409;-10.301;-10.367;-28.511;1.00;28.47;
2025-11-03 15:14:21.41;0.00:00:44:277;1.00;0.00;0.00;0.09335;0.09197;0.0002954;0.0001628;0.09;0.05;98.53;0.17;98.53;0.09335;0.09197;0.001373;-10.299;-10.363;-28.623;1.00;28.87;
2025-11-03 15:14:21.45;0.00:00:44:324;1.00;0.00;0.00;0.09323;0.09187;0.0002659;0.0001697;0.08;0.05;98.55;0.18;98.55;0.09323;0.09187;0.001356;-10.305;-10.368;-28.677;1.00;32.55;
2025-11-03 15:14:21.50;0.00:00:44:370;1.00;0.00;0.00;0.09302;0.09163;0.0003225;0.0001604;0.10;0.05;98.51;0.17;98.51;0.09302;0.09163;0.001389;-10.314;-10.380;-28.574;1.00;26.44;
2025-11-03 15:14:21.54;0.00:00:44:416;1.00;0.00;0.00;0.09308;0.0917;0.0003171;0.0001535;0.10;0.05;98.53;0.16;98.53;0.09308;0.0917;0.001372;-10.312;-10.376;-28.626;1.00;25.83;
2025-11-03 15:14:21.59;0.00:00:44:462;1.00;0.00;0.00;0.09324;0.09183;0.0003215;0.000164;0.10;0.05;98.50;0.18;98.50;0.09324;0.09183;0.001402;-10.304;-10.370;-28.532;1.00;27.02;
2025-11-03 15:14:21.64;0.00:00:44:510;1.00;0.00;0.00;0.09322;0.09188;0.0002607;0.000154;0.08;0.05;98.56;0.17;98.56;0.09322;0.09188;0.001341;-10.305;-10.368;-28.726;1.00;30.58;
2025-11-03 15:14:21.69;0.00:00:44:557;1.00;0.00;0.00;0.09308;0.09172;0.0002734;0.000158;0.09;0.05;98.53;0.17;98.53;0.09308;0.09172;0.001367;-10.311;-10.375;-28.642;1.00;30.02;
2025-11-03 15:14:21.73;0.00:00:44:604;1.00;0.00;0.00;0.09297;0.09156;0.0003196;0.0001623;0.10;0.05;98.49;0.17;98.49;0.09297;0.09156;0.001404;-10.317;-10.383;-28.528;1.00;26.93;
2025-11-03 15:14:21.78;0.00:00:44:651;1.00;0.00;0.00;0.09295;0.09157;0.0003076;0.0001375;0.10;0.04;98.52;0.15;98.52;0.09295;0.09157;0.00138;-10.317;-10.382;-28.602;1.00;24.08;
2025-11-03 15:14:21.83;0.00:00:44:699;1.00;0.00;0.00;0.09304;0.09167;0.0002666;0.0001603;0.08;0.05;98.53;0.17;98.53;0.09304;0.09167;0.001371;-10.313;-10.378;-28.629;1.00;31.02;
2025-11-03 15:14:21.87;0.00:00:44:745;1.00;0.00;0.00;0.09281;0.09146;0.0002559;0.0001581;0.08;0.05;98.55;0.17;98.55;0.09281;0.09146;0.001347;-10.324;-10.387;-28.706;1.00;31.71;
2025-11-03 15:14:21.92;0.00:00:44:792;1.00;0.00;0.00;0.09284;0.09144;0.000321;0.000156;0.10;0.05;98.50;0.17;98.50;0.09284;0.09144;0.001393;-10.323;-10.388;-28.561;1.00;25.93;
2025-11-03 15:14:21.97;0.00:00:44:840;1.00;0.00;0.00;0.09295;0.09155;0.0003216;0.0001663;0.10;0.05;98.49;0.18;98.49;0.09295;0.09155;0.0014;-10.318;-10.383;-28.539;1.00;27.35;
2025-11-03 15:14:22.01;0.00:00:44:886;1.00;0.00;0.00;0.09297;0.09158;0.0003137;0.0001694;0.10;0.05;98.51;0.18;98.51;0.09297;0.09158;0.001387;-10.317;-10.382;-28.579;1.00;28.37;
2025-11-03 15:14:22.06;0.00:00:44:932;1.00;0.00;0.00;0.0931;0.09172;0.0003126;0.0001717;0.10;0.05;98.52;0.18;98.52;0.0931;0.09172;0.00138;-10.310;-10.375;-28.602;1.00;28.78;
2025-11-03 15:14:22.11;0.00:00:44:979;1.00;0.00;0.00;0.09318;0.09178;0.0003402;0.0001547;0.11;0.05;98.50;0.17;98.50;0.09318;0.09178;0.001397;-10.307;-10.372;-28.547;1.00;24.45;
2025-11-03 15:14:22.16;0.00:00:45:027;1.00;0.00;0.00;0.09351;0.0921;0.0003428;0.000159;0.11;0.05;98.49;0.17;98.49;0.09351;0.0921;0.001415;-10.291;-10.357;-28.494;1.00;24.89;
2025-11-03 15:14:22.20;0.00:00:45:073;1.00;0.00;0.00;0.09313;0.09173;0.0003158;0.0001556;0.10;0.05;98.49;0.17;98.49;0.09313;0.09173;0.001405;-10.309;-10.375;-28.523;1.00;26.23;
2025-11-03 15:14:22.25;0.00:00:45:121;1.00;0.00;0.00;0.09315;0.09177;0.0003049;0.0001595;0.10;0.05;98.52;0.17;98.52;0.09315;0.09177;0.001375;-10.308;-10.373;-28.618;1.00;27.61;
2025-11-03 15:14:22.30;0.00:00:45:168;1.00;0.00;0.00;0.09319;0.09181;0.0002711;0.0001593;0.08;0.05;98.52;0.17;98.52;0.09319;0.09181;0.00138;-10.306;-10.371;-28.603;1.00;30.44;
2025-11-03 15:14:22.34;0.00:00:45:214;1.00;0.00;0.00;0.09317;0.09178;0.0003129;0.00015;0.10;0.05;98.50;0.16;98.50;0.09317;0.09178;0.001394;-10.307;-10.373;-28.556;1.00;25.61;
2025-11-03 15:14:22.39;0.00:00:45:262;1.00;0.00;0.00;0.09323;0.09183;0.0003007;0.0001716;0.09;0.05;98.51;0.18;98.51;0.09323;0.09184;0.00139;-10.305;-10.370;-28.570;1.00;29.71;
2025-11-03 15:14:22.44;0.00:00:45:309;1.00;0.00;0.00;0.0933;0.09189;0.0003555;0.0001686;0.11;0.05;98.48;0.18;98.48;0.0933;0.09189;0.001415;-10.301;-10.367;-28.492;1.00;25.37;
2025-11-03 15:14:22.48;0.00:00:45:356;1.00;0.00;0.00;0.09333;0.09195;0.000274;0.0001674;0.09;0.05;98.51;0.18;98.51;0.09333;0.09195;0.001387;-10.300;-10.365;-28.579;1.00;31.43;
2025-11-03 15:14:22.53;0.00:00:45:403;1.00;0.00;0.00;0.09332;0.09193;0.0003005;0.000154;0.09;0.05;98.52;0.17;98.52;0.09332;0.09193;0.001382;-10.300;-10.365;-28.596;1.00;27.13;
2025-11-03 15:14:22.59;0.00:00:45:456;1.00;0.00;0.00;0.09332;0.09191;0.0003296;0.0001559;0.10;0.05;98.50;0.17;98.50;0.09332;0.09192;0.001401;-10.300;-10.366;-28.536;1.00;25.31;
2025-11-03 15:14:22.65;0.00:00:45:523;1.00;0.00;0.00;0.09343;0.09206;0.0002931;0.0001637;0.09;0.05;98.53;0.18;98.53;0.09343;0.09206;0.001371;-10.295;-10.359;-28.631;1.00;29.19;
2025-11-03 15:14:22.70;0.00:00:45:572;1.00;0.00;0.00;0.09348;0.0921;0.0002633;0.0001609;0.08;0.05;98.53;0.17;98.53;0.09348;0.0921;0.001379;-10.293;-10.357;-28.605;1.00;31.43;
2025-11-03 15:14:22.76;0.00:00:45:635;1.00;0.00;0.00;0.09339;0.09195;0.0003289;0.0001523;0.10;0.05;98.46;0.16;98.46;0.09339;0.09195;0.001435;-10.297;-10.364;-28.431;1.00;24.84;
2025-11-03 15:14:22.81;0.00:00:45:686;1.00;0.00;0.00;0.09366;0.09224;0.0003677;0.0001515;0.11;0.05;98.49;0.16;98.49;0.09366;0.09224;0.001417;-10.284;-10.351;-28.486;1.00;22.39;
2025-11-03 15:14:22.87;0.00:00:45:738;1.00;0.00;0.00;0.09365;0.09226;0.0002765;0.0001755;0.09;0.05;98.52;0.19;98.52;0.09365;0.09226;0.00139;-10.285;-10.350;-28.571;1.00;32.40;
2025-11-03 15:14:22.93;0.00:00:45:799;1.00;0.00;0.00;0.09336;0.09201;0.00025;0.0001569;0.08;0.05;98.55;0.17;98.55;0.09336;0.09201;0.001356;-10.298;-10.362;-28.678;1.00;32.12;
2025-11-03 15:14:22.99;0.00:00:45:862;1.00;0.00;0.00;0.09339;0.09199;0.0002925;0.0001589;0.09;0.05;98.50;0.17;98.50;0.09339;0.09199;0.001404;-10.297;-10.363;-28.526;1.00;28.51;
2025-11-03 15:14:23.04;0.00:00:45:912;1.00;0.00;0.00;0.09344;0.09205;0.0002643;0.0001467;0.08;0.05;98.51;0.16;98.51;0.09344;0.09205;0.001392;-10.295;-10.360;-28.562;1.00;29.03;
2025-11-03 15:14:23.09;0.00:00:45:964;1.00;0.00;0.00;0.09332;0.09195;0.0002642;0.0001539;0.08;0.05;98.53;0.16;98.53;0.09332;0.09195;0.001368;-10.300;-10.364;-28.641;1.00;30.21;
2025-11-03 15:14:23.15;0.00:00:46:025;1.00;0.00;0.00;0.09335;0.09198;0.0003143;0.0001627;0.10;0.05;98.53;0.17;98.53;0.09335;0.09198;0.001369;-10.299;-10.363;-28.635;1.00;27.37;
2025-11-03 15:14:23.20;0.00:00:46:073;1.00;0.00;0.00;0.09298;0.09163;0.000225;0.0001429;0.07;0.04;98.55;0.15;98.55;0.09298;0.09163;0.001347;-10.316;-10.379;-28.706;1.00;32.42;
2025-11-03 15:14:23.25;0.00:00:46:125;1.00;0.00;0.00;0.09302;0.09162;0.000352;0.0001541;0.11;0.05;98.49;0.17;98.49;0.09302;0.09162;0.001404;-10.314;-10.380;-28.528;1.00;23.65;
2025-11-03 15:14:23.31;0.00:00:46:176;1.00;0.00;0.00;0.09308;0.09172;0.0002697;0.0001441;0.08;0.05;98.53;0.15;98.53;0.09308;0.09172;0.001365;-10.311;-10.375;-28.647;1.00;28.12;
2025-11-03 15:14:23.36;0.00:00:46:235;1.00;0.00;0.00;0.09302;0.09165;0.0002347;0.0001356;0.07;0.04;98.54;0.15;98.54;0.09302;0.09165;0.001362;-10.314;-10.379;-28.658;1.00;30.02;
2025-11-03 15:14:23.42;0.00:00:46:289;1.00;0.00;0.00;0.09316;0.09175;0.0002864;0.0001422;0.09;0.04;98.48;0.15;98.48;0.09316;0.09175;0.001412;-10.308;-10.374;-28.501;1.00;26.40;
2025-11-03 15:14:23.47;0.00:00:46:341;1.00;0.00;0.00;0.09309;0.09174;0.0002413;0.0001594;0.08;0.05;98.56;0.17;98.56;0.09309;0.09175;0.001342;-10.311;-10.374;-28.721;1.00;33.44;
2025-11-03 15:14:23.53;0.00:00:46:402;1.00;0.00;0.00;0.093;0.09163;0.0002803;0.0001506;0.09;0.05;98.53;0.16;98.53;0.093;0.09163;0.001366;-10.315;-10.380;-28.645;1.00;28.24;
2025-11-03 15:14:23.58;0.00:00:46:454;1.00;0.00;0.00;0.09312;0.09172;0.0002746;0.000141;0.09;0.04;98.49;0.15;98.49;0.09312;0.09172;0.001405;-10.309;-10.375;-28.524;1.00;27.19;
2025-11-03 15:14:23.63;0.00:00:46:505;1.00;0.00;0.00;0.09303;0.09165;0.000256;0.0001567;0.08;0.05;98.51;0.17;98.51;0.09303;0.09165;0.001387;-10.314;-10.379;-28.578;1.00;31.47;
2025-11-03 15:14:23.69;0.00:00:46:565;1.00;0.00;0.00;0.09301;0.09163;0.0002863;0.000154;0.09;0.05;98.51;0.17;98.51;0.09301;0.09163;0.001387;-10.315;-10.380;-28.581;1.00;28.28;
2025-11-03 15:14:23.74;0.00:00:46:612;1.00;0.00;0.00;0.09335;0.092;0.0003057;0.0001536;0.10;0.05;98.55;0.16;98.55;0.09335;0.092;0.001353;-10.299;-10.362;-28.686;1.00;26.67;
2025-11-03 15:14:23.79;0.00:00:46:657;1.00;0.00;0.00;0.09342;0.09203;0.0002983;0.0001401;0.09;0.04;98.51;0.15;98.51;0.09342;0.09203;0.00139;-10.296;-10.361;-28.570;1.00;25.16;
2025-11-03 15:14:23.84;0.00:00:46:715;1.00;0.00;0.00;0.09351;0.0921;0.0002924;0.0001651;0.09;0.05;98.49;0.18;98.49;0.09351;0.0921;0.001412;-10.291;-10.358;-28.502;1.00;29.46;
2025-11-03 15:14:23.90;0.00:00:46:771;1.00;0.00;0.00;0.09356;0.09216;0.0002915;0.0001287;0.09;0.04;98.50;0.14;98.50;0.09356;0.09217;0.0014;-10.289;-10.354;-28.540;1.00;23.82;
2025-11-03 15:14:23.95;0.00:00:46:821;1.00;0.00;0.00;0.09355;0.09217;0.0002991;0.0001373;0.09;0.04;98.53;0.15;98.53;0.09355;0.09217;0.001378;-10.290;-10.354;-28.608;1.00;24.65;
2025-11-03 15:14:24.01;0.00:00:46:883;1.00;0.00;0.00;0.09342;0.09206;0.0002213;0.0001653;0.07;0.05;98.54;0.18;98.54;0.09342;0.09206;0.001361;-10.295;-10.359;-28.662;1.00;36.75;
2025-11-03 15:14:24.06;0.00:00:46:935;1.00;0.00;0.00;0.09323;0.09185;0.0002746;0.0001356;0.09;0.04;98.52;0.15;98.52;0.09323;0.09185;0.001382;-10.304;-10.369;-28.595;1.00;26.29;
2025-11-03 15:14:24.12;0.00:00:46:996;1.00;0.00;0.00;0.09351;0.09216;0.0002664;0.0001657;0.08;0.05;98.55;0.18;98.55;0.09351;0.09216;0.001352;-10.291;-10.355;-28.690;1.00;31.88;
2025-11-03 15:14:24.17;0.00:00:47:045;1.00;0.00;0.00;0.09347;0.09211;0.0002719;0.0001721;0.08;0.05;98.55;0.18;98.55;0.09347;0.09211;0.001357;-10.293;-10.357;-28.675;1.00;32.33;
2025-11-03 15:14:24.23;0.00:00:47:098;1.00;0.00;0.00;0.09344;0.09205;0.0002871;0.0001662;0.09;0.05;98.51;0.18;98.51;0.09344;0.09205;0.001391;-10.295;-10.360;-28.567;1.00;30.06;
2025-11-03 15:14:24.28;0.00:00:47:151;1.00;0.00;0.00;0.09335;0.09198;0.000279;0.0001625;0.09;0.05;98.53;0.17;98.53;0.09335;0.09198;0.001369;-10.299;-10.363;-28.637;1.00;30.22;
2025-11-03 15:14:24.33;0.00:00:47:199;1.00;0.00;0.00;0.0934;0.09199;0.0002766;0.000161;0.09;0.05;98.49;0.17;98.49;0.0934;0.09199;0.001411;-10.297;-10.363;-28.504;1.00;30.20;
2025-11-03 15:14:24.38;0.00:00:47:251;1.00;0.00;0.00;0.09348;0.09209;0.0002957;0.0001462;0.09;0.05;98.51;0.16;98.51;0.09348;0.09209;0.001391;-10.293;-10.358;-28.566;1.00;26.30;
2025-11-03 15:14:24.43;0.00:00:47:301;1.00;0.00;0.00;0.09353;0.09215;0.0002908;0.0001467;0.09;0.05;98.53;0.16;98.53;0.09353;0.09215;0.001373;-10.291;-10.355;-28.625;1.00;26.77;
2025-11-03 15:14:24.48;0.00:00:47:354;1.00;0.00;0.00;0.09329;0.09193;0.0002345;0.0001477;0.07;0.05;98.54;0.16;98.54;0.09329;0.09193;0.001366;-10.302;-10.366;-28.645;1.00;32.20;
2025-11-03 15:14:24.54;0.00:00:47:407;1.00;0.00;0.00;0.09322;0.09186;0.0002623;0.0001504;0.08;0.05;98.54;0.16;98.54;0.09322;0.09186;0.00136;-10.305;-10.369;-28.665;1.00;29.83;
2025-11-03 15:14:24.59;0.00:00:47:462;1.00;0.00;0.00;0.09304;0.09161;0.0003002;0.0001467;0.09;0.05;98.47;0.16;98.47;0.09304;0.09161;0.001427;-10.313;-10.380;-28.455;1.00;26.04;
2025-11-03 15:14:24.64;0.00:00:47:511;1.00;0.00;0.00;0.09335;0.09196;0.0003128;0.0001497;0.10;0.05;98.51;0.16;98.51;0.09335;0.09196;0.001389;-10.299;-10.364;-28.573;1.00;25.57;
2025-11-03 15:14:24.69;0.00:00:47:564;1.00;0.00;0.00;0.09338;0.09198;0.0002992;0.0001564;0.09;0.05;98.50;0.17;98.49;0.09338;0.09198;0.001405;-10.297;-10.363;-28.522;1.00;27.60;
2025-11-03 15:14:24.74;0.00:00:47:615;1.00;0.00;0.00;0.09337;0.09202;0.0002681;0.000154;0.08;0.05;98.55;0.16;98.55;0.09337;0.09202;0.00135;-10.298;-10.361;-28.696;1.00;29.87;
2025-11-03 15:14:24.81;0.00:00:47:676;1.00;0.00;0.00;0.09339;0.09202;0.0003027;0.000156;0.09;0.05;98.53;0.17;98.53;0.09339;0.09202;0.001377;-10.297;-10.361;-28.610;1.00;27.27;
2025-11-03 15:14:24.85;0.00:00:47:726;1.00;0.00;0.00;0.09327;0.09192;0.000268;0.000138;0.08;0.04;98.56;0.15;98.56;0.09327;0.09192;0.001347;-10.302;-10.366;-28.705;1.00;27.24;
2025-11-03 15:14:24.91;0.00:00:47:779;1.00;0.00;0.00;0.0933;0.09194;0.000272;0.000159;0.08;0.05;98.54;0.17;98.54;0.0933;0.09194;0.001365;-10.301;-10.365;-28.648;1.00;30.30;
2025-11-03 15:14:24.96;0.00:00:47:830;1.00;0.00;0.00;0.09302;0.09165;0.000248;0.0001414;0.08;0.04;98.53;0.15;98.53;0.09302;0.09165;0.001365;-10.314;-10.378;-28.647;1.00;29.69;
2025-11-03 15:14:25.01;0.00:00:47:881;1.00;0.00;0.00;0.09307;0.09168;0.0002826;0.0001669;0.09;0.05;98.51;0.18;98.51;0.09307;0.09168;0.001386;-10.312;-10.377;-28.584;1.00;30.57;
2025-11-03 15:14:25.07;0.00:00:47:942;1.00;0.00;0.00;0.09337;0.09198;0.0002794;0.0001656;0.09;0.05;98.52;0.18;98.52;0.09337;0.09198;0.001383;-10.298;-10.363;-28.592;1.00;30.66;
2025-11-03 15:14:25.12;0.00:00:47:994;1.00;0.00;0.00;0.09322;0.09186;0.0002476;0.0001638;0.08;0.05;98.54;0.18;98.54;0.09322;0.09186;0.001363;-10.305;-10.369;-28.656;1.00;33.49;
2025-11-03 15:14:25.18;0.00:00:48:054;1.00;0.00;0.00;0.09307;0.0917;0.0002845;0.0001469;0.09;0.05;98.53;0.16;98.53;0.09307;0.0917;0.001372;-10.312;-10.376;-28.628;1.00;27.31;
2025-11-03 15:14:25.23;0.00:00:48:104;1.00;0.00;0.00;0.09311;0.09171;0.000309;0.0001633;0.10;0.05;98.50;0.18;98.50;0.09311;0.09171;0.001401;-10.310;-10.376;-28.537;1.00;27.86;
2025-11-03 15:14:25.29;0.00:00:48:156;1.00;0.00;0.00;0.093;0.0916;0.0003299;0.0001471;0.10;0.05;98.49;0.16;98.49;0.093;0.0916;0.001406;-10.315;-10.381;-28.519;1.00;24.04;
2025-11-03 15:14:25.34;0.00:00:48:212;1.00;0.00;0.00;0.09314;0.09174;0.0003282;0.0001537;0.10;0.05;98.50;0.17;98.50;0.09314;0.09174;0.001396;-10.309;-10.374;-28.552;1.00;25.10;
2025-11-03 15:14:25.40;0.00:00:48:270;1.00;0.00;0.00;0.09317;0.09183;0.0002409;0.0001658;0.08;0.05;98.56;0.18;98.56;0.09317;0.09183;0.001344;-10.307;-10.370;-28.716;1.00;34.54;
2025-11-03 15:14:25.45;0.00:00:48:318;1.00;0.00;0.00;0.09322;0.09183;0.0002692;0.0001642;0.08;0.05;98.51;0.18;98.51;0.09322;0.09183;0.001385;-10.305;-10.370;-28.585;1.00;31.38;
2025-11-03 15:14:25.51;0.00:00:48:380;1.00;0.00;0.00;0.09318;0.09177;0.0003111;0.0001589;0.10;0.05;98.49;0.17;98.49;0.09318;0.09177;0.001408;-10.307;-10.373;-28.515;1.00;27.06;
2025-11-03 15:14:25.56;0.00:00:48:432;1.00;0.00;0.00;0.09308;0.0917;0.0002547;0.0001748;0.08;0.05;98.52;0.19;98.52;0.09308;0.0917;0.001379;-10.311;-10.376;-28.606;1.00;34.46;
2025-11-03 15:14:25.61;0.00:00:48:483;1.00;0.00;0.00;0.09297;0.09156;0.0002886;0.0001656;0.09;0.05;98.48;0.18;98.48;0.09297;0.09156;0.001412;-10.316;-10.383;-28.502;1.00;29.85;
2025-11-03 15:14:25.66;0.00:00:48:535;1.00;0.00;0.00;0.09296;0.09157;0.0003403;0.0001549;0.11;0.05;98.50;0.17;98.50;0.09296;0.09157;0.00139;-10.317;-10.382;-28.570;1.00;24.47;
2025-11-03 15:14:25.71;0.00:00:48:585;1.00;0.00;0.00;0.0929;0.09153;0.0002682;0.0001613;0.08;0.05;98.52;0.17;98.52;0.0929;0.09153;0.001376;-10.320;-10.385;-28.615;1.00;31.03;
2025-11-03 15:14:25.77;0.00:00:48:643;1.00;0.00;0.00;0.09304;0.09161;0.000316;0.0001641;0.10;0.05;98.47;0.18;98.47;0.09304;0.09161;0.001421;-10.314;-10.380;-28.473;1.00;27.44;
2025-11-03 15:14:25.82;0.00:00:48:688;1.00;0.00;0.00;0.0931;0.09171;0.0003094;0.0001545;0.10;0.05;98.50;0.17;98.50;0.0931;0.09171;0.001393;-10.310;-10.376;-28.561;1.00;26.54;
2025-11-03 15:14:25.87;0.00:00:48:740;1.00;0.00;0.00;0.09316;0.09179;0.0003098;0.0001819;0.10;0.06;98.53;0.20;98.53;0.09316;0.09179;0.001371;-10.308;-10.372;-28.630;1.00;30.41;
2025-11-03 15:14:25.92;0.00:00:48:789;1.00;0.00;0.00;0.09325;0.09187;0.0003146;0.0001643;0.10;0.05;98.52;0.18;98.51;0.09325;0.09187;0.001385;-10.303;-10.368;-28.586;1.00;27.57;
2025-11-03 15:14:25.97;0.00:00:48:840;1.00;0.00;0.00;0.09316;0.0918;0.0002926;0.0001617;0.09;0.05;98.53;0.17;98.53;0.09316;0.0918;0.001365;-10.307;-10.372;-28.648;1.00;28.93;
2025-11-03 15:14:26.02;0.00:00:48:891;1.00;0.00;0.00;0.09301;0.09164;0.0003001;0.0001493;0.09;0.05;98.52;0.16;98.52;0.09301;0.09164;0.001373;-10.315;-10.379;-28.624;1.00;26.45;
2025-11-03 15:14:26.07;0.00:00:48:943;1.00;0.00;0.00;0.093;0.09165;0.0002388;0.0001532;0.07;0.05;98.56;0.16;98.56;0.093;0.09165;0.001343;-10.315;-10.378;-28.719;1.00;32.68;
2025-11-03 15:14:26.13;0.00:00:49:003;1.00;0.00;0.00;0.09307;0.09169;0.0003024;0.000156;0.09;0.05;98.51;0.17;98.51;0.09307;0.09169;0.001384;-10.312;-10.377;-28.589;1.00;27.29;
2025-11-03 15:14:26.18;0.00:00:49:055;1.00;0.00;0.00;0.09308;0.09172;0.0002804;0.0001674;0.09;0.05;98.54;0.18;98.54;0.09308;0.09172;0.001359;-10.311;-10.375;-28.669;1.00;30.84;
2025-11-03 15:14:26.23;0.00:00:49:104;1.00;0.00;0.00;0.0931;0.09169;0.0003212;0.0001563;0.10;0.05;98.49;0.17;98.49;0.0931;0.09169;0.001405;-10.311;-10.377;-28.523;1.00;25.94;
2025-11-03 15:14:26.28;0.00:00:49:155;1.00;0.00;0.00;0.09322;0.09182;0.0002985;0.0001677;0.09;0.05;98.49;0.18;98.49;0.09322;0.09182;0.001405;-10.305;-10.371;-28.523;1.00;29.32;
2025-11-03 15:14:26.34;0.00:00:49:214;1.00;0.00;0.00;0.09325;0.09189;0.0002779;0.0001723;0.09;0.05;98.54;0.18;98.54;0.09325;0.09189;0.001359;-10.304;-10.367;-28.667;1.00;31.81;
2025-11-03 15:14:26.40;0.00:00:49:268;1.00;0.00;0.00;0.09329;0.09188;0.0003075;0.0001534;0.10;0.05;98.49;0.16;98.49;0.09329;0.09188;0.001413;-10.301;-10.368;-28.498;1.00;26.52;
2025-11-03 15:14:26.45;0.00:00:49:318;1.00;0.00;0.00;0.09328;0.09191;0.0002891;0.0001622;0.09;0.05;98.53;0.17;98.53;0.09328;0.09191;0.001368;-10.302;-10.366;-28.639;1.00;29.29;
2025-11-03 15:14:26.51;0.00:00:49:378;1.00;0.00;0.00;0.09291;0.09153;0.0002692;0.0001519;0.08;0.05;98.52;0.16;98.52;0.09291;0.09153;0.001375;-10.319;-10.384;-28.616;1.00;29.43;
2025-11-03 15:14:26.56;0.00:00:49:430;1.00;0.00;0.00;0.09289;0.09148;0.0003007;0.0001607;0.09;0.05;98.49;0.17;98.49;0.09289;0.09148;0.001404;-10.320;-10.387;-28.526;1.00;28.12;
2025-11-03 15:14:26.61;0.00:00:49:479;1.00;0.00;0.00;0.09301;0.09163;0.0003295;0.0001547;0.10;0.05;98.52;0.17;98.52;0.09301;0.09163;0.001379;-10.315;-10.379;-28.605;1.00;25.15;
2025-11-03 15:14:26.66;0.00:00:49:531;1.00;0.00;0.00;0.09307;0.09166;0.0003225;0.0001637;0.10;0.05;98.49;0.18;98.49;0.09307;0.09166;0.001407;-10.312;-10.378;-28.517;1.00;26.91;
2025-11-03 15:14:26.71;0.00:00:49:582;1.00;0.00;0.00;0.0932;0.09183;0.0003085;0.0001558;0.10;0.05;98.53;0.17;98.53;0.0932;0.09183;0.001375;-10.306;-10.370;-28.618;1.00;26.80;
2025-11-03 15:14:26.76;0.00:00:49:634;1.00;0.00;0.00;0.09311;0.09173;0.0002687;0.000153;0.08;0.05;98.52;0.16;98.52;0.09311;0.09173;0.00138;-10.310;-10.375;-28.602;1.00;29.66;
2025-11-03 15:14:26.81;0.00:00:49:683;1.00;0.00;0.00;0.09311;0.09171;0.0003022;0.0001649;0.09;0.05;98.51;0.18;98.51;0.09311;0.09171;0.001391;-10.310;-10.376;-28.565;1.00;28.62;
2025-11-03 15:14:26.86;0.00:00:49:732;1.00;0.00;0.00;0.09306;0.09167;0.0003051;0.0001552;0.10;0.05;98.51;0.17;98.51;0.09306;0.09167;0.001388;-10.312;-10.378;-28.577;1.00;26.95;
2025-11-03 15:14:26.93;0.00:00:49:797;1.00;0.00;0.00;0.09296;0.09156;0.0002824;0.0001516;0.09;0.05;98.50;0.16;98.50;0.09296;0.09156;0.001394;-10.317;-10.383;-28.556;1.00;28.23;
2025-11-03 15:14:26.97;0.00:00:49:846;1.00;0.00;0.00;0.09305;0.09164;0.0003187;0.0001432;0.10;0.04;98.49;0.15;98.49;0.09305;0.09165;0.0014;-10.313;-10.379;-28.538;1.00;24.20;
2025-11-03 15:14:27.02;0.00:00:49:893;1.00;0.00;0.00;0.09323;0.09183;0.000307;0.000165;0.10;0.05;98.50;0.18;98.50;0.09323;0.09183;0.001395;-10.305;-10.370;-28.554;1.00;28.25;
2025-11-03 15:14:27.07;0.00:00:49:940;1.00;0.00;0.00;0.0935;0.09214;0.0002823;0.0001604;0.09;0.05;98.55;0.17;98.55;0.0935;0.09214;0.001357;-10.292;-10.355;-28.675;1.00;29.60;
2025-11-03 15:14:27.12;0.00:00:49:990;1.00;0.00;0.00;0.09324;0.09189;0.0002267;0.0001654;0.07;0.05;98.56;0.18;98.56;0.09324;0.09189;0.001342;-10.304;-10.367;-28.722;1.00;36.12;
2025-11-03 15:14:27.17;0.00:00:50:042;1.00;0.00;0.00;0.09322;0.09183;0.0003149;0.0001647;0.10;0.05;98.51;0.18;98.51;0.09322;0.09183;0.001386;-10.305;-10.370;-28.582;1.00;27.61;
2025-11-03 15:14:27.22;0.00:00:50:093;1.00;0.00;0.00;0.09332;0.09194;0.0002789;0.0001432;0.09;0.04;98.53;0.15;98.53;0.09332;0.09194;0.001374;-10.300;-10.365;-28.621;1.00;27.19;
2025-11-03 15:14:27.27;0.00:00:50:145;1.00;0.00;0.00;0.09323;0.09184;0.0003122;0.0001553;0.10;0.05;98.51;0.17;98.51;0.09323;0.09184;0.001393;-10.304;-10.370;-28.560;1.00;26.44;
2025-11-03 15:14:27.32;0.00:00:50:195;1.00;0.00;0.00;0.09326;0.09187;0.0003051;0.0001635;0.10;0.05;98.51;0.18;98.51;0.09326;0.09187;0.00139;-10.303;-10.368;-28.571;1.00;28.18;
2025-11-03 15:14:27.37;0.00:00:50:246;1.00;0.00;0.00;0.09324;0.09189;0.0002969;0.000155;0.09;0.05;98.56;0.17;98.56;0.09324;0.09189;0.001347;-10.304;-10.367;-28.708;1.00;27.57;
2025-11-03 15:14:27.43;0.00:00:50:306;1.00;0.00;0.00;0.09324;0.09188;0.0003025;0.0001667;0.09;0.05;98.54;0.18;98.54;0.09324;0.09188;0.00136;-10.304;-10.368;-28.665;1.00;28.86;
2025-11-03 15:14:27.49;0.00:00:50:358;1.00;0.00;0.00;0.09326;0.09188;0.000272;0.0001578;0.08;0.05;98.52;0.17;98.52;0.09326;0.09188;0.00138;-10.303;-10.368;-28.602;1.00;30.12;
2025-11-03 15:14:27.54;0.00:00:50:408;1.00;0.00;0.00;0.09324;0.09188;0.0002577;0.0001539;0.08;0.05;98.54;0.17;98.54;0.09324;0.09188;0.001363;-10.304;-10.368;-28.655;1.00;30.85;
2025-11-03 15:14:27.59;0.00:00:50:458;1.00;0.00;0.00;0.09314;0.09176;0.0002487;0.0001516;0.08;0.05;98.52;0.16;98.52;0.09314;0.09176;0.001381;-10.308;-10.373;-28.597;1.00;31.36;
2025-11-03 15:14:27.65;0.00:00:50:521;1.00;0.00;0.00;0.09304;0.09166;0.0002728;0.0001533;0.09;0.05;98.52;0.16;98.52;0.09304;0.09167;0.001378;-10.313;-10.378;-28.608;1.00;29.34;
2025-11-03 15:14:27.70;0.00:00:50:571;1.00;0.00;0.00;0.09301;0.09167;0.0002767;0.0001554;0.09;0.05;98.55;0.17;98.55;0.09301;0.09167;0.001347;-10.315;-10.378;-28.708;1.00;29.32;
2025-11-03 15:14:27.75;0.00:00:50:620;1.00;0.00;0.00;0.09306;0.09167;0.0003044;0.0001493;0.10;0.05;98.51;0.16;98.51;0.09306;0.09167;0.00139;-10.312;-10.378;-28.571;1.00;26.13;
2025-11-03 15:14:27.80;0.00:00:50:673;1.00;0.00;0.00;0.09312;0.09173;0.000274;0.0001582;0.09;0.05;98.51;0.17;98.51;0.09312;0.09173;0.001391;-10.310;-10.375;-28.566;1.00;29.99;
2025-11-03 15:14:27.85;0.00:00:50:723;1.00;0.00;0.00;0.09312;0.09173;0.0002753;0.0001525;0.09;0.05;98.51;0.16;98.51;0.09312;0.09173;0.001384;-10.310;-10.375;-28.589;1.00;28.98;
2025-11-03 15:14:27.90;0.00:00:50:774;1.00;0.00;0.00;0.09325;0.09188;0.0002766;0.0001649;0.09;0.05;98.53;0.18;98.53;0.09325;0.09188;0.001374;-10.303;-10.368;-28.619;1.00;30.81;
2025-11-03 15:14:27.95;0.00:00:50:825;1.00;0.00;0.00;0.09315;0.0918;0.0002471;0.0001591;0.08;0.05;98.55;0.17;98.55;0.09315;0.0918;0.001349;-10.308;-10.371;-28.699;1.00;32.78;
2025-11-03 15:14:28.01;0.00:00:50:877;1.00;0.00;0.00;0.09314;0.09175;0.0003213;0.0001558;0.10;0.05;98.51;0.17;98.51;0.09314;0.09175;0.001387;-10.309;-10.374;-28.578;1.00;25.86;
2025-11-03 15:14:28.06;0.00:00:50:928;1.00;0.00;0.00;0.0933;0.09193;0.0003137;0.0001459;0.10;0.05;98.53;0.16;98.53;0.0933;0.09193;0.001368;-10.301;-10.365;-28.640;1.00;24.95;
2025-11-03 15:14:28.11;0.00:00:50:977;1.00;0.00;0.00;0.09313;0.09176;0.0002914;0.0001492;0.09;0.05;98.54;0.16;98.54;0.09313;0.09176;0.001363;-10.309;-10.373;-28.654;1.00;27.11;
2025-11-03 15:14:28.16;0.00:00:51:028;1.00;0.00;0.00;0.09328;0.09193;0.0003053;0.0001648;0.10;0.05;98.55;0.18;98.55;0.09328;0.09193;0.001352;-10.302;-10.365;-28.692;1.00;28.36;
2025-11-03 15:14:28.21;0.00:00:51:079;1.00;0.00;0.00;0.09308;0.09168;0.0002626;0.000153;0.08;0.05;98.50;0.16;98.50;0.09308;0.09168;0.001396;-10.312;-10.377;-28.551;1.00;30.22;
2025-11-03 15:14:28.27;0.00:00:51:140;1.00;0.00;0.00;0.09304;0.09168;0.0002789;0.0001583;0.09;0.05;98.53;0.17;98.53;0.09304;0.09168;0.001364;-10.313;-10.377;-28.652;1.00;29.58;
2025-11-03 15:14:28.32;0.00:00:51:192;1.00;0.00;0.00;0.09308;0.0917;0.0002953;0.0001394;0.09;0.04;98.52;0.15;98.52;0.09308;0.0917;0.001374;-10.312;-10.376;-28.621;1.00;25.27;
2025-11-03 15:14:28.37;0.00:00:51:245;1.00;0.00;0.00;0.09303;0.09167;0.0002714;0.0001483;0.08;0.05;98.54;0.16;98.54;0.09303;0.09167;0.001358;-10.314;-10.378;-28.670;1.00;28.65;
2025-11-03 15:14:28.43;0.00:00:51:301;1.00;0.00;0.00;0.09298;0.09161;0.0002441;0.000171;0.08;0.05;98.53;0.18;98.53;0.09298;0.09161;0.00137;-10.316;-10.381;-28.634;1.00;35.00;
2025-11-03 15:14:28.49;0.00:00:51:357;1.00;0.00;0.00;0.093;0.0916;0.0002884;0.0001509;0.09;0.05;98.49;0.16;98.49;0.093;0.0916;0.001404;-10.315;-10.381;-28.526;1.00;27.62;
2025-11-03 15:14:28.53;0.00:00:51:404;1.00;0.00;0.00;0.09305;0.09167;0.0003022;0.0001499;0.09;0.05;98.52;0.16;98.52;0.09305;0.09167;0.001381;-10.313;-10.378;-28.597;1.00;26.39;
2025-11-03 15:14:28.59;0.00:00:51:457;1.00;0.00;0.00;0.09308;0.09172;0.0002731;0.0001462;0.09;0.05;98.54;0.16;98.54;0.09308;0.09172;0.001356;-10.312;-10.375;-28.677;1.00;28.16;
2025-11-03 15:14:28.63;0.00:00:51:504;1.00;0.00;0.00;0.09313;0.09175;0.0003169;0.0001627;0.10;0.05;98.51;0.17;98.51;0.09313;0.09175;0.001384;-10.309;-10.374;-28.588;1.00;27.18;
2025-11-03 15:14:28.68;0.00:00:51:553;1.00;0.00;0.00;0.09305;0.09171;0.0002778;0.0001596;0.09;0.05;98.55;0.17;98.55;0.09305;0.09171;0.001347;-10.313;-10.376;-28.708;1.00;29.87;
2025-11-03 15:14:28.74;0.00:00:51:614;1.00;0.00;0.00;0.09307;0.09171;0.0002873;0.0001367;0.09;0.04;98.53;0.15;98.53;0.09307;0.09171;0.001365;-10.312;-10.376;-28.650;1.00;25.44;
2025-11-03 15:14:28.80;0.00:00:51:669;1.00;0.00;0.00;0.09312;0.09174;0.0002735;0.00015;0.09;0.05;98.52;0.16;98.52;0.09312;0.09174;0.00138;-10.309;-10.374;-28.601;1.00;28.74;
2025-11-03 15:14:28.85;0.00:00:51:718;1.00;0.00;0.00;0.09305;0.09165;0.0002812;0.000153;0.09;0.05;98.49;0.16;98.49;0.09305;0.09165;0.001404;-10.313;-10.379;-28.526;1.00;28.55;
2025-11-03 15:14:28.89;0.00:00:51:766;1.00;0.00;0.00;0.09296;0.09158;0.0002744;0.0001496;0.09;0.05;98.52;0.16;98.52;0.09296;0.09158;0.001376;-10.317;-10.382;-28.613;1.00;28.61;
2025-11-03 15:14:28.95;0.00:00:51:820;1.00;0.00;0.00;0.09295;0.09159;0.0002892;0.0001634;0.09;0.05;98.54;0.18;98.54;0.09295;0.09159;0.001359;-10.318;-10.382;-28.668;1.00;29.46;
2025-11-03 15:14:29.00;0.00:00:51:872;1.00;0.00;0.00;0.09304;0.09165;0.0003227;0.0001505;0.10;0.05;98.50;0.16;98.50;0.09304;0.09165;0.001393;-10.313;-10.379;-28.561;1.00;25.00;
2025-11-03 15:14:29.06;0.00:00:51:932;1.00;0.00;0.00;0.09336;0.09199;0.0002752;0.0001611;0.09;0.05;98.54;0.17;98.54;0.09336;0.09199;0.001366;-10.299;-10.363;-28.647;1.00;30.35;
2025-11-03 15:14:29.11;0.00:00:51:983;1.00;0.00;0.00;0.09315;0.09179;0.0002567;0.0001673;0.08;0.05;98.54;0.18;98.54;0.09315;0.09179;0.001361;-10.308;-10.372;-28.662;1.00;33.09;
2025-11-03 15:14:29.17;0.00:00:52:037;1.00;0.00;0.00;0.09307;0.09167;0.0002895;0.0001418;0.09;0.04;98.50;0.15;98.50;0.09307;0.09167;0.001395;-10.312;-10.378;-28.555;1.00;26.09;
2025-11-03 15:14:29.23;0.00:00:52:098;1.00;0.00;0.00;0.09348;0.0921;0.0002781;0.0001727;0.09;0.05;98.52;0.18;98.52;0.09348;0.0921;0.001382;-10.293;-10.357;-28.594;1.00;31.85;
2025-11-03 15:14:29.28;0.00:00:52:149;1.00;0.00;0.00;0.09325;0.09189;0.0003169;0.0001421;0.10;0.04;98.54;0.15;98.54;0.09325;0.09189;0.001365;-10.303;-10.368;-28.647;1.00;24.16;
2025-11-03 15:14:29.33;0.00:00:52:200;1.00;0.00;0.00;0.09326;0.09191;0.0002627;0.0001667;0.08;0.05;98.55;0.18;98.55;0.09326;0.09191;0.001349;-10.303;-10.366;-28.701;1.00;32.40;
2025-11-03 15:14:29.38;0.00:00:52:250;1.00;0.00;0.00;0.09298;0.09163;0.0002685;0.0001569;0.08;0.05;98.54;0.17;98.54;0.09298;0.09163;0.001355;-10.316;-10.380;-28.682;1.00;30.30;
2025-11-03 15:14:29.43;0.00:00:52:303;1.00;0.00;0.00;0.09303;0.09163;0.0003357;0.0001641;0.10;0.05;98.49;0.18;98.49;0.09303;0.09163;0.001406;-10.314;-10.380;-28.522;1.00;26.06;
2025-11-03 15:14:29.49;0.00:00:52:359;1.00;0.00;0.00;0.09301;0.09161;0.0003083;0.0001543;0.10;0.05;98.50;0.17;98.50;0.09301;0.09161;0.001393;-10.315;-10.380;-28.560;1.00;26.58;
2025-11-03 15:14:29.54;0.00:00:52:410;1.00;0.00;0.00;0.09301;0.09162;0.0003057;0.000146;0.10;0.05;98.51;0.16;98.51;0.09301;0.09163;0.001387;-10.315;-10.380;-28.578;1.00;25.53;
2025-11-03 15:14:29.58;0.00:00:52:456;1.00;0.00;0.00;0.0929;0.09153;0.0002869;0.0001651;0.09;0.05;98.53;0.18;98.53;0.0929;0.09153;0.001367;-10.320;-10.384;-28.641;1.00;29.92;
2025-11-03 15:14:29.64;0.00:00:52:508;1.00;0.00;0.00;0.09283;0.09147;0.0002819;0.0001609;0.09;0.05;98.53;0.17;98.53;0.09283;0.09147;0.001361;-10.323;-10.387;-28.662;1.00;29.72;
2025-11-03 15:14:29.69;0.00:00:52:566;1.00;0.00;0.00;0.0931;0.09171;0.0003261;0.0001523;0.10;0.05;98.50;0.16;98.50;0.0931;0.09171;0.001393;-10.310;-10.376;-28.560;1.00;25.04;
2025-11-03 15:14:29.74;0.00:00:52:612;1.00;0.00;0.00;0.0932;0.09178;0.0003051;0.0001494;0.10;0.05;98.48;0.16;98.48;0.0932;0.09178;0.001418;-10.306;-10.372;-28.485;1.00;26.09;
2025-11-03 15:14:29.79;0.00:00:52:660;1.00;0.00;0.00;0.09317;0.0918;0.00026;0.0001585;0.08;0.05;98.53;0.17;98.53;0.09317;0.0918;0.001373;-10.307;-10.372;-28.623;1.00;31.36;
2025-11-03 15:14:29.84;0.00:00:52:712;1.00;0.00;0.00;0.09309;0.09171;0.0002932;0.0001505;0.09;0.05;98.53;0.16;98.53;0.09309;0.09171;0.001372;-10.311;-10.376;-28.627;1.00;27.17;
2025-11-03 15:14:29.90;0.00:00:52:769;1.00;0.00;0.00;0.09303;0.09166;0.0002982;0.0001586;0.09;0.05;98.54;0.17;98.54;0.09303;0.09166;0.001362;-10.314;-10.378;-28.657;1.00;28.02;
2025-11-03 15:14:29.95;0.00:00:52:824;1.00;0.00;0.00;0.09307;0.09169;0.0003296;0.0001579;0.10;0.05;98.52;0.17;98.52;0.09307;0.09169;0.001376;-10.312;-10.377;-28.614;1.00;25.60;
2025-11-03 15:14:30.00;0.00:00:52:869;1.00;0.00;0.00;0.09312;0.09174;0.0002422;0.000172;0.08;0.05;98.53;0.18;98.53;0.09312;0.09174;0.001371;-10.310;-10.374;-28.630;1.00;35.38;
2025-11-03 15:14:30.06;0.00:00:52:932;1.00;0.00;0.00;0.09298;0.0916;0.0002941;0.0001534;0.09;0.05;98.52;0.16;98.52;0.09298;0.0916;0.001376;-10.316;-10.381;-28.613;1.00;27.54;
2025-11-03 15:14:30.11;0.00:00:52:984;1.00;0.00;0.00;0.09298;0.09162;0.0002841;0.0001626;0.09;0.05;98.54;0.17;98.53;0.09298;0.09162;0.001362;-10.316;-10.380;-28.658;1.00;29.78;
2025-11-03 15:14:30.17;0.00:00:53:037;1.00;0.00;0.00;0.09296;0.09156;0.0002924;0.000155;0.09;0.05;98.49;0.17;98.49;0.09296;0.09156;0.001406;-10.317;-10.383;-28.521;1.00;27.93;
2025-11-03 15:14:30.21;0.00:00:53:082;1.00;0.00;0.00;0.09298;0.09161;0.000317;0.000167;0.10;0.05;98.53;0.18;98.52;0.09298;0.09161;0.001371;-10.316;-10.381;-28.628;1.00;27.78;
2025-11-03 15:14:30.26;0.00:00:53:128;1.00;0.00;0.00;0.09303;0.09164;0.0002955;0.0001635;0.09;0.05;98.51;0.18;98.51;0.09303;0.09164;0.001387;-10.314;-10.379;-28.580;1.00;28.96;
2025-11-03 15:14:30.31;0.00:00:53:180;1.00;0.00;0.00;0.09301;0.09165;0.0002983;0.0001486;0.09;0.05;98.55;0.16;98.54;0.09301;0.09165;0.001353;-10.315;-10.379;-28.687;1.00;26.48;
2025-11-03 15:14:30.36;0.00:00:53:232;1.00;0.00;0.00;0.09284;0.09149;0.0003045;0.0001546;0.10;0.05;98.54;0.17;98.54;0.09284;0.09149;0.001351;-10.323;-10.386;-28.694;1.00;26.92;
2025-11-03 15:14:30.41;0.00:00:53:280;1.00;0.00;0.00;0.09288;0.09151;0.000322;0.0001632;0.10;0.05;98.53;0.18;98.53;0.09288;0.09151;0.001368;-10.321;-10.385;-28.638;1.00;26.88;
2025-11-03 15:14:30.45;0.00:00:53:323;1.00;0.00;0.00;0.09303;0.09163;0.0002852;0.0001523;0.09;0.05;98.49;0.16;98.49;0.09303;0.09163;0.001401;-10.314;-10.379;-28.535;1.00;28.11;
2025-11-03 15:14:30.50;0.00:00:53:374;1.00;0.00;0.00;0.09313;0.09174;0.0003178;0.0001592;0.10;0.05;98.51;0.17;98.51;0.09313;0.09174;0.001388;-10.309;-10.374;-28.575;1.00;26.61;
2025-11-03 15:14:30.56;0.00:00:53:431;1.00;0.00;0.00;0.09314;0.09179;0.0003019;0.0001541;0.09;0.05;98.55;0.17;98.55;0.09314;0.09179;0.001348;-10.309;-10.372;-28.704;1.00;27.04;
2025-11-03 15:14:30.61;0.00:00:53:480;1.00;0.00;0.00;0.09317;0.09177;0.0002921;0.0001596;0.09;0.05;98.50;0.17;98.50;0.09317;0.09177;0.001396;-10.307;-10.373;-28.550;1.00;28.65;
2025-11-03 15:14:30.66;0.00:00:53:530;1.00;0.00;0.00;0.09318;0.09182;0.0003178;0.0001451;0.10;0.05;98.54;0.16;98.54;0.09318;0.09182;0.001362;-10.307;-10.371;-28.657;1.00;24.54;
2025-11-03 15:14:30.71;0.00:00:53:579;1.00;0.00;0.00;0.09329;0.09191;0.0002928;0.0001688;0.09;0.05;98.52;0.18;98.52;0.09329;0.09191;0.001381;-10.302;-10.366;-28.599;1.00;29.96;
2025-11-03 15:14:30.77;0.00:00:53:645;1.00;0.00;0.00;0.09304;0.0917;0.0002931;0.0001581;0.09;0.05;98.55;0.17;98.55;0.09304;0.0917;0.001345;-10.313;-10.376;-28.713;1.00;28.34;
2025-11-03 15:14:30.83;0.00:00:53:697;1.00;0.00;0.00;0.09321;0.09184;0.0003322;0.0001659;0.10;0.05;98.54;0.18;98.54;0.09321;0.09185;0.001364;-10.305;-10.369;-28.652;1.00;26.54;
2025-11-03 15:14:30.88;0.00:00:53:747;1.00;0.00;0.00;0.09327;0.09192;0.0002818;0.0001747;0.09;0.05;98.55;0.19;98.55;0.09327;0.09192;0.001351;-10.303;-10.366;-28.694;1.00;31.80;
2025-11-03 15:14:30.93;0.00:00:53:797;1.00;0.00;0.00;0.09318;0.09181;0.0003099;0.0001561;0.10;0.05;98.52;0.17;98.52;0.09318;0.09181;0.001375;-10.307;-10.371;-28.618;1.00;26.73;
2025-11-03 15:14:30.98;0.00:00:53:847;1.00;0.00;0.00;0.09324;0.09188;0.0002763;0.000158;0.09;0.05;98.54;0.17;98.54;0.09324;0.09188;0.001363;-10.304;-10.368;-28.657;1.00;29.77;
2025-11-03 15:14:31.03;0.00:00:53:901;1.00;0.00;0.00;0.09322;0.09182;0.0003001;0.0001726;0.09;0.05;98.50;0.19;98.50;0.09322;0.09182;0.001397;-10.305;-10.371;-28.548;1.00;29.91;
2025-11-03 15:14:31.08;0.00:00:53:950;1.00;0.00;0.00;0.09324;0.09188;0.000272;0.0001572;0.08;0.05;98.54;0.17;98.54;0.09324;0.09188;0.001361;-10.304;-10.368;-28.660;1.00;30.02;
2025-11-03 15:14:31.13;0.00:00:54:004;1.00;0.00;0.00;0.0931;0.09175;0.0002743;0.0001659;0.09;0.05;98.55;0.18;98.55;0.0931;0.09175;0.001349;-10.311;-10.374;-28.699;1.00;31.17;
2025-11-03 15:14:31.18;0.00:00:54:055;1.00;0.00;0.00;0.09308;0.09172;0.0002825;0.000151;0.09;0.05;98.54;0.16;98.54;0.09308;0.09172;0.001362;-10.311;-10.375;-28.659;1.00;28.12;
2025-11-03 15:14:31.23;0.00:00:54:106;1.00;0.00;0.00;0.09308;0.09172;0.0002632;0.0001515;0.08;0.05;98.54;0.16;98.54;0.09308;0.09172;0.001359;-10.311;-10.375;-28.667;1.00;29.91;
2025-11-03 15:14:31.28;0.00:00:54:156;1.00;0.00;0.00;0.09308;0.09171;0.0003059;0.0001504;0.10;0.05;98.53;0.16;98.53;0.09308;0.09171;0.001372;-10.311;-10.376;-28.627;1.00;26.17;
2025-11-03 15:14:31.34;0.00:00:54:216;1.00;0.00;0.00;0.09304;0.09163;0.0003049;0.0001352;0.10;0.04;98.49;0.15;98.49;0.09304;0.09163;0.001402;-10.314;-10.379;-28.534;1.00;23.92;
2025-11-03 15:14:31.39;0.00:00:54:266;1.00;0.00;0.00;0.09314;0.09176;0.000293;0.0001628;0.09;0.05;98.52;0.17;98.52;0.09314;0.09176;0.001382;-10.309;-10.374;-28.596;1.00;29.06;
2025-11-03 15:14:31.45;0.00:00:54:319;1.00;0.00;0.00;0.09308;0.09171;0.0002588;0.0001622;0.08;0.05;98.52;0.17;98.52;0.09308;0.09171;0.001373;-10.311;-10.376;-28.623;1.00;32.07;
2025-11-03 15:14:31.50;0.00:00:54:371;1.00;0.00;0.00;0.09317;0.09181;0.0002714;0.0001546;0.08;0.05;98.54;0.17;98.54;0.09317;0.09181;0.001359;-10.307;-10.371;-28.668;1.00;29.66;
2025-11-03 15:14:31.55;0.00:00:54:419;1.00;0.00;0.00;0.09312;0.09176;0.0002788;0.000144;0.09;0.04;98.54;0.15;98.54;0.09312;0.09176;0.001356;-10.310;-10.373;-28.679;1.00;27.31;
2025-11-03 15:14:31.60;0.00:00:54:470;1.00;0.00;0.00;0.09318;0.09183;0.0002942;0.0001506;0.09;0.05;98.55;0.16;98.55;0.09318;0.09183;0.001348;-10.307;-10.370;-28.702;1.00;27.10;
2025-11-03 15:14:31.65;0.00:00:54:521;1.00;0.00;0.00;0.09335;0.09197;0.0003188;0.0001744;0.10;0.05;98.53;0.19;98.53;0.09335;0.09198;0.001373;-10.299;-10.363;-28.623;1.00;28.68;
2025-11-03 15:14:31.70;0.00:00:54:574;1.00;0.00;0.00;0.09326;0.09185;0.0003001;0.0001354;0.09;0.04;98.49;0.15;98.49;0.09326;0.09185;0.001409;-10.303;-10.369;-28.511;1.00;24.29;
2025-11-03 15:14:31.76;0.00:00:54:635;1.00;0.00;0.00;0.09326;0.09195;0.0001957;0.0001486;0.06;0.05;98.60;0.16;98.60;0.09326;0.09195;0.001307;-10.303;-10.364;-28.836;1.00;37.20;
2025-11-03 15:14:31.81;0.00:00:54:684;1.00;0.00;0.00;0.09313;0.09175;0.0002881;0.0001584;0.09;0.05;98.51;0.17;98.51;0.09313;0.09175;0.001386;-10.309;-10.374;-28.582;1.00;28.80;
2025-11-03 15:14:31.88;0.00:00:54:748;1.00;0.00;0.00;0.09329;0.0919;0.0003077;0.0001483;0.10;0.05;98.52;0.16;98.52;0.09329;0.0919;0.001384;-10.302;-10.367;-28.590;1.00;25.73;
2025-11-03 15:14:31.93;0.00:00:54:798;1.00;0.00;0.00;0.09328;0.09193;0.000236;0.0001695;0.07;0.05;98.56;0.18;98.56;0.09328;0.09193;0.001345;-10.302;-10.365;-28.713;1.00;35.69;
2025-11-03 15:14:31.97;0.00:00:54:844;1.00;0.00;0.00;0.09313;0.09176;0.0002595;0.0001431;0.08;0.04;98.53;0.15;98.53;0.09313;0.09176;0.00137;-10.309;-10.374;-28.633;1.00;28.88;
2025-11-03 15:14:32.03;0.00:00:54:899;1.00;0.00;0.00;0.09313;0.09178;0.0002595;0.0001443;0.08;0.05;98.55;0.15;98.55;0.09313;0.09178;0.001352;-10.309;-10.372;-28.689;1.00;29.07;
2025-11-03 15:14:32.08;0.00:00:54:952;1.00;0.00;0.00;0.09313;0.09173;0.0003215;0.0001579;0.10;0.05;98.51;0.17;98.50;0.09313;0.09173;0.001392;-10.309;-10.375;-28.563;1.00;26.16;
2025-11-03 15:14:32.13;0.00:00:55:002;1.00;0.00;0.00;0.09327;0.0919;0.0003124;0.000153;0.10;0.05;98.53;0.16;98.53;0.09327;0.0919;0.001373;-10.302;-10.367;-28.624;1.00;26.09;
2025-11-03 15:14:32.18;0.00:00:55:054;1.00;0.00;0.00;0.09331;0.09194;0.0002856;0.0001572;0.09;0.05;98.52;0.17;98.52;0.09331;0.09194;0.001378;-10.301;-10.365;-28.608;1.00;28.84;
2025-11-03 15:14:32.23;0.00:00:55:103;1.00;0.00;0.00;0.09337;0.092;0.0002774;0.0001675;0.09;0.05;98.53;0.18;98.53;0.09337;0.092;0.00137;-10.298;-10.362;-28.634;1.00;31.13;
2025-11-03 15:14:32.28;0.00:00:55:155;1.00;0.00;0.00;0.09332;0.09197;0.0002847;0.0001623;0.09;0.05;98.54;0.17;98.54;0.09332;0.09197;0.001358;-10.300;-10.364;-28.670;1.00;29.69;
2025-11-03 15:14:32.33;0.00:00:55:205;1.00;0.00;0.00;0.09315;0.0918;0.0002667;0.0001669;0.08;0.05;98.55;0.18;98.55;0.09315;0.0918;0.00135;-10.308;-10.372;-28.698;1.00;32.05;
2025-11-03 15:14:32.39;0.00:00:55:261;1.00;0.00;0.00;0.0931;0.09171;0.0002854;0.0001671;0.09;0.05;98.51;0.18;98.51;0.0931;0.09171;0.001386;-10.311;-10.376;-28.584;1.00;30.34;
2025-11-03 15:14:32.46;0.00:00:55:327;1.00;0.00;0.00;0.09329;0.09194;0.0002736;0.0001676;0.09;0.05;98.55;0.18;98.55;0.09329;0.09194;0.00135;-10.302;-10.365;-28.695;1.00;31.50;
2025-11-03 15:14:32.52;0.00:00:55:390;1.00;0.00;0.00;0.09321;0.09182;0.0003222;0.0001462;0.10;0.05;98.50;0.16;98.50;0.09321;0.09182;0.001394;-10.305;-10.371;-28.556;1.00;24.41;
2025-11-03 15:14:32.58;0.00:00:55:449;1.00;0.00;0.00;0.09327;0.09191;0.0002737;0.0001563;0.09;0.05;98.53;0.17;98.53;0.09327;0.09191;0.001368;-10.302;-10.367;-28.640;1.00;29.73;
2025-11-03 15:14:32.63;0.00:00:55:500;1.00;0.00;0.00;0.09324;0.09187;0.0003031;0.0001789;0.09;0.06;98.53;0.19;98.52;0.09324;0.09187;0.001375;-10.304;-10.368;-28.616;1.00;30.55;
2025-11-03 15:14:32.68;0.00:00:55:553;1.00;0.00;0.00;0.09312;0.09176;0.0002445;0.0001648;0.08;0.05;98.53;0.18;98.53;0.09312;0.09176;0.001364;-10.309;-10.373;-28.651;1.00;33.98;
2025-11-03 15:14:32.73;0.00:00:55:604;1.00;0.00;0.00;0.09309;0.09172;0.0002977;0.0001638;0.09;0.05;98.52;0.18;98.52;0.09309;0.09172;0.001374;-10.311;-10.375;-28.622;1.00;28.82;
2025-11-03 15:14:32.79;0.00:00:55:664;1.00;0.00;0.00;0.09317;0.09178;0.0003131;0.0001712;0.10;0.05;98.51;0.18;98.51;0.09317;0.09178;0.001385;-10.307;-10.372;-28.587;1.00;28.67;
2025-11-03 15:14:32.84;0.00:00:55:714;1.00;0.00;0.00;0.09325;0.09188;0.0002767;0.0001533;0.09;0.05;98.53;0.16;98.53;0.09325;0.09188;0.00137;-10.304;-10.368;-28.633;1.00;28.98;
2025-11-03 15:14:32.89;0.00:00:55:765;1.00;0.00;0.00;0.09321;0.09184;0.0002851;0.0001679;0.09;0.05;98.52;0.18;98.52;0.09321;0.09184;0.001375;-10.305;-10.370;-28.616;1.00;30.50;
2025-11-03 15:14:32.95;0.00:00:55:818;1.00;0.00;0.00;0.09317;0.09177;0.0002792;0.000162;0.09;0.05;98.49;0.17;98.49;0.09317;0.09177;0.001404;-10.307;-10.373;-28.527;1.00;30.12;
2025-11-03 15:14:33.00;0.00:00:55:870;1.00;0.00;0.00;0.09313;0.09174;0.0003178;0.0001561;0.10;0.05;98.50;0.17;98.50;0.09313;0.09174;0.001392;-10.309;-10.375;-28.562;1.00;26.16;
2025-11-03 15:14:33.05;0.00:00:55:918;1.00;0.00;0.00;0.09317;0.0918;0.0002751;0.0001534;0.09;0.05;98.53;0.16;98.53;0.09317;0.0918;0.001366;-10.307;-10.371;-28.646;1.00;29.15;
2025-11-03 15:14:33.10;0.00:00:55:972;1.00;0.00;0.00;0.09314;0.09176;0.0003105;0.000167;0.10;0.05;98.51;0.18;98.51;0.09314;0.09176;0.001385;-10.309;-10.374;-28.585;1.00;28.28;
2025-11-03 15:14:33.16;0.00:00:56:030;1.00;0.00;0.00;0.09327;0.09192;0.0003138;0.0001572;0.10;0.05;98.55;0.17;98.55;0.09327;0.09192;0.001348;-10.303;-10.366;-28.702;1.00;26.61;
2025-11-03 15:14:33.21;0.00:00:56:081;1.00;0.00;0.00;0.0933;0.09191;0.0002661;0.0001538;0.08;0.05;98.51;0.16;98.51;0.0933;0.09191;0.001388;-10.301;-10.366;-28.575;1.00;30.03;
2025-11-03 15:14:33.26;0.00:00:56:134;1.00;0.00;0.00;0.09328;0.0919;0.0003206;0.0001544;0.10;0.05;98.52;0.17;98.52;0.09328;0.0919;0.00138;-10.302;-10.367;-28.602;1.00;25.71;
2025-11-03 15:14:33.32;0.00:00:56:195;1.00;0.00;0.00;0.0933;0.09192;0.0002628;0.0001583;0.08;0.05;98.52;0.17;98.52;0.0933;0.09192;0.001385;-10.301;-10.366;-28.587;1.00;31.06;
2025-11-03 15:14:33.38;0.00:00:56:247;1.00;0.00;0.00;0.09307;0.09171;0.0003191;0.0001513;0.10;0.05;98.54;0.16;98.54;0.09307;0.09171;0.00136;-10.312;-10.376;-28.666;1.00;25.37;
2025-11-03 15:14:33.43;0.00:00:56:297;1.00;0.00;0.00;0.09308;0.09171;0.0003027;0.0001451;0.09;0.05;98.52;0.16;98.52;0.09308;0.09171;0.001376;-10.311;-10.376;-28.612;1.00;25.62;
2025-11-03 15:14:33.48;0.00:00:56:350;1.00;0.00;0.00;0.09327;0.09189;0.0002987;0.000149;0.09;0.05;98.52;0.16;98.52;0.09327;0.09189;0.001376;-10.303;-10.367;-28.614;1.00;26.51;
2025-11-03 15:14:33.53;0.00:00:56:401;1.00;0.00;0.00;0.09327;0.0919;0.0003097;0.0001528;0.10;0.05;98.53;0.16;98.53;0.09327;0.0919;0.001368;-10.302;-10.367;-28.639;1.00;26.26;
2025-11-03 15:14:33.58;0.00:00:56:450;1.00;0.00;0.00;0.09325;0.09189;0.0003128;0.0001466;0.10;0.05;98.55;0.16;98.55;0.09325;0.09189;0.001357;-10.304;-10.367;-28.676;1.00;25.10;
2025-11-03 15:14:33.63;0.00:00:56:501;1.00;0.00;0.00;0.09324;0.09189;0.0002687;0.0001645;0.08;0.05;98.54;0.18;98.54;0.09324;0.09189;0.001357;-10.304;-10.367;-28.674;1.00;31.47;
2025-11-03 15:14:33.68;0.00:00:56:551;1.00;0.00;0.00;0.0932;0.09185;0.000303;0.0001504;0.09;0.05;98.55;0.16;98.55;0.0932;0.09185;0.001351;-10.306;-10.369;-28.694;1.00;26.40;
2025-11-03 15:14:33.73;0.00:00:56:598;1.00;0.00;0.00;0.09322;0.09185;0.0002782;0.0001509;0.09;0.05;98.53;0.16;98.53;0.09322;0.09185;0.001368;-10.305;-10.369;-28.639;1.00;28.47;
2025-11-03 15:14:33.77;0.00:00:56:644;1.00;0.00;0.00;0.09304;0.09164;0.0003249;0.0001427;0.10;0.04;98.50;0.15;98.50;0.09304;0.09164;0.001395;-10.313;-10.379;-28.553;1.00;23.71;
2025-11-03 15:14:33.83;0.00:00:56:705;1.00;0.00;0.00;0.09328;0.09187;0.0003415;0.0001487;0.11;0.05;98.49;0.16;98.49;0.09328;0.09187;0.001405;-10.302;-10.368;-28.525;1.00;23.53;
2025-11-03 15:14:33.89;0.00:00:56:766;1.00;0.00;0.00;0.09332;0.09197;0.000292;0.0001626;0.09;0.05;98.56;0.17;98.56;0.09332;0.09197;0.001347;-10.300;-10.363;-28.707;1.00;29.11;
2025-11-03 15:14:33.96;0.00:00:56:829;1.00;0.00;0.00;0.09329;0.0919;0.0003138;0.0001616;0.10;0.05;98.51;0.17;98.51;0.09329;0.0919;0.00139;-10.302;-10.367;-28.569;1.00;27.25;
2025-11-03 15:14:34.02;0.00:00:56:889;1.00;0.00;0.00;0.09343;0.0921;0.000301;0.0001394;0.09;0.04;98.58;0.15;98.58;0.09343;0.0921;0.001322;-10.295;-10.357;-28.786;1.00;24.85;
2025-11-03 15:14:34.07;0.00:00:56:943;1.00;0.00;0.00;0.09338;0.09201;0.0002757;0.0001653;0.09;0.05;98.53;0.18;98.53;0.09338;0.09201;0.00137;-10.297;-10.361;-28.632;1.00;30.95;
2025-11-03 15:14:34.12;0.00:00:56:991;1.00;0.00;0.00;0.09327;0.09189;0.0002817;0.0001597;0.09;0.05;98.52;0.17;98.52;0.09327;0.09189;0.001376;-10.303;-10.367;-28.614;1.00;29.55;
2025-11-03 15:14:34.17;0.00:00:57:042;1.00;0.00;0.00;0.09318;0.09179;0.0002959;0.0001389;0.09;0.04;98.51;0.15;98.51;0.09318;0.09179;0.001388;-10.307;-10.372;-28.575;1.00;25.15;
2025-11-03 15:14:34.22;0.00:00:57:093;1.00;0.00;0.00;0.09328;0.09193;0.0003101;0.0001597;0.10;0.05;98.55;0.17;98.55;0.09328;0.09193;0.001355;-10.302;-10.366;-28.682;1.00;27.26;
2025-11-03 15:14:34.27;0.00:00:57:139;1.00;0.00;0.00;0.09333;0.09197;0.0002752;0.00016;0.09;0.05;98.54;0.17;98.54;0.09333;0.09197;0.00136;-10.300;-10.364;-28.664;1.00;30.18;
2025-11-03 15:14:34.32;0.00:00:57:190;1.00;0.00;0.00;0.09318;0.09182;0.0002808;0.0001642;0.09;0.05;98.54;0.18;98.54;0.09318;0.09182;0.001358;-10.307;-10.371;-28.672;1.00;30.32;
2025-11-03 15:14:34.37;0.00:00:57:240;1.00;0.00;0.00;0.09322;0.09182;0.0003167;0.0001502;0.10;0.05;98.50;0.16;98.50;0.09322;0.09182;0.001396;-10.305;-10.370;-28.552;1.00;25.37;
2025-11-03 15:14:34.42;0.00:00:57:291;1.00;0.00;0.00;0.09325;0.09188;0.0002476;0.0001655;0.08;0.05;98.53;0.18;98.53;0.09325;0.09188;0.001368;-10.304;-10.368;-28.640;1.00;33.77;
2025-11-03 15:14:34.47;0.00:00:57:342;1.00;0.00;0.00;0.09322;0.09184;0.0002962;0.0001543;0.09;0.05;98.52;0.17;98.52;0.09322;0.09184;0.00138;-10.305;-10.370;-28.601;1.00;27.51;
2025-11-03 15:14:34.52;0.00:00:57:393;1.00;0.00;0.00;0.09337;0.09199;0.0003458;0.0001453;0.11;0.05;98.52;0.16;98.52;0.09337;0.09199;0.001381;-10.298;-10.363;-28.598;1.00;22.79;
2025-11-03 15:14:34.57;0.00:00:57:439;1.00;0.00;0.00;0.09359;0.09225;0.000258;0.0001756;0.08;0.05;98.57;0.19;98.57;0.09359;0.09225;0.001341;-10.288;-10.351;-28.726;1.00;34.24;
2025-11-03 15:14:34.62;0.00:00:57:490;1.00;0.00;0.00;0.09331;0.09192;0.0002462;0.0001586;0.08;0.05;98.51;0.17;98.51;0.09331;0.09193;0.00139;-10.300;-10.366;-28.571;1.00;32.79;
2025-11-03 15:14:34.67;0.00:00:57:541;1.00;0.00;0.00;0.09328;0.09194;0.000267;0.0001581;0.08;0.05;98.57;0.17;98.57;0.09328;0.09194;0.001337;-10.302;-10.365;-28.739;1.00;30.62;
2025-11-03 15:14:34.72;0.00:00:57:592;1.00;0.00;0.00;0.09302;0.09163;0.0003113;0.0001453;0.10;0.05;98.51;0.16;98.51;0.09302;0.09164;0.001387;-10.314;-10.379;-28.580;1.00;25.03;
2025-11-03 15:14:34.77;0.00:00:57:643;1.00;0.00;0.00;0.09317;0.09179;0.0003151;0.0001382;0.10;0.04;98.53;0.15;98.52;0.09317;0.09179;0.001374;-10.307;-10.372;-28.620;1.00;23.68;
2025-11-03 15:14:34.82;0.00:00:57:694;1.00;0.00;0.00;0.09325;0.09187;0.0002943;0.0001445;0.09;0.05;98.52;0.15;98.52;0.09325;0.09187;0.001382;-10.303;-10.368;-28.593;1.00;26.16;
2025-11-03 15:14:34.87;0.00:00:57:744;1.00;0.00;0.00;0.09328;0.09191;0.0002695;0.000162;0.08;0.05;98.54;0.17;98.54;0.09328;0.09192;0.00136;-10.302;-10.366;-28.666;1.00;31.02;
2025-11-03 15:14:34.92;0.00:00:57:795;1.00;0.00;0.00;0.09321;0.09182;0.000299;0.0001573;0.09;0.05;98.51;0.17;98.51;0.09321;0.09182;0.001391;-10.305;-10.371;-28.567;1.00;27.75;
2025-11-03 15:14:34.98;0.00:00:57:846;1.00;0.00;0.00;0.09327;0.09191;0.0002679;0.000146;0.08;0.05;98.54;0.16;98.54;0.09327;0.09191;0.001359;-10.303;-10.366;-28.668;1.00;28.59;
2025-11-03 15:14:35.04;0.00:00:57:907;1.00;0.00;0.00;0.09325;0.09186;0.0003056;0.0001546;0.10;0.05;98.51;0.17;98.51;0.09325;0.09186;0.001391;-10.304;-10.369;-28.567;1.00;26.84;
2025-11-03 15:14:35.10;0.00:00:57:968;1.00;0.00;0.00;0.09327;0.09192;0.0002887;0.0001448;0.09;0.05;98.56;0.16;98.56;0.09327;0.09192;0.001345;-10.303;-10.366;-28.713;1.00;26.63;
2025-11-03 15:14:35.15;0.00:00:58:019;1.00;0.00;0.00;0.09331;0.09193;0.0003048;0.000149;0.09;0.05;98.52;0.16;98.52;0.09331;0.09193;0.001378;-10.301;-10.365;-28.607;1.00;26.05;
2025-11-03 15:14:35.20;0.00:00:58:070;1.00;0.00;0.00;0.09337;0.092;0.000311;0.0001444;0.10;0.04;98.53;0.15;98.53;0.09337;0.092;0.001377;-10.298;-10.362;-28.611;1.00;24.91;
2025-11-03 15:14:35.25;0.00:00:58:120;1.00;0.00;0.00;0.09329;0.09195;0.0002568;0.0001486;0.08;0.05;98.56;0.16;98.56;0.09329;0.09195;0.001345;-10.301;-10.365;-28.711;1.00;30.05;
2025-11-03 15:14:35.30;0.00:00:58:171;1.00;0.00;0.00;0.09319;0.09182;0.0002725;0.0001583;0.09;0.05;98.53;0.17;98.53;0.09319;0.09182;0.001368;-10.306;-10.371;-28.639;1.00;30.14;
2025-11-03 15:14:35.35;0.00:00:58:222;1.00;0.00;0.00;0.09315;0.0918;0.0002885;0.0001712;0.09;0.05;98.55;0.18;98.55;0.09315;0.0918;0.001353;-10.308;-10.372;-28.687;1.00;30.68;
2025-11-03 15:14:35.40;0.00:00:58:273;1.00;0.00;0.00;0.09316;0.09178;0.0002819;0.0001356;0.09;0.04;98.52;0.15;98.52;0.09316;0.09178;0.00138;-10.307;-10.372;-28.602;1.00;25.70;
2025-11-03 15:14:35.45;0.00:00:58:324;1.00;0.00;0.00;0.09328;0.0919;0.0002692;0.0001516;0.08;0.05;98.52;0.16;98.52;0.09328;0.0919;0.001382;-10.302;-10.367;-28.595;1.00;29.39;
2025-11-03 15:14:35.50;0.00:00:58:375;1.00;0.00;0.00;0.09317;0.09179;0.000242;0.0001454;0.08;0.05;98.52;0.16;98.52;0.09317;0.09179;0.001377;-10.307;-10.372;-28.611;1.00;31.01;
2025-11-03 15:14:35.55;0.00:00:58:426;1.00;0.00;0.00;0.09312;0.09174;0.000262;0.0001611;0.08;0.05;98.52;0.17;98.52;0.09312;0.09174;0.001381;-10.310;-10.375;-28.598;1.00;31.59;
2025-11-03 15:14:35.60;0.00:00:58:476;1.00;0.00;0.00;0.09312;0.09173;0.0003056;0.0001535;0.10;0.05;98.50;0.16;98.50;0.09312;0.09173;0.001393;-10.309;-10.375;-28.560;1.00;26.67;
2025-11-03 15:14:35.66;0.00:00:58:527;1.00;0.00;0.00;0.09331;0.0919;0.0002944;0.0001564;0.09;0.05;98.50;0.17;98.50;0.09331;0.0919;0.001403;-10.301;-10.367;-28.531;1.00;27.97;
2025-11-03 15:14:35.71;0.00:00:58:578;1.00;0.00;0.00;0.09327;0.0919;0.0002666;0.0001535;0.08;0.05;98.53;0.16;98.53;0.09327;0.0919;0.001368;-10.302;-10.367;-28.638;1.00;29.94;
2025-11-03 15:14:35.76;0.00:00:58:629;1.00;0.00;0.00;0.09312;0.09176;0.0002615;0.0001501;0.08;0.05;98.54;0.16;98.54;0.09312;0.09176;0.001358;-10.309;-10.373;-28.670;1.00;29.86;
2025-11-03 15:14:35.81;0.00:00:58:680;1.00;0.00;0.00;0.09296;0.09159;0.0002487;0.0001622;0.08;0.05;98.53;0.17;98.53;0.09296;0.0916;0.001362;-10.317;-10.381;-28.657;1.00;33.12;
2025-11-03 15:14:35.86;0.00:00:58:730;1.00;0.00;0.00;0.09301;0.09161;0.000319;0.0001509;0.10;0.05;98.50;0.16;98.50;0.09301;0.09161;0.001397;-10.315;-10.381;-28.549;1.00;25.32;
2025-11-03 15:14:35.91;0.00:00:58:781;1.00;0.00;0.00;0.09317;0.09178;0.0003275;0.0001571;0.10;0.05;98.51;0.17;98.51;0.09317;0.09178;0.001386;-10.307;-10.373;-28.582;1.00;25.63;
2025-11-03 15:14:35.97;0.00:00:58:842;1.00;0.00;0.00;0.09342;0.09208;0.0003038;0.0001518;0.09;0.05;98.57;0.16;98.57;0.09342;0.09208;0.001336;-10.296;-10.358;-28.741;1.00;26.55;
2025-11-03 15:14:36.02;0.00:00:58:893;1.00;0.00;0.00;0.09317;0.09179;0.0002725;0.0001432;0.09;0.04;98.52;0.15;98.52;0.09317;0.09179;0.001381;-10.307;-10.372;-28.597;1.00;27.72;
2025-11-03 15:14:36.07;0.00:00:58:944;1.00;0.00;0.00;0.09307;0.09172;0.0002943;0.0001672;0.09;0.05;98.55;0.18;98.55;0.09307;0.09172;0.001352;-10.312;-10.375;-28.691;1.00;29.60;
2025-11-03 15:14:36.12;0.00:00:58:994;1.00;0.00;0.00;0.09317;0.0918;0.0003022;0.0001579;0.09;0.05;98.53;0.17;98.53;0.09317;0.0918;0.001368;-10.307;-10.371;-28.640;1.00;27.59;
2025-11-03 15:14:36.17;0.00:00:59:045;1.00;0.00;0.00;0.09317;0.09178;0.0002951;0.0001604;0.09;0.05;98.51;0.17;98.51;0.09317;0.09178;0.001392;-10.307;-10.372;-28.565;1.00;28.53;
2025-11-03 15:14:36.22;0.00:00:59:096;1.00;0.00;0.00;0.09322;0.09188;0.0002573;0.0001708;0.08;0.05;98.56;0.18;98.56;0.09322;0.09188;0.001338;-10.305;-10.368;-28.734;1.00;33.58;
2025-11-03 15:14:36.27;0.00:00:59:146;1.00;0.00;0.00;0.09305;0.09168;0.0003004;0.0001622;0.09;0.05;98.52;0.17;98.52;0.09305;0.09168;0.001374;-10.313;-10.377;-28.621;1.00;28.36;
2025-11-03 15:14:36.33;0.00:00:59:197;1.00;0.00;0.00;0.09329;0.09189;0.0003876;0.0001442;0.12;0.04;98.50;0.15;98.50;0.09329;0.0919;0.001397;-10.302;-10.367;-28.549;1.00;20.41;
2025-11-03 15:14:36.38;0.00:00:59:248;1.00;0.00;0.00;0.09366;0.09226;0.0003318;0.0001592;0.10;0.05;98.50;0.17;98.50;0.09366;0.09226;0.001403;-10.284;-10.350;-28.530;1.00;25.64;
2025-11-03 15:14:36.43;0.00:00:59:299;1.00;0.00;0.00;0.09364;0.09226;0.0002669;0.0001548;0.08;0.05;98.53;0.17;98.53;0.09364;0.09226;0.001374;-10.286;-10.350;-28.620;1.00;30.12;
2025-11-03 15:14:36.48;0.00:00:59:350;1.00;0.00;0.00;0.09356;0.09218;0.0002992;0.0001501;0.09;0.05;98.52;0.16;98.52;0.09356;0.09218;0.001386;-10.289;-10.354;-28.584;1.00;26.64;
2025-11-03 15:14:36.53;0.00:00:59:400;1.00;0.00;0.00;0.09347;0.09206;0.0003256;0.0001656;0.10;0.05;98.49;0.18;98.49;0.09347;0.09206;0.001409;-10.293;-10.359;-28.512;1.00;26.96;
2025-11-03 15:14:36.58;0.00:00:59:449;1.00;0.00;0.00;0.09347;0.09209;0.0002906;0.0001457;0.09;0.05;98.53;0.16;98.53;0.09347;0.09209;0.001378;-10.293;-10.358;-28.606;1.00;26.62;
2025-11-03 15:14:36.63;0.00:00:59:500;1.00;0.00;0.00;0.09345;0.09212;0.0002668;0.0001702;0.08;0.05;98.58;0.18;98.57;0.09345;0.09212;0.001332;-10.294;-10.356;-28.756;1.00;32.53;
2025-11-03 15:14:36.68;0.00:00:59:551;1.00;0.00;0.00;0.09333;0.09196;0.000303;0.0001534;0.09;0.05;98.53;0.16;98.53;0.09333;0.09196;0.001371;-10.300;-10.364;-28.629;1.00;26.86;
2025-11-03 15:14:36.73;0.00:00:59:601;1.00;0.00;0.00;0.09313;0.09176;0.0003267;0.0001633;0.10;0.05;98.52;0.18;98.52;0.09313;0.09176;0.001376;-10.309;-10.374;-28.615;1.00;26.56;
2025-11-03 15:14:36.78;0.00:00:59:652;1.00;0.00;0.00;0.0931;0.09176;0.0002817;0.0001655;0.09;0.05;98.55;0.18;98.55;0.0931;0.09176;0.001346;-10.310;-10.374;-28.710;1.00;30.44;
2025-11-03 15:14:36.83;0.00:00:59:703;1.00;0.00;0.00;0.09315;0.09179;0.000312;0.0001613;0.10;0.05;98.54;0.17;98.54;0.09315;0.09179;0.001363;-10.308;-10.372;-28.656;1.00;27.34;
2025-11-03 15:14:36.88;0.00:00:59:755;1.00;0.00;0.00;0.0932;0.09183;0.0003188;0.0001553;0.10;0.05;98.53;0.17;98.53;0.0932;0.09183;0.001368;-10.306;-10.370;-28.638;1.00;25.98;
2025-11-03 15:14:36.93;0.00:00:59:804;1.00;0.00;0.00;0.09333;0.09191;0.0003301;0.0001581;0.10;0.05;98.47;0.17;98.47;0.09333;0.09191;0.001424;-10.300;-10.366;-28.464;1.00;25.59;
2025-11-03 15:14:36.98;0.00:00:59:855;1.00;0.00;0.00;0.09338;0.09202;0.0003246;0.0001638;0.10;0.05;98.54;0.18;98.54;0.09338;0.09202;0.001361;-10.297;-10.361;-28.661;1.00;26.78;
2025-11-03 15:14:37.05;0.00:00:59:917;1.00;0.00;0.00;0.09343;0.09205;0.0003071;0.0001547;0.10;0.05;98.53;0.17;98.53;0.09343;0.09205;0.001377;-10.295;-10.360;-28.612;1.00;26.73;
2025-11-03 15:14:37.10;0.00:00:59:968;1.00;0.00;0.00;0.09318;0.09181;0.0002931;0.0001518;0.09;0.05;98.52;0.16;98.52;0.09318;0.09181;0.001375;-10.307;-10.371;-28.618;1.00;27.38;
