Device : ;PAX1000IR1
Serial Number : ;M00974113
Firmware Version : ;1.0.13
Software Version : ;1.4.2002.183
Wavelength [nm] : ;780
Basic Sample Rate [Hz] : ;60
Operating Mode : ;1 revolution for one measurement, 1024 points for FFT

Time[date hh:mm:ss] ; Elapsed Time [hh:mm:ss:ms]; Normalized s 1 ; Normalized s 2 ; Normalized s 3 ; S 0 [mW]; S 1 [mW]; S 2 [mW]; S 3 [mW]; Azimuth[°] ; Ellipticity[°] ; DOP[%] ; DOCP[%] ; DOLP[%] ; Power[mW] ; Pol Power[mW] ; Unpol Power[mW] ; Power[dBm] ; Pol Power[dBm] ; Unpol Power[dBm] ; Power-Split-Ratio ; Phase Difference[°] ; Warning
2025-11-25 11:50:52.52;0.00:00:00:065;1.00;0.00;0.00;0.08074;0.07976;-0.0001829;0.000206;-0.07;0.07;98.79;0.26;98.79;0.08074;0.07976;0.0009795;-10.929;-10.982;-30.090;1.00;131.60;
2025-11-25 11:50:52.57;0.00:00:00:121;1.00;0.00;0.00;0.08061;0.07976;-0.0001567;0.0002001;-0.06;0.07;98.95;0.25;98.95;0.08061;0.07976;0.0008488;-10.936;-10.982;-30.712;1.00;128.07;
2025-11-25 11:50:52.62;0.00:00:00:168;1.00;0.00;0.00;0.08063;0.07974;-0.0001906;0.0001777;-0.07;0.06;98.90;0.22;98.90;0.08063;0.07974;0.0008871;-10.935;-10.983;-30.520;1.00;137.01;
2025-11-25 11:50:52.67;0.00:00:00:214;1.00;0.00;0.00;0.08063;0.07968;-0.000227;0.0002013;-0.08;0.07;98.82;0.25;98.82;0.08063;0.07968;0.0009551;-10.935;-10.987;-30.199;1.00;138.43;
2025-11-25 11:50:52.71;0.00:00:00:262;1.00;0.00;0.00;0.08063;0.07972;-0.0002516;0.0002021;-0.09;0.07;98.87;0.25;98.87;0.08063;0.07972;0.0009144;-10.935;-10.985;-30.389;1.00;141.23;
2025-11-25 11:50:52.77;0.00:00:00:322;1.00;0.00;0.00;0.08064;0.07973;-0.0001898;0.0001916;-0.07;0.07;98.88;0.24;98.88;0.08064;0.07974;0.0009;-10.935;-10.983;-30.458;1.00;134.74;
2025-11-25 11:50:52.82;0.00:00:00:369;1.00;0.00;0.00;0.08068;0.07978;-0.0002037;0.0001897;-0.07;0.07;98.88;0.24;98.88;0.08068;0.07978;0.0009067;-10.932;-10.981;-30.425;1.00;137.04;
2025-11-25 11:50:52.87;0.00:00:00:418;1.00;0.00;0.00;0.08064;0.07973;-0.0002174;0.0001944;-0.08;0.07;98.87;0.24;98.87;0.08064;0.07973;0.0009108;-10.934;-10.984;-30.406;1.00;138.18;
2025-11-25 11:50:52.92;0.00:00:00:464;1.00;0.00;0.00;0.08061;0.07973;-0.0001889;0.0001775;-0.07;0.06;98.91;0.22;98.91;0.08061;0.07973;0.0008823;-10.936;-10.984;-30.544;1.00;136.78;
2025-11-25 11:50:52.96;0.00:00:00:510;1.00;0.00;0.00;0.0806;0.07971;-0.0002167;0.000181;-0.08;0.07;98.89;0.22;98.89;0.0806;0.07971;0.0008957;-10.936;-10.985;-30.478;1.00;140.14;
2025-11-25 11:50:53.01;0.00:00:00:558;1.00;0.00;0.00;0.08062;0.07971;-0.0002586;0.0001771;-0.09;0.06;98.87;0.22;98.87;0.08062;0.07971;0.0009149;-10.935;-10.985;-30.386;1.00;145.60;
2025-11-25 11:50:53.06;0.00:00:00:604;1.00;0.00;0.00;0.08063;0.07971;-0.0001472;0.0001904;-0.05;0.07;98.86;0.24;98.86;0.08063;0.07971;0.0009184;-10.935;-10.985;-30.370;1.00;127.71;
2025-11-25 11:50:53.10;0.00:00:00:650;1.00;0.00;0.00;0.08064;0.07974;-0.0002058;0.0001863;-0.07;0.07;98.88;0.23;98.88;0.08064;0.07974;0.0009007;-10.935;-10.983;-30.454;1.00;137.85;
2025-11-25 11:50:53.15;0.00:00:00:698;1.00;0.00;0.00;0.08067;0.07979;-0.0002059;0.0001836;-0.07;0.07;98.91;0.23;98.91;0.08067;0.07979;0.000878;-10.933;-10.981;-30.565;1.00;138.27;
2025-11-25 11:50:53.20;0.00:00:00:743;1.00;0.00;0.00;0.08072;0.07975;-0.0001701;0.0001598;-0.06;0.06;98.80;0.20;98.80;0.08072;0.07975;0.000966;-10.930;-10.982;-30.150;1.00;136.78;
2025-11-25 11:50:53.24;0.00:00:00:789;1.00;0.00;0.00;0.08075;0.07979;-0.0001625;0.0001872;-0.06;0.07;98.81;0.23;98.81;0.08075;0.07979;0.0009571;-10.929;-10.980;-30.190;1.00;130.96;
2025-11-25 11:50:53.29;0.00:00:00:838;1.00;0.00;0.00;0.08072;0.07973;-0.0001989;0.0001734;-0.07;0.06;98.77;0.21;98.77;0.08072;0.07973;0.0009906;-10.930;-10.984;-30.041;1.00;138.93;
2025-11-25 11:50:53.34;0.00:00:00:884;1.00;0.00;0.00;0.08065;0.07971;-0.0001971;0.000217;-0.07;0.08;98.84;0.27;98.84;0.08065;0.07971;0.0009393;-10.934;-10.985;-30.272;1.00;132.24;
2025-11-25 11:50:53.38;0.00:00:00:930;1.00;0.00;0.00;0.08056;0.0797;-0.0002129;0.0001953;-0.08;0.07;98.93;0.24;98.93;0.08056;0.0797;0.0008593;-10.939;-10.986;-30.658;1.00;137.47;
2025-11-25 11:50:53.43;0.00:00:00:977;1.00;0.00;0.00;0.08054;0.07965;-0.0001958;0.0001964;-0.07;0.07;98.89;0.24;98.89;0.08054;0.07965;0.0008918;-10.940;-10.988;-30.497;1.00;134.91;
2025-11-25 11:50:53.48;0.00:00:01:023;1.00;0.00;0.00;0.08057;0.07967;-0.0002158;0.0001909;-0.08;0.07;98.89;0.24;98.89;0.08057;0.07967;0.000898;-10.938;-10.987;-30.467;1.00;138.49;
2025-11-25 11:50:53.52;0.00:00:01:070;1.00;0.00;0.00;0.0806;0.07964;-0.000233;0.0001998;-0.08;0.07;98.81;0.25;98.81;0.0806;0.07964;0.000956;-10.937;-10.988;-30.195;1.00;139.39;
2025-11-25 11:50:53.57;0.00:00:01:117;1.00;0.00;0.00;0.08063;0.07975;-0.000204;0.00017;-0.07;0.06;98.91;0.21;98.91;0.08063;0.07975;0.0008778;-10.935;-10.983;-30.566;1.00;140.19;
2025-11-25 11:50:53.62;0.00:00:01:164;1.00;0.00;0.00;0.08065;0.07976;-0.0002115;0.0001789;-0.08;0.06;98.90;0.22;98.90;0.08065;0.07976;0.0008872;-10.934;-10.982;-30.520;1.00;139.77;
2025-11-25 11:50:53.66;0.00:00:01:211;1.00;0.00;0.00;0.08066;0.07977;-0.0001857;0.0001856;-0.07;0.07;98.90;0.23;98.90;0.08066;0.07977;0.000887;-10.934;-10.982;-30.521;1.00;135.02;
2025-11-25 11:50:53.71;0.00:00:01:257;1.00;0.00;0.00;0.08073;0.07983;-0.0002087;0.0001853;-0.07;0.07;98.88;0.23;98.88;0.08073;0.07983;0.0009048;-10.930;-10.979;-30.434;1.00;138.39;
2025-11-25 11:50:53.76;0.00:00:01:304;1.00;0.00;0.00;0.08074;0.07981;-0.000169;0.0001842;-0.06;0.07;98.85;0.23;98.85;0.08074;0.07981;0.0009263;-10.929;-10.979;-30.333;1.00;132.54;
2025-11-25 11:50:53.80;0.00:00:01:350;1.00;0.00;0.00;0.08059;0.07971;-0.0001927;0.0002024;-0.07;0.07;98.91;0.25;98.91;0.08059;0.07971;0.000875;-10.937;-10.985;-30.580;1.00;133.61;
2025-11-25 11:50:53.85;0.00:00:01:397;1.00;0.00;0.00;0.08063;0.07971;-0.0001923;0.0001848;-0.07;0.07;98.85;0.23;98.85;0.08063;0.07971;0.0009246;-10.935;-10.985;-30.340;1.00;136.14;
2025-11-25 11:50:53.90;0.00:00:01:444;1.00;0.00;0.00;0.08067;0.07977;-0.0001995;0.0001962;-0.07;0.07;98.87;0.24;98.87;0.08067;0.07977;0.0009086;-10.933;-10.982;-30.417;1.00;135.48;
2025-11-25 11:50:53.94;0.00:00:01:490;1.00;0.00;0.00;0.08075;0.07981;-0.0002401;0.0002059;-0.09;0.07;98.83;0.26;98.83;0.08075;0.07981;0.0009438;-10.928;-10.980;-30.251;1.00;139.37;
2025-11-25 11:50:53.99;0.00:00:01:538;1.00;0.00;0.00;0.08078;0.07991;-0.0001725;0.0001842;-0.06;0.07;98.93;0.23;98.93;0.08078;0.07991;0.0008636;-10.927;-10.974;-30.637;1.00;133.12;
2025-11-25 11:50:54.04;0.00:00:01:590;1.00;0.00;0.00;0.0808;0.07989;-0.0001468;0.0001745;-0.05;0.06;98.88;0.22;98.88;0.0808;0.07989;0.0009084;-10.926;-10.975;-30.417;1.00;130.07;
2025-11-25 11:50:54.10;0.00:00:01:647;1.00;0.00;0.00;0.08068;0.07977;-0.0001994;0.0001843;-0.07;0.07;98.87;0.23;98.87;0.08068;0.07977;0.0009109;-10.932;-10.982;-30.405;1.00;137.25;
2025-11-25 11:50:54.15;0.00:00:01:694;1.00;0.00;0.00;0.08057;0.07966;-0.0002066;0.0001937;-0.07;0.07;98.87;0.24;98.87;0.08057;0.07966;0.000907;-10.938;-10.988;-30.424;1.00;136.85;
2025-11-25 11:50:54.20;0.00:00:01:745;1.00;0.00;0.00;0.08056;0.07964;-0.0001606;0.0001944;-0.06;0.07;98.85;0.24;98.85;0.08056;0.07964;0.0009227;-10.939;-10.989;-30.350;1.00;129.56;
2025-11-25 11:50:54.26;0.00:00:01:803;1.00;0.00;0.00;0.08049;0.07955;-0.0002027;0.0001993;-0.07;0.07;98.83;0.25;98.83;0.08049;0.07955;0.0009419;-10.943;-10.994;-30.260;1.00;135.49;
2025-11-25 11:50:54.30;0.00:00:01:850;1.00;0.00;0.00;0.08048;0.07956;-0.0001886;0.0001991;-0.07;0.07;98.86;0.25;98.86;0.08048;0.07956;0.00092;-10.943;-10.993;-30.362;1.00;133.44;
2025-11-25 11:50:54.35;0.00:00:01:896;1.00;0.00;0.00;0.08046;0.07956;-0.0002433;0.0001897;-0.09;0.07;98.89;0.24;98.89;0.08046;0.07956;0.000893;-10.944;-10.993;-30.491;1.00;142.06;
2025-11-25 11:50:54.39;0.00:00:01:943;1.00;0.00;0.00;0.08051;0.07959;-0.0001889;0.0001865;-0.07;0.07;98.85;0.23;98.85;0.08051;0.07959;0.0009255;-10.941;-10.992;-30.336;1.00;135.36;
2025-11-25 11:50:54.44;0.00:00:01:989;1.00;0.00;0.00;0.08056;0.07963;-0.0002028;0.0001918;-0.07;0.07;98.85;0.24;98.85;0.08056;0.07963;0.000926;-10.939;-10.989;-30.334;1.00;136.60;
2025-11-25 11:50:54.49;0.00:00:02:037;1.00;0.00;0.00;0.08053;0.07969;-0.0002259;0.000194;-0.08;0.07;98.95;0.24;98.95;0.08053;0.07969;0.0008432;-10.940;-10.986;-30.740;1.00;139.35;
2025-11-25 11:50:54.54;0.00:00:02:083;1.00;0.00;0.00;0.08056;0.07966;-0.0002156;0.0002034;-0.08;0.07;98.88;0.25;98.88;0.08056;0.07966;0.0008993;-10.939;-10.988;-30.461;1.00;136.66;
2025-11-25 11:50:54.58;0.00:00:02:130;1.00;0.00;0.00;0.08056;0.0796;-0.0002097;0.0001956;-0.08;0.07;98.81;0.24;98.81;0.08056;0.0796;0.0009579;-10.939;-10.991;-30.187;1.00;136.99;
2025-11-25 11:50:54.63;0.00:00:02:176;1.00;0.00;0.00;0.08053;0.07962;-0.0002563;0.0002071;-0.09;0.07;98.88;0.26;98.88;0.08053;0.07962;0.0009055;-10.941;-10.990;-30.431;1.00;141.06;
2025-11-25 11:50:54.67;0.00:00:02:222;1.00;0.00;0.00;0.0805;0.07961;-0.0001949;0.0001849;-0.07;0.07;98.89;0.23;98.89;0.0805;0.07961;0.0008902;-10.942;-10.990;-30.505;1.00;136.51;
2025-11-25 11:50:54.72;0.00:00:02:269;1.00;0.00;0.00;0.08053;0.07955;-0.0001862;0.0001946;-0.07;0.07;98.79;0.24;98.79;0.08053;0.07955;0.0009765;-10.940;-10.993;-30.103;1.00;133.74;
2025-11-25 11:50:54.77;0.00:00:02:316;1.00;0.00;0.00;0.08055;0.07959;-0.0002143;0.0001721;-0.08;0.06;98.81;0.21;98.81;0.08055;0.07959;0.000956;-10.940;-10.991;-30.195;1.00;141.22;
2025-11-25 11:50:54.82;0.00:00:02:365;1.00;0.00;0.00;0.08056;0.07971;-0.0001801;0.0001775;-0.06;0.06;98.95;0.22;98.95;0.08056;0.07971;0.0008445;-10.939;-10.985;-30.734;1.00;135.41;
2025-11-25 11:50:54.86;0.00:00:02:411;1.00;0.00;0.00;0.08063;0.0797;-0.0001922;0.0001932;-0.07;0.07;98.86;0.24;98.86;0.08063;0.0797;0.0009229;-10.935;-10.985;-30.348;1.00;134.85;
2025-11-25 11:50:54.91;0.00:00:02:458;1.00;0.00;0.00;0.08056;0.07967;-0.0002498;0.0001858;-0.09;0.07;98.90;0.23;98.90;0.08056;0.07967;0.0008825;-10.939;-10.987;-30.543;1.00;143.37;
2025-11-25 11:50:54.96;0.00:00:02:506;1.00;0.00;0.00;0.0805;0.07962;-0.0002069;0.0001754;-0.07;0.06;98.91;0.22;98.91;0.0805;0.07962;0.0008768;-10.942;-10.990;-30.571;1.00;139.71;
2025-11-25 11:50:55.00;0.00:00:02:552;1.00;0.00;0.00;0.08051;0.07965;-0.0001901;0.0001793;-0.07;0.06;98.93;0.22;98.93;0.08051;0.07965;0.0008608;-10.941;-10.988;-30.651;1.00;136.67;
2025-11-25 11:50:55.05;0.00:00:02:599;1.00;0.00;0.00;0.08059;0.07964;-0.000237;0.0002077;-0.09;0.07;98.82;0.26;98.82;0.08059;0.07964;0.0009516;-10.937;-10.989;-30.215;1.00;138.77;
2025-11-25 11:50:55.10;0.00:00:02:646;1.00;0.00;0.00;0.0806;0.07967;-0.000183;0.0001886;-0.07;0.07;98.85;0.23;98.85;0.0806;0.07967;0.0009248;-10.937;-10.987;-30.340;1.00;134.14;
2025-11-25 11:50:55.15;0.00:00:02:693;1.00;0.00;0.00;0.08063;0.07973;-0.0001934;0.0001986;-0.07;0.07;98.88;0.25;98.88;0.08063;0.07973;0.0009019;-10.935;-10.984;-30.449;1.00;134.23;
2025-11-25 11:50:55.19;0.00:00:02:739;1.00;0.00;0.00;0.08063;0.07971;-0.0002208;0.0002006;-0.08;0.07;98.87;0.25;98.87;0.08063;0.07971;0.0009141;-10.935;-10.985;-30.390;1.00;137.75;
2025-11-25 11:50:55.24;0.00:00:02:786;1.00;0.00;0.00;0.08062;0.07968;-0.0002015;0.0001948;-0.07;0.07;98.83;0.24;98.83;0.08062;0.07968;0.0009405;-10.935;-10.986;-30.267;1.00;135.97;
2025-11-25 11:50:55.28;0.00:00:02:832;1.00;0.00;0.00;0.08064;0.0797;-0.0002306;0.0001974;-0.08;0.07;98.83;0.24;98.83;0.08064;0.0797;0.0009428;-10.934;-10.986;-30.256;1.00;139.44;
2025-11-25 11:50:55.33;0.00:00:02:880;1.00;0.00;0.00;0.08062;0.0797;-0.0001869;0.0001954;-0.07;0.07;98.86;0.24;98.86;0.08062;0.0797;0.0009183;-10.936;-10.986;-30.370;1.00;133.72;
2025-11-25 11:50:55.38;0.00:00:02:927;1.00;0.00;0.00;0.08059;0.07967;-0.0002114;0.0001918;-0.08;0.07;98.86;0.24;98.85;0.08059;0.07967;0.0009227;-10.937;-10.987;-30.349;1.00;137.78;
2025-11-25 11:50:55.44;0.00:00:02:989;1.00;0.00;0.00;0.08061;0.07965;-0.000171;0.0001966;-0.06;0.07;98.81;0.24;98.81;0.08061;0.07965;0.0009607;-10.936;-10.988;-30.174;1.00;131.02;
2025-11-25 11:50:55.49;0.00:00:03:037;1.00;0.00;0.00;0.08057;0.07967;-0.0002332;0.000167;-0.08;0.06;98.89;0.21;98.89;0.08057;0.07967;0.0008953;-10.938;-10.987;-30.480;1.00;144.39;
2025-11-25 11:50:55.54;0.00:00:03:083;1.00;0.00;0.00;0.08068;0.07973;-0.000154;0.0001855;-0.06;0.07;98.83;0.23;98.83;0.08068;0.07973;0.0009461;-10.933;-10.984;-30.241;1.00;129.71;
2025-11-25 11:50:55.58;0.00:00:03:131;1.00;0.00;0.00;0.0807;0.07978;-0.0001915;0.0001971;-0.07;0.07;98.86;0.24;98.86;0.0807;0.07978;0.000922;-10.931;-10.981;-30.353;1.00;134.17;
2025-11-25 11:50:55.63;0.00:00:03:177;1.00;0.00;0.00;0.08072;0.07974;-0.0001834;0.0001826;-0.07;0.07;98.80;0.23;98.80;0.08072;0.07974;0.0009719;-10.930;-10.983;-30.124;1.00;135.12;
2025-11-25 11:50:55.68;0.00:00:03:225;1.00;0.00;0.00;0.08066;0.07974;-0.0001984;0.0002009;-0.07;0.07;98.86;0.25;98.86;0.08066;0.07975;0.0009161;-10.933;-10.983;-30.381;1.00;134.64;
2025-11-25 11:50:55.72;0.00:00:03:271;1.00;0.00;0.00;0.0807;0.07978;-0.0002178;0.0001745;-0.08;0.06;98.86;0.22;98.86;0.0807;0.07978;0.0009216;-10.931;-10.981;-30.355;1.00;141.31;
2025-11-25 11:50:55.77;0.00:00:03:318;1.00;0.00;0.00;0.08073;0.07986;-0.0002022;0.0001753;-0.07;0.06;98.92;0.22;98.92;0.08073;0.07986;0.0008733;-10.930;-10.977;-30.588;1.00;139.06;
2025-11-25 11:50:55.82;0.00:00:03:364;1.00;0.00;0.00;0.08071;0.07978;-0.0001932;0.0001925;-0.07;0.07;98.85;0.24;98.85;0.08071;0.07978;0.0009316;-10.931;-10.981;-30.308;1.00;135.10;
2025-11-25 11:50:55.86;0.00:00:03:411;1.00;0.00;0.00;0.0807;0.07979;-0.0001819;0.0001972;-0.07;0.07;98.88;0.24;98.88;0.0807;0.07979;0.0009075;-10.931;-10.980;-30.421;1.00;132.68;
2025-11-25 11:50:55.91;0.00:00:03:457;1.00;0.00;0.00;0.08063;0.07969;-0.0002174;0.0002002;-0.08;0.07;98.82;0.25;98.82;0.08063;0.07969;0.0009475;-10.935;-10.986;-30.234;1.00;137.36;
2025-11-25 11:50:55.96;0.00:00:03:503;1.00;0.00;0.00;0.08065;0.07971;-0.0001985;0.000192;-0.07;0.07;98.84;0.24;98.84;0.08065;0.07971;0.0009366;-10.934;-10.985;-30.284;1.00;135.96;
2025-11-25 11:50:56.00;0.00:00:03:552;1.00;0.00;0.00;0.08067;0.07973;-0.0001527;0.0001797;-0.05;0.06;98.85;0.22;98.84;0.08067;0.07973;0.0009316;-10.933;-10.984;-30.308;1.00;130.35;
2025-11-25 11:50:56.05;0.00:00:03:599;1.00;0.00;0.00;0.08069;0.07978;-0.0001911;0.0001946;-0.07;0.07;98.88;0.24;98.88;0.08069;0.07978;0.0009051;-10.932;-10.981;-30.433;1.00;134.49;
2025-11-25 11:50:56.10;0.00:00:03:647;1.00;0.00;0.00;0.08069;0.07976;-0.0002003;0.0001758;-0.07;0.06;98.84;0.22;98.84;0.08069;0.07976;0.0009381;-10.932;-10.982;-30.277;1.00;138.73;
2025-11-25 11:50:56.15;0.00:00:03:694;1.00;0.00;0.00;0.08067;0.07975;-0.0002388;0.0001823;-0.09;0.07;98.85;0.23;98.85;0.08067;0.07975;0.0009245;-10.933;-10.983;-30.341;1.00;142.64;
2025-11-25 11:50:56.19;0.00:00:03:740;1.00;0.00;0.00;0.08062;0.07977;-0.0002035;0.0001934;-0.07;0.07;98.95;0.24;98.95;0.08062;0.07977;0.0008488;-10.935;-10.981;-30.712;1.00;136.46;
2025-11-25 11:50:56.24;0.00:00:03:788;1.00;0.00;0.00;0.0806;0.07967;-0.0001988;0.0002132;-0.07;0.08;98.85;0.26;98.85;0.0806;0.07967;0.0009287;-10.937;-10.987;-30.321;1.00;133.01;
2025-11-25 11:50:56.29;0.00:00:03:835;1.00;0.00;0.00;0.08058;0.07965;-0.0001946;0.0001919;-0.07;0.07;98.85;0.24;98.85;0.08058;0.07965;0.000926;-10.938;-10.988;-30.334;1.00;135.39;
2025-11-25 11:50:56.33;0.00:00:03:882;1.00;0.00;0.00;0.08058;0.07968;-0.0002151;0.0002038;-0.08;0.07;98.89;0.25;98.89;0.08058;0.07968;0.0008973;-10.938;-10.987;-30.471;1.00;136.55;
2025-11-25 11:50:56.38;0.00:00:03:929;1.00;0.00;0.00;0.08058;0.07969;-0.0001558;0.0001954;-0.06;0.07;98.90;0.24;98.90;0.08058;0.07969;0.0008874;-10.938;-10.986;-30.519;1.00;128.56;
2025-11-25 11:50:56.43;0.00:00:03:977;1.00;0.00;0.00;0.08061;0.07965;-0.0002389;0.0001724;-0.09;0.06;98.81;0.21;98.81;0.08061;0.07965;0.0009597;-10.936;-10.988;-30.179;1.00;144.19;
2025-11-25 11:50:56.48;0.00:00:04:024;1.00;0.00;0.00;0.08053;0.07968;-0.000193;0.0001945;-0.07;0.07;98.95;0.24;98.95;0.08053;0.07968;0.0008468;-10.941;-10.986;-30.722;1.00;134.78;
2025-11-25 11:50:56.52;0.00:00:04:071;1.00;0.00;0.00;0.08058;0.07968;-0.0002171;0.0001897;-0.08;0.07;98.89;0.24;98.89;0.08058;0.07968;0.0008962;-10.938;-10.986;-30.476;1.00;138.86;
2025-11-25 11:50:56.57;0.00:00:04:118;1.00;0.00;0.00;0.08057;0.07972;-0.0002341;0.0001788;-0.08;0.06;98.95;0.22;98.95;0.08057;0.07972;0.0008463;-10.938;-10.984;-30.725;1.00;142.63;
2025-11-25 11:50:56.62;0.00:00:04:165;1.00;0.00;0.00;0.08061;0.0797;-0.0001676;0.0001929;-0.06;0.07;98.88;0.24;98.88;0.08061;0.0797;0.000906;-10.936;-10.985;-30.429;1.00;130.99;
2025-11-25 11:50:56.66;0.00:00:04:211;1.00;0.00;0.00;0.08062;0.07978;-0.0002116;0.0002026;-0.08;0.07;98.96;0.25;98.95;0.08062;0.07978;0.0008425;-10.935;-10.981;-30.745;1.00;136.23;
2025-11-25 11:50:56.71;0.00:00:04:257;1.00;0.00;0.00;0.08063;0.07969;-0.0002293;0.0001783;-0.08;0.06;98.83;0.22;98.83;0.08063;0.07969;0.0009406;-10.935;-10.986;-30.266;1.00;142.14;
2025-11-25 11:50:56.76;0.00:00:04:305;1.00;0.00;0.00;0.0806;0.07972;-0.0001577;0.0001837;-0.06;0.07;98.91;0.23;98.91;0.0806;0.07972;0.0008772;-10.937;-10.984;-30.569;1.00;130.64;
2025-11-25 11:50:56.80;0.00:00:04:351;1.00;0.00;0.00;0.08066;0.07971;-0.0002006;0.00019;-0.07;0.07;98.82;0.24;98.82;0.08066;0.07971;0.0009512;-10.934;-10.985;-30.217;1.00;136.56;
2025-11-25 11:50:56.85;0.00:00:04:398;1.00;0.00;0.00;0.08065;0.07966;-0.0002066;0.0001879;-0.07;0.07;98.78;0.23;98.78;0.08065;0.07966;0.0009862;-10.934;-10.987;-30.060;1.00;137.73;
2025-11-25 11:50:56.90;0.00:00:04:445;1.00;0.00;0.00;0.0806;0.0797;-0.0001721;0.000189;-0.06;0.07;98.89;0.23;98.89;0.0806;0.0797;0.0008925;-10.937;-10.985;-30.494;1.00;132.32;
2025-11-25 11:50:56.94;0.00:00:04:491;1.00;0.00;0.00;0.08063;0.07971;-0.0001951;0.0001879;-0.07;0.07;98.87;0.23;98.87;0.08063;0.07971;0.0009132;-10.935;-10.985;-30.395;1.00;136.08;
2025-11-25 11:50:56.99;0.00:00:04:538;1.00;0.00;0.00;0.08067;0.07976;-0.0001759;0.0001856;-0.06;0.07;98.87;0.23;98.87;0.08067;0.07976;0.000915;-10.933;-10.982;-30.386;1.00;133.46;
2025-11-25 11:50:57.04;0.00:00:04:584;1.00;0.00;0.00;0.08069;0.07974;-0.0001915;0.0001971;-0.07;0.07;98.82;0.24;98.82;0.08069;0.07974;0.0009491;-10.932;-10.983;-30.227;1.00;134.18;
2025-11-25 11:50:57.08;0.00:00:04:630;1.00;0.00;0.00;0.08067;0.07978;-0.0002005;0.0001925;-0.07;0.07;98.90;0.24;98.90;0.08067;0.07978;0.0008852;-10.933;-10.981;-30.530;1.00;136.16;
2025-11-25 11:50:57.13;0.00:00:04:677;1.00;0.00;0.00;0.08067;0.07973;-0.0001921;0.0001983;-0.07;0.07;98.83;0.25;98.83;0.08067;0.07973;0.0009456;-10.933;-10.984;-30.243;1.00;134.09;
2025-11-25 11:50:57.18;0.00:00:04:727;1.00;0.00;0.00;0.08056;0.07968;-0.0002113;0.0001805;-0.08;0.06;98.90;0.22;98.90;0.08056;0.07968;0.0008862;-10.939;-10.987;-30.525;1.00;139.50;
2025-11-25 11:50:57.24;0.00:00:04:787;1.00;0.00;0.00;0.0805;0.07955;-0.0002248;0.000189;-0.08;0.07;98.82;0.23;98.82;0.0805;0.07955;0.0009471;-10.942;-10.994;-30.236;1.00;139.95;
2025-11-25 11:50:57.29;0.00:00:04:834;1.00;0.00;0.00;0.08053;0.07958;-0.0001915;0.0002052;-0.07;0.07;98.82;0.25;98.82;0.08053;0.07958;0.0009489;-10.941;-10.992;-30.228;1.00;133.02;
2025-11-25 11:50:57.33;0.00:00:04:881;1.00;0.00;0.00;0.08057;0.07963;-0.000218;0.0001917;-0.08;0.07;98.83;0.24;98.82;0.08057;0.07963;0.0009467;-10.938;-10.989;-30.238;1.00;138.67;
2025-11-25 11:50:57.38;0.00:00:04:927;1.00;0.00;0.00;0.08056;0.07966;-0.0002143;0.0001867;-0.08;0.07;98.89;0.23;98.89;0.08056;0.07966;0.0008957;-10.939;-10.988;-30.478;1.00;138.95;
2025-11-25 11:50:57.43;0.00:00:04:975;1.00;0.00;0.00;0.08055;0.07967;-0.0002111;0.0001828;-0.08;0.07;98.91;0.23;98.91;0.08055;0.07967;0.000877;-10.939;-10.987;-30.570;1.00;139.11;
2025-11-25 11:50:57.47;0.00:00:05:021;1.00;0.00;0.00;0.0805;0.07959;-0.0002042;0.0002048;-0.07;0.07;98.88;0.25;98.87;0.0805;0.07959;0.0009054;-10.942;-10.991;-30.432;1.00;134.91;
2025-11-25 11:50:57.52;0.00:00:05:067;1.00;0.00;0.00;0.08051;0.07961;-0.0002544;0.0001712;-0.09;0.06;98.89;0.21;98.88;0.08051;0.07961;0.0008976;-10.942;-10.990;-30.469;1.00;146.07;
2025-11-25 11:50:57.57;0.00:00:05:114;1.00;0.00;0.00;0.08059;0.07964;-0.0001633;0.0002105;-0.06;0.08;98.82;0.26;98.82;0.08059;0.07964;0.0009506;-10.937;-10.989;-30.220;1.00;127.81;
2025-11-25 11:50:57.61;0.00:00:05:161;1.00;0.00;0.00;0.08053;0.07967;-0.0002109;0.0001823;-0.08;0.07;98.93;0.23;98.93;0.08053;0.07967;0.0008588;-10.940;-10.987;-30.661;1.00;139.17;
2025-11-25 11:50:57.66;0.00:00:05:208;1.00;0.00;0.00;0.08056;0.07968;-0.0002206;0.0001955;-0.08;0.07;98.92;0.24;98.92;0.08056;0.07968;0.0008704;-10.939;-10.986;-30.603;1.00;138.44;
2025-11-25 11:50:57.71;0.00:00:05:254;1.00;0.00;0.00;0.08054;0.07964;-0.0001864;0.000168;-0.07;0.06;98.88;0.21;98.88;0.08054;0.07964;0.0009012;-10.940;-10.989;-30.452;1.00;137.97;
2025-11-25 11:50:57.75;0.00:00:05:300;1.00;0.00;0.00;0.08051;0.07965;-0.0001986;0.0001624;-0.07;0.06;98.92;0.20;98.92;0.08051;0.07965;0.0008689;-10.941;-10.988;-30.610;1.00;140.73;
2025-11-25 11:50:57.80;0.00:00:05:348;1.00;0.00;0.00;0.08057;0.07967;-0.0001901;0.0001915;-0.07;0.07;98.89;0.24;98.89;0.08057;0.07967;0.0008981;-10.938;-10.987;-30.467;1.00;134.80;
2025-11-25 11:50:57.85;0.00:00:05:394;1.00;0.00;0.00;0.08057;0.07965;-0.0001975;0.0001844;-0.07;0.07;98.86;0.23;98.86;0.08057;0.07965;0.0009181;-10.938;-10.988;-30.371;1.00;136.96;
2025-11-25 11:50:57.89;0.00:00:05:441;1.00;0.00;0.00;0.08061;0.0797;-0.0002241;0.0001685;-0.08;0.06;98.88;0.21;98.87;0.08061;0.0797;0.0009068;-10.936;-10.985;-30.425;1.00;143.06;
2025-11-25 11:50:57.94;0.00:00:05:487;1.00;0.00;0.00;0.08069;0.07977;-0.0002031;0.0001808;-0.07;0.06;98.86;0.22;98.86;0.08069;0.07977;0.0009227;-10.932;-10.982;-30.349;1.00;138.33;
2025-11-25 11:50:57.99;0.00:00:05:533;1.00;0.00;0.00;0.08067;0.07974;-0.0002075;0.0002146;-0.07;0.08;98.85;0.27;98.85;0.08067;0.07974;0.000927;-10.933;-10.983;-30.329;1.00;134.04;
2025-11-25 11:50:58.04;0.00:00:05:584;1.00;0.00;0.00;0.08066;0.07973;-0.0001753;0.0001816;-0.06;0.07;98.84;0.23;98.84;0.08066;0.07973;0.0009366;-10.933;-10.984;-30.284;1.00;134.00;
2025-11-25 11:50:58.10;0.00:00:05:644;1.00;0.00;0.00;0.08066;0.07977;-0.0001899;0.0002063;-0.07;0.07;98.89;0.26;98.89;0.08066;0.07977;0.000897;-10.933;-10.982;-30.472;1.00;132.63;
2025-11-25 11:50:58.16;0.00:00:05:705;1.00;0.00;0.00;0.08067;0.07981;-0.0001902;0.0001916;-0.07;0.07;98.93;0.24;98.93;0.08067;0.07981;0.0008625;-10.933;-10.979;-30.643;1.00;134.78;
2025-11-25 11:50:58.21;0.00:00:05:754;1.00;0.00;0.00;0.08065;0.07971;-0.0002155;0.0001838;-0.08;0.07;98.84;0.23;98.84;0.08065;0.07971;0.0009391;-10.934;-10.985;-30.273;1.00;139.54;
2025-11-25 11:50:58.27;0.00:00:05:815;1.00;0.00;0.00;0.08068;0.07971;-0.0002278;0.0001862;-0.08;0.07;98.80;0.23;98.80;0.08068;0.07971;0.0009666;-10.933;-10.985;-30.147;1.00;140.73;
2025-11-25 11:50:58.31;0.00:00:05:862;1.00;0.00;0.00;0.08063;0.07977;-0.0002106;0.0001912;-0.08;0.07;98.93;0.24;98.93;0.08063;0.07977;0.0008601;-10.935;-10.982;-30.655;1.00;137.76;
2025-11-25 11:50:58.36;0.00:00:05:909;1.00;0.00;0.00;0.08058;0.07968;-0.0002143;0.0001674;-0.08;0.06;98.88;0.21;98.88;0.08058;0.07968;0.0008986;-10.938;-10.987;-30.465;1.00;142.01;
2025-11-25 11:50:58.41;0.00:00:05:957;1.00;0.00;0.00;0.08061;0.07967;-0.0002113;0.0002144;-0.08;0.08;98.84;0.27;98.84;0.08061;0.07967;0.0009342;-10.936;-10.987;-30.296;1.00;134.57;
2025-11-25 11:50:58.46;0.00:00:06:004;1.00;0.00;0.00;0.08063;0.07972;-0.0002185;0.0001732;-0.08;0.06;98.87;0.21;98.87;0.08063;0.07972;0.0009114;-10.935;-10.984;-30.403;1.00;141.60;
2025-11-25 11:50:58.50;0.00:00:06:052;1.00;0.00;0.00;0.08059;0.07968;-0.0002;0.0001927;-0.07;0.07;98.88;0.24;98.88;0.08059;0.07968;0.000902;-10.937;-10.986;-30.448;1.00;136.06;
2025-11-25 11:50:58.57;0.00:00:06:113;1.00;0.00;0.00;0.08057;0.07964;-0.0002135;0.0001819;-0.08;0.07;98.84;0.23;98.84;0.08057;0.07964;0.000934;-10.938;-10.989;-30.297;1.00;139.58;
2025-11-25 11:50:58.61;0.00:00:06:160;1.00;0.00;0.00;0.08058;0.07963;-0.0001456;0.0002029;-0.05;0.07;98.82;0.25;98.82;0.08058;0.07963;0.0009491;-10.938;-10.989;-30.227;1.00;125.67;
2025-11-25 11:50:58.66;0.00:00:06:206;1.00;0.00;0.00;0.08062;0.07969;-0.0001564;0.0001868;-0.06;0.07;98.85;0.23;98.85;0.08062;0.07969;0.000925;-10.936;-10.986;-30.339;1.00;129.94;
2025-11-25 11:50:58.71;0.00:00:06:254;1.00;0.00;0.00;0.0806;0.07971;-0.0002096;0.0001758;-0.08;0.06;98.90;0.22;98.90;0.0806;0.07971;0.0008881;-10.937;-10.985;-30.515;1.00;140.01;
2025-11-25 11:50:58.75;0.00:00:06:302;1.00;0.00;0.00;0.08058;0.07971;-0.0001946;0.0001758;-0.07;0.06;98.92;0.22;98.92;0.08058;0.07971;0.0008705;-10.937;-10.985;-30.602;1.00;137.90;
2025-11-25 11:50:58.80;0.00:00:06:348;1.00;0.00;0.00;0.08063;0.07969;-0.0002209;0.0002029;-0.08;0.07;98.83;0.25;98.83;0.08063;0.07969;0.0009404;-10.935;-10.986;-30.267;1.00;137.43;
2025-11-25 11:50:58.85;0.00:00:06:395;1.00;0.00;0.00;0.08065;0.07968;-0.00022;0.0001709;-0.08;0.06;98.79;0.21;98.79;0.08065;0.07968;0.0009738;-10.934;-10.987;-30.115;1.00;142.16;
2025-11-25 11:50:58.89;0.00:00:06:442;1.00;0.00;0.00;0.08062;0.07973;-0.0002121;0.0001732;-0.08;0.06;98.89;0.21;98.88;0.08062;0.07973;0.0008988;-10.935;-10.984;-30.463;1.00;140.77;
2025-11-25 11:50:58.94;0.00:00:06:492;1.00;0.00;0.00;0.08064;0.07974;-0.0002025;0.0002139;-0.07;0.08;98.88;0.27;98.88;0.08064;0.07974;0.0009014;-10.934;-10.983;-30.451;1.00;133.44;
2025-11-25 11:50:59.00;0.00:00:06:552;1.00;0.00;0.00;0.0806;0.07968;-0.0002555;0.0001927;-0.09;0.07;98.86;0.24;98.86;0.0806;0.07968;0.0009169;-10.937;-10.986;-30.377;1.00;142.98;
2025-11-25 11:50:59.05;0.00:00:06:597;1.00;0.00;0.00;0.08056;0.07969;-0.0001933;0.0001837;-0.07;0.07;98.92;0.23;98.92;0.08056;0.07969;0.000872;-10.939;-10.986;-30.595;1.00;136.46;
2025-11-25 11:50:59.10;0.00:00:06:645;1.00;0.00;0.00;0.08061;0.07969;-0.0002007;0.0001785;-0.07;0.06;98.87;0.22;98.87;0.08061;0.07969;0.0009121;-10.936;-10.986;-30.400;1.00;138.34;
2025-11-25 11:50:59.14;0.00:00:06:691;1.00;0.00;0.00;0.08064;0.0797;-0.0001675;0.0001581;-0.06;0.06;98.83;0.20;98.83;0.08064;0.0797;0.0009405;-10.935;-10.986;-30.267;1.00;136.64;
2025-11-25 11:50:59.19;0.00:00:06:739;1.00;0.00;0.00;0.08064;0.07976;-0.0001887;0.0002028;-0.07;0.07;98.90;0.25;98.90;0.08064;0.07976;0.0008839;-10.935;-10.982;-30.536;1.00;132.95;
2025-11-25 11:50:59.24;0.00:00:06:786;1.00;0.00;0.00;0.08064;0.0797;-0.0002241;0.0002143;-0.08;0.08;98.84;0.27;98.84;0.08064;0.0797;0.0009363;-10.935;-10.985;-30.286;1.00;136.29;
2025-11-25 11:50:59.28;0.00:00:06:832;1.00;0.00;0.00;0.08064;0.07978;-0.0002288;0.0001772;-0.08;0.06;98.93;0.22;98.93;0.08064;0.07978;0.0008628;-10.934;-10.981;-30.641;1.00;142.24;
2025-11-25 11:50:59.33;0.00:00:06:879;1.00;0.00;0.00;0.0806;0.07977;-0.0001694;0.0001847;-0.06;0.07;98.97;0.23;98.97;0.0806;0.07977;0.00083;-10.937;-10.982;-30.809;1.00;132.53;
2025-11-25 11:50:59.38;0.00:00:06:927;1.00;0.00;0.00;0.08066;0.07974;-0.0001902;0.0001866;-0.07;0.07;98.87;0.23;98.87;0.08066;0.07974;0.0009136;-10.934;-10.983;-30.392;1.00;135.55;
2025-11-25 11:50:59.43;0.00:00:06:974;1.00;0.00;0.00;0.08063;0.07972;-0.0001884;0.0001646;-0.07;0.06;98.87;0.20;98.87;0.08063;0.07972;0.0009089;-10.935;-10.984;-30.415;1.00;138.85;
2025-11-25 11:50:59.47;0.00:00:07:022;1.00;0.00;0.00;0.08051;0.07963;-0.0001969;0.000193;-0.07;0.07;98.90;0.24;98.90;0.08051;0.07963;0.0008819;-10.942;-10.989;-30.546;1.00;135.57;
2025-11-25 11:50:59.54;0.00:00:07:085;1.00;0.00;0.00;0.08047;0.07957;-0.0001622;0.0002014;-0.06;0.07;98.88;0.25;98.88;0.08047;0.07957;0.0009006;-10.943;-10.992;-30.455;1.00;128.84;
2025-11-25 11:50:59.59;0.00:00:07:133;1.00;0.00;0.00;0.08051;0.07961;-0.0001932;0.0001893;-0.07;0.07;98.88;0.24;98.88;0.08051;0.07961;0.0009023;-10.941;-10.990;-30.446;1.00;135.58;
2025-11-25 11:50:59.63;0.00:00:07:179;1.00;0.00;0.00;0.0805;0.07957;-0.0002401;0.0001928;-0.09;0.07;98.84;0.24;98.84;0.0805;0.07957;0.0009332;-10.942;-10.992;-30.300;1.00;141.23;
2025-11-25 11:50:59.68;0.00:00:07:226;1.00;0.00;0.00;0.08057;0.07967;-0.000166;0.0001749;-0.06;0.06;98.88;0.22;98.88;0.08057;0.07967;0.0008992;-10.938;-10.987;-30.461;1.00;133.50;
2025-11-25 11:50:59.72;0.00:00:07:272;1.00;0.00;0.00;0.08062;0.07969;-0.0002002;0.0001715;-0.07;0.06;98.84;0.21;98.84;0.08062;0.07969;0.0009329;-10.935;-10.986;-30.302;1.00;139.42;
2025-11-25 11:50:59.77;0.00:00:07:319;1.00;0.00;0.00;0.08059;0.07971;-0.0002342;0.0001955;-0.08;0.07;98.90;0.24;98.90;0.08059;0.07971;0.0008835;-10.937;-10.985;-30.538;1.00;140.14;
2025-11-25 11:50:59.82;0.00:00:07:365;1.00;0.00;0.00;0.0806;0.07961;-0.0001519;0.0001983;-0.05;0.07;98.77;0.25;98.77;0.0806;0.07961;0.0009928;-10.937;-10.990;-30.031;1.00;127.45;
2025-11-25 11:50:59.86;0.00:00:07:412;1.00;0.00;0.00;0.08054;0.07965;-0.0002242;0.0001979;-0.08;0.07;98.90;0.25;98.90;0.08054;0.07965;0.0008866;-10.940;-10.988;-30.523;1.00;138.56;
2025-11-25 11:50:59.91;0.00:00:07:459;1.00;0.00;0.00;0.08063;0.07965;-0.0001869;0.000182;-0.07;0.07;98.79;0.23;98.79;0.08063;0.07965;0.0009743;-10.935;-10.988;-30.113;1.00;135.77;
2025-11-25 11:50:59.96;0.00:00:07:507;1.00;0.00;0.00;0.08061;0.07971;-0.0001836;0.0001673;-0.07;0.06;98.89;0.21;98.89;0.08061;0.07972;0.000898;-10.936;-10.985;-30.467;1.00;137.66;
2025-11-25 11:51:00.01;0.00:00:07:553;1.00;0.00;0.00;0.08064;0.07967;-0.0001951;0.0002031;-0.07;0.07;98.79;0.25;98.79;0.08064;0.07967;0.0009751;-10.934;-10.987;-30.109;1.00;133.85;
2025-11-25 11:51:00.05;0.00:00:07:600;1.00;0.00;0.00;0.08063;0.07976;-0.0002004;0.0001864;-0.07;0.07;98.92;0.23;98.92;0.08063;0.07976;0.0008717;-10.935;-10.982;-30.596;1.00;137.08;
2025-11-25 11:51:00.10;0.00:00:07:647;1.00;0.00;0.00;0.08071;0.07976;-0.0001675;0.0001766;-0.06;0.06;98.82;0.22;98.82;0.08071;0.07976;0.0009529;-10.931;-10.982;-30.209;1.00;133.48;
2025-11-25 11:51:00.14;0.00:00:07:692;1.00;0.00;0.00;0.08071;0.07985;-0.0001834;0.0002089;-0.07;0.07;98.93;0.26;98.93;0.08071;0.07985;0.000865;-10.930;-10.977;-30.630;1.00;131.28;
2025-11-25 11:51:00.19;0.00:00:07:740;1.00;0.00;0.00;0.08077;0.07983;-0.0001839;0.0002025;-0.07;0.07;98.83;0.25;98.83;0.08077;0.07983;0.0009479;-10.927;-10.979;-30.232;1.00;132.23;
2025-11-25 11:51:00.24;0.00:00:07:787;1.00;0.00;0.00;0.08074;0.07986;-0.000169;0.0002018;-0.06;0.07;98.91;0.25;98.91;0.08074;0.07986;0.000878;-10.929;-10.977;-30.565;1.00;129.94;
2025-11-25 11:51:00.29;0.00:00:07:834;1.00;0.00;0.00;0.08074;0.07987;-0.0001952;0.0002135;-0.07;0.08;98.93;0.26;98.93;0.08074;0.07987;0.0008609;-10.929;-10.976;-30.651;1.00;132.44;
2025-11-25 11:51:00.33;0.00:00:07:881;1.00;0.00;0.00;0.08075;0.07983;-0.000196;0.0001844;-0.07;0.07;98.86;0.23;98.86;0.08075;0.07983;0.0009199;-10.929;-10.978;-30.363;1.00;136.74;
2025-11-25 11:51:00.38;0.00:00:07:928;1.00;0.00;0.00;0.08069;0.07979;-0.0001858;0.0001848;-0.07;0.07;98.88;0.23;98.88;0.08069;0.07979;0.0009011;-10.932;-10.980;-30.452;1.00;135.17;
2025-11-25 11:51:00.44;0.00:00:07:989;1.00;0.00;0.00;0.08053;0.07966;-0.0001881;0.000212;-0.07;0.08;98.92;0.26;98.92;0.08053;0.07966;0.0008705;-10.941;-10.988;-30.603;1.00;131.58;
2025-11-25 11:51:00.49;0.00:00:08:036;1.00;0.00;0.00;0.08054;0.07962;-0.0001961;0.00018;-0.07;0.06;98.85;0.22;98.85;0.08054;0.07962;0.0009247;-10.940;-10.990;-30.340;1.00;137.45;
2025-11-25 11:51:00.54;0.00:00:08:087;1.00;0.00;0.00;0.08058;0.07966;-0.0002068;0.0002057;-0.07;0.07;98.86;0.26;98.86;0.08058;0.07966;0.0009175;-10.938;-10.987;-30.374;1.00;135.15;
2025-11-25 11:51:00.60;0.00:00:08:146;1.00;0.00;0.00;0.08071;0.07976;-0.000182;0.0001676;-0.07;0.06;98.82;0.21;98.82;0.08071;0.07976;0.0009496;-10.931;-10.982;-30.225;1.00;137.35;
2025-11-25 11:51:00.64;0.00:00:08:193;1.00;0.00;0.00;0.08077;0.07984;-0.0001656;0.0002006;-0.06;0.07;98.86;0.25;98.86;0.08077;0.07984;0.0009233;-10.928;-10.978;-30.347;1.00;129.54;
2025-11-25 11:51:00.69;0.00:00:08:240;1.00;0.00;0.00;0.08083;0.07992;-0.0001847;0.0001921;-0.07;0.07;98.88;0.24;98.88;0.08083;0.07992;0.0009063;-10.924;-10.973;-30.427;1.00;133.88;
2025-11-25 11:51:00.74;0.00:00:08:287;1.00;0.00;0.00;0.08075;0.07983;-0.0002626;0.0001911;-0.09;0.07;98.86;0.24;98.86;0.08075;0.07983;0.0009203;-10.928;-10.978;-30.361;1.00;143.94;
2025-11-25 11:51:00.79;0.00:00:08:334;1.00;0.00;0.00;0.08065;0.07972;-0.0002297;0.0002016;-0.08;0.07;98.84;0.25;98.84;0.08065;0.07972;0.0009329;-10.934;-10.984;-30.302;1.00;138.73;
2025-11-25 11:51:00.83;0.00:00:08:381;1.00;0.00;0.00;0.08055;0.07967;-0.0002523;0.0001922;-0.09;0.07;98.91;0.24;98.91;0.08055;0.07967;0.0008773;-10.939;-10.987;-30.569;1.00;142.70;
2025-11-25 11:51:00.90;0.00:00:08:443;1.00;0.00;0.00;0.08059;0.07961;-0.0001764;0.0001876;-0.06;0.07;98.79;0.23;98.79;0.08059;0.07961;0.0009757;-10.937;-10.990;-30.107;1.00;133.24;
2025-11-25 11:51:00.94;0.00:00:08:490;1.00;0.00;0.00;0.08055;0.07961;-0.0001989;0.0001824;-0.07;0.07;98.84;0.23;98.84;0.08055;0.07961;0.000931;-10.940;-10.990;-30.310;1.00;137.48;
2025-11-25 11:51:00.99;0.00:00:08:539;1.00;0.00;0.00;0.08055;0.07967;-0.0001984;0.0001863;-0.07;0.07;98.90;0.23;98.90;0.08055;0.07967;0.0008839;-10.939;-10.987;-30.536;1.00;136.79;
2025-11-25 11:51:01.05;0.00:00:08:598;1.00;0.00;0.00;0.08057;0.07957;-0.0001827;0.0001672;-0.07;0.06;98.76;0.21;98.76;0.08057;0.07957;0.0009971;-10.938;-10.992;-30.012;1.00;137.53;
2025-11-25 11:51:01.10;0.00:00:08:649;1.00;0.00;0.00;0.08063;0.0797;-0.0002042;0.0001991;-0.07;0.07;98.85;0.25;98.85;0.08063;0.0797;0.0009262;-10.935;-10.985;-30.333;1.00;135.72;
2025-11-25 11:51:01.16;0.00:00:08:709;1.00;0.00;0.00;0.08061;0.07978;-0.0001961;0.0001704;-0.07;0.06;98.97;0.21;98.97;0.08061;0.07978;0.0008339;-10.936;-10.981;-30.789;1.00;139.03;
2025-11-25 11:51:01.21;0.00:00:08:755;1.00;0.00;0.00;0.08067;0.07969;-0.0001896;0.0001885;-0.07;0.07;98.79;0.23;98.79;0.08067;0.0797;0.0009765;-10.933;-10.986;-30.103;1.00;135.16;
2025-11-25 11:51:01.25;0.00:00:08:802;1.00;0.00;0.00;0.08066;0.07976;-0.0001913;0.0001958;-0.07;0.07;98.88;0.24;98.88;0.08066;0.07976;0.0009065;-10.933;-10.982;-30.426;1.00;134.34;
2025-11-25 11:51:01.30;0.00:00:08:848;1.00;0.00;0.00;0.0807;0.07978;-0.0001851;0.000183;-0.07;0.07;98.86;0.23;98.86;0.0807;0.07978;0.0009223;-10.931;-10.981;-30.351;1.00;135.33;
2025-11-25 11:51:01.35;0.00:00:08:895;1.00;0.00;0.00;0.0807;0.07981;-0.000195;0.0001911;-0.07;0.07;98.90;0.24;98.90;0.0807;0.07981;0.0008887;-10.931;-10.979;-30.512;1.00;135.58;
2025-11-25 11:51:01.39;0.00:00:08:942;1.00;0.00;0.00;0.08072;0.07981;-0.0001972;0.0002186;-0.07;0.08;98.87;0.27;98.87;0.08072;0.07981;0.0009081;-10.930;-10.979;-30.419;1.00;132.05;
2025-11-25 11:51:01.44;0.00:00:08:988;1.00;0.00;0.00;0.08066;0.07975;-0.0002155;0.0001862;-0.08;0.07;98.87;0.23;98.87;0.08066;0.07975;0.0009127;-10.933;-10.983;-30.397;1.00;139.17;
2025-11-25 11:51:01.49;0.00:00:09:034;1.00;0.00;0.00;0.08067;0.07976;-0.0002023;0.0001878;-0.07;0.07;98.86;0.23;98.86;0.08067;0.07976;0.0009162;-10.933;-10.982;-30.380;1.00;137.13;
2025-11-25 11:51:01.53;0.00:00:09:082;1.00;0.00;0.00;0.08068;0.07973;-0.0002004;0.0001952;-0.07;0.07;98.83;0.24;98.83;0.08068;0.07973;0.0009451;-10.932;-10.984;-30.245;1.00;135.76;
2025-11-25 11:51:01.58;0.00:00:09:128;1.00;0.00;0.00;0.08067;0.07974;-0.0002068;0.0001809;-0.07;0.06;98.84;0.22;98.84;0.08067;0.07974;0.0009362;-10.933;-10.983;-30.286;1.00;138.82;
2025-11-25 11:51:01.63;0.00:00:09:175;1.00;0.00;0.00;0.08067;0.07973;-0.0002337;0.0001919;-0.08;0.07;98.84;0.24;98.84;0.08067;0.07973;0.0009374;-10.933;-10.984;-30.281;1.00;140.60;
2025-11-25 11:51:01.67;0.00:00:09:222;1.00;0.00;0.00;0.08069;0.07974;-0.0002184;0.0001912;-0.08;0.07;98.83;0.24;98.83;0.08069;0.07975;0.0009401;-10.932;-10.983;-30.268;1.00;138.80;
2025-11-25 11:51:01.72;0.00:00:09:270;1.00;0.00;0.00;0.08066;0.07969;-0.0002081;0.0001795;-0.07;0.06;98.80;0.22;98.80;0.08066;0.07969;0.0009663;-10.934;-10.986;-30.149;1.00;139.23;
2025-11-25 11:51:01.77;0.00:00:09:317;1.00;0.00;0.00;0.08071;0.07973;-0.0001892;0.0002027;-0.07;0.07;98.79;0.25;98.78;0.08071;0.07973;0.0009805;-10.931;-10.984;-30.085;1.00;133.02;
2025-11-25 11:51:01.82;0.00:00:09:363;1.00;0.00;0.00;0.08066;0.07972;-0.0001676;0.0001774;-0.06;0.06;98.84;0.22;98.84;0.08066;0.07973;0.0009325;-10.934;-10.984;-30.304;1.00;133.37;
2025-11-25 11:51:01.86;0.00:00:09:410;1.00;0.00;0.00;0.08063;0.07977;-0.0002137;0.0001931;-0.08;0.07;98.94;0.24;98.94;0.08063;0.07977;0.0008578;-10.935;-10.982;-30.666;1.00;137.89;
2025-11-25 11:51:01.91;0.00:00:09:456;1.00;0.00;0.00;0.08059;0.07966;-0.0002003;0.0001908;-0.07;0.07;98.85;0.24;98.85;0.08059;0.07966;0.0009256;-10.937;-10.987;-30.336;1.00;136.40;
2025-11-25 11:51:01.96;0.00:00:09:503;1.00;0.00;0.00;0.08062;0.07971;-0.000198;0.0001732;-0.07;0.06;98.88;0.21;98.88;0.08062;0.07971;0.0009032;-10.936;-10.985;-30.442;1.00;138.83;
2025-11-25 11:51:02.00;0.00:00:09:550;1.00;0.00;0.00;0.08064;0.07971;-0.0001811;0.0001863;-0.07;0.07;98.85;0.23;98.85;0.08064;0.07971;0.0009262;-10.935;-10.985;-30.333;1.00;134.19;
2025-11-25 11:51:02.05;0.00:00:09:596;1.00;0.00;0.00;0.08059;0.0797;-0.0001677;0.0001846;-0.06;0.07;98.89;0.23;98.89;0.08059;0.0797;0.0008911;-10.937;-10.985;-30.501;1.00;132.25;
2025-11-25 11:51:02.10;0.00:00:09:643;1.00;0.00;0.00;0.0806;0.07971;-0.0002193;0.0001905;-0.08;0.07;98.90;0.24;98.90;0.0806;0.07971;0.0008839;-10.937;-10.985;-30.536;1.00;139.02;
2025-11-25 11:51:02.14;0.00:00:09:689;1.00;0.00;0.00;0.08057;0.07966;-0.0002337;0.0002065;-0.08;0.07;98.87;0.26;98.87;0.08057;0.07966;0.0009112;-10.938;-10.988;-30.404;1.00;138.53;
2025-11-25 11:51:02.19;0.00:00:09:737;1.00;0.00;0.00;0.08058;0.07967;-0.0002386;0.0001817;-0.09;0.07;98.88;0.23;98.88;0.08058;0.07967;0.0009062;-10.938;-10.987;-30.428;1.00;142.71;
2025-11-25 11:51:02.25;0.00:00:09:801;1.00;0.00;0.00;0.08058;0.07968;-0.0002277;0.0001908;-0.08;0.07;98.88;0.24;98.88;0.08058;0.07968;0.0009057;-10.938;-10.987;-30.430;1.00;140.03;
2025-11-25 11:51:02.30;0.00:00:09:848;1.00;0.00;0.00;0.08063;0.07969;-0.0001857;0.0001923;-0.07;0.07;98.83;0.24;98.83;0.08063;0.07969;0.0009395;-10.935;-10.986;-30.271;1.00;134.00;
2025-11-25 11:51:02.35;0.00:00:09:896;1.00;0.00;0.00;0.08061;0.0797;-0.0001903;0.0001993;-0.07;0.07;98.87;0.25;98.87;0.08061;0.0797;0.0009107;-10.936;-10.985;-30.406;1.00;133.68;
2025-11-25 11:51:02.41;0.00:00:09:957;1.00;0.00;0.00;0.08059;0.07972;-0.000206;0.0002101;-0.07;0.08;98.93;0.26;98.93;0.08059;0.07972;0.0008653;-10.937;-10.984;-30.628;1.00;134.43;
2025-11-25 11:51:02.46;0.00:00:10:005;1.00;0.00;0.00;0.08058;0.07964;-0.0002143;0.0001917;-0.08;0.07;98.83;0.24;98.83;0.08058;0.07964;0.0009408;-10.938;-10.989;-30.265;1.00;138.18;
2025-11-25 11:51:02.51;0.00:00:10:054;1.00;0.00;0.00;0.08057;0.07974;-0.0001808;0.0001711;-0.06;0.06;98.97;0.21;98.97;0.08057;0.07974;0.0008285;-10.938;-10.983;-30.817;1.00;136.58;
2025-11-25 11:51:02.55;0.00:00:10:099;1.00;0.00;0.00;0.08065;0.07972;-0.0002005;0.0002129;-0.07;0.08;98.85;0.26;98.85;0.08065;0.07972;0.0009269;-10.934;-10.984;-30.330;1.00;133.28;
2025-11-25 11:51:02.60;0.00:00:10:147;1.00;0.00;0.00;0.08054;0.07967;-0.0002018;0.0001808;-0.07;0.06;98.91;0.22;98.91;0.08054;0.07967;0.0008761;-10.940;-10.987;-30.574;1.00;138.15;
2025-11-25 11:51:02.65;0.00:00:10:195;1.00;0.00;0.00;0.08059;0.07966;-0.0001714;0.0001727;-0.06;0.06;98.84;0.21;98.84;0.08059;0.07966;0.0009325;-10.937;-10.988;-30.304;1.00;134.79;
2025-11-25 11:51:02.71;0.00:00:10:256;1.00;0.00;0.00;0.08094;0.07998;-0.0001664;0.0001913;-0.06;0.07;98.81;0.24;98.81;0.08094;0.07998;0.0009624;-10.918;-10.970;-30.167;1.00;131.01;
2025-11-25 11:51:02.75;0.00:00:10:301;1.00;0.00;0.00;0.08095;0.08003;-0.0002361;0.0002029;-0.08;0.07;98.85;0.25;98.85;0.08095;0.08003;0.000928;-10.918;-10.968;-30.324;1.00;139.32;
2025-11-25 11:51:02.80;0.00:00:10:347;1.00;0.00;0.00;0.08079;0.07985;-0.0002255;0.0001977;-0.08;0.07;98.84;0.24;98.84;0.08079;0.07985;0.0009402;-10.926;-10.977;-30.268;1.00;138.76;
2025-11-25 11:51:02.85;0.00:00:10:393;1.00;0.00;0.00;0.08073;0.07981;-0.0001925;0.0001936;-0.07;0.07;98.87;0.24;98.87;0.08073;0.07981;0.000915;-10.930;-10.979;-30.386;1.00;134.83;
2025-11-25 11:51:02.89;0.00:00:10:440;1.00;0.00;0.00;0.08071;0.07981;-0.0001866;0.000193;-0.07;0.07;98.89;0.24;98.89;0.08071;0.07981;0.0008988;-10.931;-10.979;-30.463;1.00;134.03;
2025-11-25 11:51:02.94;0.00:00:10:487;1.00;0.00;0.00;0.08065;0.07974;-0.0002055;0.0001997;-0.07;0.07;98.88;0.25;98.88;0.08065;0.07974;0.0009038;-10.934;-10.983;-30.439;1.00;135.82;
2025-11-25 11:51:02.99;0.00:00:10:534;1.00;0.00;0.00;0.08066;0.07973;-0.0002059;0.0002047;-0.07;0.07;98.84;0.25;98.84;0.08066;0.07973;0.000935;-10.933;-10.984;-30.292;1.00;135.16;
2025-11-25 11:51:03.03;0.00:00:10:580;1.00;0.00;0.00;0.08063;0.07978;-0.0001653;0.0001851;-0.06;0.07;98.94;0.23;98.94;0.08063;0.07978;0.0008544;-10.935;-10.981;-30.683;1.00;131.77;
2025-11-25 11:51:03.08;0.00:00:10:633;1.00;0.00;0.00;0.08062;0.07974;-0.0002166;0.0001843;-0.08;0.07;98.90;0.23;98.90;0.08062;0.07974;0.0008853;-10.935;-10.983;-30.529;1.00;139.60;
2025-11-25 11:51:03.14;0.00:00:10:690;1.00;0.00;0.00;0.08063;0.07969;-0.0002219;0.0001882;-0.08;0.07;98.85;0.23;98.84;0.08063;0.0797;0.0009311;-10.935;-10.986;-30.310;1.00;139.70;
2025-11-25 11:51:03.19;0.00:00:10:737;1.00;0.00;0.00;0.08064;0.07971;-0.0002118;0.0001999;-0.08;0.07;98.85;0.25;98.85;0.08064;0.07971;0.0009234;-10.935;-10.985;-30.346;1.00;136.65;
2025-11-25 11:51:03.24;0.00:00:10:784;1.00;0.00;0.00;0.08052;0.07963;-0.0001928;0.0001798;-0.07;0.06;98.90;0.22;98.90;0.08052;0.07963;0.0008893;-10.941;-10.989;-30.510;1.00;137.00;
2025-11-25 11:51:03.28;0.00:00:10:830;1.00;0.00;0.00;0.08054;0.07966;-0.0001892;0.0001987;-0.07;0.07;98.91;0.25;98.91;0.08054;0.07966;0.0008774;-10.940;-10.987;-30.568;1.00;133.58;
2025-11-25 11:51:03.33;0.00:00:10:877;1.00;0.00;0.00;0.08058;0.07967;-0.0001901;0.0001903;-0.07;0.07;98.86;0.24;98.86;0.08058;0.07967;0.000918;-10.938;-10.987;-30.371;1.00;134.96;
2025-11-25 11:51:03.38;0.00:00:10:923;1.00;0.00;0.00;0.08056;0.07961;-0.0002215;0.0001905;-0.08;0.07;98.82;0.24;98.82;0.08056;0.07961;0.0009532;-10.939;-10.990;-30.208;1.00;139.31;
2025-11-25 11:51:03.42;0.00:00:10:971;1.00;0.00;0.00;0.08053;0.07962;-0.000237;0.0001911;-0.09;0.07;98.87;0.24;98.87;0.08053;0.07962;0.0009097;-10.941;-10.990;-30.411;1.00;141.12;
2025-11-25 11:51:03.47;0.00:00:11:017;1.00;0.00;0.00;0.0805;0.07963;-0.0002153;0.0002013;-0.08;0.07;98.93;0.25;98.93;0.0805;0.07963;0.0008636;-10.942;-10.989;-30.637;1.00;136.93;
2025-11-25 11:51:03.52;0.00:00:11:064;1.00;0.00;0.00;0.0805;0.07959;-0.0001941;0.000195;-0.07;0.07;98.88;0.24;98.88;0.0805;0.0796;0.0009027;-10.942;-10.991;-30.445;1.00;134.86;
2025-11-25 11:51:03.56;0.00:00:11:111;1.00;0.00;0.00;0.08054;0.07957;-0.0002139;0.0001846;-0.08;0.07;98.79;0.23;98.79;0.08054;0.07957;0.0009739;-10.940;-10.993;-30.115;1.00;139.21;
2025-11-25 11:51:03.63;0.00:00:11:174;1.00;0.00;0.00;0.08044;0.07955;-0.0001815;0.000186;-0.07;0.07;98.90;0.23;98.90;0.08044;0.07955;0.0008866;-10.945;-10.994;-30.523;1.00;134.30;
2025-11-25 11:51:03.67;0.00:00:11:220;1.00;0.00;0.00;0.0805;0.07956;-0.0001778;0.0001906;-0.06;0.07;98.83;0.24;98.83;0.0805;0.07956;0.0009451;-10.942;-10.993;-30.245;1.00;133.02;
2025-11-25 11:51:03.72;0.00:00:11:267;1.00;0.00;0.00;0.08051;0.07958;-0.0001932;0.0001825;-0.07;0.07;98.84;0.23;98.84;0.08051;0.07958;0.0009313;-10.941;-10.992;-30.309;1.00;136.62;
2025-11-25 11:51:03.77;0.00:00:11:314;1.00;0.00;0.00;0.08057;0.07961;-0.0001607;0.0002055;-0.06;0.07;98.80;0.26;98.80;0.08057;0.07961;0.0009662;-10.938;-10.990;-30.149;1.00;128.03;
2025-11-25 11:51:03.81;0.00:00:11:360;1.00;0.00;0.00;0.0806;0.07971;-0.0001395;0.0001912;-0.05;0.07;98.91;0.24;98.91;0.0806;0.07971;0.0008817;-10.937;-10.985;-30.547;1.00;126.12;
2025-11-25 11:51:03.86;0.00:00:11:407;1.00;0.00;0.00;0.08066;0.07974;-0.0001749;0.0001925;-0.06;0.07;98.87;0.24;98.87;0.08066;0.07974;0.000915;-10.934;-10.983;-30.386;1.00;132.26;
2025-11-25 11:51:03.91;0.00:00:11:454;1.00;0.00;0.00;0.08069;0.07974;-0.0001873;0.0001823;-0.07;0.07;98.83;0.23;98.83;0.08069;0.07974;0.0009455;-10.932;-10.983;-30.243;1.00;135.77;
2025-11-25 11:51:03.95;0.00:00:11:500;1.00;0.00;0.00;0.08063;0.07974;-0.0002038;0.0002052;-0.07;0.07;98.90;0.25;98.90;0.08063;0.07974;0.0008835;-10.935;-10.983;-30.538;1.00;134.81;
2025-11-25 11:51:04.00;0.00:00:11:547;1.00;0.00;0.00;0.08057;0.07971;-0.0002171;0.0001826;-0.08;0.07;98.94;0.23;98.94;0.08057;0.07971;0.0008543;-10.938;-10.985;-30.684;1.00;139.95;
2025-11-25 11:51:04.05;0.00:00:11:597;1.00;0.00;0.00;0.0806;0.07967;-0.0001805;0.0001978;-0.06;0.07;98.84;0.25;98.84;0.0806;0.07967;0.0009342;-10.936;-10.987;-30.296;1.00;132.37;
2025-11-25 11:51:04.11;0.00:00:11:657;1.00;0.00;0.00;0.08057;0.07966;-0.0002064;0.0001982;-0.07;0.07;98.87;0.25;98.87;0.08057;0.07967;0.0009078;-10.938;-10.987;-30.420;1.00;136.16;
2025-11-25 11:51:04.16;0.00:00:11:703;1.00;0.00;0.00;0.08059;0.07965;-0.0001873;0.000188;-0.07;0.07;98.84;0.23;98.84;0.08059;0.07965;0.0009374;-10.937;-10.988;-30.281;1.00;134.89;
2025-11-25 11:51:04.20;0.00:00:11:750;1.00;0.00;0.00;0.0806;0.07967;-0.0001889;0.0002043;-0.07;0.07;98.85;0.25;98.85;0.0806;0.07967;0.0009242;-10.937;-10.987;-30.342;1.00;132.77;
2025-11-25 11:51:04.25;0.00:00:11:793;1.00;0.00;0.00;0.0806;0.07968;-0.0002272;0.0001857;-0.08;0.07;98.85;0.23;98.85;0.0806;0.07968;0.0009236;-10.936;-10.987;-30.345;1.00;140.74;
2025-11-25 11:51:04.30;0.00:00:11:844;1.00;0.00;0.00;0.08066;0.07973;-0.0001578;0.0001737;-0.06;0.06;98.85;0.22;98.85;0.08066;0.07974;0.0009294;-10.933;-10.983;-30.318;1.00;132.27;
2025-11-25 11:51:04.35;0.00:00:11:896;1.00;0.00;0.00;0.08065;0.07976;-0.0001799;0.0002084;-0.06;0.07;98.89;0.26;98.89;0.08065;0.07976;0.0008955;-10.934;-10.982;-30.479;1.00;130.80;
2025-11-25 11:51:04.39;0.00:00:11:942;1.00;0.00;0.00;0.08066;0.07972;-0.0002156;0.0001889;-0.08;0.07;98.84;0.23;98.84;0.08066;0.07972;0.0009336;-10.934;-10.984;-30.298;1.00;138.78;
2025-11-25 11:51:04.45;0.00:00:11:998;1.00;0.00;0.00;0.08063;0.0797;-0.0001875;0.000184;-0.07;0.07;98.85;0.23;98.85;0.08063;0.0797;0.000929;-10.935;-10.986;-30.320;1.00;135.54;
2025-11-25 11:51:04.51;0.00:00:12:058;1.00;0.00;0.00;0.08062;0.07972;-0.0002066;0.0001995;-0.07;0.07;98.89;0.25;98.88;0.08062;0.07972;0.0008989;-10.936;-10.984;-30.463;1.00;135.99;
2025-11-25 11:51:04.56;0.00:00:12:109;1.00;0.00;0.00;0.08065;0.07971;-0.000252;0.0001838;-0.09;0.07;98.84;0.23;98.84;0.08065;0.07971;0.0009337;-10.934;-10.985;-30.298;1.00;143.90;
2025-11-25 11:51:04.61;0.00:00:12:161;1.00;0.00;0.00;0.08066;0.07968;-0.0002073;0.0001893;-0.07;0.07;98.79;0.23;98.79;0.08066;0.07969;0.0009756;-10.933;-10.986;-30.107;1.00;137.60;
2025-11-25 11:51:04.66;0.00:00:12:212;1.00;0.00;0.00;0.08058;0.07975;-0.0001895;0.0001673;-0.07;0.06;98.97;0.21;98.97;0.08058;0.07975;0.0008268;-10.938;-10.982;-30.826;1.00;138.56;
2025-11-25 11:51:04.72;0.00:00:12:264;1.00;0.00;0.00;0.08066;0.07969;-0.0001777;0.0001825;-0.06;0.07;98.80;0.23;98.80;0.08066;0.07969;0.0009687;-10.934;-10.986;-30.138;1.00;134.23;
2025-11-25 11:51:04.77;0.00:00:12:315;1.00;0.00;0.00;0.08067;0.07975;-0.0002149;0.0001709;-0.08;0.06;98.86;0.21;98.86;0.08067;0.07975;0.0009202;-10.933;-10.983;-30.361;1.00;141.51;
2025-11-25 11:51:04.81;0.00:00:12:358;1.00;0.00;0.00;0.08064;0.07969;-0.0001869;0.0001731;-0.07;0.06;98.82;0.21;98.82;0.08064;0.07969;0.0009479;-10.935;-10.986;-30.232;1.00;137.20;
2025-11-25 11:51:04.88;0.00:00:12:429;1.00;0.00;0.00;0.08059;0.07973;-0.0001747;0.0001892;-0.06;0.07;98.93;0.23;98.93;0.08059;0.07973;0.0008619;-10.937;-10.984;-30.645;1.00;132.73;
2025-11-25 11:51:04.94;0.00:00:12:488;1.00;0.00;0.00;0.08062;0.07975;-0.0002008;0.0001973;-0.07;0.07;98.92;0.24;98.92;0.08062;0.07975;0.0008714;-10.936;-10.983;-30.598;1.00;135.50;
2025-11-25 11:51:05.00;0.00:00:12:552;1.00;0.00;0.00;0.08066;0.0797;-0.0002166;0.0001974;-0.08;0.07;98.81;0.24;98.81;0.08066;0.0797;0.0009634;-10.933;-10.986;-30.162;1.00;137.65;
2025-11-25 11:51:05.06;0.00:00:12:603;1.00;0.00;0.00;0.0806;0.0797;-0.0001866;0.0001847;-0.07;0.07;98.88;0.23;98.88;0.0806;0.0797;0.0008992;-10.937;-10.985;-30.461;1.00;135.29;
2025-11-25 11:51:05.11;0.00:00:12:654;1.00;0.00;0.00;0.08057;0.07964;-0.0002014;0.0001795;-0.07;0.06;98.84;0.22;98.84;0.08057;0.07964;0.0009315;-10.938;-10.989;-30.308;1.00;138.29;
2025-11-25 11:51:05.16;0.00:00:12:706;1.00;0.00;0.00;0.08053;0.07965;-0.0002415;0.0001793;-0.09;0.06;98.91;0.22;98.91;0.08053;0.07965;0.0008782;-10.941;-10.988;-30.564;1.00;143.40;
2025-11-25 11:51:05.22;0.00:00:12:768;1.00;0.00;0.00;0.08052;0.07958;-0.0001642;0.0001857;-0.06;0.07;98.84;0.23;98.84;0.08052;0.07958;0.0009371;-10.941;-10.992;-30.282;1.00;131.49;
2025-11-25 11:51:05.27;0.00:00:12:819;1.00;0.00;0.00;0.08049;0.07961;-0.0001844;0.0001469;-0.07;0.05;98.90;0.18;98.90;0.08049;0.07961;0.0008832;-10.942;-10.990;-30.539;1.00;141.46;
2025-11-25 11:51:05.32;0.00:00:12:870;1.00;0.00;0.00;0.08057;0.07964;-0.000211;0.0001788;-0.08;0.06;98.85;0.22;98.85;0.08057;0.07964;0.0009303;-10.938;-10.988;-30.314;1.00;139.72;
2025-11-25 11:51:05.37;0.00:00:12:922;1.00;0.00;0.00;0.0806;0.07968;-0.0001925;0.0002229;-0.07;0.08;98.87;0.28;98.87;0.0806;0.07968;0.000914;-10.937;-10.986;-30.391;1.00;130.82;
2025-11-25 11:51:05.43;0.00:00:12:973;1.00;0.00;0.00;0.08057;0.07966;-0.0001968;0.0001869;-0.07;0.07;98.87;0.23;98.87;0.08057;0.07966;0.000911;-10.938;-10.988;-30.405;1.00;136.48;
2025-11-25 11:51:05.48;0.00:00:13:025;1.00;0.00;0.00;0.08064;0.07974;-0.0001519;0.0001826;-0.05;0.07;98.88;0.23;98.88;0.08064;0.07974;0.0009006;-10.935;-10.983;-30.455;1.00;129.76;
2025-11-25 11:51:05.53;0.00:00:13:082;1.00;0.00;0.00;0.08065;0.07973;-0.000202;0.0001797;-0.07;0.06;98.86;0.22;98.86;0.08065;0.07973;0.0009213;-10.934;-10.984;-30.356;1.00;138.34;
2025-11-25 11:51:05.60;0.00:00:13:147;1.00;0.00;0.00;0.08062;0.07971;-0.0002351;0.0001745;-0.08;0.06;98.87;0.22;98.87;0.08062;0.07971;0.0009073;-10.936;-10.985;-30.423;1.00;143.41;
2025-11-25 11:51:05.66;0.00:00:13:209;1.00;0.00;0.00;0.08058;0.07972;-0.0001837;0.000181;-0.07;0.07;98.94;0.22;98.94;0.08058;0.07972;0.0008567;-10.938;-10.984;-30.672;1.00;135.43;
2025-11-25 11:51:05.71;0.00:00:13:255;1.00;0.00;0.00;0.08057;0.0797;-0.0001784;0.0001882;-0.06;0.07;98.92;0.23;98.92;0.08057;0.0797;0.0008718;-10.938;-10.985;-30.596;1.00;133.48;
2025-11-25 11:51:05.76;0.00:00:13:311;1.00;0.00;0.00;0.08059;0.0797;-0.000177;0.0001751;-0.06;0.06;98.89;0.22;98.89;0.08059;0.0797;0.0008966;-10.937;-10.986;-30.474;1.00;135.31;
2025-11-25 11:51:05.82;0.00:00:13:367;1.00;0.00;0.00;0.08065;0.07972;-0.0001576;0.0002023;-0.06;0.07;98.84;0.25;98.84;0.08065;0.07972;0.000936;-10.934;-10.984;-30.287;1.00;127.92;
2025-11-25 11:51:05.87;0.00:00:13:422;1.00;0.00;0.00;0.08065;0.07979;-0.0001787;0.0001926;-0.06;0.07;98.93;0.24;98.93;0.08065;0.07979;0.0008611;-10.934;-10.981;-30.649;1.00;132.84;
2025-11-25 11:51:05.93;0.00:00:13:474;1.00;0.00;0.00;0.08061;0.07967;-0.0002251;0.0001677;-0.08;0.06;98.84;0.21;98.84;0.08061;0.07967;0.0009369;-10.936;-10.987;-30.283;1.00;143.31;
2025-11-25 11:51:05.97;0.00:00:13:521;1.00;0.00;0.00;0.08062;0.07966;-0.0002029;0.0001983;-0.07;0.07;98.82;0.25;98.82;0.08062;0.07966;0.0009507;-10.936;-10.987;-30.220;1.00;135.65;
2025-11-25 11:51:06.03;0.00:00:13:573;1.00;0.00;0.00;0.08068;0.07971;-0.0001905;0.0001964;-0.07;0.07;98.79;0.24;98.79;0.08068;0.07971;0.0009756;-10.932;-10.985;-30.107;1.00;134.13;
2025-11-25 11:51:06.07;0.00:00:13:618;1.00;0.00;0.00;0.08068;0.07976;-0.0001866;0.0002081;-0.07;0.07;98.86;0.26;98.86;0.08068;0.07976;0.0009192;-10.932;-10.982;-30.366;1.00;131.88;
2025-11-25 11:51:06.12;0.00:00:13:669;1.00;0.00;0.00;0.08063;0.07974;-0.0001798;0.0002085;-0.06;0.07;98.89;0.26;98.89;0.08063;0.07974;0.0008931;-10.935;-10.983;-30.491;1.00;130.77;
2025-11-25 11:51:06.17;0.00:00:13:720;1.00;0.00;0.00;0.08057;0.0797;-0.0002083;0.0001881;-0.07;0.07;98.92;0.23;98.92;0.08057;0.0797;0.0008684;-10.938;-10.985;-30.613;1.00;137.92;
2025-11-25 11:51:06.22;0.00:00:13:772;1.00;0.00;0.00;0.08058;0.07966;-0.0001881;0.0001653;-0.07;0.06;98.85;0.21;98.85;0.08058;0.07966;0.0009227;-10.938;-10.988;-30.349;1.00;138.68;
2025-11-25 11:51:06.27;0.00:00:13:819;1.00;0.00;0.00;0.0806;0.07969;-0.0002416;0.0001793;-0.09;0.06;98.86;0.22;98.86;0.0806;0.07969;0.0009178;-10.936;-10.986;-30.373;1.00;143.42;
2025-11-25 11:51:06.32;0.00:00:13:866;1.00;0.00;0.00;0.08063;0.0797;-0.000176;0.0001737;-0.06;0.06;98.85;0.22;98.85;0.08063;0.0797;0.0009286;-10.935;-10.985;-30.322;1.00;135.36;
2025-11-25 11:51:06.37;0.00:00:13:913;1.00;0.00;0.00;0.08061;0.07972;-0.000184;0.0001819;-0.07;0.07;98.90;0.23;98.90;0.08061;0.07972;0.0008832;-10.936;-10.984;-30.539;1.00;135.33;
2025-11-25 11:51:06.41;0.00:00:13:959;1.00;0.00;0.00;0.08064;0.07971;-0.0002391;0.0001802;-0.09;0.06;98.85;0.22;98.85;0.08064;0.07971;0.0009302;-10.934;-10.985;-30.314;1.00;143.00;
2025-11-25 11:51:06.46;0.00:00:14:006;1.00;0.00;0.00;0.08063;0.07972;-0.0002639;0.0001756;-0.09;0.06;98.86;0.22;98.86;0.08063;0.07972;0.0009175;-10.935;-10.985;-30.374;1.00;146.35;
2025-11-25 11:51:06.51;0.00:00:14:053;1.00;0.00;0.00;0.08057;0.07966;-0.0001611;0.0001899;-0.06;0.07;98.86;0.24;98.86;0.08057;0.07966;0.0009186;-10.938;-10.988;-30.369;1.00;130.31;
2025-11-25 11:51:06.55;0.00:00:14:101;1.00;0.00;0.00;0.08056;0.07962;-0.000191;0.0001774;-0.07;0.06;98.84;0.22;98.84;0.08056;0.07962;0.0009379;-10.939;-10.990;-30.279;1.00;137.13;
2025-11-25 11:51:06.60;0.00:00:14:148;1.00;0.00;0.00;0.08053;0.07959;-0.0002233;0.0001954;-0.08;0.07;98.84;0.24;98.84;0.08053;0.0796;0.000931;-10.941;-10.991;-30.311;1.00;138.82;
2025-11-25 11:51:06.65;0.00:00:14:195;1.00;0.00;0.00;0.08055;0.07959;-0.0001804;0.000193;-0.06;0.07;98.81;0.24;98.81;0.08055;0.07959;0.0009559;-10.939;-10.991;-30.196;1.00;133.07;
2025-11-25 11:51:06.70;0.00:00:14:244;1.00;0.00;0.00;0.08056;0.0797;-0.0001922;0.0002135;-0.07;0.08;98.94;0.27;98.94;0.08056;0.0797;0.0008554;-10.939;-10.985;-30.678;1.00;131.99;
2025-11-25 11:51:06.74;0.00:00:14:290;1.00;0.00;0.00;0.08054;0.07966;-0.000232;0.0001758;-0.08;0.06;98.91;0.22;98.91;0.08054;0.07966;0.0008781;-10.940;-10.988;-30.565;1.00;142.84;
2025-11-25 11:51:06.79;0.00:00:14:336;1.00;0.00;0.00;0.08053;0.07964;-0.0001727;0.0001967;-0.06;0.07;98.90;0.24;98.90;0.08053;0.07964;0.0008876;-10.941;-10.989;-30.518;1.00;131.28;
2025-11-25 11:51:06.84;0.00:00:14:384;1.00;0.00;0.00;0.08059;0.07969;-0.0001689;0.0001884;-0.06;0.07;98.88;0.23;98.88;0.08059;0.07969;0.0009048;-10.937;-10.986;-30.435;1.00;131.88;
2025-11-25 11:51:06.88;0.00:00:14:430;1.00;0.00;0.00;0.08061;0.07966;-0.0001523;0.0001833;-0.05;0.07;98.83;0.23;98.83;0.08061;0.07966;0.0009456;-10.936;-10.987;-30.243;1.00;129.73;
2025-11-25 11:51:06.93;0.00:00:14:477;1.00;0.00;0.00;0.0806;0.07971;-0.0002326;0.0001944;-0.08;0.07;98.90;0.24;98.90;0.0806;0.07971;0.0008879;-10.937;-10.985;-30.517;1.00;140.12;
2025-11-25 11:51:06.98;0.00:00:14:523;1.00;0.00;0.00;0.08063;0.0797;-0.0002197;0.0001996;-0.08;0.07;98.84;0.25;98.84;0.08063;0.0797;0.000935;-10.935;-10.986;-30.292;1.00;137.74;
2025-11-25 11:51:07.02;0.00:00:14:571;1.00;0.00;0.00;0.08061;0.07968;-0.0002166;0.0001644;-0.08;0.06;98.85;0.20;98.85;0.08061;0.07968;0.0009295;-10.936;-10.987;-30.317;1.00;142.80;
2025-11-25 11:51:07.07;0.00:00:14:618;1.00;0.00;0.00;0.08057;0.07966;-0.0002269;0.0001821;-0.08;0.07;98.86;0.23;98.86;0.08057;0.07966;0.000917;-10.938;-10.988;-30.376;1.00;141.25;
2025-11-25 11:51:07.12;0.00:00:14:664;1.00;0.00;0.00;0.08065;0.07975;-0.0001738;0.000186;-0.06;0.07;98.89;0.23;98.89;0.08065;0.07975;0.0008924;-10.934;-10.983;-30.495;1.00;133.07;
2025-11-25 11:51:07.16;0.00:00:14:711;1.00;0.00;0.00;0.08067;0.07974;-0.0002223;0.0001772;-0.08;0.06;98.84;0.22;98.84;0.08067;0.07974;0.0009324;-10.933;-10.983;-30.304;1.00;141.43;
2025-11-25 11:51:07.21;0.00:00:14:758;1.00;0.00;0.00;0.08068;0.07981;-0.0001979;0.0001866;-0.07;0.07;98.92;0.23;98.92;0.08068;0.07981;0.000869;-10.932;-10.980;-30.610;1.00;136.68;
2025-11-25 11:51:07.26;0.00:00:14:805;1.00;0.00;0.00;0.08074;0.07983;-0.0002091;0.0001896;-0.08;0.07;98.88;0.23;98.88;0.08074;0.07983;0.0009039;-10.929;-10.978;-30.439;1.00;137.81;
2025-11-25 11:51:07.31;0.00:00:14:853;1.00;0.00;0.00;0.08075;0.07987;-0.0002097;0.0001705;-0.08;0.06;98.91;0.21;98.90;0.08075;0.07987;0.0008842;-10.928;-10.976;-30.535;1.00;140.89;
2025-11-25 11:51:07.35;0.00:00:14:900;1.00;0.00;0.00;0.08078;0.07981;-0.0001884;0.0001855;-0.07;0.07;98.81;0.23;98.81;0.08078;0.07981;0.000964;-10.927;-10.979;-30.159;1.00;135.46;
2025-11-25 11:51:07.40;0.00:00:14:946;1.00;0.00;0.00;0.08082;0.07985;-0.0002245;0.0002013;-0.08;0.07;98.81;0.25;98.81;0.08082;0.07985;0.0009628;-10.925;-10.977;-30.165;1.00;138.11;
2025-11-25 11:51:07.45;0.00:00:14:994;1.00;0.00;0.00;0.08073;0.07981;-0.0001744;0.0001885;-0.06;0.07;98.86;0.23;98.86;0.08073;0.07981;0.0009181;-10.930;-10.979;-30.371;1.00;132.77;
2025-11-25 11:51:07.49;0.00:00:15:041;1.00;0.00;0.00;0.08072;0.0798;-0.00019;0.0001941;-0.07;0.07;98.85;0.24;98.85;0.08072;0.0798;0.0009249;-10.930;-10.980;-30.339;1.00;134.39;
2025-11-25 11:51:07.54;0.00:00:15:087;1.00;0.00;0.00;0.08071;0.07982;-0.0002252;0.0001891;-0.08;0.07;98.89;0.23;98.89;0.08071;0.07982;0.0008919;-10.931;-10.979;-30.497;1.00;139.98;
2025-11-25 11:51:07.59;0.00:00:15:134;1.00;0.00;0.00;0.08067;0.07978;-0.000199;0.0001922;-0.07;0.07;98.89;0.24;98.89;0.08067;0.07978;0.0008966;-10.933;-10.981;-30.474;1.00;136.00;
2025-11-25 11:51:07.63;0.00:00:15:180;1.00;0.00;0.00;0.08068;0.07977;-0.0001631;0.0001757;-0.06;0.06;98.88;0.22;98.88;0.08068;0.07977;0.0009074;-10.932;-10.981;-30.422;1.00;132.88;
2025-11-25 11:51:07.68;0.00:00:15:227;1.00;0.00;0.00;0.08069;0.07973;-0.0002383;0.0001678;-0.09;0.06;98.82;0.21;98.82;0.08069;0.07973;0.0009552;-10.932;-10.984;-30.199;1.00;144.84;
2025-11-25 11:51:07.73;0.00:00:15:274;1.00;0.00;0.00;0.0807;0.07979;-0.0002074;0.0001938;-0.07;0.07;98.88;0.24;98.88;0.0807;0.07979;0.000902;-10.931;-10.980;-30.448;1.00;136.93;
2025-11-25 11:51:07.77;0.00:00:15:321;1.00;0.00;0.00;0.08069;0.07979;-0.0001979;0.000186;-0.07;0.07;98.89;0.23;98.89;0.08069;0.07979;0.0008994;-10.932;-10.981;-30.460;1.00;136.78;
2025-11-25 11:51:07.82;0.00:00:15:367;1.00;0.00;0.00;0.08065;0.07973;-0.0002339;0.0001836;-0.08;0.07;98.86;0.23;98.86;0.08065;0.07973;0.0009229;-10.934;-10.984;-30.348;1.00;141.87;
2025-11-25 11:51:07.87;0.00:00:15:414;1.00;0.00;0.00;0.08062;0.07972;-0.0001961;0.0001937;-0.07;0.07;98.88;0.24;98.88;0.08062;0.07972;0.0009042;-10.935;-10.984;-30.437;1.00;135.35;
2025-11-25 11:51:07.91;0.00:00:15:461;1.00;0.00;0.00;0.08061;0.07968;-0.0002117;0.0001821;-0.08;0.07;98.85;0.23;98.85;0.08061;0.07968;0.000927;-10.936;-10.986;-30.329;1.00;139.30;
2025-11-25 11:51:07.96;0.00:00:15:509;1.00;0.00;0.00;0.08055;0.0797;-0.0002038;0.0001927;-0.07;0.07;98.94;0.24;98.94;0.08055;0.0797;0.0008501;-10.939;-10.985;-30.705;1.00;136.60;
2025-11-25 11:51:08.01;0.00:00:15:556;1.00;0.00;0.00;0.08058;0.07961;-0.0002052;0.0001905;-0.07;0.07;98.79;0.24;98.79;0.08058;0.07961;0.0009711;-10.938;-10.990;-30.127;1.00;137.13;
2025-11-25 11:51:08.06;0.00:00:15:603;1.00;0.00;0.00;0.08058;0.07969;-0.0002085;0.000179;-0.07;0.06;98.89;0.22;98.89;0.08058;0.07969;0.0008914;-10.938;-10.986;-30.499;1.00;139.35;
2025-11-25 11:51:08.10;0.00:00:15:650;1.00;0.00;0.00;0.08065;0.07974;-0.0001703;0.0001981;-0.06;0.07;98.87;0.25;98.87;0.08065;0.07974;0.00091;-10.934;-10.983;-30.410;1.00;130.67;
2025-11-25 11:51:08.15;0.00:00:15:697;1.00;0.00;0.00;0.08067;0.07978;-0.0002191;0.0001743;-0.08;0.06;98.90;0.22;98.90;0.08067;0.07978;0.0008912;-10.933;-10.981;-30.500;1.00;141.50;
2025-11-25 11:51:08.20;0.00:00:15:744;1.00;0.00;0.00;0.08064;0.07978;-0.0001816;0.000204;-0.07;0.07;98.93;0.25;98.93;0.08064;0.07978;0.0008635;-10.934;-10.981;-30.637;1.00;131.67;
2025-11-25 11:51:08.25;0.00:00:15:793;1.00;0.00;0.00;0.08066;0.07972;-0.0001906;0.0002027;-0.07;0.07;98.84;0.25;98.84;0.08066;0.07972;0.0009373;-10.934;-10.984;-30.281;1.00;133.25;
2025-11-25 11:51:08.30;0.00:00:15:844;1.00;0.00;0.00;0.08067;0.07975;-0.0002186;0.0001785;-0.08;0.06;98.85;0.22;98.85;0.08067;0.07975;0.0009281;-10.933;-10.983;-30.324;1.00;140.77;
2025-11-25 11:51:08.35;0.00:00:15:895;1.00;0.00;0.00;0.08065;0.07977;-0.0002067;0.0001922;-0.07;0.07;98.90;0.24;98.90;0.08065;0.07977;0.000884;-10.934;-10.982;-30.535;1.00;137.08;
2025-11-25 11:51:08.40;0.00:00:15:947;1.00;0.00;0.00;0.08064;0.0797;-0.0001443;0.000205;-0.05;0.07;98.84;0.25;98.84;0.08064;0.0797;0.0009383;-10.935;-10.985;-30.277;1.00;125.15;
2025-11-25 11:51:08.45;0.00:00:15:993;1.00;0.00;0.00;0.0806;0.07965;-0.0001687;0.0001897;-0.06;0.07;98.82;0.24;98.82;0.0806;0.07965;0.0009523;-10.937;-10.988;-30.212;1.00;131.64;
2025-11-25 11:51:08.49;0.00:00:16:039;1.00;0.00;0.00;0.0806;0.07971;-0.0001648;0.0001946;-0.06;0.07;98.89;0.24;98.89;0.0806;0.07971;0.0008942;-10.937;-10.985;-30.486;1.00;130.27;
2025-11-25 11:51:08.54;0.00:00:16:090;1.00;0.00;0.00;0.08067;0.07975;-0.0001806;0.000193;-0.06;0.07;98.86;0.24;98.86;0.08067;0.07975;0.0009197;-10.933;-10.983;-30.363;1.00;133.09;
2025-11-25 11:51:08.58;0.00:00:16:131;1.00;0.00;0.00;0.0807;0.07978;-0.0001752;0.0001858;-0.06;0.07;98.86;0.23;98.86;0.0807;0.07978;0.0009216;-10.931;-10.981;-30.355;1.00;133.32;
2025-11-25 11:51:08.63;0.00:00:16:182;1.00;0.00;0.00;0.08073;0.07984;-0.0001945;0.0001829;-0.07;0.07;98.90;0.23;98.90;0.08073;0.07984;0.0008875;-10.930;-10.978;-30.518;1.00;136.76;
2025-11-25 11:51:08.69;0.00:00:16:234;1.00;0.00;0.00;0.08074;0.07982;-0.0001665;0.0001964;-0.06;0.07;98.87;0.24;98.87;0.08074;0.07982;0.000911;-10.929;-10.979;-30.405;1.00;130.29;
2025-11-25 11:51:08.73;0.00:00:16:282;1.00;0.00;0.00;0.08079;0.07985;-0.0001864;0.0001871;-0.07;0.07;98.84;0.23;98.84;0.08079;0.07985;0.0009404;-10.926;-10.977;-30.267;1.00;134.89;
2025-11-25 11:51:08.80;0.00:00:16:347;1.00;0.00;0.00;0.08081;0.07987;-0.0001757;0.0001801;-0.06;0.06;98.84;0.22;98.84;0.08081;0.07987;0.0009404;-10.925;-10.976;-30.267;1.00;134.29;
2025-11-25 11:51:08.86;0.00:00:16:409;1.00;0.00;0.00;0.08087;0.07998;-0.0002312;0.0001941;-0.08;0.07;98.91;0.24;98.91;0.08087;0.07998;0.000883;-10.922;-10.970;-30.541;1.00;139.98;
2025-11-25 11:51:08.91;0.00:00:16:459;1.00;0.00;0.00;0.08074;0.07977;-0.0001888;0.0002034;-0.07;0.07;98.80;0.25;98.80;0.08074;0.07977;0.0009649;-10.929;-10.982;-30.155;1.00;132.86;
2025-11-25 11:51:08.96;0.00:00:16:510;1.00;0.00;0.00;0.08072;0.07982;-0.0002135;0.0001837;-0.08;0.07;98.88;0.23;98.88;0.08072;0.07982;0.000903;-10.930;-10.979;-30.443;1.00;139.29;
2025-11-25 11:51:09.02;0.00:00:16:564;1.00;0.00;0.00;0.08073;0.07981;-0.0001571;0.000189;-0.06;0.07;98.86;0.23;98.86;0.08073;0.07981;0.0009177;-10.930;-10.979;-30.373;1.00;129.75;
2025-11-25 11:51:09.08;0.00:00:16:623;1.00;0.00;0.00;0.08075;0.07981;-0.0001674;0.0001677;-0.06;0.06;98.83;0.21;98.83;0.08075;0.07981;0.0009409;-10.928;-10.979;-30.265;1.00;134.95;
2025-11-25 11:51:09.14;0.00:00:16:683;1.00;0.00;0.00;0.08079;0.07982;-0.0001625;0.0001994;-0.06;0.07;98.79;0.25;98.79;0.08079;0.07982;0.0009762;-10.926;-10.979;-30.104;1.00;129.17;
2025-11-25 11:51:09.20;0.00:00:16:744;1.00;0.00;0.00;0.08076;0.07985;-0.0001962;0.0001698;-0.07;0.06;98.87;0.21;98.87;0.08076;0.07985;0.000911;-10.928;-10.977;-30.405;1.00;139.12;
2025-11-25 11:51:09.25;0.00:00:16:795;1.00;0.00;0.00;0.08078;0.07988;-0.0001761;0.000188;-0.06;0.07;98.89;0.23;98.89;0.08078;0.07988;0.000899;-10.927;-10.976;-30.462;1.00;133.13;
2025-11-25 11:51:09.30;0.00:00:16:847;1.00;0.00;0.00;0.08078;0.07989;-0.0002017;0.0001584;-0.07;0.06;98.90;0.20;98.90;0.08078;0.07989;0.0008887;-10.927;-10.975;-30.512;1.00;141.85;
2025-11-25 11:51:09.35;0.00:00:16:897;1.00;0.00;0.00;0.0807;0.07975;-0.0002287;0.0001767;-0.08;0.06;98.82;0.22;98.82;0.0807;0.07975;0.0009517;-10.931;-10.983;-30.215;1.00;142.30;
2025-11-25 11:51:09.40;0.00:00:16:949;1.00;0.00;0.00;0.08058;0.07972;-0.0002342;0.0001775;-0.08;0.06;98.93;0.22;98.93;0.08058;0.07972;0.0008607;-10.938;-10.984;-30.651;1.00;142.83;
2025-11-25 11:51:09.45;0.00:00:17:000;1.00;0.00;0.00;0.0805;0.07959;-0.0001964;0.0001916;-0.07;0.07;98.87;0.24;98.87;0.0805;0.07959;0.0009105;-10.942;-10.992;-30.407;1.00;135.71;
2025-11-25 11:51:09.51;0.00:00:17:061;1.00;0.00;0.00;0.08042;0.07954;-0.0001933;0.0001817;-0.07;0.07;98.90;0.23;98.90;0.08042;0.07954;0.0008808;-10.946;-10.994;-30.551;1.00;136.77;
2025-11-25 11:51:09.56;0.00:00:17:112;1.00;0.00;0.00;0.0804;0.07951;-0.0001955;0.0001716;-0.07;0.06;98.89;0.21;98.89;0.0804;0.07951;0.0008888;-10.947;-10.996;-30.512;1.00;138.73;
2025-11-25 11:51:09.62;0.00:00:17:163;1.00;0.00;0.00;0.08045;0.07957;-0.0001834;0.0001695;-0.07;0.06;98.90;0.21;98.90;0.08045;0.07957;0.0008856;-10.945;-10.993;-30.528;1.00;137.26;
2025-11-25 11:51:09.68;0.00:00:17:225;1.00;0.00;0.00;0.08045;0.0795;-0.0002158;0.000198;-0.08;0.07;98.83;0.25;98.82;0.08045;0.0795;0.000945;-10.945;-10.996;-30.246;1.00;137.46;
2025-11-25 11:51:09.73;0.00:00:17:275;1.00;0.00;0.00;0.08043;0.07947;-0.0001737;0.0001772;-0.06;0.06;98.81;0.22;98.81;0.08043;0.07947;0.0009595;-10.946;-10.998;-30.180;1.00;134.43;
2025-11-25 11:51:09.79;0.00:00:17:336;1.00;0.00;0.00;0.08053;0.07962;-0.0002198;0.0001785;-0.08;0.06;98.87;0.22;98.87;0.08053;0.07962;0.0009088;-10.940;-10.990;-30.415;1.00;140.91;
2025-11-25 11:51:09.85;0.00:00:17:398;1.00;0.00;0.00;0.08054;0.07968;-0.0001555;0.0001933;-0.06;0.07;98.93;0.24;98.93;0.08054;0.07968;0.0008594;-10.940;-10.986;-30.658;1.00;128.80;
2025-11-25 11:51:09.90;0.00:00:17:449;1.00;0.00;0.00;0.08059;0.07964;-0.0001988;0.0001902;-0.07;0.07;98.81;0.24;98.81;0.08059;0.07964;0.0009571;-10.937;-10.989;-30.190;1.00;136.26;
2025-11-25 11:51:09.95;0.00:00:17:496;1.00;0.00;0.00;0.08056;0.07967;-0.0001661;0.000188;-0.06;0.07;98.89;0.23;98.89;0.08056;0.07967;0.0008917;-10.939;-10.987;-30.498;1.00;131.46;
2025-11-25 11:51:10.00;0.00:00:17:551;1.00;0.00;0.00;0.0806;0.07968;-0.0001959;0.0001823;-0.07;0.07;98.86;0.23;98.86;0.0806;0.07968;0.0009183;-10.937;-10.986;-30.370;1.00;137.07;
2025-11-25 11:51:10.07;0.00:00:17:613;1.00;0.00;0.00;0.08057;0.07967;-0.0002065;0.0002022;-0.07;0.07;98.88;0.25;98.88;0.08057;0.07967;0.0009034;-10.938;-10.987;-30.441;1.00;135.61;
2025-11-25 11:51:10.12;0.00:00:17:664;1.00;0.00;0.00;0.08051;0.07965;-0.0002215;0.0001876;-0.08;0.07;98.94;0.23;98.94;0.08051;0.07965;0.0008539;-10.942;-10.988;-30.686;1.00;139.74;
2025-11-25 11:51:10.17;0.00:00:17:715;1.00;0.00;0.00;0.08056;0.0797;-0.0001725;0.0001934;-0.06;0.07;98.94;0.24;98.94;0.08056;0.0797;0.0008505;-10.939;-10.985;-30.703;1.00;131.73;
2025-11-25 11:51:10.21;0.00:00:17:756;1.00;0.00;0.00;0.08062;0.07975;-0.0001983;0.0001889;-0.07;0.07;98.91;0.23;98.91;0.08062;0.07975;0.0008752;-10.935;-10.983;-30.579;1.00;136.40;
2025-11-25 11:51:10.27;0.00:00:17:814;1.00;0.00;0.00;0.08069;0.07978;-0.0002139;0.0001852;-0.08;0.07;98.87;0.23;98.87;0.08069;0.07978;0.0009111;-10.932;-10.981;-30.405;1.00;139.11;
2025-11-25 11:51:10.32;0.00:00:17:865;1.00;0.00;0.00;0.0807;0.07973;-0.0001471;0.0001801;-0.05;0.06;98.80;0.22;98.80;0.0807;0.07973;0.0009683;-10.931;-10.984;-30.140;1.00;129.24;
2025-11-25 11:51:10.37;0.00:00:17:916;1.00;0.00;0.00;0.08061;0.07972;-0.0002243;0.0002011;-0.08;0.07;98.89;0.25;98.89;0.08061;0.07972;0.0008949;-10.936;-10.984;-30.482;1.00;138.12;
2025-11-25 11:51:10.43;0.00:00:17:977;1.00;0.00;0.00;0.08057;0.07967;-0.0002011;0.0001846;-0.07;0.07;98.89;0.23;98.89;0.08057;0.07967;0.0008939;-10.938;-10.987;-30.487;1.00;137.45;
2025-11-25 11:51:10.48;0.00:00:18:030;1.00;0.00;0.00;0.08049;0.07954;-0.0002253;0.000179;-0.08;0.06;98.83;0.22;98.83;0.08049;0.07954;0.0009436;-10.943;-10.994;-30.252;1.00;141.54;
2025-11-25 11:51:10.54;0.00:00:18:091;1.00;0.00;0.00;0.08053;0.07962;-0.0001734;0.0001838;-0.06;0.07;98.87;0.23;98.87;0.08053;0.07962;0.0009115;-10.940;-10.990;-30.403;1.00;133.32;
2025-11-25 11:51:10.60;0.00:00:18:143;1.00;0.00;0.00;0.08057;0.07971;-0.0002288;0.0001787;-0.08;0.06;98.93;0.22;98.93;0.08057;0.07971;0.0008587;-10.938;-10.985;-30.662;1.00;142.01;
2025-11-25 11:51:10.65;0.00:00:18:194;1.00;0.00;0.00;0.08055;0.07968;-0.0001915;0.0001763;-0.07;0.06;98.93;0.22;98.93;0.08055;0.07969;0.0008654;-10.939;-10.986;-30.628;1.00;137.36;
2025-11-25 11:51:10.70;0.00:00:18:245;1.00;0.00;0.00;0.08057;0.07969;-0.000196;0.000181;-0.07;0.07;98.91;0.22;98.91;0.08057;0.07969;0.0008764;-10.938;-10.986;-30.573;1.00;137.28;
2025-11-25 11:51:10.75;0.00:00:18:296;1.00;0.00;0.00;0.08057;0.07961;-0.0001979;0.0002025;-0.07;0.07;98.81;0.25;98.81;0.08057;0.07961;0.0009622;-10.938;-10.990;-30.167;1.00;134.33;
2025-11-25 11:51:10.80;0.00:00:18:347;1.00;0.00;0.00;0.08059;0.07972;-0.0001764;0.0002023;-0.06;0.07;98.93;0.25;98.93;0.08059;0.07972;0.0008646;-10.937;-10.984;-30.632;1.00;131.09;
2025-11-25 11:51:10.85;0.00:00:18:397;1.00;0.00;0.00;0.08059;0.07967;-0.000217;0.0001811;-0.08;0.07;98.86;0.22;98.86;0.08059;0.07967;0.0009211;-10.937;-10.987;-30.357;1.00;140.16;
2025-11-25 11:51:10.90;0.00:00:18:449;1.00;0.00;0.00;0.08058;0.07968;-0.0001789;0.0001782;-0.06;0.06;98.89;0.22;98.89;0.08058;0.07968;0.0008957;-10.938;-10.986;-30.478;1.00;135.12;
2025-11-25 11:51:10.95;0.00:00:18:500;1.00;0.00;0.00;0.08055;0.07961;-0.000188;0.0001906;-0.07;0.07;98.83;0.24;98.83;0.08055;0.07961;0.0009421;-10.939;-10.990;-30.259;1.00;134.62;
2025-11-25 11:51:11.00;0.00:00:18:552;1.00;0.00;0.00;0.08054;0.07963;-0.0002253;0.0001775;-0.08;0.06;98.88;0.22;98.88;0.08054;0.07963;0.0009055;-10.940;-10.989;-30.431;1.00;141.78;
2025-11-25 11:51:11.06;0.00:00:18:612;1.00;0.00;0.00;0.08052;0.07958;-0.0001894;0.000183;-0.07;0.07;98.84;0.23;98.83;0.08052;0.07958;0.0009379;-10.941;-10.992;-30.278;1.00;135.99;
2025-11-25 11:51:11.12;0.00:00:18:665;1.00;0.00;0.00;0.08055;0.07959;-0.0001926;0.0001804;-0.07;0.06;98.81;0.22;98.81;0.08055;0.07959;0.000959;-10.939;-10.991;-30.182;1.00;136.87;
2025-11-25 11:51:11.17;0.00:00:18:717;1.00;0.00;0.00;0.08049;0.07954;-0.0001751;0.0001755;-0.06;0.06;98.81;0.22;98.81;0.08049;0.07954;0.0009557;-10.942;-10.994;-30.197;1.00;134.93;
2025-11-25 11:51:11.22;0.00:00:18:768;1.00;0.00;0.00;0.08049;0.07959;-0.0002037;0.000162;-0.07;0.06;98.89;0.20;98.89;0.08049;0.07959;0.0008936;-10.943;-10.991;-30.488;1.00;141.50;
2025-11-25 11:51:11.27;0.00:00:18:820;1.00;0.00;0.00;0.08052;0.07962;-0.0001698;0.0001846;-0.06;0.07;98.88;0.23;98.88;0.08052;0.07962;0.0009022;-10.941;-10.990;-30.447;1.00;132.60;
2025-11-25 11:51:11.32;0.00:00:18:871;1.00;0.00;0.00;0.0806;0.07969;-0.0001854;0.000207;-0.07;0.07;98.88;0.26;98.88;0.0806;0.07969;0.0009056;-10.937;-10.986;-30.431;1.00;131.86;
2025-11-25 11:51:11.37;0.00:00:18:922;1.00;0.00;0.00;0.08058;0.0797;-0.0002267;0.000193;-0.08;0.07;98.91;0.24;98.91;0.08058;0.0797;0.0008811;-10.938;-10.985;-30.550;1.00;139.59;
2025-11-25 11:51:11.43;0.00:00:18:973;1.00;0.00;0.00;0.08058;0.07969;-0.0001726;0.0001837;-0.06;0.07;98.90;0.23;98.90;0.08058;0.07969;0.0008894;-10.938;-10.986;-30.509;1.00;133.21;
2025-11-25 11:51:11.47;0.00:00:19:014;1.00;0.00;0.00;0.08052;0.07964;-0.0002114;0.000174;-0.08;0.06;98.91;0.22;98.91;0.08052;0.07964;0.0008791;-10.941;-10.989;-30.559;1.00;140.54;
2025-11-25 11:51:11.53;0.00:00:19:075;1.00;0.00;0.00;0.08048;0.07961;-0.0002018;0.000184;-0.07;0.07;98.92;0.23;98.92;0.08048;0.07961;0.000873;-10.943;-10.990;-30.590;1.00;137.64;
2025-11-25 11:51:11.58;0.00:00:19:127;1.00;0.00;0.00;0.0805;0.07959;-0.0002186;0.000176;-0.08;0.06;98.87;0.22;98.87;0.0805;0.07959;0.0009067;-10.942;-10.991;-30.425;1.00;141.17;
2025-11-25 11:51:11.63;0.00:00:19:179;1.00;0.00;0.00;0.08055;0.07966;-0.0001669;0.0002002;-0.06;0.07;98.89;0.25;98.89;0.08055;0.07966;0.0008948;-10.939;-10.988;-30.483;1.00;129.81;
2025-11-25 11:51:11.68;0.00:00:19:229;1.00;0.00;0.00;0.08058;0.07967;-0.0002369;0.0001859;-0.09;0.07;98.88;0.23;98.88;0.08058;0.07967;0.0009022;-10.938;-10.987;-30.447;1.00;141.88;
2025-11-25 11:51:11.74;0.00:00:19:283;1.00;0.00;0.00;0.08061;0.07968;-0.0001939;0.0002007;-0.07;0.07;98.85;0.25;98.85;0.08061;0.07968;0.000926;-10.936;-10.986;-30.334;1.00;134.02;
2025-11-25 11:51:11.79;0.00:00:19:342;1.00;0.00;0.00;0.08058;0.07965;-0.0002116;0.0001982;-0.08;0.07;98.85;0.25;98.85;0.08058;0.07965;0.0009254;-10.938;-10.988;-30.336;1.00;136.88;
2025-11-25 11:51:11.85;0.00:00:19:393;1.00;0.00;0.00;0.08055;0.07967;-0.0001898;0.0001962;-0.07;0.07;98.91;0.24;98.91;0.08055;0.07967;0.0008804;-10.940;-10.987;-30.553;1.00;134.04;
2025-11-25 11:51:11.90;0.00:00:19:444;1.00;0.00;0.00;0.08056;0.07963;-0.0001851;0.0001975;-0.07;0.07;98.85;0.25;98.85;0.08056;0.07963;0.0009301;-10.939;-10.989;-30.315;1.00;133.14;
2025-11-25 11:51:11.95;0.00:00:19:496;1.00;0.00;0.00;0.08053;0.07962;-0.0002022;0.0001637;-0.07;0.06;98.87;0.20;98.87;0.08053;0.07962;0.0009097;-10.941;-10.990;-30.411;1.00;141.01;
2025-11-25 11:51:12.00;0.00:00:19:547;1.00;0.00;0.00;0.08054;0.07957;-0.0001873;0.0001749;-0.07;0.06;98.79;0.22;98.79;0.08054;0.07957;0.000975;-10.940;-10.993;-30.110;1.00;136.95;
2025-11-25 11:51:12.05;0.00:00:19:598;1.00;0.00;0.00;0.08053;0.07962;-0.0002231;0.0001759;-0.08;0.06;98.87;0.22;98.87;0.08053;0.07962;0.0009081;-10.941;-10.990;-30.419;1.00;141.76;
2025-11-25 11:51:12.10;0.00:00:19:649;1.00;0.00;0.00;0.08066;0.07968;-0.0002044;0.0001855;-0.07;0.07;98.78;0.23;98.78;0.08066;0.07968;0.0009806;-10.933;-10.987;-30.085;1.00;137.76;
2025-11-25 11:51:12.15;0.00:00:19:700;1.00;0.00;0.00;0.08064;0.07975;-0.000198;0.0001739;-0.07;0.06;98.89;0.22;98.89;0.08064;0.07975;0.0008916;-10.934;-10.983;-30.498;1.00;138.70;
2025-11-25 11:51:12.20;0.00:00:19:751;1.00;0.00;0.00;0.08057;0.07967;-0.0002263;0.0001998;-0.08;0.07;98.87;0.25;98.87;0.08057;0.07967;0.0009075;-10.938;-10.987;-30.421;1.00;138.56;
2025-11-25 11:51:12.26;0.00:00:19:807;1.00;0.00;0.00;0.08056;0.07971;-0.0001802;0.0001702;-0.06;0.06;98.94;0.21;98.94;0.08056;0.07971;0.0008529;-10.939;-10.985;-30.691;1.00;136.63;
2025-11-25 11:51:12.31;0.00:00:19:854;1.00;0.00;0.00;0.08061;0.07975;-0.0001648;0.0001887;-0.06;0.07;98.93;0.23;98.93;0.08061;0.07975;0.0008646;-10.936;-10.983;-30.632;1.00;131.13;
2025-11-25 11:51:12.35;0.00:00:19:902;1.00;0.00;0.00;0.08061;0.07976;-0.000145;0.0001806;-0.05;0.06;98.94;0.22;98.94;0.08061;0.07976;0.0008526;-10.936;-10.982;-30.692;1.00;128.76;
2025-11-25 11:51:12.40;0.00:00:19:948;1.00;0.00;0.00;0.08061;0.07969;-0.0001978;0.0001762;-0.07;0.06;98.87;0.22;98.86;0.08061;0.07969;0.0009149;-10.936;-10.986;-30.386;1.00;138.31;
2025-11-25 11:51:12.45;0.00:00:19:994;1.00;0.00;0.00;0.08063;0.07973;-0.0001853;0.0001927;-0.07;0.07;98.89;0.24;98.89;0.08063;0.07973;0.0008969;-10.935;-10.984;-30.473;1.00;133.87;
2025-11-25 11:51:12.49;0.00:00:20:041;1.00;0.00;0.00;0.08052;0.07969;-0.0001964;0.0001944;-0.07;0.07;98.96;0.24;98.96;0.08052;0.07969;0.0008358;-10.941;-10.986;-30.779;1.00;135.29;
2025-11-25 11:51:12.54;0.00:00:20:087;1.00;0.00;0.00;0.08059;0.07963;-0.0002265;0.0001788;-0.08;0.06;98.81;0.22;98.81;0.08059;0.07963;0.0009559;-10.937;-10.989;-30.196;1.00;141.71;
2025-11-25 11:51:12.59;0.00:00:20:134;1.00;0.00;0.00;0.08059;0.07969;-0.0002125;0.0001913;-0.08;0.07;98.88;0.24;98.88;0.08059;0.07969;0.000905;-10.937;-10.986;-30.433;1.00;138.02;
2025-11-25 11:51:12.63;0.00:00:20:182;1.00;0.00;0.00;0.08056;0.07967;-0.0002656;0.0001792;-0.10;0.06;98.90;0.22;98.90;0.08056;0.07967;0.0008881;-10.939;-10.987;-30.515;1.00;146.00;
2025-11-25 11:51:12.70;0.00:00:20:244;1.00;0.00;0.00;0.08051;0.07955;-0.0001556;0.0001799;-0.06;0.06;98.82;0.22;98.82;0.08051;0.07956;0.00095;-10.942;-10.993;-30.223;1.00;130.85;
2025-11-25 11:51:12.74;0.00:00:20:291;1.00;0.00;0.00;0.08067;0.07973;-0.0001764;0.0001911;-0.06;0.07;98.83;0.24;98.83;0.08067;0.07973;0.0009438;-10.933;-10.984;-30.251;1.00;132.72;
2025-11-25 11:51:12.79;0.00:00:20:337;1.00;0.00;0.00;0.08068;0.07971;-0.0001838;0.0001843;-0.07;0.07;98.79;0.23;98.79;0.08068;0.07971;0.0009724;-10.932;-10.985;-30.122;1.00;134.91;
2025-11-25 11:51:12.84;0.00:00:20:385;1.00;0.00;0.00;0.08062;0.07977;-0.0001478;0.0001801;-0.05;0.06;98.94;0.22;98.94;0.08062;0.07977;0.0008568;-10.935;-10.982;-30.671;1.00;129.38;
2025-11-25 11:51:12.88;0.00:00:20:432;1.00;0.00;0.00;0.08061;0.07963;-0.0001942;0.0001866;-0.07;0.07;98.79;0.23;98.79;0.08061;0.07963;0.0009729;-10.936;-10.989;-30.119;1.00;136.14;
2025-11-25 11:51:12.93;0.00:00:20:481;1.00;0.00;0.00;0.0806;0.07974;-0.0002064;0.0001846;-0.07;0.07;98.93;0.23;98.93;0.0806;0.07974;0.00086;-10.937;-10.983;-30.655;1.00;138.18;
2025-11-25 11:51:12.99;0.00:00:20:540;1.00;0.00;0.00;0.08065;0.07973;-0.0001831;0.00021;-0.07;0.08;98.86;0.26;98.86;0.08065;0.07973;0.0009222;-10.934;-10.984;-30.352;1.00;131.08;
2025-11-25 11:51:13.04;0.00:00:20:586;1.00;0.00;0.00;0.08072;0.07977;-0.0001947;0.0001865;-0.07;0.07;98.83;0.23;98.83;0.08072;0.07978;0.000944;-10.930;-10.981;-30.250;1.00;136.23;
2025-11-25 11:51:13.09;0.00:00:20:633;1.00;0.00;0.00;0.08073;0.0798;-0.0002195;0.0001906;-0.08;0.07;98.85;0.24;98.85;0.08073;0.0798;0.00093;-10.930;-10.980;-30.315;1.00;139.03;
2025-11-25 11:51:13.13;0.00:00:20:679;1.00;0.00;0.00;0.08073;0.07982;-0.0001843;0.0001779;-0.07;0.06;98.88;0.22;98.88;0.08073;0.07982;0.0009034;-10.930;-10.979;-30.441;1.00;136.02;
2025-11-25 11:51:13.18;0.00:00:20:726;1.00;0.00;0.00;0.08063;0.07976;-0.0001999;0.0001822;-0.07;0.07;98.93;0.23;98.93;0.08063;0.07976;0.0008658;-10.935;-10.982;-30.626;1.00;137.65;
2025-11-25 11:51:13.23;0.00:00:20:775;1.00;0.00;0.00;0.08052;0.07964;-0.0001748;0.0001831;-0.06;0.07;98.90;0.23;98.90;0.08052;0.07964;0.0008835;-10.941;-10.989;-30.538;1.00;133.68;
2025-11-25 11:51:13.27;0.00:00:20:822;1.00;0.00;0.00;0.08047;0.07957;-0.0002228;0.000196;-0.08;0.07;98.88;0.24;98.88;0.08047;0.07957;0.0008997;-10.944;-10.993;-30.459;1.00;138.66;
2025-11-25 11:51:13.32;0.00:00:20:870;1.00;0.00;0.00;0.08055;0.0796;-0.0001869;0.0001964;-0.07;0.07;98.82;0.24;98.82;0.08055;0.0796;0.0009487;-10.939;-10.991;-30.229;1.00;133.59;
2025-11-25 11:51:13.37;0.00:00:20:919;1.00;0.00;0.00;0.08058;0.07966;-0.0001737;0.0001891;-0.06;0.07;98.86;0.23;98.86;0.08058;0.07966;0.00092;-10.938;-10.987;-30.362;1.00;132.56;
2025-11-25 11:51:13.42;0.00:00:20:965;1.00;0.00;0.00;0.0807;0.07973;-0.0001535;0.0001747;-0.06;0.06;98.80;0.22;98.80;0.0807;0.07973;0.0009678;-10.931;-10.984;-30.142;1.00;131.30;
2025-11-25 11:51:13.46;0.00:00:21:012;1.00;0.00;0.00;0.08079;0.07986;-0.0001713;0.0002015;-0.06;0.07;98.85;0.25;98.85;0.08079;0.07986;0.0009268;-10.926;-10.976;-30.330;1.00;130.37;
2025-11-25 11:51:13.51;0.00:00:21:061;1.00;0.00;0.00;0.08077;0.07985;-0.0001978;0.0001731;-0.07;0.06;98.86;0.21;98.86;0.08077;0.07985;0.0009203;-10.928;-10.977;-30.361;1.00;138.81;
2025-11-25 11:51:13.57;0.00:00:21:121;1.00;0.00;0.00;0.08074;0.07983;-0.0001647;0.0001893;-0.06;0.07;98.88;0.23;98.88;0.08074;0.07983;0.0009081;-10.929;-10.978;-30.419;1.00;131.03;
2025-11-25 11:51:13.62;0.00:00:21:168;1.00;0.00;0.00;0.08078;0.07995;-0.000148;0.0001869;-0.05;0.07;98.97;0.23;98.97;0.08078;0.07995;0.0008324;-10.927;-10.972;-30.797;1.00;128.37;
2025-11-25 11:51:13.67;0.00:00:21:215;1.00;0.00;0.00;0.08074;0.07977;-0.0002133;0.0001885;-0.08;0.07;98.80;0.23;98.80;0.08074;0.07977;0.0009714;-10.929;-10.982;-30.126;1.00;138.53;
2025-11-25 11:51:13.71;0.00:00:21:261;1.00;0.00;0.00;0.08068;0.07976;-0.0001985;0.000198;-0.07;0.07;98.86;0.25;98.86;0.08068;0.07976;0.0009208;-10.932;-10.982;-30.358;1.00;135.07;
2025-11-25 11:51:13.76;0.00:00:21:308;1.00;0.00;0.00;0.08062;0.07972;-0.0002026;0.0001862;-0.07;0.07;98.89;0.23;98.89;0.08062;0.07972;0.0008933;-10.936;-10.984;-30.490;1.00;137.42;
2025-11-25 11:51:13.81;0.00:00:21:355;1.00;0.00;0.00;0.08062;0.07966;-0.0001922;0.0001821;-0.07;0.07;98.81;0.23;98.81;0.08062;0.07966;0.0009614;-10.936;-10.988;-30.171;1.00;136.54;
2025-11-25 11:51:13.85;0.00:00:21:402;1.00;0.00;0.00;0.0806;0.07971;-0.0002283;0.0002015;-0.08;0.07;98.90;0.25;98.90;0.0806;0.07971;0.0008855;-10.937;-10.985;-30.528;1.00;138.58;
2025-11-25 11:51:13.90;0.00:00:21:448;1.00;0.00;0.00;0.08057;0.07963;-0.0001625;0.0001959;-0.06;0.07;98.84;0.24;98.84;0.08057;0.07963;0.0009359;-10.938;-10.989;-30.288;1.00;129.68;
2025-11-25 11:51:13.95;0.00:00:21:497;1.00;0.00;0.00;0.08059;0.07966;-0.0001783;0.0001866;-0.06;0.07;98.84;0.23;98.84;0.08059;0.07966;0.0009335;-10.937;-10.988;-30.299;1.00;133.69;
2025-11-25 11:51:14.01;0.00:00:21:558;1.00;0.00;0.00;0.08063;0.07969;-0.0001615;0.0001904;-0.06;0.07;98.83;0.24;98.83;0.08063;0.07969;0.0009456;-10.935;-10.986;-30.243;1.00;130.30;
2025-11-25 11:51:14.06;0.00:00:21:605;1.00;0.00;0.00;0.08067;0.07974;-0.0001737;0.0001924;-0.06;0.07;98.85;0.24;98.85;0.08067;0.07974;0.0009297;-10.933;-10.983;-30.316;1.00;132.07;
2025-11-25 11:51:14.10;0.00:00:21:652;1.00;0.00;0.00;0.08063;0.07967;-0.0002114;0.0001901;-0.08;0.07;98.81;0.24;98.81;0.08063;0.07967;0.0009621;-10.935;-10.987;-30.168;1.00;138.04;
2025-11-25 11:51:14.15;0.00:00:21:699;1.00;0.00;0.00;0.08063;0.07975;-0.0002161;0.0001757;-0.08;0.06;98.92;0.22;98.92;0.08063;0.07975;0.0008719;-10.935;-10.982;-30.595;1.00;140.89;
2025-11-25 11:51:14.20;0.00:00:21:745;1.00;0.00;0.00;0.08067;0.0797;-0.0001929;0.0001902;-0.07;0.07;98.80;0.24;98.80;0.08067;0.0797;0.0009642;-10.933;-10.985;-30.158;1.00;135.40;
2025-11-25 11:51:14.25;0.00:00:21:793;1.00;0.00;0.00;0.08064;0.07972;-0.0001969;0.0002037;-0.07;0.07;98.87;0.25;98.87;0.08064;0.07972;0.0009142;-10.935;-10.984;-30.389;1.00;134.03;
2025-11-25 11:51:14.30;0.00:00:21:845;1.00;0.00;0.00;0.08066;0.0797;-0.0001836;0.0001781;-0.07;0.06;98.81;0.22;98.81;0.08066;0.0797;0.0009605;-10.934;-10.986;-30.175;1.00;135.86;
2025-11-25 11:51:14.35;0.00:00:21:897;1.00;0.00;0.00;0.08064;0.07971;-0.0001937;0.0002118;-0.07;0.08;98.85;0.26;98.85;0.08064;0.07971;0.0009264;-10.935;-10.985;-30.332;1.00;132.45;
2025-11-25 11:51:14.40;0.00:00:21:948;1.00;0.00;0.00;0.08062;0.0797;-0.0001934;0.0001641;-0.07;0.06;98.86;0.20;98.86;0.08062;0.0797;0.0009219;-10.936;-10.985;-30.353;1.00;139.69;
2025-11-25 11:51:14.45;0.00:00:21:999;1.00;0.00;0.00;0.0806;0.07969;-0.0001804;0.0001989;-0.06;0.07;98.86;0.25;98.86;0.0806;0.07969;0.0009161;-10.937;-10.986;-30.380;1.00;132.21;
2025-11-25 11:51:14.50;0.00:00:22:049;1.00;0.00;0.00;0.08062;0.07971;-0.000181;0.0001819;-0.07;0.07;98.88;0.23;98.88;0.08062;0.07971;0.0009032;-10.936;-10.985;-30.442;1.00;134.86;
2025-11-25 11:51:14.55;0.00:00:22:100;1.00;0.00;0.00;0.08058;0.07967;-0.0002234;0.0001908;-0.08;0.07;98.86;0.24;98.86;0.08058;0.07967;0.0009148;-10.938;-10.987;-30.387;1.00;139.50;
2025-11-25 11:51:14.60;0.00:00:22:151;1.00;0.00;0.00;0.08055;0.0797;-0.0002016;0.0001898;-0.07;0.07;98.94;0.24;98.94;0.08055;0.0797;0.000853;-10.939;-10.985;-30.691;1.00;136.72;
2025-11-25 11:51:14.66;0.00:00:22:211;1.00;0.00;0.00;0.08054;0.07959;-0.000196;0.0001965;-0.07;0.07;98.83;0.24;98.83;0.08054;0.07959;0.000946;-10.940;-10.991;-30.241;1.00;134.93;
2025-11-25 11:51:14.72;0.00:00:22:263;1.00;0.00;0.00;0.08051;0.07967;-0.0002174;0.0001937;-0.08;0.07;98.95;0.24;98.95;0.08051;0.07967;0.0008437;-10.941;-10.987;-30.738;1.00;138.31;
2025-11-25 11:51:14.77;0.00:00:22:315;1.00;0.00;0.00;0.08047;0.0796;-0.0002072;0.000215;-0.07;0.08;98.93;0.27;98.93;0.08047;0.0796;0.0008646;-10.944;-10.991;-30.632;1.00;133.93;
2025-11-25 11:51:14.82;0.00:00:22:365;1.00;0.00;0.00;0.08051;0.0796;-0.0001971;0.0001786;-0.07;0.06;98.87;0.22;98.87;0.08051;0.0796;0.0009065;-10.942;-10.991;-30.426;1.00;137.82;
2025-11-25 11:51:14.88;0.00:00:22:427;1.00;0.00;0.00;0.08049;0.07963;-0.0002057;0.0001923;-0.07;0.07;98.93;0.24;98.93;0.08049;0.07963;0.0008647;-10.943;-10.989;-30.631;1.00;136.93;
2025-11-25 11:51:14.94;0.00:00:22:483;1.00;0.00;0.00;0.08047;0.07956;-0.0002112;0.0001801;-0.08;0.06;98.87;0.22;98.87;0.08047;0.07956;0.0009081;-10.944;-10.993;-30.419;1.00;139.55;
2025-11-25 11:51:14.99;0.00:00:22:540;1.00;0.00;0.00;0.08055;0.07961;-0.0001914;0.0001717;-0.07;0.06;98.83;0.21;98.83;0.08055;0.07961;0.0009396;-10.939;-10.990;-30.271;1.00;138.10;
2025-11-25 11:51:15.04;0.00:00:22:591;1.00;0.00;0.00;0.08058;0.07962;-0.000193;0.0001908;-0.07;0.07;98.81;0.24;98.81;0.08058;0.07962;0.00096;-10.938;-10.990;-30.177;1.00;135.33;
2025-11-25 11:51:15.09;0.00:00:22:642;1.00;0.00;0.00;0.08048;0.0796;-0.0002019;0.0001932;-0.07;0.07;98.90;0.24;98.90;0.08048;0.0796;0.0008819;-10.943;-10.991;-30.546;1.00;136.27;
2025-11-25 11:51:15.15;0.00:00:22:693;1.00;0.00;0.00;0.08048;0.07963;-0.0001821;0.0001857;-0.07;0.07;98.95;0.23;98.95;0.08048;0.07963;0.0008466;-10.943;-10.989;-30.723;1.00;134.44;
2025-11-25 11:51:15.20;0.00:00:22:745;1.00;0.00;0.00;0.08051;0.07957;-0.0002078;0.0001837;-0.07;0.07;98.83;0.23;98.83;0.08051;0.07957;0.0009448;-10.941;-10.993;-30.247;1.00;138.53;
2025-11-25 11:51:15.25;0.00:00:22:796;1.00;0.00;0.00;0.08054;0.07956;-0.0001843;0.0001826;-0.07;0.07;98.79;0.23;98.79;0.08054;0.07957;0.0009707;-10.940;-10.993;-30.129;1.00;135.25;
2025-11-25 11:51:15.30;0.00:00:22:848;1.00;0.00;0.00;0.08055;0.07967;-0.000183;0.0001709;-0.07;0.06;98.91;0.21;98.91;0.08055;0.07967;0.0008766;-10.939;-10.987;-30.572;1.00;136.95;
2025-11-25 11:51:15.36;0.00:00:22:905;1.00;0.00;0.00;0.08061;0.07968;-0.0001946;0.000189;-0.07;0.07;98.85;0.23;98.85;0.08061;0.07968;0.0009308;-10.936;-10.987;-30.311;1.00;135.84;
2025-11-25 11:51:15.41;0.00:00:22:960;1.00;0.00;0.00;0.08063;0.07972;-0.0001955;0.0002012;-0.07;0.07;98.87;0.25;98.87;0.08063;0.07972;0.0009077;-10.935;-10.984;-30.420;1.00;134.18;
2025-11-25 11:51:15.46;0.00:00:23:011;1.00;0.00;0.00;0.0807;0.07973;-0.0001622;0.0001877;-0.06;0.07;98.79;0.23;98.79;0.0807;0.07973;0.0009731;-10.931;-10.984;-30.118;1.00;130.84;
2025-11-25 11:51:15.51;0.00:00:23:061;1.00;0.00;0.00;0.08073;0.07974;-0.0001845;0.0001695;-0.07;0.06;98.78;0.21;98.78;0.08073;0.07975;0.0009833;-10.930;-10.983;-30.073;1.00;137.43;
2025-11-25 11:51:15.56;0.00:00:23:112;1.00;0.00;0.00;0.08071;0.0798;-0.0002392;0.0002036;-0.09;0.07;98.87;0.25;98.87;0.08071;0.0798;0.0009147;-10.931;-10.980;-30.387;1.00;139.59;
2025-11-25 11:51:15.62;0.00:00:23:163;1.00;0.00;0.00;0.0807;0.07975;-0.0001823;0.0001914;-0.07;0.07;98.83;0.24;98.83;0.0807;0.07975;0.0009471;-10.931;-10.983;-30.236;1.00;133.61;
2025-11-25 11:51:15.67;0.00:00:23:213;1.00;0.00;0.00;0.08059;0.07972;-0.0002213;0.0001801;-0.08;0.06;98.92;0.22;98.92;0.08059;0.07972;0.0008693;-10.937;-10.985;-30.608;1.00;140.86;
2025-11-25 11:51:15.72;0.00:00:23:264;1.00;0.00;0.00;0.08059;0.07968;-0.0002394;0.0001767;-0.09;0.06;98.87;0.22;98.87;0.08059;0.07968;0.0009121;-10.937;-10.987;-30.400;1.00;143.57;
2025-11-25 11:51:15.77;0.00:00:23:314;1.00;0.00;0.00;0.0806;0.07967;-0.0002039;0.0001624;-0.07;0.06;98.84;0.20;98.84;0.0806;0.07967;0.0009318;-10.937;-10.987;-30.307;1.00;141.46;
2025-11-25 11:51:15.82;0.00:00:23:365;1.00;0.00;0.00;0.08057;0.07972;-0.000182;0.0001895;-0.07;0.07;98.95;0.24;98.95;0.08057;0.07972;0.0008474;-10.938;-10.984;-30.719;1.00;133.84;
2025-11-25 11:51:15.89;0.00:00:23:437;1.00;0.00;0.00;0.08058;0.07964;-0.000192;0.0002033;-0.07;0.07;98.84;0.25;98.84;0.08058;0.07964;0.0009371;-10.938;-10.989;-30.282;1.00;133.35;
2025-11-25 11:51:15.95;0.00:00:23:494;1.00;0.00;0.00;0.08057;0.07968;-0.0001892;0.000169;-0.07;0.06;98.90;0.21;98.90;0.08057;0.07968;0.0008889;-10.938;-10.986;-30.511;1.00;138.23;
2025-11-25 11:51:16.00;0.00:00:23:549;1.00;0.00;0.00;0.08057;0.07966;-0.000183;0.0001942;-0.07;0.07;98.87;0.24;98.86;0.08057;0.07966;0.0009144;-10.938;-10.988;-30.389;1.00;133.30;
2025-11-25 11:51:16.05;0.00:00:23:596;1.00;0.00;0.00;0.08056;0.07964;-0.0002071;0.0001899;-0.07;0.07;98.86;0.24;98.86;0.08056;0.07964;0.0009171;-10.939;-10.989;-30.376;1.00;137.49;
2025-11-25 11:51:16.10;0.00:00:23:651;1.00;0.00;0.00;0.08052;0.07965;-0.0002035;0.0001881;-0.07;0.07;98.92;0.23;98.92;0.08052;0.07965;0.0008729;-10.941;-10.988;-30.590;1.00;137.26;
2025-11-25 11:51:16.15;0.00:00:23:702;1.00;0.00;0.00;0.08059;0.07967;-0.0001967;0.0001775;-0.07;0.06;98.86;0.22;98.86;0.08059;0.07967;0.0009188;-10.937;-10.987;-30.368;1.00;137.95;
2025-11-25 11:51:16.21;0.00:00:23:753;1.00;0.00;0.00;0.08057;0.07966;-0.0002053;0.0001732;-0.07;0.06;98.88;0.22;98.88;0.08057;0.07966;0.000906;-10.938;-10.987;-30.429;1.00;139.85;
2025-11-25 11:51:16.25;0.00:00:23:799;1.00;0.00;0.00;0.08054;0.07964;-0.0001714;0.0001821;-0.06;0.07;98.87;0.23;98.87;0.08054;0.07964;0.0009088;-10.940;-10.989;-30.415;1.00;133.26;
2025-11-25 11:51:16.30;0.00:00:23:846;1.00;0.00;0.00;0.08059;0.07967;-0.000189;0.0001923;-0.07;0.07;98.86;0.24;98.86;0.08059;0.07967;0.0009148;-10.937;-10.987;-30.387;1.00;134.50;
2025-11-25 11:51:16.35;0.00:00:23:893;1.00;0.00;0.00;0.08063;0.0797;-0.0001964;0.0001759;-0.07;0.06;98.85;0.22;98.85;0.08063;0.0797;0.0009248;-10.935;-10.985;-30.340;1.00;138.16;
2025-11-25 11:51:16.39;0.00:00:23:939;1.00;0.00;0.00;0.08063;0.0797;-0.0001963;0.0002044;-0.07;0.07;98.85;0.25;98.85;0.08063;0.0797;0.0009266;-10.935;-10.985;-30.331;1.00;133.84;
2025-11-25 11:51:16.44;0.00:00:23:985;1.00;0.00;0.00;0.08067;0.07972;-0.0002002;0.0001675;-0.07;0.06;98.82;0.21;98.82;0.08067;0.07972;0.0009543;-10.933;-10.985;-30.203;1.00;140.08;
2025-11-25 11:51:16.48;0.00:00:24:033;1.00;0.00;0.00;0.08059;0.0797;-0.0001632;0.0002046;-0.06;0.07;98.90;0.25;98.90;0.08059;0.0797;0.0008893;-10.937;-10.986;-30.509;1.00;128.58;
2025-11-25 11:51:16.53;0.00:00:24:079;1.00;0.00;0.00;0.08057;0.07968;-0.0002188;0.000161;-0.08;0.06;98.90;0.20;98.90;0.08057;0.07968;0.0008871;-10.938;-10.986;-30.520;1.00;143.66;
2025-11-25 11:51:16.58;0.00:00:24:125;1.00;0.00;0.00;0.08051;0.0796;-0.0001928;0.0001743;-0.07;0.06;98.87;0.22;98.87;0.08051;0.0796;0.0009081;-10.942;-10.991;-30.419;1.00;137.89;
2025-11-25 11:51:16.63;0.00:00:24:173;1.00;0.00;0.00;0.08053;0.07958;-0.000169;0.0001846;-0.06;0.07;98.82;0.23;98.82;0.08053;0.07958;0.0009523;-10.941;-10.992;-30.212;1.00;132.48;
2025-11-25 11:51:16.67;0.00:00:24:220;1.00;0.00;0.00;0.08058;0.07961;-0.0002144;0.0001965;-0.08;0.07;98.80;0.24;98.80;0.08058;0.07961;0.0009686;-10.938;-10.990;-30.139;1.00;137.50;
2025-11-25 11:51:16.72;0.00:00:24:266;1.00;0.00;0.00;0.08057;0.07961;-0.0001812;0.0002028;-0.07;0.07;98.81;0.25;98.81;0.08057;0.07961;0.0009553;-10.938;-10.990;-30.198;1.00;131.77;
2025-11-25 11:51:16.77;0.00:00:24:317;1.00;0.00;0.00;0.08059;0.07968;-0.0001651;0.0001775;-0.06;0.06;98.87;0.22;98.87;0.08059;0.07968;0.0009078;-10.937;-10.986;-30.420;1.00;132.91;
2025-11-25 11:51:16.83;0.00:00:24:376;1.00;0.00;0.00;0.08064;0.07973;-0.0002035;0.0001963;-0.07;0.07;98.87;0.24;98.87;0.08064;0.07973;0.0009083;-10.934;-10.984;-30.418;1.00;136.03;
2025-11-25 11:51:16.88;0.00:00:24:423;1.00;0.00;0.00;0.08064;0.07971;-0.0002128;0.0001942;-0.08;0.07;98.84;0.24;98.84;0.08064;0.07971;0.0009315;-10.934;-10.985;-30.308;1.00;137.62;
2025-11-25 11:51:16.92;0.00:00:24:469;1.00;0.00;0.00;0.08063;0.07967;-0.0001969;0.000184;-0.07;0.07;98.81;0.23;98.81;0.08063;0.07967;0.0009608;-10.935;-10.987;-30.174;1.00;136.94;
2025-11-25 11:51:16.97;0.00:00:24:516;1.00;0.00;0.00;0.08057;0.07967;-0.0001599;0.0001708;-0.06;0.06;98.88;0.21;98.88;0.08057;0.07967;0.0009005;-10.938;-10.987;-30.455;1.00;133.10;
2025-11-25 11:51:17.02;0.00:00:24:568;1.00;0.00;0.00;0.08059;0.07971;-0.0002002;0.0001814;-0.07;0.07;98.90;0.23;98.90;0.08059;0.07971;0.0008841;-10.937;-10.985;-30.535;1.00;137.82;
2025-11-25 11:51:17.08;0.00:00:24:625;1.00;0.00;0.00;0.0806;0.07965;-0.0001784;0.000172;-0.06;0.06;98.83;0.21;98.83;0.0806;0.07965;0.0009427;-10.937;-10.988;-30.256;1.00;136.05;
2025-11-25 11:51:17.13;0.00:00:24:673;1.00;0.00;0.00;0.08059;0.07972;-0.0001611;0.0001654;-0.06;0.06;98.92;0.21;98.92;0.08059;0.07972;0.0008698;-10.937;-10.984;-30.606;1.00;134.25;
2025-11-25 11:51:17.17;0.00:00:24:720;1.00;0.00;0.00;0.08059;0.07964;-0.0001913;0.0001919;-0.07;0.07;98.81;0.24;98.81;0.08059;0.07964;0.0009566;-10.937;-10.989;-30.193;1.00;134.90;
2025-11-25 11:51:17.22;0.00:00:24:767;1.00;0.00;0.00;0.08064;0.07974;-0.0001741;0.0001685;-0.06;0.06;98.89;0.21;98.89;0.08064;0.07974;0.0008926;-10.935;-10.983;-30.493;1.00;135.94;
2025-11-25 11:51:17.27;0.00:00:24:814;1.00;0.00;0.00;0.08075;0.07983;-0.0001626;0.0001948;-0.06;0.07;98.87;0.24;98.87;0.08075;0.07983;0.0009144;-10.929;-10.978;-30.389;1.00;129.86;
2025-11-25 11:51:17.31;0.00:00:24:861;1.00;0.00;0.00;0.08086;0.07989;-0.0001572;0.0001816;-0.06;0.07;98.80;0.22;98.80;0.08086;0.07989;0.0009676;-10.923;-10.975;-30.143;1.00;130.88;
2025-11-25 11:51:17.36;0.00:00:24:907;1.00;0.00;0.00;0.08088;0.07994;-0.0001753;0.0001907;-0.06;0.07;98.84;0.24;98.84;0.08088;0.07994;0.0009395;-10.922;-10.972;-30.271;1.00;132.59;
2025-11-25 11:51:17.41;0.00:00:24:954;1.00;0.00;0.00;0.08088;0.07995;-0.0002143;0.0002008;-0.08;0.07;98.86;0.25;98.86;0.08088;0.07996;0.0009211;-10.922;-10.972;-30.357;1.00;136.87;
2025-11-25 11:51:17.45;0.00:00:25:000;1.00;0.00;0.00;0.08088;0.07992;-0.0002042;0.000181;-0.07;0.06;98.82;0.22;98.82;0.08088;0.07992;0.0009565;-10.922;-10.973;-30.193;1.00;138.45;
2025-11-25 11:51:17.50;0.00:00:25:047;1.00;0.00;0.00;0.0808;0.07988;-0.0002226;0.0001981;-0.08;0.07;98.86;0.25;98.86;0.0808;0.07988;0.000919;-10.926;-10.976;-30.367;1.00;138.34;
2025-11-25 11:51:17.55;0.00:00:25:093;1.00;0.00;0.00;0.0808;0.07984;-0.0002251;0.000193;-0.08;0.07;98.82;0.24;98.81;0.0808;0.07984;0.0009574;-10.926;-10.978;-30.189;1.00;139.40;
2025-11-25 11:51:17.59;0.00:00:25:140;1.00;0.00;0.00;0.08069;0.07977;-0.0001593;0.0001893;-0.06;0.07;98.87;0.23;98.87;0.08069;0.07978;0.0009135;-10.932;-10.981;-30.393;1.00;130.09;
2025-11-25 11:51:17.64;0.00:00:25:186;1.00;0.00;0.00;0.0806;0.0797;-0.0002202;0.0001713;-0.08;0.06;98.89;0.21;98.89;0.0806;0.07971;0.0008978;-10.936;-10.985;-30.468;1.00;142.12;
2025-11-25 11:51:17.69;0.00:00:25:233;1.00;0.00;0.00;0.08055;0.07968;-0.0001973;0.0002002;-0.07;0.07;98.93;0.25;98.93;0.08055;0.07968;0.0008621;-10.940;-10.986;-30.644;1.00;134.58;
2025-11-25 11:51:17.73;0.00:00:25:280;1.00;0.00;0.00;0.08061;0.07963;-0.0002534;0.0001627;-0.09;0.06;98.79;0.20;98.79;0.08061;0.07963;0.0009774;-10.936;-10.989;-30.099;1.00;147.29;
2025-11-25 11:51:17.78;0.00:00:25:326;1.00;0.00;0.00;0.08058;0.07971;-0.0001853;0.0001797;-0.07;0.06;98.92;0.22;98.92;0.08058;0.07971;0.0008701;-10.938;-10.985;-30.604;1.00;135.88;
2025-11-25 11:51:17.83;0.00:00:25:378;1.00;0.00;0.00;0.08056;0.07965;-0.0001876;0.0001918;-0.07;0.07;98.87;0.24;98.87;0.08056;0.07965;0.0009112;-10.939;-10.988;-30.404;1.00;134.38;
2025-11-25 11:51:17.89;0.00:00:25:435;1.00;0.00;0.00;0.08059;0.07967;-0.0001467;0.0001711;-0.05;0.06;98.86;0.21;98.86;0.08059;0.07967;0.0009217;-10.937;-10.987;-30.354;1.00;130.62;
2025-11-25 11:51:17.93;0.00:00:25:482;1.00;0.00;0.00;0.08065;0.07971;-0.0001969;0.0002117;-0.07;0.08;98.83;0.26;98.83;0.08065;0.07971;0.0009414;-10.934;-10.985;-30.262;1.00;132.93;
2025-11-25 11:51:17.98;0.00:00:25:531;1.00;0.00;0.00;0.08063;0.07972;-0.0001698;0.0001831;-0.06;0.07;98.86;0.23;98.86;0.08063;0.07972;0.0009157;-10.935;-10.984;-30.382;1.00;132.83;
2025-11-25 11:51:18.03;0.00:00:25:576;1.00;0.00;0.00;0.08062;0.07974;-0.0001889;0.0001716;-0.07;0.06;98.91;0.21;98.91;0.08062;0.07974;0.0008791;-10.936;-10.983;-30.560;1.00;137.75;
2025-11-25 11:51:18.08;0.00:00:25:624;1.00;0.00;0.00;0.08063;0.07969;-0.0001791;0.0001781;-0.06;0.06;98.83;0.22;98.83;0.08063;0.07969;0.000944;-10.935;-10.986;-30.250;1.00;135.16;
2025-11-25 11:51:18.12;0.00:00:25:670;1.00;0.00;0.00;0.08067;0.07976;-0.0001751;0.0001903;-0.06;0.07;98.88;0.24;98.88;0.08067;0.07976;0.0009043;-10.933;-10.982;-30.437;1.00;132.62;
2025-11-25 11:51:18.17;0.00:00:25:717;1.00;0.00;0.00;0.08062;0.07972;-0.0002051;0.0001886;-0.07;0.07;98.88;0.23;98.88;0.08062;0.07972;0.0009;-10.935;-10.984;-30.457;1.00;137.40;
2025-11-25 11:51:18.22;0.00:00:25:765;1.00;0.00;0.00;0.08065;0.07973;-0.0001787;0.0001935;-0.06;0.07;98.85;0.24;98.85;0.08065;0.07973;0.000924;-10.934;-10.984;-30.343;1.00;132.72;
2025-11-25 11:51:18.27;0.00:00:25:815;1.00;0.00;0.00;0.08061;0.07971;-0.0001999;0.0001686;-0.07;0.06;98.89;0.21;98.89;0.08061;0.07971;0.0008975;-10.936;-10.985;-30.470;1.00;139.85;
2025-11-25 11:51:18.33;0.00:00:25:876;1.00;0.00;0.00;0.08054;0.07964;-0.000189;0.0002087;-0.07;0.08;98.88;0.26;98.88;0.08054;0.07964;0.0008994;-10.940;-10.989;-30.460;1.00;132.15;
2025-11-25 11:51:18.39;0.00:00:25:937;1.00;0.00;0.00;0.08052;0.07965;-0.0002232;0.0001871;-0.08;0.07;98.92;0.23;98.92;0.08052;0.07965;0.0008703;-10.941;-10.988;-30.603;1.00;140.03;
2025-11-25 11:51:18.44;0.00:00:25:985;1.00;0.00;0.00;0.08055;0.07964;-0.0002054;0.0002044;-0.07;0.07;98.87;0.25;98.87;0.08055;0.07964;0.0009126;-10.939;-10.989;-30.397;1.00;135.14;
2025-11-25 11:51:18.48;0.00:00:26:031;1.00;0.00;0.00;0.0806;0.07969;-0.0002091;0.0001866;-0.08;0.07;98.87;0.23;98.87;0.0806;0.07969;0.0009069;-10.937;-10.986;-30.424;1.00;138.25;
2025-11-25 11:51:18.53;0.00:00:26:078;1.00;0.00;0.00;0.08056;0.07967;-0.0001969;0.0001979;-0.07;0.07;98.89;0.25;98.89;0.08056;0.07967;0.0008954;-10.939;-10.987;-30.480;1.00;134.85;
2025-11-25 11:51:18.58;0.00:00:26:124;1.00;0.00;0.00;0.08053;0.07967;-0.0001982;0.0001737;-0.07;0.06;98.93;0.22;98.93;0.08053;0.07967;0.0008598;-10.940;-10.987;-30.656;1.00;138.78;
2025-11-25 11:51:18.62;0.00:00:26:171;1.00;0.00;0.00;0.0805;0.07953;-0.0002066;0.0001963;-0.07;0.07;98.79;0.24;98.79;0.0805;0.07953;0.0009705;-10.942;-10.994;-30.130;1.00;136.47;
2025-11-25 11:51:18.67;0.00:00:26:217;1.00;0.00;0.00;0.0805;0.0796;-0.0002036;0.000161;-0.07;0.06;98.89;0.20;98.89;0.0805;0.0796;0.0008931;-10.942;-10.991;-30.491;1.00;141.65;
2025-11-25 11:51:18.72;0.00:00:26:264;1.00;0.00;0.00;0.0806;0.07968;-0.0002419;0.0001838;-0.09;0.07;98.86;0.23;98.86;0.0806;0.07968;0.0009174;-10.937;-10.986;-30.375;1.00;142.77;
2025-11-25 11:51:18.77;0.00:00:26:314;1.00;0.00;0.00;0.08054;0.07961;-0.0002474;0.0001909;-0.09;0.07;98.85;0.24;98.85;0.08054;0.07961;0.0009287;-10.940;-10.990;-30.321;1.00;142.35;
2025-11-25 11:51:18.82;0.00:00:26:372;1.00;0.00;0.00;0.08049;0.07961;-0.000216;0.0001969;-0.08;0.07;98.91;0.24;98.91;0.08049;0.07961;0.000876;-10.943;-10.990;-30.575;1.00;137.65;
2025-11-25 11:51:18.87;0.00:00:26:420;1.00;0.00;0.00;0.08047;0.07959;-0.0002368;0.000183;-0.09;0.07;98.90;0.23;98.90;0.08047;0.07959;0.0008856;-10.944;-10.992;-30.528;1.00;142.30;
2025-11-25 11:51:18.92;0.00:00:26:468;1.00;0.00;0.00;0.08056;0.07956;-0.000194;0.0001887;-0.07;0.07;98.76;0.23;98.76;0.08056;0.07956;0.0009963;-10.939;-10.993;-30.016;1.00;135.80;
2025-11-25 11:51:18.97;0.00:00:26:514;1.00;0.00;0.00;0.08056;0.07967;-0.000185;0.0001873;-0.07;0.07;98.89;0.23;98.89;0.08056;0.07967;0.0008949;-10.939;-10.987;-30.482;1.00;134.64;
2025-11-25 11:51:19.01;0.00:00:26:561;1.00;0.00;0.00;0.08059;0.0797;-0.0001469;0.0001795;-0.05;0.06;98.90;0.22;98.90;0.08059;0.0797;0.0008852;-10.937;-10.985;-30.530;1.00;129.30;
2025-11-25 11:51:19.06;0.00:00:26:607;1.00;0.00;0.00;0.08064;0.07973;-0.0001834;0.0001925;-0.07;0.07;98.87;0.24;98.87;0.08064;0.07973;0.0009106;-10.935;-10.984;-30.407;1.00;133.62;
2025-11-25 11:51:19.11;0.00:00:26:654;1.00;0.00;0.00;0.08071;0.0797;-0.0002044;0.0001719;-0.07;0.06;98.75;0.21;98.75;0.08071;0.0797;0.00101;-10.931;-10.985;-29.955;1.00;139.94;
2025-11-25 11:51:19.15;0.00:00:26:701;1.00;0.00;0.00;0.08069;0.07975;-0.0001566;0.0002012;-0.06;0.07;98.83;0.25;98.83;0.08069;0.07975;0.0009401;-10.932;-10.982;-30.268;1.00;127.89;
2025-11-25 11:51:19.20;0.00:00:26:748;1.00;0.00;0.00;0.08064;0.07978;-0.0001828;0.0002023;-0.07;0.07;98.94;0.25;98.94;0.08064;0.07978;0.0008554;-10.935;-10.981;-30.679;1.00;132.09;
2025-11-25 11:51:19.25;0.00:00:26:795;1.00;0.00;0.00;0.08062;0.07971;-0.0001996;0.0001702;-0.07;0.06;98.87;0.21;98.87;0.08062;0.07971;0.0009073;-10.936;-10.985;-30.423;1.00;139.55;
2025-11-25 11:51:19.29;0.00:00:26:841;1.00;0.00;0.00;0.08063;0.07965;-0.0001761;0.0001765;-0.06;0.06;98.77;0.22;98.77;0.08063;0.07965;0.0009882;-10.935;-10.988;-30.052;1.00;134.95;
2025-11-25 11:51:19.34;0.00:00:26:888;1.00;0.00;0.00;0.08069;0.07975;-0.0001796;0.000202;-0.06;0.07;98.85;0.25;98.85;0.08069;0.07975;0.0009309;-10.932;-10.982;-30.311;1.00;131.64;
2025-11-25 11:51:19.39;0.00:00:26:936;1.00;0.00;0.00;0.08065;0.07976;-0.0002242;0.0002004;-0.08;0.07;98.89;0.25;98.89;0.08065;0.07976;0.0008928;-10.934;-10.982;-30.493;1.00;138.21;
2025-11-25 11:51:19.45;0.00:00:26:997;1.00;0.00;0.00;0.08066;0.07973;-0.0001917;0.0001943;-0.07;0.07;98.85;0.24;98.85;0.08066;0.07973;0.0009262;-10.933;-10.984;-30.333;1.00;134.62;
2025-11-25 11:51:19.50;0.00:00:27:044;1.00;0.00;0.00;0.08062;0.07965;-0.000213;0.0002099;-0.08;0.08;98.79;0.26;98.79;0.08062;0.07965;0.0009735;-10.936;-10.988;-30.116;1.00;135.43;
2025-11-25 11:51:19.54;0.00:00:27:092;1.00;0.00;0.00;0.0806;0.07966;-0.0001942;0.0001921;-0.07;0.07;98.84;0.24;98.84;0.0806;0.07966;0.0009386;-10.937;-10.987;-30.275;1.00;135.30;
2025-11-25 11:51:19.60;0.00:00:27:152;1.00;0.00;0.00;0.0806;0.07968;-0.0002112;0.0001905;-0.08;0.07;98.87;0.24;98.87;0.0806;0.07968;0.0009127;-10.937;-10.986;-30.397;1.00;137.95;
2025-11-25 11:51:19.65;0.00:00:27:198;1.00;0.00;0.00;0.08062;0.0796;-0.0001899;0.0001789;-0.07;0.06;98.73;0.22;98.73;0.08062;0.0796;0.001021;-10.935;-10.991;-29.911;1.00;136.71;
2025-11-25 11:51:19.70;0.00:00:27:246;1.00;0.00;0.00;0.08054;0.07957;-0.0002432;0.000212;-0.09;0.08;98.80;0.26;98.80;0.08054;0.07957;0.0009658;-10.940;-10.992;-30.151;1.00;138.92;
2025-11-25 11:51:19.74;0.00:00:27:292;1.00;0.00;0.00;0.08044;0.07956;-0.0001969;0.0001815;-0.07;0.07;98.90;0.23;98.90;0.08044;0.07956;0.0008864;-10.945;-10.993;-30.524;1.00;137.32;
2025-11-25 11:51:19.79;0.00:00:27:340;1.00;0.00;0.00;0.08046;0.07958;-0.0001524;0.0001697;-0.05;0.06;98.90;0.21;98.90;0.08046;0.07958;0.0008847;-10.944;-10.992;-30.532;1.00;131.91;
2025-11-25 11:51:19.84;0.00:00:27:387;1.00;0.00;0.00;0.08051;0.0796;-0.0002019;0.0001771;-0.07;0.06;98.88;0.22;98.88;0.08051;0.0796;0.0009017;-10.942;-10.991;-30.449;1.00;138.74;
2025-11-25 11:51:19.89;0.00:00:27:433;1.00;0.00;0.00;0.08053;0.07962;-0.0002037;0.0001871;-0.07;0.07;98.86;0.23;98.86;0.08053;0.07962;0.0009164;-10.940;-10.990;-30.379;1.00;137.43;
2025-11-25 11:51:19.93;0.00:00:27:480;1.00;0.00;0.00;0.08058;0.07967;-0.0001796;0.0001991;-0.06;0.07;98.86;0.25;98.86;0.08058;0.07967;0.0009147;-10.938;-10.987;-30.387;1.00;132.04;
2025-11-25 11:51:19.98;0.00:00:27:526;1.00;0.00;0.00;0.08052;0.07956;-0.0001963;0.0001815;-0.07;0.07;98.82;0.23;98.82;0.08052;0.07956;0.0009524;-10.941;-10.993;-30.212;1.00;137.24;
2025-11-25 11:51:20.03;0.00:00:27:573;1.00;0.00;0.00;0.08048;0.07957;-0.0002567;0.0001846;-0.09;0.07;98.87;0.23;98.87;0.08048;0.07957;0.0009067;-10.943;-10.992;-30.426;1.00;144.29;
2025-11-25 11:51:20.07;0.00:00:27:623;1.00;0.00;0.00;0.08055;0.0796;-0.0001815;0.0001779;-0.07;0.06;98.82;0.22;98.82;0.08055;0.0796;0.000948;-10.940;-10.991;-30.232;1.00;135.58;
2025-11-25 11:51:20.14;0.00:00:27:683;1.00;0.00;0.00;0.08055;0.07964;-0.0002464;0.0002086;-0.09;0.08;98.87;0.26;98.87;0.08055;0.07964;0.0009114;-10.939;-10.989;-30.403;1.00;139.75;
2025-11-25 11:51:20.20;0.00:00:27:743;1.00;0.00;0.00;0.08048;0.07964;-0.0002404;0.000183;-0.09;0.07;98.96;0.23;98.96;0.08048;0.07964;0.0008406;-10.943;-10.989;-30.754;1.00;142.71;
2025-11-25 11:51:20.25;0.00:00:27:793;1.00;0.00;0.00;0.08046;0.07954;-0.0001405;0.0001828;-0.05;0.07;98.86;0.23;98.86;0.08046;0.07954;0.0009191;-10.944;-10.994;-30.366;1.00;127.54;
2025-11-25 11:51:20.29;0.00:00:27:840;1.00;0.00;0.00;0.08052;0.07958;-0.0001721;0.0001695;-0.06;0.06;98.83;0.21;98.83;0.08052;0.07958;0.0009411;-10.941;-10.992;-30.264;1.00;135.44;
2025-11-25 11:51:20.35;0.00:00:27:896;1.00;0.00;0.00;0.08052;0.07963;-0.0002126;0.0001881;-0.08;0.07;98.90;0.23;98.90;0.08052;0.07963;0.0008889;-10.941;-10.989;-30.512;1.00;138.50;
2025-11-25 11:51:20.40;0.00:00:27:947;1.00;0.00;0.00;0.08057;0.07962;-0.0001973;0.0001791;-0.07;0.06;98.82;0.22;98.82;0.08057;0.07962;0.0009499;-10.938;-10.990;-30.223;1.00;137.77;
2025-11-25 11:51:20.45;0.00:00:27:998;1.00;0.00;0.00;0.08053;0.07962;-0.0002084;0.0001872;-0.07;0.07;98.87;0.23;98.87;0.08053;0.07962;0.000912;-10.940;-10.990;-30.400;1.00;138.06;
2025-11-25 11:51:20.50;0.00:00:28:049;1.00;0.00;0.00;0.08045;0.07958;-0.0002069;0.000196;-0.07;0.07;98.92;0.24;98.92;0.08045;0.07958;0.0008719;-10.944;-10.992;-30.595;1.00;136.56;
2025-11-25 11:51:20.55;0.00:00:28:100;1.00;0.00;0.00;0.08043;0.07952;-0.0001724;0.0001989;-0.06;0.07;98.87;0.25;98.87;0.08043;0.07952;0.0009095;-10.946;-10.995;-30.412;1.00;130.92;
2025-11-25 11:51:20.60;0.00:00:28:151;1.00;0.00;0.00;0.0805;0.07957;-0.000147;0.0001885;-0.05;0.07;98.84;0.23;98.84;0.0805;0.07957;0.0009322;-10.942;-10.993;-30.305;1.00;127.95;
2025-11-25 11:51:20.65;0.00:00:28:202;1.00;0.00;0.00;0.08054;0.07966;-0.0002026;0.0001879;-0.07;0.07;98.91;0.23;98.91;0.08054;0.07966;0.0008816;-10.940;-10.988;-30.547;1.00;137.16;
2025-11-25 11:51:20.70;0.00:00:28:243;1.00;0.00;0.00;0.08053;0.07961;-0.0002281;0.0001694;-0.08;0.06;98.87;0.21;98.87;0.08053;0.07961;0.0009135;-10.941;-10.990;-30.393;1.00;143.40;
2025-11-25 11:51:20.76;0.00:00:28:305;1.00;0.00;0.00;0.0805;0.07955;-0.000226;0.0001959;-0.08;0.07;98.82;0.24;98.82;0.0805;0.07955;0.0009526;-10.942;-10.994;-30.211;1.00;139.08;
2025-11-25 11:51:20.81;0.00:00:28:356;1.00;0.00;0.00;0.08049;0.07959;-0.0002517;0.000166;-0.09;0.06;98.88;0.21;98.88;0.08049;0.07959;0.0009014;-10.943;-10.992;-30.451;1.00;146.60;
2025-11-25 11:51:20.86;0.00:00:28:408;1.00;0.00;0.00;0.08054;0.07961;-0.0001586;0.0001926;-0.06;0.07;98.85;0.24;98.85;0.08054;0.07961;0.0009252;-10.940;-10.990;-30.338;1.00;129.47;
2025-11-25 11:51:20.91;0.00:00:28:459;1.00;0.00;0.00;0.08058;0.07965;-0.0001986;0.0001723;-0.07;0.06;98.85;0.21;98.85;0.08058;0.07965;0.0009269;-10.938;-10.988;-30.330;1.00;139.05;
2025-11-25 11:51:20.97;0.00:00:28:521;1.00;0.00;0.00;0.08061;0.07965;-0.0002021;0.0001793;-0.07;0.06;98.81;0.22;98.81;0.08061;0.07965;0.0009617;-10.936;-10.988;-30.169;1.00;138.43;
2025-11-25 11:51:21.02;0.00:00:28:572;1.00;0.00;0.00;0.08063;0.07969;-0.0001974;0.0001949;-0.07;0.07;98.84;0.24;98.84;0.08063;0.07969;0.0009333;-10.935;-10.986;-30.300;1.00;135.36;
2025-11-25 11:51:21.08;0.00:00:28:623;1.00;0.00;0.00;0.08055;0.07966;-0.0002007;0.0001578;-0.07;0.06;98.89;0.20;98.89;0.08055;0.07966;0.0008904;-10.939;-10.987;-30.504;1.00;141.83;
2025-11-25 11:51:21.13;0.00:00:28:675;1.00;0.00;0.00;0.0806;0.07968;-0.0002159;0.0001939;-0.08;0.07;98.86;0.24;98.86;0.0806;0.07968;0.0009202;-10.937;-10.986;-30.361;1.00;138.06;
2025-11-25 11:51:21.18;0.00:00:28:727;1.00;0.00;0.00;0.08062;0.07971;-0.0001921;0.000186;-0.07;0.07;98.88;0.23;98.87;0.08062;0.07971;0.000907;-10.936;-10.985;-30.424;1.00;135.93;
2025-11-25 11:51:21.23;0.00:00:28:779;1.00;0.00;0.00;0.08061;0.07972;-0.0002128;0.0001844;-0.08;0.07;98.90;0.23;98.90;0.08061;0.07972;0.0008888;-10.936;-10.984;-30.512;1.00;139.09;
2025-11-25 11:51:21.28;0.00:00:28:830;1.00;0.00;0.00;0.08056;0.07968;-0.0002433;0.0001824;-0.09;0.07;98.91;0.23;98.91;0.08056;0.07968;0.0008799;-10.939;-10.987;-30.556;1.00;143.14;
2025-11-25 11:51:21.33;0.00:00:28:882;1.00;0.00;0.00;0.08054;0.0796;-0.0001736;0.000188;-0.06;0.07;98.84;0.23;98.84;0.08054;0.0796;0.0009364;-10.940;-10.991;-30.285;1.00;132.72;
2025-11-25 11:51:21.38;0.00:00:28:924;1.00;0.00;0.00;0.08056;0.07967;-0.0001605;0.0002002;-0.06;0.07;98.89;0.25;98.89;0.08056;0.07967;0.0008905;-10.939;-10.987;-30.504;1.00;128.72;
2025-11-25 11:51:21.43;0.00:00:28:974;1.00;0.00;0.00;0.08061;0.07971;-0.0002096;0.0001983;-0.08;0.07;98.88;0.25;98.88;0.08061;0.07971;0.000901;-10.936;-10.985;-30.453;1.00;136.59;
2025-11-25 11:51:21.48;0.00:00:29:025;1.00;0.00;0.00;0.08067;0.07975;-0.0002426;0.0001982;-0.09;0.07;98.86;0.25;98.86;0.08067;0.07975;0.000917;-10.933;-10.983;-30.376;1.00;140.75;
2025-11-25 11:51:21.53;0.00:00:29:076;1.00;0.00;0.00;0.08066;0.07976;-0.0001398;0.0001848;-0.05;0.07;98.89;0.23;98.89;0.08066;0.07976;0.0008957;-10.933;-10.982;-30.478;1.00;127.12;
2025-11-25 11:51:21.58;0.00:00:29:128;1.00;0.00;0.00;0.08079;0.07984;-0.0001929;0.0001778;-0.07;0.06;98.83;0.22;98.83;0.08079;0.07984;0.0009436;-10.927;-10.978;-30.252;1.00;137.33;
2025-11-25 11:51:21.63;0.00:00:29:179;1.00;0.00;0.00;0.08075;0.0798;-0.000243;0.0001745;-0.09;0.06;98.83;0.22;98.83;0.08075;0.0798;0.0009454;-10.929;-10.980;-30.244;1.00;144.31;
2025-11-25 11:51:21.68;0.00:00:29:230;1.00;0.00;0.00;0.0807;0.07982;-0.0001826;0.0002011;-0.07;0.07;98.90;0.25;98.90;0.0807;0.07982;0.0008842;-10.931;-10.979;-30.534;1.00;132.24;
2025-11-25 11:51:21.73;0.00:00:29:281;1.00;0.00;0.00;0.08062;0.07976;-0.0002336;0.0001961;-0.08;0.07;98.94;0.24;98.94;0.08062;0.07976;0.0008509;-10.936;-10.982;-30.701;1.00;139.99;
2025-11-25 11:51:21.79;0.00:00:29:338;1.00;0.00;0.00;0.08061;0.07965;-0.0002358;0.0001834;-0.08;0.07;98.81;0.23;98.81;0.08061;0.07965;0.0009606;-10.936;-10.988;-30.175;1.00;142.13;
2025-11-25 11:51:21.84;0.00:00:29:392;1.00;0.00;0.00;0.08057;0.07965;-0.0002078;0.000177;-0.07;0.06;98.85;0.22;98.85;0.08057;0.07965;0.0009273;-10.938;-10.988;-30.328;1.00;139.58;
2025-11-25 11:51:21.91;0.00:00:29:455;1.00;0.00;0.00;0.08056;0.07967;-0.0002075;0.0001718;-0.07;0.06;98.89;0.21;98.89;0.08056;0.07967;0.0008958;-10.939;-10.987;-30.478;1.00;140.38;
2025-11-25 11:51:21.96;0.00:00:29:508;1.00;0.00;0.00;0.08055;0.07963;-0.000221;0.0001657;-0.08;0.06;98.86;0.21;98.86;0.08055;0.07963;0.0009169;-10.940;-10.989;-30.377;1.00;143.13;
2025-11-25 11:51:22.01;0.00:00:29:559;1.00;0.00;0.00;0.08059;0.07964;-0.0001883;0.0001908;-0.07;0.07;98.83;0.24;98.83;0.08059;0.07964;0.0009466;-10.937;-10.989;-30.238;1.00;134.62;
2025-11-25 11:51:22.06;0.00:00:29:612;1.00;0.00;0.00;0.08057;0.07961;-0.0002152;0.0001961;-0.08;0.07;98.81;0.24;98.81;0.08057;0.07961;0.0009566;-10.938;-10.990;-30.193;1.00;137.65;
2025-11-25 11:51:22.11;0.00:00:29:662;1.00;0.00;0.00;0.08051;0.0796;-0.0002141;0.0002038;-0.08;0.07;98.87;0.25;98.87;0.08051;0.07961;0.0009058;-10.941;-10.991;-30.430;1.00;136.42;
2025-11-25 11:51:22.17;0.00:00:29:713;1.00;0.00;0.00;0.08045;0.07955;-0.0002297;0.000177;-0.08;0.06;98.89;0.22;98.88;0.08045;0.07955;0.0008968;-10.945;-10.994;-30.473;1.00;142.38;
2025-11-25 11:51:22.22;0.00:00:29:764;1.00;0.00;0.00;0.08052;0.07961;-0.0002115;0.0001778;-0.08;0.06;98.87;0.22;98.87;0.08052;0.07961;0.0009073;-10.941;-10.990;-30.422;1.00;139.94;
2025-11-25 11:51:22.27;0.00:00:29:813;1.00;0.00;0.00;0.08052;0.0796;-0.0002136;0.0001852;-0.08;0.07;98.86;0.23;98.86;0.08052;0.0796;0.0009183;-10.941;-10.991;-30.370;1.00;139.07;
2025-11-25 11:51:22.32;0.00:00:29:865;1.00;0.00;0.00;0.0805;0.07957;-0.0002052;0.0001985;-0.07;0.07;98.84;0.25;98.84;0.0805;0.07957;0.0009333;-10.942;-10.993;-30.300;1.00;135.95;
2025-11-25 11:51:22.37;0.00:00:29:916;1.00;0.00;0.00;0.08046;0.07954;-0.0001961;0.0001981;-0.07;0.07;98.86;0.25;98.86;0.08046;0.07954;0.0009167;-10.944;-10.994;-30.378;1.00;134.71;
2025-11-25 11:51:22.42;0.00:00:29:967;1.00;0.00;0.00;0.08049;0.07959;-0.0001669;0.0001673;-0.06;0.06;98.88;0.21;98.88;0.08049;0.07959;0.0009016;-10.943;-10.992;-30.450;1.00;134.94;
2025-11-25 11:51:22.47;0.00:00:30:019;1.00;0.00;0.00;0.08049;0.07961;-0.0002007;0.000193;-0.07;0.07;98.90;0.24;98.90;0.08049;0.07961;0.0008832;-10.942;-10.990;-30.539;1.00;136.11;
2025-11-25 11:51:22.52;0.00:00:30:071;1.00;0.00;0.00;0.0805;0.07958;-0.0001625;0.0002117;-0.06;0.08;98.86;0.26;98.86;0.0805;0.07958;0.0009214;-10.942;-10.992;-30.355;1.00;127.52;
2025-11-25 11:51:22.57;0.00:00:30:122;1.00;0.00;0.00;0.08051;0.07961;-0.0002018;0.0001759;-0.07;0.06;98.88;0.22;98.88;0.08051;0.07961;0.0008995;-10.942;-10.990;-30.460;1.00;138.92;
2025-11-25 11:51:22.63;0.00:00:30:174;1.00;0.00;0.00;0.08045;0.0796;-0.0001641;0.0001636;-0.06;0.06;98.95;0.20;98.95;0.08045;0.0796;0.0008457;-10.945;-10.991;-30.728;1.00;135.08;
2025-11-25 11:51:22.68;0.00:00:30:223;1.00;0.00;0.00;0.08045;0.07958;-0.0001821;0.000178;-0.07;0.06;98.92;0.22;98.92;0.08045;0.07958;0.000868;-10.945;-10.992;-30.615;1.00;135.65;
2025-11-25 11:51:22.73;0.00:00:30:276;1.00;0.00;0.00;0.08048;0.07957;-0.000184;0.0001851;-0.07;0.07;98.86;0.23;98.86;0.08048;0.07957;0.0009157;-10.943;-10.993;-30.382;1.00;134.83;
2025-11-25 11:51:22.78;0.00:00:30:328;1.00;0.00;0.00;0.08046;0.07954;-0.0001778;0.0001916;-0.06;0.07;98.86;0.24;98.86;0.08046;0.07954;0.0009163;-10.944;-10.994;-30.380;1.00;132.87;
2025-11-25 11:51:22.84;0.00:00:30:390;1.00;0.00;0.00;0.08048;0.07949;-0.0002063;0.0001863;-0.07;0.07;98.78;0.23;98.78;0.08048;0.07949;0.0009853;-10.943;-10.997;-30.064;1.00;137.92;
2025-11-25 11:51:22.89;0.00:00:30:441;1.00;0.00;0.00;0.08047;0.07962;-0.000195;0.000197;-0.07;0.07;98.94;0.24;98.94;0.08047;0.07962;0.0008493;-10.944;-10.990;-30.710;1.00;134.71;
2025-11-25 11:51:22.94;0.00:00:30:490;1.00;0.00;0.00;0.08052;0.07952;-0.0001984;0.0001645;-0.07;0.06;98.76;0.20;98.76;0.08052;0.07952;0.0009973;-10.941;-10.995;-30.012;1.00;140.34;
2025-11-25 11:51:23.00;0.00:00:30:544;1.00;0.00;0.00;0.08059;0.07964;-0.0001811;0.0001852;-0.07;0.07;98.83;0.23;98.83;0.08059;0.07964;0.0009467;-10.937;-10.989;-30.238;1.00;134.36;
2025-11-25 11:51:23.05;0.00:00:30:595;1.00;0.00;0.00;0.08066;0.07968;-0.0002095;0.0001775;-0.08;0.06;98.79;0.22;98.79;0.08066;0.07968;0.000978;-10.934;-10.987;-30.097;1.00;139.72;
2025-11-25 11:51:23.10;0.00:00:30:647;1.00;0.00;0.00;0.08067;0.07969;-0.000194;0.0001893;-0.07;0.07;98.79;0.23;98.79;0.08067;0.07969;0.0009762;-10.933;-10.986;-30.104;1.00;135.70;
2025-11-25 11:51:23.15;0.00:00:30:698;1.00;0.00;0.00;0.08067;0.07979;-0.0001711;0.0001769;-0.06;0.06;98.91;0.22;98.91;0.08067;0.07979;0.0008754;-10.933;-10.980;-30.578;1.00;134.03;
2025-11-25 11:51:23.20;0.00:00:30:749;1.00;0.00;0.00;0.08067;0.07976;-0.0001975;0.0001977;-0.07;0.07;98.87;0.25;98.87;0.08067;0.07976;0.0009137;-10.933;-10.982;-30.392;1.00;134.98;
2025-11-25 11:51:23.25;0.00:00:30:800;1.00;0.00;0.00;0.0807;0.07974;-0.0001962;0.0001902;-0.07;0.07;98.82;0.24;98.82;0.0807;0.07974;0.0009548;-10.932;-10.983;-30.201;1.00;135.89;
2025-11-25 11:51:23.30;0.00:00:30:851;1.00;0.00;0.00;0.0807;0.07974;-0.00021;0.0001784;-0.08;0.06;98.81;0.22;98.81;0.0807;0.07974;0.0009583;-10.931;-10.983;-30.185;1.00;139.66;
2025-11-25 11:51:23.35;0.00:00:30:902;1.00;0.00;0.00;0.08074;0.07975;-0.0001765;0.0001864;-0.06;0.07;98.77;0.23;98.77;0.08074;0.07975;0.0009923;-10.929;-10.983;-30.034;1.00;133.44;
2025-11-25 11:51:23.41;0.00:00:30:953;1.00;0.00;0.00;0.08076;0.07983;-0.0002056;0.0001878;-0.07;0.07;98.85;0.23;98.85;0.08076;0.07983;0.0009292;-10.928;-10.979;-30.319;1.00;137.60;
2025-11-25 11:51:23.46;0.00:00:31:005;1.00;0.00;0.00;0.0808;0.07986;-0.0001579;0.0001789;-0.06;0.06;98.84;0.22;98.84;0.0808;0.07986;0.0009364;-10.926;-10.976;-30.285;1.00;131.42;
2025-11-25 11:51:23.51;0.00:00:31:055;1.00;0.00;0.00;0.08078;0.07983;-0.0001735;0.0001893;-0.06;0.07;98.82;0.23;98.82;0.08078;0.07983;0.0009501;-10.927;-10.978;-30.223;1.00;132.51;
2025-11-25 11:51:23.56;0.00:00:31:104;1.00;0.00;0.00;0.08076;0.07978;-0.0002365;0.0001869;-0.08;0.07;98.79;0.23;98.79;0.08076;0.07978;0.0009792;-10.928;-10.981;-30.091;1.00;141.67;
2025-11-25 11:51:23.61;0.00:00:31:157;1.00;0.00;0.00;0.08067;0.07974;-0.0001982;0.0001877;-0.07;0.07;98.85;0.23;98.85;0.08067;0.07975;0.000924;-10.933;-10.983;-30.343;1.00;136.55;
2025-11-25 11:51:23.66;0.00:00:31:208;1.00;0.00;0.00;0.08066;0.07973;-0.000235;0.0002086;-0.08;0.07;98.84;0.26;98.84;0.08066;0.07973;0.0009344;-10.933;-10.984;-30.294;1.00;138.40;
2025-11-25 11:51:23.72;0.00:00:31:265;1.00;0.00;0.00;0.0806;0.07964;-0.0001816;0.0001869;-0.07;0.07;98.81;0.23;98.81;0.0806;0.07964;0.0009596;-10.937;-10.989;-30.179;1.00;134.17;
2025-11-25 11:51:23.77;0.00:00:31:321;1.00;0.00;0.00;0.08062;0.0797;-0.0002225;0.0001942;-0.08;0.07;98.86;0.24;98.86;0.08062;0.0797;0.0009206;-10.936;-10.986;-30.359;1.00;138.90;
2025-11-25 11:51:23.83;0.00:00:31:373;1.00;0.00;0.00;0.08061;0.07973;-0.0001769;0.0001864;-0.06;0.07;98.90;0.23;98.90;0.08061;0.07973;0.0008857;-10.936;-10.984;-30.527;1.00;133.51;
2025-11-25 11:51:23.88;0.00:00:31:424;1.00;0.00;0.00;0.08058;0.07967;-0.0002063;0.0001854;-0.07;0.07;98.88;0.23;98.88;0.08058;0.07968;0.0009027;-10.938;-10.987;-30.444;1.00;138.05;
2025-11-25 11:51:23.94;0.00:00:31:485;1.00;0.00;0.00;0.08055;0.0797;-0.0001749;0.0001615;-0.06;0.06;98.94;0.20;98.94;0.08055;0.0797;0.0008521;-10.939;-10.986;-30.695;1.00;137.28;
2025-11-25 11:51:23.99;0.00:00:31:537;1.00;0.00;0.00;0.08048;0.07954;-0.0002351;0.0001865;-0.08;0.07;98.83;0.23;98.83;0.08048;0.07954;0.0009387;-10.943;-10.994;-30.275;1.00;141.58;
2025-11-25 11:51:24.04;0.00:00:31:588;1.00;0.00;0.00;0.08044;0.07954;-0.0002224;0.0001668;-0.08;0.06;98.89;0.21;98.88;0.08044;0.07954;0.0008967;-10.946;-10.994;-30.474;1.00;143.13;
2025-11-25 11:51:24.09;0.00:00:31:639;1.00;0.00;0.00;0.08047;0.07955;-0.0001985;0.0001828;-0.07;0.07;98.85;0.23;98.85;0.08047;0.07955;0.0009269;-10.943;-10.994;-30.329;1.00;137.35;
2025-11-25 11:51:24.14;0.00:00:31:691;1.00;0.00;0.00;0.08051;0.07955;-0.0002286;0.0001942;-0.08;0.07;98.80;0.24;98.80;0.08051;0.07955;0.0009631;-10.941;-10.994;-30.163;1.00;139.66;
2025-11-25 11:51:24.19;0.00:00:31:742;1.00;0.00;0.00;0.0805;0.07964;-0.0002254;0.0001741;-0.08;0.06;98.93;0.22;98.93;0.0805;0.07964;0.0008574;-10.942;-10.989;-30.668;1.00;142.31;
2025-11-25 11:51:24.25;0.00:00:31:794;1.00;0.00;0.00;0.08049;0.07964;-0.000188;0.0001867;-0.07;0.07;98.94;0.23;98.94;0.08049;0.07964;0.0008502;-10.942;-10.988;-30.705;1.00;135.20;
2025-11-25 11:51:24.29;0.00:00:31:839;1.00;0.00;0.00;0.08051;0.07962;-0.000201;0.000214;-0.07;0.08;98.90;0.27;98.89;0.08051;0.07962;0.0008894;-10.941;-10.990;-30.509;1.00;133.21;
2025-11-25 11:51:24.34;0.00:00:31:885;1.00;0.00;0.00;0.08055;0.07954;-0.0001948;0.0001678;-0.07;0.06;98.75;0.21;98.75;0.08055;0.07954;0.001008;-10.939;-10.994;-29.967;1.00;139.25;
2025-11-25 11:51:24.38;0.00:00:31:932;1.00;0.00;0.00;0.08058;0.07969;-0.0001984;0.0001881;-0.07;0.07;98.90;0.23;98.90;0.08058;0.0797;0.0008874;-10.938;-10.986;-30.519;1.00;136.53;
2025-11-25 11:51:24.43;0.00:00:31:980;1.00;0.00;0.00;0.08066;0.07969;-0.0002474;0.000192;-0.09;0.07;98.79;0.24;98.79;0.08066;0.07969;0.0009772;-10.933;-10.986;-30.100;1.00;142.18;
2025-11-25 11:51:24.48;0.00:00:32:029;1.00;0.00;0.00;0.08065;0.07974;-0.0001725;0.0001756;-0.06;0.06;98.88;0.22;98.88;0.08065;0.07975;0.0009021;-10.934;-10.983;-30.447;1.00;134.50;
2025-11-25 11:51:24.54;0.00:00:32:088;1.00;0.00;0.00;0.0807;0.07978;-0.0001566;0.0001934;-0.06;0.07;98.86;0.24;98.86;0.0807;0.07978;0.0009216;-10.931;-10.981;-30.354;1.00;129.00;
2025-11-25 11:51:24.59;0.00:00:32:135;1.00;0.00;0.00;0.08073;0.07979;-0.0002219;0.0002044;-0.08;0.07;98.84;0.25;98.84;0.08073;0.07979;0.0009386;-10.930;-10.981;-30.275;1.00;137.35;
2025-11-25 11:51:24.64;0.00:00:32:185;1.00;0.00;0.00;0.0807;0.07976;-0.0001963;0.0001917;-0.07;0.07;98.84;0.24;98.84;0.0807;0.07976;0.0009383;-10.931;-10.982;-30.276;1.00;135.68;
2025-11-25 11:51:24.70;0.00:00:32:244;1.00;0.00;0.00;0.08068;0.07975;-0.0001914;0.0002015;-0.07;0.07;98.86;0.25;98.86;0.08068;0.07975;0.0009228;-10.933;-10.983;-30.349;1.00;133.53;
2025-11-25 11:51:24.74;0.00:00:32:291;1.00;0.00;0.00;0.08062;0.0797;-0.0002166;0.0001676;-0.08;0.06;98.86;0.21;98.86;0.08062;0.0797;0.0009179;-10.936;-10.986;-30.372;1.00;142.27;
2025-11-25 11:51:24.79;0.00:00:32:337;1.00;0.00;0.00;0.08058;0.07963;-0.0001643;0.0001935;-0.06;0.07;98.81;0.24;98.81;0.08058;0.07963;0.0009573;-10.938;-10.989;-30.189;1.00;130.34;
2025-11-25 11:51:24.84;0.00:00:32:384;1.00;0.00;0.00;0.08059;0.07969;-0.0002204;0.0001921;-0.08;0.07;98.88;0.24;98.88;0.08059;0.07969;0.000904;-10.937;-10.986;-30.438;1.00;138.93;
2025-11-25 11:51:24.88;0.00:00:32:432;1.00;0.00;0.00;0.08061;0.07969;-0.0001878;0.0001892;-0.07;0.07;98.86;0.23;98.86;0.08061;0.07969;0.0009196;-10.936;-10.986;-30.364;1.00;134.80;
2025-11-25 11:51:24.93;0.00:00:32:479;1.00;0.00;0.00;0.08056;0.07961;-0.0002068;0.0001746;-0.07;0.06;98.83;0.22;98.83;0.08056;0.07961;0.0009463;-10.939;-10.990;-30.240;1.00;139.83;
2025-11-25 11:51:24.98;0.00:00:32:526;1.00;0.00;0.00;0.08052;0.0796;-0.0002117;0.000186;-0.08;0.07;98.86;0.23;98.86;0.08052;0.0796;0.0009156;-10.941;-10.991;-30.383;1.00;138.70;
2025-11-25 11:51:25.03;0.00:00:32:573;1.00;0.00;0.00;0.0805;0.07957;-0.0001981;0.0001675;-0.07;0.06;98.85;0.21;98.85;0.0805;0.07957;0.0009288;-10.942;-10.993;-30.321;1.00;139.78;
2025-11-25 11:51:25.07;0.00:00:32:620;1.00;0.00;0.00;0.08052;0.07961;-0.0002041;0.0001999;-0.07;0.07;98.87;0.25;98.87;0.08052;0.07961;0.0009069;-10.941;-10.990;-30.424;1.00;135.60;
2025-11-25 11:51:25.12;0.00:00:32:667;1.00;0.00;0.00;0.08052;0.0796;-0.0002313;0.0001751;-0.08;0.06;98.86;0.22;98.86;0.08052;0.0796;0.0009185;-10.941;-10.991;-30.369;1.00;142.87;
2025-11-25 11:51:25.17;0.00:00:32:714;1.00;0.00;0.00;0.08044;0.07957;-0.000179;0.000167;-0.06;0.06;98.92;0.21;98.92;0.08044;0.07957;0.0008661;-10.945;-10.992;-30.625;1.00;136.98;
2025-11-25 11:51:25.21;0.00:00:32:761;1.00;0.00;0.00;0.08046;0.07954;-0.0002024;0.0001859;-0.07;0.07;98.86;0.23;98.86;0.08046;0.07954;0.0009197;-10.944;-10.994;-30.364;1.00;137.43;
2025-11-25 11:51:25.26;0.00:00:32:808;1.00;0.00;0.00;0.0805;0.07954;-0.0002069;0.0001862;-0.07;0.07;98.80;0.23;98.80;0.0805;0.07954;0.0009624;-10.942;-10.994;-30.166;1.00;138.01;
2025-11-25 11:51:25.31;0.00:00:32:854;1.00;0.00;0.00;0.0805;0.07961;-0.0001888;0.000171;-0.07;0.06;98.89;0.21;98.89;0.0805;0.07961;0.0008901;-10.942;-10.990;-30.505;1.00;137.84;
2025-11-25 11:51:25.35;0.00:00:32:901;1.00;0.00;0.00;0.08049;0.07959;-0.0001975;0.0001784;-0.07;0.06;98.88;0.22;98.88;0.08049;0.07959;0.0008979;-10.942;-10.991;-30.468;1.00;137.90;
2025-11-25 11:51:25.40;0.00:00:32:948;1.00;0.00;0.00;0.08043;0.07959;-0.0002539;0.0001945;-0.09;0.07;98.94;0.24;98.94;0.08043;0.07959;0.0008489;-10.946;-10.992;-30.711;1.00;142.54;
2025-11-25 11:51:25.45;0.00:00:32:993;1.00;0.00;0.00;0.08044;0.07957;-0.0002219;0.0001716;-0.08;0.06;98.91;0.21;98.91;0.08044;0.07957;0.0008729;-10.945;-10.993;-30.590;1.00;142.28;
2025-11-25 11:51:25.49;0.00:00:33:041;1.00;0.00;0.00;0.08046;0.07953;-0.0002014;0.0001716;-0.07;0.06;98.85;0.21;98.85;0.08046;0.07953;0.0009222;-10.944;-10.994;-30.352;1.00;139.57;
2025-11-25 11:51:25.54;0.00:00:33:088;1.00;0.00;0.00;0.08038;0.07943;-0.0002131;0.0002019;-0.08;0.07;98.82;0.25;98.82;0.08038;0.07943;0.0009514;-10.948;-11.000;-30.217;1.00;136.55;
2025-11-25 11:51:25.59;0.00:00:33:135;1.00;0.00;0.00;0.08031;0.07941;-0.0002393;0.0001869;-0.09;0.07;98.88;0.23;98.88;0.08031;0.07941;0.0008971;-10.952;-11.001;-30.472;1.00;142.01;
2025-11-25 11:51:25.63;0.00:00:33:182;1.00;0.00;0.00;0.08043;0.07949;-0.0001444;0.0001954;-0.05;0.07;98.84;0.24;98.84;0.08043;0.07949;0.000935;-10.946;-10.997;-30.292;1.00;126.48;
2025-11-25 11:51:25.68;0.00:00:33:228;1.00;0.00;0.00;0.08046;0.07951;-0.0002522;0.0001781;-0.09;0.06;98.83;0.22;98.83;0.08046;0.07951;0.0009425;-10.944;-10.996;-30.257;1.00;144.78;
2025-11-25 11:51:25.73;0.00:00:33:275;1.00;0.00;0.00;0.08049;0.07958;-0.0001876;0.0001674;-0.07;0.06;98.87;0.21;98.87;0.08049;0.07958;0.0009085;-10.943;-10.992;-30.417;1.00;138.26;
2025-11-25 11:51:25.77;0.00:00:33:321;1.00;0.00;0.00;0.08062;0.07965;-0.0001355;0.0002062;-0.05;0.07;98.79;0.26;98.79;0.08062;0.07965;0.0009745;-10.935;-10.988;-30.112;1.00;123.30;
2025-11-25 11:51:25.82;0.00:00:33:368;1.00;0.00;0.00;0.08066;0.07973;-0.0001602;0.0001851;-0.06;0.07;98.84;0.23;98.84;0.08066;0.07973;0.0009384;-10.933;-10.984;-30.276;1.00;130.86;
2025-11-25 11:51:25.87;0.00:00:33:420;1.00;0.00;0.00;0.08067;0.07973;-0.0002483;0.0001966;-0.09;0.07;98.83;0.24;98.83;0.08067;0.07973;0.0009413;-10.933;-10.984;-30.263;1.00;141.63;
2025-11-25 11:51:25.93;0.00:00:33:477;1.00;0.00;0.00;0.08072;0.07976;-0.0001739;0.0001776;-0.06;0.06;98.81;0.22;98.81;0.08072;0.07976;0.0009616;-10.930;-10.982;-30.170;1.00;134.39;
2025-11-25 11:51:25.98;0.00:00:33:523;1.00;0.00;0.00;0.08062;0.07973;-0.0002152;0.0001946;-0.08;0.07;98.90;0.24;98.90;0.08062;0.07973;0.0008846;-10.936;-10.984;-30.532;1.00;137.88;
2025-11-25 11:51:26.02;0.00:00:33:569;1.00;0.00;0.00;0.08061;0.07974;-0.0001937;0.0001849;-0.07;0.07;98.92;0.23;98.92;0.08061;0.07974;0.0008699;-10.936;-10.983;-30.606;1.00;136.34;
2025-11-25 11:51:26.07;0.00:00:33:616;1.00;0.00;0.00;0.08066;0.07971;-0.0002115;0.0001914;-0.08;0.07;98.83;0.24;98.83;0.08066;0.07971;0.0009471;-10.934;-10.985;-30.236;1.00;137.85;
2025-11-25 11:51:26.11;0.00:00:33:662;1.00;0.00;0.00;0.08059;0.07965;-0.0001677;0.0001795;-0.06;0.06;98.83;0.22;98.83;0.08059;0.07965;0.0009426;-10.937;-10.988;-30.257;1.00;133.06;
2025-11-25 11:51:26.16;0.00:00:33:709;1.00;0.00;0.00;0.08065;0.07974;-0.0001823;0.0001809;-0.07;0.06;98.88;0.22;98.88;0.08065;0.07974;0.0009041;-10.934;-10.983;-30.438;1.00;135.22;
2025-11-25 11:51:26.21;0.00:00:33:756;1.00;0.00;0.00;0.08064;0.07975;-0.0001991;0.0001853;-0.07;0.07;98.90;0.23;98.90;0.08064;0.07975;0.0008879;-10.935;-10.983;-30.517;1.00;137.06;
2025-11-25 11:51:26.27;0.00:00:33:813;1.00;0.00;0.00;0.08063;0.0797;-0.0002122;0.0001877;-0.08;0.07;98.85;0.23;98.85;0.08063;0.0797;0.000926;-10.935;-10.985;-30.334;1.00;138.51;
2025-11-25 11:51:26.32;0.00:00:33:864;1.00;0.00;0.00;0.08066;0.07978;-0.0001744;0.0001757;-0.06;0.06;98.91;0.22;98.90;0.08066;0.07978;0.0008831;-10.933;-10.981;-30.540;1.00;134.79;
2025-11-25 11:51:26.37;0.00:00:33:916;1.00;0.00;0.00;0.08066;0.07977;-0.0001967;0.0001793;-0.07;0.06;98.91;0.22;98.91;0.08066;0.07978;0.000882;-10.934;-10.981;-30.545;1.00;137.65;
2025-11-25 11:51:26.42;0.00:00:33:967;1.00;0.00;0.00;0.08062;0.0797;-0.0001809;0.0001867;-0.07;0.07;98.86;0.23;98.86;0.08062;0.0797;0.0009221;-10.935;-10.985;-30.352;1.00;134.10;
2025-11-25 11:51:26.47;0.00:00:34:021;1.00;0.00;0.00;0.08064;0.07968;-0.0001966;0.0001874;-0.07;0.07;98.82;0.23;98.82;0.08064;0.07968;0.0009536;-10.935;-10.986;-30.206;1.00;136.38;
2025-11-25 11:51:26.53;0.00:00:34:079;1.00;0.00;0.00;0.08055;0.07961;-0.0002169;0.0001939;-0.08;0.07;98.83;0.24;98.83;0.08055;0.07961;0.0009413;-10.939;-10.990;-30.263;1.00;138.19;
2025-11-25 11:51:26.58;0.00:00:34:131;1.00;0.00;0.00;0.08047;0.07957;-0.0002047;0.0001732;-0.07;0.06;98.88;0.22;98.88;0.08047;0.07957;0.0009003;-10.944;-10.993;-30.456;1.00;139.77;
2025-11-25 11:51:26.64;0.00:00:34:183;1.00;0.00;0.00;0.08054;0.07961;-0.000222;0.0001807;-0.08;0.07;98.84;0.22;98.84;0.08054;0.07961;0.0009347;-10.940;-10.991;-30.293;1.00;140.86;
2025-11-25 11:51:26.69;0.00:00:34:234;1.00;0.00;0.00;0.0805;0.07962;-0.0001947;0.0001882;-0.07;0.07;98.91;0.23;98.91;0.0805;0.07962;0.0008736;-10.942;-10.990;-30.587;1.00;135.96;
2025-11-25 11:51:26.75;0.00:00:34:295;1.00;0.00;0.00;0.08052;0.07961;-0.0001996;0.0001732;-0.07;0.06;98.87;0.22;98.87;0.08052;0.07961;0.0009104;-10.941;-10.990;-30.408;1.00;139.05;
2025-11-25 11:51:26.80;0.00:00:34:346;1.00;0.00;0.00;0.0805;0.07959;-0.0001867;0.0001922;-0.07;0.07;98.87;0.24;98.87;0.0805;0.07959;0.0009059;-10.942;-10.991;-30.429;1.00;134.16;
2025-11-25 11:51:26.86;0.00:00:34:403;1.00;0.00;0.00;0.0805;0.07959;-0.0002192;0.0001768;-0.08;0.06;98.86;0.22;98.86;0.0805;0.07959;0.0009153;-10.942;-10.992;-30.384;1.00;141.11;
2025-11-25 11:51:26.91;0.00:00:34:458;1.00;0.00;0.00;0.08055;0.07964;-0.0001684;0.0001691;-0.06;0.06;98.88;0.21;98.88;0.08055;0.07964;0.0009036;-10.939;-10.988;-30.440;1.00;134.88;
2025-11-25 11:51:26.96;0.00:00:34:509;1.00;0.00;0.00;0.08053;0.07967;-0.0002001;0.0001879;-0.07;0.07;98.93;0.23;98.93;0.08053;0.07967;0.0008613;-10.940;-10.987;-30.648;1.00;136.80;
2025-11-25 11:51:27.01;0.00:00:34:561;1.00;0.00;0.00;0.08055;0.07963;-0.0001559;0.0001881;-0.06;0.07;98.86;0.23;98.86;0.08055;0.07963;0.0009166;-10.939;-10.989;-30.378;1.00;129.65;
2025-11-25 11:51:27.06;0.00:00:34:609;1.00;0.00;0.00;0.0806;0.07966;-0.0001926;0.0001815;-0.07;0.07;98.83;0.23;98.83;0.0806;0.07966;0.0009424;-10.937;-10.988;-30.258;1.00;136.71;
2025-11-25 11:51:27.12;0.00:00:34:663;1.00;0.00;0.00;0.08055;0.07969;-0.0002093;0.0001782;-0.08;0.06;98.93;0.22;98.93;0.08055;0.07969;0.0008589;-10.939;-10.986;-30.661;1.00;139.59;
2025-11-25 11:51:27.17;0.00:00:34:715;1.00;0.00;0.00;0.08058;0.07958;-0.0001635;0.0001697;-0.06;0.06;98.77;0.21;98.77;0.08058;0.07959;0.0009937;-10.938;-10.992;-30.028;1.00;133.93;
2025-11-25 11:51:27.22;0.00:00:34:766;1.00;0.00;0.00;0.08061;0.07968;-0.0002012;0.0002024;-0.07;0.07;98.85;0.25;98.85;0.08061;0.07969;0.0009252;-10.936;-10.986;-30.337;1.00;134.83;
2025-11-25 11:51:27.27;0.00:00:34:817;1.00;0.00;0.00;0.0806;0.0797;-0.0002076;0.0001819;-0.07;0.07;98.88;0.23;98.88;0.0806;0.0797;0.0008988;-10.937;-10.985;-30.463;1.00;138.78;
2025-11-25 11:51:27.31;0.00:00:34:859;1.00;0.00;0.00;0.08058;0.07962;-0.0001871;0.0001961;-0.07;0.07;98.81;0.24;98.81;0.08058;0.07962;0.0009586;-10.938;-10.990;-30.184;1.00;133.65;
2025-11-25 11:51:27.37;0.00:00:34:920;1.00;0.00;0.00;0.08047;0.07957;-0.0002469;0.0001852;-0.09;0.07;98.88;0.23;98.88;0.08047;0.07957;0.0009012;-10.944;-10.993;-30.452;1.00;143.12;
2025-11-25 11:51:27.42;0.00:00:34:971;1.00;0.00;0.00;0.08046;0.07952;-0.0002226;0.0001946;-0.08;0.07;98.84;0.24;98.84;0.08046;0.07952;0.0009355;-10.944;-10.995;-30.289;1.00;138.84;
2025-11-25 11:51:27.47;0.00:00:35:021;1.00;0.00;0.00;0.08034;0.07946;-0.000225;0.0001779;-0.08;0.06;98.91;0.22;98.91;0.08034;0.07946;0.0008775;-10.951;-10.998;-30.568;1.00;141.67;
2025-11-25 11:51:27.52;0.00:00:35:072;1.00;0.00;0.00;0.08037;0.07947;-0.0001799;0.0001714;-0.06;0.06;98.87;0.21;98.87;0.08037;0.07947;0.0009062;-10.949;-10.998;-30.428;1.00;136.38;
2025-11-25 11:51:27.58;0.00:00:35:123;1.00;0.00;0.00;0.08041;0.07953;-0.0001871;0.0001758;-0.07;0.06;98.91;0.22;98.91;0.08041;0.07953;0.0008764;-10.947;-10.995;-30.573;1.00;136.78;
2025-11-25 11:51:27.63;0.00:00:35:174;1.00;0.00;0.00;0.08039;0.07951;-0.0001858;0.0001926;-0.07;0.07;98.90;0.24;98.90;0.08039;0.07951;0.0008819;-10.948;-10.996;-30.546;1.00;133.98;
2025-11-25 11:51:27.68;0.00:00:35:226;1.00;0.00;0.00;0.0804;0.07945;-0.0002081;0.0001837;-0.08;0.07;98.81;0.23;98.81;0.0804;0.07945;0.0009543;-10.947;-10.999;-30.203;1.00;138.56;
2025-11-25 11:51:27.72;0.00:00:35:268;1.00;0.00;0.00;0.08031;0.07946;-0.0001974;0.0001765;-0.07;0.06;98.94;0.22;98.94;0.08031;0.07946;0.0008521;-10.952;-10.999;-30.695;1.00;138.20;
2025-11-25 11:51:27.78;0.00:00:35:328;1.00;0.00;0.00;0.08032;0.0794;-0.0001951;0.000168;-0.07;0.06;98.86;0.21;98.86;0.08032;0.0794;0.0009168;-10.952;-11.002;-30.377;1.00;139.26;
2025-11-25 11:51:27.83;0.00:00:35:378;1.00;0.00;0.00;0.08034;0.07946;-0.0002268;0.0001578;-0.08;0.06;98.91;0.20;98.91;0.08034;0.07946;0.0008794;-10.950;-10.998;-30.558;1.00;145.17;
2025-11-25 11:51:27.88;0.00:00:35:430;1.00;0.00;0.00;0.08044;0.07957;-0.0001883;0.0001666;-0.07;0.06;98.91;0.21;98.91;0.08044;0.07957;0.0008737;-10.945;-10.993;-30.587;1.00;138.50;
2025-11-25 11:51:27.94;0.00:00:35:491;1.00;0.00;0.00;0.08037;0.07946;-0.0002182;0.0001915;-0.08;0.07;98.87;0.24;98.86;0.08037;0.07946;0.0009121;-10.949;-10.999;-30.400;1.00;138.72;
2025-11-25 11:51:28.00;0.00:00:35:543;1.00;0.00;0.00;0.08038;0.07943;-0.0002237;0.000193;-0.08;0.07;98.83;0.24;98.83;0.08038;0.07943;0.0009429;-10.949;-11.000;-30.255;1.00;139.22;
2025-11-25 11:51:28.05;0.00:00:35:594;1.00;0.00;0.00;0.08039;0.07949;-0.0001814;0.0001819;-0.07;0.07;98.89;0.23;98.89;0.08039;0.07949;0.0008958;-10.948;-10.997;-30.478;1.00;134.91;
2025-11-25 11:51:28.10;0.00:00:35:645;1.00;0.00;0.00;0.08044;0.07951;-0.0001908;0.0001891;-0.07;0.07;98.85;0.24;98.85;0.08044;0.07951;0.0009286;-10.945;-10.996;-30.322;1.00;135.26;
2025-11-25 11:51:28.15;0.00:00:35:696;1.00;0.00;0.00;0.08043;0.07958;-0.0001765;0.0001976;-0.06;0.07;98.94;0.25;98.94;0.08043;0.07958;0.0008559;-10.946;-10.992;-30.676;1.00;131.77;
2025-11-25 11:51:28.20;0.00:00:35:747;1.00;0.00;0.00;0.08047;0.07956;-0.0001562;0.0001984;-0.06;0.07;98.88;0.25;98.88;0.08047;0.07956;0.0009016;-10.944;-10.993;-30.450;1.00;128.21;
2025-11-25 11:51:28.26;0.00:00:35:805;1.00;0.00;0.00;0.08048;0.07956;-0.0002212;0.0001668;-0.08;0.06;98.85;0.21;98.85;0.08048;0.07956;0.0009233;-10.943;-10.993;-30.347;1.00;142.99;
2025-11-25 11:51:28.31;0.00:00:35:853;1.00;0.00;0.00;0.08044;0.07955;-0.0002071;0.0001861;-0.07;0.07;98.89;0.23;98.89;0.08044;0.07955;0.0008906;-10.945;-10.994;-30.503;1.00;138.05;
2025-11-25 11:51:28.35;0.00:00:35:899;1.00;0.00;0.00;0.08052;0.07958;-0.0001907;0.0001783;-0.07;0.06;98.83;0.22;98.83;0.08052;0.07958;0.0009458;-10.941;-10.992;-30.242;1.00;136.92;
2025-11-25 11:51:28.40;0.00:00:35:945;1.00;0.00;0.00;0.08055;0.07962;-0.0001787;0.0002008;-0.06;0.07;98.84;0.25;98.84;0.08055;0.07962;0.0009374;-10.939;-10.990;-30.281;1.00;131.67;
2025-11-25 11:51:28.44;0.00:00:35:993;1.00;0.00;0.00;0.08052;0.07961;-0.0002426;0.0001974;-0.09;0.07;98.87;0.25;98.87;0.08052;0.07961;0.0009132;-10.941;-10.990;-30.394;1.00;140.86;
2025-11-25 11:51:28.49;0.00:00:36:038;1.00;0.00;0.00;0.08062;0.07974;-0.0001938;0.0001828;-0.07;0.07;98.90;0.23;98.90;0.08062;0.07974;0.0008829;-10.935;-10.983;-30.541;1.00;136.67;
2025-11-25 11:51:28.54;0.00:00:36:085;1.00;0.00;0.00;0.08063;0.07969;-0.0002137;0.0001745;-0.08;0.06;98.84;0.22;98.84;0.08063;0.07969;0.0009385;-10.935;-10.986;-30.276;1.00;140.76;
2025-11-25 11:51:28.59;0.00:00:36:134;1.00;0.00;0.00;0.08065;0.07971;-0.000228;0.0001842;-0.08;0.07;98.84;0.23;98.84;0.08065;0.07971;0.0009347;-10.934;-10.985;-30.293;1.00;141.06;
2025-11-25 11:51:28.63;0.00:00:36:179;1.00;0.00;0.00;0.0807;0.07978;-0.0002004;0.0002064;-0.07;0.07;98.86;0.26;98.86;0.0807;0.07978;0.0009203;-10.931;-10.981;-30.361;1.00;134.16;
2025-11-25 11:51:28.68;0.00:00:36:226;1.00;0.00;0.00;0.08068;0.07975;-0.0002222;0.0002003;-0.08;0.07;98.86;0.25;98.86;0.08068;0.07976;0.0009209;-10.933;-10.982;-30.358;1.00;137.97;
2025-11-25 11:51:28.72;0.00:00:36:272;1.00;0.00;0.00;0.0806;0.07972;-0.0002013;0.0001915;-0.07;0.07;98.91;0.24;98.91;0.0806;0.07972;0.0008815;-10.937;-10.985;-30.548;1.00;136.44;
2025-11-25 11:51:28.77;0.00:00:36:319;1.00;0.00;0.00;0.08052;0.07961;-0.0002111;0.000186;-0.08;0.07;98.86;0.23;98.86;0.08052;0.07961;0.0009141;-10.941;-10.990;-30.390;1.00;138.62;
2025-11-25 11:51:28.82;0.00:00:36:366;1.00;0.00;0.00;0.08059;0.07962;-0.0001224;0.0001737;-0.04;0.06;98.79;0.22;98.79;0.08059;0.07962;0.0009731;-10.937;-10.990;-30.119;1.00;125.18;
2025-11-25 11:51:28.87;0.00:00:36:413;1.00;0.00;0.00;0.08063;0.07971;-0.0001954;0.000195;-0.07;0.07;98.86;0.24;98.86;0.08063;0.07972;0.0009175;-10.935;-10.985;-30.374;1.00;135.06;
2025-11-25 11:51:28.91;0.00:00:36:460;1.00;0.00;0.00;0.08065;0.07976;-0.0002376;0.0001909;-0.09;0.07;98.89;0.24;98.89;0.08065;0.07976;0.0008947;-10.934;-10.982;-30.483;1.00;141.22;
2025-11-25 11:51:28.96;0.00:00:36:506;1.00;0.00;0.00;0.08061;0.0797;-0.0002088;0.0001897;-0.08;0.07;98.87;0.24;98.87;0.08061;0.0797;0.0009092;-10.936;-10.985;-30.414;1.00;137.75;
2025-11-25 11:51:29.01;0.00:00:36:554;1.00;0.00;0.00;0.08066;0.07974;-0.0001885;0.0001934;-0.07;0.07;98.85;0.24;98.85;0.08066;0.07974;0.0009243;-10.933;-10.983;-30.342;1.00;134.27;
2025-11-25 11:51:29.05;0.00:00:36:600;1.00;0.00;0.00;0.08067;0.07976;-0.0001856;0.0001864;-0.07;0.07;98.86;0.23;98.86;0.08067;0.07976;0.000917;-10.933;-10.982;-30.376;1.00;134.88;
2025-11-25 11:51:29.10;0.00:00:36:647;1.00;0.00;0.00;0.08063;0.07974;-0.0001879;0.0001778;-0.07;0.06;98.90;0.22;98.90;0.08063;0.07974;0.0008878;-10.935;-10.983;-30.517;1.00;136.58;
2025-11-25 11:51:29.15;0.00:00:36:694;1.00;0.00;0.00;0.08057;0.07965;-0.0001772;0.0002006;-0.06;0.07;98.86;0.25;98.86;0.08057;0.07965;0.0009217;-10.938;-10.988;-30.354;1.00;131.45;
2025-11-25 11:51:29.19;0.00:00:36:742;1.00;0.00;0.00;0.08058;0.07967;-0.0002066;0.0001744;-0.07;0.06;98.88;0.22;98.88;0.08058;0.07968;0.0009029;-10.938;-10.987;-30.444;1.00;139.83;
2025-11-25 11:51:29.26;0.00:00:36:803;1.00;0.00;0.00;0.08058;0.07968;-0.0001878;0.00019;-0.07;0.07;98.89;0.24;98.89;0.08058;0.07968;0.0008975;-10.938;-10.987;-30.470;1.00;134.68;
2025-11-25 11:51:29.30;0.00:00:36:849;1.00;0.00;0.00;0.08058;0.07962;-0.0001756;0.0001858;-0.06;0.07;98.80;0.23;98.80;0.08058;0.07962;0.0009667;-10.938;-10.990;-30.147;1.00;133.37;
2025-11-25 11:51:29.35;0.00:00:36:896;1.00;0.00;0.00;0.08051;0.07964;-0.0002136;0.0001933;-0.08;0.07;98.93;0.24;98.93;0.08051;0.07964;0.0008611;-10.942;-10.988;-30.650;1.00;137.85;
2025-11-25 11:51:29.40;0.00:00:36:943;1.00;0.00;0.00;0.08042;0.0795;-0.0002421;0.000171;-0.09;0.06;98.86;0.21;98.86;0.08042;0.0795;0.0009127;-10.947;-10.996;-30.397;1.00;144.76;
2025-11-25 11:51:29.44;0.00:00:36:991;1.00;0.00;0.00;0.08043;0.0795;-0.0002199;0.0001744;-0.08;0.06;98.84;0.22;98.84;0.08043;0.0795;0.0009333;-10.946;-10.996;-30.300;1.00;141.59;
2025-11-25 11:51:29.49;0.00:00:37:038;1.00;0.00;0.00;0.08045;0.07957;-0.000187;0.0001693;-0.07;0.06;98.90;0.21;98.90;0.08045;0.07957;0.0008844;-10.945;-10.993;-30.533;1.00;137.86;
2025-11-25 11:51:29.54;0.00:00:37:085;1.00;0.00;0.00;0.08052;0.07958;-0.0001729;0.0001791;-0.06;0.06;98.82;0.22;98.82;0.08052;0.07958;0.0009471;-10.941;-10.992;-30.236;1.00;133.99;
2025-11-25 11:51:29.58;0.00:00:37:132;1.00;0.00;0.00;0.0806;0.07968;-0.00019;0.0001703;-0.07;0.06;98.86;0.21;98.86;0.0806;0.07968;0.0009148;-10.937;-10.986;-30.387;1.00;138.13;
2025-11-25 11:51:29.63;0.00:00:37:179;1.00;0.00;0.00;0.08059;0.07965;-0.0001668;0.0001779;-0.06;0.06;98.84;0.22;98.84;0.08059;0.07965;0.0009336;-10.937;-10.988;-30.298;1.00;133.16;
2025-11-25 11:51:29.68;0.00:00:37:226;1.00;0.00;0.00;0.08064;0.07968;-0.000158;0.0002042;-0.06;0.07;98.82;0.25;98.82;0.08064;0.07968;0.0009549;-10.935;-10.986;-30.200;1.00;127.72;
2025-11-25 11:51:29.72;0.00:00:37:272;1.00;0.00;0.00;0.08055;0.07967;-0.0002347;0.0001864;-0.08;0.07;98.91;0.23;98.91;0.08055;0.07967;0.0008814;-10.939;-10.987;-30.548;1.00;141.55;
2025-11-25 11:51:29.77;0.00:00:37:319;1.00;0.00;0.00;0.08042;0.07947;-0.000186;0.0001905;-0.07;0.07;98.82;0.24;98.82;0.08042;0.07947;0.0009455;-10.947;-10.998;-30.243;1.00;134.33;
2025-11-25 11:51:29.82;0.00:00:37:367;1.00;0.00;0.00;0.08055;0.07961;-0.0001591;0.0001655;-0.06;0.06;98.84;0.21;98.84;0.08055;0.07961;0.0009356;-10.940;-10.990;-30.289;1.00;133.87;
2025-11-25 11:51:29.87;0.00:00:37:414;1.00;0.00;0.00;0.0806;0.07972;-0.0002021;0.0001719;-0.07;0.06;98.90;0.21;98.90;0.0806;0.07972;0.0008844;-10.937;-10.984;-30.534;1.00;139.62;
2025-11-25 11:51:29.91;0.00:00:37:461;1.00;0.00;0.00;0.08062;0.07972;-0.0001838;0.0001834;-0.07;0.07;98.89;0.23;98.89;0.08062;0.07972;0.0008986;-10.936;-10.984;-30.464;1.00;135.06;
2025-11-25 11:51:29.96;0.00:00:37:508;1.00;0.00;0.00;0.08068;0.07976;-0.0001531;0.0001884;-0.05;0.07;98.85;0.23;98.85;0.08068;0.07976;0.0009276;-10.932;-10.982;-30.326;1.00;129.10;
2025-11-25 11:51:30.01;0.00:00:37:554;1.00;0.00;0.00;0.08068;0.07974;-0.0002068;0.0001763;-0.07;0.06;98.83;0.22;98.83;0.08068;0.07974;0.0009404;-10.932;-10.983;-30.267;1.00;139.55;
2025-11-25 11:51:30.05;0.00:00:37:601;1.00;0.00;0.00;0.08067;0.07975;-0.0001863;0.0001805;-0.07;0.06;98.86;0.22;98.86;0.08067;0.07975;0.0009206;-10.933;-10.983;-30.359;1.00;135.90;
2025-11-25 11:51:30.10;0.00:00:37:649;1.00;0.00;0.00;0.08069;0.07975;-0.0001936;0.000201;-0.07;0.07;98.84;0.25;98.84;0.08069;0.07975;0.0009327;-10.932;-10.982;-30.303;1.00;133.92;
2025-11-25 11:51:30.15;0.00:00:37:696;1.00;0.00;0.00;0.08073;0.07982;-0.000221;0.0001753;-0.08;0.06;98.87;0.22;98.87;0.08073;0.07982;0.000909;-10.930;-10.979;-30.415;1.00;141.57;
2025-11-25 11:51:30.20;0.00:00:37:743;1.00;0.00;0.00;0.08069;0.07983;-0.0001783;0.0001985;-0.06;0.07;98.93;0.25;98.93;0.08069;0.07983;0.0008628;-10.932;-10.978;-30.641;1.00;131.93;
2025-11-25 11:51:30.25;0.00:00:37:793;1.00;0.00;0.00;0.08068;0.07975;-0.0001928;0.0002006;-0.07;0.07;98.86;0.25;98.86;0.08068;0.07976;0.0009226;-10.932;-10.982;-30.350;1.00;133.86;
2025-11-25 11:51:30.30;0.00:00:37:844;1.00;0.00;0.00;0.08059;0.07965;-0.0001777;0.0001897;-0.06;0.07;98.84;0.24;98.84;0.08059;0.07965;0.0009363;-10.937;-10.988;-30.286;1.00;133.13;
2025-11-25 11:51:30.35;0.00:00:37:900;1.00;0.00;0.00;0.08045;0.07951;-0.0001838;0.0001908;-0.07;0.07;98.83;0.24;98.83;0.08045;0.07951;0.0009405;-10.945;-10.996;-30.266;1.00;133.93;
2025-11-25 11:51:30.40;0.00:00:37:952;1.00;0.00;0.00;0.08035;0.07947;-0.0001911;0.0001813;-0.07;0.07;98.91;0.23;98.91;0.08035;0.07947;0.0008777;-10.950;-10.998;-30.566;1.00;136.51;
2025-11-25 11:51:30.46;0.00:00:38:007;1.00;0.00;0.00;0.08036;0.07944;-0.0001826;0.0001694;-0.07;0.06;98.86;0.21;98.86;0.08036;0.07944;0.0009166;-10.950;-10.999;-30.378;1.00;137.14;
2025-11-25 11:51:30.52;0.00:00:38:069;1.00;0.00;0.00;0.08045;0.07955;-0.0001824;0.0001638;-0.07;0.06;98.88;0.20;98.88;0.08045;0.07955;0.0008978;-10.945;-10.994;-30.468;1.00;138.07;
2025-11-25 11:51:30.58;0.00:00:38:130;1.00;0.00;0.00;0.08044;0.07957;-0.0001736;0.0001836;-0.06;0.07;98.91;0.23;98.91;0.08044;0.07957;0.0008772;-10.945;-10.993;-30.569;1.00;133.39;
2025-11-25 11:51:30.63;0.00:00:38:182;1.00;0.00;0.00;0.08049;0.07958;-0.0002153;0.0001792;-0.08;0.06;98.87;0.22;98.87;0.08049;0.07958;0.0009131;-10.943;-10.992;-30.395;1.00;140.24;
2025-11-25 11:51:30.68;0.00:00:38:223;1.00;0.00;0.00;0.0805;0.07958;-0.0002028;0.0001895;-0.07;0.07;98.85;0.24;98.85;0.0805;0.07958;0.0009268;-10.942;-10.992;-30.330;1.00;136.94;
2025-11-25 11:51:30.74;0.00:00:38:284;1.00;0.00;0.00;0.08061;0.07966;-0.0002015;0.0001996;-0.07;0.07;98.83;0.25;98.83;0.08061;0.07966;0.0009454;-10.936;-10.987;-30.244;1.00;135.27;
2025-11-25 11:51:30.79;0.00:00:38:335;1.00;0.00;0.00;0.08059;0.07969;-0.0002043;0.0001923;-0.07;0.07;98.89;0.24;98.89;0.08059;0.07969;0.0008919;-10.937;-10.986;-30.497;1.00;136.73;
2025-11-25 11:51:30.85;0.00:00:38:398;1.00;0.00;0.00;0.08063;0.07973;-0.0001508;0.0001772;-0.05;0.06;98.87;0.22;98.87;0.08063;0.07973;0.0009075;-10.935;-10.984;-30.422;1.00;130.39;
2025-11-25 11:51:30.90;0.00:00:38:449;1.00;0.00;0.00;0.08067;0.07981;-0.0002167;0.0001874;-0.08;0.07;98.94;0.23;98.94;0.08067;0.07981;0.0008557;-10.933;-10.979;-30.677;1.00;139.15;
2025-11-25 11:51:30.94;0.00:00:38:491;1.00;0.00;0.00;0.08068;0.07979;-0.0001759;0.0002138;-0.06;0.08;98.90;0.27;98.89;0.08068;0.07979;0.0008913;-10.933;-10.981;-30.500;1.00;129.43;
2025-11-25 11:51:31.00;0.00:00:38:547;1.00;0.00;0.00;0.08066;0.07977;-0.0002001;0.0001891;-0.07;0.07;98.89;0.23;98.89;0.08066;0.07977;0.0008943;-10.933;-10.982;-30.485;1.00;136.62;
2025-11-25 11:51:31.04;0.00:00:38:592;1.00;0.00;0.00;0.08062;0.07971;-0.0001986;0.0001846;-0.07;0.07;98.88;0.23;98.88;0.08062;0.07971;0.0009062;-10.936;-10.985;-30.428;1.00;137.09;
2025-11-25 11:51:31.10;0.00:00:38:643;1.00;0.00;0.00;0.08059;0.07971;-0.0002007;0.000194;-0.07;0.07;98.90;0.24;98.90;0.08059;0.07971;0.0008827;-10.937;-10.985;-30.542;1.00;135.97;
2025-11-25 11:51:31.15;0.00:00:38:694;1.00;0.00;0.00;0.08053;0.07964;-0.0002316;0.0001876;-0.08;0.07;98.90;0.23;98.90;0.08053;0.07964;0.0008884;-10.940;-10.988;-30.514;1.00;140.99;
2025-11-25 11:51:31.20;0.00:00:38:746;1.00;0.00;0.00;0.0805;0.0796;-0.0001607;0.0001557;-0.06;0.06;98.88;0.19;98.88;0.0805;0.0796;0.0009031;-10.942;-10.991;-30.443;1.00;135.90;
2025-11-25 11:51:31.26;0.00:00:38:808;1.00;0.00;0.00;0.0806;0.07967;-0.000178;0.0001858;-0.06;0.07;98.84;0.23;98.84;0.0806;0.07967;0.0009345;-10.937;-10.987;-30.294;1.00;133.77;
2025-11-25 11:51:31.31;0.00:00:38:854;1.00;0.00;0.00;0.08057;0.07972;-0.0001823;0.0001823;-0.07;0.07;98.94;0.23;98.94;0.08057;0.07972;0.0008506;-10.938;-10.984;-30.703;1.00;135.01;
2025-11-25 11:51:31.36;0.00:00:38:903;1.00;0.00;0.00;0.08061;0.07967;-0.0002053;0.0001868;-0.07;0.07;98.84;0.23;98.84;0.08061;0.07967;0.0009386;-10.936;-10.987;-30.275;1.00;137.71;
2025-11-25 11:51:31.40;0.00:00:38:951;1.00;0.00;0.00;0.0807;0.07979;-0.0001908;0.0001698;-0.07;0.06;98.88;0.21;98.88;0.0807;0.07979;0.0009024;-10.932;-10.980;-30.446;1.00;138.33;
2025-11-25 11:51:31.45;0.00:00:39:002;1.00;0.00;0.00;0.08071;0.07982;-0.0002261;0.0001891;-0.08;0.07;98.90;0.23;98.90;0.08071;0.07982;0.0008864;-10.931;-10.979;-30.524;1.00;140.08;
2025-11-25 11:51:31.50;0.00:00:39:051;1.00;0.00;0.00;0.0807;0.07977;-0.0001986;0.0001964;-0.07;0.07;98.85;0.24;98.85;0.0807;0.07977;0.0009291;-10.931;-10.982;-30.320;1.00;135.32;
2025-11-25 11:51:31.56;0.00:00:39:104;1.00;0.00;0.00;0.08065;0.07979;-0.000172;0.0001829;-0.06;0.07;98.93;0.23;98.93;0.08065;0.07979;0.0008596;-10.934;-10.980;-30.657;1.00;133.23;
2025-11-25 11:51:31.61;0.00:00:39:155;1.00;0.00;0.00;0.08064;0.07967;-0.0002149;0.0001947;-0.08;0.07;98.80;0.24;98.80;0.08064;0.07967;0.0009669;-10.935;-10.987;-30.146;1.00;137.83;
2025-11-25 11:51:31.66;0.00:00:39:207;1.00;0.00;0.00;0.08059;0.07971;-0.0002028;0.0001761;-0.07;0.06;98.91;0.22;98.91;0.08059;0.07971;0.00088;-10.937;-10.985;-30.555;1.00;139.03;
2025-11-25 11:51:31.71;0.00:00:39:258;1.00;0.00;0.00;0.08053;0.07969;-0.000233;0.0001802;-0.08;0.06;98.95;0.22;98.95;0.08053;0.07969;0.0008465;-10.940;-10.986;-30.724;1.00;142.28;
2025-11-25 11:51:31.76;0.00:00:39:310;1.00;0.00;0.00;0.08053;0.07964;-0.0002199;0.0001892;-0.08;0.07;98.89;0.23;98.89;0.08053;0.07964;0.0008968;-10.940;-10.989;-30.473;1.00;139.30;
2025-11-25 11:51:31.81;0.00:00:39:361;1.00;0.00;0.00;0.08055;0.07962;-0.0001889;0.0001759;-0.07;0.06;98.84;0.22;98.84;0.08055;0.07962;0.0009308;-10.940;-10.990;-30.311;1.00;137.03;
2025-11-25 11:51:31.86;0.00:00:39:412;1.00;0.00;0.00;0.0805;0.07961;-0.0001851;0.0001827;-0.07;0.07;98.90;0.23;98.90;0.0805;0.07961;0.0008868;-10.942;-10.990;-30.522;1.00;135.38;
2025-11-25 11:51:31.92;0.00:00:39:463;1.00;0.00;0.00;0.08035;0.07951;-0.0002347;0.0001877;-0.08;0.07;98.95;0.23;98.95;0.08035;0.07951;0.0008436;-10.950;-10.996;-30.739;1.00;141.35;
2025-11-25 11:51:31.96;0.00:00:39:509;1.00;0.00;0.00;0.08031;0.07944;-0.0002063;0.0001843;-0.07;0.07;98.92;0.23;98.92;0.08031;0.07944;0.0008696;-10.952;-10.999;-30.607;1.00;138.23;
2025-11-25 11:51:32.01;0.00:00:39:561;1.00;0.00;0.00;0.08035;0.07942;-0.0001511;0.0001777;-0.05;0.06;98.85;0.22;98.85;0.08035;0.07942;0.0009247;-10.950;-11.001;-30.340;1.00;130.38;
2025-11-25 11:51:32.06;0.00:00:39:612;1.00;0.00;0.00;0.08049;0.07957;-0.0002128;0.0001936;-0.08;0.07;98.86;0.24;98.86;0.08049;0.07957;0.00092;-10.943;-10.993;-30.362;1.00;137.70;
2025-11-25 11:51:32.11;0.00:00:39:662;1.00;0.00;0.00;0.08046;0.07959;-0.0001933;0.0001809;-0.07;0.07;98.91;0.22;98.91;0.08046;0.07959;0.0008733;-10.944;-10.991;-30.588;1.00;136.90;
2025-11-25 11:51:32.17;0.00:00:39:713;1.00;0.00;0.00;0.08051;0.0796;-0.000164;0.0002023;-0.06;0.07;98.87;0.25;98.87;0.08051;0.0796;0.0009128;-10.941;-10.991;-30.396;1.00;129.03;
2025-11-25 11:51:32.21;0.00:00:39:760;1.00;0.00;0.00;0.08052;0.0796;-0.0001915;0.0001895;-0.07;0.07;98.86;0.24;98.86;0.08052;0.0796;0.0009145;-10.941;-10.991;-30.388;1.00;135.30;
2025-11-25 11:51:32.26;0.00:00:39:807;1.00;0.00;0.00;0.08059;0.07969;-0.0002006;0.0001979;-0.07;0.07;98.88;0.25;98.88;0.08059;0.07969;0.0009047;-10.937;-10.986;-30.435;1.00;135.38;
2025-11-25 11:51:32.31;0.00:00:39:853;1.00;0.00;0.00;0.08055;0.07969;-0.000212;0.0001841;-0.08;0.07;98.92;0.23;98.92;0.08055;0.07969;0.000868;-10.939;-10.986;-30.615;1.00;139.03;
2025-11-25 11:51:32.35;0.00:00:39:900;1.00;0.00;0.00;0.08054;0.07964;-0.0002326;0.0001827;-0.08;0.07;98.88;0.23;98.88;0.08054;0.07964;0.0009016;-10.940;-10.989;-30.450;1.00;141.85;
2025-11-25 11:51:32.40;0.00:00:39:947;1.00;0.00;0.00;0.08061;0.0797;-0.0001782;0.0001812;-0.06;0.07;98.86;0.22;98.86;0.08061;0.0797;0.000916;-10.936;-10.986;-30.381;1.00;134.51;
2025-11-25 11:51:32.45;0.00:00:39:995;1.00;0.00;0.00;0.0807;0.07972;-0.0001903;0.0001667;-0.07;0.06;98.79;0.21;98.79;0.0807;0.07972;0.0009792;-10.931;-10.984;-30.091;1.00;138.78;
2025-11-25 11:51:32.49;0.00:00:40:042;1.00;0.00;0.00;0.08072;0.0798;-0.0001975;0.0001871;-0.07;0.07;98.87;0.23;98.87;0.08072;0.0798;0.0009158;-10.930;-10.980;-30.382;1.00;136.55;
2025-11-25 11:51:32.54;0.00:00:40:088;1.00;0.00;0.00;0.08074;0.07979;-0.0002059;0.0002001;-0.07;0.07;98.82;0.25;98.82;0.08074;0.07979;0.0009556;-10.929;-10.981;-30.197;1.00;135.82;
2025-11-25 11:51:32.59;0.00:00:40:135;1.00;0.00;0.00;0.08068;0.07976;-0.000235;0.0002013;-0.08;0.07;98.86;0.25;98.86;0.08068;0.07976;0.0009178;-10.932;-10.982;-30.373;1.00;139.42;
2025-11-25 11:51:32.63;0.00:00:40:182;1.00;0.00;0.00;0.08056;0.07963;-0.0002313;0.0001718;-0.08;0.06;98.84;0.21;98.84;0.08056;0.07963;0.0009356;-10.939;-10.989;-30.289;1.00;143.40;
2025-11-25 11:51:32.69;0.00:00:40:234;1.00;0.00;0.00;0.08049;0.07958;-0.000199;0.0001748;-0.07;0.06;98.87;0.22;98.87;0.08049;0.07958;0.0009105;-10.943;-10.992;-30.407;1.00;138.70;
2025-11-25 11:51:32.74;0.00:00:40:291;1.00;0.00;0.00;0.08051;0.0796;-0.0001872;0.0001719;-0.07;0.06;98.87;0.21;98.87;0.08051;0.0796;0.0009114;-10.941;-10.991;-30.403;1.00;137.43;
2025-11-25 11:51:32.79;0.00:00:40:337;1.00;0.00;0.00;0.08051;0.07956;-0.0001951;0.0001791;-0.07;0.06;98.83;0.22;98.83;0.08051;0.07956;0.0009408;-10.942;-10.993;-30.265;1.00;137.46;
2025-11-25 11:51:32.84;0.00:00:40:386;1.00;0.00;0.00;0.08049;0.07957;-0.0001974;0.0001787;-0.07;0.06;98.86;0.22;98.86;0.08049;0.07957;0.0009197;-10.942;-10.992;-30.363;1.00;137.84;
2025-11-25 11:51:32.88;0.00:00:40:432;1.00;0.00;0.00;0.08047;0.07957;-0.0001451;0.0001842;-0.05;0.07;98.89;0.23;98.89;0.08047;0.07957;0.0008969;-10.944;-10.993;-30.473;1.00;128.24;
2025-11-25 11:51:32.93;0.00:00:40:479;1.00;0.00;0.00;0.08047;0.07956;-0.0001759;0.0001774;-0.06;0.06;98.88;0.22;98.88;0.08047;0.07956;0.0009012;-10.944;-10.993;-30.452;1.00;134.75;
2025-11-25 11:51:32.98;0.00:00:40:525;1.00;0.00;0.00;0.0804;0.07954;-0.0001862;0.0001838;-0.07;0.07;98.93;0.23;98.93;0.0804;0.07954;0.0008579;-10.947;-10.994;-30.665;1.00;135.37;
2025-11-25 11:51:33.02;0.00:00:40:572;1.00;0.00;0.00;0.08038;0.07946;-0.0001495;0.0001732;-0.05;0.06;98.86;0.22;98.86;0.08038;0.07946;0.0009188;-10.949;-10.998;-30.368;1.00;130.80;
2025-11-25 11:51:33.07;0.00:00:40:619;1.00;0.00;0.00;0.08027;0.07936;-0.0001976;0.000211;-0.07;0.08;98.87;0.26;98.87;0.08027;0.07936;0.0009087;-10.955;-11.004;-30.416;1.00;133.12;
2025-11-25 11:51:33.12;0.00:00:40:665;1.00;0.00;0.00;0.08031;0.07935;-0.0001952;0.0001966;-0.07;0.07;98.80;0.24;98.80;0.08031;0.07935;0.0009663;-10.952;-11.005;-30.149;1.00;134.79;
2025-11-25 11:51:33.16;0.00:00:40:712;1.00;0.00;0.00;0.08035;0.0794;-0.0001873;0.0001761;-0.07;0.06;98.81;0.22;98.81;0.08035;0.0794;0.0009546;-10.950;-11.002;-30.202;1.00;136.77;
2025-11-25 11:51:33.21;0.00:00:40:759;1.00;0.00;0.00;0.08044;0.07956;-0.0001797;0.0001906;-0.06;0.07;98.90;0.24;98.90;0.08044;0.07956;0.0008837;-10.945;-10.993;-30.537;1.00;133.31;
2025-11-25 11:51:33.26;0.00:00:40:806;1.00;0.00;0.00;0.08047;0.07959;-0.0001992;0.0001801;-0.07;0.06;98.90;0.22;98.90;0.08047;0.07959;0.0008831;-10.944;-10.992;-30.540;1.00;137.88;
2025-11-25 11:51:33.31;0.00:00:40:853;1.00;0.00;0.00;0.08047;0.07953;-0.0002318;0.0001996;-0.08;0.07;98.83;0.25;98.83;0.08047;0.07953;0.0009426;-10.943;-10.995;-30.257;1.00;139.27;
2025-11-25 11:51:33.35;0.00:00:40:900;1.00;0.00;0.00;0.08046;0.07955;-0.0002145;0.0002089;-0.08;0.08;98.87;0.26;98.87;0.08046;0.07955;0.0009057;-10.944;-10.994;-30.430;1.00;135.75;
2025-11-25 11:51:33.40;0.00:00:40:946;1.00;0.00;0.00;0.08045;0.07953;-0.0002041;0.0001668;-0.07;0.06;98.86;0.21;98.86;0.08045;0.07953;0.0009156;-10.945;-10.995;-30.383;1.00;140.73;
2025-11-25 11:51:33.45;0.00:00:40:993;1.00;0.00;0.00;0.0805;0.07951;-0.0001763;0.0001738;-0.06;0.06;98.77;0.22;98.77;0.0805;0.07951;0.0009862;-10.942;-10.996;-30.060;1.00;135.41;
2025-11-25 11:51:33.49;0.00:00:41:040;1.00;0.00;0.00;0.08053;0.0796;-0.0001688;0.0002216;-0.06;0.08;98.85;0.28;98.85;0.08053;0.0796;0.000929;-10.941;-10.991;-30.320;1.00;127.30;
2025-11-25 11:51:33.54;0.00:00:41:088;1.00;0.00;0.00;0.08055;0.07956;-0.0002063;0.0001758;-0.07;0.06;98.77;0.22;98.77;0.08055;0.07956;0.0009895;-10.939;-10.993;-30.046;1.00;139.56;
2025-11-25 11:51:33.60;0.00:00:41:151;1.00;0.00;0.00;0.08032;0.07949;-0.0001907;0.0001812;-0.07;0.07;98.97;0.23;98.97;0.08032;0.07949;0.0008236;-10.952;-10.997;-30.843;1.00;136.46;
2025-11-25 11:51:33.65;0.00:00:41:198;1.00;0.00;0.00;0.08042;0.07948;-0.0002116;0.0001787;-0.08;0.06;98.84;0.22;98.84;0.08042;0.07948;0.0009317;-10.947;-10.997;-30.307;1.00;139.83;
2025-11-25 11:51:33.70;0.00:00:41:244;1.00;0.00;0.00;0.08047;0.07956;-0.0001914;0.000184;-0.07;0.07;98.86;0.23;98.86;0.08047;0.07956;0.0009164;-10.943;-10.993;-30.379;1.00;136.13;
2025-11-25 11:51:33.74;0.00:00:41:290;1.00;0.00;0.00;0.08052;0.07955;-0.0001992;0.0001808;-0.07;0.07;98.80;0.22;98.80;0.08052;0.07955;0.0009691;-10.941;-10.994;-30.136;1.00;137.77;
2025-11-25 11:51:33.79;0.00:00:41:338;1.00;0.00;0.00;0.08043;0.07954;-0.0001776;0.000189;-0.06;0.07;98.89;0.23;98.89;0.08043;0.07954;0.0008935;-10.946;-10.994;-30.489;1.00;133.23;
2025-11-25 11:51:33.84;0.00:00:41:385;1.00;0.00;0.00;0.08047;0.0796;-0.0001606;0.0001912;-0.06;0.07;98.92;0.24;98.92;0.08047;0.0796;0.0008719;-10.944;-10.991;-30.595;1.00;130.03;
2025-11-25 11:51:33.89;0.00:00:41:433;1.00;0.00;0.00;0.08059;0.07964;-0.0002048;0.0001927;-0.07;0.07;98.82;0.24;98.82;0.08059;0.07964;0.0009526;-10.937;-10.989;-30.211;1.00;136.75;
2025-11-25 11:51:33.93;0.00:00:41:481;1.00;0.00;0.00;0.08052;0.07963;-0.0001966;0.0001871;-0.07;0.07;98.90;0.23;98.90;0.08052;0.07963;0.0008895;-10.941;-10.989;-30.509;1.00;136.42;
2025-11-25 11:51:33.99;0.00:00:41:542;1.00;0.00;0.00;0.08052;0.07955;-0.0001936;0.0001765;-0.07;0.06;98.79;0.22;98.79;0.08052;0.07955;0.0009706;-10.941;-10.994;-30.130;1.00;137.65;
2025-11-25 11:51:34.04;0.00:00:41:589;1.00;0.00;0.00;0.08052;0.07963;-0.0002279;0.0001898;-0.08;0.07;98.90;0.24;98.90;0.08052;0.07964;0.0008892;-10.941;-10.989;-30.510;1.00;140.21;
2025-11-25 11:51:34.09;0.00:00:41:635;1.00;0.00;0.00;0.08058;0.07968;-0.0002106;0.0002052;-0.08;0.07;98.88;0.25;98.88;0.08058;0.07968;0.0009039;-10.938;-10.987;-30.439;1.00;135.74;
2025-11-25 11:51:34.14;0.00:00:41:683;1.00;0.00;0.00;0.08052;0.07962;-0.0002779;0.0001831;-0.10;0.07;98.89;0.23;98.89;0.08052;0.07962;0.0008957;-10.941;-10.990;-30.478;1.00;146.62;
2025-11-25 11:51:34.18;0.00:00:41:729;1.00;0.00;0.00;0.08049;0.07959;-0.000182;0.0001623;-0.07;0.06;98.89;0.20;98.89;0.08049;0.07959;0.0008932;-10.943;-10.991;-30.490;1.00;138.27;
2025-11-25 11:51:34.23;0.00:00:41:776;1.00;0.00;0.00;0.08058;0.07964;-0.0001968;0.000187;-0.07;0.07;98.83;0.23;98.83;0.08058;0.07964;0.0009424;-10.938;-10.989;-30.258;1.00;136.46;
2025-11-25 11:51:34.28;0.00:00:41:823;1.00;0.00;0.00;0.08051;0.07961;-0.0002201;0.0001801;-0.08;0.06;98.89;0.22;98.89;0.08051;0.07961;0.0008965;-10.942;-10.990;-30.475;1.00;140.72;
2025-11-25 11:51:34.32;0.00:00:41:870;1.00;0.00;0.00;0.08053;0.07963;-0.0002074;0.0001779;-0.07;0.06;98.89;0.22;98.89;0.08053;0.07963;0.0008965;-10.941;-10.989;-30.474;1.00;139.37;
2025-11-25 11:51:34.37;0.00:00:41:916;1.00;0.00;0.00;0.08055;0.07962;-0.0002113;0.0001935;-0.08;0.07;98.85;0.24;98.85;0.08055;0.07962;0.000929;-10.939;-10.990;-30.320;1.00;137.52;
2025-11-25 11:51:34.42;0.00:00:41:963;1.00;0.00;0.00;0.08058;0.07967;-0.000177;0.0001844;-0.06;0.07;98.88;0.23;98.88;0.08058;0.07967;0.0009061;-10.938;-10.987;-30.428;1.00;133.84;
2025-11-25 11:51:34.46;0.00:00:42:010;1.00;0.00;0.00;0.08068;0.07973;-0.0002396;0.000184;-0.09;0.07;98.82;0.23;98.82;0.08068;0.07974;0.0009486;-10.932;-10.983;-30.229;1.00;142.48;
2025-11-25 11:51:34.51;0.00:00:42:057;1.00;0.00;0.00;0.0807;0.07978;-0.0002112;0.0001981;-0.08;0.07;98.86;0.25;98.86;0.0807;0.07978;0.0009205;-10.931;-10.981;-30.360;1.00;136.83;
2025-11-25 11:51:34.56;0.00:00:42:103;1.00;0.00;0.00;0.08071;0.07977;-0.0002584;0.0001714;-0.09;0.06;98.84;0.21;98.84;0.08071;0.07977;0.0009342;-10.931;-10.981;-30.296;1.00;146.45;
2025-11-25 11:51:34.60;0.00:00:42:151;1.00;0.00;0.00;0.0807;0.07976;-0.0001758;0.0001933;-0.06;0.07;98.83;0.24;98.83;0.0807;0.07976;0.0009429;-10.931;-10.982;-30.256;1.00;132.28;
2025-11-25 11:51:34.65;0.00:00:42:197;1.00;0.00;0.00;0.08072;0.07978;-0.0001886;0.0001935;-0.07;0.07;98.84;0.24;98.84;0.08072;0.07979;0.0009363;-10.930;-10.981;-30.286;1.00;134.25;
2025-11-25 11:51:34.70;0.00:00:42:245;1.00;0.00;0.00;0.08072;0.07978;-0.0001885;0.0002032;-0.07;0.07;98.84;0.25;98.84;0.08072;0.07978;0.0009373;-10.930;-10.981;-30.281;1.00;132.86;
2025-11-25 11:51:34.74;0.00:00:42:292;1.00;0.00;0.00;0.08064;0.07973;-0.0002253;0.0002092;-0.08;0.08;98.87;0.26;98.87;0.08064;0.07973;0.0009113;-10.934;-10.984;-30.403;1.00;137.12;
2025-11-25 11:51:34.79;0.00:00:42:338;1.00;0.00;0.00;0.08061;0.0797;-0.0001744;0.0001828;-0.06;0.07;98.87;0.23;98.87;0.08061;0.0797;0.0009078;-10.936;-10.985;-30.420;1.00;133.65;
2025-11-25 11:51:34.84;0.00:00:42:385;1.00;0.00;0.00;0.08056;0.07963;-0.0002495;0.0001933;-0.09;0.07;98.84;0.24;98.84;0.08056;0.07963;0.0009331;-10.939;-10.989;-30.301;1.00;142.23;
2025-11-25 11:51:34.89;0.00:00:42:433;1.00;0.00;0.00;0.08057;0.07966;-0.0002023;0.0001727;-0.07;0.06;98.87;0.21;98.87;0.08057;0.07966;0.0009127;-10.938;-10.988;-30.397;1.00;139.51;
2025-11-25 11:51:34.93;0.00:00:42:480;1.00;0.00;0.00;0.08062;0.07963;-0.0001905;0.0001929;-0.07;0.07;98.78;0.24;98.78;0.08062;0.07963;0.0009829;-10.936;-10.989;-30.075;1.00;134.65;
2025-11-25 11:51:34.98;0.00:00:42:526;1.00;0.00;0.00;0.08054;0.07959;-0.000213;0.0001763;-0.08;0.06;98.82;0.22;98.82;0.08054;0.07959;0.0009509;-10.940;-10.992;-30.219;1.00;140.39;
2025-11-25 11:51:35.02;0.00:00:42:572;1.00;0.00;0.00;0.0805;0.07964;-0.0002171;0.0001944;-0.08;0.07;98.93;0.24;98.93;0.0805;0.07964;0.0008616;-10.942;-10.989;-30.647;1.00;138.16;
2025-11-25 11:51:35.07;0.00:00:42:618;1.00;0.00;0.00;0.08051;0.07962;-0.0001775;0.0001715;-0.06;0.06;98.89;0.21;98.89;0.08051;0.07963;0.0008899;-10.941;-10.990;-30.507;1.00;135.98;
2025-11-25 11:51:35.12;0.00:00:42:665;1.00;0.00;0.00;0.08052;0.07963;-0.0001979;0.000186;-0.07;0.07;98.90;0.23;98.90;0.08052;0.07963;0.0008824;-10.941;-10.989;-30.543;1.00;136.77;
2025-11-25 11:51:35.16;0.00:00:42:711;1.00;0.00;0.00;0.08053;0.07962;-0.0002162;0.0001776;-0.08;0.06;98.86;0.22;98.86;0.08053;0.07962;0.000917;-10.940;-10.990;-30.376;1.00;140.60;
2025-11-25 11:51:35.21;0.00:00:42:760;1.00;0.00;0.00;0.08056;0.07964;-0.0001684;0.000175;-0.06;0.06;98.85;0.22;98.85;0.08056;0.07964;0.0009252;-10.939;-10.989;-30.338;1.00;133.90;
2025-11-25 11:51:35.26;0.00:00:42:807;1.00;0.00;0.00;0.08058;0.07965;-0.0001687;0.0001731;-0.06;0.06;98.85;0.21;98.85;0.08058;0.07965;0.0009293;-10.938;-10.988;-30.319;1.00;134.26;
2025-11-25 11:51:35.31;0.00:00:42:855;1.00;0.00;0.00;0.0806;0.07967;-0.0002377;0.0001873;-0.09;0.07;98.85;0.23;98.85;0.0806;0.07967;0.0009295;-10.937;-10.987;-30.318;1.00;141.76;
2025-11-25 11:51:35.35;0.00:00:42:901;1.00;0.00;0.00;0.08051;0.07963;-0.0002089;0.0001907;-0.08;0.07;98.90;0.24;98.90;0.08051;0.07963;0.0008851;-10.941;-10.989;-30.530;1.00;137.60;
2025-11-25 11:51:35.40;0.00:00:42:948;1.00;0.00;0.00;0.08047;0.07958;-0.0002135;0.0001766;-0.08;0.06;98.89;0.22;98.89;0.08047;0.07958;0.0008914;-10.944;-10.992;-30.499;1.00;140.41;
2025-11-25 11:51:35.45;0.00:00:42:995;1.00;0.00;0.00;0.08051;0.07961;-0.0002149;0.0001973;-0.08;0.07;98.88;0.25;98.88;0.08051;0.07961;0.0008982;-10.942;-10.990;-30.466;1.00;137.44;
2025-11-25 11:51:35.49;0.00:00:43:042;1.00;0.00;0.00;0.08047;0.07958;-0.0002443;0.0001876;-0.09;0.07;98.89;0.23;98.89;0.08047;0.07958;0.0008919;-10.944;-10.992;-30.497;1.00;142.48;
2025-11-25 11:51:35.54;0.00:00:43:088;1.00;0.00;0.00;0.08042;0.07954;-0.0002011;0.0001796;-0.07;0.06;98.91;0.22;98.91;0.08042;0.07954;0.0008758;-10.946;-10.994;-30.576;1.00;138.23;
2025-11-25 11:51:35.59;0.00:00:43:135;1.00;0.00;0.00;0.08038;0.07945;-0.0001545;0.0001943;-0.06;0.07;98.84;0.24;98.84;0.08038;0.07946;0.0009292;-10.948;-10.999;-30.319;1.00;128.50;
2025-11-25 11:51:35.63;0.00:00:43:182;1.00;0.00;0.00;0.08041;0.07952;-0.000216;0.0001778;-0.08;0.06;98.89;0.22;98.89;0.08041;0.07952;0.0008954;-10.947;-10.995;-30.480;1.00;140.54;
2025-11-25 11:51:35.68;0.00:00:43:230;1.00;0.00;0.00;0.08043;0.07951;-0.000171;0.0001798;-0.06;0.06;98.86;0.22;98.86;0.08043;0.07951;0.0009139;-10.946;-10.996;-30.391;1.00;133.56;
2025-11-25 11:51:35.73;0.00:00:43:276;1.00;0.00;0.00;0.08051;0.07963;-0.0002203;0.0001729;-0.08;0.06;98.91;0.21;98.91;0.08051;0.07963;0.0008791;-10.942;-10.989;-30.559;1.00;141.88;
2025-11-25 11:51:35.78;0.00:00:43:324;1.00;0.00;0.00;0.08052;0.07959;-0.0001737;0.0001879;-0.06;0.07;98.85;0.23;98.85;0.08052;0.07959;0.0009279;-10.941;-10.991;-30.325;1.00;132.76;
2025-11-25 11:51:35.82;0.00:00:43:371;1.00;0.00;0.00;0.08051;0.07961;-0.0001721;0.000198;-0.06;0.07;98.87;0.25;98.87;0.08051;0.07961;0.0009067;-10.941;-10.990;-30.425;1.00;130.99;
2025-11-25 11:51:35.87;0.00:00:43:418;1.00;0.00;0.00;0.08052;0.07961;-0.000175;0.0001727;-0.06;0.06;98.87;0.21;98.87;0.08052;0.07961;0.0009111;-10.941;-10.991;-30.404;1.00;135.39;
2025-11-25 11:51:35.92;0.00:00:43:465;1.00;0.00;0.00;0.08062;0.07961;-0.0002349;0.0001803;-0.08;0.06;98.75;0.22;98.75;0.08062;0.07961;0.00101;-10.935;-10.990;-29.955;1.00;142.49;
2025-11-25 11:51:35.97;0.00:00:43:513;1.00;0.00;0.00;0.08062;0.07966;-0.0002113;0.0001998;-0.08;0.07;98.82;0.25;98.82;0.08062;0.07966;0.0009511;-10.936;-10.987;-30.218;1.00;136.60;
2025-11-25 11:51:36.01;0.00:00:43:559;1.00;0.00;0.00;0.08057;0.07965;-0.0002118;0.000195;-0.08;0.07;98.86;0.24;98.86;0.08057;0.07966;0.0009159;-10.938;-10.988;-30.382;1.00;137.37;
2025-11-25 11:51:36.06;0.00:00:43:606;1.00;0.00;0.00;0.08053;0.07963;-0.0002224;0.0001902;-0.08;0.07;98.88;0.24;98.88;0.08053;0.07963;0.0009004;-10.940;-10.989;-30.456;1.00;139.47;
2025-11-25 11:51:36.10;0.00:00:43:652;1.00;0.00;0.00;0.08056;0.07961;-0.0002044;0.0001681;-0.07;0.06;98.82;0.21;98.82;0.08056;0.07961;0.0009472;-10.939;-10.990;-30.236;1.00;140.56;
2025-11-25 11:51:36.15;0.00:00:43:699;1.00;0.00;0.00;0.08052;0.07966;-0.000209;0.0001898;-0.08;0.07;98.94;0.24;98.94;0.08052;0.07966;0.0008569;-10.941;-10.988;-30.671;1.00;137.76;
2025-11-25 11:51:36.20;0.00:00:43:746;1.00;0.00;0.00;0.08044;0.07953;-0.0002461;0.0001665;-0.09;0.06;98.87;0.21;98.87;0.08044;0.07953;0.0009113;-10.945;-10.995;-30.403;1.00;145.93;
2025-11-25 11:51:36.25;0.00:00:43:793;1.00;0.00;0.00;0.08044;0.07953;-0.0002065;0.0001674;-0.07;0.06;98.86;0.21;98.86;0.08044;0.07953;0.0009153;-10.945;-10.995;-30.384;1.00;140.97;
2025-11-25 11:51:36.29;0.00:00:43:839;1.00;0.00;0.00;0.08052;0.07962;-0.0001711;0.0002009;-0.06;0.07;98.88;0.25;98.88;0.08052;0.07962;0.000902;-10.941;-10.990;-30.448;1.00;130.42;
2025-11-25 11:51:36.34;0.00:00:43:886;1.00;0.00;0.00;0.0806;0.07967;-0.0001715;0.0001946;-0.06;0.07;98.85;0.24;98.85;0.0806;0.07967;0.0009289;-10.937;-10.987;-30.320;1.00;131.38;
2025-11-25 11:51:36.39;0.00:00:43:933;1.00;0.00;0.00;0.08068;0.07968;-0.0001684;0.0001696;-0.06;0.06;98.76;0.21;98.76;0.08068;0.07968;0.001003;-10.932;-10.986;-29.988;1.00;134.80;
2025-11-25 11:51:36.43;0.00:00:43:980;1.00;0.00;0.00;0.08068;0.07974;-0.0002268;0.0001845;-0.08;0.07;98.83;0.23;98.83;0.08068;0.07974;0.0009467;-10.932;-10.983;-30.238;1.00;140.86;
2025-11-25 11:51:36.48;0.00:00:44:027;1.00;0.00;0.00;0.08078;0.07988;-0.0001572;0.0001902;-0.06;0.07;98.88;0.24;98.88;0.08078;0.07988;0.000903;-10.927;-10.976;-30.443;1.00;129.57;
2025-11-25 11:51:36.53;0.00:00:44:074;1.00;0.00;0.00;0.08076;0.07982;-0.0001875;0.0001741;-0.07;0.06;98.84;0.22;98.84;0.08076;0.07982;0.0009384;-10.928;-10.979;-30.276;1.00;137.12;
2025-11-25 11:51:36.57;0.00:00:44:121;1.00;0.00;0.00;0.08071;0.07987;-0.0001873;0.0001848;-0.07;0.07;98.97;0.23;98.97;0.08071;0.07987;0.0008342;-10.931;-10.976;-30.787;1.00;135.38;
2025-11-25 11:51:36.62;0.00:00:44:168;1.00;0.00;0.00;0.08066;0.07975;-0.0002245;0.0001716;-0.08;0.06;98.88;0.21;98.88;0.08066;0.07975;0.0009063;-10.933;-10.983;-30.427;1.00;142.61;
2025-11-25 11:51:36.67;0.00:00:44:215;1.00;0.00;0.00;0.08052;0.07963;-0.0001714;0.0001909;-0.06;0.07;98.89;0.24;98.89;0.08052;0.07963;0.0008943;-10.941;-10.989;-30.485;1.00;131.91;
2025-11-25 11:51:36.72;0.00:00:44:263;1.00;0.00;0.00;0.08053;0.0796;-0.0001766;0.0001891;-0.06;0.07;98.85;0.23;98.85;0.08053;0.0796;0.0009287;-10.941;-10.991;-30.321;1.00;133.04;
2025-11-25 11:51:36.76;0.00:00:44:309;1.00;0.00;0.00;0.08053;0.0796;-0.000182;0.0001798;-0.07;0.06;98.83;0.22;98.83;0.08053;0.0796;0.0009384;-10.940;-10.991;-30.276;1.00;135.35;
2025-11-25 11:51:36.81;0.00:00:44:356;1.00;0.00;0.00;0.08049;0.07957;-0.0001926;0.0001854;-0.07;0.07;98.86;0.23;98.86;0.08049;0.07957;0.0009194;-10.942;-10.992;-30.365;1.00;136.08;
2025-11-25 11:51:36.85;0.00:00:44:402;1.00;0.00;0.00;0.08048;0.07959;-0.0001728;0.0001852;-0.06;0.07;98.90;0.23;98.90;0.08048;0.07959;0.0008855;-10.943;-10.991;-30.528;1.00;133.01;
2025-11-25 11:51:36.90;0.00:00:44:450;1.00;0.00;0.00;0.08047;0.07952;-0.0001922;0.0001786;-0.07;0.06;98.82;0.22;98.82;0.08047;0.07952;0.0009515;-10.943;-10.995;-30.216;1.00;137.10;
2025-11-25 11:51:36.95;0.00:00:44:497;1.00;0.00;0.00;0.08044;0.07956;-0.0001906;0.0001886;-0.07;0.07;98.91;0.23;98.91;0.08044;0.07956;0.0008794;-10.945;-10.993;-30.558;1.00;135.30;
2025-11-25 11:51:37.00;0.00:00:44:543;1.00;0.00;0.00;0.08047;0.07957;-0.0001795;0.0001923;-0.06;0.07;98.88;0.24;98.88;0.08047;0.07957;0.0008975;-10.944;-10.993;-30.470;1.00;133.02;
2025-11-25 11:51:37.04;0.00:00:44:590;1.00;0.00;0.00;0.08049;0.07953;-0.000205;0.0001798;-0.07;0.06;98.80;0.22;98.80;0.08049;0.07953;0.0009642;-10.943;-10.995;-30.158;1.00;138.75;
2025-11-25 11:51:37.09;0.00:00:44:636;1.00;0.00;0.00;0.0805;0.07962;-0.000218;0.0001935;-0.08;0.07;98.91;0.24;98.91;0.0805;0.07962;0.0008805;-10.942;-10.990;-30.553;1.00;138.41;
2025-11-25 11:51:37.13;0.00:00:44:682;1.00;0.00;0.00;0.0805;0.07957;-0.0001848;0.0001981;-0.07;0.07;98.85;0.25;98.85;0.0805;0.07957;0.0009234;-10.942;-10.992;-30.346;1.00;133.01;
2025-11-25 11:51:37.18;0.00:00:44:730;1.00;0.00;0.00;0.08046;0.07955;-0.0001649;0.0001614;-0.06;0.06;98.87;0.20;98.87;0.08046;0.07956;0.0009064;-10.944;-10.993;-30.427;1.00;135.63;
2025-11-25 11:51:37.23;0.00:00:44:778;1.00;0.00;0.00;0.0805;0.07958;-0.0002011;0.0001774;-0.07;0.06;98.86;0.22;98.86;0.0805;0.07958;0.0009185;-10.942;-10.992;-30.369;1.00;138.60;
2025-11-25 11:51:37.28;0.00:00:44:825;1.00;0.00;0.00;0.08057;0.07964;-0.0001966;0.0001882;-0.07;0.07;98.85;0.23;98.85;0.08057;0.07964;0.000925;-10.938;-10.989;-30.338;1.00;136.26;
2025-11-25 11:51:37.33;0.00:00:44:873;1.00;0.00;0.00;0.08056;0.07963;-0.0001937;0.0001806;-0.07;0.06;98.85;0.22;98.85;0.08056;0.07964;0.000923;-10.939;-10.989;-30.348;1.00;137.01;
2025-11-25 11:51:37.37;0.00:00:44:919;1.00;0.00;0.00;0.08054;0.07967;-0.000215;0.000176;-0.08;0.06;98.92;0.22;98.92;0.08054;0.07967;0.0008686;-10.940;-10.987;-30.612;1.00;140.69;
2025-11-25 11:51:37.42;0.00:00:44:966;1.00;0.00;0.00;0.08055;0.07965;-0.0002335;0.0001824;-0.08;0.07;98.88;0.23;98.88;0.08055;0.07965;0.0009018;-10.939;-10.988;-30.449;1.00;142.01;
2025-11-25 11:51:37.47;0.00:00:45:013;1.00;0.00;0.00;0.08054;0.07965;-0.0001763;0.0001595;-0.06;0.06;98.89;0.20;98.89;0.08054;0.07965;0.000895;-10.940;-10.988;-30.482;1.00;137.86;
2025-11-25 11:51:37.51;0.00:00:45:059;1.00;0.00;0.00;0.08056;0.07959;-0.0002078;0.0001928;-0.07;0.07;98.79;0.24;98.79;0.08056;0.07959;0.0009743;-10.939;-10.992;-30.113;1.00;137.15;
2025-11-25 11:51:37.56;0.00:00:45:106;1.00;0.00;0.00;0.08054;0.07962;-0.0002144;0.0001696;-0.08;0.06;98.86;0.21;98.86;0.08054;0.07962;0.0009206;-10.940;-10.990;-30.359;1.00;141.65;
2025-11-25 11:51:37.61;0.00:00:45:153;1.00;0.00;0.00;0.08053;0.07963;-0.000189;0.0002062;-0.07;0.07;98.88;0.26;98.88;0.08053;0.07963;0.0009024;-10.940;-10.989;-30.446;1.00;132.50;
2025-11-25 11:51:37.65;0.00:00:45:199;1.00;0.00;0.00;0.08057;0.07966;-0.000154;0.0001719;-0.06;0.06;98.88;0.21;98.88;0.08057;0.07966;0.0009049;-10.939;-10.988;-30.434;1.00;131.84;
2025-11-25 11:51:37.70;0.00:00:45:246;1.00;0.00;0.00;0.08053;0.07963;-0.0002093;0.000178;-0.08;0.06;98.89;0.22;98.89;0.08053;0.07963;0.0008965;-10.940;-10.989;-30.475;1.00;139.63;
2025-11-25 11:51:37.75;0.00:00:45:293;1.00;0.00;0.00;0.08054;0.07961;-0.0001882;0.0001752;-0.07;0.06;98.85;0.22;98.85;0.08054;0.07961;0.0009255;-10.940;-10.990;-30.336;1.00;137.05;
2025-11-25 11:51:37.79;0.00:00:45:340;1.00;0.00;0.00;0.08048;0.0796;-0.0001519;0.0001942;-0.05;0.07;98.91;0.24;98.91;0.08048;0.0796;0.0008801;-10.943;-10.991;-30.555;1.00;128.04;
2025-11-25 11:51:37.84;0.00:00:45:387;1.00;0.00;0.00;0.08051;0.0796;-0.0001941;0.0001792;-0.07;0.06;98.87;0.22;98.87;0.08051;0.0796;0.0009079;-10.942;-10.991;-30.420;1.00;137.29;
2025-11-25 11:51:37.89;0.00:00:45:435;1.00;0.00;0.00;0.08055;0.0796;-0.0001959;0.0001929;-0.07;0.07;98.82;0.24;98.82;0.08055;0.0796;0.0009467;-10.940;-10.991;-30.238;1.00;135.43;
2025-11-25 11:51:37.93;0.00:00:45:482;1.00;0.00;0.00;0.08053;0.07965;-0.0002012;0.0001705;-0.07;0.06;98.91;0.21;98.91;0.08053;0.07965;0.0008796;-10.940;-10.988;-30.557;1.00;139.73;
2025-11-25 11:51:37.98;0.00:00:45:528;1.00;0.00;0.00;0.08057;0.07966;-0.0001619;0.0001788;-0.06;0.06;98.88;0.22;98.88;0.08057;0.07966;0.0009036;-10.938;-10.987;-30.440;1.00;132.15;
2025-11-25 11:51:38.03;0.00:00:45:576;1.00;0.00;0.00;0.08061;0.07972;-0.0002048;0.0001777;-0.07;0.06;98.89;0.22;98.89;0.08061;0.07972;0.0008941;-10.936;-10.984;-30.486;1.00;139.06;
2025-11-25 11:51:38.07;0.00:00:45:622;1.00;0.00;0.00;0.08064;0.07971;-0.0002209;0.0001592;-0.08;0.06;98.86;0.20;98.86;0.08064;0.07971;0.0009229;-10.935;-10.985;-30.349;1.00;144.21;
2025-11-25 11:51:38.12;0.00:00:45:669;1.00;0.00;0.00;0.08059;0.07967;-0.0001787;0.0001733;-0.06;0.06;98.86;0.22;98.86;0.08059;0.07967;0.0009189;-10.937;-10.987;-30.367;1.00;135.88;
2025-11-25 11:51:38.17;0.00:00:45:716;1.00;0.00;0.00;0.08065;0.07975;-0.0002143;0.0001939;-0.08;0.07;98.89;0.24;98.89;0.08065;0.07975;0.0008933;-10.934;-10.983;-30.490;1.00;137.85;
2025-11-25 11:51:38.22;0.00:00:45:764;1.00;0.00;0.00;0.08061;0.07972;-0.0001803;0.0001882;-0.06;0.07;98.90;0.23;98.90;0.08061;0.07972;0.0008837;-10.936;-10.984;-30.537;1.00;133.78;
2025-11-25 11:51:38.26;0.00:00:45:809;1.00;0.00;0.00;0.08069;0.07973;-0.0002011;0.0001839;-0.07;0.07;98.82;0.23;98.82;0.08069;0.07973;0.0009515;-10.932;-10.984;-30.216;1.00;137.56;
2025-11-25 11:51:38.31;0.00:00:45:856;1.00;0.00;0.00;0.08069;0.07976;-0.0002111;0.0001923;-0.08;0.07;98.85;0.24;98.85;0.08069;0.07976;0.0009284;-10.932;-10.982;-30.323;1.00;137.67;
2025-11-25 11:51:38.36;0.00:00:45:903;1.00;0.00;0.00;0.08059;0.0797;-0.0002119;0.0002055;-0.08;0.07;98.89;0.26;98.89;0.08059;0.0797;0.0008926;-10.937;-10.985;-30.493;1.00;135.87;
2025-11-25 11:51:38.40;0.00:00:45:950;1.00;0.00;0.00;0.08065;0.07972;-0.0001845;0.0001763;-0.07;0.06;98.85;0.22;98.85;0.08065;0.07972;0.0009291;-10.934;-10.984;-30.319;1.00;136.30;
2025-11-25 11:51:38.45;0.00:00:45:997;1.00;0.00;0.00;0.08065;0.07969;-0.0002073;0.0001802;-0.07;0.06;98.81;0.22;98.81;0.08065;0.07969;0.0009602;-10.934;-10.986;-30.176;1.00;139.00;
2025-11-25 11:51:38.50;0.00:00:46:043;1.00;0.00;0.00;0.08062;0.07967;-0.0001759;0.0001903;-0.06;0.07;98.82;0.24;98.82;0.08062;0.07967;0.0009547;-10.935;-10.987;-30.201;1.00;132.75;
2025-11-25 11:51:38.54;0.00:00:46:089;1.00;0.00;0.00;0.08071;0.07975;-0.0002174;0.0001805;-0.08;0.06;98.81;0.22;98.81;0.08071;0.07975;0.0009587;-10.931;-10.983;-30.183;1.00;140.30;
2025-11-25 11:51:38.59;0.00:00:46:135;1.00;0.00;0.00;0.08063;0.07971;-0.0002341;0.0001884;-0.08;0.07;98.86;0.23;98.86;0.08063;0.07971;0.0009181;-10.935;-10.985;-30.371;1.00;141.17;
2025-11-25 11:51:38.64;0.00:00:46:183;1.00;0.00;0.00;0.08057;0.07972;-0.0002152;0.0001884;-0.08;0.07;98.94;0.23;98.94;0.08057;0.07972;0.0008547;-10.938;-10.984;-30.682;1.00;138.80;
2025-11-25 11:51:38.68;0.00:00:46:232;1.00;0.00;0.00;0.08055;0.07963;-0.000167;0.000188;-0.06;0.07;98.86;0.23;98.86;0.08055;0.07963;0.0009179;-10.940;-10.989;-30.372;1.00;131.60;
2025-11-25 11:51:38.74;0.00:00:46:291;1.00;0.00;0.00;0.08049;0.07954;-0.0001719;0.0001849;-0.06;0.07;98.83;0.23;98.83;0.08049;0.07954;0.0009449;-10.943;-10.994;-30.246;1.00;132.90;
2025-11-25 11:51:38.79;0.00:00:46:337;1.00;0.00;0.00;0.08053;0.07962;-0.0001753;0.0001822;-0.06;0.07;98.88;0.23;98.88;0.08053;0.07962;0.0009044;-10.941;-10.990;-30.436;1.00;133.88;
2025-11-25 11:51:38.84;0.00:00:46:384;1.00;0.00;0.00;0.08058;0.07964;-0.0001873;0.0001847;-0.07;0.07;98.84;0.23;98.84;0.08058;0.07964;0.0009351;-10.938;-10.989;-30.292;1.00;135.40;
2025-11-25 11:51:38.88;0.00:00:46:431;1.00;0.00;0.00;0.08059;0.07968;-0.0001752;0.0002089;-0.06;0.08;98.88;0.26;98.88;0.08059;0.07968;0.0009019;-10.937;-10.986;-30.448;1.00;129.97;
2025-11-25 11:51:38.93;0.00:00:46:477;1.00;0.00;0.00;0.08058;0.07962;-0.0001956;0.0001919;-0.07;0.07;98.82;0.24;98.82;0.08058;0.07963;0.0009524;-10.938;-10.989;-30.212;1.00;135.54;
2025-11-25 11:51:38.98;0.00:00:46:525;1.00;0.00;0.00;0.08053;0.07959;-0.0001975;0.0001961;-0.07;0.07;98.83;0.24;98.83;0.08053;0.07959;0.0009453;-10.940;-10.992;-30.244;1.00;135.21;
2025-11-25 11:51:39.03;0.00:00:46:574;1.00;0.00;0.00;0.08052;0.07964;-0.0001729;0.0001791;-0.06;0.06;98.90;0.22;98.90;0.08052;0.07964;0.0008822;-10.941;-10.989;-30.544;1.00;133.99;
2025-11-25 11:51:39.07;0.00:00:46:622;1.00;0.00;0.00;0.08055;0.07965;-0.0001928;0.0001841;-0.07;0.07;98.89;0.23;98.89;0.08055;0.07965;0.0008928;-10.940;-10.988;-30.493;1.00;136.33;
2025-11-25 11:51:39.12;0.00:00:46:670;1.00;0.00;0.00;0.08057;0.07965;-0.0002099;0.00021;-0.08;0.08;98.86;0.26;98.86;0.08057;0.07965;0.0009176;-10.938;-10.988;-30.374;1.00;134.98;
2025-11-25 11:51:39.17;0.00:00:46:716;1.00;0.00;0.00;0.08058;0.07966;-0.0001805;0.0001745;-0.06;0.06;98.87;0.22;98.87;0.08058;0.07966;0.0009142;-10.938;-10.987;-30.390;1.00;135.98;
2025-11-25 11:51:39.21;0.00:00:46:762;1.00;0.00;0.00;0.08053;0.07961;-0.0001851;0.0001834;-0.07;0.07;98.85;0.23;98.85;0.08053;0.07961;0.0009232;-10.940;-10.990;-30.347;1.00;135.26;
2025-11-25 11:51:39.26;0.00:00:46:808;1.00;0.00;0.00;0.08059;0.07966;-0.0002241;0.0001892;-0.08;0.07;98.85;0.23;98.85;0.08059;0.07966;0.0009295;-10.937;-10.987;-30.317;1.00;139.82;
2025-11-25 11:51:39.31;0.00:00:46:855;1.00;0.00;0.00;0.08057;0.0797;-0.0001836;0.0001767;-0.07;0.06;98.92;0.22;98.92;0.08057;0.0797;0.0008727;-10.938;-10.985;-30.591;1.00;136.09;
2025-11-25 11:51:39.35;0.00:00:46:901;1.00;0.00;0.00;0.08068;0.07976;-0.0002024;0.0001876;-0.07;0.07;98.85;0.23;98.85;0.08068;0.07976;0.0009265;-10.932;-10.982;-30.332;1.00;137.17;
2025-11-25 11:51:39.42;0.00:00:46:963;1.00;0.00;0.00;0.08069;0.07977;-0.0002087;0.0001821;-0.07;0.07;98.86;0.23;98.86;0.08069;0.07977;0.0009236;-10.932;-10.982;-30.345;1.00;138.90;
2025-11-25 11:51:39.46;0.00:00:47:011;1.00;0.00;0.00;0.08068;0.07971;-0.0002139;0.0002066;-0.08;0.07;98.80;0.26;98.80;0.08068;0.07971;0.0009706;-10.932;-10.985;-30.130;1.00;136.00;
2025-11-25 11:51:39.51;0.00:00:47:058;1.00;0.00;0.00;0.08067;0.07976;-0.0002161;0.0001876;-0.08;0.07;98.88;0.23;98.88;0.08067;0.07976;0.0009062;-10.933;-10.982;-30.428;1.00;139.03;
2025-11-25 11:51:39.56;0.00:00:47:105;1.00;0.00;0.00;0.08067;0.0797;-0.0001963;0.0001618;-0.07;0.06;98.80;0.20;98.80;0.08067;0.0797;0.0009653;-10.933;-10.985;-30.154;1.00;140.50;
2025-11-25 11:51:39.61;0.00:00:47:153;1.00;0.00;0.00;0.08064;0.07971;-0.0001891;0.0001987;-0.07;0.07;98.85;0.25;98.85;0.08064;0.07971;0.0009248;-10.935;-10.985;-30.340;1.00;133.58;
2025-11-25 11:51:39.65;0.00:00:47:201;1.00;0.00;0.00;0.08058;0.07971;-0.0001781;0.0001753;-0.06;0.06;98.92;0.22;98.92;0.08058;0.07971;0.0008713;-10.937;-10.985;-30.598;1.00;135.45;
2025-11-25 11:51:39.70;0.00:00:47:248;1.00;0.00;0.00;0.0806;0.07966;-0.0001666;0.0001813;-0.06;0.07;98.84;0.22;98.84;0.0806;0.07966;0.0009347;-10.937;-10.987;-30.293;1.00;132.57;
2025-11-25 11:51:39.75;0.00:00:47:295;1.00;0.00;0.00;0.08062;0.07967;-0.0001928;0.0001911;-0.07;0.07;98.82;0.24;98.82;0.08062;0.07967;0.0009494;-10.936;-10.987;-30.225;1.00;135.26;
2025-11-25 11:51:39.79;0.00:00:47:342;1.00;0.00;0.00;0.08052;0.07957;-0.0001385;0.0001787;-0.05;0.06;98.82;0.22;98.82;0.08052;0.07957;0.0009492;-10.941;-10.992;-30.227;1.00;127.78;
2025-11-25 11:51:39.84;0.00:00:47:389;1.00;0.00;0.00;0.08056;0.07964;-0.0002134;0.0001646;-0.08;0.06;98.86;0.20;98.86;0.08056;0.07964;0.0009188;-10.939;-10.988;-30.368;1.00;142.36;
2025-11-25 11:51:39.89;0.00:00:47:436;1.00;0.00;0.00;0.08052;0.07962;-0.0002084;0.0002099;-0.07;0.08;98.89;0.26;98.89;0.08052;0.07963;0.0008965;-10.941;-10.989;-30.474;1.00;134.79;
2025-11-25 11:51:39.93;0.00:00:47:482;1.00;0.00;0.00;0.08045;0.07955;-0.0002355;0.0001834;-0.08;0.07;98.89;0.23;98.89;0.08045;0.07955;0.0008953;-10.945;-10.994;-30.480;1.00;142.10;
2025-11-25 11:51:39.98;0.00:00:47:530;1.00;0.00;0.00;0.08043;0.0795;-0.000183;0.0001787;-0.07;0.06;98.84;0.22;98.84;0.08043;0.0795;0.0009326;-10.946;-10.996;-30.303;1.00;135.68;
2025-11-25 11:51:40.03;0.00:00:47:577;1.00;0.00;0.00;0.08055;0.07966;-0.000185;0.0001769;-0.07;0.06;98.89;0.22;98.89;0.08055;0.07966;0.0008922;-10.939;-10.988;-30.495;1.00;136.29;
2025-11-25 11:51:40.08;0.00:00:47:623;1.00;0.00;0.00;0.08064;0.07974;-0.0002315;0.0001977;-0.08;0.07;98.89;0.25;98.89;0.08064;0.07974;0.0008925;-10.935;-10.983;-30.494;1.00;139.50;
2025-11-25 11:51:40.12;0.00:00:47:670;1.00;0.00;0.00;0.08063;0.07974;-0.0001678;0.00018;-0.06;0.06;98.90;0.22;98.90;0.08063;0.07974;0.0008889;-10.935;-10.983;-30.512;1.00;132.98;
2025-11-25 11:51:40.17;0.00:00:47:717;1.00;0.00;0.00;0.08057;0.07965;-0.0002009;0.0002268;-0.07;0.08;98.86;0.28;98.86;0.08057;0.07965;0.0009217;-10.938;-10.988;-30.354;1.00;131.54;
2025-11-25 11:51:40.22;0.00:00:47:764;1.00;0.00;0.00;0.08058;0.07963;-0.0001731;0.0001892;-0.06;0.07;98.82;0.23;98.82;0.08058;0.07963;0.0009497;-10.938;-10.989;-30.224;1.00;132.45;
2025-11-25 11:51:40.27;0.00:00:47:814;1.00;0.00;0.00;0.08063;0.07969;-0.000211;0.0001866;-0.08;0.07;98.83;0.23;98.83;0.08063;0.07969;0.0009457;-10.935;-10.986;-30.243;1.00;138.52;
2025-11-25 11:51:40.32;0.00:00:47:864;1.00;0.00;0.00;0.08063;0.07976;-0.0001923;0.0001844;-0.07;0.07;98.92;0.23;98.92;0.08063;0.07976;0.0008719;-10.935;-10.982;-30.595;1.00;136.19;
2025-11-25 11:51:40.37;0.00:00:47:916;1.00;0.00;0.00;0.08074;0.07975;-0.0001609;0.0002164;-0.06;0.08;98.77;0.27;98.77;0.08074;0.07975;0.0009901;-10.929;-10.983;-30.043;1.00;126.64;
2025-11-25 11:51:40.42;0.00:00:47:967;1.00;0.00;0.00;0.08077;0.07981;-0.0001652;0.0001982;-0.06;0.07;98.81;0.25;98.81;0.08077;0.07981;0.0009572;-10.928;-10.979;-30.190;1.00;129.81;
2025-11-25 11:51:40.47;0.00:00:48:018;1.00;0.00;0.00;0.08065;0.07974;-0.000235;0.0001766;-0.08;0.06;98.87;0.22;98.87;0.08065;0.07974;0.0009149;-10.934;-10.983;-30.386;1.00;143.08;
2025-11-25 11:51:40.52;0.00:00:48:069;1.00;0.00;0.00;0.08064;0.0797;-0.0001599;0.000202;-0.06;0.07;98.84;0.25;98.84;0.08064;0.0797;0.0009344;-10.935;-10.985;-30.295;1.00;128.36;
2025-11-25 11:51:40.57;0.00:00:48:121;1.00;0.00;0.00;0.08044;0.07956;-0.0002505;0.0001861;-0.09;0.07;98.91;0.23;98.91;0.08044;0.07956;0.0008764;-10.945;-10.993;-30.573;1.00;143.39;
2025-11-25 11:51:40.63;0.00:00:48:182;1.00;0.00;0.00;0.08047;0.07955;-0.0001857;0.0001942;-0.07;0.07;98.85;0.24;98.85;0.08047;0.07955;0.0009255;-10.944;-10.994;-30.336;1.00;133.72;
2025-11-25 11:51:40.69;0.00:00:48:233;1.00;0.00;0.00;0.0804;0.07958;-0.0002315;0.0001881;-0.08;0.07;98.97;0.23;98.97;0.0804;0.07958;0.0008274;-10.947;-10.992;-30.823;1.00;140.90;
2025-11-25 11:51:40.74;0.00:00:48:284;1.00;0.00;0.00;0.08033;0.07945;-0.0002343;0.0001813;-0.08;0.07;98.91;0.23;98.91;0.08033;0.07945;0.0008785;-10.951;-10.999;-30.563;1.00;142.27;
2025-11-25 11:51:40.79;0.00:00:48:336;1.00;0.00;0.00;0.08035;0.07943;-0.0002037;0.0001795;-0.07;0.06;98.85;0.22;98.85;0.08035;0.07943;0.000922;-10.950;-11.000;-30.353;1.00;138.61;
2025-11-25 11:51:40.84;0.00:00:48:387;1.00;0.00;0.00;0.0803;0.07942;-0.000192;0.0001925;-0.07;0.07;98.91;0.24;98.91;0.0803;0.07942;0.0008787;-10.953;-11.001;-30.562;1.00;134.93;
2025-11-25 11:51:40.89;0.00:00:48:434;1.00;0.00;0.00;0.08033;0.07946;-0.0001904;0.0001793;-0.07;0.06;98.92;0.22;98.92;0.08033;0.07946;0.0008676;-10.951;-10.998;-30.617;1.00;136.73;
2025-11-25 11:51:40.93;0.00:00:48:480;1.00;0.00;0.00;0.08042;0.0795;-0.0001891;0.0001796;-0.07;0.06;98.86;0.22;98.86;0.08042;0.0795;0.000913;-10.947;-10.996;-30.395;1.00;136.47;
2025-11-25 11:51:40.98;0.00:00:48:531;1.00;0.00;0.00;0.08047;0.07958;-0.0002291;0.0001935;-0.08;0.07;98.90;0.24;98.90;0.08047;0.07958;0.0008889;-10.944;-10.992;-30.512;1.00;139.83;
2025-11-25 11:51:41.03;0.00:00:48:582;1.00;0.00;0.00;0.08043;0.07949;-0.000228;0.0001904;-0.08;0.07;98.83;0.24;98.83;0.08043;0.07949;0.0009429;-10.946;-10.997;-30.255;1.00;140.13;
2025-11-25 11:51:41.09;0.00:00:48:633;1.00;0.00;0.00;0.08045;0.07953;-0.0001711;0.0001747;-0.06;0.06;98.86;0.22;98.86;0.08045;0.07953;0.0009192;-10.945;-10.995;-30.366;1.00;134.40;
2025-11-25 11:51:41.14;0.00:00:48:683;1.00;0.00;0.00;0.08047;0.07962;-0.0002279;0.0001859;-0.08;0.07;98.95;0.23;98.95;0.08047;0.07962;0.0008464;-10.944;-10.990;-30.724;1.00;140.79;
2025-11-25 11:51:41.19;0.00:00:48:734;1.00;0.00;0.00;0.08049;0.0796;-0.0001858;0.0001702;-0.07;0.06;98.90;0.21;98.90;0.08049;0.0796;0.0008881;-10.943;-10.991;-30.516;1.00;137.50;
2025-11-25 11:51:41.24;0.00:00:48:786;1.00;0.00;0.00;0.08051;0.07958;-0.0002024;0.0001783;-0.07;0.06;98.85;0.22;98.85;0.08051;0.07958;0.0009294;-10.941;-10.992;-30.318;1.00;138.63;
2025-11-25 11:51:41.30;0.00:00:48:844;1.00;0.00;0.00;0.08057;0.07963;-0.0001777;0.0001864;-0.06;0.07;98.84;0.23;98.84;0.08057;0.07963;0.0009312;-10.939;-10.989;-30.310;1.00;133.64;
2025-11-25 11:51:41.35;0.00:00:48:899;1.00;0.00;0.00;0.08064;0.0797;-0.0002026;0.0001836;-0.07;0.07;98.83;0.23;98.83;0.08064;0.0797;0.00094;-10.934;-10.985;-30.269;1.00;137.82;
2025-11-25 11:51:41.40;0.00:00:48:950;1.00;0.00;0.00;0.08058;0.07967;-0.0002199;0.0001934;-0.08;0.07;98.87;0.24;98.87;0.08058;0.07967;0.0009105;-10.938;-10.987;-30.407;1.00;138.67;
2025-11-25 11:51:41.45;0.00:00:48:997;1.00;0.00;0.00;0.08051;0.07958;-0.0002744;0.0001909;-0.10;0.07;98.85;0.24;98.85;0.08051;0.07958;0.0009263;-10.941;-10.992;-30.332;1.00;145.18;
2025-11-25 11:51:41.50;0.00:00:49:043;1.00;0.00;0.00;0.08051;0.07956;-0.0002106;0.0001764;-0.08;0.06;98.81;0.22;98.81;0.08051;0.07956;0.0009542;-10.941;-10.993;-30.204;1.00;140.05;
2025-11-25 11:51:41.54;0.00:00:49:088;1.00;0.00;0.00;0.08043;0.07957;-0.0002004;0.0001863;-0.07;0.07;98.92;0.23;98.92;0.08043;0.07957;0.0008672;-10.946;-10.993;-30.619;1.00;137.08;
2025-11-25 11:51:41.59;0.00:00:49:135;1.00;0.00;0.00;0.08044;0.07955;-0.0001905;0.0001836;-0.07;0.07;98.90;0.23;98.89;0.08044;0.07955;0.0008887;-10.946;-10.994;-30.513;1.00;136.05;
2025-11-25 11:51:41.65;0.00:00:49:197;1.00;0.00;0.00;0.0805;0.07957;-0.0001967;0.0001842;-0.07;0.07;98.84;0.23;98.84;0.0805;0.07957;0.0009347;-10.942;-10.993;-30.293;1.00;136.89;
2025-11-25 11:51:41.71;0.00:00:49:257;1.00;0.00;0.00;0.08051;0.07961;-0.0001748;0.0001758;-0.06;0.06;98.88;0.22;98.88;0.08051;0.07961;0.0008981;-10.942;-10.990;-30.467;1.00;134.84;
2025-11-25 11:51:41.76;0.00:00:49:309;1.00;0.00;0.00;0.08051;0.07958;-0.0001808;0.0001924;-0.07;0.07;98.84;0.24;98.84;0.08051;0.07958;0.0009323;-10.942;-10.992;-30.305;1.00;133.23;
2025-11-25 11:51:41.81;0.00:00:49:360;1.00;0.00;0.00;0.08054;0.07963;-0.0002128;0.0001988;-0.08;0.07;98.88;0.25;98.88;0.08054;0.07963;0.0009031;-10.940;-10.989;-30.442;1.00;136.95;
2025-11-25 11:51:41.86;0.00:00:49:411;1.00;0.00;0.00;0.0805;0.07956;-0.0002051;0.000184;-0.07;0.07;98.84;0.23;98.84;0.0805;0.07956;0.0009329;-10.942;-10.993;-30.302;1.00;138.10;
2025-11-25 11:51:41.91;0.00:00:49:462;1.00;0.00;0.00;0.08053;0.07962;-0.0002025;0.0001781;-0.07;0.06;98.86;0.22;98.86;0.08053;0.07962;0.0009153;-10.940;-10.990;-30.384;1.00;138.68;
2025-11-25 11:51:41.97;0.00:00:49:514;1.00;0.00;0.00;0.08059;0.0797;-0.0002158;0.0001833;-0.08;0.07;98.89;0.23;98.89;0.08059;0.0797;0.0008959;-10.937;-10.986;-30.477;1.00;139.66;
2025-11-25 11:51:42.02;0.00:00:49:569;1.00;0.00;0.00;0.08077;0.07977;-0.0001864;0.000194;-0.07;0.07;98.76;0.24;98.76;0.08077;0.07978;0.0009999;-10.927;-10.981;-30.000;1.00;133.84;
2025-11-25 11:51:42.08;0.00:00:49:623;1.00;0.00;0.00;0.08076;0.0798;-0.0001674;0.0001959;-0.06;0.07;98.81;0.24;98.81;0.08076;0.0798;0.0009604;-10.928;-10.980;-30.176;1.00;130.52;
2025-11-25 11:51:42.13;0.00:00:49:674;1.00;0.00;0.00;0.08075;0.07984;-0.0002099;0.0001943;-0.08;0.07;98.87;0.24;98.87;0.08075;0.07984;0.0009116;-10.929;-10.978;-30.402;1.00;137.21;
2025-11-25 11:51:42.18;0.00:00:49:725;1.00;0.00;0.00;0.08074;0.07982;-0.0001817;0.0001888;-0.07;0.07;98.86;0.23;98.86;0.08074;0.07982;0.0009205;-10.929;-10.979;-30.360;1.00;133.89;
2025-11-25 11:51:42.23;0.00:00:49:777;1.00;0.00;0.00;0.08057;0.07969;-0.0001996;0.0001975;-0.07;0.07;98.90;0.25;98.90;0.08057;0.07969;0.0008834;-10.938;-10.986;-30.538;1.00;135.31;
2025-11-25 11:51:42.28;0.00:00:49:824;1.00;0.00;0.00;0.08053;0.0796;-0.0002244;0.0001712;-0.08;0.06;98.85;0.21;98.85;0.08053;0.0796;0.0009255;-10.940;-10.991;-30.336;1.00;142.67;
2025-11-25 11:51:42.32;0.00:00:49:871;1.00;0.00;0.00;0.08052;0.07958;-0.0002051;0.0001831;-0.07;0.07;98.84;0.23;98.84;0.08052;0.07958;0.0009369;-10.941;-10.992;-30.283;1.00;138.25;
2025-11-25 11:51:42.37;0.00:00:49:917;1.00;0.00;0.00;0.08051;0.07962;-0.0002087;0.0001868;-0.08;0.07;98.90;0.23;98.90;0.08051;0.07962;0.0008888;-10.942;-10.990;-30.512;1.00;138.17;
2025-11-25 11:51:42.42;0.00:00:49:964;1.00;0.00;0.00;0.0805;0.07955;-0.0002083;0.0001939;-0.08;0.07;98.82;0.24;98.82;0.0805;0.07955;0.0009476;-10.942;-10.994;-30.234;1.00;137.06;
2025-11-25 11:51:42.48;0.00:00:50:025;1.00;0.00;0.00;0.08044;0.07956;-0.0001755;0.0001769;-0.06;0.06;98.90;0.22;98.90;0.08044;0.07956;0.0008839;-10.945;-10.993;-30.536;1.00;134.78;
2025-11-25 11:51:42.52;0.00:00:50:072;1.00;0.00;0.00;0.08051;0.07957;-0.000173;0.0001794;-0.06;0.06;98.84;0.22;98.84;0.08051;0.07957;0.0009347;-10.942;-10.992;-30.293;1.00;133.96;
2025-11-25 11:51:42.57;0.00:00:50:119;1.00;0.00;0.00;0.08049;0.07964;-0.0002368;0.0001699;-0.09;0.06;98.94;0.21;98.94;0.08049;0.07964;0.0008547;-10.942;-10.989;-30.682;1.00;144.34;
2025-11-25 11:51:42.62;0.00:00:50:166;1.00;0.00;0.00;0.08042;0.07951;-0.0002756;0.000172;-0.10;0.06;98.87;0.21;98.87;0.08042;0.07951;0.0009125;-10.946;-10.996;-30.398;1.00;148.03;
2025-11-25 11:51:42.66;0.00:00:50:212;1.00;0.00;0.00;0.08037;0.0795;-0.0001721;0.000173;-0.06;0.06;98.92;0.22;98.92;0.08037;0.0795;0.0008702;-10.949;-10.997;-30.604;1.00;134.84;
2025-11-25 11:51:42.71;0.00:00:50:259;1.00;0.00;0.00;0.08047;0.07956;-0.0002062;0.0001662;-0.07;0.06;98.87;0.21;98.86;0.08047;0.07956;0.0009133;-10.943;-10.993;-30.394;1.00;141.13;
2025-11-25 11:51:42.76;0.00:00:50:307;1.00;0.00;0.00;0.08051;0.07962;-0.0002076;0.0001901;-0.07;0.07;98.89;0.24;98.89;0.08051;0.07962;0.0008948;-10.941;-10.990;-30.483;1.00;137.51;
2025-11-25 11:51:42.81;0.00:00:50:354;1.00;0.00;0.00;0.08048;0.07956;-0.0001961;0.0001854;-0.07;0.07;98.85;0.23;98.85;0.08048;0.07956;0.0009244;-10.943;-10.993;-30.341;1.00;136.60;
2025-11-25 11:51:42.85;0.00:00:50:402;1.00;0.00;0.00;0.08043;0.07961;-0.0001695;0.0001697;-0.06;0.06;98.98;0.21;98.97;0.08043;0.07961;0.0008243;-10.946;-10.990;-30.839;1.00;134.96;
2025-11-25 11:51:42.90;0.00:00:50:448;1.00;0.00;0.00;0.08045;0.07953;-0.0002001;0.0001615;-0.07;0.06;98.86;0.20;98.86;0.08045;0.07953;0.0009155;-10.945;-10.995;-30.383;1.00;141.08;
2025-11-25 11:51:42.95;0.00:00:50:495;1.00;0.00;0.00;0.08046;0.07955;-0.0001823;0.0001717;-0.07;0.06;98.87;0.21;98.87;0.08046;0.07955;0.0009104;-10.944;-10.994;-30.408;1.00;136.72;
2025-11-25 11:51:43.00;0.00:00:50:548;1.00;0.00;0.00;0.08044;0.07951;-0.000209;0.0001711;-0.08;0.06;98.85;0.21;98.85;0.08044;0.07951;0.0009258;-10.945;-10.996;-30.335;1.00;140.69;
2025-11-25 11:51:43.06;0.00:00:50:606;1.00;0.00;0.00;0.08043;0.07957;-0.0001724;0.0001894;-0.06;0.07;98.93;0.24;98.93;0.08043;0.07957;0.0008607;-10.946;-10.992;-30.651;1.00;132.31;
2025-11-25 11:51:43.11;0.00:00:50:653;1.00;0.00;0.00;0.08047;0.07953;-0.0002484;0.0002031;-0.09;0.07;98.84;0.25;98.84;0.08047;0.07953;0.0009364;-10.944;-10.994;-30.285;1.00;140.73;
2025-11-25 11:51:43.15;0.00:00:50:699;1.00;0.00;0.00;0.08039;0.07948;-0.0002159;0.0002036;-0.08;0.07;98.86;0.25;98.86;0.08039;0.07948;0.0009156;-10.948;-10.998;-30.383;1.00;136.68;
2025-11-25 11:51:43.20;0.00:00:50:746;1.00;0.00;0.00;0.08039;0.07951;-0.0002115;0.0001625;-0.08;0.06;98.91;0.20;98.91;0.08039;0.07951;0.0008769;-10.948;-10.996;-30.570;1.00;142.46;
2025-11-25 11:51:43.24;0.00:00:50:792;1.00;0.00;0.00;0.08041;0.07949;-0.000205;0.0001739;-0.07;0.06;98.86;0.22;98.86;0.08041;0.07949;0.0009164;-10.947;-10.997;-30.379;1.00;139.69;
2025-11-25 11:51:43.29;0.00:00:50:839;1.00;0.00;0.00;0.08042;0.0795;-0.0001856;0.0001685;-0.07;0.06;98.85;0.21;98.85;0.08042;0.0795;0.0009245;-10.946;-10.996;-30.341;1.00;137.76;
2025-11-25 11:51:43.34;0.00:00:50:886;1.00;0.00;0.00;0.08043;0.07951;-0.0001961;0.0001775;-0.07;0.06;98.86;0.22;98.86;0.08043;0.07951;0.0009178;-10.946;-10.996;-30.372;1.00;137.85;
2025-11-25 11:51:43.39;0.00:00:50:933;1.00;0.00;0.00;0.08046;0.0796;-0.0001925;0.0001935;-0.07;0.07;98.93;0.24;98.93;0.08046;0.0796;0.0008581;-10.944;-10.991;-30.665;1.00;134.85;
2025-11-25 11:51:43.43;0.00:00:50:982;1.00;0.00;0.00;0.08049;0.07963;-0.000212;0.0001789;-0.08;0.06;98.93;0.22;98.93;0.08049;0.07963;0.0008586;-10.942;-10.989;-30.662;1.00;139.85;
2025-11-25 11:51:43.49;0.00:00:51:042;1.00;0.00;0.00;0.08051;0.07958;-0.0001854;0.0001993;-0.07;0.07;98.85;0.25;98.85;0.08051;0.07958;0.0009267;-10.942;-10.992;-30.331;1.00;132.93;
2025-11-25 11:51:43.54;0.00:00:51:090;1.00;0.00;0.00;0.08056;0.07965;-0.0001741;0.0001909;-0.06;0.07;98.88;0.24;98.88;0.08056;0.07966;0.0009037;-10.939;-10.988;-30.440;1.00;132.36;
2025-11-25 11:51:43.59;0.00:00:51:138;1.00;0.00;0.00;0.08052;0.07963;-0.0002464;0.0001803;-0.09;0.06;98.89;0.22;98.89;0.08052;0.07963;0.000892;-10.941;-10.989;-30.496;1.00;143.80;
2025-11-25 11:51:43.64;0.00:00:51:186;1.00;0.00;0.00;0.08048;0.07961;-0.0002359;0.0001824;-0.08;0.07;98.92;0.23;98.92;0.08048;0.07961;0.0008664;-10.943;-10.990;-30.623;1.00;142.29;
2025-11-25 11:51:43.69;0.00:00:51:233;1.00;0.00;0.00;0.08049;0.07957;-0.0002293;0.0002011;-0.08;0.07;98.85;0.25;98.85;0.08049;0.07957;0.0009243;-10.943;-10.993;-30.342;1.00;138.74;
2025-11-25 11:51:43.73;0.00:00:51:281;1.00;0.00;0.00;0.08046;0.07953;-0.0002195;0.0001739;-0.08;0.06;98.84;0.22;98.84;0.08046;0.07953;0.000934;-10.944;-10.995;-30.297;1.00;141.61;
2025-11-25 11:51:43.78;0.00:00:51:328;1.00;0.00;0.00;0.08054;0.07954;-0.0002045;0.0001816;-0.07;0.07;98.76;0.23;98.76;0.08054;0.07954;0.0009987;-10.940;-10.994;-30.006;1.00;138.39;
2025-11-25 11:51:43.83;0.00:00:51:375;1.00;0.00;0.00;0.0806;0.0797;-0.0001602;0.000186;-0.06;0.07;98.88;0.23;98.88;0.0806;0.0797;0.0008991;-10.937;-10.985;-30.462;1.00;130.73;
2025-11-25 11:51:43.87;0.00:00:51:422;1.00;0.00;0.00;0.08063;0.07969;-0.0002079;0.0001776;-0.07;0.06;98.84;0.22;98.84;0.08063;0.07969;0.0009389;-10.935;-10.986;-30.274;1.00;139.49;
2025-11-25 11:51:43.92;0.00:00:51:470;1.00;0.00;0.00;0.08055;0.07967;-0.0001749;0.0001657;-0.06;0.06;98.90;0.21;98.90;0.08055;0.07967;0.000883;-10.939;-10.987;-30.540;1.00;136.55;
2025-11-25 11:51:43.97;0.00:00:51:518;1.00;0.00;0.00;0.08057;0.07963;-0.0002352;0.0001857;-0.08;0.07;98.83;0.23;98.83;0.08057;0.07963;0.0009434;-10.938;-10.989;-30.253;1.00;141.71;
2025-11-25 11:51:44.02;0.00:00:51:566;1.00;0.00;0.00;0.0806;0.07969;-0.0001943;0.0001944;-0.07;0.07;98.87;0.24;98.87;0.0806;0.07969;0.0009105;-10.937;-10.986;-30.407;1.00;134.98;
2025-11-25 11:51:44.07;0.00:00:51:613;1.00;0.00;0.00;0.08073;0.07978;-0.0001867;0.0001901;-0.07;0.07;98.82;0.24;98.82;0.08073;0.07978;0.0009494;-10.930;-10.981;-30.225;1.00;134.48;
2025-11-25 11:51:44.11;0.00:00:51:659;1.00;0.00;0.00;0.08075;0.0798;-0.0002199;0.000168;-0.08;0.06;98.82;0.21;98.82;0.08075;0.0798;0.0009511;-10.929;-10.980;-30.218;1.00;142.62;
2025-11-25 11:51:44.16;0.00:00:51:707;1.00;0.00;0.00;0.08064;0.07973;-0.0001904;0.0001801;-0.07;0.06;98.88;0.22;98.88;0.08064;0.07973;0.0009033;-10.935;-10.984;-30.442;1.00;136.59;
2025-11-25 11:51:44.21;0.00:00:51:754;1.00;0.00;0.00;0.0806;0.07971;-0.000197;0.0001996;-0.07;0.07;98.89;0.25;98.89;0.0806;0.07971;0.0008945;-10.937;-10.985;-30.484;1.00;134.63;
2025-11-25 11:51:44.25;0.00:00:51:801;1.00;0.00;0.00;0.08056;0.07968;-0.0001924;0.0001751;-0.07;0.06;98.90;0.22;98.90;0.08056;0.07968;0.0008846;-10.939;-10.987;-30.533;1.00;137.70;
2025-11-25 11:51:44.30;0.00:00:51:848;1.00;0.00;0.00;0.08055;0.07966;-0.0002242;0.0001933;-0.08;0.07;98.89;0.24;98.89;0.08055;0.07966;0.0008913;-10.939;-10.988;-30.500;1.00;139.23;
2025-11-25 11:51:44.35;0.00:00:51:895;1.00;0.00;0.00;0.08052;0.07959;-0.0002025;0.0001868;-0.07;0.07;98.84;0.23;98.84;0.08052;0.07959;0.0009325;-10.941;-10.991;-30.304;1.00;137.32;
2025-11-25 11:51:44.39;0.00:00:51:942;1.00;0.00;0.00;0.08052;0.07956;-0.0001856;0.0001958;-0.07;0.07;98.82;0.24;98.82;0.08052;0.07956;0.0009512;-10.941;-10.993;-30.217;1.00;133.46;
2025-11-25 11:51:44.44;0.00:00:51:989;1.00;0.00;0.00;0.08057;0.07963;-0.0001697;0.0001744;-0.06;0.06;98.84;0.22;98.83;0.08057;0.07963;0.0009385;-10.939;-10.989;-30.276;1.00;134.21;
2025-11-25 11:51:44.49;0.00:00:52:036;1.00;0.00;0.00;0.08056;0.07963;-0.0002094;0.0001777;-0.08;0.06;98.85;0.22;98.85;0.08056;0.07963;0.0009239;-10.939;-10.989;-30.344;1.00;139.68;
2025-11-25 11:51:44.54;0.00:00:52:083;1.00;0.00;0.00;0.08056;0.07963;-0.0002044;0.000194;-0.07;0.07;98.84;0.24;98.84;0.08056;0.07963;0.0009331;-10.939;-10.989;-30.301;1.00;136.50;
2025-11-25 11:51:44.58;0.00:00:52:130;1.00;0.00;0.00;0.08054;0.07962;-0.0002067;0.0001923;-0.07;0.07;98.87;0.24;98.87;0.08054;0.07962;0.0009117;-10.940;-10.990;-30.401;1.00;137.06;
2025-11-25 11:51:44.63;0.00:00:52:178;1.00;0.00;0.00;0.08055;0.07963;-0.0001823;0.0001741;-0.07;0.06;98.86;0.22;98.86;0.08055;0.07963;0.000922;-10.939;-10.989;-30.353;1.00;136.32;
2025-11-25 11:51:44.68;0.00:00:52:225;1.00;0.00;0.00;0.08059;0.07967;-0.0002199;0.0001567;-0.08;0.06;98.85;0.19;98.85;0.08059;0.07967;0.0009243;-10.937;-10.987;-30.342;1.00;144.53;
2025-11-25 11:51:44.72;0.00:00:52:272;1.00;0.00;0.00;0.08058;0.07972;-0.000182;0.0001551;-0.07;0.06;98.93;0.19;98.93;0.08058;0.07972;0.0008584;-10.938;-10.984;-30.663;1.00;139.55;
2025-11-25 11:51:44.77;0.00:00:52:320;1.00;0.00;0.00;0.08063;0.07972;-0.0002217;0.0002071;-0.08;0.07;98.87;0.26;98.87;0.08063;0.07972;0.0009107;-10.935;-10.984;-30.406;1.00;136.94;
2025-11-25 11:51:44.82;0.00:00:52:370;1.00;0.00;0.00;0.08059;0.07964;-0.0001931;0.0001995;-0.07;0.07;98.83;0.25;98.83;0.08059;0.07965;0.0009447;-10.937;-10.988;-30.247;1.00;134.06;
2025-11-25 11:51:44.87;0.00:00:52:415;1.00;0.00;0.00;0.08057;0.07961;-0.0002005;0.0002012;-0.07;0.07;98.80;0.25;98.80;0.08057;0.07961;0.0009638;-10.938;-10.991;-30.160;1.00;134.90;
2025-11-25 11:51:44.92;0.00:00:52:463;1.00;0.00;0.00;0.08052;0.0796;-0.0002158;0.0001792;-0.08;0.06;98.86;0.22;98.86;0.08052;0.0796;0.000917;-10.941;-10.991;-30.376;1.00;140.29;
2025-11-25 11:51:44.96;0.00:00:52:512;1.00;0.00;0.00;0.08048;0.07956;-0.0001937;0.0001901;-0.07;0.07;98.86;0.24;98.86;0.08048;0.07956;0.000918;-10.943;-10.993;-30.371;1.00;135.54;
2025-11-25 11:51:45.02;0.00:00:52:572;1.00;0.00;0.00;0.08046;0.07955;-0.0001982;0.0001776;-0.07;0.06;98.88;0.22;98.88;0.08046;0.07955;0.0009043;-10.944;-10.993;-30.437;1.00;138.14;
2025-11-25 11:51:45.07;0.00:00:52:618;1.00;0.00;0.00;0.08049;0.07967;-0.0001985;0.0001774;-0.07;0.06;98.99;0.22;98.99;0.08049;0.07968;0.0008155;-10.943;-10.987;-30.886;1.00;138.21;
2025-11-25 11:51:45.12;0.00:00:52:665;1.00;0.00;0.00;0.08047;0.07957;-0.0001966;0.0001728;-0.07;0.06;98.88;0.21;98.88;0.08047;0.07957;0.0008991;-10.944;-10.992;-30.462;1.00;138.68;
2025-11-25 11:51:45.16;0.00:00:52:712;1.00;0.00;0.00;0.08052;0.0796;-0.000217;0.0001785;-0.08;0.06;98.87;0.22;98.87;0.08052;0.07961;0.0009125;-10.941;-10.991;-30.397;1.00;140.56;
2025-11-25 11:51:45.21;0.00:00:52:760;1.00;0.00;0.00;0.08061;0.0797;-0.000191;0.0002003;-0.07;0.07;98.88;0.25;98.88;0.08061;0.0797;0.0009044;-10.936;-10.985;-30.436;1.00;133.64;
2025-11-25 11:51:45.26;0.00:00:52:807;1.00;0.00;0.00;0.08055;0.07964;-0.00022;0.0001946;-0.08;0.07;98.88;0.24;98.88;0.08055;0.07964;0.0009024;-10.940;-10.988;-30.446;1.00;138.50;
2025-11-25 11:51:45.31;0.00:00:52:854;1.00;0.00;0.00;0.08049;0.07964;-0.0001985;0.0001741;-0.07;0.06;98.94;0.22;98.94;0.08049;0.07964;0.0008505;-10.943;-10.989;-30.703;1.00;138.75;
2025-11-25 11:51:45.35;0.00:00:52:901;1.00;0.00;0.00;0.08057;0.07964;-0.0001974;0.0001626;-0.07;0.06;98.84;0.20;98.84;0.08057;0.07964;0.0009313;-10.938;-10.989;-30.309;1.00;140.53;
2025-11-25 11:51:45.40;0.00:00:52:948;1.00;0.00;0.00;0.08057;0.07967;-0.0001668;0.0001922;-0.06;0.07;98.89;0.24;98.89;0.08057;0.07967;0.0008952;-10.938;-10.987;-30.481;1.00;130.95;
2025-11-25 11:51:45.45;0.00:00:52:995;1.00;0.00;0.00;0.08052;0.07963;-0.0002135;0.0001977;-0.08;0.07;98.90;0.25;98.90;0.08052;0.07963;0.0008848;-10.941;-10.989;-30.532;1.00;137.20;
2025-11-25 11:51:45.49;0.00:00:53:042;1.00;0.00;0.00;0.08048;0.07954;-0.0002086;0.0001952;-0.08;0.07;98.84;0.24;98.84;0.08048;0.07954;0.000934;-10.943;-10.994;-30.296;1.00;136.90;
2025-11-25 11:51:45.54;0.00:00:53:089;1.00;0.00;0.00;0.08049;0.07955;-0.0001949;0.0001749;-0.07;0.06;98.84;0.22;98.84;0.08049;0.07955;0.000937;-10.943;-10.993;-30.282;1.00;138.10;
2025-11-25 11:51:45.59;0.00:00:53:135;1.00;0.00;0.00;0.08052;0.07964;-0.00022;0.0001873;-0.08;0.07;98.91;0.23;98.91;0.08052;0.07964;0.0008789;-10.941;-10.989;-30.560;1.00;139.58;
2025-11-25 11:51:45.64;0.00:00:53:184;1.00;0.00;0.00;0.08052;0.07964;-0.0001844;0.0001865;-0.07;0.07;98.90;0.23;98.90;0.08052;0.07964;0.0008839;-10.941;-10.989;-30.536;1.00;134.69;
2025-11-25 11:51:45.68;0.00:00:53:231;1.00;0.00;0.00;0.08056;0.07969;-0.0001501;0.0002063;-0.05;0.07;98.91;0.26;98.91;0.08056;0.07969;0.0008781;-10.939;-10.986;-30.564;1.00;126.05;
2025-11-25 11:51:45.73;0.00:00:53:278;1.00;0.00;0.00;0.08053;0.07968;-0.0002436;0.0001818;-0.09;0.07;98.94;0.23;98.94;0.08053;0.07968;0.0008532;-10.940;-10.986;-30.689;1.00;143.27;
2025-11-25 11:51:45.78;0.00:00:53:325;1.00;0.00;0.00;0.08048;0.07959;-0.0001958;0.000182;-0.07;0.07;98.90;0.23;98.90;0.08048;0.07959;0.0008835;-10.943;-10.991;-30.538;1.00;137.08;
2025-11-25 11:51:45.82;0.00:00:53:372;1.00;0.00;0.00;0.08044;0.07954;-0.0002077;0.0002002;-0.07;0.07;98.88;0.25;98.88;0.08044;0.07954;0.0009014;-10.945;-10.994;-30.451;1.00;136.06;
2025-11-25 11:51:45.87;0.00:00:53:421;1.00;0.00;0.00;0.08048;0.07955;-0.0002161;0.0001723;-0.08;0.06;98.85;0.21;98.85;0.08048;0.07955;0.0009269;-10.943;-10.993;-30.329;1.00;141.43;
2025-11-25 11:51:45.92;0.00:00:53:467;1.00;0.00;0.00;0.08045;0.07954;-0.0002225;0.0001853;-0.08;0.07;98.87;0.23;98.87;0.08045;0.07954;0.0009122;-10.945;-10.994;-30.399;1.00;140.20;
2025-11-25 11:51:45.97;0.00:00:53:515;1.00;0.00;0.00;0.0805;0.07957;-0.0001721;0.0001728;-0.06;0.06;98.84;0.21;98.84;0.0805;0.07957;0.0009302;-10.942;-10.992;-30.314;1.00;134.88;
2025-11-25 11:51:46.02;0.00:00:53:564;1.00;0.00;0.00;0.0806;0.07965;-0.0001908;0.0001964;-0.07;0.07;98.83;0.24;98.82;0.0806;0.07965;0.0009469;-10.937;-10.988;-30.237;1.00;134.18;
2025-11-25 11:51:46.06;0.00:00:53:610;1.00;0.00;0.00;0.08064;0.07976;-0.0001876;0.0002031;-0.07;0.07;98.91;0.25;98.91;0.08064;0.07976;0.0008771;-10.934;-10.982;-30.570;1.00;132.73;
2025-11-25 11:51:46.11;0.00:00:53:656;1.00;0.00;0.00;0.08066;0.07972;-0.0001796;0.0001943;-0.06;0.07;98.83;0.24;98.83;0.08066;0.07972;0.0009422;-10.933;-10.984;-30.258;1.00;132.75;
2025-11-25 11:51:46.16;0.00:00:53:705;1.00;0.00;0.00;0.08063;0.07966;-0.0002145;0.0001838;-0.08;0.07;98.79;0.23;98.79;0.08063;0.07966;0.0009745;-10.935;-10.988;-30.112;1.00;139.40;
2025-11-25 11:51:46.20;0.00:00:53:750;1.00;0.00;0.00;0.08059;0.07968;-0.0001945;0.0001675;-0.07;0.06;98.87;0.21;98.87;0.08059;0.07968;0.0009115;-10.937;-10.987;-30.403;1.00;139.26;
2025-11-25 11:51:46.25;0.00:00:53:797;1.00;0.00;0.00;0.0806;0.07966;-0.000203;0.0001882;-0.07;0.07;98.84;0.23;98.84;0.0806;0.07966;0.0009384;-10.937;-10.988;-30.276;1.00;137.16;
2025-11-25 11:51:46.30;0.00:00:53:844;1.00;0.00;0.00;0.08056;0.07967;-0.0001636;0.000173;-0.06;0.06;98.90;0.21;98.90;0.08056;0.07967;0.0008888;-10.939;-10.987;-30.512;1.00;133.39;
2025-11-25 11:51:46.34;0.00:00:53:891;1.00;0.00;0.00;0.08058;0.07967;-0.0002253;0.0001711;-0.08;0.06;98.87;0.21;98.87;0.08058;0.07967;0.0009075;-10.938;-10.987;-30.421;1.00;142.80;
2025-11-25 11:51:46.39;0.00:00:53:939;1.00;0.00;0.00;0.08057;0.07964;-0.0002094;0.000177;-0.08;0.06;98.85;0.22;98.85;0.08057;0.07964;0.0009269;-10.938;-10.989;-30.330;1.00;139.79;
2025-11-25 11:51:46.44;0.00:00:53:986;1.00;0.00;0.00;0.08062;0.07969;-0.0002049;0.0001856;-0.07;0.07;98.86;0.23;98.86;0.08062;0.07969;0.000921;-10.936;-10.986;-30.357;1.00;137.83;
2025-11-25 11:51:46.49;0.00:00:54:033;1.00;0.00;0.00;0.08064;0.07971;-0.0001457;0.0001867;-0.05;0.07;98.85;0.23;98.85;0.08064;0.07971;0.0009296;-10.934;-10.985;-30.317;1.00;127.96;
2025-11-25 11:51:46.53;0.00:00:54:079;1.00;0.00;0.00;0.08068;0.07977;-0.0001749;0.0001845;-0.06;0.07;98.88;0.23;98.88;0.08068;0.07977;0.000907;-10.933;-10.982;-30.424;1.00;133.48;
2025-11-25 11:51:46.58;0.00:00:54:127;1.00;0.00;0.00;0.08086;0.07987;-0.0001801;0.000182;-0.06;0.07;98.78;0.23;98.78;0.08086;0.07987;0.0009903;-10.923;-10.976;-30.042;1.00;134.69;
2025-11-25 11:51:46.63;0.00:00:54:174;1.00;0.00;0.00;0.08086;0.07993;-0.0001992;0.0001928;-0.07;0.07;98.84;0.24;98.84;0.08086;0.07993;0.0009345;-10.923;-10.973;-30.294;1.00;135.94;
2025-11-25 11:51:46.67;0.00:00:54:221;1.00;0.00;0.00;0.08073;0.07976;-0.0001871;0.0001726;-0.07;0.06;98.80;0.21;98.80;0.08073;0.07976;0.0009649;-10.930;-10.982;-30.155;1.00;137.32;
2025-11-25 11:51:46.72;0.00:00:54:268;1.00;0.00;0.00;0.08071;0.07979;-0.0001879;0.0001971;-0.07;0.07;98.86;0.24;98.86;0.08071;0.07979;0.0009206;-10.931;-10.981;-30.359;1.00;133.63;
2025-11-25 11:51:46.77;0.00:00:54:315;1.00;0.00;0.00;0.08068;0.07979;-0.000182;0.0001893;-0.07;0.07;98.90;0.23;98.90;0.08068;0.07979;0.000887;-10.933;-10.981;-30.521;1.00;133.88;
2025-11-25 11:51:46.81;0.00:00:54:361;1.00;0.00;0.00;0.08074;0.07981;-0.0002034;0.0001925;-0.07;0.07;98.86;0.24;98.86;0.08074;0.07981;0.0009235;-10.929;-10.979;-30.346;1.00;136.57;
2025-11-25 11:51:46.86;0.00:00:54:408;1.00;0.00;0.00;0.08071;0.0798;-0.0001715;0.0002015;-0.06;0.07;98.88;0.25;98.88;0.08071;0.0798;0.0009071;-10.931;-10.980;-30.423;1.00;130.41;
2025-11-25 11:51:46.91;0.00:00:54:456;1.00;0.00;0.00;0.08065;0.0797;-0.0001953;0.0001873;-0.07;0.07;98.83;0.23;98.83;0.08065;0.0797;0.0009428;-10.934;-10.985;-30.256;1.00;136.20;
2025-11-25 11:51:46.96;0.00:00:54:503;1.00;0.00;0.00;0.08062;0.07966;-0.0002022;0.0002111;-0.07;0.08;98.81;0.26;98.81;0.08062;0.07966;0.0009629;-10.935;-10.988;-30.164;1.00;133.76;
2025-11-25 11:51:47.00;0.00:00:54:550;1.00;0.00;0.00;0.08056;0.07967;-0.0002191;0.000179;-0.08;0.06;98.90;0.22;98.90;0.08056;0.07967;0.0008851;-10.939;-10.987;-30.530;1.00;140.75;
2025-11-25 11:51:47.05;0.00:00:54:596;1.00;0.00;0.00;0.08053;0.07967;-0.0002331;0.0001901;-0.08;0.07;98.93;0.24;98.93;0.08053;0.07967;0.000858;-10.940;-10.987;-30.665;1.00;140.79;
2025-11-25 11:51:47.09;0.00:00:54:642;1.00;0.00;0.00;0.08057;0.07963;-0.0001738;0.0001824;-0.06;0.07;98.84;0.23;98.84;0.08057;0.07963;0.0009355;-10.938;-10.989;-30.290;1.00;133.62;
2025-11-25 11:51:47.14;0.00:00:54:689;1.00;0.00;0.00;0.08058;0.07967;-0.0001834;0.0001759;-0.07;0.06;98.88;0.22;98.88;0.08058;0.07967;0.0009056;-10.938;-10.987;-30.430;1.00;136.19;
2025-11-25 11:51:47.19;0.00:00:54:736;1.00;0.00;0.00;0.08065;0.07967;-0.0001915;0.0001906;-0.07;0.07;98.78;0.24;98.78;0.08065;0.07967;0.0009819;-10.934;-10.987;-30.079;1.00;135.15;
2025-11-25 11:51:47.23;0.00:00:54:782;1.00;0.00;0.00;0.08065;0.07976;-0.0001985;0.0001709;-0.07;0.06;98.90;0.21;98.90;0.08065;0.07976;0.0008885;-10.934;-10.982;-30.513;1.00;139.26;
2025-11-25 11:51:47.28;0.00:00:54:830;1.00;0.00;0.00;0.0807;0.07975;-0.0002007;0.0001802;-0.07;0.06;98.83;0.22;98.83;0.0807;0.07975;0.0009438;-10.931;-10.982;-30.251;1.00;138.08;
2025-11-25 11:51:47.33;0.00:00:54:877;1.00;0.00;0.00;0.08069;0.07977;-0.0001851;0.0001954;-0.07;0.07;98.86;0.24;98.86;0.08069;0.07977;0.0009213;-10.932;-10.982;-30.356;1.00;133.45;
2025-11-25 11:51:47.38;0.00:00:54:923;1.00;0.00;0.00;0.08065;0.07978;-0.0001947;0.0001782;-0.07;0.06;98.92;0.22;98.92;0.08065;0.07978;0.0008702;-10.934;-10.981;-30.604;1.00;137.53;
2025-11-25 11:51:47.42;0.00:00:54:971;1.00;0.00;0.00;0.08057;0.07972;-0.0001861;0.0002002;-0.07;0.07;98.95;0.25;98.95;0.08057;0.07972;0.0008485;-10.938;-10.984;-30.714;1.00;132.92;
2025-11-25 11:51:47.47;0.00:00:55:018;1.00;0.00;0.00;0.08062;0.07969;-0.0001863;0.0001752;-0.07;0.06;98.85;0.22;98.84;0.08062;0.07969;0.0009311;-10.936;-10.986;-30.310;1.00;136.76;
2025-11-25 11:51:47.52;0.00:00:55:066;1.00;0.00;0.00;0.08066;0.07974;-0.0002032;0.0001861;-0.07;0.07;98.86;0.23;98.86;0.08066;0.07974;0.0009167;-10.934;-10.983;-30.378;1.00;137.51;
2025-11-25 11:51:47.56;0.00:00:55:111;1.00;0.00;0.00;0.08063;0.07977;-0.0002339;0.0001888;-0.08;0.07;98.94;0.23;98.94;0.08063;0.07977;0.0008566;-10.935;-10.982;-30.672;1.00;141.09;
2025-11-25 11:51:47.61;0.00:00:55:161;1.00;0.00;0.00;0.08064;0.07974;-0.0001551;0.0001998;-0.06;0.07;98.89;0.25;98.89;0.08064;0.07974;0.0008986;-10.935;-10.983;-30.464;1.00;127.81;
2025-11-25 11:51:47.67;0.00:00:55:220;1.00;0.00;0.00;0.08065;0.07973;-0.0001754;0.0001868;-0.06;0.07;98.86;0.23;98.86;0.08065;0.07973;0.0009187;-10.934;-10.984;-30.368;1.00;133.21;
2025-11-25 11:51:47.72;0.00:00:55:268;1.00;0.00;0.00;0.0807;0.07982;-0.0002022;0.0001961;-0.07;0.07;98.92;0.24;98.92;0.0807;0.07982;0.0008721;-10.931;-10.979;-30.594;1.00;135.88;
2025-11-25 11:51:47.77;0.00:00:55:315;1.00;0.00;0.00;0.08073;0.07979;-0.0001535;0.0001786;-0.06;0.06;98.84;0.22;98.84;0.08073;0.07979;0.0009401;-10.929;-10.980;-30.268;1.00;130.69;
2025-11-25 11:51:47.81;0.00:00:55:362;1.00;0.00;0.00;0.08079;0.07983;-0.0002072;0.0002013;-0.07;0.07;98.82;0.25;98.82;0.08079;0.07983;0.0009551;-10.926;-10.978;-30.199;1.00;135.82;
2025-11-25 11:51:47.86;0.00:00:55:410;1.00;0.00;0.00;0.08078;0.07986;-0.0001928;0.0001912;-0.07;0.07;98.86;0.24;98.86;0.08078;0.07986;0.0009207;-10.927;-10.977;-30.359;1.00;135.25;
2025-11-25 11:51:47.91;0.00:00:55:455;1.00;0.00;0.00;0.08083;0.07984;-0.0001813;0.0001958;-0.07;0.07;98.77;0.24;98.77;0.08083;0.07984;0.0009934;-10.924;-10.978;-30.029;1.00;132.81;
2025-11-25 11:51:47.95;0.00:00:55:502;1.00;0.00;0.00;0.08083;0.07985;-0.0001996;0.000187;-0.07;0.07;98.79;0.23;98.79;0.08083;0.07985;0.000974;-10.925;-10.977;-30.115;1.00;136.86;
2025-11-25 11:51:48.01;0.00:00:55:553;1.00;0.00;0.00;0.08073;0.07984;-0.0002528;0.0002149;-0.09;0.08;98.90;0.27;98.90;0.08073;0.07984;0.0008852;-10.930;-10.978;-30.529;1.00;139.64;
2025-11-25 11:51:48.06;0.00:00:55:612;1.00;0.00;0.00;0.08066;0.07972;-0.0001605;0.0001779;-0.06;0.06;98.83;0.22;98.83;0.08066;0.07972;0.0009431;-10.933;-10.984;-30.254;1.00;132.07;
2025-11-25 11:51:48.11;0.00:00:55:659;1.00;0.00;0.00;0.08063;0.07971;-0.0002176;0.000188;-0.08;0.07;98.85;0.23;98.85;0.08063;0.07971;0.0009269;-10.935;-10.985;-30.330;1.00;139.18;
2025-11-25 11:51:48.16;0.00:00:55:708;1.00;0.00;0.00;0.08058;0.07972;-0.0001975;0.0001854;-0.07;0.07;98.93;0.23;98.93;0.08058;0.07972;0.0008592;-10.938;-10.984;-30.659;1.00;136.81;
2025-11-25 11:51:48.21;0.00:00:55:754;1.00;0.00;0.00;0.08051;0.07959;-0.0002548;0.0001917;-0.09;0.07;98.85;0.24;98.85;0.08051;0.07959;0.0009223;-10.942;-10.992;-30.351;1.00;143.03;
2025-11-25 11:51:48.26;0.00:00:55:804;1.00;0.00;0.00;0.08045;0.0796;-0.0001618;0.0001618;-0.06;0.06;98.95;0.20;98.95;0.08045;0.0796;0.0008441;-10.945;-10.991;-30.736;1.00;135.00;
2025-11-25 11:51:48.31;0.00:00:55:855;1.00;0.00;0.00;0.0805;0.07957;-0.0002507;0.0001942;-0.09;0.07;98.85;0.24;98.85;0.0805;0.07957;0.0009268;-10.942;-10.992;-30.330;1.00;142.23;
2025-11-25 11:51:48.36;0.00:00:55:903;1.00;0.00;0.00;0.08043;0.07953;-0.0002245;0.0001651;-0.08;0.06;98.87;0.21;98.87;0.08043;0.07953;0.0009083;-10.946;-10.995;-30.418;1.00;143.66;
2025-11-25 11:51:48.41;0.00:00:55:957;1.00;0.00;0.00;0.08055;0.07962;-0.0002254;0.0001797;-0.08;0.06;98.85;0.22;98.85;0.08055;0.07962;0.0009299;-10.939;-10.990;-30.316;1.00;141.43;
2025-11-25 11:51:48.46;0.00:00:56:007;1.00;0.00;0.00;0.08047;0.07956;-0.0002165;0.0001704;-0.08;0.06;98.86;0.21;98.86;0.08047;0.07956;0.0009154;-10.943;-10.993;-30.384;1.00;141.79;
2025-11-25 11:51:48.51;0.00:00:56:058;1.00;0.00;0.00;0.08053;0.07958;-0.0002002;0.00018;-0.07;0.06;98.82;0.22;98.82;0.08053;0.07958;0.0009521;-10.940;-10.992;-30.213;1.00;138.05;
2025-11-25 11:51:48.56;0.00:00:56:110;1.00;0.00;0.00;0.08052;0.07963;-0.000223;0.0001796;-0.08;0.06;98.90;0.22;98.90;0.08052;0.07963;0.0008824;-10.941;-10.989;-30.543;1.00;141.15;
2025-11-25 11:51:48.62;0.00:00:56:169;1.00;0.00;0.00;0.08056;0.07959;-0.0002038;0.0001736;-0.07;0.06;98.80;0.22;98.80;0.08056;0.07959;0.0009643;-10.939;-10.991;-30.158;1.00;139.58;
2025-11-25 11:51:48.67;0.00:00:56:222;1.00;0.00;0.00;0.08051;0.07961;-0.0001876;0.0001825;-0.07;0.07;98.87;0.23;98.87;0.08051;0.07961;0.0009061;-10.941;-10.990;-30.428;1.00;135.80;
2025-11-25 11:51:48.73;0.00:00:56:273;1.00;0.00;0.00;0.08048;0.07957;-0.0002145;0.0001894;-0.08;0.07;98.87;0.24;98.87;0.08048;0.07957;0.0009103;-10.943;-10.993;-30.408;1.00;138.55;
2025-11-25 11:51:48.78;0.00:00:56:324;1.00;0.00;0.00;0.08049;0.07957;-0.0002084;0.0001609;-0.08;0.06;98.86;0.20;98.86;0.08049;0.07957;0.0009199;-10.943;-10.993;-30.362;1.00;142.33;
2025-11-25 11:51:48.83;0.00:00:56:376;1.00;0.00;0.00;0.08054;0.0796;-0.0001713;0.0001731;-0.06;0.06;98.83;0.21;98.83;0.08054;0.0796;0.0009421;-10.940;-10.991;-30.259;1.00;134.70;
2025-11-25 11:51:48.88;0.00:00:56:427;1.00;0.00;0.00;0.08054;0.07967;-0.0002317;0.0001876;-0.08;0.07;98.91;0.23;98.91;0.08054;0.07967;0.0008781;-10.940;-10.987;-30.565;1.00;141.01;
2025-11-25 11:51:48.93;0.00:00:56:478;1.00;0.00;0.00;0.0806;0.07973;-0.0001652;0.0001835;-0.06;0.07;98.92;0.23;98.92;0.0806;0.07973;0.0008739;-10.937;-10.984;-30.585;1.00;131.99;
2025-11-25 11:51:48.98;0.00:00:56:530;1.00;0.00;0.00;0.08059;0.07962;-0.000193;0.0001641;-0.07;0.06;98.80;0.20;98.80;0.08059;0.07962;0.0009692;-10.937;-10.990;-30.136;1.00;139.63;
2025-11-25 11:51:49.03;0.00:00:56:581;1.00;0.00;0.00;0.08057;0.07969;-0.0001711;0.0001831;-0.06;0.07;98.91;0.23;98.91;0.08057;0.07969;0.0008805;-10.938;-10.986;-30.553;1.00;133.06;
2025-11-25 11:51:49.08;0.00:00:56:632;1.00;0.00;0.00;0.08058;0.07967;-0.00017;0.0002045;-0.06;0.07;98.87;0.25;98.87;0.08058;0.07967;0.0009093;-10.938;-10.987;-30.413;1.00;129.73;
2025-11-25 11:51:49.14;0.00:00:56:684;1.00;0.00;0.00;0.0806;0.07973;-0.000188;0.0001755;-0.07;0.06;98.92;0.22;98.92;0.0806;0.07973;0.0008688;-10.937;-10.984;-30.611;1.00;136.97;
2025-11-25 11:51:49.19;0.00:00:56:735;1.00;0.00;0.00;0.08058;0.07965;-0.000176;0.0001825;-0.06;0.07;98.85;0.23;98.85;0.08058;0.07965;0.00093;-10.938;-10.988;-30.315;1.00;133.96;
2025-11-25 11:51:49.24;0.00:00:56:786;1.00;0.00;0.00;0.08061;0.07969;-0.0001891;0.0001992;-0.07;0.07;98.86;0.25;98.86;0.08061;0.07969;0.0009206;-10.936;-10.986;-30.359;1.00;133.52;
2025-11-25 11:51:49.30;0.00:00:56:843;1.00;0.00;0.00;0.08065;0.07971;-0.00019;0.0002049;-0.07;0.07;98.83;0.25;98.83;0.08065;0.07971;0.0009444;-10.934;-10.985;-30.248;1.00;132.84;
2025-11-25 11:51:49.35;0.00:00:56:895;1.00;0.00;0.00;0.08065;0.07974;-0.0001993;0.0001758;-0.07;0.06;98.87;0.22;98.87;0.08065;0.07974;0.0009103;-10.934;-10.983;-30.408;1.00;138.57;
2025-11-25 11:51:49.41;0.00:00:56:956;1.00;0.00;0.00;0.08063;0.07976;-0.0002084;0.0002041;-0.07;0.07;98.92;0.25;98.92;0.08063;0.07976;0.0008679;-10.935;-10.982;-30.615;1.00;135.60;
2025-11-25 11:51:49.45;0.00:00:57:002;1.00;0.00;0.00;0.08055;0.07966;-0.0002131;0.000182;-0.08;0.07;98.90;0.23;98.90;0.08055;0.07966;0.0008896;-10.939;-10.988;-30.508;1.00;139.49;
2025-11-25 11:51:49.50;0.00:00:57:048;1.00;0.00;0.00;0.0805;0.07961;-0.000183;0.0001825;-0.07;0.07;98.89;0.23;98.89;0.0805;0.07961;0.0008946;-10.942;-10.990;-30.484;1.00;135.08;
2025-11-25 11:51:49.55;0.00:00:57:094;1.00;0.00;0.00;0.08057;0.07962;-0.0001915;0.0001887;-0.07;0.07;98.82;0.23;98.82;0.08057;0.07962;0.000951;-10.938;-10.990;-30.218;1.00;135.41;
2025-11-25 11:51:49.60;0.00:00:57:152;1.00;0.00;0.00;0.08051;0.07965;-0.000194;0.0001807;-0.07;0.06;98.93;0.22;98.93;0.08051;0.07965;0.0008635;-10.941;-10.988;-30.637;1.00;137.03;
2025-11-25 11:51:49.66;0.00:00:57:207;1.00;0.00;0.00;0.08051;0.07963;-0.0002005;0.0001937;-0.07;0.07;98.91;0.24;98.91;0.08051;0.07963;0.0008794;-10.941;-10.989;-30.558;1.00;136.00;
2025-11-25 11:51:49.71;0.00:00:57:259;1.00;0.00;0.00;0.0805;0.07963;-0.0001597;0.0001921;-0.06;0.07;98.93;0.24;98.93;0.0805;0.07963;0.0008646;-10.942;-10.989;-30.632;1.00;129.74;
2025-11-25 11:51:49.76;0.00:00:57:310;1.00;0.00;0.00;0.08061;0.07969;-0.0001808;0.0001981;-0.06;0.07;98.87;0.25;98.87;0.08061;0.07969;0.0009112;-10.936;-10.986;-30.404;1.00;132.39;
2025-11-25 11:51:49.82;0.00:00:57:363;1.00;0.00;0.00;0.08059;0.07966;-0.0002011;0.0002107;-0.07;0.08;98.85;0.26;98.85;0.08059;0.07966;0.0009298;-10.937;-10.987;-30.316;1.00;133.67;
2025-11-25 11:51:49.88;0.00:00:57:424;1.00;0.00;0.00;0.08052;0.07962;-0.0002184;0.0001549;-0.08;0.06;98.88;0.19;98.88;0.08052;0.07962;0.0008995;-10.941;-10.990;-30.460;1.00;144.65;
2025-11-25 11:51:49.93;0.00:00:57:475;1.00;0.00;0.00;0.08043;0.07951;-0.0002455;0.0001923;-0.09;0.07;98.86;0.24;98.86;0.08043;0.07951;0.0009152;-10.946;-10.996;-30.385;1.00;141.92;
2025-11-25 11:51:49.98;0.00:00:57:526;1.00;0.00;0.00;0.08037;0.07949;-0.000223;0.0001916;-0.08;0.07;98.91;0.24;98.91;0.08037;0.0795;0.0008771;-10.949;-10.997;-30.569;1.00;139.33;
2025-11-25 11:51:50.03;0.00:00:57:577;1.00;0.00;0.00;0.08047;0.07957;-0.0001984;0.0002014;-0.07;0.07;98.88;0.25;98.88;0.08047;0.07957;0.0008985;-10.944;-10.992;-30.465;1.00;134.56;
2025-11-25 11:51:50.09;0.00:00:57:634;1.00;0.00;0.00;0.08044;0.07952;-0.0001736;0.0001853;-0.06;0.07;98.85;0.23;98.85;0.08044;0.07952;0.0009242;-10.945;-10.995;-30.342;1.00;133.13;
2025-11-25 11:51:50.13;0.00:00:57:680;1.00;0.00;0.00;0.08043;0.07954;-0.0001737;0.0001609;-0.06;0.06;98.89;0.20;98.89;0.08043;0.07954;0.0008909;-10.946;-10.994;-30.502;1.00;137.20;
2025-11-25 11:51:50.18;0.00:00:57:731;1.00;0.00;0.00;0.08045;0.07955;-0.0002081;0.0001755;-0.07;0.06;98.87;0.22;98.87;0.08045;0.07955;0.0009054;-10.945;-10.994;-30.431;1.00;139.86;
2025-11-25 11:51:50.23;0.00:00:57:782;1.00;0.00;0.00;0.08055;0.07959;-0.0002222;0.0001666;-0.08;0.06;98.81;0.21;98.81;0.08055;0.07959;0.0009566;-10.940;-10.991;-30.193;1.00;143.14;
2025-11-25 11:51:50.29;0.00:00:57:841;1.00;0.00;0.00;0.08056;0.07965;-0.0002176;0.0001916;-0.08;0.07;98.87;0.24;98.87;0.08056;0.07965;0.0009066;-10.939;-10.988;-30.426;1.00;138.63;
2025-11-25 11:51:50.35;0.00:00:57:901;1.00;0.00;0.00;0.08059;0.07961;-0.0001603;0.0001729;-0.06;0.06;98.77;0.21;98.77;0.08059;0.07961;0.0009886;-10.937;-10.991;-30.050;1.00;132.85;
2025-11-25 11:51:50.40;0.00:00:57:949;1.00;0.00;0.00;0.08067;0.07973;-0.0002302;0.000175;-0.08;0.06;98.85;0.22;98.85;0.08067;0.07973;0.0009315;-10.933;-10.984;-30.308;1.00;142.76;
2025-11-25 11:51:50.45;0.00:00:57:995;1.00;0.00;0.00;0.0807;0.07976;-0.0002116;0.000162;-0.08;0.06;98.83;0.20;98.83;0.0807;0.07976;0.0009406;-10.931;-10.982;-30.266;1.00;142.57;
2025-11-25 11:51:50.49;0.00:00:58:042;1.00;0.00;0.00;0.08067;0.07977;-0.0001883;0.0001943;-0.07;0.07;98.89;0.24;98.89;0.08067;0.07977;0.000899;-10.933;-10.981;-30.462;1.00;134.10;
2025-11-25 11:51:50.54;0.00:00:58:089;1.00;0.00;0.00;0.08072;0.07976;-0.0001778;0.0001803;-0.06;0.06;98.81;0.22;98.81;0.08072;0.07976;0.0009608;-10.930;-10.982;-30.173;1.00;134.60;
2025-11-25 11:51:50.59;0.00:00:58:136;1.00;0.00;0.00;0.08065;0.07977;-0.0002167;0.000167;-0.08;0.06;98.91;0.21;98.91;0.08065;0.07977;0.0008819;-10.934;-10.982;-30.546;1.00;142.38;
2025-11-25 11:51:50.63;0.00:00:58:182;1.00;0.00;0.00;0.08067;0.07976;-0.0001378;0.0001671;-0.05;0.06;98.87;0.21;98.87;0.08067;0.07976;0.0009092;-10.933;-10.982;-30.413;1.00;129.51;
2025-11-25 11:51:50.68;0.00:00:58:230;1.00;0.00;0.00;0.08065;0.07974;-0.0002008;0.0002025;-0.07;0.07;98.87;0.25;98.87;0.08065;0.07974;0.000913;-10.934;-10.983;-30.395;1.00;134.76;
2025-11-25 11:51:50.73;0.00:00:58:277;1.00;0.00;0.00;0.08066;0.07975;-0.0001937;0.0001951;-0.07;0.07;98.88;0.24;98.88;0.08066;0.07976;0.000907;-10.933;-10.982;-30.424;1.00;134.79;
2025-11-25 11:51:50.78;0.00:00:58:325;1.00;0.00;0.00;0.08067;0.0798;-0.0001862;0.0001858;-0.07;0.07;98.93;0.23;98.93;0.08067;0.0798;0.0008627;-10.933;-10.980;-30.641;1.00;135.06;
2025-11-25 11:51:50.82;0.00:00:58:371;1.00;0.00;0.00;0.08063;0.07979;-0.0002055;0.0001871;-0.07;0.07;98.95;0.23;98.95;0.08063;0.07979;0.0008438;-10.935;-10.981;-30.738;1.00;137.69;
2025-11-25 11:51:50.87;0.00:00:58:418;1.00;0.00;0.00;0.08062;0.07965;-0.0002596;0.0001895;-0.09;0.07;98.80;0.24;98.80;0.08062;0.07965;0.0009694;-10.936;-10.988;-30.135;1.00;143.88;
2025-11-25 11:51:50.92;0.00:00:58:466;1.00;0.00;0.00;0.08062;0.07971;-0.0001758;0.0001551;-0.06;0.06;98.87;0.19;98.87;0.08062;0.07971;0.00091;-10.936;-10.985;-30.410;1.00;138.59;
2025-11-25 11:51:50.97;0.00:00:58:514;1.00;0.00;0.00;0.08061;0.07976;-0.000205;0.0001997;-0.07;0.07;98.95;0.25;98.95;0.08061;0.07976;0.0008478;-10.936;-10.982;-30.717;1.00;135.74;
2025-11-25 11:51:51.01;0.00:00:58:562;1.00;0.00;0.00;0.0806;0.07964;-0.0001706;0.0001719;-0.06;0.06;98.81;0.21;98.81;0.0806;0.07964;0.0009583;-10.937;-10.989;-30.185;1.00;134.78;
2025-11-25 11:51:51.07;0.00:00:58:613;1.00;0.00;0.00;0.0806;0.07971;-0.0002413;0.0001857;-0.09;0.07;98.90;0.23;98.90;0.0806;0.07971;0.0008844;-10.937;-10.985;-30.533;1.00;142.43;
2025-11-25 11:51:51.12;0.00:00:58:671;1.00;0.00;0.00;0.08046;0.07957;-0.000204;0.0001999;-0.07;0.07;98.90;0.25;98.90;0.08046;0.07957;0.0008822;-10.944;-10.992;-30.544;1.00;135.57;
2025-11-25 11:51:51.17;0.00:00:58:718;1.00;0.00;0.00;0.08038;0.07946;-0.000236;0.0001881;-0.09;0.07;98.85;0.23;98.85;0.08038;0.07946;0.0009209;-10.948;-10.998;-30.358;1.00;141.45;
2025-11-25 11:51:51.22;0.00:00:58:765;1.00;0.00;0.00;0.08036;0.07947;-0.0001894;0.0001819;-0.07;0.07;98.89;0.23;98.89;0.08036;0.07947;0.0008901;-10.949;-10.998;-30.506;1.00;136.16;
2025-11-25 11:51:51.26;0.00:00:58:812;1.00;0.00;0.00;0.0804;0.07949;-0.0001726;0.0001863;-0.06;0.07;98.87;0.23;98.87;0.0804;0.07949;0.0009101;-10.948;-10.997;-30.409;1.00;132.81;
2025-11-25 11:51:51.33;0.00:00:58:873;1.00;0.00;0.00;0.08038;0.07948;-0.000205;0.0001698;-0.07;0.06;98.88;0.21;98.88;0.08038;0.07948;0.0009019;-10.948;-10.997;-30.449;1.00;140.37;
2025-11-25 11:51:51.37;0.00:00:58:920;1.00;0.00;0.00;0.08038;0.0795;-0.0002131;0.000173;-0.08;0.06;98.91;0.22;98.91;0.08038;0.07951;0.0008782;-10.948;-10.996;-30.564;1.00;140.92;
2025-11-25 11:51:51.42;0.00:00:58:967;1.00;0.00;0.00;0.08047;0.07955;-0.0001912;0.0001785;-0.07;0.06;98.86;0.22;98.86;0.08047;0.07955;0.0009162;-10.944;-10.994;-30.380;1.00;136.97;
2025-11-25 11:51:51.47;0.00:00:59:015;1.00;0.00;0.00;0.08053;0.07966;-0.0001366;0.0001735;-0.05;0.06;98.92;0.22;98.92;0.08053;0.07966;0.0008718;-10.940;-10.988;-30.596;1.00;128.23;
2025-11-25 11:51:51.52;0.00:00:59:067;1.00;0.00;0.00;0.08053;0.07961;-0.0002125;0.0002042;-0.08;0.07;98.86;0.25;98.86;0.08053;0.07961;0.000919;-10.941;-10.990;-30.367;1.00;136.14;
2025-11-25 11:51:51.58;0.00:00:59:125;1.00;0.00;0.00;0.08056;0.07962;-0.0001883;0.0001682;-0.07;0.06;98.84;0.21;98.84;0.08056;0.07963;0.000937;-10.939;-10.989;-30.283;1.00;138.24;
2025-11-25 11:51:51.62;0.00:00:59:171;1.00;0.00;0.00;0.08055;0.07962;-0.000203;0.0001753;-0.07;0.06;98.84;0.22;98.84;0.08055;0.07962;0.0009328;-10.939;-10.990;-30.302;1.00;139.19;
2025-11-25 11:51:51.67;0.00:00:59:219;1.00;0.00;0.00;0.08057;0.07963;-0.0002032;0.0002005;-0.07;0.07;98.84;0.25;98.84;0.08057;0.07963;0.0009358;-10.938;-10.989;-30.288;1.00;135.38;
2025-11-25 11:51:51.72;0.00:00:59:266;1.00;0.00;0.00;0.08059;0.07966;-0.0002002;0.0001827;-0.07;0.07;98.85;0.23;98.85;0.08059;0.07967;0.0009239;-10.937;-10.987;-30.344;1.00;137.62;
2025-11-25 11:51:51.77;0.00:00:59:313;1.00;0.00;0.00;0.08058;0.07969;-0.0001639;0.0001841;-0.06;0.07;98.89;0.23;98.89;0.08058;0.07969;0.0008973;-10.937;-10.986;-30.471;1.00;131.67;
2025-11-25 11:51:51.81;0.00:00:59:362;1.00;0.00;0.00;0.08058;0.07968;-0.0001838;0.0001917;-0.07;0.07;98.89;0.24;98.89;0.08058;0.07968;0.0008943;-10.938;-10.986;-30.485;1.00;133.79;
2025-11-25 11:51:51.86;0.00:00:59:408;1.00;0.00;0.00;0.08059;0.07968;-0.0001785;0.0001804;-0.06;0.06;98.87;0.22;98.87;0.08059;0.07968;0.0009144;-10.937;-10.987;-30.389;1.00;134.70;
2025-11-25 11:51:51.91;0.00:00:59:455;1.00;0.00;0.00;0.08061;0.07972;-0.0001694;0.0001801;-0.06;0.06;98.90;0.22;98.90;0.08061;0.07972;0.0008898;-10.936;-10.984;-30.507;1.00;133.25;
2025-11-25 11:51:51.96;0.00:00:59:504;1.00;0.00;0.00;0.08066;0.07974;-0.0001776;0.000195;-0.06;0.07;98.86;0.24;98.86;0.08066;0.07974;0.0009213;-10.933;-10.983;-30.356;1.00;132.32;
2025-11-25 11:51:52.00;0.00:00:59:551;1.00;0.00;0.00;0.08063;0.07971;-0.0002542;0.0001953;-0.09;0.07;98.87;0.24;98.87;0.08063;0.07971;0.0009139;-10.935;-10.985;-30.391;1.00;142.46;
2025-11-25 11:51:52.05;0.00:00:59:600;1.00;0.00;0.00;0.0806;0.07972;-0.0001768;0.0001779;-0.06;0.06;98.92;0.22;98.92;0.0806;0.07972;0.0008712;-10.937;-10.984;-30.599;1.00;134.81;
2025-11-25 11:51:52.12;0.00:00:59:664;1.00;0.00;0.00;0.08062;0.07973;-0.0001945;0.0001746;-0.07;0.06;98.89;0.22;98.89;0.08062;0.07973;0.0008934;-10.935;-10.984;-30.489;1.00;138.08;
2025-11-25 11:51:52.18;0.00:00:59:724;1.00;0.00;0.00;0.08059;0.07968;-0.0002049;0.0001996;-0.07;0.07;98.88;0.25;98.87;0.08059;0.07968;0.0009065;-10.937;-10.987;-30.426;1.00;135.76;
2025-11-25 11:51:52.22;0.00:00:59:772;1.00;0.00;0.00;0.08059;0.07967;-0.0001808;0.00018;-0.07;0.06;98.86;0.22;98.86;0.08059;0.07967;0.0009179;-10.937;-10.987;-30.372;1.00;135.13;
2025-11-25 11:51:52.27;0.00:00:59:819;1.00;0.00;0.00;0.08064;0.07978;-0.000183;0.0001875;-0.07;0.07;98.93;0.23;98.93;0.08064;0.07978;0.0008623;-10.934;-10.981;-30.643;1.00;134.31;
2025-11-25 11:51:52.32;0.00:00:59:868;1.00;0.00;0.00;0.08068;0.07974;-0.0002212;0.0001853;-0.08;0.07;98.83;0.23;98.83;0.08068;0.07974;0.0009459;-10.932;-10.983;-30.242;1.00;140.04;
2025-11-25 11:51:52.37;0.00:00:59:915;1.00;0.00;0.00;0.08062;0.07971;-0.0001991;0.0001731;-0.07;0.06;98.86;0.21;98.86;0.08062;0.07971;0.0009171;-10.935;-10.985;-30.376;1.00;139.00;
2025-11-25 11:51:52.41;0.00:00:59:962;1.00;0.00;0.00;0.08067;0.07979;-0.000181;0.000181;-0.06;0.07;98.91;0.22;98.91;0.08067;0.07979;0.0008781;-10.933;-10.981;-30.565;1.00;134.99;
2025-11-25 11:51:52.46;0.00:01:00:010;1.00;0.00;0.00;0.08072;0.0798;-0.0001764;0.0001995;-0.06;0.07;98.86;0.25;98.86;0.08072;0.0798;0.000918;-10.930;-10.980;-30.372;1.00;131.47;
