Device : ;PAX1000IR1
Serial Number : ;M00974113
Firmware Version : ;1.0.13
Software Version : ;1.4.2002.183
Wavelength [nm] : ;780
Basic Sample Rate [Hz] : ;60
Operating Mode : ;1 revolution for one measurement, 2048 points for FFT

Time[date hh:mm:ss] ; Elapsed Time [hh:mm:ss:ms]; Normalized s 1 ; Normalized s 2 ; Normalized s 3 ; S 0 [mW]; S 1 [mW]; S 2 [mW]; S 3 [mW]; Azimuth[°] ; Ellipticity[°] ; DOP[%] ; DOCP[%] ; DOLP[%] ; Power[mW] ; Pol Power[mW] ; Unpol Power[mW] ; Power[dBm] ; Pol Power[dBm] ; Unpol Power[dBm] ; Power-Split-Ratio ; Phase Difference[°] ; Warning
2026-01-27 15:45:48.06;0.00:00:00:084;-0.22;-0.96;0.17;1.903E-05;-4.589E-06;-2.012E-05;3.525E-06;-51.43;4.85;110.03;18.53;108.46;1.903E-05;2.093E-05;-1.909E-06;-47.207;-46.791;-99.990;0.39;170.06;
2026-01-27 15:45:48.13;0.00:00:00:156;-0.27;-0.96;0.13;1.748E-05;-4.471E-06;-1.609E-05;2.158E-06;-52.77;3.68;96.30;12.34;95.51;1.748E-05;1.683E-05;6.467E-07;-47.574;-47.738;-61.893;0.37;172.36;
2026-01-27 15:45:48.18;0.00:00:00:205;-0.32;-0.92;0.22;1.968E-05;-6.278E-06;-1.795E-05;4.326E-06;-54.64;6.41;99.13;21.99;96.66;1.968E-05;1.951E-05;1.714E-07;-47.060;-47.098;-67.660;0.34;166.45;
2026-01-27 15:45:48.23;0.00:00:00:258;-0.47;-0.86;0.18;2.207E-05;-9.027E-06;-1.637E-05;3.468E-06;-59.43;5.25;86.18;15.72;84.74;2.207E-05;1.902E-05;3.049E-06;-46.563;-47.209;-55.158;0.26;168.04;
2026-01-27 15:45:48.28;0.00:00:00:308;-0.19;-0.97;0.17;1.73E-05;-3.424E-06;-1.762E-05;3.153E-06;-50.50;4.98;105.38;18.23;103.80;1.73E-05;1.823E-05;-9.312E-07;-47.620;-47.392;-99.990;0.41;169.86;
2026-01-27 15:45:48.33;0.00:00:00:358;-0.35;-0.92;0.18;1.916E-05;-6.063E-06;-1.608E-05;3.197E-06;-55.33;5.27;91.23;16.69;89.69;1.916E-05;1.748E-05;1.681E-06;-47.176;-47.575;-57.745;0.33;168.75;
2026-01-27 15:45:48.39;0.00:00:00:420;-0.26;-0.95;0.16;1.846E-05;-5.13E-06;-1.915E-05;3.197E-06;-52.50;4.58;108.78;17.32;107.39;1.846E-05;2.008E-05;-1.62E-06;-47.338;-46.972;-99.990;0.37;170.52;
2026-01-27 15:45:48.44;0.00:00:00:472;-0.37;-0.90;0.24;2.027E-05;-6.671E-06;-1.612E-05;4.356E-06;-56.24;7.01;88.71;21.49;86.07;2.027E-05;1.798E-05;2.288E-06;-46.932;-47.452;-56.406;0.31;164.88;
2026-01-27 15:45:48.50;0.00:00:00:522;-0.22;-0.97;0.12;1.727E-05;-3.334E-06;-1.474E-05;1.803E-06;-51.37;3.40;88.12;10.44;87.50;1.727E-05;1.522E-05;2.052E-06;-47.627;-48.177;-56.878;0.39;173.03;
2026-01-27 15:45:48.55;0.00:00:00:575;-0.27;-0.93;0.23;1.803E-05;-4.69E-06;-1.626E-05;4.04E-06;-53.05;6.72;96.47;22.41;93.83;1.803E-05;1.739E-05;6.363E-07;-47.440;-47.596;-61.963;0.37;166.04;
2026-01-27 15:45:48.59;0.00:00:00:622;-0.30;-0.95;0.10;1.768E-05;-4.804E-06;-1.536E-05;1.671E-06;-53.68;2.96;91.51;9.45;91.02;1.768E-05;1.618E-05;1.501E-06;-47.524;-47.909;-58.236;0.35;173.79;
2026-01-27 15:45:48.64;0.00:00:00:666;-0.42;-0.88;0.23;1.988E-05;-7.45E-06;-1.572E-05;4.14E-06;-57.68;6.69;89.96;20.83;87.51;1.988E-05;1.788E-05;1.996E-06;-47.017;-47.476;-56.998;0.29;165.24;
2026-01-27 15:45:48.70;0.00:00:00:727;-0.43;-0.82;0.38;1.856E-05;-5.54E-06;-1.061E-05;4.954E-06;-58.79;11.24;69.79;26.69;64.49;1.856E-05;1.295E-05;5.607E-06;-47.314;-48.876;-52.512;0.29;154.97;
2026-01-27 15:45:48.76;0.00:00:00:788;-0.24;-0.96;0.16;1.814E-05;-4.398E-06;-1.745E-05;2.906E-06;-52.08;4.59;100.48;16.02;99.19;1.814E-05;1.822E-05;-8.695E-08;-47.414;-47.393;-99.990;0.38;170.54;
2026-01-27 15:45:48.81;0.00:00:00:838;-0.21;-0.96;0.18;1.772E-05;-4.18E-06;-1.895E-05;3.543E-06;-51.22;5.17;111.36;20.00;109.55;1.772E-05;1.973E-05;-2.013E-06;-47.516;-47.049;-99.990;0.39;169.41;
2026-01-27 15:45:48.87;0.00:00:00:900;-0.40;-0.89;0.21;2.11E-05;-7.396E-06;-1.635E-05;3.841E-06;-57.17;6.04;87.00;18.21;85.08;2.11E-05;1.835E-05;2.742E-06;-46.758;-47.363;-55.619;0.30;166.78;
2026-01-27 15:45:48.93;0.00:00:00:957;-0.40;-0.90;0.18;2.157E-05;-7.995E-06;-1.819E-05;3.55E-06;-56.86;5.07;93.56;16.46;92.10;2.157E-05;2.019E-05;1.389E-06;-46.661;-46.950;-58.573;0.30;168.96;
2026-01-27 15:45:48.99;0.00:00:01:022;-0.41;-0.90;0.14;2.04E-05;-6.285E-06;-1.366E-05;2.068E-06;-57.35;3.92;74.40;10.14;73.70;2.04E-05;1.518E-05;5.223E-06;-46.904;-48.188;-52.821;0.29;171.39;
2026-01-27 15:45:49.05;0.00:00:01:074;-0.42;-0.89;0.17;2.008E-05;-6.781E-06;-1.445E-05;2.772E-06;-57.57;4.93;80.68;13.81;79.49;2.008E-05;1.62E-05;3.88E-06;-46.973;-47.905;-54.112;0.29;169.14;
2026-01-27 15:45:49.10;0.00:00:01:122;-0.41;-0.87;0.27;2.047E-05;-7.262E-06;-1.55E-05;4.766E-06;-57.56;7.78;86.78;23.28;83.60;2.047E-05;1.776E-05;2.706E-06;-46.889;-47.505;-55.676;0.30;162.90;
2026-01-27 15:45:49.15;0.00:00:01:176;-0.45;-0.87;0.21;1.971E-05;-7.045E-06;-1.366E-05;3.285E-06;-58.64;6.03;79.73;16.66;77.97;1.971E-05;1.572E-05;3.996E-06;-47.052;-48.036;-53.984;0.28;166.48;
2026-01-27 15:45:49.21;0.00:00:01:240;-0.31;-0.94;0.18;1.78E-05;-4.103E-06;-1.256E-05;2.366E-06;-54.05;5.08;75.41;13.30;74.23;1.78E-05;1.342E-05;4.377E-06;-47.497;-48.723;-53.589;0.35;169.33;
2026-01-27 15:45:49.26;0.00:00:01:287;-0.40;-0.91;0.15;1.975E-05;-6.697E-06;-1.531E-05;2.496E-06;-56.82;4.25;85.53;12.64;84.59;1.975E-05;1.689E-05;2.857E-06;-47.044;-47.723;-55.440;0.30;170.74;
2026-01-27 15:45:49.31;0.00:00:01:340;-0.28;-0.91;0.30;1.777E-05;-3.934E-06;-1.297E-05;4.301E-06;-53.44;8.81;80.01;24.20;76.26;1.777E-05;1.422E-05;3.553E-06;-47.503;-48.472;-54.494;0.36;161.65;
2026-01-27 15:45:49.37;0.00:00:01:399;-0.34;-0.93;0.13;2.044E-05;-6.381E-06;-1.72E-05;2.499E-06;-55.17;3.88;90.60;12.23;89.77;2.044E-05;1.852E-05;1.921E-06;-46.895;-47.324;-57.165;0.33;171.73;
2026-01-27 15:45:49.43;0.00:00:01:453;-0.31;-0.92;0.23;1.729E-05;-5.005E-06;-1.49E-05;3.733E-06;-54.29;6.68;93.41;21.58;90.88;1.729E-05;1.615E-05;1.14E-06;-47.621;-47.917;-59.431;0.35;165.93;
2026-01-27 15:45:49.47;0.00:00:01:502;-0.50;-0.82;0.28;2.367E-05;-1.067E-05;-1.762E-05;6.107E-06;-60.59;8.26;90.78;25.80;87.03;2.367E-05;2.149E-05;2.183E-06;-46.258;-46.678;-56.610;0.25;160.89;
2026-01-27 15:45:49.53;0.00:00:01:555;-0.34;-0.93;0.15;1.829E-05;-5.494E-06;-1.502E-05;2.447E-06;-55.04;4.35;88.44;13.38;87.42;1.829E-05;1.618E-05;2.115E-06;-47.377;-47.910;-56.747;0.33;170.75;
2026-01-27 15:45:49.58;0.00:00:01:611;-0.29;-0.92;0.26;1.742E-05;-4.395E-06;-1.397E-05;3.878E-06;-53.73;7.41;86.96;22.25;84.06;1.742E-05;1.515E-05;2.273E-06;-47.588;-48.195;-56.434;0.35;164.49;
2026-01-27 15:45:49.65;0.00:00:01:674;-0.43;-0.89;0.12;1.987E-05;-6.667E-06;-1.369E-05;1.869E-06;-57.98;3.50;77.22;9.41;76.65;1.987E-05;1.534E-05;4.526E-06;-47.018;-48.141;-53.443;0.28;172.23;
2026-01-27 15:45:49.71;0.00:00:01:734;-0.27;-0.94;0.21;1.682E-05;-3.851E-06;-1.336E-05;2.917E-06;-53.04;5.92;84.50;17.35;82.70;1.682E-05;1.421E-05;2.607E-06;-47.743;-48.475;-55.838;0.36;167.68;
2026-01-27 15:45:49.75;0.00:00:01:781;-0.32;-0.95;0.06;1.854E-05;-5.759E-06;-1.716E-05;1.087E-06;-54.28;1.72;97.79;5.86;97.62;1.854E-05;1.813E-05;4.092E-07;-47.319;-47.416;-63.881;0.34;176.38;
2026-01-27 15:45:49.80;0.00:00:01:827;-0.25;-0.97;-0.05;1.861E-05;-3.389E-06;-1.309E-05;-6.55E-07;-52.26;-1.39;72.71;3.52;72.62;1.861E-05;1.353E-05;5.08E-06;-47.302;-48.686;-52.942;0.37;-177.13;
2026-01-27 15:45:49.85;0.00:00:01:874;-0.33;-0.92;0.21;2.062E-05;-7.22E-06;-1.999E-05;4.468E-06;-54.93;5.94;105.33;21.67;103.08;2.062E-05;2.172E-05;-1.099E-06;-46.857;-46.632;-99.990;0.33;167.40;
2026-01-27 15:45:49.89;0.00:00:01:919;-0.41;-0.86;0.31;1.968E-05;-6.999E-06;-1.457E-05;5.238E-06;-57.83;8.98;86.31;26.62;82.11;1.968E-05;1.699E-05;2.693E-06;-47.059;-47.699;-55.697;0.29;160.22;
2026-01-27 15:45:49.94;0.00:00:01:966;-0.35;-0.91;0.23;1.935E-05;-6.618E-06;-1.704E-05;4.298E-06;-55.61;6.61;97.07;22.22;94.50;1.935E-05;1.878E-05;5.665E-07;-47.134;-47.263;-62.468;0.32;165.85;
2026-01-27 15:45:49.99;0.00:00:02:015;-0.30;-0.94;0.16;1.803E-05;-5.205E-06;-1.653E-05;2.871E-06;-53.74;4.70;97.46;15.93;96.15;1.803E-05;1.757E-05;4.581E-07;-47.441;-47.553;-63.390;0.35;170.15;
2026-01-27 15:45:50.05;0.00:00:02:075;-0.35;-0.92;0.18;1.935E-05;-6.253E-06;-1.665E-05;3.215E-06;-55.29;5.12;93.39;16.61;91.90;1.935E-05;1.807E-05;1.28E-06;-47.132;-47.429;-58.928;0.33;169.07;
2026-01-27 15:45:50.09;0.00:00:02:122;-0.32;-0.93;0.18;1.844E-05;-4.783E-06;-1.416E-05;2.667E-06;-54.33;5.06;82.31;14.46;81.03;1.844E-05;1.518E-05;3.262E-06;-47.341;-48.187;-54.865;0.34;169.33;
2026-01-27 15:45:50.14;0.00:00:02:168;-0.27;-0.95;0.15;1.843E-05;-4.848E-06;-1.691E-05;2.683E-06;-53.00;4.34;96.55;14.56;95.44;1.843E-05;1.779E-05;6.361E-07;-47.345;-47.497;-61.964;0.36;170.99;
2026-01-27 15:45:50.19;0.00:00:02:218;-0.23;-0.97;0.09;1.675E-05;-3.641E-06;-1.507E-05;1.453E-06;-51.79;2.68;92.96;8.67;92.55;1.675E-05;1.557E-05;1.18E-06;-47.759;-48.076;-59.280;0.38;174.49;
2026-01-27 15:45:50.26;0.00:00:02:283;-0.17;-0.98;0.13;1.657E-05;-2.991E-06;-1.686E-05;2.255E-06;-50.03;3.75;104.23;13.60;103.34;1.657E-05;1.727E-05;-7.01E-07;-47.806;-47.626;-99.990;0.41;172.38;
2026-01-27 15:45:50.31;0.00:00:02:340;-0.36;-0.92;0.14;2.031E-05;-7.091E-06;-1.798E-05;2.682E-06;-55.76;3.95;96.08;13.21;95.17;2.031E-05;1.952E-05;7.957E-07;-46.922;-47.096;-60.992;0.32;171.52;
2026-01-27 15:45:50.36;0.00:00:02:389;-0.28;-0.95;0.11;1.805E-05;-3.884E-06;-1.341E-05;1.543E-06;-53.08;3.15;77.81;8.55;77.34;1.805E-05;1.405E-05;4.006E-06;-47.434;-48.524;-53.973;0.36;173.44;
2026-01-27 15:45:50.41;0.00:00:02:435;-0.42;-0.89;0.16;2.133E-05;-8.118E-06;-1.711E-05;3.09E-06;-57.69;4.63;89.95;14.49;88.78;2.133E-05;1.919E-05;2.143E-06;-46.710;-47.170;-56.690;0.29;169.76;
2026-01-27 15:45:50.46;0.00:00:02:482;-0.23;-0.97;0.06;1.721E-05;-3.15E-06;-1.316E-05;7.747E-07;-51.73;1.64;78.78;4.50;78.65;1.721E-05;1.356E-05;3.652E-06;-47.642;-48.678;-54.374;0.38;176.63;
2026-01-27 15:45:50.50;0.00:00:02:529;-0.27;-0.92;0.28;1.836E-05;-4.932E-06;-1.706E-05;5.087E-06;-53.06;7.99;100.61;27.71;96.72;1.836E-05;1.847E-05;-1.12E-07;-47.362;-47.335;-99.990;0.37;163.39;
2026-01-27 15:45:50.55;0.00:00:02:576;-0.46;-0.84;0.31;1.952E-05;-6.193E-06;-1.136E-05;4.179E-06;-59.30;8.95;69.64;21.40;66.27;1.952E-05;1.36E-05;5.927E-06;-47.095;-48.666;-52.272;0.27;159.80;
2026-01-27 15:45:50.60;0.00:00:02:625;-0.21;-0.95;0.25;1.674E-05;-3.288E-06;-1.496E-05;3.938E-06;-51.20;7.21;94.44;23.52;91.47;1.674E-05;1.581E-05;9.302E-07;-47.762;-48.010;-60.314;0.40;165.25;
2026-01-27 15:45:50.65;0.00:00:02:672;-0.38;-0.91;0.13;1.952E-05;-5.72E-06;-1.367E-05;1.941E-06;-56.36;3.73;76.53;9.94;75.88;1.952E-05;1.494E-05;4.583E-06;-47.094;-48.256;-53.389;0.31;171.92;
2026-01-27 15:45:50.69;0.00:00:02:718;-0.15;-0.98;0.09;1.64E-05;-2.317E-06;-1.531E-05;1.385E-06;-49.30;2.56;94.81;8.45;94.43;1.64E-05;1.555E-05;8.518E-07;-47.852;-48.084;-60.697;0.43;174.83;
2026-01-27 15:45:50.74;0.00:00:02:766;-0.36;-0.92;0.17;1.867E-05;-5.158E-06;-1.3E-05;2.407E-06;-55.82;4.88;76.03;12.89;74.93;1.867E-05;1.419E-05;4.475E-06;-47.289;-48.479;-53.492;0.32;169.51;
2026-01-27 15:45:50.78;0.00:00:02:812;-0.18;-0.97;0.15;1.716E-05;-3.567E-06;-1.972E-05;3.002E-06;-50.13;4.26;118.06;17.49;116.75;1.716E-05;2.026E-05;-3.099E-06;-47.654;-46.934;-99.990;0.41;171.34;
2026-01-27 15:45:50.83;0.00:00:02:860;-0.25;-0.96;0.10;1.802E-05;-4.63E-06;-1.766E-05;1.892E-06;-52.35;2.96;101.88;10.50;101.34;1.802E-05;1.835E-05;-3.384E-07;-47.444;-47.363;-99.990;0.37;173.88;
2026-01-27 15:45:50.88;0.00:00:02:907;-0.42;-0.90;0.09;2.077E-05;-7.581E-06;-1.637E-05;1.546E-06;-57.43;2.45;87.14;7.44;86.83;2.077E-05;1.81E-05;2.67E-06;-46.825;-47.422;-55.734;0.29;174.61;
2026-01-27 15:45:50.92;0.00:00:02:952;-0.13;-0.98;0.17;1.505E-05;-2.134E-06;-1.579E-05;2.819E-06;-48.85;5.02;107.57;18.73;105.92;1.505E-05;1.618E-05;-1.138E-06;-48.226;-47.909;-99.990;0.43;169.88;
2026-01-27 15:45:50.97;0.00:00:02:999;-0.35;-0.91;0.22;1.876E-05;-6.268E-06;-1.644E-05;3.876E-06;-55.43;6.21;96.05;20.66;93.80;1.876E-05;1.802E-05;7.405E-07;-47.267;-47.442;-61.305;0.33;166.74;
2026-01-27 15:45:51.02;0.00:00:03:049;-0.37;-0.86;0.34;1.777E-05;-4.788E-06;-1.109E-05;4.309E-06;-56.68;9.82;72.17;24.25;67.98;1.777E-05;1.283E-05;4.946E-06;-47.503;-48.919;-53.058;0.31;158.77;
2026-01-27 15:45:51.07;0.00:00:03:093;-0.30;-0.95;0.12;1.848E-05;-5.612E-06;-1.756E-05;2.28E-06;-53.86;3.53;100.52;12.34;99.76;1.848E-05;1.857E-05;-9.549E-08;-47.334;-47.311;-99.990;0.35;172.60;
2026-01-27 15:45:51.11;0.00:00:03:141;-0.39;-0.91;0.13;1.957E-05;-5.56E-06;-1.312E-05;1.931E-06;-56.48;3.86;73.50;9.87;72.84;1.957E-05;1.438E-05;5.185E-06;-47.085;-48.422;-52.852;0.31;171.63;
2026-01-27 15:45:51.16;0.00:00:03:192;-0.26;-0.95;0.19;1.847E-05;-5.168E-06;-1.913E-05;3.918E-06;-52.56;5.59;109.38;21.21;107.30;1.847E-05;2.02E-05;-1.732E-06;-47.335;-46.946;-99.990;0.37;168.43;
2026-01-27 15:45:51.22;0.00:00:03:249;-0.46;-0.87;0.17;2.234E-05;-8.209E-06;-1.576E-05;3.015E-06;-58.76;4.81;80.68;13.49;79.55;2.234E-05;1.803E-05;4.316E-06;-46.509;-47.441;-53.649;0.27;169.17;
2026-01-27 15:45:51.27;0.00:00:03:299;-0.21;-0.97;0.14;1.839E-05;-4.442E-06;-2.01E-05;2.989E-06;-51.23;4.13;113.10;16.25;111.93;1.839E-05;2.08E-05;-2.409E-06;-47.354;-46.820;-99.990;0.39;171.54;
2026-01-27 15:45:51.33;0.00:00:03:361;-0.43;-0.87;0.23;2.234E-05;-8.356E-06;-1.695E-05;4.519E-06;-58.12;6.73;86.96;20.23;84.57;2.234E-05;1.943E-05;2.914E-06;-46.509;-47.116;-55.355;0.28;165.07;
2026-01-27 15:45:51.40;0.00:00:03:423;-0.40;-0.89;0.20;1.926E-05;-6.299E-06;-1.391E-05;3.17E-06;-57.18;5.86;80.97;16.46;79.28;1.926E-05;1.559E-05;3.664E-06;-47.154;-48.071;-54.360;0.30;167.16;
2026-01-27 15:45:51.44;0.00:00:03:471;-0.04;-1.00;0.07;1.491E-05;-7.278E-07;-1.777E-05;1.185E-06;-46.17;1.91;119.54;7.94;119.27;1.491E-05;1.783E-05;-2.914E-06;-48.264;-47.489;-99.990;0.48;176.19;
2026-01-27 15:45:51.49;0.00:00:03:516;-0.34;-0.92;0.18;1.972E-05;-5.916E-06;-1.589E-05;3.114E-06;-55.21;5.20;87.44;15.79;86.00;1.972E-05;1.724E-05;2.477E-06;-47.051;-47.634;-56.061;0.33;168.91;
2026-01-27 15:45:51.54;0.00:00:03:563;-0.35;-0.91;0.23;1.906E-05;-5.918E-06;-1.521E-05;3.771E-06;-55.63;6.50;87.90;19.78;85.64;1.906E-05;1.675E-05;2.307E-06;-47.198;-47.759;-56.369;0.32;166.08;
2026-01-27 15:45:51.58;0.00:00:03:611;-0.33;-0.92;0.18;1.905E-05;-5.809E-06;-1.611E-05;3.168E-06;-54.92;5.24;91.41;16.63;89.89;1.905E-05;1.741E-05;1.636E-06;-47.201;-47.591;-57.863;0.33;168.87;
2026-01-27 15:45:51.63;0.00:00:03:658;-0.38;-0.91;0.17;1.96E-05;-7.119E-06;-1.719E-05;3.2E-06;-56.25;4.88;96.29;16.32;94.90;1.96E-05;1.888E-05;7.272E-07;-47.077;-47.241;-61.383;0.31;169.45;
2026-01-27 15:45:51.68;0.00:00:03:706;-0.42;-0.89;0.17;1.99E-05;-6.829E-06;-1.455E-05;2.692E-06;-57.57;4.75;81.88;13.53;80.76;1.99E-05;1.63E-05;3.606E-06;-47.011;-47.879;-54.430;0.29;169.52;
2026-01-27 15:45:51.73;0.00:00:03:758;-0.19;-0.95;0.23;1.618E-05;-3.666E-06;-1.848E-05;4.462E-06;-50.61;6.66;119.66;27.58;116.43;1.618E-05;1.936E-05;-3.18E-06;-47.911;-47.132;-99.990;0.41;166.42;
2026-01-27 15:45:51.79;0.00:00:03:816;-0.30;-0.95;0.13;1.814E-05;-5.644E-06;-1.804E-05;2.562E-06;-53.69;3.86;105.18;14.12;104.23;1.814E-05;1.908E-05;-9.402E-07;-47.414;-47.195;-99.990;0.35;171.92;
2026-01-27 15:45:51.84;0.00:00:03:865;-0.17;-0.98;0.14;1.677E-05;-3.057E-06;-1.792E-05;2.603E-06;-49.84;4.07;109.47;15.51;108.36;1.677E-05;1.836E-05;-1.589E-06;-47.753;-47.361;-99.990;0.42;171.74;
2026-01-27 15:45:51.88;0.00:00:03:912;-0.33;-0.92;0.22;1.988E-05;-6.664E-06;-1.824E-05;4.318E-06;-55.03;6.27;100.07;21.72;97.69;1.988E-05;1.99E-05;-1.394E-08;-47.015;-47.012;-99.990;0.33;166.68;
2026-01-27 15:45:51.93;0.00:00:03:959;-0.26;-0.93;0.27;1.661E-05;-3.927E-06;-1.403E-05;4.039E-06;-52.82;7.75;91.04;24.32;87.73;1.661E-05;1.512E-05;1.489E-06;-47.797;-48.205;-58.272;0.37;163.94;
2026-01-27 15:45:51.98;0.00:00:04:008;-0.46;-0.86;0.20;2.231E-05;-7.778E-06;-1.453E-05;3.277E-06;-59.08;5.62;75.30;14.69;73.86;2.231E-05;1.68E-05;5.511E-06;-46.514;-47.746;-52.588;0.27;167.29;
2026-01-27 15:45:52.04;0.00:00:04:067;-0.29;-0.94;0.17;1.759E-05;-3.779E-06;-1.222E-05;2.221E-06;-53.59;4.93;73.80;12.63;72.71;1.759E-05;1.298E-05;4.608E-06;-47.548;-48.867;-53.365;0.35;169.70;
2026-01-27 15:45:52.09;0.00:00:04:116;-0.14;-0.97;0.21;1.576E-05;-2.305E-06;-1.651E-05;3.581E-06;-48.97;6.06;108.24;22.73;105.82;1.576E-05;1.705E-05;-1.298E-06;-48.026;-47.682;-99.990;0.43;167.76;
2026-01-27 15:45:52.14;0.00:00:04:163;-0.31;-0.93;0.19;1.75E-05;-4.807E-06;-1.447E-05;2.875E-06;-54.19;5.34;88.65;16.43;87.11;1.75E-05;1.551E-05;1.986E-06;-47.570;-48.093;-57.019;0.35;168.76;
2026-01-27 15:45:52.18;0.00:00:04:212;-0.40;-0.88;0.24;2.094E-05;-7.771E-06;-1.716E-05;4.621E-06;-57.18;6.89;92.64;22.07;89.97;2.094E-05;1.94E-05;1.542E-06;-46.791;-47.123;-58.120;0.30;164.93;
2026-01-27 15:45:52.23;0.00:00:04:257;-0.43;-0.87;0.23;1.969E-05;-6.223E-06;-1.247E-05;3.254E-06;-58.26;6.57;72.68;16.53;70.78;1.969E-05;1.431E-05;5.379E-06;-47.057;-48.443;-52.693;0.28;165.38;
2026-01-27 15:45:52.28;0.00:00:04:304;-0.31;-0.95;0.07;1.967E-05;-6.322E-06;-1.96E-05;1.545E-06;-53.94;2.15;105.00;7.86;104.70;1.967E-05;2.065E-05;-9.826E-07;-47.063;-46.851;-99.990;0.35;175.49;
2026-01-27 15:45:52.33;0.00:00:04:354;-0.50;-0.83;0.26;2.25E-05;-9.641E-06;-1.597E-05;5.088E-06;-60.56;7.63;85.93;22.61;82.90;2.25E-05;1.934E-05;3.167E-06;-46.477;-47.136;-54.993;0.25;162.33;
2026-01-27 15:45:52.39;0.00:00:04:414;-0.57;-0.81;0.15;2.189E-05;-8.765E-06;-1.252E-05;2.269E-06;-62.50;4.22;70.60;10.37;69.83;2.189E-05;1.545E-05;6.436E-06;-46.598;-48.110;-51.914;0.22;169.73;
2026-01-27 15:45:52.45;0.00:00:04:478;-0.33;-0.94;0.11;1.96E-05;-5.922E-06;-1.669E-05;2.035E-06;-54.77;3.28;90.97;10.38;90.38;1.96E-05;1.783E-05;1.77E-06;-47.078;-47.489;-57.521;0.33;173.05;
2026-01-27 15:45:52.51;0.00:00:04:538;-0.55;-0.79;0.26;2.168E-05;-8.729E-06;-1.248E-05;4.018E-06;-62.49;7.39;72.62;18.53;70.22;2.168E-05;1.575E-05;5.937E-06;-46.638;-48.028;-52.264;0.22;162.15;
2026-01-27 15:45:52.56;0.00:00:04:585;-0.24;-0.95;0.20;1.64E-05;-3.708E-06;-1.463E-05;3.079E-06;-52.11;5.77;93.90;18.77;92.01;1.64E-05;1.54E-05;1E-06;-47.851;-48.125;-59.999;0.38;168.11;
2026-01-27 15:45:52.61;0.00:00:04:636;-0.36;-0.90;0.24;1.91E-05;-5.808E-06;-1.459E-05;3.873E-06;-55.85;6.93;84.67;20.27;82.21;1.91E-05;1.617E-05;2.928E-06;-47.189;-47.912;-55.334;0.32;165.13;
2026-01-27 15:45:52.67;0.00:00:04:694;-0.35;-0.93;0.12;1.902E-05;-6.125E-06;-1.607E-05;2.132E-06;-55.43;3.53;91.10;11.21;90.41;1.902E-05;1.733E-05;1.693E-06;-47.207;-47.612;-57.713;0.32;172.44;
2026-01-27 15:45:52.72;0.00:00:04:743;-0.54;-0.80;0.25;2.342E-05;-1.069E-05;-1.589E-05;4.923E-06;-61.97;7.21;84.41;21.02;81.76;2.342E-05;1.977E-05;3.65E-06;-46.304;-47.039;-54.377;0.23;162.78;
2026-01-27 15:45:52.76;0.00:00:04:789;-0.40;-0.89;0.21;1.955E-05;-6.528E-06;-1.452E-05;3.356E-06;-57.10;5.95;83.25;17.17;81.46;1.955E-05;1.627E-05;3.273E-06;-47.089;-47.885;-54.850;0.30;166.99;
2026-01-27 15:45:52.81;0.00:00:04:835;-0.44;-0.85;0.28;2.027E-05;-7.557E-06;-1.455E-05;4.716E-06;-58.72;8.02;84.17;23.27;80.89;2.027E-05;1.706E-05;3.209E-06;-46.932;-47.680;-54.937;0.28;162.04;
2026-01-27 15:45:52.85;0.00:00:04:882;-0.22;-0.97;0.12;1.644E-05;-3.519E-06;-1.584E-05;2.012E-06;-51.26;3.53;99.43;12.24;98.68;1.644E-05;1.635E-05;9.324E-08;-47.840;-47.865;-70.304;0.39;172.76;
2026-01-27 15:45:52.90;0.00:00:04:929;-0.28;-0.95;0.12;1.915E-05;-5.658E-06;-1.95E-05;2.478E-06;-53.09;3.48;106.83;12.94;106.04;1.915E-05;2.046E-05;-1.307E-06;-47.179;-46.892;-99.990;0.36;172.76;
2026-01-27 15:45:52.95;0.00:00:04:977;-0.26;-0.96;0.11;1.778E-05;-3.759E-06;-1.391E-05;1.53E-06;-52.56;3.03;81.53;8.61;81.08;1.778E-05;1.449E-05;3.283E-06;-47.501;-48.388;-54.837;0.37;173.73;
2026-01-27 15:45:53.00;0.00:00:05:023;-0.28;-0.94;0.17;1.83E-05;-5.481E-06;-1.831E-05;3.277E-06;-53.33;4.86;105.97;17.91;104.45;1.83E-05;1.939E-05;-1.093E-06;-47.375;-47.123;-99.990;0.36;169.85;
2026-01-27 15:45:53.05;0.00:00:05:074;-0.20;-0.97;0.15;1.663E-05;-2.892E-06;-1.384E-05;2.107E-06;-50.90;4.24;85.94;12.67;85.00;1.663E-05;1.429E-05;2.339E-06;-47.790;-48.448;-56.309;0.40;171.34;
2026-01-27 15:45:53.10;0.00:00:05:131;-0.27;-0.95;0.17;1.775E-05;-4.251E-06;-1.512E-05;2.742E-06;-52.85;4.95;89.85;15.44;88.51;1.775E-05;1.595E-05;1.803E-06;-47.508;-47.973;-57.441;0.37;169.73;
2026-01-27 15:45:53.15;0.00:00:05:179;-0.47;-0.86;0.19;2.002E-05;-7.724E-06;-1.421E-05;3.067E-06;-59.26;5.37;82.23;15.32;80.79;2.002E-05;1.646E-05;3.559E-06;-46.985;-47.835;-54.487;0.27;167.82;
2026-01-27 15:45:53.20;0.00:00:05:226;-0.33;-0.92;0.20;1.803E-05;-5.506E-06;-1.541E-05;3.389E-06;-54.83;5.85;92.73;18.80;90.81;1.803E-05;1.672E-05;1.31E-06;-47.441;-47.769;-58.829;0.34;167.60;
2026-01-27 15:45:53.25;0.00:00:05:273;-0.44;-0.88;0.16;2.113E-05;-7.019E-06;-1.423E-05;2.62E-06;-58.13;4.69;76.12;12.40;75.10;2.113E-05;1.608E-05;5.047E-06;-46.751;-47.936;-52.970;0.28;169.57;
2026-01-27 15:45:53.29;0.00:00:05:320;-0.34;-0.94;0.09;1.971E-05;-6.025E-06;-1.676E-05;1.686E-06;-54.89;2.71;90.73;8.56;90.33;1.971E-05;1.789E-05;1.826E-06;-47.053;-47.475;-57.384;0.33;174.25;
2026-01-27 15:45:53.34;0.00:00:05:365;-0.49;-0.81;0.31;1.964E-05;-6.526E-06;-1.078E-05;4.127E-06;-60.60;9.07;67.50;21.01;64.15;1.964E-05;1.326E-05;6.382E-06;-47.069;-48.776;-51.950;0.25;159.04;
2026-01-27 15:45:53.39;0.00:00:05:412;-0.17;-0.98;0.09;1.794E-05;-3.323E-06;-1.903E-05;1.81E-06;-49.95;2.68;108.14;10.09;107.67;1.794E-05;1.94E-05;-1.461E-06;-47.462;-47.122;-99.990;0.41;174.57;
2026-01-27 15:45:53.43;0.00:00:05:462;-0.27;-0.95;0.16;1.854E-05;-4.131E-06;-1.449E-05;2.515E-06;-52.96;4.74;82.38;13.56;81.26;1.854E-05;1.528E-05;3.267E-06;-47.318;-48.159;-54.859;0.36;170.15;
2026-01-27 15:45:53.49;0.00:00:05:522;-0.11;-0.97;0.19;1.57E-05;-1.959E-06;-1.661E-05;3.255E-06;-48.36;5.51;108.53;20.73;106.54;1.57E-05;1.704E-05;-1.34E-06;-48.040;-47.684;-99.990;0.44;168.91;
2026-01-27 15:45:53.54;0.00:00:05:569;-0.24;-0.96;0.16;1.916E-05;-4.335E-06;-1.727E-05;2.908E-06;-52.05;4.64;94.16;15.18;92.93;1.916E-05;1.804E-05;1.118E-06;-47.177;-47.438;-59.516;0.38;170.44;
2026-01-27 15:45:53.59;0.00:00:05:615;-0.11;-0.97;0.22;1.653E-05;-1.786E-06;-1.537E-05;3.529E-06;-48.31;6.43;96.02;21.35;93.61;1.653E-05;1.587E-05;6.585E-07;-47.819;-47.995;-61.815;0.44;167.07;
2026-01-27 15:45:53.64;0.00:00:05:663;-0.47;-0.85;0.21;2.287E-05;-8.943E-06;-1.614E-05;4.059E-06;-59.50;6.20;82.59;17.75;80.67;2.287E-05;1.889E-05;3.981E-06;-46.407;-47.237;-54.000;0.26;165.88;
2026-01-27 15:45:53.70;0.00:00:05:724;-0.28;-0.94;0.21;1.909E-05;-4.305E-06;-1.459E-05;3.321E-06;-53.22;6.16;81.55;17.40;79.67;1.909E-05;1.557E-05;3.522E-06;-47.192;-48.078;-54.533;0.36;167.17;
2026-01-27 15:45:53.76;0.00:00:05:790;-0.25;-0.96;0.14;1.848E-05;-4.585E-06;-1.765E-05;2.567E-06;-52.28;4.01;99.67;13.89;98.70;1.848E-05;1.842E-05;6.089E-08;-47.334;-47.348;-72.155;0.38;171.73;
2026-01-27 15:45:53.82;0.00:00:05:849;-0.57;-0.81;0.12;2.358E-05;-9.047E-06;-1.298E-05;1.913E-06;-62.44;3.45;67.56;8.11;67.07;2.358E-05;1.593E-05;7.651E-06;-46.274;-47.977;-51.163;0.22;171.61;
2026-01-27 15:45:53.87;0.00:00:05:895;-0.05;-1.00;0.02;1.531E-05;-9.137E-07;-1.76E-05;3.062E-07;-46.49;0.50;115.15;2.00;115.14;1.531E-05;1.763E-05;-2.319E-06;-48.151;-47.539;-99.990;0.47;179.00;
2026-01-27 15:45:53.92;0.00:00:05:943;-0.27;-0.94;0.19;1.911E-05;-4.561E-06;-1.563E-05;3.194E-06;-53.13;5.55;86.84;16.72;85.22;1.911E-05;1.659E-05;2.514E-06;-47.189;-47.801;-55.996;0.36;168.45;
2026-01-27 15:45:53.96;0.00:00:05:990;-0.23;-0.96;0.15;1.797E-05;-4.749E-06;-1.957E-05;3.056E-06;-51.82;4.31;113.35;17.00;112.07;1.797E-05;2.037E-05;-2.4E-06;-47.454;-46.910;-99.990;0.38;171.13;
2026-01-27 15:45:54.01;0.00:00:06:038;-0.26;-0.96;0.14;1.934E-05;-5.22E-06;-1.911E-05;2.703E-06;-52.64;3.89;103.38;13.98;102.43;1.934E-05;1.999E-05;-6.533E-07;-47.136;-46.992;-99.990;0.37;171.95;
2026-01-27 15:45:54.06;0.00:00:06:091;-0.38;-0.91;0.17;1.912E-05;-5.914E-06;-1.402E-05;2.61E-06;-56.43;4.87;80.75;13.65;79.59;1.912E-05;1.544E-05;3.682E-06;-47.184;-48.113;-54.339;0.31;169.46;
2026-01-27 15:45:54.12;0.00:00:06:146;-0.40;-0.90;0.15;2.081E-05;-7.636E-06;-1.71E-05;2.758E-06;-57.03;4.19;90.97;13.25;89.99;2.081E-05;1.893E-05;1.88E-06;-46.817;-47.229;-57.258;0.30;170.84;
2026-01-27 15:45:54.17;0.00:00:06:193;-0.41;-0.88;0.25;1.822E-05;-5.098E-06;-1.089E-05;3.122E-06;-57.54;7.27;68.19;17.13;66.00;1.822E-05;1.243E-05;5.798E-06;-47.393;-49.056;-52.367;0.29;164.01;
2026-01-27 15:45:54.21;0.00:00:06:240;-0.24;-0.95;0.20;1.768E-05;-4.135E-06;-1.602E-05;3.339E-06;-52.24;5.70;95.48;18.88;93.59;1.768E-05;1.688E-05;7.996E-07;-47.525;-47.726;-60.971;0.38;168.23;
2026-01-27 15:45:54.26;0.00:00:06:287;-0.51;-0.83;0.24;2.166E-05;-8.661E-06;-1.406E-05;4.065E-06;-60.82;6.92;78.50;18.77;76.22;2.166E-05;1.7E-05;4.658E-06;-46.643;-47.695;-53.318;0.25;163.87;
2026-01-27 15:45:54.31;0.00:00:06:332;-0.36;-0.91;0.20;1.998E-05;-6.313E-06;-1.598E-05;3.513E-06;-55.78;5.78;87.77;17.58;85.99;1.998E-05;1.754E-05;2.444E-06;-46.993;-47.560;-56.118;0.32;167.60;
2026-01-27 15:45:54.35;0.00:00:06:380;-0.45;-0.88;0.17;2.073E-05;-6.909E-06;-1.352E-05;2.548E-06;-58.54;4.76;74.27;12.29;73.25;2.073E-05;1.539E-05;5.333E-06;-46.835;-48.127;-52.730;0.28;169.33;
2026-01-27 15:45:54.40;0.00:00:06:426;-0.19;-0.97;0.14;1.736E-05;-3.453E-06;-1.789E-05;2.503E-06;-50.46;3.91;105.98;14.42;105.00;1.736E-05;1.839E-05;-1.039E-06;-47.606;-47.353;-99.990;0.41;172.04;
2026-01-27 15:45:54.45;0.00:00:06:474;-0.18;-0.98;0.10;1.592E-05;-2.749E-06;-1.493E-05;1.578E-06;-50.22;2.97;95.87;9.91;95.35;1.592E-05;1.527E-05;6.58E-07;-47.979;-48.163;-61.818;0.41;173.97;
2026-01-27 15:45:54.49;0.00:00:06:520;-0.27;-0.95;0.17;1.731E-05;-4.814E-06;-1.691E-05;2.975E-06;-52.95;4.80;102.97;17.18;101.53;1.731E-05;1.783E-05;-5.149E-07;-47.616;-47.489;-99.990;0.36;170.02;
2026-01-27 15:45:54.54;0.00:00:06:566;-0.31;-0.93;0.19;1.781E-05;-4.351E-06;-1.33E-05;2.729E-06;-54.06;5.52;80.08;15.32;78.60;1.781E-05;1.426E-05;3.547E-06;-47.494;-48.459;-54.501;0.35;168.41;
2026-01-27 15:45:54.58;0.00:00:06:611;-0.33;-0.93;0.16;1.982E-05;-6.466E-06;-1.812E-05;3.069E-06;-54.82;4.53;98.33;15.49;97.10;1.982E-05;1.948E-05;3.314E-07;-47.030;-47.103;-64.796;0.33;170.39;
2026-01-27 15:45:54.64;0.00:00:06:663;-0.58;-0.78;0.23;2.038E-05;-7.451E-06;-1.003E-05;2.989E-06;-63.30;6.73;63.07;14.67;61.34;2.038E-05;1.285E-05;7.524E-06;-46.909;-48.910;-51.236;0.21;163.41;
2026-01-27 15:45:54.69;0.00:00:06:722;-0.40;-0.91;0.07;1.936E-05;-6.47E-06;-1.488E-05;1.153E-06;-56.75;2.03;84.05;5.96;83.84;1.936E-05;1.627E-05;3.087E-06;-47.132;-47.886;-55.105;0.30;175.57;
2026-01-27 15:45:54.74;0.00:00:06:768;-0.53;-0.80;0.28;2.101E-05;-7.992E-06;-1.205E-05;4.225E-06;-61.78;8.15;71.68;20.11;68.80;2.101E-05;1.506E-05;5.952E-06;-46.775;-48.221;-52.254;0.23;160.67;
2026-01-27 15:45:54.79;0.00:00:06:816;-0.33;-0.88;0.33;1.8E-05;-4.753E-06;-1.265E-05;4.662E-06;-55.30;9.52;79.43;25.91;75.09;1.8E-05;1.429E-05;3.701E-06;-47.448;-48.448;-54.317;0.33;159.77;
2026-01-27 15:45:54.83;0.00:00:06:862;-0.38;-0.90;0.20;2.025E-05;-6.897E-06;-1.636E-05;3.548E-06;-56.43;5.65;89.37;17.52;87.64;2.025E-05;1.81E-05;2.153E-06;-46.935;-47.423;-56.670;0.31;167.76;
2026-01-27 15:45:54.88;0.00:00:06:909;-0.21;-0.96;0.20;1.643E-05;-3.864E-06;-1.745E-05;3.609E-06;-51.25;5.71;110.97;21.97;108.78;1.643E-05;1.823E-05;-1.802E-06;-47.845;-47.392;-99.990;0.39;168.31;
2026-01-27 15:45:54.93;0.00:00:06:956;-0.35;-0.92;0.19;2.026E-05;-5.803E-06;-1.544E-05;3.256E-06;-55.30;5.58;82.99;16.07;81.42;2.026E-05;1.681E-05;3.447E-06;-46.934;-47.744;-54.626;0.33;168.09;
2026-01-27 15:45:54.98;0.00:00:07:002;-0.21;-0.97;0.08;1.783E-05;-4.045E-06;-1.881E-05;1.538E-06;-51.07;2.28;108.27;8.63;107.93;1.783E-05;1.93E-05;-1.474E-06;-47.489;-47.144;-99.990;0.40;175.33;
2026-01-27 15:45:55.02;0.00:00:07:050;-0.35;-0.91;0.21;2.034E-05;-6.794E-06;-1.772E-05;4.138E-06;-55.49;6.15;95.45;20.34;93.26;2.034E-05;1.942E-05;9.249E-07;-46.916;-47.118;-60.339;0.33;166.85;
2026-01-27 15:45:55.07;0.00:00:07:097;-0.22;-0.96;0.14;1.679E-05;-3.236E-06;-1.394E-05;2.028E-06;-51.53;4.03;86.06;12.08;85.21;1.679E-05;1.445E-05;2.341E-06;-47.748;-48.400;-56.305;0.39;171.72;
2026-01-27 15:45:55.12;0.00:00:07:144;-0.48;-0.86;0.17;2.206E-05;-9.034E-06;-1.609E-05;3.248E-06;-59.65;4.99;84.93;14.72;83.65;2.206E-05;1.874E-05;3.324E-06;-46.563;-47.273;-54.783;0.26;168.59;
2026-01-27 15:45:55.16;0.00:00:07:191;-0.39;-0.89;0.23;1.823E-05;-5.675E-06;-1.303E-05;3.413E-06;-56.77;6.75;80.19;18.72;77.97;1.823E-05;1.462E-05;3.612E-06;-47.393;-48.352;-54.423;0.31;165.32;
2026-01-27 15:45:55.21;0.00:00:07:239;-0.31;-0.95;0.07;1.938E-05;-5.665E-06;-1.735E-05;1.354E-06;-54.04;2.12;94.43;6.99;94.17;1.938E-05;1.83E-05;1.08E-06;-47.126;-47.375;-59.667;0.35;175.54;
2026-01-27 15:45:55.26;0.00:00:07:286;-0.34;-0.92;0.19;1.738E-05;-4.858E-06;-1.339E-05;2.699E-06;-54.97;5.37;83.41;15.53;81.95;1.738E-05;1.45E-05;2.883E-06;-47.599;-48.387;-55.402;0.33;168.60;
2026-01-27 15:45:55.30;0.00:00:07:332;-0.42;-0.89;0.18;2.136E-05;-7.697E-06;-1.608E-05;3.325E-06;-57.79;5.28;84.88;15.57;83.44;2.136E-05;1.813E-05;3.23E-06;-46.704;-47.415;-54.908;0.29;168.32;
2026-01-27 15:45:55.35;0.00:00:07:379;-0.17;-0.98;0.06;1.661E-05;-3.309E-06;-1.891E-05;1.234E-06;-49.96;1.84;115.81;7.43;115.57;1.661E-05;1.924E-05;-2.626E-06;-47.796;-47.159;-99.990;0.41;176.27;
2026-01-27 15:45:55.40;0.00:00:07:426;-0.33;-0.93;0.19;1.891E-05;-6.093E-06;-1.705E-05;3.438E-06;-54.83;5.38;97.46;18.18;95.75;1.891E-05;1.843E-05;4.81E-07;-47.233;-47.345;-63.178;0.33;168.60;
2026-01-27 15:45:55.45;0.00:00:07:473;-0.32;-0.93;0.16;1.781E-05;-5.494E-06;-1.606E-05;2.703E-06;-54.44;4.52;96.49;15.17;95.29;1.781E-05;1.719E-05;6.243E-07;-47.493;-47.648;-62.046;0.34;170.45;
2026-01-27 15:45:55.49;0.00:00:07:521;-0.48;-0.86;0.19;2.093E-05;-7.87E-06;-1.414E-05;3.118E-06;-59.55;5.45;78.77;14.90;77.35;2.093E-05;1.648E-05;4.442E-06;-46.793;-47.830;-53.524;0.26;167.57;
2026-01-27 15:45:55.54;0.00:00:07:566;-0.33;-0.92;0.22;1.828E-05;-4.854E-06;-1.35E-05;3.288E-06;-54.89;6.45;80.51;17.98;78.47;1.828E-05;1.472E-05;3.564E-06;-47.380;-48.321;-54.480;0.34;166.31;
2026-01-27 15:45:55.59;0.00:00:07:615;-0.45;-0.88;0.17;2.011E-05;-7.371E-06;-1.454E-05;2.836E-06;-58.44;4.93;82.26;14.10;81.05;2.011E-05;1.655E-05;3.567E-06;-46.965;-47.813;-54.476;0.28;168.97;
2026-01-27 15:45:55.64;0.00:00:07:666;-0.32;-0.95;0.03;1.889E-05;-4.648E-06;-1.381E-05;4.844E-07;-54.30;0.95;77.19;2.56;77.15;1.889E-05;1.458E-05;4.308E-06;-47.239;-48.363;-53.658;0.34;177.99;
2026-01-27 15:45:55.69;0.00:00:07:717;-0.29;-0.96;0.05;1.94E-05;-4.736E-06;-1.567E-05;8.248E-07;-53.41;1.44;84.47;4.25;84.36;1.94E-05;1.639E-05;3.014E-06;-47.121;-47.854;-55.208;0.36;176.99;
2026-01-27 15:45:55.74;0.00:00:07:770;-0.37;-0.89;0.28;1.83E-05;-5.147E-06;-1.23E-05;3.855E-06;-56.35;8.06;75.87;21.07;72.88;1.83E-05;1.388E-05;4.416E-06;-47.376;-48.575;-53.549;0.31;162.60;
2026-01-27 15:45:55.79;0.00:00:07:818;-0.32;-0.93;0.16;1.945E-05;-5.376E-06;-1.595E-05;2.804E-06;-54.32;4.73;87.69;14.41;86.50;1.945E-05;1.706E-05;2.394E-06;-47.110;-47.680;-56.208;0.34;170.03;
2026-01-27 15:45:55.85;0.00:00:07:877;-0.28;-0.90;0.34;1.794E-05;-4.132E-06;-1.342E-05;5.056E-06;-53.55;9.90;83.22;28.19;78.30;1.794E-05;1.493E-05;3.01E-06;-47.463;-48.260;-55.215;0.36;159.36;
2026-01-27 15:45:55.90;0.00:00:07:930;-0.23;-0.97;0.05;1.734E-05;-3.64E-06;-1.563E-05;7.75E-07;-51.55;1.38;92.66;4.47;92.55;1.734E-05;1.607E-05;1.274E-06;-47.608;-47.940;-58.949;0.39;177.16;
2026-01-27 15:45:55.96;0.00:00:07:983;-0.36;-0.92;0.15;1.953E-05;-6.11E-06;-1.542E-05;2.529E-06;-55.81;4.34;85.90;12.95;84.92;1.953E-05;1.678E-05;2.753E-06;-47.093;-47.753;-55.601;0.32;170.68;
2026-01-27 15:45:56.02;0.00:00:08:045;-0.23;-0.95;0.19;1.768E-05;-3.531E-06;-1.448E-05;2.85E-06;-51.85;5.41;85.81;16.12;84.29;1.768E-05;1.517E-05;2.508E-06;-47.525;-48.189;-56.006;0.38;168.86;
2026-01-27 15:45:56.07;0.00:00:08:097;-0.29;-0.96;0.02;1.914E-05;-5.338E-06;-1.746E-05;3.503E-07;-53.50;0.55;95.41;1.83;95.40;1.914E-05;1.826E-05;8.774E-07;-47.182;-47.385;-60.568;0.35;178.85;
2026-01-27 15:45:56.12;0.00:00:08:145;-0.41;-0.90;0.17;2.027E-05;-6.185E-06;-1.355E-05;2.615E-06;-57.27;4.98;74.58;12.90;73.45;2.027E-05;1.512E-05;5.154E-06;-46.931;-48.205;-52.879;0.30;169.07;
2026-01-27 15:45:56.17;0.00:00:08:197;-0.29;-0.93;0.24;1.839E-05;-5.013E-06;-1.586E-05;4.104E-06;-53.77;6.93;93.16;22.32;90.45;1.839E-05;1.713E-05;1.258E-06;-47.355;-47.662;-59.003;0.35;165.49;
2026-01-27 15:45:56.22;0.00:00:08:249;-0.51;-0.82;0.26;2.303E-05;-8.489E-06;-1.353E-05;4.274E-06;-61.06;7.49;71.78;18.56;69.34;2.303E-05;1.653E-05;6.5E-06;-46.377;-47.817;-51.871;0.24;162.47;
2026-01-27 15:45:56.28;0.00:00:08:307;-0.25;-0.96;0.10;1.799E-05;-3.802E-06;-1.48E-05;1.594E-06;-52.20;2.98;85.40;8.86;84.94;1.799E-05;1.537E-05;2.628E-06;-47.449;-48.134;-55.804;0.38;173.85;
2026-01-27 15:45:56.33;0.00:00:08:358;-0.32;-0.94;0.14;2.055E-05;-6.054E-06;-1.771E-05;2.635E-06;-54.44;4.01;91.96;12.82;91.06;2.055E-05;1.89E-05;1.652E-06;-46.872;-47.236;-57.819;0.34;171.54;
2026-01-27 15:45:56.38;0.00:00:08:411;-0.45;-0.86;0.23;1.987E-05;-6.95E-06;-1.342E-05;3.601E-06;-58.69;6.70;78.20;18.12;76.08;1.987E-05;1.554E-05;4.331E-06;-47.018;-48.086;-53.634;0.28;164.98;
2026-01-27 15:45:56.43;0.00:00:08:461;-0.39;-0.88;0.27;2.081E-05;-7.454E-06;-1.659E-05;5.172E-06;-57.09;7.94;90.89;24.85;87.42;2.081E-05;1.891E-05;1.896E-06;-46.817;-47.232;-57.221;0.30;162.69;
2026-01-27 15:45:56.50;0.00:00:08:524;-0.35;-0.92;0.18;1.753E-05;-4.007E-06;-1.043E-05;2.077E-06;-55.50;5.26;64.85;11.85;63.76;1.753E-05;1.137E-05;6.162E-06;-47.562;-49.443;-52.102;0.32;168.74;
2026-01-27 15:45:56.55;0.00:00:08:580;-0.20;-0.97;0.14;1.565E-05;-2.923E-06;-1.421E-05;1.986E-06;-50.81;3.90;93.59;12.69;92.73;1.565E-05;1.465E-05;1.003E-06;-48.055;-48.343;-59.987;0.40;172.04;
2026-01-27 15:45:56.60;0.00:00:08:632;-0.32;-0.94;0.15;1.858E-05;-5.085E-06;-1.485E-05;2.353E-06;-54.45;4.26;85.40;12.66;84.46;1.858E-05;1.587E-05;2.713E-06;-47.309;-47.994;-55.665;0.34;171.00;
2026-01-27 15:45:56.66;0.00:00:08:687;-0.38;-0.91;0.15;1.738E-05;-5.091E-06;-1.232E-05;2.056E-06;-56.23;4.38;77.61;11.83;76.70;1.738E-05;1.349E-05;3.892E-06;-47.600;-48.701;-54.098;0.31;170.53;
2026-01-27 15:45:56.71;0.00:00:08:738;-0.20;-0.95;0.25;1.563E-05;-3.436E-06;-1.596E-05;4.288E-06;-51.08;7.36;107.98;27.43;104.43;1.563E-05;1.688E-05;-1.247E-06;-48.060;-47.727;-99.990;0.40;164.96;
2026-01-27 15:45:56.76;0.00:00:08:790;-0.52;-0.81;0.27;2.089E-05;-7.902E-06;-1.226E-05;4.152E-06;-61.40;7.94;72.60;19.88;69.83;2.089E-05;1.517E-05;5.723E-06;-46.801;-48.191;-52.424;0.24;161.29;
2026-01-27 15:45:56.81;0.00:00:08:842;-0.27;-0.96;0.07;1.753E-05;-4.489E-06;-1.598E-05;1.228E-06;-52.85;2.11;94.97;7.00;94.71;1.753E-05;1.664E-05;8.822E-07;-47.563;-47.787;-60.544;0.37;175.61;
2026-01-27 15:45:56.86;0.00:00:08:891;-0.44;-0.89;0.10;2.043E-05;-7.111E-06;-1.455E-05;1.659E-06;-58.02;2.92;79.70;8.12;79.29;2.043E-05;1.628E-05;4.146E-06;-46.898;-47.884;-53.823;0.28;173.50;
2026-01-27 15:45:56.92;0.00:00:08:944;-0.53;-0.78;0.33;2.066E-05;-8.922E-06;-1.319E-05;5.573E-06;-62.04;9.65;81.65;26.98;77.07;2.066E-05;1.687E-05;3.79E-06;-46.849;-47.729;-54.213;0.24;157.09;
2026-01-27 15:45:56.98;0.00:00:09:003;-0.63;-0.74;0.23;2.232E-05;-1.014E-05;-1.19E-05;3.651E-06;-65.21;6.57;71.93;16.36;70.04;2.232E-05;1.605E-05;6.264E-06;-46.514;-47.945;-52.031;0.18;162.94;
2026-01-27 15:45:57.03;0.00:00:09:056;-0.32;-0.91;0.26;1.682E-05;-4.19E-06;-1.207E-05;3.413E-06;-54.57;7.48;78.66;20.29;76.00;1.682E-05;1.323E-05;3.589E-06;-47.742;-48.785;-54.450;0.34;164.22;
2026-01-27 15:45:57.08;0.00:00:09:107;-0.18;-0.98;0.09;1.604E-05;-3.407E-06;-1.846E-05;1.753E-06;-50.23;2.67;117.52;10.92;117.02;1.604E-05;1.886E-05;-2.812E-06;-47.947;-47.245;-99.990;0.41;174.58;
2026-01-27 15:45:57.13;0.00:00:09:157;-0.37;-0.93;-0.02;1.944E-05;-5.161E-06;-1.278E-05;-2.976E-07;-56.00;-0.62;70.90;1.53;70.88;1.944E-05;1.378E-05;5.657E-06;-47.113;-48.606;-52.474;0.31;-178.67;
2026-01-27 15:45:57.18;0.00:00:09:208;-0.35;-0.90;0.25;1.852E-05;-5.836E-06;-1.525E-05;4.213E-06;-55.47;7.24;91.03;22.75;88.14;1.852E-05;1.686E-05;1.661E-06;-47.324;-47.732;-57.797;0.33;164.55;
2026-01-27 15:45:57.23;0.00:00:09:260;-0.44;-0.86;0.25;2.041E-05;-6.298E-06;-1.219E-05;3.53E-06;-58.66;7.21;69.42;17.29;67.23;2.041E-05;1.417E-05;6.243E-06;-46.901;-48.486;-52.046;0.28;163.85;
2026-01-27 15:45:57.28;0.00:00:09:312;-0.39;-0.91;0.12;1.934E-05;-6.405E-06;-1.481E-05;1.875E-06;-56.69;3.31;83.98;9.69;83.42;1.934E-05;1.624E-05;3.098E-06;-47.135;-47.893;-55.089;0.30;172.79;
2026-01-27 15:45:57.33;0.00:00:09:361;-0.41;-0.87;0.27;2.07E-05;-7.953E-06;-1.7E-05;5.261E-06;-57.54;7.83;94.16;25.42;90.66;2.07E-05;1.949E-05;1.21E-06;-46.840;-47.102;-59.174;0.30;162.80;
2026-01-27 15:45:57.40;0.00:00:09:423;-0.47;-0.88;0.07;2.062E-05;-7.282E-06;-1.363E-05;1.146E-06;-59.05;2.12;75.16;5.56;74.96;2.062E-05;1.55E-05;5.122E-06;-46.857;-48.097;-52.906;0.27;175.19;
2026-01-27 15:45:57.45;0.00:00:09:474;-0.40;-0.91;0.06;2.102E-05;-7.49E-06;-1.701E-05;1.053E-06;-56.89;1.62;88.54;5.01;88.40;2.102E-05;1.861E-05;2.408E-06;-46.774;-47.302;-56.183;0.30;176.46;
2026-01-27 15:45:57.50;0.00:00:09:525;-0.58;-0.78;0.22;2.115E-05;-8.34E-06;-1.123E-05;3.081E-06;-63.30;6.21;67.70;14.57;66.11;2.115E-05;1.432E-05;6.833E-06;-46.746;-48.440;-51.654;0.21;164.65;
2026-01-27 15:45:57.56;0.00:00:09:587;-0.29;-0.93;0.20;1.769E-05;-4.579E-06;-1.456E-05;3.169E-06;-53.73;5.87;88.12;17.92;86.28;1.769E-05;1.559E-05;2.101E-06;-47.523;-48.073;-56.776;0.35;167.72;
2026-01-27 15:45:57.62;0.00:00:09:645;-0.45;-0.87;0.21;2.161E-05;-8.274E-06;-1.586E-05;3.861E-06;-58.77;6.09;84.70;17.87;82.79;2.161E-05;1.83E-05;3.306E-06;-46.654;-47.375;-54.807;0.27;166.32;
2026-01-27 15:45:57.66;0.00:00:09:690;-0.16;-0.96;0.23;1.615E-05;-2.45E-06;-1.476E-05;3.457E-06;-49.71;6.50;95.11;21.41;92.66;1.615E-05;1.536E-05;7.903E-07;-47.919;-48.137;-61.022;0.42;166.82;
2026-01-27 15:45:57.71;0.00:00:09:740;-0.42;-0.87;0.27;2.192E-05;-8.407E-06;-1.743E-05;5.486E-06;-57.88;7.91;91.75;25.03;88.27;2.192E-05;2.011E-05;1.808E-06;-46.591;-46.965;-57.428;0.29;162.53;
2026-01-27 15:45:57.76;0.00:00:09:786;-0.25;-0.95;0.18;1.78E-05;-4.36E-06;-1.664E-05;3.187E-06;-52.34;5.25;98.29;17.91;96.65;1.78E-05;1.749E-05;3.039E-07;-47.496;-47.571;-65.173;0.38;169.16;
2026-01-27 15:45:57.82;0.00:00:09:846;-0.36;-0.92;0.17;1.982E-05;-6.698E-06;-1.718E-05;3.114E-06;-55.65;4.79;94.33;15.71;93.01;1.982E-05;1.87E-05;1.124E-06;-47.029;-47.282;-59.491;0.32;169.72;
2026-01-27 15:45:57.87;0.00:00:09:892;-0.33;-0.93;0.14;1.842E-05;-4.808E-06;-1.367E-05;2.042E-06;-54.69;4.01;79.41;11.08;78.63;1.842E-05;1.463E-05;3.794E-06;-47.346;-48.347;-54.209;0.34;171.50;
2026-01-27 15:45:57.91;0.00:00:09:940;-0.33;-0.92;0.21;1.846E-05;-5.01E-06;-1.394E-05;3.235E-06;-54.88;6.16;82.15;17.52;80.26;1.846E-05;1.516E-05;3.296E-06;-47.338;-48.192;-54.821;0.33;166.94;
2026-01-27 15:45:57.96;0.00:00:09:988;-0.42;-0.90;0.11;2.094E-05;-7.166E-06;-1.547E-05;1.928E-06;-57.43;3.23;81.91;9.21;81.40;2.094E-05;1.715E-05;3.787E-06;-46.790;-47.656;-54.217;0.29;172.89;
2026-01-27 15:45:58.01;0.00:00:10:035;-0.29;-0.94;0.18;1.948E-05;-5.84E-06;-1.913E-05;3.673E-06;-53.49;5.20;104.39;18.86;102.67;1.948E-05;2.033E-05;-8.542E-07;-47.105;-46.918;-99.990;0.36;169.13;
2026-01-27 15:45:58.05;0.00:00:10:081;-0.12;-0.96;0.24;1.597E-05;-1.73E-06;-1.422E-05;3.468E-06;-48.47;6.81;92.27;21.72;89.68;1.597E-05;1.473E-05;1.234E-06;-47.967;-48.317;-59.087;0.44;166.29;
2026-01-27 15:45:58.10;0.00:00:10:131;-0.11;-0.99;0.02;1.698E-05;-2.214E-06;-1.934E-05;3.432E-07;-48.27;0.51;114.65;2.02;114.63;1.698E-05;1.947E-05;-2.488E-06;-47.701;-47.107;-99.990;0.44;178.98;
2026-01-27 15:45:58.16;0.00:00:10:192;-0.37;-0.91;0.19;2.121E-05;-7.67E-06;-1.875E-05;4.026E-06;-56.12;5.62;97.37;18.98;95.50;2.121E-05;2.065E-05;5.576E-07;-46.734;-46.850;-62.537;0.31;167.88;
2026-01-27 15:45:58.21;0.00:00:10:240;-0.27;-0.96;0.08;1.739E-05;-4.476E-06;-1.597E-05;1.295E-06;-52.83;2.23;95.64;7.44;95.35;1.739E-05;1.663E-05;7.584E-07;-47.596;-47.790;-61.201;0.37;175.37;
2026-01-27 15:45:58.26;0.00:00:10:286;-0.64;-0.73;0.25;2.361E-05;-1.012E-05;-1.149E-05;4E-06;-65.69;7.32;67.04;16.94;64.86;2.361E-05;1.583E-05;7.781E-06;-46.270;-48.006;-51.090;0.18;160.80;
2026-01-27 15:45:58.31;0.00:00:10:333;-0.28;-0.94;0.18;1.729E-05;-4.28E-06;-1.463E-05;2.855E-06;-53.15;5.30;89.73;16.51;88.20;1.729E-05;1.551E-05;1.775E-06;-47.623;-48.094;-57.507;0.36;168.96;
2026-01-27 15:45:58.35;0.00:00:10:380;-0.61;-0.73;0.31;2.405E-05;-1.09E-05;-1.308E-05;5.544E-06;-64.91;9.02;74.44;23.05;70.78;2.405E-05;1.79E-05;6.147E-06;-46.189;-47.471;-52.114;0.20;157.03;
2026-01-27 15:45:58.40;0.00:00:10:428;-0.23;-0.97;0.03;1.671E-05;-3.28E-06;-1.363E-05;4.012E-07;-51.77;0.82;83.92;2.40;83.89;1.671E-05;1.403E-05;2.688E-06;-47.769;-48.530;-55.706;0.38;178.31;
2026-01-27 15:45:58.46;0.00:00:10:490;-0.42;-0.89;0.15;1.943E-05;-6.289E-06;-1.337E-05;2.221E-06;-57.60;4.27;76.91;11.43;76.06;1.943E-05;1.494E-05;4.485E-06;-47.116;-48.256;-53.482;0.29;170.57;
2026-01-27 15:45:58.51;0.00:00:10:536;-0.24;-0.94;0.23;1.713E-05;-3.9E-06;-1.541E-05;3.719E-06;-52.10;6.58;95.33;21.72;92.82;1.713E-05;1.633E-05;7.997E-07;-47.664;-47.871;-60.971;0.38;166.43;
2026-01-27 15:45:58.56;0.00:00:10:582;-0.51;-0.82;0.25;2.344E-05;-1.092E-05;-1.779E-05;5.41E-06;-60.78;7.26;91.99;23.08;89.05;2.344E-05;2.156E-05;1.877E-06;-46.301;-46.663;-57.265;0.25;163.08;
2026-01-27 15:45:58.60;0.00:00:10:630;-0.13;-0.98;0.17;1.602E-05;-2.102E-06;-1.637E-05;2.831E-06;-48.66;4.87;104.54;17.67;103.03;1.602E-05;1.674E-05;-7.27E-07;-47.954;-47.761;-99.990;0.44;170.19;
2026-01-27 15:45:58.65;0.00:00:10:676;-0.29;-0.92;0.24;1.881E-05;-6E-06;-1.902E-05;5.029E-06;-53.75;7.08;109.33;26.73;106.01;1.881E-05;2.057E-05;-1.754E-06;-47.256;-46.868;-99.990;0.35;165.19;
2026-01-27 15:45:58.70;0.00:00:10:723;-0.25;-0.93;0.27;1.642E-05;-3.989E-06;-1.515E-05;4.312E-06;-52.38;7.69;98.98;26.27;95.44;1.642E-05;1.625E-05;1.666E-07;-47.847;-47.892;-67.782;0.38;164.11;
2026-01-27 15:45:58.74;0.00:00:10:770;-0.26;-0.96;0.11;1.887E-05;-5.378E-06;-1.991E-05;2.226E-06;-52.56;3.08;109.92;11.80;109.28;1.887E-05;2.074E-05;-1.871E-06;-47.243;-46.832;-99.990;0.37;173.62;
2026-01-27 15:45:58.79;0.00:00:10:817;-0.36;-0.88;0.31;1.836E-05;-6.191E-06;-1.513E-05;5.268E-06;-56.13;8.93;93.53;28.69;89.02;1.836E-05;1.717E-05;1.188E-06;-47.361;-47.652;-59.251;0.32;160.80;
2026-01-27 15:45:58.84;0.00:00:10:866;-0.37;-0.92;0.16;1.975E-05;-7.077E-06;-1.762E-05;3.059E-06;-55.94;4.58;97.40;15.49;96.16;1.975E-05;1.923E-05;5.139E-07;-47.045;-47.160;-62.891;0.32;170.15;
2026-01-27 15:45:58.90;0.00:00:10:928;-0.28;-0.93;0.25;1.692E-05;-4.129E-06;-1.362E-05;3.686E-06;-53.43;7.26;86.87;21.78;84.10;1.692E-05;1.47E-05;2.221E-06;-47.716;-48.327;-56.534;0.36;164.85;
2026-01-27 15:45:58.95;0.00:00:10:975;-0.28;-0.96;-0.07;1.786E-05;-4.571E-06;-1.584E-05;-1.215E-06;-53.05;-2.11;92.56;6.80;92.31;1.786E-05;1.653E-05;1.328E-06;-47.482;-47.818;-58.767;0.36;-175.61;
2026-01-27 15:45:59.00;0.00:00:11:022;-0.44;-0.83;0.35;1.939E-05;-5.855E-06;-1.107E-05;4.715E-06;-58.94;10.32;69.00;24.32;64.58;1.939E-05;1.338E-05;6.011E-06;-47.124;-48.735;-52.211;0.28;156.93;
2026-01-27 15:45:59.04;0.00:00:11:069;-0.20;-0.98;0.03;1.637E-05;-3.42E-06;-1.7E-05;5.021E-07;-50.69;0.83;106.01;3.07;105.97;1.637E-05;1.735E-05;-9.843E-07;-47.860;-47.606;-99.990;0.40;178.31;
2026-01-27 15:45:59.09;0.00:00:11:119;-0.42;-0.89;0.16;2.074E-05;-7.076E-06;-1.5E-05;2.729E-06;-57.63;4.67;81.03;13.16;79.96;2.074E-05;1.681E-05;3.934E-06;-46.832;-47.746;-54.052;0.29;169.69;
2026-01-27 15:45:59.15;0.00:00:11:182;-0.36;-0.90;0.23;1.862E-05;-6.166E-06;-1.563E-05;4.009E-06;-55.77;6.71;92.75;21.52;90.22;1.862E-05;1.727E-05;1.351E-06;-47.299;-47.626;-58.695;0.32;165.61;
2026-01-27 15:45:59.21;0.00:00:11:242;-0.42;-0.88;0.22;2.018E-05;-7.636E-06;-1.614E-05;3.931E-06;-57.66;6.21;90.56;19.48;88.45;2.018E-05;1.828E-05;1.904E-06;-46.950;-47.380;-57.202;0.29;166.31;
2026-01-27 15:45:59.26;0.00:00:11:287;-0.44;-0.87;0.21;1.821E-05;-5.831E-06;-1.149E-05;2.811E-06;-58.45;6.15;72.43;15.44;70.76;1.821E-05;1.319E-05;5.02E-06;-47.397;-48.798;-52.993;0.28;166.25;
2026-01-27 15:45:59.31;0.00:00:11:335;-0.28;-0.95;0.13;1.891E-05;-5.76E-06;-1.948E-05;2.711E-06;-53.23;3.80;108.42;14.34;107.47;1.891E-05;2.05E-05;-1.592E-06;-47.234;-46.883;-99.990;0.36;172.08;
2026-01-27 15:45:59.35;0.00:00:11:381;-0.47;-0.83;0.30;2.086E-05;-8.352E-06;-1.453E-05;5.325E-06;-59.94;8.81;84.31;25.52;80.35;2.086E-05;1.759E-05;3.274E-06;-46.806;-47.548;-54.849;0.26;159.88;
2026-01-27 15:45:59.40;0.00:00:11:428;-0.32;-0.95;0.04;1.869E-05;-5.702E-06;-1.684E-05;7.56E-07;-54.35;1.22;95.20;4.04;95.11;1.869E-05;1.779E-05;8.97E-07;-47.284;-47.497;-60.472;0.34;177.43;
2026-01-27 15:45:59.45;0.00:00:11:475;-0.35;-0.91;0.20;1.903E-05;-6.219E-06;-1.626E-05;3.636E-06;-55.47;5.90;93.46;19.11;91.49;1.903E-05;1.778E-05;1.245E-06;-47.206;-47.499;-59.049;0.33;167.40;
2026-01-27 15:45:59.50;0.00:00:11:530;-0.45;-0.89;0.06;2.058E-05;-7.928E-06;-1.556E-05;1.103E-06;-58.50;1.81;85.04;5.36;84.87;2.058E-05;1.75E-05;3.079E-06;-46.866;-47.570;-55.116;0.27;175.95;
2026-01-27 15:45:59.56;0.00:00:11:584;-0.27;-0.93;0.24;1.809E-05;-4.64E-06;-1.636E-05;4.193E-06;-52.92;6.93;96.82;23.18;94.00;1.809E-05;1.751E-05;5.752E-07;-47.427;-47.567;-62.401;0.37;165.62;
2026-01-27 15:45:59.60;0.00:00:11:630;-0.28;-0.94;0.19;1.75E-05;-4.763E-06;-1.622E-05;3.351E-06;-53.18;5.61;98.47;19.15;96.59;1.75E-05;1.723E-05;2.675E-07;-47.569;-47.636;-65.727;0.36;168.33;
2026-01-27 15:45:59.65;0.00:00:11:678;-0.24;-0.96;0.10;1.96E-05;-4.582E-06;-1.813E-05;1.97E-06;-52.09;3.01;95.93;10.05;95.41;1.96E-05;1.88E-05;7.968E-07;-47.077;-47.257;-60.986;0.38;173.80;
2026-01-27 15:45:59.70;0.00:00:11:725;-0.46;-0.88;0.07;2.023E-05;-8.011E-06;-1.538E-05;1.143E-06;-58.76;1.89;85.89;5.65;85.71;2.023E-05;1.737E-05;2.853E-06;-46.940;-47.601;-55.446;0.27;175.75;
2026-01-27 15:45:59.74;0.00:00:11:771;-0.32;-0.94;0.10;1.805E-05;-4.491E-06;-1.339E-05;1.456E-06;-54.27;2.94;78.65;8.07;78.23;1.805E-05;1.419E-05;3.854E-06;-47.436;-48.479;-54.141;0.34;173.79;
2026-01-27 15:45:59.79;0.00:00:11:819;-0.12;-0.98;0.14;1.506E-05;-2.164E-06;-1.783E-05;2.515E-06;-48.46;3.99;120.45;16.71;119.28;1.506E-05;1.813E-05;-3.079E-06;-48.223;-47.415;-99.990;0.44;171.97;
2026-01-27 15:45:59.84;0.00:00:11:866;-0.48;-0.87;0.02;2.249E-05;-8.828E-06;-1.594E-05;3.521E-07;-59.49;0.55;81.04;1.57;81.03;2.249E-05;1.822E-05;4.263E-06;-46.481;-47.394;-53.703;0.26;178.73;
2026-01-27 15:45:59.89;0.00:00:11:913;-0.45;-0.88;0.13;1.923E-05;-6.179E-06;-1.212E-05;1.729E-06;-58.51;3.62;71.31;8.99;70.74;1.923E-05;1.371E-05;5.518E-06;-47.160;-48.629;-52.582;0.27;171.88;
2026-01-27 15:45:59.93;0.00:00:11:959;-0.27;-0.95;0.14;1.745E-05;-4.651E-06;-1.633E-05;2.414E-06;-52.95;4.05;98.31;13.84;97.33;1.745E-05;1.715E-05;2.954E-07;-47.583;-47.657;-65.296;0.36;171.59;
2026-01-27 15:45:59.98;0.00:00:12:006;-0.04;-0.99;0.15;1.404E-05;-6.794E-07;-1.655E-05;2.498E-06;-46.18;4.29;119.31;17.79;117.97;1.404E-05;1.675E-05;-2.711E-06;-48.526;-47.759;-99.990;0.48;171.42;
2026-01-27 15:46:00.03;0.00:00:12:053;-0.27;-0.96;0.06;1.876E-05;-4.955E-06;-1.799E-05;1.131E-06;-52.70;1.73;99.68;6.03;99.49;1.876E-05;1.87E-05;6.052E-08;-47.268;-47.282;-72.181;0.37;176.40;
2026-01-27 15:46:00.07;0.00:00:12:101;-0.34;-0.94;0.08;1.831E-05;-6.017E-06;-1.672E-05;1.371E-06;-54.90;2.21;97.33;7.49;97.04;1.831E-05;1.782E-05;4.895E-07;-47.373;-47.491;-63.102;0.33;175.31;
2026-01-27 15:46:00.12;0.00:00:12:149;-0.52;-0.81;0.26;2.366E-05;-1.064E-05;-1.657E-05;5.194E-06;-61.35;7.39;86.09;21.96;83.25;2.366E-05;2.037E-05;3.29E-06;-46.261;-46.911;-54.828;0.24;162.60;
2026-01-27 15:46:00.18;0.00:00:12:210;-0.28;-0.95;0.10;1.732E-05;-3.966E-06;-1.348E-05;1.368E-06;-53.20;2.78;81.54;7.90;81.15;1.732E-05;1.412E-05;3.197E-06;-47.615;-48.502;-54.952;0.36;174.21;
2026-01-27 15:46:00.23;0.00:00:12:257;-0.37;-0.90;0.23;2.265E-05;-8.751E-06;-2.102E-05;5.403E-06;-56.30;6.67;103.30;23.85;100.51;2.265E-05;2.34E-05;-7.475E-07;-46.449;-46.308;-99.990;0.31;165.58;
2026-01-27 15:46:00.28;0.00:00:12:303;-0.36;-0.90;0.23;1.744E-05;-4.069E-06;-1.026E-05;2.592E-06;-55.82;6.61;65.02;14.86;63.29;1.744E-05;1.134E-05;6.102E-06;-47.584;-49.454;-52.145;0.32;165.82;
2026-01-27 15:46:00.32;0.00:00:12:352;-0.25;-0.97;0.04;1.753E-05;-3.898E-06;-1.523E-05;6.642E-07;-52.18;1.21;89.78;3.79;89.70;1.753E-05;1.574E-05;1.791E-06;-47.562;-48.030;-57.469;0.38;177.50;
2026-01-27 15:46:00.37;0.00:00:12:398;-0.28;-0.95;0.15;1.672E-05;-3.597E-06;-1.24E-05;1.917E-06;-53.09;4.22;78.06;11.46;77.22;1.672E-05;1.305E-05;3.668E-06;-47.767;-48.843;-54.356;0.36;171.21;
2026-01-27 15:46:00.42;0.00:00:12:444;-0.33;-0.94;0.05;1.878E-05;-5.358E-06;-1.551E-05;8.549E-07;-54.53;1.49;87.54;4.55;87.42;1.878E-05;1.644E-05;2.34E-06;-47.264;-47.842;-56.307;0.34;176.85;
2026-01-27 15:46:00.46;0.00:00:12:491;-0.48;-0.87;0.13;2.238E-05;-9.915E-06;-1.772E-05;2.702E-06;-59.61;3.79;91.53;12.07;90.73;2.238E-05;2.048E-05;1.896E-06;-46.501;-46.886;-57.222;0.26;171.33;
2026-01-27 15:46:00.51;0.00:00:12:538;-0.35;-0.91;0.21;1.886E-05;-6.253E-06;-1.62E-05;3.678E-06;-55.55;5.98;94.10;19.50;92.06;1.886E-05;1.775E-05;1.113E-06;-47.245;-47.509;-59.535;0.32;167.21;
2026-01-27 15:46:00.57;0.00:00:12:600;-0.40;-0.90;0.17;2.076E-05;-7.868E-06;-1.793E-05;3.358E-06;-56.85;4.87;95.69;16.18;94.32;2.076E-05;1.986E-05;8.938E-07;-46.828;-47.020;-60.488;0.30;169.39;
2026-01-27 15:46:00.63;0.00:00:12:662;-0.22;-0.96;0.17;1.675E-05;-3.276E-06;-1.414E-05;2.484E-06;-51.52;4.86;87.91;14.83;86.65;1.675E-05;1.472E-05;2.024E-06;-47.760;-48.319;-56.937;0.39;170.04;
2026-01-27 15:46:00.68;0.00:00:12:711;-0.37;-0.92;0.16;2.001E-05;-7.196E-06;-1.786E-05;3.056E-06;-55.97;4.51;97.44;15.28;96.24;2.001E-05;1.95E-05;5.116E-07;-46.988;-47.100;-62.911;0.32;170.29;
2026-01-27 15:46:00.73;0.00:00:12:758;-0.33;-0.94;0.05;1.848E-05;-5.613E-06;-1.603E-05;8.27E-07;-54.65;1.39;92.03;4.47;91.93;1.848E-05;1.701E-05;1.472E-06;-47.333;-47.693;-58.321;0.34;177.05;
2026-01-27 15:46:00.78;0.00:00:12:803;-0.31;-0.94;0.15;1.856E-05;-5.945E-06;-1.78E-05;2.943E-06;-54.23;4.46;102.37;15.86;101.13;1.856E-05;1.9E-05;-4.396E-07;-47.314;-47.213;-99.990;0.34;170.61;
2026-01-27 15:46:00.82;0.00:00:12:852;-0.25;-0.95;0.20;1.565E-05;-3.662E-06;-1.397E-05;2.957E-06;-52.34;5.78;94.25;18.90;92.33;1.565E-05;1.475E-05;9.003E-07;-48.056;-48.313;-60.456;0.38;168.05;
2026-01-27 15:46:00.89;0.00:00:12:913;-0.24;-0.97;0.02;1.92E-05;-4.755E-06;-1.894E-05;4.459E-07;-52.05;0.65;101.73;2.32;101.70;1.92E-05;1.953E-05;-3.32E-07;-47.166;-47.092;-99.990;0.38;178.65;
2026-01-27 15:46:00.93;0.00:00:12:961;-0.39;-0.89;0.24;1.9E-05;-6.239E-06;-1.409E-05;3.783E-06;-56.94;6.90;83.51;19.92;81.10;1.9E-05;1.586E-05;3.131E-06;-47.213;-47.996;-55.042;0.30;164.97;
2026-01-27 15:46:01.00;0.00:00:13:024;-0.18;-0.96;0.20;1.709E-05;-3.58E-06;-1.969E-05;4.067E-06;-50.15;5.74;119.52;23.80;117.12;1.709E-05;2.043E-05;-3.335E-06;-47.673;-46.898;-99.990;0.41;168.33;
2026-01-27 15:46:01.04;0.00:00:13:069;-0.33;-0.91;0.24;1.856E-05;-5.529E-06;-1.527E-05;3.987E-06;-54.95;6.89;90.13;21.48;87.53;1.856E-05;1.673E-05;1.832E-06;-47.315;-47.766;-57.371;0.33;165.37;
2026-01-27 15:46:01.09;0.00:00:13:117;-0.18;-0.97;0.18;1.706E-05;-3.472E-06;-1.867E-05;3.527E-06;-50.27;5.26;113.20;20.67;111.30;1.706E-05;1.931E-05;-2.252E-06;-47.680;-47.141;-99.990;0.41;169.30;
2026-01-27 15:46:01.14;0.00:00:13:164;-0.21;-0.97;0.13;1.799E-05;-3.41E-06;-1.537E-05;2.043E-06;-51.26;3.70;88.23;11.35;87.49;1.799E-05;1.587E-05;2.118E-06;-47.450;-47.994;-56.740;0.39;172.43;
2026-01-27 15:46:01.18;0.00:00:13:210;-0.32;-0.94;0.13;1.885E-05;-5.791E-06;-1.71E-05;2.435E-06;-54.35;3.84;96.63;12.92;95.77;1.885E-05;1.822E-05;6.346E-07;-47.247;-47.395;-61.975;0.34;171.90;
2026-01-27 15:46:01.23;0.00:00:13:257;-0.58;-0.77;0.27;2.283E-05;-1.062E-05;-1.422E-05;5.058E-06;-63.37;7.95;80.85;22.15;77.75;2.283E-05;1.846E-05;4.373E-06;-46.415;-47.338;-53.592;0.21;160.43;
2026-01-27 15:46:01.28;0.00:00:13:305;-0.32;-0.94;0.09;1.763E-05;-4.166E-06;-1.218E-05;1.197E-06;-54.44;2.66;73.34;6.79;73.03;1.763E-05;1.293E-05;4.698E-06;-47.539;-48.885;-53.281;0.34;174.39;
2026-01-27 15:46:01.32;0.00:00:13:351;-0.36;-0.90;0.26;1.92E-05;-5.86E-06;-1.449E-05;4.182E-06;-56.01;7.49;84.27;21.78;81.41;1.92E-05;1.618E-05;3.02E-06;-47.166;-47.909;-55.200;0.32;163.91;
2026-01-27 15:46:01.37;0.00:00:13:400;-0.36;-0.92;0.16;1.758E-05;-4.841E-06;-1.251E-05;2.163E-06;-55.58;4.58;77.26;12.31;76.27;1.758E-05;1.358E-05;3.998E-06;-47.550;-48.670;-53.981;0.32;170.18;
2026-01-27 15:46:01.42;0.00:00:13:447;-0.27;-0.96;0.13;1.887E-05;-4.221E-06;-1.518E-05;2.035E-06;-52.77;3.68;84.17;10.78;83.48;1.887E-05;1.589E-05;2.988E-06;-47.241;-47.990;-55.246;0.37;172.36;
2026-01-27 15:46:01.48;0.00:00:13:508;-0.30;-0.94;0.17;1.774E-05;-4.221E-06;-1.343E-05;2.499E-06;-53.72;5.03;80.61;14.08;79.37;1.774E-05;1.43E-05;3.44E-06;-47.510;-48.447;-54.634;0.35;169.46;
2026-01-27 15:46:01.53;0.00:00:13:554;-0.26;-0.92;0.29;1.724E-05;-4.435E-06;-1.58E-05;5.046E-06;-52.84;8.54;99.60;29.27;95.20;1.724E-05;1.717E-05;6.913E-08;-47.634;-47.652;-71.603;0.37;162.29;
2026-01-27 15:46:01.57;0.00:00:13:602;-0.24;-0.96;0.13;1.759E-05;-4.163E-06;-1.651E-05;2.257E-06;-52.08;3.78;97.62;12.83;96.77;1.759E-05;1.717E-05;4.192E-07;-47.547;-47.652;-63.776;0.38;172.21;
2026-01-27 15:46:01.64;0.00:00:13:663;-0.40;-0.90;0.17;2.037E-05;-7.112E-06;-1.586E-05;3.045E-06;-57.08;4.97;86.62;14.95;85.32;2.037E-05;1.764E-05;2.724E-06;-46.911;-47.534;-55.648;0.30;169.13;
2026-01-27 15:46:01.68;0.00:00:13:707;-0.55;-0.82;0.17;2.383E-05;-1.129E-05;-1.679E-05;3.521E-06;-61.95;4.94;86.18;14.78;84.91;2.383E-05;2.054E-05;3.292E-06;-46.229;-46.874;-54.825;0.23;168.16;
2026-01-27 15:46:01.73;0.00:00:13:755;-0.34;-0.91;0.23;1.782E-05;-5.546E-06;-1.485E-05;3.803E-06;-55.24;6.75;91.47;21.34;88.94;1.782E-05;1.63E-05;1.521E-06;-47.491;-47.878;-58.179;0.33;165.63;
2026-01-27 15:46:01.78;0.00:00:13:806;-0.37;-0.89;0.26;1.912E-05;-6.399E-06;-1.544E-05;4.49E-06;-56.26;7.52;90.52;23.48;87.42;1.912E-05;1.731E-05;1.813E-06;-47.185;-47.618;-57.416;0.32;163.79;
2026-01-27 15:46:01.84;0.00:00:13:865;-0.26;-0.95;0.18;1.702E-05;-4.385E-06;-1.63E-05;3.04E-06;-52.53;5.11;100.77;17.86;99.17;1.702E-05;1.715E-05;-1.312E-07;-47.691;-47.657;-99.990;0.37;169.43;
2026-01-27 15:46:01.88;0.00:00:13:912;-0.31;-0.95;0.09;1.902E-05;-5.583E-06;-1.725E-05;1.556E-06;-53.97;2.45;95.66;8.18;95.31;1.902E-05;1.82E-05;8.255E-07;-47.207;-47.400;-60.833;0.35;174.85;
2026-01-27 15:46:01.93;0.00:00:13:959;-0.18;-0.98;0.11;1.624E-05;-2.786E-06;-1.547E-05;1.698E-06;-50.10;3.08;97.37;10.46;96.81;1.624E-05;1.581E-05;4.268E-07;-47.895;-48.011;-63.698;0.41;173.73;
2026-01-27 15:46:01.98;0.00:00:14:007;-0.42;-0.89;0.20;1.986E-05;-6.252E-06;-1.337E-05;2.937E-06;-57.53;5.63;75.75;14.79;74.30;1.986E-05;1.505E-05;4.815E-06;-47.020;-48.226;-53.174;0.29;167.61;
2026-01-27 15:46:02.03;0.00:00:14:053;-0.23;-0.97;0.07;1.598E-05;-3.207E-06;-1.375E-05;9.329E-07;-51.56;1.89;88.57;5.84;88.37;1.598E-05;1.415E-05;1.827E-06;-47.964;-48.491;-57.382;0.39;176.12;
2026-01-27 15:46:02.07;0.00:00:14:100;-0.52;-0.81;0.26;2.192E-05;-9.246E-06;-1.456E-05;4.682E-06;-61.20;7.59;81.55;21.36;78.71;2.192E-05;1.788E-05;4.043E-06;-46.592;-47.478;-53.933;0.24;162.18;
2026-01-27 15:46:02.12;0.00:00:14:146;-0.25;-0.94;0.23;1.648E-05;-3.208E-06;-1.2E-05;2.914E-06;-52.48;6.60;77.44;17.68;75.39;1.648E-05;1.276E-05;3.719E-06;-47.830;-48.940;-54.296;0.37;166.36;
2026-01-27 15:46:02.16;0.00:00:14:191;-0.37;-0.91;0.20;2.028E-05;-7.391E-06;-1.796E-05;4.036E-06;-56.18;5.87;97.85;19.90;95.80;2.028E-05;1.984E-05;4.362E-07;-46.930;-47.025;-63.604;0.31;167.34;
2026-01-27 15:46:02.22;0.00:00:14:246;-0.58;-0.78;0.25;2.159E-05;-8.668E-06;-1.174E-05;3.701E-06;-63.22;7.12;69.73;17.14;67.59;2.159E-05;1.505E-05;6.535E-06;-46.658;-48.224;-51.847;0.21;162.50;
2026-01-27 15:46:02.27;0.00:00:14:302;-0.20;-0.97;0.13;1.779E-05;-3.287E-06;-1.593E-05;2.183E-06;-50.83;3.82;92.29;12.27;91.47;1.779E-05;1.641E-05;1.372E-06;-47.499;-47.848;-58.628;0.40;172.20;
2026-01-27 15:46:02.32;0.00:00:14:349;-0.36;-0.91;0.22;1.936E-05;-6.033E-06;-1.515E-05;3.696E-06;-55.85;6.38;86.39;19.09;84.25;1.936E-05;1.672E-05;2.635E-06;-47.131;-47.767;-55.793;0.32;166.29;
2026-01-27 15:46:02.37;0.00:00:14:397;-0.17;-0.97;0.20;1.666E-05;-2.97E-06;-1.732E-05;3.497E-06;-49.87;5.63;107.50;20.99;105.43;1.666E-05;1.791E-05;-1.25E-06;-47.782;-47.468;-99.990;0.42;168.58;
2026-01-27 15:46:02.43;0.00:00:14:458;-0.56;-0.81;0.18;2.488E-05;-1.12E-05;-1.627E-05;3.618E-06;-62.27;5.19;80.69;14.54;79.37;2.488E-05;2.008E-05;4.806E-06;-46.041;-46.973;-53.183;0.22;167.46;
2026-01-27 15:46:02.48;0.00:00:14:505;-0.20;-0.97;0.10;1.694E-05;-3.236E-06;-1.58E-05;1.634E-06;-50.79;2.89;95.72;9.65;95.23;1.694E-05;1.621E-05;7.251E-07;-47.712;-47.902;-61.396;0.40;174.10;
2026-01-27 15:46:02.53;0.00:00:14:553;-0.22;-0.96;0.16;1.795E-05;-3.894E-06;-1.678E-05;2.844E-06;-51.53;4.69;97.24;15.84;95.94;1.795E-05;1.746E-05;4.953E-07;-47.458;-47.580;-63.052;0.39;170.38;
2026-01-27 15:46:02.57;0.00:00:14:599;-0.22;-0.97;0.14;1.804E-05;-3.924E-06;-1.734E-05;2.586E-06;-51.37;4.14;99.61;14.34;98.57;1.804E-05;1.797E-05;7.046E-08;-47.438;-47.455;-71.521;0.39;171.52;
2026-01-27 15:46:02.62;0.00:00:14:650;-0.62;-0.71;0.33;2.285E-05;-9.498E-06;-1.084E-05;5.11E-06;-65.62;9.76;66.90;22.36;63.06;2.285E-05;1.529E-05;7.564E-06;-46.410;-48.156;-51.212;0.19;154.76;
2026-01-27 15:46:02.67;0.00:00:14:695;-0.20;-0.97;0.12;1.68E-05;-3.055E-06;-1.502E-05;1.893E-06;-50.75;3.52;91.93;11.27;91.24;1.68E-05;1.544E-05;1.356E-06;-47.747;-48.112;-58.678;0.40;172.82;
2026-01-27 15:46:02.71;0.00:00:14:741;-0.35;-0.91;0.21;1.933E-05;-5.158E-06;-1.352E-05;3.167E-06;-55.44;6.17;76.60;16.38;74.83;1.933E-05;1.481E-05;4.523E-06;-47.137;-48.295;-53.445;0.33;166.81;
2026-01-27 15:46:02.78;0.00:00:14:803;-0.14;-0.98;0.14;1.463E-05;-1.854E-06;-1.324E-05;1.881E-06;-48.99;4.00;92.28;12.86;91.38;1.463E-05;1.35E-05;1.13E-06;-48.348;-48.697;-59.470;0.43;171.91;
2026-01-27 15:46:02.83;0.00:00:14:853;-0.49;-0.85;0.18;2.076E-05;-7.331E-06;-1.275E-05;2.667E-06;-59.95;5.14;71.97;12.84;70.82;2.076E-05;1.494E-05;5.82E-06;-46.827;-48.255;-52.351;0.25;168.18;
2026-01-27 15:46:02.89;0.00:00:14:913;-0.37;-0.92;0.15;1.993E-05;-6.408E-06;-1.589E-05;2.655E-06;-55.98;4.41;86.98;13.32;85.95;1.993E-05;1.733E-05;2.595E-06;-47.005;-47.611;-55.859;0.32;170.51;
2026-01-27 15:46:02.93;0.00:00:14:959;-0.31;-0.95;0.08;1.884E-05;-5.735E-06;-1.755E-05;1.481E-06;-54.05;2.29;98.29;7.86;97.98;1.884E-05;1.852E-05;3.22E-07;-47.249;-47.324;-64.921;0.35;175.17;
2026-01-27 15:46:02.98;0.00:00:15:008;-0.32;-0.93;0.19;1.799E-05;-5.019E-06;-1.444E-05;2.888E-06;-54.59;5.35;86.45;16.05;84.95;1.799E-05;1.555E-05;2.438E-06;-47.449;-48.081;-56.130;0.34;168.69;
2026-01-27 15:46:03.04;0.00:00:15:068;-0.30;-0.91;0.28;1.689E-05;-4.878E-06;-1.461E-05;4.578E-06;-54.23;8.28;95.16;27.11;91.22;1.689E-05;1.607E-05;8.168E-07;-47.724;-47.940;-60.879;0.35;162.60;
2026-01-27 15:46:03.09;0.00:00:15:115;-0.40;-0.91;0.12;1.894E-05;-5.92E-06;-1.346E-05;1.789E-06;-56.87;3.47;78.22;9.45;77.65;1.894E-05;1.481E-05;4.125E-06;-47.227;-48.294;-53.846;0.30;172.43;
2026-01-27 15:46:03.13;0.00:00:15:160;-0.28;-0.93;0.25;1.772E-05;-5.003E-06;-1.65E-05;4.499E-06;-53.44;7.31;100.56;25.39;97.30;1.772E-05;1.782E-05;-9.846E-08;-47.516;-47.492;-99.990;0.36;164.74;
2026-01-27 15:46:03.18;0.00:00:15:209;-0.53;-0.83;0.14;2.281E-05;-1.038E-05;-1.624E-05;2.765E-06;-61.29;4.08;85.40;12.12;84.54;2.281E-05;1.948E-05;3.329E-06;-46.420;-47.105;-54.777;0.23;170.34;
2026-01-27 15:46:03.23;0.00:00:15:258;-0.23;-0.97;0.03;1.728E-05;-3.755E-06;-1.581E-05;4.14E-07;-51.68;0.73;94.06;2.40;94.03;1.728E-05;1.626E-05;1.026E-06;-47.624;-47.890;-59.887;0.38;178.50;
2026-01-27 15:46:03.29;0.00:00:15:317;-0.46;-0.85;0.26;2.121E-05;-8.769E-06;-1.606E-05;4.931E-06;-59.32;7.54;89.36;23.25;86.28;2.121E-05;1.895E-05;2.258E-06;-46.735;-47.223;-56.464;0.27;162.93;
2026-01-27 15:46:03.34;0.00:00:15:365;-0.52;-0.85;0.03;2.137E-05;-8.218E-06;-1.346E-05;4.703E-07;-60.70;0.85;73.83;2.20;73.80;2.137E-05;1.578E-05;5.592E-06;-46.702;-48.020;-52.524;0.24;178.00;
2026-01-27 15:46:03.38;0.00:00:15:410;-0.36;-0.92;0.13;1.907E-05;-6.195E-06;-1.601E-05;2.224E-06;-55.58;3.69;90.77;11.66;90.02;1.907E-05;1.731E-05;1.76E-06;-47.197;-47.617;-57.544;0.32;172.09;
2026-01-27 15:46:03.43;0.00:00:15:461;-0.31;-0.92;0.25;1.714E-05;-4.758E-06;-1.402E-05;3.88E-06;-54.37;7.34;89.29;22.63;86.37;1.714E-05;1.53E-05;1.836E-06;-47.660;-48.152;-57.360;0.34;164.53;
2026-01-27 15:46:03.49;0.00:00:15:521;-0.38;-0.92;0.08;1.956E-05;-6.618E-06;-1.627E-05;1.379E-06;-56.07;2.24;90.08;7.05;89.80;1.956E-05;1.761E-05;1.941E-06;-47.087;-47.541;-57.120;0.31;175.15;
2026-01-27 15:46:03.54;0.00:00:15:567;-0.48;-0.84;0.24;2.087E-05;-8.408E-06;-1.48E-05;4.249E-06;-59.80;7.01;84.07;20.36;81.57;2.087E-05;1.754E-05;3.324E-06;-46.805;-47.559;-54.784;0.26;163.98;
2026-01-27 15:46:03.59;0.00:00:15:615;-0.34;-0.93;0.10;2.036E-05;-6.897E-06;-1.87E-05;1.926E-06;-55.12;2.76;98.33;9.46;97.88;2.036E-05;2.002E-05;3.395E-07;-46.912;-46.985;-64.692;0.33;174.12;
2026-01-27 15:46:03.64;0.00:00:15:663;-0.27;-0.95;0.18;1.723E-05;-3.264E-06;-1.15E-05;2.172E-06;-52.92;5.15;70.52;12.61;69.38;1.723E-05;1.215E-05;5.079E-06;-47.638;-49.155;-52.942;0.37;169.30;
2026-01-27 15:46:03.68;0.00:00:15:709;-0.21;-0.96;0.16;1.725E-05;-3.159E-06;-1.48E-05;2.504E-06;-51.02;4.70;88.90;14.51;87.70;1.725E-05;1.534E-05;1.916E-06;-47.631;-48.142;-57.176;0.40;170.40;
2026-01-27 15:46:03.73;0.00:00:15:758;-0.42;-0.89;0.14;1.992E-05;-6.854E-06;-1.445E-05;2.325E-06;-57.69;4.13;81.13;11.67;80.29;1.992E-05;1.616E-05;3.758E-06;-47.007;-47.915;-54.250;0.29;170.86;
2026-01-27 15:46:03.79;0.00:00:15:817;-0.22;-0.96;0.15;1.726E-05;-3.934E-06;-1.706E-05;2.61E-06;-51.49;4.24;102.56;15.12;101.44;1.726E-05;1.771E-05;-4.424E-07;-47.629;-47.519;-99.990;0.39;171.30;
2026-01-27 15:46:03.83;0.00:00:15:862;-0.49;-0.85;0.20;2.281E-05;-9.221E-06;-1.602E-05;3.856E-06;-59.96;5.89;82.78;16.91;81.03;2.281E-05;1.888E-05;3.929E-06;-46.419;-47.240;-54.058;0.26;166.47;
2026-01-27 15:46:03.88;0.00:00:15:911;-0.38;-0.91;0.14;1.851E-05;-5.282E-06;-1.273E-05;1.985E-06;-56.27;4.10;75.20;10.72;74.43;1.851E-05;1.392E-05;4.592E-06;-47.325;-48.563;-53.380;0.31;171.14;
2026-01-27 15:46:03.93;0.00:00:15:958;-0.38;-0.92;0.09;2.133E-05;-7.244E-06;-1.749E-05;1.677E-06;-56.25;2.53;89.08;7.86;88.73;2.133E-05;1.9E-05;2.33E-06;-46.709;-47.212;-56.326;0.31;174.52;
2026-01-27 15:46:03.98;0.00:00:16:004;-0.38;-0.92;0.12;1.859E-05;-5.256E-06;-1.264E-05;1.661E-06;-56.29;3.46;74.16;8.94;73.62;1.859E-05;1.379E-05;4.802E-06;-47.308;-48.606;-53.186;0.31;172.51;
2026-01-27 15:46:04.02;0.00:00:16:051;-0.35;-0.91;0.21;1.971E-05;-4.971E-06;-1.286E-05;2.908E-06;-55.57;5.95;71.51;14.75;69.97;1.971E-05;1.409E-05;5.616E-06;-47.053;-48.510;-52.506;0.32;167.26;
2026-01-27 15:46:04.07;0.00:00:16:098;-0.12;-0.98;0.16;1.602E-05;-2.393E-06;-1.916E-05;3.037E-06;-48.56;4.47;121.98;18.96;120.50;1.602E-05;1.955E-05;-3.522E-06;-47.953;-47.090;-99.990;0.44;170.99;
2026-01-27 15:46:04.12;0.00:00:16:145;-0.35;-0.93;0.14;1.94E-05;-6.549E-06;-1.748E-05;2.552E-06;-55.27;3.89;97.11;13.16;96.21;1.94E-05;1.884E-05;5.612E-07;-47.122;-47.250;-62.509;0.33;171.69;
2026-01-27 15:46:04.16;0.00:00:16:192;-0.04;-0.97;0.23;1.397E-05;-6.21E-07;-1.705E-05;4.026E-06;-46.04;6.64;125.46;28.81;122.11;1.397E-05;1.753E-05;-3.558E-06;-48.547;-47.562;-99.990;0.48;166.71;
2026-01-27 15:46:04.21;0.00:00:16:240;-0.43;-0.89;0.14;2.189E-05;-8.844E-06;-1.862E-05;2.812E-06;-57.71;3.88;95.01;12.84;94.14;2.189E-05;2.08E-05;1.093E-06;-46.597;-46.819;-59.613;0.29;171.41;
2026-01-27 15:46:04.26;0.00:00:16:286;-0.18;-0.96;0.22;1.51E-05;-2.786E-06;-1.499E-05;3.421E-06;-50.26;6.32;103.54;22.66;101.03;1.51E-05;1.563E-05;-5.348E-07;-48.212;-48.060;-99.990;0.41;167.15;
2026-01-27 15:46:04.32;0.00:00:16:346;-0.38;-0.92;0.13;2.09E-05;-7.064E-06;-1.724E-05;2.468E-06;-56.14;3.77;89.92;11.81;89.14;2.09E-05;1.879E-05;2.106E-06;-46.799;-47.260;-56.766;0.31;171.85;
2026-01-27 15:46:04.37;0.00:00:16:394;-0.42;-0.90;0.14;1.953E-05;-6.886E-06;-1.47E-05;2.301E-06;-57.55;4.04;83.92;11.78;83.09;1.953E-05;1.639E-05;3.141E-06;-47.092;-47.854;-55.029;0.29;171.10;
2026-01-27 15:46:04.42;0.00:00:16:442;-0.31;-0.92;0.22;1.872E-05;-5.817E-06;-1.718E-05;4.036E-06;-54.35;6.27;99.28;21.56;96.91;1.872E-05;1.858E-05;1.35E-07;-47.278;-47.309;-68.696;0.34;166.78;
2026-01-27 15:46:04.46;0.00:00:16:488;-0.35;-0.89;0.31;1.779E-05;-3.614E-06;-9.194E-06;3.171E-06;-55.73;8.90;58.31;17.82;55.52;1.779E-05;1.037E-05;7.418E-06;-47.498;-49.840;-51.297;0.33;160.97;
2026-01-27 15:46:04.51;0.00:00:16:533;-0.32;-0.94;0.12;2.008E-05;-6.148E-06;-1.785E-05;2.35E-06;-54.50;3.55;94.72;11.70;94.00;2.008E-05;1.902E-05;1.06E-06;-46.971;-47.207;-59.747;0.34;172.50;
2026-01-27 15:46:04.55;0.00:00:16:580;-0.51;-0.84;0.20;2.144E-05;-8.207E-06;-1.344E-05;3.165E-06;-60.70;5.68;74.94;14.76;73.47;2.144E-05;1.607E-05;5.374E-06;-46.688;-47.941;-52.697;0.24;166.75;
2026-01-27 15:46:04.60;0.00:00:16:627;-0.24;-0.97;0.02;1.999E-05;-4.931E-06;-1.99E-05;4.411E-07;-51.96;0.62;102.60;2.21;102.58;1.999E-05;2.051E-05;-5.2E-07;-46.992;-46.880;-99.990;0.38;178.73;
2026-01-27 15:46:04.65;0.00:00:16:680;-0.39;-0.90;0.21;2.164E-05;-7.219E-06;-1.65E-05;3.824E-06;-56.82;5.99;85.07;17.67;83.21;2.164E-05;1.841E-05;3.231E-06;-46.647;-47.349;-54.906;0.30;166.95;
2026-01-27 15:46:04.71;0.00:00:16:737;-0.32;-0.91;0.25;1.933E-05;-5.757E-06;-1.625E-05;4.539E-06;-54.76;7.38;92.21;23.48;89.17;1.933E-05;1.782E-05;1.506E-06;-47.138;-47.490;-58.221;0.34;164.39;
2026-01-27 15:46:04.76;0.00:00:16:784;-0.41;-0.90;0.13;2.226E-05;-7.632E-06;-1.661E-05;2.473E-06;-57.34;3.85;82.85;11.11;82.11;2.226E-05;1.844E-05;3.816E-06;-46.525;-47.342;-54.184;0.29;171.53;
2026-01-27 15:46:04.81;0.00:00:16:835;-0.30;-0.92;0.25;1.882E-05;-5.433E-06;-1.663E-05;4.435E-06;-54.05;7.11;95.92;23.57;92.98;1.882E-05;1.805E-05;7.678E-07;-47.255;-47.436;-61.148;0.35;165.07;
2026-01-27 15:46:04.85;0.00:00:16:880;-0.41;-0.88;0.25;1.774E-05;-5.713E-06;-1.239E-05;3.522E-06;-57.37;7.23;79.44;19.85;76.92;1.774E-05;1.409E-05;3.649E-06;-47.510;-48.510;-54.379;0.30;164.14;
2026-01-27 15:46:04.91;0.00:00:16:941;-0.43;-0.88;0.19;1.998E-05;-7.656E-06;-1.571E-05;3.342E-06;-57.99;5.41;89.06;16.72;87.48;1.998E-05;1.78E-05;2.186E-06;-46.993;-47.497;-56.603;0.28;167.99;
2026-01-27 15:46:04.96;0.00:00:16:988;-0.25;-0.97;0.08;1.836E-05;-4.122E-06;-1.606E-05;1.368E-06;-52.20;2.36;90.65;7.45;90.34;1.836E-05;1.664E-05;1.717E-06;-47.362;-47.788;-57.653;0.38;175.13;
2026-01-27 15:46:05.01;0.00:00:17:035;-0.23;-0.97;-0.03;1.685E-05;-3.639E-06;-1.507E-05;-4.4E-07;-51.79;-0.81;92.02;2.61;91.98;1.685E-05;1.551E-05;1.345E-06;-47.734;-48.095;-58.714;0.38;-178.33;
2026-01-27 15:46:05.06;0.00:00:17:085;-0.16;-0.95;0.26;1.596E-05;-2.633E-06;-1.555E-05;4.27E-06;-49.81;7.57;102.38;26.75;98.82;1.596E-05;1.634E-05;-3.802E-07;-47.969;-47.867;-99.990;0.42;164.65;
2026-01-27 15:46:05.10;0.00:00:17:131;-0.50;-0.84;0.23;2.016E-05;-7.797E-06;-1.299E-05;3.521E-06;-60.48;6.54;77.17;17.46;75.17;2.016E-05;1.556E-05;4.603E-06;-46.955;-48.081;-53.370;0.25;164.84;
2026-01-27 15:46:05.15;0.00:00:17:177;-0.23;-0.97;0.03;1.897E-05;-4.671E-06;-2.02E-05;6.053E-07;-51.51;0.84;109.37;3.19;109.33;1.897E-05;2.074E-05;-1.778E-06;-47.220;-46.831;-99.990;0.39;178.28;
2026-01-27 15:46:05.20;0.00:00:17:225;-0.33;-0.93;0.13;1.855E-05;-5.251E-06;-1.474E-05;2.09E-06;-54.80;3.80;85.11;11.27;84.36;1.855E-05;1.579E-05;2.761E-06;-47.317;-48.017;-55.589;0.33;171.93;
2026-01-27 15:46:05.26;0.00:00:17:286;-0.28;-0.96;0.10;1.93E-05;-5.378E-06;-1.84E-05;1.892E-06;-53.15;2.82;99.79;9.80;99.30;1.93E-05;1.926E-05;4.15E-08;-47.144;-47.153;-73.820;0.36;174.13;
2026-01-27 15:46:05.31;0.00:00:17:332;-0.61;-0.78;0.14;2.426E-05;-1.028E-05;-1.297E-05;2.423E-06;-64.19;4.16;68.95;9.98;68.22;2.426E-05;1.673E-05;7.534E-06;-46.151;-47.766;-51.230;0.19;169.42;
2026-01-27 15:46:05.35;0.00:00:17:378;-0.27;-0.95;0.14;1.847E-05;-5.323E-06;-1.864E-05;2.773E-06;-52.97;4.07;106.01;15.01;104.94;1.847E-05;1.958E-05;-1.11E-06;-47.335;-47.081;-99.990;0.36;171.54;
2026-01-27 15:46:05.40;0.00:00:17:427;-0.46;-0.88;0.15;2.169E-05;-8.64E-06;-1.664E-05;2.808E-06;-58.72;4.26;87.40;12.94;86.44;2.169E-05;1.896E-05;2.733E-06;-46.637;-47.222;-55.634;0.27;170.42;
2026-01-27 15:46:05.45;0.00:00:17:478;-0.20;-0.98;0.09;1.654E-05;-3.472E-06;-1.699E-05;1.591E-06;-50.78;2.62;105.26;9.62;104.82;1.654E-05;1.741E-05;-8.694E-07;-47.814;-47.592;-99.990;0.40;174.65;
2026-01-27 15:46:05.51;0.00:00:17:536;-0.33;-0.93;0.13;2.036E-05;-6.74E-06;-1.894E-05;2.616E-06;-54.80;3.71;99.57;12.85;98.73;2.036E-05;2.027E-05;8.804E-08;-46.913;-46.932;-70.553;0.33;172.13;
2026-01-27 15:46:05.56;0.00:00:17:585;-0.27;-0.96;0.08;1.818E-05;-4.421E-06;-1.602E-05;1.318E-06;-52.71;2.27;91.70;7.25;91.41;1.818E-05;1.667E-05;1.509E-06;-47.403;-47.779;-58.212;0.37;175.30;
2026-01-27 15:46:05.60;0.00:00:17:631;-0.34;-0.92;0.21;1.99E-05;-6.2E-06;-1.692E-05;3.949E-06;-55.06;6.18;92.73;19.85;90.59;1.99E-05;1.845E-05;1.446E-06;-47.012;-47.340;-58.400;0.33;166.86;
2026-01-27 15:46:05.65;0.00:00:17:678;-0.33;-0.93;0.15;1.815E-05;-5.743E-06;-1.622E-05;2.651E-06;-54.75;4.38;95.91;14.60;94.80;1.815E-05;1.741E-05;7.415E-07;-47.411;-47.593;-61.299;0.34;170.72;
2026-01-27 15:46:05.70;0.00:00:17:727;-0.21;-0.96;0.18;1.733E-05;-4.27E-06;-1.916E-05;3.546E-06;-51.28;5.12;115.13;20.46;113.30;1.733E-05;1.995E-05;-2.622E-06;-47.612;-47.000;-99.990;0.39;169.52;
2026-01-27 15:46:05.77;0.00:00:17:793;-0.33;-0.92;0.20;1.795E-05;-4.064E-06;-1.125E-05;2.413E-06;-54.93;5.70;67.98;13.45;66.64;1.795E-05;1.22E-05;5.747E-06;-47.460;-49.136;-52.405;0.33;167.89;
2026-01-27 15:46:05.82;0.00:00:17:850;-0.22;-0.96;0.16;1.69E-05;-3.814E-06;-1.637E-05;2.66E-06;-51.56;4.50;100.73;15.74;99.50;1.69E-05;1.702E-05;-1.242E-07;-47.722;-47.690;-99.990;0.39;170.77;
2026-01-27 15:46:05.87;0.00:00:17:897;-0.38;-0.92;0.10;2.081E-05;-6.911E-06;-1.688E-05;1.893E-06;-56.13;2.96;88.11;9.09;87.64;2.081E-05;1.834E-05;2.475E-06;-46.816;-47.366;-56.063;0.31;173.60;
2026-01-27 15:46:05.92;0.00:00:17:947;-0.11;-0.99;0.10;1.61E-05;-1.918E-06;-1.795E-05;1.826E-06;-48.05;2.89;112.71;11.34;112.14;1.61E-05;1.815E-05;-2.046E-06;-47.932;-47.412;-99.990;0.45;174.19;
2026-01-27 15:46:05.98;0.00:00:18:006;-0.09;-0.98;0.20;1.616E-05;-1.678E-06;-1.869E-05;3.79E-06;-47.57;5.71;118.49;23.45;116.14;1.616E-05;1.914E-05;-2.987E-06;-47.916;-47.180;-99.990;0.46;168.54;
2026-01-27 15:46:06.02;0.00:00:18:052;-0.27;-0.95;0.12;1.797E-05;-4.571E-06;-1.596E-05;2.046E-06;-52.99;3.51;93.11;11.39;92.41;1.797E-05;1.673E-05;1.238E-06;-47.455;-47.765;-59.071;0.36;172.70;
2026-01-27 15:46:06.07;0.00:00:18:099;-0.22;-0.97;0.11;1.79E-05;-4.123E-06;-1.816E-05;1.988E-06;-51.40;3.05;104.60;11.10;104.01;1.79E-05;1.873E-05;-8.232E-07;-47.471;-47.275;-99.990;0.39;173.75;
2026-01-27 15:46:06.12;0.00:00:18:147;-0.33;-0.89;0.32;1.929E-05;-4.944E-06;-1.32E-05;4.706E-06;-55.27;9.23;77.05;24.40;73.08;1.929E-05;1.486E-05;4.427E-06;-47.147;-48.279;-53.539;0.33;160.38;
2026-01-27 15:46:06.17;0.00:00:18:193;-0.33;-0.93;0.16;1.929E-05;-5.953E-06;-1.69E-05;2.814E-06;-54.70;4.46;94.04;14.59;92.90;1.929E-05;1.814E-05;1.149E-06;-47.147;-47.414;-59.396;0.34;170.55;
2026-01-27 15:46:06.21;0.00:00:18:240;-0.36;-0.91;0.22;1.888E-05;-5.563E-06;-1.396E-05;3.461E-06;-55.87;6.49;81.65;18.33;79.56;1.888E-05;1.542E-05;3.466E-06;-47.239;-48.120;-54.602;0.32;166.07;
2026-01-27 15:46:06.26;0.00:00:18:288;-0.44;-0.87;0.22;2.202E-05;-8.587E-06;-1.717E-05;4.266E-06;-58.29;6.27;89.31;19.38;87.18;2.202E-05;1.966E-05;2.353E-06;-46.573;-47.064;-56.283;0.28;166.04;
2026-01-27 15:46:06.31;0.00:00:18:335;-0.46;-0.89;0.06;2.041E-05;-7.789E-06;-1.503E-05;1.054E-06;-58.69;1.78;83.12;5.16;82.96;2.041E-05;1.696E-05;3.445E-06;-46.902;-47.705;-54.628;0.27;175.99;
2026-01-27 15:46:06.35;0.00:00:18:381;-0.27;-0.95;0.16;1.847E-05;-4.877E-06;-1.683E-05;2.824E-06;-53.08;4.58;96.07;15.29;94.85;1.847E-05;1.775E-05;7.261E-07;-47.334;-47.508;-61.390;0.36;170.47;
2026-01-27 15:46:06.40;0.00:00:18:427;-0.31;-0.94;0.14;1.818E-05;-4.828E-06;-1.475E-05;2.192E-06;-54.06;4.02;86.22;12.06;85.37;1.818E-05;1.567E-05;2.505E-06;-47.405;-48.049;-56.012;0.35;171.54;
2026-01-27 15:46:06.45;0.00:00:18:474;-0.17;-0.97;0.16;1.633E-05;-3.254E-06;-1.845E-05;3.124E-06;-50.00;4.73;116.28;19.12;114.70;1.633E-05;1.899E-05;-2.66E-06;-47.869;-47.214;-99.990;0.41;170.39;
2026-01-27 15:46:06.49;0.00:00:18:521;-0.35;-0.92;0.14;1.848E-05;-5.84E-06;-1.53E-05;2.36E-06;-55.44;4.10;89.55;12.77;88.64;1.848E-05;1.655E-05;1.93E-06;-47.333;-47.812;-57.143;0.32;171.23;
2026-01-27 15:46:06.54;0.00:00:18:569;-0.46;-0.88;0.14;2.174E-05;-8.52E-06;-1.637E-05;2.704E-06;-58.75;4.17;85.79;12.44;84.89;2.174E-05;1.865E-05;3.089E-06;-46.627;-47.293;-55.102;0.27;170.62;
2026-01-27 15:46:06.59;0.00:00:18:614;-0.36;-0.87;0.32;1.766E-05;-4.838E-06;-1.166E-05;4.333E-06;-56.27;9.47;75.55;24.53;71.46;1.766E-05;1.334E-05;4.318E-06;-47.530;-48.747;-53.647;0.32;159.61;
2026-01-27 15:46:06.63;0.00:00:18:661;-0.30;-0.92;0.26;1.973E-05;-6.165E-06;-1.868E-05;5.232E-06;-54.13;7.45;103.18;26.52;99.72;1.973E-05;2.035E-05;-6.278E-07;-47.050;-46.914;-99.990;0.35;164.35;
2026-01-27 15:46:06.68;0.00:00:18:707;-0.37;-0.92;0.14;1.873E-05;-5.089E-06;-1.268E-05;1.999E-06;-55.94;4.16;73.71;10.67;72.93;1.873E-05;1.38E-05;4.923E-06;-47.275;-48.600;-53.077;0.32;171.04;
2026-01-27 15:46:06.73;0.00:00:18:755;-0.38;-0.92;0.07;1.945E-05;-6.352E-06;-1.536E-05;1.16E-06;-56.23;2.00;85.67;5.96;85.46;1.945E-05;1.666E-05;2.787E-06;-47.111;-47.783;-55.549;0.31;175.68;
2026-01-27 15:46:06.77;0.00:00:18:801;-0.28;-0.94;0.19;1.716E-05;-4.55E-06;-1.536E-05;3.059E-06;-53.25;5.41;95.01;17.82;93.33;1.716E-05;1.631E-05;8.557E-07;-47.654;-47.876;-60.677;0.36;168.74;
2026-01-27 15:46:06.82;0.00:00:18:849;-0.21;-0.97;0.14;1.683E-05;-4.089E-06;-1.873E-05;2.683E-06;-51.16;3.98;115.04;15.94;113.93;1.683E-05;1.936E-05;-2.531E-06;-47.740;-47.131;-99.990;0.39;171.85;
2026-01-27 15:46:06.87;0.00:00:18:896;-0.22;-0.96;0.15;1.564E-05;-2.539E-06;-1.108E-05;1.676E-06;-51.46;4.19;73.45;10.72;72.67;1.564E-05;1.149E-05;4.151E-06;-48.058;-49.398;-53.818;0.39;171.40;
2026-01-27 15:46:06.91;0.00:00:18:942;-0.29;-0.94;0.19;1.741E-05;-4.876E-06;-1.583E-05;3.237E-06;-53.56;5.53;96.89;18.59;95.09;1.741E-05;1.687E-05;5.417E-07;-47.591;-47.728;-62.662;0.36;168.44;
2026-01-27 15:46:06.96;0.00:00:18:988;-0.46;-0.85;0.25;1.883E-05;-6.477E-06;-1.189E-05;3.545E-06;-59.29;7.33;74.35;18.83;71.93;1.883E-05;1.4E-05;4.829E-06;-47.252;-48.539;-53.161;0.27;163.40;
2026-01-27 15:46:07.01;0.00:00:19:034;-0.25;-0.97;0.03;1.816E-05;-4.69E-06;-1.818E-05;5.07E-07;-52.23;0.77;103.41;2.79;103.38;1.816E-05;1.878E-05;-6.201E-07;-47.409;-47.263;-99.990;0.38;178.40;
2026-01-27 15:46:07.05;0.00:00:19:081;-0.43;-0.85;0.31;1.993E-05;-6.725E-06;-1.326E-05;4.874E-06;-58.45;9.08;78.51;24.46;74.60;1.993E-05;1.564E-05;4.283E-06;-47.006;-48.057;-53.683;0.29;159.81;
2026-01-27 15:46:07.10;0.00:00:19:128;-0.33;-0.94;0.04;2.031E-05;-6.627E-06;-1.916E-05;7.754E-07;-54.54;1.10;99.90;3.82;99.83;2.031E-05;2.029E-05;2.019E-08;-46.923;-46.927;-76.949;0.34;177.68;
2026-01-27 15:46:07.15;0.00:00:19:177;-0.21;-0.97;0.13;1.704E-05;-3.285E-06;-1.541E-05;2.012E-06;-51.02;3.64;93.22;11.81;92.47;1.704E-05;1.588E-05;1.155E-06;-47.686;-47.991;-59.373;0.40;172.56;
2026-01-27 15:46:07.20;0.00:00:19:224;-0.28;-0.96;0.07;1.861E-05;-5.085E-06;-1.766E-05;1.226E-06;-53.03;1.91;98.97;6.59;98.75;1.861E-05;1.842E-05;1.911E-07;-47.303;-47.348;-67.187;0.36;176.03;
2026-01-27 15:46:07.24;0.00:00:19:270;-0.27;-0.96;0.07;1.666E-05;-3.35E-06;-1.199E-05;8.744E-07;-52.81;2.01;74.89;5.25;74.71;1.666E-05;1.248E-05;4.183E-06;-47.783;-49.039;-53.785;0.37;175.83;
2026-01-27 15:46:07.29;0.00:00:19:317;-0.23;-0.96;0.17;1.704E-05;-4.145E-06;-1.745E-05;3.003E-06;-51.68;4.75;106.75;17.63;105.29;1.704E-05;1.819E-05;-1.151E-06;-47.686;-47.403;-99.990;0.39;170.23;
2026-01-27 15:46:07.34;0.00:00:19:364;-0.29;-0.96;0.02;1.766E-05;-3.688E-06;-1.202E-05;2.552E-07;-53.53;0.58;71.17;1.44;71.16;1.766E-05;1.257E-05;5.092E-06;-47.529;-49.006;-52.931;0.35;178.78;
2026-01-27 15:46:07.39;0.00:00:19:414;-0.45;-0.87;0.18;2.157E-05;-9.24E-06;-1.775E-05;3.744E-06;-58.75;5.30;94.36;17.36;92.75;2.157E-05;2.035E-05;1.217E-06;-46.661;-46.913;-59.146;0.27;168.08;
2026-01-27 15:46:07.43;0.00:00:19:461;-0.50;-0.82;0.29;2.054E-05;-7.63E-06;-1.249E-05;4.382E-06;-60.71;8.33;74.40;21.34;71.27;2.054E-05;1.528E-05;5.258E-06;-46.874;-48.158;-52.792;0.25;160.67;
2026-01-27 15:46:07.48;0.00:00:19:507;-0.40;-0.91;0.13;2.028E-05;-7.434E-06;-1.698E-05;2.491E-06;-56.83;3.83;92.20;12.28;91.38;2.028E-05;1.87E-05;1.582E-06;-46.929;-47.282;-58.009;0.30;171.65;
2026-01-27 15:46:07.53;0.00:00:19:555;-0.41;-0.90;0.17;2.206E-05;-8.741E-06;-1.915E-05;3.557E-06;-57.27;4.80;96.77;16.13;95.42;2.206E-05;2.135E-05;7.121E-07;-46.564;-46.707;-61.475;0.30;169.48;
2026-01-27 15:46:07.58;0.00:00:19:604;-0.45;-0.87;0.21;2.056E-05;-8.372E-06;-1.614E-05;3.925E-06;-58.70;6.09;90.47;19.09;88.44;2.056E-05;1.86E-05;1.959E-06;-46.869;-47.304;-57.079;0.28;166.33;
2026-01-27 15:46:07.62;0.00:00:19:652;-0.44;-0.89;0.06;2.086E-05;-7.599E-06;-1.528E-05;1.08E-06;-58.22;1.81;81.96;5.17;81.79;2.086E-05;1.71E-05;3.765E-06;-46.806;-47.670;-54.243;0.28;175.96;
2026-01-27 15:46:07.68;0.00:00:19:711;-0.13;-0.99;0.09;1.476E-05;-2.234E-06;-1.691E-05;1.524E-06;-48.76;2.55;116.05;10.33;115.59;1.476E-05;1.713E-05;-2.369E-06;-48.309;-47.663;-99.990;0.43;174.85;
2026-01-27 15:46:07.73;0.00:00:19:759;-0.15;-0.98;0.16;1.512E-05;-2.704E-06;-1.782E-05;2.939E-06;-49.31;4.63;120.84;19.44;119.26;1.512E-05;1.827E-05;-3.15E-06;-48.206;-47.384;-99.990;0.43;170.64;
2026-01-27 15:46:07.78;0.00:00:19:806;-0.33;-0.94;-0.01;1.857E-05;-5.342E-06;-1.511E-05;-2.201E-07;-54.73;-0.39;86.36;1.19;86.35;1.857E-05;1.603E-05;2.533E-06;-47.313;-47.950;-55.964;0.33;-179.17;
2026-01-27 15:46:07.83;0.00:00:19:855;-0.25;-0.95;0.17;1.838E-05;-5.231E-06;-2.015E-05;3.579E-06;-52.28;4.88;114.94;19.47;113.28;1.838E-05;2.113E-05;-2.745E-06;-47.357;-46.752;-99.990;0.38;169.93;
2026-01-27 15:46:07.89;0.00:00:19:915;-0.31;-0.94;0.13;1.814E-05;-5.242E-06;-1.589E-05;2.143E-06;-54.13;3.65;92.96;11.81;92.21;1.814E-05;1.687E-05;1.277E-06;-47.412;-47.729;-58.939;0.34;172.32;
2026-01-27 15:46:07.94;0.00:00:19:964;-0.34;-0.93;0.10;1.982E-05;-6.71E-06;-1.834E-05;2.012E-06;-55.05;2.94;99.06;10.15;98.54;1.982E-05;1.963E-05;1.859E-07;-47.029;-47.070;-67.308;0.33;173.74;
2026-01-27 15:46:07.98;0.00:00:20:012;-0.30;-0.93;0.23;1.697E-05;-4.573E-06;-1.419E-05;3.599E-06;-53.93;6.79;90.40;21.21;87.87;1.697E-05;1.534E-05;1.629E-06;-47.704;-48.143;-57.881;0.35;165.77;
2026-01-27 15:46:08.03;0.00:00:20:057;-0.30;-0.95;0.10;1.861E-05;-5.771E-06;-1.806E-05;1.871E-06;-53.86;2.82;102.35;10.05;101.85;1.861E-05;1.905E-05;-4.373E-07;-47.301;-47.201;-99.990;0.35;174.08;
2026-01-27 15:46:08.08;0.00:00:20:103;-0.35;-0.94;0.05;1.814E-05;-4.842E-06;-1.301E-05;6.996E-07;-55.21;1.44;76.60;3.86;76.50;1.814E-05;1.39E-05;4.246E-06;-47.413;-48.571;-53.721;0.33;176.92;
2026-01-27 15:46:08.12;0.00:00:20:150;-0.30;-0.95;0.10;1.959E-05;-6.028E-06;-1.927E-05;1.952E-06;-53.69;2.76;103.55;9.97;103.07;1.959E-05;2.028E-05;-6.954E-07;-47.081;-46.929;-99.990;0.35;174.22;
2026-01-27 15:46:08.17;0.00:00:20:196;-0.40;-0.91;0.10;1.87E-05;-5.71E-06;-1.311E-05;1.5E-06;-56.77;3.00;76.89;8.02;76.47;1.87E-05;1.438E-05;4.321E-06;-47.282;-48.423;-53.644;0.30;173.47;
2026-01-27 15:46:08.22;0.00:00:20:243;-0.29;-0.95;0.08;1.828E-05;-5.717E-06;-1.87E-05;1.471E-06;-53.50;2.15;107.27;8.05;106.97;1.828E-05;1.961E-05;-1.33E-06;-47.380;-47.075;-99.990;0.35;175.50;
2026-01-27 15:46:08.27;0.00:00:20:293;-0.34;-0.92;0.20;1.841E-05;-5.447E-06;-1.458E-05;3.1E-06;-55.24;5.63;86.20;16.84;84.54;1.841E-05;1.587E-05;2.541E-06;-47.350;-47.995;-55.950;0.33;168.00;
2026-01-27 15:46:08.33;0.00:00:20:354;0.03;-1.00;-0.06;1.384E-05;5.105E-07;-1.707E-05;-9.704E-07;-44.14;-1.63;123.66;7.01;123.46;1.384E-05;1.711E-05;-3.273E-06;-48.590;-47.668;-99.990;0.51;-176.75;
2026-01-27 15:46:08.37;0.00:00:20:400;-0.53;-0.83;0.17;2.233E-05;-1.072E-05;-1.686E-05;3.51E-06;-61.22;4.98;90.83;15.72;89.46;2.233E-05;2.028E-05;2.047E-06;-46.511;-46.928;-56.888;0.24;168.24;
2026-01-27 15:46:08.42;0.00:00:20:447;-0.21;-0.96;0.18;1.645E-05;-3.547E-06;-1.587E-05;3.005E-06;-51.30;5.24;100.51;18.27;98.83;1.645E-05;1.653E-05;-8.334E-08;-47.838;-47.816;-99.990;0.39;169.27;
2026-01-27 15:46:08.47;0.00:00:20:497;-0.45;-0.87;0.23;1.917E-05;-7.144E-06;-1.388E-05;3.698E-06;-58.62;6.67;83.66;19.29;81.41;1.917E-05;1.604E-05;3.132E-06;-47.174;-47.948;-55.042;0.28;165.08;
2026-01-27 15:46:08.52;0.00:00:20:544;-0.14;-0.98;0.16;1.499E-05;-2.338E-06;-1.616E-05;2.663E-06;-49.12;4.63;110.33;17.76;108.89;1.499E-05;1.654E-05;-1.548E-06;-48.241;-47.814;-99.990;0.43;170.64;
2026-01-27 15:46:08.56;0.00:00:20:590;-0.39;-0.89;0.23;1.919E-05;-6.579E-06;-1.507E-05;3.914E-06;-56.79;6.69;88.08;20.39;85.69;1.919E-05;1.691E-05;2.288E-06;-47.168;-47.720;-56.405;0.31;165.44;
2026-01-27 15:46:08.61;0.00:00:20:635;-0.33;-0.94;0.09;1.824E-05;-5.085E-06;-1.436E-05;1.448E-06;-54.75;2.71;83.89;7.94;83.51;1.824E-05;1.53E-05;2.939E-06;-47.389;-48.152;-55.318;0.33;174.24;
2026-01-27 15:46:08.66;0.00:00:20:683;-0.27;-0.96;0.06;1.799E-05;-4.035E-06;-1.43E-05;8.869E-07;-52.88;1.71;82.74;4.93;82.59;1.799E-05;1.489E-05;3.106E-06;-47.449;-48.272;-55.079;0.36;176.45;
2026-01-27 15:46:08.70;0.00:00:20:729;-0.24;-0.97;0.04;1.799E-05;-4.915E-06;-1.95E-05;8.366E-07;-52.08;1.19;111.86;4.65;111.76;1.799E-05;2.012E-05;-2.133E-06;-47.450;-46.963;-99.990;0.38;177.54;
2026-01-27 15:46:08.75;0.00:00:20:776;-0.30;-0.94;0.19;1.838E-05;-5.57E-06;-1.736E-05;3.497E-06;-53.89;5.43;100.99;19.02;99.19;1.838E-05;1.857E-05;-1.828E-07;-47.356;-47.313;-99.990;0.35;168.61;
2026-01-27 15:46:08.80;0.00:00:20:824;-0.39;-0.92;0.05;2.125E-05;-7.506E-06;-1.771E-05;1.05E-06;-56.49;1.56;90.63;4.94;90.50;2.125E-05;1.926E-05;1.991E-06;-46.726;-47.153;-57.010;0.31;176.61;
2026-01-27 15:46:08.84;0.00:00:20:871;-0.33;-0.94;0.11;1.961E-05;-6.434E-06;-1.839E-05;2.058E-06;-54.64;3.01;99.91;10.49;99.36;1.961E-05;1.959E-05;1.684E-08;-47.075;-47.079;-77.736;0.34;173.62;
2026-01-27 15:46:08.90;0.00:00:20:923;-0.26;-0.94;0.21;1.823E-05;-4.522E-06;-1.672E-05;3.718E-06;-52.57;6.06;97.15;20.39;94.98;1.823E-05;1.771E-05;5.203E-07;-47.391;-47.517;-62.837;0.37;167.46;
2026-01-27 15:46:08.95;0.00:00:20:982;-0.26;-0.97;0.02;1.811E-05;-4.796E-06;-1.777E-05;4.084E-07;-52.55;0.64;101.71;2.26;101.68;1.811E-05;1.841E-05;-3.088E-07;-47.422;-47.348;-99.990;0.37;178.68;
2026-01-27 15:46:09.00;0.00:00:21:028;-0.22;-0.97;0.04;1.737E-05;-3.824E-06;-1.668E-05;7.217E-07;-51.46;1.21;98.61;4.15;98.53;1.737E-05;1.713E-05;2.406E-07;-47.602;-47.663;-66.187;0.39;177.52;
2026-01-27 15:46:09.05;0.00:00:21:075;-0.26;-0.95;0.18;1.774E-05;-5.037E-06;-1.808E-05;3.517E-06;-52.79;5.31;107.63;19.83;105.79;1.774E-05;1.909E-05;-1.353E-06;-47.511;-47.192;-99.990;0.37;168.99;
2026-01-27 15:46:09.09;0.00:00:21:120;-0.24;-0.97;0.05;1.655E-05;-3.72E-06;-1.504E-05;7.862E-07;-51.95;1.45;93.74;4.75;93.62;1.655E-05;1.551E-05;1.036E-06;-47.813;-48.094;-59.848;0.38;177.01;
2026-01-27 15:46:09.14;0.00:00:21:167;-0.45;-0.89;0.09;2.107E-05;-7.918E-06;-1.554E-05;1.553E-06;-58.50;2.54;83.13;7.37;82.80;2.107E-05;1.751E-05;3.555E-06;-46.764;-47.567;-54.491;0.27;174.30;
2026-01-27 15:46:09.19;0.00:00:21:214;-0.28;-0.96;0.01;1.703E-05;-4.195E-06;-1.414E-05;1.026E-07;-53.26;0.20;86.60;0.60;86.60;1.703E-05;1.475E-05;2.283E-06;-47.687;-48.312;-56.415;0.36;179.58;
2026-01-27 15:46:09.23;0.00:00:21:261;-0.46;-0.88;0.09;2.265E-05;-9.441E-06;-1.792E-05;1.859E-06;-58.89;2.62;89.81;8.21;89.43;2.265E-05;2.034E-05;2.308E-06;-46.450;-46.917;-56.368;0.27;174.08;
2026-01-27 15:46:09.28;0.00:00:21:309;-0.56;-0.77;0.28;2.232E-05;-1.026E-05;-1.408E-05;5.181E-06;-63.05;8.28;81.45;23.21;78.07;2.232E-05;1.818E-05;4.14E-06;-46.513;-47.405;-53.830;0.22;159.80;
2026-01-27 15:46:09.35;0.00:00:21:374;-0.32;-0.94;0.12;1.922E-05;-5.849E-06;-1.689E-05;2.135E-06;-54.55;3.41;93.64;11.11;92.97;1.922E-05;1.8E-05;1.223E-06;-47.162;-47.448;-59.125;0.34;172.80;
2026-01-27 15:46:09.39;0.00:00:21:421;-0.30;-0.94;0.16;1.842E-05;-5E-06;-1.56E-05;2.592E-06;-53.89;4.50;90.01;14.07;88.90;1.842E-05;1.658E-05;1.84E-06;-47.347;-47.804;-57.351;0.35;170.56;
2026-01-27 15:46:09.44;0.00:00:21:466;-0.17;-0.97;0.16;1.694E-05;-3.49E-06;-1.961E-05;3.166E-06;-50.05;4.52;119.06;18.69;117.58;1.694E-05;2.017E-05;-3.228E-06;-47.711;-46.954;-99.990;0.41;170.83;
2026-01-27 15:46:09.49;0.00:00:21:513;-0.46;-0.89;0.05;2.139E-05;-7.722E-06;-1.495E-05;7.954E-07;-58.66;1.35;78.75;3.72;78.66;2.139E-05;1.685E-05;4.546E-06;-46.697;-47.735;-53.424;0.27;176.95;
2026-01-27 15:46:09.53;0.00:00:21:561;-0.21;-0.97;0.14;1.728E-05;-3.372E-06;-1.585E-05;2.252E-06;-51.01;3.96;94.65;13.03;93.75;1.728E-05;1.636E-05;9.245E-07;-47.624;-47.862;-60.341;0.40;171.91;
2026-01-27 15:46:09.58;0.00:00:21:607;-0.33;-0.93;0.13;1.836E-05;-5.273E-06;-1.47E-05;2.117E-06;-54.87;3.86;85.86;11.53;85.08;1.836E-05;1.576E-05;2.596E-06;-47.362;-48.024;-55.858;0.33;171.81;
2026-01-27 15:46:09.63;0.00:00:21:653;-0.11;-0.99;0.12;1.487E-05;-1.647E-06;-1.541E-05;1.801E-06;-48.05;3.31;104.92;12.11;104.22;1.487E-05;1.56E-05;-7.313E-07;-48.276;-48.068;-99.990;0.45;173.33;
2026-01-27 15:46:09.67;0.00:00:21:701;-0.52;-0.85;0.10;2.257E-05;-9.239E-06;-1.507E-05;1.768E-06;-60.76;2.86;78.71;7.83;78.32;2.257E-05;1.776E-05;4.805E-06;-46.465;-47.505;-53.183;0.24;173.31;
2026-01-27 15:46:09.72;0.00:00:21:748;-0.25;-0.96;0.08;1.622E-05;-3.623E-06;-1.383E-05;1.14E-06;-52.34;2.28;88.43;7.03;88.15;1.622E-05;1.434E-05;1.877E-06;-47.899;-48.433;-57.264;0.37;175.29;
2026-01-27 15:46:09.77;0.00:00:21:801;-0.51;-0.86;0.01;2.207E-05;-9.082E-06;-1.512E-05;1.001E-07;-60.50;0.16;79.93;0.45;79.93;2.207E-05;1.764E-05;4.43E-06;-46.562;-47.536;-53.536;0.24;179.62;
2026-01-27 15:46:09.83;0.00:00:21:857;-0.28;-0.95;0.16;1.712E-05;-3.7E-06;-1.238E-05;2.065E-06;-53.32;4.54;76.41;12.06;75.45;1.712E-05;1.308E-05;4.04E-06;-47.664;-48.833;-53.936;0.36;170.53;
2026-01-27 15:46:09.88;0.00:00:21:906;-0.38;-0.92;0.12;2.004E-05;-6.101E-06;-1.492E-05;1.943E-06;-56.12;3.44;81.01;9.70;80.43;2.004E-05;1.624E-05;3.806E-06;-46.980;-47.895;-54.195;0.31;172.58;
2026-01-27 15:46:09.92;0.00:00:21:951;-0.55;-0.77;0.31;2.042E-05;-7.09E-06;-9.934E-06;3.991E-06;-62.76;9.05;62.89;19.55;59.77;2.042E-05;1.284E-05;7.578E-06;-46.900;-48.914;-51.204;0.22;158.11;
2026-01-27 15:46:09.97;0.00:00:21:999;-0.46;-0.83;0.32;2.194E-05;-8.671E-06;-1.57E-05;6.009E-06;-59.46;9.26;86.21;27.40;81.75;2.194E-05;1.891E-05;3.024E-06;-46.588;-47.233;-55.194;0.27;159.05;
2026-01-27 15:46:10.02;0.00:00:22:050;-0.18;-0.98;0.11;1.613E-05;-2.795E-06;-1.514E-05;1.702E-06;-50.23;3.15;96.06;10.56;95.48;1.613E-05;1.549E-05;6.355E-07;-47.925;-48.099;-61.969;0.41;173.58;
2026-01-27 15:46:10.08;0.00:00:22:108;-0.25;-0.96;0.11;1.86E-05;-4.802E-06;-1.838E-05;2.082E-06;-52.32;3.13;102.75;11.19;102.14;1.86E-05;1.911E-05;-5.118E-07;-47.304;-47.187;-99.990;0.37;173.54;
2026-01-27 15:46:10.13;0.00:00:22:156;-0.41;-0.88;0.23;2.028E-05;-7.049E-06;-1.529E-05;3.936E-06;-57.37;6.58;85.28;19.41;83.04;2.028E-05;1.729E-05;2.985E-06;-46.930;-47.622;-55.251;0.30;165.57;
2026-01-27 15:46:10.17;0.00:00:22:202;-0.18;-0.96;0.24;1.786E-05;-3.044E-06;-1.639E-05;4.03E-06;-50.26;6.80;96.01;22.56;93.32;1.786E-05;1.715E-05;7.134E-07;-47.481;-47.658;-61.467;0.41;166.18;
2026-01-27 15:46:10.23;0.00:00:22:253;-0.36;-0.91;0.19;1.996E-05;-5.512E-06;-1.406E-05;2.871E-06;-55.71;5.38;77.01;14.38;75.65;1.996E-05;1.537E-05;4.59E-06;-46.998;-48.133;-53.382;0.32;168.46;
2026-01-27 15:46:10.27;0.00:00:22:298;-0.23;-0.96;0.17;1.7E-05;-4.073E-06;-1.668E-05;2.96E-06;-51.86;4.89;102.51;17.42;101.02;1.7E-05;1.742E-05;-4.261E-07;-47.697;-47.589;-99.990;0.38;169.94;
2026-01-27 15:46:10.32;0.00:00:22:344;-0.34;-0.90;0.28;1.832E-05;-4.821E-06;-1.256E-05;3.978E-06;-55.50;8.24;76.60;21.72;73.45;1.832E-05;1.403E-05;4.287E-06;-47.371;-48.529;-53.678;0.33;162.43;
2026-01-27 15:46:10.36;0.00:00:22:391;-0.04;-0.99;0.11;1.404E-05;-6.548E-07;-1.63E-05;1.844E-06;-46.15;3.22;116.97;13.14;116.23;1.404E-05;1.642E-05;-2.382E-06;-48.527;-47.847;-99.990;0.48;173.55;
2026-01-27 15:46:10.41;0.00:00:22:439;-0.50;-0.81;0.31;2.204E-05;-9.154E-06;-1.49E-05;5.751E-06;-60.78;9.10;83.52;26.09;79.34;2.204E-05;1.841E-05;3.633E-06;-46.567;-47.350;-54.397;0.25;158.90;
2026-01-27 15:46:10.46;0.00:00:22:486;-0.32;-0.94;0.11;1.997E-05;-6.204E-06;-1.801E-05;2.2E-06;-54.50;3.29;96.01;11.02;95.37;1.997E-05;1.918E-05;7.972E-07;-46.995;-47.172;-60.984;0.34;173.03;
2026-01-27 15:46:10.50;0.00:00:22:531;-0.30;-0.95;0.12;1.808E-05;-4.793E-06;-1.537E-05;1.897E-06;-53.66;3.36;89.68;10.49;89.06;1.808E-05;1.621E-05;1.866E-06;-47.428;-47.901;-57.290;0.35;172.97;
2026-01-27 15:46:10.55;0.00:00:22:579;-0.40;-0.90;0.19;2.105E-05;-8.22E-06;-1.848E-05;4.016E-06;-56.99;5.62;97.99;19.08;96.12;2.105E-05;2.062E-05;4.225E-07;-46.768;-46.857;-63.741;0.30;167.74;
2026-01-27 15:46:10.60;0.00:00:22:627;-0.39;-0.90;0.19;1.937E-05;-6.663E-06;-1.524E-05;3.224E-06;-56.81;5.49;87.47;16.65;85.88;1.937E-05;1.694E-05;2.426E-06;-47.130;-47.711;-56.151;0.30;168.05;
2026-01-27 15:46:10.66;0.00:00:22:689;-0.16;-0.97;0.19;1.68E-05;-2.422E-06;-1.51E-05;3.035E-06;-49.56;5.61;92.82;18.07;91.04;1.68E-05;1.559E-05;1.206E-06;-47.748;-48.071;-59.186;0.42;168.64;
2026-01-27 15:46:10.71;0.00:00:22:736;-0.19;-0.98;0.07;1.799E-05;-3.717E-06;-1.872E-05;1.293E-06;-50.62;1.94;106.32;7.19;106.08;1.799E-05;1.913E-05;-1.138E-06;-47.450;-47.184;-99.990;0.40;176.05;
2026-01-27 15:46:10.75;0.00:00:22:781;-0.30;-0.94;0.15;1.706E-05;-5.236E-06;-1.658E-05;2.65E-06;-53.76;4.33;103.07;15.53;101.89;1.706E-05;1.759E-05;-5.238E-07;-47.680;-47.548;-99.990;0.35;170.92;
2026-01-27 15:46:10.80;0.00:00:22:830;-0.28;-0.95;0.16;1.875E-05;-5.592E-06;-1.91E-05;3.153E-06;-53.16;4.50;107.49;16.82;106.16;1.875E-05;2.015E-05;-1.404E-06;-47.271;-46.957;-99.990;0.36;170.63;
2026-01-27 15:46:10.85;0.00:00:22:876;-0.30;-0.94;0.14;1.708E-05;-4.384E-06;-1.393E-05;2.091E-06;-53.74;4.07;86.33;12.24;85.46;1.708E-05;1.475E-05;2.336E-06;-47.674;-48.312;-56.316;0.35;171.46;
2026-01-27 15:46:10.90;0.00:00:22:923;-0.50;-0.86;0.10;2.132E-05;-7.78E-06;-1.326E-05;1.496E-06;-60.20;2.78;72.47;7.02;72.13;2.132E-05;1.545E-05;5.869E-06;-46.713;-48.112;-52.315;0.25;173.56;
2026-01-27 15:46:10.94;0.00:00:22:969;-0.33;-0.94;0.03;1.846E-05;-5.615E-06;-1.621E-05;5.109E-07;-54.55;0.85;92.98;2.77;92.94;1.846E-05;1.717E-05;1.297E-06;-47.337;-47.653;-58.871;0.34;178.20;
2026-01-27 15:46:10.99;0.00:00:23:017;-0.50;-0.83;0.25;2.168E-05;-8.838E-06;-1.45E-05;4.461E-06;-60.68;7.36;80.99;20.57;78.33;2.168E-05;1.756E-05;4.123E-06;-46.639;-47.555;-53.848;0.25;162.90;
2026-01-27 15:46:11.04;0.00:00:23:065;-0.14;-0.97;0.20;1.55E-05;-2.44E-06;-1.634E-05;3.3E-06;-49.25;5.65;108.67;21.29;106.57;1.55E-05;1.685E-05;-1.344E-06;-48.096;-47.735;-99.990;0.43;168.58;
2026-01-27 15:46:11.10;0.00:00:23:125;-0.48;-0.87;0.14;2.246E-05;-8.745E-06;-1.567E-05;2.476E-06;-59.58;3.93;80.66;11.02;79.91;2.246E-05;1.811E-05;4.342E-06;-46.487;-47.420;-53.623;0.26;171.02;
2026-01-27 15:46:11.14;0.00:00:23:172;-0.43;-0.88;0.22;1.907E-05;-5.05E-06;-1.03E-05;2.556E-06;-58.06;6.28;61.64;13.40;60.16;1.907E-05;1.175E-05;7.315E-06;-47.197;-49.298;-51.358;0.29;166.07;
2026-01-27 15:46:11.19;0.00:00:23:220;-0.36;-0.93;-0.02;2.072E-05;-7.564E-06;-1.954E-05;-3.318E-07;-55.58;-0.45;101.12;1.60;101.11;2.072E-05;2.096E-05;-2.321E-07;-46.835;-46.787;-99.990;0.32;-179.03;
2026-01-27 15:46:11.24;0.00:00:23:269;-0.44;-0.90;0.07;1.996E-05;-7.134E-06;-1.465E-05;1.109E-06;-57.98;1.95;81.81;5.56;81.62;1.996E-05;1.633E-05;3.631E-06;-46.998;-47.870;-54.399;0.28;175.67;
2026-01-27 15:46:11.29;0.00:00:23:315;-0.32;-0.94;0.14;1.99E-05;-6.629E-06;-1.962E-05;2.886E-06;-54.33;3.97;105.06;14.50;104.05;1.99E-05;2.091E-05;-1.007E-06;-47.010;-46.796;-99.990;0.34;171.63;
2026-01-27 15:46:11.33;0.00:00:23:362;-0.30;-0.94;0.15;1.69E-05;-4.926E-06;-1.52E-05;2.411E-06;-53.98;4.29;95.60;14.26;94.53;1.69E-05;1.616E-05;7.441E-07;-47.721;-47.917;-61.283;0.35;170.99;
2026-01-27 15:46:11.38;0.00:00:23:410;-0.33;-0.94;0.12;1.934E-05;-6.703E-06;-1.905E-05;2.506E-06;-54.69;3.54;105.25;12.96;104.45;1.934E-05;2.035E-05;-1.015E-06;-47.136;-46.914;-99.990;0.34;172.51;
2026-01-27 15:46:11.43;0.00:00:23:456;-0.42;-0.89;0.14;1.848E-05;-6.081E-06;-1.28E-05;2.067E-06;-57.71;4.15;77.46;11.18;76.65;1.848E-05;1.432E-05;4.165E-06;-47.332;-48.441;-53.803;0.29;170.82;
2026-01-27 15:46:11.48;0.00:00:23:506;-0.19;-0.95;0.24;1.623E-05;-2.893E-06;-1.485E-05;3.756E-06;-50.51;6.97;96.07;23.14;93.24;1.623E-05;1.559E-05;6.386E-07;-47.897;-48.071;-61.948;0.41;165.81;
2026-01-27 15:46:11.54;0.00:00:23:569;-0.42;-0.82;0.39;1.988E-05;-7.36E-06;-1.456E-05;6.839E-06;-58.41;11.37;88.95;34.40;82.04;1.988E-05;1.769E-05;2.196E-06;-47.015;-47.523;-56.583;0.29;154.84;
2026-01-27 15:46:11.60;0.00:00:23:628;-0.21;-0.98;-0.02;1.622E-05;-3.171E-06;-1.505E-05;-3.608E-07;-50.95;-0.67;94.83;2.22;94.81;1.622E-05;1.538E-05;8.382E-07;-47.899;-48.130;-60.767;0.40;-178.63;
2026-01-27 15:46:11.65;0.00:00:23:675;-0.33;-0.93;0.15;1.903E-05;-6.305E-06;-1.804E-05;2.805E-06;-54.63;4.17;101.51;14.74;100.43;1.903E-05;1.931E-05;-2.868E-07;-47.207;-47.142;-99.990;0.34;171.16;
2026-01-27 15:46:11.70;0.00:00:23:727;-0.40;-0.92;0.06;1.931E-05;-5.872E-06;-1.346E-05;8.217E-07;-56.78;1.60;76.19;4.26;76.07;1.931E-05;1.471E-05;4.598E-06;-47.142;-48.324;-53.374;0.30;176.51;
2026-01-27 15:46:11.76;0.00:00:23:783;-0.10;-0.98;0.15;1.629E-05;-1.962E-06;-2.011E-05;3.068E-06;-47.79;4.32;125.45;18.83;124.03;1.629E-05;2.044E-05;-4.146E-06;-47.880;-46.895;-99.990;0.45;171.33;
2026-01-27 15:46:11.80;0.00:00:23:830;-0.38;-0.89;0.28;1.84E-05;-5.116E-06;-1.207E-05;3.755E-06;-56.48;7.99;74.12;20.41;71.26;1.84E-05;1.364E-05;4.762E-06;-47.352;-48.652;-53.222;0.31;162.72;
2026-01-27 15:46:11.86;0.00:00:23:892;-0.15;-0.98;0.15;1.58E-05;-2.332E-06;-1.484E-05;2.315E-06;-49.47;4.38;96.16;14.65;95.03;1.58E-05;1.52E-05;6.073E-07;-48.013;-48.183;-62.166;0.42;171.13;
2026-01-27 15:46:11.91;0.00:00:23:938;-0.45;-0.89;0.11;1.982E-05;-6.487E-06;-1.289E-05;1.531E-06;-58.35;3.03;73.23;7.72;72.82;1.982E-05;1.451E-05;5.307E-06;-47.029;-48.382;-52.751;0.28;173.23;
2026-01-27 15:46:11.96;0.00:00:23:984;-0.18;-0.98;0.09;1.609E-05;-3.002E-06;-1.617E-05;1.457E-06;-50.26;2.53;102.59;9.06;102.19;1.609E-05;1.651E-05;-4.161E-07;-47.934;-47.823;-99.990;0.41;174.85;
2026-01-27 15:46:12.00;0.00:00:24:031;-0.49;-0.85;0.19;2.176E-05;-8.616E-06;-1.489E-05;3.391E-06;-60.03;5.57;80.58;15.58;79.06;2.176E-05;1.754E-05;4.225E-06;-46.623;-47.561;-53.742;0.25;167.17;
2026-01-27 15:46:12.05;0.00:00:24:080;-0.33;-0.93;0.15;1.75E-05;-4.843E-06;-1.348E-05;2.202E-06;-54.88;4.37;82.80;12.58;81.84;1.75E-05;1.449E-05;3.01E-06;-47.569;-48.388;-55.214;0.33;170.73;
2026-01-27 15:46:12.10;0.00:00:24:127;-0.52;-0.83;0.23;2.4E-05;-1.054E-05;-1.682E-05;4.656E-06;-61.03;6.60;84.94;19.40;82.70;2.4E-05;2.039E-05;3.615E-06;-46.197;-46.906;-54.419;0.24;164.53;
2026-01-27 15:46:12.16;0.00:00:24:187;-0.40;-0.91;0.12;1.881E-05;-5.077E-06;-1.162E-05;1.474E-06;-56.80;3.31;67.88;7.84;67.43;1.881E-05;1.277E-05;6.04E-06;-47.257;-48.940;-52.189;0.30;172.77;
2026-01-27 15:46:12.21;0.00:00:24:235;-0.21;-0.97;0.08;1.727E-05;-4.046E-06;-1.892E-05;1.513E-06;-51.03;2.24;112.39;8.76;112.05;1.727E-05;1.941E-05;-2.14E-06;-47.628;-47.120;-99.990;0.40;175.43;
2026-01-27 15:46:12.25;0.00:00:24:282;-0.24;-0.97;0.09;1.729E-05;-3.896E-06;-1.564E-05;1.454E-06;-51.99;2.58;93.58;8.41;93.20;1.729E-05;1.618E-05;1.11E-06;-47.622;-47.910;-59.549;0.38;174.69;
2026-01-27 15:46:12.32;0.00:00:24:342;-0.12;-0.98;0.15;1.621E-05;-2.336E-06;-1.938E-05;3.033E-06;-48.44;4.42;121.88;18.71;120.44;1.621E-05;1.976E-05;-3.547E-06;-47.902;-47.043;-99.990;0.44;171.11;
2026-01-27 15:46:12.36;0.00:00:24:389;-0.49;-0.83;0.27;2.392E-05;-1.042E-05;-1.757E-05;5.635E-06;-60.34;7.71;88.62;23.56;85.43;2.392E-05;2.119E-05;2.723E-06;-46.213;-46.738;-55.650;0.25;162.22;
2026-01-27 15:46:12.41;0.00:00:24:436;-0.15;-0.98;0.13;1.641E-05;-3.081E-06;-1.967E-05;2.589E-06;-49.45;3.71;122.32;15.78;121.30;1.641E-05;2.007E-05;-3.662E-06;-47.849;-46.974;-99.990;0.42;172.50;
2026-01-27 15:46:12.46;0.00:00:24:484;-0.45;-0.86;0.23;2.305E-05;-8.947E-06;-1.721E-05;4.597E-06;-58.74;6.67;86.48;19.95;84.15;2.305E-05;1.993E-05;3.116E-06;-46.374;-47.005;-55.063;0.28;165.04;
2026-01-27 15:46:12.50;0.00:00:24:529;-0.43;-0.89;0.11;2.007E-05;-6.846E-06;-1.411E-05;1.763E-06;-57.94;3.21;78.63;8.78;78.13;2.007E-05;1.578E-05;4.29E-06;-46.975;-48.019;-53.676;0.28;172.88;
2026-01-27 15:46:12.55;0.00:00:24:579;-0.32;-0.90;0.30;1.756E-05;-4.515E-06;-1.284E-05;4.268E-06;-54.68;8.70;81.24;24.30;77.52;1.756E-05;1.427E-05;3.295E-06;-47.554;-48.457;-54.822;0.34;161.62;
2026-01-27 15:46:12.61;0.00:00:24:639;-0.12;-0.99;0.11;1.527E-05;-1.943E-06;-1.548E-05;1.723E-06;-48.58;3.15;102.80;11.29;102.18;1.527E-05;1.57E-05;-4.275E-07;-48.162;-48.042;-99.990;0.44;173.65;
2026-01-27 15:46:12.66;0.00:00:24:687;-0.33;-0.94;0.07;2.021E-05;-6.246E-06;-1.761E-05;1.231E-06;-54.76;1.89;92.64;6.09;92.44;2.021E-05;1.873E-05;1.488E-06;-46.943;-47.275;-58.274;0.33;176.00;
2026-01-27 15:46:12.72;0.00:00:24:751;-0.24;-0.97;0.10;1.715E-05;-3.748E-06;-1.508E-05;1.581E-06;-51.98;2.90;91.06;9.21;90.59;1.715E-05;1.562E-05;1.534E-06;-47.656;-48.063;-58.141;0.38;174.02;
2026-01-27 15:46:12.78;0.00:00:24:812;-0.24;-0.95;0.21;1.772E-05;-4.393E-06;-1.708E-05;3.847E-06;-52.21;6.15;101.89;21.71;99.55;1.772E-05;1.805E-05;-3.345E-07;-47.515;-47.434;-99.990;0.38;167.31;
2026-01-27 15:46:12.85;0.00:00:24:873;-0.38;-0.92;0.12;2.054E-05;-7.129E-06;-1.732E-05;2.283E-06;-56.19;3.48;91.85;11.12;91.18;2.054E-05;1.887E-05;1.673E-06;-46.874;-47.243;-57.765;0.31;172.49;
2026-01-27 15:46:12.90;0.00:00:24:923;-0.19;-0.97;0.11;1.633E-05;-3.004E-06;-1.506E-05;1.774E-06;-50.64;3.29;94.71;10.87;94.08;1.633E-05;1.546E-05;8.643E-07;-47.871;-48.108;-60.634;0.40;173.28;
2026-01-27 15:46:12.94;0.00:00:24:969;-0.44;-0.90;0.04;2.092E-05;-7.715E-06;-1.566E-05;7.009E-07;-58.12;1.15;83.52;3.35;83.45;2.092E-05;1.747E-05;3.447E-06;-46.795;-47.577;-54.625;0.28;177.44;
2026-01-27 15:46:12.99;0.00:00:25:015;-0.20;-0.96;0.21;1.596E-05;-3.205E-06;-1.548E-05;3.414E-06;-50.85;6.09;101.31;21.39;99.03;1.596E-05;1.617E-05;-2.088E-07;-47.969;-47.912;-99.990;0.40;167.56;
2026-01-27 15:46:13.04;0.00:00:25:063;-0.38;-0.91;0.16;1.999E-05;-7.321E-06;-1.775E-05;3.058E-06;-56.21;4.53;97.25;15.30;96.04;1.999E-05;1.944E-05;5.5E-07;-46.992;-47.113;-62.596;0.31;170.22;
2026-01-27 15:46:13.08;0.00:00:25:111;-0.34;-0.94;0.11;1.823E-05;-5.038E-06;-1.405E-05;1.694E-06;-54.86;3.24;82.37;9.29;81.85;1.823E-05;1.502E-05;3.214E-06;-47.391;-48.233;-54.929;0.33;173.12;
2026-01-27 15:46:13.13;0.00:00:25:159;-0.43;-0.90;0.08;2.12E-05;-8.077E-06;-1.666E-05;1.561E-06;-57.93;2.41;87.66;7.36;87.35;2.12E-05;1.858E-05;2.617E-06;-46.737;-47.309;-55.822;0.28;174.65;
2026-01-27 15:46:13.19;0.00:00:25:218;-0.39;-0.92;0.04;1.796E-05;-5.028E-06;-1.194E-05;4.68E-07;-56.42;1.03;72.19;2.61;72.14;1.796E-05;1.296E-05;4.994E-06;-47.458;-48.873;-53.016;0.31;177.76;
2026-01-27 15:46:13.24;0.00:00:25:264;-0.42;-0.88;0.22;1.83E-05;-6.222E-06;-1.295E-05;3.192E-06;-57.83;6.26;80.43;17.44;78.52;1.83E-05;1.472E-05;3.581E-06;-47.375;-48.321;-54.460;0.29;166.16;
2026-01-27 15:46:13.28;0.00:00:25:311;-0.36;-0.93;0.05;1.911E-05;-5.193E-06;-1.329E-05;6.658E-07;-55.67;1.34;74.76;3.48;74.68;1.911E-05;1.429E-05;4.824E-06;-47.187;-48.450;-53.166;0.32;177.13;
2026-01-27 15:46:13.33;0.00:00:25:360;-0.30;-0.95;0.04;1.868E-05;-4.99E-06;-1.61E-05;7.297E-07;-53.61;1.24;90.31;3.91;90.23;1.868E-05;1.687E-05;1.81E-06;-47.286;-47.729;-57.424;0.35;177.40;
2026-01-27 15:46:13.39;0.00:00:25:421;-0.51;-0.84;0.20;2.204E-05;-9.274E-06;-1.516E-05;3.629E-06;-60.72;5.77;82.33;16.47;80.67;2.204E-05;1.814E-05;3.894E-06;-46.569;-47.413;-54.096;0.24;166.54;
2026-01-27 15:46:13.44;0.00:00:25:467;-0.37;-0.91;0.16;1.939E-05;-6.535E-06;-1.599E-05;2.749E-06;-56.12;4.52;90.21;14.18;89.09;1.939E-05;1.749E-05;1.897E-06;-47.125;-47.572;-57.219;0.31;170.24;
2026-01-27 15:46:13.49;0.00:00:25:516;-0.53;-0.84;0.09;2.321E-05;-1.062E-05;-1.674E-05;1.712E-06;-61.20;2.47;85.72;7.38;85.40;2.321E-05;1.99E-05;3.316E-06;-46.343;-47.012;-54.794;0.23;174.16;
2026-01-27 15:46:13.54;0.00:00:25:563;-0.33;-0.93;0.17;1.89E-05;-5.989E-06;-1.658E-05;3.01E-06;-54.93;4.84;94.62;15.92;93.27;1.89E-05;1.789E-05;1.018E-06;-47.234;-47.475;-59.924;0.33;169.71;
2026-01-27 15:46:13.58;0.00:00:25:609;-0.29;-0.96;-0.01;1.995E-05;-5.858E-06;-1.898E-05;-1.093E-07;-53.58;-0.16;99.58;0.55;99.58;1.995E-05;1.986E-05;8.423E-08;-47.001;-47.020;-70.745;0.35;-179.67;
2026-01-27 15:46:13.63;0.00:00:25:656;-0.37;-0.92;0.15;1.899E-05;-6.408E-06;-1.589E-05;2.641E-06;-55.98;4.38;91.29;13.90;90.22;1.899E-05;1.734E-05;1.655E-06;-47.215;-47.611;-57.813;0.32;170.57;
2026-01-27 15:46:13.68;0.00:00:25:703;-0.33;-0.93;0.19;1.991E-05;-6.249E-06;-1.757E-05;3.594E-06;-54.79;5.46;95.38;18.05;93.65;1.991E-05;1.899E-05;9.204E-07;-47.010;-47.215;-60.360;0.34;168.44;
2026-01-27 15:46:13.74;0.00:00:25:763;-0.28;-0.96;0.11;1.756E-05;-4.572E-06;-1.575E-05;1.738E-06;-53.09;3.02;93.91;9.90;93.39;1.756E-05;1.649E-05;1.069E-06;-47.554;-47.827;-59.712;0.36;173.70;
2026-01-27 15:46:13.78;0.00:00:25:811;-0.26;-0.95;0.15;1.91E-05;-5.563E-06;-2.038E-05;3.118E-06;-52.64;4.20;111.76;16.32;110.57;1.91E-05;2.135E-05;-2.247E-06;-47.189;-46.706;-99.990;0.37;171.30;
2026-01-27 15:46:13.83;0.00:00:25:858;-0.37;-0.92;0.11;1.88E-05;-5.38E-06;-1.343E-05;1.571E-06;-55.91;3.10;77.43;8.36;76.98;1.88E-05;1.456E-05;4.242E-06;-47.259;-48.370;-53.725;0.32;173.33;
2026-01-27 15:46:13.88;0.00:00:25:904;-0.32;-0.93;0.18;1.901E-05;-6.031E-06;-1.761E-05;3.435E-06;-54.46;5.23;99.56;18.07;97.91;1.901E-05;1.892E-05;8.345E-08;-47.211;-47.230;-70.786;0.34;168.96;
2026-01-27 15:46:13.93;0.00:00:25:956;-0.44;-0.85;0.27;1.959E-05;-6.037E-06;-1.163E-05;3.678E-06;-58.72;7.84;69.46;18.77;66.88;1.959E-05;1.361E-05;5.984E-06;-47.079;-48.662;-52.230;0.28;162.45;
2026-01-27 15:46:13.99;0.00:00:26:014;-0.32;-0.94;0.11;1.743E-05;-4.553E-06;-1.362E-05;1.601E-06;-54.24;3.18;82.90;9.19;82.39;1.743E-05;1.445E-05;2.979E-06;-47.588;-48.403;-55.259;0.34;173.29;
2026-01-27 15:46:14.03;0.00:00:26:060;-0.35;-0.90;0.26;1.961E-05;-4.936E-06;-1.268E-05;3.591E-06;-55.64;7.39;71.76;18.31;69.38;1.961E-05;1.407E-05;5.538E-06;-47.075;-48.517;-52.566;0.32;164.18;
2026-01-27 15:46:14.08;0.00:00:26:108;-0.29;-0.93;0.23;1.818E-05;-4.945E-06;-1.604E-05;3.999E-06;-53.57;6.70;94.91;21.99;92.33;1.818E-05;1.726E-05;9.255E-07;-47.404;-47.631;-60.336;0.36;166.00;
2026-01-27 15:46:14.13;0.00:00:26:155;-0.55;-0.81;0.21;2.247E-05;-9.491E-06;-1.411E-05;3.583E-06;-61.97;5.95;77.34;15.95;75.68;2.247E-05;1.737E-05;5.091E-06;-46.485;-47.601;-52.932;0.23;165.75;
2026-01-27 15:46:14.17;0.00:00:26:202;-0.25;-0.96;0.12;1.863E-05;-4.924E-06;-1.875E-05;2.386E-06;-52.36;3.51;104.82;12.80;104.03;1.863E-05;1.953E-05;-8.974E-07;-47.297;-47.093;-99.990;0.37;172.75;
2026-01-27 15:46:14.22;0.00:00:26:249;-0.50;-0.85;0.14;2.21E-05;-9.204E-06;-1.573E-05;2.629E-06;-60.17;4.10;83.31;11.90;82.45;2.21E-05;1.841E-05;3.689E-06;-46.556;-47.349;-54.330;0.25;170.51;
2026-01-27 15:46:14.27;0.00:00:26:297;-0.24;-0.95;0.19;1.737E-05;-4.193E-06;-1.68E-05;3.352E-06;-52.01;5.48;101.56;19.30;99.71;1.737E-05;1.764E-05;-2.706E-07;-47.602;-47.535;-99.990;0.38;168.72;
2026-01-27 15:46:14.32;0.00:00:26:343;-0.38;-0.88;0.28;1.966E-05;-7.141E-06;-1.646E-05;5.233E-06;-56.73;8.13;95.08;26.62;91.27;1.966E-05;1.869E-05;9.677E-07;-47.065;-47.284;-60.143;0.31;162.36;
2026-01-27 15:46:14.37;0.00:00:26:395;-0.30;-0.94;0.15;1.836E-05;-5.43E-06;-1.735E-05;2.682E-06;-53.69;4.20;100.08;14.61;99.01;1.836E-05;1.837E-05;-1.516E-08;-47.362;-47.358;-99.990;0.35;171.21;
2026-01-27 15:46:14.42;0.00:00:26:452;-0.17;-0.97;0.15;1.668E-05;-2.973E-06;-1.73E-05;2.626E-06;-49.88;4.26;106.37;15.74;105.20;1.668E-05;1.775E-05;-1.062E-06;-47.777;-47.509;-99.990;0.42;171.37;
2026-01-27 15:46:14.47;0.00:00:26:499;-0.18;-0.98;0.02;1.727E-05;-3.274E-06;-1.74E-05;3.011E-07;-50.33;0.49;102.56;1.74;102.55;1.727E-05;1.771E-05;-4.422E-07;-47.628;-47.518;-99.990;0.41;179.01;
2026-01-27 15:46:14.52;0.00:00:26:546;-0.22;-0.96;0.14;1.821E-05;-4.726E-06;-2.037E-05;3.065E-06;-51.53;4.17;116.10;16.83;114.87;1.821E-05;2.114E-05;-2.931E-06;-47.398;-46.749;-99.990;0.39;171.45;
2026-01-27 15:46:14.57;0.00:00:26:596;-0.27;-0.94;0.18;1.709E-05;-3.925E-06;-1.359E-05;2.595E-06;-53.06;5.20;84.14;15.18;82.76;1.709E-05;1.438E-05;2.71E-06;-47.673;-48.423;-55.670;0.36;169.19;
2026-01-27 15:46:14.63;0.00:00:26:655;-0.09;-0.98;0.18;1.432E-05;-1.478E-06;-1.672E-05;3.06E-06;-47.52;5.16;119.19;21.37;117.26;1.432E-05;1.706E-05;-2.748E-06;-48.442;-47.679;-99.990;0.46;169.63;
2026-01-27 15:46:14.67;0.00:00:26:702;-0.29;-0.95;0.13;1.766E-05;-4.49E-06;-1.492E-05;2.02E-06;-53.38;3.69;88.93;11.44;88.20;1.766E-05;1.571E-05;1.955E-06;-47.529;-48.038;-57.089;0.36;172.29;
2026-01-27 15:46:14.72;0.00:00:26:749;-0.30;-0.95;0.09;1.784E-05;-4.76E-06;-1.495E-05;1.339E-06;-53.83;2.44;88.28;7.51;87.96;1.784E-05;1.575E-05;2.092E-06;-47.486;-48.028;-56.795;0.35;174.88;
2026-01-27 15:46:14.77;0.00:00:26:795;-0.56;-0.78;0.29;2.124E-05;-8.349E-06;-1.173E-05;4.313E-06;-62.73;8.34;70.76;20.31;67.79;2.124E-05;1.503E-05;6.209E-06;-46.729;-48.231;-52.070;0.22;159.81;
2026-01-27 15:46:14.82;0.00:00:26:845;-0.26;-0.95;0.18;1.825E-05;-5.392E-06;-1.954E-05;3.813E-06;-52.71;5.33;113.05;20.90;111.10;1.825E-05;2.063E-05;-2.381E-06;-47.388;-46.856;-99.990;0.37;168.96;
2026-01-27 15:46:14.88;0.00:00:26:904;-0.47;-0.88;0.11;2.207E-05;-9.093E-06;-1.693E-05;2.059E-06;-59.12;3.06;87.58;9.33;87.08;2.207E-05;1.932E-05;2.741E-06;-46.563;-47.139;-55.620;0.26;173.07;
2026-01-27 15:46:14.92;0.00:00:26:951;-0.24;-0.96;0.14;1.738E-05;-3.752E-06;-1.497E-05;2.209E-06;-52.04;4.07;89.70;12.71;88.79;1.738E-05;1.559E-05;1.79E-06;-47.600;-48.072;-57.471;0.38;171.60;
2026-01-27 15:46:14.97;0.00:00:26:998;-0.51;-0.86;0.09;2.179E-05;-9.25E-06;-1.567E-05;1.649E-06;-60.28;2.59;83.83;7.57;83.49;2.179E-05;1.827E-05;3.524E-06;-46.617;-47.383;-54.530;0.25;173.99;
2026-01-27 15:46:15.02;0.00:00:27:045;-0.26;-0.96;0.07;1.807E-05;-4.623E-06;-1.7E-05;1.197E-06;-52.61;1.94;97.74;6.63;97.51;1.807E-05;1.766E-05;4.089E-07;-47.432;-47.531;-63.883;0.37;175.97;
2026-01-27 15:46:15.06;0.00:00:27:090;-0.41;-0.89;0.19;2.101E-05;-8.083E-06;-1.759E-05;3.713E-06;-57.34;5.43;93.80;17.67;92.12;2.101E-05;1.971E-05;1.303E-06;-46.775;-47.053;-58.849;0.29;168.08;
2026-01-27 15:46:15.11;0.00:00:27:137;-0.19;-0.97;0.12;1.595E-05;-3.158E-06;-1.598E-05;2.025E-06;-50.59;3.54;102.89;12.70;102.11;1.595E-05;1.641E-05;-4.614E-07;-47.972;-47.849;-99.990;0.40;172.78;
2026-01-27 15:46:15.16;0.00:00:27:185;-0.39;-0.91;0.13;2.026E-05;-7.145E-06;-1.674E-05;2.325E-06;-56.56;3.64;90.58;11.48;89.85;2.026E-05;1.835E-05;1.907E-06;-46.934;-47.364;-57.196;0.31;172.09;
2026-01-27 15:46:15.22;0.00:00:27:246;-0.36;-0.93;-0.08;1.834E-05;-3.965E-06;-1.018E-05;-9.098E-07;-55.64;-2.38;59.76;4.96;59.55;1.834E-05;1.096E-05;7.382E-06;-47.365;-49.602;-51.318;0.32;-174.89;
2026-01-27 15:46:15.26;0.00:00:27:292;-0.22;-0.97;0.13;1.875E-05;-4.797E-06;-2.122E-05;2.827E-06;-51.37;3.70;116.98;15.08;116.01;1.875E-05;2.193E-05;-3.185E-06;-47.270;-46.589;-99.990;0.39;172.41;
2026-01-27 15:46:15.31;0.00:00:27:338;-0.39;-0.92;0.08;1.876E-05;-6.199E-06;-1.478E-05;1.34E-06;-56.38;2.39;85.75;7.14;85.45;1.876E-05;1.608E-05;2.674E-06;-47.268;-47.936;-55.729;0.31;174.82;
2026-01-27 15:46:15.36;0.00:00:27:388;-0.37;-0.92;0.15;2.049E-05;-7.046E-06;-1.766E-05;2.944E-06;-55.88;4.40;93.89;14.37;92.79;2.049E-05;1.924E-05;1.252E-06;-46.884;-47.158;-59.025;0.32;170.54;
2026-01-27 15:46:15.41;0.00:00:27:434;-0.36;-0.92;0.18;1.758E-05;-4.752E-06;-1.22E-05;2.455E-06;-55.64;5.31;75.74;13.96;74.44;1.758E-05;1.332E-05;4.265E-06;-47.549;-48.755;-53.700;0.32;168.62;
2026-01-27 15:46:15.45;0.00:00:27:480;-0.31;-0.95;0.00;2.09E-05;-6.378E-06;-1.924E-05;9.184E-08;-54.17;0.13;97.00;0.44;97.00;2.09E-05;2.027E-05;6.272E-07;-46.799;-46.931;-62.026;0.34;179.73;
2026-01-27 15:46:15.50;0.00:00:27:530;-0.47;-0.87;0.16;2.139E-05;-7.836E-06;-1.448E-05;2.699E-06;-59.21;4.66;77.98;12.62;76.96;2.139E-05;1.668E-05;4.71E-06;-46.698;-47.777;-53.270;0.27;169.44;
2026-01-27 15:46:15.57;0.00:00:27:593;-0.21;-0.91;0.36;1.507E-05;-2.892E-06;-1.233E-05;4.855E-06;-51.60;10.49;90.01;32.22;84.04;1.507E-05;1.356E-05;1.506E-06;-48.219;-48.676;-58.222;0.39;158.51;
2026-01-27 15:46:15.61;0.00:00:27:640;-0.43;-0.89;0.17;2.144E-05;-8.36E-06;-1.717E-05;3.21E-06;-57.98;4.77;90.33;14.97;89.08;2.144E-05;1.937E-05;2.074E-06;-46.687;-47.129;-56.832;0.28;169.41;
2026-01-27 15:46:15.66;0.00:00:27:687;-0.31;-0.94;0.14;1.962E-05;-6.44E-06;-1.937E-05;2.873E-06;-54.20;4.01;105.09;14.65;104.06;1.962E-05;2.061E-05;-9.983E-07;-47.074;-46.858;-99.990;0.34;171.56;
2026-01-27 15:46:15.71;0.00:00:27:733;-0.39;-0.91;0.14;1.806E-05;-5.965E-06;-1.397E-05;2.1E-06;-56.56;3.93;84.92;11.63;84.12;1.806E-05;1.534E-05;2.725E-06;-47.432;-48.143;-55.647;0.31;171.45;
2026-01-27 15:46:15.75;0.00:00:27:780;-0.26;-0.96;0.06;1.854E-05;-4.965E-06;-1.849E-05;1.174E-06;-52.51;1.75;103.46;6.33;103.27;1.854E-05;1.918E-05;-6.416E-07;-47.319;-47.171;-99.990;0.37;176.37;
2026-01-27 15:46:15.80;0.00:00:27:829;-0.39;-0.88;0.26;2.067E-05;-7.569E-06;-1.739E-05;5.173E-06;-56.76;7.63;95.11;25.03;91.76;2.067E-05;1.966E-05;1.01E-06;-46.848;-47.065;-59.957;0.31;163.43;
2026-01-27 15:46:15.85;0.00:00:27:875;-0.37;-0.92;0.14;1.956E-05;-6.046E-06;-1.482E-05;2.199E-06;-56.10;3.91;82.59;11.24;81.82;1.956E-05;1.616E-05;3.406E-06;-47.085;-47.916;-54.677;0.31;171.56;
2026-01-27 15:46:15.89;0.00:00:27:920;-0.33;-0.90;0.28;1.879E-05;-5.393E-06;-1.448E-05;4.576E-06;-55.21;8.25;85.76;24.35;82.23;1.879E-05;1.612E-05;2.676E-06;-47.260;-47.927;-55.725;0.33;162.46;
2026-01-27 15:46:15.94;0.00:00:27:967;-0.24;-0.96;0.11;1.653E-05;-3.653E-06;-1.465E-05;1.597E-06;-52.00;3.02;91.85;9.66;91.34;1.653E-05;1.518E-05;1.347E-06;-47.818;-48.187;-58.706;0.38;173.78;
2026-01-27 15:46:15.99;0.00:00:28:014;-0.49;-0.86;0.13;2.183E-05;-9.843E-06;-1.747E-05;2.673E-06;-59.70;3.80;92.67;12.24;91.86;2.183E-05;2.023E-05;1.601E-06;-46.609;-46.939;-57.956;0.26;171.30;
2026-01-27 15:46:16.05;0.00:00:28:078;-0.46;-0.85;0.25;2.009E-05;-7.292E-06;-1.342E-05;3.926E-06;-59.26;7.21;78.49;19.54;76.02;2.009E-05;1.577E-05;4.322E-06;-46.970;-48.022;-53.643;0.27;163.69;
2026-01-27 15:46:16.11;0.00:00:28:137;-0.22;-0.97;0.09;1.643E-05;-3.694E-06;-1.639E-05;1.589E-06;-51.35;2.70;102.76;9.68;102.31;1.643E-05;1.688E-05;-4.537E-07;-47.845;-47.726;-99.990;0.39;174.46;
2026-01-27 15:46:16.16;0.00:00:28:186;-0.43;-0.90;0.09;1.998E-05;-6.88E-06;-1.427E-05;1.382E-06;-57.87;2.49;79.62;6.92;79.32;1.998E-05;1.591E-05;4.071E-06;-46.995;-47.985;-53.903;0.28;174.47;
2026-01-27 15:46:16.21;0.00:00:28:233;-0.38;-0.91;0.17;2.103E-05;-7.8E-06;-1.843E-05;3.538E-06;-56.47;5.01;96.67;16.83;95.19;2.103E-05;2.032E-05;7.008E-07;-46.773;-46.920;-61.544;0.31;169.13;
2026-01-27 15:46:16.27;0.00:00:28:293;-0.32;-0.94;0.15;1.834E-05;-5.409E-06;-1.574E-05;2.46E-06;-54.48;4.20;91.70;13.41;90.71;1.834E-05;1.682E-05;1.523E-06;-47.365;-47.741;-58.174;0.34;171.12;
2026-01-27 15:46:16.31;0.00:00:28:340;-0.38;-0.91;0.15;1.816E-05;-5.604E-06;-1.327E-05;2.213E-06;-56.45;4.37;80.26;12.19;79.33;1.816E-05;1.457E-05;3.583E-06;-47.410;-48.365;-54.457;0.31;170.53;
2026-01-27 15:46:16.36;0.00:00:28:387;-0.46;-0.88;0.11;2.05E-05;-7.476E-06;-1.449E-05;1.756E-06;-58.64;3.07;80.01;8.57;79.55;2.05E-05;1.64E-05;4.097E-06;-46.882;-47.851;-53.875;0.27;173.09;
2026-01-27 15:46:16.41;0.00:00:28:436;-0.29;-0.95;0.12;1.878E-05;-5.503E-06;-1.832E-05;2.222E-06;-53.36;3.31;102.54;11.83;101.86;1.878E-05;1.926E-05;-4.779E-07;-47.263;-47.153;-99.990;0.36;173.09;
2026-01-27 15:46:16.45;0.00:00:28:482;-0.31;-0.94;0.13;1.81E-05;-5.764E-06;-1.731E-05;2.434E-06;-54.21;3.80;101.68;13.45;100.79;1.81E-05;1.84E-05;-3.047E-07;-47.424;-47.351;-99.990;0.34;171.99;
2026-01-27 15:46:16.50;0.00:00:28:530;-0.30;-0.94;0.14;1.834E-05;-5.222E-06;-1.672E-05;2.497E-06;-53.67;4.06;96.47;13.61;95.51;1.834E-05;1.769E-05;6.47E-07;-47.366;-47.522;-61.891;0.35;171.51;
2026-01-27 15:46:16.55;0.00:00:28:576;-0.40;-0.91;0.10;2.073E-05;-7.481E-06;-1.708E-05;1.955E-06;-56.83;2.99;90.45;9.43;89.95;2.073E-05;1.875E-05;1.981E-06;-46.834;-47.270;-57.032;0.30;173.47;
2026-01-27 15:46:16.60;0.00:00:28:631;-0.48;-0.86;0.19;1.98E-05;-7.579E-06;-1.34E-05;2.919E-06;-59.75;5.37;79.10;14.74;77.72;1.98E-05;1.567E-05;4.139E-06;-47.032;-48.051;-53.831;0.26;167.71;
2026-01-27 15:46:16.66;0.00:00:28:685;-0.34;-0.93;0.10;1.967E-05;-6.525E-06;-1.783E-05;1.939E-06;-55.05;2.92;97.01;9.86;96.51;1.967E-05;1.909E-05;5.875E-07;-47.061;-47.193;-62.310;0.33;173.79;
2026-01-27 15:46:16.70;0.00:00:28:730;-0.41;-0.91;0.06;1.884E-05;-5.855E-06;-1.31E-05;8.272E-07;-57.04;1.65;76.30;4.39;76.17;1.884E-05;1.438E-05;4.466E-06;-47.248;-48.423;-53.501;0.30;176.39;
2026-01-27 15:46:16.75;0.00:00:28:778;-0.31;-0.93;0.21;1.926E-05;-6.488E-06;-1.927E-05;4.467E-06;-54.30;6.19;108.12;23.20;105.61;1.926E-05;2.082E-05;-1.565E-06;-47.154;-46.815;-99.990;0.34;166.95;
2026-01-27 15:46:16.80;0.00:00:28:823;-0.39;-0.88;0.28;1.777E-05;-4.55E-06;-1.039E-05;3.317E-06;-56.83;8.15;66.47;18.66;63.80;1.777E-05;1.181E-05;5.959E-06;-47.502;-49.276;-52.248;0.31;162.29;
2026-01-27 15:46:16.85;0.00:00:28:874;-0.32;-0.94;0.15;1.916E-05;-5.835E-06;-1.701E-05;2.671E-06;-54.47;4.23;94.90;13.95;93.87;1.916E-05;1.818E-05;9.773E-07;-47.177;-47.404;-60.100;0.34;171.07;
2026-01-27 15:46:16.91;0.00:00:28:934;-0.43;-0.90;0.09;1.916E-05;-6.604E-06;-1.393E-05;1.336E-06;-57.68;2.48;80.74;6.97;80.44;1.916E-05;1.547E-05;3.691E-06;-47.175;-48.104;-54.329;0.29;174.52;
2026-01-27 15:46:16.95;0.00:00:28:979;-0.28;-0.96;0.04;1.808E-05;-5.053E-06;-1.7E-05;7.661E-07;-53.27;1.24;98.19;4.24;98.10;1.808E-05;1.776E-05;3.279E-07;-47.427;-47.507;-64.842;0.36;177.42;
2026-01-27 15:46:17.00;0.00:00:29:026;-0.41;-0.91;0.03;2.034E-05;-7.328E-06;-1.607E-05;5.343E-07;-57.26;0.87;86.84;2.63;86.81;2.034E-05;1.767E-05;2.676E-06;-46.916;-47.529;-55.725;0.29;178.10;
2026-01-27 15:46:17.06;0.00:00:29:090;-0.38;-0.92;0.10;1.841E-05;-5.758E-06;-1.396E-05;1.462E-06;-56.21;2.77;82.39;7.94;82.01;1.841E-05;1.517E-05;3.242E-06;-47.350;-48.191;-54.892;0.31;174.02;
2026-01-27 15:46:17.11;0.00:00:29:136;-0.36;-0.93;0.08;1.977E-05;-6.668E-06;-1.742E-05;1.515E-06;-55.47;2.32;94.65;7.66;94.34;1.977E-05;1.871E-05;1.058E-06;-47.040;-47.279;-59.754;0.32;175.03;
2026-01-27 15:46:17.16;0.00:00:29:184;-0.41;-0.89;0.20;1.894E-05;-6.206E-06;-1.353E-05;3.015E-06;-57.32;5.73;80.15;15.91;78.56;1.894E-05;1.518E-05;3.759E-06;-47.225;-48.186;-54.249;0.30;167.43;
2026-01-27 15:46:17.20;0.00:00:29:229;-0.32;-0.95;0.04;1.977E-05;-6.028E-06;-1.806E-05;6.778E-07;-54.23;1.02;96.33;3.43;96.27;1.977E-05;1.905E-05;7.256E-07;-47.039;-47.202;-61.393;0.34;177.85;
2026-01-27 15:46:17.25;0.00:00:29:278;-0.34;-0.92;0.20;1.854E-05;-5.724E-06;-1.57E-05;3.338E-06;-55.01;5.65;91.92;18.00;90.14;1.854E-05;1.704E-05;1.499E-06;-47.318;-47.684;-58.242;0.33;168.00;
2026-01-27 15:46:17.30;0.00:00:29:323;-0.29;-0.96;-0.03;1.937E-05;-5.668E-06;-1.865E-05;-6.095E-07;-53.45;-0.90;100.67;3.15;100.62;1.937E-05;1.95E-05;-1.29E-07;-47.128;-47.099;-99.990;0.35;-178.13;
2026-01-27 15:46:17.34;0.00:00:29:369;-0.29;-0.94;0.15;1.762E-05;-5.175E-06;-1.668E-05;2.727E-06;-53.62;4.44;100.28;15.47;99.08;1.762E-05;1.767E-05;-4.922E-08;-47.539;-47.527;-99.990;0.35;170.71;
2026-01-27 15:46:17.39;0.00:00:29:416;-0.37;-0.93;0.02;1.975E-05;-6.617E-06;-1.639E-05;3.119E-07;-55.99;0.51;89.53;1.58;89.52;1.975E-05;1.768E-05;2.067E-06;-47.045;-47.525;-56.847;0.31;178.91;
2026-01-27 15:46:17.44;0.00:00:29:464;-0.36;-0.92;0.17;1.785E-05;-5.363E-06;-1.363E-05;2.477E-06;-55.74;4.80;83.22;13.87;82.06;1.785E-05;1.486E-05;2.996E-06;-47.483;-48.280;-55.234;0.32;169.70;
2026-01-27 15:46:17.49;0.00:00:29:516;-0.51;-0.82;0.28;2.296E-05;-9.7E-06;-1.567E-05;5.304E-06;-60.88;8.03;83.53;23.11;80.27;2.296E-05;1.917E-05;3.78E-06;-46.391;-47.173;-54.225;0.25;161.30;
2026-01-27 15:46:17.55;0.00:00:29:574;-0.51;-0.85;0.11;2.119E-05;-8.717E-06;-1.46E-05;1.835E-06;-60.42;3.08;80.73;8.66;80.26;2.119E-05;1.71E-05;4.083E-06;-46.739;-47.669;-53.890;0.25;172.83;
2026-01-27 15:46:17.59;0.00:00:29:621;-0.15;-0.98;0.16;1.531E-05;-2.596E-06;-1.74E-05;2.882E-06;-49.24;4.65;116.43;18.82;114.90;1.531E-05;1.783E-05;-2.516E-06;-48.150;-47.489;-99.990;0.43;170.59;
2026-01-27 15:46:17.65;0.00:00:29:674;-0.43;-0.88;0.18;2.069E-05;-7.619E-06;-1.55E-05;3.162E-06;-58.09;5.19;84.90;15.29;83.51;2.069E-05;1.756E-05;3.124E-06;-46.843;-47.554;-55.053;0.28;168.47;
2026-01-27 15:46:17.70;0.00:00:29:729;-0.23;-0.97;0.04;1.595E-05;-3.458E-06;-1.49E-05;6.766E-07;-51.54;1.27;95.96;4.24;95.87;1.595E-05;1.531E-05;6.443E-07;-47.972;-48.151;-61.909;0.39;177.40;
2026-01-27 15:46:17.75;0.00:00:29:778;-0.49;-0.85;0.16;2.215E-05;-8.727E-06;-1.512E-05;2.909E-06;-59.99;4.73;79.91;13.13;78.82;2.215E-05;1.77E-05;4.451E-06;-46.546;-47.520;-53.515;0.25;169.11;
2026-01-27 15:46:17.80;0.00:00:29:825;-0.39;-0.91;0.17;2.003E-05;-7.325E-06;-1.723E-05;3.209E-06;-56.52;4.86;94.80;16.02;93.44;2.003E-05;1.899E-05;1.041E-06;-46.983;-47.214;-59.825;0.31;169.45;
2026-01-27 15:46:17.84;0.00:00:29:871;-0.36;-0.90;0.23;1.996E-05;-6.066E-06;-1.513E-05;3.785E-06;-55.93;6.54;83.84;18.97;81.67;1.996E-05;1.673E-05;3.225E-06;-46.999;-47.765;-54.915;0.32;165.95;
2026-01-27 15:46:17.89;0.00:00:29:921;-0.30;-0.94;0.14;1.767E-05;-5.082E-06;-1.603E-05;2.383E-06;-53.80;4.03;96.08;13.48;95.13;1.767E-05;1.698E-05;6.935E-07;-47.527;-47.701;-61.589;0.35;171.54;
2026-01-27 15:46:17.94;0.00:00:29:966;-0.33;-0.94;0.12;2.024E-05;-7.035E-06;-1.987E-05;2.518E-06;-54.75;3.41;104.92;12.44;104.18;2.024E-05;2.123E-05;-9.962E-07;-46.939;-46.730;-99.990;0.33;172.78;
2026-01-27 15:46:17.99;0.00:00:30:013;-0.25;-0.95;0.19;1.679E-05;-3.805E-06;-1.435E-05;2.796E-06;-52.42;5.33;89.98;16.65;88.43;1.679E-05;1.511E-05;1.682E-06;-47.749;-48.208;-57.742;0.37;168.98;
