Device : ;PAX1000IR1
Serial Number : ;M00974113
Firmware Version : ;1.0.13
Software Version : ;1.4.2002.183
Wavelength [nm] : ;780
Basic Sample Rate [Hz] : ;60
Operating Mode : ;1 revolution for one measurement, 1024 points for FFT

Time[date hh:mm:ss] ; Elapsed Time [hh:mm:ss:ms]; Normalized s 1 ; Normalized s 2 ; Normalized s 3 ; S 0 [mW]; S 1 [mW]; S 2 [mW]; S 3 [mW]; Azimuth[°] ; Ellipticity[°] ; DOP[%] ; DOCP[%] ; DOLP[%] ; Power[mW] ; Pol Power[mW] ; Unpol Power[mW] ; Power[dBm] ; Pol Power[dBm] ; Unpol Power[dBm] ; Power-Split-Ratio ; Phase Difference[°] ; Warning
2025-11-24 18:29:27.86;0.00:00:00:089;1.00;-0.01;0.00;0.07753;0.07723;-0.0005051;2.817E-05;-0.19;0.01;99.62;0.04;99.62;0.07753;0.07723;0.000297;-11.106;-11.122;-35.273;1.00;176.81;
2025-11-24 18:29:27.90;0.00:00:00:135;1.00;-0.01;0.00;0.07738;0.077;-0.0005139;4.615E-06;-0.19;0.00;99.51;0.01;99.51;0.07738;0.077;0.0003804;-11.114;-11.135;-34.198;1.00;179.49;
2025-11-24 18:29:27.95;0.00:00:00:186;1.00;-0.01;0.00;0.07751;0.07712;-0.0004497;3.005E-05;-0.17;0.01;99.50;0.04;99.50;0.07751;0.07712;0.0003887;-11.106;-11.128;-34.104;1.00;176.18;
2025-11-24 18:29:28.00;0.00:00:00:237;1.00;-0.01;0.00;0.0774;0.07703;-0.0005229;6.647E-06;-0.19;0.00;99.53;0.01;99.53;0.0774;0.07703;0.0003623;-11.113;-11.133;-34.410;1.00;179.27;
2025-11-24 18:29:28.05;0.00:00:00:283;1.00;-0.01;0.00;0.07725;0.07698;-0.0005298;3.658E-05;-0.20;0.01;99.66;0.05;99.66;0.07725;0.07698;0.0002646;-11.121;-11.136;-35.774;1.00;176.05;
2025-11-24 18:29:28.11;0.00:00:00:341;1.00;-0.01;0.00;0.07703;0.07674;-0.0005849;5.779E-05;-0.22;0.02;99.62;0.08;99.62;0.07703;0.07674;0.0002954;-11.133;-11.150;-35.296;1.00;174.36;
2025-11-24 18:29:28.16;0.00:00:00:391;1.00;-0.01;0.00;0.07667;0.07639;-0.0004859;2.173E-05;-0.18;0.01;99.63;0.03;99.63;0.07667;0.07639;0.0002824;-11.154;-11.170;-35.491;1.00;177.44;
2025-11-24 18:29:28.21;0.00:00:00:442;1.00;-0.01;0.00;0.07703;0.07668;-0.0004205;1.553E-05;-0.16;0.01;99.55;0.02;99.55;0.07703;0.07668;0.0003483;-11.133;-11.153;-34.580;1.00;177.88;
2025-11-24 18:29:28.26;0.00:00:00:493;1.00;-0.01;0.00;0.07728;0.07693;-0.0004909;3.036E-05;-0.18;0.01;99.55;0.04;99.55;0.07728;0.07693;0.0003478;-11.119;-11.139;-34.586;1.00;176.46;
2025-11-24 18:29:28.31;0.00:00:00:544;1.00;-0.01;0.00;0.07744;0.07706;-0.0004984;2.235E-05;-0.19;0.01;99.51;0.03;99.51;0.07744;0.07706;0.0003761;-11.111;-11.132;-34.247;1.00;177.43;
2025-11-24 18:29:28.36;0.00:00:00:596;1.00;-0.01;0.00;0.07722;0.07693;-0.0004638;1.333E-05;-0.17;0.00;99.62;0.02;99.62;0.07722;0.07693;0.0002903;-11.123;-11.139;-35.372;1.00;178.35;
2025-11-24 18:29:28.42;0.00:00:00:651;1.00;-0.01;0.00;0.07744;0.07706;-0.0004839;1.102E-05;-0.18;0.00;99.52;0.01;99.52;0.07744;0.07706;0.0003749;-11.111;-11.132;-34.260;1.00;178.70;
2025-11-24 18:29:28.47;0.00:00:00:707;1.00;-0.01;0.00;0.07753;0.07712;-0.0005195;2.587E-05;-0.19;0.01;99.47;0.03;99.47;0.07753;0.07712;0.0004076;-11.105;-11.128;-33.898;1.00;177.15;
2025-11-24 18:29:28.53;0.00:00:00:758;1.00;-0.01;0.00;0.07759;0.07724;-0.0005086;2.187E-05;-0.19;0.01;99.55;0.03;99.55;0.07759;0.07724;0.0003453;-11.102;-11.121;-34.618;1.00;177.54;
2025-11-24 18:29:28.58;0.00:00:00:809;1.00;-0.01;0.00;0.07748;0.07718;-0.0005455;9.268E-06;-0.20;0.00;99.60;0.01;99.60;0.07748;0.07718;0.0003062;-11.108;-11.125;-35.141;1.00;179.03;
2025-11-24 18:29:28.62;0.00:00:00:856;1.00;-0.01;0.00;0.07733;0.07701;-0.000533;5.757E-06;-0.20;0.00;99.60;0.01;99.60;0.07733;0.07702;0.0003122;-11.117;-11.134;-35.056;1.00;179.38;
2025-11-24 18:29:28.67;0.00:00:00:904;1.00;-0.01;0.00;0.07733;0.077;-0.0004765;5.964E-06;-0.18;0.00;99.57;0.01;99.57;0.07733;0.077;0.0003298;-11.116;-11.135;-34.818;1.00;179.28;
2025-11-24 18:29:28.72;0.00:00:00:950;1.00;-0.01;0.00;0.07741;0.07701;-0.0004718;-1.144E-05;-0.18;0.00;99.49;0.01;99.49;0.07741;0.07701;0.0003931;-11.112;-11.134;-34.056;1.00;-178.61;
2025-11-24 18:29:28.76;0.00:00:00:997;1.00;-0.01;0.00;0.07754;0.07721;-0.0005088;-3.602E-06;-0.19;0.00;99.57;0.00;99.57;0.07754;0.07721;0.0003316;-11.105;-11.123;-34.794;1.00;-179.59;
2025-11-24 18:29:28.81;0.00:00:01:044;1.00;-0.01;0.00;0.07767;0.07732;-0.0004643;1.394E-05;-0.17;0.01;99.55;0.02;99.55;0.07767;0.07732;0.000349;-11.098;-11.117;-34.572;1.00;178.28;
2025-11-24 18:29:28.86;0.00:00:01:091;1.00;-0.01;0.00;0.07771;0.07736;-0.0005279;1.703E-05;-0.20;0.01;99.56;0.02;99.56;0.07771;0.07736;0.0003447;-11.095;-11.115;-34.625;1.00;178.15;
2025-11-24 18:29:28.91;0.00:00:01:138;1.00;-0.01;0.00;0.07754;0.07719;-0.0004774;-1.541E-06;-0.18;0.00;99.56;0.00;99.56;0.07754;0.07719;0.0003441;-11.105;-11.124;-34.633;1.00;-179.82;
2025-11-24 18:29:28.95;0.00:00:01:186;1.00;-0.01;0.00;0.07772;0.07737;-0.0004787;3.023E-05;-0.18;0.01;99.56;0.04;99.56;0.07772;0.07738;0.0003405;-11.095;-11.114;-34.679;1.00;176.39;
2025-11-24 18:29:29.01;0.00:00:01:248;1.00;-0.01;0.00;0.0777;0.07736;-0.0005787;4.232E-05;-0.21;0.02;99.57;0.05;99.57;0.0777;0.07736;0.0003359;-11.096;-11.115;-34.738;1.00;175.82;
2025-11-24 18:29:29.06;0.00:00:01:294;1.00;-0.01;0.00;0.07747;0.07716;-0.0006075;2.88E-06;-0.23;0.00;99.61;0.00;99.61;0.07747;0.07717;0.0003025;-11.109;-11.126;-35.192;1.00;179.73;
2025-11-24 18:29:29.11;0.00:00:01:342;1.00;-0.01;0.00;0.07679;0.0765;-0.0005273;-7.052E-06;-0.20;0.00;99.62;0.01;99.62;0.07679;0.0765;0.0002898;-11.147;-11.163;-35.379;1.00;-179.23;
2025-11-24 18:29:29.16;0.00:00:01:391;1.00;-0.01;0.00;0.07708;0.07671;-0.0004433;2.243E-06;-0.17;0.00;99.52;0.00;99.52;0.07708;0.07671;0.0003728;-11.131;-11.152;-34.286;1.00;179.71;
2025-11-24 18:29:29.22;0.00:00:01:451;1.00;-0.01;0.00;0.07757;0.07711;-0.0004546;6.635E-06;-0.17;0.00;99.41;0.01;99.41;0.07757;0.07711;0.0004603;-11.103;-11.129;-33.369;1.00;179.16;
2025-11-24 18:29:29.27;0.00:00:01:499;1.00;-0.01;0.00;0.07767;0.07731;-0.0005187;2.695E-05;-0.19;0.01;99.54;0.03;99.54;0.07767;0.07731;0.0003546;-11.098;-11.117;-34.502;1.00;177.03;
2025-11-24 18:29:29.31;0.00:00:01:546;1.00;-0.01;0.00;0.07736;0.07709;-0.0006039;3.339E-05;-0.22;0.01;99.66;0.04;99.66;0.07736;0.0771;0.0002637;-11.115;-11.130;-35.790;1.00;176.84;
2025-11-24 18:29:29.36;0.00:00:01:595;1.00;-0.01;0.00;0.07703;0.0767;-0.0005654;2.06E-05;-0.21;0.01;99.58;0.03;99.58;0.07703;0.07671;0.0003204;-11.134;-11.152;-34.942;1.00;177.91;
2025-11-24 18:29:29.41;0.00:00:01:641;1.00;-0.01;0.00;0.07715;0.07679;-0.0005247;2.595E-05;-0.20;0.01;99.53;0.03;99.53;0.07715;0.07679;0.0003631;-11.127;-11.147;-34.400;1.00;177.17;
2025-11-24 18:29:29.46;0.00:00:01:690;1.00;-0.01;0.00;0.07699;0.07672;-0.0005375;2.825E-05;-0.20;0.01;99.65;0.04;99.65;0.07699;0.07672;0.0002661;-11.136;-11.151;-35.750;1.00;176.99;
2025-11-24 18:29:29.52;0.00:00:01:750;1.00;-0.01;0.00;0.07721;0.07687;-0.0005472;-5.776E-07;-0.20;0.00;99.56;0.00;99.56;0.07721;0.07687;0.0003401;-11.123;-11.143;-34.684;1.00;-179.94;
2025-11-24 18:29:29.56;0.00:00:01:796;1.00;-0.01;0.00;0.07726;0.07692;-0.0004859;4.419E-05;-0.18;0.02;99.56;0.06;99.56;0.07726;0.07692;0.0003389;-11.120;-11.140;-34.700;1.00;174.80;
2025-11-24 18:29:29.61;0.00:00:01:843;1.00;-0.01;0.00;0.07686;0.07659;-0.0004909;-9.052E-06;-0.18;0.00;99.65;0.01;99.65;0.07686;0.0766;0.0002694;-11.143;-11.158;-35.696;1.00;-178.94;
2025-11-24 18:29:29.66;0.00:00:01:890;1.00;-0.01;0.00;0.0772;0.07687;-0.0004398;2.537E-05;-0.16;0.01;99.58;0.03;99.58;0.0772;0.07687;0.0003251;-11.124;-11.142;-34.880;1.00;176.70;
2025-11-24 18:29:29.70;0.00:00:01:937;1.00;-0.01;0.00;0.07736;0.07705;-0.0005303;3.491E-05;-0.20;0.01;99.60;0.05;99.60;0.07736;0.07705;0.0003128;-11.115;-11.132;-35.048;1.00;176.23;
2025-11-24 18:29:29.75;0.00:00:01:985;1.00;-0.01;0.00;0.07709;0.07677;-0.0006133;1.088E-05;-0.23;0.00;99.60;0.01;99.60;0.07709;0.07678;0.0003093;-11.130;-11.148;-35.096;1.00;178.98;
2025-11-24 18:29:29.80;0.00:00:02:031;1.00;-0.01;0.00;0.07698;0.07665;-0.0005037;-6.367E-06;-0.19;0.00;99.57;0.01;99.57;0.07698;0.07665;0.0003301;-11.136;-11.155;-34.814;1.00;-179.28;
2025-11-24 18:29:29.84;0.00:00:02:077;1.00;-0.01;0.00;0.07711;0.07677;-0.0005838;3.357E-05;-0.22;0.01;99.57;0.04;99.57;0.07711;0.07678;0.0003343;-11.129;-11.148;-34.759;1.00;176.71;
2025-11-24 18:29:29.89;0.00:00:02:123;1.00;-0.01;0.00;0.07669;0.07641;-0.0005861;1.284E-05;-0.22;0.00;99.63;0.02;99.63;0.07669;0.07641;0.0002827;-11.152;-11.168;-35.487;1.00;178.74;
2025-11-24 18:29:29.94;0.00:00:02:169;1.00;-0.01;0.00;0.07664;0.0763;-0.0004328;1.197E-05;-0.16;0.00;99.56;0.02;99.56;0.07664;0.0763;0.0003367;-11.155;-11.175;-34.728;1.00;178.42;
2025-11-24 18:29:29.98;0.00:00:02:216;1.00;-0.01;0.00;0.07704;0.07675;-0.0005921;2.301E-05;-0.22;0.01;99.62;0.03;99.62;0.07704;0.07675;0.0002935;-11.133;-11.149;-35.323;1.00;177.77;
2025-11-24 18:29:30.03;0.00:00:02:262;1.00;-0.01;0.00;0.07689;0.07658;-0.0004686;2.442E-06;-0.18;0.00;99.60;0.00;99.60;0.07689;0.07658;0.0003074;-11.141;-11.159;-35.123;1.00;179.70;
2025-11-24 18:29:30.08;0.00:00:02:309;1.00;-0.01;0.00;0.07733;0.07698;-0.0005192;3.089E-05;-0.19;0.01;99.55;0.04;99.55;0.07733;0.07698;0.0003482;-11.117;-11.136;-34.582;1.00;176.59;
2025-11-24 18:29:30.12;0.00:00:02:355;1.00;-0.01;0.00;0.07724;0.07689;-0.0005402;2.341E-05;-0.20;0.01;99.55;0.03;99.55;0.07724;0.07689;0.0003446;-11.122;-11.141;-34.626;1.00;177.52;
2025-11-24 18:29:30.17;0.00:00:02:403;1.00;-0.01;0.00;0.07732;0.07692;-0.000528;5.153E-07;-0.20;0.00;99.48;0.00;99.48;0.07732;0.07692;0.0003995;-11.117;-11.140;-33.985;1.00;179.94;
2025-11-24 18:29:30.22;0.00:00:02:450;1.00;-0.01;0.00;0.07714;0.07684;-0.000473;4.586E-05;-0.18;0.02;99.61;0.06;99.61;0.07714;0.07684;0.0003039;-11.127;-11.144;-35.172;1.00;174.46;
2025-11-24 18:29:30.26;0.00:00:02:497;1.00;-0.01;0.00;0.07725;0.07689;-0.000475;2.26E-05;-0.18;0.01;99.53;0.03;99.53;0.07725;0.07689;0.0003599;-11.121;-11.141;-34.439;1.00;177.28;
2025-11-24 18:29:30.31;0.00:00:02:544;1.00;-0.01;0.00;0.07715;0.07681;-0.0005411;2.646E-05;-0.20;0.01;99.56;0.03;99.56;0.07715;0.07681;0.0003378;-11.127;-11.146;-34.714;1.00;177.20;
2025-11-24 18:29:30.37;0.00:00:02:607;1.00;-0.01;0.00;0.07678;0.07652;-0.0005234;2.671E-05;-0.20;0.01;99.67;0.03;99.67;0.07678;0.07653;0.00025;-11.148;-11.162;-36.020;1.00;177.08;
2025-11-24 18:29:30.42;0.00:00:02:654;1.00;-0.01;0.00;0.07693;0.07655;-0.0004521;5.949E-06;-0.17;0.00;99.50;0.01;99.50;0.07693;0.07655;0.0003821;-11.139;-11.161;-34.179;1.00;179.25;
2025-11-24 18:29:30.47;0.00:00:02:701;1.00;-0.01;0.00;0.0771;0.07674;-0.0004848;2.311E-05;-0.18;0.01;99.53;0.03;99.53;0.0771;0.07674;0.0003636;-11.129;-11.150;-34.393;1.00;177.27;
2025-11-24 18:29:30.52;0.00:00:02:748;1.00;-0.01;0.00;0.07676;0.07648;-0.0006081;3.383E-05;-0.23;0.01;99.64;0.04;99.64;0.07676;0.07648;0.000279;-11.149;-11.165;-35.544;1.00;176.82;
2025-11-24 18:29:30.56;0.00:00:02:795;1.00;-0.01;0.00;0.07638;0.07607;-0.0005378;1.715E-05;-0.20;0.01;99.59;0.02;99.59;0.07638;0.07607;0.0003097;-11.170;-11.188;-35.090;1.00;178.17;
2025-11-24 18:29:30.61;0.00:00:02:842;1.00;-0.01;0.00;0.07668;0.07638;-0.0005313;3.289E-05;-0.20;0.01;99.61;0.04;99.61;0.07668;0.07638;0.0002992;-11.153;-11.170;-35.240;1.00;176.46;
2025-11-24 18:29:30.66;0.00:00:02:896;1.00;-0.01;0.00;0.07662;0.07627;-0.0004949;2.619E-05;-0.19;0.01;99.55;0.03;99.55;0.07662;0.07627;0.0003478;-11.156;-11.176;-34.586;1.00;176.97;
2025-11-24 18:29:30.72;0.00:00:02:950;1.00;-0.01;0.00;0.07722;0.07685;-0.0004994;4.116E-05;-0.19;0.02;99.53;0.05;99.53;0.07722;0.07686;0.0003647;-11.123;-11.143;-34.380;1.00;175.29;
2025-11-24 18:29:30.77;0.00:00:03:001;1.00;-0.01;0.00;0.07718;0.07681;-0.000504;2.971E-05;-0.19;0.01;99.53;0.04;99.53;0.07718;0.07682;0.0003623;-11.125;-11.146;-34.409;1.00;176.63;
2025-11-24 18:29:30.81;0.00:00:03:047;1.00;-0.01;0.00;0.07757;0.0772;-0.0005108;2.16E-05;-0.19;0.01;99.52;0.03;99.52;0.07757;0.0772;0.0003708;-11.103;-11.124;-34.309;1.00;177.58;
2025-11-24 18:29:30.87;0.00:00:03:102;1.00;-0.01;0.00;0.07759;0.07723;-0.0005322;1.393E-05;-0.20;0.01;99.55;0.02;99.55;0.07759;0.07723;0.0003523;-11.102;-11.122;-34.531;1.00;178.50;
2025-11-24 18:29:30.92;0.00:00:03:153;1.00;-0.01;0.00;0.07748;0.07718;-0.0005449;9.469E-06;-0.20;0.00;99.62;0.01;99.62;0.07748;0.07719;0.0002972;-11.108;-11.125;-35.270;1.00;179.00;
2025-11-24 18:29:30.97;0.00:00:03:204;1.00;-0.01;0.00;0.07736;0.07702;-0.0005459;-1.602E-05;-0.20;-0.01;99.57;0.02;99.57;0.07736;0.07703;0.0003291;-11.115;-11.134;-34.826;1.00;-178.32;
2025-11-24 18:29:31.02;0.00:00:03:255;1.00;-0.01;0.00;0.07739;0.0771;-0.000499;5.527E-07;-0.19;0.00;99.62;0.00;99.62;0.07739;0.0771;0.0002933;-11.113;-11.130;-35.327;1.00;179.94;
2025-11-24 18:29:31.08;0.00:00:03:314;1.00;-0.01;0.00;0.0774;0.07708;-0.0005461;1.874E-05;-0.20;0.01;99.58;0.02;99.58;0.0774;0.07708;0.0003212;-11.112;-11.131;-34.932;1.00;178.03;
2025-11-24 18:29:31.13;0.00:00:03:367;1.00;-0.01;0.00;0.07739;0.07707;-0.0005197;5.594E-06;-0.19;0.00;99.59;0.01;99.59;0.07739;0.07707;0.0003177;-11.113;-11.131;-34.981;1.00;179.38;
2025-11-24 18:29:31.19;0.00:00:03:419;1.00;-0.01;0.00;0.07725;0.0769;-0.0005437;5.993E-06;-0.20;0.00;99.55;0.01;99.55;0.07725;0.0769;0.0003501;-11.121;-11.141;-34.558;1.00;179.37;
2025-11-24 18:29:31.24;0.00:00:03:470;1.00;-0.01;0.00;0.07731;0.07694;-0.0005059;2.485E-05;-0.19;0.01;99.53;0.03;99.53;0.07731;0.07694;0.0003635;-11.118;-11.138;-34.395;1.00;177.19;
2025-11-24 18:29:31.29;0.00:00:03:521;1.00;-0.01;0.00;0.07748;0.07711;-0.0004969;1.07E-05;-0.18;0.00;99.52;0.01;99.52;0.07748;0.07711;0.0003693;-11.108;-11.129;-34.327;1.00;178.77;
2025-11-24 18:29:31.35;0.00:00:03:583;1.00;-0.01;0.00;0.07765;0.07729;-0.0005303;2.358E-05;-0.20;0.01;99.53;0.03;99.53;0.07765;0.07729;0.0003643;-11.099;-11.119;-34.386;1.00;177.45;
2025-11-24 18:29:31.40;0.00:00:03:633;1.00;-0.01;0.00;0.07755;0.07719;-0.0004925;3.046E-05;-0.18;0.01;99.55;0.04;99.55;0.07755;0.0772;0.0003513;-11.104;-11.124;-34.544;1.00;176.46;
2025-11-24 18:29:31.45;0.00:00:03:685;1.00;-0.01;0.00;0.07757;0.07726;-0.0005144;3.916E-05;-0.19;0.01;99.60;0.05;99.60;0.07757;0.07726;0.0003079;-11.103;-11.120;-35.115;1.00;175.65;
2025-11-24 18:29:31.50;0.00:00:03:736;1.00;-0.01;0.00;0.07763;0.07728;-0.0004883;1.965E-05;-0.18;0.01;99.56;0.03;99.56;0.07763;0.07728;0.000343;-11.100;-11.119;-34.647;1.00;177.70;
2025-11-24 18:29:31.56;0.00:00:03:789;1.00;-0.01;0.00;0.0776;0.07723;-0.000514;6.097E-06;-0.19;0.00;99.51;0.01;99.51;0.0776;0.07723;0.0003774;-11.101;-11.122;-34.232;1.00;179.32;
2025-11-24 18:29:31.61;0.00:00:03:840;1.00;-0.01;0.00;0.07751;0.0772;-0.0005383;1.977E-05;-0.20;0.01;99.60;0.03;99.60;0.07751;0.0772;0.0003122;-11.106;-11.124;-35.055;1.00;177.90;
2025-11-24 18:29:31.66;0.00:00:03:891;1.00;-0.01;0.00;0.07748;0.07713;-0.0005159;1.855E-05;-0.19;0.01;99.55;0.02;99.55;0.07748;0.07713;0.0003489;-11.108;-11.128;-34.573;1.00;177.94;
2025-11-24 18:29:31.71;0.00:00:03:942;1.00;-0.01;0.00;0.07737;0.07704;-0.0005517;1.188E-05;-0.21;0.00;99.57;0.02;99.57;0.07737;0.07704;0.0003298;-11.114;-11.133;-34.818;1.00;178.77;
2025-11-24 18:29:31.77;0.00:00:03:999;1.00;-0.01;0.00;0.07744;0.07709;-0.000514;6.511E-06;-0.19;0.00;99.55;0.01;99.55;0.07744;0.07709;0.0003495;-11.111;-11.130;-34.566;1.00;179.27;
2025-11-24 18:29:31.83;0.00:00:04:066;1.00;-0.01;0.00;0.07738;0.07697;-0.0004836;3.714E-07;-0.18;0.00;99.47;0.00;99.47;0.07738;0.07697;0.0004115;-11.114;-11.137;-33.856;1.00;179.96;
2025-11-24 18:29:31.88;0.00:00:04:118;1.00;-0.01;0.00;0.07723;0.07696;-0.0005518;4.593E-06;-0.21;0.00;99.66;0.01;99.66;0.07723;0.07696;0.0002621;-11.122;-11.137;-35.816;1.00;179.52;
2025-11-24 18:29:31.94;0.00:00:04:169;1.00;-0.01;0.00;0.07732;0.07701;-0.0004464;1.456E-05;-0.17;0.01;99.61;0.02;99.61;0.07732;0.07701;0.0003041;-11.117;-11.134;-35.169;1.00;178.13;
2025-11-24 18:29:31.99;0.00:00:04:220;1.00;-0.01;0.00;0.07752;0.07715;-0.0005452;1.331E-05;-0.20;0.00;99.52;0.02;99.52;0.07752;0.07715;0.000369;-11.106;-11.126;-34.329;1.00;178.60;
2025-11-24 18:29:32.04;0.00:00:04:271;1.00;-0.01;0.00;0.07737;0.07705;-0.000557;-1.338E-06;-0.21;0.00;99.59;0.00;99.59;0.07737;0.07705;0.0003193;-11.114;-11.132;-34.958;1.00;-179.86;
2025-11-24 18:29:32.09;0.00:00:04:322;1.00;-0.01;0.00;0.07725;0.07688;-0.000492;-1.116E-06;-0.18;0.00;99.52;0.00;99.52;0.07725;0.07688;0.0003699;-11.121;-11.142;-34.319;1.00;-179.87;
2025-11-24 18:29:32.14;0.00:00:04:373;1.00;-0.01;0.00;0.07745;0.07709;-0.0004841;1.049E-05;-0.18;0.00;99.53;0.01;99.53;0.07745;0.07709;0.0003619;-11.110;-11.130;-34.414;1.00;178.76;
2025-11-24 18:29:32.19;0.00:00:04:424;1.00;-0.01;0.00;0.07758;0.07723;-0.0005056;2.785E-05;-0.19;0.01;99.55;0.04;99.55;0.07758;0.07723;0.0003493;-11.103;-11.122;-34.568;1.00;176.85;
2025-11-24 18:29:32.24;0.00:00:04:476;1.00;-0.01;0.00;0.07746;0.07711;-0.0005951;2.19E-05;-0.22;0.01;99.54;0.03;99.54;0.07746;0.07711;0.0003546;-11.109;-11.129;-34.502;1.00;177.89;
2025-11-24 18:29:32.29;0.00:00:04:527;1.00;-0.01;0.00;0.07697;0.0767;-0.0005532;2.553E-05;-0.21;0.01;99.66;0.03;99.66;0.07697;0.0767;0.0002625;-11.137;-11.152;-35.808;1.00;177.36;
2025-11-24 18:29:32.34;0.00:00:04:577;1.00;-0.01;0.00;0.07689;0.07654;-0.0004496;-1.082E-05;-0.17;0.00;99.55;0.01;99.55;0.07689;0.07655;0.0003424;-11.141;-11.161;-34.655;1.00;-178.62;
2025-11-24 18:29:32.39;0.00:00:04:628;1.00;-0.01;0.00;0.07718;0.07686;-0.0004918;2.853E-05;-0.18;0.01;99.59;0.04;99.59;0.07718;0.07686;0.0003176;-11.125;-11.143;-34.981;1.00;176.68;
2025-11-24 18:29:32.45;0.00:00:04:679;1.00;-0.01;0.00;0.0771;0.0768;-0.000574;3.099E-05;-0.21;0.01;99.62;0.04;99.62;0.0771;0.0768;0.0002968;-11.130;-11.146;-35.276;1.00;176.91;
2025-11-24 18:29:32.50;0.00:00:04:730;1.00;-0.01;0.00;0.07731;0.07698;-0.0004844;2.542E-05;-0.18;0.01;99.57;0.03;99.57;0.07731;0.07698;0.0003316;-11.118;-11.136;-34.794;1.00;177.00;
2025-11-24 18:29:32.55;0.00:00:04:781;1.00;-0.01;0.00;0.0775;0.07712;-0.0004872;6.942E-06;-0.18;0.00;99.52;0.01;99.52;0.0775;0.07712;0.0003743;-11.107;-11.128;-34.268;1.00;179.18;
2025-11-24 18:29:32.60;0.00:00:04:828;1.00;-0.01;0.00;0.07732;0.07694;-0.0005653;2.871E-05;-0.21;0.01;99.51;0.04;99.51;0.07732;0.07694;0.000376;-11.117;-11.138;-34.248;1.00;177.09;
2025-11-24 18:29:32.64;0.00:00:04:877;1.00;-0.01;0.00;0.07702;0.07676;-0.0005321;1.006E-05;-0.20;0.00;99.66;0.01;99.66;0.07702;0.07676;0.0002602;-11.134;-11.149;-35.848;1.00;178.92;
2025-11-24 18:29:32.70;0.00:00:04:928;1.00;-0.01;0.00;0.07737;0.07703;-0.0004744;1.211E-05;-0.18;0.00;99.56;0.02;99.56;0.07737;0.07703;0.0003388;-11.114;-11.133;-34.700;1.00;178.54;
2025-11-24 18:29:32.74;0.00:00:04:975;1.00;-0.01;0.00;0.07753;0.0772;-0.0005065;3.261E-05;-0.19;0.01;99.58;0.04;99.58;0.07753;0.0772;0.0003277;-11.105;-11.124;-34.846;1.00;176.32;
2025-11-24 18:29:32.80;0.00:00:05:031;1.00;-0.01;0.00;0.07768;0.07733;-0.0004774;1.778E-06;-0.18;0.00;99.55;0.00;99.55;0.07768;0.07733;0.000346;-11.097;-11.116;-34.609;1.00;179.79;
2025-11-24 18:29:32.85;0.00:00:05:083;1.00;-0.01;0.00;0.07783;0.07755;-0.0005076;-1.251E-08;-0.19;0.00;99.64;0.00;99.64;0.07783;0.07755;0.0002827;-11.088;-11.104;-35.486;1.00;-180.00;
2025-11-24 18:29:32.90;0.00:00:05:134;1.00;-0.01;0.00;0.07766;0.0773;-0.0005935;5.109E-05;-0.22;0.02;99.55;0.07;99.55;0.07766;0.0773;0.0003528;-11.098;-11.118;-34.525;1.00;175.08;
2025-11-24 18:29:32.95;0.00:00:05:186;1.00;-0.01;0.00;0.0772;0.07691;-0.0006028;1.233E-05;-0.22;0.00;99.63;0.02;99.63;0.0772;0.07692;0.0002847;-11.124;-11.140;-35.456;1.00;178.83;
2025-11-24 18:29:33.00;0.00:00:05:237;1.00;-0.01;0.00;0.07741;0.07707;-0.0005339;-6.647E-06;-0.20;0.00;99.56;0.01;99.56;0.07741;0.07707;0.0003442;-11.112;-11.131;-34.632;1.00;-179.29;
2025-11-24 18:29:33.06;0.00:00:05:296;1.00;-0.01;0.00;0.07748;0.07717;-0.0004776;2.769E-05;-0.18;0.01;99.61;0.04;99.61;0.07748;0.07718;0.0003048;-11.108;-11.125;-35.159;1.00;176.68;
2025-11-24 18:29:33.12;0.00:00:05:350;1.00;-0.01;0.00;0.07761;0.07723;-0.0004749;3.563E-05;-0.18;0.01;99.51;0.05;99.51;0.07761;0.07723;0.0003803;-11.101;-11.122;-34.199;1.00;175.71;
2025-11-24 18:29:33.18;0.00:00:05:411;1.00;-0.01;0.00;0.0773;0.07703;-0.0005464;2.933E-05;-0.20;0.01;99.65;0.04;99.65;0.0773;0.07704;0.0002676;-11.118;-11.133;-35.726;1.00;176.93;
2025-11-24 18:29:33.23;0.00:00:05:462;1.00;-0.01;0.00;0.07724;0.07692;-0.000477;3.529E-07;-0.18;0.00;99.58;0.00;99.58;0.07724;0.07692;0.0003213;-11.121;-11.140;-34.930;1.00;179.96;
2025-11-24 18:29:33.28;0.00:00:05:513;1.00;-0.01;0.00;0.07747;0.07709;-0.0004927;1.691E-05;-0.18;0.01;99.51;0.02;99.51;0.07747;0.07709;0.0003791;-11.108;-11.130;-34.213;1.00;178.03;
2025-11-24 18:29:33.33;0.00:00:05:565;1.00;-0.01;0.00;0.07758;0.07724;-0.0005372;1.671E-05;-0.20;0.01;99.56;0.02;99.56;0.07758;0.07724;0.0003391;-11.102;-11.121;-34.697;1.00;178.22;
2025-11-24 18:29:33.38;0.00:00:05:616;1.00;-0.01;0.00;0.0775;0.07717;-0.0005572;5.923E-06;-0.21;0.00;99.58;0.01;99.58;0.0775;0.07717;0.0003253;-11.107;-11.125;-34.877;1.00;179.39;
2025-11-24 18:29:33.43;0.00:00:05:667;1.00;-0.01;0.00;0.07791;0.07759;-0.0005187;2.329E-05;-0.19;0.01;99.59;0.03;99.59;0.07791;0.0776;0.000317;-11.084;-11.102;-34.990;1.00;177.43;
2025-11-24 18:29:33.48;0.00:00:05:717;1.00;-0.01;0.00;0.07776;0.07752;-0.0005638;4.201E-05;-0.21;0.02;99.70;0.05;99.70;0.07776;0.07753;0.000233;-11.092;-11.105;-36.326;1.00;175.74;
2025-11-24 18:29:33.54;0.00:00:05:769;1.00;-0.01;0.00;0.07752;0.0772;-0.0005538;1.084E-06;-0.21;0.00;99.59;0.00;99.59;0.07752;0.0772;0.0003203;-11.106;-11.124;-34.944;1.00;179.89;
2025-11-24 18:29:33.58;0.00:00:05:817;1.00;-0.01;0.00;0.07749;0.07714;-0.0004948;1.395E-05;-0.18;0.01;99.54;0.02;99.54;0.07749;0.07714;0.000355;-11.107;-11.127;-34.498;1.00;178.38;
2025-11-24 18:29:33.64;0.00:00:05:870;1.00;-0.01;0.00;0.07765;0.07732;-0.0005094;6.791E-06;-0.19;0.00;99.58;0.01;99.58;0.07765;0.07732;0.0003259;-11.099;-11.117;-34.870;1.00;179.24;
2025-11-24 18:29:33.69;0.00:00:05:921;1.00;-0.01;0.00;0.07772;0.07744;-0.0005281;4.054E-05;-0.20;0.01;99.64;0.05;99.64;0.07772;0.07744;0.0002802;-11.094;-11.110;-35.526;1.00;175.61;
2025-11-24 18:29:33.74;0.00:00:05:972;1.00;-0.01;0.00;0.07735;0.07696;-0.0005436;2.912E-05;-0.20;0.01;99.49;0.04;99.49;0.07735;0.07696;0.000396;-11.115;-11.138;-34.023;1.00;176.93;
2025-11-24 18:29:33.79;0.00:00:06:024;1.00;-0.01;0.00;0.0773;0.07692;-0.0004836;1.794E-05;-0.18;0.01;99.52;0.02;99.52;0.0773;0.07693;0.0003744;-11.118;-11.139;-34.267;1.00;177.88;
2025-11-24 18:29:33.85;0.00:00:06:085;1.00;-0.01;0.00;0.07771;0.07731;-0.0004855;4.087E-05;-0.18;0.02;99.48;0.05;99.48;0.07771;0.07731;0.0004065;-11.095;-11.118;-33.910;1.00;175.19;
2025-11-24 18:29:33.91;0.00:00:06:147;1.00;-0.01;0.00;0.07781;0.07743;-0.0005261;2.47E-05;-0.19;0.01;99.52;0.03;99.52;0.07781;0.07744;0.0003754;-11.090;-11.111;-34.256;1.00;177.31;
2025-11-24 18:29:33.97;0.00:00:06:198;1.00;-0.01;0.00;0.07777;0.07746;-0.0005171;1.454E-05;-0.19;0.01;99.60;0.02;99.60;0.07777;0.07746;0.0003096;-11.092;-11.109;-35.091;1.00;178.39;
2025-11-24 18:29:34.03;0.00:00:06:259;1.00;-0.01;0.00;0.07777;0.07749;-0.0005259;2.257E-05;-0.19;0.01;99.65;0.03;99.65;0.07777;0.07749;0.0002746;-11.092;-11.107;-35.613;1.00;177.54;
2025-11-24 18:29:34.08;0.00:00:06:313;1.00;-0.01;0.00;0.07779;0.07739;-0.0005354;2.295E-05;-0.20;0.01;99.49;0.03;99.49;0.07779;0.07739;0.0003975;-11.091;-11.113;-34.006;1.00;177.55;
2025-11-24 18:29:34.13;0.00:00:06:362;1.00;-0.01;0.00;0.07759;0.07735;-0.0005892;3.538E-05;-0.22;0.01;99.68;0.05;99.68;0.07759;0.07735;0.0002464;-11.102;-11.115;-36.083;1.00;176.56;
2025-11-24 18:29:34.18;0.00:00:06:413;1.00;-0.01;0.00;0.07742;0.07714;-0.000509;3.665E-05;-0.19;0.01;99.64;0.05;99.64;0.07742;0.07714;0.0002796;-11.112;-11.127;-35.535;1.00;175.88;
2025-11-24 18:29:34.23;0.00:00:06:464;1.00;-0.01;0.00;0.07746;0.07713;-0.0005028;2.43E-05;-0.19;0.01;99.58;0.03;99.58;0.07746;0.07713;0.0003292;-11.109;-11.128;-34.826;1.00;177.23;
2025-11-24 18:29:34.28;0.00:00:06:515;1.00;-0.01;0.00;0.07718;0.07694;-0.0005631;3.259E-05;-0.21;0.01;99.69;0.04;99.69;0.07718;0.07695;0.0002376;-11.125;-11.138;-36.242;1.00;176.69;
2025-11-24 18:29:34.33;0.00:00:06:566;1.00;-0.01;0.00;0.07699;0.07675;-0.0005531;2.399E-05;-0.21;0.01;99.69;0.03;99.69;0.07699;0.07675;0.0002377;-11.136;-11.149;-36.239;1.00;177.52;
2025-11-24 18:29:34.38;0.00:00:06:617;1.00;-0.01;0.00;0.07733;0.07699;-0.0004715;-5.21E-06;-0.18;0.00;99.56;0.01;99.56;0.07733;0.07699;0.0003406;-11.117;-11.136;-34.678;1.00;-179.37;
2025-11-24 18:29:34.44;0.00:00:06:669;1.00;-0.01;0.00;0.07751;0.07723;-0.0005437;2.992E-05;-0.20;0.01;99.65;0.04;99.65;0.07751;0.07723;0.0002742;-11.107;-11.122;-35.619;1.00;176.85;
2025-11-24 18:29:34.49;0.00:00:06:720;1.00;-0.01;0.00;0.07717;0.07682;-0.000547;2.481E-05;-0.20;0.01;99.56;0.03;99.56;0.07717;0.07683;0.0003408;-11.126;-11.145;-34.675;1.00;177.40;
2025-11-24 18:29:34.54;0.00:00:06:772;1.00;-0.01;0.00;0.07768;0.07734;-0.0005249;3.469E-05;-0.19;0.01;99.56;0.04;99.56;0.07768;0.07734;0.0003393;-11.097;-11.116;-34.695;1.00;176.22;
2025-11-24 18:29:34.59;0.00:00:06:822;1.00;-0.01;0.00;0.07755;0.07724;-0.000513;1.956E-05;-0.19;0.01;99.61;0.03;99.61;0.07755;0.07725;0.0003053;-11.104;-11.121;-35.153;1.00;177.82;
2025-11-24 18:29:34.64;0.00:00:06:873;1.00;-0.01;0.00;0.07758;0.07727;-0.0005093;6.602E-06;-0.19;0.00;99.60;0.01;99.60;0.07758;0.07727;0.0003084;-11.102;-11.120;-35.109;1.00;179.26;
2025-11-24 18:29:34.69;0.00:00:06:924;1.00;-0.01;0.00;0.0775;0.0772;-0.0005384;3.269E-05;-0.20;0.01;99.61;0.04;99.61;0.0775;0.0772;0.0002992;-11.107;-11.124;-35.241;1.00;176.53;
2025-11-24 18:29:34.75;0.00:00:06:981;1.00;-0.01;0.00;0.07732;0.07694;-0.0004975;-1.283E-06;-0.19;0.00;99.51;0.00;99.51;0.07732;0.07694;0.0003756;-11.117;-11.138;-34.252;1.00;-179.85;
2025-11-24 18:29:34.80;0.00:00:07:028;1.00;-0.01;0.00;0.07758;0.07717;-0.000454;1.35E-05;-0.17;0.01;99.47;0.02;99.47;0.07758;0.07717;0.0004113;-11.103;-11.126;-33.859;1.00;178.30;
2025-11-24 18:29:34.84;0.00:00:07:074;1.00;-0.01;0.00;0.07749;0.07712;-0.00054;4.007E-06;-0.20;0.00;99.52;0.01;99.52;0.07749;0.07712;0.0003682;-11.107;-11.128;-34.339;1.00;179.57;
2025-11-24 18:29:34.89;0.00:00:07:121;1.00;-0.01;0.00;0.07733;0.07702;-0.0005459;-1.222E-06;-0.20;0.00;99.61;0.00;99.61;0.07733;0.07703;0.0003011;-11.117;-11.134;-35.213;1.00;-179.87;
2025-11-24 18:29:34.94;0.00:00:07:168;1.00;-0.01;0.00;0.07722;0.07684;-0.0005039;3.727E-06;-0.19;0.00;99.52;0.00;99.52;0.07722;0.07684;0.0003711;-11.123;-11.144;-34.306;1.00;179.58;
2025-11-24 18:29:34.98;0.00:00:07:215;1.00;-0.01;0.00;0.07725;0.07691;-0.0004941;1.619E-05;-0.18;0.01;99.56;0.02;99.56;0.07725;0.07691;0.0003392;-11.121;-11.140;-34.695;1.00;178.12;
2025-11-24 18:29:35.03;0.00:00:07:262;1.00;-0.01;0.00;0.07727;0.07697;-0.0005265;3.153E-05;-0.20;0.01;99.62;0.04;99.62;0.07727;0.07697;0.0002967;-11.120;-11.137;-35.276;1.00;176.57;
2025-11-24 18:29:35.08;0.00:00:07:308;1.00;-0.01;0.00;0.07722;0.07691;-0.0005453;4.616E-06;-0.20;0.00;99.60;0.01;99.60;0.07722;0.07691;0.000308;-11.123;-11.140;-35.114;1.00;179.51;
2025-11-24 18:29:35.12;0.00:00:07:355;1.00;-0.01;0.00;0.07722;0.07686;-0.0005072;2.344E-05;-0.19;0.01;99.54;0.03;99.54;0.07722;0.07687;0.0003526;-11.123;-11.143;-34.527;1.00;177.35;
2025-11-24 18:29:35.17;0.00:00:07:401;1.00;-0.01;0.00;0.07721;0.07695;-0.0005222;3.153E-05;-0.19;0.01;99.67;0.04;99.67;0.07721;0.07696;0.0002549;-11.123;-11.138;-35.937;1.00;176.54;
2025-11-24 18:29:35.21;0.00:00:07:447;1.00;-0.01;0.00;0.07726;0.07692;-0.0005358;1.049E-05;-0.20;0.00;99.56;0.01;99.56;0.07726;0.07692;0.0003383;-11.120;-11.140;-34.707;1.00;178.88;
2025-11-24 18:29:35.26;0.00:00:07:494;1.00;-0.01;0.00;0.07742;0.07705;-0.0004807;2.023E-05;-0.18;0.01;99.51;0.03;99.51;0.07742;0.07705;0.0003763;-11.111;-11.132;-34.245;1.00;177.59;
2025-11-24 18:29:35.31;0.00:00:07:541;1.00;-0.01;0.00;0.07728;0.07698;-0.0005158;6.314E-06;-0.19;0.00;99.61;0.01;99.61;0.07728;0.07698;0.0002988;-11.119;-11.136;-35.246;1.00;179.30;
2025-11-24 18:29:35.36;0.00:00:07:589;1.00;-0.01;0.00;0.07735;0.077;-0.0005301;2.288E-05;-0.20;0.01;99.54;0.03;99.54;0.07735;0.077;0.0003526;-11.115;-11.135;-34.527;1.00;177.53;
2025-11-24 18:29:35.40;0.00:00:07:635;1.00;-0.01;0.00;0.07711;0.07683;-0.000534;2.686E-06;-0.20;0.00;99.65;0.00;99.65;0.07711;0.07683;0.0002728;-11.129;-11.145;-35.642;1.00;179.71;
2025-11-24 18:29:35.45;0.00:00:07:681;1.00;-0.01;0.00;0.07731;0.07701;-0.0005653;2.396E-05;-0.21;0.01;99.62;0.03;99.62;0.07731;0.07701;0.0002956;-11.118;-11.134;-35.292;1.00;177.57;
2025-11-24 18:29:35.49;0.00:00:07:727;1.00;-0.01;0.00;0.07725;0.07688;-0.0005481;1.083E-05;-0.20;0.00;99.53;0.01;99.53;0.07725;0.07688;0.0003607;-11.121;-11.142;-34.428;1.00;178.87;
2025-11-24 18:29:35.54;0.00:00:07:773;1.00;-0.01;0.00;0.07697;0.07676;-0.0005787;5.171E-05;-0.22;0.02;99.73;0.07;99.73;0.07697;0.07676;0.0002047;-11.137;-11.149;-36.890;1.00;174.89;
2025-11-24 18:29:35.59;0.00:00:07:820;1.00;-0.01;0.00;0.07676;0.07644;-0.0005032;2.936E-05;-0.19;0.01;99.58;0.04;99.58;0.07676;0.07644;0.0003227;-11.149;-11.167;-34.912;1.00;176.66;
2025-11-24 18:29:35.63;0.00:00:07:867;1.00;-0.01;0.00;0.07701;0.07665;-0.0004509;1.303E-05;-0.17;0.00;99.54;0.02;99.54;0.07701;0.07665;0.0003553;-11.135;-11.155;-34.494;1.00;178.34;
2025-11-24 18:29:35.68;0.00:00:07:914;1.00;-0.01;0.00;0.07735;0.07698;-0.0005219;-6.549E-07;-0.19;0.00;99.52;0.00;99.52;0.07735;0.07698;0.0003688;-11.116;-11.136;-34.332;1.00;-179.93;
2025-11-24 18:29:35.73;0.00:00:07:960;1.00;-0.01;0.00;0.07742;0.07705;-0.0005093;3.251E-05;-0.19;0.01;99.53;0.04;99.53;0.07742;0.07706;0.0003646;-11.111;-11.132;-34.382;1.00;176.35;
2025-11-24 18:29:35.77;0.00:00:08:008;1.00;-0.01;0.00;0.07724;0.07696;-0.0005001;1.955E-05;-0.19;0.01;99.63;0.03;99.63;0.07724;0.07696;0.0002838;-11.121;-11.137;-35.470;1.00;177.76;
2025-11-24 18:29:35.82;0.00:00:08:054;1.00;-0.01;0.00;0.07712;0.07689;-0.0005385;1.989E-05;-0.20;0.01;99.70;0.03;99.70;0.07712;0.07689;0.0002345;-11.128;-11.141;-36.298;1.00;177.88;
2025-11-24 18:29:35.87;0.00:00:08:102;1.00;-0.01;0.00;0.07701;0.07677;-0.0005413;3.183E-05;-0.20;0.01;99.69;0.04;99.69;0.07701;0.07677;0.0002389;-11.135;-11.148;-36.217;1.00;176.63;
2025-11-24 18:29:35.92;0.00:00:08:148;1.00;-0.01;0.00;0.07706;0.07676;-0.0004954;5.06E-05;-0.18;0.02;99.62;0.07;99.62;0.07706;0.07676;0.0002917;-11.132;-11.148;-35.351;1.00;174.17;
2025-11-24 18:29:35.96;0.00:00:08:195;1.00;-0.01;0.00;0.07705;0.07675;-0.0004996;1.879E-05;-0.19;0.01;99.60;0.02;99.60;0.07705;0.07675;0.0003056;-11.132;-11.149;-35.149;1.00;177.85;
2025-11-24 18:29:36.01;0.00:00:08:241;1.00;-0.01;0.00;0.07694;0.07666;-0.000546;2.056E-05;-0.20;0.01;99.65;0.03;99.65;0.07694;0.07667;0.0002728;-11.139;-11.154;-35.642;1.00;177.84;
2025-11-24 18:29:36.06;0.00:00:08:289;1.00;-0.01;0.00;0.07702;0.07673;-0.0004639;9.806E-06;-0.17;0.00;99.63;0.01;99.63;0.07702;0.07673;0.0002865;-11.134;-11.150;-35.429;1.00;178.79;
2025-11-24 18:29:36.10;0.00:00:08:337;1.00;-0.01;0.00;0.07717;0.07683;-0.0004918;2.498E-06;-0.18;0.00;99.56;0.00;99.56;0.07717;0.07683;0.0003424;-11.125;-11.145;-34.654;1.00;179.71;
2025-11-24 18:29:36.15;0.00:00:08:383;1.00;-0.01;0.00;0.07733;0.077;-0.0004709;1.708E-05;-0.18;0.01;99.57;0.02;99.57;0.07733;0.077;0.0003315;-11.117;-11.135;-34.795;1.00;177.92;
2025-11-24 18:29:36.20;0.00:00:08:432;1.00;-0.01;0.00;0.07751;0.07709;-0.0004884;6.939E-06;-0.18;0.00;99.45;0.01;99.45;0.07751;0.07709;0.0004225;-11.106;-11.130;-33.742;1.00;179.19;
2025-11-24 18:29:36.24;0.00:00:08:477;1.00;-0.01;0.00;0.07763;0.07734;-0.000507;2.62E-05;-0.19;0.01;99.63;0.03;99.63;0.07763;0.07734;0.0002855;-11.100;-11.116;-35.444;1.00;177.04;
2025-11-24 18:29:36.29;0.00:00:08:525;1.00;-0.01;0.00;0.07761;0.07728;-0.000531;3.637E-05;-0.20;0.01;99.57;0.05;99.57;0.07761;0.07728;0.0003322;-11.101;-11.119;-34.786;1.00;176.08;
2025-11-24 18:29:36.34;0.00:00:08:572;1.00;-0.01;0.00;0.07731;0.07701;-0.0005997;3.967E-05;-0.22;0.01;99.62;0.05;99.62;0.07731;0.07702;0.0002963;-11.117;-11.134;-35.283;1.00;176.22;
2025-11-24 18:29:36.40;0.00:00:08:631;1.00;-0.01;0.00;0.07688;0.07652;-0.0004229;7.823E-06;-0.16;0.00;99.53;0.01;99.53;0.07688;0.07652;0.0003593;-11.142;-11.162;-34.446;1.00;178.94;
2025-11-24 18:29:36.45;0.00:00:08:679;1.00;-0.01;0.00;0.07737;0.07699;-0.0004528;2.738E-05;-0.17;0.01;99.51;0.04;99.51;0.07737;0.07699;0.0003766;-11.114;-11.136;-34.241;1.00;176.54;
2025-11-24 18:29:36.49;0.00:00:08:725;1.00;-0.01;0.00;0.07745;0.07714;-0.0005376;2.596E-05;-0.20;0.01;99.60;0.03;99.60;0.07745;0.07714;0.0003079;-11.110;-11.127;-35.116;1.00;177.24;
2025-11-24 18:29:36.54;0.00:00:08:772;1.00;-0.01;0.00;0.07728;0.07704;-0.0005245;2.43E-05;-0.20;0.01;99.70;0.03;99.70;0.07728;0.07704;0.0002324;-11.120;-11.133;-36.338;1.00;177.35;
2025-11-24 18:29:36.59;0.00:00:08:819;1.00;-0.01;0.00;0.07711;0.07679;-0.0004681;1.569E-05;-0.17;0.01;99.58;0.02;99.58;0.07711;0.07679;0.0003225;-11.129;-11.147;-34.914;1.00;178.08;
2025-11-24 18:29:36.63;0.00:00:08:866;1.00;-0.01;0.00;0.07719;0.07685;-0.0005375;3.896E-05;-0.20;0.01;99.57;0.05;99.57;0.07719;0.07686;0.000331;-11.125;-11.143;-34.802;1.00;175.85;
2025-11-24 18:29:36.68;0.00:00:08:913;1.00;-0.01;0.00;0.07703;0.07673;-0.0005544;2.277E-05;-0.21;0.01;99.61;0.03;99.61;0.07703;0.07673;0.0002991;-11.134;-11.150;-35.241;1.00;177.65;
2025-11-24 18:29:36.73;0.00:00:08:960;1.00;-0.01;0.00;0.07707;0.07674;-0.0004833;2.452E-05;-0.18;0.01;99.58;0.03;99.58;0.07707;0.07675;0.0003257;-11.131;-11.149;-34.872;1.00;177.10;
2025-11-24 18:29:36.77;0.00:00:09:006;1.00;-0.01;0.00;0.0771;0.07682;-0.0005136;5.287E-05;-0.19;0.02;99.64;0.07;99.64;0.0771;0.07682;0.0002745;-11.130;-11.145;-35.614;1.00;174.12;
2025-11-24 18:29:36.82;0.00:00:09:054;1.00;-0.01;0.00;0.07699;0.07661;-0.0004958;3.28E-05;-0.19;0.01;99.51;0.04;99.51;0.07699;0.07661;0.0003802;-11.136;-11.157;-34.200;1.00;176.21;
2025-11-24 18:29:36.87;0.00:00:09:100;1.00;-0.01;0.00;0.07704;0.07676;-0.0005146;9.412E-06;-0.19;0.00;99.65;0.01;99.65;0.07704;0.07676;0.0002715;-11.133;-11.148;-35.662;1.00;178.95;
2025-11-24 18:29:36.91;0.00:00:09:146;1.00;-0.01;0.00;0.07705;0.07664;-0.0004909;1.946E-05;-0.18;0.01;99.47;0.03;99.47;0.07705;0.07664;0.0004087;-11.132;-11.156;-33.886;1.00;177.73;
2025-11-24 18:29:36.96;0.00:00:09:192;1.00;-0.01;0.00;0.07725;0.07694;-0.0005194;1.771E-05;-0.19;0.01;99.59;0.02;99.59;0.07725;0.07694;0.0003153;-11.121;-11.139;-35.013;1.00;178.05;
2025-11-24 18:29:37.01;0.00:00:09:240;1.00;-0.01;0.00;0.07723;0.07694;-0.000533;1.211E-05;-0.20;0.00;99.63;0.02;99.63;0.07723;0.07694;0.0002878;-11.122;-11.138;-35.410;1.00;178.70;
2025-11-24 18:29:37.05;0.00:00:09:287;1.00;-0.01;0.00;0.0774;0.07706;-0.0005176;1.844E-05;-0.19;0.01;99.55;0.02;99.55;0.0774;0.07706;0.0003455;-11.112;-11.132;-34.616;1.00;177.96;
2025-11-24 18:29:37.11;0.00:00:09:338;1.00;-0.01;0.00;0.07738;0.07706;-0.0005494;-2.102E-06;-0.20;0.00;99.59;0.00;99.59;0.07738;0.07706;0.0003157;-11.114;-11.132;-35.007;1.00;-179.78;
2025-11-24 18:29:37.16;0.00:00:09:395;1.00;-0.01;0.00;0.07741;0.07711;-0.0004938;2.829E-05;-0.18;0.01;99.62;0.04;99.62;0.07741;0.07711;0.0002938;-11.112;-11.129;-35.320;1.00;176.72;
2025-11-24 18:29:37.21;0.00:00:09:441;1.00;-0.01;0.00;0.07737;0.07704;-0.0005863;1.728E-05;-0.22;0.01;99.58;0.02;99.58;0.07737;0.07704;0.0003273;-11.114;-11.133;-34.851;1.00;178.31;
2025-11-24 18:29:37.26;0.00:00:09:489;1.00;-0.01;0.00;0.07707;0.07671;-0.0004671;-1.092E-06;-0.17;0.00;99.54;0.00;99.54;0.07707;0.07671;0.0003541;-11.131;-11.151;-34.509;1.00;-179.87;
2025-11-24 18:29:37.30;0.00:00:09:536;1.00;-0.01;0.00;0.07722;0.07692;-0.0004733;2.247E-05;-0.18;0.01;99.62;0.03;99.62;0.07722;0.07692;0.0002945;-11.123;-11.140;-35.310;1.00;177.28;
2025-11-24 18:29:37.35;0.00:00:09:582;1.00;-0.01;0.00;0.0772;0.0769;-0.0004951;2.303E-05;-0.18;0.01;99.61;0.03;99.61;0.0772;0.0769;0.0003;-11.124;-11.141;-35.229;1.00;177.34;
2025-11-24 18:29:37.40;0.00:00:09:629;1.00;-0.01;0.00;0.07736;0.07703;-0.0004857;2.338E-05;-0.18;0.01;99.57;0.03;99.57;0.07736;0.07703;0.0003303;-11.115;-11.133;-34.811;1.00;177.24;
2025-11-24 18:29:37.44;0.00:00:09:676;1.00;-0.01;0.00;0.07735;0.07702;-0.0005469;-4.504E-06;-0.20;0.00;99.58;0.01;99.58;0.07735;0.07703;0.0003271;-11.115;-11.134;-34.853;1.00;-179.53;
2025-11-24 18:29:37.49;0.00:00:09:722;1.00;-0.01;0.00;0.07687;0.07659;-0.0004841;7.95E-06;-0.18;0.00;99.64;0.01;99.64;0.07687;0.07659;0.0002734;-11.143;-11.158;-35.632;1.00;179.06;
2025-11-24 18:29:37.54;0.00:00:09:775;1.00;-0.01;0.00;0.07709;0.07673;-0.0003978;-2.734E-06;-0.15;0.00;99.54;0.00;99.54;0.07709;0.07674;0.000353;-11.130;-11.150;-34.522;1.00;-179.61;
2025-11-24 18:29:37.60;0.00:00:09:832;1.00;-0.01;0.00;0.07723;0.07691;-0.0004984;1.913E-05;-0.19;0.01;99.59;0.02;99.59;0.07723;0.07691;0.0003174;-11.122;-11.140;-34.984;1.00;177.80;
2025-11-24 18:29:37.65;0.00:00:09:879;1.00;-0.01;0.00;0.07733;0.077;-0.0004792;5.932E-06;-0.18;0.00;99.58;0.01;99.58;0.07733;0.077;0.0003274;-11.117;-11.135;-34.849;1.00;179.29;
2025-11-24 18:29:37.69;0.00:00:09:926;1.00;-0.01;0.00;0.0773;0.07695;-0.0004941;9.646E-06;-0.18;0.00;99.55;0.01;99.55;0.0773;0.07695;0.0003498;-11.118;-11.138;-34.562;1.00;178.88;
2025-11-24 18:29:37.74;0.00:00:09:974;1.00;-0.01;0.00;0.0773;0.07693;-0.0005281;2.875E-05;-0.20;0.01;99.52;0.04;99.52;0.0773;0.07693;0.0003692;-11.118;-11.139;-34.328;1.00;176.88;
2025-11-24 18:29:37.79;0.00:00:10:021;1.00;-0.01;0.00;0.07709;0.07679;-0.0004831;2.5E-05;-0.18;0.01;99.62;0.03;99.62;0.07709;0.07679;0.0002914;-11.130;-11.147;-35.354;1.00;177.04;
2025-11-24 18:29:37.84;0.00:00:10:068;1.00;-0.01;0.00;0.07714;0.07682;-0.0005198;3.725E-05;-0.19;0.01;99.58;0.05;99.58;0.07714;0.07682;0.0003213;-11.127;-11.145;-34.931;1.00;175.90;
2025-11-24 18:29:37.88;0.00:00:10:114;1.00;-0.01;0.00;0.07714;0.07679;-0.0005064;4.344E-05;-0.19;0.02;99.54;0.06;99.54;0.07714;0.07679;0.0003543;-11.127;-11.147;-34.506;1.00;175.10;
2025-11-24 18:29:37.93;0.00:00:10:161;1.00;-0.01;0.00;0.07703;0.07667;-0.0005218;-1.811E-06;-0.19;0.00;99.53;0.00;99.53;0.07703;0.07667;0.0003604;-11.134;-11.154;-34.432;1.00;-179.80;
2025-11-24 18:29:37.98;0.00:00:10:208;1.00;-0.01;0.00;0.0773;0.0769;-0.000494;1.213E-05;-0.18;0.00;99.49;0.02;99.49;0.0773;0.07691;0.0003957;-11.118;-11.140;-34.027;1.00;178.59;
2025-11-24 18:29:38.02;0.00:00:10:254;1.00;-0.01;0.00;0.07737;0.07708;-0.0005571;3.513E-05;-0.21;0.01;99.63;0.05;99.63;0.07737;0.07709;0.0002825;-11.114;-11.130;-35.489;1.00;176.39;
2025-11-24 18:29:38.07;0.00:00:10:301;1.00;-0.01;0.00;0.07706;0.0767;-0.000469;6.087E-06;-0.18;0.00;99.54;0.01;99.54;0.07706;0.07671;0.0003571;-11.132;-11.152;-34.472;1.00;179.26;
2025-11-24 18:29:38.12;0.00:00:10:348;1.00;-0.01;0.00;0.07725;0.0769;-0.000505;3.189E-05;-0.19;0.01;99.56;0.04;99.56;0.07725;0.07691;0.0003433;-11.121;-11.140;-34.644;1.00;176.39;
2025-11-24 18:29:38.16;0.00:00:10:395;1.00;-0.01;0.00;0.07688;0.07662;-0.0005261;4.856E-06;-0.20;0.00;99.66;0.01;99.66;0.07688;0.07662;0.000259;-11.142;-11.156;-35.867;1.00;179.47;
2025-11-24 18:29:38.21;0.00:00:10:441;1.00;-0.01;0.00;0.07701;0.07669;-0.0005093;1.348E-05;-0.19;0.01;99.60;0.02;99.60;0.07701;0.0767;0.0003118;-11.135;-11.152;-35.061;1.00;178.48;
2025-11-24 18:29:38.25;0.00:00:10:487;1.00;-0.01;0.00;0.07705;0.07673;-0.0005095;2.094E-05;-0.19;0.01;99.59;0.03;99.59;0.07705;0.07673;0.0003146;-11.132;-11.150;-35.023;1.00;177.65;
2025-11-24 18:29:38.30;0.00:00:10:534;1.00;-0.01;0.00;0.07741;0.07702;-0.0004642;-2.137E-06;-0.17;0.00;99.50;0.00;99.50;0.07741;0.07702;0.000389;-11.112;-11.134;-34.101;1.00;-179.74;
2025-11-24 18:29:38.35;0.00:00:10:580;1.00;-0.01;0.00;0.07756;0.07724;-0.0004978;2.192E-05;-0.18;0.01;99.59;0.03;99.59;0.07756;0.07725;0.0003158;-11.104;-11.121;-35.006;1.00;177.48;
2025-11-24 18:29:38.39;0.00:00:10:626;1.00;-0.01;0.00;0.07766;0.07738;-0.0004855;6.902E-06;-0.18;0.00;99.65;0.01;99.65;0.07766;0.07738;0.0002725;-11.098;-11.114;-35.646;1.00;179.19;
2025-11-24 18:29:38.44;0.00:00:10:672;1.00;-0.01;0.00;0.07765;0.07733;-0.0005186;1.365E-05;-0.19;0.01;99.58;0.02;99.58;0.07765;0.07733;0.0003223;-11.098;-11.116;-34.917;1.00;178.49;
2025-11-24 18:29:38.49;0.00:00:10:722;1.00;-0.01;0.00;0.07756;0.07723;-0.0005602;1.779E-05;-0.21;0.01;99.58;0.02;99.58;0.07756;0.07723;0.0003294;-11.104;-11.122;-34.822;1.00;178.18;
2025-11-24 18:29:38.55;0.00:00:10:782;1.00;-0.01;0.00;0.07735;0.07701;-0.0004907;1.862E-05;-0.18;0.01;99.57;0.02;99.57;0.07735;0.07702;0.0003316;-11.116;-11.134;-34.794;1.00;177.83;
2025-11-24 18:29:38.60;0.00:00:10:828;1.00;-0.01;0.00;0.07746;0.07705;-0.0004868;1.274E-05;-0.18;0.00;99.47;0.02;99.47;0.07746;0.07705;0.0004096;-11.109;-11.132;-33.877;1.00;178.50;
2025-11-24 18:29:38.64;0.00:00:10:877;1.00;-0.01;0.00;0.07737;0.07706;-0.0005236;3.282E-05;-0.19;0.01;99.61;0.04;99.61;0.07737;0.07706;0.0003045;-11.115;-11.132;-35.164;1.00;176.41;
2025-11-24 18:29:38.71;0.00:00:10:938;1.00;-0.01;0.00;0.07657;0.07631;-0.0005359;6.892E-06;-0.20;0.00;99.67;0.01;99.67;0.07657;0.07631;0.0002521;-11.160;-11.174;-35.985;1.00;179.26;
2025-11-24 18:29:38.76;0.00:00:10:989;1.00;-0.01;0.00;0.07679;0.07641;-0.0004436;-1.028E-06;-0.17;0.00;99.50;0.00;99.50;0.07679;0.07641;0.0003846;-11.147;-11.169;-34.150;1.00;-179.87;
2025-11-24 18:29:38.81;0.00:00:11:041;1.00;-0.01;0.00;0.07735;0.077;-0.0004539;-1.519E-05;-0.17;-0.01;99.55;0.02;99.55;0.07735;0.077;0.000351;-11.115;-11.135;-34.547;1.00;-178.08;
2025-11-24 18:29:38.86;0.00:00:11:092;1.00;-0.01;0.00;0.07753;0.07723;-0.0004734;3.452E-05;-0.18;0.01;99.62;0.04;99.62;0.07753;0.07724;0.0002979;-11.105;-11.122;-35.259;1.00;175.83;
2025-11-24 18:29:38.91;0.00:00:11:143;1.00;-0.01;0.00;0.07728;0.07705;-0.0006138;3.411E-05;-0.23;0.01;99.70;0.04;99.70;0.07728;0.07705;0.00023;-11.119;-11.132;-36.382;1.00;176.82;
2025-11-24 18:29:38.96;0.00:00:11:194;1.00;-0.01;0.00;0.07719;0.07686;-0.0004546;3.481E-05;-0.17;0.01;99.57;0.05;99.57;0.07719;0.07686;0.0003291;-11.124;-11.143;-34.827;1.00;175.62;
2025-11-24 18:29:39.01;0.00:00:11:246;1.00;-0.01;0.00;0.07733;0.07703;-0.0004769;4.114E-05;-0.18;0.02;99.61;0.05;99.61;0.07733;0.07703;0.0002994;-11.116;-11.133;-35.238;1.00;175.07;
2025-11-24 18:29:39.06;0.00:00:11:297;1.00;-0.01;0.00;0.07705;0.07679;-0.0005514;1.906E-05;-0.21;0.01;99.66;0.02;99.66;0.07705;0.07679;0.0002634;-11.132;-11.147;-35.794;1.00;178.02;
2025-11-24 18:29:39.12;0.00:00:11:349;1.00;-0.01;0.00;0.077;0.07668;-0.0004918;3.273E-05;-0.18;0.01;99.59;0.04;99.59;0.077;0.07668;0.0003171;-11.135;-11.153;-34.989;1.00;176.19;
2025-11-24 18:29:39.17;0.00:00:11:398;1.00;-0.01;0.00;0.07702;0.07673;-0.0005445;2.752E-05;-0.20;0.01;99.62;0.04;99.62;0.07702;0.07673;0.0002926;-11.134;-11.150;-35.337;1.00;177.11;
2025-11-24 18:29:39.22;0.00:00:11:450;1.00;-0.01;0.00;0.07705;0.07672;-0.0005109;4.037E-05;-0.19;0.02;99.58;0.05;99.58;0.07705;0.07673;0.0003232;-11.132;-11.151;-34.905;1.00;175.48;
2025-11-24 18:29:39.27;0.00:00:11:501;1.00;-0.01;0.00;0.07709;0.07679;-0.0004494;3.786E-06;-0.17;0.00;99.61;0.00;99.61;0.07709;0.07679;0.0002995;-11.130;-11.147;-35.237;1.00;179.52;
2025-11-24 18:29:39.32;0.00:00:11:553;1.00;-0.01;0.00;0.07737;0.07698;-0.0004123;3.862E-06;-0.15;0.00;99.50;0.00;99.50;0.07737;0.07698;0.0003866;-11.114;-11.136;-34.127;1.00;179.46;
2025-11-24 18:29:39.37;0.00:00:11:605;1.00;-0.01;0.00;0.07767;0.07729;-0.0004749;3.242E-06;-0.18;0.00;99.51;0.00;99.51;0.07767;0.07729;0.0003797;-11.098;-11.119;-34.206;1.00;179.61;
2025-11-24 18:29:39.42;0.00:00:11:655;1.00;-0.01;0.00;0.0777;0.07739;-0.0005003;4.301E-05;-0.19;0.02;99.60;0.06;99.60;0.0777;0.07739;0.000311;-11.096;-11.113;-35.072;1.00;175.09;
2025-11-24 18:29:39.47;0.00:00:11:707;1.00;-0.01;0.00;0.0773;0.077;-0.0006028;2.939E-05;-0.22;0.01;99.60;0.04;99.60;0.0773;0.077;0.0003066;-11.118;-11.135;-35.134;1.00;177.21;
2025-11-24 18:29:39.53;0.00:00:11:759;1.00;-0.01;0.00;0.07723;0.07692;-0.0004915;3.58E-05;-0.18;0.01;99.60;0.05;99.60;0.07723;0.07692;0.0003115;-11.122;-11.140;-35.065;1.00;175.83;
2025-11-24 18:29:39.59;0.00:00:11:820;1.00;-0.01;0.00;0.07715;0.07685;-0.0005149;1.204E-05;-0.19;0.00;99.60;0.02;99.60;0.07715;0.07685;0.0003056;-11.126;-11.144;-35.148;1.00;178.66;
2025-11-24 18:29:39.64;0.00:00:11:871;1.00;-0.01;0.00;0.07693;0.07662;-0.0004893;5.152E-06;-0.18;0.00;99.59;0.01;99.59;0.07693;0.07662;0.0003122;-11.139;-11.156;-35.055;1.00;179.40;
2025-11-24 18:29:39.69;0.00:00:11:922;1.00;-0.01;0.00;0.07705;0.07672;-0.0005023;2.142E-05;-0.19;0.01;99.58;0.03;99.58;0.07705;0.07672;0.0003268;-11.132;-11.151;-34.857;1.00;177.56;
2025-11-24 18:29:39.74;0.00:00:11:973;1.00;-0.01;0.00;0.07731;0.07699;-0.0005111;2.488E-05;-0.19;0.01;99.59;0.03;99.59;0.07731;0.07699;0.0003149;-11.118;-11.136;-35.019;1.00;177.21;
2025-11-24 18:29:39.79;0.00:00:12:024;1.00;-0.01;0.00;0.07726;0.0769;-0.0005106;2.641E-05;-0.19;0.01;99.54;0.03;99.54;0.07726;0.0769;0.0003583;-11.120;-11.141;-34.458;1.00;177.04;
2025-11-24 18:29:39.84;0.00:00:12:075;1.00;-0.01;0.00;0.077;0.07666;-0.0005173;1.556E-05;-0.19;0.01;99.57;0.02;99.57;0.077;0.07666;0.0003325;-11.135;-11.154;-34.782;1.00;178.28;
2025-11-24 18:29:39.89;0.00:00:12:126;1.00;-0.01;0.00;0.07714;0.07679;-0.0004701;2.094E-05;-0.18;0.01;99.54;0.03;99.54;0.07714;0.07679;0.0003517;-11.127;-11.147;-34.539;1.00;177.45;
2025-11-24 18:29:39.94;0.00:00:12:177;1.00;-0.01;0.00;0.07709;0.07675;-0.0004799;2.034E-06;-0.18;0.00;99.57;0.00;99.57;0.07709;0.07676;0.0003337;-11.130;-11.149;-34.766;1.00;179.76;
2025-11-24 18:29:39.99;0.00:00:12:218;1.00;-0.01;0.00;0.07732;0.07693;-0.0004999;9.267E-06;-0.19;0.00;99.49;0.01;99.49;0.07732;0.07693;0.0003911;-11.117;-11.139;-34.077;1.00;178.94;
2025-11-24 18:29:40.05;0.00:00:12:280;1.00;-0.01;0.00;0.07751;0.0772;-0.0005162;1.976E-05;-0.19;0.01;99.60;0.03;99.60;0.07751;0.0772;0.0003096;-11.106;-11.124;-35.092;1.00;177.81;
2025-11-24 18:29:40.09;0.00:00:12:323;1.00;-0.01;0.00;0.07739;0.07702;-0.0005864;-7.302E-06;-0.22;0.00;99.52;0.01;99.52;0.07739;0.07702;0.0003743;-11.113;-11.134;-34.268;1.00;-179.29;
2025-11-24 18:29:40.15;0.00:00:12:378;1.00;-0.01;0.00;0.07757;0.07724;-0.00046;-2.345E-06;-0.17;0.00;99.58;0.00;99.58;0.07757;0.07724;0.0003255;-11.103;-11.121;-34.875;1.00;-179.71;
2025-11-24 18:29:40.19;0.00:00:12:424;1.00;-0.01;0.00;0.07771;0.07733;-0.000525;1.333E-05;-0.19;0.00;99.52;0.02;99.52;0.07771;0.07733;0.0003756;-11.095;-11.116;-34.253;1.00;178.55;
2025-11-24 18:29:40.24;0.00:00:12:475;1.00;-0.01;0.00;0.07764;0.07727;-0.0005395;2.763E-05;-0.20;0.01;99.52;0.04;99.52;0.07764;0.07727;0.0003741;-11.099;-11.120;-34.270;1.00;177.07;
2025-11-24 18:29:40.29;0.00:00:12:527;1.00;-0.01;0.00;0.07767;0.0773;-0.0004939;2.422E-05;-0.18;0.01;99.52;0.03;99.52;0.07767;0.0773;0.0003753;-11.097;-11.118;-34.257;1.00;177.19;
2025-11-24 18:29:40.34;0.00:00:12:577;1.00;-0.01;0.00;0.07764;0.07732;-0.0005257;3.44E-05;-0.19;0.01;99.59;0.04;99.59;0.07764;0.07733;0.0003186;-11.099;-11.117;-34.967;1.00;176.26;
2025-11-24 18:29:40.40;0.00:00:12:629;1.00;-0.01;0.00;0.0775;0.07715;-0.0005733;2.242E-05;-0.21;0.01;99.55;0.03;99.55;0.0775;0.07716;0.0003481;-11.107;-11.126;-34.583;1.00;177.76;
2025-11-24 18:29:40.45;0.00:00:12:684;1.00;-0.01;0.00;0.07744;0.07705;-0.0005539;4.87E-06;-0.21;0.00;99.51;0.01;99.51;0.07744;0.07706;0.0003802;-11.111;-11.132;-34.200;1.00;179.50;
2025-11-24 18:29:40.51;0.00:00:12:744;1.00;-0.01;0.00;0.07752;0.0772;-0.0005137;9.615E-07;-0.19;0.00;99.59;0.00;99.59;0.07752;0.07721;0.0003164;-11.106;-11.123;-34.997;1.00;179.89;
2025-11-24 18:29:40.56;0.00:00:12:795;1.00;-0.01;0.00;0.07751;0.07715;-0.0005171;1.464E-05;-0.19;0.01;99.53;0.02;99.53;0.07751;0.07715;0.0003624;-11.106;-11.127;-34.408;1.00;178.38;
2025-11-24 18:29:40.62;0.00:00:12:857;1.00;-0.01;0.00;0.07747;0.07714;-0.0005433;1.571E-05;-0.20;0.01;99.58;0.02;99.58;0.07747;0.07715;0.0003284;-11.108;-11.127;-34.836;1.00;178.34;
2025-11-24 18:29:40.68;0.00:00:12:908;1.00;-0.01;0.00;0.0775;0.07719;-0.0005472;1.27E-05;-0.20;0.00;99.60;0.02;99.60;0.0775;0.07719;0.0003091;-11.107;-11.124;-35.098;1.00;178.67;
2025-11-24 18:29:40.73;0.00:00:12:959;1.00;-0.01;0.00;0.07742;0.07703;-0.0005478;-2.435E-06;-0.20;0.00;99.51;0.00;99.51;0.07742;0.07703;0.0003829;-11.112;-11.133;-34.169;1.00;-179.75;
2025-11-24 18:29:40.78;0.00:00:13:008;1.00;-0.01;0.00;0.07737;0.07698;-0.0004983;7.946E-06;-0.19;0.00;99.49;0.01;99.49;0.07737;0.07698;0.0003952;-11.114;-11.136;-34.031;1.00;179.09;
2025-11-24 18:29:40.83;0.00:00:13:063;1.00;-0.01;0.00;0.07744;0.07708;-0.000493;2.715E-05;-0.18;0.01;99.55;0.04;99.55;0.07744;0.07709;0.0003517;-11.110;-11.130;-34.538;1.00;176.85;
2025-11-24 18:29:40.88;0.00:00:13:114;1.00;-0.01;0.00;0.07747;0.07719;-0.0005667;2.721E-05;-0.21;0.01;99.64;0.04;99.64;0.07747;0.07719;0.0002796;-11.109;-11.125;-35.535;1.00;177.25;
2025-11-24 18:29:40.93;0.00:00:13:165;1.00;-0.01;0.00;0.07717;0.07686;-0.000502;1.11E-05;-0.19;0.00;99.60;0.01;99.60;0.07717;0.07687;0.0003069;-11.125;-11.143;-35.130;1.00;178.73;
2025-11-24 18:29:40.98;0.00:00:13:217;1.00;-0.01;0.00;0.07695;0.07664;-0.0005198;4.677E-05;-0.19;0.02;99.60;0.06;99.60;0.07695;0.07664;0.0003101;-11.138;-11.155;-35.085;1.00;174.86;
2025-11-24 18:29:41.03;0.00:00:13:267;1.00;-0.01;0.00;0.07685;0.07656;-0.000581;1.169E-05;-0.22;0.00;99.62;0.02;99.62;0.07685;0.07656;0.0002892;-11.144;-11.160;-35.388;1.00;178.85;
2025-11-24 18:29:41.09;0.00:00:13:318;1.00;-0.01;0.00;0.07677;0.07646;-0.0005025;2.093E-05;-0.19;0.01;99.60;0.03;99.60;0.07677;0.07646;0.0003093;-11.148;-11.166;-35.097;1.00;177.62;
2025-11-24 18:29:41.14;0.00:00:13:369;1.00;-0.01;0.00;0.07682;0.07656;-0.0004931;3.535E-05;-0.18;0.01;99.66;0.05;99.66;0.07682;0.07656;0.000259;-11.145;-11.160;-35.867;1.00;175.90;
2025-11-24 18:29:41.19;0.00:00:13:421;1.00;-0.01;0.00;0.07694;0.07664;-0.0005025;5.049E-05;-0.19;0.02;99.62;0.07;99.62;0.07694;0.07664;0.0002937;-11.139;-11.155;-35.321;1.00;174.26;
2025-11-24 18:29:41.25;0.00:00:13:483;1.00;-0.01;0.00;0.07729;0.07689;-0.000449;1.981E-05;-0.17;0.01;99.48;0.03;99.48;0.07729;0.07689;0.0004006;-11.119;-11.141;-33.973;1.00;177.47;
2025-11-24 18:29:41.30;0.00:00:13:534;1.00;-0.01;0.00;0.0774;0.07703;-0.0005497;2.579E-05;-0.20;0.01;99.53;0.03;99.53;0.0774;0.07704;0.0003622;-11.113;-11.133;-34.410;1.00;177.31;
2025-11-24 18:29:41.35;0.00:00:13:585;1.00;-0.01;0.00;0.07698;0.07664;-0.000465;2.003E-05;-0.17;0.01;99.56;0.03;99.56;0.07698;0.07664;0.0003371;-11.136;-11.155;-34.722;1.00;177.53;
2025-11-24 18:29:41.40;0.00:00:13:637;1.00;-0.01;0.00;0.07708;0.07676;-0.0004754;3.411E-05;-0.18;0.01;99.59;0.04;99.59;0.07708;0.07677;0.0003177;-11.130;-11.148;-34.980;1.00;175.90;
2025-11-24 18:29:41.45;0.00:00:13:688;1.00;-0.01;0.00;0.07719;0.0769;-0.0004832;1.323E-05;-0.18;0.00;99.62;0.02;99.62;0.07719;0.0769;0.0002934;-11.124;-11.141;-35.325;1.00;178.43;
2025-11-24 18:29:41.52;0.00:00:13:750;1.00;-0.01;0.00;0.07725;0.07691;-0.0005072;3.111E-05;-0.19;0.01;99.56;0.04;99.56;0.07725;0.07691;0.0003363;-11.121;-11.140;-34.732;1.00;176.49;
2025-11-24 18:29:41.57;0.00:00:13:802;1.00;-0.01;0.00;0.07708;0.07678;-0.0005267;1.884E-05;-0.20;0.01;99.61;0.02;99.61;0.07708;0.07679;0.0002996;-11.130;-11.147;-35.234;1.00;177.95;
2025-11-24 18:29:41.63;0.00:00:13:864;1.00;-0.01;0.00;0.07717;0.07686;-0.0005061;1.3E-05;-0.19;0.00;99.61;0.02;99.61;0.07717;0.07687;0.0003006;-11.126;-11.143;-35.220;1.00;178.53;
2025-11-24 18:29:41.68;0.00:00:13:915;1.00;-0.01;0.00;0.07703;0.07668;-0.0004984;1.592E-05;-0.19;0.01;99.55;0.02;99.55;0.07703;0.07669;0.0003438;-11.133;-11.153;-34.637;1.00;178.17;
2025-11-24 18:29:41.73;0.00:00:13:966;1.00;-0.01;0.00;0.0772;0.0768;-0.0004904;2.733E-05;-0.18;0.01;99.49;0.04;99.49;0.0772;0.0768;0.0003936;-11.124;-11.146;-34.049;1.00;176.81;
2025-11-24 18:29:41.79;0.00:00:14:018;1.00;-0.01;0.00;0.0772;0.07695;-0.000519;1.843E-05;-0.19;0.01;99.69;0.02;99.69;0.0772;0.07696;0.0002429;-11.124;-11.138;-36.146;1.00;177.97;
2025-11-24 18:29:41.84;0.00:00:14:069;1.00;-0.01;0.00;0.07712;0.07683;-0.0005439;2.52E-05;-0.20;0.01;99.63;0.03;99.63;0.07712;0.07684;0.0002869;-11.128;-11.144;-35.422;1.00;177.35;
2025-11-24 18:29:41.89;0.00:00:14:120;1.00;-0.01;0.00;0.07725;0.07686;-0.0004428;2.94E-05;-0.17;0.01;99.51;0.04;99.51;0.07725;0.07686;0.0003811;-11.121;-11.143;-34.190;1.00;176.20;
2025-11-24 18:29:41.94;0.00:00:14:171;1.00;-0.01;0.00;0.07726;0.07694;-0.0005314;1.147E-05;-0.20;0.00;99.58;0.01;99.58;0.07726;0.07694;0.0003244;-11.120;-11.139;-34.889;1.00;178.76;
2025-11-24 18:29:41.99;0.00:00:14:222;1.00;-0.01;0.00;0.07731;0.077;-0.0005441;7.453E-06;-0.20;0.00;99.60;0.01;99.60;0.07731;0.077;0.0003108;-11.117;-11.135;-35.076;1.00;179.22;
2025-11-24 18:29:42.04;0.00:00:14:273;1.00;-0.01;0.00;0.07721;0.07693;-0.000537;1.487E-05;-0.20;0.01;99.64;0.02;99.64;0.07721;0.07693;0.0002804;-11.123;-11.139;-35.522;1.00;178.41;
2025-11-24 18:29:42.10;0.00:00:14:333;1.00;-0.01;0.00;0.07735;0.07693;-0.0005089;2.675E-05;-0.19;0.01;99.47;0.03;99.47;0.07735;0.07693;0.0004125;-11.116;-11.139;-33.846;1.00;176.99;
2025-11-24 18:29:42.15;0.00:00:14:387;1.00;-0.01;0.00;0.07716;0.0769;-0.0005101;3.177E-05;-0.19;0.01;99.66;0.04;99.66;0.07716;0.07691;0.0002594;-11.126;-11.140;-35.860;1.00;176.44;
2025-11-24 18:29:42.22;0.00:00:14:449;1.00;-0.01;0.00;0.07715;0.07685;-0.0005338;3.941E-05;-0.20;0.01;99.62;0.05;99.62;0.07715;0.07686;0.0002905;-11.127;-11.143;-35.368;1.00;175.78;
2025-11-24 18:29:42.27;0.00:00:14:500;1.00;-0.01;0.00;0.07713;0.07681;-0.0005238;1.866E-05;-0.20;0.01;99.59;0.02;99.59;0.07713;0.07682;0.0003161;-11.128;-11.146;-35.001;1.00;177.96;
2025-11-24 18:29:42.32;0.00:00:14:551;1.00;-0.01;0.00;0.07729;0.077;-0.0005239;1.406E-05;-0.19;0.01;99.63;0.02;99.63;0.07729;0.077;0.0002832;-11.119;-11.135;-35.480;1.00;178.46;
2025-11-24 18:29:42.36;0.00:00:14:594;1.00;-0.01;0.00;0.07734;0.07698;-0.0005357;1.721E-05;-0.20;0.01;99.53;0.02;99.53;0.07734;0.07698;0.0003618;-11.116;-11.136;-34.415;1.00;178.16;
2025-11-24 18:29:42.41;0.00:00:14:643;1.00;-0.01;0.00;0.07736;0.077;-0.0005283;2.439E-05;-0.20;0.01;99.54;0.03;99.54;0.07736;0.077;0.0003567;-11.115;-11.135;-34.477;1.00;177.36;
2025-11-24 18:29:42.46;0.00:00:14:694;1.00;-0.01;0.00;0.07737;0.07707;-0.0004938;2.369E-05;-0.18;0.01;99.61;0.03;99.61;0.07737;0.07707;0.0002999;-11.114;-11.131;-35.230;1.00;177.25;
2025-11-24 18:29:42.51;0.00:00:14:745;1.00;-0.01;0.00;0.07742;0.07709;-0.0005221;1.623E-05;-0.19;0.01;99.58;0.02;99.58;0.07742;0.07709;0.0003248;-11.112;-11.130;-34.884;1.00;178.22;
2025-11-24 18:29:42.56;0.00:00:14:796;1.00;-0.01;0.00;0.07755;0.07717;-0.0005135;1.416E-05;-0.19;0.01;99.50;0.02;99.50;0.07755;0.07717;0.000384;-11.104;-11.126;-34.157;1.00;178.42;
2025-11-24 18:29:42.62;0.00:00:14:856;1.00;-0.01;0.00;0.07735;0.07702;-0.0005421;2.13E-05;-0.20;0.01;99.58;0.03;99.58;0.07735;0.07702;0.0003287;-11.116;-11.134;-34.832;1.00;177.75;
2025-11-24 18:29:42.68;0.00:00:14:908;1.00;-0.01;0.00;0.07723;0.0769;-0.0005219;1.09E-05;-0.19;0.00;99.58;0.01;99.58;0.07723;0.07691;0.0003273;-11.122;-11.140;-34.851;1.00;178.80;
2025-11-24 18:29:42.73;0.00:00:14:958;1.00;-0.01;0.00;0.07732;0.07687;-0.0005078;-8.992E-07;-0.19;0.00;99.42;0.00;99.42;0.07732;0.07687;0.0004519;-11.117;-11.143;-33.450;1.00;-179.90;
2025-11-24 18:29:42.78;0.00:00:15:008;1.00;-0.01;0.00;0.07746;0.07715;-0.00051;3.053E-05;-0.19;0.01;99.60;0.04;99.60;0.07746;0.07715;0.0003125;-11.109;-11.127;-35.051;1.00;176.57;
2025-11-24 18:29:42.83;0.00:00:15:061;1.00;-0.01;0.00;0.07746;0.07715;-0.0005417;2.043E-05;-0.20;0.01;99.60;0.03;99.60;0.07746;0.07715;0.0003073;-11.109;-11.127;-35.124;1.00;177.84;
2025-11-24 18:29:42.88;0.00:00:15:111;1.00;-0.01;0.00;0.07759;0.07721;-0.0004615;2.15E-05;-0.17;0.01;99.50;0.03;99.50;0.07759;0.07721;0.0003862;-11.102;-11.123;-34.132;1.00;177.33;
2025-11-24 18:29:42.93;0.00:00:15:163;1.00;-0.01;0.00;0.07756;0.07722;-0.0005364;1.706E-05;-0.20;0.01;99.56;0.02;99.56;0.07756;0.07722;0.0003431;-11.104;-11.123;-34.646;1.00;178.18;
2025-11-24 18:29:42.98;0.00:00:15:214;1.00;-0.01;0.00;0.07727;0.07699;-0.0005898;2.265E-05;-0.22;0.01;99.63;0.03;99.63;0.07727;0.07699;0.0002858;-11.120;-11.136;-35.440;1.00;177.80;
2025-11-24 18:29:43.03;0.00:00:15:265;1.00;-0.01;0.00;0.07704;0.07673;-0.0005669;2.884E-05;-0.21;0.01;99.60;0.04;99.60;0.07704;0.07673;0.0003101;-11.133;-11.150;-35.085;1.00;177.09;
2025-11-24 18:29:43.09;0.00:00:15:327;1.00;-0.01;0.00;0.07686;0.07658;-0.0005152;1.68E-05;-0.19;0.01;99.64;0.02;99.64;0.07686;0.07659;0.0002732;-11.143;-11.158;-35.635;1.00;178.13;
2025-11-24 18:29:43.15;0.00:00:15:378;1.00;-0.01;0.00;0.077;0.0767;-0.0004174;7.342E-07;-0.16;0.00;99.61;0.00;99.61;0.077;0.0767;0.0002985;-11.135;-11.152;-35.251;1.00;179.90;
2025-11-24 18:29:43.20;0.00:00:15:428;1.00;-0.01;0.00;0.07767;0.07732;-0.0005073;9.895E-06;-0.19;0.00;99.55;0.01;99.55;0.07767;0.07732;0.0003473;-11.098;-11.117;-34.593;1.00;178.88;
2025-11-24 18:29:43.25;0.00:00:15:480;1.00;-0.01;0.00;0.0777;0.07741;-0.0005346;3.186E-05;-0.20;0.01;99.63;0.04;99.63;0.0777;0.07741;0.0002899;-11.096;-11.112;-35.377;1.00;176.59;
2025-11-24 18:29:43.31;0.00:00:15:540;1.00;-0.01;0.00;0.07746;0.07709;-0.0005307;-6.348E-06;-0.20;0.00;99.52;0.01;99.52;0.07746;0.07709;0.0003706;-11.109;-11.130;-34.311;1.00;-179.31;
2025-11-24 18:29:43.36;0.00:00:15:592;1.00;-0.01;0.00;0.07746;0.07713;-0.000586;1.851E-05;-0.22;0.01;99.58;0.02;99.58;0.07746;0.07713;0.0003243;-11.110;-11.128;-34.891;1.00;178.19;
2025-11-24 18:29:43.41;0.00:00:15:643;1.00;-0.01;0.00;0.07718;0.07688;-0.0005075;3.398E-05;-0.19;0.01;99.61;0.04;99.61;0.07718;0.07688;0.0003019;-11.125;-11.142;-35.201;1.00;176.17;
2025-11-24 18:29:43.46;0.00:00:15:694;1.00;-0.01;0.00;0.07712;0.07684;-0.0005729;1.831E-05;-0.21;0.01;99.64;0.02;99.64;0.07712;0.07685;0.0002755;-11.128;-11.144;-35.599;1.00;178.17;
2025-11-24 18:29:43.51;0.00:00:15:745;1.00;-0.01;0.00;0.07723;0.07682;-0.0004815;1.119E-05;-0.18;0.00;99.47;0.01;99.47;0.07723;0.07682;0.0004092;-11.122;-11.145;-33.880;1.00;178.67;
2025-11-24 18:29:43.56;0.00:00:15:796;1.00;-0.01;0.00;0.07764;0.07724;-0.0005024;3.66E-05;-0.19;0.01;99.48;0.05;99.48;0.07764;0.07724;0.0004004;-11.099;-11.122;-33.975;1.00;175.83;
2025-11-24 18:29:43.62;0.00:00:15:848;1.00;-0.01;0.00;0.07765;0.07736;-0.0005047;2.434E-05;-0.19;0.01;99.62;0.03;99.62;0.07765;0.07736;0.0002917;-11.098;-11.115;-35.350;1.00;177.24;
2025-11-24 18:29:43.67;0.00:00:15:900;1.00;-0.01;0.00;0.07773;0.07738;-0.0004757;3.13E-05;-0.18;0.01;99.55;0.04;99.55;0.07773;0.07738;0.0003501;-11.094;-11.114;-34.558;1.00;176.24;
2025-11-24 18:29:43.72;0.00:00:15:951;1.00;-0.01;0.00;0.07777;0.07742;-0.0005389;3.657E-05;-0.20;0.01;99.55;0.05;99.55;0.07777;0.07742;0.0003511;-11.092;-11.111;-34.545;1.00;176.12;
2025-11-24 18:29:43.77;0.00:00:16:002;1.00;-0.01;0.00;0.07763;0.0773;-0.0004661;1.216E-05;-0.17;0.00;99.57;0.02;99.57;0.07763;0.0773;0.00033;-11.100;-11.118;-34.814;1.00;178.51;
2025-11-24 18:29:43.82;0.00:00:16:053;1.00;-0.01;0.00;0.07768;0.0774;-0.0005362;4.454E-05;-0.20;0.02;99.63;0.06;99.63;0.07768;0.0774;0.0002841;-11.097;-11.113;-35.466;1.00;175.25;
2025-11-24 18:29:43.87;0.00:00:16:104;1.00;-0.01;0.00;0.07749;0.07716;-0.0005429;8.008E-06;-0.20;0.00;99.57;0.01;99.57;0.07749;0.07716;0.0003326;-11.108;-11.126;-34.781;1.00;179.15;
2025-11-24 18:29:43.92;0.00:00:16:155;1.00;-0.01;0.00;0.07745;0.07712;-0.0005366;3.271E-05;-0.20;0.01;99.58;0.04;99.58;0.07745;0.07712;0.000326;-11.110;-11.128;-34.867;1.00;176.51;
2025-11-24 18:29:43.98;0.00:00:16:215;1.00;-0.01;0.00;0.07695;0.07671;-0.0005923;2.892E-05;-0.22;0.01;99.69;0.04;99.69;0.07695;0.07671;0.0002385;-11.138;-11.151;-36.225;1.00;177.20;
2025-11-24 18:29:44.03;0.00:00:16:261;1.00;-0.01;0.00;0.07685;0.07651;-0.0004873;1.294E-05;-0.18;0.00;99.57;0.02;99.57;0.07685;0.07652;0.0003316;-11.144;-11.163;-34.794;1.00;178.48;
2025-11-24 18:29:44.08;0.00:00:16:309;1.00;-0.01;0.00;0.07705;0.07674;-0.0005138;3.477E-05;-0.19;0.01;99.60;0.05;99.60;0.07705;0.07674;0.0003096;-11.132;-11.150;-35.092;1.00;176.13;
2025-11-24 18:29:44.13;0.00:00:16:360;1.00;-0.01;0.00;0.0773;0.07698;-0.0004889;3.816E-06;-0.18;0.00;99.59;0.00;99.59;0.0773;0.07698;0.0003181;-11.118;-11.136;-34.975;1.00;179.55;
2025-11-24 18:29:44.19;0.00:00:16:422;1.00;-0.01;0.00;0.07738;0.07707;-0.0004988;1.433E-05;-0.19;0.01;99.60;0.02;99.60;0.07738;0.07707;0.0003078;-11.114;-11.131;-35.117;1.00;178.35;
2025-11-24 18:29:44.25;0.00:00:16:483;1.00;-0.01;0.00;0.07723;0.07691;-0.0005272;-1.201E-06;-0.20;0.00;99.58;0.00;99.58;0.07723;0.07691;0.000326;-11.122;-11.140;-34.867;1.00;-179.87;
2025-11-24 18:29:44.30;0.00:00:16:536;1.00;-0.01;0.00;0.07729;0.07698;-0.0005155;1.214E-05;-0.19;0.00;99.59;0.02;99.59;0.07729;0.07698;0.0003146;-11.119;-11.136;-35.022;1.00;178.65;
2025-11-24 18:29:44.35;0.00:00:16:587;1.00;-0.01;0.00;0.0772;0.07689;-0.00058;3.451E-05;-0.22;0.01;99.60;0.04;99.60;0.0772;0.07689;0.0003064;-11.124;-11.141;-35.137;1.00;176.59;
2025-11-24 18:29:44.41;0.00:00:16:638;1.00;-0.01;0.00;0.07726;0.07687;-0.0004855;7.245E-06;-0.18;0.00;99.49;0.01;99.49;0.07726;0.07687;0.0003915;-11.120;-11.142;-34.073;1.00;179.15;
2025-11-24 18:29:44.46;0.00:00:16:690;1.00;-0.01;0.00;0.07735;0.07702;-0.0004875;9.499E-06;-0.18;0.00;99.57;0.01;99.57;0.07735;0.07702;0.0003321;-11.115;-11.134;-34.788;1.00;178.88;
2025-11-24 18:29:44.51;0.00:00:16:741;1.00;-0.01;0.00;0.07753;0.07722;-0.0005021;4.042E-06;-0.19;0.00;99.59;0.01;99.59;0.07753;0.07722;0.0003144;-11.105;-11.123;-35.025;1.00;179.54;
2025-11-24 18:29:44.56;0.00:00:16:792;1.00;-0.01;0.00;0.07752;0.07716;-0.000522;1.851E-05;-0.19;0.01;99.53;0.02;99.53;0.07752;0.07716;0.0003607;-11.106;-11.126;-34.429;1.00;177.97;
2025-11-24 18:29:44.61;0.00:00:16:844;1.00;-0.01;0.00;0.07755;0.07715;-0.000507;4.829E-05;-0.19;0.02;99.49;0.06;99.49;0.07755;0.07715;0.0003954;-11.104;-11.127;-34.030;1.00;174.56;
2025-11-24 18:29:44.66;0.00:00:16:890;1.00;-0.01;0.00;0.0776;0.0773;-0.0005044;2.085E-05;-0.19;0.01;99.62;0.03;99.62;0.0776;0.07731;0.0002977;-11.101;-11.118;-35.262;1.00;177.63;
2025-11-24 18:29:44.70;0.00:00:16:937;1.00;-0.01;0.00;0.07753;0.07719;-0.000562;1.69E-05;-0.21;0.01;99.57;0.02;99.57;0.07753;0.0772;0.00033;-11.106;-11.124;-34.815;1.00;178.28;
2025-11-24 18:29:44.75;0.00:00:16:983;1.00;-0.01;0.00;0.07726;0.07702;-0.0005658;1.935E-05;-0.21;0.01;99.69;0.03;99.69;0.07726;0.07702;0.0002413;-11.120;-11.134;-36.174;1.00;178.04;
2025-11-24 18:29:44.80;0.00:00:17:030;1.00;-0.01;0.00;0.07722;0.0769;-0.0005064;2.125E-05;-0.19;0.01;99.59;0.03;99.59;0.07722;0.07691;0.0003168;-11.123;-11.140;-34.993;1.00;177.60;
2025-11-24 18:29:44.84;0.00:00:17:077;1.00;-0.01;0.00;0.07742;0.07712;-0.000427;1.891E-05;-0.16;0.01;99.61;0.02;99.61;0.07742;0.07712;0.0003042;-11.111;-11.129;-35.169;1.00;177.46;
2025-11-24 18:29:44.89;0.00:00:17:125;1.00;-0.01;0.00;0.07756;0.07727;-0.0004952;1.934E-05;-0.18;0.01;99.63;0.02;99.63;0.07756;0.07727;0.0002895;-11.104;-11.120;-35.383;1.00;177.76;
2025-11-24 18:29:44.94;0.00:00:17:172;1.00;-0.01;0.00;0.07736;0.07697;-0.0005068;5.204E-06;-0.19;0.00;99.50;0.01;99.50;0.07736;0.07697;0.0003843;-11.115;-11.137;-34.153;1.00;179.41;
2025-11-24 18:29:44.99;0.00:00:17:219;1.00;-0.01;0.00;0.07745;0.07713;-0.0004979;3.641E-05;-0.18;0.01;99.59;0.05;99.59;0.07745;0.07713;0.0003194;-11.110;-11.128;-34.957;1.00;175.82;
2025-11-24 18:29:45.04;0.00:00:17:268;1.00;-0.01;0.00;0.07728;0.0769;-0.0004161;-5.94E-06;-0.16;0.00;99.51;0.01;99.51;0.07728;0.0769;0.0003808;-11.119;-11.141;-34.194;1.00;-179.18;
2025-11-24 18:29:45.10;0.00:00:17:328;1.00;-0.01;0.00;0.07758;0.0772;-0.0005352;3.321E-05;-0.20;0.01;99.50;0.04;99.50;0.07758;0.0772;0.0003847;-11.102;-11.124;-34.149;1.00;176.45;
2025-11-24 18:29:45.14;0.00:00:17:375;1.00;-0.01;0.00;0.07735;0.07702;-0.0005788;3.702E-05;-0.22;0.01;99.57;0.05;99.57;0.07735;0.07702;0.0003299;-11.116;-11.134;-34.816;1.00;176.34;
2025-11-24 18:29:45.19;0.00:00:17:421;1.00;-0.01;0.00;0.07734;0.07693;-0.0004934;2.092E-05;-0.18;0.01;99.47;0.03;99.47;0.07734;0.07693;0.0004114;-11.116;-11.139;-33.858;1.00;177.57;
2025-11-24 18:29:45.24;0.00:00:17:469;1.00;-0.01;0.00;0.07768;0.07733;-0.0005424;3.405E-05;-0.20;0.01;99.55;0.04;99.55;0.07768;0.07733;0.0003469;-11.097;-11.116;-34.597;1.00;176.41;
2025-11-24 18:29:45.28;0.00:00:17:516;1.00;-0.01;0.00;0.07757;0.07729;-0.0005255;1.686E-05;-0.19;0.01;99.64;0.02;99.64;0.07757;0.07729;0.0002781;-11.103;-11.119;-35.558;1.00;178.16;
2025-11-24 18:29:45.33;0.00:00:17:565;1.00;-0.01;0.00;0.07751;0.07719;-0.0005472;3.314E-05;-0.20;0.01;99.59;0.04;99.59;0.07751;0.07719;0.000318;-11.106;-11.124;-34.975;1.00;176.53;
2025-11-24 18:29:45.38;0.00:00:17:611;1.00;-0.01;0.00;0.07738;0.07701;-0.0005189;4.098E-05;-0.19;0.02;99.52;0.05;99.52;0.07738;0.07701;0.0003688;-11.114;-11.134;-34.332;1.00;175.49;
2025-11-24 18:29:45.42;0.00:00:17:657;1.00;-0.01;0.00;0.07721;0.0769;-0.0005601;3.047E-05;-0.21;0.01;99.60;0.04;99.60;0.07721;0.0769;0.0003058;-11.123;-11.141;-35.146;1.00;176.89;
2025-11-24 18:29:45.47;0.00:00:17:704;1.00;-0.01;0.00;0.07699;0.07671;-0.0005714;3.155E-05;-0.21;0.01;99.64;0.04;99.64;0.07699;0.07671;0.0002769;-11.136;-11.151;-35.577;1.00;176.84;
2025-11-24 18:29:45.52;0.00:00:17:750;1.00;-0.01;0.00;0.07699;0.07667;-0.0004587;6.269E-06;-0.17;0.00;99.59;0.01;99.59;0.07699;0.07667;0.000317;-11.136;-11.153;-34.990;1.00;179.22;
2025-11-24 18:29:45.57;0.00:00:17:798;1.00;-0.01;0.00;0.07729;0.07688;-0.0004552;8.174E-06;-0.17;0.00;99.47;0.01;99.47;0.07729;0.07688;0.0004093;-11.119;-11.142;-33.879;1.00;178.97;
2025-11-24 18:29:45.61;0.00:00:17:845;1.00;-0.01;0.00;0.07754;0.07718;-0.0005093;8.967E-06;-0.19;0.00;99.53;0.01;99.53;0.07754;0.07718;0.0003627;-11.105;-11.125;-34.405;1.00;178.99;
2025-11-24 18:29:45.66;0.00:00:17:893;1.00;-0.01;0.00;0.07764;0.07728;-0.0004993;2.311E-05;-0.19;0.01;99.54;0.03;99.54;0.07764;0.07728;0.0003609;-11.099;-11.119;-34.426;1.00;177.35;
2025-11-24 18:29:45.71;0.00:00:17:940;1.00;-0.01;0.00;0.0778;0.07745;-0.0005126;2.171E-05;-0.19;0.01;99.55;0.03;99.55;0.0778;0.07745;0.0003526;-11.090;-11.110;-34.528;1.00;177.58;
2025-11-24 18:29:45.75;0.00:00:17:986;1.00;-0.01;0.00;0.07783;0.07747;-0.0005423;2.857E-05;-0.20;0.01;99.54;0.04;99.54;0.07783;0.07747;0.0003574;-11.089;-11.109;-34.469;1.00;176.98;
2025-11-24 18:29:45.80;0.00:00:18:032;1.00;-0.01;0.00;0.07777;0.0775;-0.0005465;2.621E-05;-0.20;0.01;99.65;0.03;99.65;0.07777;0.0775;0.0002697;-11.092;-11.107;-35.691;1.00;177.25;
2025-11-24 18:29:45.85;0.00:00:18:079;1.00;-0.01;0.00;0.07737;0.07708;-0.0006038;5.041E-05;-0.22;0.02;99.62;0.07;99.62;0.07737;0.07708;0.000294;-11.114;-11.131;-35.317;1.00;175.23;
2025-11-24 18:29:45.89;0.00:00:18:125;1.00;-0.01;0.00;0.07708;0.07683;-0.0005357;5.573E-05;-0.20;0.02;99.68;0.07;99.68;0.07708;0.07683;0.0002462;-11.131;-11.145;-36.087;1.00;174.06;
2025-11-24 18:29:45.94;0.00:00:18:171;1.00;-0.01;0.00;0.07702;0.07671;-0.0005377;2.207E-05;-0.20;0.01;99.60;0.03;99.60;0.07702;0.07671;0.0003079;-11.134;-11.151;-35.115;1.00;177.65;
2025-11-24 18:29:45.99;0.00:00:18:218;1.00;-0.01;0.00;0.07702;0.07668;-0.0004806;6.017E-06;-0.18;0.00;99.56;0.01;99.56;0.07702;0.07668;0.0003405;-11.134;-11.153;-34.678;1.00;179.28;
2025-11-24 18:29:46.03;0.00:00:18:264;1.00;-0.01;0.00;0.07718;0.07685;-0.0005358;-1.455E-06;-0.20;0.00;99.58;0.00;99.58;0.07718;0.07686;0.0003259;-11.125;-11.143;-34.869;1.00;-179.84;
2025-11-24 18:29:46.08;0.00:00:18:311;1.00;-0.01;0.00;0.07719;0.07692;-0.0005455;2.838E-05;-0.20;0.01;99.65;0.04;99.65;0.07719;0.07692;0.0002676;-11.124;-11.140;-35.725;1.00;177.02;
2025-11-24 18:29:46.12;0.00:00:18:358;1.00;-0.01;0.00;0.07716;0.07681;-0.0004873;8.016E-06;-0.18;0.00;99.56;0.01;99.56;0.07716;0.07682;0.0003407;-11.126;-11.145;-34.676;1.00;179.06;
2025-11-24 18:29:46.17;0.00:00:18:405;1.00;-0.01;0.00;0.07706;0.07678;-0.0005558;2.192E-05;-0.21;0.01;99.64;0.03;99.64;0.07706;0.07678;0.0002774;-11.132;-11.148;-35.568;1.00;177.74;
2025-11-24 18:29:46.22;0.00:00:18:452;1.00;-0.01;0.00;0.07712;0.07674;-0.0004793;3.354E-06;-0.18;0.00;99.51;0.00;99.51;0.07712;0.07674;0.0003757;-11.128;-11.150;-34.252;1.00;179.60;
2025-11-24 18:29:46.27;0.00:00:18:498;1.00;-0.01;0.00;0.07744;0.07711;-0.0004765;4.809E-06;-0.18;0.00;99.57;0.01;99.57;0.07744;0.07711;0.0003322;-11.110;-11.129;-34.786;1.00;179.42;
2025-11-24 18:29:46.31;0.00:00:18:545;1.00;-0.01;0.00;0.07743;0.0771;-0.000544;2.436E-05;-0.20;0.01;99.57;0.03;99.57;0.07743;0.0771;0.0003309;-11.111;-11.129;-34.803;1.00;177.44;
2025-11-24 18:29:46.36;0.00:00:18:591;1.00;-0.01;0.00;0.07729;0.07707;-0.0005654;3.635E-05;-0.21;0.01;99.72;0.05;99.72;0.07729;0.07707;0.0002183;-11.119;-11.131;-36.609;1.00;176.32;
2025-11-24 18:29:46.41;0.00:00:18:638;1.00;-0.01;0.00;0.07723;0.07688;-0.0004673;9.165E-06;-0.17;0.00;99.54;0.01;99.54;0.07723;0.07688;0.0003537;-11.122;-11.142;-34.514;1.00;178.88;
2025-11-24 18:29:46.45;0.00:00:18:684;1.00;-0.01;0.00;0.07752;0.07718;-0.0005297;2.045E-05;-0.20;0.01;99.56;0.03;99.56;0.07752;0.07718;0.0003406;-11.106;-11.125;-34.678;1.00;177.79;
2025-11-24 18:29:46.50;0.00:00:18:731;1.00;-0.01;0.00;0.07748;0.07713;-0.0005823;4.242E-05;-0.22;0.02;99.55;0.05;99.55;0.07748;0.07713;0.0003472;-11.108;-11.128;-34.594;1.00;175.83;
2025-11-24 18:29:46.55;0.00:00:18:778;1.00;-0.01;0.00;0.07741;0.07708;-0.0005003;1.668E-05;-0.19;0.01;99.58;0.02;99.58;0.07741;0.07708;0.0003269;-11.112;-11.131;-34.856;1.00;178.09;
2025-11-24 18:29:46.59;0.00:00:18:825;1.00;-0.01;0.00;0.07744;0.07709;-0.0005141;7.874E-06;-0.19;0.00;99.55;0.01;99.55;0.07744;0.07709;0.0003457;-11.110;-11.130;-34.613;1.00;179.12;
2025-11-24 18:29:46.64;0.00:00:18:876;1.00;-0.01;0.00;0.07768;0.07731;-0.0005346;2.692E-05;-0.20;0.01;99.53;0.03;99.53;0.07768;0.07731;0.0003686;-11.097;-11.118;-34.334;1.00;177.12;
2025-11-24 18:29:46.71;0.00:00:18:938;1.00;-0.01;0.00;0.07757;0.07726;-0.0005359;2.235E-05;-0.20;0.01;99.60;0.03;99.60;0.07757;0.07726;0.0003127;-11.103;-11.120;-35.048;1.00;177.61;
2025-11-24 18:29:46.76;0.00:00:18:989;1.00;-0.01;0.00;0.07726;0.07698;-0.000521;-1.176E-05;-0.19;0.00;99.64;0.02;99.64;0.07726;0.07698;0.0002814;-11.121;-11.136;-35.507;1.00;-178.71;
2025-11-24 18:29:46.81;0.00:00:19:040;1.00;-0.01;0.00;0.07723;0.07694;-0.0005017;2.235E-05;-0.19;0.01;99.63;0.03;99.63;0.07723;0.07694;0.0002894;-11.122;-11.138;-35.385;1.00;177.45;
2025-11-24 18:29:46.86;0.00:00:19:091;1.00;-0.01;0.00;0.07726;0.0769;-0.0005299;-9.48E-06;-0.20;0.00;99.55;0.01;99.55;0.07726;0.07691;0.0003498;-11.121;-11.140;-34.562;1.00;-178.98;
2025-11-24 18:29:46.91;0.00:00:19:143;1.00;-0.01;0.00;0.07756;0.07719;-0.0005478;4.039E-05;-0.20;0.01;99.53;0.05;99.53;0.07756;0.07719;0.0003657;-11.104;-11.124;-34.369;1.00;175.78;
2025-11-24 18:29:46.96;0.00:00:19:194;1.00;-0.01;0.00;0.07727;0.07694;-0.0005262;1.515E-05;-0.20;0.01;99.59;0.02;99.59;0.07727;0.07695;0.0003189;-11.120;-11.138;-34.964;1.00;178.35;
2025-11-24 18:29:47.01;0.00:00:19:246;1.00;-0.01;0.00;0.07723;0.07692;-0.0005945;2.165E-05;-0.22;0.01;99.60;0.03;99.60;0.07723;0.07692;0.000308;-11.122;-11.140;-35.115;1.00;177.91;
2025-11-24 18:29:47.06;0.00:00:19:297;1.00;-0.01;0.00;0.07716;0.07681;-0.0004562;1.651E-06;-0.17;0.00;99.55;0.00;99.55;0.07716;0.07682;0.0003436;-11.126;-11.146;-34.639;1.00;179.79;
2025-11-24 18:29:47.11;0.00:00:19:341;1.00;-0.01;0.00;0.07726;0.07689;-0.0005108;6.073E-06;-0.19;0.00;99.52;0.01;99.52;0.07726;0.07689;0.0003697;-11.120;-11.141;-34.321;1.00;179.32;
2025-11-24 18:29:47.17;0.00:00:19:399;1.00;-0.01;0.00;0.0777;0.07727;-0.0004788;1.2E-05;-0.18;0.00;99.45;0.02;99.45;0.0777;0.07727;0.0004277;-11.096;-11.120;-33.689;1.00;178.56;
2025-11-24 18:29:47.23;0.00:00:19:461;1.00;-0.01;0.00;0.07745;0.07714;-0.0005731;4.744E-06;-0.21;0.00;99.61;0.01;99.61;0.07745;0.07715;0.0003052;-11.110;-11.127;-35.154;1.00;179.53;
2025-11-24 18:29:47.28;0.00:00:19:512;1.00;-0.01;0.00;0.07725;0.07694;-0.000501;1.593E-05;-0.19;0.01;99.60;0.02;99.60;0.07725;0.07694;0.0003074;-11.121;-11.138;-35.123;1.00;178.18;
2025-11-24 18:29:47.34;0.00:00:19:574;1.00;-0.01;0.00;0.07739;0.0771;-0.0005406;1.98E-05;-0.20;0.01;99.62;0.03;99.62;0.07739;0.0771;0.0002937;-11.113;-11.130;-35.321;1.00;177.90;
2025-11-24 18:29:47.39;0.00:00:19:625;1.00;-0.01;0.00;0.07735;0.07699;-0.0005558;1.449E-05;-0.21;0.01;99.54;0.02;99.54;0.07735;0.07699;0.0003583;-11.115;-11.135;-34.457;1.00;178.51;
2025-11-24 18:29:47.44;0.00:00:19:675;1.00;-0.01;0.00;0.07731;0.07697;-0.0005198;1.997E-05;-0.19;0.01;99.57;0.03;99.57;0.07731;0.07697;0.0003338;-11.118;-11.137;-34.765;1.00;177.80;
2025-11-24 18:29:47.49;0.00:00:19:727;1.00;-0.01;0.00;0.07708;0.07678;-0.0004897;1.878E-05;-0.18;0.01;99.61;0.02;99.61;0.07708;0.07678;0.0003042;-11.130;-11.148;-35.168;1.00;177.80;
2025-11-24 18:29:47.54;0.00:00:19:776;1.00;-0.01;0.00;0.07693;0.07671;-0.0004965;4.932E-05;-0.19;0.02;99.71;0.06;99.71;0.07693;0.07671;0.0002255;-11.139;-11.152;-36.469;1.00;174.33;
2025-11-24 18:29:47.59;0.00:00:19:826;1.00;-0.01;0.00;0.077;0.07666;-0.0004851;1.255E-05;-0.18;0.00;99.56;0.02;99.56;0.077;0.07666;0.000337;-11.135;-11.154;-34.723;1.00;178.52;
2025-11-24 18:29:47.64;0.00:00:19:877;1.00;-0.01;0.00;0.07693;0.07659;-0.0005072;1.479E-05;-0.19;0.01;99.56;0.02;99.56;0.07693;0.07659;0.0003419;-11.139;-11.158;-34.661;1.00;178.33;
2025-11-24 18:29:47.70;0.00:00:19:934;1.00;-0.01;0.00;0.07716;0.07682;-0.0004882;2.612E-05;-0.18;0.01;99.57;0.03;99.57;0.07716;0.07683;0.0003318;-11.126;-11.145;-34.791;1.00;176.94;
2025-11-24 18:29:47.77;0.00:00:20:000;1.00;-0.01;0.00;0.07729;0.07695;-0.0005852;1.909E-05;-0.22;0.01;99.56;0.02;99.56;0.07729;0.07695;0.0003394;-11.119;-11.138;-34.693;1.00;178.13;
2025-11-24 18:29:47.82;0.00:00:20:051;1.00;-0.01;0.00;0.07695;0.07666;-0.0005302;5.874E-06;-0.20;0.00;99.63;0.01;99.63;0.07695;0.07666;0.0002872;-11.138;-11.154;-35.418;1.00;179.37;
2025-11-24 18:29:47.87;0.00:00:20:102;1.00;-0.01;0.00;0.07726;0.07688;-0.000452;1.685E-05;-0.17;0.01;99.52;0.02;99.52;0.07726;0.07689;0.0003739;-11.120;-11.142;-34.272;1.00;177.87;
2025-11-24 18:29:47.92;0.00:00:20:153;1.00;-0.01;0.00;0.07732;0.077;-0.0005091;2.339E-05;-0.19;0.01;99.59;0.03;99.59;0.07732;0.07701;0.000316;-11.117;-11.135;-35.003;1.00;177.37;
2025-11-24 18:29:47.97;0.00:00:20:203;1.00;-0.01;0.00;0.07754;0.0771;-0.0004986;3.176E-05;-0.19;0.01;99.43;0.04;99.43;0.07754;0.0771;0.0004397;-11.105;-11.129;-33.569;1.00;176.36;
2025-11-24 18:29:48.02;0.00:00:20:254;1.00;-0.01;0.00;0.07724;0.0769;-0.0006064;3.762E-05;-0.23;0.01;99.57;0.05;99.57;0.07724;0.07691;0.0003296;-11.122;-11.140;-34.821;1.00;176.45;
2025-11-24 18:29:48.07;0.00:00:20:306;1.00;-0.01;0.00;0.07709;0.0768;-0.000535;1.459E-05;-0.20;0.01;99.62;0.02;99.62;0.07709;0.0768;0.0002895;-11.130;-11.146;-35.383;1.00;178.44;
2025-11-24 18:29:48.12;0.00:00:20:356;1.00;-0.01;0.00;0.0772;0.07685;-0.0005437;2.442E-05;-0.20;0.01;99.55;0.03;99.55;0.0772;0.07685;0.000349;-11.124;-11.144;-34.571;1.00;177.43;
2025-11-24 18:29:48.18;0.00:00:20:418;1.00;-0.01;0.00;0.07719;0.07689;-0.0005145;1.871E-05;-0.19;0.01;99.63;0.02;99.63;0.07719;0.0769;0.0002887;-11.125;-11.141;-35.396;1.00;177.92;
2025-11-24 18:29:48.24;0.00:00:20:477;1.00;-0.01;0.00;0.07717;0.07684;-0.00057;2.41E-05;-0.21;0.01;99.57;0.03;99.57;0.07717;0.07684;0.0003302;-11.126;-11.144;-34.812;1.00;177.58;
2025-11-24 18:29:48.30;0.00:00:20:530;1.00;-0.01;0.00;0.07717;0.07685;-0.0004961;2.148E-05;-0.18;0.01;99.59;0.03;99.59;0.07717;0.07685;0.0003177;-11.126;-11.144;-34.980;1.00;177.52;
2025-11-24 18:29:48.35;0.00:00:20:582;1.00;-0.01;0.00;0.0773;0.07694;-0.0004724;8.481E-06;-0.18;0.00;99.54;0.01;99.54;0.0773;0.07694;0.0003588;-11.118;-11.139;-34.451;1.00;178.97;
2025-11-24 18:29:48.40;0.00:00:20:632;1.00;-0.01;0.00;0.07769;0.07739;-0.0005533;5.159E-06;-0.20;0.00;99.62;0.01;99.62;0.07769;0.07739;0.0002964;-11.097;-11.113;-35.281;1.00;179.47;
2025-11-24 18:29:48.45;0.00:00:20:684;1.00;-0.01;0.00;0.07763;0.07731;-0.0005215;2.701E-05;-0.19;0.01;99.59;0.03;99.59;0.07763;0.07731;0.0003206;-11.100;-11.118;-34.941;1.00;177.04;
2025-11-24 18:29:48.51;0.00:00:20:742;1.00;-0.01;0.00;0.0774;0.07701;-0.0005235;1.08E-06;-0.19;0.00;99.51;0.00;99.51;0.0774;0.07702;0.0003816;-11.113;-11.134;-34.184;1.00;179.88;
2025-11-24 18:29:48.56;0.00:00:20:796;1.00;-0.01;0.00;0.07755;0.0772;-0.0005648;3.299E-05;-0.21;0.01;99.55;0.04;99.55;0.07755;0.0772;0.0003465;-11.104;-11.124;-34.604;1.00;176.66;
2025-11-24 18:29:48.62;0.00:00:20:852;1.00;-0.01;0.00;0.07734;0.07706;-0.0005816;3.486E-05;-0.22;0.01;99.65;0.05;99.65;0.07734;0.07706;0.0002732;-11.116;-11.131;-35.636;1.00;176.57;
2025-11-24 18:29:48.67;0.00:00:20:900;1.00;-0.01;0.00;0.07715;0.0768;-0.000547;2.345E-05;-0.20;0.01;99.56;0.03;99.56;0.07715;0.0768;0.0003406;-11.127;-11.146;-34.678;1.00;177.55;
2025-11-24 18:29:48.71;0.00:00:20:946;1.00;-0.01;0.00;0.07732;0.0769;-0.0004635;9.731E-06;-0.17;0.00;99.45;0.01;99.45;0.07732;0.0769;0.0004231;-11.117;-11.141;-33.736;1.00;178.80;
2025-11-24 18:29:48.76;0.00:00:20:992;1.00;-0.01;0.00;0.07715;0.07682;-0.0005534;1.671E-05;-0.21;0.01;99.57;0.02;99.57;0.07715;0.07682;0.0003318;-11.127;-11.145;-34.791;1.00;178.27;
2025-11-24 18:29:48.81;0.00:00:21:039;1.00;-0.01;0.00;0.07708;0.07682;-0.0004854;1.401E-05;-0.18;0.01;99.66;0.02;99.66;0.07708;0.07682;0.0002595;-11.130;-11.145;-35.858;1.00;178.35;
2025-11-24 18:29:48.85;0.00:00:21:085;1.00;-0.01;0.00;0.07728;0.07699;-0.0005235;2.438E-05;-0.19;0.01;99.62;0.03;99.62;0.07728;0.07699;0.0002936;-11.119;-11.136;-35.322;1.00;177.33;
2025-11-24 18:29:48.90;0.00:00:21:132;1.00;-0.01;0.00;0.07745;0.07709;-0.0005031;1.798E-05;-0.19;0.01;99.55;0.02;99.55;0.07745;0.07709;0.0003523;-11.110;-11.130;-34.530;1.00;177.95;
2025-11-24 18:29:48.95;0.00:00:21:179;1.00;-0.01;0.00;0.07751;0.07713;-0.0004926;1.416E-05;-0.18;0.01;99.51;0.02;99.51;0.07751;0.07713;0.0003795;-11.107;-11.128;-34.208;1.00;178.35;
2025-11-24 18:29:48.99;0.00:00:21:225;1.00;-0.01;0.00;0.07753;0.07721;-0.0005045;9.018E-06;-0.19;0.00;99.59;0.01;99.59;0.07753;0.07721;0.0003164;-11.106;-11.123;-34.998;1.00;178.98;
2025-11-24 18:29:49.04;0.00:00:21:272;1.00;-0.01;0.00;0.0776;0.07725;-0.0005075;-8.726E-06;-0.19;0.00;99.54;0.01;99.54;0.0776;0.07725;0.0003536;-11.101;-11.121;-34.515;1.00;-179.01;
2025-11-24 18:29:49.09;0.00:00:21:319;1.00;-0.01;0.00;0.07754;0.07727;-0.0005366;2.368E-05;-0.20;0.01;99.65;0.03;99.65;0.07754;0.07727;0.0002741;-11.105;-11.120;-35.620;1.00;177.47;
2025-11-24 18:29:49.13;0.00:00:21:365;1.00;-0.01;0.00;0.07705;0.07677;-0.0004959;3.463E-05;-0.19;0.01;99.63;0.04;99.63;0.07705;0.07677;0.0002844;-11.132;-11.148;-35.460;1.00;176.01;
2025-11-24 18:29:49.18;0.00:00:21:412;1.00;-0.01;0.00;0.07714;0.07684;-0.0004654;3.736E-06;-0.17;0.00;99.62;0.00;99.62;0.07714;0.07684;0.0002962;-11.127;-11.144;-35.284;1.00;179.54;
2025-11-24 18:29:49.23;0.00:00:21:459;1.00;-0.01;0.00;0.07723;0.07689;-0.0004603;3.42E-07;-0.17;0.00;99.57;0.00;99.57;0.07723;0.07689;0.0003321;-11.122;-11.141;-34.788;1.00;179.96;
2025-11-24 18:29:49.28;0.00:00:21:508;1.00;-0.01;0.00;0.0774;0.077;-0.000454;2.034E-06;-0.17;0.00;99.49;0.00;99.49;0.0774;0.077;0.0003915;-11.113;-11.135;-34.072;1.00;179.74;
2025-11-24 18:29:49.34;0.00:00:21:568;1.00;-0.01;0.00;0.07754;0.07722;-0.000559;2.239E-05;-0.21;0.01;99.58;0.03;99.58;0.07754;0.07722;0.0003271;-11.104;-11.123;-34.853;1.00;177.71;
2025-11-24 18:29:49.38;0.00:00:21:614;1.00;-0.01;0.00;0.0774;0.07704;-0.0005858;3.216E-05;-0.22;0.01;99.54;0.04;99.54;0.0774;0.07704;0.0003587;-11.113;-11.133;-34.453;1.00;176.86;
2025-11-24 18:29:49.43;0.00:00:21:662;1.00;-0.01;0.00;0.07701;0.07677;-0.0005091;1.724E-05;-0.19;0.01;99.69;0.02;99.69;0.07701;0.07677;0.0002409;-11.135;-11.148;-36.181;1.00;178.06;
2025-11-24 18:29:49.48;0.00:00:21:708;1.00;-0.01;0.00;0.07707;0.07674;-0.0004861;-3.745E-06;-0.18;0.00;99.57;0.00;99.57;0.07707;0.07674;0.0003333;-11.131;-11.150;-34.771;1.00;-179.56;
2025-11-24 18:29:49.52;0.00:00:21:755;1.00;-0.01;0.00;0.07722;0.07694;-0.0005051;1.107E-05;-0.19;0.00;99.65;0.01;99.65;0.07722;0.07695;0.0002736;-11.123;-11.138;-35.628;1.00;178.74;
2025-11-24 18:29:49.57;0.00:00:21:801;1.00;-0.01;0.00;0.07761;0.07729;-0.0004962;1.352E-05;-0.18;0.01;99.59;0.02;99.59;0.07761;0.07729;0.0003205;-11.101;-11.119;-34.942;1.00;178.44;
2025-11-24 18:29:49.62;0.00:00:21:849;1.00;-0.01;0.00;0.07771;0.07735;-0.0005313;2.687E-05;-0.20;0.01;99.54;0.03;99.54;0.07771;0.07735;0.0003603;-11.095;-11.115;-34.433;1.00;177.11;
2025-11-24 18:29:49.66;0.00:00:21:895;1.00;-0.01;0.00;0.07761;0.07726;-0.0005335;2.596E-05;-0.20;0.01;99.56;0.03;99.56;0.07761;0.07726;0.0003433;-11.101;-11.120;-34.644;1.00;177.21;
2025-11-24 18:29:49.71;0.00:00:21:947;1.00;-0.01;0.00;0.07746;0.07718;-0.0005526;2.382E-05;-0.21;0.01;99.64;0.03;99.64;0.07746;0.07718;0.000277;-11.109;-11.125;-35.575;1.00;177.53;
2025-11-24 18:29:49.77;0.00:00:22:004;1.00;-0.01;0.00;0.07706;0.0768;-0.0005614;1.765E-05;-0.21;0.01;99.66;0.02;99.66;0.07706;0.0768;0.0002619;-11.132;-11.146;-35.818;1.00;178.20;
2025-11-24 18:29:49.82;0.00:00:22:050;1.00;-0.01;0.00;0.0771;0.07681;-0.0005129;1.338E-05;-0.19;0.00;99.63;0.02;99.63;0.0771;0.07681;0.0002831;-11.130;-11.146;-35.481;1.00;178.51;
2025-11-24 18:29:49.86;0.00:00:22:096;1.00;-0.01;0.00;0.07747;0.0771;-0.0004814;2.286E-05;-0.18;0.01;99.53;0.03;99.53;0.07747;0.0771;0.000363;-11.109;-11.129;-34.400;1.00;177.28;
2025-11-24 18:29:49.91;0.00:00:22:143;1.00;-0.01;0.00;0.0775;0.07714;-0.0005239;5.938E-06;-0.19;0.00;99.54;0.01;99.54;0.0775;0.07715;0.0003557;-11.107;-11.127;-34.489;1.00;179.35;
2025-11-24 18:29:49.96;0.00:00:22:190;1.00;-0.01;0.00;0.07755;0.07721;-0.0005268;2.47E-05;-0.20;0.01;99.57;0.03;99.57;0.07755;0.07721;0.0003348;-11.104;-11.123;-34.752;1.00;177.32;
2025-11-24 18:29:50.00;0.00:00:22:237;1.00;-0.01;0.00;0.07739;0.07703;-0.0005309;2.393E-05;-0.20;0.01;99.53;0.03;99.53;0.07739;0.07703;0.0003619;-11.113;-11.133;-34.414;1.00;177.42;
2025-11-24 18:29:50.05;0.00:00:22:284;1.00;-0.01;0.00;0.07737;0.07706;-0.0005221;2.847E-07;-0.19;0.00;99.60;0.00;99.60;0.07737;0.07707;0.0003091;-11.114;-11.131;-35.099;1.00;179.97;
2025-11-24 18:29:50.10;0.00:00:22:332;1.00;-0.01;0.00;0.07768;0.07733;-0.0005161;2.254E-05;-0.19;0.01;99.55;0.03;99.55;0.07768;0.07733;0.0003519;-11.097;-11.117;-34.536;1.00;177.50;
2025-11-24 18:29:50.15;0.00:00:22:384;1.00;-0.01;0.00;0.07771;0.07738;-0.0004614;7.126E-06;-0.17;0.00;99.58;0.01;99.58;0.07771;0.07738;0.0003253;-11.096;-11.114;-34.877;1.00;179.12;
2025-11-24 18:29:50.21;0.00:00:22:441;1.00;-0.01;0.00;0.07781;0.07752;-0.0005202;4.146E-05;-0.19;0.02;99.62;0.05;99.62;0.07781;0.07752;0.0002947;-11.089;-11.106;-35.306;1.00;175.44;
2025-11-24 18:29:50.25;0.00:00:22:488;1.00;-0.01;0.00;0.07757;0.07727;-0.0005501;3.499E-05;-0.20;0.01;99.61;0.05;99.61;0.07757;0.07727;0.0003033;-11.103;-11.120;-35.181;1.00;176.36;
2025-11-24 18:29:50.30;0.00:00:22:535;1.00;-0.01;0.00;0.07704;0.07673;-0.0004933;1.547E-06;-0.18;0.00;99.60;0.00;99.60;0.07704;0.07674;0.0003085;-11.133;-11.150;-35.107;1.00;179.82;
2025-11-24 18:29:50.35;0.00:00:22:581;1.00;-0.01;0.00;0.07706;0.0768;-0.0005073;4.782E-05;-0.19;0.02;99.66;0.06;99.66;0.07706;0.0768;0.0002645;-11.132;-11.146;-35.776;1.00;174.62;
2025-11-24 18:29:50.40;0.00:00:22:628;1.00;-0.01;0.00;0.07709;0.07679;-0.0005437;3.226E-05;-0.20;0.01;99.61;0.04;99.61;0.07709;0.07679;0.0003;-11.130;-11.147;-35.229;1.00;176.60;
2025-11-24 18:29:50.44;0.00:00:22:675;1.00;-0.01;0.00;0.07755;0.07722;-0.0005011;2.488E-05;-0.19;0.01;99.58;0.03;99.58;0.07755;0.07722;0.000322;-11.104;-11.122;-34.922;1.00;177.16;
2025-11-24 18:29:50.49;0.00:00:22:721;1.00;-0.01;0.00;0.07762;0.07729;-0.0005259;3.405E-05;-0.19;0.01;99.57;0.04;99.57;0.07762;0.07729;0.0003303;-11.100;-11.119;-34.811;1.00;176.30;
2025-11-24 18:29:50.53;0.00:00:22:767;1.00;-0.01;0.00;0.07756;0.07723;-0.0005147;3.129E-05;-0.19;0.01;99.57;0.04;99.57;0.07756;0.07723;0.0003339;-11.103;-11.122;-34.764;1.00;176.52;
2025-11-24 18:29:50.58;0.00:00:22:817;1.00;-0.01;0.00;0.07746;0.07713;-0.0005937;2.182E-05;-0.22;0.01;99.57;0.03;99.57;0.07746;0.07713;0.00033;-11.109;-11.128;-34.815;1.00;177.89;
2025-11-24 18:29:50.63;0.00:00:22:867;1.00;-0.01;0.00;0.07747;0.07712;-0.0005981;3.058E-05;-0.22;0.01;99.56;0.04;99.56;0.07747;0.07712;0.0003443;-11.109;-11.128;-34.631;1.00;177.07;
2025-11-24 18:29:50.69;0.00:00:22:919;1.00;-0.01;0.00;0.07736;0.07701;-0.0004139;-9.012E-06;-0.15;0.00;99.56;0.01;99.56;0.07736;0.07701;0.0003429;-11.115;-11.134;-34.648;1.00;-178.75;
2025-11-24 18:29:50.75;0.00:00:22:981;1.00;-0.01;0.00;0.07759;0.07724;-0.0005612;2.394E-05;-0.21;0.01;99.56;0.03;99.56;0.07759;0.07725;0.0003436;-11.102;-11.121;-34.639;1.00;177.56;
2025-11-24 18:29:50.80;0.00:00:23:031;1.00;-0.01;0.00;0.07759;0.07729;-0.0005303;2.516E-05;-0.20;0.01;99.62;0.03;99.62;0.07759;0.07729;0.0002979;-11.102;-11.119;-35.259;1.00;177.28;
2025-11-24 18:29:50.85;0.00:00:23:083;1.00;-0.01;0.00;0.07751;0.07716;-0.0004647;1.132E-05;-0.17;0.00;99.56;0.01;99.56;0.07751;0.07716;0.0003449;-11.107;-11.126;-34.623;1.00;178.61;
2025-11-24 18:29:50.91;0.00:00:23:144;1.00;-0.01;0.00;0.0776;0.07736;-0.0005756;2.731E-05;-0.21;0.01;99.69;0.04;99.69;0.0776;0.07736;0.0002374;-11.101;-11.115;-36.246;1.00;177.28;
2025-11-24 18:29:50.96;0.00:00:23:196;1.00;-0.01;0.00;0.0774;0.07707;-0.0005156;1.553E-05;-0.19;0.01;99.58;0.02;99.58;0.0774;0.07708;0.0003221;-11.113;-11.131;-34.920;1.00;178.27;
2025-11-24 18:29:51.01;0.00:00:23:247;1.00;-0.01;0.00;0.0774;0.07703;-0.0005255;-1.564E-06;-0.20;0.00;99.52;0.00;99.52;0.0774;0.07703;0.0003727;-11.112;-11.133;-34.287;1.00;-179.83;
2025-11-24 18:29:51.08;0.00:00:23:311;1.00;-0.01;0.00;0.07756;0.07726;-0.0005197;2.799E-05;-0.19;0.01;99.61;0.04;99.61;0.07756;0.07726;0.0003005;-11.104;-11.121;-35.221;1.00;176.92;
2025-11-24 18:29:51.14;0.00:00:23:370;1.00;-0.01;0.00;0.07717;0.07685;-0.0005982;4.097E-05;-0.22;0.02;99.58;0.05;99.58;0.07717;0.07685;0.0003206;-11.126;-11.144;-34.941;1.00;176.08;
2025-11-24 18:29:51.20;0.00:00:23:431;1.00;-0.01;0.00;0.07712;0.07676;-0.0004409;2.224E-06;-0.16;0.00;99.53;0.00;99.53;0.07712;0.07676;0.0003599;-11.129;-11.149;-34.438;1.00;179.71;
2025-11-24 18:29:51.25;0.00:00:23:483;1.00;-0.01;0.00;0.07772;0.07741;-0.000506;1.646E-05;-0.19;0.01;99.60;0.02;99.60;0.07772;0.07741;0.0003109;-11.095;-11.112;-35.074;1.00;178.14;
2025-11-24 18:29:51.31;0.00:00:23:544;1.00;-0.01;0.00;0.07767;0.07732;-0.0005277;3.425E-05;-0.20;0.01;99.56;0.04;99.56;0.07767;0.07732;0.0003446;-11.098;-11.117;-34.627;1.00;176.29;
2025-11-24 18:29:51.36;0.00:00:23:594;1.00;-0.01;0.00;0.07755;0.07729;-0.0004997;2.233E-05;-0.19;0.01;99.66;0.03;99.66;0.07755;0.07729;0.0002625;-11.104;-11.119;-35.809;1.00;177.44;
2025-11-24 18:29:51.41;0.00:00:23:645;1.00;-0.01;0.00;0.07755;0.07723;-0.0005462;2.128E-05;-0.20;0.01;99.59;0.03;99.59;0.07755;0.07723;0.0003177;-11.104;-11.122;-34.980;1.00;177.77;
2025-11-24 18:29:51.46;0.00:00:23:696;1.00;-0.01;0.00;0.0773;0.07701;-0.0005802;5.754E-06;-0.22;0.00;99.63;0.01;99.63;0.0773;0.07702;0.0002879;-11.118;-11.134;-35.408;1.00;179.43;
2025-11-24 18:29:51.52;0.00:00:23:754;1.00;-0.01;0.00;0.07729;0.07692;-0.0004822;2.676E-05;-0.18;0.01;99.52;0.03;99.52;0.07729;0.07692;0.0003688;-11.119;-11.140;-34.332;1.00;176.82;
2025-11-24 18:29:51.58;0.00:00:23:809;1.00;-0.01;0.00;0.07713;0.07688;-0.000511;4.094E-05;-0.19;0.02;99.68;0.05;99.68;0.07713;0.07688;0.000249;-11.128;-11.142;-36.038;1.00;175.42;
2025-11-24 18:29:51.64;0.00:00:23:870;1.00;-0.01;0.00;0.07702;0.07671;-0.0004719;1.848E-05;-0.18;0.01;99.61;0.02;99.61;0.07702;0.07672;0.0003012;-11.134;-11.151;-35.211;1.00;177.76;
2025-11-24 18:29:51.69;0.00:00:23:921;1.00;-0.01;0.00;0.07744;0.07708;-0.0004951;2.817E-05;-0.18;0.01;99.54;0.04;99.54;0.07744;0.07709;0.0003567;-11.110;-11.130;-34.477;1.00;176.74;
2025-11-24 18:29:51.74;0.00:00:23:972;1.00;-0.01;0.00;0.07756;0.07721;-0.0005471;1.357E-05;-0.20;0.01;99.56;0.02;99.56;0.07756;0.07721;0.000345;-11.104;-11.123;-34.622;1.00;178.58;
2025-11-24 18:29:51.79;0.00:00:24:023;1.00;-0.01;0.00;0.07762;0.07726;-0.0005095;1.765E-05;-0.19;0.01;99.53;0.02;99.53;0.07762;0.07726;0.0003617;-11.100;-11.121;-34.417;1.00;178.02;
2025-11-24 18:29:51.84;0.00:00:24:075;1.00;-0.01;0.00;0.07749;0.07715;-0.0005472;2.977E-05;-0.20;0.01;99.57;0.04;99.56;0.07749;0.07715;0.0003371;-11.108;-11.127;-34.723;1.00;176.89;
2025-11-24 18:29:51.89;0.00:00:24:127;1.00;-0.01;0.00;0.07742;0.07714;-0.0004778;1.282E-05;-0.18;0.00;99.63;0.02;99.63;0.07742;0.07714;0.0002842;-11.111;-11.127;-35.464;1.00;178.46;
2025-11-24 18:29:51.94;0.00:00:24:178;1.00;-0.01;0.00;0.07758;0.07717;-0.0004936;1.063E-05;-0.18;0.00;99.47;0.01;99.47;0.07758;0.07717;0.0004145;-11.102;-11.126;-33.824;1.00;178.77;
2025-11-24 18:29:52.00;0.00:00:24:228;1.00;-0.01;0.00;0.07766;0.07738;-0.0005147;3.616E-05;-0.19;0.01;99.64;0.05;99.64;0.07766;0.07738;0.0002801;-11.098;-11.114;-35.526;1.00;175.98;
2025-11-24 18:29:52.05;0.00:00:24:280;1.00;-0.01;0.00;0.07745;0.07707;-0.0005209;1.193E-06;-0.19;0.00;99.52;0.00;99.52;0.07745;0.07707;0.0003739;-11.110;-11.131;-34.272;1.00;179.87;
2025-11-24 18:29:52.10;0.00:00:24:331;1.00;-0.01;0.00;0.07735;0.07704;-0.000565;9.872E-06;-0.21;0.00;99.60;0.01;99.60;0.07735;0.07705;0.0003069;-11.115;-11.133;-35.130;1.00;179.00;
2025-11-24 18:29:52.15;0.00:00:24:383;1.00;-0.01;0.00;0.07751;0.07717;-0.0005505;1.209E-05;-0.20;0.00;99.55;0.02;99.55;0.07751;0.07717;0.000347;-11.106;-11.126;-34.597;1.00;178.74;
2025-11-24 18:29:52.20;0.00:00:24:434;1.00;-0.01;0.00;0.07756;0.0772;-0.0005178;4.583E-06;-0.19;0.00;99.55;0.01;99.55;0.07756;0.0772;0.0003516;-11.104;-11.124;-34.539;1.00;179.49;
2025-11-24 18:29:52.25;0.00:00:24:486;1.00;-0.01;0.00;0.07737;0.07701;-0.0005692;1.851E-06;-0.21;0.00;99.54;0.00;99.54;0.07737;0.07702;0.0003567;-11.114;-11.134;-34.477;1.00;179.81;
2025-11-24 18:29:52.30;0.00:00:24:536;1.00;-0.01;0.00;0.07724;0.07693;-0.0005162;3.448E-06;-0.19;0.00;99.60;0.00;99.60;0.07724;0.07693;0.0003124;-11.121;-11.139;-35.053;1.00;179.62;
2025-11-24 18:29:52.36;0.00:00:24:594;1.00;-0.01;0.00;0.07747;0.07715;-0.0005324;3.474E-06;-0.20;0.00;99.59;0.00;99.59;0.07747;0.07715;0.0003176;-11.109;-11.127;-34.981;1.00;179.63;
2025-11-24 18:29:52.43;0.00:00:24:659;1.00;-0.01;0.00;0.07762;0.07733;-0.000532;2.415E-05;-0.20;0.01;99.63;0.03;99.63;0.07762;0.07733;0.0002905;-11.100;-11.117;-35.369;1.00;177.40;
2025-11-24 18:29:52.49;0.00:00:24:720;1.00;-0.01;0.00;0.07775;0.07743;-0.000552;3.853E-05;-0.20;0.01;99.59;0.05;99.59;0.07775;0.07743;0.0003217;-11.093;-11.111;-34.926;1.00;176.01;
2025-11-24 18:29:52.54;0.00:00:24:768;1.00;-0.01;0.00;0.07762;0.0773;-0.0005285;4.286E-05;-0.20;0.02;99.59;0.06;99.59;0.07762;0.0773;0.0003189;-11.100;-11.118;-34.964;1.00;175.36;
2025-11-24 18:29:52.59;0.00:00:24:820;1.00;-0.01;0.00;0.07751;0.07721;-0.0005329;3.469E-05;-0.20;0.01;99.61;0.04;99.61;0.07751;0.07721;0.0003015;-11.106;-11.123;-35.208;1.00;176.28;
2025-11-24 18:29:52.64;0.00:00:24:878;1.00;-0.01;0.00;0.07744;0.07703;-0.0005312;3.039E-06;-0.20;0.00;99.46;0.00;99.46;0.07744;0.07703;0.0004159;-11.110;-11.134;-33.810;1.00;179.67;
2025-11-24 18:29:52.69;0.00:00:24:927;1.00;-0.01;0.00;0.07751;0.07715;-0.0005204;1.268E-05;-0.19;0.00;99.53;0.02;99.53;0.07751;0.07715;0.0003646;-11.106;-11.127;-34.382;1.00;178.60;
2025-11-24 18:29:52.75;0.00:00:24:979;1.00;-0.01;0.00;0.07724;0.07695;-0.0005628;2.934E-05;-0.21;0.01;99.63;0.04;99.63;0.07724;0.07696;0.0002854;-11.122;-11.138;-35.446;1.00;177.02;
2025-11-24 18:29:52.81;0.00:00:25:040;1.00;-0.01;0.00;0.07703;0.07677;-0.0005041;3.259E-05;-0.19;0.01;99.67;0.04;99.67;0.07703;0.07678;0.0002539;-11.133;-11.148;-35.954;1.00;176.30;
2025-11-24 18:29:52.86;0.00:00:25:091;1.00;-0.01;0.00;0.07703;0.07678;-0.0005257;2.261E-05;-0.20;0.01;99.69;0.03;99.69;0.07703;0.07679;0.0002401;-11.134;-11.147;-36.195;1.00;177.54;
2025-11-24 18:29:52.92;0.00:00:25:154;1.00;-0.01;0.00;0.07685;0.07658;-0.0005317;2.509E-05;-0.20;0.01;99.66;0.03;99.66;0.07685;0.07658;0.0002645;-11.144;-11.159;-35.776;1.00;177.30;
2025-11-24 18:29:52.97;0.00:00:25:206;1.00;-0.01;0.00;0.07693;0.07662;-0.0004821;3.596E-06;-0.18;0.00;99.59;0.00;99.59;0.07693;0.07662;0.0003163;-11.139;-11.157;-35.000;1.00;179.57;
2025-11-24 18:29:53.02;0.00:00:25:256;1.00;-0.01;0.00;0.07731;0.07701;-0.0005273;2.172E-05;-0.20;0.01;99.62;0.03;99.62;0.07731;0.07701;0.0002906;-11.118;-11.134;-35.366;1.00;177.64;
2025-11-24 18:29:53.07;0.00:00:25:305;1.00;-0.01;0.00;0.07723;0.07695;-0.0005152;2.99E-05;-0.19;0.01;99.65;0.04;99.65;0.07723;0.07695;0.0002724;-11.122;-11.138;-35.649;1.00;176.68;
2025-11-24 18:29:53.13;0.00:00:25:359;1.00;-0.01;0.00;0.07721;0.07686;-0.0005134;1.802E-05;-0.19;0.01;99.54;0.02;99.54;0.07721;0.07686;0.0003527;-11.123;-11.143;-34.526;1.00;177.99;
2025-11-24 18:29:53.18;0.00:00:25:410;1.00;-0.01;0.00;0.07727;0.07694;-0.0005178;2.286E-05;-0.19;0.01;99.58;0.03;99.58;0.07727;0.07695;0.0003278;-11.120;-11.138;-34.844;1.00;177.47;
2025-11-24 18:29:53.23;0.00:00:25:462;1.00;-0.01;0.00;0.07719;0.07692;-0.0005373;4.162E-05;-0.20;0.02;99.65;0.05;99.65;0.07719;0.07692;0.0002707;-11.124;-11.139;-35.676;1.00;175.57;
2025-11-24 18:29:53.29;0.00:00:25:524;1.00;-0.01;0.00;0.07705;0.07676;-0.0004504;7.349E-06;-0.17;0.00;99.63;0.01;99.63;0.07705;0.07677;0.0002872;-11.132;-11.148;-35.419;1.00;179.07;
2025-11-24 18:29:53.33;0.00:00:25:567;1.00;-0.01;0.00;0.07711;0.07678;-0.0004978;3.01E-05;-0.19;0.01;99.58;0.04;99.58;0.07711;0.07679;0.000326;-11.129;-11.147;-34.867;1.00;176.54;
2025-11-24 18:29:53.38;0.00:00:25:617;1.00;-0.01;0.00;0.07743;0.07709;-0.0004769;1.706E-05;-0.18;0.01;99.56;0.02;99.56;0.07743;0.07709;0.00034;-11.111;-11.130;-34.685;1.00;177.95;
2025-11-24 18:29:53.44;0.00:00:25:670;1.00;-0.01;0.00;0.07748;0.07723;-0.0005729;1.347E-05;-0.21;0.00;99.68;0.02;99.68;0.07748;0.07723;0.0002495;-11.108;-11.122;-36.029;1.00;178.65;
2025-11-24 18:29:53.49;0.00:00:25:721;1.00;-0.01;0.00;0.07749;0.07717;-0.0005298;2.028E-05;-0.20;0.01;99.59;0.03;99.59;0.07749;0.07717;0.00032;-11.107;-11.125;-34.948;1.00;177.81;
2025-11-24 18:29:53.55;0.00:00:25:783;1.00;-0.01;0.00;0.07726;0.07703;-0.0005526;2.475E-05;-0.21;0.01;99.70;0.03;99.70;0.07726;0.07703;0.0002327;-11.120;-11.133;-36.331;1.00;177.44;
2025-11-24 18:29:53.60;0.00:00:25:836;1.00;-0.01;0.00;0.07712;0.07684;-0.0005371;2.82E-05;-0.20;0.01;99.63;0.04;99.63;0.07712;0.07684;0.0002855;-11.128;-11.144;-35.443;1.00;176.99;
2025-11-24 18:29:53.66;0.00:00:25:895;1.00;-0.01;0.00;0.07682;0.07653;-0.0004985;3.834E-05;-0.19;0.01;99.61;0.05;99.61;0.07682;0.07653;0.0002958;-11.145;-11.162;-35.290;1.00;175.60;
2025-11-24 18:29:53.72;0.00:00:25:956;1.00;-0.01;0.00;0.07734;0.07702;-0.0005061;4.753E-07;-0.19;0.00;99.59;0.00;99.59;0.07734;0.07703;0.0003177;-11.116;-11.134;-34.979;1.00;179.95;
2025-11-24 18:29:53.78;0.00:00:26:014;1.00;-0.01;0.00;0.07742;0.07709;-0.0004653;-3.744E-06;-0.17;0.00;99.57;0.00;99.57;0.07742;0.07709;0.0003312;-11.111;-11.130;-34.799;1.00;-179.54;
2025-11-24 18:29:53.84;0.00:00:26:068;1.00;-0.01;0.00;0.07755;0.07719;-0.0004955;3.348E-06;-0.18;0.00;99.54;0.00;99.54;0.07755;0.07719;0.0003585;-11.104;-11.124;-34.455;1.00;179.61;
2025-11-24 18:29:53.89;0.00:00:26:120;1.00;-0.01;0.00;0.07746;0.07714;-0.0005841;1.656E-05;-0.22;0.01;99.60;0.02;99.60;0.07746;0.07715;0.0003116;-11.109;-11.127;-35.065;1.00;178.38;
2025-11-24 18:29:53.94;0.00:00:26:172;1.00;-0.01;0.00;0.07724;0.07693;-0.0005529;3.34E-05;-0.21;0.01;99.61;0.04;99.61;0.07724;0.07694;0.0003034;-11.122;-11.139;-35.180;1.00;176.54;
2025-11-24 18:29:54.00;0.00:00:26:231;1.00;-0.01;0.00;0.07706;0.07675;-0.0005237;-6.929E-07;-0.20;0.00;99.60;0.00;99.60;0.07706;0.07675;0.0003056;-11.132;-11.149;-35.149;1.00;-179.92;
2025-11-24 18:29:54.05;0.00:00:26:283;1.00;-0.01;0.00;0.07697;0.07666;-0.0005435;1.018E-05;-0.20;0.00;99.60;0.01;99.60;0.07697;0.07666;0.0003092;-11.137;-11.154;-35.098;1.00;178.93;
2025-11-24 18:29:54.10;0.00:00:26:335;1.00;-0.01;0.00;0.0771;0.07678;-0.0005023;1.053E-05;-0.19;0.00;99.58;0.01;99.58;0.0771;0.07678;0.0003256;-11.129;-11.148;-34.873;1.00;178.80;
2025-11-24 18:29:54.15;0.00:00:26:386;1.00;-0.01;0.00;0.07713;0.07681;-0.000477;2.696E-05;-0.18;0.01;99.59;0.03;99.59;0.07713;0.07681;0.0003183;-11.128;-11.146;-34.972;1.00;176.77;
2025-11-24 18:29:54.20;0.00:00:26:432;1.00;-0.01;0.00;0.07726;0.0769;-0.0004893;2.278E-05;-0.18;0.01;99.53;0.03;99.53;0.07726;0.0769;0.0003656;-11.120;-11.141;-34.370;1.00;177.33;
2025-11-24 18:29:54.24;0.00:00:26:477;1.00;-0.01;0.00;0.0774;0.07702;-0.0004467;3.549E-05;-0.17;0.01;99.51;0.05;99.51;0.0774;0.07702;0.0003804;-11.113;-11.134;-34.198;1.00;175.46;
2025-11-24 18:29:54.30;0.00:00:26:529;1.00;-0.01;0.00;0.07745;0.07711;-0.0005221;2.606E-06;-0.19;0.00;99.56;0.00;99.56;0.07745;0.07712;0.0003381;-11.110;-11.129;-34.709;1.00;179.71;
2025-11-24 18:29:54.35;0.00:00:26:580;1.00;-0.01;0.00;0.07745;0.07709;-0.0004858;1.809E-06;-0.18;0.00;99.53;0.00;99.53;0.07745;0.07709;0.0003636;-11.110;-11.130;-34.394;1.00;179.79;
2025-11-24 18:29:54.40;0.00:00:26:631;1.00;-0.01;0.00;0.07742;0.07706;-0.000545;3.434E-05;-0.20;0.01;99.54;0.04;99.54;0.07742;0.07706;0.0003594;-11.111;-11.132;-34.444;1.00;176.39;
2025-11-24 18:29:54.45;0.00:00:26:682;1.00;-0.01;0.00;0.07747;0.07707;-0.0005034;8.136E-06;-0.19;0.00;99.48;0.01;99.48;0.07747;0.07707;0.0004037;-11.108;-11.131;-33.940;1.00;179.07;
2025-11-24 18:29:54.50;0.00:00:26:732;1.00;-0.01;0.00;0.07755;0.07722;-0.0005409;3.083E-05;-0.20;0.01;99.58;0.04;99.58;0.07755;0.07722;0.0003274;-11.104;-11.123;-34.849;1.00;176.74;
2025-11-24 18:29:54.55;0.00:00:26:783;1.00;-0.01;0.00;0.07746;0.07708;-0.0005203;9.66E-06;-0.19;0.00;99.51;0.01;99.51;0.07746;0.07708;0.0003793;-11.109;-11.130;-34.211;1.00;178.94;
2025-11-24 18:29:54.60;0.00:00:26:834;1.00;-0.01;0.00;0.07718;0.07694;-0.0005164;-2.114E-06;-0.19;0.00;99.68;0.00;99.68;0.07718;0.07694;0.0002468;-11.125;-11.139;-36.076;1.00;-179.77;
2025-11-24 18:29:54.65;0.00:00:26:888;1.00;-0.01;0.00;0.07723;0.07691;-0.0004838;2.192E-05;-0.18;0.01;99.59;0.03;99.59;0.07723;0.07692;0.0003134;-11.122;-11.140;-35.039;1.00;177.41;
2025-11-24 18:29:54.72;0.00:00:26:949;1.00;-0.01;0.00;0.07743;0.07709;-0.0004513;-8.932E-06;-0.17;0.00;99.57;0.01;99.57;0.07743;0.07709;0.0003364;-11.111;-11.130;-34.731;1.00;-178.87;
2025-11-24 18:29:54.77;0.00:00:27:001;1.00;-0.01;0.00;0.07746;0.07708;-0.000559;7.634E-06;-0.21;0.00;99.52;0.01;99.52;0.07746;0.07709;0.0003716;-11.109;-11.130;-34.299;1.00;179.22;
2025-11-24 18:29:54.82;0.00:00:27:053;1.00;-0.01;0.00;0.07743;0.07705;-0.0004808;7.399E-06;-0.18;0.00;99.51;0.01;99.51;0.07743;0.07705;0.0003807;-11.111;-11.132;-34.194;1.00;179.12;
2025-11-24 18:29:54.87;0.00:00:27:104;1.00;-0.01;0.00;0.07741;0.07708;-0.0005671;4.429E-05;-0.21;0.02;99.59;0.06;99.59;0.07741;0.07709;0.0003199;-11.112;-11.130;-34.950;1.00;175.53;
2025-11-24 18:29:54.92;0.00:00:27:155;1.00;-0.01;0.00;0.07719;0.07685;-0.0005152;1.733E-05;-0.19;0.01;99.56;0.02;99.56;0.07719;0.07685;0.0003401;-11.125;-11.144;-34.684;1.00;178.07;
2025-11-24 18:29:54.98;0.00:00:27:211;1.00;-0.01;0.00;0.07733;0.07697;-0.0004586;4.866E-06;-0.17;0.00;99.54;0.01;99.54;0.07733;0.07697;0.000359;-11.117;-11.137;-34.449;1.00;179.39;
2025-11-24 18:29:55.02;0.00:00:27:256;1.00;-0.01;0.00;0.07733;0.07701;-0.0005069;1.964E-05;-0.19;0.01;99.58;0.03;99.58;0.07733;0.07701;0.0003241;-11.116;-11.134;-34.893;1.00;177.78;
2025-11-24 18:29:55.07;0.00:00:27:307;1.00;-0.01;0.00;0.07758;0.07724;-0.0005364;2.185E-05;-0.20;0.01;99.56;0.03;99.56;0.07758;0.07724;0.0003377;-11.103;-11.121;-34.715;1.00;177.67;
2025-11-24 18:29:55.13;0.00:00:27:358;1.00;-0.01;0.00;0.0775;0.07716;-0.0004868;-2.077E-06;-0.18;0.00;99.56;0.00;99.56;0.0775;0.07716;0.0003386;-11.107;-11.126;-34.703;1.00;-179.76;
2025-11-24 18:29:55.18;0.00:00:27:410;1.00;-0.01;0.00;0.07718;0.07692;-0.0004765;4.022E-05;-0.18;0.01;99.67;0.05;99.67;0.07718;0.07692;0.0002583;-11.125;-11.139;-35.879;1.00;175.18;
2025-11-24 18:29:55.23;0.00:00:27:461;1.00;-0.01;0.00;0.07718;0.07683;-0.0005242;2.417E-05;-0.20;0.01;99.55;0.03;99.55;0.07718;0.07684;0.0003471;-11.125;-11.144;-34.595;1.00;177.36;
2025-11-24 18:29:55.28;0.00:00:27:512;1.00;-0.01;0.00;0.07713;0.07683;-0.0004757;1.66E-05;-0.18;0.01;99.62;0.02;99.62;0.07713;0.07684;0.0002897;-11.128;-11.144;-35.381;1.00;178.00;
2025-11-24 18:29:55.33;0.00:00:27:563;1.00;-0.01;0.00;0.07677;0.07646;-0.0005172;3.17E-05;-0.19;0.01;99.60;0.04;99.60;0.07677;0.07646;0.0003103;-11.148;-11.166;-35.083;1.00;176.49;
2025-11-24 18:29:55.38;0.00:00:27:614;1.00;-0.01;0.00;0.07666;0.07639;-0.0004914;1.037E-05;-0.18;0.00;99.65;0.01;99.65;0.07666;0.07639;0.0002673;-11.155;-11.170;-35.731;1.00;178.79;
2025-11-24 18:29:55.43;0.00:00:27:666;1.00;-0.01;0.00;0.07729;0.07699;-0.0004405;1.11E-05;-0.16;0.00;99.61;0.01;99.61;0.07729;0.07699;0.0003021;-11.119;-11.136;-35.199;1.00;178.56;
2025-11-24 18:29:55.48;0.00:00:27:717;1.00;-0.01;0.00;0.07757;0.07716;-0.0005101;2.275E-05;-0.19;0.01;99.47;0.03;99.47;0.07757;0.07716;0.0004096;-11.103;-11.126;-33.876;1.00;177.45;
2025-11-24 18:29:55.54;0.00:00:27:774;1.00;-0.01;0.00;0.07755;0.0772;-0.0005808;6.005E-05;-0.22;0.02;99.55;0.08;99.55;0.07755;0.0772;0.0003468;-11.104;-11.124;-34.599;1.00;174.10;
2025-11-24 18:29:55.60;0.00:00:27:828;1.00;-0.01;0.00;0.0775;0.0772;-0.0005404;1.537E-05;-0.20;0.01;99.62;0.02;99.62;0.0775;0.0772;0.0002972;-11.107;-11.124;-35.270;1.00;178.37;
2025-11-24 18:29:55.65;0.00:00:27:879;1.00;-0.01;0.00;0.07747;0.07714;-0.000556;1.529E-05;-0.21;0.01;99.57;0.02;99.57;0.07747;0.07714;0.0003315;-11.109;-11.127;-34.795;1.00;178.42;
2025-11-24 18:29:55.70;0.00:00:27:931;1.00;-0.01;0.00;0.07742;0.07708;-0.0005375;3.306E-05;-0.20;0.01;99.56;0.04;99.56;0.07742;0.07708;0.0003413;-11.111;-11.131;-34.669;1.00;176.48;
2025-11-24 18:29:55.75;0.00:00:27:982;1.00;-0.01;0.00;0.07745;0.07708;-0.0004715;1.212E-05;-0.18;0.00;99.53;0.02;99.53;0.07745;0.07708;0.0003675;-11.110;-11.130;-34.347;1.00;178.53;
2025-11-24 18:29:55.80;0.00:00:28:028;1.00;-0.01;0.00;0.07759;0.07726;-0.0005003;4.074E-06;-0.19;0.00;99.57;0.01;99.57;0.07759;0.07726;0.0003318;-11.102;-11.120;-34.791;1.00;179.53;
2025-11-24 18:29:55.84;0.00:00:28:074;1.00;-0.01;0.00;0.07764;0.07728;-0.0005132;2.576E-05;-0.19;0.01;99.54;0.03;99.54;0.07764;0.07728;0.0003533;-11.099;-11.119;-34.518;1.00;177.13;
2025-11-24 18:29:55.89;0.00:00:28:127;1.00;-0.01;0.00;0.07774;0.07741;-0.0005101;2.25E-05;-0.19;0.01;99.58;0.03;99.58;0.07774;0.07741;0.0003226;-11.094;-11.112;-34.913;1.00;177.47;
2025-11-24 18:29:55.95;0.00:00:28:178;1.00;-0.01;0.00;0.07774;0.07744;-0.0004983;7.427E-06;-0.18;0.00;99.61;0.01;99.61;0.07774;0.07744;0.000303;-11.093;-11.110;-35.186;1.00;179.15;
2025-11-24 18:29:56.00;0.00:00:28:230;1.00;-0.01;0.00;0.07755;0.07721;-0.0005439;2.219E-05;-0.20;0.01;99.57;0.03;99.57;0.07755;0.07721;0.0003365;-11.104;-11.123;-34.731;1.00;177.66;
2025-11-24 18:29:56.06;0.00:00:28:288;1.00;-0.01;0.00;0.07735;0.07705;-0.0006045;8.562E-06;-0.22;0.00;99.62;0.01;99.62;0.07735;0.07706;0.0002962;-11.115;-11.132;-35.284;1.00;179.19;
2025-11-24 18:29:56.12;0.00:00:28:348;1.00;-0.01;0.00;0.07671;0.0765;-0.0005751;3.458E-05;-0.22;0.01;99.72;0.05;99.72;0.07671;0.0765;0.0002133;-11.151;-11.164;-36.710;1.00;176.56;
2025-11-24 18:29:56.16;0.00:00:28:395;1.00;-0.01;0.00;0.0766;0.07628;-0.000473;1.31E-05;-0.18;0.00;99.58;0.02;99.58;0.0766;0.07628;0.0003222;-11.158;-11.176;-34.919;1.00;178.41;
2025-11-24 18:29:56.22;0.00:00:28:456;1.00;-0.01;0.00;0.07713;0.07679;-0.000508;4.313E-06;-0.19;0.00;99.56;0.01;99.56;0.07713;0.07679;0.0003384;-11.128;-11.147;-34.706;1.00;179.51;
2025-11-24 18:29:56.28;0.00:00:28:518;1.00;-0.01;0.00;0.07715;0.07683;-0.0004738;7.671E-06;-0.18;0.00;99.58;0.01;99.58;0.07715;0.07683;0.0003206;-11.126;-11.145;-34.940;1.00;179.07;
2025-11-24 18:29:56.34;0.00:00:28:569;1.00;-0.01;0.00;0.07728;0.07695;-0.0004916;1.716E-05;-0.18;0.01;99.58;0.02;99.58;0.07728;0.07695;0.0003268;-11.119;-11.138;-34.857;1.00;178.00;
2025-11-24 18:29:56.39;0.00:00:28:621;1.00;-0.01;0.00;0.07716;0.0769;-0.0005376;3.337E-05;-0.20;0.01;99.67;0.04;99.67;0.07716;0.07691;0.0002519;-11.126;-11.140;-35.988;1.00;176.45;
2025-11-24 18:29:56.44;0.00:00:28:673;1.00;-0.01;0.00;0.07712;0.07677;-0.0004796;6.072E-06;-0.18;0.00;99.55;0.01;99.55;0.07712;0.07677;0.0003476;-11.129;-11.148;-34.589;1.00;179.27;
2025-11-24 18:29:56.49;0.00:00:28:725;1.00;-0.01;0.00;0.07731;0.07694;-0.000491;1.544E-05;-0.18;0.01;99.52;0.02;99.52;0.07731;0.07694;0.0003729;-11.118;-11.139;-34.284;1.00;178.20;
2025-11-24 18:29:56.54;0.00:00:28:776;1.00;-0.01;0.00;0.07735;0.077;-0.0005148;-9.488E-06;-0.19;0.00;99.55;0.01;99.55;0.07735;0.077;0.0003485;-11.116;-11.135;-34.578;1.00;-178.94;
2025-11-24 18:29:56.58;0.00:00:28:817;1.00;-0.01;0.00;0.07747;0.07716;-0.0005562;4.705E-05;-0.21;0.02;99.60;0.06;99.60;0.07747;0.07716;0.0003066;-11.109;-11.126;-35.134;1.00;175.17;
2025-11-24 18:29:56.65;0.00:00:28:884;1.00;-0.01;0.00;0.0772;0.07689;-0.0005025;2.881E-05;-0.19;0.01;99.59;0.04;99.59;0.0772;0.07689;0.0003146;-11.124;-11.141;-35.022;1.00;176.72;
2025-11-24 18:29:56.70;0.00:00:28:931;1.00;-0.01;0.00;0.07731;0.07693;-0.0004861;3.362E-05;-0.18;0.01;99.51;0.04;99.51;0.07731;0.07693;0.0003761;-11.118;-11.139;-34.247;1.00;176.04;
2025-11-24 18:29:56.74;0.00:00:28:977;1.00;-0.01;0.00;0.07746;0.07708;-0.0004999;3.474E-05;-0.19;0.01;99.51;0.04;99.51;0.07746;0.07708;0.0003771;-11.109;-11.131;-34.236;1.00;176.02;
2025-11-24 18:29:56.79;0.00:00:29:024;1.00;-0.01;0.00;0.07745;0.07714;-0.00052;9.315E-06;-0.19;0.00;99.59;0.01;99.59;0.07745;0.07714;0.0003152;-11.110;-11.127;-35.014;1.00;178.97;
2025-11-24 18:29:56.84;0.00:00:29:071;1.00;-0.01;0.00;0.07711;0.07687;-0.0005334;2.348E-05;-0.20;0.01;99.68;0.03;99.68;0.07711;0.07687;0.0002439;-11.129;-11.142;-36.128;1.00;177.48;
2025-11-24 18:29:56.89;0.00:00:29:124;1.00;-0.01;0.00;0.07699;0.07666;-0.000527;4.922E-06;-0.20;0.00;99.56;0.01;99.56;0.07699;0.07666;0.0003362;-11.135;-11.154;-34.734;1.00;179.46;
2025-11-24 18:29:56.95;0.00:00:29:179;1.00;-0.01;0.00;0.07716;0.0768;-0.0005063;6.709E-06;-0.19;0.00;99.54;0.01;99.54;0.07716;0.07681;0.0003535;-11.126;-11.146;-34.517;1.00;179.24;
2025-11-24 18:29:56.99;0.00:00:29:226;1.00;-0.01;0.00;0.07713;0.07681;-0.0004969;1.606E-05;-0.19;0.01;99.58;0.02;99.58;0.07713;0.07681;0.0003256;-11.128;-11.146;-34.873;1.00;178.15;
2025-11-24 18:29:57.04;0.00:00:29:274;1.00;-0.01;0.00;0.07734;0.07701;-0.0004923;-3.414E-06;-0.18;0.00;99.59;0.00;99.59;0.07734;0.07702;0.0003194;-11.116;-11.134;-34.956;1.00;-179.60;
2025-11-24 18:29:57.09;0.00:00:29:320;1.00;-0.01;0.00;0.07736;0.07708;-0.0005094;1.639E-06;-0.19;0.00;99.64;0.00;99.64;0.07736;0.07708;0.0002796;-11.115;-11.130;-35.534;1.00;179.82;
2025-11-24 18:29:57.14;0.00:00:29:368;1.00;-0.01;0.00;0.07741;0.07704;-0.0005216;2.032E-05;-0.19;0.01;99.52;0.03;99.52;0.07741;0.07704;0.000368;-11.112;-11.133;-34.342;1.00;177.77;
2025-11-24 18:29:57.18;0.00:00:29:415;1.00;-0.01;0.00;0.07732;0.07696;-0.0005559;2.761E-05;-0.21;0.01;99.53;0.04;99.53;0.07732;0.07696;0.0003621;-11.117;-11.137;-34.412;1.00;177.16;
2025-11-24 18:29:57.23;0.00:00:29:462;1.00;-0.01;0.00;0.07736;0.07696;-0.0004615;-2.547E-06;-0.17;0.00;99.49;0.00;99.49;0.07736;0.07696;0.0003979;-11.115;-11.137;-34.002;1.00;-179.68;
2025-11-24 18:29:57.28;0.00:00:29:509;1.00;-0.01;0.00;0.0774;0.07708;-0.0005624;9.496E-06;-0.21;0.00;99.59;0.01;99.59;0.0774;0.07708;0.0003153;-11.113;-11.130;-35.012;1.00;179.03;
2025-11-24 18:29:57.32;0.00:00:29:558;1.00;-0.01;0.00;0.07729;0.07699;-0.0005557;1.791E-05;-0.21;0.01;99.62;0.02;99.62;0.07729;0.07699;0.0002958;-11.119;-11.135;-35.290;1.00;178.15;
2025-11-24 18:29:57.38;0.00:00:29:617;1.00;-0.01;0.00;0.07721;0.0769;-0.0004269;1.382E-05;-0.16;0.01;99.59;0.02;99.59;0.07721;0.0769;0.0003147;-11.123;-11.141;-35.022;1.00;178.15;
2025-11-24 18:29:57.43;0.00:00:29:664;1.00;-0.01;0.00;0.07753;0.07719;-0.0005328;4.198E-05;-0.20;0.02;99.57;0.05;99.57;0.07753;0.07719;0.0003323;-11.106;-11.124;-34.784;1.00;175.49;
2025-11-24 18:29:57.48;0.00:00:29:711;1.00;-0.01;0.00;0.07738;0.07701;-0.0005225;2.298E-05;-0.19;0.01;99.52;0.03;99.52;0.07738;0.07701;0.0003713;-11.114;-11.134;-34.303;1.00;177.48;
2025-11-24 18:29:57.53;0.00:00:29:758;1.00;-0.01;0.00;0.07739;0.07708;-0.0005375;3.39E-05;-0.20;0.01;99.60;0.04;99.60;0.07739;0.07708;0.0003105;-11.113;-11.130;-35.079;1.00;176.39;
2025-11-24 18:29:57.57;0.00:00:29:805;1.00;-0.01;0.00;0.07737;0.07696;-0.0004912;1.129E-05;-0.18;0.00;99.48;0.01;99.48;0.07737;0.07696;0.0004061;-11.114;-11.137;-33.914;1.00;178.68;
2025-11-24 18:29:57.63;0.00:00:29:867;1.00;-0.01;0.00;0.07784;0.0775;-0.0005202;2.793E-05;-0.19;0.01;99.56;0.04;99.56;0.07784;0.0775;0.0003391;-11.088;-11.107;-34.696;1.00;176.93;
2025-11-24 18:29:57.68;0.00:00:29:913;1.00;-0.01;0.00;0.07782;0.07741;-0.0004641;2.632E-05;-0.17;0.01;99.47;0.03;99.47;0.07782;0.07741;0.0004127;-11.089;-11.112;-33.844;1.00;176.75;
2025-11-24 18:29:57.73;0.00:00:29:960;1.00;-0.01;0.00;0.07781;0.07751;-0.0005146;1.256E-05;-0.19;0.00;99.62;0.02;99.62;0.07781;0.07751;0.0002932;-11.090;-11.106;-35.328;1.00;178.60;
2025-11-24 18:29:57.77;0.00:00:30:006;1.00;-0.01;0.00;0.07763;0.07733;-0.0005694;1.598E-05;-0.21;0.01;99.61;0.02;99.61;0.07763;0.07733;0.0002989;-11.100;-11.117;-35.244;1.00;178.39;
2025-11-24 18:29:57.82;0.00:00:30:052;1.00;-0.01;0.00;0.07759;0.07717;-0.0004922;2.669E-05;-0.18;0.01;99.46;0.03;99.46;0.07759;0.07717;0.0004183;-11.102;-11.125;-33.785;1.00;176.90;
2025-11-24 18:29:57.87;0.00:00:30:099;1.00;-0.01;0.00;0.07752;0.07714;-0.0005956;2.703E-05;-0.22;0.01;99.52;0.03;99.52;0.07752;0.07715;0.0003721;-11.106;-11.127;-34.293;1.00;177.40;
2025-11-24 18:29:57.91;0.00:00:30:147;1.00;-0.01;0.00;0.07721;0.07692;-0.0005521;2.471E-05;-0.21;0.01;99.63;0.03;99.63;0.07721;0.07692;0.0002859;-11.123;-11.140;-35.438;1.00;177.44;
2025-11-24 18:29:57.96;0.00:00:30:194;1.00;-0.01;0.00;0.077;0.07673;-0.0005366;3.539E-05;-0.20;0.01;99.65;0.05;99.65;0.077;0.07673;0.0002667;-11.135;-11.150;-35.740;1.00;176.23;
2025-11-24 18:29:58.01;0.00:00:30:240;1.00;-0.01;0.00;0.07705;0.07673;-0.0004884;2.078E-06;-0.18;0.00;99.59;0.00;99.59;0.07705;0.07673;0.0003192;-11.132;-11.150;-34.959;1.00;179.76;
2025-11-24 18:29:58.05;0.00:00:30:286;1.00;-0.01;0.00;0.07706;0.07675;-0.0005007;3.302E-06;-0.19;0.00;99.60;0.00;99.60;0.07706;0.07675;0.0003107;-11.132;-11.149;-35.077;1.00;179.62;
2025-11-24 18:29:58.10;0.00:00:30:333;1.00;-0.01;0.00;0.07715;0.07685;-0.0004604;-4.452E-06;-0.17;0.00;99.61;0.01;99.61;0.07715;0.07685;0.0003004;-11.127;-11.144;-35.223;1.00;-179.45;
2025-11-24 18:29:58.15;0.00:00:30:379;1.00;-0.01;0.00;0.07722;0.07691;-0.0005314;2.309E-05;-0.20;0.01;99.60;0.03;99.60;0.07722;0.07691;0.0003095;-11.123;-11.140;-35.093;1.00;177.51;
2025-11-24 18:29:58.19;0.00:00:30:426;1.00;-0.01;0.00;0.07725;0.07691;-0.0005176;1.843E-05;-0.19;0.01;99.57;0.02;99.57;0.07725;0.07691;0.0003333;-11.121;-11.140;-34.772;1.00;177.96;
2025-11-24 18:29:58.24;0.00:00:30:473;1.00;-0.01;0.00;0.07707;0.07677;-0.0005804;3.477E-05;-0.22;0.01;99.61;0.05;99.60;0.07707;0.07677;0.0003044;-11.131;-11.148;-35.165;1.00;176.57;
2025-11-24 18:29:58.29;0.00:00:30:520;1.00;-0.01;0.00;0.07661;0.07637;-0.0004655;1.679E-05;-0.17;0.01;99.68;0.02;99.68;0.07661;0.07637;0.0002429;-11.157;-11.171;-36.145;1.00;177.93;
2025-11-24 18:29:58.33;0.00:00:30:566;1.00;-0.01;0.00;0.07673;0.07641;-0.0004862;2.911E-05;-0.18;0.01;99.59;0.04;99.59;0.07673;0.07641;0.0003139;-11.151;-11.168;-35.031;1.00;176.57;
2025-11-24 18:29:58.38;0.00:00:30:613;1.00;-0.01;0.00;0.07678;0.07644;-0.0005121;2.87E-07;-0.19;0.00;99.55;0.00;99.55;0.07678;0.07644;0.0003445;-11.147;-11.167;-34.628;1.00;179.97;
2025-11-24 18:29:58.43;0.00:00:30:660;1.00;-0.01;0.00;0.07719;0.0768;-0.0003952;1.781E-05;-0.15;0.01;99.50;0.02;99.50;0.07719;0.0768;0.0003865;-11.125;-11.146;-34.129;1.00;177.42;
2025-11-24 18:29:58.47;0.00:00:30:706;1.00;-0.01;0.00;0.07748;0.07712;-0.0005206;2.5E-05;-0.19;0.01;99.55;0.03;99.55;0.07748;0.07713;0.0003502;-11.108;-11.128;-34.557;1.00;177.25;
2025-11-24 18:29:58.52;0.00:00:30:752;1.00;-0.01;0.00;0.07762;0.07722;-0.0004581;3.605E-06;-0.17;0.00;99.48;0.00;99.48;0.07762;0.07722;0.0004008;-11.100;-11.123;-33.971;1.00;179.55;
2025-11-24 18:29:58.57;0.00:00:30:798;1.00;-0.01;0.00;0.07771;0.07737;-0.0004691;2.661E-05;-0.17;0.01;99.57;0.03;99.57;0.07771;0.07737;0.0003372;-11.095;-11.114;-34.721;1.00;176.75;
2025-11-24 18:29:58.61;0.00:00:30:845;1.00;-0.01;0.00;0.07792;0.07757;-0.0004598;2.312E-05;-0.17;0.01;99.54;0.03;99.54;0.07792;0.07757;0.0003568;-11.083;-11.103;-34.476;1.00;177.12;
2025-11-24 18:29:58.66;0.00:00:30:892;1.00;-0.01;0.00;0.07792;0.07762;-0.0005585;2.736E-05;-0.21;0.01;99.62;0.04;99.62;0.07792;0.07762;0.0002942;-11.084;-11.100;-35.313;1.00;177.20;
2025-11-24 18:29:58.71;0.00:00:30:938;1.00;-0.01;0.00;0.07777;0.07749;-0.0005455;1.826E-05;-0.20;0.01;99.64;0.02;99.64;0.07777;0.07749;0.0002788;-11.092;-11.107;-35.547;1.00;178.08;
2025-11-24 18:29:58.75;0.00:00:30:985;1.00;-0.01;0.00;0.07766;0.07739;-0.0005254;4.126E-05;-0.19;0.02;99.66;0.05;99.66;0.07766;0.0774;0.0002617;-11.098;-11.113;-35.822;1.00;175.51;
2025-11-24 18:29:58.80;0.00:00:31:034;1.00;-0.01;0.00;0.07754;0.07728;-0.0005641;1.203E-05;-0.21;0.00;99.68;0.02;99.68;0.07754;0.07728;0.0002508;-11.105;-11.119;-36.007;1.00;178.78;
2025-11-24 18:29:58.86;0.00:00:31:094;1.00;-0.01;0.00;0.0771;0.0768;-0.0005095;6.237E-06;-0.19;0.00;99.62;0.01;99.62;0.0771;0.07681;0.0002959;-11.129;-11.146;-35.289;1.00;179.30;
2025-11-24 18:29:58.91;0.00:00:31:140;1.00;-0.01;0.00;0.07727;0.07692;-0.0004768;2.087E-05;-0.18;0.01;99.55;0.03;99.55;0.07727;0.07692;0.000346;-11.120;-11.140;-34.609;1.00;177.49;
2025-11-24 18:29:58.95;0.00:00:31:187;1.00;-0.01;0.00;0.07738;0.077;-0.000531;2.667E-05;-0.20;0.01;99.51;0.03;99.51;0.07738;0.077;0.0003755;-11.114;-11.135;-34.254;1.00;177.12;
2025-11-24 18:29:59.00;0.00:00:31:234;1.00;-0.01;0.00;0.07731;0.07696;-0.00054;1.785E-06;-0.20;0.00;99.54;0.00;99.54;0.07731;0.07696;0.0003519;-11.118;-11.137;-34.536;1.00;179.81;
2025-11-24 18:29:59.05;0.00:00:31:281;1.00;-0.01;0.00;0.07736;0.07702;-0.0004786;7.241E-06;-0.18;0.00;99.56;0.01;99.56;0.07736;0.07702;0.0003417;-11.115;-11.134;-34.664;1.00;179.13;
2025-11-24 18:29:59.10;0.00:00:31:332;1.00;-0.01;0.00;0.07747;0.07708;-0.0005623;4.712E-06;-0.21;0.00;99.50;0.01;99.50;0.07747;0.07708;0.0003908;-11.109;-11.131;-34.081;1.00;179.52;
2025-11-24 18:29:59.16;0.00:00:31:391;1.00;-0.01;0.00;0.07726;0.07697;-0.0005329;3.081E-05;-0.20;0.01;99.63;0.04;99.63;0.07726;0.07698;0.0002879;-11.120;-11.136;-35.408;1.00;176.69;
2025-11-24 18:29:59.20;0.00:00:31:437;1.00;-0.01;0.00;0.07711;0.07686;-0.0005021;1.619E-05;-0.19;0.01;99.67;0.02;99.67;0.07711;0.07686;0.0002544;-11.129;-11.143;-35.945;1.00;178.15;
2025-11-24 18:29:59.25;0.00:00:31:485;1.00;-0.01;0.00;0.0773;0.07699;-0.0004965;1.465E-06;-0.18;0.00;99.60;0.00;99.60;0.0773;0.07699;0.0003088;-11.118;-11.135;-35.103;1.00;179.83;
2025-11-24 18:29:59.30;0.00:00:31:532;1.00;-0.01;0.00;0.07737;0.077;-0.0004166;-6.046E-06;-0.15;0.00;99.53;0.01;99.53;0.07737;0.077;0.0003669;-11.114;-11.135;-34.355;1.00;-179.17;
2025-11-24 18:29:59.35;0.00:00:31:579;1.00;-0.01;0.00;0.07773;0.07736;-0.0004658;4.85E-06;-0.17;0.00;99.53;0.01;99.53;0.07773;0.07736;0.0003659;-11.094;-11.115;-34.367;1.00;179.40;
2025-11-24 18:29:59.39;0.00:00:31:625;1.00;-0.01;0.00;0.0778;0.07747;-0.0005041;4.087E-05;-0.19;0.02;99.57;0.05;99.57;0.0778;0.07747;0.0003367;-11.090;-11.109;-34.727;1.00;175.37;
2025-11-24 18:29:59.44;0.00:00:31:672;1.00;-0.01;0.00;0.07747;0.07728;-0.0006435;4.963E-05;-0.24;0.02;99.76;0.06;99.76;0.07747;0.07729;0.0001842;-11.109;-11.119;-37.348;1.00;175.59;
2025-11-24 18:29:59.49;0.00:00:31:719;1.00;-0.01;0.00;0.07724;0.07684;-0.0004881;1.498E-05;-0.18;0.01;99.48;0.02;99.48;0.07724;0.07684;0.0003994;-11.122;-11.144;-33.986;1.00;178.24;
2025-11-24 18:29:59.53;0.00:00:31:765;1.00;-0.01;0.00;0.07744;0.07703;-0.0004878;3.236E-05;-0.18;0.01;99.47;0.04;99.47;0.07744;0.07703;0.0004116;-11.110;-11.134;-33.855;1.00;176.20;
2025-11-24 18:29:59.58;0.00:00:31:812;1.00;-0.01;0.00;0.07743;0.0771;-0.0005569;5.157E-06;-0.21;0.00;99.57;0.01;99.57;0.07743;0.0771;0.0003336;-11.111;-11.129;-34.767;1.00;179.47;
2025-11-24 18:29:59.63;0.00:00:31:858;1.00;-0.01;0.00;0.07747;0.0771;-0.0004805;2.527E-05;-0.18;0.01;99.52;0.03;99.52;0.07747;0.0771;0.0003729;-11.108;-11.129;-34.284;1.00;176.99;
2025-11-24 18:29:59.68;0.00:00:31:908;1.00;-0.01;0.00;0.0776;0.07725;-0.0005124;2.874E-05;-0.19;0.01;99.56;0.04;99.56;0.0776;0.07725;0.0003453;-11.102;-11.121;-34.618;1.00;176.79;
2025-11-24 18:29:59.73;0.00:00:31:967;1.00;-0.01;0.00;0.07747;0.07712;-0.0004927;-1.039E-05;-0.18;0.00;99.54;0.01;99.54;0.07747;0.07712;0.0003557;-11.109;-11.128;-34.489;1.00;-178.79;
2025-11-24 18:29:59.78;0.00:00:32:014;1.00;-0.01;0.00;0.07764;0.07734;-0.0005582;2.659E-05;-0.21;0.01;99.61;0.03;99.61;0.07764;0.07734;0.0003022;-11.099;-11.116;-35.197;1.00;177.27;
2025-11-24 18:29:59.83;0.00:00:32:061;1.00;-0.01;0.00;0.07747;0.0771;-0.000524;2.016E-05;-0.19;0.01;99.53;0.03;99.53;0.07747;0.07711;0.0003618;-11.109;-11.129;-34.415;1.00;177.80;
2025-11-24 18:29:59.87;0.00:00:32:108;1.00;-0.01;0.00;0.07731;0.07696;-0.0005323;2.662E-05;-0.20;0.01;99.55;0.03;99.55;0.07731;0.07696;0.0003477;-11.118;-11.137;-34.588;1.00;177.14;
2025-11-24 18:29:59.92;0.00:00:32:154;1.00;-0.01;0.00;0.07719;0.07691;-0.0004931;2.749E-05;-0.18;0.01;99.64;0.04;99.64;0.07719;0.07691;0.0002782;-11.125;-11.140;-35.556;1.00;176.81;
2025-11-24 18:29:59.97;0.00:00:32:200;1.00;-0.01;0.00;0.0768;0.07655;-0.0005501;4.454E-05;-0.21;0.02;99.67;0.06;99.67;0.0768;0.07655;0.0002506;-11.146;-11.160;-36.011;1.00;175.37;
2025-11-24 18:30:00.01;0.00:00:32:247;1.00;-0.01;0.00;0.07661;0.0763;-0.0005006;2.432E-05;-0.19;0.01;99.59;0.03;99.59;0.07661;0.0763;0.000311;-11.157;-11.175;-35.072;1.00;177.22;
2025-11-24 18:30:00.06;0.00:00:32:294;1.00;-0.01;0.00;0.07687;0.07648;-0.0005156;2.365E-05;-0.19;0.01;99.49;0.03;99.49;0.07687;0.07648;0.0003885;-11.143;-11.165;-34.106;1.00;177.37;
2025-11-24 18:30:00.11;0.00:00:32:344;1.00;-0.01;0.00;0.07673;0.07646;-0.0005925;2.214E-05;-0.22;0.01;99.65;0.03;99.65;0.07673;0.07646;0.0002659;-11.150;-11.165;-35.752;1.00;177.86;
2025-11-24 18:30:00.17;0.00:00:32:403;1.00;-0.01;0.00;0.07695;0.07662;-0.0004826;2.739E-05;-0.18;0.01;99.57;0.04;99.57;0.07695;0.07662;0.0003271;-11.138;-11.156;-34.853;1.00;176.75;
2025-11-24 18:30:00.22;0.00:00:32:450;1.00;-0.01;0.00;0.07707;0.07677;-0.0004367;8.165E-06;-0.16;0.00;99.62;0.01;99.62;0.07707;0.07677;0.0002952;-11.131;-11.148;-35.299;1.00;178.93;
2025-11-24 18:30:00.26;0.00:00:32:497;1.00;-0.01;0.00;0.07711;0.07682;-0.0005369;3.851E-05;-0.20;0.01;99.63;0.05;99.62;0.07711;0.07682;0.0002892;-11.129;-11.145;-35.388;1.00;175.90;
2025-11-24 18:30:00.31;0.00:00:32:544;1.00;-0.01;0.00;0.07693;0.0766;-0.0005838;1.343E-05;-0.22;0.01;99.58;0.02;99.58;0.07693;0.0766;0.0003255;-11.139;-11.158;-34.875;1.00;178.68;
2025-11-24 18:30:00.36;0.00:00:32:591;1.00;-0.01;0.00;0.07672;0.07641;-0.0005509;1.105E-05;-0.21;0.00;99.60;0.01;99.60;0.07672;0.07641;0.0003076;-11.151;-11.168;-35.120;1.00;178.85;
2025-11-24 18:30:00.41;0.00:00:32:639;1.00;-0.01;0.00;0.07689;0.07656;-0.000483;1.453E-05;-0.18;0.01;99.58;0.02;99.58;0.07689;0.07656;0.000326;-11.142;-11.160;-34.867;1.00;178.28;
2025-11-24 18:30:00.45;0.00:00:32:685;1.00;-0.01;0.00;0.07699;0.07663;-0.0005159;2.605E-05;-0.19;0.01;99.54;0.03;99.54;0.07699;0.07663;0.0003539;-11.136;-11.156;-34.511;1.00;177.11;
2025-11-24 18:30:00.50;0.00:00:32:733;1.00;-0.01;0.00;0.07703;0.07672;-0.0005823;3.378E-05;-0.22;0.01;99.59;0.04;99.59;0.07703;0.07672;0.0003144;-11.133;-11.151;-35.025;1.00;176.68;
2025-11-24 18:30:00.55;0.00:00:32:785;1.00;-0.01;0.00;0.07699;0.07669;-0.0005175;1.211E-05;-0.19;0.00;99.61;0.02;99.61;0.07699;0.07669;0.0003012;-11.136;-11.153;-35.212;1.00;178.66;
2025-11-24 18:30:00.61;0.00:00:32:843;1.00;-0.01;0.00;0.07722;0.07689;-0.0005399;3.26E-05;-0.20;0.01;99.57;0.04;99.57;0.07722;0.07689;0.0003317;-11.123;-11.141;-34.793;1.00;176.54;
2025-11-24 18:30:00.66;0.00:00:32:890;1.00;-0.01;0.00;0.07715;0.07682;-0.0004699;3.343E-05;-0.18;0.01;99.57;0.04;99.57;0.07715;0.07682;0.000328;-11.127;-11.145;-34.841;1.00;175.93;
2025-11-24 18:30:00.71;0.00:00:32:938;1.00;-0.01;0.00;0.07723;0.07695;-0.000532;2.974E-05;-0.20;0.01;99.63;0.04;99.63;0.07723;0.07695;0.0002829;-11.122;-11.138;-35.484;1.00;176.80;
2025-11-24 18:30:00.75;0.00:00:32:985;1.00;-0.01;0.00;0.07695;0.07674;-0.0005451;5.011E-05;-0.20;0.02;99.73;0.07;99.73;0.07695;0.07674;0.0002093;-11.138;-11.150;-36.793;1.00;174.75;
2025-11-24 18:30:00.80;0.00:00:33:032;1.00;-0.01;0.00;0.07679;0.07644;-0.0004851;1.261E-05;-0.18;0.00;99.54;0.02;99.54;0.07679;0.07644;0.0003518;-11.147;-11.167;-34.537;1.00;178.51;
2025-11-24 18:30:00.85;0.00:00:33:081;1.00;-0.01;0.00;0.07688;0.07661;-0.0004702;3.154E-05;-0.18;0.01;99.66;0.04;99.66;0.07688;0.07662;0.0002619;-11.142;-11.157;-35.819;1.00;176.16;
2025-11-24 18:30:00.89;0.00:00:33:127;1.00;-0.01;0.00;0.07689;0.07662;-0.0005562;2.011E-05;-0.21;0.01;99.65;0.03;99.65;0.07689;0.07662;0.0002706;-11.141;-11.157;-35.677;1.00;177.93;
2025-11-24 18:30:00.94;0.00:00:33:174;1.00;-0.01;0.00;0.07719;0.07693;-0.0005018;3.206E-05;-0.19;0.01;99.66;0.04;99.66;0.07719;0.07693;0.0002604;-11.125;-11.139;-35.844;1.00;176.34;
2025-11-24 18:30:00.99;0.00:00:33:228;1.00;-0.01;0.00;0.0771;0.0768;-0.0005268;1.158E-05;-0.20;0.00;99.62;0.02;99.62;0.0771;0.0768;0.0002953;-11.129;-11.146;-35.297;1.00;178.74;
2025-11-24 18:30:01.05;0.00:00:33:285;1.00;-0.01;0.00;0.07696;0.07665;-0.0005211;3.805E-05;-0.19;0.01;99.60;0.05;99.60;0.07696;0.07665;0.0003084;-11.137;-11.155;-35.109;1.00;175.82;
2025-11-24 18:30:01.10;0.00:00:33:331;1.00;-0.01;0.00;0.07696;0.07664;-0.0004604;1.534E-05;-0.17;0.01;99.59;0.02;99.59;0.07696;0.07664;0.0003131;-11.137;-11.155;-35.043;1.00;178.09;
2025-11-24 18:30:01.15;0.00:00:33:379;1.00;-0.01;0.00;0.07735;0.07692;-0.0004149;2.755E-05;-0.15;0.01;99.44;0.04;99.44;0.07735;0.07692;0.0004333;-11.115;-11.140;-33.632;1.00;176.20;
2025-11-24 18:30:01.19;0.00:00:33:426;1.00;-0.01;0.00;0.07763;0.07729;-0.0005213;9.342E-06;-0.19;0.00;99.56;0.01;99.56;0.07763;0.0773;0.0003382;-11.099;-11.118;-34.708;1.00;178.97;
2025-11-24 18:30:01.24;0.00:00:33:472;1.00;-0.01;0.00;0.07798;0.07768;-0.0005201;2.248E-05;-0.19;0.01;99.61;0.03;99.61;0.07798;0.07768;0.0003012;-11.080;-11.097;-35.211;1.00;177.52;
2025-11-24 18:30:01.29;0.00:00:33:519;1.00;-0.01;0.00;0.07783;0.07761;-0.0005603;3.017E-05;-0.21;0.01;99.72;0.04;99.72;0.07783;0.07761;0.0002182;-11.089;-11.101;-36.611;1.00;176.92;
2025-11-24 18:30:01.33;0.00:00:33:566;1.00;-0.01;0.00;0.07736;0.07705;-0.0005603;3.641E-05;-0.21;0.01;99.60;0.05;99.60;0.07736;0.07705;0.0003093;-11.115;-11.132;-35.096;1.00;176.28;
2025-11-24 18:30:01.38;0.00:00:33:614;1.00;-0.01;0.00;0.07695;0.07665;-0.0006024;1.985E-05;-0.23;0.01;99.62;0.03;99.62;0.07695;0.07665;0.000296;-11.138;-11.155;-35.287;1.00;178.11;
2025-11-24 18:30:01.43;0.00:00:33:659;1.00;-0.01;0.00;0.07707;0.07672;-0.0004481;1.855E-05;-0.17;0.01;99.54;0.02;99.54;0.07707;0.07672;0.0003536;-11.131;-11.151;-34.515;1.00;177.63;
2025-11-24 18:30:01.47;0.00:00:33:705;1.00;-0.01;0.00;0.07736;0.07701;-0.000514;3.284E-05;-0.19;0.01;99.56;0.04;99.56;0.07736;0.07701;0.0003411;-11.115;-11.134;-34.671;1.00;176.34;
2025-11-24 18:30:01.52;0.00:00:33:753;1.00;-0.01;0.00;0.07743;0.07704;-0.0005128;1.017E-05;-0.19;0.00;99.50;0.01;99.50;0.07743;0.07704;0.0003909;-11.111;-11.133;-34.079;1.00;178.86;
2025-11-24 18:30:01.57;0.00:00:33:799;1.00;-0.01;0.00;0.07739;0.07704;-0.0005501;1.331E-05;-0.20;0.00;99.54;0.02;99.54;0.07739;0.07704;0.0003538;-11.113;-11.133;-34.512;1.00;178.61;
2025-11-24 18:30:01.61;0.00:00:33:846;1.00;-0.01;0.00;0.07735;0.07701;-0.0005066;1.903E-05;-0.19;0.01;99.57;0.02;99.57;0.07735;0.07702;0.0003337;-11.115;-11.134;-34.767;1.00;177.85;
2025-11-24 18:30:01.66;0.00:00:33:893;1.00;-0.01;0.00;0.0772;0.07692;-0.0005026;2.596E-05;-0.19;0.01;99.64;0.03;99.64;0.0772;0.07692;0.0002815;-11.124;-11.140;-35.505;1.00;177.04;
2025-11-24 18:30:01.71;0.00:00:33:940;1.00;-0.01;0.00;0.07722;0.0769;-0.0005004;1.631E-05;-0.19;0.01;99.58;0.02;99.58;0.07722;0.0769;0.0003255;-11.123;-11.141;-34.874;1.00;178.13;
2025-11-24 18:30:01.76;0.00:00:33:992;1.00;-0.01;0.00;0.07743;0.07706;-0.0004648;3.098E-05;-0.17;0.01;99.54;0.04;99.54;0.07743;0.07707;0.0003598;-11.111;-11.131;-34.439;1.00;176.19;
2025-11-24 18:30:01.82;0.00:00:34:049;1.00;-0.01;0.00;0.07752;0.0772;-0.0005529;2.117E-05;-0.21;0.01;99.59;0.03;99.59;0.07752;0.07721;0.0003154;-11.106;-11.124;-35.011;1.00;177.81;
2025-11-24 18:30:01.86;0.00:00:34:095;1.00;-0.01;0.00;0.07752;0.07718;-0.0004952;2.118E-05;-0.18;0.01;99.57;0.03;99.57;0.07752;0.07718;0.000337;-11.106;-11.125;-34.724;1.00;177.55;
2025-11-24 18:30:01.91;0.00:00:34:143;1.00;-0.01;0.00;0.07727;0.07693;-0.0005087;3.287E-06;-0.19;0.00;99.56;0.00;99.56;0.07727;0.07693;0.0003385;-11.120;-11.139;-34.704;1.00;179.63;
2025-11-24 18:30:01.96;0.00:00:34:190;1.00;-0.01;0.00;0.07721;0.07688;-0.0005214;3.494E-05;-0.19;0.01;99.58;0.05;99.58;0.07721;0.07688;0.000324;-11.123;-11.142;-34.894;1.00;176.17;
2025-11-24 18:30:02.00;0.00:00:34:236;1.00;-0.01;0.00;0.077;0.07664;-0.0005338;1.825E-05;-0.20;0.01;99.54;0.02;99.53;0.077;0.07664;0.0003581;-11.135;-11.155;-34.461;1.00;178.04;
2025-11-24 18:30:02.05;0.00:00:34:286;1.00;-0.01;0.00;0.07708;0.07674;-0.000496;1.259E-06;-0.19;0.00;99.56;0.00;99.56;0.07708;0.07674;0.0003429;-11.130;-11.150;-34.648;1.00;179.85;
2025-11-24 18:30:02.11;0.00:00:34:344;1.00;-0.01;0.00;0.0775;0.07711;-0.0004886;2.38E-05;-0.18;0.01;99.50;0.03;99.50;0.0775;0.07711;0.000389;-11.107;-11.129;-34.101;1.00;177.21;
2025-11-24 18:30:02.16;0.00:00:34:390;1.00;-0.01;0.00;0.07739;0.07705;-0.0005501;7.732E-06;-0.20;0.00;99.56;0.01;99.56;0.07739;0.07705;0.0003422;-11.113;-11.132;-34.658;1.00;179.19;
2025-11-24 18:30:02.20;0.00:00:34:437;1.00;-0.01;0.00;0.07736;0.07694;-0.0004455;-3.22E-06;-0.17;0.00;99.45;0.00;99.45;0.07736;0.07694;0.0004225;-11.115;-11.139;-33.742;1.00;-179.59;
2025-11-24 18:30:02.25;0.00:00:34:484;1.00;-0.01;0.00;0.07778;0.07747;-0.0004613;1.417E-05;-0.17;0.01;99.59;0.02;99.59;0.07778;0.07747;0.0003165;-11.091;-11.109;-34.997;1.00;178.24;
2025-11-24 18:30:02.30;0.00:00:34:531;1.00;-0.01;0.00;0.07766;0.07731;-0.0005452;2.188E-05;-0.20;0.01;99.55;0.03;99.55;0.07766;0.07731;0.000349;-11.098;-11.118;-34.571;1.00;177.70;
2025-11-24 18:30:02.34;0.00:00:34:578;1.00;-0.01;0.00;0.07744;0.07714;-0.0005359;1.532E-05;-0.20;0.01;99.62;0.02;99.62;0.07744;0.07714;0.0002917;-11.111;-11.127;-35.351;1.00;178.36;
2025-11-24 18:30:02.40;0.00:00:34:629;1.00;-0.01;0.00;0.07746;0.07714;-0.0005403;3.799E-05;-0.20;0.01;99.59;0.05;99.59;0.07746;0.07714;0.0003192;-11.109;-11.127;-34.960;1.00;175.98;
2025-11-24 18:30:02.45;0.00:00:34:687;1.00;-0.01;0.00;0.07709;0.07674;-0.0004837;1.557E-05;-0.18;0.01;99.55;0.02;99.55;0.07709;0.07674;0.0003468;-11.130;-11.150;-34.600;1.00;178.16;
2025-11-24 18:30:02.50;0.00:00:34:734;1.00;-0.01;0.00;0.07738;0.07695;-0.0004005;1.071E-05;-0.15;0.00;99.45;0.01;99.45;0.07738;0.07695;0.0004232;-11.114;-11.138;-33.735;1.00;178.47;
2025-11-24 18:30:02.55;0.00:00:34:781;1.00;-0.01;0.00;0.07729;0.077;-0.0006196;3.062E-05;-0.23;0.01;99.63;0.04;99.63;0.07729;0.077;0.0002822;-11.119;-11.135;-35.495;1.00;177.17;
2025-11-24 18:30:02.59;0.00:00:34:828;1.00;-0.01;0.00;0.07702;0.07671;-0.000535;6.441E-06;-0.20;0.00;99.61;0.01;99.61;0.07702;0.07671;0.0003039;-11.134;-11.151;-35.173;1.00;179.31;
2025-11-24 18:30:02.66;0.00:00:34:888;1.00;-0.01;0.00;0.07706;0.07677;-0.0005553;2.447E-05;-0.21;0.01;99.63;0.03;99.63;0.07706;0.07677;0.0002888;-11.132;-11.148;-35.394;1.00;177.48;
2025-11-24 18:30:02.70;0.00:00:34:935;1.00;-0.01;0.00;0.07725;0.07693;-0.000439;2.045E-05;-0.16;0.01;99.59;0.03;99.59;0.07725;0.07693;0.0003205;-11.121;-11.139;-34.942;1.00;177.33;
2025-11-24 18:30:02.75;0.00:00:34:983;1.00;-0.01;0.00;0.07756;0.07721;-0.0004679;1.308E-05;-0.17;0.00;99.55;0.02;99.55;0.07756;0.07721;0.0003488;-11.104;-11.123;-34.574;1.00;178.40;
2025-11-24 18:30:02.80;0.00:00:35:030;1.00;-0.01;0.00;0.07766;0.07734;-0.0005009;3.591E-05;-0.19;0.01;99.59;0.05;99.59;0.07766;0.07734;0.00032;-11.098;-11.116;-34.949;1.00;175.90;
2025-11-24 18:30:02.84;0.00:00:35:076;1.00;-0.01;0.00;0.07758;0.07727;-0.0005096;1.007E-05;-0.19;0.00;99.60;0.01;99.60;0.07758;0.07727;0.000308;-11.103;-11.120;-35.114;1.00;178.87;
2025-11-24 18:30:02.89;0.00:00:35:123;1.00;-0.01;0.00;0.07774;0.07739;-0.0004548;1.677E-05;-0.17;0.01;99.55;0.02;99.55;0.07774;0.07739;0.0003488;-11.093;-11.113;-34.574;1.00;177.89;
2025-11-24 18:30:02.94;0.00:00:35:170;1.00;-0.01;0.00;0.07775;0.07751;-0.0005534;6.084E-06;-0.20;0.00;99.69;0.01;99.69;0.07775;0.07751;0.0002387;-11.093;-11.106;-36.222;1.00;179.37;
2025-11-24 18:30:02.98;0.00:00:35:217;1.00;-0.01;0.00;0.07765;0.07726;-0.0005211;2.294E-06;-0.19;0.00;99.51;0.00;99.51;0.07765;0.07727;0.0003797;-11.099;-11.120;-34.206;1.00;179.75;
2025-11-24 18:30:03.03;0.00:00:35:263;1.00;-0.01;0.00;0.07772;0.07741;-0.0004749;2.052E-05;-0.18;0.01;99.61;0.03;99.61;0.07772;0.07741;0.0003039;-11.095;-11.112;-35.173;1.00;177.53;
2025-11-24 18:30:03.09;0.00:00:35:326;1.00;-0.01;0.00;0.07741;0.0771;-0.000541;1.678E-05;-0.20;0.01;99.61;0.02;99.61;0.07741;0.0771;0.0003045;-11.112;-11.129;-35.165;1.00;178.22;
2025-11-24 18:30:03.14;0.00:00:35:372;1.00;-0.01;0.00;0.07744;0.07708;-0.0005489;1.593E-05;-0.20;0.01;99.54;0.02;99.54;0.07744;0.07708;0.000355;-11.110;-11.130;-34.497;1.00;178.34;
2025-11-24 18:30:03.19;0.00:00:35:418;1.00;-0.01;0.00;0.07726;0.07687;-0.0004678;-1.4E-05;-0.17;-0.01;99.51;0.02;99.51;0.07726;0.07687;0.0003818;-11.121;-11.142;-34.182;1.00;-178.29;
2025-11-24 18:30:03.23;0.00:00:35:466;1.00;-0.01;0.00;0.07756;0.07718;-0.0004899;-2.717E-06;-0.18;0.00;99.51;0.00;99.51;0.07756;0.07718;0.0003799;-11.103;-11.125;-34.203;1.00;-179.68;
2025-11-24 18:30:03.28;0.00:00:35:513;1.00;-0.01;0.00;0.07772;0.07733;-0.0004937;1.576E-05;-0.18;0.01;99.51;0.02;99.51;0.07772;0.07733;0.0003831;-11.095;-11.116;-34.167;1.00;178.17;
2025-11-24 18:30:03.33;0.00:00:35:560;1.00;-0.01;0.00;0.07782;0.0775;-0.0005131;4.212E-05;-0.19;0.02;99.59;0.05;99.59;0.07782;0.0775;0.00032;-11.089;-11.107;-34.949;1.00;175.31;
2025-11-24 18:30:03.37;0.00:00:35:607;1.00;-0.01;0.00;0.07769;0.0774;-0.0004953;2.851E-05;-0.18;0.01;99.63;0.04;99.63;0.07769;0.0774;0.0002888;-11.096;-11.113;-35.394;1.00;176.71;
2025-11-24 18:30:03.42;0.00:00:35:654;1.00;-0.01;0.00;0.07754;0.07728;-0.000518;2.512E-05;-0.19;0.01;99.66;0.03;99.66;0.07754;0.07728;0.0002601;-11.105;-11.119;-35.848;1.00;177.22;
2025-11-24 18:30:03.47;0.00:00:35:699;1.00;-0.01;0.00;0.07759;0.07726;-0.0004953;1.837E-05;-0.18;0.01;99.58;0.02;99.58;0.07759;0.07726;0.0003253;-11.102;-11.120;-34.877;1.00;177.88;
2025-11-24 18:30:03.51;0.00:00:35:747;1.00;-0.01;0.00;0.07741;0.07708;-0.0005989;3.522E-06;-0.22;0.00;99.58;0.00;99.58;0.07741;0.07708;0.000328;-11.112;-11.131;-34.841;1.00;179.66;
2025-11-24 18:30:03.56;0.00:00:35:793;1.00;-0.01;0.00;0.07701;0.07669;-0.0005457;-1.17E-05;-0.20;0.00;99.59;0.02;99.59;0.07701;0.07669;0.0003159;-11.135;-11.152;-35.004;1.00;-178.77;
2025-11-24 18:30:03.61;0.00:00:35:839;1.00;-0.01;0.00;0.07742;0.07702;-0.0004139;3.736E-05;-0.15;0.01;99.48;0.05;99.48;0.07742;0.07702;0.0004026;-11.111;-11.134;-33.951;1.00;174.84;
2025-11-24 18:30:03.65;0.00:00:35:886;1.00;-0.01;0.00;0.07764;0.07737;-0.0004922;2.031E-05;-0.18;0.01;99.65;0.03;99.65;0.07764;0.07737;0.0002694;-11.099;-11.114;-35.697;1.00;177.64;
2025-11-24 18:30:03.70;0.00:00:35:933;1.00;-0.01;0.00;0.07772;0.07736;-0.0004631;6.072E-06;-0.17;0.00;99.55;0.01;99.55;0.07772;0.07736;0.0003532;-11.095;-11.115;-34.520;1.00;179.25;
2025-11-24 18:30:03.75;0.00:00:35:980;1.00;-0.01;0.00;0.07789;0.07753;-0.0004825;3.107E-05;-0.18;0.01;99.53;0.04;99.53;0.07789;0.07753;0.0003661;-11.085;-11.105;-34.364;1.00;176.32;
2025-11-24 18:30:03.80;0.00:00:36:028;1.00;-0.01;0.00;0.07758;0.0773;-0.0006105;2.085E-05;-0.23;0.01;99.64;0.03;99.64;0.07758;0.0773;0.0002801;-11.102;-11.118;-35.526;1.00;178.04;
2025-11-24 18:30:03.84;0.00:00:36:075;1.00;-0.01;0.00;0.07738;0.077;-0.0005468;1.271E-05;-0.20;0.00;99.51;0.02;99.51;0.07738;0.077;0.000376;-11.114;-11.135;-34.248;1.00;178.67;
2025-11-24 18:30:03.89;0.00:00:36:121;1.00;-0.01;0.00;0.07751;0.07712;-0.000506;2.678E-05;-0.19;0.01;99.49;0.03;99.49;0.07751;0.07712;0.000392;-11.106;-11.128;-34.067;1.00;176.97;
2025-11-24 18:30:03.94;0.00:00:36:168;1.00;-0.01;0.00;0.07758;0.07725;-0.0005338;4.159E-05;-0.20;0.02;99.58;0.05;99.58;0.07758;0.07725;0.0003242;-11.103;-11.121;-34.891;1.00;175.54;
2025-11-24 18:30:03.98;0.00:00:36:215;1.00;-0.01;0.00;0.07736;0.07701;-0.0005837;2.247E-05;-0.22;0.01;99.56;0.03;99.56;0.07736;0.07702;0.0003436;-11.115;-11.134;-34.640;1.00;177.80;
2025-11-24 18:30:04.03;0.00:00:36:261;1.00;-0.01;0.00;0.07697;0.07668;-0.0005292;2.984E-05;-0.20;0.01;99.63;0.04;99.63;0.07697;0.07669;0.0002853;-11.137;-11.153;-35.447;1.00;176.77;
2025-11-24 18:30:04.07;0.00:00:36:307;1.00;-0.01;0.00;0.07698;0.07663;-0.0005101;2.018E-05;-0.19;0.01;99.56;0.03;99.56;0.07698;0.07664;0.0003405;-11.136;-11.156;-34.679;1.00;177.73;
2025-11-24 18:30:04.12;0.00:00:36:354;1.00;-0.01;0.00;0.07704;0.07669;-0.0004676;1.008E-06;-0.17;0.00;99.56;0.00;99.56;0.07704;0.0767;0.0003401;-11.133;-11.152;-34.683;1.00;179.88;
2025-11-24 18:30:04.17;0.00:00:36:404;1.00;-0.01;0.00;0.07722;0.07686;-0.0004994;2.208E-05;-0.19;0.01;99.54;0.03;99.54;0.07722;0.07686;0.0003547;-11.123;-11.143;-34.502;1.00;177.47;
2025-11-24 18:30:04.23;0.00:00:36:463;1.00;-0.01;0.00;0.07729;0.07692;-0.0005084;7.287E-06;-0.19;0.00;99.52;0.01;99.52;0.07729;0.07692;0.0003727;-11.119;-11.140;-34.286;1.00;179.18;
2025-11-24 18:30:04.28;0.00:00:36:511;1.00;-0.01;0.00;0.0775;0.07708;-0.0004898;6.769E-06;-0.18;0.00;99.46;0.01;99.46;0.0775;0.07709;0.0004185;-11.107;-11.130;-33.783;1.00;179.21;
2025-11-24 18:30:04.33;0.00:00:36:559;1.00;-0.01;0.00;0.07757;0.07724;-0.0005453;2.647E-05;-0.20;0.01;99.57;0.03;99.57;0.07757;0.07724;0.0003358;-11.103;-11.122;-34.739;1.00;177.22;
2025-11-24 18:30:04.37;0.00:00:36:606;1.00;-0.01;0.00;0.07753;0.07716;-0.0005584;1.382E-05;-0.21;0.01;99.53;0.02;99.53;0.07753;0.07717;0.0003682;-11.105;-11.126;-34.339;1.00;178.58;
2025-11-24 18:30:04.42;0.00:00:36:653;1.00;-0.01;0.00;0.07732;0.07698;-0.0005634;3.358E-05;-0.21;0.01;99.56;0.04;99.56;0.07732;0.07698;0.0003371;-11.117;-11.136;-34.722;1.00;176.59;
2025-11-24 18:30:04.47;0.00:00:36:706;1.00;-0.01;0.00;0.07734;0.07697;-0.000484;-1.157E-05;-0.18;0.00;99.53;0.01;99.53;0.07734;0.07698;0.000367;-11.116;-11.136;-34.353;1.00;-178.63;
2025-11-24 18:30:04.53;0.00:00:36:763;1.00;-0.01;0.00;0.07736;0.07701;-0.0004996;2.078E-05;-0.19;0.01;99.55;0.03;99.55;0.07736;0.07701;0.0003457;-11.115;-11.134;-34.614;1.00;177.62;
2025-11-24 18:30:04.58;0.00:00:36:811;1.00;-0.01;0.00;0.07736;0.07698;-0.000527;2.875E-05;-0.20;0.01;99.51;0.04;99.51;0.07736;0.07698;0.0003763;-11.115;-11.136;-34.245;1.00;176.88;
2025-11-24 18:30:04.62;0.00:00:36:857;1.00;-0.01;0.00;0.07762;0.07725;-0.0005297;1.211E-05;-0.20;0.00;99.52;0.02;99.52;0.07762;0.07725;0.0003696;-11.100;-11.121;-34.322;1.00;178.69;
2025-11-24 18:30:04.68;0.00:00:36:909;1.00;-0.01;0.00;0.07767;0.0774;-0.0005128;8.145E-06;-0.19;0.00;99.66;0.01;99.66;0.07767;0.0774;0.0002647;-11.097;-11.112;-35.773;1.00;179.09;
2025-11-24 18:30:04.73;0.00:00:36:959;1.00;-0.01;0.00;0.07771;0.07736;-0.0005111;3.244E-05;-0.19;0.01;99.56;0.04;99.56;0.07771;0.07737;0.0003452;-11.095;-11.115;-34.620;1.00;176.37;
2025-11-24 18:30:04.79;0.00:00:37:018;1.00;-0.01;0.00;0.07767;0.07728;-0.0005755;2.764E-05;-0.21;0.01;99.50;0.04;99.50;0.07767;0.07728;0.000388;-11.098;-11.119;-34.112;1.00;177.25;
2025-11-24 18:30:04.84;0.00:00:37:070;1.00;-0.01;0.00;0.07744;0.07716;-0.0005517;2.32E-05;-0.20;0.01;99.65;0.03;99.65;0.07744;0.07716;0.0002728;-11.111;-11.126;-35.641;1.00;177.59;
2025-11-24 18:30:04.89;0.00:00:37:122;1.00;-0.01;0.00;0.07711;0.07684;-0.0005419;1.789E-05;-0.20;0.01;99.65;0.02;99.65;0.07711;0.07684;0.0002734;-11.129;-11.144;-35.632;1.00;178.11;
2025-11-24 18:30:04.94;0.00:00:37:174;1.00;-0.01;0.00;0.07724;0.07689;-0.0004661;1.473E-05;-0.17;0.01;99.56;0.02;99.56;0.07724;0.0769;0.0003402;-11.122;-11.141;-34.683;1.00;178.19;
2025-11-24 18:30:04.99;0.00:00:37:225;1.00;-0.01;0.00;0.07735;0.07698;-0.0005163;3.205E-05;-0.19;0.01;99.53;0.04;99.53;0.07735;0.07699;0.00036;-11.116;-11.136;-34.437;1.00;176.45;
2025-11-24 18:30:05.04;0.00:00:37:276;1.00;-0.01;0.00;0.07728;0.07696;-0.0005357;1.178E-05;-0.20;0.00;99.58;0.02;99.58;0.07728;0.07696;0.0003228;-11.119;-11.137;-34.910;1.00;178.74;
2025-11-24 18:30:05.09;0.00:00:37:327;1.00;-0.01;0.00;0.07735;0.07699;-0.0005361;9.403E-06;-0.20;0.00;99.55;0.01;99.55;0.07735;0.077;0.0003498;-11.116;-11.135;-34.562;1.00;179.00;
2025-11-24 18:30:05.15;0.00:00:37:378;1.00;-0.01;0.00;0.07748;0.07712;-0.0005121;2.447E-05;-0.19;0.01;99.54;0.03;99.54;0.07748;0.07712;0.0003567;-11.108;-11.128;-34.477;1.00;177.26;
2025-11-24 18:30:05.20;0.00:00:37:430;1.00;-0.01;0.00;0.07742;0.07708;-0.0004776;2.149E-05;-0.18;0.01;99.57;0.03;99.57;0.07742;0.07708;0.0003366;-11.112;-11.131;-34.728;1.00;177.42;
2025-11-24 18:30:05.25;0.00:00:37:482;1.00;-0.01;0.00;0.07746;0.07714;-0.0005074;6.161E-06;-0.19;0.00;99.58;0.01;99.58;0.07746;0.07714;0.0003229;-11.109;-11.127;-34.910;1.00;179.30;
2025-11-24 18:30:05.30;0.00:00:37:533;1.00;-0.01;0.00;0.07727;0.07704;-0.0005224;6.667E-06;-0.19;0.00;99.70;0.01;99.70;0.07727;0.07704;0.0002301;-11.120;-11.133;-36.381;1.00;179.27;
2025-11-24 18:30:05.35;0.00:00:37:584;1.00;-0.01;0.00;0.07718;0.07691;-0.0005207;2.973E-05;-0.19;0.01;99.66;0.04;99.66;0.07718;0.07691;0.0002637;-11.125;-11.140;-35.788;1.00;176.73;
2025-11-24 18:30:05.41;0.00:00:37:646;1.00;-0.01;0.00;0.07706;0.07676;-0.0004561;1.365E-05;-0.17;0.01;99.60;0.02;99.60;0.07706;0.07676;0.0003056;-11.131;-11.149;-35.148;1.00;178.29;
2025-11-24 18:30:05.47;0.00:00:37:698;1.00;-0.01;0.00;0.07709;0.07679;-0.0005322;2.337E-05;-0.20;0.01;99.62;0.03;99.62;0.07709;0.07679;0.000295;-11.130;-11.147;-35.302;1.00;177.49;
2025-11-24 18:30:05.52;0.00:00:37:749;1.00;-0.01;0.00;0.07711;0.0768;-0.0005058;4.048E-05;-0.19;0.02;99.61;0.05;99.61;0.07711;0.07681;0.0003034;-11.129;-11.146;-35.180;1.00;175.43;
2025-11-24 18:30:05.57;0.00:00:37:801;1.00;-0.01;0.00;0.0772;0.0769;-0.0005568;2.831E-05;-0.21;0.01;99.61;0.04;99.61;0.0772;0.0769;0.0003004;-11.124;-11.141;-35.223;1.00;177.09;
2025-11-24 18:30:05.62;0.00:00:37:852;1.00;-0.01;0.00;0.0771;0.07677;-0.0005263;2.701E-05;-0.20;0.01;99.57;0.04;99.57;0.0771;0.07677;0.0003318;-11.129;-11.148;-34.792;1.00;177.06;
2025-11-24 18:30:05.68;0.00:00:37:911;1.00;-0.01;0.00;0.07736;0.07701;-0.0004662;2.365E-05;-0.17;0.01;99.56;0.03;99.56;0.07736;0.07702;0.0003388;-11.115;-11.134;-34.700;1.00;177.10;
2025-11-24 18:30:05.73;0.00:00:37:964;1.00;-0.01;0.00;0.07741;0.07708;-0.0005252;2.183E-05;-0.20;0.01;99.58;0.03;99.58;0.07741;0.07708;0.000326;-11.112;-11.131;-34.868;1.00;177.62;
2025-11-24 18:30:05.78;0.00:00:38:016;1.00;-0.01;0.00;0.07715;0.07691;-0.0005398;1.593E-05;-0.20;0.01;99.69;0.02;99.69;0.07715;0.07691;0.0002367;-11.127;-11.140;-36.259;1.00;178.31;
2025-11-24 18:30:05.83;0.00:00:38:066;1.00;-0.01;0.00;0.07722;0.07692;-0.0004682;1.978E-05;-0.17;0.01;99.61;0.03;99.61;0.07722;0.07692;0.0002995;-11.123;-11.140;-35.235;1.00;177.58;
2025-11-24 18:30:05.89;0.00:00:38:118;1.00;-0.01;0.00;0.07733;0.07698;-0.0005424;3.411E-05;-0.20;0.01;99.56;0.04;99.56;0.07733;0.07698;0.0003424;-11.117;-11.136;-34.654;1.00;176.40;
2025-11-24 18:30:05.94;0.00:00:38:169;1.00;-0.01;0.00;0.07717;0.07683;-0.0005339;2.194E-05;-0.20;0.01;99.57;0.03;99.57;0.07717;0.07683;0.0003341;-11.126;-11.145;-34.761;1.00;177.65;
2025-11-24 18:30:05.98;0.00:00:38:215;1.00;-0.01;0.00;0.07727;0.07692;-0.0004919;1.678E-05;-0.18;0.01;99.56;0.02;99.56;0.07727;0.07693;0.0003438;-11.120;-11.139;-34.637;1.00;178.05;
2025-11-24 18:30:06.03;0.00:00:38:262;1.00;-0.01;0.00;0.07742;0.07707;-0.0004876;6.435E-06;-0.18;0.00;99.56;0.01;99.56;0.07742;0.07707;0.0003421;-11.112;-11.131;-34.659;1.00;179.24;
2025-11-24 18:30:06.09;0.00:00:38:323;1.00;-0.01;0.00;0.07754;0.07715;-0.0004907;2.493E-05;-0.18;0.01;99.50;0.03;99.50;0.07754;0.07715;0.0003883;-11.105;-11.127;-34.108;1.00;177.09;
2025-11-24 18:30:06.14;0.00:00:38:375;1.00;-0.01;0.00;0.07767;0.07739;-0.0005661;1.467E-05;-0.21;0.01;99.64;0.02;99.64;0.07767;0.07739;0.0002763;-11.097;-11.113;-35.587;1.00;178.52;
2025-11-24 18:30:06.19;0.00:00:38:426;1.00;-0.01;0.00;0.0777;0.07739;-0.0004562;1.835E-05;-0.17;0.01;99.60;0.02;99.60;0.0777;0.07739;0.0003086;-11.096;-11.113;-35.107;1.00;177.70;
2025-11-24 18:30:06.24;0.00:00:38:477;1.00;-0.01;0.00;0.07762;0.0773;-0.000557;3.779E-05;-0.21;0.01;99.59;0.05;99.59;0.07762;0.0773;0.0003183;-11.100;-11.118;-34.972;1.00;176.12;
2025-11-24 18:30:06.30;0.00:00:38:528;1.00;-0.01;0.00;0.07746;0.07712;-0.0004937;8.498E-06;-0.18;0.00;99.57;0.01;99.57;0.07746;0.07712;0.0003341;-11.109;-11.128;-34.761;1.00;179.01;
2025-11-24 18:30:06.35;0.00:00:38:583;1.00;-0.01;0.00;0.07716;0.07689;-0.0005259;4.056E-05;-0.20;0.02;99.64;0.05;99.64;0.07716;0.07689;0.0002763;-11.126;-11.141;-35.586;1.00;175.59;
2025-11-24 18:30:06.40;0.00:00:38:630;1.00;-0.01;0.00;0.07729;0.077;-0.0004598;1.29E-05;-0.17;0.00;99.62;0.02;99.62;0.07729;0.077;0.0002905;-11.119;-11.135;-35.369;1.00;178.39;
2025-11-24 18:30:06.45;0.00:00:38:682;1.00;-0.01;0.00;0.07742;0.07712;-0.0004758;1.194E-05;-0.18;0.00;99.62;0.02;99.62;0.07742;0.07712;0.0002932;-11.112;-11.128;-35.328;1.00;178.56;
2025-11-24 18:30:06.50;0.00:00:38:733;1.00;-0.01;0.00;0.0774;0.07702;-0.0005197;-2.884E-06;-0.19;0.00;99.52;0.00;99.52;0.0774;0.07702;0.0003741;-11.113;-11.134;-34.270;1.00;-179.68;
2025-11-24 18:30:06.55;0.00:00:38:785;1.00;-0.01;0.00;0.07754;0.07719;-0.0004698;5.359E-07;-0.17;0.00;99.55;0.00;99.55;0.07754;0.07719;0.0003472;-11.105;-11.125;-34.595;1.00;179.93;
2025-11-24 18:30:06.61;0.00:00:38:847;1.00;-0.01;0.00;0.07747;0.07715;-0.0005406;3.063E-05;-0.20;0.01;99.59;0.04;99.59;0.07747;0.07715;0.0003211;-11.109;-11.127;-34.934;1.00;176.76;
2025-11-24 18:30:06.66;0.00:00:38:894;1.00;-0.01;0.00;0.07747;0.07722;-0.0005007;2.033E-05;-0.19;0.01;99.67;0.03;99.67;0.07747;0.07722;0.000255;-11.109;-11.123;-35.935;1.00;177.68;
2025-11-24 18:30:06.71;0.00:00:38:941;1.00;-0.01;0.00;0.07725;0.07694;-0.0005148;1.637E-05;-0.19;0.01;99.60;0.02;99.60;0.07725;0.07694;0.0003104;-11.121;-11.138;-35.081;1.00;178.18;
2025-11-24 18:30:06.75;0.00:00:38:987;1.00;-0.01;0.00;0.07739;0.07704;-0.0004747;-2.194E-06;-0.18;0.00;99.56;0.00;99.56;0.07739;0.07704;0.0003435;-11.113;-11.133;-34.640;1.00;-179.74;
2025-11-24 18:30:06.80;0.00:00:39:034;1.00;-0.01;0.00;0.07731;0.07697;-0.000529;2.948E-05;-0.20;0.01;99.56;0.04;99.56;0.07731;0.07697;0.00034;-11.118;-11.137;-34.685;1.00;176.81;
2025-11-24 18:30:06.85;0.00:00:39:081;1.00;-0.01;0.00;0.07736;0.07706;-0.0004832;1.779E-05;-0.18;0.01;99.61;0.02;99.61;0.07736;0.07706;0.000301;-11.115;-11.132;-35.214;1.00;177.89;
2025-11-24 18:30:06.90;0.00:00:39:129;1.00;-0.01;0.00;0.07729;0.077;-0.0005381;1.917E-05;-0.20;0.01;99.63;0.02;99.63;0.07729;0.077;0.000286;-11.119;-11.135;-35.436;1.00;177.96;
2025-11-24 18:30:06.94;0.00:00:39:176;1.00;-0.01;0.00;0.07716;0.0769;-0.0005055;1.151E-05;-0.19;0.00;99.67;0.01;99.67;0.07716;0.0769;0.000256;-11.126;-11.141;-35.917;1.00;178.70;
2025-11-24 18:30:06.99;0.00:00:39:223;1.00;-0.01;0.00;0.07721;0.07691;-0.000477;3.655E-05;-0.18;0.01;99.61;0.05;99.61;0.07721;0.07691;0.0003028;-11.123;-11.140;-35.188;1.00;175.62;
2025-11-24 18:30:07.04;0.00:00:39:270;1.00;-0.01;0.00;0.07722;0.07691;-0.0005076;-1.089E-06;-0.19;0.00;99.59;0.00;99.59;0.07722;0.07691;0.0003142;-11.122;-11.140;-35.028;1.00;-179.88;
2025-11-24 18:30:07.10;0.00:00:39:332;1.00;-0.01;0.00;0.07732;0.07695;-0.0005195;3.086E-05;-0.19;0.01;99.53;0.04;99.53;0.07732;0.07696;0.000366;-11.117;-11.138;-34.366;1.00;176.60;
2025-11-24 18:30:07.15;0.00:00:39:380;1.00;-0.01;0.00;0.07712;0.07688;-0.0006043;1.506E-05;-0.23;0.01;99.69;0.02;99.69;0.07712;0.07688;0.0002388;-11.128;-11.142;-36.219;1.00;178.57;
2025-11-24 18:30:07.19;0.00:00:39:427;1.00;-0.01;0.00;0.07703;0.07665;-0.0005088;1.273E-05;-0.19;0.00;99.51;0.02;99.51;0.07703;0.07666;0.0003758;-11.133;-11.155;-34.250;1.00;178.57;
2025-11-24 18:30:07.24;0.00:00:39:474;1.00;-0.01;0.00;0.07731;0.07694;-0.000501;1.41E-05;-0.19;0.01;99.52;0.02;99.52;0.07731;0.07694;0.0003716;-11.117;-11.138;-34.299;1.00;178.39;
2025-11-24 18:30:07.29;0.00:00:39:521;1.00;-0.01;0.00;0.07746;0.07707;-0.0004989;-2.644E-06;-0.19;0.00;99.50;0.00;99.50;0.07746;0.07707;0.0003898;-11.109;-11.131;-34.092;1.00;-179.70;
2025-11-24 18:30:07.34;0.00:00:39:568;1.00;-0.01;0.00;0.07754;0.07725;-0.0005659;2.605E-05;-0.21;0.01;99.63;0.03;99.63;0.07754;0.07725;0.0002869;-11.105;-11.121;-35.423;1.00;177.36;
2025-11-24 18:30:07.38;0.00:00:39:614;1.00;-0.01;0.00;0.07739;0.07707;-0.0005284;8.407E-06;-0.20;0.00;99.60;0.01;99.60;0.07739;0.07708;0.0003117;-11.113;-11.131;-35.063;1.00;179.09;
2025-11-24 18:30:07.43;0.00:00:39:661;1.00;-0.01;0.00;0.07734;0.07701;-0.0005223;1.159E-05;-0.19;0.00;99.57;0.01;99.57;0.07734;0.07701;0.0003293;-11.116;-11.135;-34.824;1.00;178.73;
2025-11-24 18:30:07.48;0.00:00:39:708;1.00;-0.01;0.00;0.07744;0.07714;-0.0005529;3.388E-05;-0.21;0.01;99.61;0.04;99.61;0.07744;0.07714;0.0002984;-11.111;-11.127;-35.253;1.00;176.49;
2025-11-24 18:30:07.52;0.00:00:39:754;1.00;-0.01;0.00;0.07733;0.07701;-0.0005332;1.666E-05;-0.20;0.01;99.58;0.02;99.58;0.07733;0.07701;0.0003223;-11.117;-11.135;-34.918;1.00;178.21;
2025-11-24 18:30:07.57;0.00:00:39:801;1.00;-0.01;0.00;0.07713;0.07684;-0.0005264;1.963E-05;-0.20;0.01;99.62;0.03;99.62;0.07713;0.07684;0.0002899;-11.128;-11.144;-35.377;1.00;177.86;
2025-11-24 18:30:07.61;0.00:00:39:847;1.00;-0.01;0.00;0.07704;0.07675;-0.0005018;1.332E-05;-0.19;0.00;99.62;0.02;99.62;0.07704;0.07675;0.0002903;-11.133;-11.149;-35.372;1.00;178.48;
2025-11-24 18:30:07.66;0.00:00:39:894;1.00;-0.01;0.00;0.07707;0.07679;-0.0005192;1.689E-05;-0.19;0.01;99.65;0.02;99.65;0.07707;0.0768;0.0002734;-11.131;-11.147;-35.632;1.00;178.14;
2025-11-24 18:30:07.71;0.00:00:39:941;1.00;-0.01;0.00;0.0771;0.07677;-0.000535;1.432E-05;-0.20;0.01;99.58;0.02;99.58;0.0771;0.07678;0.0003238;-11.129;-11.148;-34.897;1.00;178.47;
2025-11-24 18:30:07.76;0.00:00:39:988;1.00;-0.01;0.00;0.07702;0.07673;-0.0004996;2.673E-05;-0.19;0.01;99.62;0.03;99.62;0.07702;0.07673;0.000295;-11.134;-11.150;-35.302;1.00;176.94;
2025-11-24 18:30:07.80;0.00:00:40:034;1.00;-0.01;0.00;0.07715;0.07681;-0.0004538;1.601E-05;-0.17;0.01;99.56;0.02;99.56;0.07715;0.07681;0.0003402;-11.127;-11.146;-34.682;1.00;177.98;
2025-11-24 18:30:07.85;0.00:00:40:082;1.00;-0.01;0.00;0.07749;0.07724;-0.0005164;1.842E-05;-0.19;0.01;99.69;0.02;99.69;0.07749;0.07724;0.0002439;-11.108;-11.122;-36.128;1.00;177.96;
2025-11-24 18:30:07.90;0.00:00:40:128;1.00;-0.01;0.00;0.07751;0.07715;-0.0005188;3.732E-05;-0.19;0.01;99.54;0.05;99.54;0.07751;0.07715;0.0003548;-11.107;-11.126;-34.501;1.00;175.88;
2025-11-24 18:30:07.94;0.00:00:40:176;1.00;-0.01;0.00;0.07757;0.07718;-0.0005202;3.562E-05;-0.19;0.01;99.50;0.05;99.50;0.07757;0.07718;0.0003895;-11.103;-11.125;-34.095;1.00;176.08;
2025-11-24 18:30:07.99;0.00:00:40:223;1.00;-0.01;0.00;0.07747;0.07713;-0.0005429;2.669E-05;-0.20;0.01;99.57;0.03;99.57;0.07747;0.07714;0.0003353;-11.109;-11.127;-34.745;1.00;177.19;
2025-11-24 18:30:08.04;0.00:00:40:270;1.00;-0.01;0.00;0.07739;0.07708;-0.0005322;2.75E-05;-0.20;0.01;99.60;0.04;99.60;0.07739;0.07708;0.0003068;-11.113;-11.130;-35.131;1.00;177.04;
2025-11-24 18:30:08.08;0.00:00:40:317;1.00;-0.01;0.00;0.07749;0.07707;-0.0005098;3.415E-06;-0.19;0.00;99.46;0.00;99.46;0.07749;0.07707;0.0004215;-11.107;-11.131;-33.752;1.00;179.62;
2025-11-24 18:30:08.13;0.00:00:40:367;1.00;-0.01;0.00;0.0775;0.07715;-0.0005033;1.451E-05;-0.19;0.01;99.54;0.02;99.54;0.0775;0.07715;0.000356;-11.107;-11.127;-34.485;1.00;178.35;
2025-11-24 18:30:08.19;0.00:00:40:427;1.00;-0.01;0.00;0.07746;0.07714;-0.000522;7.519E-06;-0.19;0.00;99.60;0.01;99.60;0.07746;0.07715;0.0003104;-11.109;-11.127;-35.080;1.00;179.17;
2025-11-24 18:30:08.24;0.00:00:40:473;1.00;-0.01;0.00;0.07721;0.07692;-0.0005204;3.16E-05;-0.19;0.01;99.63;0.04;99.63;0.07721;0.07692;0.0002837;-11.123;-11.139;-35.472;1.00;176.53;
2025-11-24 18:30:08.29;0.00:00:40:520;1.00;-0.01;0.00;0.07711;0.07685;-0.0005401;2.435E-05;-0.20;0.01;99.65;0.03;99.65;0.07711;0.07685;0.0002661;-11.129;-11.144;-35.749;1.00;177.42;
2025-11-24 18:30:08.34;0.00:00:40:568;1.00;-0.01;0.00;0.07698;0.07668;-0.0005399;2.988E-05;-0.20;0.01;99.62;0.04;99.62;0.07698;0.07669;0.0002917;-11.136;-11.153;-35.351;1.00;176.83;
2025-11-24 18:30:08.38;0.00:00:40:614;1.00;-0.01;0.00;0.07712;0.07681;-0.0005095;5.456E-05;-0.19;0.02;99.60;0.07;99.60;0.07712;0.07681;0.0003089;-11.128;-11.146;-35.102;1.00;173.89;
2025-11-24 18:30:08.43;0.00:00:40:662;1.00;-0.01;0.00;0.07721;0.07683;-0.0004642;2.388E-05;-0.17;0.01;99.51;0.03;99.51;0.07721;0.07684;0.0003784;-11.123;-11.144;-34.220;1.00;177.06;
2025-11-24 18:30:08.48;0.00:00:40:708;1.00;-0.01;0.00;0.07727;0.07693;-0.0005419;-1.988E-05;-0.20;-0.01;99.57;0.03;99.57;0.07727;0.07694;0.0003336;-11.120;-11.139;-34.767;1.00;-177.90;
2025-11-24 18:30:08.54;0.00:00:40:770;1.00;-0.01;0.00;0.07738;0.07704;-0.0004888;2.647E-05;-0.18;0.01;99.56;0.03;99.56;0.07738;0.07704;0.000338;-11.114;-11.133;-34.711;1.00;176.90;
2025-11-24 18:30:08.58;0.00:00:40:817;1.00;-0.01;0.00;0.07751;0.07718;-0.0005129;5.093E-06;-0.19;0.00;99.58;0.01;99.58;0.07751;0.07718;0.0003237;-11.107;-11.125;-34.898;1.00;179.43;
2025-11-24 18:30:08.63;0.00:00:40:864;1.00;-0.01;0.00;0.07757;0.07719;-0.0004459;1.274E-08;-0.17;0.00;99.51;0.00;99.51;0.07757;0.07719;0.0003779;-11.103;-11.124;-34.227;1.00;180.00;
2025-11-24 18:30:08.68;0.00:00:40:911;1.00;-0.01;0.00;0.07758;0.07728;-0.0005527;1.364E-05;-0.20;0.01;99.61;0.02;99.61;0.07758;0.07728;0.000302;-11.102;-11.119;-35.200;1.00;178.59;
2025-11-24 18:30:08.73;0.00:00:40:958;1.00;-0.01;0.00;0.07719;0.07695;-0.0005813;2.722E-05;-0.22;0.01;99.69;0.04;99.69;0.07719;0.07696;0.0002377;-11.124;-11.138;-36.240;1.00;177.32;
2025-11-24 18:30:08.78;0.00:00:41:008;1.00;-0.01;0.00;0.07709;0.07679;-0.0005064;1.783E-05;-0.19;0.01;99.61;0.02;99.61;0.07709;0.07679;0.0002977;-11.130;-11.147;-35.262;1.00;177.98;
2025-11-24 18:30:08.83;0.00:00:41:066;1.00;-0.01;0.00;0.07715;0.07687;-0.0005078;3.463E-05;-0.19;0.01;99.64;0.04;99.64;0.07715;0.07687;0.0002777;-11.127;-11.142;-35.564;1.00;176.10;
2025-11-24 18:30:08.88;0.00:00:41:113;1.00;-0.01;0.00;0.07714;0.07681;-0.0004594;1.168E-05;-0.17;0.00;99.58;0.02;99.58;0.07714;0.07681;0.000326;-11.127;-11.146;-34.868;1.00;178.54;
2025-11-24 18:30:08.93;0.00:00:41:160;1.00;-0.01;0.00;0.07734;0.077;-0.0005075;1.688E-05;-0.19;0.01;99.56;0.02;99.56;0.07734;0.077;0.0003384;-11.116;-11.135;-34.705;1.00;178.10;
2025-11-24 18:30:08.97;0.00:00:41:207;1.00;-0.01;0.00;0.07735;0.07698;-0.0005613;1.693E-05;-0.21;0.01;99.52;0.02;99.52;0.07735;0.07698;0.0003677;-11.116;-11.136;-34.345;1.00;178.27;
2025-11-24 18:30:09.02;0.00:00:41:254;1.00;-0.01;0.00;0.07724;0.07693;-0.0005868;2.009E-05;-0.22;0.01;99.60;0.03;99.60;0.07724;0.07693;0.0003086;-11.122;-11.139;-35.106;1.00;178.04;
2025-11-24 18:30:09.07;0.00:00:41:301;1.00;-0.01;0.00;0.07689;0.07661;-0.0005172;1.431E-05;-0.19;0.01;99.64;0.02;99.64;0.07689;0.07661;0.0002788;-11.141;-11.157;-35.547;1.00;178.42;
2025-11-24 18:30:09.12;0.00:00:41:348;1.00;-0.01;0.00;0.0771;0.07682;-0.000591;4.14E-05;-0.22;0.02;99.64;0.05;99.64;0.0771;0.07682;0.0002773;-11.129;-11.145;-35.571;1.00;175.99;
2025-11-24 18:30:09.16;0.00:00:41:395;1.00;-0.01;0.00;0.07717;0.07679;-0.0004763;5.026E-06;-0.18;0.00;99.51;0.01;99.51;0.07717;0.07679;0.0003794;-11.126;-11.147;-34.209;1.00;179.40;
2025-11-24 18:30:09.21;0.00:00:41:443;1.00;-0.01;0.00;0.07735;0.07701;-0.0004803;2.013E-05;-0.18;0.01;99.57;0.03;99.57;0.07735;0.07702;0.0003364;-11.115;-11.134;-34.732;1.00;177.60;
2025-11-24 18:30:09.26;0.00:00:41:489;1.00;-0.01;0.00;0.07737;0.07707;-0.0005144;1.846E-05;-0.19;0.01;99.61;0.02;99.61;0.07737;0.07707;0.0003042;-11.114;-11.131;-35.168;1.00;177.94;
2025-11-24 18:30:09.30;0.00:00:41:535;1.00;-0.01;0.00;0.0775;0.07714;-0.0004925;2.72E-05;-0.18;0.01;99.53;0.04;99.53;0.0775;0.07714;0.000362;-11.107;-11.127;-34.413;1.00;176.84;
2025-11-24 18:30:09.35;0.00:00:41:582;1.00;-0.01;0.00;0.07751;0.07714;-0.0005067;2.7E-05;-0.19;0.01;99.52;0.03;99.52;0.07751;0.07714;0.0003713;-11.106;-11.127;-34.303;1.00;176.95;
2025-11-24 18:30:09.39;0.00:00:41:627;1.00;-0.01;0.00;0.0776;0.07729;-0.000527;1.973E-05;-0.20;0.01;99.60;0.03;99.60;0.0776;0.07729;0.0003098;-11.101;-11.119;-35.089;1.00;177.86;
2025-11-24 18:30:09.44;0.00:00:41:675;1.00;-0.01;0.00;0.07768;0.07739;-0.0005136;2.103E-05;-0.19;0.01;99.63;0.03;99.63;0.07768;0.07739;0.0002843;-11.097;-11.113;-35.462;1.00;177.65;
2025-11-24 18:30:09.49;0.00:00:41:722;1.00;-0.01;0.00;0.0776;0.07725;-0.0004939;2.288E-05;-0.18;0.01;99.56;0.03;99.56;0.0776;0.07725;0.0003437;-11.102;-11.121;-34.638;1.00;177.35;
2025-11-24 18:30:09.54;0.00:00:41:768;1.00;-0.01;0.00;0.07764;0.07731;-0.0004978;2.629E-05;-0.18;0.01;99.57;0.03;99.57;0.07764;0.07731;0.000333;-11.099;-11.118;-34.776;1.00;176.98;
2025-11-24 18:30:09.58;0.00:00:41:814;1.00;-0.01;0.00;0.07756;0.07719;-0.0005299;2.267E-05;-0.20;0.01;99.53;0.03;99.53;0.07756;0.07719;0.0003659;-11.104;-11.124;-34.366;1.00;177.55;
2025-11-24 18:30:09.63;0.00:00:41:860;1.00;-0.01;0.00;0.07744;0.07714;-0.0005227;1.195E-05;-0.19;0.00;99.61;0.02;99.61;0.07744;0.07714;0.0002998;-11.110;-11.127;-35.231;1.00;178.69;
2025-11-24 18:30:09.67;0.00:00:41:907;1.00;-0.01;0.00;0.07739;0.07708;-0.0005265;9.354E-06;-0.20;0.00;99.60;0.01;99.60;0.07739;0.07708;0.0003068;-11.113;-11.130;-35.132;1.00;178.98;
2025-11-24 18:30:09.72;0.00:00:41:954;1.00;-0.01;0.00;0.07778;0.07744;-0.0004371;3.022E-05;-0.16;0.01;99.57;0.04;99.57;0.07778;0.07744;0.0003353;-11.091;-11.110;-34.745;1.00;176.05;
2025-11-24 18:30:09.77;0.00:00:42:001;1.00;-0.01;0.00;0.07766;0.07739;-0.0005393;2.97E-05;-0.20;0.01;99.65;0.04;99.65;0.07766;0.07739;0.0002721;-11.098;-11.113;-35.653;1.00;176.85;
2025-11-24 18:30:09.81;0.00:00:42:047;1.00;-0.01;0.00;0.07769;0.07738;-0.0004699;1.954E-05;-0.17;0.01;99.60;0.03;99.60;0.07769;0.07738;0.0003138;-11.096;-11.114;-35.033;1.00;177.62;
2025-11-24 18:30:09.86;0.00:00:42:095;1.00;-0.01;0.00;0.07775;0.07744;-0.000561;3.081E-05;-0.21;0.01;99.61;0.04;99.61;0.07775;0.07744;0.0003016;-11.093;-11.110;-35.206;1.00;176.86;
2025-11-24 18:30:09.91;0.00:00:42:142;1.00;-0.01;0.00;0.07758;0.07729;-0.0005074;2.811E-05;-0.19;0.01;99.63;0.04;99.63;0.07758;0.07729;0.0002877;-11.103;-11.119;-35.410;1.00;176.83;
2025-11-24 18:30:09.96;0.00:00:42:189;1.00;-0.01;0.00;0.07734;0.07708;-0.0005193;8.952E-06;-0.19;0.00;99.66;0.01;99.66;0.07734;0.07708;0.0002633;-11.116;-11.131;-35.795;1.00;179.01;
2025-11-24 18:30:10.00;0.00:00:42:236;1.00;-0.01;0.00;0.07733;0.07703;-0.0004998;3.614E-06;-0.19;0.00;99.62;0.00;99.62;0.07733;0.07703;0.0002959;-11.117;-11.133;-35.288;1.00;179.59;
2025-11-24 18:30:10.05;0.00:00:42:283;1.00;-0.01;0.00;0.07734;0.07702;-0.0005298;1.197E-05;-0.20;0.00;99.60;0.02;99.60;0.07734;0.07703;0.0003115;-11.116;-11.134;-35.065;1.00;178.71;
2025-11-24 18:30:10.10;0.00:00:42:330;1.00;-0.01;0.00;0.07718;0.07691;-0.000551;3.864E-05;-0.21;0.01;99.66;0.05;99.66;0.07718;0.07692;0.0002641;-11.125;-11.140;-35.783;1.00;175.99;
2025-11-24 18:30:10.15;0.00:00:42:378;1.00;-0.01;0.00;0.0771;0.07682;-0.000489;2.453E-05;-0.18;0.01;99.64;0.03;99.64;0.0771;0.07682;0.0002784;-11.130;-11.145;-35.553;1.00;177.13;
2025-11-24 18:30:10.19;0.00:00:42:424;1.00;-0.01;0.00;0.07749;0.07712;-0.000515;1.434E-06;-0.19;0.00;99.53;0.00;99.53;0.07749;0.07713;0.0003639;-11.108;-11.128;-34.390;1.00;179.84;
2025-11-24 18:30:10.24;0.00:00:42:472;1.00;-0.01;0.00;0.07762;0.0772;-0.0005243;1.732E-05;-0.19;0.01;99.46;0.02;99.46;0.07762;0.07721;0.0004156;-11.100;-11.123;-33.813;1.00;178.11;
2025-11-24 18:30:10.28;0.00:00:42:517;1.00;-0.01;0.00;0.07741;0.0771;-0.000597;4.804E-05;-0.22;0.02;99.60;0.06;99.60;0.07741;0.0771;0.0003117;-11.112;-11.129;-35.062;1.00;175.40;
2025-11-24 18:30:10.33;0.00:00:42:564;1.00;-0.01;0.00;0.07724;0.07692;-0.0004852;2.808E-05;-0.18;0.01;99.59;0.04;99.59;0.07724;0.07692;0.0003203;-11.122;-11.140;-34.944;1.00;176.69;
2025-11-24 18:30:10.38;0.00:00:42:610;1.00;-0.01;0.00;0.07728;0.07698;-0.0005508;4.65E-05;-0.20;0.02;99.61;0.06;99.61;0.07728;0.07698;0.0003048;-11.119;-11.136;-35.160;1.00;175.17;
2025-11-24 18:30:10.44;0.00:00:42:672;1.00;-0.01;0.00;0.07703;0.07667;-0.0004414;-2.176E-05;-0.16;-0.01;99.53;0.03;99.53;0.07703;0.07667;0.0003591;-11.133;-11.154;-34.448;1.00;-177.18;
2025-11-24 18:30:10.49;0.00:00:42:718;1.00;-0.01;0.00;0.07744;0.07708;-0.0005299;2.407E-05;-0.20;0.01;99.54;0.03;99.54;0.07744;0.07708;0.0003526;-11.111;-11.130;-34.527;1.00;177.40;
2025-11-24 18:30:10.53;0.00:00:42:765;1.00;-0.01;0.00;0.07693;0.07661;-0.0005669;3.073E-05;-0.21;0.01;99.59;0.04;99.59;0.07693;0.07661;0.0003144;-11.139;-11.157;-35.025;1.00;176.90;
2025-11-24 18:30:10.58;0.00:00:42:812;1.00;-0.01;0.00;0.07702;0.07667;-0.0004907;1.349E-05;-0.18;0.01;99.55;0.02;99.55;0.07702;0.07667;0.0003457;-11.134;-11.153;-34.613;1.00;178.43;
2025-11-24 18:30:10.63;0.00:00:42:859;1.00;-0.01;0.00;0.07748;0.07714;-0.0005279;1.705E-05;-0.20;0.01;99.57;0.02;99.57;0.07748;0.07714;0.000335;-11.108;-11.127;-34.750;1.00;178.15;
2025-11-24 18:30:10.68;0.00:00:42:911;1.00;-0.01;0.00;0.07734;0.07705;-0.0005898;2.208E-05;-0.22;0.01;99.62;0.03;99.62;0.07734;0.07705;0.0002917;-11.116;-11.132;-35.350;1.00;177.86;
2025-11-24 18:30:10.74;0.00:00:42:969;1.00;-0.01;0.00;0.07732;0.07702;-0.0005673;2.813E-05;-0.21;0.01;99.61;0.04;99.61;0.07732;0.07702;0.0002986;-11.117;-11.134;-35.249;1.00;177.16;
2025-11-24 18:30:10.78;0.00:00:43:015;1.00;-0.01;0.00;0.07722;0.07691;-0.0005187;1.44E-05;-0.19;0.01;99.60;0.02;99.60;0.07722;0.07691;0.0003078;-11.123;-11.140;-35.118;1.00;178.41;
2025-11-24 18:30:10.83;0.00:00:43:062;1.00;-0.01;0.00;0.07724;0.0769;-0.0005303;2.448E-05;-0.20;0.01;99.56;0.03;99.56;0.07724;0.0769;0.0003398;-11.121;-11.141;-34.688;1.00;177.36;
2025-11-24 18:30:10.88;0.00:00:43:110;1.00;-0.01;0.00;0.07716;0.07689;-0.0005521;5.639E-05;-0.21;0.02;99.65;0.07;99.65;0.07716;0.07689;0.0002683;-11.126;-11.141;-35.714;1.00;174.17;
2025-11-24 18:30:10.92;0.00:00:43:157;1.00;-0.01;0.00;0.07711;0.07679;-0.0005068;2.157E-05;-0.19;0.01;99.58;0.03;99.58;0.07711;0.07679;0.0003232;-11.129;-11.147;-34.905;1.00;177.56;
2025-11-24 18:30:10.97;0.00:00:43:205;1.00;-0.01;0.00;0.07715;0.07681;-0.0005229;1.802E-05;-0.20;0.01;99.57;0.02;99.57;0.07715;0.07682;0.0003311;-11.127;-11.145;-34.800;1.00;178.03;
2025-11-24 18:30:11.02;0.00:00:43:254;1.00;-0.01;0.00;0.077;0.07669;-0.0005411;3.504E-05;-0.20;0.01;99.60;0.05;99.60;0.077;0.07669;0.0003067;-11.135;-11.152;-35.133;1.00;176.29;
2025-11-24 18:30:11.08;0.00:00:43:315;1.00;-0.01;0.00;0.07691;0.0766;-0.0005163;2.566E-05;-0.19;0.01;99.61;0.03;99.61;0.07691;0.07661;0.0002998;-11.140;-11.157;-35.232;1.00;177.15;
2025-11-24 18:30:11.13;0.00:00:43:361;1.00;-0.01;0.00;0.07706;0.07682;-0.0004879;2.056E-05;-0.18;0.01;99.69;0.03;99.69;0.07706;0.07682;0.0002406;-11.132;-11.145;-36.187;1.00;177.59;
2025-11-24 18:30:11.18;0.00:00:43:409;1.00;-0.01;0.00;0.07699;0.07668;-0.0005304;3.429E-05;-0.20;0.01;99.60;0.04;99.60;0.07699;0.07668;0.0003102;-11.136;-11.153;-35.083;1.00;176.30;
2025-11-24 18:30:11.24;0.00:00:43:471;1.00;-0.01;0.00;0.07702;0.07672;-0.00051;2.201E-05;-0.19;0.01;99.62;0.03;99.62;0.07702;0.07672;0.0002959;-11.134;-11.151;-35.289;1.00;177.53;
2025-11-24 18:30:11.29;0.00:00:43:520;1.00;-0.01;0.00;0.07698;0.07669;-0.0005266;2.679E-05;-0.20;0.01;99.63;0.03;99.63;0.07698;0.07669;0.0002855;-11.136;-11.152;-35.444;1.00;177.09;
2025-11-24 18:30:11.35;0.00:00:43:579;1.00;-0.01;0.00;0.07738;0.07704;-0.0004792;2.878E-05;-0.18;0.01;99.56;0.04;99.56;0.07738;0.07704;0.0003397;-11.114;-11.133;-34.689;1.00;176.56;
2025-11-24 18:30:11.39;0.00:00:43:626;1.00;-0.01;0.00;0.07745;0.0771;-0.000519;2.865E-05;-0.19;0.01;99.55;0.04;99.55;0.07745;0.0771;0.0003456;-11.110;-11.129;-34.614;1.00;176.84;
2025-11-24 18:30:11.44;0.00:00:43:672;1.00;-0.01;0.00;0.07732;0.07694;-0.0004703;1.316E-05;-0.18;0.00;99.51;0.02;99.51;0.07732;0.07694;0.0003803;-11.117;-11.139;-34.199;1.00;178.40;
2025-11-24 18:30:11.49;0.00:00:43:719;1.00;-0.01;0.00;0.07748;0.07718;-0.0005113;-1.281E-06;-0.19;0.00;99.61;0.00;99.61;0.07748;0.07718;0.0002985;-11.108;-11.125;-35.250;1.00;-179.86;
2025-11-24 18:30:11.53;0.00:00:43:766;1.00;-0.01;0.00;0.0777;0.07736;-0.0004963;8.491E-06;-0.18;0.00;99.57;0.01;99.57;0.0777;0.07736;0.0003375;-11.096;-11.115;-34.717;1.00;179.02;
2025-11-24 18:30:11.58;0.00:00:43:817;1.00;-0.01;0.00;0.07767;0.07741;-0.0005455;2.274E-05;-0.20;0.01;99.67;0.03;99.67;0.07767;0.07741;0.0002598;-11.097;-11.112;-35.853;1.00;177.61;
2025-11-24 18:30:11.64;0.00:00:43:876;1.00;-0.01;0.00;0.0772;0.07683;-0.0005111;1.655E-05;-0.19;0.01;99.53;0.02;99.53;0.0772;0.07683;0.0003626;-11.124;-11.144;-34.405;1.00;178.15;
2025-11-24 18:30:11.69;0.00:00:43:922;1.00;-0.01;0.00;0.07731;0.07693;-0.000488;-1.787E-05;-0.18;-0.01;99.51;0.02;99.51;0.07731;0.07693;0.0003788;-11.118;-11.139;-34.215;1.00;-177.90;
2025-11-24 18:30:11.74;0.00:00:43:968;1.00;-0.01;0.00;0.07766;0.07729;-0.0005502;2.042E-05;-0.20;0.01;99.53;0.03;99.53;0.07766;0.07729;0.0003678;-11.098;-11.119;-34.344;1.00;177.87;
2025-11-24 18:30:11.78;0.00:00:44:014;1.00;-0.01;0.00;0.07766;0.07733;-0.0005052;3.874E-05;-0.19;0.01;99.58;0.05;99.58;0.07766;0.07734;0.0003284;-11.098;-11.116;-34.836;1.00;175.62;
2025-11-24 18:30:11.83;0.00:00:44:060;1.00;-0.01;0.00;0.07763;0.07723;-0.0005151;4.756E-06;-0.19;0.00;99.49;0.01;99.49;0.07763;0.07723;0.0003927;-11.100;-11.122;-34.059;1.00;179.47;
2025-11-24 18:30:11.87;0.00:00:44:107;1.00;-0.01;0.00;0.07779;0.07746;-0.0005236;4.411E-05;-0.19;0.02;99.58;0.06;99.57;0.07779;0.07746;0.0003306;-11.091;-11.109;-34.807;1.00;175.19;
2025-11-24 18:30:11.92;0.00:00:44:153;1.00;-0.01;0.00;0.07763;0.07737;-0.0005883;3.465E-05;-0.22;0.01;99.67;0.04;99.67;0.07763;0.07737;0.0002559;-11.100;-11.114;-35.919;1.00;176.63;
2025-11-24 18:30:11.97;0.00:00:44:200;1.00;-0.01;0.00;0.07751;0.07721;-0.0005474;2.428E-05;-0.20;0.01;99.61;0.03;99.61;0.07751;0.07721;0.0002998;-11.106;-11.123;-35.231;1.00;177.46;
2025-11-24 18:30:12.03;0.00:00:44:263;1.00;-0.01;0.00;0.07745;0.07711;-0.0005136;3.488E-05;-0.19;0.01;99.56;0.05;99.56;0.07745;0.07711;0.0003391;-11.110;-11.129;-34.696;1.00;176.11;
2025-11-24 18:30:12.08;0.00:00:44:309;1.00;-0.01;0.00;0.07738;0.07705;-0.0005681;1.882E-05;-0.21;0.01;99.58;0.02;99.58;0.07738;0.07705;0.0003225;-11.114;-11.132;-34.915;1.00;178.10;
2025-11-24 18:30:12.12;0.00:00:44:355;1.00;-0.01;0.00;0.07745;0.07707;-0.0004917;-2.01E-07;-0.18;0.00;99.51;0.00;99.51;0.07745;0.07708;0.0003794;-11.110;-11.131;-34.210;1.00;-179.98;
2025-11-24 18:30:12.17;0.00:00:44:402;1.00;-0.01;0.00;0.07804;0.07772;-0.0005194;2.112E-05;-0.19;0.01;99.59;0.03;99.59;0.07804;0.07772;0.0003201;-11.077;-11.095;-34.947;1.00;177.67;
2025-11-24 18:30:12.22;0.00:00:44:449;1.00;-0.01;0.00;0.07792;0.07763;-0.0005455;6.962E-06;-0.20;0.00;99.63;0.01;99.63;0.07792;0.07763;0.0002919;-11.083;-11.100;-35.348;1.00;179.27;
2025-11-24 18:30:12.28;0.00:00:44:511;1.00;-0.01;0.00;0.07786;0.07752;-0.0005416;2.861E-05;-0.20;0.01;99.57;0.04;99.57;0.07786;0.07752;0.0003372;-11.087;-11.106;-34.721;1.00;176.98;
2025-11-24 18:30:12.33;0.00:00:44:558;1.00;-0.01;0.00;0.0778;0.07749;-0.0004951;2.082E-05;-0.18;0.01;99.61;0.03;99.61;0.0778;0.0775;0.0003067;-11.090;-11.107;-35.132;1.00;177.59;
2025-11-24 18:30:12.37;0.00:00:44:606;1.00;-0.01;0.00;0.07768;0.07737;-0.0005389;2.64E-05;-0.20;0.01;99.60;0.03;99.60;0.07768;0.07737;0.0003082;-11.097;-11.114;-35.111;1.00;177.20;
2025-11-24 18:30:12.42;0.00:00:44:653;1.00;-0.01;0.00;0.07759;0.07729;-0.0005196;3.618E-05;-0.19;0.01;99.62;0.05;99.62;0.07759;0.07729;0.0002935;-11.102;-11.119;-35.324;1.00;176.02;
2025-11-24 18:30:12.47;0.00:00:44:699;1.00;-0.01;0.00;0.07739;0.07711;-0.0005244;1.048E-05;-0.19;0.00;99.64;0.01;99.64;0.07739;0.07711;0.0002821;-11.113;-11.129;-35.496;1.00;178.86;
2025-11-24 18:30:12.51;0.00:00:44:746;1.00;-0.01;0.00;0.07751;0.0772;-0.0005341;3.321E-05;-0.20;0.01;99.60;0.04;99.60;0.07751;0.0772;0.0003136;-11.106;-11.124;-35.037;1.00;176.44;
2025-11-24 18:30:12.56;0.00:00:44:792;1.00;-0.01;0.00;0.07742;0.07708;-0.0005196;2.776E-05;-0.19;0.01;99.56;0.04;99.56;0.07742;0.07708;0.0003403;-11.111;-11.130;-34.682;1.00;176.94;
2025-11-24 18:30:12.61;0.00:00:44:838;1.00;-0.01;0.00;0.07721;0.07686;-0.0005063;3.534E-05;-0.19;0.01;99.54;0.05;99.54;0.07721;0.07686;0.000356;-11.123;-11.143;-34.486;1.00;176.01;
2025-11-24 18:30:12.65;0.00:00:44:885;1.00;-0.01;0.00;0.07724;0.07689;-0.0004496;1.637E-06;-0.17;0.00;99.55;0.00;99.55;0.07724;0.07689;0.0003469;-11.122;-11.141;-34.598;1.00;179.79;
2025-11-24 18:30:12.70;0.00:00:44:931;1.00;-0.01;0.00;0.07754;0.07715;-0.0004937;4.088E-06;-0.18;0.00;99.49;0.01;99.49;0.07754;0.07715;0.0003964;-11.105;-11.127;-34.018;1.00;179.53;
2025-11-24 18:30:12.75;0.00:00:44:979;1.00;-0.01;0.00;0.07769;0.07734;-0.0005239;1.941E-05;-0.19;0.01;99.55;0.02;99.55;0.07769;0.07734;0.0003505;-11.096;-11.116;-34.553;1.00;177.88;
2025-11-24 18:30:12.79;0.00:00:45:025;1.00;-0.01;0.00;0.07764;0.07732;-0.0005031;2.198E-05;-0.19;0.01;99.60;0.03;99.60;0.07764;0.07733;0.0003123;-11.099;-11.117;-35.054;1.00;177.50;
2025-11-24 18:30:12.84;0.00:00:45:072;1.00;-0.01;0.00;0.07744;0.07705;-0.0005125;1.907E-05;-0.19;0.01;99.50;0.02;99.50;0.07744;0.07705;0.0003858;-11.110;-11.132;-34.136;1.00;177.87;
2025-11-24 18:30:12.89;0.00:00:45:120;1.00;-0.01;0.00;0.07765;0.07723;-0.0004427;1.741E-05;-0.16;0.01;99.46;0.02;99.46;0.07765;0.07723;0.0004192;-11.099;-11.122;-33.776;1.00;177.75;
2025-11-24 18:30:12.93;0.00:00:45:168;1.00;-0.01;0.00;0.07767;0.07737;-0.0005451;3.48E-05;-0.20;0.01;99.62;0.04;99.62;0.07767;0.07738;0.0002923;-11.098;-11.114;-35.341;1.00;176.35;
2025-11-24 18:30:12.98;0.00:00:45:214;1.00;-0.01;0.00;0.07761;0.07728;-0.000541;4.108E-05;-0.20;0.02;99.58;0.05;99.58;0.07761;0.07728;0.0003289;-11.101;-11.119;-34.829;1.00;175.66;
2025-11-24 18:30:13.03;0.00:00:45:260;1.00;-0.01;0.00;0.07742;0.0771;-0.0005809;2.409E-05;-0.22;0.01;99.59;0.03;99.59;0.07742;0.0771;0.0003211;-11.111;-11.130;-34.934;1.00;177.62;
2025-11-24 18:30:13.07;0.00:00:45:307;1.00;-0.01;0.00;0.0772;0.07694;-0.0005041;3.111E-05;-0.19;0.01;99.67;0.04;99.67;0.0772;0.07695;0.0002537;-11.124;-11.138;-35.957;1.00;176.47;
2025-11-24 18:30:13.12;0.00:00:45:354;1.00;-0.01;0.00;0.07733;0.07701;-0.0004754;3.105E-05;-0.18;0.01;99.59;0.04;99.59;0.07733;0.07701;0.0003209;-11.116;-11.134;-34.937;1.00;176.26;
2025-11-24 18:30:13.17;0.00:00:45:401;1.00;-0.01;0.00;0.07735;0.07698;-0.0005414;3.244E-05;-0.20;0.01;99.53;0.04;99.53;0.07735;0.07699;0.0003607;-11.116;-11.136;-34.428;1.00;176.57;
2025-11-24 18:30:13.22;0.00:00:45:449;1.00;-0.01;0.00;0.07709;0.0767;-0.0004549;2.895E-05;-0.17;0.01;99.50;0.04;99.50;0.07709;0.0767;0.0003834;-11.130;-11.152;-34.164;1.00;176.36;
2025-11-24 18:30:13.26;0.00:00:45:495;1.00;-0.01;0.00;0.07725;0.07691;-0.0004755;6.509E-06;-0.18;0.00;99.57;0.01;99.57;0.07725;0.07692;0.0003306;-11.121;-11.140;-34.806;1.00;179.22;
2025-11-24 18:30:13.31;0.00:00:45:542;1.00;-0.01;0.00;0.07729;0.07699;-0.0005442;3.794E-05;-0.20;0.01;99.62;0.05;99.62;0.07729;0.077;0.0002944;-11.119;-11.135;-35.310;1.00;176.01;
2025-11-24 18:30:13.36;0.00:00:45:588;1.00;-0.01;0.00;0.07709;0.07683;-0.000542;2.624E-05;-0.20;0.01;99.67;0.03;99.67;0.07709;0.07683;0.0002567;-11.130;-11.145;-35.906;1.00;177.23;
2025-11-24 18:30:13.40;0.00:00:45:636;1.00;-0.01;0.00;0.07711;0.07677;-0.0004744;3.044E-05;-0.18;0.01;99.56;0.04;99.56;0.07711;0.07677;0.0003372;-11.129;-11.148;-34.721;1.00;176.33;
2025-11-24 18:30:13.45;0.00:00:45:682;1.00;-0.01;0.00;0.07719;0.07686;-0.0005351;1.527E-05;-0.20;0.01;99.58;0.02;99.58;0.07719;0.07686;0.0003226;-11.125;-11.143;-34.913;1.00;178.36;
2025-11-24 18:30:13.50;0.00:00:45:729;1.00;-0.01;0.00;0.07715;0.07683;-0.0005045;2.31E-05;-0.19;0.01;99.60;0.03;99.60;0.07715;0.07684;0.0003101;-11.127;-11.144;-35.086;1.00;177.38;
2025-11-24 18:30:13.54;0.00:00:45:776;1.00;-0.01;0.00;0.07708;0.07676;-0.0005411;3.444E-05;-0.20;0.01;99.58;0.04;99.58;0.07708;0.07676;0.0003243;-11.130;-11.149;-34.891;1.00;176.36;
2025-11-24 18:30:13.59;0.00:00:45:823;1.00;-0.01;0.00;0.07717;0.07683;-0.0004661;1.102E-05;-0.17;0.00;99.56;0.01;99.56;0.07717;0.07683;0.0003366;-11.126;-11.145;-34.729;1.00;178.65;
2025-11-24 18:30:13.64;0.00:00:45:870;1.00;-0.01;0.00;0.07727;0.07696;-0.0004898;2.619E-05;-0.18;0.01;99.61;0.03;99.61;0.07727;0.07697;0.0003032;-11.120;-11.137;-35.183;1.00;176.94;
2025-11-24 18:30:13.68;0.00:00:45:916;1.00;-0.01;0.00;0.07733;0.07701;-0.000503;1.749E-05;-0.19;0.01;99.58;0.02;99.58;0.07733;0.07701;0.0003262;-11.116;-11.135;-34.865;1.00;178.01;
2025-11-24 18:30:13.73;0.00:00:45:963;1.00;-0.01;0.00;0.0772;0.07691;-0.0005625;2.229E-05;-0.21;0.01;99.62;0.03;99.62;0.0772;0.07691;0.0002912;-11.124;-11.140;-35.358;1.00;177.73;
2025-11-24 18:30:13.78;0.00:00:46:010;1.00;-0.01;0.00;0.07726;0.07686;-0.0004949;1.385E-05;-0.18;0.01;99.49;0.02;99.49;0.07726;0.07686;0.0003954;-11.121;-11.143;-34.029;1.00;178.40;
2025-11-24 18:30:13.82;0.00:00:46:057;1.00;-0.01;0.00;0.07739;0.0771;-0.000549;3.834E-05;-0.20;0.01;99.62;0.05;99.62;0.07739;0.0771;0.0002905;-11.113;-11.129;-35.369;1.00;176.01;
2025-11-24 18:30:13.87;0.00:00:46:104;1.00;-0.01;0.00;0.07718;0.0769;-0.0005177;4.075E-05;-0.19;0.02;99.64;0.05;99.64;0.07718;0.0769;0.0002755;-11.125;-11.140;-35.599;1.00;175.50;
2025-11-24 18:30:13.92;0.00:00:46:150;1.00;-0.01;0.00;0.07744;0.07712;-0.0005015;1.516E-05;-0.19;0.01;99.60;0.02;99.60;0.07744;0.07713;0.000312;-11.110;-11.128;-35.058;1.00;178.27;
2025-11-24 18:30:13.97;0.00:00:46:200;1.00;-0.01;0.00;0.07737;0.07707;-0.0005669;3.143E-05;-0.21;0.01;99.62;0.04;99.62;0.07737;0.07707;0.0002961;-11.114;-11.131;-35.285;1.00;176.83;
2025-11-24 18:30:14.01;0.00:00:46:245;1.00;-0.01;0.00;0.07709;0.0768;-0.0005399;2.976E-05;-0.20;0.01;99.62;0.04;99.62;0.07709;0.0768;0.0002937;-11.130;-11.147;-35.321;1.00;176.85;
2025-11-24 18:30:14.06;0.00:00:46:291;1.00;-0.01;0.00;0.07705;0.07672;-0.0005041;1.169E-05;-0.19;0.00;99.58;0.02;99.58;0.07705;0.07672;0.0003232;-11.133;-11.151;-34.905;1.00;178.67;
2025-11-24 18:30:14.11;0.00:00:46:341;1.00;-0.01;0.00;0.07725;0.07687;-0.0005128;1.159E-05;-0.19;0.00;99.51;0.02;99.51;0.07725;0.07687;0.0003789;-11.121;-11.142;-34.215;1.00;178.70;
2025-11-24 18:30:14.17;0.00:00:46:399;1.00;-0.01;0.00;0.07715;0.07687;-0.0005404;3.092E-05;-0.20;0.01;99.64;0.04;99.64;0.07715;0.07687;0.0002748;-11.127;-11.142;-35.610;1.00;176.73;
2025-11-24 18:30:14.21;0.00:00:46:446;1.00;-0.01;0.00;0.07723;0.07685;-0.0004647;2.285E-06;-0.17;0.00;99.51;0.00;99.51;0.07723;0.07685;0.0003819;-11.122;-11.144;-34.181;1.00;179.72;
2025-11-24 18:30:14.26;0.00:00:46:494;1.00;-0.01;0.00;0.07766;0.07734;-0.0005298;2.511E-05;-0.20;0.01;99.59;0.03;99.59;0.07766;0.07734;0.0003207;-11.098;-11.116;-34.939;1.00;177.29;
2025-11-24 18:30:14.31;0.00:00:46:540;1.00;-0.01;0.00;0.07748;0.07723;-0.0005517;7.798E-06;-0.20;0.00;99.68;0.01;99.68;0.07748;0.07723;0.0002458;-11.108;-11.122;-36.094;1.00;179.19;
2025-11-24 18:30:14.35;0.00:00:46:587;1.00;-0.01;0.00;0.0773;0.07703;-0.0005771;9.658E-06;-0.21;0.00;99.64;0.01;99.64;0.0773;0.07703;0.0002747;-11.118;-11.134;-35.612;1.00;179.04;
2025-11-24 18:30:14.40;0.00:00:46:637;1.00;-0.01;0.00;0.07727;0.07693;-0.0004943;2.837E-06;-0.18;0.00;99.56;0.00;99.56;0.07727;0.07693;0.0003428;-11.120;-11.139;-34.650;1.00;179.67;
2025-11-24 18:30:14.46;0.00:00:46:696;1.00;-0.01;0.00;0.07737;0.07706;-0.00055;-2.245E-06;-0.20;0.00;99.60;0.00;99.60;0.07737;0.07706;0.000312;-11.114;-11.132;-35.059;1.00;-179.77;
2025-11-24 18:30:14.51;0.00:00:46:743;1.00;-0.01;0.00;0.07734;0.07697;-0.0004455;1.899E-05;-0.17;0.01;99.52;0.02;99.52;0.07734;0.07697;0.0003712;-11.116;-11.137;-34.304;1.00;177.56;
2025-11-24 18:30:14.56;0.00:00:46:789;1.00;-0.01;0.00;0.07743;0.0771;-0.0004803;7.95E-06;-0.18;0.00;99.57;0.01;99.57;0.07743;0.0771;0.0003351;-11.111;-11.129;-34.748;1.00;179.05;
2025-11-24 18:30:14.60;0.00:00:46:837;1.00;-0.01;0.00;0.07755;0.07716;-0.0004792;5.485E-06;-0.18;0.00;99.50;0.01;99.50;0.07755;0.07716;0.0003878;-11.104;-11.126;-34.114;1.00;179.34;
2025-11-24 18:30:14.65;0.00:00:46:884;1.00;-0.01;0.00;0.07743;0.0771;-0.0005207;1.829E-05;-0.19;0.01;99.58;0.02;99.58;0.07743;0.0771;0.0003283;-11.111;-11.129;-34.838;1.00;177.99;
2025-11-24 18:30:14.70;0.00:00:46:931;1.00;-0.01;0.00;0.07738;0.07702;-0.000541;7.021E-06;-0.20;0.00;99.54;0.01;99.54;0.07738;0.07702;0.0003582;-11.114;-11.134;-34.458;1.00;179.26;
2025-11-24 18:30:14.74;0.00:00:46:978;1.00;-0.01;0.00;0.07735;0.077;-0.0005497;1.569E-05;-0.20;0.01;99.55;0.02;99.55;0.07735;0.077;0.0003502;-11.115;-11.135;-34.557;1.00;178.37;
2025-11-24 18:30:14.79;0.00:00:47:024;1.00;-0.01;0.00;0.07709;0.07679;-0.0005525;2.39E-05;-0.21;0.01;99.62;0.03;99.62;0.07709;0.07679;0.0002967;-11.130;-11.147;-35.277;1.00;177.52;
2025-11-24 18:30:14.84;0.00:00:47:070;1.00;-0.01;0.00;0.07717;0.07686;-0.0004541;1.138E-05;-0.17;0.00;99.59;0.01;99.59;0.07717;0.07686;0.0003134;-11.125;-11.143;-35.039;1.00;178.56;
2025-11-24 18:30:14.88;0.00:00:47:116;1.00;-0.01;0.00;0.07728;0.07694;-0.0005334;2.131E-05;-0.20;0.01;99.56;0.03;99.56;0.07728;0.07694;0.0003377;-11.119;-11.138;-34.714;1.00;177.71;
2025-11-24 18:30:14.93;0.00:00:47:163;1.00;-0.01;0.00;0.07717;0.07688;-0.0005333;3.534E-05;-0.20;0.01;99.64;0.05;99.64;0.07717;0.07688;0.0002816;-11.126;-11.142;-35.504;1.00;176.21;
2025-11-24 18:30:14.98;0.00:00:47:211;1.00;-0.01;0.00;0.0772;0.07682;-0.000527;3.132E-05;-0.20;0.01;99.52;0.04;99.52;0.0772;0.07682;0.000374;-11.124;-11.145;-34.272;1.00;176.60;
2025-11-24 18:30:15.03;0.00:00:47:258;1.00;-0.01;0.00;0.0772;0.07688;-0.0005181;1.771E-05;-0.19;0.01;99.59;0.02;99.59;0.0772;0.07688;0.0003157;-11.124;-11.142;-35.008;1.00;178.04;
2025-11-24 18:30:15.07;0.00:00:47:304;1.00;-0.01;0.00;0.07714;0.07684;-0.0004887;1.06E-05;-0.18;0.00;99.61;0.01;99.61;0.07714;0.07684;0.0002994;-11.127;-11.144;-35.237;1.00;178.76;
2025-11-24 18:30:15.12;0.00:00:47:352;1.00;-0.01;0.00;0.07726;0.07685;-0.0005144;5.768E-06;-0.19;0.00;99.47;0.01;99.47;0.07726;0.07685;0.0004125;-11.120;-11.144;-33.846;1.00;179.36;
2025-11-24 18:30:15.17;0.00:00:47:399;1.00;-0.01;0.00;0.07725;0.07692;-0.0004392;-1.927E-05;-0.16;-0.01;99.57;0.02;99.57;0.07725;0.07692;0.0003317;-11.121;-11.140;-34.792;1.00;-177.49;
2025-11-24 18:30:15.21;0.00:00:47:446;1.00;-0.01;0.00;0.07735;0.07702;-0.0005042;2.523E-05;-0.19;0.01;99.58;0.03;99.58;0.07735;0.07703;0.0003253;-11.115;-11.134;-34.877;1.00;177.13;
2025-11-24 18:30:15.26;0.00:00:47:492;1.00;-0.01;0.00;0.07725;0.07698;-0.0005297;1.869E-05;-0.20;0.01;99.64;0.02;99.64;0.07725;0.07698;0.0002751;-11.121;-11.136;-35.605;1.00;177.98;
2025-11-24 18:30:15.31;0.00:00:47:545;1.00;-0.01;0.00;0.07727;0.0769;-0.0005226;2.63E-05;-0.19;0.01;99.53;0.03;99.53;0.07727;0.0769;0.0003655;-11.120;-11.141;-34.371;1.00;177.12;
2025-11-24 18:30:15.37;0.00:00:47:602;1.00;-0.01;0.00;0.07744;0.07707;-0.0004564;2.336E-05;-0.17;0.01;99.52;0.03;99.52;0.07744;0.07707;0.0003714;-11.110;-11.131;-34.301;1.00;177.07;
2025-11-24 18:30:15.42;0.00:00:47:649;1.00;-0.01;0.00;0.07748;0.07715;-0.0005054;3.843E-05;-0.19;0.01;99.58;0.05;99.58;0.07748;0.07715;0.0003245;-11.108;-11.126;-34.889;1.00;175.65;
2025-11-24 18:30:15.46;0.00:00:47:696;1.00;-0.01;0.00;0.07759;0.0772;-0.0004761;2.207E-05;-0.18;0.01;99.50;0.03;99.50;0.07759;0.07721;0.0003888;-11.102;-11.124;-34.103;1.00;177.35;
2025-11-24 18:30:15.51;0.00:00:47:742;1.00;-0.01;0.00;0.07753;0.07719;-0.0005885;1.297E-05;-0.22;0.00;99.56;0.02;99.56;0.07753;0.07719;0.0003391;-11.105;-11.124;-34.696;1.00;178.74;
2025-11-24 18:30:15.56;0.00:00:47:788;1.00;-0.01;0.00;0.0776;0.07727;-0.0005038;2.092E-05;-0.19;0.01;99.58;0.03;99.58;0.0776;0.07727;0.000326;-11.102;-11.120;-34.868;1.00;177.62;
2025-11-24 18:30:15.60;0.00:00:47:835;1.00;-0.01;0.00;0.07727;0.07693;-0.0005517;2.401E-05;-0.21;0.01;99.56;0.03;99.56;0.07727;0.07693;0.0003419;-11.120;-11.139;-34.660;1.00;177.51;
2025-11-24 18:30:15.65;0.00:00:47:883;1.00;-0.01;0.00;0.07732;0.07693;-0.0004674;5.245E-07;-0.17;0.00;99.50;0.00;99.50;0.07732;0.07693;0.0003857;-11.117;-11.139;-34.137;1.00;179.94;
2025-11-24 18:30:15.70;0.00:00:47:930;1.00;-0.01;0.00;0.07768;0.07732;-0.0004965;3.319E-05;-0.18;0.01;99.54;0.04;99.54;0.07768;0.07732;0.0003596;-11.097;-11.117;-34.442;1.00;176.18;
2025-11-24 18:30:15.74;0.00:00:47:977;1.00;-0.01;0.00;0.07754;0.0772;-0.0005679;1.722E-05;-0.21;0.01;99.57;0.02;99.57;0.07754;0.07721;0.000331;-11.105;-11.124;-34.802;1.00;178.26;
2025-11-24 18:30:15.79;0.00:00:48:024;1.00;-0.01;0.00;0.07733;0.07705;-0.000523;1.251E-05;-0.19;0.00;99.64;0.02;99.64;0.07733;0.07705;0.0002816;-11.117;-11.132;-35.504;1.00;178.63;
2025-11-24 18:30:15.84;0.00:00:48:071;1.00;-0.01;0.00;0.07755;0.07727;-0.0005003;2.734E-05;-0.19;0.01;99.64;0.04;99.64;0.07755;0.07727;0.0002814;-11.104;-11.120;-35.507;1.00;176.87;
2025-11-24 18:30:15.89;0.00:00:48:119;1.00;-0.01;0.00;0.07736;0.07703;-0.0005845;4.647E-05;-0.22;0.02;99.57;0.06;99.57;0.07736;0.07704;0.0003294;-11.115;-11.133;-34.823;1.00;175.45;
2025-11-24 18:30:15.93;0.00:00:48:166;1.00;-0.01;0.00;0.07688;0.07658;-0.0005453;1.034E-05;-0.20;0.00;99.60;0.01;99.60;0.07688;0.07658;0.0003055;-11.142;-11.159;-35.150;1.00;178.91;
2025-11-24 18:30:15.98;0.00:00:48:213;1.00;-0.01;0.00;0.07689;0.07654;-0.0005087;2.594E-05;-0.19;0.01;99.55;0.03;99.55;0.07689;0.07654;0.0003495;-11.141;-11.161;-34.566;1.00;177.08;
2025-11-24 18:30:16.03;0.00:00:48:260;1.00;-0.01;0.00;0.07685;0.07656;-0.0004906;2.046E-05;-0.18;0.01;99.62;0.03;99.62;0.07685;0.07656;0.0002882;-11.144;-11.160;-35.403;1.00;177.61;
2025-11-24 18:30:16.07;0.00:00:48:305;1.00;-0.01;0.00;0.07697;0.07666;-0.0005165;1.855E-06;-0.19;0.00;99.59;0.00;99.59;0.07697;0.07666;0.0003144;-11.137;-11.154;-35.025;1.00;179.79;
2025-11-24 18:30:16.12;0.00:00:48:352;1.00;-0.01;0.00;0.07709;0.0767;-0.0004205;9.587E-06;-0.16;0.00;99.49;0.01;99.49;0.07709;0.0767;0.0003896;-11.130;-11.152;-34.094;1.00;178.69;
2025-11-24 18:30:16.17;0.00:00:48:398;1.00;-0.01;0.00;0.07711;0.07684;-0.0005566;1.622E-05;-0.21;0.01;99.65;0.02;99.65;0.07711;0.07684;0.0002704;-11.129;-11.144;-35.680;1.00;178.33;
2025-11-24 18:30:16.21;0.00:00:48:446;1.00;-0.01;0.00;0.07704;0.07669;-0.0005545;7.752E-06;-0.21;0.00;99.55;0.01;99.55;0.07704;0.07669;0.0003487;-11.133;-11.153;-34.576;1.00;179.20;
2025-11-24 18:30:16.26;0.00:00:48:491;1.00;-0.01;0.00;0.07718;0.07677;-0.0004576;1.521E-06;-0.17;0.00;99.47;0.00;99.47;0.07718;0.07677;0.0004106;-11.125;-11.148;-33.866;1.00;179.81;
2025-11-24 18:30:16.31;0.00:00:48:538;1.00;-0.01;0.00;0.07724;0.07691;-0.000512;3.735E-07;-0.19;0.00;99.58;0.00;99.58;0.07724;0.07691;0.0003223;-11.122;-11.140;-34.917;1.00;179.96;
2025-11-24 18:30:16.35;0.00:00:48:584;1.00;-0.01;0.00;0.0774;0.07707;-0.0005076;1.738E-05;-0.19;0.01;99.57;0.02;99.57;0.0774;0.07707;0.0003328;-11.112;-11.131;-34.778;1.00;178.04;
2025-11-24 18:30:16.40;0.00:00:48:631;1.00;-0.01;0.00;0.07748;0.07716;-0.0006279;3.135E-05;-0.23;0.01;99.58;0.04;99.58;0.07748;0.07716;0.000322;-11.108;-11.126;-34.921;1.00;177.14;
2025-11-24 18:30:16.44;0.00:00:48:677;1.00;-0.01;0.00;0.07732;0.07694;-0.0004627;-5.497E-06;-0.17;0.00;99.50;0.01;99.50;0.07732;0.07694;0.0003835;-11.117;-11.139;-34.162;1.00;-179.32;
2025-11-24 18:30:16.49;0.00:00:48:724;1.00;-0.01;0.00;0.07742;0.07709;-0.0005238;1.783E-06;-0.19;0.00;99.58;0.00;99.58;0.07742;0.0771;0.0003255;-11.111;-11.130;-34.874;1.00;179.80;
2025-11-24 18:30:16.54;0.00:00:48:770;1.00;-0.01;0.00;0.07712;0.07683;-0.0005072;2.393E-05;-0.19;0.01;99.63;0.03;99.63;0.07712;0.07683;0.0002846;-11.129;-11.145;-35.458;1.00;177.30;
2025-11-24 18:30:16.58;0.00:00:48:817;1.00;-0.01;0.00;0.07703;0.07673;-0.0005213;2.856E-05;-0.19;0.01;99.61;0.04;99.61;0.07703;0.07673;0.0003025;-11.133;-11.150;-35.193;1.00;176.86;
2025-11-24 18:30:16.63;0.00:00:48:864;1.00;-0.01;0.00;0.07725;0.07692;-0.0004666;1.157E-05;-0.17;0.00;99.58;0.01;99.58;0.07725;0.07692;0.0003256;-11.121;-11.139;-34.873;1.00;178.58;
2025-11-24 18:30:16.68;0.00:00:48:910;1.00;-0.01;0.00;0.07739;0.07708;-0.0005392;1.611E-05;-0.20;0.01;99.60;0.02;99.60;0.07739;0.07708;0.0003093;-11.113;-11.130;-35.096;1.00;178.29;
2025-11-24 18:30:16.72;0.00:00:48:957;1.00;-0.01;0.00;0.07717;0.07686;-0.0005656;3.401E-05;-0.21;0.01;99.61;0.04;99.61;0.07717;0.07686;0.0003024;-11.126;-11.143;-35.194;1.00;176.56;
2025-11-24 18:30:16.77;0.00:00:49:004;1.00;-0.01;0.00;0.07685;0.07658;-0.000518;3.886E-05;-0.19;0.01;99.65;0.05;99.65;0.07685;0.07658;0.000271;-11.143;-11.159;-35.670;1.00;175.71;
2025-11-24 18:30:16.82;0.00:00:49:052;1.00;-0.01;0.00;0.07685;0.07655;-0.0005532;2.61E-05;-0.21;0.01;99.61;0.03;99.61;0.07685;0.07655;0.0003002;-11.143;-11.160;-35.226;1.00;177.30;
2025-11-24 18:30:16.87;0.00:00:49:099;1.00;-0.01;0.00;0.077;0.07677;-0.0005162;2.834E-05;-0.19;0.01;99.70;0.04;99.70;0.077;0.07677;0.0002316;-11.135;-11.148;-36.352;1.00;176.86;
2025-11-24 18:30:16.91;0.00:00:49:146;1.00;-0.01;0.00;0.07679;0.07645;-0.0005423;2.293E-05;-0.20;0.01;99.56;0.03;99.56;0.07679;0.07645;0.0003358;-11.147;-11.166;-34.740;1.00;177.58;
2025-11-24 18:30:16.96;0.00:00:49:193;1.00;-0.01;0.00;0.07689;0.0765;-0.0004872;2.489E-05;-0.18;0.01;99.49;0.03;99.49;0.07689;0.0765;0.0003894;-11.141;-11.163;-34.097;1.00;177.08;
2025-11-24 18:30:17.01;0.00:00:49:240;1.00;-0.01;0.00;0.0774;0.07709;-0.0005457;2.71E-05;-0.20;0.01;99.61;0.04;99.61;0.0774;0.07709;0.0003054;-11.113;-11.130;-35.151;1.00;177.16;
2025-11-24 18:30:17.05;0.00:00:49:286;1.00;-0.01;0.00;0.07726;0.07691;-0.0005096;3.306E-05;-0.19;0.01;99.54;0.04;99.54;0.07726;0.07691;0.0003554;-11.120;-11.140;-34.492;1.00;176.29;
2025-11-24 18:30:17.10;0.00:00:49:333;1.00;-0.01;0.00;0.0772;0.07683;-0.0004805;3.224E-05;-0.18;0.01;99.53;0.04;99.53;0.0772;0.07683;0.0003657;-11.124;-11.145;-34.369;1.00;176.16;
2025-11-24 18:30:17.15;0.00:00:49:379;1.00;-0.01;0.00;0.07737;0.07701;-0.0004644;3.463E-06;-0.17;0.00;99.54;0.00;99.54;0.07737;0.07701;0.0003571;-11.114;-11.134;-34.472;1.00;179.57;
2025-11-24 18:30:17.19;0.00:00:49:426;1.00;-0.01;0.00;0.07748;0.07713;-0.0005364;2.299E-05;-0.20;0.01;99.55;0.03;99.55;0.07748;0.07713;0.000351;-11.108;-11.128;-34.547;1.00;177.55;
2025-11-24 18:30:17.24;0.00:00:49:473;1.00;-0.01;0.00;0.0771;0.07674;-0.0004778;1.401E-05;-0.18;0.01;99.54;0.02;99.54;0.0771;0.07674;0.0003566;-11.129;-11.150;-34.478;1.00;178.32;
2025-11-24 18:30:17.29;0.00:00:49:520;1.00;-0.01;0.00;0.07719;0.07686;-0.0005218;3.312E-05;-0.19;0.01;99.57;0.04;99.57;0.07719;0.07686;0.0003333;-11.124;-11.143;-34.771;1.00;176.37;
2025-11-24 18:30:17.33;0.00:00:49:567;1.00;-0.01;0.00;0.07751;0.07722;-0.0004688;1.576E-05;-0.17;0.01;99.62;0.02;99.62;0.07751;0.07722;0.0002958;-11.106;-11.123;-35.290;1.00;178.08;
2025-11-24 18:30:17.38;0.00:00:49:613;1.00;-0.01;0.00;0.07774;0.07739;-0.0005069;1.775E-05;-0.19;0.01;99.55;0.02;99.55;0.07774;0.07739;0.0003478;-11.093;-11.113;-34.586;1.00;177.99;
2025-11-24 18:30:17.43;0.00:00:49:660;1.00;-0.01;0.00;0.07782;0.07747;-0.0005056;3.599E-05;-0.19;0.01;99.55;0.05;99.55;0.07782;0.07747;0.0003528;-11.089;-11.109;-34.525;1.00;175.93;
2025-11-24 18:30:17.47;0.00:00:49:706;1.00;-0.01;0.00;0.07758;0.07728;-0.000545;2.616E-05;-0.20;0.01;99.62;0.03;99.62;0.07758;0.07728;0.0002953;-11.103;-11.119;-35.298;1.00;177.25;
2025-11-24 18:30:17.52;0.00:00:49:753;1.00;-0.01;0.00;0.07754;0.07725;-0.0005572;2.95E-05;-0.21;0.01;99.63;0.04;99.63;0.07754;0.07725;0.0002888;-11.105;-11.121;-35.393;1.00;176.97;
2025-11-24 18:30:17.57;0.00:00:49:800;1.00;-0.01;0.00;0.07754;0.07714;-0.0005144;4.403E-06;-0.19;0.00;99.49;0.01;99.49;0.07754;0.07714;0.0003947;-11.105;-11.127;-34.037;1.00;179.51;
2025-11-24 18:30:17.61;0.00:00:49:847;1.00;-0.01;0.00;0.07758;0.07726;-0.0005399;1.108E-05;-0.20;0.00;99.59;0.01;99.59;0.07758;0.07727;0.0003172;-11.102;-11.120;-34.987;1.00;178.82;
2025-11-24 18:30:17.66;0.00:00:49:895;1.00;-0.01;0.00;0.07755;0.07723;-0.0005528;5.81E-07;-0.21;0.00;99.58;0.00;99.58;0.07755;0.07723;0.0003233;-11.104;-11.122;-34.904;1.00;179.94;
2025-11-24 18:30:17.71;0.00:00:49:941;1.00;-0.01;0.00;0.0774;0.0771;-0.0005435;1.208E-05;-0.20;0.00;99.61;0.02;99.61;0.0774;0.0771;0.0002995;-11.113;-11.130;-35.236;1.00;178.73;
2025-11-24 18:30:17.76;0.00:00:49:988;1.00;-0.01;0.00;0.07751;0.07714;-0.0005258;1.444E-05;-0.20;0.01;99.53;0.02;99.53;0.07751;0.07714;0.0003674;-11.107;-11.127;-34.349;1.00;178.43;
2025-11-24 18:30:17.80;0.00:00:50:035;1.00;-0.01;0.00;0.07746;0.07715;-0.0005579;1.944E-05;-0.21;0.01;99.60;0.03;99.60;0.07746;0.07715;0.0003119;-11.109;-11.127;-35.060;1.00;178.00;
2025-11-24 18:30:17.85;0.00:00:50:081;1.00;-0.01;0.00;0.0773;0.07696;-0.0004949;-5.659E-06;-0.18;0.00;99.57;0.01;99.57;0.0773;0.07696;0.0003347;-11.118;-11.137;-34.754;1.00;-179.34;
2025-11-24 18:30:17.90;0.00:00:50:129;1.00;-0.01;0.00;0.07741;0.07706;-0.0005294;6.628E-06;-0.20;0.00;99.54;0.01;99.54;0.07741;0.07706;0.0003524;-11.112;-11.132;-34.529;1.00;179.28;
2025-11-24 18:30:17.94;0.00:00:50:176;1.00;-0.01;0.00;0.0773;0.07703;-0.0005526;2.419E-05;-0.21;0.01;99.65;0.03;99.65;0.0773;0.07703;0.0002741;-11.118;-11.133;-35.621;1.00;177.49;
2025-11-24 18:30:18.00;0.00:00:50:228;1.00;-0.01;0.00;0.07738;0.07699;-0.0004723;1.059E-06;-0.18;0.00;99.50;0.00;99.50;0.07738;0.07699;0.0003864;-11.114;-11.136;-34.130;1.00;179.87;
2025-11-24 18:30:18.05;0.00:00:50:287;1.00;-0.01;0.00;0.07734;0.07705;-0.000534;2.264E-05;-0.20;0.01;99.62;0.03;99.62;0.07734;0.07705;0.0002958;-11.116;-11.132;-35.290;1.00;177.57;
2025-11-24 18:30:18.10;0.00:00:50:334;1.00;-0.01;0.00;0.07721;0.07689;-0.0004695;2.529E-05;-0.17;0.01;99.59;0.03;99.59;0.07721;0.0769;0.0003137;-11.123;-11.141;-35.035;1.00;176.92;
2025-11-24 18:30:18.15;0.00:00:50:381;1.00;-0.01;0.00;0.07716;0.07681;-0.0004753;2.085E-05;-0.18;0.01;99.55;0.03;99.55;0.07716;0.07682;0.0003483;-11.126;-11.145;-34.581;1.00;177.49;
2025-11-24 18:30:18.20;0.00:00:50:428;1.00;-0.01;0.00;0.07718;0.07682;-0.0005056;2.547E-05;-0.19;0.01;99.54;0.03;99.54;0.07718;0.07683;0.0003525;-11.125;-11.145;-34.529;1.00;177.12;
2025-11-24 18:30:18.24;0.00:00:50:475;1.00;-0.01;0.00;0.07732;0.077;-0.0005023;3.981E-05;-0.19;0.01;99.59;0.05;99.59;0.07732;0.07701;0.0003176;-11.117;-11.135;-34.981;1.00;175.47;
2025-11-24 18:30:18.29;0.00:00:50:524;1.00;-0.01;0.00;0.07737;0.07703;-0.0005053;1.656E-05;-0.19;0.01;99.56;0.02;99.56;0.07737;0.07703;0.0003368;-11.114;-11.133;-34.727;1.00;178.12;
2025-11-24 18:30:18.35;0.00:00:50:584;1.00;-0.01;0.00;0.07742;0.07704;-0.0004959;2.149E-05;-0.18;0.01;99.52;0.03;99.52;0.07742;0.07705;0.0003694;-11.112;-11.133;-34.325;1.00;177.52;
2025-11-24 18:30:18.40;0.00:00:50:630;1.00;-0.01;0.00;0.07748;0.07709;-0.000517;2.895E-05;-0.19;0.01;99.51;0.04;99.51;0.07748;0.0771;0.000379;-11.108;-11.130;-34.214;1.00;176.80;
2025-11-24 18:30:18.44;0.00:00:50:676;1.00;-0.01;0.00;0.07726;0.0769;-0.0004899;1.86E-05;-0.18;0.01;99.55;0.02;99.55;0.07726;0.07691;0.0003496;-11.121;-11.140;-34.564;1.00;177.83;
2025-11-24 18:30:18.49;0.00:00:50:723;1.00;-0.01;0.00;0.07735;0.07695;-0.0004473;6.848E-06;-0.17;0.00;99.49;0.01;99.49;0.07735;0.07695;0.0003961;-11.115;-11.138;-34.022;1.00;179.12;
2025-11-24 18:30:18.54;0.00:00:50:769;1.00;-0.01;0.00;0.0776;0.07723;-0.0005211;1.496E-05;-0.19;0.01;99.52;0.02;99.52;0.0776;0.07723;0.0003711;-11.101;-11.122;-34.305;1.00;178.36;
2025-11-24 18:30:18.58;0.00:00:50:815;1.00;-0.01;0.00;0.07764;0.0773;-0.0004764;6.689E-06;-0.18;0.00;99.56;0.01;99.56;0.07764;0.0773;0.0003395;-11.099;-11.118;-34.692;1.00;179.20;
2025-11-24 18:30:18.63;0.00:00:50:863;1.00;-0.01;0.00;0.07772;0.07736;-0.0005058;4.228E-05;-0.19;0.02;99.53;0.05;99.53;0.07772;0.07736;0.000367;-11.094;-11.115;-34.354;1.00;175.22;
2025-11-24 18:30:18.68;0.00:00:50:910;1.00;-0.01;0.00;0.07754;0.07726;-0.000539;2.141E-05;-0.20;0.01;99.64;0.03;99.64;0.07754;0.07726;0.0002805;-11.104;-11.120;-35.520;1.00;177.73;
2025-11-24 18:30:18.72;0.00:00:50:956;1.00;-0.01;0.00;0.07748;0.07711;-0.0005401;1.657E-06;-0.20;0.00;99.53;0.00;99.53;0.07748;0.07711;0.0003673;-11.108;-11.129;-34.350;1.00;179.82;
2025-11-24 18:30:18.77;0.00:00:51:002;1.00;-0.01;0.00;0.07733;0.07701;-0.0005198;3.084E-05;-0.19;0.01;99.58;0.04;99.58;0.07733;0.07701;0.000321;-11.116;-11.134;-34.935;1.00;176.60;
2025-11-24 18:30:18.82;0.00:00:51:050;1.00;-0.01;0.00;0.07725;0.07696;-0.0004948;2.362E-05;-0.18;0.01;99.62;0.03;99.62;0.07725;0.07696;0.0002914;-11.121;-11.137;-35.355;1.00;177.27;
2025-11-24 18:30:18.86;0.00:00:51:096;1.00;-0.01;0.00;0.07723;0.07692;-0.0004984;2.226E-05;-0.19;0.01;99.60;0.03;99.60;0.07723;0.07692;0.0003076;-11.122;-11.139;-35.120;1.00;177.44;
2025-11-24 18:30:18.91;0.00:00:51:142;1.00;-0.01;0.00;0.0773;0.07695;-0.0004758;1.285E-05;-0.18;0.00;99.55;0.02;99.55;0.0773;0.07695;0.0003476;-11.118;-11.138;-34.589;1.00;178.45;
2025-11-24 18:30:18.96;0.00:00:51:188;1.00;-0.01;0.00;0.07736;0.07701;-0.000568;3.857E-05;-0.21;0.01;99.56;0.05;99.56;0.07736;0.07702;0.0003439;-11.115;-11.134;-34.636;1.00;176.12;
2025-11-24 18:30:19.01;0.00:00:51:238;1.00;-0.01;0.00;0.07723;0.07696;-0.0005313;4.343E-05;-0.20;0.02;99.65;0.06;99.65;0.07723;0.07696;0.0002738;-11.122;-11.137;-35.625;1.00;175.33;
2025-11-24 18:30:19.06;0.00:00:51:297;1.00;-0.01;0.00;0.0774;0.07708;-0.0004765;3.381E-05;-0.18;0.01;99.60;0.04;99.60;0.0774;0.07709;0.0003118;-11.113;-11.130;-35.061;1.00;175.94;
2025-11-24 18:30:19.11;0.00:00:51:344;1.00;-0.01;0.00;0.07751;0.07715;-0.0004722;8.739E-06;-0.18;0.00;99.53;0.01;99.53;0.07751;0.07715;0.0003634;-11.106;-11.127;-34.396;1.00;178.94;
2025-11-24 18:30:19.16;0.00:00:51:391;1.00;-0.01;0.00;0.07782;0.07749;-0.0005061;2.697E-05;-0.19;0.01;99.57;0.03;99.57;0.07782;0.07749;0.0003353;-11.089;-11.108;-34.746;1.00;176.95;
2025-11-24 18:30:19.21;0.00:00:51:438;1.00;-0.01;0.00;0.07778;0.07748;-0.0005481;4.614E-05;-0.20;0.02;99.61;0.06;99.61;0.07778;0.07748;0.0003045;-11.091;-11.108;-35.164;1.00;175.19;
2025-11-24 18:30:19.25;0.00:00:51:484;1.00;-0.01;0.00;0.07754;0.0772;-0.0005056;3.295E-06;-0.19;0.00;99.56;0.00;99.56;0.07754;0.07721;0.0003396;-11.104;-11.124;-34.690;1.00;179.63;
2025-11-24 18:30:19.30;0.00:00:51:531;1.00;-0.01;0.00;0.07753;0.07719;-0.0005226;2.633E-05;-0.19;0.01;99.56;0.03;99.56;0.07753;0.07719;0.0003377;-11.105;-11.124;-34.714;1.00;177.12;
2025-11-24 18:30:19.35;0.00:00:51:585;1.00;-0.01;0.00;0.07744;0.07704;-0.0005455;-3.568E-06;-0.20;0.00;99.48;0.00;99.48;0.07744;0.07704;0.000402;-11.110;-11.133;-33.958;1.00;-179.63;
2025-11-24 18:30:19.41;0.00:00:51:640;1.00;-0.01;0.00;0.07719;0.07696;-0.0005352;3.883E-05;-0.20;0.01;99.70;0.05;99.70;0.07719;0.07696;0.0002284;-11.124;-11.137;-36.414;1.00;175.85;
2025-11-24 18:30:19.46;0.00:00:51:688;1.00;-0.01;0.00;0.0775;0.07713;-0.000461;1.201E-05;-0.17;0.00;99.52;0.02;99.52;0.0775;0.07713;0.0003718;-11.107;-11.128;-34.297;1.00;178.51;
2025-11-24 18:30:19.51;0.00:00:51:739;1.00;-0.01;0.00;0.07755;0.07722;-0.000515;3.132E-05;-0.19;0.01;99.58;0.04;99.58;0.07755;0.07722;0.0003246;-11.104;-11.123;-34.887;1.00;176.52;
2025-11-24 18:30:19.56;0.00:00:51:797;1.00;-0.01;0.00;0.07746;0.07713;-0.0005365;2.136E-05;-0.20;0.01;99.57;0.03;99.57;0.07746;0.07713;0.0003305;-11.109;-11.128;-34.809;1.00;177.72;
2025-11-24 18:30:19.61;0.00:00:51:844;1.00;-0.01;0.00;0.07758;0.07719;-0.0004176;3.133E-05;-0.15;0.01;99.49;0.04;99.49;0.07758;0.07719;0.0003951;-11.102;-11.124;-34.033;1.00;175.71;
2025-11-24 18:30:19.66;0.00:00:51:891;1.00;-0.01;0.00;0.07738;0.07709;-0.0004966;-9.235E-06;-0.18;0.00;99.63;0.01;99.63;0.07738;0.07709;0.0002841;-11.114;-11.130;-35.465;1.00;-178.93;
2025-11-24 18:30:19.70;0.00:00:51:937;1.00;-0.01;0.00;0.07745;0.07708;-0.0005554;1.418E-05;-0.21;0.01;99.52;0.02;99.52;0.07745;0.07708;0.00037;-11.110;-11.131;-34.318;1.00;178.54;
2025-11-24 18:30:19.75;0.00:00:51:984;1.00;-0.01;0.00;0.07747;0.07714;-0.0005107;2.314E-05;-0.19;0.01;99.57;0.03;99.57;0.07747;0.07714;0.00033;-11.109;-11.127;-34.814;1.00;177.41;
2025-11-24 18:30:19.80;0.00:00:52:032;1.00;-0.01;0.00;0.07758;0.07722;-0.0005086;9.163E-06;-0.19;0.00;99.54;0.01;99.54;0.07758;0.07723;0.0003536;-11.103;-11.122;-34.515;1.00;178.97;
2025-11-24 18:30:19.85;0.00:00:52:079;1.00;-0.01;0.00;0.07777;0.07734;-0.0005215;2.325E-05;-0.19;0.01;99.45;0.03;99.45;0.07777;0.07734;0.0004249;-11.092;-11.116;-33.717;1.00;177.45;
2025-11-24 18:30:19.89;0.00:00:52:126;1.00;-0.01;0.00;0.07737;0.07708;-0.0005965;2.042E-05;-0.22;0.01;99.63;0.03;99.63;0.07737;0.07708;0.0002897;-11.114;-11.130;-35.381;1.00;178.04;
2025-11-24 18:30:19.94;0.00:00:52:172;1.00;-0.01;0.00;0.0773;0.07694;-0.000485;1.216E-05;-0.18;0.00;99.53;0.02;99.53;0.0773;0.07694;0.0003629;-11.118;-11.139;-34.402;1.00;178.56;
2025-11-24 18:30:19.99;0.00:00:52:219;1.00;-0.01;0.00;0.07748;0.07711;-0.000538;6.709E-06;-0.20;0.00;99.54;0.01;99.54;0.07748;0.07712;0.00036;-11.108;-11.129;-34.437;1.00;179.29;
2025-11-24 18:30:20.03;0.00:00:52:266;1.00;-0.01;0.00;0.07757;0.0772;-0.0005039;1.81E-05;-0.19;0.01;99.52;0.02;99.52;0.07757;0.0772;0.0003727;-11.103;-11.124;-34.287;1.00;177.94;
2025-11-24 18:30:20.08;0.00:00:52:314;1.00;-0.01;0.00;0.07751;0.07721;-0.0005502;3.282E-05;-0.20;0.01;99.62;0.04;99.62;0.07751;0.07721;0.0002967;-11.106;-11.123;-35.277;1.00;176.59;
2025-11-24 18:30:20.13;0.00:00:52:361;1.00;-0.01;0.00;0.07696;0.07666;-0.0005345;2.358E-05;-0.20;0.01;99.61;0.03;99.61;0.07696;0.07666;0.0002988;-11.137;-11.154;-35.246;1.00;177.47;
2025-11-24 18:30:20.18;0.00:00:52:409;1.00;-0.01;0.00;0.07701;0.07669;-0.0004902;6.724E-06;-0.18;0.00;99.59;0.01;99.59;0.07701;0.07669;0.000313;-11.135;-11.152;-35.045;1.00;179.21;
2025-11-24 18:30:20.22;0.00:00:52:456;1.00;-0.01;0.00;0.07747;0.07711;-0.0005039;3.432E-05;-0.19;0.01;99.54;0.04;99.54;0.07747;0.07711;0.000358;-11.109;-11.129;-34.461;1.00;176.10;
2025-11-24 18:30:20.27;0.00:00:52:506;1.00;-0.01;0.00;0.07718;0.07685;-0.0006;3.058E-05;-0.22;0.01;99.57;0.04;99.57;0.07718;0.07685;0.000331;-11.125;-11.144;-34.801;1.00;177.08;
2025-11-24 18:30:20.33;0.00:00:52:564;1.00;-0.01;0.00;0.07754;0.07714;-0.000459;1.974E-05;-0.17;0.01;99.48;0.03;99.48;0.07754;0.07714;0.0004061;-11.105;-11.127;-33.913;1.00;177.54;
2025-11-24 18:30:20.38;0.00:00:52:612;1.00;-0.01;0.00;0.07773;0.07739;-0.0004513;1.635E-05;-0.17;0.01;99.57;0.02;99.57;0.07773;0.07739;0.0003318;-11.094;-11.113;-34.791;1.00;177.93;
2025-11-24 18:30:20.43;0.00:00:52:659;1.00;-0.01;0.00;0.07774;0.07745;-0.00054;5.015E-06;-0.20;0.00;99.63;0.01;99.63;0.07774;0.07745;0.0002838;-11.094;-11.110;-35.469;1.00;179.47;
2025-11-24 18:30:20.47;0.00:00:52:706;1.00;-0.01;0.00;0.07755;0.07719;-0.0005848;4.782E-05;-0.22;0.02;99.53;0.06;99.53;0.07755;0.07719;0.0003627;-11.104;-11.124;-34.404;1.00;175.32;
2025-11-24 18:30:20.52;0.00:00:52:753;1.00;-0.01;0.00;0.07741;0.07708;-0.000548;7.279E-06;-0.20;0.00;99.58;0.01;99.58;0.07741;0.07708;0.0003262;-11.112;-11.131;-34.866;1.00;179.24;
2025-11-24 18:30:20.57;0.00:00:52:800;1.00;-0.01;0.00;0.07743;0.0771;-0.0005387;1.666E-05;-0.20;0.01;99.58;0.02;99.58;0.07743;0.07711;0.0003215;-11.111;-11.129;-34.928;1.00;178.23;
2025-11-24 18:30:20.61;0.00:00:52:847;1.00;-0.01;0.00;0.07738;0.07706;-0.0005016;2.717E-05;-0.19;0.01;99.60;0.04;99.60;0.07738;0.07707;0.00031;-11.114;-11.131;-35.087;1.00;176.90;
2025-11-24 18:30:20.66;0.00:00:52:893;1.00;-0.01;0.00;0.07721;0.07693;-0.0005403;1.641E-05;-0.20;0.01;99.64;0.02;99.64;0.07721;0.07693;0.000277;-11.123;-11.139;-35.575;1.00;178.26;
2025-11-24 18:30:20.71;0.00:00:52:943;1.00;-0.01;0.00;0.07715;0.07684;-0.0005199;3.561E-05;-0.19;0.01;99.60;0.05;99.60;0.07715;0.07684;0.0003053;-11.127;-11.144;-35.152;1.00;176.08;
2025-11-24 18:30:20.77;0.00:00:53:004;1.00;-0.01;0.00;0.07719;0.07685;-0.0004874;2.133E-05;-0.18;0.01;99.56;0.03;99.56;0.07719;0.07685;0.0003365;-11.125;-11.144;-34.730;1.00;177.49;
2025-11-24 18:30:20.82;0.00:00:53:051;1.00;-0.01;0.00;0.07718;0.07685;-0.0005422;3.851E-05;-0.20;0.01;99.58;0.05;99.58;0.07718;0.07685;0.0003215;-11.125;-11.143;-34.928;1.00;175.94;
2025-11-24 18:30:20.87;0.00:00:53:098;1.00;-0.01;0.00;0.07701;0.07668;-0.0005126;1.325E-05;-0.19;0.00;99.58;0.02;99.58;0.07701;0.07668;0.0003252;-11.135;-11.153;-34.878;1.00;178.52;
2025-11-24 18:30:20.91;0.00:00:53:145;1.00;-0.01;0.00;0.07715;0.07682;-0.0004547;2.681E-06;-0.17;0.00;99.58;0.00;99.58;0.07715;0.07682;0.0003253;-11.127;-11.145;-34.877;1.00;179.66;
2025-11-24 18:30:20.96;0.00:00:53:192;1.00;-0.01;0.00;0.07736;0.07701;-0.0005808;6.916E-06;-0.22;0.00;99.54;0.01;99.54;0.07736;0.07701;0.0003532;-11.115;-11.134;-34.519;1.00;179.32;
2025-11-24 18:30:21.01;0.00:00:53:239;1.00;-0.01;0.00;0.07733;0.07698;-0.0005149;5.765E-06;-0.19;0.00;99.55;0.01;99.55;0.07733;0.07698;0.0003514;-11.116;-11.136;-34.543;1.00;179.36;
2025-11-24 18:30:21.05;0.00:00:53:287;1.00;-0.01;0.00;0.07741;0.07698;-0.0005044;1.62E-05;-0.19;0.01;99.45;0.02;99.45;0.07741;0.07698;0.0004224;-11.112;-11.136;-33.743;1.00;178.16;
2025-11-24 18:30:21.10;0.00:00:53:333;1.00;-0.01;0.00;0.07738;0.07702;-0.0005948;2.193E-05;-0.22;0.01;99.55;0.03;99.55;0.07738;0.07703;0.0003491;-11.114;-11.134;-34.571;1.00;177.89;
2025-11-24 18:30:21.15;0.00:00:53:381;1.00;-0.01;0.00;0.07735;0.07701;-0.000497;1.52E-05;-0.18;0.01;99.56;0.02;99.56;0.07735;0.07701;0.0003366;-11.116;-11.134;-34.729;1.00;178.25;
2025-11-24 18:30:21.19;0.00:00:53:427;1.00;-0.01;0.00;0.0774;0.0771;-0.0004553;6.292E-07;-0.17;0.00;99.62;0.00;99.62;0.0774;0.07711;0.0002924;-11.113;-11.129;-35.341;1.00;179.92;
2025-11-24 18:30:21.24;0.00:00:53:475;1.00;-0.01;0.00;0.07764;0.07735;-0.0004512;2.253E-05;-0.17;0.01;99.63;0.03;99.63;0.07764;0.07735;0.0002904;-11.099;-11.115;-35.369;1.00;177.14;
2025-11-24 18:30:21.29;0.00:00:53:522;1.00;-0.01;0.00;0.07773;0.07743;-0.0005257;3.427E-05;-0.19;0.01;99.61;0.04;99.61;0.07773;0.07743;0.0003004;-11.094;-11.111;-35.223;1.00;176.27;
2025-11-24 18:30:21.34;0.00:00:53:569;1.00;-0.01;0.00;0.07768;0.07739;-0.000501;4.268E-05;-0.19;0.02;99.63;0.05;99.63;0.07768;0.07739;0.0002884;-11.097;-11.113;-35.400;1.00;175.13;
2025-11-24 18:30:21.38;0.00:00:53:614;1.00;-0.01;0.00;0.07769;0.07734;-0.0005559;2.545E-05;-0.21;0.01;99.55;0.03;99.55;0.07769;0.07734;0.000349;-11.096;-11.116;-34.572;1.00;177.38;
2025-11-24 18:30:21.43;0.00:00:53:661;1.00;-0.01;0.00;0.0777;0.07737;-0.0004662;1.678E-05;-0.17;0.01;99.58;0.02;99.58;0.0777;0.07738;0.0003293;-11.096;-11.114;-34.824;1.00;177.94;
2025-11-24 18:30:21.48;0.00:00:53:709;1.00;-0.01;0.00;0.07779;0.0775;-0.0005271;1.958E-05;-0.19;0.01;99.64;0.03;99.64;0.07779;0.07751;0.0002819;-11.091;-11.107;-35.499;1.00;177.87;
2025-11-24 18:30:21.52;0.00:00:53:756;1.00;-0.01;0.00;0.07779;0.07747;-0.0005196;3.442E-05;-0.19;0.01;99.59;0.04;99.59;0.07779;0.07747;0.0003204;-11.091;-11.109;-34.942;1.00;176.21;
2025-11-24 18:30:21.57;0.00:00:53:803;1.00;-0.01;0.00;0.07733;0.07696;-0.0005877;7.823E-06;-0.22;0.00;99.52;0.01;99.52;0.07733;0.07696;0.0003702;-11.116;-11.137;-34.316;1.00;179.24;
2025-11-24 18:30:21.62;0.00:00:53:854;1.00;-0.01;0.00;0.07727;0.07694;-0.0005011;1.55E-05;-0.19;0.01;99.58;0.02;99.58;0.07727;0.07694;0.0003284;-11.120;-11.138;-34.836;1.00;178.23;
2025-11-24 18:30:21.68;0.00:00:53:912;1.00;-0.01;0.00;0.07739;0.07706;-0.0005161;2.895E-05;-0.19;0.01;99.59;0.04;99.59;0.07739;0.07707;0.000319;-11.113;-11.131;-34.963;1.00;176.79;
2025-11-24 18:30:21.73;0.00:00:53:960;1.00;-0.01;0.00;0.07738;0.07701;-0.0005346;2.536E-06;-0.20;0.00;99.52;0.00;99.52;0.07738;0.07701;0.0003726;-11.114;-11.134;-34.288;1.00;179.73;
2025-11-24 18:30:21.77;0.00:00:54:006;1.00;-0.01;0.00;0.07755;0.07726;-0.0005192;2.984E-05;-0.19;0.01;99.62;0.04;99.62;0.07755;0.07726;0.0002933;-11.104;-11.121;-35.327;1.00;176.71;
2025-11-24 18:30:21.82;0.00:00:54:053;1.00;-0.01;0.00;0.07753;0.07716;-0.0005723;1.683E-05;-0.21;0.01;99.52;0.02;99.52;0.07753;0.07716;0.0003693;-11.105;-11.126;-34.327;1.00;178.32;
2025-11-24 18:30:21.87;0.00:00:54:100;1.00;-0.01;0.00;0.07748;0.0771;-0.0005201;1.794E-05;-0.19;0.01;99.51;0.02;99.51;0.07748;0.07711;0.0003779;-11.108;-11.129;-34.227;1.00;178.02;
2025-11-24 18:30:21.91;0.00:00:54:146;1.00;-0.01;0.00;0.07756;0.07723;-0.0005124;1.964E-05;-0.19;0.01;99.58;0.03;99.58;0.07756;0.07723;0.0003275;-11.103;-11.122;-34.848;1.00;177.81;
2025-11-24 18:30:21.96;0.00:00:54:193;1.00;-0.01;0.00;0.07756;0.07722;-0.0005442;9.615E-06;-0.20;0.00;99.56;0.01;99.56;0.07756;0.07723;0.0003377;-11.103;-11.122;-34.715;1.00;178.99;
2025-11-24 18:30:22.01;0.00:00:54:239;1.00;-0.01;0.00;0.07785;0.07755;-0.0005508;1.094E-05;-0.20;0.00;99.61;0.01;99.61;0.07785;0.07755;0.0003016;-11.087;-11.104;-35.205;1.00;178.86;
2025-11-24 18:30:22.05;0.00:00:54:285;1.00;-0.01;0.00;0.07787;0.07752;-0.0006003;2.231E-05;-0.22;0.01;99.56;0.03;99.56;0.07787;0.07753;0.0003454;-11.086;-11.105;-34.617;1.00;177.87;
2025-11-24 18:30:22.10;0.00:00:54:332;1.00;-0.01;0.00;0.0777;0.0774;-0.0005026;1.493E-06;-0.19;0.00;99.61;0.00;99.61;0.0777;0.0774;0.000301;-11.096;-11.113;-35.215;1.00;179.83;
2025-11-24 18:30:22.15;0.00:00:54:378;1.00;-0.01;0.00;0.07764;0.07739;-0.0005491;2.523E-05;-0.20;0.01;99.67;0.03;99.67;0.07764;0.07739;0.0002547;-11.099;-11.113;-35.940;1.00;177.37;
2025-11-24 18:30:22.19;0.00:00:54:424;1.00;-0.01;0.00;0.07746;0.0771;-0.0005085;4.54E-06;-0.19;0.00;99.55;0.01;99.55;0.07746;0.0771;0.0003519;-11.109;-11.129;-34.535;1.00;179.49;
2025-11-24 18:30:22.24;0.00:00:54:471;1.00;-0.01;0.00;0.0776;0.07724;-0.0005409;3.858E-05;-0.20;0.01;99.54;0.05;99.54;0.0776;0.07725;0.0003561;-11.101;-11.121;-34.485;1.00;175.92;
2025-11-24 18:30:22.28;0.00:00:54:517;1.00;-0.01;0.00;0.07738;0.07704;-0.0005866;2.058E-05;-0.22;0.01;99.56;0.03;99.56;0.07738;0.07704;0.00034;-11.113;-11.133;-34.685;1.00;177.99;
2025-11-24 18:30:22.33;0.00:00:54:564;1.00;-0.01;0.00;0.07736;0.07705;-0.0005008;2.138E-05;-0.19;0.01;99.60;0.03;99.60;0.07736;0.07705;0.0003118;-11.115;-11.132;-35.061;1.00;177.56;
2025-11-24 18:30:22.38;0.00:00:54:611;1.00;-0.01;0.00;0.07723;0.07692;-0.0005764;1.299E-05;-0.21;0.00;99.61;0.02;99.61;0.07723;0.07693;0.0003004;-11.122;-11.139;-35.222;1.00;178.71;
2025-11-24 18:30:22.42;0.00:00:54:657;1.00;-0.01;0.00;0.07721;0.07686;-0.0004922;1.336E-05;-0.18;0.00;99.55;0.02;99.55;0.07721;0.07686;0.0003483;-11.123;-11.143;-34.580;1.00;178.45;
2025-11-24 18:30:22.47;0.00:00:54:704;1.00;-0.01;0.00;0.07723;0.0769;-0.0005539;3.33E-05;-0.21;0.01;99.58;0.04;99.58;0.07723;0.0769;0.0003271;-11.122;-11.141;-34.853;1.00;176.56;
2025-11-24 18:30:22.52;0.00:00:54:750;1.00;-0.01;0.00;0.07704;0.07675;-0.0005286;3.826E-05;-0.20;0.01;99.62;0.05;99.62;0.07704;0.07675;0.0002889;-11.133;-11.149;-35.392;1.00;175.86;
2025-11-24 18:30:22.57;0.00:00:54:798;1.00;-0.01;0.00;0.07716;0.07686;-0.0004453;3.779E-06;-0.17;0.00;99.61;0.00;99.61;0.07716;0.07686;0.0002994;-11.126;-11.143;-35.238;1.00;179.51;
2025-11-24 18:30:22.61;0.00:00:54:845;1.00;-0.01;0.00;0.07734;0.07698;-0.0004872;2.426E-06;-0.18;0.00;99.55;0.00;99.55;0.07734;0.07699;0.0003501;-11.116;-11.136;-34.558;1.00;179.71;
2025-11-24 18:30:22.68;0.00:00:54:909;1.00;-0.01;0.00;0.0775;0.07722;-0.000497;1.901E-05;-0.18;0.01;99.64;0.02;99.64;0.0775;0.07722;0.0002817;-11.107;-11.123;-35.503;1.00;177.81;
2025-11-24 18:30:22.73;0.00:00:54:960;1.00;-0.01;0.00;0.07754;0.07721;-0.0005357;1.994E-05;-0.20;0.01;99.57;0.03;99.57;0.07754;0.07721;0.0003299;-11.105;-11.123;-34.817;1.00;177.87;
2025-11-24 18:30:22.78;0.00:00:55:012;1.00;-0.01;0.00;0.07737;0.07711;-0.0005658;1.559E-05;-0.21;0.01;99.66;0.02;99.66;0.07737;0.07711;0.0002652;-11.114;-11.129;-35.764;1.00;178.42;
2025-11-24 18:30:22.83;0.00:00:55:063;1.00;-0.01;0.00;0.07716;0.07693;-0.0006093;2.818E-05;-0.23;0.01;99.70;0.04;99.70;0.07716;0.07693;0.0002333;-11.126;-11.139;-36.322;1.00;177.35;
2025-11-24 18:30:22.88;0.00:00:55:114;1.00;-0.01;0.00;0.0768;0.07648;-0.0005099;1.239E-05;-0.19;0.00;99.58;0.02;99.58;0.0768;0.07648;0.0003223;-11.146;-11.164;-34.917;1.00;178.61;
2025-11-24 18:30:22.93;0.00:00:55:165;1.00;-0.01;0.00;0.07695;0.07661;-0.0004726;4.113E-05;-0.18;0.02;99.57;0.05;99.57;0.07695;0.07661;0.0003343;-11.138;-11.157;-34.758;1.00;175.03;
2025-11-24 18:30:22.98;0.00:00:55:216;1.00;-0.01;0.00;0.07714;0.07681;-0.0004457;2.059E-05;-0.17;0.01;99.58;0.03;99.58;0.07714;0.07681;0.0003277;-11.127;-11.146;-34.845;1.00;177.35;
2025-11-24 18:30:23.04;0.00:00:55:277;1.00;-0.01;0.00;0.07741;0.07698;-0.0005686;3.657E-05;-0.21;0.01;99.45;0.05;99.45;0.07741;0.07698;0.0004274;-11.112;-11.136;-33.691;1.00;176.32;
2025-11-24 18:30:23.09;0.00:00:55:319;1.00;-0.01;0.00;0.07724;0.0769;-0.0005545;2.113E-05;-0.21;0.01;99.56;0.03;99.56;0.07724;0.0769;0.0003398;-11.122;-11.141;-34.688;1.00;177.82;
2025-11-24 18:30:23.15;0.00:00:55:379;1.00;-0.01;0.00;0.07734;0.07698;-0.0005467;3.132E-05;-0.20;0.01;99.55;0.04;99.55;0.07734;0.07699;0.0003495;-11.116;-11.136;-34.565;1.00;176.72;
2025-11-24 18:30:23.20;0.00:00:55:431;1.00;-0.01;0.00;0.07723;0.07684;-0.0005222;4.123E-05;-0.19;0.02;99.50;0.05;99.50;0.07723;0.07684;0.0003861;-11.122;-11.144;-34.133;1.00;175.49;
2025-11-24 18:30:23.25;0.00:00:55:487;1.00;-0.01;0.00;0.07741;0.07701;-0.0004982;2.05E-06;-0.19;0.00;99.48;0.00;99.48;0.07741;0.07701;0.0004028;-11.112;-11.135;-33.949;1.00;179.76;
2025-11-24 18:30:23.31;0.00:00:55:543;1.00;-0.01;0.00;0.07708;0.07676;-0.0005187;2.168E-05;-0.19;0.01;99.59;0.03;99.59;0.07708;0.07677;0.0003185;-11.130;-11.148;-34.969;1.00;177.61;
2025-11-24 18:30:23.35;0.00:00:55:584;1.00;-0.01;0.00;0.07735;0.07696;-0.0004643;2.398E-05;-0.17;0.01;99.50;0.03;99.50;0.07735;0.07696;0.0003898;-11.115;-11.137;-34.092;1.00;177.04;
2025-11-24 18:30:23.40;0.00:00:55:635;1.00;-0.01;0.00;0.07742;0.07707;-0.0005481;1.149E-05;-0.20;0.00;99.56;0.01;99.56;0.07742;0.07708;0.0003407;-11.112;-11.131;-34.676;1.00;178.80;
2025-11-24 18:30:23.45;0.00:00:55:687;1.00;-0.01;0.00;0.0774;0.07708;-0.0004782;3.808E-05;-0.18;0.01;99.59;0.05;99.59;0.0774;0.07708;0.0003162;-11.113;-11.130;-35.001;1.00;175.45;
2025-11-24 18:30:23.51;0.00:00:55:739;1.00;-0.01;0.00;0.07744;0.07713;-0.0005277;2.48E-05;-0.20;0.01;99.60;0.03;99.60;0.07744;0.07713;0.0003131;-11.110;-11.128;-35.043;1.00;177.31;
2025-11-24 18:30:23.56;0.00:00:55:790;1.00;-0.01;0.00;0.07728;0.07695;-0.0005542;3.421E-05;-0.21;0.01;99.58;0.04;99.58;0.07728;0.07695;0.000328;-11.119;-11.138;-34.841;1.00;176.47;
2025-11-24 18:30:23.61;0.00:00:55:841;1.00;-0.01;0.00;0.07713;0.07683;-0.0004994;3.493E-05;-0.19;0.01;99.62;0.05;99.62;0.07713;0.07683;0.0002963;-11.128;-11.145;-35.282;1.00;176.00;
2025-11-24 18:30:23.66;0.00:00:55:892;1.00;-0.01;0.00;0.07746;0.07715;-0.000494;-1.075E-05;-0.18;0.00;99.59;0.01;99.59;0.07746;0.07715;0.0003139;-11.109;-11.127;-35.032;1.00;-178.75;
2025-11-24 18:30:23.71;0.00:00:55:943;1.00;-0.01;0.00;0.07714;0.07689;-0.0005876;3.98E-05;-0.22;0.01;99.68;0.05;99.68;0.07714;0.07689;0.0002498;-11.127;-11.141;-36.024;1.00;176.13;
2025-11-24 18:30:23.77;0.00:00:56:003;1.00;-0.01;0.00;0.07723;0.07683;-0.0004715;1.917E-05;-0.18;0.01;99.48;0.02;99.48;0.07723;0.07683;0.0004004;-11.122;-11.144;-33.975;1.00;177.67;
2025-11-24 18:30:23.82;0.00:00:56:052;1.00;-0.01;0.00;0.07736;0.07706;-0.000512;2.308E-05;-0.19;0.01;99.61;0.03;99.61;0.07736;0.07706;0.0003012;-11.115;-11.132;-35.212;1.00;177.42;
2025-11-24 18:30:23.87;0.00:00:56:106;1.00;-0.01;0.00;0.07728;0.07692;-0.0005628;4.994E-05;-0.21;0.02;99.55;0.06;99.55;0.07728;0.07692;0.0003512;-11.120;-11.139;-34.544;1.00;174.93;
2025-11-24 18:30:23.93;0.00:00:56:167;1.00;-0.01;0.00;0.07689;0.07663;-0.0005085;1.096E-05;-0.19;0.00;99.67;0.01;99.67;0.07689;0.07664;0.0002526;-11.141;-11.156;-35.976;1.00;178.77;
2025-11-24 18:30:23.99;0.00:00:56:218;1.00;-0.01;0.00;0.07726;0.07695;-0.0005559;3.668E-05;-0.21;0.01;99.61;0.05;99.61;0.07726;0.07696;0.0003041;-11.120;-11.138;-35.170;1.00;176.23;
2025-11-24 18:30:24.04;0.00:00:56:269;1.00;-0.01;0.00;0.07699;0.07671;-0.0004929;7.094E-06;-0.18;0.00;99.64;0.01;99.64;0.07699;0.07671;0.0002763;-11.136;-11.151;-35.586;1.00;179.18;
2025-11-24 18:30:24.09;0.00:00:56:321;1.00;-0.01;0.00;0.07752;0.0772;-0.0004923;2.956E-05;-0.18;0.01;99.60;0.04;99.60;0.07752;0.0772;0.0003112;-11.106;-11.124;-35.070;1.00;176.56;
2025-11-24 18:30:24.14;0.00:00:56:372;1.00;-0.01;0.00;0.07764;0.07727;-0.0004644;3.3E-05;-0.17;0.01;99.53;0.04;99.53;0.07764;0.07727;0.000367;-11.099;-11.120;-34.353;1.00;175.94;
2025-11-24 18:30:24.19;0.00:00:56:424;1.00;-0.01;0.00;0.07767;0.0773;-0.0005161;3.434E-05;-0.19;0.01;99.53;0.04;99.53;0.07767;0.0773;0.0003674;-11.098;-11.118;-34.348;1.00;176.19;
2025-11-24 18:30:24.24;0.00:00:56:476;1.00;-0.01;0.00;0.07772;0.07745;-0.0004817;2.117E-05;-0.18;0.01;99.65;0.03;99.65;0.07772;0.07745;0.0002723;-11.095;-11.110;-35.649;1.00;177.48;
2025-11-24 18:30:24.30;0.00:00:56:534;1.00;-0.01;0.00;0.07759;0.07724;-0.0005336;9.699E-06;-0.20;0.00;99.56;0.01;99.56;0.07759;0.07725;0.0003436;-11.102;-11.121;-34.640;1.00;178.96;
2025-11-24 18:30:24.36;0.00:00:56:589;1.00;-0.01;0.00;0.07758;0.07727;-0.0005033;1.933E-05;-0.19;0.01;99.61;0.02;99.61;0.07758;0.07727;0.0003023;-11.103;-11.120;-35.196;1.00;177.80;
2025-11-24 18:30:24.41;0.00:00:56:640;1.00;-0.01;0.00;0.07759;0.07725;-0.0005273;1.417E-05;-0.20;0.01;99.57;0.02;99.57;0.07759;0.07725;0.000331;-11.102;-11.121;-34.801;1.00;178.46;
2025-11-24 18:30:24.46;0.00:00:56:691;1.00;-0.01;0.00;0.07754;0.07721;-0.0005457;7.164E-06;-0.20;0.00;99.59;0.01;99.59;0.07754;0.07722;0.0003206;-11.105;-11.123;-34.941;1.00;179.25;
2025-11-24 18:30:24.52;0.00:00:56:752;1.00;-0.01;0.00;0.07786;0.07751;-0.0004826;3.242E-05;-0.18;0.01;99.55;0.04;99.55;0.07786;0.07751;0.0003488;-11.087;-11.106;-34.574;1.00;176.16;
2025-11-24 18:30:24.56;0.00:00:56:795;1.00;-0.01;0.00;0.07784;0.07755;-0.0005126;2.485E-05;-0.19;0.01;99.63;0.03;99.63;0.07784;0.07755;0.0002841;-11.088;-11.104;-35.465;1.00;177.22;
2025-11-24 18:30:24.62;0.00:00:56:857;1.00;-0.01;0.00;0.07747;0.07711;-0.0004962;-1.882E-06;-0.18;0.00;99.54;0.00;99.54;0.07747;0.07711;0.0003597;-11.108;-11.129;-34.440;1.00;-179.78;
2025-11-24 18:30:24.68;0.00:00:56:908;1.00;-0.01;0.00;0.0776;0.07725;-0.0005484;8.294E-06;-0.20;0.00;99.56;0.01;99.56;0.0776;0.07726;0.000345;-11.101;-11.121;-34.621;1.00;179.13;
2025-11-24 18:30:24.73;0.00:00:56:959;1.00;-0.01;0.00;0.07766;0.07729;-0.0005218;1.497E-05;-0.19;0.01;99.54;0.02;99.54;0.07766;0.0773;0.0003591;-11.098;-11.118;-34.448;1.00;178.36;
2025-11-24 18:30:24.78;0.00:00:57:009;1.00;-0.01;0.00;0.07743;0.07712;-0.000555;1.029E-05;-0.21;0.00;99.60;0.01;99.60;0.07743;0.07713;0.0003064;-11.111;-11.128;-35.137;1.00;178.94;
2025-11-24 18:30:24.83;0.00:00:57:061;1.00;-0.01;0.00;0.07713;0.07678;-0.0004719;1.765E-05;-0.18;0.01;99.55;0.02;99.55;0.07713;0.07678;0.0003468;-11.128;-11.147;-34.600;1.00;177.86;
2025-11-24 18:30:24.88;0.00:00:57:112;1.00;-0.01;0.00;0.07727;0.0769;-0.0004686;2.921E-05;-0.17;0.01;99.52;0.04;99.52;0.07727;0.0769;0.0003718;-11.120;-11.141;-34.297;1.00;176.43;
2025-11-24 18:30:24.93;0.00:00:57:163;1.00;-0.01;0.00;0.07732;0.07706;-0.0005121;2.738E-05;-0.19;0.01;99.66;0.04;99.66;0.07732;0.07706;0.0002657;-11.117;-11.132;-35.757;1.00;176.94;
2025-11-24 18:30:24.98;0.00:00:57:214;1.00;-0.01;0.00;0.07734;0.07703;-0.0005403;2.73E-05;-0.20;0.01;99.60;0.04;99.60;0.07734;0.07703;0.0003078;-11.116;-11.133;-35.118;1.00;177.11;
2025-11-24 18:30:25.03;0.00:00:57:265;1.00;-0.01;0.00;0.07723;0.07694;-0.0005326;3.847E-05;-0.20;0.01;99.63;0.05;99.63;0.07723;0.07694;0.0002878;-11.122;-11.138;-35.410;1.00;175.87;
2025-11-24 18:30:25.08;0.00:00:57:316;1.00;-0.01;0.00;0.07702;0.07672;-0.0005429;3.36E-05;-0.20;0.01;99.60;0.04;99.60;0.07702;0.07672;0.0003047;-11.134;-11.151;-35.162;1.00;176.46;
2025-11-24 18:30:25.13;0.00:00:57:367;1.00;-0.01;0.00;0.07724;0.07693;-0.0004514;1.341E-05;-0.17;0.00;99.61;0.02;99.61;0.07724;0.07694;0.0002998;-11.122;-11.139;-35.232;1.00;178.30;
2025-11-24 18:30:25.19;0.00:00:57:418;1.00;-0.01;0.00;0.07735;0.07702;-0.0005388;2.552E-05;-0.20;0.01;99.58;0.03;99.58;0.07735;0.07702;0.0003231;-11.116;-11.134;-34.906;1.00;177.29;
2025-11-24 18:30:25.25;0.00:00:57:479;1.00;-0.01;0.00;0.07726;0.07691;-0.0005296;1.159E-05;-0.20;0.00;99.55;0.02;99.55;0.07726;0.07691;0.0003502;-11.120;-11.140;-34.557;1.00;178.75;
2025-11-24 18:30:25.30;0.00:00:57:530;1.00;-0.01;0.00;0.07724;0.07691;-0.0005091;3.447E-05;-0.19;0.01;99.58;0.04;99.58;0.07724;0.07691;0.0003253;-11.122;-11.140;-34.877;1.00;176.13;
2025-11-24 18:30:25.35;0.00:00:57:582;1.00;-0.01;0.00;0.07721;0.07686;-0.0004896;1.301E-05;-0.18;0.00;99.54;0.02;99.54;0.07721;0.07686;0.0003521;-11.123;-11.143;-34.533;1.00;178.48;
2025-11-24 18:30:25.40;0.00:00:57:633;1.00;-0.01;0.00;0.07738;0.07703;-0.0005133;1.369E-05;-0.19;0.01;99.55;0.02;99.55;0.07738;0.07703;0.0003493;-11.114;-11.134;-34.568;1.00;178.47;
2025-11-24 18:30:25.45;0.00:00:57:686;1.00;-0.01;0.00;0.07739;0.07702;-0.0005539;1.813E-05;-0.21;0.01;99.51;0.02;99.51;0.07739;0.07702;0.000376;-11.113;-11.134;-34.248;1.00;178.12;
2025-11-24 18:30:25.51;0.00:00:57:743;1.00;-0.01;0.00;0.07691;0.07662;-0.0006308;3.805E-05;-0.24;0.01;99.63;0.05;99.63;0.07691;0.07662;0.0002815;-11.140;-11.156;-35.505;1.00;176.55;
2025-11-24 18:30:25.56;0.00:00:57:794;1.00;-0.01;0.00;0.07676;0.07642;-0.0004912;1.854E-05;-0.18;0.01;99.57;0.02;99.57;0.07676;0.07642;0.0003334;-11.149;-11.168;-34.771;1.00;177.84;
2025-11-24 18:30:25.61;0.00:00:57:845;1.00;-0.01;0.00;0.07696;0.07662;-0.0004826;1.554E-05;-0.18;0.01;99.56;0.02;99.56;0.07696;0.07662;0.0003366;-11.137;-11.157;-34.729;1.00;178.16;
2025-11-24 18:30:25.66;0.00:00:57:897;1.00;-0.01;0.00;0.07727;0.07691;-0.0004927;3.524E-05;-0.18;0.01;99.54;0.05;99.54;0.07727;0.07692;0.0003564;-11.120;-11.140;-34.480;1.00;175.91;
2025-11-24 18:30:25.71;0.00:00:57:947;1.00;-0.01;0.00;0.07737;0.07695;-0.0005038;1.715E-05;-0.19;0.01;99.46;0.02;99.46;0.07737;0.07695;0.0004177;-11.114;-11.138;-33.791;1.00;178.05;
2025-11-24 18:30:25.77;0.00:00:57:999;1.00;-0.01;0.00;0.07755;0.0772;-0.0005171;2.579E-05;-0.19;0.01;99.55;0.03;99.55;0.07755;0.0772;0.0003517;-11.104;-11.124;-34.539;1.00;177.14;
2025-11-24 18:30:25.82;0.00:00:58:051;1.00;-0.01;0.00;0.07757;0.07721;-0.0005258;2.413E-05;-0.20;0.01;99.54;0.03;99.54;0.07757;0.07721;0.000356;-11.103;-11.123;-34.485;1.00;177.37;
2025-11-24 18:30:25.87;0.00:00:58:102;1.00;-0.01;0.00;0.07744;0.07712;-0.0005513;1.341E-05;-0.20;0.00;99.59;0.02;99.59;0.07744;0.07712;0.0003189;-11.110;-11.128;-34.963;1.00;178.61;
2025-11-24 18:30:25.92;0.00:00:58:153;1.00;-0.01;0.00;0.07735;0.07702;-0.0005549;9.23E-06;-0.21;0.00;99.58;0.01;99.58;0.07735;0.07702;0.0003236;-11.116;-11.134;-34.900;1.00;179.05;
2025-11-24 18:30:25.97;0.00:00:58:205;1.00;-0.01;0.00;0.0772;0.07689;-0.000479;2.016E-05;-0.18;0.01;99.59;0.03;99.59;0.0772;0.07689;0.0003155;-11.124;-11.141;-35.010;1.00;177.59;
2025-11-24 18:30:26.02;0.00:00:58:248;1.00;-0.01;0.00;0.07726;0.07692;-0.0004695;2.364E-05;-0.17;0.01;99.56;0.03;99.56;0.07726;0.07692;0.0003395;-11.120;-11.139;-34.692;1.00;177.12;
2025-11-24 18:30:26.06;0.00:00:58:297;1.00;-0.01;0.00;0.07708;0.07683;-0.0004684;4.942E-06;-0.17;0.00;99.68;0.01;99.68;0.07708;0.07683;0.0002472;-11.131;-11.145;-36.070;1.00;179.40;
2025-11-24 18:30:26.12;0.00:00:58:353;1.00;-0.01;0.00;0.07719;0.07684;-0.0005207;2.407E-06;-0.19;0.00;99.55;0.00;99.55;0.07719;0.07684;0.0003507;-11.124;-11.144;-34.550;1.00;179.74;
2025-11-24 18:30:26.18;0.00:00:58:409;1.00;-0.01;0.00;0.07706;0.07681;-0.0005153;3.891E-05;-0.19;0.01;99.68;0.05;99.68;0.07706;0.07681;0.0002469;-11.132;-11.146;-36.075;1.00;175.68;
2025-11-24 18:30:26.24;0.00:00:58:470;1.00;-0.01;0.00;0.07665;0.07637;-0.0006295;3.643E-05;-0.24;0.01;99.64;0.05;99.64;0.07665;0.07637;0.000275;-11.155;-11.171;-35.607;1.00;176.69;
2025-11-24 18:30:26.30;0.00:00:58:531;1.00;-0.01;0.00;0.07675;0.07642;-0.0004397;2.573E-06;-0.16;0.00;99.57;0.00;99.57;0.07675;0.07642;0.0003286;-11.149;-11.168;-34.833;1.00;179.66;
2025-11-24 18:30:26.36;0.00:00:58:592;1.00;-0.01;0.00;0.07722;0.07683;-0.0004224;4.923E-06;-0.16;0.00;99.49;0.01;99.49;0.07722;0.07683;0.0003915;-11.123;-11.145;-34.072;1.00;179.33;
2025-11-24 18:30:26.41;0.00:00:58:644;1.00;-0.01;0.00;0.07756;0.07717;-0.0005528;1.924E-05;-0.21;0.01;99.51;0.02;99.51;0.07756;0.07718;0.0003796;-11.104;-11.125;-34.207;1.00;178.01;
2025-11-24 18:30:26.46;0.00:00:58:695;1.00;-0.01;0.00;0.0774;0.07707;-0.000549;1.694E-05;-0.20;0.01;99.58;0.02;99.58;0.0774;0.07707;0.0003261;-11.113;-11.131;-34.866;1.00;178.23;
2025-11-24 18:30:26.52;0.00:00:58:753;1.00;-0.01;0.00;0.07723;0.07694;-0.0005156;3.637E-05;-0.19;0.01;99.63;0.05;99.63;0.07723;0.07694;0.0002883;-11.122;-11.138;-35.401;1.00;175.96;
2025-11-24 18:30:26.58;0.00:00:58:817;1.00;-0.01;0.00;0.07722;0.07687;-0.0004861;2.114E-05;-0.18;0.01;99.55;0.03;99.55;0.07722;0.07687;0.0003442;-11.123;-11.142;-34.631;1.00;177.51;
2025-11-24 18:30:26.63;0.00:00:58:864;1.00;-0.01;0.00;0.07729;0.07699;-0.0005042;1.678E-06;-0.19;0.00;99.62;0.00;99.62;0.07729;0.07699;0.0002948;-11.119;-11.136;-35.305;1.00;179.81;
2025-11-24 18:30:26.68;0.00:00:58:912;1.00;-0.01;0.00;0.07733;0.07695;-0.0004785;2.453E-05;-0.18;0.01;99.51;0.03;99.51;0.07733;0.07695;0.0003789;-11.117;-11.138;-34.214;1.00;177.06;
2025-11-24 18:30:26.73;0.00:00:58:958;1.00;-0.01;0.00;0.07723;0.07701;-0.0004978;4.43E-05;-0.19;0.02;99.72;0.06;99.72;0.07723;0.07701;0.0002175;-11.122;-11.134;-36.625;1.00;174.91;
2025-11-24 18:30:26.77;0.00:00:59:004;1.00;-0.01;0.00;0.07709;0.07686;-0.0005476;2.669E-05;-0.20;0.01;99.70;0.03;99.70;0.07709;0.07686;0.0002292;-11.130;-11.143;-36.397;1.00;177.21;
2025-11-24 18:30:26.82;0.00:00:59:051;1.00;-0.01;0.00;0.07706;0.0767;-0.0004915;1.303E-05;-0.18;0.00;99.54;0.02;99.54;0.07706;0.07671;0.0003509;-11.132;-11.152;-34.549;1.00;178.48;
2025-11-24 18:30:26.87;0.00:00:59:099;1.00;-0.01;0.00;0.07723;0.07686;-0.0004501;1.246E-05;-0.17;0.00;99.52;0.02;99.52;0.07723;0.07686;0.000369;-11.122;-11.143;-34.329;1.00;178.41;
2025-11-24 18:30:26.91;0.00:00:59:146;1.00;-0.01;0.00;0.07722;0.07691;-0.0005077;2.942E-05;-0.19;0.01;99.60;0.04;99.60;0.07722;0.07691;0.0003058;-11.123;-11.140;-35.146;1.00;176.68;
2025-11-24 18:30:26.96;0.00:00:59:195;1.00;-0.01;0.00;0.07706;0.07674;-0.0005439;4.515E-05;-0.20;0.02;99.59;0.06;99.59;0.07706;0.07674;0.0003162;-11.132;-11.150;-35.000;1.00;175.25;
2025-11-24 18:30:27.02;0.00:00:59:255;1.00;-0.01;0.00;0.07736;0.07697;-0.0004659;2.638E-05;-0.17;0.01;99.50;0.03;99.50;0.07736;0.07697;0.0003898;-11.115;-11.137;-34.091;1.00;176.76;
2025-11-24 18:30:27.07;0.00:00:59:301;1.00;-0.01;0.00;0.07754;0.07717;-0.0004982;1.269E-05;-0.18;0.00;99.53;0.02;99.53;0.07754;0.07717;0.0003636;-11.105;-11.125;-34.394;1.00;178.54;
2025-11-24 18:30:27.12;0.00:00:59:348;1.00;-0.01;0.00;0.07745;0.07712;-0.0005314;2.415E-05;-0.20;0.01;99.58;0.03;99.58;0.07745;0.07712;0.0003217;-11.110;-11.128;-34.925;1.00;177.40;
2025-11-24 18:30:27.16;0.00:00:59:394;1.00;-0.01;0.00;0.07742;0.07707;-0.0004929;1.27E-05;-0.18;0.00;99.55;0.02;99.55;0.07742;0.07707;0.0003474;-11.112;-11.131;-34.591;1.00;178.52;
2025-11-24 18:30:27.21;0.00:00:59:441;1.00;-0.01;0.00;0.07769;0.07739;-0.0005187;2.549E-05;-0.19;0.01;99.62;0.03;99.62;0.07769;0.07739;0.0002954;-11.097;-11.113;-35.296;1.00;177.19;
2025-11-24 18:30:27.26;0.00:00:59:489;1.00;-0.01;0.00;0.07769;0.07736;-0.0004867;3.049E-05;-0.18;0.01;99.57;0.04;99.57;0.07769;0.07736;0.0003306;-11.096;-11.115;-34.807;1.00;176.42;
2025-11-24 18:30:27.30;0.00:00:59:536;1.00;-0.01;0.00;0.07746;0.07717;-0.0005305;1.45E-05;-0.20;0.01;99.63;0.02;99.63;0.07746;0.07717;0.0002867;-11.109;-11.125;-35.425;1.00;178.43;
2025-11-24 18:30:27.35;0.00:00:59:582;1.00;-0.01;0.00;0.07756;0.07724;-0.0004736;2.641E-05;-0.18;0.01;99.60;0.03;99.60;0.07756;0.07725;0.0003137;-11.104;-11.121;-35.035;1.00;176.81;
2025-11-24 18:30:27.40;0.00:00:59:630;1.00;-0.01;0.00;0.07754;0.07718;-0.0005266;3.719E-05;-0.20;0.01;99.54;0.05;99.54;0.07754;0.07718;0.0003552;-11.105;-11.125;-34.495;1.00;175.96;
2025-11-24 18:30:27.44;0.00:00:59:677;1.00;-0.01;0.00;0.0775;0.07714;-0.0005306;2.293E-05;-0.20;0.01;99.54;0.03;99.54;0.0775;0.07715;0.0003541;-11.107;-11.127;-34.509;1.00;177.53;
2025-11-24 18:30:27.49;0.00:00:59:724;1.00;-0.01;0.00;0.07744;0.07713;-0.0005328;4.462E-06;-0.20;0.00;99.61;0.01;99.61;0.07744;0.07713;0.0003048;-11.110;-11.127;-35.159;1.00;179.52;
2025-11-24 18:30:27.54;0.00:00:59:770;1.00;-0.01;0.00;0.07758;0.07717;-0.0005038;4.695E-07;-0.19;0.00;99.47;0.00;99.47;0.07758;0.07717;0.0004076;-11.103;-11.126;-33.898;1.00;179.95;
2025-11-24 18:30:27.58;0.00:00:59:816;1.00;-0.01;0.00;0.07751;0.07718;-0.0004855;1.197E-05;-0.18;0.00;99.57;0.02;99.57;0.07751;0.07718;0.0003349;-11.106;-11.125;-34.750;1.00;178.59;
2025-11-24 18:30:27.63;0.00:00:59:863;1.00;-0.01;0.00;0.07759;0.07727;-0.0005068;2.349E-05;-0.19;0.01;99.60;0.03;99.60;0.07759;0.07728;0.0003114;-11.102;-11.120;-35.066;1.00;177.35;
2025-11-24 18:30:27.68;0.00:00:59:909;1.00;-0.01;0.00;0.07746;0.07713;-0.0005319;1.273E-05;-0.20;0.00;99.58;0.02;99.58;0.07746;0.07713;0.0003236;-11.109;-11.128;-34.900;1.00;178.63;
2025-11-24 18:30:27.73;0.00:00:59:962;1.00;-0.01;0.00;0.07719;0.0769;-0.000538;5.333E-05;-0.20;0.02;99.64;0.07;99.64;0.07719;0.07691;0.0002808;-11.125;-11.140;-35.516;1.00;174.34;
