Device : ;PAX1000IR1
Serial Number : ;M00974113
Firmware Version : ;1.0.13
Software Version : ;1.4.2002.183
Wavelength [nm] : ;780
Basic Sample Rate [Hz] : ;60
Operating Mode : ;1 revolution for one measurement, 1024 points for FFT

Time[date hh:mm:ss] ; Elapsed Time [hh:mm:ss:ms]; Normalized s 1 ; Normalized s 2 ; Normalized s 3 ; S 0 [mW]; S 1 [mW]; S 2 [mW]; S 3 [mW]; Azimuth[°] ; Ellipticity[°] ; DOP[%] ; DOCP[%] ; DOLP[%] ; Power[mW] ; Pol Power[mW] ; Unpol Power[mW] ; Power[dBm] ; Pol Power[dBm] ; Unpol Power[dBm] ; Power-Split-Ratio ; Phase Difference[°] ; Warning
2025-10-30 18:20:58.47;0.00:00:00:047;-1.00;0.00;-0.01;0.07422;-0.07426;-1.832E-05;-0.0004902;-89.99;-0.19;100.05;0.66;100.05;0.07422;0.07426;-3.919E-05;-11.295;-11.293;-99.990;0.00;-92.14;
2025-10-30 18:20:58.53;0.00:00:00:109;-1.00;0.00;-0.01;0.07423;-0.07427;-6.733E-06;-0.000491;-90.00;-0.19;100.05;0.66;100.05;0.07423;0.07427;-4.075E-05;-11.294;-11.292;-99.990;0.00;-90.78;
2025-10-30 18:20:58.58;0.00:00:00:161;-1.00;0.00;-0.01;0.07427;-0.07431;-9.263E-06;-0.0004863;-90.00;-0.19;100.06;0.65;100.05;0.07427;0.07431;-4.107E-05;-11.292;-11.289;-99.990;0.00;-91.09;
2025-10-30 18:20:58.63;0.00:00:00:212;-1.00;0.00;-0.01;0.07428;-0.07432;-1.09E-05;-0.0004931;-90.00;-0.19;100.06;0.66;100.05;0.07428;0.07432;-4.212E-05;-11.291;-11.289;-99.990;0.00;-91.27;
2025-10-30 18:20:58.68;0.00:00:00:259;-1.00;0.00;-0.01;0.07426;-0.0743;-1.387E-05;-0.0004898;-89.99;-0.19;100.05;0.66;100.05;0.07426;0.0743;-3.965E-05;-11.293;-11.290;-99.990;0.00;-91.62;
2025-10-30 18:20:58.73;0.00:00:00:311;-1.00;0.00;-0.01;0.07425;-0.07429;-8.22E-06;-0.0004918;-90.00;-0.19;100.05;0.66;100.05;0.07425;0.07429;-4.069E-05;-11.293;-11.291;-99.990;0.00;-90.96;
2025-10-30 18:20:58.79;0.00:00:00:364;-1.00;0.00;-0.01;0.07421;-0.07425;-9.701E-06;-0.0004874;-90.00;-0.19;100.06;0.66;100.05;0.07421;0.07425;-4.089E-05;-11.296;-11.293;-99.990;0.00;-91.14;
2025-10-30 18:20:58.83;0.00:00:00:409;-1.00;0.00;-0.01;0.07422;-0.07426;-9.405E-06;-0.0004943;-90.00;-0.19;100.06;0.67;100.05;0.07422;0.07426;-4.141E-05;-11.295;-11.293;-99.990;0.00;-91.09;
2025-10-30 18:20:58.88;0.00:00:00:461;-1.00;0.00;-0.01;0.07422;-0.07426;-9.108E-06;-0.0004981;-90.00;-0.19;100.05;0.67;100.05;0.07422;0.07426;-4.03E-05;-11.295;-11.293;-99.990;0.00;-91.05;
2025-10-30 18:20:58.94;0.00:00:00:516;-1.00;0.00;-0.01;0.0742;-0.07424;1.088E-06;-0.0004891;90.00;-0.19;100.05;0.66;100.05;0.0742;0.07424;-4.037E-05;-11.296;-11.294;-99.990;0.00;-89.87;
2025-10-30 18:20:58.99;0.00:00:00:565;-1.00;0.00;-0.01;0.07421;-0.07425;-2.084E-05;-0.0004941;-89.99;-0.19;100.06;0.67;100.05;0.07421;0.07425;-4.171E-05;-11.295;-11.293;-99.990;0.00;-92.42;
2025-10-30 18:20:59.03;0.00:00:00:611;-1.00;0.00;-0.01;0.07419;-0.07423;-1.148E-05;-0.0004898;-90.00;-0.19;100.05;0.66;100.05;0.07419;0.07423;-3.955E-05;-11.296;-11.294;-99.990;0.00;-91.34;
2025-10-30 18:20:59.08;0.00:00:00:658;-1.00;0.00;-0.01;0.07419;-0.07423;-2.157E-05;-0.0004965;-89.99;-0.19;100.06;0.67;100.05;0.07419;0.07423;-4.14E-05;-11.297;-11.294;-99.990;0.00;-92.49;
2025-10-30 18:20:59.13;0.00:00:00:711;-1.00;0.00;-0.01;0.07423;-0.07427;-5.247E-06;-0.0004942;-90.00;-0.19;100.06;0.67;100.05;0.07423;0.07427;-4.246E-05;-11.294;-11.292;-99.990;0.00;-90.61;
2025-10-30 18:20:59.19;0.00:00:00:765;-1.00;0.00;-0.01;0.07424;-0.07427;3.456E-07;-0.0004939;90.00;-0.19;100.05;0.67;100.05;0.07424;0.07427;-3.883E-05;-11.294;-11.292;-99.990;0.00;-89.96;
2025-10-30 18:20:59.23;0.00:00:00:812;-1.00;0.00;-0.01;0.07427;-0.07431;-1.58E-05;-0.0004852;-89.99;-0.19;100.05;0.65;100.05;0.07427;0.07431;-4.077E-05;-11.292;-11.289;-99.990;0.00;-91.87;
2025-10-30 18:20:59.29;0.00:00:00:864;-1.00;0.00;-0.01;0.07426;-0.0743;-1.476E-05;-0.0004935;-89.99;-0.19;100.06;0.66;100.05;0.07426;0.0743;-4.114E-05;-11.293;-11.290;-99.990;0.00;-91.71;
2025-10-30 18:20:59.34;0.00:00:00:920;-1.00;0.00;-0.01;0.07428;-0.07432;-1.476E-05;-0.0004941;-89.99;-0.19;100.05;0.67;100.05;0.07428;0.07432;-4.056E-05;-11.291;-11.289;-99.990;0.00;-91.71;
2025-10-30 18:20:59.39;0.00:00:00:971;-1.00;0.00;-0.01;0.07429;-0.07433;-8.671E-06;-0.0004918;-90.00;-0.19;100.06;0.66;100.05;0.07429;0.07433;-4.101E-05;-11.291;-11.288;-99.990;0.00;-91.01;
2025-10-30 18:20:59.45;0.00:00:01:025;-1.00;0.00;-0.01;0.07432;-0.07435;-1.908E-05;-0.0004957;-89.99;-0.19;100.05;0.67;100.05;0.07432;0.07436;-3.924E-05;-11.289;-11.287;-99.990;0.00;-92.21;
2025-10-30 18:20:59.49;0.00:00:01:072;-1.00;0.00;-0.01;0.07427;-0.07431;-1.283E-05;-0.0004899;-90.00;-0.19;100.06;0.66;100.05;0.07427;0.07432;-4.204E-05;-11.292;-11.289;-99.990;0.00;-91.50;
2025-10-30 18:20:59.55;0.00:00:01:123;-1.00;0.00;-0.01;0.07425;-0.07429;-1.907E-05;-0.0004971;-89.99;-0.19;100.05;0.67;100.05;0.07425;0.07429;-3.995E-05;-11.293;-11.291;-99.990;0.00;-92.20;
2025-10-30 18:20:59.60;0.00:00:01:173;-1.00;0.00;-0.01;0.07429;-0.07433;-2.042E-05;-0.0004901;-89.99;-0.19;100.05;0.66;100.05;0.07429;0.07433;-4.049E-05;-11.291;-11.288;-99.990;0.00;-92.38;
2025-10-30 18:20:59.65;0.00:00:01:226;-1.00;0.00;-0.01;0.07432;-0.07436;-1.477E-05;-0.0004931;-89.99;-0.19;100.05;0.66;100.05;0.07432;0.07436;-3.939E-05;-11.289;-11.287;-99.990;0.00;-91.72;
2025-10-30 18:20:59.70;0.00:00:01:273;-1.00;0.00;-0.01;0.07427;-0.07431;-1.937E-05;-0.000494;-89.99;-0.19;100.05;0.67;100.05;0.07427;0.07431;-4.026E-05;-11.292;-11.289;-99.990;0.00;-92.25;
2025-10-30 18:20:59.74;0.00:00:01:319;-1.00;0.00;-0.01;0.07425;-0.07429;-1.535E-05;-0.0004941;-89.99;-0.19;100.05;0.67;100.05;0.07425;0.07429;-3.943E-05;-11.293;-11.291;-99.990;0.00;-91.78;
2025-10-30 18:20:59.79;0.00:00:01:369;-1.00;0.00;-0.01;0.07425;-0.07429;-8.221E-06;-0.0004853;-90.00;-0.19;100.06;0.65;100.05;0.07425;0.0743;-4.203E-05;-11.293;-11.290;-99.990;0.00;-90.97;
2025-10-30 18:20:59.85;0.00:00:01:423;-1.00;0.00;-0.01;0.07424;-0.07428;-1.074E-05;-0.0004974;-90.00;-0.19;100.05;0.67;100.05;0.07424;0.07428;-4.068E-05;-11.294;-11.291;-99.990;0.00;-91.24;
2025-10-30 18:20:59.89;0.00:00:01:471;-1.00;0.00;-0.01;0.07425;-0.07428;-1.431E-05;-0.0004904;-89.99;-0.19;100.05;0.66;100.05;0.07425;0.07428;-3.89E-05;-11.293;-11.291;-99.990;0.00;-91.67;
2025-10-30 18:20:59.95;0.00:00:01:523;-1.00;0.00;-0.01;0.07418;-0.07422;-5.689E-06;-0.0004982;-90.00;-0.19;100.06;0.67;100.05;0.07418;0.07422;-4.214E-05;-11.297;-11.295;-99.990;0.00;-90.65;
2025-10-30 18:21:00.00;0.00:00:01:575;-1.00;0.00;-0.01;0.07423;-0.07427;-1.297E-05;-0.0004959;-89.99;-0.19;100.06;0.67;100.05;0.07423;0.07427;-4.142E-05;-11.294;-11.292;-99.990;0.00;-91.50;
2025-10-30 18:21:00.05;0.00:00:01:625;-1.00;0.00;-0.01;0.07425;-0.07429;-1.208E-05;-0.0004938;-90.00;-0.19;100.06;0.67;100.05;0.07425;0.07429;-4.24E-05;-11.293;-11.291;-99.990;0.00;-91.40;
2025-10-30 18:21:00.10;0.00:00:01:682;-1.00;0.00;-0.01;0.07427;-0.07431;-1.67E-05;-0.0004919;-89.99;-0.19;100.06;0.66;100.05;0.07427;0.07432;-4.219E-05;-11.292;-11.289;-99.990;0.00;-91.94;
2025-10-30 18:21:00.15;0.00:00:01:732;-1.00;0.00;-0.01;0.07426;-0.0743;-4.655E-06;-0.0004878;-90.00;-0.19;100.05;0.66;100.05;0.07426;0.0743;-4.055E-05;-11.292;-11.290;-99.990;0.00;-90.55;
2025-10-30 18:21:00.20;0.00:00:01:777;-1.00;0.00;-0.01;0.07425;-0.07429;-1.268E-05;-0.0004936;-90.00;-0.19;100.06;0.66;100.05;0.07425;0.0743;-4.136E-05;-11.293;-11.290;-99.990;0.00;-91.47;
2025-10-30 18:21:00.25;0.00:00:01:830;-1.00;0.00;-0.01;0.07424;-0.07428;-2.025E-05;-0.0004922;-89.99;-0.19;100.06;0.66;100.06;0.07424;0.07428;-4.269E-05;-11.294;-11.291;-99.990;0.00;-92.36;
2025-10-30 18:21:00.30;0.00:00:01:882;-1.00;0.00;-0.01;0.07423;-0.07428;-1.015E-05;-0.0004899;-90.00;-0.19;100.06;0.66;100.06;0.07423;0.07428;-4.372E-05;-11.294;-11.291;-99.990;0.00;-91.19;
2025-10-30 18:21:00.35;0.00:00:01:928;-1.00;0.00;-0.01;0.07427;-0.07431;-2.145E-05;-0.0004902;-89.99;-0.19;100.05;0.66;100.05;0.07427;0.07431;-3.959E-05;-11.292;-11.290;-99.990;0.00;-92.51;
2025-10-30 18:21:00.40;0.00:00:01:976;-1.00;0.00;-0.01;0.07426;-0.0743;-2.457E-05;-0.0004937;-89.99;-0.19;100.06;0.66;100.05;0.07426;0.0743;-4.144E-05;-11.292;-11.290;-99.990;0.00;-92.85;
2025-10-30 18:21:00.45;0.00:00:02:030;-1.00;0.00;-0.01;0.07426;-0.0743;-4.061E-06;-0.0004845;-90.00;-0.19;100.06;0.65;100.05;0.07426;0.07431;-4.24E-05;-11.292;-11.290;-99.990;0.00;-90.48;
2025-10-30 18:21:00.50;0.00:00:02:081;-1.00;0.00;-0.01;0.07427;-0.07431;-1.075E-05;-0.0004926;-90.00;-0.19;100.05;0.66;100.05;0.07427;0.07431;-3.803E-05;-11.292;-11.289;-99.990;0.00;-91.25;
2025-10-30 18:21:00.56;0.00:00:02:132;-1.00;0.00;-0.01;0.07424;-0.07428;-2.53E-05;-0.0004942;-89.99;-0.19;100.06;0.67;100.05;0.07424;0.07428;-4.083E-05;-11.294;-11.291;-99.990;0.00;-92.93;
2025-10-30 18:21:00.61;0.00:00:02:184;-1.00;0.00;-0.01;0.07424;-0.07428;-1.728E-05;-0.0004858;-89.99;-0.19;100.06;0.65;100.05;0.07424;0.07428;-4.128E-05;-11.294;-11.291;-99.990;0.00;-92.04;
2025-10-30 18:21:00.66;0.00:00:02:236;-1.00;0.00;-0.01;0.07425;-0.07429;-6.586E-06;-0.0004926;-90.00;-0.19;100.05;0.66;100.05;0.07425;0.07429;-4.025E-05;-11.293;-11.290;-99.990;0.00;-90.77;
2025-10-30 18:21:00.71;0.00:00:02:285;-1.00;0.00;-0.01;0.07424;-0.07428;-1.921E-05;-0.0004973;-89.99;-0.19;100.06;0.67;100.06;0.07424;0.07428;-4.276E-05;-11.294;-11.291;-99.990;0.00;-92.21;
2025-10-30 18:21:00.76;0.00:00:02:332;-1.00;0.00;-0.01;0.0742;-0.07423;-1.356E-05;-0.0004911;-89.99;-0.19;100.05;0.66;100.05;0.0742;0.07424;-3.955E-05;-11.296;-11.294;-99.990;0.00;-91.58;
2025-10-30 18:21:00.81;0.00:00:02:385;-1.00;0.00;-0.01;0.07421;-0.07425;-2.87E-06;-0.0004896;-90.00;-0.19;100.06;0.66;100.05;0.07421;0.07425;-4.207E-05;-11.296;-11.293;-99.990;0.00;-90.34;
2025-10-30 18:21:00.86;0.00:00:02:439;-1.00;0.00;-0.01;0.07426;-0.0743;-2.129E-06;-0.0004886;-90.00;-0.19;100.05;0.66;100.05;0.07426;0.0743;-4.054E-05;-11.293;-11.290;-99.990;0.00;-90.25;
2025-10-30 18:21:00.91;0.00:00:02:490;-1.00;0.00;-0.01;0.07425;-0.07429;-2.338E-05;-0.0004944;-89.99;-0.19;100.05;0.67;100.05;0.07425;0.07429;-3.869E-05;-11.293;-11.291;-99.990;0.00;-92.71;
2025-10-30 18:21:00.96;0.00:00:02:539;-1.00;0.00;-0.01;0.07425;-0.07429;-3.466E-06;-0.0004917;-90.00;-0.19;100.05;0.66;100.05;0.07425;0.07429;-3.92E-05;-11.293;-11.291;-99.990;0.00;-90.40;
2025-10-30 18:21:01.01;0.00:00:02:590;-1.00;0.00;-0.01;0.07425;-0.07429;-1.401E-05;-0.0004943;-89.99;-0.19;100.06;0.67;100.05;0.07425;0.07429;-4.202E-05;-11.293;-11.291;-99.990;0.00;-91.62;
2025-10-30 18:21:01.06;0.00:00:02:634;-1.00;0.00;-0.01;0.07425;-0.07429;-1.386E-06;-0.0004884;-90.00;-0.19;100.06;0.66;100.05;0.07425;0.07429;-4.158E-05;-11.293;-11.291;-99.990;0.00;-90.16;
2025-10-30 18:21:01.11;0.00:00:02:684;-1.00;0.00;-0.01;0.07425;-0.0743;-1.431E-05;-0.0004904;-89.99;-0.19;100.06;0.66;100.06;0.07425;0.0743;-4.262E-05;-11.293;-11.290;-99.990;0.00;-91.67;
2025-10-30 18:21:01.16;0.00:00:02:738;-1.00;0.00;-0.01;0.0743;-0.07434;-6.888E-06;-0.0004906;-90.00;-0.19;100.06;0.66;100.06;0.0743;0.07435;-4.287E-05;-11.290;-11.287;-99.990;0.00;-90.80;
2025-10-30 18:21:01.21;0.00:00:02:789;-1.00;0.00;-0.01;0.07429;-0.07432;-2.264E-05;-0.000492;-89.99;-0.19;100.05;0.66;100.05;0.07429;0.07433;-4.078E-05;-11.291;-11.289;-99.990;0.00;-92.64;
2025-10-30 18:21:01.26;0.00:00:02:841;-1.00;0.00;-0.01;0.07426;-0.0743;-1.907E-05;-0.0004905;-89.99;-0.19;100.05;0.66;100.05;0.07426;0.0743;-4.025E-05;-11.293;-11.290;-99.990;0.00;-92.23;
2025-10-30 18:21:01.31;0.00:00:02:889;-1.00;0.00;-0.01;0.07428;-0.07432;-1.149E-05;-0.0004979;-90.00;-0.19;100.06;0.67;100.05;0.07428;0.07433;-4.153E-05;-11.291;-11.289;-99.990;0.00;-91.32;
2025-10-30 18:21:01.36;0.00:00:02:934;-1.00;0.00;-0.01;0.07426;-0.0743;-1.892E-05;-0.0004907;-89.99;-0.19;100.06;0.66;100.05;0.07426;0.0743;-4.174E-05;-11.292;-11.290;-99.990;0.00;-92.21;
2025-10-30 18:21:01.41;0.00:00:02:984;-1.00;0.00;-0.01;0.07428;-0.07432;-8.372E-06;-0.0004933;-90.00;-0.19;100.06;0.66;100.06;0.07428;0.07432;-4.412E-05;-11.292;-11.289;-99.990;0.00;-90.97;
2025-10-30 18:21:01.46;0.00:00:03:037;-1.00;0.00;-0.01;0.07432;-0.07436;-1.507E-05;-0.0004907;-89.99;-0.19;100.06;0.66;100.05;0.07432;0.07436;-4.117E-05;-11.289;-11.287;-99.990;0.00;-91.76;
2025-10-30 18:21:01.51;0.00:00:03:087;-1.00;0.00;-0.01;0.07432;-0.07436;-1.973E-07;-0.0004963;-90.00;-0.19;100.05;0.67;100.05;0.07432;0.07437;-4.021E-05;-11.289;-11.286;-99.990;0.00;-90.02;
2025-10-30 18:21:01.57;0.00:00:03:144;-1.00;0.00;-0.01;0.07437;-0.07441;-2.103E-05;-0.0004989;-89.99;-0.19;100.05;0.67;100.05;0.07437;0.07441;-4.061E-05;-11.286;-11.284;-99.990;0.00;-92.41;
2025-10-30 18:21:01.61;0.00:00:03:191;-1.00;0.00;-0.01;0.07439;-0.07443;-4.812E-06;-0.0004971;-90.00;-0.19;100.05;0.67;100.05;0.07439;0.07443;-4.054E-05;-11.285;-11.282;-99.990;0.00;-90.56;
2025-10-30 18:21:01.67;0.00:00:03:243;-1.00;0.00;-0.01;0.07444;-0.07448;-1.599E-05;-0.0004915;-89.99;-0.19;100.05;0.66;100.05;0.07444;0.07448;-4.042E-05;-11.282;-11.279;-99.990;0.00;-91.86;
2025-10-30 18:21:01.71;0.00:00:03:290;-1.00;0.00;-0.01;0.07446;-0.0745;-8.69E-06;-0.0004999;-90.00;-0.19;100.05;0.67;100.05;0.07446;0.0745;-3.954E-05;-11.281;-11.279;-99.990;0.00;-91.00;
2025-10-30 18:21:01.76;0.00:00:03:339;-1.00;0.00;-0.01;0.07442;-0.07446;-2.849E-05;-0.0004953;-89.99;-0.19;100.05;0.67;100.05;0.07442;0.07446;-3.952E-05;-11.283;-11.281;-99.990;0.00;-93.29;
2025-10-30 18:21:01.81;0.00:00:03:391;-1.00;0.00;-0.01;0.0744;-0.07443;-1.151E-05;-0.0004916;-90.00;-0.19;100.05;0.66;100.05;0.0744;0.07444;-3.898E-05;-11.284;-11.282;-99.990;0.00;-91.34;
2025-10-30 18:21:01.86;0.00:00:03:438;-1.00;0.00;-0.01;0.07439;-0.07443;-1.047E-05;-0.0004897;-90.00;-0.19;100.05;0.66;100.05;0.07439;0.07443;-4.01E-05;-11.285;-11.283;-99.990;0.00;-91.22;
2025-10-30 18:21:01.91;0.00:00:03:488;-1.00;0.00;-0.01;0.07432;-0.07437;-2.176E-05;-0.0004951;-89.99;-0.19;100.06;0.67;100.05;0.07432;0.07437;-4.177E-05;-11.289;-11.286;-99.990;0.00;-92.52;
2025-10-30 18:21:01.97;0.00:00:03:544;-1.00;0.00;-0.01;0.07429;-0.07433;-1.358E-05;-0.0004921;-89.99;-0.19;100.05;0.66;100.05;0.07429;0.07433;-3.833E-05;-11.291;-11.288;-99.990;0.00;-91.58;
2025-10-30 18:21:02.02;0.00:00:03:594;-1.00;0.00;-0.01;0.07427;-0.07431;-2.725E-05;-0.0004996;-89.99;-0.19;100.05;0.67;100.05;0.07427;0.07431;-3.937E-05;-11.292;-11.289;-99.990;0.00;-93.12;
2025-10-30 18:21:02.07;0.00:00:03:651;-1.00;0.00;-0.01;0.07426;-0.0743;-1.357E-05;-0.0004895;-89.99;-0.19;100.06;0.66;100.05;0.07426;0.0743;-4.181E-05;-11.293;-11.290;-99.990;0.00;-91.59;
2025-10-30 18:21:02.13;0.00:00:03:703;-1.00;0.00;-0.01;0.07418;-0.07422;-1.296E-05;-0.0004941;-89.99;-0.19;100.05;0.67;100.05;0.07418;0.07422;-4.072E-05;-11.297;-11.295;-99.990;0.00;-91.50;
2025-10-30 18:21:02.18;0.00:00:03:755;-1.00;0.00;-0.01;0.07414;-0.07417;-1.592E-05;-0.000483;-89.99;-0.19;100.05;0.65;100.05;0.07414;0.07417;-3.818E-05;-11.300;-11.297;-99.990;0.00;-91.89;
2025-10-30 18:21:02.23;0.00:00:03:808;-1.00;0.00;-0.01;0.07419;-0.07423;-6.729E-06;-0.0004977;-90.00;-0.19;100.06;0.67;100.06;0.07419;0.07423;-4.54E-05;-11.297;-11.294;-99.990;0.00;-90.77;
2025-10-30 18:21:02.29;0.00:00:03:865;-1.00;0.00;-0.01;0.07424;-0.07427;-1.327E-05;-0.0004957;-89.99;-0.19;100.05;0.67;100.05;0.07424;0.07428;-3.927E-05;-11.294;-11.292;-99.990;0.00;-91.53;
2025-10-30 18:21:02.34;0.00:00:03:915;-1.00;0.00;-0.01;0.07426;-0.0743;-2.412E-05;-0.0004911;-89.99;-0.19;100.05;0.66;100.05;0.07426;0.0743;-4.032E-05;-11.293;-11.290;-99.990;0.00;-92.81;
2025-10-30 18:21:02.39;0.00:00:03:969;-1.00;0.00;-0.01;0.07423;-0.07426;-1.253E-05;-0.00049;-90.00;-0.19;100.05;0.66;100.05;0.07423;0.07427;-3.993E-05;-11.294;-11.292;-99.990;0.00;-91.46;
2025-10-30 18:21:02.44;0.00:00:04:018;-1.00;0.00;-0.01;0.07421;-0.07425;-1.252E-05;-0.0004888;-90.00;-0.19;100.06;0.66;100.05;0.07421;0.07426;-4.178E-05;-11.295;-11.293;-99.990;0.00;-91.47;
2025-10-30 18:21:02.49;0.00:00:04:068;-1.00;0.00;-0.01;0.0742;-0.07424;-1.371E-05;-0.0004898;-89.99;-0.19;100.05;0.66;100.05;0.0742;0.07424;-3.955E-05;-11.296;-11.293;-99.990;0.00;-91.60;
2025-10-30 18:21:02.55;0.00:00:04:124;-1.00;0.00;-0.01;0.07418;-0.07422;-1.638E-05;-0.000495;-89.99;-0.19;100.05;0.67;100.05;0.07418;0.07422;-3.969E-05;-11.297;-11.295;-99.990;0.00;-91.90;
2025-10-30 18:21:02.60;0.00:00:04:174;-1.00;0.00;-0.01;0.07419;-0.07423;-9.847E-06;-0.0004908;-90.00;-0.19;100.06;0.66;100.06;0.07419;0.07423;-4.407E-05;-11.297;-11.294;-99.990;0.00;-91.15;
2025-10-30 18:21:02.65;0.00:00:04:224;-1.00;0.00;-0.01;0.07422;-0.07426;-1.549E-05;-0.0004959;-89.99;-0.19;100.05;0.67;100.05;0.07422;0.07426;-4.008E-05;-11.295;-11.292;-99.990;0.00;-91.79;
2025-10-30 18:21:02.70;0.00:00:04:276;-1.00;0.00;-0.01;0.07431;-0.07435;-3.32E-06;-0.0004854;-90.00;-0.19;100.06;0.65;100.06;0.07431;0.07435;-4.384E-05;-11.289;-11.287;-99.990;0.00;-90.39;
2025-10-30 18:21:02.75;0.00:00:04:326;-1.00;0.00;-0.01;0.07431;-0.07435;-8.525E-06;-0.0004941;-90.00;-0.19;100.05;0.66;100.05;0.07431;0.07435;-3.998E-05;-11.289;-11.287;-99.990;0.00;-90.99;
2025-10-30 18:21:02.80;0.00:00:04:376;-1.00;0.00;-0.01;0.07435;-0.07439;-2.207E-05;-0.00049;-89.99;-0.19;100.06;0.66;100.05;0.07435;0.07439;-4.089E-05;-11.287;-11.285;-99.990;0.00;-92.58;
2025-10-30 18:21:02.85;0.00:00:04:424;-1.00;0.00;-0.01;0.07432;-0.07436;-1.938E-05;-0.0004866;-89.99;-0.19;100.05;0.65;100.05;0.07432;0.07436;-3.709E-05;-11.289;-11.287;-99.990;0.00;-92.28;
2025-10-30 18:21:02.90;0.00:00:04:478;-1.00;0.00;-0.01;0.07431;-0.07435;-1.656E-05;-0.0004913;-89.99;-0.19;100.06;0.66;100.06;0.07431;0.07436;-4.258E-05;-11.289;-11.287;-99.990;0.00;-91.93;
2025-10-30 18:21:02.95;0.00:00:04:525;-1.00;0.00;-0.01;0.0743;-0.07434;-1.075E-05;-0.0004893;-90.00;-0.19;100.06;0.66;100.05;0.0743;0.07435;-4.131E-05;-11.290;-11.287;-99.990;0.00;-91.26;
2025-10-30 18:21:03.00;0.00:00:04:579;-1.00;0.00;-0.01;0.07427;-0.07431;-1.551E-05;-0.0004971;-89.99;-0.19;100.05;0.67;100.05;0.07427;0.07431;-4.018E-05;-11.292;-11.289;-99.990;0.00;-91.79;
2025-10-30 18:21:03.06;0.00:00:04:633;-1.00;0.00;-0.01;0.07427;-0.07431;-1.149E-05;-0.0004943;-90.00;-0.19;100.05;0.67;100.05;0.07427;0.07431;-4.078E-05;-11.292;-11.289;-99.990;0.00;-91.33;
2025-10-30 18:21:03.10;0.00:00:04:679;-1.00;0.00;-0.01;0.07433;-0.07438;-1.165E-05;-0.0004917;-90.00;-0.19;100.06;0.66;100.06;0.07433;0.07438;-4.289E-05;-11.288;-11.286;-99.990;0.00;-91.36;
2025-10-30 18:21:03.15;0.00:00:04:732;-1.00;0.00;-0.01;0.0744;-0.07444;-1.975E-07;-0.0004879;-90.00;-0.19;100.05;0.66;100.05;0.0744;0.07444;-3.929E-05;-11.284;-11.282;-99.990;0.00;-90.02;
2025-10-30 18:21:03.21;0.00:00:04:783;-1.00;0.00;-0.01;0.07428;-0.07432;-2.472E-05;-0.0004877;-89.99;-0.19;100.05;0.66;100.05;0.07428;0.07432;-3.714E-05;-11.291;-11.289;-99.990;0.00;-92.90;
2025-10-30 18:21:03.25;0.00:00:04:832;-1.00;0.00;-0.01;0.07416;-0.0742;-1.786E-05;-0.0004859;-89.99;-0.19;100.05;0.66;100.05;0.07416;0.0742;-3.589E-05;-11.298;-11.296;-99.990;0.00;-92.11;
2025-10-30 18:21:03.30;0.00:00:04:882;-1.00;0.00;-0.01;0.07408;-0.07412;-8.053E-06;-0.0004899;-90.00;-0.19;100.05;0.66;100.05;0.07408;0.07412;-4.037E-05;-11.303;-11.301;-99.990;0.00;-90.94;
2025-10-30 18:21:03.36;0.00:00:04:936;-1.00;0.00;-0.01;0.07411;-0.07415;-3.45E-07;-0.0004938;-90.00;-0.19;100.06;0.67;100.05;0.07411;0.07415;-4.083E-05;-11.301;-11.299;-99.990;0.00;-90.04;
2025-10-30 18:21:03.41;0.00:00:04:985;-1.00;0.00;-0.01;0.07417;-0.07421;-7.618E-06;-0.0004936;-90.00;-0.19;100.05;0.67;100.05;0.07417;0.07421;-4.005E-05;-11.298;-11.295;-99.990;0.00;-90.88;
2025-10-30 18:21:03.46;0.00:00:05:035;-1.00;0.00;-0.01;0.0742;-0.07424;-9.848E-06;-0.0004881;-90.00;-0.19;100.05;0.66;100.05;0.0742;0.07424;-4.074E-05;-11.296;-11.293;-99.990;0.00;-91.16;
2025-10-30 18:21:03.51;0.00:00:05:086;-1.00;0.00;-0.01;0.07422;-0.07425;-1.861E-05;-0.000494;-89.99;-0.19;100.05;0.67;100.05;0.07422;0.07426;-3.83E-05;-11.295;-11.293;-99.990;0.00;-92.16;
2025-10-30 18:21:03.56;0.00:00:05:132;-1.00;0.00;-0.01;0.07422;-0.07426;-1.267E-05;-0.0004917;-90.00;-0.19;100.06;0.66;100.05;0.07422;0.07426;-4.127E-05;-11.295;-11.292;-99.990;0.00;-91.48;
2025-10-30 18:21:03.61;0.00:00:05:185;-1.00;0.00;-0.01;0.07424;-0.07427;-1.149E-05;-0.0004959;-90.00;-0.19;100.05;0.67;100.05;0.07424;0.07428;-4.024E-05;-11.294;-11.292;-99.990;0.00;-91.33;
2025-10-30 18:21:03.66;0.00:00:05:238;-1.00;0.00;-0.01;0.07427;-0.0743;-6.885E-06;-0.0004849;-90.00;-0.19;100.05;0.65;100.05;0.07427;0.07431;-3.884E-05;-11.292;-11.290;-99.990;0.00;-90.81;
2025-10-30 18:21:03.71;0.00:00:05:291;-1.00;0.00;-0.01;0.07425;-0.07429;-6.883E-06;-0.0004963;-90.00;-0.19;100.05;0.67;100.05;0.07425;0.07429;-3.883E-05;-11.293;-11.291;-99.990;0.00;-90.79;
2025-10-30 18:21:03.77;0.00:00:05:342;-1.00;0.00;-0.01;0.07427;-0.07431;-1.892E-05;-0.0004884;-89.99;-0.19;100.06;0.66;100.06;0.07427;0.07431;-4.285E-05;-11.292;-11.289;-99.990;0.00;-92.22;
2025-10-30 18:21:03.82;0.00:00:05:395;-1.00;0.00;-0.01;0.07427;-0.07431;-4.358E-06;-0.0004978;-90.00;-0.19;100.06;0.67;100.05;0.07427;0.07431;-4.241E-05;-11.292;-11.290;-99.990;0.00;-90.50;
2025-10-30 18:21:03.87;0.00:00:05:448;-1.00;0.00;-0.01;0.07431;-0.07435;-2.458E-05;-0.0004924;-89.99;-0.19;100.05;0.66;100.05;0.07431;0.07435;-3.998E-05;-11.290;-11.287;-99.990;0.00;-92.86;
2025-10-30 18:21:03.93;0.00:00:05:503;-1.00;0.00;-0.01;0.07427;-0.07431;-1.714E-05;-0.0004884;-89.99;-0.19;100.05;0.66;100.05;0.07427;0.07431;-3.728E-05;-11.292;-11.290;-99.990;0.00;-92.01;
2025-10-30 18:21:03.98;0.00:00:05:554;-1.00;0.00;-0.01;0.07428;-0.07431;-1.684E-05;-0.000492;-89.99;-0.19;100.05;0.66;100.05;0.07428;0.07432;-3.84E-05;-11.291;-11.289;-99.990;0.00;-91.96;
2025-10-30 18:21:04.03;0.00:00:05:607;-1.00;0.00;-0.01;0.07429;-0.07433;-9.711E-06;-0.0004873;-90.00;-0.19;100.05;0.66;100.05;0.07429;0.07433;-3.73E-05;-11.290;-11.288;-99.990;0.00;-91.14;
2025-10-30 18:21:04.08;0.00:00:05:657;-1.00;0.00;-0.01;0.07428;-0.07432;-3.2E-05;-0.0004874;-89.99;-0.19;100.05;0.66;100.05;0.07428;0.07432;-4.07E-05;-11.292;-11.289;-99.990;0.00;-93.76;
2025-10-30 18:21:04.13;0.00:00:05:705;-1.00;0.00;-0.01;0.07425;-0.07429;-1.297E-05;-0.0004945;-89.99;-0.19;100.05;0.67;100.05;0.07425;0.07429;-3.861E-05;-11.293;-11.291;-99.990;0.00;-91.50;
2025-10-30 18:21:04.18;0.00:00:05:756;-1.00;0.00;-0.01;0.07424;-0.07428;-6.139E-06;-0.0004904;-90.00;-0.19;100.05;0.66;100.05;0.07424;0.07428;-4.016E-05;-11.294;-11.291;-99.990;0.00;-90.72;
2025-10-30 18:21:04.23;0.00:00:05:803;-1.00;0.00;-0.01;0.07419;-0.07422;-1.578E-05;-0.0004921;-89.99;-0.19;100.05;0.66;100.05;0.07419;0.07423;-3.813E-05;-11.297;-11.294;-99.990;0.00;-91.84;
2025-10-30 18:21:04.28;0.00:00:05:852;-1.00;0.00;-0.01;0.0742;-0.07424;-1.816E-05;-0.0004898;-89.99;-0.19;100.05;0.66;100.05;0.0742;0.07424;-4.022E-05;-11.296;-11.293;-99.990;0.00;-92.12;
2025-10-30 18:21:04.33;0.00:00:05:908;-1.00;0.00;-0.01;0.07422;-0.07426;-1.178E-05;-0.000489;-90.00;-0.19;100.06;0.66;100.05;0.07422;0.07426;-4.127E-05;-11.295;-11.292;-99.990;0.00;-91.38;
2025-10-30 18:21:04.38;0.00:00:05:957;-1.00;0.00;-0.01;0.0742;-0.07424;-1.534E-05;-0.000496;-89.99;-0.19;100.05;0.67;100.05;0.0742;0.07424;-4.036E-05;-11.296;-11.294;-99.990;0.00;-91.77;
2025-10-30 18:21:04.43;0.00:00:06:007;-1.00;0.00;-0.01;0.07414;-0.07418;-1.474E-05;-0.0004958;-89.99;-0.19;100.05;0.67;100.05;0.07414;0.07418;-3.722E-05;-11.299;-11.297;-99.990;0.00;-91.70;
2025-10-30 18:21:04.48;0.00:00:06:053;-1.00;0.00;-0.01;0.07413;-0.07417;-4.35E-06;-0.0004889;-90.00;-0.19;100.05;0.66;100.05;0.07413;0.07417;-3.885E-05;-11.300;-11.298;-99.990;0.00;-90.51;
2025-10-30 18:21:04.53;0.00:00:06:105;-1.00;0.00;-0.01;0.0742;-0.07424;-9.848E-06;-0.000491;-90.00;-0.19;100.06;0.66;100.05;0.0742;0.07424;-4.222E-05;-11.296;-11.293;-99.990;0.00;-91.15;
2025-10-30 18:21:04.58;0.00:00:06:158;-1.00;0.00;-0.01;0.07424;-0.07428;-5.694E-06;-0.0004959;-90.00;-0.19;100.05;0.67;100.05;0.07424;0.07428;-4.002E-05;-11.293;-11.291;-99.990;0.00;-90.66;
2025-10-30 18:21:04.63;0.00:00:06:210;-1.00;0.00;-0.01;0.07427;-0.07431;-1.61E-05;-0.0004934;-89.99;-0.19;100.05;0.66;100.05;0.07427;0.07431;-3.884E-05;-11.292;-11.290;-99.990;0.00;-91.87;
2025-10-30 18:21:04.68;0.00:00:06:259;-1.00;0.00;-0.01;0.07424;-0.07428;-3.317E-06;-0.0004856;-90.00;-0.19;100.06;0.65;100.05;0.07424;0.07428;-4.143E-05;-11.293;-11.291;-99.990;0.00;-90.39;
2025-10-30 18:21:04.74;0.00:00:06:313;-1.00;0.00;-0.01;0.07423;-0.07426;-6.138E-06;-0.0004882;-90.00;-0.19;100.06;0.66;100.05;0.07423;0.07427;-4.157E-05;-11.294;-11.292;-99.990;0.00;-90.72;
2025-10-30 18:21:04.79;0.00:00:06:363;-1.00;0.00;-0.01;0.07422;-0.07426;-1.015E-05;-0.0004915;-90.00;-0.19;100.05;0.66;100.05;0.07422;0.07426;-4E-05;-11.295;-11.292;-99.990;0.00;-91.18;
2025-10-30 18:21:04.84;0.00:00:06:414;-1.00;0.00;-0.01;0.07429;-0.07433;-5.697E-06;-0.0004928;-90.00;-0.19;100.06;0.66;100.05;0.07429;0.07433;-4.116E-05;-11.291;-11.288;-99.990;0.00;-90.66;
2025-10-30 18:21:04.88;0.00:00:06:460;-1.00;0.00;-0.01;0.07429;-0.07433;-2.041E-05;-0.000488;-89.99;-0.19;100.06;0.66;100.05;0.07429;0.07433;-4.093E-05;-11.291;-11.288;-99.990;0.00;-92.39;
2025-10-30 18:21:04.93;0.00:00:06:512;-1.00;0.00;-0.01;0.07432;-0.07436;-9.715E-06;-0.0004942;-90.00;-0.19;100.06;0.66;100.05;0.07432;0.07436;-4.095E-05;-11.289;-11.287;-99.990;0.00;-91.13;
2025-10-30 18:21:04.99;0.00:00:06:562;-1.00;0.00;-0.01;0.07429;-0.07433;-1.759E-05;-0.0004908;-89.99;-0.19;100.05;0.66;100.05;0.07429;0.07433;-3.982E-05;-11.291;-11.288;-99.990;0.00;-92.05;
2025-10-30 18:21:05.03;0.00:00:06:610;-1.00;0.00;-0.01;0.07432;-0.07436;-5.105E-06;-0.0004902;-90.00;-0.19;100.06;0.66;100.05;0.07432;0.07436;-4.184E-05;-11.289;-11.287;-99.990;0.00;-90.60;
2025-10-30 18:21:05.09;0.00:00:06:663;-1.00;0.00;-0.01;0.07431;-0.07434;-1.462E-05;-0.0004921;-89.99;-0.19;100.05;0.66;100.05;0.07431;0.07435;-3.864E-05;-11.290;-11.287;-99.990;0.00;-91.70;
2025-10-30 18:21:05.14;0.00:00:06:718;-1.00;0.00;-0.01;0.07429;-0.07432;-1.387E-05;-0.0004905;-89.99;-0.19;100.05;0.66;100.05;0.07429;0.07433;-3.833E-05;-11.291;-11.289;-99.990;0.00;-91.62;
2025-10-30 18:21:05.19;0.00:00:06:769;-1.00;0.00;-0.01;0.07427;-0.0743;-1.283E-05;-0.0004907;-90.00;-0.19;100.05;0.66;100.05;0.07427;0.07431;-3.914E-05;-11.292;-11.290;-99.990;0.00;-91.50;
2025-10-30 18:21:05.24;0.00:00:06:822;-1.00;0.00;-0.01;0.07424;-0.07428;-7.031E-06;-0.0004937;-90.00;-0.19;100.05;0.66;100.05;0.07424;0.07428;-4.069E-05;-11.293;-11.291;-99.990;0.00;-90.82;
2025-10-30 18:21:05.29;0.00:00:06:869;-1.00;0.00;-0.01;0.07427;-0.07431;-9.115E-06;-0.0004948;-90.00;-0.19;100.06;0.67;100.06;0.07427;0.07431;-4.271E-05;-11.292;-11.289;-99.990;0.00;-91.06;
2025-10-30 18:21:05.34;0.00:00:06:914;-1.00;0.00;-0.01;0.07428;-0.07432;-1.61E-05;-0.0004904;-89.99;-0.19;100.06;0.66;100.06;0.07428;0.07432;-4.36E-05;-11.292;-11.289;-99.990;0.00;-91.88;
2025-10-30 18:21:05.39;0.00:00:06:965;-1.00;0.00;-0.01;0.07427;-0.07431;-5.696E-06;-0.0004927;-90.00;-0.19;100.06;0.66;100.05;0.07427;0.07431;-4.122E-05;-11.292;-11.290;-99.990;0.00;-90.66;
2025-10-30 18:21:05.44;0.00:00:07:015;-1.00;0.00;-0.01;0.07422;-0.07426;-1.861E-05;-0.0004926;-89.99;-0.19;100.05;0.66;100.05;0.07422;0.07426;-3.993E-05;-11.295;-11.292;-99.990;0.00;-92.16;
2025-10-30 18:21:05.49;0.00:00:07:066;-1.00;0.00;-0.01;0.07419;-0.07423;-8.511E-06;-0.0004882;-90.00;-0.19;100.05;0.66;100.05;0.07419;0.07423;-3.851E-05;-11.296;-11.294;-99.990;0.00;-91.00;
2025-10-30 18:21:05.54;0.00:00:07:121;-1.00;0.00;-0.01;0.07419;-0.07423;-1.029E-05;-0.0004929;-90.00;-0.19;100.06;0.66;100.06;0.07419;0.07423;-4.407E-05;-11.297;-11.294;-99.990;0.00;-91.20;
2025-10-30 18:21:05.60;0.00:00:07:176;-1.00;0.00;-0.01;0.07416;-0.0742;-1.029E-05;-0.0005003;-90.00;-0.19;100.06;0.67;100.05;0.07416;0.0742;-4.168E-05;-11.298;-11.296;-99.990;0.00;-91.18;
2025-10-30 18:21:05.65;0.00:00:07:228;-1.00;0.00;-0.01;0.07423;-0.07427;-4.95E-06;-0.0004894;-90.00;-0.19;100.05;0.66;100.05;0.07423;0.07427;-3.89E-05;-11.294;-11.292;-99.990;0.00;-90.58;
2025-10-30 18:21:05.70;0.00:00:07:275;-1.00;0.00;-0.01;0.07423;-0.07427;-4.356E-06;-0.0004953;-90.00;-0.19;100.05;0.67;100.05;0.07423;0.07427;-4.045E-05;-11.294;-11.292;-99.990;0.00;-90.50;
2025-10-30 18:21:05.75;0.00:00:07:328;-1.00;0.00;-0.01;0.07424;-0.07428;-7.328E-06;-0.0004921;-90.00;-0.19;100.05;0.66;100.05;0.07424;0.07428;-4.076E-05;-11.294;-11.291;-99.990;0.00;-90.85;
2025-10-30 18:21:05.80;0.00:00:07:380;-1.00;0.00;-0.01;0.0742;-0.07425;-2.069E-05;-0.0004959;-89.99;-0.19;100.06;0.67;100.06;0.0742;0.07425;-4.259E-05;-11.296;-11.293;-99.990;0.00;-92.39;
2025-10-30 18:21:05.85;0.00:00:07:429;-1.00;0.00;-0.01;0.07423;-0.07427;-1.238E-05;-0.0004961;-90.00;-0.19;100.06;0.67;100.05;0.07423;0.07427;-4.187E-05;-11.294;-11.292;-99.990;0.00;-91.43;
2025-10-30 18:21:05.91;0.00:00:07:482;-1.00;0.00;-0.01;0.07425;-0.07429;-2.055E-05;-0.000493;-89.99;-0.19;100.05;0.66;100.05;0.07425;0.07429;-4.017E-05;-11.293;-11.290;-99.990;0.00;-92.39;
2025-10-30 18:21:05.95;0.00:00:07:527;-1.00;0.00;-0.01;0.07426;-0.0743;-1.832E-06;-0.0004883;-90.00;-0.19;100.06;0.66;100.05;0.07426;0.0743;-4.136E-05;-11.292;-11.290;-99.990;0.00;-90.22;
2025-10-30 18:21:06.00;0.00:00:07:578;-1.00;0.00;-0.01;0.07428;-0.07431;-1.045E-05;-0.0004963;-90.00;-0.19;100.05;0.67;100.05;0.07428;0.07432;-3.81E-05;-11.291;-11.289;-99.990;0.00;-91.21;
2025-10-30 18:21:06.05;0.00:00:07:632;-1.00;0.00;-0.01;0.07425;-0.07428;-1.268E-05;-0.0004918;-90.00;-0.19;100.05;0.66;100.05;0.07425;0.07428;-3.809E-05;-11.293;-11.291;-99.990;0.00;-91.48;
2025-10-30 18:21:06.10;0.00:00:07:679;-1.00;0.00;-0.01;0.07425;-0.07429;-1.237E-06;-0.0004903;-90.00;-0.19;100.06;0.66;100.05;0.07425;0.07429;-4.091E-05;-11.293;-11.291;-99.990;0.00;-90.15;
2025-10-30 18:21:06.15;0.00:00:07:730;-1.00;0.00;-0.01;0.07421;-0.07425;-1.624E-05;-0.0004901;-89.99;-0.19;100.05;0.66;100.05;0.07421;0.07425;-4E-05;-11.295;-11.293;-99.990;0.00;-91.90;
2025-10-30 18:21:06.21;0.00:00:07:783;-1.00;0.00;-0.01;0.07424;-0.07427;-1.594E-05;-0.0004928;-89.99;-0.19;100.05;0.66;100.05;0.07424;0.07428;-3.853E-05;-11.294;-11.292;-99.990;0.00;-91.85;
2025-10-30 18:21:06.25;0.00:00:07:828;-1.00;0.00;-0.01;0.07423;-0.07427;-8.516E-06;-0.0004968;-90.00;-0.19;100.06;0.67;100.05;0.07423;0.07427;-4.15E-05;-11.294;-11.292;-99.990;0.00;-90.98;
2025-10-30 18:21:06.30;0.00:00:07:878;-1.00;0.00;-0.01;0.07424;-0.07428;-7.773E-06;-0.0004916;-90.00;-0.19;100.05;0.66;100.05;0.07424;0.07428;-4.039E-05;-11.294;-11.291;-99.990;0.00;-90.91;
2025-10-30 18:21:06.35;0.00:00:07:931;-1.00;0.00;-0.01;0.07421;-0.07425;-5.246E-06;-0.0004872;-90.00;-0.19;100.05;0.66;100.05;0.07421;0.07425;-3.97E-05;-11.295;-11.293;-99.990;0.00;-90.62;
2025-10-30 18:21:06.41;0.00:00:07:983;-1.00;0.00;-0.01;0.07422;-0.07426;-6.138E-06;-0.0004878;-90.00;-0.19;100.06;0.66;100.05;0.07422;0.07426;-4.156E-05;-11.295;-11.293;-99.990;0.00;-90.72;
2025-10-30 18:21:06.46;0.00:00:08:036;-1.00;0.00;-0.01;0.07419;-0.07423;-1.296E-05;-0.0004896;-89.99;-0.19;100.05;0.66;100.05;0.07419;0.07423;-3.91E-05;-11.296;-11.294;-99.990;0.00;-91.52;
2025-10-30 18:21:06.51;0.00:00:08:082;-1.00;0.00;-0.01;0.07419;-0.07423;-2.068E-05;-0.0004886;-89.99;-0.19;100.05;0.66;100.05;0.07419;0.07423;-4.021E-05;-11.296;-11.294;-99.990;0.00;-92.42;
2025-10-30 18:21:06.56;0.00:00:08:134;-1.00;0.00;-0.01;0.07419;-0.07423;-1.489E-05;-0.0004938;-89.99;-0.19;100.06;0.67;100.05;0.07419;0.07423;-4.125E-05;-11.297;-11.294;-99.990;0.00;-91.73;
2025-10-30 18:21:06.61;0.00:00:08:182;-1.00;0.00;-0.01;0.07419;-0.07423;-1.282E-05;-0.0004901;-90.00;-0.19;100.05;0.66;100.05;0.07419;0.07423;-3.94E-05;-11.296;-11.294;-99.990;0.00;-91.50;
2025-10-30 18:21:06.66;0.00:00:08:234;-1.00;0.00;-0.01;0.07422;-0.07426;-7.178E-06;-0.0004863;-90.00;-0.19;100.06;0.66;100.05;0.07422;0.07426;-4.112E-05;-11.295;-11.292;-99.990;0.00;-90.85;
2025-10-30 18:21:06.71;0.00:00:08:285;-1.00;0.00;-0.01;0.07419;-0.07423;-1.801E-05;-0.0004923;-89.99;-0.19;100.05;0.66;100.05;0.07419;0.07423;-3.806E-05;-11.296;-11.294;-99.990;0.00;-92.10;
2025-10-30 18:21:06.76;0.00:00:08:340;-1.00;0.00;-0.01;0.07417;-0.07421;-9.102E-06;-0.0004942;-90.00;-0.19;100.06;0.67;100.05;0.07417;0.07421;-4.19E-05;-11.298;-11.295;-99.990;0.00;-91.06;
2025-10-30 18:21:06.81;0.00:00:08:391;-1.00;0.00;-0.01;0.07426;-0.0743;-8.073E-06;-0.0004919;-90.00;-0.19;100.05;0.66;100.05;0.07426;0.0743;-4.062E-05;-11.292;-11.290;-99.990;0.00;-90.94;
2025-10-30 18:21:06.86;0.00:00:08:442;-1.00;0.00;-0.01;0.0743;-0.07433;-1.715E-05;-0.0005017;-89.99;-0.19;100.05;0.68;100.05;0.0743;0.07434;-3.923E-05;-11.290;-11.288;-99.990;0.00;-91.96;
2025-10-30 18:21:06.92;0.00:00:08:495;-1.00;0.00;-0.01;0.07429;-0.07433;4.211E-06;-0.0004947;90.00;-0.19;100.06;0.67;100.05;0.07429;0.07433;-4.183E-05;-11.291;-11.288;-99.990;0.00;-89.51;
2025-10-30 18:21:06.97;0.00:00:08:543;-1.00;0.00;-0.01;0.07428;-0.07432;-1.105E-05;-0.0004907;-90.00;-0.19;100.05;0.66;100.05;0.07428;0.07432;-3.967E-05;-11.291;-11.289;-99.990;0.00;-91.29;
2025-10-30 18:21:07.02;0.00:00:08:596;-1.00;0.00;-0.01;0.07429;-0.07432;-8.373E-06;-0.0004975;-90.00;-0.19;100.05;0.67;100.05;0.07429;0.07433;-3.93E-05;-11.291;-11.289;-99.990;0.00;-90.96;
2025-10-30 18:21:07.07;0.00:00:08:643;-1.00;0.00;-0.01;0.0743;-0.07434;-2.086E-05;-0.0004918;-89.99;-0.19;100.05;0.66;100.05;0.0743;0.07434;-3.878E-05;-11.290;-11.288;-99.990;0.00;-92.43;
2025-10-30 18:21:07.12;0.00:00:08:696;-1.00;0.00;-0.01;0.07432;-0.07436;-2.013E-05;-0.0004934;-89.99;-0.19;100.06;0.66;100.05;0.07432;0.07436;-4.095E-05;-11.289;-11.287;-99.990;0.00;-92.33;
2025-10-30 18:21:07.17;0.00:00:08:743;-1.00;0.00;-0.01;0.07433;-0.07437;-1.582E-05;-0.0004998;-89.99;-0.19;100.05;0.67;100.05;0.07433;0.07437;-3.977E-05;-11.288;-11.286;-99.990;0.00;-91.81;
2025-10-30 18:21:07.22;0.00:00:08:797;-1.00;0.00;-0.01;0.07431;-0.07435;-1.403E-05;-0.0004917;-89.99;-0.19;100.05;0.66;100.05;0.07431;0.07435;-3.998E-05;-11.289;-11.287;-99.990;0.00;-91.63;
2025-10-30 18:21:07.27;0.00:00:08:848;-1.00;0.00;-0.01;0.07429;-0.07433;-1.268E-05;-0.0004986;-90.00;-0.19;100.06;0.67;100.05;0.07429;0.07433;-4.101E-05;-11.291;-11.289;-99.990;0.00;-91.46;
2025-10-30 18:21:07.32;0.00:00:08:901;-1.00;0.00;-0.01;0.07426;-0.0743;-1.922E-05;-0.0004977;-89.99;-0.19;100.05;0.67;100.05;0.07426;0.0743;-3.914E-05;-11.292;-11.290;-99.990;0.00;-92.21;
2025-10-30 18:21:07.37;0.00:00:08:947;-1.00;0.00;-0.01;0.07424;-0.07428;-3.02E-06;-0.0004938;-90.00;-0.19;100.05;0.67;100.05;0.07424;0.07428;-3.742E-05;-11.294;-11.291;-99.990;0.00;-90.35;
2025-10-30 18:21:07.42;0.00:00:08:997;-1.00;0.00;-0.01;0.07425;-0.07429;-1.283E-05;-0.000493;-90.00;-0.19;100.05;0.66;100.05;0.07425;0.07429;-4.017E-05;-11.293;-11.291;-99.990;0.00;-91.49;
2025-10-30 18:21:07.47;0.00:00:09:048;-1.00;0.00;-0.01;0.07425;-0.07429;-7.626E-06;-0.0004886;-90.00;-0.19;100.05;0.66;100.05;0.07425;0.07429;-4.069E-05;-11.293;-11.291;-99.990;0.00;-90.89;
2025-10-30 18:21:07.52;0.00:00:09:099;-1.00;0.00;-0.01;0.07422;-0.07426;-6.435E-06;-0.0004971;-90.00;-0.19;100.06;0.67;100.05;0.07422;0.07426;-4.179E-05;-11.295;-11.292;-99.990;0.00;-90.74;
2025-10-30 18:21:07.57;0.00:00:09:150;-1.00;0.00;-0.01;0.07423;-0.07427;-2.871E-06;-0.0004928;-90.00;-0.19;100.05;0.66;100.05;0.07423;0.07427;-3.986E-05;-11.294;-11.292;-99.990;0.00;-90.33;
2025-10-30 18:21:07.62;0.00:00:09:194;-1.00;0.00;-0.01;0.07425;-0.07429;-1.743E-05;-0.0004921;-89.99;-0.19;100.05;0.66;100.05;0.07425;0.07429;-3.928E-05;-11.293;-11.291;-99.990;0.00;-92.03;
2025-10-30 18:21:07.67;0.00:00:09:245;-1.00;0.00;-0.01;0.07424;-0.07428;-1.416E-05;-0.0004883;-89.99;-0.19;100.05;0.66;100.05;0.07424;0.07428;-4.039E-05;-11.293;-11.291;-99.990;0.00;-91.66;
2025-10-30 18:21:07.72;0.00:00:09:296;-1.00;0.00;-0.01;0.07424;-0.07428;-2.931E-05;-0.0004994;-89.99;-0.19;100.05;0.67;100.05;0.07424;0.07428;-3.935E-05;-11.294;-11.291;-99.990;0.00;-93.36;
2025-10-30 18:21:07.77;0.00:00:09:350;-1.00;0.00;-0.01;0.07425;-0.07429;-2.085E-05;-0.0004972;-89.99;-0.19;100.05;0.67;100.05;0.07425;0.07429;-3.98E-05;-11.293;-11.291;-99.990;0.00;-92.40;
2025-10-30 18:21:07.82;0.00:00:09:401;-1.00;0.00;-0.01;0.07427;-0.07431;-1.446E-05;-0.0004942;-89.99;-0.19;100.05;0.67;100.05;0.07427;0.07431;-3.899E-05;-11.292;-11.290;-99.990;0.00;-91.68;
2025-10-30 18:21:07.88;0.00:00:09:458;-1.00;0.00;-0.01;0.07429;-0.07433;-1.447E-05;-0.0004915;-89.99;-0.19;100.05;0.66;100.05;0.07429;0.07433;-4.049E-05;-11.291;-11.289;-99.990;0.00;-91.69;
2025-10-30 18:21:07.93;0.00:00:09:503;-1.00;0.00;-0.01;0.07428;-0.07432;-9.71E-06;-0.0004922;-90.00;-0.19;100.05;0.66;100.05;0.07428;0.07432;-3.892E-05;-11.291;-11.289;-99.990;0.00;-91.13;
2025-10-30 18:21:07.98;0.00:00:09:555;-1.00;0.00;-0.01;0.07423;-0.07427;-5.545E-06;-0.0004997;-90.00;-0.19;100.05;0.67;100.05;0.07423;0.07427;-4.016E-05;-11.294;-11.292;-99.990;0.00;-90.64;
2025-10-30 18:21:08.03;0.00:00:09:607;-1.00;0.00;-0.01;0.07422;-0.07426;-8.217E-06;-0.000489;-90.00;-0.19;100.05;0.66;100.05;0.07422;0.07426;-3.748E-05;-11.295;-11.293;-99.990;0.00;-90.96;
2025-10-30 18:21:08.08;0.00:00:09:654;-1.00;0.00;-0.01;0.0742;-0.07424;-1.668E-05;-0.0004902;-89.99;-0.19;100.05;0.66;100.05;0.0742;0.07424;-4.059E-05;-11.296;-11.294;-99.990;0.00;-91.95;
2025-10-30 18:21:08.12;0.00:00:09:699;-1.00;0.00;-0.01;0.07421;-0.07424;-1.965E-05;-0.0004848;-89.99;-0.19;100.05;0.65;100.05;0.07421;0.07424;-3.918E-05;-11.296;-11.293;-99.990;0.00;-92.32;
2025-10-30 18:21:08.18;0.00:00:09:754;-1.00;0.00;-0.01;0.07425;-0.07429;-9.111E-06;-0.0004922;-90.00;-0.19;100.05;0.66;100.05;0.07425;0.07429;-4.076E-05;-11.293;-11.291;-99.990;0.00;-91.06;
2025-10-30 18:21:08.23;0.00:00:09:806;-1.00;0.00;-0.01;0.07426;-0.07429;-1.342E-05;-0.0004957;-89.99;-0.19;100.05;0.67;100.05;0.07426;0.0743;-3.72E-05;-11.293;-11.290;-99.990;0.00;-91.55;
2025-10-30 18:21:08.28;0.00:00:09:858;-1.00;0.00;-0.01;0.07419;-0.07423;-2.662E-05;-0.0004816;-89.99;-0.19;100.05;0.65;100.05;0.07419;0.07423;-3.732E-05;-11.296;-11.294;-99.990;0.00;-93.16;
2025-10-30 18:21:08.33;0.00:00:09:906;-1.00;0.00;-0.01;0.0742;-0.07424;-1.014E-05;-0.0004839;-90.00;-0.19;100.05;0.65;100.05;0.0742;0.07424;-3.932E-05;-11.296;-11.294;-99.990;0.00;-91.20;
2025-10-30 18:21:08.38;0.00:00:09:957;-1.00;0.00;-0.01;0.0742;-0.07424;-8.512E-06;-0.0004901;-90.00;-0.19;100.05;0.66;100.05;0.0742;0.07424;-3.962E-05;-11.296;-11.294;-99.990;0.00;-91.00;
2025-10-30 18:21:08.43;0.00:00:10:006;-1.00;0.00;-0.01;0.0742;-0.07424;-1.475E-05;-0.0004917;-89.99;-0.19;100.05;0.66;100.05;0.0742;0.07424;-3.888E-05;-11.296;-11.294;-99.990;0.00;-91.72;
2025-10-30 18:21:08.47;0.00:00:10:052;-1.00;0.00;-0.01;0.07422;-0.07426;-6.138E-06;-0.0004921;-90.00;-0.19;100.05;0.66;100.05;0.07422;0.07426;-3.86E-05;-11.295;-11.292;-99.990;0.00;-90.71;
2025-10-30 18:21:08.52;0.00:00:10:098;-1.00;0.00;-0.01;0.07425;-0.07428;-1.372E-05;-0.0004976;-89.99;-0.19;100.05;0.67;100.05;0.07425;0.07429;-3.957E-05;-11.293;-11.291;-99.990;0.00;-91.58;
2025-10-30 18:21:08.57;0.00:00:10:148;-1.00;0.00;-0.01;0.07424;-0.07428;-3.457E-07;-0.0004869;-90.00;-0.19;100.06;0.66;100.05;0.07424;0.07428;-4.135E-05;-11.293;-11.291;-99.990;0.00;-90.04;
2025-10-30 18:21:08.62;0.00:00:10:195;-1.00;0.00;-0.01;0.07424;-0.07428;-3.317E-06;-0.0004911;-90.00;-0.19;100.05;0.66;100.05;0.07424;0.07428;-4.009E-05;-11.294;-11.291;-99.990;0.00;-90.39;
2025-10-30 18:21:08.66;0.00:00:10:242;-1.00;0.00;-0.01;0.07423;-0.07427;-1.223E-05;-0.0004943;-90.00;-0.19;100.05;0.67;100.05;0.07423;0.07427;-3.86E-05;-11.294;-11.292;-99.990;0.00;-91.42;
2025-10-30 18:21:08.72;0.00:00:10:295;-1.00;0.00;-0.01;0.07421;-0.07425;-1.43E-05;-0.0004947;-89.99;-0.19;100.06;0.67;100.05;0.07421;0.07425;-4.193E-05;-11.295;-11.293;-99.990;0.00;-91.66;
2025-10-30 18:21:08.77;0.00:00:10:346;-1.00;0.00;-0.01;0.07418;-0.07423;-1.816E-05;-0.0004996;-89.99;-0.19;100.06;0.67;100.05;0.07418;0.07423;-4.206E-05;-11.297;-11.294;-99.990;0.00;-92.08;
2025-10-30 18:21:08.82;0.00:00:10:399;-1.00;0.00;-0.01;0.0742;-0.07424;-8.215E-06;-0.0004931;-90.00;-0.19;100.06;0.66;100.05;0.0742;0.07424;-4.222E-05;-11.296;-11.294;-99.990;0.00;-90.95;
2025-10-30 18:21:08.87;0.00:00:10:445;-1.00;0.00;-0.01;0.07424;-0.07428;-1.327E-05;-0.0004942;-89.99;-0.19;100.06;0.67;100.06;0.07424;0.07428;-4.254E-05;-11.294;-11.291;-99.990;0.00;-91.54;
2025-10-30 18:21:08.92;0.00:00:10:498;-1.00;0.00;-0.01;0.07426;-0.0743;-7.479E-06;-0.0004917;-90.00;-0.19;100.06;0.66;100.05;0.07426;0.0743;-4.203E-05;-11.292;-11.290;-99.990;0.00;-90.87;
2025-10-30 18:21:08.97;0.00:00:10:549;-1.00;0.00;-0.01;0.0743;-0.07434;-1.328E-05;-0.0004909;-89.99;-0.19;100.06;0.66;100.05;0.0743;0.07434;-4.22E-05;-11.290;-11.288;-99.990;0.00;-91.55;
2025-10-30 18:21:09.03;0.00:00:10:602;-1.00;0.00;-0.01;0.0743;-0.07434;-6.59E-06;-0.0004934;-90.00;-0.19;100.05;0.66;100.05;0.0743;0.07434;-3.975E-05;-11.290;-11.288;-99.990;0.00;-90.77;
2025-10-30 18:21:09.07;0.00:00:10:651;-1.00;0.00;-0.01;0.07428;-0.07431;-2.234E-05;-0.0004914;-89.99;-0.19;100.05;0.66;100.05;0.07428;0.07432;-3.848E-05;-11.291;-11.289;-99.990;0.00;-92.60;
2025-10-30 18:21:09.12;0.00:00:10:701;-1.00;0.00;-0.01;0.07418;-0.07422;-1.905E-05;-0.0004896;-89.99;-0.19;100.05;0.66;100.05;0.07418;0.07422;-3.954E-05;-11.297;-11.295;-99.990;0.00;-92.23;
2025-10-30 18:21:09.17;0.00:00:10:747;-1.00;0.00;-0.01;0.07416;-0.0742;-2.364E-05;-0.000491;-89.99;-0.19;100.05;0.66;100.05;0.07416;0.0742;-3.664E-05;-11.298;-11.296;-99.990;0.00;-92.76;
2025-10-30 18:21:09.22;0.00:00:10:799;-1.00;0.00;-0.01;0.07421;-0.07425;-5.543E-06;-0.000495;-90.00;-0.19;100.05;0.67;100.05;0.07421;0.07425;-3.993E-05;-11.295;-11.293;-99.990;0.00;-90.64;
2025-10-30 18:21:09.27;0.00:00:10:850;-1.00;0.00;-0.01;0.07427;-0.07431;3.17E-06;-0.0004925;90.00;-0.19;100.06;0.66;100.05;0.07427;0.07431;-4.182E-05;-11.292;-11.289;-99.990;0.00;-89.63;
2025-10-30 18:21:09.32;0.00:00:10:902;-1.00;0.00;-0.01;0.07431;-0.07435;-1.031E-05;-0.0004975;-90.00;-0.19;100.05;0.67;100.05;0.07431;0.07435;-4.02E-05;-11.289;-11.287;-99.990;0.00;-91.19;
2025-10-30 18:21:09.38;0.00:00:10:952;-1.00;0.00;-0.01;0.07432;-0.07436;-1.135E-05;-0.0004869;-90.00;-0.19;100.05;0.66;100.05;0.07432;0.07436;-3.976E-05;-11.289;-11.287;-99.990;0.00;-91.33;
2025-10-30 18:21:09.42;0.00:00:10:999;-1.00;0.00;-0.01;0.07426;-0.07429;-2.293E-05;-0.0004901;-89.99;-0.19;100.05;0.66;100.05;0.07426;0.0743;-3.817E-05;-11.293;-11.290;-99.990;0.00;-92.68;
2025-10-30 18:21:09.47;0.00:00:11:050;-1.00;0.00;-0.01;0.07426;-0.07429;-7.181E-06;-0.0004903;-90.00;-0.19;100.05;0.66;100.05;0.07426;0.0743;-3.861E-05;-11.293;-11.290;-99.990;0.00;-90.84;
2025-10-30 18:21:09.53;0.00:00:11:102;-1.00;0.00;-0.01;0.0742;-0.07424;-1.044E-05;-0.0004931;-90.00;-0.19;100.06;0.66;100.05;0.0742;0.07424;-4.125E-05;-11.296;-11.294;-99.990;0.00;-91.21;
2025-10-30 18:21:09.58;0.00:00:11:156;-1.00;0.00;-0.01;0.07418;-0.07422;-1.474E-05;-0.0004976;-89.99;-0.19;100.06;0.67;100.05;0.07418;0.07423;-4.199E-05;-11.297;-11.294;-99.990;0.00;-91.70;
2025-10-30 18:21:09.63;0.00:00:11:206;-1.00;0.00;-0.01;0.07419;-0.07422;-1.089E-05;-0.000492;-90.00;-0.19;100.05;0.66;100.05;0.07419;0.07422;-3.902E-05;-11.297;-11.295;-99.990;0.00;-91.27;
2025-10-30 18:21:09.68;0.00:00:11:257;-1.00;0.00;-0.01;0.07421;-0.07425;-2.425E-06;-0.0004917;-90.00;-0.19;100.05;0.66;100.05;0.07421;0.07425;-3.733E-05;-11.295;-11.293;-99.990;0.00;-90.28;
2025-10-30 18:21:09.73;0.00:00:11:303;-1.00;0.00;-0.01;0.07421;-0.07425;-1.623E-05;-0.0004945;-89.99;-0.19;100.05;0.67;100.05;0.07421;0.07425;-3.97E-05;-11.295;-11.293;-99.990;0.00;-91.88;
2025-10-30 18:21:09.78;0.00:00:11:354;-1.00;0.00;-0.01;0.07419;-0.07422;-1.638E-05;-0.000498;-89.99;-0.19;100.05;0.67;100.05;0.07419;0.07423;-3.932E-05;-11.297;-11.294;-99.990;0.00;-91.88;
2025-10-30 18:21:09.83;0.00:00:11:412;-1.00;0.00;-0.01;0.07415;-0.07419;-1.444E-05;-0.0004934;-89.99;-0.19;100.06;0.67;100.05;0.07415;0.07419;-4.152E-05;-11.299;-11.296;-99.990;0.00;-91.68;
2025-10-30 18:21:09.89;0.00:00:11:464;-1.00;0.00;-0.01;0.07413;-0.07417;-9.987E-06;-0.0004903;-90.00;-0.19;100.05;0.66;100.05;0.07413;0.07417;-3.907E-05;-11.300;-11.298;-99.990;0.00;-91.17;
2025-10-30 18:21:09.94;0.00:00:11:516;-1.00;0.00;-0.01;0.07419;-0.07423;-7.769E-06;-0.0004929;-90.00;-0.19;100.06;0.66;100.05;0.07419;0.07423;-4.17E-05;-11.296;-11.294;-99.990;0.00;-90.90;
2025-10-30 18:21:09.99;0.00:00:11:568;-1.00;0.00;-0.01;0.07423;-0.07427;-2.084E-05;-0.0004903;-89.99;-0.19;100.05;0.66;100.05;0.07423;0.07427;-3.852E-05;-11.294;-11.292;-99.990;0.00;-92.43;
2025-10-30 18:21:10.04;0.00:00:11:619;-1.00;0.00;-0.01;0.07423;-0.07428;-1.565E-05;-0.0004917;-89.99;-0.19;100.06;0.66;100.05;0.07423;0.07428;-4.187E-05;-11.294;-11.291;-99.990;0.00;-91.82;
2025-10-30 18:21:10.09;0.00:00:11:666;-1.00;0.00;-0.01;0.07425;-0.07429;-1.238E-05;-0.0004897;-90.00;-0.19;100.05;0.66;100.05;0.07425;0.07429;-3.868E-05;-11.293;-11.291;-99.990;0.00;-91.45;
2025-10-30 18:21:10.14;0.00:00:11:713;-1.00;0.00;-0.01;0.07424;-0.07428;-1.728E-05;-0.0004996;-89.99;-0.19;100.05;0.67;100.05;0.07424;0.07428;-4.076E-05;-11.293;-11.291;-99.990;0.00;-91.98;
2025-10-30 18:21:10.19;0.00:00:11:763;-1.00;0.00;-0.01;0.07427;-0.07431;-1.683E-06;-0.0004904;-90.00;-0.19;100.06;0.66;100.05;0.07427;0.07431;-4.107E-05;-11.292;-11.289;-99.990;0.00;-90.20;
2025-10-30 18:21:10.23;0.00:00:11:811;-1.00;0.00;-0.01;0.07426;-0.0743;-1.045E-05;-0.0004924;-90.00;-0.19;100.05;0.66;100.05;0.07426;0.0743;-3.973E-05;-11.292;-11.290;-99.990;0.00;-91.22;
2025-10-30 18:21:10.28;0.00:00:11:858;-1.00;0.00;-0.01;0.07427;-0.07431;-1.342E-05;-0.0005005;-89.99;-0.19;100.05;0.67;100.05;0.07427;0.07431;-3.877E-05;-11.292;-11.289;-99.990;0.00;-91.54;
2025-10-30 18:21:10.33;0.00:00:11:907;-1.00;0.00;-0.01;0.07426;-0.0743;-9.262E-06;-0.0005022;-90.00;-0.19;100.05;0.68;100.05;0.07426;0.0743;-3.988E-05;-11.292;-11.290;-99.990;0.00;-91.06;
2025-10-30 18:21:10.38;0.00:00:11:953;-1.00;0.00;-0.01;0.07429;-0.07433;-1.387E-05;-0.0004939;-89.99;-0.19;100.05;0.66;100.05;0.07429;0.07433;-3.819E-05;-11.290;-11.288;-99.990;0.00;-91.61;
2025-10-30 18:21:10.43;0.00:00:12:006;-1.00;0.00;-0.01;0.07428;-0.07432;-2.175E-05;-0.000496;-89.99;-0.19;100.05;0.67;100.05;0.07428;0.07432;-3.952E-05;-11.291;-11.289;-99.990;0.00;-92.51;
2025-10-30 18:21:10.48;0.00:00:12:057;-1.00;0.00;-0.01;0.07426;-0.0743;-1.209E-05;-0.0004968;-90.00;-0.19;100.05;0.67;100.05;0.07426;0.0743;-4.018E-05;-11.292;-11.290;-99.990;0.00;-91.39;
2025-10-30 18:21:10.53;0.00:00:12:103;-1.00;0.00;-0.01;0.07424;-0.07428;-1.357E-05;-0.000492;-89.99;-0.19;100.05;0.66;100.05;0.07424;0.07428;-4.061E-05;-11.294;-11.291;-99.990;0.00;-91.58;
2025-10-30 18:21:10.58;0.00:00:12:152;-1.00;0.00;-0.01;0.07425;-0.07429;-1.534E-06;-0.0005006;-90.00;-0.19;100.06;0.67;100.05;0.07425;0.07429;-4.136E-05;-11.293;-11.291;-99.990;0.00;-90.18;
2025-10-30 18:21:10.62;0.00:00:12:202;-1.00;0.00;-0.01;0.07426;-0.0743;-1.714E-05;-0.0004953;-89.99;-0.19;100.05;0.67;100.05;0.07426;0.0743;-3.928E-05;-11.292;-11.290;-99.990;0.00;-91.98;
2025-10-30 18:21:10.68;0.00:00:12:255;-1.00;0.00;-0.01;0.07427;-0.07431;-1.015E-05;-0.0004904;-90.00;-0.19;100.05;0.66;100.05;0.07427;0.07431;-3.988E-05;-11.292;-11.290;-99.990;0.00;-91.19;
2025-10-30 18:21:10.73;0.00:00:12:305;-1.00;0.00;-0.01;0.07423;-0.07427;-1.639E-05;-0.0004941;-89.99;-0.19;100.05;0.67;100.05;0.07423;0.07427;-3.875E-05;-11.294;-11.292;-99.990;0.00;-91.90;
2025-10-30 18:21:10.78;0.00:00:12:357;-1.00;0.00;-0.01;0.07424;-0.07428;-9.705E-06;-0.0004976;-90.00;-0.19;100.06;0.67;100.05;0.07424;0.07428;-4.195E-05;-11.294;-11.291;-99.990;0.00;-91.12;
2025-10-30 18:21:10.83;0.00:00:12:408;-1.00;0.00;-0.01;0.07425;-0.07429;-6.14E-06;-0.0004919;-90.00;-0.19;100.05;0.66;100.05;0.07425;0.07429;-4.002E-05;-11.293;-11.291;-99.990;0.00;-90.71;
2025-10-30 18:21:10.88;0.00:00:12:458;-1.00;0.00;-0.01;0.07427;-0.07431;7.925E-06;-0.0004948;90.00;-0.19;100.06;0.67;100.06;0.07427;0.07431;-4.285E-05;-11.292;-11.290;-99.990;0.00;-89.08;
2025-10-30 18:21:10.93;0.00:00:12:510;-1.00;0.00;-0.01;0.07422;-0.07425;-1.163E-05;-0.0004835;-90.00;-0.19;100.05;0.65;100.05;0.07422;0.07426;-3.696E-05;-11.295;-11.293;-99.990;0.00;-91.38;
2025-10-30 18:21:10.98;0.00:00:12:561;-1.00;0.00;-0.01;0.07416;-0.0742;-1.311E-05;-0.0004878;-89.99;-0.19;100.05;0.66;100.05;0.07416;0.0742;-3.938E-05;-11.298;-11.296;-99.990;0.00;-91.54;
2025-10-30 18:21:11.04;0.00:00:12:618;-1.00;0.00;-0.01;0.07417;-0.07421;-9.251E-06;-0.0004999;-90.00;-0.19;100.05;0.67;100.05;0.07417;0.07421;-3.916E-05;-11.298;-11.295;-99.990;0.00;-91.06;
2025-10-30 18:21:11.09;0.00:00:12:665;-1.00;0.00;-0.01;0.0742;-0.07424;-1.252E-05;-0.0005027;-90.00;-0.19;100.05;0.68;100.05;0.0742;0.07424;-4.044E-05;-11.296;-11.293;-99.990;0.00;-91.43;
2025-10-30 18:21:11.14;0.00:00:12:714;-1.00;0.00;-0.01;0.07421;-0.07425;-1.236E-06;-0.0004958;-90.00;-0.19;100.05;0.67;100.05;0.07421;0.07425;-4.066E-05;-11.296;-11.293;-99.990;0.00;-90.14;
2025-10-30 18:21:11.19;0.00:00:12:766;-1.00;0.00;-0.01;0.07427;-0.07431;2.129E-06;-0.0004934;90.00;-0.19;100.06;0.66;100.05;0.07427;0.07432;-4.174E-05;-11.292;-11.289;-99.990;0.00;-89.75;
2025-10-30 18:21:11.24;0.00:00:12:819;-1.00;0.00;-0.01;0.07429;-0.07433;-1.238E-06;-0.0004988;-90.00;-0.19;100.06;0.67;100.05;0.07429;0.07434;-4.086E-05;-11.290;-11.288;-99.990;0.00;-90.14;
2025-10-30 18:21:11.29;0.00:00:12:867;-1.00;0.00;-0.01;0.07429;-0.07433;-2.012E-05;-0.0004929;-89.99;-0.19;100.05;0.66;100.05;0.07429;0.07433;-3.93E-05;-11.291;-11.288;-99.990;0.00;-92.34;
2025-10-30 18:21:11.35;0.00:00:12:923;-1.00;0.00;-0.01;0.07434;-0.07438;-1.716E-05;-0.0004937;-89.99;-0.19;100.05;0.66;100.05;0.07434;0.07438;-3.74E-05;-11.288;-11.285;-99.990;0.00;-91.99;
2025-10-30 18:21:11.40;0.00:00:12:975;-1.00;0.00;-0.01;0.07435;-0.07439;-2.251E-05;-0.0004952;-89.99;-0.19;100.05;0.67;100.05;0.07435;0.07439;-4.03E-05;-11.287;-11.285;-99.990;0.00;-92.60;
2025-10-30 18:21:11.45;0.00:00:13:027;-1.00;0.00;-0.01;0.07435;-0.07438;-2.088E-05;-0.0004989;-89.99;-0.19;100.05;0.67;100.05;0.07435;0.07439;-4E-05;-11.287;-11.285;-99.990;0.00;-92.40;
2025-10-30 18:21:11.50;0.00:00:13:076;-1.00;0.00;-0.01;0.07435;-0.07438;-1.165E-05;-0.0004935;-90.00;-0.19;100.05;0.66;100.05;0.07435;0.07439;-3.881E-05;-11.287;-11.285;-99.990;0.00;-91.35;
2025-10-30 18:21:11.55;0.00:00:13:128;-1.00;0.00;-0.01;0.07433;-0.07436;-1.938E-05;-0.000491;-89.99;-0.19;100.05;0.66;100.05;0.07433;0.07436;-3.872E-05;-11.289;-11.286;-99.990;0.00;-92.26;
2025-10-30 18:21:11.60;0.00:00:13:181;-1.00;0.00;-0.01;0.07433;-0.07437;-6.891E-06;-0.0004877;-90.00;-0.19;100.05;0.66;100.05;0.07433;0.07437;-3.784E-05;-11.288;-11.286;-99.990;0.00;-90.81;
2025-10-30 18:21:11.65;0.00:00:13:227;-1.00;0.00;-0.01;0.07432;-0.07436;-2.057E-05;-0.0004936;-89.99;-0.19;100.05;0.66;100.05;0.07432;0.07436;-4.028E-05;-11.289;-11.287;-99.990;0.00;-92.39;
2025-10-30 18:21:11.70;0.00:00:13:278;-1.00;0.00;-0.01;0.0743;-0.07434;-8.523E-06;-0.0004933;-90.00;-0.19;100.05;0.66;100.05;0.0743;0.07434;-4.02E-05;-11.290;-11.288;-99.990;0.00;-90.99;
2025-10-30 18:21:11.75;0.00:00:13:327;-1.00;0.00;-0.01;0.07428;-0.07432;-1.164E-05;-0.000495;-90.00;-0.19;100.06;0.67;100.05;0.07428;0.07432;-4.152E-05;-11.291;-11.289;-99.990;0.00;-91.35;
2025-10-30 18:21:11.80;0.00:00:13:374;-1.00;0.00;-0.01;0.07429;-0.07432;-6.738E-06;-0.0005039;-90.00;-0.19;100.05;0.68;100.05;0.07429;0.07433;-3.87E-05;-11.291;-11.289;-99.990;0.00;-90.77;
2025-10-30 18:21:11.85;0.00:00:13:423;-1.00;0.00;-0.01;0.07429;-0.07433;-1.566E-05;-0.0005016;-89.99;-0.19;100.05;0.68;100.05;0.07429;0.07433;-4.019E-05;-11.291;-11.288;-99.990;0.00;-91.79;
2025-10-30 18:21:11.90;0.00:00:13:473;-1.00;0.00;-0.01;0.0743;-0.07434;1.089E-06;-0.0004879;90.00;-0.19;100.06;0.66;100.05;0.0743;0.07435;-4.109E-05;-11.290;-11.287;-99.990;0.00;-89.87;
2025-10-30 18:21:11.95;0.00:00:13:523;-1.00;0.00;-0.01;0.07426;-0.0743;-8.37E-06;-0.0004953;-90.00;-0.19;100.05;0.67;100.05;0.07426;0.0743;-3.81E-05;-11.292;-11.290;-99.990;0.00;-90.97;
2025-10-30 18:21:12.00;0.00:00:13:574;-1.00;0.00;-0.01;0.07424;-0.07428;-1.58E-05;-0.0004975;-89.99;-0.19;100.05;0.67;100.05;0.07424;0.07428;-3.846E-05;-11.294;-11.291;-99.990;0.00;-91.82;
2025-10-30 18:21:12.04;0.00:00:13:618;-1.00;0.00;-0.01;0.07423;-0.07427;-1.03E-05;-0.0004969;-90.00;-0.19;100.05;0.67;100.05;0.07423;0.07427;-3.979E-05;-11.294;-11.292;-99.990;0.00;-91.19;
2025-10-30 18:21:12.09;0.00:00:13:667;-1.00;0.00;-0.01;0.07424;-0.07428;-1.372E-05;-0.0004987;-89.99;-0.19;100.06;0.67;100.05;0.07424;0.07428;-4.113E-05;-11.294;-11.291;-99.990;0.00;-91.57;
2025-10-30 18:21:12.14;0.00:00:13:717;-1.00;0.00;-0.01;0.07428;-0.07432;-1.387E-05;-0.0004925;-89.99;-0.19;100.06;0.66;100.06;0.07428;0.07432;-4.308E-05;-11.291;-11.289;-99.990;0.00;-91.61;
2025-10-30 18:21:12.19;0.00:00:13:770;-1.00;0.00;-0.01;0.07427;-0.07431;-4.061E-06;-0.0004942;-90.00;-0.19;100.05;0.67;100.05;0.07427;0.07431;-3.899E-05;-11.292;-11.290;-99.990;0.00;-90.47;
2025-10-30 18:21:12.25;0.00:00:13:822;-1.00;0.00;-0.01;0.07427;-0.0743;4.507E-06;-0.0005015;90.00;-0.19;100.05;0.68;100.05;0.07427;0.07431;-4.04E-05;-11.292;-11.290;-99.990;0.00;-89.48;
2025-10-30 18:21:12.30;0.00:00:13:874;-1.00;0.00;-0.01;0.0743;-0.07434;-2.042E-05;-0.0004962;-89.99;-0.19;100.05;0.67;100.05;0.0743;0.07434;-3.96E-05;-11.290;-11.288;-99.990;0.00;-92.36;
2025-10-30 18:21:12.35;0.00:00:13:925;-1.00;0.00;-0.01;0.07428;-0.07432;-1.402E-05;-0.0005005;-89.99;-0.19;100.06;0.67;100.05;0.07428;0.07432;-4.175E-05;-11.291;-11.289;-99.990;0.00;-91.60;
2025-10-30 18:21:12.40;0.00:00:13:975;-1.00;0.00;-0.01;0.07434;-0.07438;-6.892E-06;-0.0004953;-90.00;-0.19;100.05;0.67;100.05;0.07434;0.07438;-4.081E-05;-11.288;-11.285;-99.990;0.00;-90.80;
2025-10-30 18:21:12.45;0.00:00:14:026;-1.00;0.00;-0.01;0.07433;-0.07437;-3.767E-06;-0.0004924;-90.00;-0.19;100.05;0.66;100.05;0.07433;0.07437;-3.932E-05;-11.288;-11.286;-99.990;0.00;-90.44;
2025-10-30 18:21:12.50;0.00:00:14:077;-1.00;0.00;-0.01;0.07432;-0.07436;-1.552E-05;-0.0004982;-89.99;-0.19;100.06;0.67;100.05;0.07432;0.07437;-4.192E-05;-11.289;-11.286;-99.990;0.00;-91.78;
2025-10-30 18:21:12.55;0.00:00:14:127;-1.00;0.00;-0.01;0.07429;-0.07433;-1.328E-05;-0.0004951;-89.99;-0.19;100.05;0.67;100.05;0.07429;0.07433;-4.049E-05;-11.291;-11.288;-99.990;0.00;-91.54;
2025-10-30 18:21:12.60;0.00:00:14:174;-1.00;0.00;-0.01;0.07431;-0.07436;-1.061E-05;-0.0005011;-90.00;-0.19;100.06;0.67;100.05;0.07431;0.07436;-4.191E-05;-11.289;-11.287;-99.990;0.00;-91.21;
2025-10-30 18:21:12.65;0.00:00:14:225;-1.00;0.00;-0.01;0.07435;-0.07439;-1.463E-05;-0.0004999;-89.99;-0.19;100.05;0.67;100.05;0.07435;0.07439;-3.888E-05;-11.287;-11.285;-99.990;0.00;-91.68;
2025-10-30 18:21:12.70;0.00:00:14:277;-1.00;0.00;-0.01;0.07431;-0.07435;-1.432E-05;-0.000493;-89.99;-0.19;100.05;0.66;100.05;0.07431;0.07435;-3.775E-05;-11.289;-11.287;-99.990;0.00;-91.66;
2025-10-30 18:21:12.75;0.00:00:14:330;-1.00;0.00;-0.01;0.07424;-0.07427;-1.936E-05;-0.0005008;-89.99;-0.19;100.05;0.67;100.05;0.07424;0.07428;-3.927E-05;-11.294;-11.292;-99.990;0.00;-92.21;
2025-10-30 18:21:12.80;0.00:00:14:382;-1.00;0.00;-0.01;0.07424;-0.07427;-5.99E-06;-0.0004942;-90.00;-0.19;100.05;0.67;100.05;0.07424;0.07427;-3.563E-05;-11.294;-11.292;-99.990;0.00;-90.69;
2025-10-30 18:21:12.86;0.00:00:14:434;-1.00;0.00;-0.01;0.07421;-0.07425;-2.024E-05;-0.0004978;-89.99;-0.19;100.05;0.67;100.05;0.07421;0.07425;-3.904E-05;-11.295;-11.293;-99.990;0.00;-92.33;
2025-10-30 18:21:12.91;0.00:00:14:486;-1.00;0.00;-0.01;0.07422;-0.07426;-9.257E-06;-0.000497;-90.00;-0.19;100.05;0.67;100.05;0.07422;0.07426;-3.956E-05;-11.295;-11.292;-99.990;0.00;-91.07;
2025-10-30 18:21:12.97;0.00:00:14:543;-1.00;0.00;-0.01;0.07423;-0.07426;-5.098E-06;-0.0004922;-90.00;-0.19;100.05;0.66;100.05;0.07423;0.07426;-3.785E-05;-11.294;-11.292;-99.990;0.00;-90.59;
2025-10-30 18:21:13.02;0.00:00:14:595;-1.00;0.00;-0.01;0.07424;-0.07428;-8.962E-06;-0.000494;-90.00;-0.19;100.05;0.67;100.05;0.07424;0.07428;-3.965E-05;-11.293;-11.291;-99.990;0.00;-91.04;
2025-10-30 18:21:13.07;0.00:00:14:644;-1.00;0.00;-0.01;0.07424;-0.07428;-2.263E-05;-0.0005003;-89.99;-0.19;100.06;0.67;100.05;0.07424;0.07428;-4.217E-05;-11.294;-11.291;-99.990;0.00;-92.59;
2025-10-30 18:21:13.12;0.00:00:14:696;-1.00;0.00;-0.01;0.07425;-0.07429;-1.535E-05;-0.000496;-89.99;-0.19;100.05;0.67;100.05;0.07425;0.07429;-3.809E-05;-11.293;-11.291;-99.990;0.00;-91.77;
2025-10-30 18:21:13.17;0.00:00:14:749;-1.00;0.00;-0.01;0.07425;-0.07429;-3.614E-06;-0.0004939;-90.00;-0.19;100.05;0.67;100.05;0.07425;0.07429;-3.965E-05;-11.293;-11.291;-99.990;0.00;-90.42;
2025-10-30 18:21:13.22;0.00:00:14:798;-1.00;0.00;-0.01;0.07427;-0.07431;-5.696E-06;-0.0004967;-90.00;-0.19;100.05;0.67;100.05;0.07427;0.07431;-3.877E-05;-11.292;-11.290;-99.990;0.00;-90.66;
2025-10-30 18:21:13.27;0.00:00:14:844;-1.00;0.00;-0.01;0.07424;-0.07428;-1.535E-05;-0.0004954;-89.99;-0.19;100.06;0.67;100.05;0.07424;0.07428;-4.083E-05;-11.293;-11.291;-99.990;0.00;-91.78;
2025-10-30 18:21:13.32;0.00:00:14:896;-1.00;0.00;-0.01;0.07421;-0.07425;-2.039E-05;-0.0005003;-89.99;-0.19;100.05;0.67;100.05;0.07421;0.07425;-3.792E-05;-11.295;-11.293;-99.990;0.00;-92.33;
2025-10-30 18:21:13.37;0.00:00:14:950;-1.00;0.00;-0.01;0.07416;-0.0742;-2.943E-05;-0.0004998;-89.99;-0.19;100.05;0.67;100.05;0.07416;0.0742;-3.983E-05;-11.298;-11.296;-99.990;0.00;-93.37;
2025-10-30 18:21:13.43;0.00:00:15:002;-1.00;0.00;-0.01;0.07421;-0.07425;-1.237E-05;-0.0004956;-90.00;-0.19;100.05;0.67;100.05;0.07421;0.07425;-4E-05;-11.295;-11.293;-99.990;0.00;-91.43;
2025-10-30 18:21:13.47;0.00:00:15:052;-1.00;0.00;-0.01;0.07419;-0.07423;-1.385E-06;-0.000488;-90.00;-0.19;100.05;0.66;100.05;0.07419;0.07423;-3.873E-05;-11.297;-11.294;-99.990;0.00;-90.16;
2025-10-30 18:21:13.52;0.00:00:15:097;-1.00;0.00;-0.01;0.07419;-0.07423;-6.877E-06;-0.0004974;-90.00;-0.19;100.05;0.67;100.05;0.07419;0.07423;-3.836E-05;-11.296;-11.294;-99.990;0.00;-90.79;
2025-10-30 18:21:13.57;0.00:00:15:142;-1.00;0.00;-0.01;0.07422;-0.07425;-1.475E-05;-0.0004965;-89.99;-0.19;100.05;0.67;100.05;0.07422;0.07425;-3.548E-05;-11.295;-11.293;-99.990;0.00;-91.70;
2025-10-30 18:21:13.62;0.00:00:15:194;-1.00;0.00;-0.01;0.07419;-0.07423;-8.363E-06;-0.0004936;-90.00;-0.19;100.06;0.67;100.05;0.07419;0.07424;-4.103E-05;-11.296;-11.294;-99.990;0.00;-90.97;
2025-10-30 18:21:13.66;0.00:00:15:239;-1.00;0.00;-0.01;0.07416;-0.07419;-1.756E-05;-0.0004946;-89.99;-0.19;100.05;0.67;100.05;0.07416;0.07419;-3.752E-05;-11.298;-11.296;-99.990;0.00;-92.03;
2025-10-30 18:21:13.71;0.00:00:15:289;-1.00;0.00;-0.01;0.07418;-0.07422;-9.549E-06;-0.0004977;-90.00;-0.19;100.06;0.67;100.05;0.07418;0.07422;-4.139E-05;-11.297;-11.295;-99.990;0.00;-91.10;
2025-10-30 18:21:13.76;0.00:00:15:340;-1.00;0.00;-0.01;0.07419;-0.07423;-4.799E-06;-0.0004934;-90.00;-0.19;100.05;0.67;100.05;0.07419;0.07423;-4.021E-05;-11.297;-11.294;-99.990;0.00;-90.56;
2025-10-30 18:21:13.82;0.00:00:15:393;-1.00;0.00;-0.01;0.07419;-0.07423;-1.088E-06;-0.0004942;-90.00;-0.19;100.06;0.67;100.05;0.07419;0.07424;-4.192E-05;-11.296;-11.294;-99.990;0.00;-90.13;
2025-10-30 18:21:13.87;0.00:00:15:447;-1.00;0.00;-0.01;0.07423;-0.07427;1.831E-06;-0.0004998;90.00;-0.19;100.05;0.67;100.05;0.07423;0.07427;-3.934E-05;-11.294;-11.292;-99.990;0.00;-89.79;
2025-10-30 18:21:13.92;0.00:00:15:493;-1.00;0.00;-0.01;0.07421;-0.07425;-1.92E-05;-0.0004927;-89.99;-0.19;100.05;0.66;100.05;0.07421;0.07425;-3.814E-05;-11.295;-11.293;-99.990;0.00;-92.23;
2025-10-30 18:21:13.97;0.00:00:15:545;-1.00;0.00;-0.01;0.07424;-0.07428;-1.951E-05;-0.0004979;-89.99;-0.19;100.05;0.67;100.05;0.07424;0.07428;-4.016E-05;-11.294;-11.291;-99.990;0.00;-92.24;
2025-10-30 18:21:14.02;0.00:00:15:593;-1.00;0.00;-0.01;0.07421;-0.07424;-2.069E-05;-0.0005002;-89.99;-0.19;100.05;0.67;100.05;0.07421;0.07424;-3.718E-05;-11.296;-11.293;-99.990;0.00;-92.37;
2025-10-30 18:21:14.08;0.00:00:15:660;-1.00;0.00;-0.01;0.07419;-0.07423;-7.175E-06;-0.0004942;-90.00;-0.19;100.06;0.67;100.05;0.07419;0.07424;-4.133E-05;-11.296;-11.294;-99.990;0.00;-90.83;
2025-10-30 18:21:14.13;0.00:00:15:708;-1.00;0.00;-0.01;0.07412;-0.07416;-2.155E-05;-0.0004919;-89.99;-0.19;100.05;0.66;100.05;0.07412;0.07416;-4.01E-05;-11.301;-11.298;-99.990;0.00;-92.51;
2025-10-30 18:21:14.19;0.00:00:15:769;-1.00;0.00;-0.01;0.07415;-0.07419;-1.474E-05;-0.0004944;-89.99;-0.19;100.06;0.67;100.05;0.07415;0.07419;-4.152E-05;-11.299;-11.297;-99.990;0.00;-91.71;
2025-10-30 18:21:14.26;0.00:00:15:832;-1.00;0.00;-0.01;0.07411;-0.07415;-4.201E-06;-0.0004931;-90.00;-0.19;100.05;0.67;100.05;0.07411;0.07415;-3.965E-05;-11.301;-11.299;-99.990;0.00;-90.49;
2025-10-30 18:21:14.30;0.00:00:15:882;-1.00;0.00;-0.01;0.07417;-0.0742;-1.83E-05;-0.0004936;-89.99;-0.19;100.05;0.67;100.05;0.07417;0.07421;-3.968E-05;-11.298;-11.296;-99.990;0.00;-92.12;
2025-10-30 18:21:14.36;0.00:00:15:934;-1.00;0.00;-0.01;0.07418;-0.07422;-1.281E-05;-0.0004913;-90.00;-0.19;100.05;0.66;100.05;0.07418;0.07422;-3.902E-05;-11.297;-11.295;-99.990;0.00;-91.49;
2025-10-30 18:21:14.41;0.00:00:15:984;-1.00;0.00;-0.01;0.07421;-0.07425;-8.959E-06;-0.0005016;-90.00;-0.19;100.06;0.68;100.05;0.07421;0.07425;-4.171E-05;-11.295;-11.293;-99.990;0.00;-91.02;
2025-10-30 18:21:14.45;0.00:00:16:031;-1.00;0.00;-0.01;0.07421;-0.07425;-8.067E-06;-0.0005025;-90.00;-0.19;100.05;0.68;100.05;0.07421;0.07425;-3.896E-05;-11.295;-11.293;-99.990;0.00;-90.92;
2025-10-30 18:21:14.51;0.00:00:16:086;-1.00;0.00;-0.01;0.07423;-0.07427;-3.762E-06;-0.0004985;-90.00;-0.19;100.06;0.67;100.05;0.07423;0.07428;-4.135E-05;-11.294;-11.292;-99.990;0.00;-90.43;
2025-10-30 18:21:14.57;0.00:00:16:146;-1.00;0.00;-0.01;0.0742;-0.07424;-1.727E-05;-0.000498;-89.99;-0.19;100.06;0.67;100.06;0.0742;0.07424;-4.304E-05;-11.296;-11.293;-99.990;0.00;-91.99;
2025-10-30 18:21:14.62;0.00:00:16:198;-1.00;0.00;-0.01;0.07419;-0.07422;-1.4E-05;-0.0004944;-89.99;-0.19;100.05;0.67;100.05;0.07419;0.07423;-3.806E-05;-11.297;-11.294;-99.990;0.00;-91.62;
2025-10-30 18:21:14.67;0.00:00:16:249;-1.00;0.00;-0.01;0.07421;-0.07425;-1.059E-05;-0.0004963;-90.00;-0.19;100.06;0.67;100.06;0.07421;0.07425;-4.326E-05;-11.295;-11.293;-99.990;0.00;-91.22;
2025-10-30 18:21:14.72;0.00:00:16:297;-1.00;0.00;-0.01;0.07424;-0.07427;-2.159E-05;-0.0004976;-89.99;-0.19;100.05;0.67;100.05;0.07424;0.07427;-3.905E-05;-11.294;-11.292;-99.990;0.00;-92.48;
2025-10-30 18:21:14.77;0.00:00:16:351;-1.00;0.00;-0.01;0.07417;-0.07421;-1.341E-05;-0.0004933;-89.99;-0.19;100.05;0.67;100.05;0.07417;0.07421;-3.805E-05;-11.298;-11.295;-99.990;0.00;-91.56;
2025-10-30 18:21:14.82;0.00:00:16:402;-1.00;0.00;-0.01;0.07416;-0.0742;-1.622E-05;-0.0004999;-89.99;-0.19;100.06;0.67;100.05;0.07416;0.0742;-4.175E-05;-11.298;-11.296;-99.990;0.00;-91.86;
2025-10-30 18:21:14.88;0.00:00:16:453;-1.00;0.00;-0.01;0.07419;-0.07423;2.572E-06;-0.0004941;90.00;-0.19;100.05;0.67;100.05;0.07419;0.07423;-3.947E-05;-11.296;-11.294;-99.990;0.00;-89.70;
2025-10-30 18:21:14.94;0.00:00:16:516;-1.00;0.00;-0.01;0.07425;-0.07428;-1.788E-05;-0.0004908;-89.99;-0.19;100.05;0.66;100.05;0.07425;0.07429;-4.039E-05;-11.293;-11.291;-99.990;0.00;-92.09;
2025-10-30 18:21:15.00;0.00:00:16:579;-1.00;0.00;-0.01;0.07422;-0.07426;-1.356E-05;-0.0004961;-89.99;-0.19;100.05;0.67;100.05;0.07422;0.07426;-3.934E-05;-11.295;-11.292;-99.990;0.00;-91.57;
2025-10-30 18:21:15.05;0.00:00:16:628;-1.00;0.00;-0.01;0.07425;-0.07429;-1.194E-05;-0.0005001;-90.00;-0.19;100.05;0.67;100.05;0.07425;0.07429;-3.995E-05;-11.293;-11.290;-99.990;0.00;-91.37;
2025-10-30 18:21:15.10;0.00:00:16:680;-1.00;0.00;-0.01;0.07422;-0.07426;-1.787E-05;-0.0004975;-89.99;-0.19;100.05;0.67;100.05;0.07422;0.07426;-3.978E-05;-11.295;-11.292;-99.990;0.00;-92.06;
2025-10-30 18:21:15.16;0.00:00:16:741;-1.00;0.00;-0.01;0.07418;-0.07422;-1.46E-05;-0.000491;-89.99;-0.19;100.05;0.66;100.05;0.07418;0.07422;-3.932E-05;-11.297;-11.295;-99.990;0.00;-91.70;
2025-10-30 18:21:15.21;0.00:00:16:792;-1.00;0.00;-0.01;0.07413;-0.07417;-1.31E-05;-0.0004986;-89.99;-0.19;100.05;0.67;100.05;0.07413;0.07417;-3.884E-05;-11.300;-11.298;-99.990;0.00;-91.50;
2025-10-30 18:21:15.28;0.00:00:16:853;-1.00;0.00;-0.01;0.07411;-0.07415;-2.259E-05;-0.0004968;-89.99;-0.19;100.05;0.67;100.05;0.07411;0.07416;-4.069E-05;-11.301;-11.299;-99.990;0.00;-92.60;
2025-10-30 18:21:15.34;0.00:00:16:916;-1.00;0.00;-0.01;0.07409;-0.07413;-1.013E-05;-0.0004923;-90.00;-0.19;100.05;0.66;100.05;0.07409;0.07413;-4.038E-05;-11.302;-11.300;-99.990;0.00;-91.18;
2025-10-30 18:21:15.39;0.00:00:16:965;-1.00;0.00;-0.01;0.07412;-0.07416;-8.65E-06;-0.0004953;-90.00;-0.19;100.06;0.67;100.05;0.07412;0.07416;-4.091E-05;-11.301;-11.298;-99.990;0.00;-91.00;
2025-10-30 18:21:15.44;0.00:00:17:018;-1.00;0.00;-0.01;0.0741;-0.07413;-1.71E-05;-0.0004962;-89.99;-0.19;100.05;0.67;100.05;0.0741;0.07414;-3.972E-05;-11.302;-11.300;-99.990;0.00;-91.97;
2025-10-30 18:21:15.49;0.00:00:17:068;-1.00;0.00;-0.01;0.07411;-0.07414;-1.503E-05;-0.0004997;-89.99;-0.19;100.05;0.67;100.05;0.07411;0.07414;-3.876E-05;-11.302;-11.299;-99.990;0.00;-91.72;
2025-10-30 18:21:15.54;0.00:00:17:121;-1.00;0.00;-0.01;0.07408;-0.07412;-6.274E-06;-0.0004893;-90.00;-0.19;100.05;0.66;100.05;0.07408;0.07412;-4.059E-05;-11.303;-11.301;-99.990;0.00;-90.74;
2025-10-30 18:21:15.59;0.00:00:17:172;-1.00;0.00;-0.01;0.0741;-0.07414;-1.221E-05;-0.0004975;-90.00;-0.19;100.05;0.67;100.05;0.0741;0.07414;-3.972E-05;-11.302;-11.300;-99.990;0.00;-91.41;
2025-10-30 18:21:15.65;0.00:00:17:223;-1.00;0.00;-0.01;0.07415;-0.07419;-3.313E-06;-0.0004997;-90.00;-0.19;100.06;0.67;100.05;0.07415;0.0742;-4.168E-05;-11.299;-11.296;-99.990;0.00;-90.38;
2025-10-30 18:21:15.70;0.00:00:17:273;-1.00;0.00;-0.01;0.07419;-0.07423;-8.659E-06;-0.0004996;-90.00;-0.19;100.05;0.67;100.05;0.07419;0.07423;-4.043E-05;-11.297;-11.294;-99.990;0.00;-90.99;
2025-10-30 18:21:15.75;0.00:00:17:323;-1.00;0.00;-0.01;0.07419;-0.07423;-8.066E-06;-0.0004958;-90.00;-0.19;100.05;0.67;100.05;0.07419;0.07423;-3.888E-05;-11.296;-11.294;-99.990;0.00;-90.93;
2025-10-30 18:21:15.80;0.00:00:17:375;-1.00;0.00;-0.01;0.07426;-0.07429;-6.141E-06;-0.0004933;-90.00;-0.19;100.05;0.66;100.05;0.07426;0.0743;-3.861E-05;-11.293;-11.290;-99.990;0.00;-90.71;
2025-10-30 18:21:15.85;0.00:00:17:427;-1.00;0.00;-0.01;0.07424;-0.07428;-2.01E-05;-0.0004991;-89.99;-0.19;100.05;0.67;100.05;0.07424;0.07428;-3.935E-05;-11.294;-11.291;-99.990;0.00;-92.31;
2025-10-30 18:21:15.90;0.00:00:17:477;-1.00;0.00;-0.01;0.07425;-0.07429;-1.134E-05;-0.0004974;-90.00;-0.19;100.06;0.67;100.05;0.07425;0.07429;-4.128E-05;-11.293;-11.291;-99.990;0.00;-91.31;
2025-10-30 18:21:15.95;0.00:00:17:529;-1.00;0.00;-0.01;0.07419;-0.07423;-1.133E-05;-0.0005021;-90.00;-0.19;100.06;0.68;100.05;0.07419;0.07423;-4.095E-05;-11.296;-11.294;-99.990;0.00;-91.29;
2025-10-30 18:21:16.01;0.00:00:17:590;-1.00;0.00;-0.01;0.07418;-0.07421;-1.548E-05;-0.0005047;-89.99;-0.19;100.05;0.68;100.05;0.07418;0.07422;-3.79E-05;-11.297;-11.295;-99.990;0.00;-91.76;
2025-10-30 18:21:16.07;0.00:00:17:642;-1.00;0.00;-0.01;0.07419;-0.07423;-9.846E-06;-0.0004926;-90.00;-0.19;100.05;0.66;100.05;0.07419;0.07423;-3.843E-05;-11.297;-11.294;-99.990;0.00;-91.14;
2025-10-30 18:21:16.11;0.00:00:17:689;-1.00;0.00;-0.01;0.07419;-0.07423;-1.029E-05;-0.0004966;-90.00;-0.19;100.06;0.67;100.05;0.07419;0.07423;-4.132E-05;-11.297;-11.294;-99.990;0.00;-91.19;
2025-10-30 18:21:16.16;0.00:00:17:736;-1.00;0.00;-0.01;0.07417;-0.07421;-7.469E-06;-0.0004924;-90.00;-0.19;100.05;0.66;100.05;0.07417;0.07421;-4.013E-05;-11.298;-11.295;-99.990;0.00;-90.87;
2025-10-30 18:21:16.21;0.00:00:17:783;-1.00;0.00;-0.01;0.07414;-0.07418;-1.444E-05;-0.0004962;-89.99;-0.19;100.06;0.67;100.06;0.07414;0.07418;-4.248E-05;-11.299;-11.297;-99.990;0.00;-91.67;
2025-10-30 18:21:16.25;0.00:00:17:828;-1.00;0.00;-0.01;0.07416;-0.0742;-2.097E-05;-0.0004975;-89.99;-0.19;100.05;0.67;100.05;0.07416;0.0742;-4.034E-05;-11.298;-11.296;-99.990;0.00;-92.41;
2025-10-30 18:21:16.30;0.00:00:17:876;-1.00;0.00;-0.01;0.07417;-0.07421;-1.979E-05;-0.0005013;-89.99;-0.19;100.06;0.68;100.06;0.07417;0.07421;-4.339E-05;-11.298;-11.295;-99.990;0.00;-92.26;
2025-10-30 18:21:16.35;0.00:00:17:923;-1.00;0.00;-0.01;0.07418;-0.07422;-1.281E-05;-0.0005009;-90.00;-0.19;100.05;0.68;100.05;0.07418;0.07422;-3.865E-05;-11.297;-11.295;-99.990;0.00;-91.46;
2025-10-30 18:21:16.39;0.00:00:17:969;-1.00;0.00;-0.01;0.0741;-0.07414;-1.384E-05;-0.0004962;-89.99;-0.19;100.05;0.67;100.05;0.0741;0.07414;-4.031E-05;-11.302;-11.299;-99.990;0.00;-91.60;
2025-10-30 18:21:16.44;0.00:00:18:017;-1.00;0.00;-0.01;0.07409;-0.07413;-8.647E-06;-0.0004954;-90.00;-0.19;100.05;0.67;100.05;0.07409;0.07413;-3.942E-05;-11.302;-11.300;-99.990;0.00;-91.00;
2025-10-30 18:21:16.49;0.00:00:18:064;-1.00;0.00;-0.01;0.07415;-0.07419;5.094E-06;-0.0004989;90.00;-0.19;100.06;0.67;100.05;0.07415;0.07419;-4.093E-05;-11.299;-11.296;-99.990;0.00;-89.41;
2025-10-30 18:21:16.53;0.00:00:18:112;-1.00;0.00;-0.01;0.07415;-0.07419;-2.023E-05;-0.0004879;-89.99;-0.19;100.05;0.66;100.05;0.07415;0.07419;-3.626E-05;-11.299;-11.297;-99.990;0.00;-92.37;
2025-10-30 18:21:16.58;0.00:00:18:158;-1.00;0.00;-0.01;0.07412;-0.07416;-9.837E-06;-0.0004976;-90.00;-0.19;100.05;0.67;100.05;0.07412;0.07416;-3.854E-05;-11.301;-11.298;-99.990;0.00;-91.13;
2025-10-30 18:21:16.63;0.00:00:18:204;-1.00;0.00;-0.01;0.07413;-0.07417;-1.192E-05;-0.0004987;-90.00;-0.19;100.05;0.67;100.05;0.07413;0.07417;-4.018E-05;-11.300;-11.298;-99.990;0.00;-91.37;
2025-10-30 18:21:16.67;0.00:00:18:252;-1.00;0.00;-0.01;0.07412;-0.07416;-1.102E-05;-0.0004948;-90.00;-0.19;100.05;0.67;100.05;0.07412;0.07416;-3.832E-05;-11.301;-11.298;-99.990;0.00;-91.28;
2025-10-30 18:21:16.72;0.00:00:18:298;-1.00;0.00;-0.01;0.07409;-0.07412;-1.932E-05;-0.0004987;-89.99;-0.19;100.05;0.67;100.05;0.07409;0.07413;-3.882E-05;-11.303;-11.300;-99.990;0.00;-92.22;
2025-10-30 18:21:16.77;0.00:00:18:345;-1.00;0.00;-0.01;0.07414;-0.07418;-1.83E-05;-0.0004988;-89.99;-0.19;100.05;0.67;100.05;0.07414;0.07418;-3.707E-05;-11.299;-11.297;-99.990;0.00;-92.10;
2025-10-30 18:21:16.81;0.00:00:18:392;-1.00;0.00;-0.01;0.07417;-0.07421;-3.759E-06;-0.0004957;-90.00;-0.19;100.06;0.67;100.05;0.07417;0.07421;-4.087E-05;-11.298;-11.295;-99.990;0.00;-90.43;
2025-10-30 18:21:16.86;0.00:00:18:441;-1.00;0.00;-0.01;0.07415;-0.07419;-1.548E-05;-0.0004931;-89.99;-0.19;100.05;0.66;100.05;0.07415;0.07419;-3.834E-05;-11.299;-11.296;-99.990;0.00;-91.80;
2025-10-30 18:21:16.92;0.00:00:18:501;-1.00;0.00;-0.01;0.07413;-0.07416;-1.058E-05;-0.0004988;-90.00;-0.19;100.05;0.67;100.05;0.07413;0.07417;-4.01E-05;-11.300;-11.298;-99.990;0.00;-91.22;
2025-10-30 18:21:16.97;0.00:00:18:547;-1.00;0.00;-0.01;0.07414;-0.07418;-2.735E-05;-0.0005001;-89.99;-0.19;100.05;0.67;100.05;0.07414;0.07418;-3.9E-05;-11.299;-11.297;-99.990;0.00;-93.13;
2025-10-30 18:21:17.02;0.00:00:18:593;-1.00;0.00;-0.01;0.07417;-0.0742;4.352E-06;-0.0004983;90.00;-0.19;100.05;0.67;100.05;0.07417;0.07421;-3.82E-05;-11.298;-11.296;-99.990;0.00;-89.50;
2025-10-30 18:21:17.06;0.00:00:18:642;-1.00;0.00;-0.01;0.07416;-0.0742;-1.504E-05;-0.0004983;-89.99;-0.19;100.05;0.67;100.05;0.07416;0.0742;-3.856E-05;-11.298;-11.296;-99.990;0.00;-91.73;
2025-10-30 18:21:17.11;0.00:00:18:688;-1.00;0.00;-0.01;0.07417;-0.07421;-4.353E-06;-0.0004985;-90.00;-0.19;100.05;0.67;100.05;0.07417;0.07421;-3.886E-05;-11.298;-11.295;-99.990;0.00;-90.50;
2025-10-30 18:21:17.16;0.00:00:18:733;-1.00;0.00;-0.01;0.07417;-0.07421;-2.157E-05;-0.0004951;-89.99;-0.19;100.05;0.67;100.05;0.07417;0.07421;-4.05E-05;-11.298;-11.295;-99.990;0.00;-92.49;
2025-10-30 18:21:17.20;0.00:00:18:781;-1.00;0.00;-0.01;0.0742;-0.07424;-1.623E-05;-0.0004993;-89.99;-0.19;100.05;0.67;100.05;0.0742;0.07424;-4.036E-05;-11.296;-11.294;-99.990;0.00;-91.86;
2025-10-30 18:21:17.25;0.00:00:18:829;-1.00;0.00;-0.01;0.07423;-0.07427;-1.49E-05;-0.0004957;-89.99;-0.19;100.06;0.67;100.06;0.07423;0.07427;-4.313E-05;-11.294;-11.292;-99.990;0.00;-91.72;
2025-10-30 18:21:17.30;0.00:00:18:876;-1.00;0.00;-0.01;0.07426;-0.07429;-1.387E-05;-0.0005014;-89.99;-0.19;100.05;0.68;100.05;0.07426;0.0743;-3.958E-05;-11.293;-11.290;-99.990;0.00;-91.58;
2025-10-30 18:21:17.34;0.00:00:18:921;-1.00;0.00;-0.01;0.07426;-0.0743;-4.209E-06;-0.0005005;-90.00;-0.19;100.06;0.67;100.05;0.07426;0.0743;-4.218E-05;-11.293;-11.290;-99.990;0.00;-90.48;
2025-10-30 18:21:17.39;0.00:00:18:968;-1.00;0.00;-0.01;0.07429;-0.07433;-4.359E-06;-0.0005026;-90.00;-0.19;100.05;0.68;100.05;0.07429;0.07433;-4.064E-05;-11.291;-11.288;-99.990;0.00;-90.50;
2025-10-30 18:21:17.44;0.00:00:19:017;-1.00;0.00;-0.01;0.07422;-0.07425;-1.698E-05;-0.0004977;-89.99;-0.19;100.05;0.67;100.05;0.07422;0.07426;-3.852E-05;-11.295;-11.293;-99.990;0.00;-91.95;
2025-10-30 18:21:17.49;0.00:00:19:064;-1.00;0.00;-0.01;0.07421;-0.07424;-7.621E-06;-0.0004985;-90.00;-0.19;100.05;0.67;100.05;0.07421;0.07424;-3.688E-05;-11.296;-11.293;-99.990;0.00;-90.87;
2025-10-30 18:21:17.53;0.00:00:19:110;-1.00;0.00;-0.01;0.07427;-0.0743;-2.056E-05;-0.0004991;-89.99;-0.19;100.05;0.67;100.05;0.07427;0.07431;-3.906E-05;-11.292;-11.290;-99.990;0.00;-92.36;
2025-10-30 18:21:17.58;0.00:00:19:157;-1.00;0.00;-0.01;0.07433;-0.07437;-8.973E-06;-0.0005056;-90.00;-0.19;100.05;0.68;100.05;0.07433;0.07437;-4.066E-05;-11.288;-11.286;-99.990;0.00;-91.02;
2025-10-30 18:21:17.63;0.00:00:19:204;-1.00;0.00;-0.01;0.0743;-0.07434;-2.532E-05;-0.0004953;-89.99;-0.19;100.05;0.67;100.05;0.0743;0.07434;-3.864E-05;-11.290;-11.288;-99.990;0.00;-92.93;
2025-10-30 18:21:17.67;0.00:00:19:251;-1.00;0.00;-0.01;0.07432;-0.07436;7.922E-07;-0.0004985;90.00;-0.19;100.06;0.67;100.05;0.07432;0.07436;-4.244E-05;-11.289;-11.286;-99.990;0.00;-89.91;
2025-10-30 18:21:17.72;0.00:00:19:297;-1.00;0.00;-0.01;0.07432;-0.07436;-1.998E-05;-0.0004999;-89.99;-0.19;100.05;0.67;100.05;0.07432;0.07436;-3.783E-05;-11.289;-11.287;-99.990;0.00;-92.29;
2025-10-30 18:21:17.77;0.00:00:19:343;-1.00;0.00;-0.01;0.07433;-0.07437;-4.659E-06;-0.000494;-90.00;-0.19;100.05;0.66;100.05;0.07433;0.07437;-3.754E-05;-11.288;-11.286;-99.990;0.00;-90.54;
2025-10-30 18:21:17.81;0.00:00:19:390;-1.00;0.00;-0.01;0.07438;-0.07441;-1.821E-05;-0.0005033;-89.99;-0.19;100.05;0.68;100.05;0.07438;0.07441;-3.868E-05;-11.286;-11.283;-99.990;0.00;-92.07;
2025-10-30 18:21:17.86;0.00:00:19:437;-1.00;0.00;-0.01;0.07441;-0.07445;-7.791E-06;-0.0005019;-90.00;-0.19;100.06;0.67;100.05;0.07441;0.07445;-4.107E-05;-11.284;-11.281;-99.990;0.00;-90.89;
2025-10-30 18:21:17.91;0.00:00:19:484;-1.00;0.00;-0.01;0.07444;-0.07448;-1.063E-05;-0.0005011;-90.00;-0.19;100.05;0.67;100.05;0.07444;0.07448;-4.08E-05;-11.282;-11.279;-99.990;0.00;-91.22;
2025-10-30 18:21:17.95;0.00:00:19:531;-1.00;0.00;-0.01;0.07445;-0.07449;-9.285E-06;-0.0004996;-90.00;-0.19;100.05;0.67;100.05;0.07445;0.07449;-3.976E-05;-11.281;-11.279;-99.990;0.00;-91.06;
2025-10-30 18:21:18.00;0.00:00:19:579;-1.00;0.00;-0.01;0.07442;-0.07446;-2.12E-05;-0.0004965;-89.99;-0.19;100.05;0.67;100.05;0.07442;0.07446;-3.907E-05;-11.283;-11.281;-99.990;0.00;-92.44;
2025-10-30 18:21:18.05;0.00:00:19:625;-1.00;0.00;-0.01;0.07437;-0.07441;-1.27E-05;-0.0004997;-90.00;-0.19;100.05;0.67;100.05;0.07437;0.07441;-3.957E-05;-11.286;-11.283;-99.990;0.00;-91.46;
2025-10-30 18:21:18.09;0.00:00:19:672;-1.00;0.00;-0.01;0.07433;-0.07437;-1.656E-05;-0.0005009;-89.99;-0.19;100.05;0.67;100.05;0.07433;0.07437;-3.784E-05;-11.288;-11.286;-99.990;0.00;-91.89;
2025-10-30 18:21:18.14;0.00:00:19:720;-1.00;0.00;-0.01;0.07428;-0.07432;-2.442E-05;-0.0005065;-89.99;-0.20;100.06;0.68;100.05;0.07428;0.07432;-4.189E-05;-11.292;-11.289;-99.990;0.00;-92.76;
2025-10-30 18:21:18.19;0.00:00:19:767;-1.00;0.00;-0.01;0.07427;-0.07431;-1.461E-05;-0.0005028;-89.99;-0.19;100.05;0.68;100.05;0.07427;0.07431;-3.936E-05;-11.292;-11.289;-99.990;0.00;-91.66;
2025-10-30 18:21:18.24;0.00:00:19:815;-1.00;0.00;-0.01;0.07426;-0.0743;-2.293E-05;-0.0005006;-89.99;-0.19;100.05;0.67;100.05;0.07426;0.0743;-3.824E-05;-11.292;-11.290;-99.990;0.00;-92.62;
2025-10-30 18:21:18.28;0.00:00:19:861;-1.00;0.00;-0.01;0.07424;-0.07428;-1.401E-05;-0.0005004;-89.99;-0.19;100.05;0.67;100.05;0.07424;0.07428;-3.935E-05;-11.294;-11.291;-99.990;0.00;-91.60;
2025-10-30 18:21:18.33;0.00:00:19:908;-1.00;0.00;-0.01;0.07424;-0.07428;-5.1E-06;-0.0004993;-90.00;-0.19;100.05;0.67;100.05;0.07424;0.07428;-3.994E-05;-11.293;-11.291;-99.990;0.00;-90.59;
2025-10-30 18:21:18.38;0.00:00:19:956;-1.00;0.00;-0.01;0.07426;-0.0743;-1.357E-05;-0.0005043;-89.99;-0.19;100.06;0.68;100.05;0.07426;0.0743;-4.188E-05;-11.292;-11.290;-99.990;0.00;-91.54;
2025-10-30 18:21:18.44;0.00:00:20:017;-1.00;0.00;-0.01;0.0743;-0.07434;-1.447E-05;-0.000502;-89.99;-0.19;100.05;0.68;100.05;0.0743;0.07434;-3.886E-05;-11.290;-11.288;-99.990;0.00;-91.65;
2025-10-30 18:21:18.49;0.00:00:20:064;-1.00;0.00;-0.01;0.07434;-0.07438;-8.082E-06;-0.0005006;-90.00;-0.19;100.05;0.67;100.05;0.07434;0.07438;-3.918E-05;-11.287;-11.285;-99.990;0.00;-90.92;
2025-10-30 18:21:18.53;0.00:00:20:111;-1.00;0.00;-0.01;0.07439;-0.07443;-6.598E-06;-0.0004994;-90.00;-0.19;100.05;0.67;100.05;0.07439;0.07443;-4.017E-05;-11.285;-11.283;-99.990;0.00;-90.76;
2025-10-30 18:21:18.58;0.00:00:20:161;-1.00;0.00;-0.01;0.07444;-0.07448;-8.838E-06;-0.0005097;-90.00;-0.20;100.05;0.68;100.05;0.07444;0.07448;-4.08E-05;-11.282;-11.279;-99.990;0.00;-90.99;
2025-10-30 18:21:18.64;0.00:00:20:221;-1.00;0.00;-0.01;0.07453;-0.07456;-1.884E-05;-0.0005033;-89.99;-0.19;100.05;0.68;100.05;0.07453;0.07457;-3.972E-05;-11.277;-11.275;-99.990;0.00;-92.14;
2025-10-30 18:21:18.69;0.00:00:20:267;-1.00;0.00;-0.01;0.07445;-0.07449;-2.12E-05;-0.0005041;-89.99;-0.19;100.05;0.68;100.05;0.07445;0.07449;-3.797E-05;-11.281;-11.279;-99.990;0.00;-92.41;
2025-10-30 18:21:18.74;0.00:00:20:315;-1.00;0.00;-0.01;0.0744;-0.07444;-1.553E-05;-0.0005024;-89.99;-0.19;100.05;0.68;100.05;0.0744;0.07444;-3.951E-05;-11.284;-11.282;-99.990;0.00;-91.77;
2025-10-30 18:21:18.79;0.00:00:20:363;-1.00;0.00;-0.01;0.07441;-0.07445;-2.074E-05;-0.000499;-89.99;-0.19;100.06;0.67;100.05;0.07441;0.07445;-4.204E-05;-11.284;-11.281;-99.990;0.00;-92.38;
2025-10-30 18:21:18.83;0.00:00:20:408;-1.00;0.00;-0.01;0.07441;-0.07445;-1.732E-05;-0.0005001;-89.99;-0.19;100.05;0.67;100.05;0.07441;0.07445;-4.033E-05;-11.284;-11.281;-99.990;0.00;-91.98;
2025-10-30 18:21:18.88;0.00:00:20:455;-1.00;0.00;-0.01;0.07437;-0.07441;-1.761E-05;-0.0005045;-89.99;-0.19;100.06;0.68;100.05;0.07437;0.07441;-4.254E-05;-11.286;-11.284;-99.990;0.00;-92.00;
2025-10-30 18:21:18.93;0.00:00:20:503;-1.00;0.00;-0.01;0.07436;-0.0744;-9.572E-06;-0.0004998;-90.00;-0.19;100.06;0.67;100.05;0.07436;0.0744;-4.127E-05;-11.287;-11.284;-99.990;0.00;-91.10;
2025-10-30 18:21:18.99;0.00:00:20:564;-1.00;0.00;-0.01;0.07437;-0.07441;-1.285E-05;-0.0005057;-90.00;-0.19;100.05;0.68;100.05;0.07437;0.07441;-4.009E-05;-11.286;-11.283;-99.990;0.00;-91.45;
2025-10-30 18:21:19.03;0.00:00:20:611;-1.00;0.00;-0.01;0.07435;-0.07438;-1.15E-05;-0.0005087;-90.00;-0.20;100.05;0.68;100.05;0.07435;0.07439;-3.896E-05;-11.287;-11.285;-99.990;0.00;-91.30;
2025-10-30 18:21:19.08;0.00:00:20:658;-1.00;0.00;-0.01;0.07435;-0.07438;-2.043E-05;-0.0005028;-89.99;-0.19;100.05;0.68;100.05;0.07435;0.07439;-3.844E-05;-11.287;-11.285;-99.990;0.00;-92.33;
2025-10-30 18:21:19.13;0.00:00:20:705;-1.00;0.00;-0.01;0.07426;-0.07429;-2.338E-05;-0.0005006;-89.99;-0.19;100.05;0.67;100.05;0.07426;0.0743;-3.973E-05;-11.293;-11.290;-99.990;0.00;-92.67;
2025-10-30 18:21:19.17;0.00:00:20:750;-1.00;0.00;-0.01;0.07421;-0.07425;-1.653E-05;-0.0004994;-89.99;-0.19;100.05;0.67;100.05;0.07421;0.07425;-3.874E-05;-11.295;-11.293;-99.990;0.00;-91.90;
2025-10-30 18:21:19.22;0.00:00:20:799;-1.00;0.00;-0.01;0.07423;-0.07427;-2.218E-05;-0.0005078;-89.99;-0.20;100.06;0.68;100.05;0.07423;0.07427;-4.172E-05;-11.294;-11.292;-99.990;0.00;-92.50;
2025-10-30 18:21:19.27;0.00:00:20:844;-1.00;0.00;-0.01;0.07424;-0.07427;-1.297E-05;-0.0005066;-89.99;-0.20;100.05;0.68;100.05;0.07424;0.07428;-3.831E-05;-11.294;-11.292;-99.990;0.00;-91.47;
2025-10-30 18:21:19.31;0.00:00:20:891;-1.00;0.00;-0.01;0.07418;-0.07422;-8.064E-06;-0.0004991;-90.00;-0.19;100.05;0.67;100.05;0.07418;0.07422;-3.739E-05;-11.297;-11.295;-99.990;0.00;-90.93;
2025-10-30 18:21:19.36;0.00:00:20:937;-1.00;0.00;-0.01;0.07418;-0.07422;-1.222E-05;-0.0005036;-90.00;-0.19;100.06;0.68;100.05;0.07418;0.07422;-4.199E-05;-11.297;-11.295;-99.990;0.00;-91.39;
2025-10-30 18:21:19.41;0.00:00:20:985;-1.00;0.00;-0.01;0.07418;-0.07422;-9.103E-06;-0.0004946;-90.00;-0.19;100.05;0.67;100.05;0.07418;0.07422;-3.954E-05;-11.297;-11.295;-99.990;0.00;-91.06;
2025-10-30 18:21:19.45;0.00:00:21:031;-1.00;0.00;-0.01;0.07417;-0.07421;-2.038E-05;-0.0004986;-89.99;-0.19;100.05;0.67;100.05;0.07417;0.07421;-3.983E-05;-11.298;-11.295;-99.990;0.00;-92.34;
2025-10-30 18:21:19.50;0.00:00:21:078;-1.00;0.00;-0.01;0.0742;-0.07424;-1.089E-05;-0.0005024;-90.00;-0.19;100.05;0.68;100.05;0.0742;0.07424;-3.962E-05;-11.296;-11.294;-99.990;0.00;-91.24;
2025-10-30 18:21:19.55;0.00:00:21:125;-1.00;0.00;-0.01;0.0742;-0.07424;-6.433E-06;-0.0004999;-90.00;-0.19;100.05;0.67;100.05;0.0742;0.07425;-4.066E-05;-11.296;-11.293;-99.990;0.00;-90.74;
2025-10-30 18:21:19.60;0.00:00:21:174;-1.00;0.00;-0.01;0.07423;-0.07427;-9.258E-06;-0.0005016;-90.00;-0.19;100.05;0.68;100.05;0.07423;0.07427;-3.816E-05;-11.294;-11.292;-99.990;0.00;-91.06;
2025-10-30 18:21:19.64;0.00:00:21:219;-1.00;0.00;-0.01;0.07422;-0.07426;-8.515E-06;-0.0005018;-90.00;-0.19;100.05;0.68;100.05;0.07422;0.07427;-4.06E-05;-11.295;-11.292;-99.990;0.00;-90.97;
2025-10-30 18:21:19.69;0.00:00:21:266;-1.00;0.00;-0.01;0.0743;-0.07434;-4.658E-06;-0.0005067;-90.00;-0.20;100.06;0.68;100.06;0.0743;0.07434;-4.265E-05;-11.290;-11.288;-99.990;0.00;-90.53;
2025-10-30 18:21:19.74;0.00:00:21:312;-1.00;0.00;-0.01;0.07428;-0.07432;-7.035E-06;-0.0004965;-90.00;-0.19;100.06;0.67;100.05;0.07428;0.07432;-4.167E-05;-11.291;-11.289;-99.990;0.00;-90.81;
2025-10-30 18:21:19.78;0.00:00:21:358;-1.00;0.00;-0.01;0.07424;-0.07427;-2.634E-05;-0.0004981;-89.99;-0.19;100.05;0.67;100.05;0.07424;0.07427;-3.86E-05;-11.294;-11.292;-99.990;0.00;-93.03;
2025-10-30 18:21:19.83;0.00:00:21:406;-1.00;0.00;-0.01;0.07421;-0.07424;-1.549E-05;-0.0005011;-89.99;-0.19;100.05;0.68;100.05;0.07421;0.07425;-3.963E-05;-11.296;-11.293;-99.990;0.00;-91.77;
2025-10-30 18:21:19.88;0.00:00:21:453;-1.00;0.00;-0.01;0.0742;-0.07424;-2.41E-05;-0.0005008;-89.99;-0.19;100.05;0.67;100.05;0.0742;0.07424;-3.74E-05;-11.296;-11.294;-99.990;0.00;-92.75;
2025-10-30 18:21:19.92;0.00:00:21:500;-1.00;0.00;-0.01;0.07419;-0.07422;-8.51E-06;-0.0004984;-90.00;-0.19;100.05;0.67;100.05;0.07419;0.07423;-4.043E-05;-11.297;-11.294;-99.990;0.00;-90.98;
2025-10-30 18:21:19.97;0.00:00:21:546;-1.00;0.00;-0.01;0.07413;-0.07417;-9.542E-06;-0.0005034;-90.00;-0.19;100.06;0.68;100.05;0.07413;0.07417;-4.21E-05;-11.300;-11.298;-99.990;0.00;-91.09;
2025-10-30 18:21:20.02;0.00:00:21:594;-1.00;0.00;-0.01;0.0742;-0.07424;-1.697E-05;-0.0005029;-89.99;-0.19;100.05;0.68;100.05;0.0742;0.07424;-4.051E-05;-11.296;-11.294;-99.990;0.00;-91.93;
2025-10-30 18:21:20.06;0.00:00:21:642;-1.00;0.00;-0.01;0.07422;-0.07426;-1.668E-05;-0.0005006;-89.99;-0.19;100.05;0.67;100.05;0.07422;0.07426;-3.807E-05;-11.295;-11.293;-99.990;0.00;-91.91;
2025-10-30 18:21:20.12;0.00:00:21:695;-1.00;0.00;-0.01;0.07421;-0.07425;-1.163E-05;-0.0005017;-90.00;-0.19;100.06;0.68;100.05;0.07421;0.07425;-4.185E-05;-11.295;-11.293;-99.990;0.00;-91.33;
2025-10-30 18:21:20.17;0.00:00:21:746;-1.00;0.00;-0.01;0.07417;-0.07421;-1.385E-05;-0.0005006;-89.99;-0.19;100.05;0.67;100.05;0.07417;0.07421;-3.879E-05;-11.298;-11.295;-99.990;0.00;-91.59;
2025-10-30 18:21:20.22;0.00:00:21:800;-1.00;0.00;-0.01;0.07415;-0.07419;-1.8E-05;-0.0005013;-89.99;-0.19;100.06;0.68;100.05;0.07415;0.07419;-4.115E-05;-11.299;-11.297;-99.990;0.00;-92.06;
2025-10-30 18:21:20.27;0.00:00:21:851;-1.00;0.00;-0.01;0.0742;-0.07424;-8.066E-06;-0.0005018;-90.00;-0.19;100.05;0.68;100.05;0.0742;0.07424;-4.074E-05;-11.296;-11.294;-99.990;0.00;-90.92;
2025-10-30 18:21:20.32;0.00:00:21:901;-1.00;0.00;-0.01;0.07422;-0.07426;-1.401E-05;-0.0005049;-89.99;-0.19;100.06;0.68;100.05;0.07422;0.07426;-4.201E-05;-11.295;-11.292;-99.990;0.00;-91.59;
2025-10-30 18:21:20.39;0.00:00:21:968;-1.00;0.00;-0.01;0.07426;-0.0743;-4.655E-06;-0.0004966;-90.00;-0.19;100.05;0.67;100.05;0.07426;0.0743;-3.988E-05;-11.292;-11.290;-99.990;0.00;-90.54;
2025-10-30 18:21:20.44;0.00:00:22:018;-1.00;0.00;-0.01;0.07424;-0.07428;-1.431E-05;-0.0005029;-89.99;-0.19;100.06;0.68;100.05;0.07424;0.07428;-4.165E-05;-11.294;-11.291;-99.990;0.00;-91.63;
2025-10-30 18:21:20.49;0.00:00:22:069;-1.00;0.00;-0.01;0.07425;-0.07429;-1.045E-05;-0.0004995;-90.00;-0.19;100.05;0.67;100.05;0.07425;0.07429;-4.025E-05;-11.293;-11.291;-99.990;0.00;-91.20;
2025-10-30 18:21:20.54;0.00:00:22:119;-1.00;0.00;-0.01;0.07421;-0.07425;-1.03E-05;-0.0005016;-90.00;-0.19;100.06;0.68;100.06;0.07421;0.07426;-4.26E-05;-11.295;-11.293;-99.990;0.00;-91.18;
2025-10-30 18:21:20.59;0.00:00:22:169;-1.00;0.00;-0.01;0.07424;-0.07429;-6.734E-06;-0.0005035;-90.00;-0.19;100.06;0.68;100.06;0.07424;0.07429;-4.44E-05;-11.293;-11.291;-99.990;0.00;-90.77;
2025-10-30 18:21:20.64;0.00:00:22:220;-1.00;0.00;-0.01;0.07425;-0.07429;-9.855E-06;-0.000506;-90.00;-0.20;100.05;0.68;100.05;0.07425;0.07429;-3.869E-05;-11.293;-11.291;-99.990;0.00;-91.12;
2025-10-30 18:21:20.69;0.00:00:22:271;-1.00;0.00;-0.01;0.07426;-0.07429;-1.149E-05;-0.0005073;-90.00;-0.20;100.05;0.68;100.05;0.07426;0.07429;-3.973E-05;-11.293;-11.290;-99.990;0.00;-91.30;
2025-10-30 18:21:20.76;0.00:00:22:332;-1.00;0.00;-0.01;0.07424;-0.07428;-2.308E-05;-0.0005017;-89.99;-0.19;100.05;0.68;100.05;0.07424;0.07428;-4.076E-05;-11.293;-11.291;-99.990;0.00;-92.63;
2025-10-30 18:21:20.81;0.00:00:22:384;-1.00;0.00;-0.01;0.07423;-0.07426;-1.045E-05;-0.0005056;-90.00;-0.20;100.05;0.68;100.05;0.07423;0.07427;-4.008E-05;-11.294;-11.292;-99.990;0.00;-91.18;
2025-10-30 18:21:20.86;0.00:00:22:433;-1.00;0.00;-0.01;0.07424;-0.07428;-1.565E-05;-0.0005046;-89.99;-0.19;100.05;0.68;100.05;0.07424;0.07428;-3.876E-05;-11.293;-11.291;-99.990;0.00;-91.78;
2025-10-30 18:21:20.91;0.00:00:22:487;-1.00;0.00;-0.01;0.07425;-0.07429;-1.401E-05;-0.0005032;-89.99;-0.19;100.06;0.68;100.05;0.07425;0.07429;-4.232E-05;-11.293;-11.291;-99.990;0.00;-91.59;
2025-10-30 18:21:20.96;0.00:00:22:538;-1.00;0.00;-0.01;0.07422;-0.07426;-1.282E-05;-0.0005047;-90.00;-0.19;100.05;0.68;100.05;0.07422;0.07426;-3.941E-05;-11.295;-11.292;-99.990;0.00;-91.45;
2025-10-30 18:21:21.01;0.00:00:22:590;-1.00;0.00;-0.01;0.07425;-0.07429;-4.357E-06;-0.0005043;-90.00;-0.19;100.06;0.68;100.05;0.07425;0.07429;-4.106E-05;-11.293;-11.291;-99.990;0.00;-90.49;
2025-10-30 18:21:21.07;0.00:00:22:649;-1.00;0.00;-0.01;0.07428;-0.07431;-1.937E-05;-0.0005088;-89.99;-0.20;100.05;0.69;100.05;0.07428;0.07431;-3.84E-05;-11.291;-11.289;-99.990;0.00;-92.18;
2025-10-30 18:21:21.14;0.00:00:22:712;-1.00;0.00;-0.01;0.07426;-0.0743;-1.209E-05;-0.0005014;-90.00;-0.19;100.06;0.68;100.06;0.07426;0.0743;-4.263E-05;-11.292;-11.290;-99.990;0.00;-91.38;
2025-10-30 18:21:21.20;0.00:00:22:773;-1.00;0.00;-0.01;0.07425;-0.07429;-1.268E-05;-0.0005055;-90.00;-0.19;100.05;0.68;100.05;0.07425;0.07429;-3.594E-05;-11.293;-11.291;-99.990;0.00;-91.44;
2025-10-30 18:21:21.25;0.00:00:22:825;-1.00;0.00;-0.01;0.07422;-0.07425;-1.401E-05;-0.0005062;-89.99;-0.20;100.05;0.68;100.05;0.07422;0.07426;-4.022E-05;-11.295;-11.293;-99.990;0.00;-91.58;
2025-10-30 18:21:21.30;0.00:00:22:877;-1.00;0.00;-0.01;0.07421;-0.07425;-1.861E-05;-0.0005085;-89.99;-0.20;100.06;0.69;100.05;0.07421;0.07425;-4.111E-05;-11.295;-11.293;-99.990;0.00;-92.10;
2025-10-30 18:21:21.35;0.00:00:22:929;-1.00;0.00;-0.01;0.07424;-0.07427;-1.193E-05;-0.0005075;-90.00;-0.20;100.05;0.68;100.05;0.07424;0.07428;-3.949E-05;-11.294;-11.291;-99.990;0.00;-91.35;
2025-10-30 18:21:21.40;0.00:00:22:981;-1.00;0.00;-0.01;0.07423;-0.07427;-1.223E-05;-0.0005014;-90.00;-0.19;100.05;0.68;100.05;0.07423;0.07427;-3.831E-05;-11.294;-11.292;-99.990;0.00;-91.40;
2025-10-30 18:21:21.46;0.00:00:23:040;-1.00;0.00;-0.01;0.07425;-0.07429;-7.626E-06;-0.0005025;-90.00;-0.19;100.06;0.68;100.06;0.07425;0.07429;-4.403E-05;-11.293;-11.290;-99.990;0.00;-90.87;
2025-10-30 18:21:21.51;0.00:00:23:092;-1.00;0.00;-0.01;0.07427;-0.07431;-8.669E-06;-0.0005053;-90.00;-0.19;100.05;0.68;100.05;0.07427;0.07431;-4.003E-05;-11.292;-11.289;-99.990;0.00;-90.98;
2025-10-30 18:21:21.56;0.00:00:23:142;-1.00;0.00;-0.01;0.07427;-0.0743;-1.565E-05;-0.0005003;-89.99;-0.19;100.05;0.67;100.05;0.07427;0.07431;-3.936E-05;-11.292;-11.290;-99.990;0.00;-91.79;
2025-10-30 18:21:21.62;0.00:00:23:194;-1.00;0.00;-0.01;0.07414;-0.07418;-2.037E-05;-0.0004985;-89.99;-0.19;100.05;0.67;100.05;0.07414;0.07418;-3.855E-05;-11.299;-11.297;-99.990;0.00;-92.34;
2025-10-30 18:21:21.67;0.00:00:23:244;-1.00;0.00;-0.01;0.07414;-0.07418;-7.903E-07;-0.0005012;-90.00;-0.19;100.06;0.68;100.05;0.07414;0.07418;-4.129E-05;-11.300;-11.297;-99.990;0.00;-90.09;
2025-10-30 18:21:21.72;0.00:00:23:296;-1.00;0.00;-0.01;0.07417;-0.07421;-1.237E-05;-0.0005118;-90.00;-0.20;100.06;0.69;100.05;0.07417;0.07422;-4.176E-05;-11.297;-11.295;-99.990;0.00;-91.38;
2025-10-30 18:21:21.77;0.00:00:23:348;-1.00;0.00;-0.01;0.0742;-0.07424;-8.66E-06;-0.0005001;-90.00;-0.19;100.05;0.67;100.05;0.0742;0.07424;-3.873E-05;-11.296;-11.294;-99.990;0.00;-90.99;
2025-10-30 18:21:21.82;0.00:00:23:397;-1.00;0.00;-0.01;0.07418;-0.07422;-1.415E-05;-0.0005069;-89.99;-0.20;100.05;0.68;100.05;0.07418;0.07422;-3.991E-05;-11.297;-11.295;-99.990;0.00;-91.60;
2025-10-30 18:21:21.88;0.00:00:23:453;-1.00;0.00;-0.01;0.07418;-0.07422;2.572E-06;-0.000506;90.00;-0.20;100.05;0.68;100.05;0.07418;0.07422;-4.028E-05;-11.297;-11.295;-99.990;0.00;-89.71;
2025-10-30 18:21:21.92;0.00:00:23:500;-1.00;0.00;-0.01;0.07421;-0.07425;-8.661E-06;-0.0005059;-90.00;-0.20;100.05;0.68;100.05;0.07421;0.07425;-3.844E-05;-11.295;-11.293;-99.990;0.00;-90.98;
2025-10-30 18:21:21.97;0.00:00:23:551;-1.00;0.00;-0.01;0.07425;-0.07429;-5.694E-06;-0.0005007;-90.00;-0.19;100.06;0.67;100.05;0.07425;0.07429;-4.195E-05;-11.293;-11.291;-99.990;0.00;-90.65;
2025-10-30 18:21:22.02;0.00:00:23:602;-1.00;0.00;-0.01;0.0743;-0.07434;-1.506E-05;-0.0005031;-89.99;-0.19;100.06;0.68;100.05;0.0743;0.07434;-4.101E-05;-11.290;-11.288;-99.990;0.00;-91.72;
2025-10-30 18:21:22.07;0.00:00:23:651;-1.00;0.00;-0.01;0.07428;-0.07432;-1.476E-05;-0.0005069;-89.99;-0.20;100.05;0.68;100.05;0.07428;0.07432;-3.937E-05;-11.291;-11.289;-99.990;0.00;-91.67;
2025-10-30 18:21:22.13;0.00:00:23:704;-1.00;0.00;-0.01;0.07427;-0.07432;-9.412E-06;-0.0005015;-90.00;-0.19;100.06;0.68;100.05;0.07427;0.07432;-4.182E-05;-11.292;-11.289;-99.990;0.00;-91.08;
2025-10-30 18:21:22.17;0.00:00:23:751;-1.00;0.00;-0.01;0.07429;-0.07433;-6.143E-06;-0.0005067;-90.00;-0.20;100.06;0.68;100.05;0.07429;0.07433;-4.242E-05;-11.291;-11.288;-99.990;0.00;-90.69;
2025-10-30 18:21:22.22;0.00:00:23:798;-1.00;0.00;-0.01;0.0743;-0.07434;-9.713E-06;-0.0005059;-90.00;-0.19;100.05;0.68;100.05;0.0743;0.07434;-3.879E-05;-11.290;-11.288;-99.990;0.00;-91.10;
2025-10-30 18:21:22.27;0.00:00:23:845;-1.00;0.00;-0.01;0.07431;-0.07435;-1.804E-05;-0.0004969;-89.99;-0.19;100.05;0.67;100.05;0.07431;0.07435;-3.819E-05;-11.290;-11.287;-99.990;0.00;-92.08;
2025-10-30 18:21:22.31;0.00:00:23:891;-1.00;0.00;-0.01;0.0743;-0.07434;-9.713E-06;-0.0005007;-90.00;-0.19;100.05;0.67;100.05;0.0743;0.07434;-3.849E-05;-11.290;-11.288;-99.990;0.00;-91.11;
2025-10-30 18:21:22.36;0.00:00:23:938;-1.00;0.00;-0.01;0.07434;-0.07438;-2.058E-05;-0.000507;-89.99;-0.20;100.05;0.68;100.05;0.07434;0.07438;-4.007E-05;-11.288;-11.285;-99.990;0.00;-92.32;
2025-10-30 18:21:22.41;0.00:00:23:984;-1.00;0.00;-0.01;0.07434;-0.07438;-1.492E-05;-0.0005032;-89.99;-0.19;100.05;0.68;100.05;0.07434;0.07438;-3.717E-05;-11.288;-11.285;-99.990;0.00;-91.70;
2025-10-30 18:21:22.47;0.00:00:24:046;-1.00;0.00;-0.01;0.07428;-0.07432;-1.595E-05;-0.000503;-89.99;-0.19;100.05;0.68;100.05;0.07428;0.07432;-4.004E-05;-11.291;-11.289;-99.990;0.00;-91.82;
2025-10-30 18:21:22.51;0.00:00:24:091;-1.00;0.00;-0.01;0.07428;-0.07432;-7.035E-06;-0.0005004;-90.00;-0.19;100.05;0.67;100.05;0.07428;0.07432;-3.826E-05;-11.291;-11.289;-99.990;0.00;-90.80;
2025-10-30 18:21:22.56;0.00:00:24:138;-1.00;0.00;-0.01;0.07424;-0.07428;-1.49E-05;-0.0005063;-89.99;-0.20;100.05;0.68;100.05;0.07424;0.07428;-4.031E-05;-11.294;-11.291;-99.990;0.00;-91.69;
2025-10-30 18:21:22.61;0.00:00:24:185;-1.00;0.00;-0.01;0.07426;-0.0743;-6.736E-06;-0.0005033;-90.00;-0.19;100.05;0.68;100.05;0.07426;0.0743;-3.899E-05;-11.292;-11.290;-99.990;0.00;-90.77;
2025-10-30 18:21:22.66;0.00:00:24:232;-1.00;0.00;-0.01;0.07427;-0.0743;-2.085E-05;-0.0004993;-89.99;-0.19;100.05;0.67;100.05;0.07427;0.07431;-3.751E-05;-11.292;-11.290;-99.990;0.00;-92.39;
2025-10-30 18:21:22.70;0.00:00:24:280;-1.00;0.00;-0.01;0.07394;-0.07397;-4.192E-05;-0.0005092;-89.98;-0.20;100.05;0.69;100.05;0.07394;0.07397;-3.527E-05;-11.311;-11.309;-99.990;0.00;-94.71;
2025-10-30 18:21:22.75;0.00:00:24:327;-1.00;0.00;-0.01;0.07415;-0.07419;1.058E-05;-0.0004961;90.00;-0.19;100.06;0.67;100.06;0.07415;0.07419;-4.375E-05;-11.299;-11.296;-99.990;0.00;-88.78;
2025-10-30 18:21:22.80;0.00:00:24:373;-1.00;0.00;-0.01;0.07421;-0.07425;-8.067E-06;-0.0005054;-90.00;-0.20;100.06;0.68;100.05;0.07421;0.07425;-4.171E-05;-11.295;-11.293;-99.990;0.00;-90.91;
2025-10-30 18:21:22.84;0.00:00:24:420;-1.00;0.00;-0.01;0.07422;-0.07426;-2.277E-05;-0.0004982;-89.99;-0.19;100.06;0.67;100.05;0.07422;0.07426;-4.089E-05;-11.295;-11.293;-99.990;0.00;-92.62;
2025-10-30 18:21:22.89;0.00:00:24:468;-1.00;0.00;-0.01;0.07423;-0.07427;4.942E-07;-0.0005092;90.00;-0.20;100.05;0.69;100.05;0.07423;0.07427;-4.009E-05;-11.294;-11.292;-99.990;0.00;-89.94;
2025-10-30 18:21:22.94;0.00:00:24:516;-1.00;0.00;-0.01;0.07427;-0.07431;-5.696E-06;-0.000504;-90.00;-0.19;100.06;0.68;100.05;0.07427;0.07431;-4.144E-05;-11.292;-11.289;-99.990;0.00;-90.65;
2025-10-30 18:21:22.99;0.00:00:24:564;-1.00;0.00;-0.01;0.0743;-0.07434;-6.144E-06;-0.0005065;-90.00;-0.20;100.05;0.68;100.05;0.0743;0.07434;-3.841E-05;-11.290;-11.288;-99.990;0.00;-90.69;
2025-10-30 18:21:23.03;0.00:00:24:609;-1.00;0.00;-0.01;0.07435;-0.07439;-2.311E-05;-0.0004986;-89.99;-0.19;100.05;0.67;100.05;0.07435;0.07439;-3.784E-05;-11.287;-11.285;-99.990;0.00;-92.65;
2025-10-30 18:21:23.08;0.00:00:24:657;-1.00;0.00;-0.01;0.07433;-0.07437;-1.671E-05;-0.0005012;-89.99;-0.19;100.05;0.67;100.05;0.07433;0.07437;-3.865E-05;-11.288;-11.286;-99.990;0.00;-91.91;
2025-10-30 18:21:23.13;0.00:00:24:703;-1.00;0.00;-0.01;0.07428;-0.07432;-1.759E-05;-0.0005069;-89.99;-0.20;100.05;0.68;100.05;0.07428;0.07432;-3.811E-05;-11.291;-11.289;-99.990;0.00;-91.99;
2025-10-30 18:21:23.17;0.00:00:24:750;-1.00;0.00;-0.01;0.07429;-0.07433;-3.022E-06;-0.0005046;-90.00;-0.19;100.05;0.68;100.05;0.07429;0.07433;-4.049E-05;-11.291;-11.288;-99.990;0.00;-90.34;
2025-10-30 18:21:23.22;0.00:00:24:796;-1.00;0.00;-0.01;0.07432;-0.07436;-1.016E-05;-0.000504;-90.00;-0.19;100.05;0.68;100.05;0.07432;0.07436;-3.79E-05;-11.289;-11.287;-99.990;0.00;-91.15;
2025-10-30 18:21:23.26;0.00:00:24:841;-1.00;0.00;-0.01;0.07431;-0.07435;-1.403E-05;-0.0005053;-89.99;-0.19;100.05;0.68;100.05;0.07431;0.07435;-3.916E-05;-11.289;-11.287;-99.990;0.00;-91.59;
2025-10-30 18:21:23.31;0.00:00:24:889;-1.00;0.00;-0.01;0.0743;-0.07434;-1.031E-05;-0.0005044;-90.00;-0.19;100.06;0.68;100.05;0.0743;0.07434;-4.213E-05;-11.290;-11.288;-99.990;0.00;-91.17;
2025-10-30 18:21:23.36;0.00:00:24:937;-1.00;0.00;-0.01;0.07431;-0.07434;-1.462E-05;-0.0005022;-89.99;-0.19;100.05;0.68;100.05;0.07431;0.07435;-4.064E-05;-11.290;-11.287;-99.990;0.00;-91.67;
2025-10-30 18:21:23.41;0.00:00:24:984;-1.00;0.00;-0.01;0.07427;-0.07431;-1.372E-05;-0.0005046;-89.99;-0.19;100.05;0.68;100.05;0.07427;0.07431;-3.803E-05;-11.292;-11.290;-99.990;0.00;-91.56;
2025-10-30 18:21:23.45;0.00:00:25:031;-1.00;0.00;-0.01;0.07426;-0.07429;-2.1E-05;-0.0005065;-89.99;-0.20;100.05;0.68;100.05;0.07426;0.0743;-3.706E-05;-11.293;-11.290;-99.990;0.00;-92.37;
2025-10-30 18:21:23.50;0.00:00:25:079;-1.00;0.00;-0.01;0.07423;-0.07427;-1.327E-05;-0.0005089;-89.99;-0.20;100.05;0.69;100.05;0.07423;0.07427;-3.905E-05;-11.294;-11.292;-99.990;0.00;-91.49;
2025-10-30 18:21:23.55;0.00:00:25:125;-1.00;0.00;-0.01;0.07428;-0.07432;-1.016E-05;-0.0005074;-90.00;-0.20;100.05;0.68;100.05;0.07428;0.07432;-3.997E-05;-11.291;-11.289;-99.990;0.00;-91.15;
2025-10-30 18:21:23.59;0.00:00:25:171;-1.00;0.00;-0.01;0.07429;-0.07432;-1.268E-05;-0.0005021;-90.00;-0.19;100.05;0.68;100.05;0.07429;0.07432;-3.922E-05;-11.291;-11.289;-99.990;0.00;-91.45;
2025-10-30 18:21:23.64;0.00:00:25:217;-1.00;0.00;-0.01;0.07426;-0.0743;-1.833E-05;-0.0005027;-89.99;-0.19;100.05;0.68;100.05;0.07426;0.0743;-3.973E-05;-11.292;-11.290;-99.990;0.00;-92.09;
2025-10-30 18:21:23.69;0.00:00:25:265;-1.00;0.00;-0.01;0.07424;-0.07428;-1.787E-05;-0.0005063;-89.99;-0.20;100.05;0.68;100.05;0.07424;0.07428;-3.92E-05;-11.294;-11.291;-99.990;0.00;-92.02;
2025-10-30 18:21:23.73;0.00:00:25:311;-1.00;0.00;-0.01;0.07422;-0.07426;-1.98E-05;-0.0005027;-89.99;-0.19;100.05;0.68;100.05;0.07422;0.07426;-3.874E-05;-11.295;-11.293;-99.990;0.00;-92.26;
2025-10-30 18:21:23.78;0.00:00:25:359;-1.00;0.00;-0.01;0.07418;-0.07422;-1.845E-05;-0.0005068;-89.99;-0.20;100.05;0.68;100.05;0.07418;0.07422;-3.976E-05;-11.297;-11.295;-99.990;0.00;-92.09;
2025-10-30 18:21:23.83;0.00:00:25:404;-1.00;0.00;-0.01;0.07416;-0.0742;-1.103E-05;-0.0005051;-90.00;-0.20;100.05;0.68;100.05;0.07416;0.0742;-3.893E-05;-11.298;-11.296;-99.990;0.00;-91.25;
2025-10-30 18:21:23.87;0.00:00:25:452;-1.00;0.00;-0.01;0.07413;-0.07417;-9.097E-06;-0.0005064;-90.00;-0.20;100.06;0.68;100.05;0.07413;0.07417;-4.24E-05;-11.300;-11.298;-99.990;0.00;-91.03;
2025-10-30 18:21:23.92;0.00:00:25:498;-1.00;0.00;-0.01;0.07414;-0.07418;-1.37E-05;-0.0004987;-89.99;-0.19;100.06;0.67;100.05;0.07414;0.07419;-4.137E-05;-11.299;-11.297;-99.990;0.00;-91.57;
2025-10-30 18:21:23.97;0.00:00:25:546;-1.00;0.00;-0.01;0.07414;-0.07417;-8.504E-06;-0.0005028;-90.00;-0.19;100.05;0.68;100.05;0.07414;0.07418;-3.84E-05;-11.300;-11.297;-99.990;0.00;-90.97;
2025-10-30 18:21:24.01;0.00:00:25:592;-1.00;0.00;-0.01;0.07418;-0.07422;-1.192E-05;-0.0005036;-90.00;-0.19;100.05;0.68;100.05;0.07418;0.07423;-4.073E-05;-11.297;-11.294;-99.990;0.00;-91.36;
2025-10-30 18:21:24.06;0.00:00:25:639;-1.00;0.00;-0.01;0.07423;-0.07427;-4.802E-06;-0.0005077;-90.00;-0.20;100.06;0.68;100.05;0.07423;0.07427;-4.105E-05;-11.294;-11.292;-99.990;0.00;-90.54;
2025-10-30 18:21:24.11;0.00:00:25:687;-1.00;0.00;-0.01;0.07426;-0.07429;-2.397E-05;-0.0005057;-89.99;-0.19;100.05;0.68;100.05;0.07426;0.0743;-3.98E-05;-11.293;-11.290;-99.990;0.00;-92.72;
2025-10-30 18:21:24.16;0.00:00:25:733;-1.00;0.00;-0.01;0.07428;-0.07432;-5.251E-06;-0.0005029;-90.00;-0.19;100.05;0.68;100.05;0.07428;0.07432;-3.937E-05;-11.291;-11.289;-99.990;0.00;-90.60;
2025-10-30 18:21:24.20;0.00:00:25:780;-1.00;0.00;-0.01;0.07426;-0.0743;-7.181E-06;-0.0004979;-90.00;-0.19;100.05;0.67;100.05;0.07426;0.0743;-3.795E-05;-11.292;-11.290;-99.990;0.00;-90.83;
2025-10-30 18:21:24.25;0.00:00:25:828;-1.00;0.00;-0.01;0.07424;-0.07428;-3.02E-06;-0.0005011;-90.00;-0.19;100.05;0.68;100.05;0.07424;0.07428;-3.994E-05;-11.294;-11.291;-99.990;0.00;-90.35;
2025-10-30 18:21:24.30;0.00:00:25:875;-1.00;0.00;-0.01;0.07424;-0.07428;-1.728E-05;-0.0005015;-89.99;-0.19;100.05;0.68;100.05;0.07424;0.07428;-3.734E-05;-11.294;-11.291;-99.990;0.00;-91.97;
2025-10-30 18:21:24.35;0.00:00:25:923;-1.00;0.00;-0.01;0.0742;-0.07424;-1.49E-05;-0.0005035;-89.99;-0.19;100.05;0.68;100.05;0.0742;0.07424;-3.94E-05;-11.296;-11.294;-99.990;0.00;-91.69;
2025-10-30 18:21:24.39;0.00:00:25:969;-1.00;0.00;-0.01;0.07415;-0.0742;-1.192E-05;-0.0005003;-90.00;-0.19;100.06;0.67;100.05;0.07415;0.0742;-4.182E-05;-11.299;-11.296;-99.990;0.00;-91.36;
2025-10-30 18:21:24.44;0.00:00:26:015;-1.00;0.00;-0.01;0.07415;-0.07419;-1.222E-05;-0.0005023;-90.00;-0.19;100.05;0.68;100.05;0.07415;0.07419;-3.819E-05;-11.299;-11.297;-99.990;0.00;-91.39;
2025-10-30 18:21:24.49;0.00:00:26:063;-1.00;0.00;-0.01;0.07415;-0.07419;-1.726E-05;-0.0005019;-89.99;-0.19;100.05;0.68;100.05;0.07415;0.07419;-4.034E-05;-11.299;-11.297;-99.990;0.00;-91.97;
2025-10-30 18:21:24.53;0.00:00:26:110;-1.00;0.00;-0.01;0.07413;-0.07418;-1.563E-05;-0.000504;-89.99;-0.19;100.06;0.68;100.05;0.07413;0.07418;-4.233E-05;-11.300;-11.297;-99.990;0.00;-91.78;
2025-10-30 18:21:24.58;0.00:00:26:158;-1.00;0.00;-0.01;0.07414;-0.07417;-1.77E-05;-0.0005054;-89.99;-0.20;100.05;0.68;100.05;0.07414;0.07418;-3.737E-05;-11.300;-11.297;-99.990;0.00;-92.01;
2025-10-30 18:21:24.63;0.00:00:26:204;-1.00;0.00;-0.01;0.0742;-0.07424;-1.98E-05;-0.0005005;-89.99;-0.19;100.06;0.67;100.05;0.0742;0.07424;-4.177E-05;-11.296;-11.294;-99.990;0.00;-92.26;
2025-10-30 18:21:24.68;0.00:00:26:253;-1.00;0.00;-0.01;0.07422;-0.07426;-1.431E-05;-0.0005021;-89.99;-0.19;100.05;0.68;100.05;0.07422;0.07426;-3.793E-05;-11.295;-11.292;-99.990;0.00;-91.63;
2025-10-30 18:21:24.72;0.00:00:26:299;-1.00;0.00;-0.01;0.07421;-0.07425;-2.514E-05;-0.0004977;-89.99;-0.19;100.05;0.67;100.05;0.07421;0.07425;-4.052E-05;-11.295;-11.293;-99.990;0.00;-92.89;
2025-10-30 18:21:24.77;0.00:00:26:345;-1.00;0.00;-0.01;0.07423;-0.07426;-1.847E-05;-0.000505;-89.99;-0.19;100.05;0.68;100.05;0.07423;0.07426;-3.786E-05;-11.294;-11.292;-99.990;0.00;-92.10;
2025-10-30 18:21:24.82;0.00:00:26:392;-1.00;0.00;-0.01;0.07429;-0.07433;8.373E-06;-0.0005027;90.00;-0.19;100.06;0.68;100.05;0.07429;0.07433;-4.205E-05;-11.291;-11.288;-99.990;0.00;-89.05;
2025-10-30 18:21:24.86;0.00:00:26:439;-1.00;0.00;-0.01;0.07431;-0.07435;-1.358E-05;-0.0005027;-89.99;-0.19;100.05;0.68;100.05;0.07431;0.07435;-3.842E-05;-11.290;-11.287;-99.990;0.00;-91.55;
2025-10-30 18:21:24.91;0.00:00:26:486;-1.00;0.00;-0.01;0.07426;-0.07429;-1.506E-05;-0.0005036;-89.99;-0.19;100.05;0.68;100.05;0.07426;0.0743;-3.728E-05;-11.293;-11.290;-99.990;0.00;-91.71;
2025-10-30 18:21:24.96;0.00:00:26:534;-1.00;0.00;-0.01;0.07423;-0.07427;-1.208E-05;-0.0005097;-90.00;-0.20;100.05;0.69;100.05;0.07423;0.07427;-3.927E-05;-11.294;-11.292;-99.990;0.00;-91.36;
2025-10-30 18:21:25.00;0.00:00:26:581;-1.00;0.00;-0.01;0.07422;-0.07426;-2.678E-05;-0.0005013;-89.99;-0.19;100.05;0.68;100.05;0.07422;0.07426;-3.8E-05;-11.295;-11.293;-99.990;0.00;-93.06;
2025-10-30 18:21:25.05;0.00:00:26:627;-1.00;0.00;-0.01;0.07419;-0.07422;-1.964E-05;-0.0005011;-89.99;-0.19;100.05;0.68;100.05;0.07419;0.07423;-3.924E-05;-11.297;-11.294;-99.990;0.00;-92.25;
2025-10-30 18:21:25.10;0.00:00:26:675;-1.00;0.00;-0.01;0.07414;-0.07418;-2.097E-05;-0.0005055;-89.99;-0.20;100.05;0.68;100.05;0.07414;0.07418;-3.87E-05;-11.300;-11.297;-99.990;0.00;-92.37;
2025-10-30 18:21:25.14;0.00:00:26:720;-1.00;0.00;-0.01;0.07418;-0.07421;-1.681E-06;-0.0005039;-90.00;-0.19;100.05;0.68;100.05;0.07418;0.07422;-3.998E-05;-11.297;-11.295;-99.990;0.00;-90.19;
2025-10-30 18:21:25.19;0.00:00:26:768;-1.00;0.00;-0.01;0.07426;-0.0743;-1.848E-05;-0.0005055;-89.99;-0.19;100.06;0.68;100.05;0.07426;0.0743;-4.114E-05;-11.292;-11.290;-99.990;0.00;-92.09;
2025-10-30 18:21:25.24;0.00:00:26:815;-1.00;0.00;-0.01;0.07427;-0.0743;-8.668E-06;-0.000502;-90.00;-0.19;100.05;0.68;100.05;0.07427;0.07431;-3.78E-05;-11.292;-11.290;-99.990;0.00;-90.99;
2025-10-30 18:21:25.29;0.00:00:26:862;-1.00;0.00;-0.01;0.07425;-0.07428;-1.505E-05;-0.0005035;-89.99;-0.19;100.05;0.68;100.05;0.07425;0.07429;-3.913E-05;-11.293;-11.291;-99.990;0.00;-91.71;
2025-10-30 18:21:25.33;0.00:00:26:908;-1.00;0.00;-0.01;0.07422;-0.07426;-9.703E-06;-0.0005051;-90.00;-0.19;100.05;0.68;100.05;0.07422;0.07426;-4.001E-05;-11.295;-11.292;-99.990;0.00;-91.10;
2025-10-30 18:21:25.38;0.00:00:26:956;-1.00;0.00;-0.01;0.07421;-0.07425;-2.128E-05;-0.0005024;-89.99;-0.19;100.05;0.68;100.05;0.07421;0.07425;-3.889E-05;-11.295;-11.293;-99.990;0.00;-92.42;
2025-10-30 18:21:25.43;0.00:00:27:002;-1.00;0.00;-0.01;0.07418;-0.07422;-1.83E-06;-0.0004999;-90.00;-0.19;100.05;0.67;100.05;0.07418;0.07422;-3.783E-05;-11.297;-11.295;-99.990;0.00;-90.21;
2025-10-30 18:21:25.47;0.00:00:27:048;-1.00;0.00;-0.01;0.07415;-0.07419;-1.875E-05;-0.0005026;-89.99;-0.19;100.06;0.68;100.05;0.07415;0.0742;-4.153E-05;-11.299;-11.296;-99.990;0.00;-92.14;
2025-10-30 18:21:25.52;0.00:00:27:097;-1.00;0.00;-0.01;0.07415;-0.07419;-5.984E-06;-0.0005036;-90.00;-0.19;100.05;0.68;100.05;0.07415;0.07419;-4.056E-05;-11.299;-11.296;-99.990;0.00;-90.68;
2025-10-30 18:21:25.56;0.00:00:27:141;-1.00;0.00;-0.01;0.07413;-0.07417;-1.829E-05;-0.0005001;-89.99;-0.19;100.06;0.67;100.06;0.07413;0.07417;-4.27E-05;-11.300;-11.297;-99.990;0.00;-92.09;
2025-10-30 18:21:25.61;0.00:00:27:188;-1.00;0.00;-0.01;0.07417;-0.07421;-8.508E-06;-0.0004984;-90.00;-0.19;100.05;0.67;100.05;0.07417;0.07421;-4.05E-05;-11.298;-11.295;-99.990;0.00;-90.98;
2025-10-30 18:21:25.66;0.00:00:27:235;-1.00;0.00;-0.01;0.07416;-0.0742;-1.37E-05;-0.00051;-89.99;-0.20;100.05;0.69;100.05;0.07416;0.0742;-4.057E-05;-11.298;-11.296;-99.990;0.00;-91.54;
2025-10-30 18:21:25.70;0.00:00:27:280;-1.00;0.00;-0.01;0.07418;-0.07422;-4.65E-06;-0.0005085;-90.00;-0.20;100.05;0.69;100.05;0.07418;0.07422;-3.924E-05;-11.297;-11.295;-99.990;0.00;-90.52;
2025-10-30 18:21:25.75;0.00:00:27:329;-1.00;0.00;-0.01;0.07422;-0.07426;-1.356E-05;-0.000502;-89.99;-0.19;100.06;0.68;100.05;0.07422;0.07426;-4.149E-05;-11.295;-11.293;-99.990;0.00;-91.55;
2025-10-30 18:21:25.80;0.00:00:27:375;-1.00;0.00;-0.01;0.07426;-0.0743;-2.723E-06;-0.0005071;-90.00;-0.20;100.05;0.68;100.05;0.07426;0.0743;-3.817E-05;-11.292;-11.290;-99.990;0.00;-90.31;
2025-10-30 18:21:25.84;0.00:00:27:420;-1.00;0.00;-0.01;0.07426;-0.07429;-1.387E-05;-0.0005029;-89.99;-0.19;100.06;0.68;100.05;0.07426;0.0743;-4.106E-05;-11.293;-11.290;-99.990;0.00;-91.58;
2025-10-30 18:21:25.89;0.00:00:27:468;-1.00;0.00;-0.01;0.07426;-0.0743;1.089E-06;-0.0005007;90.00;-0.19;100.06;0.67;100.05;0.07426;0.0743;-4.092E-05;-11.292;-11.290;-99.990;0.00;-89.88;
2025-10-30 18:21:25.94;0.00:00:27:515;-1.00;0.00;-0.01;0.07427;-0.07431;-2.279E-05;-0.0005028;-89.99;-0.19;100.05;0.68;100.05;0.07427;0.07431;-3.884E-05;-11.292;-11.289;-99.990;0.00;-92.59;
2025-10-30 18:21:25.98;0.00:00:27:560;-1.00;0.00;-0.01;0.07424;-0.07428;-1.372E-05;-0.0005064;-89.99;-0.20;100.05;0.68;100.05;0.07424;0.07428;-3.95E-05;-11.293;-11.291;-99.990;0.00;-91.55;
2025-10-30 18:21:26.03;0.00:00:27:609;-1.00;0.00;-0.01;0.07426;-0.0743;-1.134E-05;-0.0005087;-90.00;-0.20;100.05;0.68;100.05;0.07426;0.0743;-3.988E-05;-11.293;-11.290;-99.990;0.00;-91.28;
2025-10-30 18:21:26.08;0.00:00:27:655;-1.00;0.00;-0.01;0.07426;-0.0743;-1.208E-05;-0.000507;-90.00;-0.20;100.05;0.68;100.05;0.07426;0.0743;-3.795E-05;-11.292;-11.290;-99.990;0.00;-91.37;
2025-10-30 18:21:26.13;0.00:00:27:707;-1.00;0.00;-0.01;0.07424;-0.07428;-7.773E-06;-0.0004975;-90.00;-0.19;100.05;0.67;100.05;0.07424;0.07428;-3.95E-05;-11.294;-11.291;-99.990;0.00;-90.90;
2025-10-30 18:21:26.18;0.00:00:27:759;-1.00;0.00;-0.01;0.07426;-0.0743;-4.655E-06;-0.0005042;-90.00;-0.19;100.05;0.68;100.05;0.07426;0.0743;-3.75E-05;-11.292;-11.290;-99.990;0.00;-90.53;
2025-10-30 18:21:26.23;0.00:00:27:811;-1.00;0.00;-0.01;0.07421;-0.07425;-8.216E-06;-0.0005087;-90.00;-0.20;100.05;0.69;100.05;0.07421;0.07425;-3.926E-05;-11.295;-11.293;-99.990;0.00;-90.92;
2025-10-30 18:21:26.29;0.00:00:27:872;-1.00;0.00;-0.01;0.07422;-0.07426;-1.312E-05;-0.0005031;-89.99;-0.19;100.05;0.68;100.05;0.07422;0.07426;-4.037E-05;-11.295;-11.293;-99.990;0.00;-91.49;
2025-10-30 18:21:26.35;0.00:00:27:923;-1.00;0.00;-0.01;0.07428;-0.07432;-8.224E-06;-0.0005066;-90.00;-0.20;100.05;0.68;100.05;0.07428;0.07432;-3.959E-05;-11.291;-11.289;-99.990;0.00;-90.93;
2025-10-30 18:21:26.40;0.00:00:27:975;-1.00;0.00;-0.01;0.07426;-0.0743;-2.59E-05;-0.000506;-89.99;-0.20;100.05;0.68;100.05;0.07426;0.0743;-3.943E-05;-11.293;-11.290;-99.990;0.00;-92.93;
2025-10-30 18:21:26.44;0.00:00:28:021;-1.00;0.00;-0.01;0.07418;-0.07422;1.97E-07;-0.0005025;90.00;-0.19;100.05;0.68;100.05;0.07418;0.07422;-3.976E-05;-11.297;-11.295;-99.990;0.00;-89.98;
2025-10-30 18:21:26.49;0.00:00:28:067;-1.00;0.00;-0.01;0.07421;-0.07425;-1.059E-05;-0.000502;-90.00;-0.19;100.06;0.68;100.05;0.07421;0.07425;-4.2E-05;-11.296;-11.293;-99.990;0.00;-91.21;
2025-10-30 18:21:26.54;0.00:00:28:116;-1.00;0.00;-0.01;0.07419;-0.07422;-1.074E-05;-0.000503;-90.00;-0.19;100.05;0.68;100.05;0.07419;0.07423;-3.88E-05;-11.297;-11.294;-99.990;0.00;-91.22;
2025-10-30 18:21:26.59;0.00:00:28:166;-1.00;0.00;-0.01;0.07423;-0.07427;-1.698E-05;-0.0005069;-89.99;-0.20;100.06;0.68;100.05;0.07423;0.07427;-4.142E-05;-11.294;-11.292;-99.990;0.00;-91.92;
2025-10-30 18:21:26.64;0.00:00:28:217;-1.00;0.00;-0.01;0.07418;-0.07422;-1.163E-05;-0.0005019;-90.00;-0.19;100.05;0.68;100.05;0.07418;0.07422;-3.909E-05;-11.297;-11.295;-99.990;0.00;-91.33;
2025-10-30 18:21:26.70;0.00:00:28:280;-1.00;0.00;-0.01;0.07416;-0.0742;-8.952E-06;-0.0005111;-90.00;-0.20;100.06;0.69;100.06;0.07416;0.0742;-4.279E-05;-11.298;-11.296;-99.990;0.00;-91.00;
2025-10-30 18:21:26.75;0.00:00:28:332;-1.00;0.00;-0.01;0.07417;-0.0742;-8.953E-06;-0.0005009;-90.00;-0.19;100.05;0.68;100.05;0.07417;0.0742;-3.775E-05;-11.298;-11.296;-99.990;0.00;-91.02;
2025-10-30 18:21:26.81;0.00:00:28:384;-1.00;0.00;-0.01;0.07417;-0.07421;-1.207E-05;-0.0005026;-90.00;-0.19;100.06;0.68;100.06;0.07417;0.07422;-4.265E-05;-11.298;-11.295;-99.990;0.00;-91.38;
2025-10-30 18:21:26.86;0.00:00:28:432;-1.00;0.00;-0.01;0.07424;-0.07428;-1.416E-05;-0.0005007;-89.99;-0.19;100.05;0.67;100.05;0.07424;0.07428;-4.076E-05;-11.293;-11.291;-99.990;0.00;-91.62;
2025-10-30 18:21:26.91;0.00:00:28:484;-1.00;0.00;-0.01;0.07424;-0.07428;-1.045E-05;-0.0005025;-90.00;-0.19;100.05;0.68;100.05;0.07424;0.07428;-4.009E-05;-11.294;-11.291;-99.990;0.00;-91.19;
2025-10-30 18:21:26.96;0.00:00:28:536;-1.00;0.00;-0.01;0.07429;-0.07433;-9.86E-06;-0.0005088;-90.00;-0.20;100.05;0.68;100.05;0.07429;0.07433;-3.99E-05;-11.290;-11.288;-99.990;0.00;-91.11;
2025-10-30 18:21:27.01;0.00:00:28:586;-1.00;0.00;-0.01;0.0743;-0.07434;-1.774E-05;-0.0005079;-89.99;-0.20;100.05;0.68;100.05;0.0743;0.07435;-4.05E-05;-11.290;-11.287;-99.990;0.00;-92.00;
2025-10-30 18:21:27.06;0.00:00:28:636;-1.00;0.00;-0.01;0.07426;-0.0743;-1.669E-05;-0.0004945;-89.99;-0.19;100.05;0.67;100.05;0.07426;0.0743;-3.943E-05;-11.292;-11.290;-99.990;0.00;-91.93;
2025-10-30 18:21:27.11;0.00:00:28:690;-1.00;0.00;-0.01;0.0742;-0.07424;-6.73E-06;-0.0005033;-90.00;-0.19;100.05;0.68;100.05;0.0742;0.07424;-4.051E-05;-11.296;-11.294;-99.990;0.00;-90.77;
2025-10-30 18:21:27.16;0.00:00:28:739;-1.00;0.00;-0.01;0.07416;-0.07419;-1.682E-05;-0.0004984;-89.99;-0.19;100.05;0.67;100.05;0.07416;0.07419;-3.671E-05;-11.298;-11.296;-99.990;0.00;-91.93;
2025-10-30 18:21:27.21;0.00:00:28:789;-1.00;0.00;-0.01;0.0741;-0.07413;-1.221E-05;-0.0005029;-90.00;-0.19;100.05;0.68;100.05;0.0741;0.07413;-3.875E-05;-11.302;-11.300;-99.990;0.00;-91.39;
2025-10-30 18:21:27.27;0.00:00:28:851;-1.00;0.00;-0.01;0.07404;-0.07408;-1.397E-05;-0.000511;-89.99;-0.20;100.06;0.69;100.05;0.07404;0.07408;-4.153E-05;-11.306;-11.303;-99.990;0.00;-91.57;
2025-10-30 18:21:27.33;0.00:00:28:902;-1.00;0.00;-0.01;0.07404;-0.07408;-6.419E-06;-0.0005017;-90.00;-0.19;100.06;0.68;100.05;0.07404;0.07408;-4.102E-05;-11.305;-11.303;-99.990;0.00;-90.73;
2025-10-30 18:21:27.38;0.00:00:28:953;-1.00;0.00;-0.01;0.07407;-0.07411;-1.443E-05;-0.0005119;-89.99;-0.20;100.05;0.69;100.05;0.07407;0.07411;-3.874E-05;-11.303;-11.301;-99.990;0.00;-91.61;
2025-10-30 18:21:27.43;0.00:00:29:005;-1.00;0.00;-0.01;0.0741;-0.07414;-7.759E-06;-0.0005079;-90.00;-0.20;100.06;0.69;100.06;0.0741;0.07414;-4.283E-05;-11.302;-11.299;-99.990;0.00;-90.88;
2025-10-30 18:21:27.48;0.00:00:29:056;-1.00;0.00;-0.01;0.07414;-0.07418;-1.162E-05;-0.0005016;-90.00;-0.19;100.06;0.68;100.05;0.07414;0.07418;-4.181E-05;-11.300;-11.297;-99.990;0.00;-91.33;
2025-10-30 18:21:27.54;0.00:00:29:118;-1.00;0.00;-0.01;0.07414;-0.07418;-5.686E-06;-0.0005024;-90.00;-0.19;100.05;0.68;100.05;0.07414;0.07418;-3.93E-05;-11.299;-11.297;-99.990;0.00;-90.65;
2025-10-30 18:21:27.59;0.00:00:29:168;-1.00;0.00;-0.01;0.07415;-0.07419;-1.355E-05;-0.0004996;-89.99;-0.19;100.06;0.67;100.05;0.07415;0.07419;-4.138E-05;-11.299;-11.296;-99.990;0.00;-91.55;
2025-10-30 18:21:27.64;0.00:00:29:221;-1.00;0.00;-0.01;0.07417;-0.07421;-1.445E-05;-0.0005041;-89.99;-0.19;100.06;0.68;100.05;0.07417;0.07421;-4.168E-05;-11.298;-11.295;-99.990;0.00;-91.64;
2025-10-30 18:21:27.69;0.00:00:29:271;-1.00;0.00;-0.01;0.07423;-0.07427;-1.342E-05;-0.0005016;-89.99;-0.19;100.06;0.68;100.05;0.07423;0.07427;-4.172E-05;-11.294;-11.292;-99.990;0.00;-91.53;
2025-10-30 18:21:27.74;0.00:00:29:320;-1.00;0.00;-0.01;0.07422;-0.07426;-1.253E-05;-0.0005022;-90.00;-0.19;100.06;0.68;100.05;0.07422;0.07427;-4.164E-05;-11.295;-11.292;-99.990;0.00;-91.43;
2025-10-30 18:21:27.80;0.00:00:29:382;-1.00;0.00;-0.01;0.07419;-0.07423;-1.578E-05;-0.0005013;-89.99;-0.19;100.06;0.68;100.05;0.07419;0.07423;-4.184E-05;-11.297;-11.294;-99.990;0.00;-91.80;
2025-10-30 18:21:27.86;0.00:00:29:433;-1.00;0.00;-0.01;0.07415;-0.07419;-1.429E-05;-0.0004998;-89.99;-0.19;100.05;0.67;100.05;0.07415;0.07419;-3.952E-05;-11.299;-11.296;-99.990;0.00;-91.64;
2025-10-30 18:21:27.91;0.00:00:29:486;-1.00;0.00;-0.01;0.07415;-0.07419;-5.984E-06;-0.0005036;-90.00;-0.19;100.05;0.68;100.05;0.07415;0.07419;-4.004E-05;-11.299;-11.296;-99.990;0.00;-90.68;
2025-10-30 18:21:27.96;0.00:00:29:536;-1.00;0.00;-0.01;0.07421;-0.07425;-5.84E-06;-0.0005006;-90.00;-0.19;100.06;0.67;100.05;0.07421;0.07425;-4.148E-05;-11.296;-11.293;-99.990;0.00;-90.67;
2025-10-30 18:21:28.02;0.00:00:29:595;-1.00;0.00;-0.01;0.07421;-0.07425;-2.039E-05;-0.0005017;-89.99;-0.19;100.05;0.68;100.05;0.07421;0.07425;-4.037E-05;-11.295;-11.293;-99.990;0.00;-92.33;
2025-10-30 18:21:28.08;0.00:00:29:658;-1.00;0.00;-0.01;0.0742;-0.07424;-5.542E-06;-0.0005025;-90.00;-0.19;100.06;0.68;100.05;0.0742;0.07424;-4.089E-05;-11.296;-11.293;-99.990;0.00;-90.63;
2025-10-30 18:21:28.14;0.00:00:29:717;-1.00;0.00;-0.01;0.07424;-0.07428;-1.981E-05;-0.000509;-89.99;-0.20;100.06;0.69;100.05;0.07424;0.07429;-4.21E-05;-11.293;-11.291;-99.990;0.00;-92.23;
2025-10-30 18:21:28.19;0.00:00:29:762;-1.00;0.00;-0.01;0.07424;-0.07428;-4.357E-06;-0.0005067;-90.00;-0.20;100.05;0.68;100.05;0.07424;0.07428;-4.009E-05;-11.294;-11.291;-99.990;0.00;-90.49;
2025-10-30 18:21:28.23;0.00:00:29:808;-1.00;0.00;-0.01;0.07416;-0.0742;-2.083E-05;-0.0005076;-89.99;-0.20;100.05;0.68;100.05;0.07416;0.0742;-4.02E-05;-11.298;-11.296;-99.990;0.00;-92.35;
2025-10-30 18:21:28.28;0.00:00:29:855;-1.00;0.00;-0.01;0.07416;-0.0742;-1.8E-05;-0.0005017;-89.99;-0.19;100.06;0.68;100.05;0.07416;0.0742;-4.19E-05;-11.298;-11.296;-99.990;0.00;-92.06;
2025-10-30 18:21:28.33;0.00:00:29:902;-1.00;0.00;-0.01;0.07422;-0.07426;-1.371E-05;-0.0005077;-89.99;-0.20;100.05;0.68;100.05;0.07422;0.07426;-3.911E-05;-11.295;-11.293;-99.990;0.00;-91.55;
2025-10-30 18:21:28.37;0.00:00:29:951;-1.00;0.00;-0.01;0.07422;-0.07426;-1.728E-05;-0.000498;-89.99;-0.19;100.05;0.67;100.05;0.07422;0.07426;-4.008E-05;-11.295;-11.292;-99.990;0.00;-91.99;
2025-10-30 18:21:28.42;0.00:00:29:998;-1.00;0.00;-0.01;0.07418;-0.07422;-1.549E-05;-0.0005067;-89.99;-0.20;100.05;0.68;100.05;0.07418;0.07422;-4.035E-05;-11.297;-11.295;-99.990;0.00;-91.75;
2025-10-30 18:21:28.47;0.00:00:30:045;-1.00;0.00;-0.01;0.07429;-0.07433;-7.184E-06;-0.0005017;-90.00;-0.19;100.06;0.68;100.06;0.07429;0.07433;-4.286E-05;-11.291;-11.288;-99.990;0.00;-90.82;
2025-10-30 18:21:28.51;0.00:00:30:091;-1.00;0.00;-0.01;0.07431;-0.07435;-1.358E-05;-0.0005055;-89.99;-0.19;100.05;0.68;100.05;0.07431;0.07435;-4.006E-05;-11.289;-11.287;-99.990;0.00;-91.54;
2025-10-30 18:21:28.56;0.00:00:30:138;-1.00;0.00;-0.01;0.07432;-0.07436;-2.518E-05;-0.0005005;-89.99;-0.19;100.05;0.67;100.05;0.07432;0.07436;-3.872E-05;-11.289;-11.287;-99.990;0.00;-92.88;
2025-10-30 18:21:28.61;0.00:00:30:186;-1.00;0.00;-0.01;0.07431;-0.07435;-1.432E-05;-0.0005021;-89.99;-0.19;100.05;0.68;100.05;0.07431;0.07435;-4.057E-05;-11.290;-11.287;-99.990;0.00;-91.63;
2025-10-30 18:21:28.65;0.00:00:30:231;-1.00;0.00;-0.01;0.07431;-0.07435;-1.507E-05;-0.0005067;-89.99;-0.20;100.06;0.68;100.05;0.07431;0.07435;-4.221E-05;-11.290;-11.287;-99.990;0.00;-91.70;
2025-10-30 18:21:28.70;0.00:00:30:278;-1.00;0.00;-0.01;0.07431;-0.07435;-9.268E-06;-0.0005024;-90.00;-0.19;100.05;0.68;100.05;0.07431;0.07435;-3.939E-05;-11.289;-11.287;-99.990;0.00;-91.06;
2025-10-30 18:21:28.75;0.00:00:30:325;-1.00;0.00;-0.01;0.0743;-0.07434;1.387E-06;-0.0005109;90.00;-0.20;100.06;0.69;100.05;0.0743;0.07434;-4.235E-05;-11.290;-11.288;-99.990;0.00;-89.84;
2025-10-30 18:21:28.80;0.00:00:30:372;-1.00;0.00;-0.01;0.07433;-0.07437;-1.418E-05;-0.0005039;-89.99;-0.19;100.06;0.68;100.05;0.07433;0.07437;-4.148E-05;-11.288;-11.286;-99.990;0.00;-91.61;
2025-10-30 18:21:28.84;0.00:00:30:419;-1.00;0.00;-0.01;0.07432;-0.07435;-7.93E-06;-0.0005004;-90.00;-0.19;100.05;0.67;100.05;0.07432;0.07436;-4.021E-05;-11.289;-11.287;-99.990;0.00;-90.91;
2025-10-30 18:21:28.89;0.00:00:30:467;-1.00;0.00;-0.01;0.07423;-0.07427;-3.258E-05;-0.0005079;-89.99;-0.20;100.05;0.68;100.05;0.07423;0.07427;-4.016E-05;-11.294;-11.292;-99.990;0.00;-93.67;
2025-10-30 18:21:28.94;0.00:00:30:513;-1.00;0.00;-0.01;0.07419;-0.07423;-8.51E-06;-0.0005081;-90.00;-0.20;100.05;0.68;100.05;0.07419;0.07423;-3.991E-05;-11.297;-11.294;-99.990;0.00;-90.96;
2025-10-30 18:21:28.98;0.00:00:30:560;-1.00;0.00;-0.01;0.07421;-0.07425;-1.475E-05;-0.0005073;-89.99;-0.20;100.05;0.68;100.05;0.07421;0.07425;-3.911E-05;-11.295;-11.293;-99.990;0.00;-91.67;
2025-10-30 18:21:29.03;0.00:00:30:607;-1.00;0.00;-0.01;0.07426;-0.0743;-7.033E-06;-0.0005115;-90.00;-0.20;100.05;0.69;100.05;0.07426;0.0743;-3.839E-05;-11.292;-11.290;-99.990;0.00;-90.79;
2025-10-30 18:21:29.08;0.00:00:30:652;-1.00;0.00;-0.01;0.07432;-0.07436;-1.403E-05;-0.0005059;-89.99;-0.19;100.06;0.68;100.05;0.07432;0.07436;-4.132E-05;-11.289;-11.287;-99.990;0.00;-91.59;
2025-10-30 18:21:29.12;0.00:00:30:700;-1.00;0.00;-0.01;0.07435;-0.07439;-4.512E-06;-0.0005023;-90.00;-0.19;100.05;0.68;100.05;0.07435;0.07439;-3.941E-05;-11.287;-11.285;-99.990;0.00;-90.52;
2025-10-30 18:21:29.17;0.00:00:30:746;-1.00;0.00;-0.01;0.07427;-0.07431;-6.885E-06;-0.000503;-90.00;-0.19;100.05;0.68;100.05;0.07427;0.07431;-3.795E-05;-11.292;-11.290;-99.990;0.00;-90.78;
2025-10-30 18:21:29.22;0.00:00:30:792;-1.00;0.00;-0.01;0.07427;-0.07431;-5.993E-06;-0.0005088;-90.00;-0.20;100.06;0.69;100.05;0.07427;0.07431;-4.137E-05;-11.292;-11.289;-99.990;0.00;-90.68;
2025-10-30 18:21:29.26;0.00:00:30:841;-1.00;0.00;-0.01;0.07431;-0.07434;-1.611E-05;-0.0005053;-89.99;-0.19;100.05;0.68;100.05;0.07431;0.07435;-3.975E-05;-11.290;-11.287;-99.990;0.00;-91.83;
2025-10-30 18:21:29.31;0.00:00:30:887;-1.00;0.00;-0.01;0.07426;-0.0743;-1.313E-05;-0.0005069;-89.99;-0.20;100.06;0.68;100.05;0.07426;0.0743;-4.151E-05;-11.293;-11.290;-99.990;0.00;-91.48;
2025-10-30 18:21:29.36;0.00:00:30:933;-1.00;0.00;-0.01;0.07425;-0.07429;-1.728E-05;-0.0005039;-89.99;-0.19;100.06;0.68;100.06;0.07425;0.07429;-4.277E-05;-11.293;-11.291;-99.990;0.00;-91.97;
2025-10-30 18:21:29.40;0.00:00:30:980;-1.00;0.00;-0.01;0.07425;-0.07429;-1.342E-05;-0.0005063;-89.99;-0.20;100.06;0.68;100.05;0.07425;0.07429;-4.121E-05;-11.293;-11.290;-99.990;0.00;-91.52;
2025-10-30 18:21:29.45;0.00:00:31:027;-1.00;0.00;-0.01;0.07426;-0.07429;-1.372E-05;-0.0005029;-89.99;-0.19;100.05;0.68;100.05;0.07426;0.0743;-3.579E-05;-11.292;-11.290;-99.990;0.00;-91.56;
2025-10-30 18:21:29.50;0.00:00:31:074;-1.00;0.00;-0.01;0.07428;-0.07432;-6.886E-06;-0.0005056;-90.00;-0.19;100.05;0.68;100.05;0.07428;0.07432;-4.018E-05;-11.291;-11.289;-99.990;0.00;-90.78;
2025-10-30 18:21:29.56;0.00:00:31:137;-1.00;0.00;-0.01;0.07426;-0.0743;-2.576E-05;-0.0005095;-89.99;-0.20;100.05;0.69;100.05;0.07426;0.0743;-4.032E-05;-11.293;-11.290;-99.990;0.00;-92.89;
2025-10-30 18:21:29.61;0.00:00:31:185;-1.00;0.00;-0.01;0.07426;-0.0743;-1.417E-05;-0.0005028;-89.99;-0.19;100.06;0.68;100.06;0.07426;0.0743;-4.314E-05;-11.293;-11.290;-99.990;0.00;-91.61;
2025-10-30 18:21:29.65;0.00:00:31:231;-1.00;0.00;-0.01;0.07426;-0.07429;-1.684E-05;-0.0005073;-89.99;-0.20;100.05;0.68;100.05;0.07426;0.0743;-3.884E-05;-11.293;-11.290;-99.990;0.00;-91.90;
2025-10-30 18:21:29.70;0.00:00:31:279;-1.00;0.00;-0.01;0.0743;-0.07434;-7.92E-07;-0.0005029;-90.00;-0.19;100.05;0.68;100.05;0.0743;0.07434;-3.997E-05;-11.290;-11.288;-99.990;0.00;-90.09;
2025-10-30 18:21:29.75;0.00:00:31:325;-1.00;0.00;-0.01;0.07427;-0.0743;-4.507E-06;-0.0005009;-90.00;-0.19;100.05;0.67;100.05;0.07427;0.07431;-4.025E-05;-11.292;-11.290;-99.990;0.00;-90.52;
2025-10-30 18:21:29.79;0.00:00:31:372;-1.00;0.00;-0.01;0.07428;-0.07431;-1.536E-05;-0.0005057;-89.99;-0.19;100.05;0.68;100.05;0.07428;0.07432;-3.677E-05;-11.291;-11.289;-99.990;0.00;-91.74;
2025-10-30 18:21:29.84;0.00:00:31:420;-1.00;0.00;-0.01;0.07434;-0.07437;-1.225E-05;-0.0005084;-90.00;-0.20;100.05;0.68;100.05;0.07434;0.07438;-3.895E-05;-11.288;-11.286;-99.990;0.00;-91.38;
2025-10-30 18:21:29.89;0.00:00:31:467;-1.00;0.00;-0.01;0.07432;-0.07435;-1.537E-05;-0.0005002;-89.99;-0.19;100.05;0.67;100.05;0.07432;0.07436;-3.805E-05;-11.289;-11.287;-99.990;0.00;-91.76;
2025-10-30 18:21:29.94;0.00:00:31:515;-1.00;0.00;-0.01;0.07429;-0.07433;-1.031E-05;-0.0005073;-90.00;-0.20;100.06;0.68;100.05;0.07429;0.07434;-4.086E-05;-11.290;-11.288;-99.990;0.00;-91.16;
2025-10-30 18:21:29.98;0.00:00:31:559;-1.00;0.00;-0.01;0.07433;-0.07437;-1.314E-05;-0.0005063;-89.99;-0.20;100.06;0.68;100.05;0.07433;0.07437;-4.214E-05;-11.288;-11.286;-99.990;0.00;-91.49;
2025-10-30 18:21:30.03;0.00:00:31:607;-1.00;0.00;-0.01;0.07433;-0.07437;-1.973E-07;-0.0005094;-90.00;-0.20;100.06;0.69;100.05;0.07433;0.07437;-4.118E-05;-11.288;-11.286;-99.990;0.00;-90.02;
2025-10-30 18:21:30.08;0.00:00:31:655;-1.00;0.00;-0.01;0.07432;-0.07436;-1.581E-05;-0.0005011;-89.99;-0.19;100.06;0.67;100.06;0.07432;0.07437;-4.288E-05;-11.289;-11.286;-99.990;0.00;-91.81;
2025-10-30 18:21:30.13;0.00:00:31:703;-1.00;0.00;-0.01;0.07428;-0.07431;-1.001E-05;-0.0004992;-90.00;-0.19;100.05;0.67;100.05;0.07428;0.07431;-3.892E-05;-11.292;-11.289;-99.990;0.00;-91.15;
2025-10-30 18:21:30.17;0.00:00:31:749;-1.00;0.00;-0.01;0.07426;-0.0743;-7.181E-06;-0.0005048;-90.00;-0.19;100.05;0.68;100.05;0.07426;0.0743;-3.951E-05;-11.292;-11.290;-99.990;0.00;-90.82;
2025-10-30 18:21:30.22;0.00:00:31:795;-1.00;0.00;-0.01;0.07428;-0.07432;-1.699E-05;-0.0004993;-89.99;-0.19;100.05;0.67;100.05;0.07428;0.07432;-3.744E-05;-11.291;-11.289;-99.990;0.00;-91.95;
2025-10-30 18:21:30.27;0.00:00:31:843;-1.00;0.00;-0.01;0.07428;-0.07432;-1.12E-05;-0.0004998;-90.00;-0.19;100.05;0.67;100.05;0.07428;0.07432;-4.048E-05;-11.291;-11.289;-99.990;0.00;-91.28;
2025-10-30 18:21:30.31;0.00:00:31:891;-1.00;0.00;-0.01;0.07433;-0.07437;-1.284E-05;-0.0005018;-90.00;-0.19;100.05;0.68;100.05;0.07433;0.07437;-3.873E-05;-11.288;-11.286;-99.990;0.00;-91.47;
2025-10-30 18:21:30.36;0.00:00:31:938;-1.00;0.00;-0.01;0.0743;-0.07434;-5.698E-06;-0.0005067;-90.00;-0.20;100.05;0.68;100.05;0.0743;0.07434;-3.997E-05;-11.290;-11.288;-99.990;0.00;-90.64;
2025-10-30 18:21:30.41;0.00:00:31:986;-1.00;0.00;-0.01;0.07428;-0.07432;-4.508E-06;-0.0005038;-90.00;-0.19;100.06;0.68;100.05;0.07428;0.07432;-4.152E-05;-11.291;-11.289;-99.990;0.00;-90.51;
2025-10-30 18:21:30.46;0.00:00:32:033;-1.00;0.00;-0.01;0.07429;-0.07433;-8.819E-06;-0.000509;-90.00;-0.20;100.05;0.69;100.05;0.07429;0.07433;-3.982E-05;-11.291;-11.289;-99.990;0.00;-90.99;
2025-10-30 18:21:30.50;0.00:00:32:078;-1.00;0.00;-0.01;0.0743;-0.07434;-8.077E-06;-0.0005081;-90.00;-0.20;100.06;0.68;100.05;0.0743;0.07434;-4.146E-05;-11.290;-11.288;-99.990;0.00;-90.91;
2025-10-30 18:21:30.55;0.00:00:32:126;-1.00;0.00;-0.01;0.07427;-0.07431;-1.194E-05;-0.0005066;-90.00;-0.20;100.05;0.68;100.05;0.07427;0.07431;-3.907E-05;-11.292;-11.290;-99.990;0.00;-91.35;
2025-10-30 18:21:30.60;0.00:00:32:173;-1.00;0.00;-0.01;0.07422;-0.07426;-1.46E-05;-0.0005039;-89.99;-0.19;100.05;0.68;100.05;0.07422;0.07426;-3.978E-05;-11.295;-11.292;-99.990;0.00;-91.66;
2025-10-30 18:21:30.64;0.00:00:32:221;-1.00;0.00;-0.01;0.07422;-0.07426;-4.801E-06;-0.0005064;-90.00;-0.20;100.05;0.68;100.05;0.07422;0.07426;-4.008E-05;-11.295;-11.292;-99.990;0.00;-90.54;
2025-10-30 18:21:30.69;0.00:00:32:267;-1.00;0.00;-0.01;0.0743;-0.07433;-4.806E-06;-0.0004989;-90.00;-0.19;100.05;0.67;100.05;0.0743;0.07433;-3.945E-05;-11.290;-11.288;-99.990;0.00;-90.55;
2025-10-30 18:21:30.74;0.00:00:32:314;-1.00;0.00;-0.01;0.07431;-0.07435;-5.848E-06;-0.0005057;-90.00;-0.19;100.06;0.68;100.05;0.07431;0.07435;-4.236E-05;-11.289;-11.287;-99.990;0.00;-90.66;
2025-10-30 18:21:30.78;0.00:00:32:361;-1.00;0.00;-0.01;0.07434;-0.07438;-2.132E-05;-0.0005053;-89.99;-0.19;100.05;0.68;100.05;0.07434;0.07438;-3.896E-05;-11.288;-11.285;-99.990;0.00;-92.42;
2025-10-30 18:21:30.83;0.00:00:32:407;-1.00;0.00;-0.01;0.07432;-0.07436;-1.403E-05;-0.0005068;-89.99;-0.20;100.05;0.68;100.05;0.07432;0.07436;-3.887E-05;-11.289;-11.287;-99.990;0.00;-91.58;
2025-10-30 18:21:30.88;0.00:00:32:454;-1.00;0.00;-0.01;0.07431;-0.07435;-1.611E-05;-0.0005084;-89.99;-0.20;100.05;0.68;100.05;0.07431;0.07435;-3.82E-05;-11.289;-11.287;-99.990;0.00;-91.82;
2025-10-30 18:21:30.92;0.00:00:32:500;-1.00;0.00;-0.01;0.07432;-0.07436;-1.537E-05;-0.0005082;-89.99;-0.20;100.05;0.68;100.05;0.07432;0.07436;-4.013E-05;-11.289;-11.287;-99.990;0.00;-91.73;
2025-10-30 18:21:30.97;0.00:00:32:548;-1.00;0.00;-0.01;0.07435;-0.07439;-1.091E-05;-0.000505;-90.00;-0.19;100.06;0.68;100.05;0.07435;0.07439;-4.134E-05;-11.287;-11.285;-99.990;0.00;-91.24;
2025-10-30 18:21:31.02;0.00:00:32:593;-1.00;0.00;-0.01;0.07435;-0.07439;-9.868E-06;-0.0005043;-90.00;-0.19;100.05;0.68;100.05;0.07435;0.07439;-3.955E-05;-11.287;-11.285;-99.990;0.00;-91.12;
2025-10-30 18:21:31.06;0.00:00:32:641;-1.00;0.00;-0.01;0.0744;-0.07444;-4.366E-06;-0.0005072;-90.00;-0.20;100.05;0.68;100.05;0.0744;0.07444;-4.047E-05;-11.284;-11.282;-99.990;0.00;-90.49;
2025-10-30 18:21:31.11;0.00:00:32:689;-1.00;0.00;-0.01;0.07442;-0.07446;-3.921E-06;-0.000504;-90.00;-0.19;100.05;0.68;100.05;0.07442;0.07446;-3.937E-05;-11.283;-11.281;-99.990;0.00;-90.45;
2025-10-30 18:21:31.16;0.00:00:32:737;-1.00;0.00;-0.01;0.07438;-0.07442;-2.342E-05;-0.0005061;-89.99;-0.19;100.05;0.68;100.05;0.07438;0.07442;-3.853E-05;-11.285;-11.283;-99.990;0.00;-92.65;
2025-10-30 18:21:31.21;0.00:00:32:784;-1.00;0.00;-0.01;0.07437;-0.07441;-1.404E-05;-0.0005048;-89.99;-0.19;100.06;0.68;100.05;0.07437;0.07441;-4.098E-05;-11.286;-11.284;-99.990;0.00;-91.59;
2025-10-30 18:21:31.25;0.00:00:32:832;-1.00;0.00;-0.01;0.07436;-0.0744;-2.133E-05;-0.0005062;-89.99;-0.19;100.05;0.68;100.05;0.07436;0.0744;-3.83E-05;-11.286;-11.284;-99.990;0.00;-92.41;
2025-10-30 18:21:31.30;0.00:00:32:879;-1.00;0.00;-0.01;0.07434;-0.07437;-1.388E-05;-0.0005133;-89.99;-0.20;100.05;0.69;100.05;0.07434;0.07438;-3.918E-05;-11.288;-11.286;-99.990;0.00;-91.55;
2025-10-30 18:21:31.35;0.00:00:32:927;-1.00;0.00;-0.01;0.07435;-0.07439;-5.851E-06;-0.0005038;-90.00;-0.19;100.06;0.68;100.05;0.07435;0.07439;-4.193E-05;-11.287;-11.285;-99.990;0.00;-90.66;
2025-10-30 18:21:31.40;0.00:00:32:974;-1.00;0.00;-0.01;0.07431;-0.07435;-1.804E-05;-0.0005025;-89.99;-0.19;100.06;0.68;100.06;0.07431;0.07435;-4.347E-05;-11.290;-11.287;-99.990;0.00;-92.06;
2025-10-30 18:21:31.45;0.00:00:33:023;-1.00;0.00;-0.01;0.07428;-0.07432;-9.412E-06;-0.0005081;-90.00;-0.20;100.05;0.68;100.05;0.07428;0.07432;-4.048E-05;-11.291;-11.289;-99.990;0.00;-91.06;
2025-10-30 18:21:31.49;0.00:00:33:069;-1.00;0.00;-0.01;0.07424;-0.07428;-1.971E-07;-0.0005075;-90.00;-0.20;100.06;0.68;100.05;0.07424;0.07428;-4.158E-05;-11.293;-11.291;-99.990;0.00;-90.02;
2025-10-30 18:21:31.54;0.00:00:33:115;-1.00;0.00;-0.01;0.07421;-0.07425;-1.549E-05;-0.0005054;-89.99;-0.19;100.05;0.68;100.05;0.07421;0.07425;-3.844E-05;-11.295;-11.293;-99.990;0.00;-91.75;
2025-10-30 18:21:31.58;0.00:00:33:160;-1.00;0.00;-0.01;0.07418;-0.07422;-1.92E-05;-0.0005061;-89.99;-0.20;100.06;0.68;100.05;0.07418;0.07422;-4.169E-05;-11.297;-11.295;-99.990;0.00;-92.17;
2025-10-30 18:21:31.63;0.00:00:33:207;-1.00;0.00;-0.01;0.07419;-0.07423;-1.236E-06;-0.0005067;-90.00;-0.20;100.06;0.68;100.06;0.07419;0.07424;-4.437E-05;-11.296;-11.294;-99.990;0.00;-90.14;
2025-10-30 18:21:31.68;0.00:00:33:255;-1.00;0.00;-0.01;0.07421;-0.07425;-1.119E-05;-0.0004993;-90.00;-0.19;100.05;0.67;100.05;0.07421;0.07425;-4.015E-05;-11.296;-11.293;-99.990;0.00;-91.28;
2025-10-30 18:21:31.72;0.00:00:33:302;-1.00;0.00;-0.01;0.0742;-0.07424;-8.957E-06;-0.0005002;-90.00;-0.19;100.05;0.67;100.05;0.0742;0.07424;-3.881E-05;-11.296;-11.294;-99.990;0.00;-91.03;
2025-10-30 18:21:31.77;0.00:00:33:347;-1.00;0.00;-0.01;0.07422;-0.07427;-1.401E-05;-0.0005038;-89.99;-0.19;100.06;0.68;100.06;0.07422;0.07427;-4.52E-05;-11.295;-11.292;-99.990;0.00;-91.59;
2025-10-30 18:21:31.82;0.00:00:33:393;-1.00;0.00;-0.01;0.07425;-0.07428;-2.828E-05;-0.0005045;-89.99;-0.19;100.05;0.68;100.05;0.07425;0.07429;-4.032E-05;-11.293;-11.291;-99.990;0.00;-93.21;
2025-10-30 18:21:31.86;0.00:00:33:441;-1.00;0.00;-0.01;0.07421;-0.07424;-2.262E-05;-0.0005095;-89.99;-0.20;100.05;0.69;100.05;0.07421;0.07425;-3.985E-05;-11.296;-11.293;-99.990;0.00;-92.54;
2025-10-30 18:21:31.91;0.00:00:33:486;-1.00;0.00;-0.01;0.0742;-0.07424;-1.297E-05;-0.0005066;-89.99;-0.20;100.06;0.68;100.06;0.0742;0.07424;-4.266E-05;-11.296;-11.294;-99.990;0.00;-91.47;
2025-10-30 18:21:31.96;0.00:00:33:535;-1.00;0.00;-0.01;0.07422;-0.07426;-1.163E-05;-0.0005079;-90.00;-0.20;100.05;0.68;100.05;0.07422;0.07426;-4.016E-05;-11.295;-11.292;-99.990;0.00;-91.31;
2025-10-30 18:21:32.00;0.00:00:33:581;-1.00;0.00;-0.01;0.07422;-0.07426;-1.059E-05;-0.000505;-90.00;-0.19;100.05;0.68;100.05;0.07422;0.07426;-4.06E-05;-11.295;-11.292;-99.990;0.00;-91.20;
2025-10-30 18:21:32.05;0.00:00:33:631;-1.00;0.00;-0.01;0.0742;-0.07424;-1.044E-05;-0.0005058;-90.00;-0.20;100.06;0.68;100.06;0.0742;0.07424;-4.318E-05;-11.296;-11.294;-99.990;0.00;-91.18;
2025-10-30 18:21:32.11;0.00:00:33:690;-1.00;0.00;-0.01;0.0742;-0.07424;-9.403E-06;-0.0005013;-90.00;-0.19;100.06;0.68;100.05;0.0742;0.07424;-4.192E-05;-11.296;-11.293;-99.990;0.00;-91.08;
2025-10-30 18:21:32.16;0.00:00:33:736;-1.00;0.00;-0.01;0.07416;-0.07419;-1.86E-05;-0.0005005;-89.99;-0.19;100.05;0.67;100.05;0.07416;0.0742;-3.997E-05;-11.299;-11.296;-99.990;0.00;-92.13;
2025-10-30 18:21:32.21;0.00:00:33:783;-1.00;0.00;-0.01;0.07419;-0.07423;-1.207E-05;-0.0005021;-90.00;-0.19;100.05;0.68;100.05;0.07419;0.07423;-4.051E-05;-11.297;-11.294;-99.990;0.00;-91.38;
2025-10-30 18:21:32.25;0.00:00:33:829;-1.00;0.00;-0.01;0.07419;-0.07423;-1.994E-05;-0.0005085;-89.99;-0.20;100.06;0.69;100.05;0.07419;0.07423;-4.207E-05;-11.296;-11.294;-99.990;0.00;-92.25;
2025-10-30 18:21:32.30;0.00:00:33:877;-1.00;0.00;-0.01;0.07418;-0.07421;-1.875E-05;-0.0005056;-89.99;-0.20;100.05;0.68;100.05;0.07418;0.07422;-4.013E-05;-11.297;-11.295;-99.990;0.00;-92.12;
2025-10-30 18:21:32.36;0.00:00:33:940;-1.00;0.00;-0.01;0.07415;-0.07419;-1.622E-05;-0.0005021;-89.99;-0.19;100.06;0.68;100.05;0.07415;0.07419;-4.175E-05;-11.299;-11.297;-99.990;0.00;-91.85;
2025-10-30 18:21:32.41;0.00:00:33:987;-1.00;0.00;-0.01;0.0742;-0.07424;-7.769E-06;-0.0005059;-90.00;-0.20;100.05;0.68;100.05;0.0742;0.07424;-4.073E-05;-11.296;-11.294;-99.990;0.00;-90.88;
2025-10-30 18:21:32.46;0.00:00:34:033;-1.00;0.00;-0.01;0.07422;-0.07426;-2.426E-05;-0.0005087;-89.99;-0.20;100.06;0.69;100.05;0.07422;0.07426;-4.164E-05;-11.295;-11.292;-99.990;0.00;-92.73;
2025-10-30 18:21:32.51;0.00:00:34:082;-1.00;0.00;-0.01;0.07421;-0.07425;-8.216E-06;-0.0005084;-90.00;-0.20;100.05;0.69;100.05;0.07421;0.07425;-3.933E-05;-11.295;-11.293;-99.990;0.00;-90.92;
2025-10-30 18:21:32.55;0.00:00:34:128;-1.00;0.00;-0.01;0.07421;-0.07425;-1.267E-05;-0.0005021;-90.00;-0.19;100.05;0.68;100.05;0.07421;0.07425;-4.074E-05;-11.295;-11.293;-99.990;0.00;-91.45;
2025-10-30 18:21:32.60;0.00:00:34:176;-1.00;0.00;-0.01;0.07422;-0.07426;-1.386E-05;-0.0005026;-89.99;-0.19;100.05;0.68;100.05;0.07422;0.07426;-3.993E-05;-11.295;-11.292;-99.990;0.00;-91.58;
2025-10-30 18:21:32.65;0.00:00:34:223;-1.00;0.00;-0.01;0.07418;-0.07422;-1.608E-05;-0.0005028;-89.99;-0.19;100.06;0.68;100.05;0.07418;0.07422;-4.124E-05;-11.297;-11.295;-99.990;0.00;-91.83;
2025-10-30 18:21:32.69;0.00:00:34:271;-1.00;0.00;-0.01;0.07416;-0.0742;-3.462E-06;-0.0005042;-90.00;-0.19;100.06;0.68;100.06;0.07416;0.0742;-4.323E-05;-11.299;-11.296;-99.990;0.00;-90.39;
2025-10-30 18:21:32.74;0.00:00:34:318;-1.00;0.00;-0.01;0.07419;-0.07423;-7.62E-06;-0.0005057;-90.00;-0.20;100.05;0.68;100.05;0.07419;0.07423;-4.006E-05;-11.297;-11.294;-99.990;0.00;-90.86;
2025-10-30 18:21:32.79;0.00:00:34:363;-1.00;0.00;-0.01;0.07416;-0.0742;-1.964E-05;-0.0005051;-89.99;-0.20;100.05;0.68;100.05;0.07416;0.0742;-4.034E-05;-11.298;-11.296;-99.990;0.00;-92.23;
2025-10-30 18:21:32.83;0.00:00:34:412;-1.00;0.00;-0.01;0.07413;-0.07417;-2.007E-05;-0.0004989;-89.99;-0.19;100.05;0.67;100.05;0.07413;0.07417;-3.988E-05;-11.300;-11.298;-99.990;0.00;-92.30;
2025-10-30 18:21:32.88;0.00:00:34:458;-1.00;0.00;-0.01;0.07412;-0.07415;-1.577E-05;-0.0004993;-89.99;-0.19;100.05;0.67;100.05;0.07412;0.07416;-4.025E-05;-11.301;-11.299;-99.990;0.00;-91.81;
2025-10-30 18:21:32.93;0.00:00:34:505;-1.00;0.00;-0.01;0.07413;-0.07417;-5.241E-06;-0.0004994;-90.00;-0.19;100.06;0.67;100.06;0.07413;0.07418;-4.485E-05;-11.300;-11.297;-99.990;0.00;-90.60;
2025-10-30 18:21:32.97;0.00:00:34:551;-1.00;0.00;-0.01;0.07414;-0.07418;-6.428E-06;-0.0005009;-90.00;-0.19;100.06;0.68;100.05;0.07414;0.07418;-4.166E-05;-11.300;-11.297;-99.990;0.00;-90.73;
2025-10-30 18:21:33.02;0.00:00:34:597;-1.00;0.00;-0.01;0.07422;-0.07426;-6.138E-06;-0.0005073;-90.00;-0.20;100.06;0.68;100.05;0.07422;0.07426;-4.245E-05;-11.295;-11.292;-99.990;0.00;-90.69;
2025-10-30 18:21:33.07;0.00:00:34:644;-1.00;0.00;-0.01;0.07419;-0.07423;-1.831E-05;-0.0005002;-89.99;-0.19;100.05;0.67;100.05;0.07419;0.07423;-3.992E-05;-11.296;-11.294;-99.990;0.00;-92.10;
2025-10-30 18:21:33.11;0.00:00:34:691;-1.00;0.00;-0.01;0.07411;-0.07415;-8.057E-06;-0.0005083;-90.00;-0.20;100.06;0.69;100.05;0.07411;0.07415;-4.202E-05;-11.301;-11.299;-99.990;0.00;-90.91;
2025-10-30 18:21:33.16;0.00:00:34:738;-1.00;0.00;-0.01;0.07409;-0.07413;-1.888E-05;-0.0005059;-89.99;-0.20;100.05;0.68;100.05;0.07409;0.07413;-3.83E-05;-11.302;-11.300;-99.990;0.00;-92.14;
2025-10-30 18:21:33.21;0.00:00:34:784;-1.00;0.00;-0.01;0.07412;-0.07416;-1.073E-05;-0.0005069;-90.00;-0.20;100.06;0.68;100.06;0.07412;0.07416;-4.284E-05;-11.301;-11.298;-99.990;0.00;-91.21;
2025-10-30 18:21:33.25;0.00:00:34:832;-1.00;0.00;-0.01;0.0741;-0.07414;-1.755E-05;-0.0005065;-89.99;-0.20;100.06;0.68;100.06;0.0741;0.07414;-4.357E-05;-11.302;-11.299;-99.990;0.00;-91.98;
2025-10-30 18:21:33.30;0.00:00:34:878;-1.00;0.00;-0.01;0.07412;-0.07416;-4.202E-06;-0.0005006;-90.00;-0.19;100.06;0.68;100.06;0.07412;0.07416;-4.506E-05;-11.301;-11.298;-99.990;0.00;-90.48;
2025-10-30 18:21:33.35;0.00:00:34:927;-1.00;0.00;-0.01;0.07417;-0.07421;-1.652E-05;-0.000507;-89.99;-0.20;100.06;0.68;100.06;0.07417;0.07421;-4.302E-05;-11.298;-11.295;-99.990;0.00;-91.87;
2025-10-30 18:21:33.40;0.00:00:34:974;-1.00;0.00;-0.01;0.07421;-0.07425;-6.582E-06;-0.000499;-90.00;-0.19;100.06;0.67;100.05;0.07421;0.07425;-4.178E-05;-11.296;-11.293;-99.990;0.00;-90.76;
2025-10-30 18:21:33.44;0.00:00:35:021;-1.00;0.00;-0.01;0.07423;-0.07427;-4.941E-07;-0.0005088;-90.00;-0.20;100.06;0.69;100.05;0.07423;0.07427;-4.135E-05;-11.294;-11.292;-99.990;0.00;-90.06;
2025-10-30 18:21:33.49;0.00:00:35:069;-1.00;0.00;-0.01;0.0743;-0.07433;-1.269E-05;-0.0005099;-90.00;-0.20;100.05;0.69;100.05;0.0743;0.07434;-3.886E-05;-11.290;-11.288;-99.990;0.00;-91.43;
2025-10-30 18:21:33.54;0.00:00:35:115;-1.00;0.00;-0.01;0.07428;-0.07432;-1.283E-05;-0.0004894;-90.00;-0.19;100.06;0.66;100.05;0.07428;0.07432;-4.145E-05;-11.291;-11.289;-99.990;0.00;-91.50;
2025-10-30 18:21:33.59;0.00:00:35:165;-1.00;0.00;-0.01;0.07432;-0.07436;-1.715E-05;-0.0005043;-89.99;-0.19;100.05;0.68;100.05;0.07432;0.07436;-3.924E-05;-11.289;-11.287;-99.990;0.00;-91.95;
2025-10-30 18:21:33.65;0.00:00:35:226;-1.00;0.00;-0.01;0.07436;-0.0744;-7.927E-07;-0.0005033;-90.00;-0.19;100.06;0.68;100.05;0.07436;0.07441;-4.202E-05;-11.286;-11.284;-99.990;0.00;-90.09;
2025-10-30 18:21:33.70;0.00:00:35:272;-1.00;0.00;-0.01;0.07433;-0.07437;-1.016E-05;-0.0005068;-90.00;-0.20;100.05;0.68;100.05;0.07433;0.07437;-4.058E-05;-11.288;-11.286;-99.990;0.00;-91.15;
2025-10-30 18:21:33.74;0.00:00:35:320;-1.00;0.00;-0.01;0.07432;-0.07436;-1.849E-05;-0.0005051;-89.99;-0.19;100.05;0.68;100.05;0.07432;0.07436;-4.043E-05;-11.289;-11.286;-99.990;0.00;-92.10;
2025-10-30 18:21:33.79;0.00:00:35:365;-1.00;0.00;-0.01;0.07427;-0.0743;-1.833E-05;-0.0005068;-89.99;-0.20;100.05;0.68;100.05;0.07427;0.07431;-4.01E-05;-11.292;-11.290;-99.990;0.00;-92.07;
2025-10-30 18:21:33.84;0.00:00:35:413;-1.00;0.00;-0.01;0.07422;-0.07426;-2.069E-05;-0.0005015;-89.99;-0.19;100.06;0.68;100.05;0.07422;0.07426;-4.193E-05;-11.295;-11.293;-99.990;0.00;-92.36;
2025-10-30 18:21:33.88;0.00:00:35:461;-1.00;0.00;-0.01;0.07421;-0.07425;-2.01E-05;-0.0005054;-89.99;-0.19;100.05;0.68;100.05;0.07421;0.07425;-4.052E-05;-11.295;-11.293;-99.990;0.00;-92.28;
2025-10-30 18:21:33.93;0.00:00:35:507;-1.00;0.00;-0.01;0.07423;-0.07427;-8.663E-06;-0.0005014;-90.00;-0.19;100.05;0.68;100.05;0.07423;0.07427;-3.771E-05;-11.294;-11.292;-99.990;0.00;-90.99;
2025-10-30 18:21:33.98;0.00:00:35:555;-1.00;0.00;-0.01;0.07424;-0.07428;-9.259E-06;-0.000501;-90.00;-0.19;100.06;0.67;100.05;0.07424;0.07428;-4.179E-05;-11.294;-11.291;-99.990;0.00;-91.06;
2025-10-30 18:21:34.03;0.00:00:35:603;-1.00;0.00;-0.01;0.07421;-0.07425;-1.817E-05;-0.0005094;-89.99;-0.20;100.06;0.69;100.05;0.07421;0.07425;-4.148E-05;-11.295;-11.293;-99.990;0.00;-92.04;
2025-10-30 18:21:34.07;0.00:00:35:649;-1.00;0.00;-0.01;0.07423;-0.07427;-1.475E-05;-0.0004997;-89.99;-0.19;100.05;0.67;100.05;0.07423;0.07427;-3.994E-05;-11.294;-11.292;-99.990;0.00;-91.69;
2025-10-30 18:21:34.12;0.00:00:35:697;-1.00;0.00;-0.01;0.07419;-0.07423;-2.588E-05;-0.0005072;-89.99;-0.20;100.05;0.68;100.05;0.07419;0.07423;-3.955E-05;-11.296;-11.294;-99.990;0.00;-92.92;
2025-10-30 18:21:34.17;0.00:00:35:743;-1.00;0.00;-0.01;0.07415;-0.07418;-1.236E-05;-0.0005086;-90.00;-0.20;100.06;0.69;100.05;0.07415;0.07419;-4.093E-05;-11.299;-11.297;-99.990;0.00;-91.39;
2025-10-30 18:21:34.21;0.00:00:35:790;-1.00;0.00;-0.01;0.07417;-0.07421;-1.341E-05;-0.0004847;-89.99;-0.19;100.06;0.65;100.05;0.07417;0.07421;-4.146E-05;-11.298;-11.295;-99.990;0.00;-91.58;
2025-10-30 18:21:34.26;0.00:00:35:836;-1.00;0.00;-0.01;0.0742;-0.07424;-3.166E-06;-0.0005089;-90.00;-0.20;100.05;0.69;100.05;0.0742;0.07424;-3.992E-05;-11.296;-11.294;-99.990;0.00;-90.36;
2025-10-30 18:21:34.31;0.00:00:35:884;-1.00;0.00;-0.01;0.07417;-0.07421;-2.484E-05;-0.000503;-89.99;-0.19;100.05;0.68;100.05;0.07417;0.07421;-3.916E-05;-11.297;-11.295;-99.990;0.00;-92.83;
2025-10-30 18:21:34.35;0.00:00:35:929;-1.00;0.00;-0.01;0.07413;-0.07417;-2.007E-05;-0.0005061;-89.99;-0.20;100.05;0.68;100.05;0.07413;0.07417;-3.885E-05;-11.300;-11.298;-99.990;0.00;-92.27;
2025-10-30 18:21:34.40;0.00:00:35:976;-1.00;0.00;-0.01;0.07412;-0.07416;-1.607E-05;-0.0005043;-89.99;-0.19;100.06;0.68;100.05;0.07412;0.07416;-4.143E-05;-11.300;-11.298;-99.990;0.00;-91.83;
2025-10-30 18:21:34.44;0.00:00:36:022;-1.00;0.00;-0.01;0.07413;-0.07416;-1.236E-05;-0.0005057;-90.00;-0.20;100.05;0.68;100.05;0.07413;0.07417;-3.944E-05;-11.300;-11.298;-99.990;0.00;-91.40;
2025-10-30 18:21:34.49;0.00:00:36:069;-1.00;0.00;-0.01;0.0741;-0.07414;-2.007E-05;-0.0005148;-89.99;-0.20;100.05;0.69;100.05;0.0741;0.07414;-3.92E-05;-11.302;-11.299;-99.990;0.00;-92.23;
2025-10-30 18:21:34.54;0.00:00:36:116;-1.00;0.00;-0.01;0.07422;-0.07426;-6.286E-06;-0.0005103;-90.00;-0.20;100.06;0.69;100.05;0.07422;0.07426;-4.193E-05;-11.295;-11.293;-99.990;0.00;-90.71;
2025-10-30 18:21:34.59;0.00:00:36:163;-1.00;0.00;-0.01;0.07425;-0.0743;-1.491E-05;-0.0005041;-89.99;-0.19;100.06;0.68;100.06;0.07425;0.0743;-4.307E-05;-11.293;-11.290;-99.990;0.00;-91.69;
2025-10-30 18:21:34.63;0.00:00:36:211;-1.00;0.00;-0.01;0.07423;-0.07427;-1.163E-05;-0.000506;-90.00;-0.20;100.06;0.68;100.06;0.07423;0.07427;-4.32E-05;-11.294;-11.292;-99.990;0.00;-91.32;
2025-10-30 18:21:34.68;0.00:00:36:257;-1.00;0.00;-0.01;0.07424;-0.07428;-2.025E-05;-0.0005054;-89.99;-0.19;100.06;0.68;100.05;0.07424;0.07428;-4.165E-05;-11.294;-11.291;-99.990;0.00;-92.30;
2025-10-30 18:21:34.73;0.00:00:36:304;-1.00;0.00;-0.01;0.07423;-0.07426;-7.178E-06;-0.0005047;-90.00;-0.19;100.05;0.68;100.05;0.07423;0.07427;-3.741E-05;-11.294;-11.292;-99.990;0.00;-90.82;
2025-10-30 18:21:34.77;0.00:00:36:349;-1.00;0.00;-0.01;0.07421;-0.07424;-1.787E-05;-0.0005024;-89.99;-0.19;100.05;0.68;100.05;0.07421;0.07425;-3.933E-05;-11.296;-11.293;-99.990;0.00;-92.04;
2025-10-30 18:21:34.82;0.00:00:36:398;-1.00;0.00;-0.01;0.07419;-0.07423;-1.148E-05;-0.0005;-90.00;-0.19;100.05;0.67;100.05;0.07419;0.07423;-4.073E-05;-11.297;-11.294;-99.990;0.00;-91.32;
2025-10-30 18:21:34.87;0.00:00:36:444;-1.00;0.00;-0.01;0.07418;-0.07422;-1.949E-05;-0.0005041;-89.99;-0.19;100.05;0.68;100.05;0.07418;0.07422;-3.902E-05;-11.297;-11.295;-99.990;0.00;-92.21;
2025-10-30 18:21:34.91;0.00:00:36:491;-1.00;0.00;-0.01;0.07422;-0.07426;-9.397E-07;-0.0005081;-90.00;-0.20;100.06;0.68;100.05;0.07422;0.07426;-4.09E-05;-11.295;-11.292;-99.990;0.00;-90.11;
2025-10-30 18:21:34.96;0.00:00:36:540;-1.00;0.00;-0.01;0.07426;-0.0743;-1.134E-05;-0.0004979;-90.00;-0.19;100.06;0.67;100.05;0.07426;0.0743;-4.203E-05;-11.293;-11.290;-99.990;0.00;-91.30;
2025-10-30 18:21:35.01;0.00:00:36:587;-1.00;0.00;-0.01;0.07421;-0.07425;-7.028E-06;-0.0005073;-90.00;-0.20;100.05;0.68;100.05;0.07421;0.07425;-4.052E-05;-11.295;-11.293;-99.990;0.00;-90.79;
2025-10-30 18:21:35.05;0.00:00:36:631;-1.00;0.00;-0.01;0.07419;-0.07423;-1.059E-05;-0.0004992;-90.00;-0.19;100.05;0.67;100.05;0.07419;0.07423;-4.021E-05;-11.296;-11.294;-99.990;0.00;-91.22;
2025-10-30 18:21:35.10;0.00:00:36:679;-1.00;0.00;-0.01;0.07423;-0.07427;-1.579E-05;-0.0005037;-89.99;-0.19;100.06;0.68;100.05;0.07423;0.07427;-4.149E-05;-11.294;-11.292;-99.990;0.00;-91.80;
2025-10-30 18:21:35.15;0.00:00:36:724;-1.00;0.00;-0.01;0.07423;-0.07427;-2.055E-05;-0.0005039;-89.99;-0.19;100.06;0.68;100.06;0.07423;0.07427;-4.253E-05;-11.294;-11.292;-99.990;0.00;-92.34;
2025-10-30 18:21:35.19;0.00:00:36:770;-1.00;0.00;-0.01;0.07418;-0.07422;-1.771E-05;-0.0005019;-89.99;-0.19;100.05;0.68;100.05;0.07418;0.07422;-3.983E-05;-11.297;-11.295;-99.990;0.00;-92.02;
2025-10-30 18:21:35.24;0.00:00:36:817;-1.00;0.00;-0.01;0.07417;-0.07421;-7.173E-06;-0.0005015;-90.00;-0.19;100.05;0.68;100.05;0.07417;0.07421;-4.02E-05;-11.297;-11.295;-99.990;0.00;-90.82;
2025-10-30 18:21:35.29;0.00:00:36:865;-1.00;0.00;-0.01;0.07415;-0.07419;-3.165E-06;-0.0005039;-90.00;-0.19;100.06;0.68;100.05;0.07415;0.07419;-4.086E-05;-11.299;-11.296;-99.990;0.00;-90.36;
2025-10-30 18:21:35.34;0.00:00:36:912;-1.00;0.00;-0.01;0.07414;-0.07418;-2.275E-05;-0.0005054;-89.99;-0.20;100.06;0.68;100.05;0.07414;0.07418;-4.226E-05;-11.300;-11.297;-99.990;0.00;-92.58;
2025-10-30 18:21:35.40;0.00:00:36:973;-1.00;0.00;-0.01;0.07408;-0.07412;-1.502E-05;-0.0004994;-89.99;-0.19;100.06;0.67;100.05;0.07408;0.07413;-4.104E-05;-11.303;-11.300;-99.990;0.00;-91.72;
2025-10-30 18:21:35.44;0.00:00:37:019;-1.00;0.00;-0.01;0.07408;-0.07412;-1.369E-05;-0.0005058;-89.99;-0.20;100.05;0.68;100.05;0.07408;0.07412;-3.8E-05;-11.303;-11.301;-99.990;0.00;-91.55;
2025-10-30 18:21:35.49;0.00:00:37:067;-1.00;0.00;-0.01;0.07411;-0.07415;-2.273E-06;-0.0005089;-90.00;-0.20;100.06;0.69;100.05;0.07411;0.07415;-4.158E-05;-11.301;-11.299;-99.990;0.00;-90.26;
2025-10-30 18:21:35.54;0.00:00:37:115;-1.00;0.00;-0.01;0.07415;-0.07419;-5.538E-06;-0.000511;-90.00;-0.20;100.05;0.69;100.05;0.07415;0.07419;-4.011E-05;-11.299;-11.297;-99.990;0.00;-90.62;
2025-10-30 18:21:35.58;0.00:00:37:160;-1.00;0.00;-0.01;0.07417;-0.07421;-9.844E-06;-0.0005074;-90.00;-0.20;100.06;0.68;100.05;0.07417;0.07421;-4.087E-05;-11.298;-11.295;-99.990;0.00;-91.11;
2025-10-30 18:21:35.63;0.00:00:37:207;-1.00;0.00;-0.01;0.07417;-0.07421;-1.623E-05;-0.000509;-89.99;-0.20;100.06;0.69;100.05;0.07417;0.07421;-4.22E-05;-11.298;-11.295;-99.990;0.00;-91.83;
2025-10-30 18:21:35.68;0.00:00:37:257;-1.00;0.00;-0.01;0.07416;-0.07419;-8.061E-06;-0.0005069;-90.00;-0.20;100.05;0.68;100.05;0.07416;0.0742;-3.915E-05;-11.299;-11.296;-99.990;0.00;-90.91;
2025-10-30 18:21:35.73;0.00:00:37:302;-1.00;0.00;-0.01;0.07416;-0.0742;-2.053E-05;-0.0005065;-89.99;-0.20;100.05;0.68;100.05;0.07416;0.0742;-4.042E-05;-11.298;-11.296;-99.990;0.00;-92.32;
2025-10-30 18:21:35.77;0.00:00:37:350;-1.00;0.00;-0.01;0.07416;-0.0742;-1.756E-05;-0.0005081;-89.99;-0.20;100.05;0.69;100.05;0.07416;0.0742;-4.057E-05;-11.298;-11.296;-99.990;0.00;-91.98;
2025-10-30 18:21:35.82;0.00:00:37:395;-1.00;0.00;-0.01;0.0742;-0.07424;-1.861E-05;-0.0005062;-89.99;-0.20;100.05;0.68;100.05;0.0742;0.07424;-3.769E-05;-11.296;-11.294;-99.990;0.00;-92.10;
2025-10-30 18:21:35.87;0.00:00:37:443;-1.00;0.00;-0.01;0.07418;-0.07422;-1.964E-05;-0.0005084;-89.99;-0.20;100.05;0.69;100.05;0.07418;0.07422;-3.798E-05;-11.297;-11.295;-99.990;0.00;-92.21;
2025-10-30 18:21:35.91;0.00:00:37:490;-1.00;0.00;-0.01;0.07416;-0.0742;3.313E-06;-0.0004983;90.00;-0.19;100.05;0.67;100.05;0.07416;0.0742;-4.005E-05;-11.298;-11.296;-99.990;0.00;-89.62;
2025-10-30 18:21:35.96;0.00:00:37:537;-1.00;0.00;-0.01;0.07417;-0.07421;-1.875E-05;-0.0005047;-89.99;-0.19;100.05;0.68;100.05;0.07417;0.07421;-3.961E-05;-11.298;-11.295;-99.990;0.00;-92.13;
2025-10-30 18:21:36.01;0.00:00:37:585;-1.00;0.00;-0.01;0.07417;-0.07421;-1.192E-05;-0.0005005;-90.00;-0.19;100.05;0.67;100.05;0.07417;0.07421;-3.924E-05;-11.298;-11.295;-99.990;0.00;-91.36;
2025-10-30 18:21:36.06;0.00:00:37:632;-1.00;0.00;-0.01;0.07418;-0.07422;-7.471E-06;-0.0005069;-90.00;-0.20;100.06;0.68;100.06;0.07418;0.07422;-4.428E-05;-11.297;-11.295;-99.990;0.00;-90.84;
2025-10-30 18:21:36.10;0.00:00:37:680;-1.00;0.00;-0.01;0.0742;-0.07424;-1.104E-05;-0.0005063;-90.00;-0.20;100.06;0.68;100.05;0.0742;0.07424;-4.2E-05;-11.296;-11.294;-99.990;0.00;-91.25;
2025-10-30 18:21:36.15;0.00:00:37:727;-1.00;0.00;-0.01;0.07428;-0.07433;-9.711E-06;-0.0005059;-90.00;-0.19;100.06;0.68;100.06;0.07428;0.07433;-4.375E-05;-11.291;-11.288;-99.990;0.00;-91.10;
2025-10-30 18:21:36.20;0.00:00:37:773;-1.00;0.00;-0.01;0.07424;-0.07427;-2.04E-05;-0.0005014;-89.99;-0.19;100.05;0.68;100.05;0.07424;0.07428;-3.846E-05;-11.294;-11.292;-99.990;0.00;-92.33;
2025-10-30 18:21:36.24;0.00:00:37:819;-1.00;0.00;-0.01;0.07419;-0.07423;-7.026E-06;-0.0005053;-90.00;-0.19;100.06;0.68;100.05;0.07419;0.07423;-4.192E-05;-11.296;-11.294;-99.990;0.00;-90.80;
2025-10-30 18:21:36.29;0.00:00:37:866;-1.00;0.00;-0.01;0.07417;-0.07421;-1.237E-05;-0.0005038;-90.00;-0.19;100.05;0.68;100.05;0.07417;0.07421;-3.946E-05;-11.298;-11.295;-99.990;0.00;-91.41;
2025-10-30 18:21:36.34;0.00:00:37:913;-1.00;0.00;-0.01;0.07416;-0.0742;-6.875E-06;-0.0005067;-90.00;-0.20;100.05;0.68;100.05;0.07416;0.0742;-4.064E-05;-11.298;-11.296;-99.990;0.00;-90.78;
2025-10-30 18:21:36.38;0.00:00:37:959;-1.00;0.00;-0.01;0.07421;-0.07425;-2.292E-05;-0.0005116;-89.99;-0.20;100.06;0.69;100.05;0.07421;0.07425;-4.089E-05;-11.296;-11.293;-99.990;0.00;-92.56;
2025-10-30 18:21:36.43;0.00:00:38:006;-1.00;0.00;-0.01;0.07423;-0.07427;-1.386E-05;-0.0005067;-89.99;-0.20;100.06;0.68;100.06;0.07423;0.07428;-4.328E-05;-11.294;-11.292;-99.990;0.00;-91.57;
2025-10-30 18:21:36.48;0.00:00:38:053;-1.00;0.00;-0.01;0.07426;-0.0743;-1.268E-05;-0.0005048;-90.00;-0.19;100.06;0.68;100.06;0.07426;0.07431;-4.3E-05;-11.292;-11.290;-99.990;0.00;-91.44;
2025-10-30 18:21:36.52;0.00:00:38:100;-1.00;0.00;-0.01;0.07427;-0.07431;-1.387E-05;-0.0005008;-89.99;-0.19;100.06;0.67;100.05;0.07427;0.07431;-4.129E-05;-11.292;-11.290;-99.990;0.00;-91.59;
2025-10-30 18:21:36.57;0.00:00:38:148;-1.00;0.00;-0.01;0.07426;-0.0743;-5.992E-06;-0.0005079;-90.00;-0.20;100.06;0.68;100.05;0.07426;0.0743;-4.092E-05;-11.293;-11.290;-99.990;0.00;-90.68;
2025-10-30 18:21:36.62;0.00:00:38:196;-1.00;0.00;-0.01;0.07422;-0.07426;-1.535E-05;-0.0005033;-89.99;-0.19;100.06;0.68;100.05;0.07422;0.07426;-4.112E-05;-11.295;-11.292;-99.990;0.00;-91.75;
2025-10-30 18:21:36.67;0.00:00:38:242;-1.00;0.00;-0.01;0.07421;-0.07425;-1.534E-05;-0.0005064;-89.99;-0.20;100.06;0.68;100.05;0.07421;0.07425;-4.23E-05;-11.295;-11.293;-99.990;0.00;-91.74;
2025-10-30 18:21:36.71;0.00:00:38:290;-1.00;0.00;-0.01;0.07423;-0.07427;-8.367E-06;-0.0005071;-90.00;-0.20;100.06;0.68;100.05;0.07423;0.07427;-4.216E-05;-11.294;-11.292;-99.990;0.00;-90.95;
2025-10-30 18:21:36.76;0.00:00:38:337;-1.00;0.00;-0.01;0.07422;-0.07426;-8.366E-06;-0.0005004;-90.00;-0.19;100.05;0.67;100.05;0.07422;0.07426;-3.882E-05;-11.295;-11.292;-99.990;0.00;-90.96;
2025-10-30 18:21:36.81;0.00:00:38:383;-1.00;0.00;-0.01;0.07422;-0.07426;-1.787E-05;-0.000512;-89.99;-0.20;100.05;0.69;100.05;0.07422;0.07426;-4.067E-05;-11.295;-11.292;-99.990;0.00;-92.00;
2025-10-30 18:21:36.85;0.00:00:38:429;-1.00;0.00;-0.01;0.07423;-0.07427;-1E-05;-0.0005133;-90.00;-0.20;100.05;0.69;100.05;0.07423;0.07427;-3.919E-05;-11.294;-11.292;-99.990;0.00;-91.12;
2025-10-30 18:21:36.90;0.00:00:38:475;-1.00;0.00;-0.01;0.07422;-0.07426;-1.044E-05;-0.000504;-90.00;-0.19;100.06;0.68;100.06;0.07422;0.07426;-4.401E-05;-11.295;-11.292;-99.990;0.00;-91.19;
2025-10-30 18:21:36.94;0.00:00:38:522;-1.00;0.00;-0.01;0.07421;-0.07425;-1.505E-05;-0.0005073;-89.99;-0.20;100.05;0.68;100.05;0.07421;0.07425;-3.881E-05;-11.295;-11.293;-99.990;0.00;-91.70;
2025-10-30 18:21:36.99;0.00:00:38:570;-1.00;0.00;-0.01;0.07424;-0.07428;-2.025E-05;-0.0005074;-89.99;-0.20;100.05;0.68;100.05;0.07424;0.07428;-3.972E-05;-11.293;-11.291;-99.990;0.00;-92.29;
2025-10-30 18:21:37.04;0.00:00:38:616;-1.00;0.00;-0.01;0.07423;-0.07427;-2.069E-05;-0.000506;-89.99;-0.20;100.05;0.68;100.05;0.07423;0.07427;-3.919E-05;-11.294;-11.292;-99.990;0.00;-92.34;
2025-10-30 18:21:37.09;0.00:00:38:665;-1.00;0.00;-0.01;0.07424;-0.07428;-1.936E-05;-0.0005062;-89.99;-0.20;100.06;0.68;100.05;0.07424;0.07428;-4.224E-05;-11.294;-11.291;-99.990;0.00;-92.19;
2025-10-30 18:21:37.14;0.00:00:38:713;-1.00;0.00;-0.01;0.07421;-0.07424;-1.668E-05;-0.0005066;-89.99;-0.20;100.05;0.68;100.05;0.07421;0.07425;-3.814E-05;-11.296;-11.293;-99.990;0.00;-91.89;
2025-10-30 18:21:37.18;0.00:00:38:761;-1.00;0.00;-0.01;0.07417;-0.07421;-1.385E-05;-0.0005032;-89.99;-0.19;100.05;0.68;100.05;0.07417;0.07421;-3.909E-05;-11.298;-11.295;-99.990;0.00;-91.58;
2025-10-30 18:21:37.23;0.00:00:38:808;-1.00;0.00;-0.01;0.07416;-0.0742;-1.474E-05;-0.0005078;-89.99;-0.20;100.05;0.68;100.05;0.07416;0.0742;-3.76E-05;-11.298;-11.296;-99.990;0.00;-91.66;
2025-10-30 18:21:37.28;0.00:00:38:856;-1.00;0.00;-0.01;0.07414;-0.07418;-1.281E-05;-0.0005051;-90.00;-0.20;100.05;0.68;100.05;0.07414;0.07418;-3.996E-05;-11.299;-11.297;-99.990;0.00;-91.45;
2025-10-30 18:21:37.33;0.00:00:38:903;-1.00;0.00;-0.01;0.07413;-0.07417;-1.37E-05;-0.0005068;-89.99;-0.20;100.05;0.68;100.05;0.07413;0.07417;-3.818E-05;-11.300;-11.298;-99.990;0.00;-91.55;
2025-10-30 18:21:37.37;0.00:00:38:950;-1.00;0.00;-0.01;0.07414;-0.07418;-1.221E-05;-0.0005064;-90.00;-0.20;100.06;0.68;100.05;0.07414;0.07418;-4.078E-05;-11.300;-11.297;-99.990;0.00;-91.38;
2025-10-30 18:21:37.42;0.00:00:38:997;-1.00;0.00;-0.01;0.07416;-0.0742;-1.845E-05;-0.000501;-89.99;-0.19;100.05;0.68;100.05;0.07416;0.07421;-4.064E-05;-11.298;-11.296;-99.990;0.00;-92.11;
2025-10-30 18:21:37.47;0.00:00:39:045;-1.00;0.00;-0.01;0.07411;-0.07415;-1.71E-05;-0.0005067;-89.99;-0.20;100.05;0.68;100.05;0.07411;0.07415;-4.017E-05;-11.301;-11.299;-99.990;0.00;-91.93;
2025-10-30 18:21:37.51;0.00:00:39:092;-1.00;0.00;-0.01;0.07412;-0.07416;-5.536E-06;-0.0005015;-90.00;-0.19;100.06;0.68;100.05;0.07412;0.07416;-4.091E-05;-11.301;-11.298;-99.990;0.00;-90.63;
2025-10-30 18:21:37.56;0.00:00:39:139;-1.00;0.00;-0.01;0.07412;-0.07415;-1.874E-05;-0.0005102;-89.99;-0.20;100.05;0.69;100.05;0.07412;0.07415;-3.898E-05;-11.301;-11.299;-99.990;0.00;-92.10;
2025-10-30 18:21:37.61;0.00:00:39:186;-1.00;0.00;-0.01;0.07411;-0.07415;-6.574E-06;-0.0005025;-90.00;-0.19;100.05;0.68;100.05;0.07411;0.07415;-3.972E-05;-11.301;-11.299;-99.990;0.00;-90.75;
2025-10-30 18:21:37.66;0.00:00:39:233;-1.00;0.00;-0.01;0.07413;-0.07417;-9.097E-06;-0.0005034;-90.00;-0.19;100.05;0.68;100.05;0.07413;0.07417;-3.996E-05;-11.300;-11.298;-99.990;0.00;-91.04;
2025-10-30 18:21:37.70;0.00:00:39:280;-1.00;0.00;-0.01;0.07412;-0.07415;-1.354E-05;-0.0005063;-89.99;-0.20;100.05;0.68;100.05;0.07412;0.07416;-3.824E-05;-11.301;-11.299;-99.990;0.00;-91.53;
2025-10-30 18:21:37.75;0.00:00:39:326;-1.00;0.00;-0.01;0.07411;-0.07415;-1.636E-05;-0.0005016;-89.99;-0.19;100.05;0.68;100.05;0.07411;0.07415;-4.069E-05;-11.301;-11.299;-99.990;0.00;-91.87;
2025-10-30 18:21:37.80;0.00:00:39:374;-1.00;0.00;-0.01;0.07411;-0.07415;-1.28E-05;-0.0005031;-90.00;-0.19;100.06;0.68;100.05;0.07411;0.07415;-4.12E-05;-11.301;-11.299;-99.990;0.00;-91.46;
2025-10-30 18:21:37.84;0.00:00:39:421;-1.00;0.00;-0.01;0.0741;-0.07414;-5.98E-06;-0.0005083;-90.00;-0.20;100.05;0.69;100.05;0.0741;0.07414;-4.024E-05;-11.302;-11.299;-99.990;0.00;-90.67;
2025-10-30 18:21:37.89;0.00:00:39:468;-1.00;0.00;-0.01;0.07408;-0.07412;-1.413E-05;-0.0005092;-89.99;-0.20;100.05;0.69;100.05;0.07408;0.07412;-3.882E-05;-11.303;-11.301;-99.990;0.00;-91.59;
2025-10-30 18:21:37.94;0.00:00:39:514;-1.00;0.00;-0.01;0.07414;-0.07418;-2.631E-05;-0.0005085;-89.99;-0.20;100.05;0.69;100.05;0.07414;0.07418;-3.915E-05;-11.300;-11.297;-99.990;0.00;-92.96;
2025-10-30 18:21:37.99;0.00:00:39:563;-1.00;0.00;-0.01;0.07418;-0.07422;-6.728E-06;-0.0005125;-90.00;-0.20;100.06;0.69;100.05;0.07418;0.07422;-4.132E-05;-11.297;-11.295;-99.990;0.00;-90.75;
2025-10-30 18:21:38.03;0.00:00:39:611;-1.00;0.00;-0.01;0.07415;-0.07419;-1.845E-05;-0.0005048;-89.99;-0.19;100.05;0.68;100.05;0.07415;0.07419;-3.848E-05;-11.299;-11.297;-99.990;0.00;-92.09;
2025-10-30 18:21:38.08;0.00:00:39:658;-1.00;0.00;-0.01;0.07412;-0.07415;-8.947E-06;-0.0005106;-90.00;-0.20;100.05;0.69;100.05;0.07412;0.07415;-3.602E-05;-11.301;-11.299;-99.990;0.00;-91.00;
2025-10-30 18:21:38.13;0.00:00:39:705;-1.00;0.00;-0.01;0.07413;-0.07416;-1.859E-05;-0.0005078;-89.99;-0.20;100.05;0.69;100.05;0.07413;0.07416;-3.788E-05;-11.300;-11.298;-99.990;0.00;-92.10;
2025-10-30 18:21:38.17;0.00:00:39:751;-1.00;0.00;-0.01;0.07417;-0.07421;-4.798E-06;-0.0005034;-90.00;-0.19;100.06;0.68;100.05;0.07417;0.07421;-4.087E-05;-11.298;-11.295;-99.990;0.00;-90.55;
2025-10-30 18:21:38.22;0.00:00:39:799;-1.00;0.00;-0.01;0.07416;-0.0742;-2.038E-05;-0.0005062;-89.99;-0.20;100.05;0.68;100.05;0.07416;0.0742;-3.931E-05;-11.298;-11.296;-99.990;0.00;-92.31;
2025-10-30 18:21:38.27;0.00:00:39:846;-1.00;0.00;-0.01;0.07417;-0.0742;-7.321E-06;-0.0005055;-90.00;-0.20;100.05;0.68;100.05;0.07417;0.07421;-3.857E-05;-11.298;-11.296;-99.990;0.00;-90.83;
2025-10-30 18:21:38.32;0.00:00:39:893;-1.00;0.00;-0.01;0.07415;-0.07419;-1.771E-05;-0.0005044;-89.99;-0.19;100.05;0.68;100.05;0.07415;0.07419;-4.034E-05;-11.299;-11.296;-99.990;0.00;-92.01;
2025-10-30 18:21:38.36;0.00:00:39:942;-1.00;0.00;-0.01;0.07414;-0.07418;-7.318E-06;-0.0005075;-90.00;-0.20;100.06;0.68;100.05;0.07414;0.07418;-4.115E-05;-11.300;-11.297;-99.990;0.00;-90.83;
2025-10-30 18:21:38.41;0.00:00:39:989;-1.00;0.00;-0.01;0.07415;-0.07419;-1.563E-05;-0.0005065;-89.99;-0.20;100.05;0.68;100.05;0.07415;0.07419;-3.967E-05;-11.299;-11.296;-99.990;0.00;-91.77;
2025-10-30 18:21:38.46;0.00:00:40:037;-1.00;0.00;-0.01;0.07416;-0.0742;-1.222E-05;-0.0005084;-90.00;-0.20;100.06;0.69;100.06;0.07416;0.0742;-4.316E-05;-11.298;-11.296;-99.990;0.00;-91.38;
2025-10-30 18:21:38.51;0.00:00:40:083;-1.00;0.00;-0.01;0.07416;-0.07419;-1.934E-05;-0.000508;-89.99;-0.20;100.05;0.69;100.05;0.07416;0.0742;-3.76E-05;-11.298;-11.296;-99.990;0.00;-92.18;
2025-10-30 18:21:38.55;0.00:00:40:132;-1.00;0.00;-0.01;0.07414;-0.07418;-1.043E-05;-0.000505;-90.00;-0.20;100.06;0.68;100.06;0.07414;0.07418;-4.278E-05;-11.299;-11.297;-99.990;0.00;-91.18;
2025-10-30 18:21:38.60;0.00:00:40:178;-1.00;0.00;-0.01;0.07419;-0.07423;-2.098E-05;-0.0005031;-89.99;-0.19;100.06;0.68;100.05;0.07419;0.07423;-4.08E-05;-11.297;-11.294;-99.990;0.00;-92.39;
2025-10-30 18:21:38.65;0.00:00:40:226;-1.00;0.00;-0.01;0.07411;-0.07414;-1.918E-05;-0.0005081;-89.99;-0.20;100.05;0.69;100.05;0.07411;0.07415;-3.957E-05;-11.301;-11.299;-99.990;0.00;-92.16;
2025-10-30 18:21:38.70;0.00:00:40:273;-1.00;0.00;-0.01;0.07412;-0.07416;-1.992E-05;-0.0005035;-89.99;-0.19;100.05;0.68;100.05;0.07412;0.07416;-4.069E-05;-11.300;-11.298;-99.990;0.00;-92.27;
2025-10-30 18:21:38.74;0.00:00:40:320;-1.00;0.00;-0.01;0.07413;-0.07417;-1.325E-05;-0.0005109;-89.99;-0.20;100.06;0.69;100.05;0.07413;0.07417;-4.085E-05;-11.300;-11.298;-99.990;0.00;-91.49;
2025-10-30 18:21:38.79;0.00:00:40:365;-1.00;0.00;-0.01;0.07416;-0.0742;-7.765E-06;-0.0005061;-90.00;-0.20;100.06;0.68;100.05;0.07416;0.0742;-4.116E-05;-11.298;-11.296;-99.990;0.00;-90.88;
2025-10-30 18:21:38.84;0.00:00:40:413;-1.00;0.00;-0.01;0.07419;-0.07423;1.681E-06;-0.0005053;90.00;-0.20;100.06;0.68;100.05;0.07419;0.07423;-4.169E-05;-11.297;-11.294;-99.990;0.00;-89.81;
2025-10-30 18:21:38.88;0.00:00:40:460;-1.00;0.00;-0.01;0.07416;-0.0742;-1.311E-05;-0.0005058;-89.99;-0.20;100.05;0.68;100.05;0.07416;0.0742;-4.02E-05;-11.298;-11.296;-99.990;0.00;-91.48;
2025-10-30 18:21:38.93;0.00:00:40:507;-1.00;0.00;-0.01;0.07412;-0.07416;-1.533E-05;-0.0005042;-89.99;-0.19;100.05;0.68;100.05;0.07412;0.07416;-3.906E-05;-11.301;-11.298;-99.990;0.00;-91.74;
2025-10-30 18:21:38.98;0.00:00:40:554;-1.00;0.00;-0.01;0.07407;-0.07411;-1.546E-05;-0.0005083;-89.99;-0.20;100.05;0.69;100.05;0.07407;0.07411;-4.037E-05;-11.303;-11.301;-99.990;0.00;-91.74;
2025-10-30 18:21:39.02;0.00:00:40:600;-1.00;0.00;-0.01;0.07407;-0.0741;-1.131E-05;-0.0005089;-90.00;-0.20;100.05;0.69;100.05;0.07407;0.0741;-3.888E-05;-11.304;-11.302;-99.990;0.00;-91.27;
2025-10-30 18:21:39.07;0.00:00:40:648;-1.00;0.00;-0.01;0.07407;-0.07411;-1.354E-05;-0.0005086;-89.99;-0.20;100.06;0.69;100.05;0.07407;0.07411;-4.192E-05;-11.304;-11.301;-99.990;0.00;-91.52;
2025-10-30 18:21:39.12;0.00:00:40:696;-1.00;0.00;-0.01;0.07409;-0.07413;-8.055E-06;-0.0005088;-90.00;-0.20;100.05;0.69;100.05;0.07409;0.07413;-4.001E-05;-11.302;-11.300;-99.990;0.00;-90.91;
2025-10-30 18:21:39.16;0.00:00:40:741;-1.00;0.00;-0.01;0.07407;-0.07411;-1.843E-05;-0.0005092;-89.99;-0.20;100.05;0.69;100.05;0.07407;0.07411;-3.948E-05;-11.303;-11.301;-99.990;0.00;-92.07;
2025-10-30 18:21:39.21;0.00:00:40:788;-1.00;0.00;-0.01;0.07407;-0.0741;-3.754E-06;-0.0005137;-90.00;-0.20;100.05;0.69;100.05;0.07407;0.07411;-3.903E-05;-11.304;-11.302;-99.990;0.00;-90.42;
2025-10-30 18:21:39.26;0.00:00:40:835;-1.00;0.00;-0.01;0.07416;-0.0742;-1.296E-05;-0.0005081;-89.99;-0.20;100.06;0.69;100.05;0.07416;0.07421;-4.168E-05;-11.298;-11.296;-99.990;0.00;-91.46;
2025-10-30 18:21:39.30;0.00:00:40:880;-1.00;0.00;-0.01;0.0742;-0.07424;-1.133E-05;-0.0005109;-90.00;-0.20;100.06;0.69;100.05;0.0742;0.07424;-4.2E-05;-11.296;-11.293;-99.990;0.00;-91.27;
2025-10-30 18:21:39.35;0.00:00:40:928;-1.00;0.00;-0.01;0.07422;-0.07426;-1.371E-05;-0.0005029;-89.99;-0.19;100.05;0.68;100.05;0.07422;0.07426;-3.949E-05;-11.295;-11.292;-99.990;0.00;-91.56;
2025-10-30 18:21:39.40;0.00:00:40:973;-1.00;0.00;-0.01;0.07422;-0.07426;-2.277E-05;-0.0005069;-89.99;-0.20;100.05;0.68;100.05;0.07422;0.07426;-4.023E-05;-11.295;-11.292;-99.990;0.00;-92.57;
2025-10-30 18:21:39.44;0.00:00:41:021;-1.00;0.00;-0.01;0.0742;-0.07424;-2.529E-05;-0.0005049;-89.99;-0.19;100.05;0.68;100.05;0.0742;0.07424;-4.066E-05;-11.296;-11.293;-99.990;0.00;-92.87;
2025-10-30 18:21:39.49;0.00:00:41:069;-1.00;0.00;-0.01;0.07419;-0.07423;-4.947E-06;-0.0005038;-90.00;-0.19;100.05;0.68;100.05;0.07419;0.07423;-4.028E-05;-11.297;-11.294;-99.990;0.00;-90.56;
2025-10-30 18:21:39.54;0.00:00:41:114;-1.00;0.00;-0.01;0.0742;-0.07424;-1.297E-05;-0.0005113;-89.99;-0.20;100.06;0.69;100.05;0.0742;0.07424;-4.081E-05;-11.296;-11.294;-99.990;0.00;-91.45;
2025-10-30 18:21:39.58;0.00:00:41:161;-1.00;0.00;-0.01;0.07421;-0.07425;-6.88E-06;-0.0005072;-90.00;-0.20;100.06;0.68;100.05;0.07421;0.07426;-4.238E-05;-11.295;-11.293;-99.990;0.00;-90.78;
2025-10-30 18:21:39.63;0.00:00:41:208;-1.00;0.00;-0.01;0.07422;-0.07426;-2.143E-05;-0.0005096;-89.99;-0.20;100.06;0.69;100.05;0.07422;0.07426;-4.178E-05;-11.295;-11.293;-99.990;0.00;-92.41;
2025-10-30 18:21:39.68;0.00:00:41:253;-1.00;0.00;-0.01;0.07421;-0.07425;-1.787E-05;-0.0005046;-89.99;-0.19;100.05;0.68;100.05;0.07421;0.07425;-3.859E-05;-11.295;-11.293;-99.990;0.00;-92.03;
2025-10-30 18:21:39.72;0.00:00:41:300;-1.00;0.00;-0.01;0.07421;-0.07425;-1.802E-05;-0.0005019;-89.99;-0.19;100.06;0.68;100.05;0.07421;0.07425;-4.2E-05;-11.295;-11.293;-99.990;0.00;-92.06;
2025-10-30 18:21:39.77;0.00:00:41:346;-1.00;0.00;-0.01;0.07418;-0.07422;-9.845E-06;-0.0005038;-90.00;-0.19;100.06;0.68;100.05;0.07418;0.07422;-4.176E-05;-11.297;-11.295;-99.990;0.00;-91.12;
2025-10-30 18:21:39.82;0.00:00:41:394;-1.00;0.00;-0.01;0.07413;-0.07416;-2.111E-05;-0.0005075;-89.99;-0.20;100.05;0.68;100.05;0.07413;0.07416;-3.884E-05;-11.300;-11.298;-99.990;0.00;-92.38;
2025-10-30 18:21:39.86;0.00:00:41:441;-1.00;0.00;-0.01;0.07413;-0.07417;-8.058E-06;-0.000505;-90.00;-0.20;100.06;0.68;100.05;0.07413;0.07417;-4.099E-05;-11.300;-11.298;-99.990;0.00;-90.91;
2025-10-30 18:21:39.91;0.00:00:41:489;-1.00;0.00;-0.01;0.07415;-0.07419;-7.32E-06;-0.0005069;-90.00;-0.20;100.06;0.68;100.05;0.07415;0.0742;-4.219E-05;-11.299;-11.296;-99.990;0.00;-90.83;
2025-10-30 18:21:39.96;0.00:00:41:536;-1.00;0.00;-0.01;0.07419;-0.07423;-1.816E-05;-0.0005117;-89.99;-0.20;100.06;0.69;100.05;0.07419;0.07423;-4.132E-05;-11.297;-11.294;-99.990;0.00;-92.03;
2025-10-30 18:21:40.01;0.00:00:41:582;-1.00;0.00;-0.01;0.07422;-0.07426;-1.015E-05;-0.0005024;-90.00;-0.19;100.06;0.68;100.05;0.07422;0.07426;-4.238E-05;-11.295;-11.292;-99.990;0.00;-91.16;
2025-10-30 18:21:40.05;0.00:00:41:629;-1.00;0.00;-0.01;0.07421;-0.07424;-2.009E-05;-0.0005114;-89.99;-0.20;100.05;0.69;100.05;0.07421;0.07425;-3.977E-05;-11.296;-11.293;-99.990;0.00;-92.25;
2025-10-30 18:21:40.10;0.00:00:41:676;-1.00;0.00;-0.01;0.07419;-0.07423;-6.433E-06;-0.0005039;-90.00;-0.19;100.05;0.68;100.05;0.07419;0.07423;-4.036E-05;-11.296;-11.294;-99.990;0.00;-90.73;
2025-10-30 18:21:40.15;0.00:00:41:730;-1.00;0.00;-0.01;0.07419;-0.07422;-8.213E-06;-0.0005069;-90.00;-0.20;100.05;0.68;100.05;0.07419;0.07422;-3.917E-05;-11.297;-11.295;-99.990;0.00;-90.93;
2025-10-30 18:21:40.21;0.00:00:41:786;-1.00;0.00;-0.01;0.07419;-0.07423;-6.581E-06;-0.0005106;-90.00;-0.20;100.05;0.69;100.05;0.07419;0.07423;-3.932E-05;-11.296;-11.294;-99.990;0.00;-90.74;
2025-10-30 18:21:40.25;0.00:00:41:832;-1.00;0.00;-0.01;0.0742;-0.07424;-1.163E-05;-0.000507;-90.00;-0.20;100.05;0.68;100.05;0.0742;0.07424;-3.985E-05;-11.296;-11.293;-99.990;0.00;-91.31;
2025-10-30 18:21:40.31;0.00:00:41:882;-1.00;0.00;-0.01;0.07421;-0.07425;-1.059E-05;-0.0005082;-90.00;-0.20;100.05;0.68;100.05;0.07421;0.07425;-4.044E-05;-11.295;-11.293;-99.990;0.00;-91.19;
2025-10-30 18:21:40.35;0.00:00:41:931;-1.00;0.00;-0.01;0.07419;-0.07422;-1.014E-05;-0.0005059;-90.00;-0.20;100.05;0.68;100.05;0.07419;0.07423;-4.058E-05;-11.297;-11.294;-99.990;0.00;-91.15;
2025-10-30 18:21:40.41;0.00:00:41:987;-1.00;0.00;-0.01;0.07417;-0.07421;-1.4E-05;-0.0005048;-89.99;-0.19;100.05;0.68;100.05;0.07417;0.07421;-4.035E-05;-11.298;-11.295;-99.990;0.00;-91.59;
2025-10-30 18:21:40.46;0.00:00:42:037;-1.00;0.00;-0.01;0.07413;-0.07417;-1.889E-05;-0.0005034;-89.99;-0.19;100.06;0.68;100.05;0.07413;0.07417;-4.144E-05;-11.300;-11.298;-99.990;0.00;-92.15;
2025-10-30 18:21:40.51;0.00:00:42:090;-1.00;0.00;-0.01;0.07418;-0.07422;-1.178E-05;-0.0005111;-90.00;-0.20;100.05;0.69;100.05;0.07418;0.07422;-3.969E-05;-11.297;-11.295;-99.990;0.00;-91.32;
2025-10-30 18:21:40.56;0.00:00:42:139;-1.00;0.00;-0.01;0.07419;-0.07423;-1.193E-05;-0.0005112;-90.00;-0.20;100.06;0.69;100.05;0.07419;0.07423;-4.207E-05;-11.297;-11.294;-99.990;0.00;-91.34;
2025-10-30 18:21:40.62;0.00:00:42:195;-1.00;0.00;-0.01;0.07419;-0.07423;-1.95E-05;-0.0005087;-89.99;-0.20;100.06;0.69;100.05;0.07419;0.07424;-4.222E-05;-11.296;-11.294;-99.990;0.00;-92.19;
2025-10-30 18:21:40.67;0.00:00:42:242;-1.00;0.00;-0.01;0.07417;-0.07421;-2.023E-05;-0.0005055;-89.99;-0.20;100.05;0.68;100.05;0.07417;0.07421;-3.976E-05;-11.297;-11.295;-99.990;0.00;-92.29;
2025-10-30 18:21:40.72;0.00:00:42:293;-1.00;0.00;-0.01;0.07418;-0.07421;-7.47E-06;-0.0005074;-90.00;-0.20;100.05;0.68;100.05;0.07418;0.07421;-3.894E-05;-11.297;-11.295;-99.990;0.00;-90.84;
2025-10-30 18:21:40.77;0.00:00:42:349;-1.00;0.00;-0.01;0.07417;-0.07421;-5.243E-06;-0.0005048;-90.00;-0.19;100.06;0.68;100.06;0.07417;0.07421;-4.42E-05;-11.298;-11.295;-99.990;0.00;-90.59;
2025-10-30 18:21:40.82;0.00:00:42:397;-1.00;0.00;-0.01;0.07415;-0.07419;-2.186E-05;-0.0005013;-89.99;-0.19;100.06;0.68;100.05;0.07415;0.07419;-4.16E-05;-11.299;-11.296;-99.990;0.00;-92.50;
2025-10-30 18:21:40.87;0.00:00:42:447;-1.00;0.00;-0.01;0.07419;-0.07423;-1.445E-05;-0.0005052;-89.99;-0.20;100.05;0.68;100.05;0.07419;0.07423;-4.043E-05;-11.297;-11.294;-99.990;0.00;-91.64;
2025-10-30 18:21:40.92;0.00:00:42:498;-1.00;0.00;-0.01;0.0742;-0.07425;-1.668E-05;-0.0005101;-89.99;-0.20;100.06;0.69;100.06;0.0742;0.07425;-4.334E-05;-11.296;-11.293;-99.990;0.00;-91.87;
2025-10-30 18:21:40.97;0.00:00:42:549;-1.00;0.00;-0.01;0.07421;-0.07424;-1.356E-05;-0.0005037;-89.99;-0.19;100.05;0.68;100.05;0.07421;0.07424;-3.784E-05;-11.296;-11.293;-99.990;0.00;-91.54;
2025-10-30 18:21:41.04;0.00:00:42:614;-1.00;0.00;-0.01;0.0742;-0.07424;-2.336E-05;-0.0005082;-89.99;-0.20;100.05;0.68;100.05;0.0742;0.07424;-4.066E-05;-11.296;-11.293;-99.990;0.00;-92.63;
2025-10-30 18:21:41.09;0.00:00:42:672;-1.00;0.00;-0.01;0.07419;-0.07423;-1.326E-05;-0.0005022;-89.99;-0.19;100.05;0.68;100.05;0.07419;0.07423;-4.073E-05;-11.297;-11.294;-99.990;0.00;-91.51;
2025-10-30 18:21:41.15;0.00:00:42:722;-1.00;0.00;-0.01;0.07413;-0.07416;-2.912E-05;-0.0005065;-89.99;-0.20;100.05;0.68;100.05;0.07413;0.07417;-3.595E-05;-11.300;-11.298;-99.990;0.00;-93.29;
2025-10-30 18:21:41.20;0.00:00:42:773;-1.00;0.00;-0.01;0.07414;-0.07418;-5.686E-06;-0.0005008;-90.00;-0.19;100.05;0.68;100.05;0.07414;0.07418;-4.003E-05;-11.300;-11.297;-99.990;0.00;-90.65;
2025-10-30 18:21:41.25;0.00:00:42:827;-1.00;0.00;-0.01;0.0742;-0.07424;-1.594E-05;-0.0005091;-89.99;-0.20;100.06;0.69;100.05;0.0742;0.07424;-4.17E-05;-11.296;-11.294;-99.990;0.00;-91.79;
2025-10-30 18:21:41.31;0.00:00:42:885;-1.00;0.00;-0.01;0.07417;-0.07421;-1.385E-05;-0.000502;-89.99;-0.19;100.06;0.68;100.05;0.07417;0.07421;-4.101E-05;-11.298;-11.295;-99.990;0.00;-91.58;
2025-10-30 18:21:41.36;0.00:00:42:937;-1.00;0.00;-0.01;0.0742;-0.07424;-1.163E-05;-0.0005041;-90.00;-0.19;100.05;0.68;100.05;0.0742;0.07424;-3.999E-05;-11.296;-11.294;-99.990;0.00;-91.32;
2025-10-30 18:21:41.41;0.00:00:42:989;-1.00;0.00;-0.01;0.07417;-0.07421;-7.469E-06;-0.0005004;-90.00;-0.19;100.06;0.67;100.05;0.07417;0.07421;-4.139E-05;-11.298;-11.295;-99.990;0.00;-90.86;
2025-10-30 18:21:41.47;0.00:00:43:047;-1.00;0.00;-0.01;0.07417;-0.07421;-2.483E-05;-0.0005088;-89.99;-0.20;100.05;0.69;100.05;0.07417;0.07421;-3.961E-05;-11.298;-11.295;-99.990;0.00;-92.80;
2025-10-30 18:21:41.52;0.00:00:43:097;-1.00;0.00;-0.01;0.07414;-0.07418;-1.756E-05;-0.0005073;-89.99;-0.20;100.05;0.68;100.05;0.07414;0.07418;-3.967E-05;-11.299;-11.297;-99.990;0.00;-91.98;
2025-10-30 18:21:41.57;0.00:00:43:151;-1.00;0.00;-0.01;0.07417;-0.07421;-2.187E-05;-0.0005043;-89.99;-0.19;100.06;0.68;100.05;0.07417;0.07422;-4.08E-05;-11.297;-11.295;-99.990;0.00;-92.48;
2025-10-30 18:21:41.63;0.00:00:43:204;-1.00;0.00;-0.01;0.07417;-0.0742;-1.029E-05;-0.0005066;-90.00;-0.20;100.05;0.68;100.05;0.07417;0.07421;-3.975E-05;-11.298;-11.296;-99.990;0.00;-91.16;
2025-10-30 18:21:41.68;0.00:00:43:253;-1.00;0.00;-0.01;0.07416;-0.0742;-1.741E-05;-0.0005078;-89.99;-0.20;100.05;0.68;100.05;0.07416;0.0742;-4.057E-05;-11.298;-11.296;-99.990;0.00;-91.96;
2025-10-30 18:21:41.73;0.00:00:43:305;-1.00;0.00;-0.01;0.07415;-0.07418;-1.503E-05;-0.0005037;-89.99;-0.19;100.05;0.68;100.05;0.07415;0.07419;-4.071E-05;-11.299;-11.297;-99.990;0.00;-91.71;
2025-10-30 18:21:41.78;0.00:00:43:352;-1.00;0.00;-0.01;0.07407;-0.0741;-1.754E-05;-0.0005127;-89.99;-0.20;100.05;0.69;100.05;0.07407;0.07411;-3.911E-05;-11.304;-11.302;-99.990;0.00;-91.96;
2025-10-30 18:21:41.83;0.00:00:43:409;-1.00;0.00;-0.01;0.07409;-0.07413;-3.013E-06;-0.0005049;-90.00;-0.20;100.06;0.68;100.05;0.07409;0.07413;-4.097E-05;-11.303;-11.300;-99.990;0.00;-90.34;
2025-10-30 18:21:41.88;0.00:00:43:452;-1.00;0.00;-0.01;0.07407;-0.07411;-1.294E-05;-0.00051;-89.99;-0.20;100.05;0.69;100.05;0.07407;0.07411;-3.918E-05;-11.303;-11.301;-99.990;0.00;-91.45;
2025-10-30 18:21:41.92;0.00:00:43:499;-1.00;0.00;-0.01;0.07412;-0.07416;-9.244E-06;-0.0005102;-90.00;-0.20;100.05;0.69;100.05;0.07412;0.07416;-3.98E-05;-11.301;-11.298;-99.990;0.00;-91.04;
2025-10-30 18:21:41.98;0.00:00:43:560;-1.00;0.00;-0.01;0.07413;-0.07417;-1.592E-05;-0.0005096;-89.99;-0.20;100.05;0.69;100.05;0.07413;0.07417;-3.899E-05;-11.300;-11.298;-99.990;0.00;-91.79;
2025-10-30 18:21:42.04;0.00:00:43:613;-1.00;0.00;-0.01;0.07413;-0.07417;-6.427E-06;-0.0005092;-90.00;-0.20;100.05;0.69;100.05;0.07413;0.07417;-4.018E-05;-11.300;-11.297;-99.990;0.00;-90.72;
2025-10-30 18:21:42.09;0.00:00:43:663;-1.00;0.00;-0.01;0.07416;-0.07419;-1.652E-05;-0.0005065;-89.99;-0.20;100.05;0.68;100.05;0.07416;0.07419;-3.752E-05;-11.298;-11.296;-99.990;0.00;-91.87;
2025-10-30 18:21:42.15;0.00:00:43:723;-1.00;0.00;-0.01;0.07418;-0.07422;-5.986E-06;-0.0005108;-90.00;-0.20;100.06;0.69;100.05;0.07418;0.07422;-4.132E-05;-11.297;-11.295;-99.990;0.00;-90.67;
2025-10-30 18:21:42.19;0.00:00:43:769;-1.00;0.00;-0.01;0.07419;-0.07422;-9.995E-06;-0.0005073;-90.00;-0.20;100.06;0.68;100.05;0.07419;0.07423;-4.102E-05;-11.297;-11.294;-99.990;0.00;-91.13;
2025-10-30 18:21:42.24;0.00:00:43:815;-1.00;0.00;-0.01;0.07416;-0.07419;-2.661E-05;-0.0005101;-89.99;-0.20;100.05;0.69;100.05;0.07416;0.0742;-4.034E-05;-11.299;-11.296;-99.990;0.00;-92.99;
2025-10-30 18:21:42.28;0.00:00:43:861;-1.00;0.00;-0.01;0.07416;-0.0742;-6.429E-06;-0.00051;-90.00;-0.20;100.06;0.69;100.06;0.07416;0.0742;-4.257E-05;-11.298;-11.296;-99.990;0.00;-90.72;
2025-10-30 18:21:42.33;0.00:00:43:908;-1.00;0.00;-0.01;0.07418;-0.07422;-8.954E-06;-0.0005082;-90.00;-0.20;100.05;0.69;100.05;0.07418;0.07422;-3.976E-05;-11.297;-11.295;-99.990;0.00;-91.01;
2025-10-30 18:21:42.38;0.00:00:43:956;-1.00;0.00;-0.01;0.07417;-0.07421;-9.696E-06;-0.0005065;-90.00;-0.20;100.05;0.68;100.05;0.07417;0.07421;-3.976E-05;-11.298;-11.295;-99.990;0.00;-91.10;
2025-10-30 18:21:42.43;0.00:00:44:003;-1.00;0.00;-0.01;0.07421;-0.07425;-1.371E-05;-0.0005086;-89.99;-0.20;100.05;0.69;100.05;0.07421;0.07425;-4.037E-05;-11.295;-11.293;-99.990;0.00;-91.54;
2025-10-30 18:21:42.47;0.00:00:44:050;-1.00;0.00;-0.01;0.07425;-0.07429;-1.831E-06;-0.0005059;-90.00;-0.20;100.05;0.68;100.05;0.07425;0.07429;-3.831E-05;-11.293;-11.291;-99.990;0.00;-90.21;
2025-10-30 18:21:42.52;0.00:00:44:096;-1.00;0.00;-0.01;0.07429;-0.07433;-2.963E-05;-0.000513;-89.99;-0.20;100.06;0.69;100.05;0.07429;0.07433;-4.234E-05;-11.291;-11.288;-99.990;0.00;-93.31;
2025-10-30 18:21:42.57;0.00:00:44:143;-1.00;0.00;-0.01;0.07431;-0.07435;-1.165E-05;-0.0005081;-90.00;-0.20;100.05;0.68;100.05;0.07431;0.07435;-3.849E-05;-11.289;-11.287;-99.990;0.00;-91.31;
2025-10-30 18:21:42.61;0.00:00:44:190;-1.00;0.00;-0.01;0.0743;-0.07434;-1.938E-05;-0.0005048;-89.99;-0.19;100.05;0.68;100.05;0.0743;0.07434;-3.864E-05;-11.290;-11.288;-99.990;0.00;-92.20;
2025-10-30 18:21:42.66;0.00:00:44:236;-1.00;0.00;-0.01;0.07428;-0.07432;2.278E-06;-0.0005094;90.00;-0.20;100.05;0.69;100.05;0.07428;0.07432;-4.033E-05;-11.291;-11.289;-99.990;0.00;-89.74;
2025-10-30 18:21:42.71;0.00:00:44:285;-1.00;0.00;-0.01;0.07429;-0.07433;-8.522E-06;-0.0005049;-90.00;-0.19;100.05;0.68;100.05;0.07429;0.07433;-3.938E-05;-11.290;-11.288;-99.990;0.00;-90.97;
2025-10-30 18:21:42.75;0.00:00:44:330;-1.00;0.00;-0.01;0.07431;-0.07435;-1.973E-07;-0.0005092;-90.00;-0.20;100.06;0.69;100.05;0.07431;0.07436;-4.162E-05;-11.289;-11.287;-99.990;0.00;-90.02;
2025-10-30 18:21:42.80;0.00:00:44:378;-1.00;0.00;-0.01;0.07431;-0.07434;-2.488E-05;-0.0005021;-89.99;-0.19;100.05;0.68;100.05;0.07431;0.07434;-3.901E-05;-11.290;-11.288;-99.990;0.00;-92.84;
2025-10-30 18:21:42.85;0.00:00:44:425;-1.00;0.00;-0.01;0.07424;-0.07428;-1.639E-05;-0.0005045;-89.99;-0.19;100.05;0.68;100.05;0.07424;0.07428;-3.912E-05;-11.294;-11.291;-99.990;0.00;-91.86;
2025-10-30 18:21:42.89;0.00:00:44:471;-1.00;0.00;-0.01;0.07418;-0.07422;-1.979E-05;-0.0005056;-89.99;-0.20;100.06;0.68;100.05;0.07418;0.07423;-4.08E-05;-11.297;-11.294;-99.990;0.00;-92.24;
2025-10-30 18:21:42.96;0.00:00:44:533;-1.00;0.00;-0.01;0.07418;-0.07422;-1.549E-05;-0.00051;-89.99;-0.20;100.05;0.69;100.05;0.07418;0.07422;-4.072E-05;-11.297;-11.295;-99.990;0.00;-91.74;
2025-10-30 18:21:43.00;0.00:00:44:578;-1.00;0.00;-0.01;0.0742;-0.07424;-1.623E-05;-0.0005099;-89.99;-0.20;100.05;0.69;100.05;0.0742;0.07424;-4.022E-05;-11.296;-11.293;-99.990;0.00;-91.82;
2025-10-30 18:21:43.05;0.00:00:44:626;-1.00;0.00;-0.01;0.07423;-0.07427;1.385E-06;-0.000512;90.00;-0.20;100.05;0.69;100.05;0.07423;0.07427;-3.934E-05;-11.294;-11.292;-99.990;0.00;-89.85;
2025-10-30 18:21:43.10;0.00:00:44:674;-1.00;0.00;-0.01;0.07424;-0.07428;-1.119E-05;-0.0005114;-90.00;-0.20;100.05;0.69;100.05;0.07424;0.07428;-3.868E-05;-11.294;-11.291;-99.990;0.00;-91.25;
2025-10-30 18:21:43.14;0.00:00:44:720;-1.00;0.00;-0.01;0.07426;-0.0743;-1.119E-05;-0.0005038;-90.00;-0.19;100.06;0.68;100.05;0.07426;0.0743;-4.107E-05;-11.292;-11.290;-99.990;0.00;-91.27;
2025-10-30 18:21:43.19;0.00:00:44:768;-1.00;0.00;-0.01;0.07418;-0.07421;-8.212E-06;-0.0005009;-90.00;-0.19;100.06;0.68;100.05;0.07418;0.07422;-4.124E-05;-11.297;-11.295;-99.990;0.00;-90.94;
2025-10-30 18:21:43.24;0.00:00:44:815;-1.00;0.00;-0.01;0.07418;-0.07422;-1.445E-05;-0.0005155;-89.99;-0.20;100.05;0.69;100.05;0.07418;0.07422;-4.05E-05;-11.297;-11.295;-99.990;0.00;-91.61;
2025-10-30 18:21:43.29;0.00:00:44:862;-1.00;0.00;-0.01;0.0742;-0.07424;-1.727E-05;-0.0005044;-89.99;-0.19;100.06;0.68;100.05;0.0742;0.07424;-4.118E-05;-11.296;-11.294;-99.990;0.00;-91.96;
2025-10-30 18:21:43.33;0.00:00:44:909;-1.00;0.00;-0.01;0.07422;-0.07426;-3.613E-06;-0.0005036;-90.00;-0.19;100.06;0.68;100.05;0.07422;0.07426;-4.156E-05;-11.295;-11.292;-99.990;0.00;-90.41;
2025-10-30 18:21:43.38;0.00:00:44:954;-1.00;0.00;-0.01;0.07416;-0.0742;-1.934E-05;-0.0005106;-89.99;-0.20;100.05;0.69;100.05;0.07416;0.0742;-3.908E-05;-11.298;-11.296;-99.990;0.00;-92.17;
2025-10-30 18:21:43.43;0.00:00:45:003;-1.00;0.00;-0.01;0.07417;-0.07421;-2.275E-06;-0.0005132;-90.00;-0.20;100.05;0.69;100.05;0.07417;0.07421;-3.946E-05;-11.298;-11.295;-99.990;0.00;-90.25;
2025-10-30 18:21:43.47;0.00:00:45:050;-1.00;0.00;-0.01;0.07417;-0.07421;-8.212E-06;-0.0005084;-90.00;-0.20;100.06;0.69;100.05;0.07417;0.07422;-4.117E-05;-11.297;-11.295;-99.990;0.00;-90.92;
2025-10-30 18:21:43.52;0.00:00:45:098;-1.00;0.00;-0.01;0.07416;-0.07419;-1.667E-05;-0.0005096;-89.99;-0.20;100.05;0.69;100.05;0.07416;0.07419;-3.597E-05;-11.299;-11.296;-99.990;0.00;-91.87;
2025-10-30 18:21:43.57;0.00:00:45:144;-1.00;0.00;-0.01;0.07414;-0.07418;-1.741E-05;-0.0005055;-89.99;-0.20;100.05;0.68;100.05;0.07414;0.07418;-4.018E-05;-11.300;-11.297;-99.990;0.00;-91.97;
2025-10-30 18:21:43.61;0.00:00:45:192;-1.00;0.00;-0.01;0.07414;-0.07418;-1.385E-05;-0.0005089;-89.99;-0.20;100.05;0.69;100.05;0.07414;0.07418;-3.663E-05;-11.299;-11.297;-99.990;0.00;-91.56;
2025-10-30 18:21:43.66;0.00:00:45:239;-1.00;0.00;-0.01;0.07415;-0.07419;-9.247E-06;-0.0005099;-90.00;-0.20;100.05;0.69;100.05;0.07415;0.07419;-3.922E-05;-11.299;-11.297;-99.990;0.00;-91.04;
2025-10-30 18:21:43.71;0.00:00:45:285;-1.00;0.00;-0.01;0.07417;-0.07421;-1.341E-05;-0.0005097;-89.99;-0.20;100.05;0.69;100.05;0.07417;0.07421;-3.842E-05;-11.298;-11.296;-99.990;0.00;-91.51;
2025-10-30 18:21:43.76;0.00:00:45:333;-1.00;0.00;-0.01;0.07414;-0.07418;-1.919E-05;-0.0005057;-89.99;-0.20;100.05;0.68;100.05;0.07414;0.07418;-3.974E-05;-11.300;-11.297;-99.990;0.00;-92.17;
2025-10-30 18:21:43.80;0.00:00:45:380;-1.00;0.00;-0.01;0.07416;-0.0742;-1.771E-05;-0.0005076;-89.99;-0.20;100.06;0.68;100.05;0.07416;0.0742;-4.079E-05;-11.298;-11.296;-99.990;0.00;-92.00;
2025-10-30 18:21:43.85;0.00:00:45:426;-1.00;0.00;-0.01;0.07416;-0.0742;-2.275E-05;-0.0005086;-89.99;-0.20;100.05;0.69;100.05;0.07416;0.0742;-3.997E-05;-11.298;-11.296;-99.990;0.00;-92.56;
2025-10-30 18:21:43.90;0.00:00:45:476;-1.00;0.00;-0.01;0.07412;-0.07416;-1.236E-05;-0.0005112;-90.00;-0.20;100.05;0.69;100.05;0.07412;0.07416;-3.98E-05;-11.301;-11.298;-99.990;0.00;-91.39;
2025-10-30 18:21:43.96;0.00:00:45:536;-1.00;0.00;-0.01;0.07414;-0.07418;-1.859E-05;-0.00051;-89.99;-0.20;100.05;0.69;100.05;0.07414;0.07418;-3.685E-05;-11.299;-11.297;-99.990;0.00;-92.09;
2025-10-30 18:21:44.01;0.00:00:45:583;-1.00;0.00;-0.01;0.07417;-0.07421;-1.697E-05;-0.0005096;-89.99;-0.20;100.05;0.69;100.05;0.07417;0.07421;-3.961E-05;-11.298;-11.295;-99.990;0.00;-91.91;
2025-10-30 18:21:44.05;0.00:00:45:630;-1.00;0.00;-0.01;0.07413;-0.07417;-1.147E-05;-0.0005091;-90.00;-0.20;100.06;0.69;100.05;0.07413;0.07417;-4.092E-05;-11.300;-11.298;-99.990;0.00;-91.29;
2025-10-30 18:21:44.10;0.00:00:45:678;-1.00;0.00;-0.01;0.07415;-0.07419;-1.014E-05;-0.0005094;-90.00;-0.20;100.06;0.69;100.05;0.07415;0.0742;-4.116E-05;-11.299;-11.296;-99.990;0.00;-91.14;
2025-10-30 18:21:44.15;0.00:00:45:727;-1.00;0.00;-0.01;0.07411;-0.07415;-2.081E-05;-0.0005179;-89.99;-0.20;100.05;0.70;100.05;0.07411;0.07415;-4.054E-05;-11.301;-11.299;-99.990;0.00;-92.30;
2025-10-30 18:21:44.20;0.00:00:45:781;-1.00;0.00;-0.01;0.07414;-0.07418;-1.31E-05;-0.0005143;-89.99;-0.20;100.06;0.69;100.05;0.07414;0.07419;-4.204E-05;-11.299;-11.297;-99.990;0.00;-91.46;
2025-10-30 18:21:44.25;0.00:00:45:829;-1.00;0.00;-0.01;0.07415;-0.07419;-2.008E-05;-0.0005113;-89.99;-0.20;100.05;0.69;100.05;0.07415;0.07419;-3.901E-05;-11.299;-11.296;-99.990;0.00;-92.25;
2025-10-30 18:21:44.31;0.00:00:45:886;-1.00;0.00;-0.01;0.07418;-0.07422;-8.658E-06;-0.0005102;-90.00;-0.20;100.05;0.69;100.05;0.07418;0.07422;-4.05E-05;-11.297;-11.295;-99.990;0.00;-90.97;
2025-10-30 18:21:44.37;0.00:00:45:945;-1.00;0.00;-0.01;0.07421;-0.07425;-5.84E-06;-0.0005026;-90.00;-0.19;100.06;0.68;100.05;0.07421;0.07425;-4.185E-05;-11.296;-11.293;-99.990;0.00;-90.66;
2025-10-30 18:21:44.42;0.00:00:45:995;-1.00;0.00;-0.01;0.07416;-0.0742;-1.459E-05;-0.0005049;-89.99;-0.19;100.05;0.68;100.05;0.07416;0.0742;-3.983E-05;-11.298;-11.296;-99.990;0.00;-91.65;
2025-10-30 18:21:44.47;0.00:00:46:048;-1.00;0.00;-0.01;0.07415;-0.07419;-1.444E-05;-0.0005112;-89.99;-0.20;100.05;0.69;100.05;0.07415;0.07419;-3.826E-05;-11.299;-11.296;-99.990;0.00;-91.62;
2025-10-30 18:21:44.52;0.00:00:46:098;-1.00;0.00;-0.01;0.07414;-0.07417;-2.66E-05;-0.0005073;-89.99;-0.20;100.05;0.68;100.05;0.07414;0.07417;-3.818E-05;-11.300;-11.297;-99.990;0.00;-93.00;
2025-10-30 18:21:44.57;0.00:00:46:143;-1.00;0.00;-0.01;0.07414;-0.07418;-5.093E-06;-0.0005106;-90.00;-0.20;100.05;0.69;100.05;0.07414;0.07418;-3.989E-05;-11.299;-11.297;-99.990;0.00;-90.57;
2025-10-30 18:21:44.61;0.00:00:46:190;-1.00;0.00;-0.01;0.07412;-0.07416;-8.354E-06;-0.0005095;-90.00;-0.20;100.05;0.69;100.05;0.07412;0.07416;-4.04E-05;-11.301;-11.298;-99.990;0.00;-90.94;
2025-10-30 18:21:44.68;0.00:00:46:252;-1.00;0.00;-0.01;0.0741;-0.07414;-1.206E-05;-0.0005096;-90.00;-0.20;100.06;0.69;100.05;0.0741;0.07414;-4.209E-05;-11.302;-11.300;-99.990;0.00;-91.36;
2025-10-30 18:21:44.73;0.00:00:46:306;-1.00;0.00;-0.01;0.07408;-0.07412;-1.976E-05;-0.0005088;-89.99;-0.20;100.05;0.69;100.05;0.07408;0.07412;-4.067E-05;-11.303;-11.300;-99.990;0.00;-92.22;
2025-10-30 18:21:44.78;0.00:00:46:354;-1.00;0.00;-0.01;0.07409;-0.07413;-1.369E-05;-0.0005127;-89.99;-0.20;100.05;0.69;100.05;0.07409;0.07413;-4.038E-05;-11.302;-11.300;-99.990;0.00;-91.53;
2025-10-30 18:21:44.83;0.00:00:46:410;-1.00;0.00;-0.01;0.07417;-0.0742;-1.355E-05;-0.0005119;-89.99;-0.20;100.05;0.69;100.05;0.07417;0.07421;-4.027E-05;-11.298;-11.296;-99.990;0.00;-91.52;
2025-10-30 18:21:44.88;0.00:00:46:456;-1.00;0.00;-0.01;0.07428;-0.07432;-1.833E-05;-0.0005145;-89.99;-0.20;100.05;0.69;100.05;0.07428;0.07432;-4.048E-05;-11.291;-11.289;-99.990;0.00;-92.04;
2025-10-30 18:21:44.93;0.00:00:46:512;-1.00;0.00;-0.01;0.07428;-0.07432;-1.714E-05;-0.0005079;-89.99;-0.20;100.05;0.68;100.05;0.07428;0.07432;-4.034E-05;-11.291;-11.289;-99.990;0.00;-91.93;
2025-10-30 18:21:45.00;0.00:00:46:578;-1.00;0.00;-0.01;0.07432;-0.07436;-1.284E-05;-0.0005097;-90.00;-0.20;100.06;0.69;100.05;0.07432;0.07436;-4.169E-05;-11.289;-11.287;-99.990;0.00;-91.44;
2025-10-30 18:21:45.06;0.00:00:46:639;-1.00;0.00;-0.01;0.07427;-0.07431;-1.506E-05;-0.0005052;-89.99;-0.19;100.05;0.68;100.05;0.07427;0.07431;-3.892E-05;-11.292;-11.289;-99.990;0.00;-91.71;
2025-10-30 18:21:45.11;0.00:00:46:691;-1.00;0.00;-0.01;0.07422;-0.07425;-9.256E-06;-0.0005119;-90.00;-0.20;100.06;0.69;100.05;0.07422;0.07426;-4.097E-05;-11.295;-11.293;-99.990;0.00;-91.04;
2025-10-30 18:21:45.17;0.00:00:46:742;-1.00;0.00;-0.01;0.0742;-0.07424;-2.262E-05;-0.0005175;-89.99;-0.20;100.06;0.70;100.05;0.0742;0.07424;-4.133E-05;-11.296;-11.294;-99.990;0.00;-92.50;
2025-10-30 18:21:45.21;0.00:00:46:792;-1.00;0.00;-0.01;0.07412;-0.07415;-1.725E-05;-0.000505;-89.99;-0.20;100.05;0.68;100.05;0.07412;0.07416;-4.032E-05;-11.301;-11.299;-99.990;0.00;-91.96;
2025-10-30 18:21:45.27;0.00:00:46:846;-1.00;0.00;-0.01;0.07407;-0.07411;-1.813E-05;-0.0005067;-89.99;-0.20;100.05;0.68;100.05;0.07407;0.07411;-4.03E-05;-11.303;-11.301;-99.990;0.00;-92.05;
2025-10-30 18:21:45.32;0.00:00:46:894;-1.00;0.00;-0.01;0.07404;-0.07409;-5.679E-06;-0.0005088;-90.00;-0.20;100.06;0.69;100.06;0.07404;0.07409;-4.332E-05;-11.305;-11.303;-99.990;0.00;-90.64;
2025-10-30 18:21:45.37;0.00:00:46:945;-1.00;0.00;-0.01;0.07409;-0.07413;-1.873E-05;-0.0005145;-89.99;-0.20;100.06;0.69;100.06;0.07409;0.07413;-4.304E-05;-11.303;-11.300;-99.990;0.00;-92.09;
2025-10-30 18:21:45.42;0.00:00:46:994;-1.00;0.00;-0.01;0.07421;-0.07425;-1.787E-05;-0.0005051;-89.99;-0.19;100.06;0.68;100.05;0.07421;0.07426;-4.171E-05;-11.295;-11.293;-99.990;0.00;-92.03;
2025-10-30 18:21:45.47;0.00:00:47:048;-1.00;0.00;-0.01;0.07421;-0.07425;-3.005E-05;-0.0005128;-89.99;-0.20;100.05;0.69;100.05;0.07421;0.07425;-4.067E-05;-11.295;-11.293;-99.990;0.00;-93.35;
2025-10-30 18:21:45.52;0.00:00:47:099;-1.00;0.00;-0.01;0.07418;-0.07422;-2.588E-05;-0.0005117;-89.99;-0.20;100.06;0.69;100.05;0.07418;0.07422;-4.243E-05;-11.297;-11.295;-99.990;0.00;-92.89;
2025-10-30 18:21:45.57;0.00:00:47:149;-1.00;0.00;-0.01;0.07412;-0.07416;-2.497E-05;-0.0005057;-89.99;-0.20;100.05;0.68;100.05;0.07412;0.07416;-3.78E-05;-11.301;-11.298;-99.990;0.00;-92.83;
2025-10-30 18:21:45.63;0.00:00:47:205;-1.00;0.00;-0.01;0.07405;-0.07409;-9.384E-06;-0.0005159;-90.00;-0.20;100.06;0.70;100.06;0.07405;0.07409;-4.332E-05;-11.305;-11.302;-99.990;0.00;-91.04;
2025-10-30 18:21:45.68;0.00:00:47:253;-1.00;0.00;-0.01;0.07411;-0.07415;-9.984E-06;-0.0005114;-90.00;-0.20;100.06;0.69;100.05;0.07411;0.07415;-4.157E-05;-11.301;-11.299;-99.990;0.00;-91.12;
2025-10-30 18:21:45.73;0.00:00:47:305;-1.00;0.00;-0.01;0.07423;-0.07427;-7.624E-06;-0.0005173;-90.00;-0.20;100.06;0.70;100.05;0.07423;0.07427;-4.171E-05;-11.294;-11.292;-99.990;0.00;-90.84;
2025-10-30 18:21:45.78;0.00:00:47:354;-1.00;0.00;-0.01;0.07424;-0.07428;-8.219E-06;-0.0005213;-90.00;-0.20;100.05;0.70;100.05;0.07424;0.07428;-4.061E-05;-11.293;-11.291;-99.990;0.00;-90.90;
2025-10-30 18:21:45.84;0.00:00:47:412;-1.00;0.00;-0.01;0.07423;-0.07426;-1.327E-05;-0.0005063;-89.99;-0.20;100.06;0.68;100.05;0.07423;0.07427;-4.142E-05;-11.294;-11.292;-99.990;0.00;-91.50;
2025-10-30 18:21:45.89;0.00:00:47:468;-1.00;0.00;-0.01;0.07415;-0.07418;-2.379E-05;-0.0005112;-89.99;-0.20;100.05;0.69;100.05;0.07415;0.07419;-3.945E-05;-11.299;-11.297;-99.990;0.00;-92.66;
2025-10-30 18:21:45.94;0.00:00:47:519;-1.00;0.00;-0.01;0.07411;-0.07415;-8.056E-06;-0.000509;-90.00;-0.20;100.05;0.69;100.05;0.07411;0.07415;-4.024E-05;-11.301;-11.299;-99.990;0.00;-90.91;
2025-10-30 18:21:45.99;0.00:00:47:570;-1.00;0.00;-0.01;0.07403;-0.07407;-2.182E-05;-0.0005088;-89.99;-0.20;100.06;0.69;100.05;0.07403;0.07407;-4.234E-05;-11.306;-11.304;-99.990;0.00;-92.46;
2025-10-30 18:21:46.05;0.00:00:47:622;-1.00;0.00;-0.01;0.07406;-0.0741;-4.791E-06;-0.0005086;-90.00;-0.20;100.05;0.69;100.05;0.07406;0.0741;-3.97E-05;-11.304;-11.302;-99.990;0.00;-90.54;
2025-10-30 18:21:46.10;0.00:00:47:675;-1.00;0.00;-0.01;0.07409;-0.07413;-2.762E-05;-0.0005132;-89.99;-0.20;100.05;0.69;100.05;0.07409;0.07413;-4.023E-05;-11.302;-11.300;-99.990;0.00;-93.08;
2025-10-30 18:21:46.15;0.00:00:47:728;-1.00;0.00;-0.01;0.07411;-0.07415;-4.053E-06;-0.0005146;-90.00;-0.20;100.05;0.69;100.05;0.07411;0.07415;-3.913E-05;-11.301;-11.299;-99.990;0.00;-90.45;
2025-10-30 18:21:46.21;0.00:00:47:783;-1.00;0.00;-0.01;0.07413;-0.07417;-1.993E-05;-0.0005143;-89.99;-0.20;100.05;0.69;100.05;0.07413;0.07417;-4.033E-05;-11.300;-11.298;-99.990;0.00;-92.22;
2025-10-30 18:21:46.25;0.00:00:47:832;-1.00;0.00;-0.01;0.07411;-0.07415;-1.532E-05;-0.0005101;-89.99;-0.20;100.06;0.69;100.05;0.07411;0.07415;-4.084E-05;-11.301;-11.299;-99.990;0.00;-91.72;
2025-10-30 18:21:46.32;0.00:00:47:894;-1.00;0.00;-0.01;0.07411;-0.07415;-1.443E-05;-0.0005113;-89.99;-0.20;100.06;0.69;100.05;0.07411;0.07415;-4.143E-05;-11.301;-11.299;-99.990;0.00;-91.62;
2025-10-30 18:21:46.37;0.00:00:47:942;-1.00;0.00;-0.01;0.07411;-0.07415;-1.488E-05;-0.000508;-89.99;-0.20;100.05;0.69;100.05;0.07411;0.07415;-4.017E-05;-11.301;-11.299;-99.990;0.00;-91.68;
2025-10-30 18:21:46.42;0.00:00:47:994;-1.00;0.00;-0.01;0.07413;-0.07417;-6.723E-06;-0.0005113;-90.00;-0.20;100.06;0.69;100.05;0.07413;0.07417;-4.21E-05;-11.300;-11.298;-99.990;0.00;-90.75;
2025-10-30 18:21:46.48;0.00:00:48:052;-1.00;0.00;-0.01;0.07421;-0.07425;-1.208E-05;-0.0005131;-90.00;-0.20;100.06;0.69;100.06;0.07421;0.07426;-4.497E-05;-11.295;-11.293;-99.990;0.00;-91.35;
2025-10-30 18:21:46.53;0.00:00:48:107;-1.00;0.00;-0.01;0.07422;-0.07427;-1.312E-05;-0.0005146;-89.99;-0.20;100.06;0.69;100.06;0.07422;0.07427;-4.35E-05;-11.295;-11.292;-99.990;0.00;-91.46;
2025-10-30 18:21:46.58;0.00:00:48:159;-1.00;0.00;-0.01;0.07426;-0.0743;-1.268E-05;-0.0005141;-90.00;-0.20;100.05;0.69;100.05;0.07426;0.0743;-3.899E-05;-11.292;-11.290;-99.990;0.00;-91.41;
2025-10-30 18:21:46.63;0.00:00:48:209;-1.00;0.00;-0.01;0.07423;-0.07427;-1.238E-05;-0.000513;-90.00;-0.20;100.06;0.69;100.05;0.07423;0.07427;-4.12E-05;-11.294;-11.292;-99.990;0.00;-91.38;
2025-10-30 18:21:46.68;0.00:00:48:256;-1.00;0.00;-0.01;0.07422;-0.07425;-2.797E-05;-0.0005129;-89.99;-0.20;100.05;0.69;100.05;0.07422;0.07426;-4.06E-05;-11.295;-11.293;-99.990;0.00;-93.12;
2025-10-30 18:21:46.74;0.00:00:48:312;-1.00;0.00;-0.01;0.07419;-0.07423;-2.365E-05;-0.0005071;-89.99;-0.20;100.06;0.68;100.05;0.07419;0.07423;-4.11E-05;-11.297;-11.294;-99.990;0.00;-92.67;
2025-10-30 18:21:46.79;0.00:00:48:363;-1.00;0.00;-0.01;0.07415;-0.07419;-2.127E-05;-0.0005098;-89.99;-0.20;100.05;0.69;100.05;0.07415;0.07419;-3.952E-05;-11.299;-11.296;-99.990;0.00;-92.39;
2025-10-30 18:21:46.84;0.00:00:48:413;-1.00;0.00;-0.01;0.0741;-0.07414;-2.244E-05;-0.000509;-89.99;-0.20;100.05;0.69;100.05;0.0741;0.07414;-4.024E-05;-11.302;-11.299;-99.990;0.00;-92.52;
2025-10-30 18:21:46.89;0.00:00:48:467;-1.00;0.00;-0.01;0.07407;-0.07411;-1.754E-05;-0.000515;-89.99;-0.20;100.06;0.70;100.05;0.07407;0.07411;-4.141E-05;-11.304;-11.301;-99.990;0.00;-91.95;
2025-10-30 18:21:46.94;0.00:00:48:517;-1.00;0.00;-0.01;0.07403;-0.07407;-9.677E-06;-0.0005072;-90.00;-0.20;100.06;0.69;100.05;0.07403;0.07407;-4.108E-05;-11.306;-11.304;-99.990;0.00;-91.09;
2025-10-30 18:21:47.00;0.00:00:48:578;-1.00;0.00;-0.01;0.07406;-0.0741;-1.161E-05;-0.0005096;-90.00;-0.20;100.05;0.69;100.05;0.07406;0.0741;-4.044E-05;-11.304;-11.302;-99.990;0.00;-91.30;
2025-10-30 18:21:47.05;0.00:00:48:626;-1.00;0.00;-0.01;0.07406;-0.0741;-6.273E-06;-0.0005139;-90.00;-0.20;100.06;0.69;100.05;0.07406;0.0741;-4.095E-05;-11.304;-11.302;-99.990;0.00;-90.70;
2025-10-30 18:21:47.11;0.00:00:48:688;-1.00;0.00;-0.01;0.07414;-0.07418;-6.576E-06;-0.0005101;-90.00;-0.20;100.06;0.69;100.05;0.07414;0.07418;-4.1E-05;-11.299;-11.297;-99.990;0.00;-90.74;
2025-10-30 18:21:47.16;0.00:00:48:737;-1.00;0.00;-0.01;0.0742;-0.07424;-7.621E-06;-0.0005139;-90.00;-0.20;100.05;0.69;100.05;0.0742;0.07424;-4.029E-05;-11.296;-11.293;-99.990;0.00;-90.85;
2025-10-30 18:21:47.21;0.00:00:48:789;-1.00;0.00;-0.01;0.07428;-0.07432;-1.06E-05;-0.0005082;-90.00;-0.20;100.05;0.68;100.05;0.07428;0.07432;-4.034E-05;-11.291;-11.289;-99.990;0.00;-91.20;
2025-10-30 18:21:47.27;0.00:00:48:851;-1.00;0.00;-0.01;0.07419;-0.07423;-1.875E-05;-0.0005069;-89.99;-0.20;100.05;0.68;100.05;0.07419;0.07423;-3.836E-05;-11.297;-11.294;-99.990;0.00;-92.12;
2025-10-30 18:21:47.32;0.00:00:48:896;-1.00;0.00;-0.01;0.07412;-0.07416;-1.503E-05;-0.0005069;-89.99;-0.20;100.06;0.68;100.05;0.07412;0.07416;-4.202E-05;-11.301;-11.298;-99.990;0.00;-91.70;
2025-10-30 18:21:47.37;0.00:00:48:942;-1.00;0.00;-0.01;0.07407;-0.07411;-1.798E-05;-0.0005012;-89.99;-0.19;100.05;0.68;100.05;0.07407;0.07411;-3.911E-05;-11.303;-11.301;-99.990;0.00;-92.05;
2025-10-30 18:21:47.42;0.00:00:48:992;-1.00;0.00;-0.01;0.07401;-0.07405;-2.197E-05;-0.0005148;-89.99;-0.20;100.05;0.70;100.05;0.07401;0.07405;-3.938E-05;-11.307;-11.305;-99.990;0.00;-92.44;
2025-10-30 18:21:47.47;0.00:00:49:045;-1.00;0.00;-0.01;0.07399;-0.07403;-1.397E-05;-0.0005087;-89.99;-0.20;100.05;0.69;100.05;0.07399;0.07403;-3.899E-05;-11.308;-11.306;-99.990;0.00;-91.57;
2025-10-30 18:21:47.52;0.00:00:49:095;-1.00;0.00;-0.01;0.07403;-0.07406;-1.723E-05;-0.0005177;-89.99;-0.20;100.06;0.70;100.05;0.07403;0.07407;-4.138E-05;-11.306;-11.304;-99.990;0.00;-91.91;
2025-10-30 18:21:47.58;0.00:00:49:158;-1.00;0.00;-0.01;0.07408;-0.07412;-1.902E-05;-0.000506;-89.99;-0.20;100.05;0.68;100.05;0.07408;0.07412;-4.045E-05;-11.303;-11.301;-99.990;0.00;-92.15;
2025-10-30 18:21:47.63;0.00:00:49:209;-1.00;0.00;-0.01;0.07408;-0.07412;-1.369E-05;-0.0005129;-89.99;-0.20;100.06;0.69;100.05;0.07408;0.07412;-4.112E-05;-11.303;-11.300;-99.990;0.00;-91.53;
2025-10-30 18:21:47.68;0.00:00:49:260;-1.00;0.00;-0.01;0.07415;-0.0742;-4.649E-06;-0.0005116;-90.00;-0.20;100.06;0.69;100.06;0.07415;0.0742;-4.345E-05;-11.299;-11.296;-99.990;0.00;-90.52;
2025-10-30 18:21:47.74;0.00:00:49:312;-1.00;0.00;-0.01;0.07419;-0.07423;-1.044E-05;-0.0005126;-90.00;-0.20;100.06;0.69;100.05;0.07419;0.07423;-4.154E-05;-11.297;-11.294;-99.990;0.00;-91.17;
2025-10-30 18:21:47.79;0.00:00:49:363;-1.00;0.00;-0.01;0.07417;-0.07421;-2.662E-05;-0.0005086;-89.99;-0.20;100.05;0.69;100.05;0.07417;0.07421;-3.983E-05;-11.298;-11.295;-99.990;0.00;-93.00;
2025-10-30 18:21:47.84;0.00:00:49:420;-1.00;0.00;-0.01;0.07418;-0.07422;-9.846E-06;-0.0005074;-90.00;-0.20;100.06;0.68;100.06;0.07418;0.07422;-4.265E-05;-11.297;-11.295;-99.990;0.00;-91.11;
2025-10-30 18:21:47.89;0.00:00:49:465;-1.00;0.00;-0.01;0.07416;-0.0742;-1.103E-05;-0.0005093;-90.00;-0.20;100.06;0.69;100.06;0.07416;0.0742;-4.323E-05;-11.298;-11.296;-99.990;0.00;-91.24;
2025-10-30 18:21:47.93;0.00:00:49:512;-1.00;0.00;-0.01;0.07416;-0.0742;-7.023E-06;-0.0005077;-90.00;-0.20;100.06;0.68;100.05;0.07416;0.0742;-4.249E-05;-11.299;-11.296;-99.990;0.00;-90.79;
2025-10-30 18:21:47.99;0.00:00:49:566;-1.00;0.00;-0.01;0.07418;-0.07422;-7.471E-06;-0.0005081;-90.00;-0.20;100.06;0.68;100.06;0.07418;0.07422;-4.406E-05;-11.297;-11.295;-99.990;0.00;-90.84;
2025-10-30 18:21:48.04;0.00:00:49:616;-1.00;0.00;-0.01;0.07421;-0.07425;-1.668E-05;-0.0005141;-89.99;-0.20;100.06;0.69;100.05;0.07421;0.07425;-4.223E-05;-11.295;-11.293;-99.990;0.00;-91.86;
2025-10-30 18:21:48.09;0.00:00:49:670;-1.00;0.00;-0.01;0.07416;-0.0742;-2.335E-05;-0.0005089;-89.99;-0.20;100.05;0.69;100.05;0.07416;0.0742;-3.864E-05;-11.298;-11.296;-99.990;0.00;-92.63;
2025-10-30 18:21:48.14;0.00:00:49:716;-1.00;0.00;-0.01;0.07416;-0.0742;-8.359E-06;-0.0005115;-90.00;-0.20;100.06;0.69;100.05;0.07416;0.0742;-4.183E-05;-11.298;-11.296;-99.990;0.00;-90.94;
2025-10-30 18:21:48.19;0.00:00:49:763;-1.00;0.00;-0.01;0.07415;-0.07419;-1.296E-05;-0.000507;-89.99;-0.20;100.05;0.68;100.05;0.07415;0.07419;-3.73E-05;-11.299;-11.297;-99.990;0.00;-91.46;
2025-10-30 18:21:48.23;0.00:00:49:809;-1.00;0.00;-0.01;0.07413;-0.07417;-1.963E-05;-0.0005133;-89.99;-0.20;100.06;0.69;100.05;0.07413;0.07417;-4.077E-05;-11.300;-11.298;-99.990;0.00;-92.19;
2025-10-30 18:21:48.28;0.00:00:49:855;-1.00;0.00;-0.01;0.07413;-0.07417;-9.394E-06;-0.0005124;-90.00;-0.20;100.06;0.69;100.06;0.07413;0.07418;-4.366E-05;-11.300;-11.297;-99.990;0.00;-91.05;
2025-10-30 18:21:48.33;0.00:00:49:902;-1.00;0.00;-0.01;0.07419;-0.07423;2.424E-06;-0.0005012;90.00;-0.19;100.06;0.68;100.06;0.07419;0.07423;-4.296E-05;-11.297;-11.294;-99.990;0.00;-89.72;
2025-10-30 18:21:48.37;0.00:00:49:948;-1.00;0.00;-0.01;0.07417;-0.07421;-1.712E-05;-0.0005068;-89.99;-0.20;100.06;0.68;100.05;0.07417;0.07421;-4.228E-05;-11.298;-11.295;-99.990;0.00;-91.93;
2025-10-30 18:21:48.42;0.00:00:49:994;-1.00;0.00;-0.01;0.07414;-0.07418;-1.088E-05;-0.0005181;-90.00;-0.20;100.05;0.70;100.05;0.07414;0.07418;-3.87E-05;-11.299;-11.297;-99.990;0.00;-91.20;
2025-10-30 18:21:48.46;0.00:00:50:041;-1.00;0.00;-0.01;0.07417;-0.07421;-1.415E-05;-0.0005108;-89.99;-0.20;100.06;0.69;100.06;0.07417;0.07421;-4.361E-05;-11.298;-11.295;-99.990;0.00;-91.59;
2025-10-30 18:21:48.51;0.00:00:50:088;-1.00;0.00;-0.01;0.07417;-0.07421;-1.534E-05;-0.000509;-89.99;-0.20;100.06;0.69;100.05;0.07417;0.07421;-4.079E-05;-11.298;-11.295;-99.990;0.00;-91.73;
2025-10-30 18:21:48.56;0.00:00:50:135;-1.00;0.00;-0.01;0.07416;-0.0742;-9.1E-06;-0.0005115;-90.00;-0.20;100.06;0.69;100.05;0.07416;0.0742;-4.227E-05;-11.299;-11.296;-99.990;0.00;-91.02;
2025-10-30 18:21:48.61;0.00:00:50:183;-1.00;0.00;-0.01;0.07416;-0.0742;-1.949E-05;-0.0005072;-89.99;-0.20;100.05;0.68;100.05;0.07416;0.0742;-3.871E-05;-11.298;-11.296;-99.990;0.00;-92.20;
2025-10-30 18:21:48.65;0.00:00:50:228;-1.00;0.00;-0.01;0.07417;-0.07421;-1.771E-05;-0.0005109;-89.99;-0.20;100.06;0.69;100.05;0.07417;0.07421;-4.146E-05;-11.298;-11.295;-99.990;0.00;-91.99;
2025-10-30 18:21:48.70;0.00:00:50:274;-1.00;0.00;-0.01;0.0742;-0.07424;-1.059E-05;-0.0005089;-90.00;-0.20;100.05;0.69;100.05;0.0742;0.07424;-4.066E-05;-11.296;-11.294;-99.990;0.00;-91.19;
2025-10-30 18:21:48.74;0.00:00:50:320;-1.00;0.00;-0.01;0.07419;-0.07423;-1.593E-05;-0.0005082;-89.99;-0.20;100.05;0.68;100.05;0.07419;0.07423;-3.836E-05;-11.296;-11.294;-99.990;0.00;-91.80;
2025-10-30 18:21:48.79;0.00:00:50:368;-1.00;0.00;-0.01;0.07421;-0.07425;-1.297E-05;-0.0005116;-89.99;-0.20;100.05;0.69;100.05;0.07421;0.07425;-4.007E-05;-11.295;-11.293;-99.990;0.00;-91.45;
2025-10-30 18:21:48.84;0.00:00:50:415;-1.00;0.00;-0.01;0.07421;-0.07425;-1.46E-05;-0.0005112;-89.99;-0.20;100.06;0.69;100.06;0.07421;0.07425;-4.297E-05;-11.295;-11.293;-99.990;0.00;-91.64;
2025-10-30 18:21:48.89;0.00:00:50:463;-1.00;0.00;-0.01;0.07421;-0.07425;-9.998E-06;-0.0005154;-90.00;-0.20;100.06;0.69;100.05;0.07421;0.07425;-4.185E-05;-11.295;-11.293;-99.990;0.00;-91.11;
2025-10-30 18:21:48.93;0.00:00:50:510;-1.00;0.00;-0.01;0.07418;-0.07422;-1.415E-05;-0.000514;-89.99;-0.20;100.06;0.69;100.05;0.07418;0.07422;-4.087E-05;-11.297;-11.295;-99.990;0.00;-91.58;
2025-10-30 18:21:48.98;0.00:00:50:556;-1.00;0.00;-0.01;0.07417;-0.07421;-1.89E-05;-0.0005118;-89.99;-0.20;100.05;0.69;100.05;0.07417;0.07421;-3.657E-05;-11.298;-11.296;-99.990;0.00;-92.11;
2025-10-30 18:21:49.03;0.00:00:50:604;-1.00;0.00;-0.01;0.0741;-0.07414;-2.303E-05;-0.0005105;-89.99;-0.20;100.06;0.69;100.05;0.0741;0.07414;-4.098E-05;-11.302;-11.300;-99.990;0.00;-92.58;
2025-10-30 18:21:49.07;0.00:00:50:651;-1.00;0.00;-0.01;0.07408;-0.07412;-1.28E-05;-0.0005113;-90.00;-0.20;100.05;0.69;100.05;0.07408;0.07412;-3.978E-05;-11.303;-11.301;-99.990;0.00;-91.43;
2025-10-30 18:21:49.12;0.00:00:50:698;-1.00;0.00;-0.01;0.07408;-0.07412;-1.161E-05;-0.0005134;-90.00;-0.20;100.06;0.69;100.05;0.07408;0.07412;-4.134E-05;-11.303;-11.301;-99.990;0.00;-91.30;
2025-10-30 18:21:49.17;0.00:00:50:745;-1.00;0.00;-0.01;0.07409;-0.07413;-9.389E-06;-0.0005116;-90.00;-0.20;100.05;0.69;100.05;0.07409;0.07413;-3.934E-05;-11.302;-11.300;-99.990;0.00;-91.05;
2025-10-30 18:21:49.21;0.00:00:50:791;-1.00;0.00;-0.01;0.07417;-0.07421;1.163E-05;-0.0005166;90.00;-0.20;100.06;0.70;100.06;0.07417;0.07421;-4.287E-05;-11.298;-11.295;-99.990;0.00;-88.71;
2025-10-30 18:21:49.26;0.00:00:50:838;-1.00;0.00;-0.01;0.07439;-0.07443;-9.278E-06;-0.0005118;-90.00;-0.20;100.06;0.69;100.06;0.07439;0.07443;-4.389E-05;-11.285;-11.282;-99.990;0.00;-91.04;
2025-10-30 18:21:49.31;0.00:00:50:885;-1.00;0.00;-0.01;0.07441;-0.07445;-1.553E-05;-0.0005083;-89.99;-0.20;100.05;0.68;100.05;0.07441;0.07445;-4.033E-05;-11.283;-11.281;-99.990;0.00;-91.75;
2025-10-30 18:21:49.35;0.00:00:50:932;-1.00;0.00;-0.01;0.07438;-0.07442;-1.612E-05;-0.0005137;-89.99;-0.20;100.05;0.69;100.05;0.07438;0.07442;-3.883E-05;-11.285;-11.283;-99.990;0.00;-91.80;
2025-10-30 18:21:49.40;0.00:00:50:978;-1.00;0.00;-0.01;0.07435;-0.07439;-2.475E-05;-0.0005101;-89.99;-0.20;100.05;0.69;100.05;0.07435;0.07439;-3.97E-05;-11.287;-11.285;-99.990;0.00;-92.78;
2025-10-30 18:21:49.45;0.00:00:51:027;-1.00;0.00;-0.01;0.07434;-0.07438;-1.031E-05;-0.0005118;-90.00;-0.20;100.05;0.69;100.05;0.07434;0.07439;-4.037E-05;-11.287;-11.285;-99.990;0.00;-91.16;
2025-10-30 18:21:49.50;0.00:00:51:073;-1.00;0.00;-0.01;0.07422;-0.07426;-1.52E-05;-0.0005131;-89.99;-0.20;100.06;0.69;100.05;0.07422;0.07426;-4.171E-05;-11.295;-11.292;-99.990;0.00;-91.70;
2025-10-30 18:21:49.54;0.00:00:51:120;-1.00;0.00;-0.01;0.07424;-0.07427;-4.654E-06;-0.0005117;-90.00;-0.20;100.05;0.69;100.05;0.07424;0.07428;-4.016E-05;-11.294;-11.292;-99.990;0.00;-90.52;
2025-10-30 18:21:49.59;0.00:00:51:167;-1.00;0.00;-0.01;0.0742;-0.07424;-9.849E-06;-0.0005114;-90.00;-0.20;100.06;0.69;100.05;0.0742;0.07424;-4.081E-05;-11.296;-11.293;-99.990;0.00;-91.10;
2025-10-30 18:21:49.64;0.00:00:51:214;-1.00;0.00;-0.01;0.07417;-0.07421;-9.992E-06;-0.0005137;-90.00;-0.20;100.05;0.69;100.05;0.07417;0.07421;-3.998E-05;-11.298;-11.295;-99.990;0.00;-91.12;
2025-10-30 18:21:49.68;0.00:00:51:260;-1.00;0.00;-0.01;0.07416;-0.0742;-2.157E-05;-0.0005124;-89.99;-0.20;100.06;0.69;100.06;0.07416;0.0742;-4.271E-05;-11.298;-11.296;-99.990;0.00;-92.41;
2025-10-30 18:21:49.73;0.00:00:51:309;-1.00;0.00;-0.01;0.07418;-0.07421;-1.192E-05;-0.0005074;-90.00;-0.20;100.05;0.68;100.05;0.07418;0.07422;-4.057E-05;-11.297;-11.295;-99.990;0.00;-91.35;
2025-10-30 18:21:49.78;0.00:00:51:356;-1.00;0.00;-0.01;0.07416;-0.0742;-1.266E-05;-0.0005074;-90.00;-0.20;100.06;0.68;100.06;0.07416;0.0742;-4.272E-05;-11.298;-11.296;-99.990;0.00;-91.43;
2025-10-30 18:21:49.82;0.00:00:51:402;-1.00;0.00;-0.01;0.07417;-0.0742;-1.044E-05;-0.0005111;-90.00;-0.20;100.05;0.69;100.05;0.07417;0.07421;-4.005E-05;-11.298;-11.296;-99.990;0.00;-91.17;
2025-10-30 18:21:49.87;0.00:00:51:449;-1.00;0.00;-0.01;0.07415;-0.07419;-1.296E-05;-0.0005168;-89.99;-0.20;100.06;0.70;100.06;0.07415;0.0742;-4.456E-05;-11.299;-11.296;-99.990;0.00;-91.44;
2025-10-30 18:21:49.92;0.00:00:51:497;-1.00;0.00;-0.01;0.07417;-0.0742;-1.964E-05;-0.0005057;-89.99;-0.20;100.05;0.68;100.05;0.07417;0.07421;-4.072E-05;-11.298;-11.296;-99.990;0.00;-92.22;
2025-10-30 18:21:49.97;0.00:00:51:543;-1.00;0.00;-0.01;0.07413;-0.07417;-8.949E-06;-0.0005091;-90.00;-0.20;100.06;0.69;100.06;0.07413;0.07417;-4.262E-05;-11.300;-11.298;-99.990;0.00;-91.01;
2025-10-30 18:21:50.01;0.00:00:51:591;-1.00;0.00;-0.01;0.07412;-0.07416;-2.111E-05;-0.0005067;-89.99;-0.20;100.05;0.68;100.05;0.07412;0.07416;-4.01E-05;-11.301;-11.298;-99.990;0.00;-92.39;
2025-10-30 18:21:50.06;0.00:00:51:637;-1.00;0.00;-0.01;0.07411;-0.07415;-1.888E-05;-0.000509;-89.99;-0.20;100.06;0.69;100.06;0.07411;0.07416;-4.343E-05;-11.301;-11.299;-99.990;0.00;-92.12;
2025-10-30 18:21:50.12;0.00:00:51:695;-1.00;0.00;-0.01;0.07416;-0.0742;-1.563E-05;-0.0005114;-89.99;-0.20;100.06;0.69;100.05;0.07416;0.0742;-4.242E-05;-11.299;-11.296;-99.990;0.00;-91.75;
2025-10-30 18:21:50.17;0.00:00:51:749;-1.00;0.00;-0.01;0.0742;-0.07424;-5.394E-06;-0.000509;-90.00;-0.20;100.06;0.69;100.06;0.0742;0.07425;-4.259E-05;-11.296;-11.293;-99.990;0.00;-90.61;
2025-10-30 18:21:50.22;0.00:00:51:799;-1.00;0.00;-0.01;0.07423;-0.07427;-8.367E-06;-0.0005105;-90.00;-0.20;100.06;0.69;100.05;0.07423;0.07427;-4.12E-05;-11.294;-11.292;-99.990;0.00;-90.94;
2025-10-30 18:21:50.28;0.00:00:51:860;-1.00;0.00;-0.01;0.07425;-0.07429;-1.075E-05;-0.0005091;-90.00;-0.20;100.06;0.69;100.05;0.07425;0.07429;-4.151E-05;-11.293;-11.291;-99.990;0.00;-91.21;
2025-10-30 18:21:50.34;0.00:00:51:922;-1.00;0.00;-0.01;0.07421;-0.07424;-1.965E-05;-0.0005122;-89.99;-0.20;100.06;0.69;100.05;0.07421;0.07425;-4.081E-05;-11.296;-11.293;-99.990;0.00;-92.20;
2025-10-30 18:21:50.40;0.00:00:51:972;-1.00;0.00;-0.01;0.0742;-0.07424;-8.958E-06;-0.0005118;-90.00;-0.20;100.06;0.69;100.06;0.0742;0.07425;-4.282E-05;-11.296;-11.293;-99.990;0.00;-91.00;
2025-10-30 18:21:50.45;0.00:00:52:023;-1.00;0.00;-0.01;0.07417;-0.07421;-2.053E-05;-0.0005093;-89.99;-0.20;100.05;0.69;100.05;0.07417;0.07421;-3.983E-05;-11.298;-11.295;-99.990;0.00;-92.31;
2025-10-30 18:21:50.50;0.00:00:52:079;-1.00;0.00;-0.01;0.07404;-0.07408;-1.635E-05;-0.0005054;-89.99;-0.20;100.05;0.68;100.05;0.07404;0.07408;-3.85E-05;-11.305;-11.303;-99.990;0.00;-91.85;
2025-10-30 18:21:50.56;0.00:00:52:136;-1.00;0.00;-0.01;0.07406;-0.0741;-6.412E-07;-0.0005122;-90.00;-0.20;100.06;0.69;100.05;0.07406;0.0741;-4.177E-05;-11.304;-11.302;-99.990;0.00;-90.07;
2025-10-30 18:21:50.61;0.00:00:52:187;-1.00;0.00;-0.01;0.07423;-0.07427;-2.574E-06;-0.0005131;-90.00;-0.20;100.06;0.69;100.05;0.07423;0.07427;-4.194E-05;-11.294;-11.292;-99.990;0.00;-90.29;
2025-10-30 18:21:50.66;0.00:00:52:238;-1.00;0.00;-0.01;0.07425;-0.07429;-1.936E-05;-0.0005094;-89.99;-0.20;100.05;0.69;100.05;0.07425;0.07429;-3.943E-05;-11.293;-11.291;-99.990;0.00;-92.18;
2025-10-30 18:21:50.71;0.00:00:52:291;-1.00;0.00;-0.01;0.07421;-0.07426;-1.861E-05;-0.0005101;-89.99;-0.20;100.06;0.69;100.06;0.07421;0.07426;-4.572E-05;-11.295;-11.292;-99.990;0.00;-92.09;
2025-10-30 18:21:50.76;0.00:00:52:341;-1.00;0.00;-0.01;0.07417;-0.07421;-2.691E-05;-0.0005068;-89.99;-0.20;100.05;0.68;100.05;0.07417;0.07421;-4.057E-05;-11.298;-11.295;-99.990;0.00;-93.04;
2025-10-30 18:21:50.82;0.00:00:52:392;-1.00;0.00;-0.01;0.07412;-0.07416;-3.163E-06;-0.0005092;-90.00;-0.20;100.05;0.69;100.05;0.07412;0.07416;-3.995E-05;-11.300;-11.298;-99.990;0.00;-90.36;
2025-10-30 18:21:50.88;0.00:00:52:453;-1.00;0.00;-0.01;0.07415;-0.07419;-4.796E-06;-0.00051;-90.00;-0.20;100.06;0.69;100.06;0.07415;0.07419;-4.352E-05;-11.299;-11.297;-99.990;0.00;-90.54;
2025-10-30 18:21:50.93;0.00:00:52:510;-1.00;0.00;-0.01;0.07416;-0.0742;-1.474E-05;-0.000506;-89.99;-0.20;100.05;0.68;100.05;0.07416;0.0742;-3.953E-05;-11.298;-11.296;-99.990;0.00;-91.67;
2025-10-30 18:21:50.98;0.00:00:52:556;-1.00;0.00;-0.01;0.07411;-0.07415;-9.985E-06;-0.0005076;-90.00;-0.20;100.06;0.68;100.06;0.07411;0.07415;-4.343E-05;-11.301;-11.299;-99.990;0.00;-91.13;
2025-10-30 18:21:51.03;0.00:00:52:608;-1.00;0.00;-0.01;0.07417;-0.07421;-1.919E-05;-0.0005143;-89.99;-0.20;100.05;0.69;100.05;0.07417;0.07421;-4.05E-05;-11.298;-11.295;-99.990;0.00;-92.14;
2025-10-30 18:21:51.08;0.00:00:52:658;-1.00;0.00;-0.01;0.07417;-0.0742;-1.489E-05;-0.0005143;-89.99;-0.20;100.05;0.69;100.05;0.07417;0.07421;-3.99E-05;-11.298;-11.296;-99.990;0.00;-91.66;
2025-10-30 18:21:51.13;0.00:00:52:710;-1.00;0.00;-0.01;0.07418;-0.07422;-6.422E-07;-0.0005139;-90.00;-0.20;100.05;0.69;100.05;0.07418;0.07422;-3.909E-05;-11.297;-11.295;-99.990;0.00;-90.07;
2025-10-30 18:21:51.19;0.00:00:52:772;-1.00;0.00;-0.01;0.0742;-0.07424;-1.371E-05;-0.0005128;-89.99;-0.20;100.06;0.69;100.06;0.0742;0.07424;-4.459E-05;-11.296;-11.293;-99.990;0.00;-91.53;
2025-10-30 18:21:51.25;0.00:00:52:823;-1.00;0.00;-0.01;0.07421;-0.07425;-1.237E-06;-0.0005099;-90.00;-0.20;100.05;0.69;100.05;0.07421;0.07425;-3.955E-05;-11.295;-11.293;-99.990;0.00;-90.14;
2025-10-30 18:21:51.30;0.00:00:52:877;-1.00;0.00;-0.01;0.0742;-0.07424;-1.905E-05;-0.0005072;-89.99;-0.20;100.06;0.68;100.05;0.0742;0.07424;-4.192E-05;-11.296;-11.293;-99.990;0.00;-92.15;
2025-10-30 18:21:51.36;0.00:00:52:933;-1.00;0.00;-0.01;0.07415;-0.07419;-2.097E-05;-0.0005051;-89.99;-0.20;100.05;0.68;100.05;0.07415;0.07419;-4.034E-05;-11.299;-11.297;-99.990;0.00;-92.38;
2025-10-30 18:21:51.42;0.00:00:52:996;-1.00;0.00;-0.01;0.07414;-0.07418;-1.132E-05;-0.000509;-90.00;-0.20;100.05;0.69;100.05;0.07414;0.07418;-3.974E-05;-11.300;-11.297;-99.990;0.00;-91.27;
2025-10-30 18:21:51.47;0.00:00:53:048;-1.00;0.00;-0.01;0.07418;-0.07421;-5.837E-06;-0.0005096;-90.00;-0.20;100.06;0.69;100.05;0.07418;0.07422;-4.117E-05;-11.297;-11.295;-99.990;0.00;-90.66;
2025-10-30 18:21:51.52;0.00:00:53:099;-1.00;0.00;-0.01;0.07417;-0.07421;-1.548E-05;-0.0005113;-89.99;-0.20;100.06;0.69;100.05;0.07417;0.07421;-4.242E-05;-11.298;-11.295;-99.990;0.00;-91.73;
2025-10-30 18:21:51.57;0.00:00:53:151;-1.00;0.00;-0.01;0.07417;-0.07421;-1.192E-05;-0.00051;-90.00;-0.20;100.05;0.69;100.05;0.07417;0.07421;-4.035E-05;-11.298;-11.295;-99.990;0.00;-91.34;
2025-10-30 18:21:51.63;0.00:00:53:210;-1.00;0.00;-0.01;0.07417;-0.07421;-5.837E-06;-0.0005136;-90.00;-0.20;100.06;0.69;100.05;0.07417;0.07422;-4.235E-05;-11.298;-11.295;-99.990;0.00;-90.65;
2025-10-30 18:21:51.70;0.00:00:53:272;-1.00;0.00;-0.01;0.07415;-0.07419;-9.1E-06;-0.0005103;-90.00;-0.20;100.06;0.69;100.05;0.07415;0.07419;-4.138E-05;-11.299;-11.296;-99.990;0.00;-91.02;
2025-10-30 18:21:51.74;0.00:00:53:320;-1.00;0.00;-0.01;0.07414;-0.07418;-9.395E-06;-0.0005097;-90.00;-0.20;100.06;0.69;100.05;0.07414;0.07418;-4.145E-05;-11.299;-11.297;-99.990;0.00;-91.06;
2025-10-30 18:21:51.79;0.00:00:53:367;-1.00;0.00;-0.01;0.07411;-0.07415;-5.387E-06;-0.0005128;-90.00;-0.20;100.06;0.69;100.05;0.07411;0.07415;-4.098E-05;-11.301;-11.299;-99.990;0.00;-90.60;
2025-10-30 18:21:51.85;0.00:00:53:428;-1.00;0.00;-0.01;0.07413;-0.07417;-1.384E-05;-0.0005015;-89.99;-0.19;100.06;0.68;100.05;0.07413;0.07417;-4.077E-05;-11.300;-11.297;-99.990;0.00;-91.58;
2025-10-30 18:21:51.90;0.00:00:53:478;-1.00;0.00;-0.01;0.07413;-0.07417;-4.35E-06;-0.0005091;-90.00;-0.20;100.05;0.69;100.05;0.07413;0.07417;-3.959E-05;-11.300;-11.297;-99.990;0.00;-90.49;
2025-10-30 18:21:51.95;0.00:00:53:527;-1.00;0.00;-0.01;0.07413;-0.07417;-2.452E-05;-0.0005114;-89.99;-0.20;100.05;0.69;100.05;0.07413;0.07417;-3.929E-05;-11.300;-11.298;-99.990;0.00;-92.75;
2025-10-30 18:21:52.00;0.00:00:53:578;-1.00;0.00;-0.01;0.07415;-0.07418;-1.147E-05;-0.0005123;-90.00;-0.20;100.05;0.69;100.05;0.07415;0.07419;-3.945E-05;-11.299;-11.297;-99.990;0.00;-91.28;
2025-10-30 18:21:52.06;0.00:00:53:636;-1.00;0.00;-0.01;0.07419;-0.07423;-1.712E-05;-0.0005183;-89.99;-0.20;100.06;0.70;100.05;0.07419;0.07423;-4.169E-05;-11.297;-11.294;-99.990;0.00;-91.89;
2025-10-30 18:21:52.11;0.00:00:53:687;-1.00;0.00;-0.01;0.0742;-0.07424;-1.267E-05;-0.0005051;-90.00;-0.19;100.05;0.68;100.05;0.0742;0.07424;-3.955E-05;-11.296;-11.294;-99.990;0.00;-91.44;
2025-10-30 18:21:52.16;0.00:00:53:734;-1.00;0.00;-0.01;0.07414;-0.07418;-1.207E-05;-0.0005097;-90.00;-0.20;100.06;0.69;100.06;0.07414;0.07418;-4.27E-05;-11.299;-11.297;-99.990;0.00;-91.36;
2025-10-30 18:21:52.20;0.00:00:53:780;-1.00;0.00;-0.01;0.07415;-0.07419;-1.504E-05;-0.0005086;-89.99;-0.20;100.06;0.69;100.06;0.07415;0.07419;-4.264E-05;-11.299;-11.296;-99.990;0.00;-91.69;
2025-10-30 18:21:52.25;0.00:00:53:829;-1.00;0.00;-0.01;0.07418;-0.07422;-1.489E-05;-0.000513;-89.99;-0.20;100.05;0.69;100.05;0.07418;0.07422;-4.05E-05;-11.297;-11.295;-99.990;0.00;-91.66;
2025-10-30 18:21:52.30;0.00:00:53:874;-1.00;0.00;-0.01;0.0742;-0.07425;-2.232E-05;-0.000516;-89.99;-0.20;100.06;0.70;100.06;0.0742;0.07425;-4.615E-05;-11.296;-11.293;-99.990;0.00;-92.48;
2025-10-30 18:21:52.34;0.00:00:53:921;-1.00;0.00;-0.01;0.07424;-0.07428;-9.854E-06;-0.0005072;-90.00;-0.20;100.06;0.68;100.05;0.07424;0.07429;-4.224E-05;-11.293;-11.291;-99.990;0.00;-91.11;
2025-10-30 18:21:52.39;0.00:00:53:968;-1.00;0.00;-0.01;0.07425;-0.07429;-2.129E-05;-0.0005186;-89.99;-0.20;100.06;0.70;100.05;0.07425;0.07429;-4.084E-05;-11.293;-11.291;-99.990;0.00;-92.35;
2025-10-30 18:21:52.44;0.00:00:54:014;-1.00;0.00;-0.01;0.07423;-0.07427;-4.059E-06;-0.0005149;-90.00;-0.20;100.06;0.69;100.05;0.07423;0.07427;-4.231E-05;-11.294;-11.292;-99.990;0.00;-90.45;
2025-10-30 18:21:52.48;0.00:00:54:062;-1.00;0.00;-0.01;0.07423;-0.07427;-1.475E-05;-0.0005062;-89.99;-0.20;100.05;0.68;100.05;0.07423;0.07428;-4.038E-05;-11.294;-11.292;-99.990;0.00;-91.67;
2025-10-30 18:21:52.53;0.00:00:54:108;-1.00;0.00;-0.01;0.0742;-0.07424;1.236E-06;-0.000515;90.00;-0.20;100.06;0.69;100.06;0.0742;0.07424;-4.274E-05;-11.296;-11.294;-99.990;0.00;-89.86;
2025-10-30 18:21:52.58;0.00:00:54:154;-1.00;0.00;-0.01;0.07424;-0.07428;-1.327E-05;-0.0005088;-89.99;-0.20;100.06;0.69;100.06;0.07424;0.07428;-4.313E-05;-11.294;-11.291;-99.990;0.00;-91.49;
2025-10-30 18:21:52.63;0.00:00:54:202;-1.00;0.00;-0.01;0.07425;-0.07429;-1.699E-05;-0.0005093;-89.99;-0.20;100.05;0.69;100.05;0.07425;0.07429;-4.017E-05;-11.293;-11.290;-99.990;0.00;-91.91;
2025-10-30 18:21:52.67;0.00:00:54:247;-1.00;0.00;-0.01;0.07425;-0.07429;-1.728E-05;-0.0005152;-89.99;-0.20;100.05;0.69;100.05;0.07425;0.07429;-4.039E-05;-11.293;-11.291;-99.990;0.00;-91.92;
2025-10-30 18:21:52.73;0.00:00:54:311;-1.00;0.00;-0.01;0.07418;-0.07422;-2.365E-05;-0.0005034;-89.99;-0.19;100.05;0.68;100.05;0.07418;0.07422;-3.947E-05;-11.297;-11.295;-99.990;0.00;-92.69;
2025-10-30 18:21:52.78;0.00:00:54:358;-1.00;0.00;-0.01;0.07413;-0.07417;-9.542E-06;-0.0005107;-90.00;-0.20;100.06;0.69;100.05;0.07413;0.07417;-4.151E-05;-11.300;-11.298;-99.990;0.00;-91.07;
2025-10-30 18:21:52.83;0.00:00:54:405;-1.00;0.00;-0.01;0.07411;-0.07415;-7.018E-06;-0.0005136;-90.00;-0.20;100.06;0.69;100.05;0.07411;0.07415;-4.224E-05;-11.301;-11.299;-99.990;0.00;-90.78;
2025-10-30 18:21:52.88;0.00:00:54:453;-1.00;0.00;-0.01;0.07409;-0.07413;-9.389E-06;-0.000506;-90.00;-0.20;100.05;0.68;100.05;0.07409;0.07413;-3.779E-05;-11.302;-11.300;-99.990;0.00;-91.06;
2025-10-30 18:21:52.92;0.00:00:54:498;-1.00;0.00;-0.01;0.07406;-0.0741;-6.865E-06;-0.0005093;-90.00;-0.20;100.05;0.69;100.05;0.07406;0.0741;-3.955E-05;-11.304;-11.302;-99.990;0.00;-90.77;
2025-10-30 18:21:52.97;0.00:00:54:546;-1.00;0.00;-0.01;0.07405;-0.07409;-1.976E-05;-0.0005091;-89.99;-0.20;100.06;0.69;100.05;0.07405;0.07409;-4.08E-05;-11.305;-11.303;-99.990;0.00;-92.22;
2025-10-30 18:21:53.02;0.00:00:54:593;-1.00;0.00;-0.01;0.07405;-0.07409;-9.532E-06;-0.0005075;-90.00;-0.20;100.05;0.69;100.05;0.07405;0.07409;-3.91E-05;-11.304;-11.302;-99.990;0.00;-91.08;
2025-10-30 18:21:53.06;0.00:00:54:641;-1.00;0.00;-0.01;0.07407;-0.07411;-1.635E-05;-0.0005093;-89.99;-0.20;100.06;0.69;100.05;0.07407;0.07411;-4.177E-05;-11.304;-11.301;-99.990;0.00;-91.84;
2025-10-30 18:21:53.11;0.00:00:54:686;-1.00;0.00;-0.01;0.07408;-0.07413;1.976E-06;-0.0005092;90.00;-0.20;100.06;0.69;100.06;0.07408;0.07413;-4.475E-05;-11.303;-11.300;-99.990;0.00;-89.78;
2025-10-30 18:21:53.16;0.00:00:54:734;-1.00;0.00;-0.01;0.07408;-0.07413;-7.757E-06;-0.0005155;-90.00;-0.20;100.06;0.70;100.06;0.07408;0.07413;-4.371E-05;-11.303;-11.300;-99.990;0.00;-90.86;
2025-10-30 18:21:53.20;0.00:00:54:780;-1.00;0.00;-0.01;0.07412;-0.07416;-4.646E-06;-0.0005062;-90.00;-0.20;100.05;0.68;100.05;0.07412;0.07416;-3.928E-05;-11.301;-11.298;-99.990;0.00;-90.53;
2025-10-30 18:21:53.25;0.00:00:54:827;-1.00;0.00;-0.01;0.07416;-0.0742;-1.607E-05;-0.0005144;-89.99;-0.20;100.05;0.69;100.05;0.07416;0.0742;-3.96E-05;-11.298;-11.296;-99.990;0.00;-91.79;
2025-10-30 18:21:53.30;0.00:00:54:876;-1.00;0.00;-0.01;0.0742;-0.07423;-1.742E-05;-0.0005177;-89.99;-0.20;100.05;0.70;100.05;0.0742;0.07424;-4.044E-05;-11.296;-11.294;-99.990;0.00;-91.93;
2025-10-30 18:21:53.35;0.00:00:54:922;-1.00;0.00;-0.01;0.07422;-0.07426;-1.327E-05;-0.000516;-89.99;-0.20;100.05;0.70;100.05;0.07422;0.07426;-3.852E-05;-11.295;-11.292;-99.990;0.00;-91.47;
2025-10-30 18:21:53.39;0.00:00:54:970;-1.00;0.00;-0.01;0.07427;-0.07431;-4.656E-06;-0.0005159;-90.00;-0.20;100.06;0.69;100.06;0.07427;0.07431;-4.27E-05;-11.292;-11.290;-99.990;0.00;-90.52;
2025-10-30 18:21:53.44;0.00:00:55:017;-1.00;0.00;-0.01;0.07423;-0.07427;-1.995E-05;-0.0005156;-89.99;-0.20;100.05;0.69;100.05;0.07423;0.07427;-4.075E-05;-11.294;-11.292;-99.990;0.00;-92.22;
2025-10-30 18:21:53.49;0.00:00:55:065;-1.00;0.00;-0.01;0.07423;-0.07427;-6.287E-06;-0.0005167;-90.00;-0.20;100.05;0.70;100.05;0.07423;0.07427;-3.912E-05;-11.294;-11.292;-99.990;0.00;-90.70;
2025-10-30 18:21:53.53;0.00:00:55:111;-1.00;0.00;-0.01;0.07421;-0.07426;-1.802E-05;-0.0005104;-89.99;-0.20;100.06;0.69;100.05;0.07421;0.07426;-4.238E-05;-11.295;-11.293;-99.990;0.00;-92.02;
2025-10-30 18:21:53.58;0.00:00:55:157;-1.00;0.00;-0.01;0.07415;-0.0742;-7.468E-06;-0.0005091;-90.00;-0.20;100.06;0.69;100.06;0.07415;0.0742;-4.308E-05;-11.299;-11.296;-99.990;0.00;-90.84;
2025-10-30 18:21:53.63;0.00:00:55:205;-1.00;0.00;-0.01;0.07418;-0.07422;-2.513E-05;-0.000515;-89.99;-0.20;100.06;0.69;100.05;0.07418;0.07422;-4.154E-05;-11.297;-11.295;-99.990;0.00;-92.80;
2025-10-30 18:21:53.68;0.00:00:55:253;-1.00;0.00;-0.01;0.07418;-0.07422;-1.445E-05;-0.0005136;-89.99;-0.20;100.06;0.69;100.06;0.07418;0.07422;-4.258E-05;-11.297;-11.295;-99.990;0.00;-91.61;
2025-10-30 18:21:53.72;0.00:00:55:298;-1.00;0.00;-0.01;0.07418;-0.07422;-1.875E-05;-0.0005135;-89.99;-0.20;100.05;0.69;100.05;0.07418;0.07422;-3.865E-05;-11.297;-11.295;-99.990;0.00;-92.09;
2025-10-30 18:21:53.77;0.00:00:55:348;-1.00;0.00;-0.01;0.07419;-0.07423;-7.174E-06;-0.0005134;-90.00;-0.20;100.05;0.69;100.05;0.07419;0.07423;-4.006E-05;-11.297;-11.294;-99.990;0.00;-90.80;
2025-10-30 18:21:53.82;0.00:00:55:393;-1.00;0.00;-0.01;0.0742;-0.07424;-1.742E-05;-0.0005099;-89.99;-0.20;100.05;0.69;100.05;0.0742;0.07424;-3.903E-05;-11.296;-11.294;-99.990;0.00;-91.96;
2025-10-30 18:21:53.86;0.00:00:55:441;-1.00;0.00;-0.01;0.0742;-0.07424;-6.285E-06;-0.0005062;-90.00;-0.20;100.06;0.68;100.05;0.0742;0.07424;-4.081E-05;-11.296;-11.293;-99.990;0.00;-90.71;
2025-10-30 18:21:53.91;0.00:00:55:488;-1.00;0.00;-0.01;0.07417;-0.07421;-1.578E-05;-0.0005111;-89.99;-0.20;100.06;0.69;100.05;0.07417;0.07421;-4.131E-05;-11.298;-11.295;-99.990;0.00;-91.77;
2025-10-30 18:21:53.96;0.00:00:55:535;-1.00;0.00;-0.01;0.07417;-0.07421;-9.547E-06;-0.0005097;-90.00;-0.20;100.06;0.69;100.05;0.07417;0.07421;-4.079E-05;-11.298;-11.295;-99.990;0.00;-91.07;
2025-10-30 18:21:54.00;0.00:00:55:582;-1.00;0.00;-0.01;0.07418;-0.07422;-1.163E-05;-0.000518;-90.00;-0.20;100.05;0.70;100.05;0.07418;0.07422;-3.865E-05;-11.297;-11.295;-99.990;0.00;-91.29;
2025-10-30 18:21:54.05;0.00:00:55:628;-1.00;0.00;-0.01;0.07418;-0.07422;-1.207E-05;-0.0005057;-90.00;-0.20;100.06;0.68;100.05;0.07418;0.07422;-4.132E-05;-11.297;-11.295;-99.990;0.00;-91.37;
2025-10-30 18:21:54.10;0.00:00:55:678;-1.00;0.00;-0.01;0.07417;-0.0742;-1.993E-05;-0.000514;-89.99;-0.20;100.05;0.69;100.05;0.07417;0.0742;-3.716E-05;-11.298;-11.296;-99.990;0.00;-92.22;
2025-10-30 18:21:54.15;0.00:00:55:723;-1.00;0.00;-0.01;0.07417;-0.07422;-9.103E-06;-0.0005091;-90.00;-0.20;100.06;0.69;100.06;0.07417;0.07422;-4.28E-05;-11.297;-11.295;-99.990;0.00;-91.03;
2025-10-30 18:21:54.19;0.00:00:55:770;-1.00;0.00;-0.01;0.07416;-0.07419;-1.058E-05;-0.0005089;-90.00;-0.20;100.05;0.69;100.05;0.07416;0.07419;-3.878E-05;-11.299;-11.296;-99.990;0.00;-91.19;
2025-10-30 18:21:54.24;0.00:00:55:818;-1.00;0.00;-0.01;0.07416;-0.0742;-8.952E-06;-0.0005092;-90.00;-0.20;100.05;0.69;100.05;0.07416;0.0742;-4.071E-05;-11.299;-11.296;-99.990;0.00;-91.01;
2025-10-30 18:21:54.29;0.00:00:55:866;-1.00;0.00;-0.01;0.07419;-0.07423;-1.935E-05;-0.0005116;-89.99;-0.20;100.05;0.69;100.05;0.07419;0.07423;-3.984E-05;-11.296;-11.294;-99.990;0.00;-92.17;
2025-10-30 18:21:54.33;0.00:00:55:912;-1.00;0.00;-0.01;0.07418;-0.07422;-9.549E-06;-0.0005168;-90.00;-0.20;100.06;0.70;100.05;0.07418;0.07423;-4.139E-05;-11.297;-11.294;-99.990;0.00;-91.06;
2025-10-30 18:21:54.38;0.00:00:55:959;-1.00;0.00;-0.01;0.07419;-0.07423;-5.393E-06;-0.0005047;-90.00;-0.19;100.05;0.68;100.05;0.07419;0.07423;-4.029E-05;-11.296;-11.294;-99.990;0.00;-90.61;
2025-10-30 18:21:54.43;0.00:00:56:005;-1.00;0.00;-0.01;0.07417;-0.07422;6.283E-06;-0.0005149;90.00;-0.20;100.06;0.69;100.06;0.07417;0.07422;-4.384E-05;-11.298;-11.295;-99.990;0.00;-89.30;
2025-10-30 18:21:54.48;0.00:00:56:052;-1.00;0.00;-0.01;0.07419;-0.07424;-1.965E-05;-0.0005209;-89.99;-0.20;100.06;0.70;100.06;0.07419;0.07424;-4.355E-05;-11.296;-11.294;-99.990;0.00;-92.16;
2025-10-30 18:21:54.52;0.00:00:56:101;-1.00;0.00;-0.01;0.07419;-0.07423;-1.549E-05;-0.0005113;-89.99;-0.20;100.05;0.69;100.05;0.07419;0.07423;-3.865E-05;-11.296;-11.294;-99.990;0.00;-91.73;
2025-10-30 18:21:54.57;0.00:00:56:146;-1.00;0.00;-0.01;0.07419;-0.07423;-1.712E-05;-0.0005103;-89.99;-0.20;100.06;0.69;100.05;0.07419;0.07423;-4.155E-05;-11.297;-11.294;-99.990;0.00;-91.92;
2025-10-30 18:21:54.62;0.00:00:56:192;-1.00;0.00;-0.01;0.07411;-0.07415;-2.081E-05;-0.0005067;-89.99;-0.20;100.05;0.68;100.05;0.07411;0.07415;-3.95E-05;-11.301;-11.299;-99.990;0.00;-92.35;
2025-10-30 18:21:54.66;0.00:00:56:239;-1.00;0.00;-0.01;0.07412;-0.07415;-1.592E-05;-0.0005131;-89.99;-0.20;100.05;0.69;100.05;0.07412;0.07415;-3.921E-05;-11.301;-11.299;-99.990;0.00;-91.78;
2025-10-30 18:21:54.71;0.00:00:56:286;-1.00;0.00;-0.01;0.07413;-0.07417;-1.518E-05;-0.0005098;-89.99;-0.20;100.06;0.69;100.06;0.07413;0.07417;-4.284E-05;-11.300;-11.298;-99.990;0.00;-91.70;
2025-10-30 18:21:54.76;0.00:00:56:333;-1.00;0.00;-0.01;0.07407;-0.07411;6.866E-06;-0.0005115;90.00;-0.20;100.06;0.69;100.06;0.07407;0.07411;-4.34E-05;-11.304;-11.301;-99.990;0.00;-89.23;
2025-10-30 18:21:54.80;0.00:00:56:382;-1.00;0.00;-0.01;0.07406;-0.0741;-1.472E-05;-0.0005118;-89.99;-0.20;100.05;0.69;100.05;0.07406;0.0741;-4.021E-05;-11.304;-11.302;-99.990;0.00;-91.65;
2025-10-30 18:21:54.85;0.00:00:56:428;-1.00;0.00;-0.01;0.07398;-0.07402;-6.414E-06;-0.0005064;-90.00;-0.20;100.06;0.68;100.05;0.07398;0.07402;-4.106E-05;-11.309;-11.307;-99.990;0.00;-90.72;
2025-10-30 18:21:54.90;0.00:00:56:476;-1.00;0.00;-0.01;0.074;-0.07404;-1.545E-05;-0.0005109;-89.99;-0.20;100.06;0.69;100.05;0.074;0.07404;-4.181E-05;-11.308;-11.305;-99.990;0.00;-91.73;
2025-10-30 18:21:54.95;0.00:00:56:523;-1.00;0.00;-0.01;0.07407;-0.07411;-1.235E-05;-0.0005096;-90.00;-0.20;100.06;0.69;100.05;0.07407;0.07412;-4.207E-05;-11.303;-11.301;-99.990;0.00;-91.39;
2025-10-30 18:21:54.99;0.00:00:56:570;-1.00;0.00;-0.01;0.0742;-0.07424;-1.401E-05;-0.0005088;-89.99;-0.20;100.06;0.69;100.05;0.0742;0.07424;-4.125E-05;-11.296;-11.294;-99.990;0.00;-91.58;
2025-10-30 18:21:55.04;0.00:00:56:617;-1.00;0.00;-0.01;0.07417;-0.07421;-2.231E-05;-0.0005138;-89.99;-0.20;100.05;0.69;100.05;0.07417;0.07421;-4.005E-05;-11.298;-11.295;-99.990;0.00;-92.49;
2025-10-30 18:21:55.09;0.00:00:56:665;-1.00;0.00;-0.01;0.07424;-0.07428;-1.951E-05;-0.0005154;-89.99;-0.20;100.05;0.69;100.05;0.07424;0.07428;-4.001E-05;-11.294;-11.291;-99.990;0.00;-92.17;
2025-10-30 18:21:55.13;0.00:00:56:711;-1.00;0.00;-0.01;0.07422;-0.07426;-1.535E-05;-0.0005115;-89.99;-0.20;100.05;0.69;100.05;0.07422;0.07426;-3.978E-05;-11.295;-11.293;-99.990;0.00;-91.72;
2025-10-30 18:21:55.18;0.00:00:56:757;-1.00;0.00;-0.01;0.07418;-0.07421;-1.074E-05;-0.000506;-90.00;-0.20;100.05;0.68;100.05;0.07418;0.07421;-3.62E-05;-11.297;-11.295;-99.990;0.00;-91.22;
2025-10-30 18:21:55.23;0.00:00:56:805;-1.00;0.00;-0.01;0.07417;-0.0742;-1.489E-05;-0.0005099;-89.99;-0.20;100.05;0.69;100.05;0.07417;0.07421;-4.012E-05;-11.298;-11.296;-99.990;0.00;-91.67;
2025-10-30 18:21:55.27;0.00:00:56:852;-1.00;0.00;-0.01;0.07416;-0.07419;-1.593E-05;-0.0005145;-89.99;-0.20;100.05;0.69;100.05;0.07416;0.0742;-3.908E-05;-11.298;-11.296;-99.990;0.00;-91.77;
2025-10-30 18:21:55.32;0.00:00:56:899;-1.00;0.00;-0.01;0.07419;-0.07423;-1.371E-05;-0.000508;-89.99;-0.20;100.06;0.68;100.06;0.07419;0.07424;-4.311E-05;-11.296;-11.294;-99.990;0.00;-91.54;
2025-10-30 18:21:55.37;0.00:00:56:945;-1.00;0.00;-0.01;0.07418;-0.07422;-1.86E-05;-0.000519;-89.99;-0.20;100.05;0.70;100.05;0.07418;0.07422;-3.798E-05;-11.297;-11.295;-99.990;0.00;-92.05;
2025-10-30 18:21:55.42;0.00:00:56:992;-1.00;0.00;-0.01;0.07418;-0.07422;-8.806E-06;-0.0005097;-90.00;-0.20;100.05;0.69;100.05;0.07418;0.07422;-3.872E-05;-11.297;-11.295;-99.990;0.00;-90.99;
2025-10-30 18:21:55.46;0.00:00:57:038;-1.00;0.00;-0.01;0.07416;-0.0742;-2.216E-05;-0.0005057;-89.99;-0.20;100.06;0.68;100.05;0.07416;0.0742;-4.079E-05;-11.298;-11.296;-99.990;0.00;-92.51;
2025-10-30 18:21:55.51;0.00:00:57:085;-1.00;0.00;-0.01;0.07417;-0.07421;-8.212E-06;-0.000513;-90.00;-0.20;100.05;0.69;100.05;0.07417;0.07421;-4.02E-05;-11.298;-11.295;-99.990;0.00;-90.92;
2025-10-30 18:21:55.55;0.00:00:57:131;-1.00;0.00;-0.01;0.07422;-0.07425;-2.114E-05;-0.0005146;-89.99;-0.20;100.05;0.69;100.05;0.07422;0.07426;-3.978E-05;-11.295;-11.293;-99.990;0.00;-92.35;
2025-10-30 18:21:55.60;0.00:00:57:177;-1.00;0.00;-0.01;0.07421;-0.07424;-1.668E-05;-0.0005112;-89.99;-0.20;100.05;0.69;100.05;0.07421;0.07425;-3.888E-05;-11.296;-11.293;-99.990;0.00;-91.87;
2025-10-30 18:21:55.65;0.00:00:57:226;-1.00;0.00;-0.01;0.07419;-0.07423;-1.282E-05;-0.0005127;-90.00;-0.20;100.06;0.69;100.06;0.07419;0.07423;-4.37E-05;-11.297;-11.294;-99.990;0.00;-91.43;
2025-10-30 18:21:55.69;0.00:00:57:272;-1.00;0.00;-0.01;0.07418;-0.07422;-4.798E-06;-0.0005103;-90.00;-0.20;100.05;0.69;100.05;0.07418;0.07422;-3.902E-05;-11.297;-11.295;-99.990;0.00;-90.54;
2025-10-30 18:21:55.74;0.00:00:57:321;-1.00;0.00;-0.01;0.07418;-0.07422;-2.053E-05;-0.000512;-89.99;-0.20;100.05;0.69;100.05;0.07418;0.07422;-3.843E-05;-11.297;-11.295;-99.990;0.00;-92.30;
2025-10-30 18:21:55.79;0.00:00:57:367;-1.00;0.00;-0.01;0.07419;-0.07423;-1.638E-05;-0.00051;-89.99;-0.20;100.06;0.69;100.05;0.07419;0.07423;-4.162E-05;-11.296;-11.294;-99.990;0.00;-91.84;
2025-10-30 18:21:55.85;0.00:00:57:426;-1.00;0.00;-0.01;0.07421;-0.07424;-1.386E-05;-0.0005116;-89.99;-0.20;100.06;0.69;100.05;0.07421;0.07425;-4.133E-05;-11.296;-11.293;-99.990;0.00;-91.55;
2025-10-30 18:21:55.90;0.00:00:57:474;-1.00;0.00;-0.01;0.0742;-0.07424;-1.668E-05;-0.0005137;-89.99;-0.20;100.06;0.69;100.05;0.0742;0.07424;-4.081E-05;-11.296;-11.294;-99.990;0.00;-91.86;
2025-10-30 18:21:55.94;0.00:00:57:521;-1.00;0.00;-0.01;0.07419;-0.07423;-1.95E-05;-0.0005132;-89.99;-0.20;100.05;0.69;100.05;0.07419;0.07423;-3.843E-05;-11.296;-11.294;-99.990;0.00;-92.17;
2025-10-30 18:21:55.99;0.00:00:57:569;-1.00;0.00;-0.01;0.07419;-0.07423;-1.267E-05;-0.0005123;-90.00;-0.20;100.05;0.69;100.05;0.07419;0.07423;-3.977E-05;-11.297;-11.294;-99.990;0.00;-91.42;
2025-10-30 18:21:56.04;0.00:00:57:615;-1.00;0.00;-0.01;0.07423;-0.07427;-7.912E-07;-0.0005081;-90.00;-0.20;100.05;0.68;100.05;0.07423;0.07427;-4.008E-05;-11.294;-11.292;-99.990;0.00;-90.09;
2025-10-30 18:21:56.08;0.00:00:57:662;-1.00;0.00;-0.01;0.07425;-0.07429;-4.654E-06;-0.0005108;-90.00;-0.20;100.05;0.69;100.05;0.07425;0.07429;-3.883E-05;-11.293;-11.291;-99.990;0.00;-90.52;
2025-10-30 18:21:56.13;0.00:00:57:710;-1.00;0.00;-0.01;0.07422;-0.07426;-1.386E-05;-0.0005128;-89.99;-0.20;100.05;0.69;100.05;0.07422;0.07426;-3.971E-05;-11.295;-11.293;-99.990;0.00;-91.55;
2025-10-30 18:21:56.18;0.00:00:57:757;-1.00;0.00;-0.01;0.0742;-0.07424;-1.994E-05;-0.0005096;-89.99;-0.20;100.05;0.69;100.05;0.0742;0.07424;-3.881E-05;-11.296;-11.294;-99.990;0.00;-92.24;
2025-10-30 18:21:56.23;0.00:00:57:803;-1.00;0.00;-0.01;0.07419;-0.07423;-1.193E-05;-0.0005158;-90.00;-0.20;100.05;0.70;100.05;0.07419;0.07423;-4.051E-05;-11.297;-11.294;-99.990;0.00;-91.32;
2025-10-30 18:21:56.27;0.00:00:57:851;-1.00;0.00;-0.01;0.07414;-0.07417;-1.681E-05;-0.0005143;-89.99;-0.20;100.05;0.69;100.05;0.07414;0.07417;-3.892E-05;-11.300;-11.297;-99.990;0.00;-91.87;
2025-10-30 18:21:56.32;0.00:00:57:897;-1.00;0.00;-0.01;0.0741;-0.07414;-2.274E-05;-0.000511;-89.99;-0.20;100.05;0.69;100.05;0.0741;0.07414;-4.061E-05;-11.302;-11.299;-99.990;0.00;-92.55;
2025-10-30 18:21:56.37;0.00:00:57:943;-1.00;0.00;-0.01;0.0741;-0.07414;-3.904E-06;-0.000515;-90.00;-0.20;100.05;0.69;100.05;0.0741;0.07414;-4.046E-05;-11.302;-11.299;-99.990;0.00;-90.43;
2025-10-30 18:21:56.41;0.00:00:57:990;-1.00;0.00;-0.01;0.07417;-0.07421;-8.212E-06;-0.0005174;-90.00;-0.20;100.06;0.70;100.05;0.07417;0.07421;-4.257E-05;-11.298;-11.295;-99.990;0.00;-90.91;
2025-10-30 18:21:56.46;0.00:00:58:037;-1.00;0.00;-0.01;0.07422;-0.07426;-1.089E-05;-0.0005135;-90.00;-0.20;100.05;0.69;100.05;0.07422;0.07426;-3.941E-05;-11.295;-11.292;-99.990;0.00;-91.22;
2025-10-30 18:21:56.51;0.00:00:58:085;-1.00;0.00;-0.01;0.07422;-0.07425;-1.876E-05;-0.0005139;-89.99;-0.20;100.06;0.69;100.05;0.07422;0.07426;-4.082E-05;-11.295;-11.293;-99.990;0.00;-92.09;
2025-10-30 18:21:56.56;0.00:00:58:132;-1.00;0.00;-0.01;0.07419;-0.07423;-2.454E-05;-0.0005106;-89.99;-0.20;100.05;0.69;100.05;0.07419;0.07423;-3.947E-05;-11.296;-11.294;-99.990;0.00;-92.75;
2025-10-30 18:21:56.60;0.00:00:58:179;-1.00;0.00;-0.01;0.07418;-0.07422;-2.187E-05;-0.0005197;-89.99;-0.20;100.06;0.70;100.05;0.07418;0.07422;-4.125E-05;-11.297;-11.295;-99.990;0.00;-92.41;
2025-10-30 18:21:56.65;0.00:00:58:225;-1.00;0.00;-0.01;0.07419;-0.07423;-1.43E-05;-0.0005157;-89.99;-0.20;100.06;0.70;100.05;0.07419;0.07423;-4.206E-05;-11.297;-11.294;-99.990;0.00;-91.59;
2025-10-30 18:21:56.69;0.00:00:58:271;-1.00;0.00;-0.01;0.07422;-0.07427;-3.613E-06;-0.0005091;-90.00;-0.20;100.06;0.69;100.05;0.07422;0.07427;-4.186E-05;-11.295;-11.292;-99.990;0.00;-90.41;
2025-10-30 18:21:56.74;0.00:00:58:320;-1.00;0.00;-0.01;0.07421;-0.07424;-1.252E-05;-0.0005136;-90.00;-0.20;100.05;0.69;100.05;0.07421;0.07425;-3.992E-05;-11.296;-11.293;-99.990;0.00;-91.40;
2025-10-30 18:21:56.79;0.00:00:58:365;-1.00;0.00;-0.01;0.07419;-0.07423;-8.659E-06;-0.0005105;-90.00;-0.20;100.05;0.69;100.05;0.07419;0.07423;-3.947E-05;-11.297;-11.294;-99.990;0.00;-90.97;
2025-10-30 18:21:56.84;0.00:00:58:414;-1.00;0.00;-0.01;0.0742;-0.07423;-1.43E-05;-0.0005136;-89.99;-0.20;100.05;0.69;100.05;0.0742;0.07424;-3.873E-05;-11.296;-11.294;-99.990;0.00;-91.59;
2025-10-30 18:21:56.88;0.00:00:58:460;-1.00;0.00;-0.01;0.07423;-0.07427;-1.208E-05;-0.0005132;-90.00;-0.20;100.06;0.69;100.05;0.07423;0.07427;-4.12E-05;-11.294;-11.292;-99.990;0.00;-91.35;
2025-10-30 18:21:56.93;0.00:00:58:507;-1.00;0.00;-0.01;0.07424;-0.07428;-1.074E-05;-0.0005104;-90.00;-0.20;100.05;0.69;100.05;0.07424;0.07428;-4.061E-05;-11.294;-11.291;-99.990;0.00;-91.21;
2025-10-30 18:21:56.98;0.00:00:58:554;-1.00;0.00;-0.01;0.0742;-0.07423;-5.393E-06;-0.0005025;-90.00;-0.19;100.05;0.68;100.05;0.0742;0.07424;-3.814E-05;-11.296;-11.294;-99.990;0.00;-90.62;
2025-10-30 18:21:57.02;0.00:00:58:599;-1.00;0.00;-0.01;0.07412;-0.07416;-1.725E-05;-0.0005101;-89.99;-0.20;100.06;0.69;100.05;0.07412;0.07416;-4.121E-05;-11.301;-11.298;-99.990;0.00;-91.94;
2025-10-30 18:21:57.07;0.00:00:58:649;-1.00;0.00;-0.01;0.07411;-0.07415;-1.562E-05;-0.0005134;-89.99;-0.20;100.06;0.69;100.05;0.07411;0.07416;-4.113E-05;-11.301;-11.299;-99.990;0.00;-91.74;
2025-10-30 18:21:57.12;0.00:00:58:697;-1.00;0.00;-0.01;0.07432;-0.07436;-3.469E-06;-0.0005176;-90.00;-0.20;100.06;0.70;100.05;0.07432;0.07436;-4.229E-05;-11.289;-11.287;-99.990;0.00;-90.38;
2025-10-30 18:21:57.18;0.00:00:58:758;-1.00;0.00;-0.01;0.07424;-0.07428;-1.743E-05;-0.0005156;-89.99;-0.20;100.05;0.69;100.05;0.07424;0.07428;-3.912E-05;-11.294;-11.291;-99.990;0.00;-91.94;
2025-10-30 18:21:57.23;0.00:00:58:806;-1.00;0.00;-0.01;0.07421;-0.07425;-2.039E-05;-0.0005025;-89.99;-0.19;100.06;0.68;100.05;0.07421;0.07425;-4.081E-05;-11.296;-11.293;-99.990;0.00;-92.32;
2025-10-30 18:21:57.28;0.00:00:58:854;-1.00;0.00;-0.01;0.07417;-0.07421;-6.727E-06;-0.000509;-90.00;-0.20;100.05;0.69;100.05;0.07417;0.07421;-3.768E-05;-11.298;-11.295;-99.990;0.00;-90.76;
2025-10-30 18:21:57.34;0.00:00:58:913;-1.00;0.00;-0.01;0.07414;-0.07418;-1.666E-05;-0.00051;-89.99;-0.20;100.05;0.69;100.05;0.07414;0.07418;-4.026E-05;-11.300;-11.297;-99.990;0.00;-91.87;
2025-10-30 18:21:57.38;0.00:00:58:961;-1.00;0.00;-0.01;0.07409;-0.07413;-1.058E-05;-0.0005179;-90.00;-0.20;100.06;0.70;100.05;0.07409;0.07414;-4.142E-05;-11.302;-11.300;-99.990;0.00;-91.17;
2025-10-30 18:21:57.43;0.00:00:59:009;-1.00;0.00;-0.01;0.07408;-0.07412;-1.206E-05;-0.0005123;-90.00;-0.20;100.06;0.69;100.05;0.07408;0.07412;-4.141E-05;-11.303;-11.301;-99.990;0.00;-91.35;
2025-10-30 18:21:57.48;0.00:00:59:055;-1.00;0.00;-0.01;0.07411;-0.07415;-8.798E-06;-0.000513;-90.00;-0.20;100.06;0.69;100.05;0.07411;0.07415;-4.202E-05;-11.301;-11.299;-99.990;0.00;-90.98;
2025-10-30 18:21:57.53;0.00:00:59:104;-1.00;0.00;-0.01;0.0741;-0.07414;-1.591E-05;-0.0005211;-89.99;-0.20;100.05;0.70;100.05;0.0741;0.07414;-3.964E-05;-11.302;-11.300;-99.990;0.00;-91.75;
2025-10-30 18:21:57.57;0.00:00:59:151;-1.00;0.00;-0.01;0.07412;-0.07416;-3.905E-06;-0.0005157;-90.00;-0.20;100.05;0.70;100.05;0.07412;0.07416;-4.017E-05;-11.301;-11.298;-99.990;0.00;-90.43;
2025-10-30 18:21:57.62;0.00:00:59:198;-1.00;0.00;-0.01;0.0742;-0.07424;-1.623E-05;-0.0005103;-89.99;-0.20;100.05;0.69;100.05;0.0742;0.07424;-4.022E-05;-11.296;-11.293;-99.990;0.00;-91.82;
2025-10-30 18:21:57.67;0.00:00:59:245;-1.00;0.00;-0.01;0.07423;-0.07427;-5.544E-06;-0.0005135;-90.00;-0.20;100.05;0.69;100.05;0.07423;0.07427;-3.756E-05;-11.294;-11.292;-99.990;0.00;-90.62;
2025-10-30 18:21:57.72;0.00:00:59:292;-1.00;0.00;-0.01;0.07426;-0.0743;-8.964E-06;-0.0005196;-90.00;-0.20;100.05;0.70;100.05;0.07426;0.0743;-4.055E-05;-11.293;-11.290;-99.990;0.00;-90.99;
2025-10-30 18:21:57.76;0.00:00:59:337;-1.00;0.00;-0.01;0.07423;-0.07427;-5.544E-06;-0.0005095;-90.00;-0.20;100.05;0.69;100.05;0.07423;0.07427;-3.689E-05;-11.294;-11.292;-99.990;0.00;-90.62;
2025-10-30 18:21:57.81;0.00:00:59:385;-1.00;0.00;-0.01;0.0742;-0.07424;-2.143E-05;-0.0005124;-89.99;-0.20;100.05;0.69;100.05;0.0742;0.07424;-4.037E-05;-11.296;-11.294;-99.990;0.00;-92.40;
2025-10-30 18:21:57.86;0.00:00:59:433;-1.00;0.00;-0.01;0.07416;-0.0742;-1.118E-05;-0.0005138;-90.00;-0.20;100.06;0.69;100.05;0.07416;0.0742;-4.175E-05;-11.298;-11.296;-99.990;0.00;-91.25;
2025-10-30 18:21:57.90;0.00:00:59:480;-1.00;0.00;-0.01;0.07418;-0.07422;-2.38E-05;-0.0005135;-89.99;-0.20;100.05;0.69;100.05;0.07418;0.07422;-4.072E-05;-11.297;-11.295;-99.990;0.00;-92.65;
2025-10-30 18:21:57.95;0.00:00:59:527;-1.00;0.00;-0.01;0.07425;-0.07429;-7.923E-06;-0.0005134;-90.00;-0.20;100.06;0.69;100.06;0.07425;0.07429;-4.284E-05;-11.293;-11.291;-99.990;0.00;-90.88;
2025-10-30 18:21:58.00;0.00:00:59:575;-1.00;0.00;-0.01;0.07423;-0.07427;-7.327E-06;-0.0005153;-90.00;-0.20;100.05;0.69;100.05;0.07423;0.07427;-4.016E-05;-11.294;-11.292;-99.990;0.00;-90.81;
2025-10-30 18:21:58.04;0.00:00:59:622;-1.00;0.00;-0.01;0.07422;-0.07425;-1.698E-05;-0.0005105;-89.99;-0.20;100.05;0.69;100.05;0.07422;0.07426;-3.919E-05;-11.295;-11.293;-99.990;0.00;-91.91;
2025-10-30 18:21:58.09;0.00:00:59:671;-1.00;0.00;-0.01;0.07419;-0.07423;-1.608E-05;-0.0005078;-89.99;-0.20;100.05;0.68;100.05;0.07419;0.07423;-3.776E-05;-11.296;-11.294;-99.990;0.00;-91.81;
2025-10-30 18:21:58.14;0.00:00:59:717;-1.00;0.00;-0.01;0.07417;-0.07421;-1.4E-05;-0.0005083;-89.99;-0.20;100.05;0.69;100.05;0.07417;0.07421;-4.072E-05;-11.298;-11.295;-99.990;0.00;-91.58;
2025-10-30 18:21:58.19;0.00:00:59:762;-1.00;0.00;-0.01;0.07415;-0.07419;-2.008E-05;-0.0005108;-89.99;-0.20;100.06;0.69;100.05;0.07415;0.07419;-4.093E-05;-11.299;-11.297;-99.990;0.00;-92.25;
2025-10-30 18:21:58.23;0.00:00:59:811;-1.00;0.00;-0.01;0.07414;-0.07418;-1.429E-05;-0.0005104;-89.99;-0.20;100.06;0.69;100.05;0.07414;0.07419;-4.219E-05;-11.299;-11.297;-99.990;0.00;-91.60;
2025-10-30 18:21:58.28;0.00:00:59:857;-1.00;0.00;-0.01;0.07413;-0.07416;-1.711E-05;-0.0005147;-89.99;-0.20;100.05;0.69;100.05;0.07413;0.07417;-4.062E-05;-11.300;-11.298;-99.990;0.00;-91.90;
2025-10-30 18:21:58.33;0.00:00:59:905;-1.00;0.00;-0.01;0.07413;-0.07417;-1.503E-05;-0.000512;-89.99;-0.20;100.05;0.69;100.05;0.07413;0.07417;-3.899E-05;-11.300;-11.298;-99.990;0.00;-91.68;
2025-10-30 18:21:58.37;0.00:00:59:950;-1.00;0.00;-0.01;0.07411;-0.07415;-1.532E-05;-0.0005145;-89.99;-0.20;100.05;0.69;100.05;0.07411;0.07415;-3.935E-05;-11.301;-11.299;-99.990;0.00;-91.71;
2025-10-30 18:21:58.42;0.00:00:59:998;-1.00;0.00;-0.01;0.07408;-0.07412;-2.377E-05;-0.0005109;-89.99;-0.20;100.05;0.69;100.05;0.07408;0.07412;-3.867E-05;-11.303;-11.301;-99.990;0.00;-92.66;
