Time[date hh:mm:ss] ; Elapsed Time [hh:mm:ss:ms]; Normalized s 1 ; Normalized s 2 ; Normalized s 3 ; S 0 [mW]; S 1 [mW]; S 2 [mW]; S 3 [mW]; Azimuth[°] ; Ellipticity[°] ; DOP[%] ; DOCP[%] ; DOLP[%] ; Power[mW] ; Pol Power[mW] ; Unpol Power[mW] ; Power[dBm] ; Pol Power[dBm] ; Unpol Power[dBm] ; Power-Split-Ratio ; Phase Difference[°] ; Warning
2025-11-24 18:07:54.08;0.00:00:00:047;-1.00;0.00;0.00;0.07581;-0.07599;0.0001859;-5.71E-05;89.93;-0.02;100.24;0.08;100.24;0.07581;0.07599;-0.0001805;-11.203;-11.192;-99.990;0.00;-17.07;
2025-11-24 18:07:54.13;0.00:00:00:105;-1.00;0.00;0.00;0.07572;-0.07589;0.0002034;-5.157E-05;89.92;-0.02;100.23;0.07;100.23;0.07572;0.07589;-0.0001752;-11.208;-11.198;-99.990;0.00;-14.22;
2025-11-24 18:07:54.18;0.00:00:00:152;-1.00;0.00;0.00;0.07591;-0.07608;0.0002423;-5.863E-05;89.91;-0.02;100.22;0.08;100.22;0.07591;0.07608;-0.0001683;-11.197;-11.187;-99.990;0.00;-13.60;
2025-11-24 18:07:54.23;0.00:00:00:200;-1.00;0.00;0.00;0.07601;-0.07619;0.0001872;-5.595E-05;89.93;-0.02;100.24;0.07;100.24;0.07601;0.07619;-0.000184;-11.191;-11.181;-99.990;0.00;-16.64;
2025-11-24 18:07:54.28;0.00:00:00:248;-1.00;0.00;0.00;0.07607;-0.07625;0.0002466;-7.034E-05;89.91;-0.03;100.23;0.09;100.23;0.07607;0.07625;-0.0001774;-11.188;-11.178;-99.990;0.00;-15.92;
2025-11-24 18:07:54.33;0.00:00:00:296;-1.00;0.00;0.00;0.07607;-0.07626;0.0002066;-5.581E-05;89.92;-0.02;100.25;0.07;100.25;0.07607;0.07626;-0.000187;-11.188;-11.177;-99.990;0.00;-15.12;
2025-11-24 18:07:54.38;0.00:00:00:346;-1.00;0.00;0.00;0.07598;-0.07617;0.0001824;-5.795E-05;89.93;-0.02;100.26;0.08;100.26;0.07598;0.07617;-0.0001941;-11.193;-11.182;-99.990;0.00;-17.63;
2025-11-24 18:07:54.42;0.00:00:00:393;-1.00;0.00;0.00;0.07579;-0.07598;0.0002339;-6.116E-05;89.91;-0.02;100.25;0.08;100.25;0.07579;0.07598;-0.0001909;-11.204;-11.193;-99.990;0.00;-14.65;
2025-11-24 18:07:54.47;0.00:00:00:442;-1.00;0.00;0.00;0.07588;-0.07607;0.0001943;-7.138E-05;89.93;-0.03;100.25;0.09;100.25;0.07588;0.07607;-0.0001885;-11.199;-11.188;-99.990;0.00;-20.17;
2025-11-24 18:07:54.52;0.00:00:00:490;-1.00;0.00;0.00;0.07579;-0.07597;0.0001775;-6.578E-05;89.93;-0.02;100.24;0.09;100.24;0.07579;0.07597;-0.0001789;-11.204;-11.194;-99.990;0.00;-20.33;
2025-11-24 18:07:54.57;0.00:00:00:538;-1.00;0.00;0.00;0.07564;-0.0758;0.0001826;-5.61E-05;89.93;-0.02;100.21;0.07;100.21;0.07564;0.0758;-0.0001591;-11.213;-11.204;-99.990;0.00;-17.08;
2025-11-24 18:07:54.62;0.00:00:00:586;-1.00;0.00;0.00;0.07564;-0.07579;0.0002623;-7.314E-05;89.90;-0.03;100.21;0.10;100.21;0.07564;0.07579;-0.0001578;-11.213;-11.204;-99.990;0.00;-15.58;
2025-11-24 18:07:54.67;0.00:00:00:640;-1.00;0.00;0.00;0.0759;-0.07608;0.0001931;-6.923E-05;89.93;-0.03;100.24;0.09;100.24;0.0759;0.07608;-0.0001815;-11.198;-11.187;-99.990;0.00;-19.72;
2025-11-24 18:07:54.72;0.00:00:00:690;-1.00;0.00;0.00;0.07606;-0.07625;0.0002056;-5.907E-05;89.92;-0.02;100.24;0.08;100.24;0.07606;0.07625;-0.0001848;-11.188;-11.178;-99.990;0.00;-16.03;
2025-11-24 18:07:54.77;0.00:00:00:738;-1.00;0.00;0.00;0.07605;-0.07623;0.0002149;-6.534E-05;89.92;-0.02;100.23;0.09;100.23;0.07605;0.07623;-0.0001765;-11.189;-11.179;-99.990;0.00;-16.91;
2025-11-24 18:07:54.82;0.00:00:00:787;-1.00;0.00;0.00;0.07593;-0.07611;0.0002501;-4.125E-05;89.91;-0.02;100.24;0.05;100.24;0.07593;0.07611;-0.0001786;-11.196;-11.186;-99.990;0.00;-9.36;
2025-11-24 18:07:54.86;0.00:00:00:835;-1.00;0.00;0.00;0.07595;-0.07612;0.0002223;-7.385E-05;89.92;-0.03;100.22;0.10;100.22;0.07595;0.07612;-0.0001677;-11.195;-11.185;-99.990;0.00;-18.38;
2025-11-24 18:07:54.91;0.00:00:00:883;-1.00;0.00;0.00;0.07601;-0.07619;0.0002184;-6.171E-05;89.92;-0.02;100.23;0.08;100.23;0.07601;0.07619;-0.0001775;-11.191;-11.181;-99.990;0.00;-15.78;
2025-11-24 18:07:54.96;0.00:00:00:928;-1.00;0.00;0.00;0.07599;-0.07616;0.0002019;-7.574E-05;89.92;-0.03;100.22;0.10;100.22;0.07599;0.07616;-0.0001647;-11.192;-11.183;-99.990;0.00;-20.57;
2025-11-24 18:07:55.01;0.00:00:00:978;-1.00;0.00;0.00;0.07611;-0.07628;0.0002085;-5.999E-05;89.92;-0.02;100.23;0.08;100.23;0.07611;0.07628;-0.0001772;-11.186;-11.176;-99.990;0.00;-16.05;
2025-11-24 18:07:55.06;0.00:00:01:027;-1.00;0.00;0.00;0.07594;-0.0761;0.0002007;-3.542E-05;89.92;-0.01;100.21;0.05;100.21;0.07594;0.0761;-0.0001623;-11.195;-11.186;-99.990;0.00;-10.01;
2025-11-24 18:07:55.11;0.00:00:01:077;-1.00;0.00;0.00;0.07581;-0.07601;0.0002063;-4.649E-05;89.92;-0.02;100.26;0.06;100.26;0.07581;0.07601;-0.0001969;-11.203;-11.191;-99.990;0.00;-12.70;
2025-11-24 18:07:55.15;0.00:00:01:125;-1.00;0.00;0.00;0.0758;-0.07595;0.000242;-4.173E-05;89.91;-0.02;100.20;0.06;100.20;0.0758;0.07595;-0.0001495;-11.203;-11.195;-99.990;0.00;-9.78;
2025-11-24 18:07:55.21;0.00:00:01:183;-1.00;0.00;0.00;0.07583;-0.076;0.0002466;-4.331E-05;89.91;-0.02;100.23;0.06;100.23;0.07583;0.076;-0.0001708;-11.202;-11.192;-99.990;0.00;-9.96;
2025-11-24 18:07:55.26;0.00:00:01:230;-1.00;0.00;0.00;0.07555;-0.07569;0.0002127;-5.508E-05;89.92;-0.02;100.19;0.07;100.19;0.07555;0.07569;-0.0001432;-11.218;-11.209;-99.990;0.00;-14.51;
2025-11-24 18:07:55.31;0.00:00:01:278;-1.00;0.00;0.00;0.07573;-0.07593;0.0002515;-6.361E-05;89.91;-0.02;100.25;0.08;100.25;0.07573;0.07593;-0.0001918;-11.207;-11.196;-99.990;0.00;-14.19;
2025-11-24 18:07:55.35;0.00:00:01:324;-1.00;0.00;0.00;0.07585;-0.07603;0.0001845;-5.968E-05;89.93;-0.02;100.24;0.08;100.24;0.07585;0.07603;-0.000179;-11.201;-11.190;-99.990;0.00;-17.93;
2025-11-24 18:07:55.41;0.00:00:01:380;-1.00;0.00;0.00;0.07598;-0.07614;0.0002289;-6.657E-05;89.91;-0.03;100.22;0.09;100.22;0.07598;0.07614;-0.0001675;-11.193;-11.184;-99.990;0.00;-16.21;
2025-11-24 18:07:55.46;0.00:00:01:432;-1.00;0.00;0.00;0.07607;-0.07624;0.0001891;-7.659E-05;89.93;-0.03;100.24;0.10;100.24;0.07607;0.07624;-0.0001794;-11.188;-11.178;-99.990;0.00;-22.04;
2025-11-24 18:07:55.51;0.00:00:01:479;-1.00;0.00;0.00;0.07605;-0.07623;0.0002146;-4.575E-05;89.92;-0.02;100.23;0.06;100.23;0.07605;0.07623;-0.0001754;-11.189;-11.179;-99.990;0.00;-12.04;
2025-11-24 18:07:55.55;0.00:00:01:524;-1.00;0.00;0.00;0.07606;-0.07625;0.0002122;-6.98E-05;89.92;-0.03;100.25;0.09;100.25;0.07606;0.07625;-0.0001904;-11.189;-11.178;-99.990;0.00;-18.21;
2025-11-24 18:07:55.61;0.00:00:01:581;-1.00;0.00;0.00;0.0759;-0.07606;0.0002002;-4.771E-05;89.92;-0.02;100.22;0.06;100.22;0.0759;0.07606;-0.0001659;-11.198;-11.188;-99.990;0.00;-13.40;
2025-11-24 18:07:55.67;0.00:00:01:636;-1.00;0.00;0.00;0.07597;-0.07614;0.0002276;-4.71E-05;89.91;-0.02;100.23;0.06;100.23;0.07597;0.07614;-0.0001724;-11.194;-11.184;-99.990;0.00;-11.69;
2025-11-24 18:07:55.72;0.00:00:01:687;-1.00;0.00;0.00;0.07592;-0.07609;0.0001953;-5.505E-05;89.93;-0.02;100.22;0.07;100.22;0.07592;0.07609;-0.0001698;-11.196;-11.187;-99.990;0.00;-15.74;
2025-11-24 18:07:55.77;0.00:00:01:738;-1.00;0.00;0.00;0.07589;-0.07606;0.0002159;-5.767E-05;89.92;-0.02;100.23;0.08;100.23;0.07589;0.07606;-0.0001726;-11.198;-11.189;-99.990;0.00;-14.96;
2025-11-24 18:07:55.83;0.00:00:01:800;-1.00;0.00;0.00;0.07577;-0.07592;0.0002142;-4.986E-05;89.92;-0.02;100.20;0.07;100.20;0.07577;0.07592;-0.0001511;-11.205;-11.196;-99.990;0.00;-13.11;
2025-11-24 18:07:55.89;0.00:00:01:860;-1.00;0.00;0.00;0.07583;-0.076;0.0002545;-6.028E-05;89.90;-0.02;100.23;0.08;100.23;0.07583;0.076;-0.0001765;-11.202;-11.192;-99.990;0.00;-13.32;
2025-11-24 18:07:55.94;0.00:00:01:913;-1.00;0.00;0.00;0.07573;-0.07592;0.0002073;-5.252E-05;89.92;-0.02;100.25;0.07;100.25;0.07573;0.07592;-0.0001884;-11.207;-11.197;-99.990;0.00;-14.22;
2025-11-24 18:07:55.99;0.00:00:01:964;-1.00;0.00;0.00;0.07572;-0.0759;0.0002502;-6.706E-05;89.91;-0.03;100.24;0.09;100.24;0.07572;0.0759;-0.0001807;-11.208;-11.198;-99.990;0.00;-15.00;
2025-11-24 18:07:56.04;0.00:00:02:015;-1.00;0.00;0.00;0.07575;-0.07593;0.0002074;-6.073E-05;89.92;-0.02;100.24;0.08;100.24;0.07575;0.07594;-0.0001845;-11.206;-11.196;-99.990;0.00;-16.33;
2025-11-24 18:07:56.10;0.00:00:02:072;-1.00;0.00;0.00;0.07592;-0.0761;0.0001914;-7.042E-05;89.93;-0.03;100.24;0.09;100.24;0.07592;0.0761;-0.0001855;-11.197;-11.186;-99.990;0.00;-20.20;
2025-11-24 18:07:56.15;0.00:00:02:124;-1.00;0.00;0.00;0.07584;-0.07602;0.0002058;-6.099E-05;89.92;-0.02;100.23;0.08;100.23;0.07584;0.07602;-0.0001772;-11.201;-11.191;-99.990;0.00;-16.51;
2025-11-24 18:07:56.20;0.00:00:02:171;-1.00;0.00;0.00;0.07581;-0.07598;0.0002164;-7.299E-05;89.92;-0.03;100.23;0.10;100.23;0.07581;0.07598;-0.0001753;-11.203;-11.193;-99.990;0.00;-18.63;
2025-11-24 18:07:56.25;0.00:00:02:215;-1.00;0.00;0.00;0.07581;-0.07596;0.0001953;-6.506E-05;89.93;-0.02;100.21;0.09;100.21;0.07581;0.07596;-0.0001562;-11.203;-11.194;-99.990;0.00;-18.43;
2025-11-24 18:07:56.30;0.00:00:02:267;-1.00;0.00;0.00;0.0758;-0.07597;0.0001821;-5.386E-05;89.93;-0.02;100.23;0.07;100.23;0.0758;0.07597;-0.0001715;-11.203;-11.194;-99.990;0.00;-16.48;
2025-11-24 18:07:56.35;0.00:00:02:318;-1.00;0.00;0.00;0.07583;-0.07602;0.000221;-6.796E-05;89.92;-0.03;100.25;0.09;100.25;0.07583;0.07602;-0.0001888;-11.201;-11.191;-99.990;0.00;-17.10;
2025-11-24 18:07:56.40;0.00:00:02:369;-1.00;0.00;0.00;0.07585;-0.07602;0.0001902;-5.207E-05;89.93;-0.02;100.22;0.07;100.22;0.07585;0.07602;-0.0001659;-11.200;-11.191;-99.990;0.00;-15.31;
2025-11-24 18:07:56.46;0.00:00:02:427;-1.00;0.00;0.00;0.07576;-0.07595;0.0002065;-6.199E-05;89.92;-0.02;100.25;0.08;100.25;0.07576;0.07595;-0.0001885;-11.206;-11.195;-99.990;0.00;-16.71;
2025-11-24 18:07:56.51;0.00:00:02:482;-1.00;0.00;0.00;0.07579;-0.07595;0.0002344;-5.607E-05;89.91;-0.02;100.22;0.07;100.22;0.07579;0.07596;-0.0001666;-11.204;-11.194;-99.990;0.00;-13.45;
2025-11-24 18:07:56.56;0.00:00:02:534;-1.00;0.00;0.00;0.07577;-0.07594;0.000198;-6.997E-05;89.93;-0.03;100.23;0.09;100.23;0.07577;0.07594;-0.000174;-11.205;-11.195;-99.990;0.00;-19.47;
2025-11-24 18:07:56.62;0.00:00:02:586;-1.00;0.00;0.00;0.07578;-0.07595;0.0002259;-6.439E-05;89.91;-0.02;100.23;0.08;100.23;0.07578;0.07595;-0.0001753;-11.205;-11.195;-99.990;0.00;-15.91;
2025-11-24 18:07:56.66;0.00:00:02:632;-1.00;0.00;0.00;0.07573;-0.07591;0.0002269;-8.302E-05;89.91;-0.03;100.23;0.11;100.23;0.07573;0.07591;-0.0001734;-11.207;-11.197;-99.990;0.00;-20.10;
2025-11-24 18:07:56.71;0.00:00:02:679;-1.00;0.00;0.00;0.07571;-0.07587;0.0002028;-2.219E-05;89.92;-0.01;100.22;0.03;100.22;0.07571;0.07588;-0.0001656;-11.208;-11.199;-99.990;0.00;-6.24;
2025-11-24 18:07:56.76;0.00:00:02:729;-1.00;0.00;0.00;0.07576;-0.07593;0.0002494;-5.655E-05;89.91;-0.02;100.22;0.07;100.22;0.07576;0.07593;-0.0001691;-11.205;-11.196;-99.990;0.00;-12.77;
2025-11-24 18:07:56.82;0.00:00:02:789;-1.00;0.00;0.00;0.07597;-0.07613;0.0002085;-3.191E-05;89.92;-0.01;100.21;0.04;100.21;0.07597;0.07614;-0.0001624;-11.193;-11.184;-99.990;0.00;-8.70;
2025-11-24 18:07:56.87;0.00:00:02:837;-1.00;0.00;0.00;0.07596;-0.07615;0.0002025;-5.213E-05;89.92;-0.02;100.25;0.07;100.25;0.07596;0.07615;-0.0001924;-11.194;-11.183;-99.990;0.00;-14.44;
2025-11-24 18:07:56.91;0.00:00:02:883;-1.00;0.00;0.00;0.07592;-0.0761;0.0002198;-5.507E-05;89.92;-0.02;100.24;0.07;100.24;0.07592;0.0761;-0.0001794;-11.196;-11.186;-99.990;0.00;-14.06;
2025-11-24 18:07:56.96;0.00:00:02:929;-1.00;0.00;0.00;0.07601;-0.07617;0.0002408;-5.81E-05;89.91;-0.02;100.21;0.08;100.21;0.07601;0.07617;-0.0001613;-11.191;-11.182;-99.990;0.00;-13.57;
2025-11-24 18:07:57.01;0.00:00:02:978;-1.00;0.00;0.00;0.07602;-0.07617;0.0001835;-5.902E-05;89.93;-0.02;100.20;0.08;100.20;0.07602;0.07617;-0.0001552;-11.191;-11.182;-99.990;0.00;-17.83;
2025-11-24 18:07:57.05;0.00:00:03:024;-1.00;0.00;0.00;0.07599;-0.07619;0.0001987;-4.489E-05;89.93;-0.02;100.26;0.06;100.26;0.07599;0.07619;-0.0002012;-11.193;-11.181;-99.990;0.00;-12.73;
2025-11-24 18:07:57.10;0.00:00:03:071;-1.00;0.00;0.00;0.07595;-0.07612;0.0002366;-6.47E-05;89.91;-0.02;100.22;0.09;100.22;0.07595;0.07612;-0.0001699;-11.194;-11.185;-99.990;0.00;-15.29;
2025-11-24 18:07:57.15;0.00:00:03:119;-1.00;0.00;0.00;0.07604;-0.07622;0.0002031;-3.284E-05;89.92;-0.01;100.24;0.04;100.24;0.07604;0.07622;-0.0001844;-11.190;-11.179;-99.990;0.00;-9.18;
2025-11-24 18:07:57.20;0.00:00:03:166;-1.00;0.00;0.00;0.07593;-0.0761;0.0002186;-5.095E-05;89.92;-0.02;100.24;0.07;100.24;0.07593;0.0761;-0.0001791;-11.196;-11.186;-99.990;0.00;-13.12;
2025-11-24 18:07:57.24;0.00:00:03:212;-1.00;0.00;0.00;0.07575;-0.07592;0.0001894;-5.197E-05;89.93;-0.02;100.22;0.07;100.22;0.07575;0.07592;-0.0001656;-11.206;-11.197;-99.990;0.00;-15.34;
2025-11-24 18:07:57.29;0.00:00:03:258;-1.00;0.00;0.00;0.07573;-0.07589;0.0001779;-4.253E-05;89.93;-0.02;100.21;0.06;100.21;0.07573;0.07589;-0.0001615;-11.208;-11.198;-99.990;0.00;-13.44;
2025-11-24 18:07:57.33;0.00:00:03:305;-1.00;0.00;0.00;0.07572;-0.07587;0.0002202;-6.309E-05;89.92;-0.02;100.20;0.08;100.20;0.07572;0.07587;-0.0001503;-11.208;-11.199;-99.990;0.00;-15.99;
2025-11-24 18:07:57.38;0.00:00:03:352;-1.00;0.00;0.00;0.07565;-0.07583;0.0002501;-7.031E-05;89.91;-0.03;100.24;0.09;100.24;0.07565;0.07583;-0.0001838;-11.212;-11.201;-99.990;0.00;-15.70;
2025-11-24 18:07:57.43;0.00:00:03:400;-1.00;0.00;0.00;0.07575;-0.07595;0.0002308;-5.584E-05;89.91;-0.02;100.26;0.07;100.26;0.07575;0.07595;-0.0002002;-11.206;-11.195;-99.990;0.00;-13.60;
2025-11-24 18:07:57.48;0.00:00:03:446;-1.00;0.00;0.00;0.07574;-0.07594;0.0001817;-4.998E-05;89.93;-0.02;100.25;0.07;100.25;0.07574;0.07594;-0.0001906;-11.206;-11.196;-99.990;0.00;-15.38;
2025-11-24 18:07:57.52;0.00:00:03:493;-1.00;0.00;0.00;0.07576;-0.07595;0.0002156;-4.864E-05;89.92;-0.02;100.25;0.06;100.25;0.07576;0.07595;-0.000192;-11.206;-11.195;-99.990;0.00;-12.71;
2025-11-24 18:07:57.57;0.00:00:03:539;-1.00;0.00;0.00;0.07584;-0.076;0.000206;-6.612E-05;89.92;-0.02;100.20;0.09;100.20;0.07584;0.076;-0.0001543;-11.201;-11.192;-99.990;0.00;-17.80;
2025-11-24 18:07:57.62;0.00:00:03:586;-1.00;0.00;0.00;0.07581;-0.07598;0.0002195;-6.222E-05;89.92;-0.02;100.22;0.08;100.22;0.07581;0.07598;-0.0001698;-11.203;-11.193;-99.990;0.00;-15.83;
2025-11-24 18:07:57.66;0.00:00:03:634;-1.00;0.00;0.00;0.0758;-0.07597;0.000179;-6.232E-05;89.93;-0.02;100.22;0.08;100.22;0.0758;0.07597;-0.00017;-11.203;-11.193;-99.990;0.00;-19.19;
2025-11-24 18:07:57.71;0.00:00:03:680;-1.00;0.00;0.00;0.07579;-0.07596;0.000229;-3.787E-05;89.91;-0.01;100.22;0.05;100.22;0.07579;0.07596;-0.0001678;-11.204;-11.194;-99.990;0.00;-9.39;
2025-11-24 18:07:57.76;0.00:00:03:727;-1.00;0.00;0.00;0.07595;-0.07613;0.0002367;-6.743E-05;89.91;-0.03;100.24;0.09;100.24;0.07595;0.07613;-0.0001857;-11.195;-11.184;-99.990;0.00;-15.90;
2025-11-24 18:07:57.80;0.00:00:03:774;-1.00;0.00;0.00;0.07603;-0.07621;0.0001958;-6.588E-05;89.93;-0.02;100.24;0.09;100.24;0.07603;0.07621;-0.0001804;-11.190;-11.180;-99.990;0.00;-18.60;
2025-11-24 18:07:57.85;0.00:00:03:820;-1.00;0.00;0.00;0.07619;-0.07636;0.0002242;-4.907E-05;89.92;-0.02;100.23;0.06;100.23;0.07619;0.07636;-0.0001715;-11.181;-11.171;-99.990;0.00;-12.34;
2025-11-24 18:07:57.90;0.00:00:03:870;-1.00;0.00;0.00;0.07613;-0.0763;0.0002025;-3.929E-05;89.92;-0.01;100.22;0.05;100.22;0.07613;0.0763;-0.0001679;-11.184;-11.175;-99.990;0.00;-10.98;
2025-11-24 18:07:57.96;0.00:00:03:930;-1.00;0.00;0.00;0.07599;-0.07617;0.0002426;-6.268E-05;89.91;-0.02;100.24;0.08;100.24;0.07599;0.07617;-0.0001855;-11.193;-11.182;-99.990;0.00;-14.49;
2025-11-24 18:07:58.01;0.00:00:03:976;-1.00;0.00;0.00;0.07599;-0.07618;0.0001762;-3.987E-05;89.93;-0.01;100.25;0.05;100.25;0.07599;0.07618;-0.0001893;-11.192;-11.182;-99.990;0.00;-12.75;
2025-11-24 18:07:58.05;0.00:00:04:023;-1.00;0.00;0.00;0.07587;-0.07604;0.0001985;-6.093E-05;89.93;-0.02;100.23;0.08;100.23;0.07587;0.07604;-0.0001712;-11.199;-11.190;-99.990;0.00;-17.06;
2025-11-24 18:07:58.10;0.00:00:04:069;-1.00;0.00;0.00;0.07591;-0.0761;0.0002239;-4.445E-05;89.92;-0.02;100.25;0.06;100.25;0.07591;0.0761;-0.0001916;-11.197;-11.186;-99.990;0.00;-11.23;
2025-11-24 18:07:58.15;0.00:00:04:116;-1.00;0.00;0.00;0.07596;-0.07612;0.0002523;-4.302E-05;89.91;-0.02;100.22;0.06;100.22;0.07596;0.07612;-0.0001679;-11.194;-11.185;-99.990;0.00;-9.68;
2025-11-24 18:07:58.19;0.00:00:04:163;-1.00;0.00;0.00;0.07595;-0.07612;0.0002104;-5.89E-05;89.92;-0.02;100.22;0.08;100.22;0.07595;0.07612;-0.0001646;-11.195;-11.185;-99.990;0.00;-15.64;
2025-11-24 18:07:58.24;0.00:00:04:209;-1.00;0.00;0.00;0.07607;-0.07625;0.0002276;-5.019E-05;89.91;-0.02;100.24;0.07;100.24;0.07607;0.07625;-0.0001853;-11.188;-11.178;-99.990;0.00;-12.44;
2025-11-24 18:07:58.29;0.00:00:04:257;-1.00;0.00;0.00;0.07607;-0.07623;0.0001696;-3.858E-05;89.94;-0.01;100.21;0.05;100.21;0.07607;0.07623;-0.000161;-11.188;-11.179;-99.990;0.00;-12.82;
2025-11-24 18:07:58.33;0.00:00:04:303;-1.00;0.00;0.00;0.07597;-0.07618;0.0002074;-6.337E-05;89.92;-0.02;100.27;0.08;100.27;0.07597;0.07618;-0.0002082;-11.193;-11.182;-99.990;0.00;-16.99;
2025-11-24 18:07:58.38;0.00:00:04:350;-1.00;0.00;0.00;0.07598;-0.07618;0.0002254;-3.858E-05;89.92;-0.01;100.26;0.05;100.26;0.07598;0.07618;-0.0001988;-11.193;-11.182;-99.990;0.00;-9.71;
2025-11-24 18:07:58.43;0.00:00:04:396;-1.00;0.00;0.00;0.07591;-0.07608;0.0001711;-5.116E-05;89.94;-0.02;100.23;0.07;100.23;0.07591;0.07608;-0.0001718;-11.197;-11.187;-99.990;0.00;-16.65;
2025-11-24 18:07:58.47;0.00:00:04:444;-1.00;0.00;0.00;0.07591;-0.07609;0.0002146;-5.482E-05;89.92;-0.02;100.24;0.07;100.24;0.07591;0.07609;-0.0001791;-11.197;-11.187;-99.990;0.00;-14.33;
2025-11-24 18:07:58.52;0.00:00:04:491;-1.00;0.00;0.00;0.07587;-0.07603;0.0002259;-4.342E-05;89.91;-0.02;100.21;0.06;100.21;0.07587;0.07603;-0.0001618;-11.199;-11.190;-99.990;0.00;-10.88;
2025-11-24 18:07:58.57;0.00:00:04:537;-1.00;0.00;0.00;0.07586;-0.07605;0.0002434;-3.752E-05;89.91;-0.01;100.25;0.05;100.25;0.07586;0.07605;-0.0001913;-11.200;-11.189;-99.990;0.00;-8.76;
2025-11-24 18:07:58.61;0.00:00:04:584;-1.00;0.00;0.00;0.07584;-0.07602;0.0002208;-4.578E-05;89.92;-0.02;100.23;0.06;100.23;0.07584;0.07602;-0.0001745;-11.201;-11.191;-99.990;0.00;-11.71;
2025-11-24 18:07:58.66;0.00:00:04:630;-1.00;0.00;0.00;0.07582;-0.076;0.0002396;-6.942E-05;89.91;-0.03;100.25;0.09;100.25;0.07582;0.07601;-0.0001892;-11.202;-11.192;-99.990;0.00;-16.16;
2025-11-24 18:07:58.71;0.00:00:04:677;-1.00;0.00;0.00;0.07581;-0.07598;0.0001976;-4.161E-05;89.93;-0.02;100.23;0.05;100.23;0.07581;0.07598;-0.0001716;-11.203;-11.193;-99.990;0.00;-11.89;
2025-11-24 18:07:58.75;0.00:00:04:724;-1.00;0.00;0.00;0.07592;-0.07611;0.0002246;-5.833E-05;89.92;-0.02;100.24;0.08;100.24;0.07592;0.07611;-0.0001809;-11.196;-11.186;-99.990;0.00;-14.56;
2025-11-24 18:07:58.80;0.00:00:04:770;-1.00;0.00;0.00;0.07601;-0.0762;0.0002071;-5.133E-05;89.92;-0.02;100.25;0.07;100.25;0.07601;0.0762;-0.0001876;-11.191;-11.181;-99.990;0.00;-13.92;
2025-11-24 18:07:58.85;0.00:00:04:817;-1.00;0.00;0.00;0.07592;-0.07608;0.000208;-3.328E-05;89.92;-0.01;100.21;0.04;100.21;0.07592;0.07608;-0.0001582;-11.196;-11.187;-99.990;0.00;-9.09;
2025-11-24 18:07:58.89;0.00:00:04:864;-1.00;0.00;0.00;0.07565;-0.07583;0.0001887;-7.06E-05;89.93;-0.03;100.23;0.09;100.23;0.07565;0.07583;-0.0001764;-11.212;-11.202;-99.990;0.00;-20.51;
2025-11-24 18:07:58.94;0.00:00:04:911;-1.00;0.00;0.00;0.07566;-0.07583;0.0002383;-4.514E-05;89.91;-0.02;100.22;0.06;100.22;0.07566;0.07583;-0.0001662;-11.211;-11.202;-99.990;0.00;-10.73;
2025-11-24 18:07:58.99;0.00:00:04:957;-1.00;0.00;0.00;0.07576;-0.07595;0.0002165;-6.801E-05;89.92;-0.03;100.25;0.09;100.25;0.07576;0.07595;-0.0001892;-11.205;-11.195;-99.990;0.00;-17.44;
2025-11-24 18:07:59.03;0.00:00:05:004;-1.00;0.00;0.00;0.07579;-0.07598;0.0002292;-5.326E-05;89.91;-0.02;100.25;0.07;100.25;0.07579;0.07598;-0.0001887;-11.204;-11.193;-99.990;0.00;-13.08;
2025-11-24 18:07:59.08;0.00:00:05:054;-1.00;0.00;0.00;0.07591;-0.07611;0.0002424;-4.73E-05;89.91;-0.02;100.26;0.06;100.26;0.07591;0.07611;-0.0001962;-11.197;-11.186;-99.990;0.00;-11.04;
2025-11-24 18:07:59.14;0.00:00:05:114;-1.00;0.00;0.00;0.0759;-0.07608;0.0002233;-5.122E-05;89.92;-0.02;100.24;0.07;100.24;0.0759;0.07608;-0.0001819;-11.197;-11.187;-99.990;0.00;-12.92;
2025-11-24 18:07:59.19;0.00:00:05:160;-1.00;0.00;0.00;0.07586;-0.07604;0.0002038;-4.49E-05;89.92;-0.02;100.25;0.06;100.25;0.07586;0.07604;-0.0001867;-11.200;-11.189;-99.990;0.00;-12.42;
2025-11-24 18:07:59.24;0.00:00:05:207;-1.00;0.00;0.00;0.07576;-0.07594;0.0002459;-5.751E-05;89.91;-0.02;100.24;0.08;100.24;0.07576;0.07594;-0.0001826;-11.206;-11.195;-99.990;0.00;-13.16;
2025-11-24 18:07:59.28;0.00:00:05:254;-1.00;0.00;0.00;0.07583;-0.07601;0.0002235;-6.342E-05;89.92;-0.02;100.24;0.08;100.24;0.07583;0.07601;-0.0001809;-11.202;-11.191;-99.990;0.00;-15.84;
2025-11-24 18:07:59.34;0.00:00:05:315;-1.00;0.00;0.00;0.07601;-0.07619;0.0002413;-5.383E-05;89.91;-0.02;100.23;0.07;100.23;0.07601;0.07619;-0.0001751;-11.191;-11.181;-99.990;0.00;-12.58;
2025-11-24 18:07:59.39;0.00:00:05:362;-1.00;0.00;0.00;0.076;-0.07618;0.0002249;-4.126E-05;89.92;-0.02;100.24;0.05;100.24;0.076;0.07618;-0.0001803;-11.192;-11.182;-99.990;0.00;-10.39;
2025-11-24 18:07:59.44;0.00:00:05:408;-1.00;0.00;0.00;0.0758;-0.07595;0.0001846;-4.483E-05;89.93;-0.02;100.20;0.06;100.20;0.0758;0.07595;-0.000148;-11.203;-11.195;-99.990;0.00;-13.65;
2025-11-24 18:07:59.48;0.00:00:05:454;-1.00;0.00;0.00;0.07587;-0.07604;0.0001869;-4.599E-05;89.93;-0.02;100.22;0.06;100.22;0.07587;0.07604;-0.0001699;-11.199;-11.190;-99.990;0.00;-13.82;
2025-11-24 18:07:59.55;0.00:00:05:517;-1.00;0.00;0.00;0.076;-0.07618;0.0002045;-4.965E-05;89.92;-0.02;100.24;0.07;100.24;0.076;0.07618;-0.0001827;-11.192;-11.182;-99.990;0.00;-13.65;
2025-11-24 18:07:59.59;0.00:00:05:565;-1.00;0.00;0.00;0.07595;-0.07612;0.0001945;-6.486E-05;89.93;-0.02;100.23;0.09;100.23;0.07595;0.07612;-0.000176;-11.195;-11.185;-99.990;0.00;-18.44;
2025-11-24 18:07:59.64;0.00:00:05:611;-1.00;0.00;0.00;0.07585;-0.07602;0.0002007;-8.482E-05;89.92;-0.03;100.22;0.11;100.22;0.07585;0.07602;-0.0001694;-11.200;-11.191;-99.990;0.00;-22.91;
2025-11-24 18:07:59.69;0.00:00:05:662;-1.00;0.00;0.00;0.07581;-0.07598;0.0002143;-3.807E-05;89.92;-0.01;100.22;0.05;100.22;0.07581;0.07598;-0.0001688;-11.203;-11.193;-99.990;0.00;-10.07;
2025-11-24 18:07:59.75;0.00:00:05:720;-1.00;0.00;0.00;0.07594;-0.07614;0.0002667;-7.488E-05;89.90;-0.03;100.26;0.10;100.26;0.07594;0.07614;-0.0001946;-11.195;-11.184;-99.990;0.00;-15.68;
2025-11-24 18:07:59.80;0.00:00:05:768;-1.00;0.00;0.00;0.07599;-0.07618;0.0002202;-6.338E-05;89.92;-0.02;100.25;0.08;100.25;0.07599;0.07618;-0.0001875;-11.192;-11.182;-99.990;0.00;-16.06;
2025-11-24 18:07:59.84;0.00:00:05:815;-1.00;0.00;0.00;0.07588;-0.07609;0.0002307;-5.362E-05;89.91;-0.02;100.27;0.07;100.27;0.07588;0.07609;-0.0002044;-11.198;-11.187;-99.990;0.00;-13.08;
2025-11-24 18:07:59.89;0.00:00:05:862;-1.00;0.00;0.00;0.07582;-0.07598;0.0001797;-5.977E-05;89.93;-0.02;100.22;0.08;100.22;0.07582;0.07598;-0.0001639;-11.202;-11.193;-99.990;0.00;-18.40;
2025-11-24 18:07:59.94;0.00:00:05:908;-1.00;0.00;0.00;0.07589;-0.07606;0.0002272;-4.088E-05;89.91;-0.02;100.22;0.05;100.22;0.07589;0.07606;-0.0001699;-11.198;-11.188;-99.990;0.00;-10.20;
2025-11-24 18:07:59.98;0.00:00:05:955;-1.00;0.00;0.00;0.07584;-0.07602;0.0002143;-6.747E-05;89.92;-0.03;100.23;0.09;100.23;0.07584;0.07602;-0.0001769;-11.201;-11.191;-99.990;0.00;-17.48;
2025-11-24 18:08:00.03;0.00:00:06:001;-1.00;0.00;0.00;0.0758;-0.07597;0.0002053;-4.361E-05;89.92;-0.02;100.22;0.06;100.22;0.0758;0.07597;-0.0001674;-11.203;-11.194;-99.990;0.00;-11.99;
2025-11-24 18:08:00.08;0.00:00:06:048;-1.00;0.00;0.00;0.07587;-0.07605;0.0001849;-3.447E-05;89.93;-0.01;100.24;0.05;100.24;0.07587;0.07605;-0.000181;-11.199;-11.189;-99.990;0.00;-10.56;
2025-11-24 18:08:00.13;0.00:00:06:096;-1.00;0.00;0.00;0.07586;-0.07604;0.0002291;-5.328E-05;89.91;-0.02;100.24;0.07;100.24;0.07586;0.07604;-0.0001815;-11.200;-11.189;-99.990;0.00;-13.09;
2025-11-24 18:08:00.19;0.00:00:06:156;-1.00;0.00;0.00;0.07588;-0.07605;0.0002559;-4.809E-05;89.90;-0.02;100.22;0.06;100.22;0.07588;0.07605;-0.0001654;-11.198;-11.189;-99.990;0.00;-10.64;
2025-11-24 18:08:00.23;0.00:00:06:203;-1.00;0.00;0.00;0.07592;-0.07607;0.0002313;-3.316E-05;89.91;-0.01;100.20;0.04;100.20;0.07592;0.07607;-0.000153;-11.197;-11.188;-99.990;0.00;-8.16;
2025-11-24 18:08:00.28;0.00:00:06:250;-1.00;0.00;0.00;0.07587;-0.07605;0.0001922;-4.893E-05;89.93;-0.02;100.24;0.06;100.24;0.07587;0.07605;-0.0001835;-11.199;-11.189;-99.990;0.00;-14.29;
2025-11-24 18:08:00.33;0.00:00:06:296;-1.00;0.00;0.00;0.07584;-0.07601;0.0001895;-3.886E-05;89.93;-0.01;100.22;0.05;100.22;0.07584;0.07601;-0.0001693;-11.201;-11.191;-99.990;0.00;-11.59;
2025-11-24 18:08:00.37;0.00:00:06:344;-1.00;0.00;0.00;0.0759;-0.07607;0.0002176;-6.39E-05;89.92;-0.02;100.22;0.08;100.22;0.0759;0.07607;-0.0001634;-11.197;-11.188;-99.990;0.00;-16.37;
2025-11-24 18:08:00.42;0.00:00:06:390;-1.00;0.00;0.00;0.07594;-0.07613;0.000215;-4.205E-05;89.92;-0.02;100.24;0.06;100.24;0.07594;0.07613;-0.000183;-11.195;-11.185;-99.990;0.00;-11.07;
2025-11-24 18:08:00.47;0.00:00:06:437;-1.00;0.00;0.00;0.07599;-0.07617;0.0002322;-7.452E-05;89.91;-0.03;100.23;0.10;100.23;0.07599;0.07617;-0.0001779;-11.193;-11.182;-99.990;0.00;-17.79;
2025-11-24 18:08:00.51;0.00:00:06:484;-1.00;0.00;0.00;0.07608;-0.07625;0.0002132;-4.684E-05;89.92;-0.02;100.23;0.06;100.23;0.07608;0.07625;-0.0001719;-11.188;-11.178;-99.990;0.00;-12.39;
2025-11-24 18:08:00.56;0.00:00:06:529;-1.00;0.00;0.00;0.07594;-0.07612;0.0002534;-3.984E-05;89.90;-0.01;100.24;0.05;100.23;0.07594;0.07612;-0.0001785;-11.195;-11.185;-99.990;0.00;-8.94;
2025-11-24 18:08:00.61;0.00:00:06:576;-1.00;0.00;0.00;0.07594;-0.07611;0.0002014;-5.302E-05;89.92;-0.02;100.21;0.07;100.21;0.07594;0.07611;-0.0001623;-11.195;-11.186;-99.990;0.00;-14.75;
2025-11-24 18:08:00.66;0.00:00:06:630;-1.00;0.00;0.00;0.0759;-0.07607;0.0002308;-6.975E-05;89.91;-0.03;100.22;0.09;100.22;0.0759;0.07607;-0.000166;-11.197;-11.188;-99.990;0.00;-16.81;
2025-11-24 18:08:00.71;0.00:00:06:676;-1.00;0.00;0.00;0.07583;-0.07598;0.0001836;-6.232E-05;89.93;-0.02;100.21;0.08;100.21;0.07583;0.07598;-0.0001591;-11.202;-11.193;-99.990;0.00;-18.75;
2025-11-24 18:08:00.76;0.00:00:06:726;-1.00;0.00;0.00;0.07588;-0.07604;0.0002154;-6.247E-05;89.92;-0.02;100.22;0.08;100.22;0.07588;0.07604;-0.0001681;-11.199;-11.189;-99.990;0.00;-16.17;
2025-11-24 18:08:00.81;0.00:00:06:777;-1.00;0.00;0.00;0.07587;-0.07606;0.0002552;-5.739E-05;89.90;-0.02;100.25;0.08;100.25;0.07587;0.07606;-0.0001917;-11.199;-11.188;-99.990;0.00;-12.68;
2025-11-24 18:08:00.87;0.00:00:06:838;-1.00;0.00;0.00;0.07575;-0.0759;0.0002323;-6.339E-05;89.91;-0.02;100.20;0.08;100.20;0.07575;0.0759;-0.0001539;-11.206;-11.197;-99.990;0.00;-15.26;
2025-11-24 18:08:00.92;0.00:00:06:889;-1.00;0.00;0.00;0.07584;-0.07603;0.000231;-4.969E-05;89.91;-0.02;100.25;0.07;100.25;0.07584;0.07604;-0.0001912;-11.201;-11.190;-99.990;0.00;-12.14;
2025-11-24 18:08:00.97;0.00:00:06:940;-1.00;0.00;0.00;0.0758;-0.07598;0.0002119;-4.241E-05;89.92;-0.02;100.23;0.06;100.23;0.0758;0.07598;-0.0001765;-11.203;-11.193;-99.990;0.00;-11.32;
2025-11-24 18:08:01.03;0.00:00:06:997;-1.00;0.00;0.00;0.0756;-0.07577;0.0002055;-4.57E-05;89.92;-0.02;100.22;0.06;100.22;0.0756;0.07577;-0.000166;-11.215;-11.205;-99.990;0.00;-12.53;
2025-11-24 18:08:01.07;0.00:00:07:044;-1.00;0.00;0.00;0.07574;-0.07591;0.0002213;-4.608E-05;89.92;-0.02;100.22;0.06;100.22;0.07574;0.07591;-0.0001652;-11.206;-11.197;-99.990;0.00;-11.76;
2025-11-24 18:08:01.13;0.00:00:07:100;-1.00;0.00;0.00;0.0758;-0.07596;0.0002307;-6.285E-05;89.91;-0.02;100.21;0.08;100.21;0.0758;0.07597;-0.0001625;-11.203;-11.194;-99.990;0.00;-15.24;
2025-11-24 18:08:01.18;0.00:00:07:155;-1.00;0.00;0.00;0.07594;-0.07613;0.0002173;-5.802E-05;89.92;-0.02;100.25;0.08;100.25;0.07594;0.07613;-0.0001872;-11.195;-11.184;-99.990;0.00;-14.95;
2025-11-24 18:08:01.25;0.00:00:07:218;-1.00;0.00;0.00;0.076;-0.07619;0.0002634;-5.885E-05;89.90;-0.02;100.25;0.08;100.25;0.076;0.07619;-0.0001898;-11.192;-11.181;-99.990;0.00;-12.60;
2025-11-24 18:08:01.30;0.00:00:07:269;-1.00;0.00;0.00;0.07598;-0.07616;0.0002171;-4.854E-05;89.92;-0.02;100.25;0.06;100.25;0.07598;0.07616;-0.0001872;-11.193;-11.182;-99.990;0.00;-12.60;
2025-11-24 18:08:01.35;0.00:00:07:320;-1.00;0.00;0.00;0.0758;-0.07597;0.000207;-4.149E-05;89.92;-0.02;100.22;0.05;100.22;0.0758;0.07597;-0.0001683;-11.203;-11.194;-99.990;0.00;-11.34;
2025-11-24 18:08:01.40;0.00:00:07:371;-1.00;0.00;0.00;0.07581;-0.07599;0.0002119;-5.553E-05;89.92;-0.02;100.23;0.07;100.23;0.07581;0.07599;-0.0001744;-11.203;-11.193;-99.990;0.00;-14.69;
2025-11-24 18:08:01.46;0.00:00:07:433;-1.00;0.00;0.00;0.07575;-0.07593;0.0001937;-4.353E-05;89.93;-0.02;100.24;0.06;100.24;0.07575;0.07593;-0.0001803;-11.206;-11.196;-99.990;0.00;-12.67;
2025-11-24 18:08:01.51;0.00:00:07:484;-1.00;0.00;0.00;0.07568;-0.07584;0.0002059;-6.204E-05;89.92;-0.02;100.21;0.08;100.21;0.07568;0.07584;-0.0001589;-11.210;-11.201;-99.990;0.00;-16.77;
2025-11-24 18:08:01.56;0.00:00:07:534;-1.00;0.00;0.00;0.07564;-0.0758;0.0002085;-3.908E-05;89.92;-0.01;100.21;0.05;100.21;0.07564;0.0758;-0.0001613;-11.213;-11.203;-99.990;0.00;-10.62;
2025-11-24 18:08:01.61;0.00:00:07:585;-1.00;0.00;0.00;0.07568;-0.07584;0.0001766;-4.638E-05;89.93;-0.02;100.21;0.06;100.21;0.07568;0.07584;-0.0001619;-11.210;-11.201;-99.990;0.00;-14.71;
2025-11-24 18:08:01.67;0.00:00:07:636;-1.00;0.00;0.00;0.07573;-0.07592;0.0002011;-5.658E-05;89.92;-0.02;100.24;0.07;100.24;0.07573;0.07592;-0.0001837;-11.207;-11.197;-99.990;0.00;-15.71;
2025-11-24 18:08:01.73;0.00:00:07:697;-1.00;0.00;0.00;0.07562;-0.07577;0.0002177;-5.211E-05;89.92;-0.02;100.20;0.07;100.20;0.07562;0.07577;-0.0001497;-11.214;-11.205;-99.990;0.00;-13.46;
2025-11-24 18:08:01.78;0.00:00:07:748;-1.00;0.00;0.00;0.07567;-0.07585;0.0002347;-4.047E-05;89.91;-0.02;100.24;0.05;100.24;0.07567;0.07585;-0.0001831;-11.211;-11.201;-99.990;0.00;-9.78;
2025-11-24 18:08:01.84;0.00:00:07:809;-1.00;0.00;0.00;0.07581;-0.07599;0.000252;-4.154E-05;89.90;-0.02;100.24;0.05;100.24;0.07581;0.07599;-0.0001802;-11.203;-11.193;-99.990;0.00;-9.36;
2025-11-24 18:08:01.89;0.00:00:07:860;-1.00;0.00;0.00;0.07581;-0.07597;0.000207;-5.345E-05;89.92;-0.02;100.21;0.07;100.21;0.07581;0.07597;-0.0001593;-11.203;-11.194;-99.990;0.00;-14.48;
2025-11-24 18:08:01.94;0.00:00:07:911;-1.00;0.00;0.00;0.07591;-0.07609;0.0002342;-6.603E-05;89.91;-0.02;100.24;0.09;100.24;0.07591;0.07609;-0.000182;-11.197;-11.187;-99.990;0.00;-15.74;
2025-11-24 18:08:01.99;0.00:00:07:961;-1.00;0.00;0.00;0.07615;-0.07632;0.0002118;-6.45E-05;89.92;-0.02;100.23;0.08;100.23;0.07615;0.07632;-0.0001741;-11.183;-11.174;-99.990;0.00;-16.94;
2025-11-24 18:08:02.04;0.00:00:08:013;-1.00;0.00;0.00;0.07617;-0.07634;0.0002039;-3.295E-05;89.92;-0.01;100.23;0.04;100.23;0.07617;0.07634;-0.0001755;-11.182;-11.172;-99.990;0.00;-9.18;
2025-11-24 18:08:02.09;0.00:00:08:064;-1.00;0.00;0.00;0.07606;-0.07624;0.0002074;-4.632E-05;89.92;-0.02;100.23;0.06;100.23;0.07606;0.07624;-0.0001777;-11.189;-11.178;-99.990;0.00;-12.59;
2025-11-24 18:08:02.14;0.00:00:08:115;-1.00;0.00;0.00;0.07599;-0.07616;0.0002285;-5.886E-05;89.91;-0.02;100.23;0.08;100.23;0.07599;0.07616;-0.000174;-11.192;-11.182;-99.990;0.00;-14.44;
2025-11-24 18:08:02.21;0.00:00:08:176;-1.00;0.00;0.00;0.07589;-0.07607;0.0002247;-4.768E-05;89.92;-0.02;100.23;0.06;100.23;0.07589;0.07607;-0.0001761;-11.198;-11.188;-99.990;0.00;-11.98;
2025-11-24 18:08:02.25;0.00:00:08:224;-1.00;0.00;0.00;0.07578;-0.07597;0.0002105;-6.289E-05;89.92;-0.02;100.25;0.08;100.25;0.07578;0.07597;-0.0001927;-11.205;-11.194;-99.990;0.00;-16.64;
2025-11-24 18:08:02.31;0.00:00:08:280;-1.00;0.00;0.00;0.07583;-0.07601;0.0001832;-5.644E-05;89.93;-0.02;100.23;0.07;100.23;0.07583;0.07601;-0.0001765;-11.202;-11.192;-99.990;0.00;-17.12;
2025-11-24 18:08:02.36;0.00:00:08:330;-1.00;0.00;0.00;0.07596;-0.07613;0.0002338;-4.73E-05;89.91;-0.02;100.23;0.06;100.23;0.07596;0.07613;-0.0001749;-11.194;-11.184;-99.990;0.00;-11.44;
2025-11-24 18:08:02.41;0.00:00:08:381;-1.00;0.00;0.00;0.07596;-0.07614;0.0002621;-4.859E-05;89.90;-0.02;100.23;0.06;100.23;0.07596;0.07614;-0.0001725;-11.194;-11.184;-99.990;0.00;-10.50;
2025-11-24 18:08:02.46;0.00:00:08:431;-1.00;0.00;0.00;0.07583;-0.076;0.0001911;-4.292E-05;89.93;-0.02;100.23;0.06;100.23;0.07583;0.076;-0.0001707;-11.202;-11.192;-99.990;0.00;-12.66;
2025-11-24 18:08:02.51;0.00:00:08:482;-1.00;0.00;0.00;0.07574;-0.07593;0.0002099;-4.613E-05;89.92;-0.02;100.26;0.06;100.26;0.07574;0.07593;-0.0001972;-11.207;-11.196;-99.990;0.00;-12.39;
2025-11-24 18:08:02.56;0.00:00:08:533;-1.00;0.00;0.00;0.07564;-0.07581;0.000209;-4.286E-05;89.92;-0.02;100.22;0.06;100.22;0.07564;0.07581;-0.0001661;-11.212;-11.203;-99.990;0.00;-11.59;
2025-11-24 18:08:02.61;0.00:00:08:584;-1.00;0.00;0.00;0.07569;-0.07587;0.0002063;-4.183E-05;89.92;-0.02;100.24;0.06;100.24;0.07569;0.07587;-0.0001854;-11.210;-11.199;-99.990;0.00;-11.46;
2025-11-24 18:08:02.66;0.00:00:08:635;-1.00;0.00;0.00;0.07564;-0.0758;0.0001885;-4.746E-05;89.93;-0.02;100.22;0.06;100.22;0.07564;0.0758;-0.0001633;-11.213;-11.203;-99.990;0.00;-14.13;
2025-11-24 18:08:02.72;0.00:00:08:686;-1.00;0.00;0.00;0.07557;-0.07575;0.0001797;-5.891E-05;89.93;-0.02;100.23;0.08;100.23;0.07557;0.07575;-0.000172;-11.216;-11.206;-99.990;0.00;-18.15;
2025-11-24 18:08:02.77;0.00:00:08:737;-1.00;0.00;0.00;0.07557;-0.07576;0.0002225;-5.635E-05;89.92;-0.02;100.25;0.07;100.25;0.07557;0.07576;-0.0001907;-11.216;-11.205;-99.990;0.00;-14.21;
2025-11-24 18:08:02.82;0.00:00:08:786;-1.00;0.00;0.00;0.07567;-0.07587;0.0002503;-4.425E-05;89.91;-0.02;100.26;0.06;100.26;0.07567;0.07587;-0.000198;-11.211;-11.199;-99.990;0.00;-10.03;
2025-11-24 18:08:02.87;0.00:00:08:840;-1.00;0.00;0.00;0.07576;-0.07593;0.0002057;-2.948E-05;89.92;-0.01;100.23;0.04;100.23;0.07576;0.07593;-0.0001715;-11.206;-11.196;-99.990;0.00;-8.16;
2025-11-24 18:08:02.92;0.00:00:08:891;-1.00;0.00;0.00;0.07572;-0.07589;0.000233;-5.402E-05;89.91;-0.02;100.22;0.07;100.22;0.07572;0.07589;-0.0001691;-11.208;-11.198;-99.990;0.00;-13.05;
2025-11-24 18:08:02.97;0.00:00:08:942;-1.00;0.00;0.00;0.0758;-0.07599;0.0001751;-6.431E-05;89.93;-0.02;100.24;0.08;100.24;0.0758;0.07599;-0.0001855;-11.203;-11.192;-99.990;0.00;-20.16;
2025-11-24 18:08:03.02;0.00:00:08:993;-1.00;0.00;0.00;0.07578;-0.07596;0.0002015;-4.694E-05;89.92;-0.02;100.23;0.06;100.23;0.07578;0.07596;-0.0001723;-11.204;-11.194;-99.990;0.00;-13.11;
2025-11-24 18:08:03.09;0.00:00:09:056;-1.00;0.00;0.00;0.07576;-0.07595;0.0002188;-6.508E-05;89.92;-0.02;100.25;0.09;100.25;0.07576;0.07595;-0.000188;-11.206;-11.195;-99.990;0.00;-16.56;
2025-11-24 18:08:03.14;0.00:00:09:105;-1.00;0.00;0.00;0.07586;-0.07601;0.0002364;-4.838E-05;89.91;-0.02;100.20;0.06;100.20;0.07586;0.07601;-0.0001527;-11.200;-11.191;-99.990;0.00;-11.56;
2025-11-24 18:08:03.19;0.00:00:09:156;-1.00;0.00;0.00;0.07588;-0.07607;0.0001831;-5.304E-05;89.93;-0.02;100.26;0.07;100.26;0.07588;0.07607;-0.0001938;-11.199;-11.188;-99.990;0.00;-16.16;
2025-11-24 18:08:03.23;0.00:00:09:205;-1.00;0.00;0.00;0.07586;-0.07602;0.0001589;-4.39E-05;89.94;-0.02;100.22;0.06;100.22;0.07586;0.07602;-0.0001667;-11.200;-11.190;-99.990;0.00;-15.44;
2025-11-24 18:08:03.29;0.00:00:09:258;-1.00;0.00;0.00;0.07579;-0.07599;0.0002073;-7.98E-05;89.92;-0.03;100.26;0.11;100.26;0.07579;0.07599;-0.0001955;-11.204;-11.193;-99.990;0.00;-21.05;
2025-11-24 18:08:03.34;0.00:00:09:309;-1.00;0.00;0.00;0.07587;-0.07605;0.0002165;-4.618E-05;89.92;-0.02;100.24;0.06;100.24;0.07587;0.07605;-0.0001788;-11.199;-11.189;-99.990;0.00;-12.04;
2025-11-24 18:08:03.39;0.00:00:09:361;-1.00;0.00;0.00;0.07591;-0.07608;0.0002219;-4.972E-05;89.92;-0.02;100.23;0.07;100.23;0.07591;0.07608;-0.0001722;-11.197;-11.187;-99.990;0.00;-12.63;
2025-11-24 18:08:03.44;0.00:00:09:411;-1.00;0.00;0.00;0.07615;-0.07633;0.0002173;-4.381E-05;89.92;-0.02;100.23;0.06;100.23;0.07615;0.07633;-0.0001762;-11.183;-11.173;-99.990;0.00;-11.40;
2025-11-24 18:08:03.50;0.00:00:09:471;-1.00;0.00;0.00;0.07603;-0.0762;0.0002134;-4.869E-05;89.92;-0.02;100.23;0.06;100.23;0.07603;0.0762;-0.0001719;-11.190;-11.180;-99.990;0.00;-12.85;
2025-11-24 18:08:03.55;0.00:00:09:522;-1.00;0.00;0.00;0.07579;-0.07595;0.0001681;-4.15E-05;89.94;-0.02;100.22;0.05;100.22;0.07579;0.07595;-0.000166;-11.204;-11.195;-99.990;0.00;-13.87;
2025-11-24 18:08:03.61;0.00:00:09:579;-1.00;0.00;0.00;0.07587;-0.07603;0.0001965;-5.725E-05;89.93;-0.02;100.21;0.08;100.21;0.07587;0.07603;-0.0001577;-11.199;-11.190;-99.990;0.00;-16.24;
2025-11-24 18:08:03.65;0.00:00:09:625;-1.00;0.00;0.00;0.07587;-0.07605;0.0002125;-5.839E-05;89.92;-0.02;100.24;0.08;100.24;0.07587;0.07605;-0.000179;-11.199;-11.189;-99.990;0.00;-15.36;
2025-11-24 18:08:03.71;0.00:00:09:676;-1.00;0.00;0.00;0.07593;-0.07612;0.0002202;-6.069E-05;89.92;-0.02;100.26;0.08;100.26;0.07593;0.07612;-0.0001948;-11.196;-11.185;-99.990;0.00;-15.41;
2025-11-24 18:08:03.77;0.00:00:09:738;-1.00;0.00;0.00;0.07594;-0.07614;0.0001732;-4.469E-05;89.93;-0.02;100.26;0.06;100.26;0.07594;0.07614;-0.0001942;-11.195;-11.184;-99.990;0.00;-14.47;
2025-11-24 18:08:03.82;0.00:00:09:789;-1.00;0.00;0.00;0.07585;-0.07604;0.0001901;-4.122E-05;89.93;-0.02;100.25;0.05;100.25;0.07585;0.07604;-0.0001863;-11.200;-11.190;-99.990;0.00;-12.23;
2025-11-24 18:08:03.87;0.00:00:09:841;-1.00;0.00;0.00;0.07582;-0.07599;0.0001949;-5.419E-05;89.93;-0.02;100.23;0.07;100.23;0.07582;0.07599;-0.0001731;-11.202;-11.192;-99.990;0.00;-15.54;
2025-11-24 18:08:03.92;0.00:00:09:892;-1.00;0.00;0.00;0.0758;-0.07597;0.000236;-3.841E-05;89.91;-0.01;100.23;0.05;100.23;0.0758;0.07597;-0.0001745;-11.203;-11.194;-99.990;0.00;-9.24;
2025-11-24 18:08:03.98;0.00:00:09:953;-1.00;0.00;0.00;0.07576;-0.07594;0.0002081;-4.335E-05;89.92;-0.02;100.24;0.06;100.24;0.07576;0.07594;-0.0001789;-11.206;-11.195;-99.990;0.00;-11.77;
2025-11-24 18:08:04.03;0.00:00:10:005;-1.00;0.00;0.00;0.07572;-0.07589;0.0002206;-5.94E-05;89.92;-0.02;100.23;0.08;100.23;0.07572;0.07589;-0.0001777;-11.208;-11.198;-99.990;0.00;-15.07;
2025-11-24 18:08:04.08;0.00:00:10:052;-1.00;0.00;0.00;0.07577;-0.07593;0.0002274;-3.267E-05;89.91;-0.01;100.21;0.04;100.21;0.07577;0.07593;-0.0001594;-11.205;-11.196;-99.990;0.00;-8.18;
2025-11-24 18:08:04.14;0.00:00:10:113;-1.00;0.00;0.00;0.07579;-0.07597;0.0001877;-4.169E-05;89.93;-0.02;100.23;0.06;100.23;0.07579;0.07597;-0.0001756;-11.204;-11.194;-99.990;0.00;-12.52;
2025-11-24 18:08:04.20;0.00:00:10:174;-1.00;0.00;0.00;0.07582;-0.07599;0.000231;-5.215E-05;89.91;-0.02;100.23;0.07;100.23;0.07582;0.07599;-0.0001714;-11.202;-11.193;-99.990;0.00;-12.72;
2025-11-24 18:08:04.26;0.00:00:10:226;-1.00;0.00;0.00;0.07599;-0.07615;0.0002114;-4.942E-05;89.92;-0.02;100.21;0.07;100.21;0.07599;0.07615;-0.0001576;-11.192;-11.183;-99.990;0.00;-13.16;
2025-11-24 18:08:04.31;0.00:00:10:277;-1.00;0.00;0.00;0.07597;-0.07614;0.0001986;-3.367E-05;89.93;-0.01;100.22;0.04;100.22;0.07597;0.07614;-0.0001675;-11.193;-11.184;-99.990;0.00;-9.62;
2025-11-24 18:08:04.36;0.00:00:10:329;-1.00;0.00;0.00;0.07597;-0.07614;0.0001974;-4.79E-05;89.93;-0.02;100.23;0.06;100.23;0.07597;0.07614;-0.0001744;-11.194;-11.184;-99.990;0.00;-13.64;
2025-11-24 18:08:04.41;0.00:00:10:380;-1.00;0.00;0.00;0.07608;-0.07627;0.0002209;-5.522E-05;89.92;-0.02;100.25;0.07;100.25;0.07608;0.07627;-0.0001884;-11.187;-11.176;-99.990;0.00;-14.03;
2025-11-24 18:08:04.47;0.00:00:10:442;-1.00;0.00;0.00;0.07609;-0.07628;0.0002315;-3.684E-05;89.91;-0.01;100.25;0.05;100.25;0.07609;0.07628;-0.0001917;-11.187;-11.176;-99.990;0.00;-9.04;
2025-11-24 18:08:04.52;0.00:00:10:493;-1.00;0.00;0.00;0.07603;-0.0762;0.0002183;-3.83E-05;89.92;-0.01;100.22;0.05;100.22;0.07603;0.0762;-0.0001704;-11.190;-11.180;-99.990;0.00;-9.95;
2025-11-24 18:08:04.58;0.00:00:10:555;-1.00;0.00;0.00;0.07608;-0.07626;0.0002066;-5.807E-05;89.92;-0.02;100.23;0.08;100.23;0.07608;0.07626;-0.0001738;-11.187;-11.177;-99.990;0.00;-15.70;
2025-11-24 18:08:04.63;0.00:00:10:605;-1.00;0.00;0.00;0.07609;-0.07627;0.0002049;-6.185E-05;89.92;-0.02;100.24;0.08;100.24;0.07609;0.07627;-0.0001809;-11.187;-11.177;-99.990;0.00;-16.80;
2025-11-24 18:08:04.68;0.00:00:10:652;-1.00;0.00;0.00;0.07599;-0.07616;0.0001708;-4.245E-05;89.94;-0.02;100.23;0.06;100.23;0.07599;0.07616;-0.0001768;-11.193;-11.183;-99.990;0.00;-13.96;
2025-11-24 18:08:04.73;0.00:00:10:699;-1.00;0.00;0.00;0.07573;-0.07588;0.0001933;-4.559E-05;89.93;-0.02;100.21;0.06;100.21;0.07573;0.07588;-0.0001594;-11.208;-11.198;-99.990;0.00;-13.27;
2025-11-24 18:08:04.78;0.00:00:10:747;-1.00;0.00;0.00;0.07587;-0.07605;0.0002299;-5.435E-05;89.91;-0.02;100.24;0.07;100.24;0.07587;0.07605;-0.0001817;-11.199;-11.189;-99.990;0.00;-13.30;
2025-11-24 18:08:04.82;0.00:00:10:792;-1.00;0.00;0.00;0.07609;-0.07626;0.0001965;-3.647E-05;89.93;-0.01;100.22;0.05;100.22;0.07609;0.07626;-0.0001693;-11.187;-11.177;-99.990;0.00;-10.51;
2025-11-24 18:08:04.87;0.00:00:10:839;-1.00;0.00;0.00;0.07613;-0.07631;0.0001754;-5.302E-05;89.93;-0.02;100.24;0.07;100.24;0.07613;0.07631;-0.0001829;-11.184;-11.174;-99.990;0.00;-16.82;
2025-11-24 18:08:04.91;0.00:00:10:885;-1.00;0.00;0.00;0.07598;-0.07613;0.0002211;-5.15E-05;89.92;-0.02;100.21;0.07;100.21;0.07598;0.07613;-0.0001592;-11.193;-11.184;-99.990;0.00;-13.11;
2025-11-24 18:08:04.96;0.00:00:10:932;-1.00;0.00;0.00;0.07589;-0.07606;0.0002164;-3.306E-05;89.92;-0.01;100.23;0.04;100.23;0.07589;0.07606;-0.0001714;-11.198;-11.188;-99.990;0.00;-8.69;
2025-11-24 18:08:05.01;0.00:00:10:979;-1.00;0.00;0.00;0.07584;-0.07601;0.0002191;-4.781E-05;89.92;-0.02;100.23;0.06;100.23;0.07584;0.07601;-0.000174;-11.201;-11.191;-99.990;0.00;-12.31;
2025-11-24 18:08:05.06;0.00:00:11:027;-1.00;0.00;0.00;0.07586;-0.07602;0.0002188;-3.567E-05;89.92;-0.01;100.20;0.05;100.20;0.07586;0.07602;-0.0001554;-11.200;-11.191;-99.990;0.00;-9.26;
2025-11-24 18:08:05.10;0.00:00:11:074;-1.00;0.00;0.00;0.07597;-0.07614;0.0002356;-4.666E-05;89.91;-0.02;100.22;0.06;100.22;0.07597;0.07614;-0.0001678;-11.194;-11.184;-99.990;0.00;-11.20;
2025-11-24 18:08:05.15;0.00:00:11:120;-1.00;0.00;0.00;0.07603;-0.07622;0.0002186;-6.368E-05;89.92;-0.02;100.24;0.08;100.24;0.07603;0.07622;-0.0001813;-11.190;-11.180;-99.990;0.00;-16.24;
2025-11-24 18:08:05.20;0.00:00:11:167;-1.00;0.00;0.00;0.07603;-0.07621;0.0002356;-6.515E-05;89.91;-0.02;100.24;0.09;100.24;0.07603;0.07621;-0.0001858;-11.190;-11.180;-99.990;0.00;-15.46;
2025-11-24 18:08:05.24;0.00:00:11:214;-1.00;0.00;0.00;0.07604;-0.07622;0.0001569;-5.451E-05;89.94;-0.02;100.24;0.07;100.24;0.07604;0.07622;-0.0001822;-11.190;-11.179;-99.990;0.00;-19.16;
2025-11-24 18:08:05.29;0.00:00:11:261;-1.00;0.00;0.00;0.07608;-0.07625;0.0002137;-6.813E-05;89.92;-0.03;100.23;0.09;100.23;0.07608;0.07626;-0.0001767;-11.187;-11.177;-99.990;0.00;-17.68;
2025-11-24 18:08:05.34;0.00:00:11:308;-1.00;0.00;0.00;0.07616;-0.07633;0.000239;-5.089E-05;89.91;-0.02;100.23;0.07;100.23;0.07616;0.07633;-0.000172;-11.183;-11.173;-99.990;0.00;-12.02;
2025-11-24 18:08:05.38;0.00:00:11:355;-1.00;0.00;0.00;0.07595;-0.07611;0.0001594;-5.059E-05;89.94;-0.02;100.22;0.07;100.22;0.07595;0.07611;-0.0001658;-11.195;-11.185;-99.990;0.00;-17.61;
2025-11-24 18:08:05.43;0.00:00:11:403;-1.00;0.00;0.00;0.07589;-0.07606;0.0002167;-3.809E-05;89.92;-0.01;100.22;0.05;100.22;0.07589;0.07606;-0.0001692;-11.198;-11.188;-99.990;0.00;-9.97;
2025-11-24 18:08:05.48;0.00:00:11:450;-1.00;0.00;0.00;0.07592;-0.07607;0.0002169;-6.271E-05;89.92;-0.02;100.19;0.08;100.19;0.07592;0.07607;-0.0001473;-11.196;-11.188;-99.990;0.00;-16.13;
2025-11-24 18:08:05.53;0.00:00:11:496;-1.00;0.00;0.00;0.07573;-0.07591;0.0002384;-4.497E-05;89.91;-0.02;100.24;0.06;100.24;0.07573;0.07591;-0.0001816;-11.207;-11.197;-99.990;0.00;-10.68;
2025-11-24 18:08:05.57;0.00:00:11:542;-1.00;0.00;0.00;0.07576;-0.07593;0.0002184;-5.925E-05;89.92;-0.02;100.22;0.08;100.22;0.07576;0.07593;-0.000168;-11.205;-11.196;-99.990;0.00;-15.18;
2025-11-24 18:08:05.62;0.00:00:11:589;-1.00;0.00;0.00;0.07588;-0.07605;0.0002093;-5.081E-05;89.92;-0.02;100.22;0.07;100.22;0.07588;0.07605;-0.000165;-11.199;-11.189;-99.990;0.00;-13.64;
2025-11-24 18:08:05.67;0.00:00:11:636;-1.00;0.00;0.00;0.07583;-0.076;0.0002463;-6.199E-05;89.91;-0.02;100.22;0.08;100.22;0.07583;0.076;-0.0001699;-11.201;-11.192;-99.990;0.00;-14.13;
2025-11-24 18:08:05.71;0.00:00:11:683;-1.00;0.00;0.00;0.0759;-0.07609;0.0002449;-4.97E-05;89.91;-0.02;100.24;0.07;100.24;0.0759;0.07609;-0.000185;-11.197;-11.187;-99.990;0.00;-11.47;
2025-11-24 18:08:05.76;0.00:00:11:731;-1.00;0.00;0.00;0.07587;-0.07605;0.0001862;-3.414E-05;89.93;-0.01;100.23;0.04;100.23;0.07587;0.07605;-0.0001765;-11.199;-11.189;-99.990;0.00;-10.39;
2025-11-24 18:08:05.81;0.00:00:11:780;-1.00;0.00;0.00;0.07585;-0.07604;0.0002107;-4.443E-05;89.92;-0.02;100.24;0.06;100.24;0.07585;0.07604;-0.0001849;-11.200;-11.190;-99.990;0.00;-11.91;
2025-11-24 18:08:05.87;0.00:00:11:840;-1.00;0.00;0.00;0.07581;-0.07598;0.0001993;-3.993E-05;89.92;-0.02;100.23;0.05;100.23;0.07581;0.07598;-0.000171;-11.203;-11.193;-99.990;0.00;-11.33;
2025-11-24 18:08:05.92;0.00:00:11:886;-1.00;0.00;0.00;0.07582;-0.07601;0.0002156;-4.54E-05;89.92;-0.02;100.24;0.06;100.24;0.07582;0.07601;-0.0001857;-11.202;-11.192;-99.990;0.00;-11.89;
2025-11-24 18:08:05.96;0.00:00:11:934;-1.00;0.00;0.00;0.07577;-0.07595;0.0001965;-4.165E-05;89.93;-0.02;100.24;0.05;100.24;0.07577;0.07595;-0.0001829;-11.205;-11.195;-99.990;0.00;-11.97;
2025-11-24 18:08:06.01;0.00:00:11:981;-1.00;0.00;0.00;0.07583;-0.076;0.0002373;-4.759E-05;89.91;-0.02;100.23;0.06;100.23;0.07583;0.076;-0.0001715;-11.202;-11.192;-99.990;0.00;-11.34;
2025-11-24 18:08:06.06;0.00:00:12:027;-1.00;0.00;0.00;0.0759;-0.07608;0.0001829;-4.677E-05;89.93;-0.02;100.23;0.06;100.23;0.0759;0.07608;-0.000176;-11.198;-11.188;-99.990;0.00;-14.34;
2025-11-24 18:08:06.10;0.00:00:12:074;-1.00;0.00;0.00;0.07588;-0.07607;0.0002015;-4.18E-05;89.92;-0.02;100.25;0.06;100.25;0.07588;0.07607;-0.0001878;-11.199;-11.188;-99.990;0.00;-11.72;
2025-11-24 18:08:06.15;0.00:00:12:122;-1.00;0.00;0.00;0.07593;-0.07608;0.0002161;-4.664E-05;89.92;-0.02;100.20;0.06;100.20;0.07593;0.07608;-0.0001522;-11.196;-11.187;-99.990;0.00;-12.18;
2025-11-24 18:08:06.20;0.00:00:12:168;-1.00;0.00;0.00;0.07588;-0.07603;0.0001723;-5.071E-05;89.94;-0.02;100.19;0.07;100.19;0.07588;0.07603;-0.000148;-11.199;-11.190;-99.990;0.00;-16.40;
2025-11-24 18:08:06.24;0.00:00:12:214;-1.00;0.00;0.00;0.07582;-0.076;0.0002072;-5.419E-05;89.92;-0.02;100.24;0.07;100.24;0.07582;0.076;-0.0001807;-11.202;-11.192;-99.990;0.00;-14.65;
2025-11-24 18:08:06.29;0.00:00:12:261;-1.00;0.00;0.00;0.07584;-0.076;0.0002021;-5.573E-05;89.92;-0.02;100.22;0.07;100.22;0.07584;0.07601;-0.0001632;-11.201;-11.192;-99.990;0.00;-15.42;
2025-11-24 18:08:06.34;0.00:00:12:307;-1.00;0.00;0.00;0.07593;-0.07612;0.0002319;-5.833E-05;89.91;-0.02;100.25;0.08;100.25;0.07593;0.07612;-0.0001936;-11.196;-11.185;-99.990;0.00;-14.12;
2025-11-24 18:08:06.38;0.00:00:12:354;-1.00;0.00;0.00;0.07595;-0.07612;0.0002359;-4.691E-05;89.91;-0.02;100.22;0.06;100.22;0.07595;0.07612;-0.000166;-11.194;-11.185;-99.990;0.00;-11.25;
2025-11-24 18:08:06.43;0.00:00:12:401;-1.00;0.00;0.00;0.076;-0.07617;0.0002014;-5.06E-05;89.92;-0.02;100.22;0.07;100.22;0.076;0.07617;-0.0001692;-11.192;-11.182;-99.990;0.00;-14.10;
2025-11-24 18:08:06.48;0.00:00:12:447;-1.00;0.00;0.00;0.07609;-0.07629;0.0002008;-4.683E-05;89.92;-0.02;100.26;0.06;100.26;0.07609;0.07629;-0.0001941;-11.186;-11.175;-99.990;0.00;-13.13;
2025-11-24 18:08:06.52;0.00:00:12:494;-1.00;0.00;0.00;0.07612;-0.07629;0.0002019;-5.16E-05;89.92;-0.02;100.22;0.07;100.22;0.07612;0.07629;-0.0001711;-11.185;-11.175;-99.990;0.00;-14.34;
2025-11-24 18:08:06.57;0.00:00:12:541;-1.00;0.00;0.00;0.07593;-0.07612;0.0002456;-2.867E-05;89.91;-0.01;100.25;0.04;100.25;0.07593;0.07612;-0.0001882;-11.196;-11.185;-99.990;0.00;-6.66;
2025-11-24 18:08:06.62;0.00:00:12:588;-1.00;0.00;0.00;0.07584;-0.07601;0.0001963;-1.892E-05;89.93;-0.01;100.22;0.02;100.22;0.07584;0.07601;-0.0001642;-11.201;-11.191;-99.990;0.00;-5.51;
2025-11-24 18:08:06.66;0.00:00:12:635;-1.00;0.00;0.00;0.07581;-0.07601;0.000243;-6.871E-05;89.91;-0.03;100.26;0.09;100.26;0.07581;0.07601;-0.0001984;-11.203;-11.191;-99.990;0.00;-15.79;
2025-11-24 18:08:06.72;0.00:00:12:686;-1.00;0.00;0.00;0.0759;-0.07608;0.000278;-4.895E-05;89.90;-0.02;100.23;0.06;100.23;0.0759;0.07608;-0.0001778;-11.197;-11.187;-99.990;0.00;-9.99;
2025-11-24 18:08:06.77;0.00:00:12:737;-1.00;0.00;0.00;0.07553;-0.07571;0.0001964;-5.635E-05;89.93;-0.02;100.24;0.07;100.24;0.07553;0.07571;-0.0001808;-11.219;-11.208;-99.990;0.00;-16.00;
2025-11-24 18:08:06.83;0.00:00:12:798;-1.00;0.00;0.00;0.07556;-0.07575;0.0002328;-5.854E-05;89.91;-0.02;100.26;0.08;100.26;0.07556;0.07575;-0.0001931;-11.217;-11.206;-99.990;0.00;-14.12;
2025-11-24 18:08:06.89;0.00:00:12:860;-1.00;0.00;0.00;0.07556;-0.07573;0.0002213;-7.066E-05;89.92;-0.03;100.22;0.09;100.22;0.07556;0.07573;-0.000165;-11.217;-11.207;-99.990;0.00;-17.71;
2025-11-24 18:08:06.94;0.00:00:12:910;-1.00;0.00;0.00;0.07565;-0.07584;0.000205;-4.678E-05;89.92;-0.02;100.25;0.06;100.25;0.07565;0.07584;-0.0001878;-11.212;-11.201;-99.990;0.00;-12.86;
2025-11-24 18:08:06.99;0.00:00:12:961;-1.00;0.00;0.00;0.07568;-0.07588;0.0002526;-4.59E-05;89.90;-0.02;100.26;0.06;100.26;0.07568;0.07588;-0.0001998;-11.210;-11.199;-99.990;0.00;-10.30;
2025-11-24 18:08:07.04;0.00:00:13:013;-1.00;0.00;0.00;0.07565;-0.07583;0.0001808;-6.138E-05;89.93;-0.02;100.24;0.08;100.24;0.07565;0.07583;-0.0001813;-11.212;-11.201;-99.990;0.00;-18.75;
2025-11-24 18:08:07.08;0.00:00:13:054;-1.00;0.00;0.00;0.07563;-0.07579;0.0002026;-7.543E-05;89.92;-0.03;100.22;0.10;100.22;0.07563;0.07579;-0.0001648;-11.213;-11.204;-99.990;0.00;-20.42;
2025-11-24 18:08:07.16;0.00:00:13:126;-1.00;0.00;0.00;0.07571;-0.07588;0.0002051;-5.936E-05;89.92;-0.02;100.22;0.08;100.22;0.07571;0.07588;-0.000169;-11.208;-11.199;-99.990;0.00;-16.14;
2025-11-24 18:08:07.21;0.00:00:13:177;-1.00;0.00;0.00;0.07589;-0.07604;0.0001864;-3.754E-05;89.93;-0.01;100.21;0.05;100.21;0.07589;0.07605;-0.0001597;-11.198;-11.189;-99.990;0.00;-11.39;
2025-11-24 18:08:07.26;0.00:00:13:229;-1.00;0.00;0.00;0.07582;-0.07597;0.0002055;-4.01E-05;89.92;-0.02;100.20;0.05;100.20;0.07582;0.07597;-0.0001502;-11.202;-11.194;-99.990;0.00;-11.04;
2025-11-24 18:08:07.31;0.00:00:13:281;-1.00;0.00;0.00;0.07576;-0.07593;0.0001947;-3.061E-05;89.93;-0.01;100.22;0.04;100.22;0.07576;0.07593;-0.0001664;-11.206;-11.196;-99.990;0.00;-8.93;
2025-11-24 18:08:07.36;0.00:00:13:326;-1.00;0.00;0.00;0.07566;-0.07586;0.0001933;-6.814E-05;89.93;-0.03;100.26;0.09;100.26;0.07566;0.07586;-0.0001956;-11.211;-11.200;-99.990;0.00;-19.41;
2025-11-24 18:08:07.41;0.00:00:13:383;-1.00;0.00;0.00;0.07567;-0.07585;0.0001966;-3.535E-05;89.93;-0.01;100.23;0.05;100.23;0.07567;0.07585;-0.0001747;-11.211;-11.201;-99.990;0.00;-10.19;
2025-11-24 18:08:07.46;0.00:00:13:435;-1.00;0.00;0.00;0.07568;-0.07585;0.0002215;-5.875E-05;89.92;-0.02;100.23;0.08;100.23;0.07568;0.07585;-0.0001763;-11.210;-11.200;-99.990;0.00;-14.85;
2025-11-24 18:08:07.52;0.00:00:13:486;-1.00;0.00;0.00;0.07579;-0.07596;0.0002633;-3.559E-05;89.90;-0.01;100.22;0.05;100.22;0.07579;0.07596;-0.0001678;-11.204;-11.194;-99.990;0.00;-7.70;
2025-11-24 18:08:07.57;0.00:00:13:536;-1.00;0.00;0.00;0.07587;-0.07606;0.0002421;-4.616E-05;89.91;-0.02;100.25;0.06;100.25;0.07587;0.07606;-0.0001884;-11.199;-11.189;-99.990;0.00;-10.80;
2025-11-24 18:08:07.62;0.00:00:13:589;-1.00;0.00;0.00;0.07579;-0.07596;0.0002466;-4.223E-05;89.91;-0.02;100.22;0.06;100.22;0.07579;0.07596;-0.000168;-11.204;-11.194;-99.990;0.00;-9.72;
2025-11-24 18:08:07.67;0.00:00:13:639;-1.00;0.00;0.00;0.07581;-0.07597;0.0002409;-4.019E-05;89.91;-0.02;100.21;0.05;100.21;0.07581;0.07597;-0.0001613;-11.203;-11.194;-99.990;0.00;-9.47;
2025-11-24 18:08:07.73;0.00:00:13:701;-1.00;0.00;0.00;0.07588;-0.07606;0.0002216;-4.543E-05;89.92;-0.02;100.24;0.06;100.24;0.07588;0.07607;-0.0001833;-11.199;-11.188;-99.990;0.00;-11.59;
2025-11-24 18:08:07.78;0.00:00:13:752;-1.00;0.00;0.00;0.07585;-0.07602;0.0002295;-4.415E-05;89.91;-0.02;100.22;0.06;100.22;0.07585;0.07602;-0.0001663;-11.200;-11.191;-99.990;0.00;-10.89;
2025-11-24 18:08:07.83;0.00:00:13:803;-1.00;0.00;0.00;0.07589;-0.07607;0.0001994;-4.89E-05;89.92;-0.02;100.24;0.06;100.24;0.07589;0.07607;-0.0001792;-11.198;-11.188;-99.990;0.00;-13.78;
2025-11-24 18:08:07.88;0.00:00:13:854;-1.00;0.00;0.00;0.07585;-0.07603;0.0001999;-5.293E-05;89.92;-0.02;100.24;0.07;100.24;0.07585;0.07603;-0.00018;-11.200;-11.190;-99.990;0.00;-14.83;
2025-11-24 18:08:07.93;0.00:00:13:904;-1.00;0.00;0.00;0.07592;-0.07609;0.0001743;-6.154E-05;89.93;-0.02;100.24;0.08;100.24;0.07592;0.07609;-0.0001795;-11.197;-11.186;-99.990;0.00;-19.45;
2025-11-24 18:08:07.99;0.00:00:13:956;-1.00;0.00;0.00;0.07592;-0.07608;0.0001979;-5.833E-05;89.93;-0.02;100.21;0.08;100.21;0.07592;0.07608;-0.0001592;-11.196;-11.187;-99.990;0.00;-16.43;
2025-11-24 18:08:08.04;0.00:00:14:014;-1.00;0.00;0.00;0.07592;-0.07609;0.0002137;-6.772E-05;89.92;-0.03;100.22;0.09;100.22;0.07592;0.07609;-0.0001682;-11.196;-11.187;-99.990;0.00;-17.58;
2025-11-24 18:08:08.10;0.00:00:14:067;-1.00;0.00;0.00;0.07582;-0.076;0.0002277;-4.37E-05;89.91;-0.02;100.24;0.06;100.24;0.07582;0.076;-0.0001822;-11.202;-11.192;-99.990;0.00;-10.86;
2025-11-24 18:08:08.15;0.00:00:14:124;-1.00;0.00;0.00;0.07598;-0.07615;0.000199;-5.677E-05;89.93;-0.02;100.23;0.07;100.23;0.07598;0.07615;-0.0001726;-11.193;-11.183;-99.990;0.00;-15.93;
2025-11-24 18:08:08.21;0.00:00:14:180;-1.00;0.00;0.00;0.07605;-0.07624;0.0002152;-2.818E-05;89.92;-0.01;100.25;0.04;100.25;0.07605;0.07624;-0.0001903;-11.189;-11.178;-99.990;0.00;-7.46;
2025-11-24 18:08:08.26;0.00:00:14:231;-1.00;0.00;0.00;0.07593;-0.07608;0.0001851;-3.981E-05;89.93;-0.01;100.19;0.05;100.19;0.07593;0.07608;-0.0001473;-11.196;-11.187;-99.990;0.00;-12.14;
2025-11-24 18:08:08.31;0.00:00:14:282;-1.00;0.00;0.00;0.07596;-0.07613;0.0002284;-4.9E-05;89.91;-0.02;100.22;0.06;100.22;0.07596;0.07613;-0.0001709;-11.194;-11.184;-99.990;0.00;-12.11;
2025-11-24 18:08:08.36;0.00:00:14:333;-1.00;0.00;0.00;0.07585;-0.07602;0.0001881;-6.83E-05;89.93;-0.03;100.23;0.09;100.23;0.07585;0.07602;-0.0001718;-11.200;-11.191;-99.990;0.00;-19.95;
2025-11-24 18:08:08.41;0.00:00:14:385;-1.00;0.00;0.00;0.07586;-0.07604;0.0002372;-5.31E-05;89.91;-0.02;100.24;0.07;100.24;0.07586;0.07604;-0.0001806;-11.200;-11.189;-99.990;0.00;-12.62;
2025-11-24 18:08:08.47;0.00:00:14:436;-1.00;0.00;0.00;0.07592;-0.07609;0.0001977;-4.029E-05;89.93;-0.02;100.23;0.05;100.23;0.07592;0.07609;-0.0001762;-11.197;-11.187;-99.990;0.00;-11.52;
2025-11-24 18:08:08.52;0.00:00:14:487;-1.00;0.00;0.00;0.07579;-0.07596;0.0002024;-2.981E-05;89.92;-0.01;100.23;0.04;100.23;0.07579;0.07596;-0.0001757;-11.204;-11.194;-99.990;0.00;-8.38;
2025-11-24 18:08:08.57;0.00:00:14:539;-1.00;0.00;0.00;0.07579;-0.07597;0.0001881;-4.202E-05;89.93;-0.02;100.23;0.06;100.23;0.07579;0.07597;-0.0001775;-11.204;-11.194;-99.990;0.00;-12.59;
2025-11-24 18:08:08.62;0.00:00:14:595;-1.00;0.00;0.00;0.07548;-0.07566;0.0002057;-5.384E-05;89.92;-0.02;100.23;0.07;100.23;0.07548;0.07566;-0.0001741;-11.221;-11.211;-99.990;0.00;-14.67;
2025-11-24 18:08:08.67;0.00:00:14:641;-1.00;0.00;0.00;0.07557;-0.07576;0.0002369;-6.537E-05;89.91;-0.02;100.25;0.09;100.25;0.07557;0.07576;-0.000192;-11.216;-11.205;-99.990;0.00;-15.43;
2025-11-24 18:08:08.72;0.00:00:14:688;-1.00;0.00;0.00;0.07576;-0.07593;0.0001765;-5.294E-05;89.93;-0.02;100.23;0.07;100.23;0.07576;0.07593;-0.0001764;-11.206;-11.196;-99.990;0.00;-16.69;
2025-11-24 18:08:08.76;0.00:00:14:735;-1.00;0.00;0.00;0.07582;-0.07599;0.0002318;-6.67E-05;89.91;-0.03;100.23;0.09;100.23;0.07582;0.07599;-0.0001722;-11.202;-11.192;-99.990;0.00;-16.05;
2025-11-24 18:08:08.81;0.00:00:14:782;-1.00;0.00;0.00;0.07581;-0.076;0.0002369;-5.465E-05;89.91;-0.02;100.24;0.07;100.24;0.07581;0.076;-0.0001826;-11.203;-11.192;-99.990;0.00;-12.99;
2025-11-24 18:08:08.86;0.00:00:14:828;-1.00;0.00;0.00;0.07563;-0.07581;0.0001912;-4.953E-05;89.93;-0.02;100.24;0.07;100.24;0.07563;0.07581;-0.000182;-11.213;-11.203;-99.990;0.00;-14.52;
2025-11-24 18:08:08.90;0.00:00:14:875;-1.00;0.00;0.00;0.07562;-0.07581;0.0001721;-6.741E-05;89.93;-0.03;100.25;0.09;100.25;0.07562;0.07581;-0.00019;-11.213;-11.203;-99.990;0.00;-21.38;
2025-11-24 18:08:08.95;0.00:00:14:922;-1.00;0.00;0.00;0.07556;-0.0757;0.0002037;-4.127E-05;89.92;-0.02;100.20;0.05;100.20;0.07556;0.07571;-0.0001484;-11.217;-11.209;-99.990;0.00;-11.45;
2025-11-24 18:08:09.00;0.00:00:14:973;-1.00;0.00;0.00;0.0754;-0.07557;0.0001674;-6.784E-05;89.94;-0.03;100.23;0.09;100.23;0.0754;0.07557;-0.0001737;-11.226;-11.216;-99.990;0.00;-22.07;
2025-11-24 18:08:09.06;0.00:00:15:033;-1.00;0.00;0.00;0.07551;-0.07567;0.0001985;-5.288E-05;89.92;-0.02;100.21;0.07;100.21;0.07551;0.07567;-0.0001578;-11.220;-11.211;-99.990;0.00;-14.92;
2025-11-24 18:08:09.11;0.00:00:15:082;-1.00;0.00;0.00;0.07561;-0.07578;0.0002128;-3.501E-05;89.92;-0.01;100.23;0.05;100.23;0.07561;0.07578;-0.0001738;-11.214;-11.204;-99.990;0.00;-9.34;
2025-11-24 18:08:09.17;0.00:00:15:141;-1.00;0.00;0.00;0.07563;-0.07582;0.000271;-5.673E-05;89.90;-0.02;100.24;0.08;100.24;0.07563;0.07582;-0.000183;-11.213;-11.202;-99.990;0.00;-11.82;
2025-11-24 18:08:09.22;0.00:00:15:187;-1.00;0.00;0.00;0.07566;-0.07583;0.0002189;-4.602E-05;89.92;-0.02;100.23;0.06;100.23;0.07566;0.07583;-0.0001729;-11.211;-11.202;-99.990;0.00;-11.87;
2025-11-24 18:08:09.26;0.00:00:15:234;-1.00;0.00;0.00;0.07574;-0.07592;0.0001736;-7.064E-05;89.93;-0.03;100.24;0.09;100.24;0.07574;0.07592;-0.000183;-11.207;-11.196;-99.990;0.00;-22.14;
2025-11-24 18:08:09.31;0.00:00:15:281;-1.00;0.00;0.00;0.07579;-0.07597;0.0002164;-5.901E-05;89.92;-0.02;100.24;0.08;100.24;0.07579;0.07597;-0.0001786;-11.204;-11.194;-99.990;0.00;-15.25;
2025-11-24 18:08:09.36;0.00:00:15:327;-1.00;0.00;0.00;0.07583;-0.076;0.0002089;-5.467E-05;89.92;-0.02;100.22;0.07;100.22;0.07583;0.076;-0.0001647;-11.202;-11.192;-99.990;0.00;-14.67;
2025-11-24 18:08:09.40;0.00:00:15:374;-1.00;0.00;0.00;0.07584;-0.07603;0.0002353;-5.076E-05;89.91;-0.02;100.25;0.07;100.25;0.07584;0.07603;-0.0001922;-11.201;-11.190;-99.990;0.00;-12.18;
2025-11-24 18:08:09.45;0.00:00:15:421;-1.00;0.00;0.00;0.07581;-0.07599;0.0001774;-5.497E-05;89.93;-0.02;100.24;0.07;100.24;0.07581;0.07599;-0.0001854;-11.203;-11.192;-99.990;0.00;-17.22;
2025-11-24 18:08:09.50;0.00:00:15:468;-1.00;0.00;0.00;0.07583;-0.07601;0.0002734;-4.893E-05;89.90;-0.02;100.24;0.06;100.24;0.07583;0.07602;-0.0001834;-11.201;-11.191;-99.990;0.00;-10.15;
2025-11-24 18:08:09.54;0.00:00:15:514;-1.00;0.00;0.00;0.07581;-0.07598;0.000201;-5.638E-05;89.92;-0.02;100.23;0.07;100.23;0.07581;0.07599;-0.0001748;-11.203;-11.193;-99.990;0.00;-15.67;
2025-11-24 18:08:09.60;0.00:00:15:566;-1.00;0.00;0.00;0.0757;-0.07587;0.0001568;-2.369E-05;89.94;-0.01;100.22;0.03;100.22;0.0757;0.07587;-0.000169;-11.209;-11.200;-99.990;0.00;-8.59;
2025-11-24 18:08:09.65;0.00:00:15:624;-1.00;0.00;0.00;0.07564;-0.07582;0.0002647;-4.042E-05;89.90;-0.02;100.25;0.05;100.25;0.07564;0.07582;-0.0001875;-11.213;-11.202;-99.990;0.00;-8.68;
2025-11-24 18:08:09.70;0.00:00:15:671;-1.00;0.00;0.00;0.07568;-0.07586;0.0002313;-4.472E-05;89.91;-0.02;100.24;0.06;100.24;0.07568;0.07586;-0.0001794;-11.210;-11.200;-99.990;0.00;-10.94;
2025-11-24 18:08:09.75;0.00:00:15:718;-1.00;0.00;0.00;0.07555;-0.0757;0.0001801;-4.401E-05;89.93;-0.02;100.20;0.06;100.20;0.07555;0.0757;-0.0001548;-11.218;-11.209;-99.990;0.00;-13.73;
2025-11-24 18:08:09.80;0.00:00:15:765;-1.00;0.00;0.00;0.0757;-0.07587;0.0002521;-6.304E-05;89.90;-0.02;100.23;0.08;100.23;0.0757;0.07588;-0.0001765;-11.209;-11.199;-99.990;0.00;-14.04;
2025-11-24 18:08:09.84;0.00:00:15:812;-1.00;0.00;0.00;0.07574;-0.07592;0.0002293;-4.515E-05;89.91;-0.02;100.24;0.06;100.24;0.07574;0.07592;-0.0001807;-11.207;-11.196;-99.990;0.00;-11.14;
2025-11-24 18:08:09.89;0.00:00:15:859;-1.00;0.00;0.00;0.07584;-0.07604;0.0002566;-4.33E-05;89.90;-0.02;100.26;0.06;100.26;0.07584;0.07605;-0.0002009;-11.201;-11.189;-99.990;0.00;-9.58;
2025-11-24 18:08:09.93;0.00:00:15:905;-1.00;0.00;0.00;0.07553;-0.07569;0.0002249;-7.215E-05;89.91;-0.03;100.22;0.10;100.22;0.07553;0.07569;-0.0001634;-11.219;-11.209;-99.990;0.00;-17.79;
2025-11-24 18:08:09.98;0.00:00:15:951;-1.00;0.00;0.00;0.07553;-0.0757;0.0002378;-3.776E-05;89.91;-0.01;100.23;0.05;100.23;0.07553;0.0757;-0.0001729;-11.219;-11.209;-99.990;0.00;-9.02;
2025-11-24 18:08:10.03;0.00:00:16:000;-1.00;0.00;0.00;0.07564;-0.07582;0.0002454;-5.253E-05;89.91;-0.02;100.24;0.07;100.24;0.07564;0.07582;-0.0001803;-11.213;-11.202;-99.990;0.00;-12.08;
2025-11-24 18:08:10.08;0.00:00:16:045;-1.00;0.00;0.00;0.07552;-0.0757;0.0002102;-3.248E-05;89.92;-0.01;100.24;0.04;100.24;0.07552;0.0757;-0.0001787;-11.220;-11.209;-99.990;0.00;-8.79;
2025-11-24 18:08:10.12;0.00:00:16:092;-1.00;0.00;0.00;0.07546;-0.07564;0.0002491;-3.983E-05;89.91;-0.02;100.24;0.05;100.24;0.07546;0.07564;-0.0001791;-11.223;-11.212;-99.990;0.00;-9.09;
2025-11-24 18:08:10.17;0.00:00:16:139;-1.00;0.00;0.00;0.07555;-0.07574;0.0001891;-3.519E-05;89.93;-0.01;100.26;0.05;100.26;0.07555;0.07575;-0.0001947;-11.218;-11.206;-99.990;0.00;-10.54;
2025-11-24 18:08:10.22;0.00:00:16:186;-1.00;0.00;0.00;0.07543;-0.0756;0.000194;-2.883E-05;89.93;-0.01;100.22;0.04;100.22;0.07543;0.0756;-0.0001654;-11.225;-11.215;-99.990;0.00;-8.45;
2025-11-24 18:08:10.26;0.00:00:16:233;-1.00;0.00;0.00;0.07547;-0.07566;0.000234;-6.434E-05;89.91;-0.02;100.24;0.09;100.24;0.07547;0.07566;-0.0001839;-11.222;-11.212;-99.990;0.00;-15.38;
2025-11-24 18:08:10.31;0.00:00:16:279;-1.00;0.00;0.00;0.07568;-0.07587;0.0002324;-4.21E-05;89.91;-0.02;100.25;0.06;100.25;0.07568;0.07587;-0.0001898;-11.210;-11.199;-99.990;0.00;-10.27;
2025-11-24 18:08:10.36;0.00:00:16:327;-1.00;0.00;0.00;0.07569;-0.07586;0.0002055;-4.447E-05;89.92;-0.02;100.22;0.06;100.22;0.07569;0.07586;-0.0001684;-11.210;-11.200;-99.990;0.00;-12.21;
2025-11-24 18:08:10.40;0.00:00:16:373;-1.00;0.00;0.00;0.07566;-0.07585;0.000251;-5.74E-05;89.91;-0.02;100.25;0.08;100.25;0.07566;0.07585;-0.0001921;-11.211;-11.200;-99.990;0.00;-12.88;
2025-11-24 18:08:10.47;0.00:00:16:436;-1.00;0.00;0.00;0.0757;-0.07586;0.0001824;-5.178E-05;89.93;-0.02;100.22;0.07;100.22;0.0757;0.07586;-0.0001683;-11.209;-11.200;-99.990;0.00;-15.85;
2025-11-24 18:08:10.51;0.00:00:16:481;-1.00;0.00;0.00;0.076;-0.07617;0.0002264;-4.225E-05;89.91;-0.02;100.22;0.06;100.22;0.076;0.07617;-0.0001664;-11.192;-11.182;-99.990;0.00;-10.57;
2025-11-24 18:08:10.56;0.00:00:16:529;-1.00;0.00;0.00;0.07606;-0.07622;0.0002144;-6.409E-05;89.92;-0.02;100.21;0.08;100.21;0.07606;0.07622;-0.0001608;-11.189;-11.179;-99.990;0.00;-16.64;
2025-11-24 18:08:10.61;0.00:00:16:575;-1.00;0.00;0.00;0.07579;-0.07597;0.0001828;-2.936E-05;89.93;-0.01;100.23;0.04;100.23;0.07579;0.07597;-0.0001733;-11.204;-11.194;-99.990;0.00;-9.12;
2025-11-24 18:08:10.65;0.00:00:16:622;-1.00;0.00;0.00;0.0757;-0.07588;0.0002004;-5.641E-05;89.92;-0.02;100.23;0.07;100.23;0.0757;0.07588;-0.0001774;-11.209;-11.199;-99.990;0.00;-15.72;
2025-11-24 18:08:10.70;0.00:00:16:668;-1.00;0.00;0.00;0.07569;-0.07586;0.0001985;-2.787E-05;89.93;-0.01;100.23;0.04;100.23;0.07569;0.07586;-0.0001717;-11.209;-11.200;-99.990;0.00;-7.99;
2025-11-24 18:08:10.75;0.00:00:16:716;-1.00;0.00;0.00;0.07544;-0.07562;0.0001973;-6.073E-05;89.93;-0.02;100.24;0.08;100.24;0.07544;0.07562;-0.0001783;-11.224;-11.214;-99.990;0.00;-17.11;
2025-11-24 18:08:10.79;0.00:00:16:763;-1.00;0.00;0.00;0.07552;-0.07569;0.0001934;-6.719E-05;89.93;-0.03;100.23;0.09;100.23;0.07552;0.07569;-0.0001734;-11.220;-11.210;-99.990;0.00;-19.16;
2025-11-24 18:08:10.84;0.00:00:16:810;-1.00;0.00;0.00;0.07548;-0.07566;0.000253;-6.069E-05;89.90;-0.02;100.24;0.08;100.24;0.07548;0.07566;-0.00018;-11.222;-11.211;-99.990;0.00;-13.49;
2025-11-24 18:08:10.89;0.00:00:16:857;-1.00;0.00;0.00;0.07553;-0.07572;0.0002214;-5.08E-05;89.92;-0.02;100.25;0.07;100.25;0.07553;0.07572;-0.0001875;-11.219;-11.208;-99.990;0.00;-12.92;
2025-11-24 18:08:10.93;0.00:00:16:904;-1.00;0.00;0.00;0.07553;-0.0757;0.000232;-5.749E-05;89.91;-0.02;100.23;0.08;100.23;0.07553;0.0757;-0.0001709;-11.219;-11.209;-99.990;0.00;-13.92;
2025-11-24 18:08:10.98;0.00:00:16:951;-1.00;0.00;0.00;0.07579;-0.07597;0.0002114;-5.612E-05;89.92;-0.02;100.23;0.07;100.23;0.07579;0.07597;-0.0001749;-11.204;-11.194;-99.990;0.00;-14.87;
2025-11-24 18:08:11.03;0.00:00:16:999;-1.00;0.00;0.00;0.07588;-0.07606;0.0002707;-5.934E-05;89.90;-0.02;100.24;0.08;100.24;0.07588;0.07606;-0.000182;-11.199;-11.188;-99.990;0.00;-12.36;
2025-11-24 18:08:11.08;0.00:00:17:049;-1.00;0.00;0.00;0.07582;-0.07597;0.0002271;-4.932E-05;89.91;-0.02;100.20;0.07;100.20;0.07582;0.07597;-0.0001547;-11.202;-11.194;-99.990;0.00;-12.25;
2025-11-24 18:08:11.14;0.00:00:17:107;-1.00;0.00;0.00;0.07585;-0.07603;0.0002258;-5.084E-05;89.91;-0.02;100.24;0.07;100.24;0.07585;0.07603;-0.0001804;-11.201;-11.190;-99.990;0.00;-12.69;
2025-11-24 18:08:11.18;0.00:00:17:155;-1.00;0.00;0.00;0.07574;-0.07591;0.0001945;-4.76E-05;89.93;-0.02;100.24;0.06;100.24;0.07574;0.07592;-0.0001798;-11.207;-11.197;-99.990;0.00;-13.75;
2025-11-24 18:08:11.23;0.00:00:17:201;-1.00;0.00;0.00;0.07571;-0.07589;0.0002113;-4.741E-05;89.92;-0.02;100.23;0.06;100.23;0.07571;0.07589;-0.0001776;-11.209;-11.198;-99.990;0.00;-12.64;
2025-11-24 18:08:11.28;0.00:00:17:248;-1.00;0.00;0.00;0.07571;-0.07588;0.0002277;-3.112E-05;89.91;-0.01;100.23;0.04;100.23;0.07571;0.07588;-0.0001747;-11.209;-11.199;-99.990;0.00;-7.78;
2025-11-24 18:08:11.32;0.00:00:17:294;-1.00;0.00;0.00;0.07566;-0.07584;0.000218;-4.091E-05;89.92;-0.02;100.25;0.05;100.25;0.07566;0.07584;-0.0001864;-11.212;-11.201;-99.990;0.00;-10.63;
2025-11-24 18:08:11.37;0.00:00:17:341;-1.00;0.00;0.00;0.07562;-0.07579;0.0001877;-5.192E-05;89.93;-0.02;100.23;0.07;100.23;0.07562;0.07579;-0.0001728;-11.214;-11.204;-99.990;0.00;-15.46;
2025-11-24 18:08:11.42;0.00:00:17:389;-1.00;0.00;0.00;0.07565;-0.07581;0.0001621;-3.728E-05;89.94;-0.01;100.21;0.05;100.21;0.07565;0.07581;-0.0001611;-11.212;-11.203;-99.990;0.00;-12.95;
2025-11-24 18:08:11.46;0.00:00:17:435;-1.00;0.00;0.00;0.07573;-0.07587;0.0001796;-4.382E-05;89.93;-0.02;100.19;0.06;100.19;0.07573;0.07587;-0.0001473;-11.208;-11.199;-99.990;0.00;-13.71;
2025-11-24 18:08:11.51;0.00:00:17:482;-1.00;0.00;0.00;0.07583;-0.07602;0.0001794;-3.998E-05;89.93;-0.02;100.25;0.05;100.25;0.07583;0.07602;-0.0001859;-11.202;-11.191;-99.990;0.00;-12.56;
2025-11-24 18:08:11.56;0.00:00:17:529;-1.00;0.00;0.00;0.07587;-0.07605;0.0002311;-5.221E-05;89.91;-0.02;100.23;0.07;100.23;0.07587;0.07605;-0.0001745;-11.199;-11.189;-99.990;0.00;-12.73;
2025-11-24 18:08:11.60;0.00:00:17:575;-1.00;0.00;0.00;0.07595;-0.07612;0.000173;-3.007E-05;89.93;-0.01;100.22;0.04;100.22;0.07595;0.07612;-0.0001702;-11.195;-11.185;-99.990;0.00;-9.86;
2025-11-24 18:08:11.65;0.00:00:17:623;-1.00;0.00;0.00;0.07582;-0.076;0.0002287;-6.52E-05;89.91;-0.02;100.24;0.09;100.24;0.07582;0.076;-0.0001804;-11.202;-11.192;-99.990;0.00;-15.92;
2025-11-24 18:08:11.70;0.00:00:17:669;-1.00;0.00;0.00;0.07583;-0.07601;0.000193;-3.825E-05;89.93;-0.01;100.24;0.05;100.24;0.07583;0.07601;-0.0001821;-11.202;-11.191;-99.990;0.00;-11.21;
2025-11-24 18:08:11.75;0.00:00:17:716;-1.00;0.00;0.00;0.07566;-0.07585;0.0001706;-4.352E-05;89.94;-0.02;100.24;0.06;100.24;0.07566;0.07585;-0.0001817;-11.211;-11.201;-99.990;0.00;-14.31;
2025-11-24 18:08:11.79;0.00:00:17:763;-1.00;0.00;0.00;0.07576;-0.07594;0.0002177;-4.367E-05;89.92;-0.02;100.23;0.06;100.23;0.07576;0.07594;-0.0001721;-11.205;-11.196;-99.990;0.00;-11.34;
2025-11-24 18:08:11.84;0.00:00:17:810;-1.00;0.00;0.00;0.07579;-0.07596;0.0002281;-5.324E-05;89.91;-0.02;100.22;0.07;100.22;0.07579;0.07596;-0.0001703;-11.204;-11.194;-99.990;0.00;-13.14;
2025-11-24 18:08:11.89;0.00:00:17:857;-1.00;0.00;0.00;0.07579;-0.07598;0.0002582;-3.851E-05;89.90;-0.01;100.25;0.05;100.25;0.07579;0.07598;-0.0001869;-11.204;-11.193;-99.990;0.00;-8.48;
2025-11-24 18:08:11.94;0.00:00:17:908;-1.00;0.00;0.00;0.07574;-0.0759;0.0002394;-3.89E-05;89.91;-0.01;100.22;0.05;100.22;0.07574;0.0759;-0.0001654;-11.207;-11.198;-99.990;0.00;-9.23;
2025-11-24 18:08:12.00;0.00:00:17:966;-1.00;0.00;0.00;0.07588;-0.07608;0.0002179;-5.999E-05;89.92;-0.02;100.26;0.08;100.26;0.07588;0.07608;-0.0001959;-11.199;-11.187;-99.990;0.00;-15.39;
2025-11-24 18:08:12.04;0.00:00:18:013;-1.00;0.00;0.00;0.07594;-0.07612;0.0002312;-3.379E-05;89.91;-0.01;100.24;0.04;100.24;0.07594;0.07613;-0.0001822;-11.195;-11.185;-99.990;0.00;-8.32;
2025-11-24 18:08:12.09;0.00:00:18:060;-1.00;0.00;0.00;0.07572;-0.07589;0.0001734;-4.79E-05;89.93;-0.02;100.23;0.06;100.23;0.07572;0.07589;-0.0001738;-11.208;-11.198;-99.990;0.00;-15.44;
2025-11-24 18:08:12.14;0.00:00:18:107;-1.00;0.00;0.00;0.07575;-0.07593;0.0002394;-5.367E-05;89.91;-0.02;100.24;0.07;100.24;0.07575;0.07593;-0.0001815;-11.206;-11.196;-99.990;0.00;-12.64;
2025-11-24 18:08:12.18;0.00:00:18:154;-1.00;0.00;0.00;0.07594;-0.07613;0.0001439;-6.458E-05;89.95;-0.02;100.25;0.09;100.25;0.07594;0.07613;-0.0001911;-11.195;-11.184;-99.990;0.00;-24.16;
2025-11-24 18:08:12.23;0.00:00:18:201;-1.00;0.00;0.00;0.07569;-0.07585;0.0002115;-5.846E-05;89.92;-0.02;100.22;0.08;100.22;0.07569;0.07585;-0.0001645;-11.210;-11.200;-99.990;0.00;-15.45;
2025-11-24 18:08:12.28;0.00:00:18:248;-1.00;0.00;0.00;0.07572;-0.07589;0.0001743;-7.451E-05;89.93;-0.03;100.22;0.10;100.22;0.07572;0.07589;-0.0001688;-11.208;-11.198;-99.990;0.00;-23.14;
2025-11-24 18:08:12.32;0.00:00:18:295;-1.00;0.00;0.00;0.0756;-0.07578;0.000238;-3.751E-05;89.91;-0.01;100.23;0.05;100.23;0.0756;0.07578;-0.0001724;-11.215;-11.205;-99.990;0.00;-8.96;
2025-11-24 18:08:12.37;0.00:00:18:345;-1.00;0.00;0.00;0.07563;-0.07582;0.0002035;-4.848E-05;89.92;-0.02;100.25;0.06;100.25;0.07563;0.07582;-0.0001872;-11.213;-11.202;-99.990;0.00;-13.40;
2025-11-24 18:08:12.43;0.00:00:18:404;-1.00;0.00;0.00;0.07555;-0.07573;0.0002078;-4.769E-05;89.92;-0.02;100.24;0.06;100.24;0.07555;0.07573;-0.0001794;-11.218;-11.207;-99.990;0.00;-12.92;
2025-11-24 18:08:12.48;0.00:00:18:452;-1.00;0.00;0.00;0.07546;-0.07566;0.0002071;-2.407E-05;89.92;-0.01;100.27;0.03;100.27;0.07546;0.07566;-0.000202;-11.223;-11.211;-99.990;0.00;-6.63;
2025-11-24 18:08:12.53;0.00:00:18:499;-1.00;0.00;0.00;0.07548;-0.07566;0.0002316;-6.325E-05;89.91;-0.02;100.24;0.08;100.24;0.07548;0.07566;-0.0001783;-11.222;-11.211;-99.990;0.00;-15.28;
2025-11-24 18:08:12.58;0.00:00:18:547;-1.00;0.00;0.00;0.07561;-0.07577;0.0002283;-5.801E-05;89.91;-0.02;100.23;0.08;100.23;0.07561;0.07578;-0.0001703;-11.214;-11.205;-99.990;0.00;-14.26;
2025-11-24 18:08:12.62;0.00:00:18:595;-1.00;0.00;0.00;0.07588;-0.07607;0.0002214;-5.447E-05;89.92;-0.02;100.25;0.07;100.25;0.07588;0.07607;-0.0001928;-11.199;-11.188;-99.990;0.00;-13.82;
2025-11-24 18:08:12.68;0.00:00:18:646;-1.00;0.00;0.00;0.07595;-0.07612;0.0002118;-4.225E-05;89.92;-0.02;100.23;0.06;100.23;0.07595;0.07612;-0.0001716;-11.195;-11.185;-99.990;0.00;-11.28;
2025-11-24 18:08:12.73;0.00:00:18:696;-1.00;0.00;0.00;0.07606;-0.07623;0.0002225;-6.224E-05;89.92;-0.02;100.23;0.08;100.23;0.07606;0.07623;-0.0001771;-11.189;-11.179;-99.990;0.00;-15.63;
2025-11-24 18:08:12.78;0.00:00:18:747;-1.00;0.00;0.00;0.07601;-0.07619;0.0002228;-4.051E-05;89.92;-0.02;100.24;0.05;100.24;0.07601;0.07619;-0.0001788;-11.191;-11.181;-99.990;0.00;-10.30;
2025-11-24 18:08:12.83;0.00:00:18:797;-1.00;0.00;0.00;0.07597;-0.07614;0.0001861;-3.565E-05;89.93;-0.01;100.22;0.05;100.22;0.07597;0.07614;-0.000168;-11.194;-11.184;-99.990;0.00;-10.84;
2025-11-24 18:08:12.89;0.00:00:18:859;-1.00;0.00;0.00;0.07601;-0.0762;0.000193;-7.049E-05;89.93;-0.03;100.25;0.09;100.25;0.07601;0.0762;-0.0001878;-11.191;-11.180;-99.990;0.00;-20.06;
2025-11-24 18:08:12.94;0.00:00:18:910;-1.00;0.00;0.00;0.07589;-0.07607;0.0002272;-5.047E-05;89.91;-0.02;100.23;0.07;100.23;0.07589;0.07607;-0.0001776;-11.198;-11.188;-99.990;0.00;-12.52;
2025-11-24 18:08:12.99;0.00:00:18:962;-1.00;0.00;0.00;0.07594;-0.07612;0.000222;-4.098E-05;89.92;-0.02;100.24;0.05;100.24;0.07594;0.07612;-0.0001795;-11.195;-11.185;-99.990;0.00;-10.46;
2025-11-24 18:08:13.06;0.00:00:19:025;-1.00;0.00;0.00;0.07592;-0.07611;0.0001666;-4.329E-05;89.94;-0.02;100.24;0.06;100.24;0.07592;0.07611;-0.0001808;-11.196;-11.186;-99.990;0.00;-14.57;
2025-11-24 18:08:13.11;0.00:00:19:075;-1.00;0.00;0.00;0.07567;-0.07585;0.0001863;-4.357E-05;89.93;-0.02;100.24;0.06;100.24;0.07567;0.07585;-0.0001799;-11.211;-11.200;-99.990;0.00;-13.16;
2025-11-24 18:08:13.16;0.00:00:19:127;-1.00;0.00;0.00;0.07561;-0.07578;0.0002151;-4.244E-05;89.92;-0.02;100.23;0.06;100.23;0.07561;0.07578;-0.0001735;-11.214;-11.204;-99.990;0.00;-11.16;
2025-11-24 18:08:13.21;0.00:00:19:181;-1.00;0.00;0.00;0.07568;-0.07586;0.0001953;-5.428E-05;89.93;-0.02;100.24;0.07;100.24;0.07568;0.07586;-0.0001852;-11.210;-11.200;-99.990;0.00;-15.53;
2025-11-24 18:08:13.26;0.00:00:19:229;-1.00;0.00;0.00;0.07581;-0.07599;0.0002054;-2.865E-05;89.92;-0.01;100.24;0.04;100.24;0.07581;0.07599;-0.0001783;-11.203;-11.192;-99.990;0.00;-7.94;
2025-11-24 18:08:13.31;0.00:00:19:281;-1.00;0.00;0.00;0.07558;-0.07577;0.0002028;-6.11E-05;89.92;-0.02;100.25;0.08;100.25;0.07558;0.07577;-0.0001897;-11.216;-11.205;-99.990;0.00;-16.77;
2025-11-24 18:08:13.36;0.00:00:19:331;-1.00;0.00;0.00;0.07569;-0.07586;0.0002067;-4.331E-05;89.92;-0.02;100.23;0.06;100.23;0.07569;0.07587;-0.0001734;-11.210;-11.200;-99.990;0.00;-11.83;
2025-11-24 18:08:13.42;0.00:00:19:392;-1.00;0.00;0.00;0.07578;-0.07597;0.0002159;-7.03E-05;89.92;-0.03;100.25;0.09;100.25;0.07578;0.07597;-0.0001895;-11.205;-11.194;-99.990;0.00;-18.03;
2025-11-24 18:08:13.47;0.00:00:19:444;-1.00;0.00;0.00;0.07564;-0.07581;0.0002131;-4.918E-05;89.92;-0.02;100.22;0.07;100.22;0.07564;0.07581;-0.0001664;-11.212;-11.203;-99.990;0.00;-13.00;
2025-11-24 18:08:13.52;0.00:00:19:495;-1.00;0.00;0.00;0.07562;-0.07579;0.000205;-4.179E-05;89.92;-0.02;100.22;0.06;100.22;0.07562;0.07579;-0.0001695;-11.213;-11.204;-99.990;0.00;-11.52;
2025-11-24 18:08:13.58;0.00:00:19:547;-1.00;0.00;0.00;0.07546;-0.07564;0.0002041;-4.931E-05;89.92;-0.02;100.24;0.07;100.24;0.07546;0.07564;-0.0001778;-11.223;-11.213;-99.990;0.00;-13.58;
2025-11-24 18:08:13.62;0.00:00:19:587;-1.00;0.00;0.00;0.0756;-0.07578;0.0002059;-3.353E-05;89.92;-0.01;100.24;0.04;100.24;0.0756;0.07578;-0.0001786;-11.215;-11.204;-99.990;0.00;-9.25;
2025-11-24 18:08:13.68;0.00:00:19:649;-1.00;0.00;0.00;0.07562;-0.07579;0.0001912;-3.712E-05;89.93;-0.01;100.23;0.05;100.23;0.07562;0.07579;-0.0001714;-11.214;-11.204;-99.990;0.00;-10.99;
2025-11-24 18:08:13.73;0.00:00:19:700;-1.00;0.00;0.00;0.07554;-0.07572;0.0002136;-3.349E-05;89.92;-0.01;100.24;0.04;100.24;0.07554;0.07572;-0.0001842;-11.218;-11.208;-99.990;0.00;-8.91;
2025-11-24 18:08:13.78;0.00:00:19:751;-1.00;0.00;0.00;0.07542;-0.0756;0.0001854;-3.026E-05;89.93;-0.01;100.23;0.04;100.23;0.07542;0.0756;-0.000173;-11.225;-11.215;-99.990;0.00;-9.27;
2025-11-24 18:08:13.83;0.00:00:19:802;-1.00;0.00;0.00;0.07561;-0.07577;0.0001984;-7.242E-05;89.92;-0.03;100.22;0.10;100.22;0.07561;0.07577;-0.0001666;-11.214;-11.205;-99.990;0.00;-20.05;
2025-11-24 18:08:13.89;0.00:00:19:863;-1.00;0.00;0.00;0.07594;-0.07611;0.0002346;-7.958E-05;89.91;-0.03;100.22;0.10;100.22;0.07594;0.07611;-0.0001696;-11.195;-11.186;-99.990;0.00;-18.74;
2025-11-24 18:08:13.95;0.00:00:19:924;-1.00;0.00;0.00;0.0761;-0.07629;0.0002176;-3.69E-05;89.92;-0.01;100.25;0.05;100.25;0.0761;0.07629;-0.0001905;-11.186;-11.176;-99.990;0.00;-9.62;
2025-11-24 18:08:14.00;0.00:00:19:975;-1.00;0.00;0.00;0.07589;-0.07606;0.00021;-4.824E-05;89.92;-0.02;100.23;0.06;100.23;0.07589;0.07606;-0.0001728;-11.198;-11.188;-99.990;0.00;-12.94;
2025-11-24 18:08:14.06;0.00:00:20:033;-1.00;0.00;0.00;0.07594;-0.07613;0.0002016;-5.565E-05;89.92;-0.02;100.24;0.07;100.24;0.07594;0.07613;-0.0001853;-11.195;-11.185;-99.990;0.00;-15.43;
2025-11-24 18:08:14.11;0.00:00:20:085;-1.00;0.00;0.00;0.07596;-0.07615;0.0001825;-3.426E-05;89.93;-0.01;100.24;0.05;100.24;0.07596;0.07615;-0.000185;-11.194;-11.183;-99.990;0.00;-10.63;
2025-11-24 18:08:14.17;0.00:00:20:136;-1.00;0.00;0.00;0.07594;-0.07611;0.000178;-4.682E-05;89.93;-0.02;100.23;0.06;100.23;0.07594;0.07611;-0.0001775;-11.196;-11.185;-99.990;0.00;-14.74;
2025-11-24 18:08:14.22;0.00:00:20:187;-1.00;0.00;0.00;0.07588;-0.07607;0.0002314;-6.44E-05;89.91;-0.02;100.24;0.08;100.24;0.07588;0.07607;-0.0001837;-11.198;-11.188;-99.990;0.00;-15.55;
2025-11-24 18:08:14.27;0.00:00:20:239;-1.00;0.00;0.00;0.07585;-0.07604;0.0002321;-2.804E-05;89.91;-0.01;100.25;0.04;100.25;0.07585;0.07604;-0.0001892;-11.200;-11.190;-99.990;0.00;-6.89;
2025-11-24 18:08:14.33;0.00:00:20:299;-1.00;0.00;0.00;0.07567;-0.07584;0.0002345;-3.565E-05;89.91;-0.01;100.21;0.05;100.21;0.07567;0.07584;-0.000161;-11.211;-11.201;-99.990;0.00;-8.64;
2025-11-24 18:08:14.38;0.00:00:20:351;-1.00;0.00;0.00;0.07565;-0.07581;0.0002015;-3.415E-05;89.92;-0.01;100.20;0.05;100.20;0.07565;0.07581;-0.000154;-11.212;-11.203;-99.990;0.00;-9.62;
2025-11-24 18:08:14.43;0.00:00:20:403;-1.00;0.00;0.00;0.07574;-0.07591;0.0002159;-5.487E-05;89.92;-0.02;100.23;0.07;100.23;0.07574;0.07591;-0.0001728;-11.207;-11.197;-99.990;0.00;-14.26;
2025-11-24 18:08:14.48;0.00:00:20:454;-1.00;0.00;0.00;0.07584;-0.076;0.0002084;-4.062E-05;89.92;-0.02;100.21;0.05;100.21;0.07584;0.076;-0.0001584;-11.201;-11.192;-99.990;0.00;-11.03;
2025-11-24 18:08:14.55;0.00:00:20:517;-1.00;0.00;0.00;0.07563;-0.07581;0.0001802;-4.885E-05;89.93;-0.02;100.24;0.06;100.24;0.07563;0.07581;-0.0001812;-11.213;-11.203;-99.990;0.00;-15.17;
2025-11-24 18:08:14.60;0.00:00:20:568;-1.00;0.00;0.00;0.07561;-0.0758;0.0002167;-4.601E-05;89.92;-0.02;100.25;0.06;100.25;0.07561;0.0758;-0.0001893;-11.214;-11.204;-99.990;0.00;-11.99;
2025-11-24 18:08:14.65;0.00:00:20:619;-1.00;0.00;0.00;0.07561;-0.07577;0.000206;-5.389E-05;89.92;-0.02;100.20;0.07;100.20;0.07561;0.07577;-0.0001522;-11.214;-11.205;-99.990;0.00;-14.66;
2025-11-24 18:08:14.70;0.00:00:20:666;-1.00;0.00;0.00;0.07568;-0.07585;0.0002061;-3.438E-05;89.92;-0.01;100.23;0.05;100.23;0.07568;0.07585;-0.0001722;-11.210;-11.200;-99.990;0.00;-9.47;
2025-11-24 18:08:14.74;0.00:00:20:712;-1.00;0.00;0.00;0.07573;-0.07592;0.0002228;-5.002E-05;89.92;-0.02;100.25;0.07;100.25;0.07573;0.07592;-0.0001863;-11.207;-11.196;-99.990;0.00;-12.65;
2025-11-24 18:08:14.79;0.00:00:20:759;-1.00;0.00;0.00;0.07576;-0.07594;0.0002244;-3.738E-05;89.92;-0.01;100.23;0.05;100.23;0.07576;0.07594;-0.0001747;-11.205;-11.195;-99.990;0.00;-9.46;
2025-11-24 18:08:14.84;0.00:00:20:806;-1.00;0.00;0.00;0.07574;-0.07591;0.0001932;-6.128E-05;89.93;-0.02;100.22;0.08;100.22;0.07574;0.07591;-0.0001694;-11.207;-11.197;-99.990;0.00;-17.60;
2025-11-24 18:08:14.88;0.00:00:20:853;-1.00;0.00;0.00;0.07586;-0.07604;0.0002347;-7.281E-05;89.91;-0.03;100.24;0.10;100.24;0.07586;0.07604;-0.000181;-11.200;-11.190;-99.990;0.00;-17.23;
2025-11-24 18:08:14.93;0.00:00:20:901;-1.00;0.00;0.00;0.07588;-0.07607;0.0002327;-3.668E-05;89.91;-0.01;100.25;0.05;100.25;0.07588;0.07607;-0.0001909;-11.199;-11.188;-99.990;0.00;-8.96;
2025-11-24 18:08:14.98;0.00:00:20:948;-1.00;0.00;0.00;0.07579;-0.07595;0.0002113;-3.579E-05;89.92;-0.01;100.22;0.05;100.22;0.07579;0.07595;-0.0001638;-11.204;-11.195;-99.990;0.00;-9.61;
2025-11-24 18:08:15.02;0.00:00:20:994;-1.00;0.00;0.00;0.07575;-0.07592;0.0002091;-3.999E-05;89.92;-0.02;100.22;0.05;100.22;0.07575;0.07592;-0.0001679;-11.206;-11.197;-99.990;0.00;-10.82;
2025-11-24 18:08:15.07;0.00:00:21:041;-1.00;0.00;0.00;0.07571;-0.07587;0.0001691;-3.226E-05;89.94;-0.01;100.22;0.04;100.22;0.07571;0.07588;-0.0001685;-11.209;-11.199;-99.990;0.00;-10.80;
2025-11-24 18:08:15.12;0.00:00:21:087;-1.00;0.00;0.00;0.07583;-0.07602;0.0002234;-5.28E-05;89.92;-0.02;100.25;0.07;100.25;0.07583;0.07602;-0.0001865;-11.201;-11.191;-99.990;0.00;-13.30;
2025-11-24 18:08:15.16;0.00:00:21:135;-1.00;0.00;0.00;0.07579;-0.07596;0.0002105;-4.971E-05;89.92;-0.02;100.22;0.07;100.22;0.07579;0.07596;-0.0001646;-11.204;-11.194;-99.990;0.00;-13.29;
2025-11-24 18:08:15.23;0.00:00:21:196;-1.00;0.00;0.00;0.07569;-0.07586;0.0001802;-4.518E-05;89.93;-0.02;100.24;0.06;100.24;0.07569;0.07586;-0.0001798;-11.210;-11.200;-99.990;0.00;-14.08;
2025-11-24 18:08:15.27;0.00:00:21:244;-1.00;0.00;0.00;0.07572;-0.07587;0.0001985;-4.282E-05;89.93;-0.02;100.20;0.06;100.20;0.07572;0.07587;-0.0001504;-11.208;-11.200;-99.990;0.00;-12.17;
2025-11-24 18:08:15.32;0.00:00:21:290;-1.00;0.00;0.00;0.0757;-0.07586;0.0002257;-5.084E-05;89.91;-0.02;100.22;0.07;100.22;0.0757;0.07586;-0.0001671;-11.209;-11.200;-99.990;0.00;-12.70;
2025-11-24 18:08:15.37;0.00:00:21:337;-1.00;0.00;0.00;0.0758;-0.076;0.0002425;-5.825E-05;89.91;-0.02;100.26;0.08;100.26;0.0758;0.076;-0.0001996;-11.203;-11.192;-99.990;0.00;-13.51;
2025-11-24 18:08:15.41;0.00:00:21:384;-1.00;0.00;0.00;0.07587;-0.07606;0.0002335;-6.142E-05;89.91;-0.02;100.25;0.08;100.25;0.07587;0.07606;-0.0001934;-11.200;-11.189;-99.990;0.00;-14.73;
2025-11-24 18:08:15.46;0.00:00:21:430;-1.00;0.00;0.00;0.07587;-0.07605;0.0002291;-5.366E-05;89.91;-0.02;100.23;0.07;100.23;0.07587;0.07605;-0.0001777;-11.199;-11.189;-99.990;0.00;-13.18;
2025-11-24 18:08:15.51;0.00:00:21:476;-1.00;0.00;0.00;0.07579;-0.07596;0.0002243;-3.22E-05;89.92;-0.01;100.22;0.04;100.22;0.07579;0.07596;-0.0001705;-11.204;-11.194;-99.990;0.00;-8.17;
2025-11-24 18:08:15.55;0.00:00:21:524;-1.00;0.00;0.00;0.0757;-0.07586;0.000172;-3.929E-05;89.94;-0.01;100.22;0.05;100.22;0.0757;0.07587;-0.0001632;-11.209;-11.200;-99.990;0.00;-12.87;
2025-11-24 18:08:15.60;0.00:00:21:571;-1.00;0.00;0.00;0.07574;-0.07591;0.0002091;-3.221E-05;89.92;-0.01;100.22;0.04;100.22;0.07574;0.07591;-0.0001687;-11.206;-11.197;-99.990;0.00;-8.76;
2025-11-24 18:08:15.65;0.00:00:21:617;-1.00;0.00;0.00;0.07575;-0.07593;0.0002049;-3.849E-05;89.92;-0.01;100.24;0.05;100.23;0.07575;0.07593;-0.000178;-11.206;-11.196;-99.990;0.00;-10.64;
2025-11-24 18:08:15.69;0.00:00:21:663;-1.00;0.00;0.00;0.07571;-0.07587;0.0002187;-6.37E-05;89.92;-0.02;100.22;0.08;100.21;0.07571;0.07587;-0.0001628;-11.209;-11.199;-99.990;0.00;-16.24;
2025-11-24 18:08:15.74;0.00:00:21:710;-1.00;0.00;0.00;0.07573;-0.0759;0.0002258;-6.224E-05;89.91;-0.02;100.24;0.08;100.24;0.07573;0.0759;-0.0001783;-11.208;-11.197;-99.990;0.00;-15.41;
2025-11-24 18:08:15.79;0.00:00:21:757;-1.00;0.00;0.00;0.07592;-0.0761;0.0001739;-3.62E-05;89.93;-0.01;100.24;0.05;100.24;0.07592;0.0761;-0.0001797;-11.197;-11.186;-99.990;0.00;-11.76;
2025-11-24 18:08:15.83;0.00:00:21:804;-1.00;0.00;0.00;0.0759;-0.07607;0.0001981;-4.477E-05;89.93;-0.02;100.22;0.06;100.22;0.0759;0.07607;-0.0001678;-11.197;-11.188;-99.990;0.00;-12.73;
2025-11-24 18:08:15.88;0.00:00:21:852;-1.00;0.00;0.00;0.07591;-0.07607;0.000229;-4.419E-05;89.91;-0.02;100.21;0.06;100.21;0.07591;0.07607;-0.0001627;-11.197;-11.188;-99.990;0.00;-10.92;
2025-11-24 18:08:15.93;0.00:00:21:899;-1.00;0.00;0.00;0.0757;-0.07586;0.0002002;-4.918E-05;89.92;-0.02;100.22;0.06;100.22;0.0757;0.07587;-0.0001646;-11.209;-11.200;-99.990;0.00;-13.80;
2025-11-24 18:08:15.98;0.00:00:21:948;-1.00;0.00;0.00;0.07576;-0.07592;0.0002041;-4.254E-05;89.92;-0.02;100.21;0.06;100.21;0.07576;0.07592;-0.0001595;-11.206;-11.197;-99.990;0.00;-11.77;
2025-11-24 18:08:16.02;0.00:00:21:993;-1.00;0.00;0.00;0.0757;-0.07586;0.0002106;-4.208E-05;89.92;-0.02;100.21;0.06;100.21;0.0757;0.07586;-0.0001625;-11.209;-11.200;-99.990;0.00;-11.30;
2025-11-24 18:08:16.07;0.00:00:22:040;-1.00;0.00;0.00;0.07562;-0.07577;0.0001977;-4.204E-05;89.93;-0.02;100.21;0.06;100.21;0.07562;0.07577;-0.0001568;-11.214;-11.205;-99.990;0.00;-12.01;
2025-11-24 18:08:16.12;0.00:00:22:087;-1.00;0.00;0.00;0.07557;-0.07574;0.0002414;-4.343E-05;89.91;-0.02;100.23;0.06;100.23;0.07557;0.07574;-0.000174;-11.217;-11.207;-99.990;0.00;-10.20;
2025-11-24 18:08:16.16;0.00:00:22:135;-1.00;0.00;0.00;0.07547;-0.07567;0.0002268;-5.142E-05;89.91;-0.02;100.26;0.07;100.26;0.07547;0.07567;-0.0001992;-11.222;-11.211;-99.990;0.00;-12.78;
2025-11-24 18:08:16.21;0.00:00:22:182;-1.00;0.00;0.00;0.07554;-0.07572;0.0002507;-4.706E-05;89.91;-0.02;100.24;0.06;100.24;0.07554;0.07572;-0.0001813;-11.218;-11.208;-99.990;0.00;-10.63;
2025-11-24 18:08:16.26;0.00:00:22:228;-1.00;0.00;0.00;0.07587;-0.07605;0.0002404;-4.967E-05;89.91;-0.02;100.24;0.07;100.24;0.07587;0.07605;-0.0001794;-11.200;-11.189;-99.990;0.00;-11.68;
2025-11-24 18:08:16.30;0.00:00:22:275;-1.00;0.00;0.00;0.07582;-0.07599;0.0001859;-3.256E-05;89.93;-0.01;100.22;0.04;100.22;0.07582;0.07599;-0.0001667;-11.202;-11.193;-99.990;0.00;-9.93;
2025-11-24 18:08:16.35;0.00:00:22:322;-1.00;0.00;0.00;0.07579;-0.07596;0.0002404;-5.429E-05;89.91;-0.02;100.22;0.07;100.22;0.07579;0.07596;-0.0001669;-11.204;-11.194;-99.990;0.00;-12.73;
2025-11-24 18:08:16.40;0.00:00:22:369;-1.00;0.00;0.00;0.07583;-0.07601;0.0002062;-5.107E-05;89.92;-0.02;100.23;0.07;100.23;0.07583;0.07601;-0.0001772;-11.202;-11.191;-99.990;0.00;-13.91;
2025-11-24 18:08:16.45;0.00:00:22:416;-1.00;0.00;0.00;0.07579;-0.07597;0.0002377;-5.024E-05;89.91;-0.02;100.23;0.07;100.23;0.07579;0.07597;-0.0001722;-11.204;-11.194;-99.990;0.00;-11.94;
2025-11-24 18:08:16.49;0.00:00:22:463;-1.00;0.00;0.00;0.07595;-0.07615;0.0002523;-4.042E-05;89.91;-0.02;100.27;0.05;100.27;0.07595;0.07615;-0.0002041;-11.195;-11.183;-99.990;0.00;-9.10;
2025-11-24 18:08:16.54;0.00:00:22:511;-1.00;0.00;0.00;0.07591;-0.0761;0.0001772;-2.614E-05;89.93;-0.01;100.24;0.03;100.24;0.07591;0.0761;-0.0001845;-11.197;-11.186;-99.990;0.00;-8.39;
2025-11-24 18:08:16.59;0.00:00:22:558;-1.00;0.00;0.00;0.0758;-0.07598;0.0002046;-6.449E-05;89.92;-0.02;100.24;0.09;100.24;0.0758;0.07598;-0.0001796;-11.203;-11.193;-99.990;0.00;-17.50;
2025-11-24 18:08:16.63;0.00:00:22:605;-1.00;0.00;0.00;0.07585;-0.07601;0.0001851;-4.515E-05;89.93;-0.02;100.21;0.06;100.21;0.07585;0.07601;-0.0001593;-11.201;-11.191;-99.990;0.00;-13.71;
2025-11-24 18:08:16.68;0.00:00:22:655;-1.00;0.00;0.00;0.07589;-0.07606;0.0002442;-2.834E-05;89.91;-0.01;100.22;0.04;100.22;0.07589;0.07606;-0.0001639;-11.198;-11.189;-99.990;0.00;-6.62;
2025-11-24 18:08:16.74;0.00:00:22:714;-1.00;0.00;0.00;0.07583;-0.07601;0.0002218;-3.727E-05;89.92;-0.01;100.24;0.05;100.24;0.07583;0.07601;-0.0001804;-11.202;-11.191;-99.990;0.00;-9.54;
2025-11-24 18:08:16.79;0.00:00:22:761;-1.00;0.00;0.00;0.07593;-0.0761;0.0002198;-3.856E-05;89.92;-0.01;100.23;0.05;100.23;0.07593;0.0761;-0.000173;-11.196;-11.186;-99.990;0.00;-9.95;
2025-11-24 18:08:16.84;0.00:00:22:808;-1.00;0.00;0.00;0.07591;-0.07609;0.0001956;-6.442E-05;89.93;-0.02;100.23;0.08;100.23;0.07591;0.07609;-0.0001776;-11.197;-11.187;-99.990;0.00;-18.23;
2025-11-24 18:08:16.88;0.00:00:22:854;-1.00;0.00;0.00;0.0759;-0.07606;0.0002165;-4.152E-05;89.92;-0.02;100.22;0.05;100.22;0.0759;0.07606;-0.0001634;-11.198;-11.188;-99.990;0.00;-10.86;
2025-11-24 18:08:16.93;0.00:00:22:902;-1.00;0.00;0.00;0.07592;-0.07609;0.0002457;-5.217E-05;89.91;-0.02;100.22;0.07;100.22;0.07592;0.07609;-0.0001668;-11.196;-11.187;-99.990;0.00;-11.99;
2025-11-24 18:08:16.98;0.00:00:22:949;-1.00;0.00;0.00;0.07587;-0.07602;0.0002384;-4.211E-05;89.91;-0.02;100.19;0.06;100.19;0.07587;0.07602;-0.0001446;-11.199;-11.191;-99.990;0.00;-10.01;
2025-11-24 18:08:17.03;0.00:00:22:997;-1.00;0.00;0.00;0.07583;-0.076;0.0002154;-4.199E-05;89.92;-0.02;100.22;0.06;100.22;0.07583;0.076;-0.0001693;-11.201;-11.192;-99.990;0.00;-11.03;
2025-11-24 18:08:17.07;0.00:00:23:043;-1.00;0.00;0.00;0.07575;-0.07592;0.0002225;-5.313E-05;89.92;-0.02;100.23;0.07;100.23;0.07575;0.07592;-0.0001728;-11.206;-11.196;-99.990;0.00;-13.43;
2025-11-24 18:08:17.12;0.00:00:23:089;-1.00;0.00;0.00;0.07577;-0.07595;0.0002085;-4.954E-05;89.92;-0.02;100.24;0.07;100.24;0.07577;0.07596;-0.0001846;-11.205;-11.194;-99.990;0.00;-13.37;
2025-11-24 18:08:17.17;0.00:00:23:137;-1.00;0.00;0.00;0.07569;-0.07584;0.0002831;-4.963E-05;89.89;-0.02;100.20;0.07;100.20;0.07569;0.07584;-0.0001526;-11.210;-11.201;-99.990;0.00;-9.94;
2025-11-24 18:08:17.21;0.00:00:23:183;-1.00;0.00;0.00;0.07568;-0.07585;0.0001951;-4.987E-05;89.93;-0.02;100.22;0.07;100.22;0.07568;0.07585;-0.0001685;-11.210;-11.200;-99.990;0.00;-14.34;
2025-11-24 18:08:17.27;0.00:00:23:245;-1.00;0.00;0.00;0.07561;-0.07578;0.0001921;-6.793E-05;89.93;-0.03;100.22;0.09;100.22;0.07561;0.07578;-0.0001661;-11.214;-11.204;-99.990;0.00;-19.48;
2025-11-24 18:08:17.32;0.00:00:23:292;-1.00;0.00;0.00;0.07564;-0.07582;0.0002196;-5.238E-05;89.92;-0.02;100.24;0.07;100.24;0.07564;0.07582;-0.0001789;-11.212;-11.202;-99.990;0.00;-13.41;
2025-11-24 18:08:17.37;0.00:00:23:340;-1.00;0.00;0.00;0.07579;-0.07597;0.0002228;-4.74E-05;89.92;-0.02;100.24;0.06;100.24;0.07579;0.07597;-0.0001811;-11.204;-11.194;-99.990;0.00;-12.01;
2025-11-24 18:08:17.42;0.00:00:23:386;-1.00;0.00;0.00;0.07574;-0.07591;0.0002325;-5.531E-05;89.91;-0.02;100.22;0.07;100.22;0.07574;0.07591;-0.0001692;-11.207;-11.197;-99.990;0.00;-13.38;
2025-11-24 18:08:17.46;0.00:00:23:433;-1.00;0.00;0.00;0.07573;-0.07591;0.0002211;-3.808E-05;89.92;-0.01;100.23;0.05;100.23;0.07573;0.07591;-0.0001769;-11.207;-11.197;-99.990;0.00;-9.77;
2025-11-24 18:08:17.51;0.00:00:23:480;-1.00;0.00;0.00;0.07576;-0.07593;0.0001972;-3.269E-05;89.93;-0.01;100.23;0.04;100.23;0.07576;0.07593;-0.0001741;-11.206;-11.196;-99.990;0.00;-9.41;
2025-11-24 18:08:17.56;0.00:00:23:526;-1.00;0.00;0.00;0.07569;-0.07588;0.0002278;-2.988E-05;89.91;-0.01;100.25;0.04;100.25;0.07569;0.07588;-0.0001879;-11.210;-11.199;-99.990;0.00;-7.47;
2025-11-24 18:08:17.60;0.00:00:23:573;-1.00;0.00;0.00;0.07572;-0.07589;0.0002066;-5.511E-05;89.92;-0.02;100.23;0.07;100.23;0.07572;0.07589;-0.0001708;-11.208;-11.198;-99.990;0.00;-14.93;
2025-11-24 18:08:17.65;0.00:00:23:619;-1.00;0.00;0.00;0.07578;-0.07594;0.0002025;-3.635E-05;89.92;-0.01;100.21;0.05;100.21;0.07578;0.07594;-0.0001609;-11.204;-11.195;-99.990;0.00;-10.18;
2025-11-24 18:08:17.70;0.00:00:23:666;-1.00;0.00;0.00;0.07579;-0.07594;0.0002335;-5.071E-05;89.91;-0.02;100.20;0.07;100.20;0.07579;0.07594;-0.0001524;-11.204;-11.195;-99.990;0.00;-12.25;
2025-11-24 18:08:17.74;0.00:00:23:713;-1.00;0.00;0.00;0.07559;-0.07576;0.000159;-3.426E-05;89.94;-0.01;100.22;0.05;100.22;0.07559;0.07576;-0.0001683;-11.216;-11.206;-99.990;0.00;-12.16;
2025-11-24 18:08:17.79;0.00:00:23:759;-1.00;0.00;0.00;0.07551;-0.07569;0.000209;-6.459E-05;89.92;-0.02;100.24;0.09;100.24;0.07551;0.07569;-0.0001787;-11.220;-11.210;-99.990;0.00;-17.18;
2025-11-24 18:08:17.84;0.00:00:23:806;-1.00;0.00;0.00;0.07552;-0.0757;0.0002281;-6.44E-05;89.91;-0.02;100.24;0.09;100.24;0.07552;0.0757;-0.0001847;-11.220;-11.209;-99.990;0.00;-15.77;
2025-11-24 18:08:17.88;0.00:00:23:852;-1.00;0.00;0.00;0.07572;-0.07591;0.0002073;-2.002E-05;89.92;-0.01;100.24;0.03;100.24;0.07572;0.07591;-0.0001839;-11.208;-11.197;-99.990;0.00;-5.52;
2025-11-24 18:08:17.93;0.00:00:23:899;-1.00;0.00;0.00;0.07567;-0.07584;0.0002077;-4.927E-05;89.92;-0.02;100.22;0.07;100.22;0.07567;0.07584;-0.0001682;-11.211;-11.201;-99.990;0.00;-13.35;
2025-11-24 18:08:17.97;0.00:00:23:945;-1.00;0.00;0.00;0.07564;-0.07581;0.000217;-4.562E-05;89.92;-0.02;100.23;0.06;100.23;0.07564;0.07581;-0.000174;-11.213;-11.203;-99.990;0.00;-11.87;
2025-11-24 18:08:18.02;0.00:00:23:992;-1.00;0.00;0.00;0.07562;-0.0758;0.0001968;-6.134E-05;89.93;-0.02;100.23;0.08;100.23;0.07562;0.0758;-0.0001756;-11.213;-11.203;-99.990;0.00;-17.31;
2025-11-24 18:08:18.07;0.00:00:24:039;-1.00;0.00;0.00;0.07577;-0.07595;0.0002273;-6.219E-05;89.91;-0.02;100.24;0.08;100.24;0.07577;0.07595;-0.0001793;-11.205;-11.195;-99.990;0.00;-15.30;
2025-11-24 18:08:18.12;0.00:00:24:086;-1.00;0.00;0.00;0.07599;-0.07617;0.0002051;-3.053E-05;89.92;-0.01;100.23;0.04;100.23;0.07599;0.07617;-0.0001719;-11.192;-11.182;-99.990;0.00;-8.47;
2025-11-24 18:08:18.16;0.00:00:24:133;-1.00;0.00;0.00;0.07603;-0.07619;0.0001861;-3.104E-05;89.93;-0.01;100.21;0.04;100.21;0.07603;0.07619;-0.0001591;-11.190;-11.181;-99.990;0.00;-9.47;
2025-11-24 18:08:18.21;0.00:00:24:182;-1.00;0.00;0.00;0.07598;-0.07617;0.0002025;-3.7E-05;89.92;-0.01;100.25;0.05;100.25;0.07598;0.07617;-0.0001876;-11.193;-11.182;-99.990;0.00;-10.35;
2025-11-24 18:08:18.27;0.00:00:24:242;-1.00;0.00;0.00;0.07596;-0.07613;0.0002068;-3.6E-05;89.92;-0.01;100.22;0.05;100.22;0.07596;0.07613;-0.0001688;-11.194;-11.185;-99.990;0.00;-9.88;
2025-11-24 18:08:18.32;0.00:00:24:289;-1.00;0.00;0.00;0.07616;-0.07634;0.000199;-3.733E-05;89.93;-0.01;100.24;0.05;100.24;0.07616;0.07634;-0.0001794;-11.183;-11.172;-99.990;0.00;-10.63;
2025-11-24 18:08:18.36;0.00:00:24:335;-1.00;0.00;0.00;0.0761;-0.07629;0.000214;-3.334E-05;89.92;-0.01;100.25;0.04;100.25;0.0761;0.07629;-0.0001895;-11.186;-11.175;-99.990;0.00;-8.86;
2025-11-24 18:08:18.41;0.00:00:24:381;-1.00;0.00;0.00;0.07603;-0.07621;0.0002174;-3.376E-05;89.92;-0.01;100.23;0.04;100.23;0.07603;0.07621;-0.0001766;-11.190;-11.180;-99.990;0.00;-8.83;
2025-11-24 18:08:18.46;0.00:00:24:429;-1.00;0.00;0.00;0.07585;-0.07602;0.0002009;-4.435E-05;89.92;-0.02;100.23;0.06;100.23;0.07585;0.07602;-0.0001779;-11.201;-11.191;-99.990;0.00;-12.45;
2025-11-24 18:08:18.51;0.00:00:24:476;-1.00;0.00;0.00;0.07578;-0.07597;0.0002573;-6.831E-05;89.90;-0.03;100.25;0.09;100.25;0.07578;0.07597;-0.0001906;-11.204;-11.194;-99.990;0.00;-14.87;
2025-11-24 18:08:18.55;0.00:00:24:522;-1.00;0.00;0.00;0.07586;-0.07603;0.00023;-5.158E-05;89.91;-0.02;100.22;0.07;100.22;0.07586;0.07603;-0.0001701;-11.200;-11.190;-99.990;0.00;-12.64;
2025-11-24 18:08:18.60;0.00:00:24:570;-1.00;0.00;0.00;0.07595;-0.07614;0.0002104;-5.824E-05;89.92;-0.02;100.26;0.08;100.26;0.07595;0.07614;-0.0001966;-11.195;-11.184;-99.990;0.00;-15.48;
2025-11-24 18:08:18.65;0.00:00:24:625;-1.00;0.00;0.00;0.0758;-0.07597;0.0002064;-6.324E-05;89.92;-0.02;100.22;0.08;100.22;0.0758;0.07597;-0.0001699;-11.203;-11.193;-99.990;0.00;-17.04;
2025-11-24 18:08:18.71;0.00:00:24:684;-1.00;0.00;0.00;0.07568;-0.07586;0.0002379;-2.916E-05;89.91;-0.01;100.23;0.04;100.23;0.07568;0.07586;-0.0001757;-11.210;-11.200;-99.990;0.00;-6.99;
2025-11-24 18:08:18.76;0.00:00:24:729;-1.00;0.00;0.00;0.07567;-0.07585;0.0002121;-4.96E-05;89.92;-0.02;100.24;0.07;100.24;0.07567;0.07585;-0.0001804;-11.211;-11.200;-99.990;0.00;-13.16;
2025-11-24 18:08:18.81;0.00:00:24:780;-1.00;0.00;0.00;0.07571;-0.07589;0.0002396;-4.562E-05;89.91;-0.02;100.23;0.06;100.23;0.07571;0.07589;-0.0001751;-11.208;-11.198;-99.990;0.00;-10.78;
2025-11-24 18:08:18.86;0.00:00:24:831;-1.00;0.00;0.00;0.0757;-0.07589;0.0002096;-5.271E-05;89.92;-0.02;100.25;0.07;100.25;0.0757;0.07589;-0.0001908;-11.209;-11.198;-99.990;0.00;-14.11;
2025-11-24 18:08:18.91;0.00:00:24:881;-1.00;0.00;0.00;0.07581;-0.07597;0.0001913;-4.29E-05;89.93;-0.02;100.21;0.06;100.21;0.07581;0.07597;-0.0001573;-11.203;-11.194;-99.990;0.00;-12.64;
2025-11-24 18:08:18.96;0.00:00:24:932;-1.00;0.00;0.00;0.076;-0.07618;0.0002313;-3.967E-05;89.91;-0.01;100.24;0.05;100.24;0.076;0.07618;-0.0001806;-11.192;-11.182;-99.990;0.00;-9.73;
2025-11-24 18:08:19.01;0.00:00:24:984;-1.00;0.00;0.00;0.07601;-0.07618;0.0002342;-2.864E-05;89.91;-0.01;100.22;0.04;100.22;0.07601;0.07618;-0.0001708;-11.191;-11.182;-99.990;0.00;-6.97;
2025-11-24 18:08:19.06;0.00:00:25:034;-1.00;0.00;0.00;0.07592;-0.07611;0.000222;-5.656E-05;89.92;-0.02;100.26;0.07;100.26;0.07592;0.07611;-0.000194;-11.197;-11.185;-99.990;0.00;-14.29;
2025-11-24 18:08:19.12;0.00:00:25:094;-1.00;0.00;0.00;0.07583;-0.07601;0.0002451;-4.692E-05;89.91;-0.02;100.23;0.06;100.23;0.07583;0.07601;-0.0001759;-11.201;-11.191;-99.990;0.00;-10.84;
2025-11-24 18:08:19.19;0.00:00:25:156;-1.00;0.00;0.00;0.07567;-0.07583;0.0002039;-6.24E-05;89.92;-0.02;100.22;0.08;100.22;0.07567;0.07583;-0.0001655;-11.211;-11.202;-99.990;0.00;-17.02;
2025-11-24 18:08:19.25;0.00:00:25:217;-1.00;0.00;0.00;0.07559;-0.07575;0.0002106;-5.074E-05;89.92;-0.02;100.21;0.07;100.21;0.07559;0.07575;-0.0001622;-11.216;-11.206;-99.990;0.00;-13.55;
2025-11-24 18:08:19.30;0.00:00:25:268;-1.00;0.00;0.00;0.07582;-0.07599;0.0002043;-6.187E-05;89.92;-0.02;100.23;0.08;100.23;0.07582;0.07599;-0.0001736;-11.202;-11.192;-99.990;0.00;-16.85;
2025-11-24 18:08:19.35;0.00:00:25:319;-1.00;0.00;0.00;0.07592;-0.07611;0.0002188;-3.506E-05;89.92;-0.01;100.26;0.05;100.26;0.07592;0.07611;-0.0001944;-11.196;-11.185;-99.990;0.00;-9.10;
2025-11-24 18:08:19.40;0.00:00:25:370;-1.00;0.00;0.00;0.07574;-0.07589;0.0002282;-5.348E-05;89.91;-0.02;100.20;0.07;100.20;0.07574;0.07589;-0.0001518;-11.207;-11.198;-99.990;0.00;-13.19;
2025-11-24 18:08:19.45;0.00:00:25:422;-1.00;0.00;0.00;0.0757;-0.07587;0.0002372;-5.861E-05;89.91;-0.02;100.23;0.08;100.23;0.0757;0.07587;-0.0001767;-11.209;-11.199;-99.990;0.00;-13.88;
2025-11-24 18:08:19.51;0.00:00:25:479;-1.00;0.00;0.00;0.07564;-0.07579;0.0002248;-3.428E-05;89.92;-0.01;100.20;0.05;100.20;0.07564;0.07579;-0.0001546;-11.213;-11.204;-99.990;0.00;-8.67;
2025-11-24 18:08:19.56;0.00:00:25:534;-1.00;0.00;0.00;0.07566;-0.07582;0.0002333;-5.478E-05;89.91;-0.02;100.21;0.07;100.21;0.07566;0.07582;-0.0001605;-11.212;-11.202;-99.990;0.00;-13.22;
2025-11-24 18:08:19.61;0.00:00:25:585;-1.00;0.00;0.00;0.07574;-0.07592;0.0002368;-4.484E-05;89.91;-0.02;100.24;0.06;100.24;0.07574;0.07592;-0.0001812;-11.207;-11.196;-99.990;0.00;-10.72;
2025-11-24 18:08:19.67;0.00:00:25:636;-1.00;0.00;0.00;0.07576;-0.07593;0.0002421;-3.633E-05;89.91;-0.01;100.22;0.05;100.22;0.07576;0.07593;-0.0001701;-11.206;-11.196;-99.990;0.00;-8.53;
2025-11-24 18:08:19.72;0.00:00:25:688;-1.00;0.00;0.00;0.07579;-0.07595;0.0002212;-2.713E-05;89.92;-0.01;100.21;0.04;100.21;0.07579;0.07595;-0.0001595;-11.204;-11.195;-99.990;0.00;-6.99;
2025-11-24 18:08:19.77;0.00:00:25:739;-1.00;0.00;0.00;0.0759;-0.07606;0.0002267;-6.074E-05;89.91;-0.02;100.22;0.08;100.22;0.0759;0.07606;-0.0001639;-11.198;-11.188;-99.990;0.00;-15.00;
2025-11-24 18:08:19.83;0.00:00:25:800;-1.00;0.00;0.00;0.07582;-0.07599;0.0002344;-5.527E-05;89.91;-0.02;100.23;0.07;100.23;0.07582;0.07599;-0.0001725;-11.202;-11.192;-99.990;0.00;-13.27;
2025-11-24 18:08:19.89;0.00:00:25:862;-1.00;0.00;0.00;0.07563;-0.07578;0.0001809;-3.63E-05;89.93;-0.01;100.20;0.05;100.20;0.07563;0.07578;-0.0001477;-11.213;-11.205;-99.990;0.00;-11.35;
2025-11-24 18:08:19.95;0.00:00:25:919;-1.00;0.00;0.00;0.07543;-0.07561;0.0001894;-6.28E-05;89.93;-0.02;100.23;0.08;100.23;0.07543;0.07561;-0.0001723;-11.224;-11.214;-99.990;0.00;-18.35;
2025-11-24 18:08:20.00;0.00:00:25:975;-1.00;0.00;0.00;0.07541;-0.07557;0.0001902;-5.055E-05;89.93;-0.02;100.22;0.07;100.22;0.07541;0.07557;-0.0001655;-11.226;-11.216;-99.990;0.00;-14.88;
2025-11-24 18:08:20.06;0.00:00:26:026;-1.00;0.00;0.00;0.07538;-0.07554;0.0002188;-3.802E-05;89.92;-0.01;100.22;0.05;100.22;0.07538;0.07554;-0.0001636;-11.227;-11.218;-99.990;0.00;-9.86;
2025-11-24 18:08:20.11;0.00:00:26:078;-1.00;0.00;0.00;0.07571;-0.07589;0.0002116;-4.711E-05;89.92;-0.02;100.23;0.06;100.23;0.07571;0.07589;-0.0001772;-11.208;-11.198;-99.990;0.00;-12.55;
2025-11-24 18:08:20.16;0.00:00:26:129;-1.00;0.00;0.00;0.07567;-0.07584;0.0002339;-4.724E-05;89.91;-0.02;100.22;0.06;100.22;0.07567;0.07584;-0.0001634;-11.210;-11.201;-99.990;0.00;-11.42;
2025-11-24 18:08:20.21;0.00:00:26:181;-1.00;0.00;0.00;0.07566;-0.07583;0.00022;-4.232E-05;89.92;-0.02;100.23;0.06;100.23;0.07566;0.07584;-0.0001708;-11.211;-11.201;-99.990;0.00;-10.89;
2025-11-24 18:08:20.26;0.00:00:26:231;-1.00;0.00;0.00;0.07564;-0.07578;0.0002156;-3.404E-05;89.92;-0.01;100.20;0.05;100.20;0.07564;0.07578;-0.0001479;-11.213;-11.204;-99.990;0.00;-8.97;
2025-11-24 18:08:20.32;0.00:00:26:290;-1.00;0.00;0.00;0.07568;-0.07586;0.000266;-6.219E-05;89.90;-0.02;100.23;0.08;100.23;0.07568;0.07586;-0.0001777;-11.210;-11.200;-99.990;0.00;-13.16;
2025-11-24 18:08:20.37;0.00:00:26:343;-1.00;0.00;0.00;0.07569;-0.07586;0.0002305;-2.641E-05;89.91;-0.01;100.23;0.03;100.23;0.07569;0.07586;-0.0001714;-11.210;-11.200;-99.990;0.00;-6.54;
2025-11-24 18:08:20.42;0.00:00:26:395;-1.00;0.00;0.00;0.0756;-0.07577;0.0002224;-4.293E-05;89.92;-0.02;100.22;0.06;100.22;0.0756;0.07577;-0.0001691;-11.215;-11.205;-99.990;0.00;-10.93;
2025-11-24 18:08:20.48;0.00:00:26:448;-1.00;0.00;0.00;0.07571;-0.0759;0.0002302;-6.613E-05;89.91;-0.02;100.25;0.09;100.25;0.07571;0.0759;-0.0001857;-11.208;-11.198;-99.990;0.00;-16.03;
2025-11-24 18:08:20.53;0.00:00:26:497;-1.00;0.00;0.00;0.07584;-0.07602;0.0002346;-5.686E-05;89.91;-0.02;100.23;0.07;100.23;0.07584;0.07602;-0.000174;-11.201;-11.191;-99.990;0.00;-13.62;
2025-11-24 18:08:20.59;0.00:00:26:558;-1.00;0.00;0.00;0.07575;-0.07592;0.000214;-4.556E-05;89.92;-0.02;100.22;0.06;100.22;0.07575;0.07592;-0.0001675;-11.206;-11.197;-99.990;0.00;-12.02;
2025-11-24 18:08:20.63;0.00:00:26:604;-1.00;0.00;0.00;0.07586;-0.07604;0.000226;-3.097E-05;89.91;-0.01;100.23;0.04;100.23;0.07586;0.07604;-0.0001743;-11.200;-11.190;-99.990;0.00;-7.80;
2025-11-24 18:08:20.68;0.00:00:26:655;-1.00;0.00;0.00;0.07576;-0.07594;0.0002271;-5.578E-05;89.91;-0.02;100.24;0.07;100.24;0.07576;0.07594;-0.0001797;-11.206;-11.195;-99.990;0.00;-13.80;
2025-11-24 18:08:20.74;0.00:00:26:706;-1.00;0.00;0.00;0.07584;-0.07603;0.0001956;-4.114E-05;89.93;-0.02;100.25;0.05;100.25;0.07584;0.07603;-0.0001925;-11.201;-11.190;-99.990;0.00;-11.88;
2025-11-24 18:08:20.79;0.00:00:26:757;-1.00;0.00;0.00;0.07584;-0.07601;0.0002129;-6.234E-05;89.92;-0.02;100.23;0.08;100.23;0.07584;0.07601;-0.0001742;-11.201;-11.191;-99.990;0.00;-16.32;
2025-11-24 18:08:20.84;0.00:00:26:808;-1.00;0.00;0.00;0.07564;-0.07581;0.0001881;-5.56E-05;89.93;-0.02;100.23;0.07;100.23;0.07564;0.07581;-0.0001774;-11.213;-11.203;-99.990;0.00;-16.47;
2025-11-24 18:08:20.89;0.00:00:26:859;-1.00;0.00;0.00;0.07568;-0.07587;0.0002328;-5.207E-05;89.91;-0.02;100.26;0.07;100.26;0.07568;0.07587;-0.0001969;-11.210;-11.199;-99.990;0.00;-12.61;
2025-11-24 18:08:20.95;0.00:00:26:920;-1.00;0.00;0.00;0.07555;-0.07573;0.0002201;-3.87E-05;89.92;-0.01;100.23;0.05;100.23;0.07555;0.07573;-0.000175;-11.217;-11.207;-99.990;0.00;-9.97;
2025-11-24 18:08:21.00;0.00:00:26:972;-1.00;0.00;0.00;0.07547;-0.07564;0.000232;-4.652E-05;89.91;-0.02;100.23;0.06;100.23;0.07547;0.07564;-0.0001719;-11.222;-11.212;-99.990;0.00;-11.34;
2025-11-24 18:08:21.05;0.00:00:27:022;-1.00;0.00;0.00;0.07564;-0.0758;0.0002211;-6.454E-05;89.92;-0.02;100.21;0.09;100.21;0.07564;0.0758;-0.0001607;-11.212;-11.203;-99.990;0.00;-16.27;
2025-11-24 18:08:21.10;0.00:00:27:074;-1.00;0.00;0.00;0.07577;-0.07595;0.0002233;-6.387E-05;89.92;-0.02;100.24;0.08;100.24;0.07577;0.07595;-0.0001824;-11.205;-11.195;-99.990;0.00;-15.96;
2025-11-24 18:08:21.15;0.00:00:27:125;-1.00;0.00;0.00;0.07578;-0.07595;0.0002136;-3.305E-05;89.92;-0.01;100.22;0.04;100.22;0.07578;0.07595;-0.0001697;-11.205;-11.195;-99.990;0.00;-8.79;
2025-11-24 18:08:21.21;0.00:00:27:176;-1.00;0.00;0.00;0.07566;-0.07583;0.0001666;-4.357E-05;89.94;-0.02;100.22;0.06;100.22;0.07566;0.07583;-0.0001694;-11.212;-11.202;-99.990;0.00;-14.66;
2025-11-24 18:08:21.26;0.00:00:27:227;-1.00;0.00;0.00;0.07555;-0.07573;0.0001897;-5.645E-05;89.93;-0.02;100.24;0.07;100.24;0.07555;0.07573;-0.000184;-11.218;-11.207;-99.990;0.00;-16.57;
2025-11-24 18:08:21.31;0.00:00:27:279;-1.00;0.00;0.00;0.07576;-0.07595;0.0002659;-5.385E-05;89.90;-0.02;100.25;0.07;100.25;0.07576;0.07595;-0.0001893;-11.205;-11.195;-99.990;0.00;-11.45;
2025-11-24 18:08:21.36;0.00:00:27:330;-1.00;0.00;0.00;0.07593;-0.0761;0.0002485;-5.899E-05;89.91;-0.02;100.23;0.08;100.23;0.07593;0.07611;-0.0001752;-11.196;-11.186;-99.990;0.00;-13.36;
2025-11-24 18:08:21.41;0.00:00:27:382;-1.00;0.00;0.00;0.07594;-0.0761;0.000208;-5.296E-05;89.92;-0.02;100.21;0.07;100.21;0.07594;0.0761;-0.0001599;-11.195;-11.186;-99.990;0.00;-14.29;
2025-11-24 18:08:21.46;0.00:00:27:433;-1.00;0.00;0.00;0.0759;-0.07606;0.0002095;-3.928E-05;89.92;-0.01;100.22;0.05;100.22;0.0759;0.07606;-0.0001674;-11.198;-11.188;-99.990;0.00;-10.62;
2025-11-24 18:08:21.52;0.00:00:27:495;-1.00;0.00;0.00;0.07578;-0.07595;0.00022;-4.11E-05;89.92;-0.02;100.23;0.05;100.23;0.07578;0.07595;-0.0001728;-11.205;-11.195;-99.990;0.00;-10.58;
2025-11-24 18:08:21.58;0.00:00:27:547;-1.00;0.00;0.00;0.07564;-0.07584;0.0001971;-4.847E-05;89.93;-0.02;100.25;0.06;100.25;0.07564;0.07584;-0.0001915;-11.212;-11.201;-99.990;0.00;-13.82;
2025-11-24 18:08:21.63;0.00:00:27:598;-1.00;0.00;0.00;0.07579;-0.07597;0.0002409;-5.001E-05;89.91;-0.02;100.23;0.07;100.23;0.07579;0.07597;-0.0001746;-11.204;-11.194;-99.990;0.00;-11.73;
2025-11-24 18:08:21.68;0.00:00:27:649;-1.00;0.00;0.00;0.07576;-0.07593;0.0002374;-3.545E-05;89.91;-0.01;100.23;0.05;100.23;0.07576;0.07593;-0.0001733;-11.206;-11.196;-99.990;0.00;-8.49;
2025-11-24 18:08:21.73;0.00:00:27:701;-1.00;0.00;0.00;0.07567;-0.07583;0.0001748;-2.779E-05;89.93;-0.01;100.22;0.04;100.22;0.07567;0.07583;-0.0001669;-11.211;-11.201;-99.990;0.00;-9.03;
2025-11-24 18:08:21.78;0.00:00:27:751;-1.00;0.00;0.00;0.07545;-0.07562;0.0002458;-4.055E-05;89.91;-0.02;100.23;0.05;100.23;0.07545;0.07562;-0.0001705;-11.223;-11.213;-99.990;0.00;-9.37;
2025-11-24 18:08:21.83;0.00:00:27:797;-1.00;0.00;0.00;0.07558;-0.07574;0.00021;-5.168E-05;89.92;-0.02;100.22;0.07;100.22;0.07558;0.07575;-0.0001682;-11.216;-11.206;-99.990;0.00;-13.82;
2025-11-24 18:08:21.88;0.00:00:27:855;-1.00;0.00;0.00;0.07551;-0.07569;0.0001691;-3.276E-05;89.94;-0.01;100.24;0.04;100.23;0.07551;0.07569;-0.0001774;-11.220;-11.210;-99.990;0.00;-10.96;
2025-11-24 18:08:21.94;0.00:00:27:906;-1.00;0.00;0.00;0.07554;-0.0757;0.0001979;-5.517E-05;89.93;-0.02;100.21;0.07;100.21;0.07554;0.0757;-0.0001591;-11.218;-11.209;-99.990;0.00;-15.58;
2025-11-24 18:08:21.99;0.00:00:27:957;-1.00;0.00;0.00;0.07548;-0.07566;0.0002349;-3.418E-05;89.91;-0.01;100.24;0.05;100.24;0.07548;0.07566;-0.00018;-11.222;-11.212;-99.990;0.00;-8.28;
2025-11-24 18:08:22.04;0.00:00:28:008;-1.00;0.00;0.00;0.07543;-0.07561;0.0001901;-5.176E-05;89.93;-0.02;100.23;0.07;100.23;0.07543;0.07561;-0.0001761;-11.224;-11.214;-99.990;0.00;-15.23;
2025-11-24 18:08:22.09;0.00:00:28:060;-1.00;0.00;0.00;0.07563;-0.0758;0.0002159;-5.794E-05;89.92;-0.02;100.23;0.08;100.23;0.07563;0.0758;-0.0001738;-11.213;-11.203;-99.990;0.00;-15.02;
2025-11-24 18:08:22.14;0.00:00:28:111;-1.00;0.00;0.00;0.07574;-0.07591;0.0002048;-6.251E-05;89.92;-0.02;100.22;0.08;100.22;0.07574;0.07591;-0.0001666;-11.207;-11.197;-99.990;0.00;-16.97;
2025-11-24 18:08:22.19;0.00:00:28:162;-1.00;0.00;0.00;0.0756;-0.07577;0.000211;-4.538E-05;89.92;-0.02;100.22;0.06;100.22;0.0756;0.07577;-0.0001658;-11.215;-11.205;-99.990;0.00;-12.14;
2025-11-24 18:08:22.25;0.00:00:28:224;-1.00;0.00;0.00;0.07564;-0.0758;0.000232;-5.879E-05;89.91;-0.02;100.21;0.08;100.21;0.07564;0.0758;-0.0001585;-11.212;-11.203;-99.990;0.00;-14.22;
2025-11-24 18:08:22.30;0.00:00:28:275;-1.00;0.00;0.00;0.07585;-0.07604;0.0002251;-3.511E-05;89.92;-0.01;100.25;0.05;100.25;0.07585;0.07604;-0.0001876;-11.200;-11.189;-99.990;0.00;-8.86;
2025-11-24 18:08:22.36;0.00:00:28:326;-1.00;0.00;0.00;0.07584;-0.076;0.0001902;-5.117E-05;89.93;-0.02;100.21;0.07;100.21;0.07584;0.076;-0.0001583;-11.201;-11.192;-99.990;0.00;-15.06;
2025-11-24 18:08:22.42;0.00:00:28:387;-1.00;0.00;0.00;0.07588;-0.07605;0.0002141;-5.815E-05;89.92;-0.02;100.23;0.08;100.23;0.07588;0.07605;-0.0001719;-11.199;-11.189;-99.990;0.00;-15.20;
2025-11-24 18:08:22.47;0.00:00:28:438;-1.00;0.00;0.00;0.07579;-0.07595;0.0001907;-3.912E-05;89.93;-0.01;100.22;0.05;100.22;0.07579;0.07596;-0.0001661;-11.204;-11.194;-99.990;0.00;-11.59;
2025-11-24 18:08:22.51;0.00:00:28:479;-1.00;0.00;0.00;0.07565;-0.07583;0.0001989;-2.887E-05;89.92;-0.01;100.24;0.04;100.24;0.07565;0.07583;-0.00018;-11.212;-11.202;-99.990;0.00;-8.26;
2025-11-24 18:08:22.57;0.00:00:28:540;-1.00;0.00;0.00;0.07562;-0.07578;0.0001974;-5.325E-05;89.93;-0.02;100.21;0.07;100.21;0.07562;0.07578;-0.000162;-11.214;-11.204;-99.990;0.00;-15.10;
2025-11-24 18:08:22.62;0.00:00:28:595;-1.00;0.00;0.00;0.07578;-0.07596;0.0001827;-5.48E-05;89.93;-0.02;100.25;0.07;100.25;0.07578;0.07596;-0.0001875;-11.205;-11.194;-99.990;0.00;-16.70;
2025-11-24 18:08:22.67;0.00:00:28:645;-1.00;0.00;0.00;0.07586;-0.07603;0.0002175;-5.094E-05;89.92;-0.02;100.22;0.07;100.22;0.07586;0.07603;-0.0001652;-11.200;-11.190;-99.990;0.00;-13.18;
2025-11-24 18:08:22.73;0.00:00:28:699;-1.00;0.00;0.00;0.07603;-0.0762;0.0001774;-3.577E-05;89.93;-0.01;100.22;0.05;100.22;0.07603;0.0762;-0.0001683;-11.190;-11.180;-99.990;0.00;-11.40;
2025-11-24 18:08:22.78;0.00:00:28:751;-1.00;0.00;0.00;0.07605;-0.07621;0.0002372;-5.556E-05;89.91;-0.02;100.22;0.07;100.22;0.07605;0.07622;-0.0001666;-11.189;-11.180;-99.990;0.00;-13.18;
2025-11-24 18:08:22.83;0.00:00:28:801;-1.00;0.00;0.00;0.0761;-0.07627;0.0001578;-3.116E-05;89.94;-0.01;100.22;0.04;100.22;0.0761;0.07627;-0.0001681;-11.186;-11.177;-99.990;0.00;-11.17;
2025-11-24 18:08:22.88;0.00:00:28:852;-1.00;0.00;0.00;0.07597;-0.07616;0.0002209;-7.135E-05;89.92;-0.03;100.24;0.09;100.24;0.07597;0.07616;-0.0001851;-11.193;-11.183;-99.990;0.00;-17.90;
2025-11-24 18:08:22.94;0.00:00:28:909;-1.00;0.00;0.00;0.07559;-0.07576;0.0001993;-3.914E-05;89.92;-0.01;100.22;0.05;100.22;0.07559;0.07576;-0.0001635;-11.215;-11.206;-99.990;0.00;-11.11;
2025-11-24 18:08:22.99;0.00:00:28:964;-1.00;0.00;0.00;0.07561;-0.07578;0.0002445;-4.747E-05;89.91;-0.02;100.23;0.06;100.23;0.07561;0.07578;-0.0001719;-11.214;-11.205;-99.990;0.00;-10.99;
2025-11-24 18:08:23.04;0.00:00:29:015;-1.00;0.00;0.00;0.07579;-0.07596;0.0002191;-5.189E-05;89.92;-0.02;100.22;0.07;100.22;0.07579;0.07596;-0.0001673;-11.204;-11.194;-99.990;0.00;-13.32;
2025-11-24 18:08:23.10;0.00:00:29:066;-1.00;0.00;0.00;0.0758;-0.07599;0.0001915;-5.338E-05;89.93;-0.02;100.26;0.07;100.26;0.0758;0.07599;-0.0001934;-11.204;-11.192;-99.990;0.00;-15.57;
2025-11-24 18:08:23.15;0.00:00:29:118;-1.00;0.00;0.00;0.07586;-0.07605;0.0002687;-3.98E-05;89.90;-0.01;100.25;0.05;100.25;0.07586;0.07605;-0.0001867;-11.200;-11.189;-99.990;0.00;-8.43;
2025-11-24 18:08:23.21;0.00:00:29:177;-1.00;0.00;0.00;0.07556;-0.07573;0.0002041;-4.755E-05;89.92;-0.02;100.23;0.06;100.23;0.07556;0.07573;-0.0001708;-11.217;-11.207;-99.990;0.00;-13.12;
2025-11-24 18:08:23.26;0.00:00:29:230;-1.00;0.00;0.00;0.0755;-0.07569;0.0002193;-5.053E-05;89.92;-0.02;100.26;0.07;100.26;0.0755;0.0757;-0.0001976;-11.221;-11.209;-99.990;0.00;-12.98;
2025-11-24 18:08:23.31;0.00:00:29:282;-1.00;0.00;0.00;0.07565;-0.07583;0.0002306;-3.943E-05;89.91;-0.01;100.23;0.05;100.23;0.07565;0.07583;-0.0001776;-11.212;-11.202;-99.990;0.00;-9.71;
2025-11-24 18:08:23.36;0.00:00:29:333;-1.00;0.00;0.00;0.07573;-0.07592;0.0002506;-5.088E-05;89.91;-0.02;100.25;0.07;100.25;0.07573;0.07592;-0.0001881;-11.207;-11.196;-99.990;0.00;-11.48;
2025-11-24 18:08:23.41;0.00:00:29:385;-1.00;0.00;0.00;0.07605;-0.07626;0.0002415;-4.708E-05;89.91;-0.02;100.27;0.06;100.27;0.07605;0.07626;-0.0002072;-11.189;-11.177;-99.990;0.00;-11.03;
2025-11-24 18:08:23.47;0.00:00:29:444;-1.00;0.00;0.00;0.07595;-0.07613;0.0002487;-3.275E-05;89.91;-0.01;100.25;0.04;100.25;0.07595;0.07613;-0.0001865;-11.195;-11.184;-99.990;0.00;-7.50;
2025-11-24 18:08:23.53;0.00:00:29:497;-1.00;0.00;0.00;0.07607;-0.07625;0.000286;-7.206E-05;89.89;-0.03;100.24;0.09;100.24;0.07607;0.07625;-0.0001803;-11.188;-11.178;-99.990;0.00;-14.14;
2025-11-24 18:08:23.59;0.00:00:29:559;-1.00;0.00;0.00;0.07612;-0.07628;0.0002353;-5.388E-05;89.91;-0.02;100.22;0.07;100.22;0.07612;0.07628;-0.0001655;-11.185;-11.176;-99.990;0.00;-12.90;
2025-11-24 18:08:23.64;0.00:00:29:611;-1.00;0.00;0.00;0.07595;-0.07611;0.0002457;-3.312E-05;89.91;-0.01;100.22;0.04;100.22;0.07595;0.07611;-0.000164;-11.195;-11.186;-99.990;0.00;-7.68;
2025-11-24 18:08:23.69;0.00:00:29:662;-1.00;0.00;0.00;0.07599;-0.07616;0.0001713;-3.574E-05;89.94;-0.01;100.22;0.05;100.22;0.07599;0.07616;-0.000166;-11.192;-11.183;-99.990;0.00;-11.79;
2025-11-24 18:08:23.75;0.00:00:29:723;-1.00;0.00;0.00;0.07586;-0.07603;0.0002321;-4.3E-05;89.91;-0.02;100.23;0.06;100.23;0.07586;0.07603;-0.0001756;-11.200;-11.190;-99.990;0.00;-10.50;
2025-11-24 18:08:23.80;0.00:00:29:775;-1.00;0.00;0.00;0.07572;-0.0759;0.0002315;-6.07E-05;89.91;-0.02;100.23;0.08;100.23;0.07572;0.0759;-0.0001733;-11.208;-11.198;-99.990;0.00;-14.69;
2025-11-24 18:08:23.86;0.00:00:29:826;-1.00;0.00;0.00;0.07589;-0.07606;0.0002368;-4.712E-05;89.91;-0.02;100.23;0.06;100.23;0.07589;0.07606;-0.0001719;-11.198;-11.188;-99.990;0.00;-11.26;
2025-11-24 18:08:23.91;0.00:00:29:876;-1.00;0.00;0.00;0.0761;-0.07629;0.0001998;-4.067E-05;89.92;-0.02;100.25;0.05;100.25;0.0761;0.07629;-0.0001872;-11.186;-11.175;-99.990;0.00;-11.51;
2025-11-24 18:08:23.96;0.00:00:29:927;-1.00;0.00;0.00;0.07606;-0.07623;0.000186;-3.336E-05;89.93;-0.01;100.22;0.04;100.22;0.07606;0.07623;-0.0001687;-11.189;-11.179;-99.990;0.00;-10.17;
2025-11-24 18:08:24.01;0.00:00:29:984;-1.00;0.00;0.00;0.07601;-0.07619;0.0001684;-4.208E-05;89.94;-0.02;100.23;0.06;100.23;0.07601;0.07619;-0.0001765;-11.191;-11.181;-99.990;0.00;-14.03;
2025-11-24 18:08:24.07;0.00:00:30:045;-1.00;0.00;0.00;0.07601;-0.07619;0.0002079;-3.994E-05;89.92;-0.02;100.24;0.05;100.24;0.07601;0.07619;-0.000184;-11.191;-11.181;-99.990;0.00;-10.88;
2025-11-24 18:08:24.13;0.00:00:30:097;-1.00;0.00;0.00;0.07601;-0.07619;0.0002277;-5.026E-05;89.91;-0.02;100.24;0.07;100.24;0.07601;0.07619;-0.0001789;-11.191;-11.181;-99.990;0.00;-12.45;
2025-11-24 18:08:24.18;0.00:00:30:148;-1.00;0.00;0.00;0.07592;-0.07609;0.0002227;-5.872E-05;89.92;-0.02;100.24;0.08;100.24;0.07592;0.07609;-0.0001794;-11.197;-11.186;-99.990;0.00;-14.77;
2025-11-24 18:08:24.23;0.00:00:30:199;-1.00;0.00;0.00;0.07565;-0.07582;0.0001722;-3.277E-05;89.93;-0.01;100.23;0.04;100.23;0.07565;0.07582;-0.0001705;-11.212;-11.202;-99.990;0.00;-10.78;
2025-11-24 18:08:24.29;0.00:00:30:260;-1.00;0.00;0.00;0.07564;-0.07583;0.0002477;-4.855E-05;89.91;-0.02;100.24;0.06;100.24;0.07564;0.07583;-0.0001848;-11.212;-11.202;-99.990;0.00;-11.09;
2025-11-24 18:08:24.34;0.00:00:30:311;-1.00;0.00;0.00;0.07572;-0.07589;0.0002147;-2.343E-05;89.92;-0.01;100.23;0.03;100.23;0.07572;0.07589;-0.0001717;-11.208;-11.198;-99.990;0.00;-6.23;
2025-11-24 18:08:24.40;0.00:00:30:372;-1.00;0.00;0.00;0.07586;-0.07604;0.0002259;-3.447E-05;89.91;-0.01;100.23;0.05;100.23;0.07586;0.07604;-0.0001731;-11.200;-11.190;-99.990;0.00;-8.68;
2025-11-24 18:08:24.45;0.00:00:30:423;-1.00;0.00;0.00;0.07582;-0.07601;0.0001793;-5.154E-05;89.93;-0.02;100.26;0.07;100.26;0.07582;0.07601;-0.0001961;-11.202;-11.191;-99.990;0.00;-16.04;
2025-11-24 18:08:24.50;0.00:00:30:474;-1.00;0.00;0.00;0.07574;-0.0759;0.0001951;-4.955E-05;89.93;-0.02;100.21;0.07;100.21;0.07574;0.0759;-0.0001627;-11.207;-11.197;-99.990;0.00;-14.25;
2025-11-24 18:08:24.56;0.00:00:30:525;-1.00;0.00;0.00;0.0755;-0.07564;0.0001973;-6.216E-05;89.93;-0.02;100.18;0.08;100.18;0.0755;0.07564;-0.0001382;-11.221;-11.213;-99.990;0.00;-17.49;
2025-11-24 18:08:24.61;0.00:00:30:577;-1.00;0.00;0.00;0.07573;-0.07591;0.0002308;-4.489E-05;89.91;-0.02;100.24;0.06;100.24;0.07573;0.07591;-0.0001815;-11.207;-11.197;-99.990;0.00;-11.01;
2025-11-24 18:08:24.65;0.00:00:30:625;-1.00;0.00;0.00;0.0757;-0.07589;0.0001791;-4.074E-05;89.93;-0.02;100.24;0.05;100.24;0.0757;0.07589;-0.0001841;-11.209;-11.198;-99.990;0.00;-12.81;
2025-11-24 18:08:24.70;0.00:00:30:675;-1.00;0.00;0.00;0.07578;-0.07594;0.0002183;-4.069E-05;89.92;-0.02;100.21;0.05;100.21;0.07578;0.07594;-0.0001616;-11.204;-11.195;-99.990;0.00;-10.56;
2025-11-24 18:08:24.76;0.00:00:30:726;-1.00;0.00;0.00;0.07593;-0.07608;0.0002879;-4.903E-05;89.89;-0.02;100.21;0.06;100.21;0.07593;0.07608;-0.0001585;-11.196;-11.187;-99.990;0.00;-9.66;
2025-11-24 18:08:24.81;0.00:00:30:777;-1.00;0.00;0.00;0.076;-0.07616;0.0002028;-4.507E-05;89.92;-0.02;100.22;0.06;100.22;0.076;0.07616;-0.0001653;-11.192;-11.183;-99.990;0.00;-12.53;
2025-11-24 18:08:24.85;0.00:00:30:825;-1.00;0.00;0.00;0.07593;-0.07612;0.0001961;-4.452E-05;89.93;-0.02;100.24;0.06;100.24;0.07593;0.07612;-0.000182;-11.196;-11.185;-99.990;0.00;-12.79;
2025-11-24 18:08:24.91;0.00:00:30:879;-1.00;0.00;0.00;0.07588;-0.07605;0.0001896;-5.618E-05;89.93;-0.02;100.22;0.07;100.22;0.07588;0.07605;-0.0001667;-11.199;-11.189;-99.990;0.00;-16.51;
2025-11-24 18:08:24.96;0.00:00:30:930;-1.00;0.00;0.00;0.0759;-0.07608;0.0002214;-3.632E-05;89.92;-0.01;100.23;0.05;100.23;0.0759;0.07608;-0.0001753;-11.197;-11.187;-99.990;0.00;-9.31;
2025-11-24 18:08:25.01;0.00:00:30:981;-1.00;0.00;0.00;0.07592;-0.07609;0.0002198;-4.591E-05;89.92;-0.02;100.22;0.06;100.22;0.07592;0.07609;-0.0001707;-11.197;-11.187;-99.990;0.00;-11.80;
2025-11-24 18:08:25.06;0.00:00:31:032;-1.00;0.00;0.00;0.07592;-0.07609;0.0002481;-5.197E-05;89.91;-0.02;100.22;0.07;100.22;0.07592;0.07609;-0.0001655;-11.196;-11.187;-99.990;0.00;-11.83;
2025-11-24 18:08:25.11;0.00:00:31:083;-1.00;0.00;0.00;0.07568;-0.07586;0.0002163;-4.864E-05;89.92;-0.02;100.24;0.06;100.24;0.07568;0.07586;-0.0001852;-11.210;-11.200;-99.990;0.00;-12.68;
2025-11-24 18:08:25.16;0.00:00:31:134;-1.00;0.00;0.00;0.07589;-0.07605;0.0001967;-6.019E-05;89.93;-0.02;100.21;0.08;100.21;0.07589;0.07605;-0.0001608;-11.198;-11.189;-99.990;0.00;-17.01;
2025-11-24 18:08:25.21;0.00:00:31:185;-1.00;0.00;0.00;0.07573;-0.07592;0.000214;-4.999E-05;89.92;-0.02;100.24;0.07;100.24;0.07573;0.07592;-0.0001813;-11.207;-11.197;-99.990;0.00;-13.15;
2025-11-24 18:08:25.26;0.00:00:31:226;-1.00;0.00;0.00;0.07576;-0.07594;0.0002288;-6.184E-05;89.91;-0.02;100.24;0.08;100.24;0.07576;0.07594;-0.0001817;-11.206;-11.195;-99.990;0.00;-15.13;
2025-11-24 18:08:25.32;0.00:00:31:287;-1.00;0.00;0.00;0.07575;-0.07592;0.0002018;-4.403E-05;89.92;-0.02;100.23;0.06;100.23;0.07575;0.07592;-0.000175;-11.206;-11.196;-99.990;0.00;-12.31;
2025-11-24 18:08:25.37;0.00:00:31:338;-1.00;0.00;0.00;0.07568;-0.07584;0.0002147;-6.199E-05;89.92;-0.02;100.21;0.08;100.21;0.07568;0.07584;-0.0001552;-11.210;-11.201;-99.990;0.00;-16.11;
2025-11-24 18:08:25.42;0.00:00:31:389;-1.00;0.00;0.00;0.07567;-0.07583;0.0001831;-3.838E-05;89.93;-0.01;100.21;0.05;100.21;0.07567;0.07583;-0.0001584;-11.211;-11.202;-99.990;0.00;-11.84;
2025-11-24 18:08:25.47;0.00:00:31:440;-1.00;0.00;0.00;0.07555;-0.07572;0.0002043;-4.392E-05;89.92;-0.02;100.23;0.06;100.23;0.07555;0.07572;-0.0001728;-11.218;-11.208;-99.990;0.00;-12.13;
2025-11-24 18:08:25.53;0.00:00:31:499;-1.00;0.00;0.00;0.07563;-0.0758;0.0002252;-3.792E-05;89.91;-0.01;100.22;0.05;100.22;0.07563;0.0758;-0.000166;-11.213;-11.204;-99.990;0.00;-9.56;
2025-11-24 18:08:25.58;0.00:00:31:553;-1.00;0.00;0.00;0.07556;-0.07572;0.0002089;-4.058E-05;89.92;-0.02;100.21;0.05;100.21;0.07556;0.07572;-0.000159;-11.217;-11.208;-99.990;0.00;-10.99;
2025-11-24 18:08:25.63;0.00:00:31:604;-1.00;0.00;0.00;0.07551;-0.07568;0.0001877;-4.706E-05;89.93;-0.02;100.23;0.06;100.23;0.07551;0.07568;-0.0001702;-11.220;-11.210;-99.990;0.00;-14.07;
2025-11-24 18:08:25.68;0.00:00:31:655;-1.00;0.00;0.00;0.07536;-0.07553;0.0001929;-7.089E-05;89.93;-0.03;100.22;0.09;100.22;0.07536;0.07553;-0.0001628;-11.228;-11.219;-99.990;0.00;-20.17;
2025-11-24 18:08:25.74;0.00:00:31:706;-1.00;0.00;0.00;0.07538;-0.07555;0.0002568;-5.677E-05;89.90;-0.02;100.23;0.08;100.23;0.07538;0.07555;-0.0001721;-11.228;-11.218;-99.990;0.00;-12.47;
2025-11-24 18:08:25.79;0.00:00:31:761;-1.00;0.00;0.00;0.07557;-0.07575;0.0002164;-5.672E-05;89.92;-0.02;100.24;0.08;100.24;0.07557;0.07575;-0.0001808;-11.216;-11.206;-99.990;0.00;-14.69;
2025-11-24 18:08:25.85;0.00:00:31:818;-1.00;0.00;0.00;0.07582;-0.07599;0.0002163;-2.637E-05;89.92;-0.01;100.23;0.03;100.23;0.07582;0.07599;-0.000171;-11.202;-11.192;-99.990;0.00;-6.95;
2025-11-24 18:08:25.90;0.00:00:31:869;-1.00;0.00;0.00;0.07589;-0.07605;0.0002103;-4.546E-05;89.92;-0.02;100.22;0.06;100.22;0.07589;0.07605;-0.0001654;-11.198;-11.189;-99.990;0.00;-12.20;
2025-11-24 18:08:25.95;0.00:00:31:920;-1.00;0.00;0.00;0.07587;-0.07603;0.0002365;-5.185E-05;89.91;-0.02;100.21;0.07;100.21;0.07587;0.07603;-0.0001599;-11.200;-11.190;-99.990;0.00;-12.37;
2025-11-24 18:08:26.00;0.00:00:31:971;-1.00;0.00;0.00;0.07583;-0.07599;0.0002081;-4.135E-05;89.92;-0.02;100.21;0.05;100.21;0.07583;0.07599;-0.0001582;-11.201;-11.192;-99.990;0.00;-11.24;
2025-11-24 18:08:26.05;0.00:00:32:023;-1.00;0.00;0.00;0.07592;-0.07611;0.0002016;-2.886E-05;89.92;-0.01;100.25;0.04;100.25;0.07592;0.07611;-0.0001931;-11.197;-11.186;-99.990;0.00;-8.15;
2025-11-24 18:08:26.10;0.00:00:32:074;-1.00;0.00;0.00;0.07582;-0.07601;0.0002094;-2.31E-05;89.92;-0.01;100.25;0.03;100.25;0.07582;0.07601;-0.00019;-11.202;-11.191;-99.990;0.00;-6.30;
2025-11-24 18:08:26.15;0.00:00:32:125;-1.00;0.00;0.00;0.07569;-0.07587;0.0002393;-5.052E-05;89.91;-0.02;100.24;0.07;100.24;0.07569;0.07587;-0.0001843;-11.210;-11.199;-99.990;0.00;-11.92;
2025-11-24 18:08:26.20;0.00:00:32:166;-1.00;0.00;0.00;0.07578;-0.07594;0.0002148;-5.028E-05;89.92;-0.02;100.22;0.07;100.22;0.07578;0.07594;-0.0001656;-11.205;-11.195;-99.990;0.00;-13.17;
2025-11-24 18:08:26.26;0.00:00:32:227;-1.00;0.00;0.00;0.07583;-0.076;0.0002423;-2.507E-05;89.91;-0.01;100.23;0.03;100.23;0.07583;0.076;-0.0001739;-11.202;-11.192;-99.990;0.00;-5.91;
2025-11-24 18:08:26.32;0.00:00:32:288;-1.00;0.00;0.00;0.07578;-0.07596;0.0001965;-5.684E-05;89.93;-0.02;100.24;0.08;100.24;0.07578;0.07596;-0.0001804;-11.205;-11.194;-99.990;0.00;-16.13;
2025-11-24 18:08:26.37;0.00:00:32:340;-1.00;0.00;0.00;0.07586;-0.07606;0.0002777;-3.915E-05;89.90;-0.01;100.26;0.05;100.26;0.07586;0.07606;-0.0001996;-11.200;-11.189;-99.990;0.00;-8.03;
2025-11-24 18:08:26.42;0.00:00:32:391;-1.00;0.00;0.00;0.07586;-0.07605;0.000213;-3.924E-05;89.92;-0.01;100.24;0.05;100.24;0.07586;0.07605;-0.0001848;-11.200;-11.189;-99.990;0.00;-10.44;
2025-11-24 18:08:26.46;0.00:00:32:433;-1.00;0.00;0.00;0.07591;-0.07609;0.0002432;-4.772E-05;89.91;-0.02;100.24;0.06;100.24;0.07591;0.07609;-0.0001839;-11.197;-11.187;-99.990;0.00;-11.10;
2025-11-24 18:08:26.52;0.00:00:32:492;-1.00;0.00;0.00;0.07583;-0.07595;0.0002032;-4.771E-05;89.92;-0.02;100.16;0.06;100.16;0.07583;0.07596;-0.0001246;-11.202;-11.194;-99.990;0.00;-13.22;
2025-11-24 18:08:26.57;0.00:00:32:544;-1.00;0.00;0.00;0.07577;-0.07593;0.0001674;-5.039E-05;89.94;-0.02;100.21;0.07;100.21;0.07577;0.07593;-0.0001609;-11.205;-11.196;-99.990;0.00;-16.75;
2025-11-24 18:08:26.62;0.00:00:32:595;-1.00;0.00;0.00;0.07583;-0.076;0.0002686;-3.144E-05;89.90;-0.01;100.23;0.04;100.23;0.07583;0.076;-0.0001761;-11.202;-11.192;-99.990;0.00;-6.67;
2025-11-24 18:08:26.69;0.00:00:32:656;-1.00;0.00;0.00;0.07601;-0.07618;0.000222;-4.003E-05;89.92;-0.02;100.22;0.05;100.22;0.07601;0.07618;-0.0001663;-11.191;-11.182;-99.990;0.00;-10.22;
2025-11-24 18:08:26.74;0.00:00:32:707;-1.00;0.00;0.00;0.07596;-0.07614;0.0001972;-4.277E-05;89.93;-0.02;100.24;0.06;100.24;0.07596;0.07614;-0.0001807;-11.194;-11.184;-99.990;0.00;-12.24;
2025-11-24 18:08:26.80;0.00:00:32:769;-1.00;0.00;0.00;0.07565;-0.07583;0.0002104;-6.609E-05;89.92;-0.02;100.24;0.09;100.24;0.07565;0.07583;-0.0001788;-11.212;-11.202;-99.990;0.00;-17.44;
2025-11-24 18:08:26.85;0.00:00:32:821;-1.00;0.00;0.00;0.07559;-0.07578;0.0001815;-5.504E-05;89.93;-0.02;100.24;0.07;100.24;0.07559;0.07578;-0.0001852;-11.215;-11.204;-99.990;0.00;-16.87;
2025-11-24 18:08:26.90;0.00:00:32:872;-1.00;0.00;0.00;0.0754;-0.07557;0.0001819;-3.817E-05;89.93;-0.01;100.23;0.05;100.23;0.0754;0.07558;-0.0001749;-11.226;-11.216;-99.990;0.00;-11.85;
2025-11-24 18:08:26.95;0.00:00:32:923;-1.00;0.00;0.00;0.07519;-0.07537;0.0001975;-3.125E-05;89.92;-0.01;100.24;0.04;100.24;0.07519;0.07537;-0.0001799;-11.239;-11.228;-99.990;0.00;-8.99;
2025-11-24 18:08:27.01;0.00:00:32:981;-1.00;0.00;0.00;0.07542;-0.0756;0.0002364;-4.708E-05;89.91;-0.02;100.24;0.06;100.24;0.07542;0.0756;-0.0001791;-11.225;-11.215;-99.990;0.00;-11.27;
2025-11-24 18:08:27.08;0.00:00:33:046;-1.00;0.00;0.00;0.07551;-0.07567;0.0001954;-3.833E-05;89.93;-0.01;100.21;0.05;100.21;0.07551;0.07567;-0.0001601;-11.220;-11.211;-99.990;0.00;-11.10;
2025-11-24 18:08:27.13;0.00:00:33:097;-1.00;0.00;0.00;0.07574;-0.0759;0.0002452;-3.063E-05;89.91;-0.01;100.21;0.04;100.21;0.07574;0.0759;-0.000161;-11.207;-11.197;-99.990;0.00;-7.12;
2025-11-24 18:08:27.18;0.00:00:33:148;-1.00;0.00;0.00;0.07571;-0.07589;0.0002034;-5.218E-05;89.92;-0.02;100.24;0.07;100.24;0.07571;0.07589;-0.0001829;-11.209;-11.198;-99.990;0.00;-14.39;
2025-11-24 18:08:27.23;0.00:00:33:199;-1.00;0.00;0.00;0.07564;-0.07584;0.0001968;-4.378E-05;89.93;-0.02;100.25;0.06;100.25;0.07564;0.07584;-0.0001914;-11.212;-11.201;-99.990;0.00;-12.54;
2025-11-24 18:08:27.28;0.00:00:33:246;-1.00;0.00;0.00;0.07553;-0.07571;0.0002028;-4.133E-05;89.92;-0.02;100.25;0.05;100.25;0.07553;0.07571;-0.0001885;-11.219;-11.208;-99.990;0.00;-11.52;
2025-11-24 18:08:27.33;0.00:00:33:302;-1.00;0.00;0.00;0.07565;-0.07583;0.0002626;-3.84E-05;89.90;-0.01;100.24;0.05;100.24;0.07565;0.07583;-0.0001788;-11.212;-11.202;-99.990;0.00;-8.32;
2025-11-24 18:08:27.38;0.00:00:33:352;-1.00;0.00;0.00;0.07556;-0.07573;0.0001745;-4.585E-05;89.93;-0.02;100.23;0.06;100.23;0.07556;0.07573;-0.0001711;-11.217;-11.208;-99.990;0.00;-14.72;
2025-11-24 18:08:27.44;0.00:00:33:413;-1.00;0.00;0.00;0.07561;-0.07575;0.00021;-4.389E-05;89.92;-0.02;100.19;0.06;100.19;0.07561;0.07575;-0.0001432;-11.214;-11.206;-99.990;0.00;-11.80;
2025-11-24 18:08:27.49;0.00:00:33:465;-1.00;0.00;0.00;0.07552;-0.07568;0.0002062;-5.699E-05;89.92;-0.02;100.20;0.08;100.20;0.07552;0.07568;-0.0001524;-11.219;-11.210;-99.990;0.00;-15.45;
2025-11-24 18:08:27.55;0.00:00:33:521;-1.00;0.00;0.00;0.07563;-0.07582;0.0002198;-5.088E-05;89.92;-0.02;100.26;0.07;100.26;0.07563;0.07582;-0.0001951;-11.213;-11.202;-99.990;0.00;-13.04;
2025-11-24 18:08:27.60;0.00:00:33:567;-1.00;0.00;0.00;0.07566;-0.07581;0.0002289;-4.307E-05;89.91;-0.02;100.20;0.06;100.20;0.07566;0.07581;-0.0001549;-11.211;-11.203;-99.990;0.00;-10.66;
2025-11-24 18:08:27.65;0.00:00:33:619;-1.00;0.00;0.00;0.07555;-0.07571;0.0002137;-5.702E-05;89.92;-0.02;100.21;0.08;100.21;0.07555;0.07571;-0.0001618;-11.218;-11.208;-99.990;0.00;-14.94;
2025-11-24 18:08:27.69;0.00:00:33:665;-1.00;0.00;0.00;0.07555;-0.07571;0.0002278;-4.948E-05;89.91;-0.02;100.22;0.07;100.22;0.07555;0.07571;-0.0001657;-11.218;-11.208;-99.990;0.00;-12.26;
2025-11-24 18:08:27.74;0.00:00:33:711;-1.00;0.00;0.00;0.07576;-0.07591;0.0002226;-3.386E-05;89.92;-0.01;100.20;0.04;100.20;0.07576;0.07591;-0.0001521;-11.206;-11.197;-99.990;0.00;-8.65;
2025-11-24 18:08:27.79;0.00:00:33:762;-1.00;0.00;0.00;0.07581;-0.07598;0.0002279;-4.762E-05;89.91;-0.02;100.23;0.06;100.23;0.07581;0.07598;-0.0001743;-11.203;-11.193;-99.990;0.00;-11.81;
2025-11-24 18:08:27.84;0.00:00:33:813;-1.00;0.00;0.00;0.07601;-0.07616;0.0002182;-2.518E-05;89.92;-0.01;100.20;0.03;100.20;0.07601;0.07616;-0.0001503;-11.191;-11.183;-99.990;0.00;-6.58;
2025-11-24 18:08:27.89;0.00:00:33:865;-1.00;0.00;0.00;0.07589;-0.07608;0.0001995;-3.554E-05;89.92;-0.01;100.24;0.05;100.24;0.07589;0.07608;-0.0001851;-11.198;-11.187;-99.990;0.00;-10.10;
2025-11-24 18:08:27.95;0.00:00:33:918;-1.00;0.00;0.00;0.07569;-0.07588;0.0001671;-5.989E-05;89.94;-0.02;100.24;0.08;100.24;0.07569;0.07588;-0.0001817;-11.209;-11.199;-99.990;0.00;-19.71;
2025-11-24 18:08:28.01;0.00:00:33:977;-1.00;0.00;0.00;0.07583;-0.07601;0.0002174;-4.895E-05;89.92;-0.02;100.24;0.06;100.24;0.07583;0.07601;-0.0001803;-11.202;-11.191;-99.990;0.00;-12.69;
2025-11-24 18:08:28.07;0.00:00:34:039;-1.00;0.00;0.00;0.0757;-0.07586;0.0002301;-3.653E-05;89.91;-0.01;100.21;0.05;100.21;0.0757;0.07587;-0.0001609;-11.209;-11.200;-99.990;0.00;-9.02;
2025-11-24 18:08:28.12;0.00:00:34:089;-1.00;0.00;0.00;0.07576;-0.07594;0.0002456;-5.649E-05;89.91;-0.02;100.24;0.07;100.24;0.07576;0.07594;-0.0001801;-11.206;-11.195;-99.990;0.00;-12.95;
2025-11-24 18:08:28.18;0.00:00:34:151;-1.00;0.00;0.00;0.07582;-0.07599;0.0002104;-3.602E-05;89.92;-0.01;100.22;0.05;100.22;0.07582;0.07599;-0.0001697;-11.202;-11.193;-99.990;0.00;-9.72;
2025-11-24 18:08:28.23;0.00:00:34:202;-1.00;0.00;0.00;0.07574;-0.07592;0.0001765;-5.082E-05;89.93;-0.02;100.24;0.07;100.24;0.07574;0.07592;-0.0001844;-11.207;-11.196;-99.990;0.00;-16.06;
2025-11-24 18:08:28.28;0.00:00:34:253;-1.00;0.00;0.00;0.07575;-0.07594;0.0001922;-4.06E-05;89.93;-0.02;100.25;0.05;100.25;0.07575;0.07594;-0.0001922;-11.206;-11.195;-99.990;0.00;-11.93;
2025-11-24 18:08:28.33;0.00:00:34:302;-1.00;0.00;0.00;0.07579;-0.07595;0.0002174;-4.975E-05;89.92;-0.02;100.21;0.07;100.21;0.07579;0.07595;-0.0001597;-11.204;-11.195;-99.990;0.00;-12.89;
2025-11-24 18:08:28.38;0.00:00:34:354;-1.00;0.00;0.00;0.07589;-0.07607;0.0002415;-4.503E-05;89.91;-0.02;100.24;0.06;100.24;0.07589;0.07607;-0.0001821;-11.198;-11.188;-99.990;0.00;-10.56;
2025-11-24 18:08:28.43;0.00:00:34:405;-1.00;0.00;0.00;0.07595;-0.07612;0.0001894;-5.478E-05;89.93;-0.02;100.23;0.07;100.23;0.07595;0.07612;-0.0001764;-11.195;-11.185;-99.990;0.00;-16.13;
2025-11-24 18:08:28.49;0.00:00:34:457;-1.00;0.00;0.00;0.07586;-0.07602;0.0002296;-4.267E-05;89.91;-0.02;100.21;0.06;100.21;0.07586;0.07602;-0.0001601;-11.200;-11.191;-99.990;0.00;-10.53;
2025-11-24 18:08:28.55;0.00:00:34:517;-1.00;0.00;0.00;0.07584;-0.07601;0.000194;-4.048E-05;89.93;-0.02;100.21;0.05;100.21;0.07584;0.07601;-0.0001628;-11.201;-11.192;-99.990;0.00;-11.79;
2025-11-24 18:08:28.60;0.00:00:34:568;-1.00;0.00;0.00;0.07563;-0.0758;0.0001961;-2.699E-05;89.93;-0.01;100.22;0.04;100.22;0.07563;0.0758;-0.000164;-11.213;-11.204;-99.990;0.00;-7.84;
2025-11-24 18:08:28.65;0.00:00:34:625;-1.00;0.00;0.00;0.07593;-0.07612;0.0002341;-2.802E-05;89.91;-0.01;100.25;0.04;100.25;0.07593;0.07612;-0.0001915;-11.196;-11.185;-99.990;0.00;-6.83;
2025-11-24 18:08:28.70;0.00:00:34:672;-1.00;0.00;0.00;0.07588;-0.07604;0.0002266;-5.389E-05;89.91;-0.02;100.21;0.07;100.21;0.07588;0.07604;-0.0001618;-11.199;-11.190;-99.990;0.00;-13.37;
2025-11-24 18:08:28.75;0.00:00:34:719;-1.00;0.00;0.00;0.07576;-0.07591;0.0002062;-1.451E-05;89.92;-0.01;100.21;0.02;100.21;0.07576;0.07591;-0.0001569;-11.206;-11.197;-99.990;0.00;-4.03;
2025-11-24 18:08:28.80;0.00:00:34:766;-1.00;0.00;0.00;0.07568;-0.07586;0.0002111;-1.813E-05;89.92;-0.01;100.23;0.02;100.23;0.07568;0.07586;-0.0001713;-11.210;-11.200;-99.990;0.00;-4.91;
2025-11-24 18:08:28.84;0.00:00:34:813;-1.00;0.00;0.00;0.07556;-0.07573;0.0002344;-5.937E-05;89.91;-0.02;100.22;0.08;100.22;0.07556;0.07573;-0.0001665;-11.217;-11.207;-99.990;0.00;-14.22;
2025-11-24 18:08:28.89;0.00:00:34:860;-1.00;0.00;0.00;0.07561;-0.07579;0.0002188;-3.61E-05;89.92;-0.01;100.23;0.05;100.23;0.07561;0.07579;-0.0001742;-11.214;-11.204;-99.990;0.00;-9.37;
2025-11-24 18:08:28.94;0.00:00:34:910;-1.00;0.00;0.00;0.07546;-0.07564;0.0002229;-4.382E-05;89.92;-0.02;100.24;0.06;100.24;0.07546;0.07564;-0.000181;-11.223;-11.212;-99.990;0.00;-11.12;
2025-11-24 18:08:29.00;0.00:00:34:971;-1.00;0.00;0.00;0.07568;-0.07584;0.0002057;-4.744E-05;89.92;-0.02;100.22;0.06;100.22;0.07568;0.07584;-0.0001636;-11.210;-11.201;-99.990;0.00;-12.99;
2025-11-24 18:08:29.05;0.00:00:35:016;-1.00;0.00;0.00;0.07583;-0.07601;0.0002343;-5.751E-05;89.91;-0.02;100.23;0.08;100.23;0.07583;0.07601;-0.0001772;-11.201;-11.191;-99.990;0.00;-13.79;
2025-11-24 18:08:29.09;0.00:00:35:064;-1.00;0.00;0.00;0.0759;-0.07606;0.0002194;-5.007E-05;89.92;-0.02;100.21;0.07;100.21;0.0759;0.07606;-0.0001617;-11.198;-11.188;-99.990;0.00;-12.86;
2025-11-24 18:08:29.14;0.00:00:35:111;-1.00;0.00;0.00;0.076;-0.07618;0.000196;-3.872E-05;89.93;-0.01;100.23;0.05;100.23;0.076;0.07618;-0.0001772;-11.192;-11.182;-99.990;0.00;-11.18;
2025-11-24 18:08:29.19;0.00:00:35:157;-1.00;0.00;0.00;0.07601;-0.07619;0.0001803;-5.839E-05;89.93;-0.02;100.23;0.08;100.23;0.07601;0.07619;-0.0001751;-11.191;-11.181;-99.990;0.00;-17.94;
2025-11-24 18:08:29.24;0.00:00:35:206;-1.00;0.00;0.00;0.07605;-0.07621;0.0001903;-3.404E-05;89.93;-0.01;100.22;0.04;100.22;0.07605;0.07621;-0.0001669;-11.189;-11.180;-99.990;0.00;-10.14;
2025-11-24 18:08:29.29;0.00:00:35:265;-1.00;0.00;0.00;0.07594;-0.07613;0.000228;-4.892E-05;89.91;-0.02;100.26;0.06;100.26;0.07594;0.07613;-0.0001954;-11.195;-11.184;-99.990;0.00;-12.11;
2025-11-24 18:08:29.34;0.00:00:35:313;-1.00;0.00;0.00;0.07586;-0.07602;0.0002182;-4.88E-05;89.92;-0.02;100.21;0.06;100.21;0.07586;0.07602;-0.0001582;-11.200;-11.191;-99.990;0.00;-12.61;
2025-11-24 18:08:29.39;0.00:00:35:360;-1.00;0.00;0.00;0.07589;-0.07607;0.0002687;-4.792E-05;89.90;-0.02;100.24;0.06;100.24;0.07589;0.07607;-0.0001856;-11.198;-11.188;-99.990;0.00;-10.11;
2025-11-24 18:08:29.44;0.00:00:35:407;-1.00;0.00;0.00;0.07609;-0.07626;0.0002224;-5.484E-05;89.92;-0.02;100.23;0.07;100.23;0.07609;0.07626;-0.0001761;-11.187;-11.177;-99.990;0.00;-13.85;
2025-11-24 18:08:29.48;0.00:00:35:454;-1.00;0.00;0.00;0.07595;-0.07615;0.0002265;-3.933E-05;89.91;-0.01;100.26;0.05;100.26;0.07595;0.07615;-0.0001947;-11.195;-11.184;-99.990;0.00;-9.85;
2025-11-24 18:08:29.55;0.00:00:35:516;-1.00;0.00;0.00;0.07607;-0.07624;0.0002147;-4.463E-05;89.92;-0.02;100.22;0.06;100.22;0.07607;0.07624;-0.0001669;-11.188;-11.178;-99.990;0.00;-11.74;
2025-11-24 18:08:29.59;0.00:00:35:563;-1.00;0.00;0.00;0.0761;-0.07627;0.0002429;-3.53E-05;89.91;-0.01;100.23;0.05;100.23;0.0761;0.07627;-0.0001721;-11.186;-11.176;-99.990;0.00;-8.27;
2025-11-24 18:08:29.64;0.00:00:35:609;-1.00;0.00;0.00;0.07607;-0.07626;0.0002175;-4.271E-05;89.92;-0.02;100.25;0.06;100.25;0.07607;0.07626;-0.000192;-11.188;-11.177;-99.990;0.00;-11.11;
2025-11-24 18:08:29.69;0.00:00:35:656;-1.00;0.00;0.00;0.07613;-0.0763;0.0002418;-2.609E-05;89.91;-0.01;100.22;0.03;100.22;0.07613;0.0763;-0.0001707;-11.184;-11.175;-99.990;0.00;-6.16;
2025-11-24 18:08:29.73;0.00:00:35:702;-1.00;0.00;0.00;0.07623;-0.0764;0.0001984;-5.16E-05;89.93;-0.02;100.22;0.07;100.22;0.07623;0.0764;-0.0001672;-11.178;-11.169;-99.990;0.00;-14.58;
2025-11-24 18:08:29.78;0.00:00:35:749;-1.00;0.00;0.00;0.07627;-0.07645;0.0002436;-3.843E-05;89.91;-0.01;100.23;0.05;100.23;0.07627;0.07645;-0.0001752;-11.176;-11.166;-99.990;0.00;-8.96;
2025-11-24 18:08:29.83;0.00:00:35:796;-1.00;0.00;0.00;0.0762;-0.07635;0.0001864;-3.466E-05;89.93;-0.01;100.21;0.05;100.21;0.0762;0.07635;-0.0001567;-11.181;-11.172;-99.990;0.00;-10.54;
2025-11-24 18:08:29.87;0.00:00:35:842;-1.00;0.00;0.00;0.07612;-0.0763;0.0002247;-5.587E-05;89.92;-0.02;100.23;0.07;100.23;0.07612;0.0763;-0.0001771;-11.185;-11.175;-99.990;0.00;-13.96;
2025-11-24 18:08:29.92;0.00:00:35:889;-1.00;0.00;0.00;0.07582;-0.076;0.0002212;-4.538E-05;89.92;-0.02;100.23;0.06;100.23;0.07582;0.076;-0.0001753;-11.202;-11.192;-99.990;0.00;-11.59;
2025-11-24 18:08:29.96;0.00:00:35:935;-1.00;0.00;0.00;0.07577;-0.07595;0.0002221;-3.216E-05;89.92;-0.01;100.24;0.04;100.24;0.07577;0.07595;-0.0001807;-11.205;-11.195;-99.990;0.00;-8.24;
2025-11-24 18:08:30.01;0.00:00:35:983;-1.00;0.00;0.00;0.07563;-0.0758;0.0001771;-6.421E-05;89.93;-0.02;100.23;0.08;100.23;0.07563;0.0758;-0.000171;-11.213;-11.203;-99.990;0.00;-19.93;
2025-11-24 18:08:30.06;0.00:00:36:030;-1.00;0.00;0.00;0.07558;-0.07572;0.0001971;-6.849E-05;89.93;-0.03;100.19;0.09;100.19;0.07558;0.07572;-0.000145;-11.216;-11.208;-99.990;0.00;-19.16;
2025-11-24 18:08:30.11;0.00:00:36:078;-1.00;0.00;0.00;0.07568;-0.07586;0.0002539;-5.325E-05;89.90;-0.02;100.23;0.07;100.23;0.07568;0.07586;-0.0001739;-11.210;-11.200;-99.990;0.00;-11.85;
2025-11-24 18:08:30.15;0.00:00:36:123;-1.00;0.00;0.00;0.07567;-0.07585;0.0001968;-4.846E-05;89.93;-0.02;100.24;0.06;100.24;0.07567;0.07585;-0.0001816;-11.211;-11.200;-99.990;0.00;-13.83;
2025-11-24 18:08:30.20;0.00:00:36:169;-1.00;0.00;0.00;0.07561;-0.07578;0.0001977;-4.806E-05;89.93;-0.02;100.23;0.06;100.23;0.07561;0.07578;-0.0001736;-11.214;-11.205;-99.990;0.00;-13.67;
2025-11-24 18:08:30.25;0.00:00:36:216;-1.00;0.00;0.00;0.07548;-0.07565;0.0001945;-5.39E-05;89.93;-0.02;100.23;0.07;100.23;0.07548;0.07566;-0.0001736;-11.222;-11.212;-99.990;0.00;-15.49;
2025-11-24 18:08:30.29;0.00:00:36:263;-1.00;0.00;0.00;0.07562;-0.0758;0.0002118;-3.289E-05;89.92;-0.01;100.24;0.04;100.24;0.07562;0.0758;-0.0001781;-11.214;-11.203;-99.990;0.00;-8.82;
2025-11-24 18:08:30.34;0.00:00:36:310;-1.00;0.00;0.00;0.07566;-0.07584;0.0002494;-3.13E-05;89.91;-0.01;100.24;0.04;100.24;0.07566;0.07584;-0.0001788;-11.211;-11.201;-99.990;0.00;-7.15;
2025-11-24 18:08:30.39;0.00:00:36:357;-1.00;0.00;0.00;0.07564;-0.07582;0.0002378;-5.089E-05;89.91;-0.02;100.24;0.07;100.24;0.07564;0.07582;-0.000184;-11.212;-11.202;-99.990;0.00;-12.08;
2025-11-24 18:08:30.43;0.00:00:36:404;-1.00;0.00;0.00;0.07588;-0.07606;0.0002109;-5.383E-05;89.92;-0.02;100.23;0.07;100.23;0.07588;0.07606;-0.0001765;-11.198;-11.188;-99.990;0.00;-14.32;
2025-11-24 18:08:30.48;0.00:00:36:451;-1.00;0.00;0.00;0.07593;-0.07611;0.000183;-5.402E-05;89.93;-0.02;100.24;0.07;100.24;0.07593;0.07611;-0.0001821;-11.196;-11.185;-99.990;0.00;-16.45;
2025-11-24 18:08:30.53;0.00:00:36:498;-1.00;0.00;0.00;0.07584;-0.07601;0.0002062;-2.756E-05;89.92;-0.01;100.23;0.04;100.23;0.07584;0.07601;-0.000174;-11.201;-11.191;-99.990;0.00;-7.61;
2025-11-24 18:08:30.58;0.00:00:36:546;-1.00;0.00;0.00;0.07573;-0.07591;0.0002122;-5.301E-05;89.92;-0.02;100.24;0.07;100.24;0.07573;0.07591;-0.0001805;-11.207;-11.197;-99.990;0.00;-14.03;
2025-11-24 18:08:30.62;0.00:00:36:593;-1.00;0.00;0.00;0.07563;-0.07578;0.0002815;-5.231E-05;89.89;-0.02;100.21;0.07;100.21;0.07563;0.07578;-0.0001575;-11.213;-11.204;-99.990;0.00;-10.53;
2025-11-24 18:08:30.67;0.00:00:36:641;-1.00;0.00;0.00;0.07554;-0.07571;0.0002217;-4.449E-05;89.92;-0.02;100.22;0.06;100.22;0.07554;0.07571;-0.0001691;-11.218;-11.208;-99.990;0.00;-11.34;
2025-11-24 18:08:30.72;0.00:00:36:690;-1.00;0.00;0.00;0.07557;-0.07575;0.0002587;-3.871E-05;89.90;-0.01;100.24;0.05;100.24;0.07557;0.07575;-0.0001779;-11.216;-11.206;-99.990;0.00;-8.51;
2025-11-24 18:08:30.78;0.00:00:36:751;-1.00;0.00;0.00;0.07578;-0.07597;0.0002228;-4.818E-05;89.92;-0.02;100.25;0.06;100.25;0.07578;0.07597;-0.0001912;-11.205;-11.194;-99.990;0.00;-12.20;
2025-11-24 18:08:30.83;0.00:00:36:797;-1.00;0.00;0.00;0.07591;-0.07609;0.000242;-4.499E-05;89.91;-0.02;100.24;0.06;100.24;0.07591;0.07609;-0.0001827;-11.197;-11.186;-99.990;0.00;-10.53;
2025-11-24 18:08:30.87;0.00:00:36:843;-1.00;0.00;0.00;0.07607;-0.07625;0.0002319;-4.829E-05;89.91;-0.02;100.24;0.06;100.24;0.07607;0.07625;-0.0001826;-11.188;-11.177;-99.990;0.00;-11.77;
2025-11-24 18:08:30.92;0.00:00:36:891;-1.00;0.00;0.00;0.07612;-0.07631;0.0001745;-6.205E-05;89.93;-0.02;100.25;0.08;100.25;0.07612;0.07631;-0.0001867;-11.185;-11.174;-99.990;0.00;-19.58;
2025-11-24 18:08:30.97;0.00:00:36:938;-1.00;0.00;0.00;0.07602;-0.07619;0.0001908;-4.143E-05;89.93;-0.02;100.23;0.05;100.23;0.07602;0.07619;-0.0001716;-11.191;-11.181;-99.990;0.00;-12.25;
2025-11-24 18:08:31.01;0.00:00:36:984;-1.00;0.00;0.00;0.07594;-0.07611;0.0001753;-5.21E-05;89.93;-0.02;100.22;0.07;100.22;0.07594;0.07611;-0.0001668;-11.195;-11.186;-99.990;0.00;-16.56;
2025-11-24 18:08:31.06;0.00:00:37:030;-1.00;0.00;0.00;0.07582;-0.07599;0.000192;-4.103E-05;89.93;-0.02;100.22;0.05;100.22;0.07582;0.07599;-0.0001657;-11.202;-11.193;-99.990;0.00;-12.06;
2025-11-24 18:08:31.11;0.00:00:37:077;-1.00;0.00;0.00;0.07553;-0.07571;0.0002451;-5.635E-05;89.91;-0.02;100.24;0.07;100.24;0.07553;0.07571;-0.00018;-11.219;-11.208;-99.990;0.00;-12.95;
2025-11-24 18:08:31.15;0.00:00:37:123;-1.00;0.00;0.00;0.07575;-0.07591;0.0002155;-6.092E-05;89.92;-0.02;100.21;0.08;100.21;0.07575;0.07591;-0.0001557;-11.206;-11.197;-99.990;0.00;-15.79;
2025-11-24 18:08:31.20;0.00:00:37:170;-1.00;0.00;0.00;0.07591;-0.07608;0.000226;-5.221E-05;89.91;-0.02;100.23;0.07;100.23;0.07591;0.07608;-0.0001718;-11.197;-11.187;-99.990;0.00;-13.01;
2025-11-24 18:08:31.25;0.00:00:37:217;-1.00;0.00;0.00;0.07586;-0.07602;0.000181;-2.647E-05;89.93;-0.01;100.21;0.03;100.21;0.07586;0.07602;-0.0001584;-11.200;-11.191;-99.990;0.00;-8.32;
2025-11-24 18:08:31.29;0.00:00:37:264;-1.00;0.00;0.00;0.0759;-0.07607;0.000213;-4.304E-05;89.92;-0.02;100.23;0.06;100.23;0.0759;0.07607;-0.0001719;-11.198;-11.188;-99.990;0.00;-11.42;
2025-11-24 18:08:31.34;0.00:00:37:310;-1.00;0.00;0.00;0.0757;-0.07588;0.0002095;-6.002E-05;89.92;-0.02;100.23;0.08;100.23;0.0757;0.07588;-0.0001753;-11.209;-11.199;-99.990;0.00;-15.99;
2025-11-24 18:08:31.39;0.00:00:37:357;-1.00;0.00;0.00;0.07574;-0.07593;0.0002306;-3.298E-05;89.91;-0.01;100.25;0.04;100.25;0.07574;0.07593;-0.000191;-11.207;-11.196;-99.990;0.00;-8.14;
2025-11-24 18:08:31.43;0.00:00:37:404;-1.00;0.00;0.00;0.07558;-0.07576;0.000199;-6.831E-05;89.92;-0.03;100.23;0.09;100.23;0.07558;0.07576;-0.0001772;-11.216;-11.205;-99.990;0.00;-18.95;
2025-11-24 18:08:31.48;0.00:00:37:449;-1.00;0.00;0.00;0.07563;-0.07583;0.0002248;-5.831E-05;89.92;-0.02;100.27;0.08;100.27;0.07563;0.07583;-0.0002022;-11.213;-11.201;-99.990;0.00;-14.54;
2025-11-24 18:08:31.53;0.00:00:37:496;-1.00;0.00;0.00;0.07568;-0.07585;0.0002036;-2.91E-05;89.92;-0.01;100.22;0.04;100.22;0.07568;0.07585;-0.00017;-11.210;-11.201;-99.990;0.00;-8.13;
2025-11-24 18:08:31.57;0.00:00:37:543;-1.00;0.00;0.00;0.07539;-0.07556;0.000223;-5.187E-05;89.92;-0.02;100.23;0.07;100.23;0.07539;0.07556;-0.0001726;-11.227;-11.217;-99.990;0.00;-13.10;
2025-11-24 18:08:31.62;0.00:00:37:589;-1.00;0.00;0.00;0.07537;-0.07557;0.0002127;-3.883E-05;89.92;-0.01;100.26;0.05;100.26;0.07537;0.07557;-0.0001968;-11.228;-11.216;-99.990;0.00;-10.34;
2025-11-24 18:08:31.67;0.00:00:37:636;-1.00;0.00;0.00;0.07546;-0.07562;0.0002159;-6.092E-05;89.92;-0.02;100.21;0.08;100.21;0.07546;0.07562;-0.0001583;-11.223;-11.213;-99.990;0.00;-15.76;
2025-11-24 18:08:31.71;0.00:00:37:683;-1.00;0.00;0.00;0.07562;-0.07578;0.0002363;-3.628E-05;89.91;-0.01;100.21;0.05;100.21;0.07562;0.07578;-0.00016;-11.214;-11.204;-99.990;0.00;-8.73;
2025-11-24 18:08:31.76;0.00:00:37:730;-1.00;0.00;0.00;0.07566;-0.07583;0.0002048;-3.409E-05;89.92;-0.01;100.23;0.05;100.23;0.07566;0.07583;-0.0001746;-11.211;-11.201;-99.990;0.00;-9.45;
2025-11-24 18:08:31.81;0.00:00:37:777;-1.00;0.00;0.00;0.07556;-0.07575;0.0002327;-7.142E-05;89.91;-0.03;100.25;0.09;100.25;0.07556;0.07575;-0.0001864;-11.217;-11.206;-99.990;0.00;-17.06;
2025-11-24 18:08:31.85;0.00:00:37:824;-1.00;0.00;0.00;0.07581;-0.07599;0.0002241;-5.081E-05;89.92;-0.02;100.24;0.07;100.24;0.07581;0.07599;-0.0001822;-11.203;-11.192;-99.990;0.00;-12.78;
2025-11-24 18:08:31.90;0.00:00:37:871;-1.00;0.00;0.00;0.07595;-0.07615;0.0002328;-1.695E-05;89.91;-0.01;100.26;0.02;100.26;0.07595;0.07615;-0.0001994;-11.195;-11.183;-99.990;0.00;-4.17;
2025-11-24 18:08:31.95;0.00:00:37:917;-1.00;0.00;0.00;0.0759;-0.07607;0.0001872;-5.32E-05;89.93;-0.02;100.22;0.07;100.22;0.0759;0.07607;-0.0001659;-11.197;-11.188;-99.990;0.00;-15.87;
2025-11-24 18:08:31.99;0.00:00:37:964;-1.00;0.00;0.00;0.07607;-0.07625;0.0002183;-6.09E-05;89.92;-0.02;100.24;0.08;100.24;0.07607;0.07625;-0.000182;-11.188;-11.178;-99.990;0.00;-15.59;
2025-11-24 18:08:32.04;0.00:00:38:010;-1.00;0.00;0.00;0.07592;-0.07607;0.0002217;-4.033E-05;89.92;-0.02;100.20;0.05;100.20;0.07592;0.07607;-0.0001534;-11.196;-11.188;-99.990;0.00;-10.31;
2025-11-24 18:08:32.09;0.00:00:38:060;-1.00;0.00;0.00;0.0757;-0.07586;0.0002126;-3.792E-05;89.92;-0.01;100.21;0.05;100.21;0.0757;0.07586;-0.0001618;-11.209;-11.200;-99.990;0.00;-10.11;
2025-11-24 18:08:32.15;0.00:00:38:118;-1.00;0.00;0.00;0.07555;-0.07571;0.0002293;-4.46E-05;89.91;-0.02;100.21;0.06;100.21;0.07555;0.07571;-0.0001609;-11.217;-11.208;-99.990;0.00;-11.01;
2025-11-24 18:08:32.19;0.00:00:38:165;-1.00;0.00;0.00;0.0756;-0.07577;0.0001675;-7.195E-05;89.94;-0.03;100.23;0.10;100.23;0.0756;0.07577;-0.0001759;-11.215;-11.205;-99.990;0.00;-23.24;
2025-11-24 18:08:32.24;0.00:00:38:212;-1.00;0.00;0.00;0.07574;-0.07591;0.000209;-5.075E-05;89.92;-0.02;100.23;0.07;100.23;0.07574;0.07591;-0.0001739;-11.207;-11.197;-99.990;0.00;-13.65;
2025-11-24 18:08:32.29;0.00:00:38:259;-1.00;0.00;0.00;0.07582;-0.076;0.0002071;-3.118E-05;89.92;-0.01;100.24;0.04;100.24;0.07582;0.076;-0.0001856;-11.202;-11.192;-99.990;0.00;-8.56;
2025-11-24 18:08:32.33;0.00:00:38:305;-1.00;0.00;0.00;0.07571;-0.07589;0.0002415;-4.537E-05;89.91;-0.02;100.23;0.06;100.23;0.07571;0.07589;-0.0001768;-11.208;-11.198;-99.990;0.00;-10.64;
2025-11-24 18:08:32.38;0.00:00:38:351;-1.00;0.00;0.00;0.07559;-0.07576;0.0002131;-3.428E-05;89.92;-0.01;100.22;0.05;100.22;0.07559;0.07576;-0.0001682;-11.215;-11.206;-99.990;0.00;-9.14;
2025-11-24 18:08:32.43;0.00:00:38:398;-1.00;0.00;0.00;0.07564;-0.07581;0.0002146;-5.343E-05;89.92;-0.02;100.23;0.07;100.23;0.07564;0.07581;-0.0001722;-11.212;-11.203;-99.990;0.00;-13.98;
2025-11-24 18:08:32.47;0.00:00:38:445;-1.00;0.00;0.00;0.07574;-0.07589;0.000176;-5.193E-05;89.93;-0.02;100.20;0.07;100.20;0.07574;0.07589;-0.0001503;-11.207;-11.198;-99.990;0.00;-16.44;
2025-11-24 18:08:32.52;0.00:00:38:493;-1.00;0.00;0.00;0.07574;-0.07591;0.0001929;-5.761E-05;89.93;-0.02;100.22;0.08;100.22;0.07574;0.07591;-0.0001655;-11.207;-11.197;-99.990;0.00;-16.63;
2025-11-24 18:08:32.57;0.00:00:38:539;-1.00;0.00;0.00;0.07571;-0.07587;0.0002044;-5.397E-05;89.92;-0.02;100.21;0.07;100.21;0.07571;0.07587;-0.0001579;-11.208;-11.199;-99.990;0.00;-14.79;
2025-11-24 18:08:32.62;0.00:00:38:587;-1.00;0.00;0.00;0.07591;-0.0761;0.0002191;-5.85E-05;89.92;-0.02;100.25;0.08;100.25;0.07591;0.0761;-0.0001874;-11.197;-11.186;-99.990;0.00;-14.95;
2025-11-24 18:08:32.66;0.00:00:38:635;-1.00;0.00;0.00;0.07592;-0.07609;0.0002475;-5.363E-05;89.91;-0.02;100.22;0.07;100.22;0.07592;0.07609;-0.000166;-11.196;-11.187;-99.990;0.00;-12.23;
2025-11-24 18:08:32.73;0.00:00:38:697;-1.00;0.00;0.00;0.07576;-0.07593;0.0002022;-4.82E-05;89.92;-0.02;100.23;0.06;100.23;0.07576;0.07593;-0.0001743;-11.206;-11.196;-99.990;0.00;-13.41;
2025-11-24 18:08:32.78;0.00:00:38:748;-1.00;0.00;0.00;0.07602;-0.07622;0.0002235;-4.511E-05;89.92;-0.02;100.26;0.06;100.26;0.07602;0.07622;-0.0001943;-11.190;-11.179;-99.990;0.00;-11.41;
2025-11-24 18:08:32.83;0.00:00:38:801;-1.00;0.00;0.00;0.07592;-0.07608;0.000228;-2.708E-05;89.91;-0.01;100.21;0.04;100.21;0.07592;0.07608;-0.0001566;-11.196;-11.187;-99.990;0.00;-6.77;
2025-11-24 18:08:32.88;0.00:00:38:850;-1.00;0.00;0.00;0.07595;-0.07612;0.0002695;-5.188E-05;89.90;-0.02;100.23;0.07;100.23;0.07595;0.07612;-0.0001736;-11.195;-11.185;-99.990;0.00;-10.89;
2025-11-24 18:08:32.93;0.00:00:38:901;-1.00;0.00;0.00;0.07604;-0.07625;0.0002171;-3.769E-05;89.92;-0.01;100.27;0.05;100.27;0.07604;0.07625;-0.0002069;-11.189;-11.178;-99.990;0.00;-9.85;
2025-11-24 18:08:32.98;0.00:00:38:948;-1.00;0.00;0.00;0.07596;-0.07615;0.0002079;-4.204E-05;89.92;-0.02;100.25;0.06;100.25;0.07596;0.07615;-0.0001891;-11.194;-11.183;-99.990;0.00;-11.43;
2025-11-24 18:08:33.02;0.00:00:38:993;-1.00;0.00;0.00;0.07594;-0.07613;0.0002391;-5.076E-05;89.91;-0.02;100.26;0.07;100.26;0.07594;0.07613;-0.0001942;-11.196;-11.184;-99.990;0.00;-11.98;
2025-11-24 18:08:33.08;0.00:00:39:047;-1.00;0.00;0.00;0.07592;-0.07611;0.0002065;-3.165E-05;89.92;-0.01;100.25;0.04;100.25;0.07592;0.07611;-0.0001868;-11.196;-11.186;-99.990;0.00;-8.72;
2025-11-24 18:08:33.13;0.00:00:39:096;-1.00;0.00;0.00;0.07577;-0.07592;0.0002245;-2.486E-05;89.92;-0.01;100.21;0.03;100.21;0.07577;0.07592;-0.0001577;-11.205;-11.196;-99.990;0.00;-6.32;
2025-11-24 18:08:33.18;0.00:00:39:147;-1.00;0.00;0.00;0.07577;-0.07596;0.0001649;-4.664E-05;89.94;-0.02;100.24;0.06;100.24;0.07577;0.07596;-0.0001821;-11.205;-11.194;-99.990;0.00;-15.79;
2025-11-24 18:08:33.24;0.00:00:39:209;-1.00;0.00;0.00;0.0757;-0.07587;0.0001937;-5.583E-05;89.93;-0.02;100.23;0.07;100.23;0.0757;0.07587;-0.0001712;-11.209;-11.200;-99.990;0.00;-16.08;
2025-11-24 18:08:33.29;0.00:00:39:265;-1.00;0.00;0.00;0.0757;-0.07589;0.0002007;-5.542E-05;89.92;-0.02;100.24;0.07;100.24;0.0757;0.07589;-0.000184;-11.209;-11.198;-99.990;0.00;-15.44;
2025-11-24 18:08:33.35;0.00:00:39:319;-1.00;0.00;0.00;0.07574;-0.07593;0.0002289;-3.546E-05;89.91;-0.01;100.24;0.05;100.24;0.07574;0.07593;-0.0001853;-11.206;-11.196;-99.990;0.00;-8.81;
2025-11-24 18:08:33.40;0.00:00:39:371;-1.00;0.00;0.00;0.07574;-0.07591;0.0001979;-2.546E-05;89.93;-0.01;100.23;0.03;100.23;0.07574;0.07592;-0.0001775;-11.207;-11.197;-99.990;0.00;-7.33;
2025-11-24 18:08:33.46;0.00:00:39:427;-1.00;0.00;0.00;0.07558;-0.07577;0.0002493;-6.671E-05;89.91;-0.03;100.26;0.09;100.26;0.07558;0.07578;-0.0001937;-11.216;-11.205;-99.990;0.00;-14.98;
2025-11-24 18:08:33.51;0.00:00:39:477;-1.00;0.00;0.00;0.07575;-0.07591;0.0002254;-5.5E-05;89.91;-0.02;100.21;0.07;100.21;0.07575;0.07591;-0.00016;-11.206;-11.197;-99.990;0.00;-13.71;
2025-11-24 18:08:33.55;0.00:00:39:524;-1.00;0.00;0.00;0.07543;-0.07558;0.0002083;-5.346E-05;89.92;-0.02;100.20;0.07;100.20;0.07543;0.07558;-0.000148;-11.225;-11.216;-99.990;0.00;-14.39;
2025-11-24 18:08:33.61;0.00:00:39:576;-1.00;0.00;0.00;0.07549;-0.07566;0.0002441;-6.563E-05;89.91;-0.02;100.22;0.09;100.22;0.07549;0.07566;-0.0001669;-11.221;-11.211;-99.990;0.00;-15.05;
2025-11-24 18:08:33.66;0.00:00:39:627;-1.00;0.00;0.00;0.0758;-0.07595;0.0002577;-3.847E-05;89.90;-0.01;100.20;0.05;100.20;0.0758;0.07595;-0.0001549;-11.203;-11.194;-99.990;0.00;-8.49;
2025-11-24 18:08:33.72;0.00:00:39:689;-1.00;0.00;0.00;0.07583;-0.07599;0.0002145;-4.124E-05;89.92;-0.02;100.20;0.05;100.20;0.07583;0.07599;-0.0001541;-11.201;-11.192;-99.990;0.00;-10.88;
2025-11-24 18:08:33.77;0.00:00:39:740;-1.00;0.00;0.00;0.07578;-0.07595;0.0001942;-3.859E-05;89.93;-0.01;100.22;0.05;100.22;0.07578;0.07595;-0.0001682;-11.204;-11.195;-99.990;0.00;-11.24;
2025-11-24 18:08:33.82;0.00:00:39:791;-1.00;0.00;0.00;0.07577;-0.07598;0.0001692;-5.099E-05;89.94;-0.02;100.27;0.07;100.27;0.07577;0.07598;-0.000205;-11.205;-11.193;-99.990;0.00;-16.77;
2025-11-24 18:08:33.87;0.00:00:39:842;-1.00;0.00;0.00;0.07587;-0.07606;0.0001986;-5.93E-05;89.93;-0.02;100.24;0.08;100.24;0.07587;0.07606;-0.000184;-11.199;-11.189;-99.990;0.00;-16.63;
2025-11-24 18:08:33.92;0.00:00:39:890;-1.00;0.00;0.00;0.07585;-0.07602;0.0002133;-6.026E-05;89.92;-0.02;100.22;0.08;100.21;0.07585;0.07602;-0.0001631;-11.200;-11.191;-99.990;0.00;-15.77;
2025-11-24 18:08:33.97;0.00:00:39:945;-1.00;0.00;0.00;0.07593;-0.07611;0.0002081;-3.661E-05;89.92;-0.01;100.24;0.05;100.24;0.07593;0.07611;-0.000185;-11.196;-11.186;-99.990;0.00;-9.98;
2025-11-24 18:08:34.03;0.00:00:39:996;-1.00;0.00;0.00;0.07608;-0.07625;0.0002213;-3.786E-05;89.92;-0.01;100.23;0.05;100.23;0.07608;0.07625;-0.0001741;-11.188;-11.178;-99.990;0.00;-9.71;
2025-11-24 18:08:34.07;0.00:00:40:044;-1.00;0.00;0.00;0.07611;-0.07629;0.0002013;-2.818E-05;89.92;-0.01;100.24;0.04;100.24;0.07611;0.07629;-0.0001836;-11.186;-11.175;-99.990;0.00;-7.97;
2025-11-24 18:08:34.13;0.00:00:40:096;-1.00;0.00;0.00;0.07589;-0.07606;0.0002156;-5.039E-05;89.92;-0.02;100.22;0.07;100.22;0.07589;0.07606;-0.0001703;-11.198;-11.188;-99.990;0.00;-13.15;
2025-11-24 18:08:34.19;0.00:00:40:157;-1.00;0.00;0.00;0.07579;-0.07597;0.0001971;-3.862E-05;89.93;-0.01;100.23;0.05;100.23;0.07579;0.07597;-0.0001746;-11.204;-11.194;-99.990;0.00;-11.09;
2025-11-24 18:08:34.24;0.00:00:40:207;-1.00;0.00;0.00;0.07596;-0.07614;0.0001905;-5.488E-05;89.93;-0.02;100.23;0.07;100.23;0.07596;0.07614;-0.000177;-11.194;-11.184;-99.990;0.00;-16.07;
2025-11-24 18:08:34.29;0.00:00:40:260;-1.00;0.00;0.00;0.07592;-0.07609;0.0002239;-4.007E-05;89.92;-0.02;100.23;0.05;100.23;0.07592;0.07609;-0.0001733;-11.197;-11.187;-99.990;0.00;-10.15;
2025-11-24 18:08:34.34;0.00:00:40:311;-1.00;0.00;0.00;0.07569;-0.07584;0.0001664;-3.096E-05;89.94;-0.01;100.21;0.04;100.21;0.07569;0.07584;-0.0001561;-11.210;-11.201;-99.990;0.00;-10.54;
2025-11-24 18:08:34.39;0.00:00:40:363;-1.00;0.00;0.00;0.07562;-0.07577;0.0002362;-7.492E-05;89.91;-0.03;100.20;0.10;100.20;0.07562;0.07577;-0.0001537;-11.214;-11.205;-99.990;0.00;-17.60;
2025-11-24 18:08:34.45;0.00:00:40:420;-1.00;0.00;0.00;0.07569;-0.07587;0.0001841;-3.754E-05;89.93;-0.01;100.24;0.05;100.24;0.07569;0.07587;-0.0001804;-11.210;-11.199;-99.990;0.00;-11.53;
2025-11-24 18:08:34.51;0.00:00:40:485;-1.00;0.00;0.00;0.07578;-0.07597;0.000232;-5.141E-05;89.91;-0.02;100.24;0.07;100.24;0.07578;0.07597;-0.0001815;-11.204;-11.194;-99.990;0.00;-12.49;
2025-11-24 18:08:34.57;0.00:00:40:536;-1.00;0.00;0.00;0.07584;-0.07602;0.0002495;-4.988E-05;89.91;-0.02;100.23;0.07;100.23;0.07584;0.07602;-0.0001749;-11.201;-11.191;-99.990;0.00;-11.30;
2025-11-24 18:08:34.62;0.00:00:40:593;-1.00;0.00;0.00;0.07592;-0.0761;0.0002185;-3.27E-05;89.92;-0.01;100.23;0.04;100.23;0.07592;0.0761;-0.0001775;-11.196;-11.186;-99.990;0.00;-8.51;
2025-11-24 18:08:34.67;0.00:00:40:640;-1.00;0.00;0.00;0.07597;-0.07615;0.0002212;-5.502E-05;89.92;-0.02;100.24;0.07;100.24;0.07597;0.07615;-0.0001788;-11.194;-11.183;-99.990;0.00;-13.97;
2025-11-24 18:08:34.72;0.00:00:40:688;-1.00;0.00;0.00;0.07604;-0.07623;0.000194;-3.296E-05;89.93;-0.01;100.25;0.04;100.25;0.07604;0.07623;-0.0001899;-11.190;-11.179;-99.990;0.00;-9.65;
2025-11-24 18:08:34.76;0.00:00:40:734;-1.00;0.00;0.00;0.07605;-0.07623;0.000231;-3.399E-05;89.91;-0.01;100.24;0.04;100.24;0.07605;0.07623;-0.0001835;-11.189;-11.179;-99.990;0.00;-8.37;
2025-11-24 18:08:34.81;0.00:00:40:781;-1.00;0.00;0.00;0.07601;-0.07619;0.0002149;-3.866E-05;89.92;-0.01;100.24;0.05;100.24;0.07601;0.07619;-0.0001808;-11.191;-11.181;-99.990;0.00;-10.20;
2025-11-24 18:08:34.86;0.00:00:40:830;-1.00;0.00;0.00;0.07601;-0.07618;0.0002559;-3.766E-05;89.90;-0.01;100.23;0.05;100.23;0.07601;0.07618;-0.0001723;-11.191;-11.181;-99.990;0.00;-8.37;
2025-11-24 18:08:34.92;0.00:00:40:890;-1.00;0.00;0.00;0.07574;-0.07591;0.0001795;-3.409E-05;89.93;-0.01;100.23;0.05;100.23;0.07574;0.07591;-0.0001714;-11.207;-11.197;-99.990;0.00;-10.75;
2025-11-24 18:08:34.96;0.00:00:40:935;-1.00;0.00;0.00;0.0755;-0.07567;0.0002131;-2.795E-05;89.92;-0.01;100.23;0.04;100.23;0.0755;0.07567;-0.0001704;-11.221;-11.211;-99.990;0.00;-7.47;
2025-11-24 18:08:35.01;0.00:00:40:984;-1.00;0.00;0.00;0.07552;-0.07567;0.000182;-4.279E-05;89.93;-0.02;100.20;0.06;100.20;0.07552;0.07567;-0.0001523;-11.219;-11.211;-99.990;0.00;-13.23;
2025-11-24 18:08:35.06;0.00:00:41:030;-1.00;0.00;0.00;0.07568;-0.07585;0.0002558;-4.268E-05;89.90;-0.02;100.22;0.06;100.22;0.07568;0.07585;-0.0001691;-11.210;-11.201;-99.990;0.00;-9.47;
2025-11-24 18:08:35.11;0.00:00:41:076;-1.00;0.00;0.00;0.07573;-0.07589;0.0001556;-4.568E-05;89.94;-0.02;100.21;0.06;100.21;0.07573;0.07589;-0.0001601;-11.207;-11.198;-99.990;0.00;-16.36;
2025-11-24 18:08:35.16;0.00:00:41:125;-1.00;0.00;0.00;0.07576;-0.07594;0.0002045;-4.89E-05;89.92;-0.02;100.24;0.06;100.24;0.07576;0.07594;-0.0001789;-11.206;-11.195;-99.990;0.00;-13.45;
2025-11-24 18:08:35.22;0.00:00:41:186;-1.00;0.00;0.00;0.07591;-0.07607;0.0002433;-5.153E-05;89.91;-0.02;100.22;0.07;100.22;0.07591;0.07607;-0.0001683;-11.197;-11.188;-99.990;0.00;-11.96;
2025-11-24 18:08:35.26;0.00:00:41:233;-1.00;0.00;0.00;0.07596;-0.07614;0.0002228;-2.8E-05;89.92;-0.01;100.23;0.04;100.23;0.07596;0.07614;-0.0001737;-11.194;-11.184;-99.990;0.00;-7.16;
2025-11-24 18:08:35.31;0.00:00:41:279;-1.00;0.00;0.00;0.07595;-0.07615;0.0002128;-4.484E-05;89.92;-0.02;100.26;0.06;100.26;0.07595;0.07615;-0.0001993;-11.195;-11.183;-99.990;0.00;-11.90;
2025-11-24 18:08:35.36;0.00:00:41:326;-1.00;0.00;0.00;0.07609;-0.07626;0.0002252;-5.009E-05;89.92;-0.02;100.23;0.07;100.23;0.07609;0.07626;-0.000176;-11.187;-11.177;-99.990;0.00;-12.54;
2025-11-24 18:08:35.40;0.00:00:41:372;-1.00;0.00;0.00;0.07618;-0.07636;0.000218;-3.615E-05;89.92;-0.01;100.24;0.05;100.24;0.07618;0.07636;-0.0001821;-11.182;-11.171;-99.990;0.00;-9.42;
2025-11-24 18:08:35.45;0.00:00:41:420;-1.00;0.00;0.00;0.07601;-0.07618;0.0002274;-4.75E-05;89.91;-0.02;100.22;0.06;100.22;0.07601;0.07618;-0.0001688;-11.191;-11.181;-99.990;0.00;-11.80;
2025-11-24 18:08:35.50;0.00:00:41:466;-1.00;0.00;0.00;0.07593;-0.07608;0.000244;-4.939E-05;89.91;-0.02;100.20;0.07;100.20;0.07593;0.07608;-0.0001544;-11.196;-11.187;-99.990;0.00;-11.44;
2025-11-24 18:08:35.54;0.00:00:41:512;-1.00;0.00;0.00;0.07582;-0.07599;0.0002221;-3.829E-05;89.92;-0.01;100.23;0.05;100.23;0.07582;0.07599;-0.0001717;-11.202;-11.192;-99.990;0.00;-9.78;
2025-11-24 18:08:35.59;0.00:00:41:563;-1.00;0.00;0.00;0.07576;-0.07593;0.0001922;-3.839E-05;89.93;-0.01;100.23;0.05;100.23;0.07576;0.07593;-0.0001735;-11.206;-11.196;-99.990;0.00;-11.30;
2025-11-24 18:08:35.65;0.00:00:41:622;-1.00;0.00;0.00;0.07583;-0.07597;0.0002103;-5.074E-05;89.92;-0.02;100.19;0.07;100.19;0.07583;0.07597;-0.0001448;-11.202;-11.193;-99.990;0.00;-13.56;
2025-11-24 18:08:35.70;0.00:00:41:669;-1.00;0.00;0.00;0.07574;-0.07593;0.000214;-5.05E-05;89.92;-0.02;100.25;0.07;100.25;0.07574;0.07593;-0.0001867;-11.207;-11.196;-99.990;0.00;-13.28;
2025-11-24 18:08:35.75;0.00:00:41:716;-1.00;0.00;0.00;0.07572;-0.07589;0.0001942;-2.602E-05;89.93;-0.01;100.23;0.03;100.23;0.07572;0.07589;-0.0001707;-11.208;-11.198;-99.990;0.00;-7.63;
2025-11-24 18:08:35.79;0.00:00:41:763;-1.00;0.00;0.00;0.07566;-0.07583;0.0002156;-5.554E-05;89.92;-0.02;100.22;0.07;100.22;0.07566;0.07583;-0.00017;-11.211;-11.202;-99.990;0.00;-14.45;
2025-11-24 18:08:35.84;0.00:00:41:809;-1.00;0.00;0.00;0.07555;-0.07572;0.0002159;-3.76E-05;89.92;-0.01;100.23;0.05;100.23;0.07555;0.07572;-0.0001701;-11.218;-11.208;-99.990;0.00;-9.88;
2025-11-24 18:08:35.89;0.00:00:41:856;-1.00;0.00;0.00;0.07532;-0.07549;0.0002098;-4.545E-05;89.92;-0.02;100.23;0.06;100.23;0.07532;0.07549;-0.0001728;-11.231;-11.221;-99.990;0.00;-12.22;
2025-11-24 18:08:35.93;0.00:00:41:902;-1.00;0.00;0.00;0.07533;-0.07549;0.0002446;-5.793E-05;89.91;-0.02;100.22;0.08;100.22;0.07533;0.07549;-0.0001629;-11.230;-11.221;-99.990;0.00;-13.32;
2025-11-24 18:08:35.98;0.00:00:41:949;-1.00;0.00;0.00;0.07524;-0.07542;0.0002263;-5.254E-05;89.91;-0.02;100.24;0.07;100.24;0.07524;0.07542;-0.0001818;-11.236;-11.225;-99.990;0.00;-13.07;
2025-11-24 18:08:36.03;0.00:00:41:998;-1.00;0.00;0.00;0.07534;-0.07551;0.0002402;-5.999E-05;89.91;-0.02;100.22;0.08;100.22;0.07534;0.07551;-0.0001689;-11.230;-11.220;-99.990;0.00;-14.02;
2025-11-24 18:08:36.09;0.00:00:42:058;-1.00;0.00;0.00;0.07558;-0.07575;0.0002094;-4.036E-05;89.92;-0.02;100.23;0.05;100.23;0.07558;0.07575;-0.0001761;-11.216;-11.206;-99.990;0.00;-10.91;
2025-11-24 18:08:36.13;0.00:00:42:105;-1.00;0.00;0.00;0.07549;-0.07566;0.0001824;-1.987E-05;89.93;-0.01;100.23;0.03;100.23;0.07549;0.07566;-0.0001739;-11.221;-11.211;-99.990;0.00;-6.22;
2025-11-24 18:08:36.18;0.00:00:42:152;-1.00;0.00;0.00;0.07547;-0.07565;0.000203;-4.485E-05;89.92;-0.02;100.25;0.06;100.25;0.07547;0.07565;-0.0001857;-11.222;-11.212;-99.990;0.00;-12.46;
2025-11-24 18:08:36.23;0.00:00:42:199;-1.00;0.00;0.00;0.07548;-0.07566;0.0002175;-6.919E-05;89.92;-0.03;100.23;0.09;100.23;0.07548;0.07566;-0.0001727;-11.221;-11.212;-99.990;0.00;-17.65;
2025-11-24 18:08:36.28;0.00:00:42:246;-1.00;0.00;0.00;0.07558;-0.07574;0.0002458;-3.095E-05;89.91;-0.01;100.22;0.04;100.22;0.07558;0.07574;-0.0001629;-11.216;-11.207;-99.990;0.00;-7.18;
2025-11-24 18:08:36.32;0.00:00:42:293;-1.00;0.00;0.00;0.0758;-0.07597;0.0002128;-3.92E-05;89.92;-0.01;100.23;0.05;100.23;0.0758;0.07597;-0.0001719;-11.203;-11.193;-99.990;0.00;-10.44;
2025-11-24 18:08:36.37;0.00:00:42:339;-1.00;0.00;0.00;0.0758;-0.07597;0.000212;-3.835E-05;89.92;-0.01;100.23;0.05;100.23;0.0758;0.07597;-0.0001709;-11.203;-11.193;-99.990;0.00;-10.25;
2025-11-24 18:08:36.42;0.00:00:42:386;-1.00;0.00;0.00;0.07548;-0.07563;0.0001999;-4.631E-05;89.92;-0.02;100.19;0.06;100.19;0.07548;0.07563;-0.0001458;-11.221;-11.213;-99.990;0.00;-13.05;
2025-11-24 18:08:36.46;0.00:00:42:432;-1.00;0.00;0.00;0.0755;-0.07567;0.0002142;-5.251E-05;89.92;-0.02;100.23;0.07;100.23;0.0755;0.07567;-0.0001735;-11.221;-11.211;-99.990;0.00;-13.77;
2025-11-24 18:08:36.51;0.00:00:42:478;-1.00;0.00;0.00;0.0755;-0.07566;0.0001986;-3.725E-05;89.92;-0.01;100.21;0.05;100.21;0.0755;0.07566;-0.00016;-11.221;-11.212;-99.990;0.00;-10.63;
2025-11-24 18:08:36.55;0.00:00:42:524;-1.00;0.00;0.00;0.07533;-0.0755;0.0002036;-6.11E-05;89.92;-0.02;100.22;0.08;100.22;0.07533;0.0755;-0.0001669;-11.230;-11.221;-99.990;0.00;-16.70;
2025-11-24 18:08:36.60;0.00:00:42:571;-1.00;0.00;0.00;0.07544;-0.07562;0.0002074;-2.697E-05;89.92;-0.01;100.23;0.04;100.23;0.07544;0.07562;-0.0001771;-11.224;-11.214;-99.990;0.00;-7.41;
2025-11-24 18:08:36.65;0.00:00:42:617;-1.00;0.00;0.00;0.07542;-0.07561;0.0002222;-5.352E-05;89.92;-0.02;100.25;0.07;100.25;0.07542;0.07561;-0.0001877;-11.225;-11.214;-99.990;0.00;-13.54;
2025-11-24 18:08:36.70;0.00:00:42:665;-1.00;0.00;0.00;0.07555;-0.07571;0.0002356;-5.195E-05;89.91;-0.02;100.21;0.07;100.21;0.07555;0.07571;-0.0001598;-11.218;-11.209;-99.990;0.00;-12.43;
2025-11-24 18:08:36.74;0.00:00:42:712;-1.00;0.00;0.00;0.07554;-0.07572;0.0002263;-3.833E-05;89.91;-0.01;100.24;0.05;100.24;0.07554;0.07572;-0.0001813;-11.218;-11.208;-99.990;0.00;-9.61;
2025-11-24 18:08:36.79;0.00:00:42:758;-1.00;0.00;0.00;0.07551;-0.07567;0.0001811;-4.566E-05;89.93;-0.02;100.22;0.06;100.22;0.07551;0.07567;-0.0001654;-11.220;-11.211;-99.990;0.00;-14.15;
2025-11-24 18:08:36.83;0.00:00:42:805;-1.00;0.00;0.00;0.07543;-0.0756;0.0002213;-6.699E-05;89.92;-0.03;100.23;0.09;100.23;0.07543;0.0756;-0.0001765;-11.225;-11.215;-99.990;0.00;-16.84;
2025-11-24 18:08:36.88;0.00:00:42:852;-1.00;0.00;0.00;0.0756;-0.07577;0.0002502;-4.121E-05;89.91;-0.02;100.23;0.05;100.23;0.0756;0.07577;-0.0001736;-11.215;-11.205;-99.990;0.00;-9.35;
2025-11-24 18:08:36.93;0.00:00:42:898;-1.00;0.00;0.00;0.07584;-0.076;0.0002246;-5.492E-05;89.92;-0.02;100.22;0.07;100.22;0.07584;0.076;-0.0001667;-11.201;-11.192;-99.990;0.00;-13.74;
2025-11-24 18:08:36.97;0.00:00:42:944;-1.00;0.00;0.00;0.07587;-0.07604;0.0002034;-2.963E-05;89.92;-0.01;100.23;0.04;100.23;0.07587;0.07604;-0.0001719;-11.200;-11.190;-99.990;0.00;-8.29;
2025-11-24 18:08:37.02;0.00:00:42:993;-1.00;0.00;0.00;0.07581;-0.07598;0.0002014;-3.263E-05;89.92;-0.01;100.22;0.04;100.22;0.07581;0.07598;-0.0001669;-11.203;-11.193;-99.990;0.00;-9.20;
2025-11-24 18:08:37.09;0.00:00:43:058;-1.00;0.00;0.00;0.07583;-0.07599;0.0002309;-4.504E-05;89.91;-0.02;100.22;0.06;100.22;0.07583;0.07599;-0.0001652;-11.202;-11.192;-99.990;0.00;-11.04;
2025-11-24 18:08:37.15;0.00:00:43:116;-1.00;0.00;0.00;0.076;-0.07618;0.0002402;-3.642E-05;89.91;-0.01;100.24;0.05;100.24;0.076;0.07618;-0.0001835;-11.192;-11.182;-99.990;0.00;-8.62;
2025-11-24 18:08:37.19;0.00:00:43:163;-1.00;0.00;0.00;0.07582;-0.076;0.000191;-5.989E-05;89.93;-0.02;100.24;0.08;100.24;0.07582;0.076;-0.0001784;-11.202;-11.192;-99.990;0.00;-17.41;
2025-11-24 18:08:37.24;0.00:00:43:211;-1.00;0.00;0.00;0.07588;-0.07608;0.0002191;-5.907E-05;89.92;-0.02;100.26;0.08;100.26;0.07588;0.07608;-0.0001972;-11.199;-11.188;-99.990;0.00;-15.08;
2025-11-24 18:08:37.29;0.00:00:43:257;-1.00;0.00;0.00;0.07582;-0.07601;0.0001922;-2.872E-05;89.93;-0.01;100.25;0.04;100.25;0.07582;0.07601;-0.0001864;-11.202;-11.191;-99.990;0.00;-8.50;
2025-11-24 18:08:37.33;0.00:00:43:304;-1.00;0.00;0.00;0.07582;-0.076;0.0002106;-3.464E-05;89.92;-0.01;100.23;0.05;100.23;0.07582;0.076;-0.0001777;-11.202;-11.192;-99.990;0.00;-9.34;
2025-11-24 18:08:37.38;0.00:00:43:355;-1.00;0.00;0.00;0.0758;-0.07598;0.0002318;-4.75E-05;89.91;-0.02;100.24;0.06;100.24;0.0758;0.07598;-0.0001834;-11.203;-11.193;-99.990;0.00;-11.58;
2025-11-24 18:08:37.44;0.00:00:43:413;-1.00;0.00;0.00;0.07569;-0.07586;0.0002032;-5.62E-05;89.92;-0.02;100.23;0.07;100.23;0.07569;0.07586;-0.0001776;-11.210;-11.200;-99.990;0.00;-15.46;
2025-11-24 18:08:37.49;0.00:00:43:459;-1.00;0.00;0.00;0.07573;-0.07591;0.000217;-4.846E-05;89.92;-0.02;100.24;0.06;100.24;0.07573;0.07591;-0.0001788;-11.207;-11.197;-99.990;0.00;-12.59;
2025-11-24 18:08:37.54;0.00:00:43:506;-1.00;0.00;0.00;0.07587;-0.07606;0.0001911;-3.592E-05;89.93;-0.01;100.25;0.05;100.25;0.07587;0.07606;-0.0001887;-11.199;-11.188;-99.990;0.00;-10.64;
2025-11-24 18:08:37.58;0.00:00:43:553;-1.00;0.00;0.00;0.07582;-0.07597;0.000179;-5.515E-05;89.93;-0.02;100.19;0.07;100.19;0.07582;0.07597;-0.0001472;-11.202;-11.194;-99.990;0.00;-17.12;
2025-11-24 18:08:37.63;0.00:00:43:600;-1.00;0.00;0.00;0.07589;-0.07605;0.000223;-4.463E-05;89.92;-0.02;100.22;0.06;100.22;0.07589;0.07605;-0.0001682;-11.198;-11.189;-99.990;0.00;-11.32;
2025-11-24 18:08:37.68;0.00:00:43:650;-1.00;0.00;0.00;0.07578;-0.07594;0.0002178;-3.824E-05;89.92;-0.01;100.21;0.05;100.21;0.07578;0.07594;-0.00016;-11.204;-11.195;-99.990;0.00;-9.95;
2025-11-24 18:08:37.74;0.00:00:43:709;-1.00;0.00;0.00;0.07577;-0.07594;0.0002367;-4.358E-05;89.91;-0.02;100.22;0.06;100.22;0.07577;0.07594;-0.000169;-11.205;-11.195;-99.990;0.00;-10.43;
2025-11-24 18:08:37.79;0.00:00:43:756;-1.00;0.00;0.00;0.07577;-0.07593;0.0002645;-4.032E-05;89.90;-0.02;100.21;0.05;100.21;0.07577;0.07594;-0.0001615;-11.205;-11.196;-99.990;0.00;-8.67;
2025-11-24 18:08:37.83;0.00:00:43:802;-1.00;0.00;0.00;0.07568;-0.07585;0.0001704;-2.441E-05;89.94;-0.01;100.22;0.03;100.22;0.07568;0.07585;-0.0001641;-11.210;-11.201;-99.990;0.00;-8.15;
2025-11-24 18:08:37.88;0.00:00:43:849;-1.00;0.00;0.00;0.07561;-0.07579;0.0001904;-4.463E-05;89.93;-0.02;100.23;0.06;100.23;0.07561;0.07579;-0.0001773;-11.214;-11.204;-99.990;0.00;-13.19;
2025-11-24 18:08:37.92;0.00:00:43:895;-1.00;0.00;0.00;0.07556;-0.07573;0.0002006;-5.391E-05;89.92;-0.02;100.23;0.07;100.23;0.07556;0.07573;-0.0001714;-11.217;-11.207;-99.990;0.00;-15.04;
2025-11-24 18:08:37.97;0.00:00:43:941;-1.00;0.00;0.00;0.07542;-0.07561;0.000209;-4.772E-05;89.92;-0.02;100.25;0.06;100.25;0.07542;0.07561;-0.0001852;-11.225;-11.214;-99.990;0.00;-12.86;
2025-11-24 18:08:38.02;0.00:00:43:990;-1.00;0.00;0.00;0.07543;-0.07561;0.0002417;-5.132E-05;89.91;-0.02;100.24;0.07;100.24;0.07543;0.07561;-0.000184;-11.225;-11.214;-99.990;0.00;-11.99;
2025-11-24 18:08:38.08;0.00:00:44:051;-1.00;0.00;0.00;0.07551;-0.07568;0.0002133;-4.384E-05;89.92;-0.02;100.22;0.06;100.22;0.07551;0.07568;-0.0001699;-11.220;-11.210;-99.990;0.00;-11.61;
2025-11-24 18:08:38.13;0.00:00:44:101;-1.00;0.00;0.00;0.07556;-0.07575;0.0002161;-5.389E-05;89.92;-0.02;100.25;0.07;100.25;0.07556;0.07575;-0.0001874;-11.217;-11.206;-99.990;0.00;-14.00;
2025-11-24 18:08:38.19;0.00:00:44:160;-1.00;0.00;0.00;0.07571;-0.07588;0.0002603;-2.579E-05;89.90;-0.01;100.22;0.03;100.22;0.07571;0.07588;-0.0001703;-11.209;-11.199;-99.990;0.00;-5.66;
2025-11-24 18:08:38.24;0.00:00:44:207;-1.00;0.00;0.00;0.07569;-0.07587;0.0002545;-3.524E-05;89.90;-0.01;100.24;0.05;100.24;0.07569;0.07587;-0.0001819;-11.210;-11.199;-99.990;0.00;-7.88;
2025-11-24 18:08:38.29;0.00:00:44:262;-1.00;0.00;0.00;0.07574;-0.07591;0.0002296;-3.996E-05;89.91;-0.02;100.23;0.05;100.23;0.07574;0.07591;-0.0001743;-11.207;-11.197;-99.990;0.00;-9.87;
2025-11-24 18:08:38.35;0.00:00:44:317;-1.00;0.00;0.00;0.0758;-0.07596;0.0002016;-2.123E-05;89.92;-0.01;100.20;0.03;100.20;0.0758;0.07596;-0.000153;-11.203;-11.194;-99.990;0.00;-6.01;
2025-11-24 18:08:38.39;0.00:00:44:362;-1.00;0.00;0.00;0.07579;-0.07595;0.0001682;-3.876E-05;89.94;-0.01;100.21;0.05;100.21;0.07579;0.07595;-0.0001605;-11.204;-11.195;-99.990;0.00;-12.98;
2025-11-24 18:08:38.44;0.00:00:44:409;-1.00;0.00;0.00;0.07578;-0.07596;0.0002305;-6.259E-05;89.91;-0.02;100.23;0.08;100.23;0.07578;0.07596;-0.0001761;-11.204;-11.194;-99.990;0.00;-15.19;
2025-11-24 18:08:38.50;0.00:00:44:470;-1.00;0.00;0.00;0.0758;-0.07597;0.0002152;-2.345E-05;89.92;-0.01;100.22;0.03;100.22;0.0758;0.07597;-0.0001634;-11.203;-11.194;-99.990;0.00;-6.22;
2025-11-24 18:08:38.55;0.00:00:44:517;-1.00;0.00;0.00;0.07543;-0.0756;0.0002096;-7.31E-05;89.92;-0.03;100.22;0.10;100.22;0.07543;0.0756;-0.0001684;-11.225;-11.215;-99.990;0.00;-19.23;
2025-11-24 18:08:38.59;0.00:00:44:565;-1.00;0.00;0.00;0.07564;-0.0758;0.0002226;-5.932E-05;89.92;-0.02;100.22;0.08;100.22;0.07564;0.0758;-0.0001664;-11.213;-11.203;-99.990;0.00;-14.92;
2025-11-24 18:08:38.65;0.00:00:44:625;-1.00;0.00;0.00;0.0756;-0.07577;0.0002199;-3.663E-05;89.92;-0.01;100.22;0.05;100.22;0.0756;0.07577;-0.0001681;-11.215;-11.205;-99.990;0.00;-9.46;
2025-11-24 18:08:38.70;0.00:00:44:675;-1.00;0.00;0.00;0.07582;-0.07598;0.0002538;-4.848E-05;89.90;-0.02;100.22;0.06;100.22;0.07582;0.07598;-0.0001644;-11.202;-11.193;-99.990;0.00;-10.81;
2025-11-24 18:08:38.76;0.00:00:44:727;-1.00;0.00;0.00;0.07591;-0.07606;0.0002057;-6.043E-05;89.92;-0.02;100.20;0.08;100.20;0.07591;0.07606;-0.0001524;-11.197;-11.189;-99.990;0.00;-16.37;
2025-11-24 18:08:38.81;0.00:00:44:778;-1.00;0.00;0.00;0.07584;-0.07603;0.0001524;-4.219E-05;89.94;-0.02;100.25;0.06;100.25;0.07584;0.07603;-0.0001881;-11.201;-11.190;-99.990;0.00;-15.47;
2025-11-24 18:08:38.85;0.00:00:44:825;-1.00;0.00;0.00;0.07581;-0.07599;0.0002098;-3.31E-05;89.92;-0.01;100.24;0.04;100.24;0.07581;0.07599;-0.0001791;-11.203;-11.192;-99.990;0.00;-8.97;
2025-11-24 18:08:38.92;0.00:00:44:891;-1.00;0.00;0.00;0.07569;-0.07585;0.0002132;-4.429E-05;89.92;-0.02;100.22;0.06;100.22;0.07569;0.07585;-0.0001634;-11.210;-11.200;-99.990;0.00;-11.74;
2025-11-24 18:08:38.97;0.00:00:44:942;-1.00;0.00;0.00;0.0757;-0.07587;0.0002318;-6.165E-05;89.91;-0.02;100.23;0.08;100.23;0.0757;0.07587;-0.0001755;-11.209;-11.199;-99.990;0.00;-14.90;
2025-11-24 18:08:39.02;0.00:00:44:994;-1.00;0.00;0.00;0.07566;-0.07584;0.0002251;-3.586E-05;89.91;-0.01;100.24;0.05;100.24;0.07566;0.07584;-0.0001845;-11.212;-11.201;-99.990;0.00;-9.05;
2025-11-24 18:08:39.08;0.00:00:45:055;-1.00;0.00;0.00;0.07572;-0.07591;0.0002448;-5.937E-05;89.91;-0.02;100.25;0.08;100.25;0.07572;0.07591;-0.0001916;-11.208;-11.197;-99.990;0.00;-13.63;
2025-11-24 18:08:39.14;0.00:00:45:106;-1.00;0.00;0.00;0.07577;-0.07593;0.0002137;-3.743E-05;89.92;-0.01;100.22;0.05;100.22;0.07577;0.07593;-0.0001658;-11.205;-11.196;-99.990;0.00;-9.93;
2025-11-24 18:08:39.19;0.00:00:45:157;-1.00;0.00;0.00;0.07571;-0.07587;0.0002507;-3.913E-05;89.91;-0.01;100.22;0.05;100.22;0.07571;0.07587;-0.000165;-11.209;-11.199;-99.990;0.00;-8.87;
2025-11-24 18:08:39.24;0.00:00:45:208;-1.00;0.00;0.00;0.07586;-0.07605;0.0002463;-4.708E-05;89.91;-0.02;100.25;0.06;100.25;0.07586;0.07605;-0.0001903;-11.200;-11.189;-99.990;0.00;-10.82;
2025-11-24 18:08:39.30;0.00:00:45:266;-1.00;0.00;0.00;0.07601;-0.07617;0.0002321;-4.276E-05;89.91;-0.02;100.21;0.06;100.21;0.07601;0.07617;-0.0001624;-11.191;-11.182;-99.990;0.00;-10.44;
2025-11-24 18:08:39.35;0.00:00:45:321;-1.00;0.00;0.00;0.0761;-0.07628;0.0002286;-5.808E-05;89.91;-0.02;100.23;0.08;100.23;0.0761;0.07628;-0.0001755;-11.186;-11.176;-99.990;0.00;-14.26;
2025-11-24 18:08:39.40;0.00:00:45:366;-1.00;0.00;0.00;0.076;-0.07618;0.0002144;-1.72E-05;89.92;-0.01;100.24;0.02;100.24;0.076;0.07618;-0.0001836;-11.192;-11.181;-99.990;0.00;-4.58;
2025-11-24 18:08:39.45;0.00:00:45:423;-1.00;0.00;0.00;0.07595;-0.07614;0.0002117;-5.036E-05;89.92;-0.02;100.25;0.07;100.25;0.07595;0.07614;-0.0001884;-11.195;-11.184;-99.990;0.00;-13.38;
2025-11-24 18:08:39.51;0.00:00:45:484;-1.00;0.00;0.00;0.07583;-0.076;0.0002487;-5.434E-05;89.91;-0.02;100.23;0.07;100.23;0.07583;0.076;-0.0001736;-11.202;-11.192;-99.990;0.00;-12.32;
2025-11-24 18:08:39.56;0.00:00:45:530;-1.00;0.00;0.00;0.07592;-0.0761;0.0001876;-4.233E-05;89.93;-0.02;100.23;0.06;100.23;0.07592;0.0761;-0.0001752;-11.196;-11.186;-99.990;0.00;-12.72;
2025-11-24 18:08:39.61;0.00:00:45:576;-1.00;0.00;0.00;0.07592;-0.07609;0.0002126;-4.265E-05;89.92;-0.02;100.23;0.06;100.23;0.07592;0.07609;-0.0001717;-11.197;-11.187;-99.990;0.00;-11.34;
2025-11-24 18:08:39.66;0.00:00:45:627;-1.00;0.00;0.00;0.07557;-0.07573;0.000197;-6.405E-05;89.93;-0.02;100.22;0.08;100.22;0.07557;0.07574;-0.0001694;-11.217;-11.207;-99.990;0.00;-18.02;
2025-11-24 18:08:39.71;0.00:00:45:679;-1.00;0.00;0.00;0.07562;-0.07578;0.0002397;-4.948E-05;89.91;-0.02;100.21;0.07;100.21;0.07562;0.07578;-0.0001577;-11.214;-11.205;-99.990;0.00;-11.66;
2025-11-24 18:08:39.76;0.00:00:45:730;-1.00;0.00;0.00;0.07598;-0.07614;0.0002079;-4.132E-05;89.92;-0.02;100.21;0.05;100.21;0.07598;0.07614;-0.0001586;-11.193;-11.184;-99.990;0.00;-11.24;
2025-11-24 18:08:39.80;0.00:00:45:771;-1.00;0.00;0.00;0.07601;-0.07618;0.00021;-6.014E-05;89.92;-0.02;100.24;0.08;100.24;0.07601;0.07619;-0.0001797;-11.192;-11.181;-99.990;0.00;-15.98;
2025-11-24 18:08:39.86;0.00:00:45:831;-1.00;0.00;0.00;0.0759;-0.07608;0.0002067;-5.89E-05;89.92;-0.02;100.24;0.08;100.24;0.0759;0.07608;-0.0001807;-11.197;-11.187;-99.990;0.00;-15.91;
2025-11-24 18:08:39.91;0.00:00:45:882;-1.00;0.00;0.00;0.07578;-0.07596;0.0002288;-4.722E-05;89.91;-0.02;100.24;0.06;100.24;0.07578;0.07596;-0.0001794;-11.205;-11.194;-99.990;0.00;-11.66;
2025-11-24 18:08:39.96;0.00:00:45:933;-1.00;0.00;0.00;0.0757;-0.07588;0.0001923;-3.784E-05;89.93;-0.01;100.24;0.05;100.24;0.0757;0.07588;-0.0001791;-11.209;-11.199;-99.990;0.00;-11.13;
2025-11-24 18:08:40.02;0.00:00:45:989;-1.00;0.00;0.00;0.07583;-0.07599;0.0002388;-4.776E-05;89.91;-0.02;100.21;0.06;100.21;0.07583;0.07599;-0.0001629;-11.202;-11.192;-99.990;0.00;-11.31;
2025-11-24 18:08:40.07;0.00:00:46:041;-1.00;0.00;0.00;0.07589;-0.07607;0.0002223;-3.485E-05;89.92;-0.01;100.23;0.05;100.23;0.07589;0.07607;-0.0001745;-11.198;-11.188;-99.990;0.00;-8.91;
2025-11-24 18:08:40.13;0.00:00:46:097;-1.00;0.00;0.00;0.0759;-0.07608;0.0002373;-6.585E-05;89.91;-0.02;100.24;0.09;100.24;0.0759;0.07608;-0.0001856;-11.198;-11.187;-99.990;0.00;-15.51;
2025-11-24 18:08:40.18;0.00:00:46:148;-1.00;0.00;0.00;0.07607;-0.07626;0.0002125;-4.973E-05;89.92;-0.02;100.24;0.07;100.24;0.07607;0.07626;-0.0001841;-11.188;-11.177;-99.990;0.00;-13.17;
2025-11-24 18:08:40.23;0.00:00:46:199;-1.00;0.00;0.00;0.07616;-0.07633;0.0002356;-2.981E-05;89.91;-0.01;100.22;0.04;100.22;0.07616;0.07633;-0.0001666;-11.182;-11.173;-99.990;0.00;-7.21;
2025-11-24 18:08:40.28;0.00:00:46:250;-1.00;0.00;0.00;0.07614;-0.07631;0.000225;-2.854E-05;89.92;-0.01;100.22;0.04;100.22;0.07614;0.07631;-0.0001641;-11.184;-11.174;-99.990;0.00;-7.23;
2025-11-24 18:08:40.34;0.00:00:46:312;-1.00;0.00;0.00;0.07585;-0.076;0.0001843;-4.159E-05;89.93;-0.02;100.19;0.05;100.19;0.07585;0.076;-0.0001468;-11.200;-11.192;-99.990;0.00;-12.72;
2025-11-24 18:08:40.39;0.00:00:46:363;-1.00;0.00;0.00;0.07566;-0.07583;0.000228;-3.078E-05;89.91;-0.01;100.23;0.04;100.23;0.07566;0.07584;-0.0001748;-11.211;-11.201;-99.990;0.00;-7.69;
2025-11-24 18:08:40.45;0.00:00:46:425;-1.00;0.00;0.00;0.0757;-0.07587;0.0002261;-3.077E-05;89.91;-0.01;100.22;0.04;100.22;0.0757;0.07587;-0.0001697;-11.209;-11.199;-99.990;0.00;-7.75;
2025-11-24 18:08:40.51;0.00:00:46:475;-1.00;0.00;0.00;0.07561;-0.07578;0.0002006;-4.181E-05;89.92;-0.02;100.23;0.06;100.23;0.07561;0.07578;-0.0001706;-11.214;-11.204;-99.990;0.00;-11.78;
2025-11-24 18:08:40.56;0.00:00:46:526;-1.00;0.00;0.00;0.07582;-0.076;0.0002706;-4.944E-05;89.90;-0.02;100.24;0.07;100.24;0.07582;0.076;-0.0001829;-11.202;-11.192;-99.990;0.00;-10.35;
2025-11-24 18:08:40.61;0.00:00:46:583;-1.00;0.00;0.00;0.07589;-0.07604;0.0002149;-5.166E-05;89.92;-0.02;100.20;0.07;100.20;0.07589;0.07604;-0.0001539;-11.198;-11.190;-99.990;0.00;-13.52;
2025-11-24 18:08:40.67;0.00:00:46:640;-1.00;0.00;0.00;0.07598;-0.07616;0.0002145;-4.461E-05;89.92;-0.02;100.23;0.06;100.23;0.07598;0.07616;-0.000172;-11.193;-11.183;-99.990;0.00;-11.75;
2025-11-24 18:08:40.72;0.00:00:46:686;-1.00;0.00;0.00;0.07607;-0.07624;0.0002182;-5.097E-05;89.92;-0.02;100.22;0.07;100.21;0.07607;0.07624;-0.0001636;-11.188;-11.178;-99.990;0.00;-13.15;
2025-11-24 18:08:40.76;0.00:00:46:732;-1.00;0.00;0.00;0.07583;-0.07601;0.0002399;-3.371E-05;89.91;-0.01;100.24;0.04;100.24;0.07583;0.07601;-0.0001791;-11.202;-11.191;-99.990;0.00;-8.00;
2025-11-24 18:08:40.81;0.00:00:46:780;-1.00;0.00;0.00;0.07585;-0.07598;0.0002245;-3.479E-05;89.92;-0.01;100.18;0.05;100.18;0.07585;0.07598;-0.0001371;-11.201;-11.193;-99.990;0.00;-8.81;
2025-11-24 18:08:40.86;0.00:00:46:826;-1.00;0.00;0.00;0.07584;-0.07603;0.0002619;-4.262E-05;89.90;-0.02;100.25;0.06;100.25;0.07584;0.07603;-0.0001901;-11.201;-11.190;-99.990;0.00;-9.24;
2025-11-24 18:08:40.90;0.00:00:46:872;-1.00;0.00;0.00;0.076;-0.07618;0.0001823;-4.784E-05;89.93;-0.02;100.24;0.06;100.24;0.076;0.07618;-0.0001827;-11.192;-11.181;-99.990;0.00;-14.71;
2025-11-24 18:08:40.95;0.00:00:46:919;-1.00;0.00;0.00;0.07601;-0.07621;0.000186;-5.219E-05;89.93;-0.02;100.26;0.07;100.26;0.07601;0.07621;-0.0001978;-11.191;-11.180;-99.990;0.00;-15.67;
2025-11-24 18:08:41.00;0.00:00:46:966;-1.00;0.00;0.00;0.0757;-0.07585;0.0002079;-4.343E-05;89.92;-0.02;100.20;0.06;100.20;0.0757;0.07585;-0.0001521;-11.209;-11.200;-99.990;0.00;-11.80;
2025-11-24 18:08:41.04;0.00:00:47:013;-1.00;0.00;0.00;0.07574;-0.07591;0.0002264;-3.304E-05;89.91;-0.01;100.23;0.04;100.23;0.07574;0.07591;-0.0001745;-11.207;-11.197;-99.990;0.00;-8.30;
2025-11-24 18:08:41.09;0.00:00:47:059;-1.00;0.00;0.00;0.07583;-0.07601;0.0002229;-4.149E-05;89.92;-0.02;100.25;0.05;100.25;0.07583;0.07602;-0.0001882;-11.202;-11.191;-99.990;0.00;-10.54;
2025-11-24 18:08:41.14;0.00:00:47:106;-1.00;0.00;0.00;0.07574;-0.07591;0.0002253;-3.038E-05;89.91;-0.01;100.22;0.04;100.22;0.07574;0.07591;-0.0001677;-11.207;-11.197;-99.990;0.00;-7.68;
2025-11-24 18:08:41.18;0.00:00:47:152;-1.00;0.00;0.00;0.07557;-0.07572;0.0002066;-3.13E-05;89.92;-0.01;100.20;0.04;100.20;0.07557;0.07572;-0.0001534;-11.217;-11.208;-99.990;0.00;-8.61;
2025-11-24 18:08:41.23;0.00:00:47:199;-1.00;0.00;0.00;0.0755;-0.07568;0.0001611;-4.853E-05;89.94;-0.02;100.24;0.06;100.24;0.0755;0.07568;-0.00018;-11.220;-11.210;-99.990;0.00;-16.76;
2025-11-24 18:08:41.27;0.00:00:47:245;-1.00;0.00;0.00;0.07554;-0.07571;0.0002283;-2.857E-05;89.91;-0.01;100.22;0.04;100.22;0.07554;0.07571;-0.0001694;-11.218;-11.208;-99.990;0.00;-7.14;
2025-11-24 18:08:41.32;0.00:00:47:292;-1.00;0.00;0.00;0.07532;-0.07548;0.0002014;-2.846E-05;89.92;-0.01;100.21;0.04;100.21;0.07532;0.07548;-0.0001606;-11.231;-11.222;-99.990;0.00;-8.04;
2025-11-24 18:08:41.37;0.00:00:47:339;-1.00;0.00;0.00;0.07541;-0.07557;0.0002364;-6.088E-05;89.91;-0.02;100.21;0.08;100.21;0.07541;0.07557;-0.0001572;-11.226;-11.217;-99.990;0.00;-14.44;
2025-11-24 18:08:41.42;0.00:00:47:386;-1.00;0.00;0.00;0.07546;-0.07563;0.0002528;-4.444E-05;89.90;-0.02;100.22;0.06;100.22;0.07546;0.07563;-0.0001676;-11.223;-11.213;-99.990;0.00;-9.97;
2025-11-24 18:08:41.48;0.00:00:47:449;-1.00;0.00;0.00;0.07553;-0.0757;0.0002057;-4.434E-05;89.92;-0.02;100.22;0.06;100.22;0.07553;0.0757;-0.0001696;-11.219;-11.209;-99.990;0.00;-12.17;
2025-11-24 18:08:41.53;0.00:00:47:497;-1.00;0.00;0.00;0.07557;-0.07575;0.0001988;-4.031E-05;89.92;-0.02;100.24;0.05;100.24;0.07557;0.07575;-0.0001778;-11.216;-11.206;-99.990;0.00;-11.46;
2025-11-24 18:08:41.57;0.00:00:47:544;-1.00;0.00;0.00;0.07585;-0.07601;0.0001958;-3.927E-05;89.93;-0.01;100.21;0.05;100.21;0.07585;0.07601;-0.0001591;-11.201;-11.191;-99.990;0.00;-11.34;
2025-11-24 18:08:41.62;0.00:00:47:590;-1.00;0.00;0.00;0.07595;-0.07611;0.0002488;-5.483E-05;89.91;-0.02;100.21;0.07;100.21;0.07595;0.07611;-0.0001612;-11.195;-11.185;-99.990;0.00;-12.43;
2025-11-24 18:08:41.67;0.00:00:47:636;-1.00;0.00;0.00;0.07591;-0.07608;0.0002093;-5.529E-05;89.92;-0.02;100.23;0.07;100.23;0.07591;0.07608;-0.000171;-11.197;-11.187;-99.990;0.00;-14.80;
2025-11-24 18:08:41.71;0.00:00:47:683;-1.00;0.00;0.00;0.07586;-0.07603;0.000198;-3.646E-05;89.93;-0.01;100.22;0.05;100.22;0.07586;0.07603;-0.0001683;-11.200;-11.190;-99.990;0.00;-10.43;
2025-11-24 18:08:41.76;0.00:00:47:729;-1.00;0.00;0.00;0.07577;-0.07594;0.0001948;-5.451E-05;89.93;-0.02;100.22;0.07;100.22;0.07577;0.07594;-0.000167;-11.205;-11.195;-99.990;0.00;-15.64;
2025-11-24 18:08:41.81;0.00:00:47:775;-1.00;0.00;0.00;0.07571;-0.07588;0.0002163;-4.342E-05;89.92;-0.02;100.22;0.06;100.22;0.07571;0.07588;-0.0001698;-11.208;-11.199;-99.990;0.00;-11.35;
2025-11-24 18:08:41.85;0.00:00:47:822;-1.00;0.00;0.00;0.07575;-0.07593;0.0002295;-3.822E-05;89.91;-0.01;100.24;0.05;100.24;0.07575;0.07593;-0.0001831;-11.206;-11.196;-99.990;0.00;-9.46;
2025-11-24 18:08:41.90;0.00:00:47:869;-1.00;0.00;0.00;0.07587;-0.07606;0.0002074;-5.662E-05;89.92;-0.02;100.26;0.07;100.26;0.07587;0.07607;-0.0001973;-11.199;-11.188;-99.990;0.00;-15.27;
2025-11-24 18:08:41.94;0.00:00:47:915;-1.00;0.00;0.00;0.07603;-0.07624;0.0001989;-3.55E-05;89.93;-0.01;100.27;0.05;100.27;0.07603;0.07624;-0.0002076;-11.190;-11.178;-99.990;0.00;-10.12;
2025-11-24 18:08:41.99;0.00:00:47:961;-1.00;0.00;0.00;0.07599;-0.07616;0.0001729;-4.068E-05;89.93;-0.02;100.22;0.05;100.22;0.07599;0.07616;-0.0001664;-11.192;-11.183;-99.990;0.00;-13.24;
2025-11-24 18:08:42.04;0.00:00:48:008;-1.00;0.00;0.00;0.07599;-0.07616;0.0002613;-4.284E-05;89.90;-0.02;100.22;0.06;100.22;0.07599;0.07616;-0.0001697;-11.193;-11.183;-99.990;0.00;-9.31;
2025-11-24 18:08:42.08;0.00:00:48:055;-1.00;0.00;0.00;0.07605;-0.07624;0.0002347;-3.3E-05;89.91;-0.01;100.26;0.04;100.26;0.07605;0.07624;-0.0001964;-11.189;-11.178;-99.990;0.00;-8.00;
2025-11-24 18:08:42.13;0.00:00:48:101;-1.00;0.00;0.00;0.07609;-0.07627;0.0001932;-2.841E-05;89.93;-0.01;100.23;0.04;100.23;0.07609;0.07627;-0.0001741;-11.187;-11.177;-99.990;0.00;-8.37;
2025-11-24 18:08:42.18;0.00:00:48:149;-1.00;0.00;0.00;0.076;-0.07619;0.0002429;-4.289E-05;89.91;-0.02;100.25;0.06;100.25;0.076;0.07619;-0.0001888;-11.192;-11.181;-99.990;0.00;-10.01;
2025-11-24 18:08:42.23;0.00:00:48:196;-1.00;0.00;0.00;0.07603;-0.0762;0.0002265;-5.644E-05;89.91;-0.02;100.23;0.07;100.23;0.07603;0.0762;-0.0001741;-11.190;-11.180;-99.990;0.00;-13.99;
2025-11-24 18:08:42.27;0.00:00:48:243;-1.00;0.00;0.00;0.07598;-0.07615;0.0002025;-2.862E-05;89.92;-0.01;100.23;0.04;100.23;0.07598;0.07615;-0.0001718;-11.193;-11.183;-99.990;0.00;-8.05;
2025-11-24 18:08:42.32;0.00:00:48:291;-1.00;0.00;0.00;0.0758;-0.07598;0.0001944;-4.975E-05;89.93;-0.02;100.24;0.07;100.24;0.0758;0.07598;-0.0001834;-11.203;-11.193;-99.990;0.00;-14.35;
2025-11-24 18:08:42.37;0.00:00:48:337;-1.00;0.00;0.00;0.07567;-0.07584;0.0002023;-2.802E-05;89.92;-0.01;100.23;0.04;100.23;0.07567;0.07585;-0.0001756;-11.211;-11.201;-99.990;0.00;-7.89;
2025-11-24 18:08:42.41;0.00:00:48:384;-1.00;0.00;0.00;0.07545;-0.07562;0.0001758;-4.289E-05;89.93;-0.02;100.23;0.06;100.23;0.07545;0.07562;-0.0001715;-11.223;-11.214;-99.990;0.00;-13.71;
2025-11-24 18:08:42.46;0.00:00:48:432;-1.00;0.00;0.00;0.07526;-0.07543;0.0001998;-5.513E-05;89.92;-0.02;100.23;0.07;100.23;0.07526;0.07543;-0.0001694;-11.234;-11.224;-99.990;0.00;-15.42;
2025-11-24 18:08:42.51;0.00:00:48:478;-1.00;0.00;0.00;0.07542;-0.07558;0.0001978;-3.245E-05;89.93;-0.01;100.22;0.04;100.22;0.07542;0.07558;-0.0001655;-11.225;-11.216;-99.990;0.00;-9.32;
2025-11-24 18:08:42.55;0.00:00:48:525;-1.00;0.00;0.00;0.07539;-0.07557;0.0001884;-4.933E-05;89.93;-0.02;100.24;0.07;100.24;0.07539;0.07557;-0.0001796;-11.227;-11.217;-99.990;0.00;-14.67;
2025-11-24 18:08:42.60;0.00:00:48:572;-1.00;0.00;0.00;0.07542;-0.07559;0.0002261;-5.128E-05;89.91;-0.02;100.23;0.07;100.23;0.07542;0.07559;-0.0001716;-11.225;-11.215;-99.990;0.00;-12.78;
2025-11-24 18:08:42.65;0.00:00:48:618;-1.00;0.00;0.00;0.0754;-0.07559;0.0002363;-3.01E-05;89.91;-0.01;100.25;0.04;100.25;0.0754;0.07559;-0.0001903;-11.226;-11.215;-99.990;0.00;-7.26;
2025-11-24 18:08:42.70;0.00:00:48:668;-1.00;0.00;0.00;0.07549;-0.07568;0.0002297;-5.091E-05;89.91;-0.02;100.25;0.07;100.25;0.07549;0.07568;-0.0001868;-11.221;-11.210;-99.990;0.00;-12.50;
2025-11-24 18:08:42.76;0.00:00:48:727;-1.00;0.00;0.00;0.07555;-0.07572;0.0001842;-5.207E-05;89.93;-0.02;100.23;0.07;100.23;0.07555;0.07572;-0.0001711;-11.217;-11.208;-99.990;0.00;-15.79;
2025-11-24 18:08:42.80;0.00:00:48:774;-1.00;0.00;0.00;0.07561;-0.07579;0.0002023;-5.963E-05;89.92;-0.02;100.24;0.08;100.24;0.07561;0.07579;-0.0001787;-11.214;-11.204;-99.990;0.00;-16.42;
2025-11-24 18:08:42.85;0.00:00:48:821;-1.00;0.00;0.00;0.07558;-0.07574;0.0002455;-4.041E-05;89.91;-0.02;100.22;0.05;100.22;0.07558;0.07574;-0.0001672;-11.216;-11.207;-99.990;0.00;-9.35;
2025-11-24 18:08:42.90;0.00:00:48:868;-1.00;0.00;0.00;0.07545;-0.07562;0.000177;-3.898E-05;89.93;-0.01;100.23;0.05;100.23;0.07545;0.07562;-0.0001743;-11.223;-11.213;-99.990;0.00;-12.42;
2025-11-24 18:08:42.94;0.00:00:48:915;-1.00;0.00;0.00;0.07548;-0.07566;0.000216;-5.033E-05;89.92;-0.02;100.24;0.07;100.24;0.07548;0.07566;-0.0001827;-11.222;-11.211;-99.990;0.00;-13.12;
2025-11-24 18:08:42.99;0.00:00:48:962;-1.00;0.00;0.00;0.07547;-0.07565;0.0002429;-6.03E-05;89.91;-0.02;100.24;0.08;100.24;0.07547;0.07565;-0.0001823;-11.222;-11.212;-99.990;0.00;-13.94;
2025-11-24 18:08:43.04;0.00:00:49:008;-1.00;0.00;0.00;0.07553;-0.07572;0.0001977;-4.598E-05;89.93;-0.02;100.26;0.06;100.26;0.07553;0.07572;-0.0001954;-11.219;-11.208;-99.990;0.00;-13.10;
2025-11-24 18:08:43.08;0.00:00:49:054;-1.00;0.00;0.00;0.07556;-0.07573;0.000233;-4.476E-05;89.91;-0.02;100.24;0.06;100.24;0.07556;0.07573;-0.0001782;-11.217;-11.207;-99.990;0.00;-10.87;
2025-11-24 18:08:43.13;0.00:00:49:105;-1.00;0.00;0.00;0.07553;-0.0757;0.0001847;-3.43E-05;89.93;-0.01;100.22;0.05;100.22;0.07553;0.0757;-0.0001696;-11.219;-11.209;-99.990;0.00;-10.52;
2025-11-24 18:08:43.19;0.00:00:49:165;-1.00;0.00;0.00;0.07551;-0.07568;0.0002356;-4.801E-05;89.91;-0.02;100.22;0.06;100.22;0.07551;0.07568;-0.0001679;-11.220;-11.210;-99.990;0.00;-11.52;
2025-11-24 18:08:43.24;0.00:00:49:211;-1.00;0.00;0.00;0.07561;-0.07577;0.0001961;-6.013E-05;89.93;-0.02;100.20;0.08;100.20;0.07561;0.07577;-0.0001546;-11.214;-11.205;-99.990;0.00;-17.05;
2025-11-24 18:08:43.29;0.00:00:49:258;-1.00;0.00;0.00;0.07557;-0.07574;0.0002188;-4.664E-05;89.92;-0.02;100.23;0.06;100.23;0.07557;0.07574;-0.0001749;-11.217;-11.207;-99.990;0.00;-12.03;
2025-11-24 18:08:43.33;0.00:00:49:305;-1.00;0.00;0.00;0.07556;-0.07576;0.0002301;-3.84E-05;89.91;-0.01;100.26;0.05;100.26;0.07556;0.07576;-0.0001964;-11.217;-11.206;-99.990;0.00;-9.48;
2025-11-24 18:08:43.38;0.00:00:49:352;-1.00;0.00;0.00;0.0756;-0.07579;0.000212;-4.613E-05;89.92;-0.02;100.25;0.06;100.25;0.0756;0.07579;-0.0001867;-11.215;-11.204;-99.990;0.00;-12.28;
2025-11-24 18:08:43.43;0.00:00:49:400;-1.00;0.00;0.00;0.07553;-0.0757;0.0002064;-5.704E-05;89.92;-0.02;100.23;0.08;100.23;0.07553;0.0757;-0.0001753;-11.219;-11.209;-99.990;0.00;-15.45;
2025-11-24 18:08:43.48;0.00:00:49:446;-1.00;0.00;0.00;0.07544;-0.07561;0.000183;-2.809E-05;89.93;-0.01;100.23;0.04;100.23;0.07544;0.07561;-0.0001749;-11.224;-11.214;-99.990;0.00;-8.73;
2025-11-24 18:08:43.52;0.00:00:49:493;-1.00;0.00;0.00;0.0753;-0.07548;0.0002408;-5.035E-05;89.91;-0.02;100.23;0.07;100.23;0.0753;0.07548;-0.0001738;-11.232;-11.222;-99.990;0.00;-11.81;
2025-11-24 18:08:43.57;0.00:00:49:543;-1.00;0.00;0.00;0.07549;-0.07568;0.0002082;-3.123E-05;89.92;-0.01;100.25;0.04;100.25;0.07549;0.07568;-0.0001883;-11.221;-11.210;-99.990;0.00;-8.53;
2025-11-24 18:08:43.63;0.00:00:49:603;-1.00;0.00;0.00;0.07552;-0.0757;0.0002264;-3.489E-05;89.91;-0.01;100.24;0.05;100.24;0.07552;0.0757;-0.0001782;-11.219;-11.209;-99.990;0.00;-8.76;
2025-11-24 18:08:43.68;0.00:00:49:650;-1.00;0.00;0.00;0.07549;-0.07566;0.0002157;-5.386E-05;89.92;-0.02;100.22;0.07;100.22;0.07549;0.07566;-0.0001693;-11.221;-11.211;-99.990;0.00;-14.02;
2025-11-24 18:08:43.73;0.00:00:49:697;-1.00;0.00;0.00;0.07542;-0.0756;0.0002296;-4.495E-05;89.91;-0.02;100.24;0.06;100.24;0.07542;0.0756;-0.0001826;-11.225;-11.215;-99.990;0.00;-11.08;
2025-11-24 18:08:43.77;0.00:00:49:743;-1.00;0.00;0.00;0.07537;-0.07552;0.000231;-2.686E-05;89.91;-0.01;100.20;0.04;100.20;0.07537;0.07552;-0.0001527;-11.228;-11.219;-99.990;0.00;-6.63;
2025-11-24 18:08:43.82;0.00:00:49:790;-1.00;0.00;0.00;0.07552;-0.0757;0.0002064;-3.624E-05;89.92;-0.01;100.25;0.05;100.25;0.07552;0.0757;-0.000187;-11.220;-11.209;-99.990;0.00;-9.96;
2025-11-24 18:08:43.87;0.00:00:49:837;-1.00;0.00;0.00;0.07555;-0.07571;0.0002058;-2.13E-05;89.92;-0.01;100.22;0.03;100.22;0.07555;0.07571;-0.0001664;-11.218;-11.208;-99.990;0.00;-5.91;
2025-11-24 18:08:43.91;0.00:00:49:884;-1.00;0.00;0.00;0.07552;-0.07569;0.0002023;-3.823E-05;89.92;-0.01;100.22;0.05;100.22;0.07552;0.07569;-0.0001692;-11.219;-11.209;-99.990;0.00;-10.70;
2025-11-24 18:08:43.96;0.00:00:49:931;-1.00;0.00;0.00;0.07562;-0.0758;0.0001941;-2.728E-05;89.93;-0.01;100.24;0.04;100.24;0.07562;0.0758;-0.0001818;-11.214;-11.203;-99.990;0.00;-8.00;
2025-11-24 18:08:44.01;0.00:00:49:980;-1.00;0.00;0.00;0.07557;-0.07576;0.0002444;-3.375E-05;89.91;-0.01;100.25;0.04;100.25;0.07557;0.07576;-0.0001861;-11.217;-11.206;-99.990;0.00;-7.86;
2025-11-24 18:08:44.07;0.00:00:50:041;-1.00;0.00;0.00;0.07555;-0.07573;0.0001541;-5.761E-05;89.94;-0.02;100.23;0.08;100.23;0.07555;0.07573;-0.0001771;-11.218;-11.207;-99.990;0.00;-20.50;
2025-11-24 18:08:44.12;0.00:00:50:087;-1.00;0.00;0.00;0.0756;-0.07577;0.0002205;-4.754E-05;89.92;-0.02;100.23;0.06;100.23;0.0756;0.07577;-0.0001726;-11.215;-11.205;-99.990;0.00;-12.17;
2025-11-24 18:08:44.16;0.00:00:50:133;-1.00;0.00;0.00;0.0755;-0.07566;0.0002113;-3.843E-05;89.92;-0.01;100.21;0.05;100.21;0.0755;0.07566;-0.0001576;-11.220;-11.211;-99.990;0.00;-10.31;
2025-11-24 18:08:44.21;0.00:00:50:179;-1.00;0.00;0.00;0.07556;-0.07573;0.000205;-4.027E-05;89.92;-0.02;100.23;0.05;100.23;0.07556;0.07573;-0.0001762;-11.217;-11.207;-99.990;0.00;-11.11;
2025-11-24 18:08:44.26;0.00:00:50:227;-1.00;0.00;0.00;0.07559;-0.07577;0.0002383;-6.546E-05;89.91;-0.02;100.24;0.09;100.24;0.07559;0.07578;-0.0001846;-11.215;-11.205;-99.990;0.00;-15.36;
2025-11-24 18:08:44.30;0.00:00:50:273;-1.00;0.00;0.00;0.07571;-0.07587;0.0002095;-4.124E-05;89.92;-0.02;100.22;0.05;100.22;0.07571;0.07587;-0.0001644;-11.209;-11.199;-99.990;0.00;-11.14;
2025-11-24 18:08:44.35;0.00:00:50:320;-1.00;0.00;0.00;0.07569;-0.07585;0.0002158;-3.587E-05;89.92;-0.01;100.20;0.05;100.20;0.07569;0.07585;-0.0001549;-11.209;-11.200;-99.990;0.00;-9.44;
2025-11-24 18:08:44.40;0.00:00:50:368;-1.00;0.00;0.00;0.07567;-0.07584;0.0002197;-3.826E-05;89.92;-0.01;100.22;0.05;100.22;0.07567;0.07584;-0.0001692;-11.211;-11.201;-99.990;0.00;-9.88;
2025-11-24 18:08:44.45;0.00:00:50:417;-1.00;0.00;0.00;0.07548;-0.07568;0.000172;-5.407E-05;89.93;-0.02;100.26;0.07;100.26;0.07548;0.07568;-0.0001942;-11.222;-11.210;-99.990;0.00;-17.45;
2025-11-24 18:08:44.49;0.00:00:50:462;-1.00;0.00;0.00;0.07546;-0.07564;0.000223;-4.849E-05;89.92;-0.02;100.24;0.06;100.24;0.07546;0.07564;-0.0001775;-11.223;-11.212;-99.990;0.00;-12.27;
2025-11-24 18:08:44.54;0.00:00:50:509;-1.00;0.00;0.00;0.07573;-0.07591;0.0002489;-3.371E-05;89.91;-0.01;100.24;0.04;100.24;0.07573;0.07591;-0.0001814;-11.207;-11.197;-99.990;0.00;-7.71;
2025-11-24 18:08:44.59;0.00:00:50:563;-1.00;0.00;0.00;0.07584;-0.07603;0.0002421;-4.947E-05;89.91;-0.02;100.24;0.07;100.24;0.07584;0.07603;-0.0001851;-11.201;-11.190;-99.990;0.00;-11.55;
2025-11-24 18:08:44.65;0.00:00:50:618;-1.00;0.00;0.00;0.07569;-0.07586;0.0002539;-2.42E-05;89.90;-0.01;100.22;0.03;100.22;0.07569;0.07586;-0.0001683;-11.209;-11.200;-99.990;0.00;-5.44;
2025-11-24 18:08:44.69;0.00:00:50:665;-1.00;0.00;0.00;0.07569;-0.07589;0.0002186;-4.647E-05;89.92;-0.02;100.27;0.06;100.27;0.07569;0.07589;-0.000205;-11.210;-11.198;-99.990;0.00;-12.00;
2025-11-24 18:08:44.74;0.00:00:50:712;-1.00;0.00;0.00;0.07569;-0.07587;0.0002113;-4.415E-05;89.92;-0.02;100.24;0.06;100.24;0.07569;0.07587;-0.0001788;-11.210;-11.199;-99.990;0.00;-11.80;
2025-11-24 18:08:44.79;0.00:00:50:758;-1.00;0.00;0.00;0.07573;-0.0759;0.0002323;-3.737E-05;89.91;-0.01;100.23;0.05;100.23;0.07573;0.0759;-0.000171;-11.207;-11.197;-99.990;0.00;-9.14;
2025-11-24 18:08:44.83;0.00:00:50:805;-1.00;0.00;0.00;0.07573;-0.07588;0.0002043;-3.099E-05;89.92;-0.01;100.20;0.04;100.20;0.07573;0.07588;-0.0001549;-11.207;-11.199;-99.990;0.00;-8.62;
2025-11-24 18:08:44.89;0.00:00:50:856;-1.00;0.00;0.00;0.07574;-0.07591;0.0002238;-2.67E-05;89.92;-0.01;100.22;0.04;100.22;0.07574;0.07591;-0.0001694;-11.207;-11.197;-99.990;0.00;-6.80;
2025-11-24 18:08:44.94;0.00:00:50:914;-1.00;0.00;0.00;0.07566;-0.07584;0.00023;-4.618E-05;89.91;-0.02;100.24;0.06;100.24;0.07566;0.07584;-0.0001833;-11.211;-11.201;-99.990;0.00;-11.35;
2025-11-24 18:08:44.99;0.00:00:50:960;-1.00;0.00;0.00;0.07582;-0.07603;0.000244;-5.495E-05;89.91;-0.02;100.27;0.07;100.27;0.07582;0.07603;-0.0002043;-11.202;-11.190;-99.990;0.00;-12.69;
2025-11-24 18:08:45.04;0.00:00:51:007;-1.00;0.00;0.00;0.07596;-0.07612;0.0002073;-3.909E-05;89.92;-0.01;100.22;0.05;100.22;0.07596;0.07612;-0.0001646;-11.194;-11.185;-99.990;0.00;-10.68;
2025-11-24 18:08:45.08;0.00:00:51:055;-1.00;0.00;0.00;0.07595;-0.07613;0.0001799;-5.147E-05;89.93;-0.02;100.24;0.07;100.24;0.07595;0.07613;-0.0001805;-11.195;-11.184;-99.990;0.00;-15.97;
2025-11-24 18:08:45.13;0.00:00:51:101;-1.00;0.00;0.00;0.07588;-0.07604;0.0002111;-3.86E-05;89.92;-0.01;100.21;0.05;100.21;0.07588;0.07604;-0.0001609;-11.199;-11.189;-99.990;0.00;-10.36;
2025-11-24 18:08:45.18;0.00:00:51:148;-1.00;0.00;0.00;0.07565;-0.07581;0.0001741;-3.785E-05;89.93;-0.01;100.20;0.05;100.20;0.07565;0.07581;-0.0001509;-11.212;-11.203;-99.990;0.00;-12.27;
2025-11-24 18:08:45.22;0.00:00:51:194;-1.00;0.00;0.00;0.07568;-0.07585;0.0002047;-3.923E-05;89.92;-0.01;100.23;0.05;100.23;0.07568;0.07585;-0.0001725;-11.210;-11.200;-99.990;0.00;-10.85;
2025-11-24 18:08:45.27;0.00:00:51:242;-1.00;0.00;0.00;0.07574;-0.07591;0.0002326;-4.633E-05;89.91;-0.02;100.23;0.06;100.23;0.07574;0.07591;-0.0001721;-11.207;-11.197;-99.990;0.00;-11.26;
2025-11-24 18:08:45.32;0.00:00:51:292;-1.00;0.00;0.00;0.07579;-0.07597;0.0001913;-5.493E-05;89.93;-0.02;100.24;0.07;100.24;0.07579;0.07597;-0.0001836;-11.204;-11.194;-99.990;0.00;-16.02;
2025-11-24 18:08:45.38;0.00:00:51:352;-1.00;0.00;0.00;0.07588;-0.07607;0.0002068;-3.22E-05;89.92;-0.01;100.25;0.04;100.25;0.07588;0.07607;-0.0001902;-11.199;-11.188;-99.990;0.00;-8.85;
2025-11-24 18:08:45.43;0.00:00:51:398;-1.00;0.00;0.00;0.07573;-0.07592;0.0001648;-2.37E-05;89.94;-0.01;100.25;0.03;100.25;0.07573;0.07592;-0.0001909;-11.207;-11.196;-99.990;0.00;-8.18;
2025-11-24 18:08:45.47;0.00:00:51:445;-1.00;0.00;0.00;0.07558;-0.07574;0.0002245;-2.783E-05;89.92;-0.01;100.21;0.04;100.21;0.07558;0.07574;-0.0001575;-11.216;-11.207;-99.990;0.00;-7.07;
2025-11-24 18:08:45.52;0.00:00:51:491;-1.00;0.00;0.00;0.07556;-0.07577;0.0002343;-6.873E-05;89.91;-0.03;100.27;0.09;100.27;0.07556;0.07577;-0.0002071;-11.217;-11.205;-99.990;0.00;-16.35;
2025-11-24 18:08:45.57;0.00:00:51:539;-1.00;0.00;0.00;0.07566;-0.07584;0.0002288;-4.907E-05;89.91;-0.02;100.23;0.06;100.23;0.07566;0.07584;-0.0001734;-11.211;-11.201;-99.990;0.00;-12.11;
2025-11-24 18:08:45.62;0.00:00:51:586;-1.00;0.00;0.00;0.07566;-0.07583;0.0002535;-5.45E-05;89.90;-0.02;100.22;0.07;100.22;0.07566;0.07583;-0.0001683;-11.211;-11.202;-99.990;0.00;-12.14;
2025-11-24 18:08:45.66;0.00:00:51:632;-1.00;0.00;0.00;0.07579;-0.07597;0.0002567;-5.492E-05;89.90;-0.02;100.23;0.07;100.23;0.07579;0.07597;-0.0001764;-11.204;-11.194;-99.990;0.00;-12.08;
2025-11-24 18:08:45.71;0.00:00:51:679;-1.00;0.00;0.00;0.0759;-0.07607;0.0002082;-4.188E-05;89.92;-0.02;100.22;0.06;100.22;0.0759;0.07607;-0.0001669;-11.198;-11.188;-99.990;0.00;-11.38;
2025-11-24 18:08:45.76;0.00:00:51:729;-1.00;0.00;0.00;0.07578;-0.07593;0.0002154;-3.268E-05;89.92;-0.01;100.21;0.04;100.21;0.07578;0.07593;-0.0001575;-11.205;-11.196;-99.990;0.00;-8.63;
2025-11-24 18:08:45.82;0.00:00:51:789;-1.00;0.00;0.00;0.07571;-0.07587;0.0002299;-5.846E-05;89.91;-0.02;100.21;0.08;100.21;0.07571;0.07587;-0.0001607;-11.209;-11.199;-99.990;0.00;-14.26;
2025-11-24 18:08:45.86;0.00:00:51:835;-1.00;0.00;0.00;0.07559;-0.07576;0.0002069;-3.621E-05;89.92;-0.01;100.22;0.05;100.22;0.07559;0.07576;-0.0001663;-11.215;-11.206;-99.990;0.00;-9.93;
2025-11-24 18:08:45.91;0.00:00:51:882;-1.00;0.00;0.00;0.0756;-0.07579;0.0002565;-5.983E-05;89.90;-0.02;100.25;0.08;100.25;0.0756;0.07579;-0.0001912;-11.215;-11.204;-99.990;0.00;-13.13;
2025-11-24 18:08:45.96;0.00:00:51:928;-1.00;0.00;0.00;0.07573;-0.07591;0.0002132;-4.461E-05;89.92;-0.02;100.24;0.06;100.24;0.07573;0.07591;-0.0001849;-11.207;-11.197;-99.990;0.00;-11.82;
2025-11-24 18:08:46.00;0.00:00:51:975;-1.00;0.00;0.00;0.07581;-0.07598;0.0002078;-3.225E-05;89.92;-0.01;100.22;0.04;100.22;0.07581;0.07598;-0.0001697;-11.202;-11.193;-99.990;0.00;-8.82;
2025-11-24 18:08:46.05;0.00:00:52:022;-1.00;0.00;0.00;0.0757;-0.07586;0.0002132;-4.126E-05;89.92;-0.02;100.21;0.05;100.21;0.0757;0.07586;-0.0001598;-11.209;-11.200;-99.990;0.00;-10.95;
2025-11-24 18:08:46.10;0.00:00:52:068;-1.00;0.00;0.00;0.07566;-0.07584;0.0002205;-4.081E-05;89.92;-0.02;100.24;0.05;100.24;0.07566;0.07584;-0.0001839;-11.211;-11.201;-99.990;0.00;-10.49;
2025-11-24 18:08:46.15;0.00:00:52:116;-1.00;0.00;0.00;0.07575;-0.07591;0.0002225;-5.171E-05;89.92;-0.02;100.21;0.07;100.21;0.07575;0.07591;-0.0001608;-11.206;-11.197;-99.990;0.00;-13.09;
2025-11-24 18:08:46.19;0.00:00:52:162;-1.00;0.00;0.00;0.07568;-0.07587;0.0001887;-3.114E-05;89.93;-0.01;100.25;0.04;100.25;0.07568;0.07587;-0.0001899;-11.210;-11.199;-99.990;0.00;-9.37;
2025-11-24 18:08:46.24;0.00:00:52:210;-1.00;0.00;0.00;0.07567;-0.07583;0.0002166;-2.683E-05;89.92;-0.01;100.21;0.04;100.21;0.07567;0.07583;-0.000158;-11.211;-11.202;-99.990;0.00;-7.06;
2025-11-24 18:08:46.29;0.00:00:52:257;-1.00;0.00;0.00;0.07543;-0.0756;0.0001747;-6.09E-05;89.93;-0.02;100.22;0.08;100.22;0.07543;0.0756;-0.0001635;-11.224;-11.215;-99.990;0.00;-19.22;
2025-11-24 18:08:46.33;0.00:00:52:304;-1.00;0.00;0.00;0.07545;-0.07562;0.0002006;-4.586E-05;89.92;-0.02;100.22;0.06;100.22;0.07545;0.07562;-0.0001685;-11.224;-11.214;-99.990;0.00;-12.88;
2025-11-24 18:08:46.38;0.00:00:52:351;-1.00;0.00;0.00;0.07545;-0.07561;0.0002304;-7.951E-05;89.91;-0.03;100.22;0.11;100.22;0.07545;0.07561;-0.000167;-11.224;-11.214;-99.990;0.00;-19.04;
2025-11-24 18:08:46.44;0.00:00:52:412;-1.00;0.00;0.00;0.07559;-0.07577;0.0002186;-5.237E-05;89.92;-0.02;100.24;0.07;100.24;0.07559;0.07577;-0.0001843;-11.215;-11.205;-99.990;0.00;-13.47;
2025-11-24 18:08:46.49;0.00:00:52:457;-1.00;0.00;0.00;0.07554;-0.07571;0.0002531;-4.696E-05;89.90;-0.02;100.23;0.06;100.23;0.07554;0.07571;-0.0001721;-11.218;-11.209;-99.990;0.00;-10.51;
2025-11-24 18:08:46.53;0.00:00:52:505;-1.00;0.00;0.00;0.07565;-0.07581;0.0002461;-2.536E-05;89.91;-0.01;100.22;0.03;100.22;0.07565;0.07581;-0.0001645;-11.212;-11.202;-99.990;0.00;-5.88;
2025-11-24 18:08:46.58;0.00:00:52:551;-1.00;0.00;0.00;0.07583;-0.07602;0.0002191;-4.613E-05;89.92;-0.02;100.25;0.06;100.25;0.07583;0.07602;-0.0001898;-11.202;-11.191;-99.990;0.00;-11.89;
2025-11-24 18:08:46.63;0.00:00:52:600;-1.00;0.00;0.00;0.07564;-0.07582;0.0002078;-1.362E-05;89.92;-0.01;100.24;0.02;100.24;0.07564;0.07582;-0.0001789;-11.213;-11.202;-99.990;0.00;-3.75;
2025-11-24 18:08:46.68;0.00:00:52:646;-1.00;0.00;0.00;0.0755;-0.07565;0.0002427;-5.132E-05;89.91;-0.02;100.20;0.07;100.20;0.0755;0.07565;-0.0001547;-11.221;-11.212;-99.990;0.00;-11.94;
2025-11-24 18:08:46.72;0.00:00:52:692;-1.00;0.00;0.00;0.07574;-0.07591;0.0002203;-4.775E-05;89.92;-0.02;100.23;0.06;100.23;0.07574;0.07591;-0.0001713;-11.207;-11.197;-99.990;0.00;-12.23;
2025-11-24 18:08:46.77;0.00:00:52:739;-1.00;0.00;0.00;0.07578;-0.07598;0.0002429;-5.74E-05;89.91;-0.02;100.27;0.08;100.27;0.07578;0.07599;-0.0002032;-11.204;-11.193;-99.990;0.00;-13.30;
2025-11-24 18:08:46.82;0.00:00:52:786;-1.00;0.00;0.00;0.07574;-0.07592;0.0002079;-3.83E-05;89.92;-0.01;100.23;0.05;100.23;0.07574;0.07592;-0.0001735;-11.207;-11.197;-99.990;0.00;-10.44;
2025-11-24 18:08:46.86;0.00:00:52:833;-1.00;0.00;0.00;0.07577;-0.07595;0.0001925;-4.713E-05;89.93;-0.02;100.25;0.06;100.25;0.07577;0.07595;-0.0001873;-11.205;-11.195;-99.990;0.00;-13.76;
2025-11-24 18:08:46.91;0.00:00:52:879;-1.00;0.00;0.00;0.07572;-0.0759;0.0001942;-5.15E-05;89.93;-0.02;100.24;0.07;100.23;0.07572;0.0759;-0.0001779;-11.208;-11.198;-99.990;0.00;-14.85;
2025-11-24 18:08:46.96;0.00:00:52:925;-1.00;0.00;0.00;0.0757;-0.07587;0.0001958;-3.234E-05;89.93;-0.01;100.23;0.04;100.23;0.0757;0.07587;-0.0001717;-11.209;-11.199;-99.990;0.00;-9.38;
2025-11-24 18:08:47.00;0.00:00:52:975;-1.00;0.00;0.00;0.0757;-0.07588;0.0002429;-5.273E-05;89.91;-0.02;100.24;0.07;100.24;0.0757;0.07589;-0.000184;-11.209;-11.198;-99.990;0.00;-12.25;
2025-11-24 18:08:47.07;0.00:00:53:036;-1.00;0.00;0.00;0.0757;-0.07588;0.0002011;-5.453E-05;89.92;-0.02;100.24;0.07;100.24;0.0757;0.07588;-0.0001781;-11.209;-11.199;-99.990;0.00;-15.17;
2025-11-24 18:08:47.11;0.00:00:53:082;-1.00;0.00;0.00;0.07574;-0.07594;0.0002221;-2.922E-05;89.92;-0.01;100.27;0.04;100.27;0.07574;0.07594;-0.000202;-11.207;-11.195;-99.990;0.00;-7.49;
2025-11-24 18:08:47.16;0.00:00:53:130;-1.00;0.00;0.00;0.07575;-0.07593;0.0002154;-3.541E-05;89.92;-0.01;100.23;0.05;100.23;0.07575;0.07593;-0.0001757;-11.206;-11.196;-99.990;0.00;-9.34;
2025-11-24 18:08:47.21;0.00:00:53:176;-1.00;0.00;0.00;0.07558;-0.07575;0.0001765;-2.883E-05;89.93;-0.01;100.22;0.04;100.22;0.07558;0.07575;-0.000166;-11.216;-11.206;-99.990;0.00;-9.28;
2025-11-24 18:08:47.27;0.00:00:53:238;-1.00;0.00;0.00;0.07551;-0.07566;0.0002181;-1.909E-05;89.92;-0.01;100.20;0.03;100.20;0.07551;0.07566;-0.0001523;-11.220;-11.211;-99.990;0.00;-5.00;
2025-11-24 18:08:47.32;0.00:00:53:285;-1.00;0.00;0.00;0.07547;-0.07563;0.0001979;-4.343E-05;89.93;-0.02;100.21;0.06;100.21;0.07547;0.07563;-0.0001617;-11.222;-11.213;-99.990;0.00;-12.38;
2025-11-24 18:08:47.36;0.00:00:53:332;-1.00;0.00;0.00;0.07555;-0.07572;0.0002271;-6.209E-05;89.91;-0.02;100.22;0.08;100.22;0.07555;0.07572;-0.0001678;-11.217;-11.208;-99.990;0.00;-15.29;
2025-11-24 18:08:47.41;0.00:00:53:382;-1.00;0.00;0.00;0.07554;-0.07572;0.0002202;-5.089E-05;89.92;-0.02;100.24;0.07;100.24;0.07554;0.07572;-0.0001786;-11.218;-11.208;-99.990;0.00;-13.01;
2025-11-24 18:08:47.47;0.00:00:53:441;-1.00;0.00;0.00;0.07549;-0.07564;0.0001969;-3.415E-05;89.93;-0.01;100.20;0.05;100.20;0.07549;0.07564;-0.0001477;-11.221;-11.212;-99.990;0.00;-9.84;
2025-11-24 18:08:47.52;0.00:00:53:489;-1.00;0.00;0.00;0.07551;-0.07567;0.0002119;-4.429E-05;89.92;-0.02;100.21;0.06;100.21;0.07551;0.07567;-0.0001585;-11.220;-11.211;-99.990;0.00;-11.80;
2025-11-24 18:08:47.57;0.00:00:53:536;-1.00;0.00;0.00;0.07571;-0.07587;0.0002456;-3.471E-05;89.91;-0.01;100.21;0.05;100.21;0.07571;0.07587;-0.0001611;-11.209;-11.199;-99.990;0.00;-8.05;
2025-11-24 18:08:47.61;0.00:00:53:583;-1.00;0.00;0.00;0.07575;-0.07593;0.0002054;-3.506E-05;89.92;-0.01;100.23;0.05;100.23;0.07575;0.07593;-0.0001766;-11.206;-11.196;-99.990;0.00;-9.69;
2025-11-24 18:08:47.66;0.00:00:53:630;-1.00;0.00;0.00;0.07571;-0.07586;0.0001947;-4.473E-05;89.93;-0.02;100.20;0.06;100.20;0.07571;0.07586;-0.0001512;-11.208;-11.200;-99.990;0.00;-12.94;
2025-11-24 18:08:47.71;0.00:00:53:677;-1.00;0.00;0.00;0.0756;-0.07577;0.0001678;-6.696E-05;89.94;-0.03;100.22;0.09;100.22;0.0756;0.07577;-0.0001629;-11.215;-11.205;-99.990;0.00;-21.75;
2025-11-24 18:08:47.75;0.00:00:53:724;-1.00;0.00;0.00;0.07551;-0.07571;0.0002419;-3.417E-05;89.91;-0.01;100.26;0.05;100.26;0.07551;0.07571;-0.0001968;-11.220;-11.209;-99.990;0.00;-8.04;
2025-11-24 18:08:47.80;0.00:00:53:771;-1.00;0.00;0.00;0.07595;-0.07612;0.0002191;-5.979E-05;89.92;-0.02;100.21;0.08;100.21;0.07595;0.07612;-0.0001619;-11.194;-11.185;-99.990;0.00;-15.26;
2025-11-24 18:08:47.85;0.00:00:53:817;-1.00;0.00;0.00;0.07586;-0.07602;0.0002003;-5.621E-05;89.92;-0.02;100.22;0.07;100.22;0.07586;0.07602;-0.0001669;-11.200;-11.190;-99.990;0.00;-15.68;
2025-11-24 18:08:47.89;0.00:00:53:864;-1.00;0.00;0.00;0.07568;-0.07584;0.0002434;-5.245E-05;89.91;-0.02;100.21;0.07;100.21;0.07568;0.07584;-0.0001603;-11.210;-11.201;-99.990;0.00;-12.16;
2025-11-24 18:08:47.94;0.00:00:53:911;-1.00;0.00;0.00;0.07576;-0.07595;0.0002613;-4.483E-05;89.90;-0.02;100.24;0.06;100.24;0.07576;0.07595;-0.000184;-11.205;-11.195;-99.990;0.00;-9.73;
2025-11-24 18:08:47.99;0.00:00:53:957;-1.00;0.00;0.00;0.07577;-0.07597;0.0001632;-2.263E-05;89.94;-0.01;100.27;0.03;100.27;0.07577;0.07597;-0.0002021;-11.205;-11.194;-99.990;0.00;-7.89;
2025-11-24 18:08:48.03;0.00:00:54:004;-1.00;0.00;0.00;0.07582;-0.076;0.0002062;-3.589E-05;89.92;-0.01;100.23;0.05;100.23;0.07582;0.076;-0.0001766;-11.202;-11.192;-99.990;0.00;-9.88;
2025-11-24 18:08:48.08;0.00:00:54:052;-1.00;0.00;0.00;0.07579;-0.07596;0.0002345;-4.346E-05;89.91;-0.02;100.22;0.06;100.22;0.07579;0.07596;-0.0001673;-11.204;-11.194;-99.990;0.00;-10.50;
2025-11-24 18:08:48.13;0.00:00:54:099;-1.00;0.00;0.00;0.07584;-0.07602;0.0002225;-4.63E-05;89.92;-0.02;100.24;0.06;100.24;0.07584;0.07602;-0.000184;-11.201;-11.191;-99.990;0.00;-11.76;
2025-11-24 18:08:48.18;0.00:00:54:146;-1.00;0.00;0.00;0.076;-0.07616;0.000225;-2.852E-05;89.92;-0.01;100.20;0.04;100.20;0.076;0.07616;-0.000155;-11.192;-11.183;-99.990;0.00;-7.22;
2025-11-24 18:08:48.22;0.00:00:54:192;-1.00;0.00;0.00;0.07593;-0.07609;0.0002209;-4.49E-05;89.92;-0.02;100.22;0.06;100.22;0.07593;0.0761;-0.0001642;-11.196;-11.186;-99.990;0.00;-11.49;
2025-11-24 18:08:48.27;0.00:00:54:239;-1.00;0.00;0.00;0.07574;-0.07593;0.0002016;-3.098E-05;89.92;-0.01;100.24;0.04;100.24;0.07574;0.07593;-0.0001847;-11.207;-11.196;-99.990;0.00;-8.74;
2025-11-24 18:08:48.32;0.00:00:54:288;-1.00;0.00;0.00;0.07569;-0.07589;0.0002307;-4.477E-05;89.91;-0.02;100.26;0.06;100.26;0.07569;0.07589;-0.0002002;-11.210;-11.198;-99.990;0.00;-10.98;
2025-11-24 18:08:48.38;0.00:00:54:347;-1.00;0.00;0.00;0.07566;-0.07585;0.0002047;-3.638E-05;89.92;-0.01;100.25;0.05;100.25;0.07566;0.07585;-0.0001908;-11.211;-11.200;-99.990;0.00;-10.08;
2025-11-24 18:08:48.42;0.00:00:54:393;-1.00;0.00;0.00;0.07576;-0.07593;0.0002092;-5.697E-05;89.92;-0.02;100.23;0.08;100.23;0.07576;0.07593;-0.0001743;-11.206;-11.196;-99.990;0.00;-15.23;
2025-11-24 18:08:48.47;0.00:00:54:441;-1.00;0.00;0.00;0.07579;-0.07596;0.0002254;-3.548E-05;89.92;-0.01;100.23;0.05;100.23;0.07579;0.07596;-0.0001715;-11.204;-11.194;-99.990;0.00;-8.95;
2025-11-24 18:08:48.52;0.00:00:54:488;-1.00;0.00;0.00;0.07583;-0.07602;0.0002194;-5.39E-05;89.92;-0.02;100.25;0.07;100.25;0.07583;0.07602;-0.0001906;-11.201;-11.191;-99.990;0.00;-13.80;
2025-11-24 18:08:48.56;0.00:00:54:535;-1.00;0.00;0.00;0.07568;-0.07587;0.0002261;-3.841E-05;89.91;-0.01;100.25;0.05;100.25;0.07568;0.07587;-0.0001897;-11.210;-11.199;-99.990;0.00;-9.64;
2025-11-24 18:08:48.63;0.00:00:54:605;-1.00;0.00;0.00;0.0756;-0.07578;0.0001815;-4.2E-05;89.93;-0.02;100.24;0.06;100.24;0.0756;0.07578;-0.000181;-11.215;-11.205;-99.990;0.00;-13.03;
2025-11-24 18:08:48.69;0.00:00:54:656;-1.00;0.00;0.00;0.0757;-0.07587;0.0002422;-4.78E-05;89.91;-0.02;100.23;0.06;100.23;0.0757;0.07587;-0.0001729;-11.209;-11.199;-99.990;0.00;-11.16;
2025-11-24 18:08:48.74;0.00:00:54:707;-1.00;0.00;0.00;0.07583;-0.07602;0.0002587;-3.599E-05;89.90;-0.01;100.25;0.05;100.25;0.07583;0.07602;-0.000192;-11.202;-11.191;-99.990;0.00;-7.92;
2025-11-24 18:08:48.79;0.00:00:54:759;-1.00;0.00;0.00;0.07594;-0.07611;0.0001992;-4.59E-05;89.93;-0.02;100.22;0.06;100.22;0.07594;0.07611;-0.0001667;-11.195;-11.186;-99.990;0.00;-12.98;
2025-11-24 18:08:48.84;0.00:00:54:810;-1.00;0.00;0.00;0.07586;-0.07605;0.0001811;-4.209E-05;89.93;-0.02;100.25;0.06;100.25;0.07586;0.07605;-0.0001899;-11.200;-11.189;-99.990;0.00;-13.09;
2025-11-24 18:08:48.88;0.00:00:54:850;-1.00;0.00;0.00;0.07588;-0.07608;0.0001785;-4.521E-05;89.93;-0.02;100.27;0.06;100.27;0.07588;0.07608;-0.0002056;-11.199;-11.187;-99.990;0.00;-14.21;
2025-11-24 18:08:48.95;0.00:00:54:922;-1.00;0.00;0.00;0.07595;-0.07613;0.0002184;-4.914E-05;89.92;-0.02;100.24;0.06;100.24;0.07595;0.07613;-0.0001793;-11.195;-11.185;-99.990;0.00;-12.68;
2025-11-24 18:08:49.00;0.00:00:54:974;-1.00;0.00;0.00;0.07592;-0.07609;0.0002248;-4.378E-05;89.92;-0.02;100.23;0.06;100.23;0.07592;0.07609;-0.0001739;-11.197;-11.187;-99.990;0.00;-11.02;
2025-11-24 18:08:49.05;0.00:00:55:025;-1.00;0.00;0.00;0.07586;-0.07605;0.0002729;-4.623E-05;89.90;-0.02;100.25;0.06;100.25;0.07586;0.07605;-0.0001909;-11.200;-11.189;-99.990;0.00;-9.61;
2025-11-24 18:08:49.11;0.00:00:55:078;-1.00;0.00;0.00;0.07567;-0.07584;0.0002145;-3.658E-05;89.92;-0.01;100.22;0.05;100.22;0.07567;0.07584;-0.0001637;-11.211;-11.201;-99.990;0.00;-9.68;
2025-11-24 18:08:49.16;0.00:00:55:130;-1.00;0.00;0.00;0.07574;-0.07593;0.0002221;-5.422E-05;89.92;-0.02;100.25;0.07;100.25;0.07574;0.07593;-0.0001896;-11.207;-11.196;-99.990;0.00;-13.72;
2025-11-24 18:08:49.21;0.00:00:55:181;-1.00;0.00;0.00;0.07583;-0.076;0.0002161;-5.243E-05;89.92;-0.02;100.23;0.07;100.23;0.07583;0.07601;-0.0001741;-11.202;-11.192;-99.990;0.00;-13.64;
2025-11-24 18:08:49.26;0.00:00:55:231;-1.00;0.00;0.00;0.07591;-0.0761;0.0002357;-3.657E-05;89.91;-0.01;100.25;0.05;100.25;0.07591;0.0761;-0.0001935;-11.197;-11.186;-99.990;0.00;-8.82;
2025-11-24 18:08:49.31;0.00:00:55:283;-1.00;0.00;0.00;0.07606;-0.07624;0.0002616;-5.147E-05;89.90;-0.02;100.23;0.07;100.23;0.07606;0.07624;-0.0001744;-11.188;-11.178;-99.990;0.00;-11.13;
2025-11-24 18:08:49.36;0.00:00:55:334;-1.00;0.00;0.00;0.0759;-0.07605;0.0001651;-4.212E-05;89.94;-0.02;100.20;0.06;100.20;0.0759;0.07605;-0.0001508;-11.198;-11.189;-99.990;0.00;-14.31;
2025-11-24 18:08:49.42;0.00:00:55:386;-1.00;0.00;0.00;0.07561;-0.07577;0.0002166;-4.66E-05;89.92;-0.02;100.21;0.06;100.21;0.07561;0.07577;-0.0001603;-11.214;-11.205;-99.990;0.00;-12.14;
2025-11-24 18:08:49.47;0.00:00:55:437;-1.00;0.00;0.00;0.07572;-0.07591;0.0002495;-6.024E-05;89.91;-0.02;100.26;0.08;100.26;0.07572;0.07591;-0.0001932;-11.208;-11.197;-99.990;0.00;-13.57;
2025-11-24 18:08:49.52;0.00:00:55:488;-1.00;0.00;0.00;0.07565;-0.07583;0.0002107;-3.557E-05;89.92;-0.01;100.24;0.05;100.24;0.07565;0.07583;-0.0001826;-11.212;-11.202;-99.990;0.00;-9.58;
2025-11-24 18:08:49.57;0.00:00:55:539;-1.00;0.00;0.00;0.07574;-0.07593;0.000264;-5.753E-05;89.90;-0.02;100.25;0.08;100.25;0.07574;0.07593;-0.0001878;-11.207;-11.196;-99.990;0.00;-12.29;
2025-11-24 18:08:49.62;0.00:00:55:587;-1.00;0.00;0.00;0.07591;-0.07607;0.0001896;-3.033E-05;89.93;-0.01;100.21;0.04;100.21;0.07591;0.07607;-0.0001597;-11.197;-11.188;-99.990;0.00;-9.09;
2025-11-24 18:08:49.67;0.00:00:55:642;-1.00;0.00;0.00;0.07556;-0.07575;0.0001832;-2.033E-05;89.93;-0.01;100.25;0.03;100.25;0.07556;0.07575;-0.000187;-11.217;-11.206;-99.990;0.00;-6.33;
2025-11-24 18:08:49.72;0.00:00:55:694;-1.00;0.00;0.00;0.07558;-0.07574;0.0002189;-3.575E-05;89.92;-0.01;100.21;0.05;100.21;0.07558;0.07574;-0.0001621;-11.216;-11.207;-99.990;0.00;-9.27;
2025-11-24 18:08:49.77;0.00:00:55:745;-1.00;0.00;0.00;0.0756;-0.07576;0.0001832;-5.864E-05;89.93;-0.02;100.22;0.08;100.22;0.0756;0.07576;-0.0001628;-11.215;-11.205;-99.990;0.00;-17.74;
2025-11-24 18:08:49.84;0.00:00:55:806;-1.00;0.00;0.00;0.07574;-0.07592;0.0002131;-4.269E-05;89.92;-0.02;100.24;0.06;100.24;0.07574;0.07592;-0.0001803;-11.207;-11.197;-99.990;0.00;-11.33;
2025-11-24 18:08:49.89;0.00:00:55:857;-1.00;0.00;0.00;0.07559;-0.07577;0.0002052;-4.122E-05;89.92;-0.02;100.24;0.05;100.24;0.07559;0.07577;-0.0001839;-11.216;-11.205;-99.990;0.00;-11.36;
2025-11-24 18:08:49.94;0.00:00:55:908;-1.00;0.00;0.00;0.07557;-0.07575;0.0002017;-3.618E-05;89.92;-0.01;100.25;0.05;100.25;0.07557;0.07575;-0.0001861;-11.217;-11.206;-99.990;0.00;-10.17;
2025-11-24 18:08:49.99;0.00:00:55:959;-1.00;0.00;0.00;0.07562;-0.07581;0.0002578;-4.4E-05;89.90;-0.02;100.25;0.06;100.25;0.07562;0.07581;-0.0001901;-11.214;-11.203;-99.990;0.00;-9.69;
2025-11-24 18:08:50.04;0.00:00:56:008;-1.00;0.00;0.00;0.07572;-0.0759;0.0002111;-4.271E-05;89.92;-0.02;100.24;0.06;100.24;0.07572;0.07591;-0.0001854;-11.208;-11.197;-99.990;0.00;-11.44;
2025-11-24 18:08:50.09;0.00:00:56:061;-1.00;0.00;0.00;0.07578;-0.07594;0.0002074;-4.192E-05;89.92;-0.02;100.21;0.06;100.21;0.07578;0.07594;-0.0001595;-11.204;-11.195;-99.990;0.00;-11.43;
2025-11-24 18:08:50.14;0.00:00:56:113;-1.00;0.00;0.00;0.07564;-0.07581;0.0001906;-5.266E-05;89.93;-0.02;100.22;0.07;100.22;0.07564;0.07581;-0.0001669;-11.212;-11.203;-99.990;0.00;-15.44;
2025-11-24 18:08:50.19;0.00:00:56:163;-1.00;0.00;0.00;0.07569;-0.07584;0.0002194;-3.758E-05;89.92;-0.01;100.20;0.05;100.20;0.07569;0.07584;-0.0001509;-11.210;-11.201;-99.990;0.00;-9.72;
2025-11-24 18:08:50.24;0.00:00:56:214;-1.00;0.00;0.00;0.07566;-0.07583;0.000215;-4.585E-05;89.92;-0.02;100.23;0.06;100.23;0.07566;0.07583;-0.0001742;-11.211;-11.201;-99.990;0.00;-12.04;
2025-11-24 18:08:50.30;0.00:00:56:275;-1.00;0.00;0.00;0.07554;-0.07571;0.000184;-6.579E-05;89.93;-0.02;100.23;0.09;100.23;0.07554;0.07571;-0.0001707;-11.218;-11.209;-99.990;0.00;-19.67;
2025-11-24 18:08:50.36;0.00:00:56:326;-1.00;0.00;0.00;0.07551;-0.07567;0.0002251;-5.492E-05;89.91;-0.02;100.21;0.07;100.21;0.07551;0.07567;-0.0001561;-11.220;-11.211;-99.990;0.00;-13.71;
2025-11-24 18:08:50.41;0.00:00:56:377;-1.00;0.00;0.00;0.07554;-0.07572;0.0002358;-5.306E-05;89.91;-0.02;100.24;0.07;100.24;0.07554;0.07572;-0.0001823;-11.218;-11.208;-99.990;0.00;-12.68;
2025-11-24 18:08:50.46;0.00:00:56:429;-1.00;0.00;0.00;0.07544;-0.07559;0.0002122;-6.787E-05;89.92;-0.03;100.20;0.09;100.20;0.07544;0.07559;-0.0001544;-11.224;-11.215;-99.990;0.00;-17.74;
2025-11-24 18:08:50.52;0.00:00:56:490;-1.00;0.00;0.00;0.07563;-0.0758;0.000233;-5.493E-05;89.91;-0.02;100.22;0.07;100.22;0.07563;0.0758;-0.0001702;-11.213;-11.204;-99.990;0.00;-13.26;
2025-11-24 18:08:50.58;0.00:00:56:547;-1.00;0.00;0.00;0.07576;-0.0759;0.0002278;-3.255E-05;89.91;-0.01;100.18;0.04;100.18;0.07576;0.0759;-0.0001395;-11.205;-11.197;-99.990;0.00;-8.13;
2025-11-24 18:08:50.62;0.00:00:56:594;-1.00;0.00;0.00;0.07563;-0.0758;0.0001926;-4.526E-05;89.93;-0.02;100.23;0.06;100.23;0.07563;0.0758;-0.0001754;-11.213;-11.203;-99.990;0.00;-13.22;
2025-11-24 18:08:50.68;0.00:00:56:646;-1.00;0.00;0.00;0.0756;-0.07578;0.0001924;-3.274E-05;89.93;-0.01;100.24;0.04;100.24;0.0756;0.07578;-0.0001777;-11.215;-11.205;-99.990;0.00;-9.66;
2025-11-24 18:08:50.74;0.00:00:56:707;-1.00;0.00;0.00;0.07579;-0.07596;0.0002449;-5.02E-05;89.91;-0.02;100.22;0.07;100.22;0.07579;0.07596;-0.0001705;-11.204;-11.194;-99.990;0.00;-11.58;
2025-11-24 18:08:50.79;0.00:00:56:758;-1.00;0.00;0.00;0.0759;-0.07608;0.0002248;-4.645E-05;89.92;-0.02;100.24;0.06;100.24;0.0759;0.07608;-0.0001797;-11.198;-11.187;-99.990;0.00;-11.67;
2025-11-24 18:08:50.85;0.00:00:56:819;-1.00;0.00;0.00;0.07592;-0.07608;0.0002157;-5.484E-05;89.92;-0.02;100.22;0.07;100.22;0.07592;0.07608;-0.0001639;-11.197;-11.187;-99.990;0.00;-14.27;
2025-11-24 18:08:50.91;0.00:00:56:878;-1.00;0.00;0.00;0.07598;-0.07613;0.0001987;-5.045E-05;89.93;-0.02;100.20;0.07;100.20;0.07598;0.07613;-0.000151;-11.193;-11.185;-99.990;0.00;-14.24;
2025-11-24 18:08:50.96;0.00:00:56:932;-1.00;0.00;0.00;0.07586;-0.07604;0.0002222;-4.198E-05;89.92;-0.02;100.23;0.06;100.23;0.07586;0.07604;-0.0001709;-11.200;-11.190;-99.990;0.00;-10.70;
2025-11-24 18:08:51.01;0.00:00:56:983;-1.00;0.00;0.00;0.0759;-0.07608;0.0002641;-3.747E-05;89.90;-0.01;100.24;0.05;100.24;0.0759;0.07608;-0.0001827;-11.198;-11.187;-99.990;0.00;-8.08;
2025-11-24 18:08:51.06;0.00:00:57:034;-1.00;0.00;0.00;0.0759;-0.07607;0.0002035;-4.982E-05;89.92;-0.02;100.23;0.07;100.23;0.0759;0.07607;-0.0001709;-11.197;-11.188;-99.990;0.00;-13.76;
2025-11-24 18:08:51.12;0.00:00:57:086;-1.00;0.00;0.00;0.07598;-0.07617;0.000243;-6.609E-05;89.91;-0.02;100.25;0.09;100.25;0.07598;0.07617;-0.0001877;-11.193;-11.182;-99.990;0.00;-15.21;
2025-11-24 18:08:51.18;0.00:00:57:146;-1.00;0.00;0.00;0.07617;-0.07637;0.0002762;-4.825E-05;89.90;-0.02;100.26;0.06;100.26;0.07617;0.07637;-0.0001968;-11.182;-11.171;-99.990;0.00;-9.91;
2025-11-24 18:08:51.23;0.00:00:57:199;-1.00;0.00;0.00;0.07601;-0.07617;0.0001979;-5.285E-05;89.93;-0.02;100.21;0.07;100.21;0.07601;0.07617;-0.000161;-11.191;-11.182;-99.990;0.00;-14.95;
2025-11-24 18:08:51.28;0.00:00:57:249;-1.00;0.00;0.00;0.07586;-0.07604;0.0002432;-3.411E-05;89.91;-0.01;100.24;0.04;100.24;0.07586;0.07604;-0.0001828;-11.200;-11.190;-99.990;0.00;-7.98;
2025-11-24 18:08:51.33;0.00:00:57:301;-1.00;0.00;0.00;0.07599;-0.07615;0.0002187;-5.858E-05;89.92;-0.02;100.21;0.08;100.21;0.07599;0.07615;-0.0001603;-11.193;-11.183;-99.990;0.00;-14.99;
2025-11-24 18:08:51.39;0.00:00:57:358;-1.00;0.00;0.00;0.07608;-0.07627;0.0002331;-5.781E-05;89.91;-0.02;100.25;0.08;100.25;0.07608;0.07627;-0.0001896;-11.187;-11.176;-99.990;0.00;-13.93;
2025-11-24 18:08:51.44;0.00:00:57:413;-1.00;0.00;0.00;0.07589;-0.07607;0.0002278;-4.57E-05;89.91;-0.02;100.24;0.06;100.24;0.07589;0.07607;-0.0001796;-11.198;-11.188;-99.990;0.00;-11.34;
2025-11-24 18:08:51.51;0.00:00:57:480;-1.00;0.00;0.00;0.07584;-0.076;0.0001808;-4.366E-05;89.93;-0.02;100.22;0.06;100.22;0.07584;0.076;-0.0001662;-11.201;-11.192;-99.990;0.00;-13.58;
2025-11-24 18:08:51.55;0.00:00:57:525;-1.00;0.00;0.00;0.07577;-0.07594;0.0002469;-3.68E-05;89.91;-0.01;100.23;0.05;100.23;0.07577;0.07594;-0.0001735;-11.205;-11.195;-99.990;0.00;-8.48;
2025-11-24 18:08:51.60;0.00:00:57:571;-1.00;0.00;0.00;0.07567;-0.07585;0.0001677;-4.772E-05;89.94;-0.02;100.24;0.06;100.24;0.07567;0.07585;-0.0001788;-11.211;-11.200;-99.990;0.00;-15.89;
2025-11-24 18:08:51.65;0.00:00:57:616;-1.00;0.00;0.00;0.07563;-0.07582;0.0002287;-2.056E-05;89.91;-0.01;100.24;0.03;100.24;0.07563;0.07582;-0.0001853;-11.213;-11.202;-99.990;0.00;-5.14;
2025-11-24 18:08:51.70;0.00:00:57:667;-1.00;0.00;0.00;0.07565;-0.07582;0.0002486;-5.025E-05;89.91;-0.02;100.23;0.07;100.23;0.07565;0.07582;-0.0001711;-11.212;-11.202;-99.990;0.00;-11.43;
2025-11-24 18:08:51.75;0.00:00:57:717;-1.00;0.00;0.00;0.0758;-0.07596;0.0002191;-5.382E-05;89.92;-0.02;100.21;0.07;100.21;0.0758;0.07596;-0.000157;-11.203;-11.194;-99.990;0.00;-13.80;
2025-11-24 18:08:51.80;0.00:00:57:769;-1.00;0.00;0.00;0.0758;-0.07598;0.000219;-4.874E-05;89.92;-0.02;100.24;0.06;100.24;0.0758;0.07599;-0.0001837;-11.203;-11.193;-99.990;0.00;-12.55;
2025-11-24 18:08:51.85;0.00:00:57:821;-1.00;0.00;0.00;0.07571;-0.07589;0.0002092;-2.572E-05;89.92;-0.01;100.24;0.03;100.24;0.07571;0.0759;-0.0001829;-11.208;-11.198;-99.990;0.00;-7.01;
2025-11-24 18:08:51.90;0.00:00:57:871;-1.00;0.00;0.00;0.07547;-0.07564;0.0002329;-3.89E-05;89.91;-0.01;100.22;0.05;100.22;0.07547;0.07564;-0.0001685;-11.222;-11.212;-99.990;0.00;-9.48;
2025-11-24 18:08:51.95;0.00:00:57:917;-1.00;0.00;0.00;0.07543;-0.07558;0.0002298;-4.849E-05;89.91;-0.02;100.20;0.06;100.20;0.07543;0.07558;-0.000152;-11.224;-11.216;-99.990;0.00;-11.92;
2025-11-24 18:08:51.99;0.00:00:57:963;-1.00;0.00;0.00;0.07554;-0.07571;0.0002609;-5.356E-05;89.90;-0.02;100.23;0.07;100.23;0.07554;0.07571;-0.0001709;-11.218;-11.209;-99.990;0.00;-11.60;
2025-11-24 18:08:52.04;0.00:00:58:015;-1.00;0.00;0.00;0.07566;-0.07584;0.0001728;-2.973E-05;89.93;-0.01;100.24;0.04;100.24;0.07566;0.07584;-0.0001789;-11.211;-11.201;-99.990;0.00;-9.76;
2025-11-24 18:08:52.10;0.00:00:58:066;-1.00;0.00;0.00;0.07557;-0.07575;0.0001969;-4.322E-05;89.93;-0.02;100.24;0.06;100.24;0.07557;0.07575;-0.0001847;-11.217;-11.206;-99.990;0.00;-12.38;
2025-11-24 18:08:52.15;0.00:00:58:118;-1.00;0.00;0.00;0.07581;-0.07598;0.0002455;-4.171E-05;89.91;-0.02;100.22;0.06;100.22;0.07581;0.07598;-0.0001687;-11.203;-11.193;-99.990;0.00;-9.64;
2025-11-24 18:08:52.21;0.00:00:58:179;-1.00;0.00;0.00;0.07589;-0.07605;0.0002058;-6.792E-05;89.92;-0.03;100.21;0.09;100.21;0.07589;0.07605;-0.0001595;-11.198;-11.189;-99.990;0.00;-18.26;
2025-11-24 18:08:52.26;0.00:00:58:231;-1.00;0.00;0.00;0.0758;-0.07597;0.0001863;-6.144E-05;89.93;-0.02;100.23;0.08;100.23;0.0758;0.07597;-0.0001731;-11.204;-11.194;-99.990;0.00;-18.25;
2025-11-24 18:08:52.31;0.00:00:58:283;-1.00;0.00;0.00;0.07574;-0.07592;0.0002205;-4.018E-05;89.92;-0.02;100.24;0.05;100.24;0.07574;0.07592;-0.0001846;-11.207;-11.196;-99.990;0.00;-10.33;
2025-11-24 18:08:52.36;0.00:00:58:334;-1.00;0.00;0.00;0.0758;-0.07597;0.0001901;-4.667E-05;89.93;-0.02;100.22;0.06;100.22;0.0758;0.07597;-0.0001684;-11.203;-11.194;-99.990;0.00;-13.79;
2025-11-24 18:08:52.42;0.00:00:58:393;-1.00;0.00;0.00;0.0758;-0.07597;0.0002134;-5.721E-05;89.92;-0.02;100.23;0.08;100.23;0.0758;0.07597;-0.0001722;-11.203;-11.193;-99.990;0.00;-15.01;
2025-11-24 18:08:52.48;0.00:00:58:446;-1.00;0.00;0.00;0.07605;-0.07622;0.000274;-4.908E-05;89.90;-0.02;100.22;0.06;100.22;0.07605;0.07622;-0.0001683;-11.189;-11.179;-99.990;0.00;-10.15;
2025-11-24 18:08:52.54;0.00:00:58:507;-1.00;0.00;0.00;0.07611;-0.07629;0.0002012;-6.464E-05;89.92;-0.02;100.23;0.08;100.23;0.07611;0.07629;-0.0001773;-11.185;-11.175;-99.990;0.00;-17.82;
2025-11-24 18:08:52.59;0.00:00:58:558;-1.00;0.00;0.00;0.07603;-0.07621;0.0001755;-4.593E-05;89.93;-0.02;100.23;0.06;100.23;0.07603;0.07621;-0.0001759;-11.190;-11.180;-99.990;0.00;-14.67;
2025-11-24 18:08:52.63;0.00:00:58:605;-1.00;0.00;0.00;0.07591;-0.07609;0.0001845;-6.234E-05;89.93;-0.02;100.24;0.08;100.24;0.07591;0.07609;-0.0001798;-11.197;-11.187;-99.990;0.00;-18.67;
2025-11-24 18:08:52.68;0.00:00:58:653;-1.00;0.00;0.00;0.07579;-0.07599;0.0002048;-4.021E-05;89.92;-0.02;100.25;0.05;100.25;0.07579;0.07599;-0.0001923;-11.204;-11.193;-99.990;0.00;-11.11;
2025-11-24 18:08:52.73;0.00:00:58:700;-1.00;0.00;0.00;0.07576;-0.07593;0.0001975;-6.617E-05;89.93;-0.02;100.22;0.09;100.22;0.07576;0.07593;-0.0001697;-11.205;-11.196;-99.990;0.00;-18.52;
2025-11-24 18:08:52.78;0.00:00:58:746;-1.00;0.00;0.00;0.07577;-0.07594;0.0002382;-4.165E-05;89.91;-0.02;100.23;0.05;100.23;0.07577;0.07595;-0.0001766;-11.205;-11.195;-99.990;0.00;-9.92;
2025-11-24 18:08:52.82;0.00:00:58:793;-1.00;0.00;0.00;0.07566;-0.07582;0.0001988;-5.129E-05;89.92;-0.02;100.21;0.07;100.21;0.07566;0.07582;-0.0001602;-11.212;-11.202;-99.990;0.00;-14.47;
2025-11-24 18:08:52.87;0.00:00:58:841;-1.00;0.00;0.00;0.07565;-0.07582;0.0002245;-6.567E-05;89.92;-0.02;100.22;0.09;100.22;0.07565;0.07582;-0.0001684;-11.212;-11.202;-99.990;0.00;-16.31;
2025-11-24 18:08:52.92;0.00:00:58:887;-1.00;0.00;0.00;0.07541;-0.07556;0.0001884;-5.454E-05;89.93;-0.02;100.20;0.07;100.20;0.07541;0.07556;-0.0001535;-11.226;-11.217;-99.990;0.00;-16.15;
2025-11-24 18:08:52.96;0.00:00:58:934;-1.00;0.00;0.00;0.07544;-0.07561;0.0002128;-3.36E-05;89.92;-0.01;100.22;0.04;100.22;0.07544;0.07561;-0.0001672;-11.224;-11.214;-99.990;0.00;-8.97;
2025-11-24 18:08:53.01;0.00:00:58:983;-1.00;0.00;0.00;0.0755;-0.07568;0.0002404;-5.305E-05;89.91;-0.02;100.24;0.07;100.24;0.0755;0.07568;-0.0001799;-11.221;-11.210;-99.990;0.00;-12.44;
2025-11-24 18:08:53.07;0.00:00:59:043;-1.00;0.00;0.00;0.07576;-0.07593;0.0002306;-5.371E-05;89.91;-0.02;100.23;0.07;100.23;0.07576;0.07593;-0.0001731;-11.206;-11.196;-99.990;0.00;-13.11;
2025-11-24 18:08:53.12;0.00:00:59:091;-1.00;0.00;0.00;0.07568;-0.07582;0.0002378;-6.067E-05;89.91;-0.02;100.19;0.08;100.19;0.07568;0.07582;-0.0001445;-11.210;-11.202;-99.990;0.00;-14.31;
2025-11-24 18:08:53.17;0.00:00:59:138;-1.00;0.00;0.00;0.07578;-0.07594;0.0002443;-5.664E-05;89.91;-0.02;100.21;0.07;100.21;0.07578;0.07594;-0.0001625;-11.205;-11.195;-99.990;0.00;-13.05;
2025-11-24 18:08:53.21;0.00:00:59:184;-1.00;0.00;0.00;0.07589;-0.07605;0.0002007;-4.136E-05;89.92;-0.02;100.21;0.05;100.21;0.07589;0.07605;-0.0001622;-11.198;-11.189;-99.990;0.00;-11.64;
2025-11-24 18:08:53.26;0.00:00:59:230;-1.00;0.00;0.00;0.07576;-0.07591;0.0001909;-4.477E-05;89.93;-0.02;100.20;0.06;100.20;0.07576;0.07591;-0.0001539;-11.206;-11.197;-99.990;0.00;-13.20;
2025-11-24 18:08:53.31;0.00:00:59:282;-1.00;0.00;0.00;0.07571;-0.07587;0.0002287;-4.496E-05;89.91;-0.02;100.21;0.06;100.21;0.07571;0.07587;-0.0001607;-11.208;-11.199;-99.990;0.00;-11.12;
2025-11-24 18:08:53.37;0.00:00:59:339;-1.00;0.00;0.00;0.07557;-0.07575;0.0001791;-4.2E-05;89.93;-0.02;100.23;0.06;100.23;0.07557;0.07575;-0.0001723;-11.216;-11.206;-99.990;0.00;-13.20;
2025-11-24 18:08:53.42;0.00:00:59:386;-1.00;0.00;0.00;0.07588;-0.07604;0.0002381;-5.139E-05;89.91;-0.02;100.22;0.07;100.22;0.07588;0.07604;-0.0001681;-11.199;-11.189;-99.990;0.00;-12.18;
2025-11-24 18:08:53.46;0.00:00:59:433;-1.00;0.00;0.00;0.07593;-0.07609;0.0001664;-3.717E-05;89.94;-0.01;100.22;0.05;100.22;0.07593;0.07609;-0.0001638;-11.196;-11.187;-99.990;0.00;-12.59;
2025-11-24 18:08:53.51;0.00:00:59:480;-1.00;0.00;0.00;0.07582;-0.07599;0.0002437;-4.807E-05;89.91;-0.02;100.23;0.06;100.23;0.07582;0.076;-0.000172;-11.202;-11.192;-99.990;0.00;-11.16;
2025-11-24 18:08:53.56;0.00:00:59:527;-1.00;0.00;0.00;0.07579;-0.07595;0.0002168;-2.637E-05;89.92;-0.01;100.22;0.03;100.22;0.07579;0.07595;-0.0001682;-11.204;-11.194;-99.990;0.00;-6.94;
2025-11-24 18:08:53.61;0.00:00:59:578;-1.00;0.00;0.00;0.0757;-0.07586;0.0002294;-2.899E-05;89.91;-0.01;100.21;0.04;100.21;0.0757;0.07586;-0.000157;-11.209;-11.200;-99.990;0.00;-7.20;
2025-11-24 18:08:53.67;0.00:00:59:636;-1.00;0.00;0.00;0.07555;-0.07572;0.0002046;-3.793E-05;89.92;-0.01;100.23;0.05;100.23;0.07555;0.07572;-0.0001712;-11.218;-11.208;-99.990;0.00;-10.50;
2025-11-24 18:08:53.71;0.00:00:59:683;-1.00;0.00;0.00;0.07554;-0.07572;0.0002006;-2.729E-05;89.92;-0.01;100.24;0.04;100.24;0.07554;0.07572;-0.0001819;-11.218;-11.208;-99.990;0.00;-7.75;
2025-11-24 18:08:53.76;0.00:00:59:730;-1.00;0.00;0.00;0.07576;-0.07593;0.0002251;-4.697E-05;89.92;-0.02;100.23;0.06;100.23;0.07576;0.07593;-0.0001725;-11.206;-11.196;-99.990;0.00;-11.79;
2025-11-24 18:08:53.81;0.00:00:59:776;-1.00;0.00;0.00;0.07571;-0.07588;0.0002055;-4.41E-05;89.92;-0.02;100.23;0.06;100.23;0.07571;0.07588;-0.0001718;-11.209;-11.199;-99.990;0.00;-12.11;
2025-11-24 18:08:53.85;0.00:00:59:823;-1.00;0.00;0.00;0.07561;-0.0758;0.0002127;-2.816E-05;89.92;-0.01;100.25;0.04;100.25;0.07561;0.0758;-0.0001913;-11.214;-11.203;-99.990;0.00;-7.54;
2025-11-24 18:08:53.90;0.00:00:59:871;-1.00;0.00;0.00;0.0757;-0.07587;0.0002251;-2.157E-05;89.92;-0.01;100.22;0.03;100.22;0.0757;0.07587;-0.0001695;-11.209;-11.199;-99.990;0.00;-5.47;
2025-11-24 18:08:53.95;0.00:00:59:917;-1.00;0.00;0.00;0.0758;-0.07598;0.0001835;-5.023E-05;89.93;-0.02;100.24;0.07;100.24;0.0758;0.07598;-0.0001789;-11.203;-11.193;-99.990;0.00;-15.31;
2025-11-24 18:08:53.99;0.00:00:59:963;-1.00;0.00;0.00;0.0759;-0.07606;0.0001866;-6.965E-05;89.93;-0.03;100.21;0.09;100.21;0.0759;0.07606;-0.0001611;-11.197;-11.188;-99.990;0.00;-20.47;
2025-11-24 18:08:54.04;0.00:01:00:012;-1.00;0.00;0.00;0.07594;-0.07611;0.0002299;-5.41E-05;89.91;-0.02;100.23;0.07;100.23;0.07594;0.07611;-0.0001737;-11.195;-11.185;-99.990;0.00;-13.24;
