Time[date hh:mm:ss] ; Elapsed Time [hh:mm:ss:ms]; Normalized s 1 ; Normalized s 2 ; Normalized s 3 ; S 0 [mW]; S 1 [mW]; S 2 [mW]; S 3 [mW]; Azimuth[°] ; Ellipticity[°] ; DOP[%] ; DOCP[%] ; DOLP[%] ; Power[mW] ; Pol Power[mW] ; Unpol Power[mW] ; Power[dBm] ; Pol Power[dBm] ; Unpol Power[dBm] ; Power-Split-Ratio ; Phase Difference[°] ; Warning
2025-11-24 18:09:24.93;0.00:00:00:082;-1.00;-0.02;0.00;0.01663;-0.01677;-0.0003121;-7.034E-05;-89.47;-0.12;100.85;0.42;100.84;0.01663;0.01677;-0.0001405;-17.792;-17.755;-99.990;0.00;-167.30;
2025-11-24 18:09:24.99;0.00:00:00:142;-1.00;-0.02;0.00;0.01668;-0.01685;-0.0002877;-7.582E-05;-89.51;-0.13;101.04;0.45;101.03;0.01668;0.01685;-0.0001728;-17.779;-17.734;-99.990;0.00;-165.24;
2025-11-24 18:09:25.04;0.00:00:00:190;-1.00;-0.02;0.00;0.0167;-0.01685;-0.0002691;-7.275E-05;-89.54;-0.12;100.91;0.44;100.91;0.0167;0.01685;-0.0001522;-17.773;-17.733;-99.990;0.00;-164.87;
2025-11-24 18:09:25.09;0.00:00:00:237;-1.00;-0.02;-0.01;0.01669;-0.01682;-0.0002732;-8.502E-05;-89.53;-0.14;100.80;0.51;100.79;0.01669;0.01682;-0.0001327;-17.777;-17.742;-99.990;0.00;-162.71;
2025-11-24 18:09:25.13;0.00:00:00:284;-1.00;-0.02;0.00;0.01668;-0.01683;-0.0002961;-5.526E-05;-89.50;-0.09;100.93;0.33;100.93;0.01668;0.01684;-0.0001555;-17.778;-17.738;-99.990;0.00;-169.43;
2025-11-24 18:09:25.18;0.00:00:00:331;-1.00;-0.02;-0.01;0.01671;-0.01687;-0.0002887;-9.14E-05;-89.51;-0.16;100.97;0.55;100.97;0.01671;0.01688;-0.0001617;-17.769;-17.727;-99.990;0.00;-162.43;
2025-11-24 18:09:25.24;0.00:00:00:394;-1.00;-0.02;0.00;0.01671;-0.01687;-0.0003309;-6.587E-05;-89.44;-0.11;101.00;0.39;101.00;0.01671;0.01688;-0.0001674;-17.770;-17.727;-99.990;0.00;-168.74;
2025-11-24 18:09:25.29;0.00:00:00:440;-1.00;-0.02;0.00;0.01669;-0.01682;-0.0002655;-8.322E-05;-89.55;-0.14;100.81;0.50;100.81;0.01669;0.01682;-0.0001359;-17.776;-17.741;-99.990;0.00;-162.60;
2025-11-24 18:09:25.34;0.00:00:00:487;-1.00;-0.02;0.00;0.0167;-0.01683;-0.0003079;-7.669E-05;-89.48;-0.13;100.75;0.46;100.75;0.0167;0.01683;-0.0001258;-17.772;-17.740;-99.990;0.00;-166.01;
2025-11-24 18:09:25.38;0.00:00:00:535;-1.00;-0.02;0.00;0.01671;-0.01687;-0.0003217;-6.169E-05;-89.45;-0.10;100.93;0.37;100.93;0.01671;0.01687;-0.0001561;-17.769;-17.729;-99.990;0.00;-169.15;
2025-11-24 18:09:25.43;0.00:00:00:583;-1.00;-0.02;0.00;0.01669;-0.01682;-0.0003323;-5.858E-05;-89.43;-0.10;100.82;0.35;100.82;0.01669;0.01683;-0.0001374;-17.775;-17.740;-99.990;0.00;-170.00;
2025-11-24 18:09:25.49;0.00:00:00:642;-1.00;-0.02;0.00;0.01672;-0.01686;-0.0003102;-7.22E-05;-89.47;-0.12;100.89;0.43;100.89;0.01672;0.01686;-0.0001485;-17.769;-17.730;-99.990;0.00;-166.90;
2025-11-24 18:09:25.54;0.00:00:00:688;-1.00;-0.02;0.00;0.01673;-0.01688;-0.0003188;-6.425E-05;-89.46;-0.11;100.91;0.38;100.91;0.01673;0.01688;-0.0001526;-17.765;-17.726;-99.990;0.00;-168.60;
2025-11-24 18:09:25.58;0.00:00:00:735;-1.00;-0.02;0.00;0.01663;-0.01678;-0.0002743;-7.194E-05;-89.53;-0.12;100.93;0.43;100.93;0.01663;0.01679;-0.000154;-17.791;-17.751;-99.990;0.00;-165.30;
2025-11-24 18:09:25.63;0.00:00:00:782;-1.00;-0.02;-0.01;0.01664;-0.01676;-0.0003087;-8.515E-05;-89.47;-0.15;100.78;0.51;100.77;0.01664;0.01677;-0.0001291;-17.789;-17.755;-99.990;0.00;-164.58;
2025-11-24 18:09:25.68;0.00:00:00:828;-1.00;-0.02;0.00;0.01669;-0.01683;-0.0002865;-7.4E-05;-89.51;-0.13;100.86;0.44;100.86;0.01669;0.01683;-0.0001432;-17.777;-17.739;-99.990;0.00;-165.52;
2025-11-24 18:09:25.72;0.00:00:00:875;-1.00;-0.02;0.00;0.0167;-0.01685;-0.0003085;-6.907E-05;-89.48;-0.12;100.88;0.41;100.88;0.0167;0.01685;-0.0001475;-17.772;-17.734;-99.990;0.00;-167.38;
2025-11-24 18:09:25.77;0.00:00:00:922;-1.00;-0.02;0.00;0.01672;-0.01686;-0.0002846;-4.924E-05;-89.52;-0.08;100.89;0.29;100.89;0.01672;0.01686;-0.0001483;-17.769;-17.731;-99.990;0.00;-170.19;
2025-11-24 18:09:25.82;0.00:00:00:969;-1.00;-0.02;-0.01;0.01671;-0.01684;-0.0003013;-8.443E-05;-89.49;-0.14;100.81;0.51;100.81;0.01671;0.01684;-0.0001351;-17.771;-17.736;-99.990;0.00;-164.35;
2025-11-24 18:09:25.86;0.00:00:01:016;-1.00;-0.02;0.00;0.0167;-0.01684;-0.0002596;-6.483E-05;-89.56;-0.11;100.84;0.39;100.84;0.0167;0.01684;-0.0001398;-17.773;-17.737;-99.990;0.00;-165.98;
2025-11-24 18:09:25.91;0.00:00:01:063;-1.00;-0.02;0.00;0.01672;-0.01687;-0.0002997;-7.484E-05;-89.49;-0.13;100.90;0.45;100.90;0.01672;0.01687;-0.0001511;-17.767;-17.728;-99.990;0.00;-165.98;
2025-11-24 18:09:25.96;0.00:00:01:109;-1.00;-0.02;0.00;0.01675;-0.01689;-0.0002713;-5.528E-05;-89.54;-0.09;100.83;0.33;100.83;0.01675;0.01689;-0.0001396;-17.759;-17.723;-99.990;0.00;-168.48;
2025-11-24 18:09:26.01;0.00:00:01:159;-1.00;-0.02;0.00;0.0167;-0.01682;-0.0003041;-8.116E-05;-89.48;-0.14;100.75;0.49;100.75;0.0167;0.01682;-0.0001247;-17.773;-17.741;-99.990;0.00;-165.06;
2025-11-24 18:09:26.07;0.00:00:01:218;-1.00;-0.02;0.00;0.01672;-0.01685;-0.0002912;-8.36E-05;-89.50;-0.14;100.78;0.50;100.77;0.01672;0.01685;-0.0001296;-17.768;-17.735;-99.990;0.00;-163.98;
2025-11-24 18:09:26.11;0.00:00:01:264;-1.00;-0.02;0.00;0.01675;-0.0169;-0.000334;-6.812E-05;-89.43;-0.12;100.92;0.41;100.91;0.01675;0.0169;-0.0001533;-17.760;-17.721;-99.990;0.00;-168.47;
2025-11-24 18:09:26.16;0.00:00:01:312;-1.00;-0.02;0.00;0.0167;-0.01685;-0.0002748;-7.406E-05;-89.53;-0.13;100.87;0.44;100.86;0.0167;0.01685;-0.0001445;-17.772;-17.734;-99.990;0.00;-164.92;
2025-11-24 18:09:26.21;0.00:00:01:358;-1.00;-0.02;0.00;0.01669;-0.01683;-0.0003081;-7.333E-05;-89.48;-0.12;100.88;0.44;100.88;0.01669;0.01683;-0.000147;-17.777;-17.738;-99.990;0.00;-166.61;
2025-11-24 18:09:26.25;0.00:00:01:404;-1.00;-0.02;0.00;0.0167;-0.01685;-0.0003061;-6.49E-05;-89.48;-0.11;100.88;0.39;100.88;0.0167;0.01685;-0.0001476;-17.772;-17.734;-99.990;0.00;-168.03;
2025-11-24 18:09:26.30;0.00:00:01:456;-1.00;-0.02;0.00;0.01672;-0.01687;-0.0002666;-7.193E-05;-89.55;-0.12;100.90;0.43;100.90;0.01672;0.01687;-0.0001512;-17.767;-17.728;-99.990;0.00;-164.90;
2025-11-24 18:09:26.36;0.00:00:01:513;-1.00;-0.02;0.00;0.01671;-0.01684;-0.0003042;-8.218E-05;-89.48;-0.14;100.79;0.49;100.79;0.01671;0.01684;-0.0001328;-17.771;-17.736;-99.990;0.00;-164.88;
2025-11-24 18:09:26.42;0.00:00:01:575;-1.00;-0.02;0.00;0.01669;-0.01682;-0.0002917;-5.113E-05;-89.50;-0.09;100.81;0.31;100.81;0.01669;0.01682;-0.0001344;-17.776;-17.741;-99.990;0.00;-170.06;
2025-11-24 18:09:26.47;0.00:00:01:622;-1.00;-0.02;0.00;0.01672;-0.01687;-0.0003049;-6.451E-05;-89.48;-0.11;100.88;0.39;100.88;0.01672;0.01687;-0.0001478;-17.767;-17.729;-99.990;0.00;-168.06;
2025-11-24 18:09:26.52;0.00:00:01:668;-1.00;-0.01;0.00;0.01673;-0.01688;-0.0002284;-8.351E-05;-89.61;-0.14;100.94;0.50;100.94;0.01673;0.01688;-0.0001566;-17.766;-17.725;-99.990;0.00;-159.92;
2025-11-24 18:09:26.56;0.00:00:01:714;-1.00;-0.02;0.00;0.01672;-0.01685;-0.0003056;-6.646E-05;-89.48;-0.11;100.84;0.40;100.84;0.01672;0.01686;-0.0001404;-17.769;-17.732;-99.990;0.00;-167.73;
2025-11-24 18:09:26.61;0.00:00:01:761;-1.00;-0.02;0.00;0.01671;-0.01685;-0.0002675;-7.403E-05;-89.55;-0.13;100.87;0.44;100.87;0.01671;0.01686;-0.0001453;-17.770;-17.732;-99.990;0.00;-164.53;
2025-11-24 18:09:26.66;0.00:00:01:807;-1.00;-0.02;0.00;0.01663;-0.01676;-0.0002952;-7.096E-05;-89.50;-0.12;100.81;0.43;100.81;0.01663;0.01677;-0.0001341;-17.790;-17.756;-99.990;0.00;-166.48;
2025-11-24 18:09:26.71;0.00:00:01:866;-1.00;-0.02;0.00;0.01665;-0.01681;-0.0002792;-5.516E-05;-89.52;-0.09;100.94;0.33;100.94;0.01665;0.01681;-0.0001568;-17.785;-17.745;-99.990;0.00;-168.82;
2025-11-24 18:09:26.77;0.00:00:01:920;-1.00;-0.02;0.00;0.0167;-0.01683;-0.0003398;-7.557E-05;-89.42;-0.13;100.82;0.45;100.82;0.0167;0.01683;-0.0001376;-17.774;-17.738;-99.990;0.00;-167.46;
2025-11-24 18:09:26.82;0.00:00:01:970;-1.00;-0.02;0.00;0.01672;-0.01687;-0.0002748;-6.996E-05;-89.53;-0.12;100.92;0.42;100.92;0.01672;0.01687;-0.0001541;-17.769;-17.729;-99.990;0.00;-165.72;
2025-11-24 18:09:26.87;0.00:00:02:022;-1.00;-0.02;0.00;0.01671;-0.01684;-0.0003114;-8.146E-05;-89.47;-0.14;100.77;0.49;100.77;0.01671;0.01684;-0.0001284;-17.770;-17.736;-99.990;0.00;-165.34;
2025-11-24 18:09:26.92;0.00:00:02:073;-1.00;-0.02;-0.01;0.01674;-0.01688;-0.0002845;-8.66E-05;-89.52;-0.15;100.86;0.52;100.86;0.01674;0.01688;-0.0001443;-17.763;-17.726;-99.990;0.00;-163.07;
2025-11-24 18:09:26.99;0.00:00:02:136;-1.00;-0.02;-0.01;0.0167;-0.01682;-0.0003029;-0.0001069;-89.48;-0.18;100.74;0.64;100.74;0.0167;0.01682;-0.0001235;-17.773;-17.741;-99.990;0.00;-160.57;
2025-11-24 18:09:27.03;0.00:00:02:185;-1.00;-0.02;0.00;0.01667;-0.01681;-0.0003251;-5.804E-05;-89.45;-0.10;100.87;0.35;100.87;0.01667;0.01681;-0.0001449;-17.781;-17.744;-99.990;0.00;-169.88;
2025-11-24 18:09:27.08;0.00:00:02:236;-1.00;-0.02;-0.01;0.01665;-0.0168;-0.000292;-8.491E-05;-89.50;-0.14;100.90;0.51;100.89;0.01665;0.0168;-0.0001492;-17.786;-17.747;-99.990;0.00;-163.79;
2025-11-24 18:09:27.14;0.00:00:02:287;-1.00;-0.02;0.00;0.01668;-0.01683;-0.000282;-7.745E-05;-89.52;-0.13;100.91;0.46;100.91;0.01668;0.01683;-0.0001516;-17.779;-17.740;-99.990;0.00;-164.64;
2025-11-24 18:09:27.19;0.00:00:02:339;-1.00;-0.02;0.00;0.01668;-0.01683;-0.0003222;-8.235E-05;-89.45;-0.14;100.90;0.49;100.89;0.01668;0.01683;-0.0001494;-17.778;-17.739;-99.990;0.00;-165.66;
2025-11-24 18:09:27.25;0.00:00:02:400;-1.00;-0.02;0.00;0.01673;-0.01689;-0.0003012;-6.009E-05;-89.49;-0.10;100.97;0.36;100.97;0.01673;0.01689;-0.0001619;-17.765;-17.723;-99.990;0.00;-168.72;
2025-11-24 18:09:27.30;0.00:00:02:451;-1.00;-0.02;0.00;0.01671;-0.01685;-0.0003202;-7.798E-05;-89.46;-0.13;100.90;0.47;100.89;0.01671;0.01686;-0.0001495;-17.771;-17.733;-99.990;0.00;-166.32;
2025-11-24 18:09:27.35;0.00:00:02:502;-1.00;-0.02;0.00;0.01663;-0.01677;-0.000328;-7.694E-05;-89.44;-0.13;100.86;0.46;100.86;0.01663;0.01677;-0.0001428;-17.791;-17.754;-99.990;0.00;-166.80;
2025-11-24 18:09:27.40;0.00:00:02:554;-1.00;-0.02;-0.01;0.01669;-0.01683;-0.0003082;-8.517E-05;-89.48;-0.14;100.86;0.51;100.86;0.01669;0.01683;-0.0001439;-17.776;-17.739;-99.990;0.00;-164.55;
2025-11-24 18:09:27.45;0.00:00:02:605;-1.00;-0.02;0.00;0.01672;-0.01686;-0.0002949;-7.275E-05;-89.50;-0.12;100.88;0.44;100.88;0.01672;0.01687;-0.0001476;-17.768;-17.730;-99.990;0.00;-166.14;
2025-11-24 18:09:27.52;0.00:00:02:667;-1.00;-0.02;0.00;0.01667;-0.01681;-0.0002804;-7.045E-05;-89.52;-0.12;100.86;0.42;100.86;0.01667;0.01682;-0.000143;-17.780;-17.743;-99.990;0.00;-165.90;
2025-11-24 18:09:27.57;0.00:00:02:718;-1.00;-0.02;0.00;0.01663;-0.01679;-0.0002806;-8.365E-05;-89.52;-0.14;100.94;0.50;100.94;0.01663;0.01679;-0.0001563;-17.790;-17.749;-99.990;0.00;-163.40;
2025-11-24 18:09:27.62;0.00:00:02:770;-1.00;-0.02;0.00;0.01664;-0.01679;-0.0002639;-7.121E-05;-89.55;-0.12;100.89;0.43;100.89;0.01664;0.01679;-0.000149;-17.787;-17.748;-99.990;0.00;-164.90;
2025-11-24 18:09:27.67;0.00:00:02:817;-1.00;-0.02;0.00;0.01667;-0.01681;-0.0002771;-7.308E-05;-89.53;-0.12;100.82;0.44;100.82;0.01667;0.01681;-0.0001372;-17.780;-17.744;-99.990;0.00;-165.23;
2025-11-24 18:09:27.72;0.00:00:02:871;-1.00;-0.02;0.00;0.01666;-0.01681;-0.0002937;-7.899E-05;-89.50;-0.13;100.89;0.47;100.89;0.01666;0.01681;-0.0001481;-17.783;-17.744;-99.990;0.00;-164.95;
2025-11-24 18:09:27.79;0.00:00:02:944;-1.00;-0.02;0.00;0.01664;-0.01677;-0.0002945;-7.359E-05;-89.50;-0.13;100.78;0.44;100.78;0.01664;0.01677;-0.0001292;-17.788;-17.754;-99.990;0.00;-165.97;
2025-11-24 18:09:27.84;0.00:00:02:995;-1.00;-0.02;0.00;0.01665;-0.01681;-0.0002808;-7.118E-05;-89.52;-0.12;100.95;0.43;100.95;0.01665;0.01681;-0.0001584;-17.786;-17.745;-99.990;0.00;-165.78;
2025-11-24 18:09:27.89;0.00:00:03:046;-1.00;-0.02;0.00;0.01666;-0.01681;-0.0003204;-7.734E-05;-89.45;-0.13;100.87;0.46;100.87;0.01666;0.01681;-0.0001444;-17.782;-17.745;-99.990;0.00;-166.43;
2025-11-24 18:09:27.95;0.00:00:03:098;-1.00;-0.02;0.00;0.01668;-0.01683;-0.0002751;-6.901E-05;-89.53;-0.12;100.90;0.41;100.90;0.01668;0.01683;-0.00015;-17.777;-17.738;-99.990;0.00;-165.92;
2025-11-24 18:09:28.00;0.00:00:03:149;-1.00;-0.02;0.00;0.01667;-0.01681;-0.0003115;-7.023E-05;-89.47;-0.12;100.84;0.42;100.84;0.01667;0.01681;-0.0001408;-17.781;-17.744;-99.990;0.00;-167.30;
2025-11-24 18:09:28.06;0.00:00:03:210;-1.00;-0.02;0.00;0.01667;-0.01682;-0.0002831;-7.755E-05;-89.52;-0.13;100.91;0.47;100.91;0.01667;0.01683;-0.0001517;-17.780;-17.740;-99.990;0.00;-164.68;
2025-11-24 18:09:28.11;0.00:00:03:261;-1.00;-0.02;0.00;0.0167;-0.01684;-0.0002616;-7.106E-05;-89.56;-0.12;100.87;0.43;100.87;0.0167;0.01685;-0.0001449;-17.773;-17.735;-99.990;0.00;-164.80;
2025-11-24 18:09:28.16;0.00:00:03:313;-1.00;-0.02;0.00;0.0167;-0.01686;-0.0002765;-7.624E-05;-89.53;-0.13;100.96;0.46;100.96;0.0167;0.01686;-0.0001598;-17.772;-17.730;-99.990;0.00;-164.58;
2025-11-24 18:09:28.22;0.00:00:03:374;-1.00;-0.02;0.00;0.0166;-0.01672;-0.0002607;-7.362E-05;-89.55;-0.13;100.76;0.44;100.75;0.0166;0.01672;-0.0001254;-17.799;-17.767;-99.990;0.00;-164.23;
2025-11-24 18:09:28.27;0.00:00:03:425;-1.00;-0.02;0.00;0.01656;-0.0167;-0.0003029;-6.251E-05;-89.48;-0.11;100.85;0.38;100.85;0.01656;0.0167;-0.0001408;-17.810;-17.773;-99.990;0.00;-168.34;
2025-11-24 18:09:28.33;0.00:00:03:485;-1.00;-0.02;-0.01;0.01655;-0.0167;-0.0003245;-9.424E-05;-89.44;-0.16;100.95;0.57;100.95;0.01655;0.0167;-0.0001572;-17.813;-17.772;-99.990;0.00;-163.81;
2025-11-24 18:09:28.39;0.00:00:03:538;-1.00;-0.02;0.00;0.01664;-0.01679;-0.0003189;-7.265E-05;-89.46;-0.12;100.93;0.44;100.93;0.01664;0.01679;-0.0001555;-17.789;-17.748;-99.990;0.00;-167.16;
2025-11-24 18:09:28.44;0.00:00:03:589;-1.00;-0.02;0.00;0.01672;-0.01686;-0.0002962;-8.173E-05;-89.50;-0.14;100.89;0.49;100.89;0.01672;0.01686;-0.000149;-17.769;-17.730;-99.990;0.00;-164.57;
2025-11-24 18:09:28.48;0.00:00:03:636;-1.00;-0.02;0.00;0.01674;-0.01688;-0.0002954;-6.131E-05;-89.50;-0.10;100.84;0.37;100.84;0.01674;0.01688;-0.0001409;-17.763;-17.727;-99.990;0.00;-168.28;
2025-11-24 18:09:28.54;0.00:00:03:691;-1.00;-0.02;0.00;0.01672;-0.01687;-0.0003119;-7.417E-05;-89.47;-0.13;100.92;0.44;100.92;0.01672;0.01687;-0.0001538;-17.768;-17.728;-99.990;0.00;-166.62;
2025-11-24 18:09:28.59;0.00:00:03:742;-1.00;-0.01;0.00;0.01669;-0.01683;-0.0002518;-6.044E-05;-89.57;-0.10;100.90;0.36;100.90;0.01669;0.01684;-0.0001495;-17.776;-17.737;-99.990;0.00;-166.50;
2025-11-24 18:09:28.64;0.00:00:03:795;-1.00;-0.02;0.00;0.0167;-0.01684;-0.0002795;-7.589E-05;-89.52;-0.13;100.86;0.45;100.86;0.0167;0.01684;-0.0001439;-17.774;-17.737;-99.990;0.00;-164.81;
2025-11-24 18:09:28.69;0.00:00:03:846;-1.00;-0.02;0.00;0.01674;-0.01689;-0.0002697;-8.37E-05;-89.54;-0.14;100.91;0.50;100.91;0.01674;0.0169;-0.0001531;-17.762;-17.722;-99.990;0.00;-162.76;
2025-11-24 18:09:28.75;0.00:00:03:898;-1.00;-0.02;-0.01;0.01678;-0.01692;-0.0003244;-8.646E-05;-89.45;-0.15;100.87;0.52;100.86;0.01678;0.01693;-0.0001452;-17.752;-17.714;-99.990;0.00;-165.08;
2025-11-24 18:09:28.79;0.00:00:03:946;-1.00;-0.02;0.00;0.01671;-0.01685;-0.0003056;-7.192E-05;-89.48;-0.12;100.86;0.43;100.86;0.01671;0.01686;-0.0001443;-17.770;-17.733;-99.990;0.00;-166.76;
2025-11-24 18:09:28.85;0.00:00:03:999;-1.00;-0.02;0.00;0.01667;-0.01683;-0.0003101;-7.95E-05;-89.47;-0.14;100.99;0.48;100.99;0.01667;0.01684;-0.0001651;-17.780;-17.737;-99.990;0.00;-165.62;
2025-11-24 18:09:28.90;0.00:00:04:051;-1.00;-0.02;0.00;0.0167;-0.01684;-0.000294;-8.063E-05;-89.50;-0.14;100.84;0.48;100.84;0.0167;0.01684;-0.0001396;-17.773;-17.737;-99.990;0.00;-164.66;
2025-11-24 18:09:28.95;0.00:00:04:102;-1.00;-0.02;0.00;0.0167;-0.01683;-0.0003058;-6.792E-05;-89.48;-0.12;100.84;0.41;100.84;0.0167;0.01684;-0.0001404;-17.774;-17.738;-99.990;0.00;-167.48;
2025-11-24 18:09:29.00;0.00:00:04:152;-1.00;-0.02;-0.01;0.0167;-0.01683;-0.0002975;-8.78E-05;-89.49;-0.15;100.76;0.53;100.76;0.0167;0.01683;-0.0001277;-17.772;-17.739;-99.990;0.00;-163.56;
2025-11-24 18:09:29.05;0.00:00:04:203;-1.00;-0.02;0.00;0.01676;-0.01691;-0.0002633;-7.981E-05;-89.55;-0.14;100.88;0.48;100.88;0.01676;0.01691;-0.0001469;-17.757;-17.719;-99.990;0.00;-163.14;
2025-11-24 18:09:29.10;0.00:00:04:248;-1.00;-0.02;0.00;0.01678;-0.01691;-0.0003129;-7.827E-05;-89.47;-0.13;100.83;0.47;100.83;0.01678;0.01692;-0.0001397;-17.753;-17.717;-99.990;0.00;-165.96;
2025-11-24 18:09:29.16;0.00:00:04:311;-1.00;-0.02;0.00;0.01675;-0.01692;-0.0002698;-7.719E-05;-89.54;-0.13;100.99;0.46;100.99;0.01675;0.01692;-0.0001661;-17.759;-17.716;-99.990;0.00;-164.04;
2025-11-24 18:09:29.21;0.00:00:04:363;-1.00;-0.02;0.00;0.01668;-0.01682;-0.0003127;-6.603E-05;-89.47;-0.11;100.89;0.40;100.89;0.01668;0.01683;-0.0001479;-17.779;-17.740;-99.990;0.00;-168.08;
2025-11-24 18:09:29.26;0.00:00:04:414;-1.00;-0.02;0.00;0.01667;-0.01682;-0.0002736;-6.299E-05;-89.53;-0.11;100.91;0.38;100.91;0.01667;0.01682;-0.0001511;-17.782;-17.742;-99.990;0.00;-167.03;
2025-11-24 18:09:29.31;0.00:00:04:465;-1.00;-0.02;0.00;0.0167;-0.01684;-0.0003096;-7.261E-05;-89.47;-0.12;100.89;0.43;100.89;0.0167;0.01685;-0.0001491;-17.773;-17.735;-99.990;0.00;-166.80;
2025-11-24 18:09:29.38;0.00:00:04:527;-1.00;-0.02;-0.01;0.01668;-0.0168;-0.000306;-8.681E-05;-89.48;-0.15;100.78;0.52;100.78;0.01668;0.01681;-0.0001303;-17.779;-17.745;-99.990;0.00;-164.16;
2025-11-24 18:09:29.43;0.00:00:04:578;-1.00;-0.02;-0.01;0.01665;-0.0168;-0.0002984;-8.83E-05;-89.49;-0.15;100.95;0.53;100.95;0.01665;0.01681;-0.0001579;-17.786;-17.745;-99.990;0.00;-163.51;
2025-11-24 18:09:29.48;0.00:00:04:630;-1.00;-0.02;0.00;0.01664;-0.0168;-0.0002706;-8.221E-05;-89.54;-0.14;100.94;0.49;100.94;0.01664;0.0168;-0.0001559;-17.787;-17.747;-99.990;0.00;-163.10;
2025-11-24 18:09:29.53;0.00:00:04:681;-1.00;-0.02;0.00;0.01667;-0.01682;-0.0002575;-6.723E-05;-89.56;-0.11;100.88;0.40;100.88;0.01667;0.01682;-0.0001462;-17.780;-17.742;-99.990;0.00;-165.37;
2025-11-24 18:09:29.58;0.00:00:04:732;-1.00;-0.02;0.00;0.01669;-0.01682;-0.0003227;-6.512E-05;-89.45;-0.11;100.85;0.39;100.85;0.01669;0.01683;-0.0001423;-17.777;-17.740;-99.990;0.00;-168.59;
2025-11-24 18:09:29.64;0.00:00:04:794;-1.00;-0.02;0.00;0.01671;-0.01685;-0.0002823;-5.538E-05;-89.52;-0.09;100.85;0.33;100.85;0.01671;0.01685;-0.0001425;-17.771;-17.734;-99.990;0.00;-168.90;
2025-11-24 18:09:29.70;0.00:00:04:855;-1.00;-0.02;0.00;0.0167;-0.01684;-0.00026;-7.899E-05;-89.56;-0.13;100.84;0.47;100.84;0.0167;0.01684;-0.0001409;-17.773;-17.737;-99.990;0.00;-163.10;
2025-11-24 18:09:29.75;0.00:00:04:906;-1.00;-0.02;0.00;0.01669;-0.01683;-0.0003363;-6.486E-05;-89.43;-0.11;100.86;0.39;100.86;0.01669;0.01684;-0.0001443;-17.774;-17.737;-99.990;0.00;-169.09;
2025-11-24 18:09:29.81;0.00:00:04:957;-1.00;-0.02;0.00;0.01672;-0.01685;-0.0003098;-5.966E-05;-89.47;-0.10;100.82;0.36;100.82;0.01672;0.01685;-0.0001371;-17.768;-17.733;-99.990;0.00;-169.10;
2025-11-24 18:09:29.86;0.00:00:05:008;-1.00;-0.02;0.00;0.01661;-0.01674;-0.0002654;-6.626E-05;-89.55;-0.11;100.79;0.40;100.79;0.01661;0.01674;-0.0001319;-17.797;-17.763;-99.990;0.00;-165.98;
2025-11-24 18:09:29.91;0.00:00:05:058;-1.00;-0.02;0.00;0.01663;-0.01678;-0.0002813;-8.008E-05;-89.52;-0.14;100.92;0.48;100.92;0.01663;0.01678;-0.0001531;-17.791;-17.751;-99.990;0.00;-164.11;
2025-11-24 18:09:29.96;0.00:00:05:110;-1.00;-0.02;0.00;0.01675;-0.0169;-0.000303;-6.425E-05;-89.49;-0.11;100.93;0.38;100.93;0.01675;0.0169;-0.0001559;-17.761;-17.721;-99.990;0.00;-168.03;
2025-11-24 18:09:30.01;0.00:00:05:161;-1.00;-0.02;0.00;0.01672;-0.01687;-0.0003103;-5.551E-05;-89.47;-0.09;100.91;0.33;100.91;0.01672;0.01687;-0.0001522;-17.767;-17.728;-99.990;0.00;-169.86;
2025-11-24 18:09:30.06;0.00:00:05:212;-1.00;-0.02;0.00;0.01677;-0.01694;-0.0002926;-7.574E-05;-89.51;-0.13;101.00;0.45;101.00;0.01677;0.01694;-0.0001681;-17.754;-17.711;-99.990;0.00;-165.49;
2025-11-24 18:09:30.12;0.00:00:05:274;-1.00;-0.02;0.00;0.01675;-0.0169;-0.0003278;-7.479E-05;-89.44;-0.13;100.92;0.45;100.92;0.01675;0.0169;-0.0001538;-17.760;-17.720;-99.990;0.00;-167.15;
2025-11-24 18:09:30.18;0.00:00:05:328;-1.00;-0.02;0.00;0.01672;-0.01688;-0.0002658;-6.4E-05;-89.55;-0.11;100.93;0.38;100.92;0.01672;0.01688;-0.0001547;-17.767;-17.727;-99.990;0.00;-166.46;
2025-11-24 18:09:30.24;0.00:00:05:387;-1.00;-0.02;0.00;0.01671;-0.01685;-0.0002713;-8.166E-05;-89.54;-0.14;100.85;0.49;100.85;0.01671;0.01685;-0.0001427;-17.771;-17.734;-99.990;0.00;-163.25;
2025-11-24 18:09:30.29;0.00:00:05:438;-1.00;-0.02;-0.01;0.01665;-0.01681;-0.0002725;-8.647E-05;-89.54;-0.15;100.98;0.52;100.97;0.01665;0.01681;-0.0001625;-17.785;-17.743;-99.990;0.00;-162.39;
2025-11-24 18:09:30.34;0.00:00:05:496;-1.00;-0.02;0.00;0.01666;-0.01681;-0.0002848;-8.332E-05;-89.51;-0.14;100.94;0.50;100.94;0.01666;0.01681;-0.0001568;-17.784;-17.743;-99.990;0.00;-163.70;
2025-11-24 18:09:30.40;0.00:00:05:555;-1.00;-0.02;0.00;0.01669;-0.01684;-0.0002868;-6.76E-05;-89.51;-0.12;100.87;0.40;100.87;0.01669;0.01684;-0.000146;-17.774;-17.737;-99.990;0.00;-166.74;
2025-11-24 18:09:30.45;0.00:00:05:600;-1.00;-0.02;-0.01;0.01671;-0.01684;-0.0003224;-8.453E-05;-89.45;-0.14;100.85;0.51;100.85;0.01671;0.01685;-0.0001423;-17.771;-17.735;-99.990;0.00;-165.31;
2025-11-24 18:09:30.51;0.00:00:05:661;-1.00;-0.02;0.00;0.01667;-0.01681;-0.0002848;-6.354E-05;-89.51;-0.11;100.85;0.38;100.85;0.01667;0.01681;-0.0001413;-17.780;-17.743;-99.990;0.00;-167.42;
2025-11-24 18:09:30.56;0.00:00:05:712;-1.00;-0.02;0.00;0.01676;-0.0169;-0.000284;-6.417E-05;-89.52;-0.11;100.86;0.38;100.86;0.01676;0.0169;-0.0001442;-17.758;-17.721;-99.990;0.00;-167.27;
2025-11-24 18:09:30.61;0.00:00:05:764;-1.00;-0.02;0.00;0.01673;-0.01685;-0.0003208;-7.674E-05;-89.45;-0.13;100.79;0.46;100.78;0.01673;0.01686;-0.0001314;-17.766;-17.732;-99.990;0.00;-166.55;
2025-11-24 18:09:30.66;0.00:00:05:809;-1.00;-0.02;0.00;0.01674;-0.01689;-0.0003035;-7.704E-05;-89.49;-0.13;100.89;0.46;100.89;0.01674;0.01689;-0.000149;-17.762;-17.724;-99.990;0.00;-165.76;
2025-11-24 18:09:30.71;0.00:00:05:856;-1.00;-0.02;0.00;0.0167;-0.01685;-0.0002987;-5.462E-05;-89.49;-0.09;100.90;0.33;100.90;0.0167;0.01685;-0.0001499;-17.772;-17.733;-99.990;0.00;-169.64;
2025-11-24 18:09:30.75;0.00:00:05:903;-1.00;-0.02;-0.01;0.01665;-0.0168;-0.0002917;-9.681E-05;-89.50;-0.17;100.88;0.58;100.88;0.01665;0.0168;-0.0001474;-17.785;-17.746;-99.990;0.00;-161.64;
2025-11-24 18:09:30.80;0.00:00:05:950;-1.00;-0.02;0.00;0.01665;-0.01679;-0.0002972;-7.811E-05;-89.49;-0.13;100.89;0.47;100.88;0.01665;0.01679;-0.0001475;-17.787;-17.748;-99.990;0.00;-165.27;
2025-11-24 18:09:30.84;0.00:00:05:996;-1.00;-0.02;0.00;0.01668;-0.01682;-0.000295;-6.687E-05;-89.50;-0.11;100.88;0.40;100.88;0.01668;0.01682;-0.0001474;-17.779;-17.741;-99.990;0.00;-167.23;
2025-11-24 18:09:30.89;0.00:00:06:043;-1.00;-0.02;0.00;0.01672;-0.01686;-0.0002925;-7.365E-05;-89.50;-0.13;100.87;0.44;100.87;0.01672;0.01686;-0.0001448;-17.769;-17.731;-99.990;0.00;-165.87;
2025-11-24 18:09:30.94;0.00:00:06:090;-1.00;-0.01;-0.01;0.0167;-0.01686;-0.0002502;-8.923E-05;-89.57;-0.15;100.96;0.53;100.96;0.0167;0.01686;-0.0001598;-17.772;-17.731;-99.990;0.00;-160.37;
2025-11-24 18:09:30.99;0.00:00:06:138;-1.00;-0.02;0.00;0.01671;-0.01684;-0.0003005;-8.26E-05;-89.49;-0.14;100.78;0.49;100.78;0.01671;0.01684;-0.0001298;-17.770;-17.736;-99.990;0.00;-164.63;
2025-11-24 18:09:31.03;0.00:00:06:184;-1.00;-0.02;0.00;0.01665;-0.01678;-0.0002766;-6.076E-05;-89.53;-0.10;100.81;0.36;100.80;0.01665;0.01678;-0.0001341;-17.786;-17.751;-99.990;0.00;-167.61;
2025-11-24 18:09:31.08;0.00:00:06:230;-1.00;-0.02;-0.01;0.01671;-0.01686;-0.0003079;-8.564E-05;-89.48;-0.15;100.95;0.51;100.95;0.01671;0.01687;-0.0001591;-17.771;-17.730;-99.990;0.00;-164.46;
2025-11-24 18:09:31.13;0.00:00:06:277;-1.00;-0.02;0.00;0.01669;-0.01685;-0.0002724;-7.166E-05;-89.54;-0.12;100.97;0.43;100.97;0.01669;0.01685;-0.0001615;-17.775;-17.733;-99.990;0.00;-165.26;
2025-11-24 18:09:31.17;0.00:00:06:323;-1.00;-0.02;0.00;0.01669;-0.01684;-0.0002721;-8.003E-05;-89.54;-0.14;100.89;0.48;100.89;0.01669;0.01684;-0.0001482;-17.775;-17.736;-99.990;0.00;-163.61;
2025-11-24 18:09:31.22;0.00:00:06:369;-1.00;-0.02;0.00;0.01665;-0.01679;-0.0002721;-5.166E-05;-89.54;-0.09;100.84;0.31;100.84;0.01665;0.01679;-0.0001395;-17.786;-17.750;-99.990;0.00;-169.25;
2025-11-24 18:09:31.26;0.00:00:06:416;-1.00;-0.02;0.00;0.0167;-0.01684;-0.0003146;-5.193E-05;-89.46;-0.09;100.84;0.31;100.84;0.0167;0.01684;-0.0001401;-17.773;-17.737;-99.990;0.00;-170.63;
2025-11-24 18:09:31.31;0.00:00:06:462;-1.00;-0.02;0.00;0.01669;-0.01684;-0.0002679;-6.083E-05;-89.54;-0.10;100.87;0.36;100.87;0.01669;0.01684;-0.0001451;-17.774;-17.737;-99.990;0.00;-167.21;
2025-11-24 18:09:31.36;0.00:00:06:509;-1.00;-0.01;-0.01;0.01671;-0.01688;-0.0002436;-9.685E-05;-89.59;-0.16;100.98;0.58;100.98;0.01671;0.01688;-0.0001643;-17.769;-17.727;-99.990;0.00;-158.32;
2025-11-24 18:09:31.40;0.00:00:06:555;-1.00;-0.02;0.00;0.01664;-0.01679;-0.0002898;-8.342E-05;-89.51;-0.14;100.95;0.50;100.94;0.01664;0.01679;-0.0001573;-17.789;-17.748;-99.990;0.00;-163.94;
2025-11-24 18:09:31.45;0.00:00:06:602;-1.00;-0.02;-0.01;0.01664;-0.01678;-0.0002689;-8.523E-05;-89.54;-0.15;100.87;0.51;100.86;0.01664;0.01678;-0.0001439;-17.790;-17.752;-99.990;0.00;-162.41;
2025-11-24 18:09:31.50;0.00:00:06:649;-1.00;-0.02;0.00;0.01664;-0.01677;-0.0002794;-7.552E-05;-89.52;-0.13;100.82;0.45;100.82;0.01664;0.01677;-0.0001369;-17.789;-17.754;-99.990;0.00;-164.87;
2025-11-24 18:09:31.54;0.00:00:06:696;-1.00;-0.02;0.00;0.01665;-0.01679;-0.0003184;-7.706E-05;-89.46;-0.13;100.88;0.46;100.88;0.01665;0.01679;-0.000147;-17.787;-17.749;-99.990;0.00;-166.40;
2025-11-24 18:09:31.59;0.00:00:06:743;-1.00;-0.02;0.00;0.01665;-0.01678;-0.0003278;-6.107E-05;-89.44;-0.10;100.80;0.37;100.80;0.01665;0.01679;-0.0001327;-17.785;-17.750;-99.990;0.00;-169.45;
2025-11-24 18:09:31.64;0.00:00:06:790;-1.00;-0.02;0.00;0.01663;-0.01677;-0.0002743;-5.908E-05;-89.53;-0.10;100.87;0.36;100.86;0.01663;0.01677;-0.0001439;-17.792;-17.754;-99.990;0.00;-167.84;
2025-11-24 18:09:31.69;0.00:00:06:838;-1.00;-0.02;-0.01;0.01667;-0.01682;-0.0002636;-8.926E-05;-89.55;-0.15;100.94;0.54;100.94;0.01667;0.01682;-0.0001562;-17.781;-17.741;-99.990;0.00;-161.29;
2025-11-24 18:09:31.73;0.00:00:06:885;-1.00;-0.02;0.00;0.01668;-0.01682;-0.0002706;-6.961E-05;-89.54;-0.12;100.88;0.42;100.87;0.01668;0.01682;-0.000146;-17.779;-17.741;-99.990;0.00;-165.57;
2025-11-24 18:09:31.78;0.00:00:06:931;-1.00;-0.02;0.00;0.01672;-0.01686;-0.0002822;-6.012E-05;-89.52;-0.10;100.83;0.36;100.83;0.01672;0.01686;-0.0001384;-17.767;-17.731;-99.990;0.00;-167.97;
2025-11-24 18:09:31.83;0.00:00:06:978;-1.00;-0.02;-0.01;0.01668;-0.01685;-0.0002941;-8.666E-05;-89.50;-0.15;101.00;0.52;101.00;0.01668;0.01685;-0.0001665;-17.777;-17.734;-99.990;0.00;-163.58;
2025-11-24 18:09:31.87;0.00:00:07:024;-1.00;-0.02;0.00;0.01663;-0.01678;-0.0002729;-6.06E-05;-89.53;-0.10;100.89;0.36;100.89;0.01663;0.01678;-0.0001477;-17.791;-17.752;-99.990;0.00;-167.48;
2025-11-24 18:09:31.92;0.00:00:07:076;-1.00;-0.02;0.00;0.01667;-0.01682;-0.0002813;-5.437E-05;-89.52;-0.09;100.93;0.33;100.93;0.01667;0.01682;-0.0001552;-17.782;-17.741;-99.990;0.00;-169.06;
2025-11-24 18:09:31.98;0.00:00:07:133;-1.00;-0.02;0.00;0.01664;-0.01677;-0.0002938;-7.064E-05;-89.50;-0.12;100.79;0.42;100.79;0.01664;0.01677;-0.0001308;-17.789;-17.755;-99.990;0.00;-166.48;
2025-11-24 18:09:32.03;0.00:00:07:181;-1.00;-0.02;0.00;0.01664;-0.01677;-0.0002972;-6.939E-05;-89.49;-0.12;100.84;0.42;100.84;0.01664;0.01678;-0.0001391;-17.790;-17.753;-99.990;0.00;-166.86;
2025-11-24 18:09:32.08;0.00:00:07:228;-1.00;-0.02;0.00;0.01665;-0.0168;-0.0002694;-6.877E-05;-89.54;-0.12;100.94;0.41;100.94;0.01665;0.0168;-0.0001563;-17.786;-17.746;-99.990;0.00;-165.68;
2025-11-24 18:09:32.12;0.00:00:07:275;-1.00;-0.02;0.00;0.01661;-0.01677;-0.0003112;-5.752E-05;-89.47;-0.10;100.94;0.35;100.94;0.01661;0.01677;-0.0001562;-17.796;-17.755;-99.990;0.00;-169.53;
2025-11-24 18:09:32.17;0.00:00:07:321;-1.00;-0.02;0.00;0.01661;-0.01675;-0.0002703;-7.863E-05;-89.54;-0.13;100.84;0.47;100.84;0.01661;0.01675;-0.0001389;-17.795;-17.759;-99.990;0.00;-163.78;
2025-11-24 18:09:32.22;0.00:00:07:368;-1.00;-0.02;0.00;0.01663;-0.01677;-0.00033;-6.089E-05;-89.44;-0.10;100.84;0.37;100.84;0.01663;0.01677;-0.00014;-17.790;-17.754;-99.990;0.00;-169.55;
2025-11-24 18:09:32.26;0.00:00:07:415;-1.00;-0.02;-0.01;0.01661;-0.01674;-0.0002848;-9.389E-05;-89.51;-0.16;100.84;0.57;100.84;0.01661;0.01675;-0.0001401;-17.797;-17.760;-99.990;0.00;-161.75;
2025-11-24 18:09:32.31;0.00:00:07:462;-1.00;-0.02;0.00;0.01658;-0.01673;-0.0002756;-7.44E-05;-89.53;-0.13;100.92;0.45;100.92;0.01658;0.01673;-0.0001519;-17.805;-17.766;-99.990;0.00;-164.89;
2025-11-24 18:09:32.36;0.00:00:07:513;-1.00;-0.02;0.00;0.01661;-0.01676;-0.0002639;-7.382E-05;-89.55;-0.13;100.91;0.44;100.91;0.01661;0.01677;-0.0001516;-17.795;-17.756;-99.990;0.00;-164.37;
2025-11-24 18:09:32.42;0.00:00:07:571;-1.00;-0.02;0.00;0.01662;-0.01677;-0.0002862;-7.831E-05;-89.51;-0.13;100.95;0.47;100.95;0.01662;0.01678;-0.0001577;-17.794;-17.753;-99.990;0.00;-164.70;
2025-11-24 18:09:32.47;0.00:00:07:618;-1.00;-0.02;0.00;0.01666;-0.01681;-0.0003087;-6.906E-05;-89.47;-0.12;100.89;0.41;100.89;0.01666;0.01681;-0.0001478;-17.782;-17.744;-99.990;0.00;-167.39;
2025-11-24 18:09:32.51;0.00:00:07:664;-1.00;-0.02;0.00;0.01665;-0.01681;-0.0003213;-7.922E-05;-89.45;-0.14;100.95;0.48;100.95;0.01665;0.01681;-0.0001586;-17.785;-17.744;-99.990;0.00;-166.15;
2025-11-24 18:09:32.56;0.00:00:07:711;-1.00;-0.02;0.00;0.01668;-0.01682;-0.0003289;-5.909E-05;-89.44;-0.10;100.84;0.35;100.84;0.01668;0.01682;-0.0001398;-17.777;-17.741;-99.990;0.00;-169.81;
2025-11-24 18:09:32.61;0.00:00:07:758;-1.00;-0.02;0.00;0.01668;-0.01683;-0.0002936;-7.711E-05;-89.50;-0.13;100.90;0.46;100.90;0.01668;0.01683;-0.0001503;-17.777;-17.739;-99.990;0.00;-165.28;
2025-11-24 18:09:32.65;0.00:00:07:806;-1.00;-0.02;0.00;0.0167;-0.01683;-0.0002686;-7.194E-05;-89.54;-0.12;100.83;0.43;100.83;0.0167;0.01683;-0.0001387;-17.774;-17.738;-99.990;0.00;-165.00;
2025-11-24 18:09:32.70;0.00:00:07:852;-1.00;-0.02;0.00;0.01672;-0.01687;-0.0002646;-7.559E-05;-89.55;-0.13;100.92;0.45;100.92;0.01672;0.01687;-0.0001543;-17.768;-17.728;-99.990;0.00;-164.06;
2025-11-24 18:09:32.75;0.00:00:07:901;-1.00;-0.02;0.00;0.01664;-0.01679;-0.0002524;-5.698E-05;-89.57;-0.10;100.92;0.34;100.92;0.01664;0.01679;-0.0001534;-17.788;-17.748;-99.990;0.00;-167.28;
2025-11-24 18:09:32.80;0.00:00:07:951;-1.00;-0.02;0.00;0.01664;-0.01676;-0.0003268;-7.868E-05;-89.44;-0.13;100.71;0.47;100.70;0.01664;0.01676;-0.0001174;-17.788;-17.758;-99.990;0.00;-166.46;
2025-11-24 18:09:32.86;0.00:00:08:010;-1.00;-0.02;0.00;0.01669;-0.01682;-0.000291;-7.092E-05;-89.50;-0.12;100.82;0.42;100.82;0.01669;0.01683;-0.0001366;-17.776;-17.740;-99.990;0.00;-166.31;
2025-11-24 18:09:32.91;0.00:00:08:057;-1.00;-0.02;0.00;0.01668;-0.01684;-0.000276;-6.261E-05;-89.53;-0.11;101.02;0.38;101.02;0.01668;0.01685;-0.0001697;-17.779;-17.735;-99.990;0.00;-167.22;
2025-11-24 18:09:32.95;0.00:00:08:104;-1.00;-0.02;0.00;0.01665;-0.0168;-0.0002826;-7.502E-05;-89.52;-0.13;100.91;0.45;100.91;0.01665;0.01681;-0.000152;-17.785;-17.745;-99.990;0.00;-165.13;
2025-11-24 18:09:33.00;0.00:00:08:150;-1.00;-0.02;0.00;0.01674;-0.0169;-0.0003038;-5.875E-05;-89.49;-0.10;100.98;0.35;100.98;0.01674;0.01691;-0.0001634;-17.762;-17.720;-99.990;0.00;-169.05;
2025-11-24 18:09:33.05;0.00:00:08:197;-1.00;-0.02;0.00;0.01671;-0.01685;-0.0002979;-7.214E-05;-89.49;-0.12;100.87;0.43;100.87;0.01671;0.01686;-0.000145;-17.770;-17.732;-99.990;0.00;-166.39;
2025-11-24 18:09:33.09;0.00:00:08:245;-1.00;-0.02;0.00;0.01676;-0.01692;-0.0003093;-8.147E-05;-89.48;-0.14;100.95;0.49;100.95;0.01676;0.01692;-0.0001596;-17.757;-17.716;-99.990;0.00;-165.25;
2025-11-24 18:09:33.14;0.00:00:08:292;-1.00;-0.02;-0.01;0.01673;-0.01686;-0.0002953;-8.536E-05;-89.50;-0.15;100.82;0.51;100.82;0.01673;0.01686;-0.0001372;-17.766;-17.731;-99.990;0.00;-163.88;
2025-11-24 18:09:33.19;0.00:00:08:340;-1.00;-0.02;0.00;0.01664;-0.0168;-0.0002908;-6.758E-05;-89.50;-0.12;100.99;0.41;100.99;0.01664;0.01681;-0.0001645;-17.788;-17.746;-99.990;0.00;-166.92;
2025-11-24 18:09:33.25;0.00:00:08:399;-1.00;-0.02;0.00;0.01664;-0.0168;-0.0002749;-6.397E-05;-89.53;-0.11;101.00;0.38;101.00;0.01664;0.01681;-0.000167;-17.788;-17.745;-99.990;0.00;-166.90;
2025-11-24 18:09:33.30;0.00:00:08:446;-1.00;-0.02;0.00;0.01661;-0.01675;-0.0002722;-5.874E-05;-89.53;-0.10;100.84;0.35;100.84;0.01661;0.01676;-0.0001401;-17.795;-17.759;-99.990;0.00;-167.82;
2025-11-24 18:09:33.34;0.00:00:08:493;-1.00;-0.02;0.00;0.01667;-0.01682;-0.0002665;-7.194E-05;-89.55;-0.12;100.91;0.43;100.91;0.01667;0.01683;-0.0001515;-17.780;-17.740;-99.990;0.00;-164.90;
2025-11-24 18:09:33.39;0.00:00:08:540;-1.00;-0.02;0.00;0.0167;-0.01684;-0.0003007;-4.782E-05;-89.49;-0.08;100.85;0.29;100.85;0.0167;0.01684;-0.0001421;-17.774;-17.737;-99.990;0.00;-170.96;
2025-11-24 18:09:33.43;0.00:00:08:586;-1.00;-0.02;0.00;0.01667;-0.01682;-0.0002649;-6.886E-05;-89.55;-0.12;100.93;0.41;100.93;0.01667;0.01683;-0.0001558;-17.780;-17.740;-99.990;0.00;-165.43;
2025-11-24 18:09:33.48;0.00:00:08:633;-1.00;-0.02;0.00;0.01668;-0.01684;-0.0003395;-8.298E-05;-89.42;-0.14;100.94;0.50;100.94;0.01668;0.01684;-0.0001566;-17.777;-17.737;-99.990;0.00;-166.27;
2025-11-24 18:09:33.53;0.00:00:08:680;-1.00;-0.02;0.00;0.01671;-0.01685;-0.0003019;-7.671E-05;-89.49;-0.13;100.87;0.46;100.87;0.01671;0.01685;-0.0001449;-17.770;-17.733;-99.990;0.00;-165.75;
2025-11-24 18:09:33.58;0.00:00:08:727;-1.00;-0.02;0.00;0.01673;-0.01686;-0.0002744;-7.857E-05;-89.53;-0.13;100.85;0.47;100.85;0.01673;0.01687;-0.0001422;-17.766;-17.730;-99.990;0.00;-164.02;
2025-11-24 18:09:33.62;0.00:00:08:773;-1.00;-0.02;0.00;0.01673;-0.0169;-0.0003103;-7.592E-05;-89.47;-0.13;100.99;0.45;100.99;0.01673;0.0169;-0.0001664;-17.764;-17.721;-99.990;0.00;-166.25;
2025-11-24 18:09:33.67;0.00:00:08:823;-1.00;-0.02;0.00;0.01669;-0.01683;-0.0002783;-6.462E-05;-89.53;-0.11;100.85;0.39;100.85;0.01669;0.01684;-0.0001414;-17.774;-17.738;-99.990;0.00;-166.93;
2025-11-24 18:09:33.73;0.00:00:08:882;-1.00;-0.02;0.00;0.01671;-0.01685;-0.0002652;-7.263E-05;-89.55;-0.12;100.89;0.43;100.88;0.01671;0.01686;-0.0001479;-17.771;-17.733;-99.990;0.00;-164.69;
2025-11-24 18:09:33.78;0.00:00:08:929;-1.00;-0.02;0.00;0.01671;-0.01685;-0.0002766;-6.629E-05;-89.53;-0.11;100.87;0.40;100.87;0.01671;0.01685;-0.0001454;-17.771;-17.734;-99.990;0.00;-166.52;
2025-11-24 18:09:33.82;0.00:00:08:975;-1.00;-0.02;0.00;0.01667;-0.01679;-0.0002652;-6.454E-05;-89.55;-0.11;100.72;0.39;100.72;0.01667;0.01679;-0.0001195;-17.781;-17.750;-99.990;0.00;-166.32;
2025-11-24 18:09:33.87;0.00:00:09:023;-1.00;-0.02;0.00;0.01667;-0.01684;-0.0002781;-7.746E-05;-89.53;-0.13;101.00;0.46;101.00;0.01667;0.01684;-0.0001672;-17.780;-17.737;-99.990;0.00;-164.44;
2025-11-24 18:09:33.92;0.00:00:09:069;-1.00;-0.02;0.00;0.01669;-0.01684;-0.0002858;-7.299E-05;-89.51;-0.12;100.93;0.44;100.93;0.01669;0.01684;-0.0001553;-17.777;-17.736;-99.990;0.00;-165.67;
2025-11-24 18:09:33.96;0.00:00:09:116;-1.00;-0.02;0.00;0.01664;-0.0168;-0.0003063;-6.595E-05;-89.48;-0.11;100.96;0.40;100.96;0.01664;0.0168;-0.0001592;-17.788;-17.747;-99.990;0.00;-167.85;
2025-11-24 18:09:34.02;0.00:00:09:168;-1.00;-0.02;-0.01;0.01664;-0.01677;-0.0003085;-8.983E-05;-89.47;-0.15;100.78;0.54;100.78;0.01664;0.01677;-0.0001297;-17.788;-17.754;-99.990;0.00;-163.77;
2025-11-24 18:09:34.07;0.00:00:09:226;-1.00;-0.02;0.00;0.01667;-0.01682;-0.0002642;-7.619E-05;-89.55;-0.13;100.88;0.46;100.88;0.01667;0.01682;-0.0001475;-17.780;-17.741;-99.990;0.00;-163.91;
2025-11-24 18:09:34.12;0.00:00:09:276;-1.00;-0.02;-0.01;0.01666;-0.01681;-0.000277;-9.082E-05;-89.53;-0.15;100.88;0.55;100.88;0.01666;0.01681;-0.000147;-17.783;-17.744;-99.990;0.00;-161.85;
2025-11-24 18:09:34.18;0.00:00:09:336;-1.00;-0.02;-0.01;0.01666;-0.01681;-0.0002584;-8.922E-05;-89.56;-0.15;100.92;0.54;100.92;0.01666;0.01682;-0.0001537;-17.783;-17.743;-99.990;0.00;-160.95;
2025-11-24 18:09:34.23;0.00:00:09:383;-1.00;-0.02;0.00;0.01669;-0.01684;-0.0002871;-7.481E-05;-89.51;-0.13;100.92;0.45;100.92;0.01669;0.01684;-0.0001529;-17.776;-17.736;-99.990;0.00;-165.39;
2025-11-24 18:09:34.28;0.00:00:09:434;-1.00;-0.02;0.00;0.01669;-0.01685;-0.0002828;-7.125E-05;-89.52;-0.12;100.98;0.43;100.98;0.01669;0.01685;-0.0001633;-17.776;-17.734;-99.990;0.00;-165.86;
2025-11-24 18:09:34.34;0.00:00:09:493;-1.00;-0.02;0.00;0.01669;-0.01683;-0.000292;-6.965E-05;-89.50;-0.12;100.85;0.42;100.85;0.01669;0.01683;-0.0001419;-17.775;-17.738;-99.990;0.00;-166.59;
2025-11-24 18:09:34.39;0.00:00:09:541;-1.00;-0.02;0.00;0.01668;-0.01681;-0.0003187;-6.36E-05;-89.46;-0.11;100.83;0.38;100.83;0.01668;0.01681;-0.0001388;-17.779;-17.743;-99.990;0.00;-168.71;
2025-11-24 18:09:34.44;0.00:00:09:588;-1.00;-0.02;0.00;0.01672;-0.01688;-0.0003207;-5.417E-05;-89.46;-0.09;100.97;0.32;100.97;0.01672;0.01688;-0.0001616;-17.768;-17.726;-99.990;0.00;-170.41;
2025-11-24 18:09:34.48;0.00:00:09:634;-1.00;-0.02;0.00;0.01672;-0.01685;-0.000316;-7.819E-05;-89.46;-0.13;100.80;0.47;100.80;0.01672;0.01685;-0.0001332;-17.769;-17.734;-99.990;0.00;-166.10;
2025-11-24 18:09:34.53;0.00:00:09:681;-1.00;-0.02;0.00;0.01672;-0.01685;-0.0003136;-5.011E-05;-89.47;-0.09;100.82;0.30;100.82;0.01672;0.01685;-0.0001378;-17.769;-17.733;-99.990;0.00;-170.92;
2025-11-24 18:09:34.58;0.00:00:09:728;-1.00;-0.02;0.00;0.01669;-0.01681;-0.0002703;-6.896E-05;-89.54;-0.12;100.76;0.41;100.76;0.01669;0.01682;-0.0001272;-17.776;-17.743;-99.990;0.00;-165.69;
2025-11-24 18:09:34.62;0.00:00:09:775;-1.00;-0.02;-0.01;0.01667;-0.01682;-0.0002989;-8.885E-05;-89.49;-0.15;100.87;0.53;100.87;0.01667;0.01682;-0.0001457;-17.779;-17.742;-99.990;0.00;-163.44;
2025-11-24 18:09:34.67;0.00:00:09:822;-1.00;-0.02;0.00;0.01669;-0.01683;-0.0003037;-7.637E-05;-89.48;-0.13;100.83;0.46;100.83;0.01669;0.01683;-0.0001388;-17.775;-17.739;-99.990;0.00;-165.88;
2025-11-24 18:09:34.72;0.00:00:09:869;-1.00;-0.02;0.00;0.01669;-0.01682;-0.0002636;-7.224E-05;-89.55;-0.12;100.79;0.43;100.79;0.01669;0.01682;-0.0001322;-17.776;-17.742;-99.990;0.00;-164.67;
2025-11-24 18:09:34.77;0.00:00:09:917;-1.00;-0.02;0.00;0.01669;-0.01685;-0.0002754;-5.668E-05;-89.53;-0.10;100.98;0.34;100.98;0.01669;0.01685;-0.0001635;-17.776;-17.734;-99.990;0.00;-168.37;
2025-11-24 18:09:34.81;0.00:00:09:963;-1.00;-0.02;0.00;0.01665;-0.01679;-0.000273;-8.124E-05;-89.53;-0.14;100.88;0.49;100.88;0.01665;0.0168;-0.0001467;-17.786;-17.748;-99.990;0.00;-163.43;
2025-11-24 18:09:34.86;0.00:00:10:010;-1.00;-0.02;0.00;0.01669;-0.01685;-0.0002918;-7.916E-05;-89.50;-0.13;100.97;0.47;100.97;0.01669;0.01685;-0.0001623;-17.775;-17.733;-99.990;0.00;-164.82;
2025-11-24 18:09:34.91;0.00:00:10:058;-1.00;-0.02;0.00;0.01667;-0.01681;-0.0002676;-6.905E-05;-89.54;-0.12;100.88;0.41;100.88;0.01667;0.01681;-0.0001471;-17.782;-17.743;-99.990;0.00;-165.53;
2025-11-24 18:09:34.95;0.00:00:10:104;-1.00;-0.02;0.00;0.01662;-0.01676;-0.000292;-7.651E-05;-89.50;-0.13;100.86;0.46;100.86;0.01662;0.01677;-0.000143;-17.793;-17.756;-99.990;0.00;-165.32;
2025-11-24 18:09:35.00;0.00:00:10:153;-1.00;-0.02;0.00;0.01671;-0.01685;-0.0002762;-6.275E-05;-89.53;-0.11;100.82;0.38;100.82;0.01671;0.01685;-0.0001369;-17.770;-17.734;-99.990;0.00;-167.20;
2025-11-24 18:09:35.06;0.00:00:10:212;-1.00;-0.02;0.00;0.0167;-0.01683;-0.0002916;-7.692E-05;-89.50;-0.13;100.81;0.46;100.81;0.0167;0.01683;-0.0001354;-17.774;-17.738;-99.990;0.00;-165.22;
2025-11-24 18:09:35.11;0.00:00:10:259;-1.00;-0.02;0.00;0.01662;-0.01677;-0.0003087;-7.428E-05;-89.47;-0.13;100.91;0.45;100.91;0.01662;0.01678;-0.0001517;-17.793;-17.753;-99.990;0.00;-166.47;
2025-11-24 18:09:35.17;0.00:00:10:320;-1.00;-0.02;0.00;0.01669;-0.01685;-0.0003055;-6.316E-05;-89.48;-0.11;100.96;0.38;100.96;0.01669;0.01685;-0.000161;-17.775;-17.733;-99.990;0.00;-168.32;
2025-11-24 18:09:35.22;0.00:00:10:368;-1.00;-0.02;0.00;0.01673;-0.01687;-0.0002688;-7.406E-05;-89.54;-0.13;100.86;0.44;100.85;0.01673;0.01687;-0.000143;-17.766;-17.729;-99.990;0.00;-164.60;
2025-11-24 18:09:35.26;0.00:00:10:413;-1.00;-0.02;0.00;0.01668;-0.0168;-0.0002724;-7.123E-05;-89.54;-0.12;100.79;0.43;100.79;0.01668;0.01681;-0.0001318;-17.779;-17.745;-99.990;0.00;-165.35;
2025-11-24 18:09:35.31;0.00:00:10:459;-1.00;-0.02;-0.01;0.01672;-0.01686;-0.0003078;-9.106E-05;-89.48;-0.15;100.84;0.54;100.84;0.01672;0.01686;-0.0001405;-17.768;-17.731;-99.990;0.00;-163.52;
2025-11-24 18:09:35.35;0.00:00:10:506;-1.00;-0.02;0.00;0.01668;-0.01681;-0.0003214;-6.485E-05;-89.45;-0.11;100.76;0.39;100.75;0.01668;0.01681;-0.000126;-17.777;-17.745;-99.990;0.00;-168.59;
2025-11-24 18:09:35.40;0.00:00:10:553;-1.00;-0.02;0.00;0.01666;-0.01681;-0.0002841;-6.934E-05;-89.52;-0.12;100.88;0.42;100.88;0.01666;0.01681;-0.0001471;-17.782;-17.744;-99.990;0.00;-166.29;
2025-11-24 18:09:35.45;0.00:00:10:600;-1.00;-0.02;0.00;0.01664;-0.01677;-0.0002931;-7.8E-05;-89.50;-0.13;100.77;0.47;100.77;0.01664;0.01677;-0.0001276;-17.788;-17.754;-99.990;0.00;-165.10;
2025-11-24 18:09:35.50;0.00:00:10:647;-1.00;-0.02;0.00;0.01662;-0.01675;-0.0003073;-6.443E-05;-89.47;-0.11;100.84;0.39;100.84;0.01662;0.01676;-0.0001404;-17.795;-17.758;-99.990;0.00;-168.16;
2025-11-24 18:09:35.54;0.00:00:10:693;-1.00;-0.02;0.00;0.01662;-0.01674;-0.000288;-4.796E-05;-89.51;-0.08;100.78;0.29;100.78;0.01662;0.01675;-0.0001302;-17.795;-17.761;-99.990;0.00;-170.54;
2025-11-24 18:09:35.59;0.00:00:10:740;-1.00;-0.02;0.00;0.01662;-0.01678;-0.0002846;-7.192E-05;-89.51;-0.12;100.96;0.43;100.96;0.01662;0.01678;-0.0001596;-17.794;-17.752;-99.990;0.00;-165.82;
2025-11-24 18:09:35.64;0.00:00:10:789;-1.00;-0.02;0.00;0.01664;-0.0168;-0.0002964;-5.96E-05;-89.49;-0.10;100.98;0.36;100.98;0.01664;0.01681;-0.0001637;-17.788;-17.746;-99.990;0.00;-168.63;
2025-11-24 18:09:35.70;0.00:00:10:849;-1.00;-0.02;0.00;0.01668;-0.01685;-0.0002772;-7.41E-05;-89.53;-0.13;101.00;0.44;101.00;0.01668;0.01685;-0.0001675;-17.778;-17.734;-99.990;0.00;-165.03;
2025-11-24 18:09:35.74;0.00:00:10:896;-1.00;-0.02;0.00;0.01666;-0.0168;-0.0003031;-7.099E-05;-89.48;-0.12;100.90;0.43;100.90;0.01666;0.01681;-0.0001501;-17.784;-17.745;-99.990;0.00;-166.82;
2025-11-24 18:09:35.79;0.00:00:10:945;-1.00;-0.02;0.00;0.01664;-0.01679;-0.0002991;-7.692E-05;-89.49;-0.13;100.94;0.46;100.94;0.01664;0.01679;-0.0001572;-17.789;-17.749;-99.990;0.00;-165.58;
2025-11-24 18:09:35.85;0.00:00:11:004;-1.00;-0.02;0.00;0.01664;-0.01678;-0.0002653;-6.051E-05;-89.55;-0.10;100.87;0.36;100.87;0.01664;0.01678;-0.0001443;-17.790;-17.752;-99.990;0.00;-167.15;
2025-11-24 18:09:35.90;0.00:00:11:051;-1.00;-0.02;-0.01;0.01661;-0.01676;-0.0002726;-8.818E-05;-89.53;-0.15;100.95;0.53;100.95;0.01661;0.01677;-0.0001584;-17.797;-17.755;-99.990;0.00;-162.08;
2025-11-24 18:09:35.95;0.00:00:11:098;-1.00;-0.02;0.00;0.01654;-0.01667;-0.0003449;-6.843E-05;-89.41;-0.12;100.77;0.41;100.77;0.01654;0.01667;-0.0001281;-17.814;-17.781;-99.990;0.00;-168.78;
2025-11-24 18:09:35.99;0.00:00:11:144;-1.00;-0.02;0.00;0.01656;-0.01671;-0.0002868;-5.855E-05;-89.51;-0.10;100.92;0.35;100.92;0.01656;0.01671;-0.0001531;-17.810;-17.770;-99.990;0.00;-168.46;
2025-11-24 18:09:36.04;0.00:00:11:191;-1.00;-0.02;0.00;0.01659;-0.01675;-0.000289;-6.135E-05;-89.51;-0.10;100.94;0.37;100.93;0.01659;0.01675;-0.0001552;-17.801;-17.760;-99.990;0.00;-168.02;
2025-11-24 18:09:36.09;0.00:00:11:242;-1.00;-0.02;0.00;0.01662;-0.01676;-0.0002589;-5.674E-05;-89.56;-0.10;100.84;0.34;100.84;0.01662;0.01676;-0.0001403;-17.793;-17.757;-99.990;0.00;-167.64;
2025-11-24 18:09:36.15;0.00:00:11:300;-1.00;-0.02;0.00;0.01666;-0.01681;-0.0003206;-7.593E-05;-89.45;-0.13;100.94;0.46;100.94;0.01666;0.01682;-0.0001563;-17.783;-17.742;-99.990;0.00;-166.68;
2025-11-24 18:09:36.20;0.00:00:11:347;-1.00;-0.02;0.00;0.0167;-0.01687;-0.0002846;-6.238E-05;-89.52;-0.11;101.01;0.37;101.01;0.0167;0.01687;-0.0001695;-17.772;-17.728;-99.990;0.00;-167.63;
2025-11-24 18:09:36.24;0.00:00:11:394;-1.00;-0.02;0.00;0.01666;-0.01679;-0.0002746;-7.402E-05;-89.53;-0.13;100.80;0.44;100.80;0.01666;0.01679;-0.0001327;-17.783;-17.748;-99.990;0.00;-164.92;
2025-11-24 18:09:36.29;0.00:00:11:442;-1.00;-0.02;0.00;0.01665;-0.01681;-0.0002893;-6.423E-05;-89.51;-0.11;100.96;0.39;100.96;0.01665;0.01681;-0.0001601;-17.786;-17.744;-99.990;0.00;-167.48;
2025-11-24 18:09:36.34;0.00:00:11:488;-1.00;-0.02;0.00;0.01664;-0.01678;-0.0003049;-7.621E-05;-89.48;-0.13;100.90;0.46;100.90;0.01664;0.01679;-0.0001505;-17.790;-17.750;-99.990;0.00;-165.96;
2025-11-24 18:09:36.38;0.00:00:11:536;-1.00;-0.02;0.00;0.01666;-0.01679;-0.0003277;-7.913E-05;-89.44;-0.13;100.81;0.47;100.81;0.01666;0.01679;-0.0001349;-17.784;-17.749;-99.990;0.00;-166.43;
2025-11-24 18:09:36.43;0.00:00:11:583;-1.00;-0.02;0.00;0.01668;-0.01683;-0.0002981;-8.282E-05;-89.49;-0.14;100.90;0.50;100.90;0.01668;0.01683;-0.0001497;-17.777;-17.738;-99.990;0.00;-164.47;
2025-11-24 18:09:36.48;0.00:00:11:629;-1.00;-0.02;-0.01;0.01667;-0.01682;-0.0003049;-0.0001062;-89.48;-0.18;100.92;0.64;100.92;0.01667;0.01683;-0.0001531;-17.780;-17.740;-99.990;0.00;-160.80;
2025-11-24 18:09:36.52;0.00:00:11:676;-1.00;-0.02;0.00;0.01668;-0.01684;-0.0002862;-7.252E-05;-89.51;-0.12;100.96;0.43;100.96;0.01668;0.01684;-0.0001597;-17.777;-17.736;-99.990;0.00;-165.78;
2025-11-24 18:09:36.57;0.00:00:11:722;-1.00;-0.02;0.00;0.01668;-0.01682;-0.0002715;-7.371E-05;-89.54;-0.13;100.87;0.44;100.87;0.01668;0.01682;-0.0001451;-17.779;-17.741;-99.990;0.00;-164.81;
2025-11-24 18:09:36.62;0.00:00:11:775;-1.00;-0.02;0.00;0.01667;-0.01682;-0.0003075;-8.007E-05;-89.48;-0.14;100.97;0.48;100.97;0.01667;0.01683;-0.0001616;-17.782;-17.740;-99.990;0.00;-165.41;
2025-11-24 18:09:36.67;0.00:00:11:826;-1.00;-0.02;0.00;0.01664;-0.01676;-0.0003103;-7.469E-05;-89.47;-0.13;100.73;0.45;100.73;0.01664;0.01676;-0.0001223;-17.789;-17.757;-99.990;0.00;-166.47;
2025-11-24 18:09:36.73;0.00:00:11:877;-1.00;-0.02;0.00;0.01661;-0.01674;-0.000289;-5.498E-05;-89.51;-0.09;100.82;0.33;100.82;0.01661;0.01675;-0.000136;-17.796;-17.761;-99.990;0.00;-169.23;
2025-11-24 18:09:36.78;0.00:00:11:929;-1.00;-0.02;0.00;0.01665;-0.01677;-0.0002961;-7.547E-05;-89.49;-0.13;100.77;0.45;100.77;0.01665;0.01678;-0.0001276;-17.786;-17.753;-99.990;0.00;-165.70;
2025-11-24 18:09:36.83;0.00:00:11:980;-1.00;-0.02;0.00;0.01668;-0.01682;-0.0003211;-6.553E-05;-89.45;-0.11;100.86;0.39;100.86;0.01668;0.01683;-0.0001442;-17.777;-17.740;-99.990;0.00;-168.46;
2025-11-24 18:09:36.88;0.00:00:12:031;-1.00;-0.02;0.00;0.0167;-0.01685;-0.000267;-8.016E-05;-89.55;-0.14;100.93;0.48;100.93;0.0167;0.01686;-0.000155;-17.773;-17.732;-99.990;0.00;-163.29;
2025-11-24 18:09:36.93;0.00:00:12:083;-1.00;-0.02;0.00;0.01666;-0.01681;-0.0002788;-6.083E-05;-89.52;-0.10;100.88;0.37;100.88;0.01666;0.01681;-0.000147;-17.783;-17.745;-99.990;0.00;-167.69;
2025-11-24 18:09:36.98;0.00:00:12:134;-1.00;-0.02;0.00;0.01665;-0.01678;-0.000294;-5.584E-05;-89.50;-0.10;100.84;0.34;100.84;0.01665;0.01679;-0.0001398;-17.787;-17.750;-99.990;0.00;-169.25;
2025-11-24 18:09:37.04;0.00:00:12:193;-1.00;-0.02;0.00;0.01666;-0.01679;-0.0002519;-5.878E-05;-89.57;-0.10;100.78;0.35;100.78;0.01666;0.01679;-0.0001306;-17.784;-17.750;-99.990;0.00;-166.87;
2025-11-24 18:09:37.09;0.00:00:12:246;-1.00;-0.02;0.00;0.01665;-0.01681;-0.0003033;-8.323E-05;-89.48;-0.14;100.96;0.50;100.96;0.01665;0.01681;-0.0001599;-17.786;-17.744;-99.990;0.00;-164.65;
2025-11-24 18:09:37.16;0.00:00:12:308;-1.00;-0.02;0.00;0.01665;-0.0168;-0.0002794;-6.336E-05;-89.52;-0.11;100.89;0.38;100.89;0.01665;0.0168;-0.0001489;-17.785;-17.747;-99.990;0.00;-167.22;
2025-11-24 18:09:37.21;0.00:00:12:359;-1.00;-0.02;0.00;0.01665;-0.01678;-0.0003227;-6.83E-05;-89.45;-0.12;100.80;0.41;100.80;0.01665;0.01679;-0.0001331;-17.785;-17.751;-99.990;0.00;-168.05;
2025-11-24 18:09:37.26;0.00:00:12:408;-1.00;-0.02;-0.01;0.01668;-0.01682;-0.0002543;-9.208E-05;-89.57;-0.16;100.88;0.55;100.88;0.01668;0.01682;-0.0001469;-17.779;-17.740;-99.990;0.00;-160.09;
2025-11-24 18:09:37.31;0.00:00:12:462;-1.00;-0.02;0.00;0.01667;-0.01681;-0.0003206;-5.851E-05;-89.45;-0.10;100.84;0.35;100.84;0.01667;0.01681;-0.0001403;-17.780;-17.743;-99.990;0.00;-169.66;
2025-11-24 18:09:37.36;0.00:00:12:512;-1.00;-0.02;0.00;0.01671;-0.01687;-0.0002811;-7.98E-05;-89.52;-0.14;100.93;0.48;100.93;0.01671;0.01687;-0.000156;-17.770;-17.729;-99.990;0.00;-164.15;
2025-11-24 18:09:37.41;0.00:00:12:563;-1.00;-0.02;0.00;0.01672;-0.01686;-0.0002934;-5.702E-05;-89.50;-0.10;100.85;0.34;100.85;0.01672;0.01687;-0.000142;-17.767;-17.730;-99.990;0.00;-169.00;
2025-11-24 18:09:37.46;0.00:00:12:615;-1.00;-0.02;0.00;0.01671;-0.01687;-0.0002768;-8.328E-05;-89.53;-0.14;100.96;0.50;100.96;0.01671;0.01687;-0.0001598;-17.770;-17.728;-99.990;0.00;-163.25;
2025-11-24 18:09:37.51;0.00:00:12:666;-1.00;-0.02;0.00;0.01667;-0.01682;-0.0003306;-5.848E-05;-89.44;-0.10;100.88;0.35;100.88;0.01667;0.01682;-0.0001462;-17.780;-17.742;-99.990;0.00;-169.97;
2025-11-24 18:09:37.57;0.00:00:12:718;-1.00;-0.02;0.00;0.01665;-0.01678;-0.000279;-5.756E-05;-89.52;-0.10;100.81;0.35;100.81;0.01665;0.01679;-0.0001351;-17.785;-17.750;-99.990;0.00;-168.34;
2025-11-24 18:09:37.62;0.00:00:12:770;-1.00;-0.02;0.00;0.0167;-0.01685;-0.0002954;-6.023E-05;-89.50;-0.10;100.90;0.36;100.90;0.0167;0.01685;-0.0001504;-17.773;-17.735;-99.990;0.00;-168.48;
2025-11-24 18:09:37.67;0.00:00:12:821;-1.00;-0.02;0.00;0.01669;-0.01683;-0.0002928;-7.585E-05;-89.50;-0.13;100.89;0.45;100.89;0.01669;0.01684;-0.0001485;-17.776;-17.738;-99.990;0.00;-165.48;
2025-11-24 18:09:37.72;0.00:00:12:872;-1.00;-0.02;-0.01;0.01668;-0.01684;-0.0003126;-9.176E-05;-89.47;-0.16;100.94;0.55;100.94;0.01668;0.01684;-0.0001575;-17.778;-17.737;-99.990;0.00;-163.64;
2025-11-24 18:09:37.78;0.00:00:12:929;-1.00;-0.02;0.00;0.01664;-0.01677;-0.0003037;-8.05E-05;-89.48;-0.14;100.77;0.48;100.77;0.01664;0.01677;-0.0001279;-17.788;-17.755;-99.990;0.00;-165.15;
2025-11-24 18:09:37.82;0.00:00:12:975;-1.00;-0.02;-0.01;0.01665;-0.01679;-0.0003021;-8.826E-05;-89.48;-0.15;100.85;0.53;100.85;0.01665;0.01679;-0.0001417;-17.787;-17.750;-99.990;0.00;-163.71;
2025-11-24 18:09:37.87;0.00:00:13:026;-1.00;-0.02;-0.01;0.01665;-0.01677;-0.0002949;-9.28E-05;-89.50;-0.16;100.74;0.56;100.74;0.01665;0.01678;-0.0001228;-17.785;-17.753;-99.990;0.00;-162.53;
2025-11-24 18:09:37.93;0.00:00:13:077;-1.00;-0.02;0.00;0.0167;-0.01686;-0.0002833;-6.834E-05;-89.52;-0.12;100.95;0.41;100.95;0.0167;0.01686;-0.0001581;-17.772;-17.732;-99.990;0.00;-166.44;
2025-11-24 18:09:37.98;0.00:00:13:131;-1.00;-0.02;-0.01;0.01668;-0.0168;-0.0003113;-9.152E-05;-89.47;-0.16;100.76;0.55;100.75;0.01668;0.01681;-0.0001261;-17.778;-17.745;-99.990;0.00;-163.62;
2025-11-24 18:09:38.04;0.00:00:13:191;-1.00;-0.02;0.00;0.01665;-0.01678;-0.0002756;-6.253E-05;-89.53;-0.11;100.83;0.38;100.83;0.01665;0.01678;-0.0001382;-17.787;-17.751;-99.990;0.00;-167.22;
2025-11-24 18:09:38.09;0.00:00:13:242;-1.00;-0.02;0.00;0.01661;-0.01676;-0.0002998;-4.668E-05;-89.49;-0.08;100.91;0.28;100.91;0.01661;0.01677;-0.000152;-17.795;-17.756;-99.990;0.00;-171.15;
2025-11-24 18:09:38.14;0.00:00:13:294;-1.00;-0.02;0.00;0.01668;-0.01682;-0.0003009;-7.323E-05;-89.49;-0.12;100.84;0.44;100.84;0.01668;0.01682;-0.0001403;-17.778;-17.742;-99.990;0.00;-166.32;
2025-11-24 18:09:38.20;0.00:00:13:350;-1.00;-0.02;0.00;0.01663;-0.01676;-0.0002683;-7.66E-05;-89.54;-0.13;100.79;0.46;100.79;0.01663;0.01676;-0.0001313;-17.790;-17.756;-99.990;0.00;-164.06;
2025-11-24 18:09:38.25;0.00:00:13:405;-1.00;-0.02;0.00;0.01666;-0.0168;-0.0003118;-7.551E-05;-89.47;-0.13;100.88;0.45;100.88;0.01666;0.01681;-0.0001472;-17.784;-17.745;-99.990;0.00;-166.39;
2025-11-24 18:09:38.30;0.00:00:13:456;-1.00;-0.02;-0.01;0.01664;-0.01678;-0.0003404;-8.606E-05;-89.42;-0.15;100.90;0.52;100.89;0.01664;0.01679;-0.000149;-17.789;-17.750;-99.990;0.00;-165.81;
2025-11-24 18:09:38.36;0.00:00:13:507;-1.00;-0.02;0.00;0.01665;-0.01679;-0.0002889;-6.246E-05;-89.51;-0.11;100.85;0.38;100.85;0.01665;0.01679;-0.0001408;-17.786;-17.749;-99.990;0.00;-167.80;
2025-11-24 18:09:38.41;0.00:00:13:558;-1.00;-0.02;0.00;0.01664;-0.01677;-0.0002899;-6.818E-05;-89.50;-0.12;100.78;0.41;100.78;0.01664;0.01677;-0.0001306;-17.789;-17.755;-99.990;0.00;-166.76;
2025-11-24 18:09:38.46;0.00:00:13:610;-1.00;-0.02;0.00;0.01664;-0.01678;-0.0002985;-6.788E-05;-89.49;-0.12;100.85;0.41;100.85;0.01664;0.01678;-0.0001417;-17.788;-17.752;-99.990;0.00;-167.19;
2025-11-24 18:09:38.52;0.00:00:13:671;-1.00;-0.02;0.00;0.01668;-0.01684;-0.000305;-6.039E-05;-89.48;-0.10;100.93;0.36;100.93;0.01668;0.01684;-0.0001551;-17.777;-17.737;-99.990;0.00;-168.80;
2025-11-24 18:09:38.57;0.00:00:13:723;-1.00;-0.02;0.00;0.0166;-0.01675;-0.000264;-8.019E-05;-89.55;-0.14;100.90;0.48;100.90;0.0166;0.01675;-0.0001494;-17.798;-17.759;-99.990;0.00;-163.10;
2025-11-24 18:09:38.62;0.00:00:13:775;-1.00;-0.02;0.00;0.01661;-0.01673;-0.0002779;-6.708E-05;-89.52;-0.11;100.75;0.40;100.75;0.01661;0.01673;-0.000124;-17.797;-17.764;-99.990;0.00;-166.43;
2025-11-24 18:09:38.67;0.00:00:13:826;-1.00;-0.02;0.00;0.01664;-0.01678;-0.0002775;-6E-05;-89.53;-0.10;100.86;0.36;100.86;0.01664;0.01678;-0.0001426;-17.789;-17.752;-99.990;0.00;-167.80;
2025-11-24 18:09:38.73;0.00:00:13:877;-1.00;-0.02;0.00;0.01667;-0.01682;-0.0002775;-8.104E-05;-89.53;-0.14;100.94;0.49;100.94;0.01667;0.01682;-0.0001569;-17.781;-17.741;-99.990;0.00;-163.72;
2025-11-24 18:09:38.78;0.00:00:13:928;-1.00;-0.02;-0.01;0.01665;-0.01679;-0.000305;-8.852E-05;-89.48;-0.15;100.84;0.53;100.84;0.01665;0.01679;-0.0001406;-17.786;-17.749;-99.990;0.00;-163.82;
2025-11-24 18:09:38.83;0.00:00:13:979;-1.00;-0.02;-0.01;0.01663;-0.01677;-0.0003057;-8.983E-05;-89.48;-0.15;100.82;0.54;100.81;0.01663;0.01677;-0.0001358;-17.790;-17.755;-99.990;0.00;-163.63;
2025-11-24 18:09:38.88;0.00:00:14:031;-1.00;-0.02;0.00;0.01662;-0.01677;-0.0002813;-6.937E-05;-89.52;-0.12;100.89;0.42;100.89;0.01662;0.01677;-0.0001481;-17.793;-17.754;-99.990;0.00;-166.14;
2025-11-24 18:09:38.93;0.00:00:14:082;-1.00;-0.02;0.00;0.01659;-0.01675;-0.0003157;-6.401E-05;-89.46;-0.11;100.95;0.39;100.95;0.01659;0.01675;-0.0001581;-17.801;-17.760;-99.990;0.00;-168.54;
2025-11-24 18:09:38.98;0.00:00:14:133;-1.00;-0.02;0.00;0.01661;-0.01675;-0.00033;-5.242E-05;-89.44;-0.09;100.86;0.32;100.86;0.01661;0.01675;-0.0001433;-17.796;-17.759;-99.990;0.00;-170.97;
2025-11-24 18:09:39.03;0.00:00:14:184;-1.00;-0.02;0.00;0.01666;-0.01679;-0.0002694;-6.939E-05;-89.54;-0.12;100.80;0.42;100.80;0.01666;0.01679;-0.0001338;-17.784;-17.749;-99.990;0.00;-165.55;
2025-11-24 18:09:39.08;0.00:00:14:234;-1.00;-0.02;0.00;0.01664;-0.01679;-0.0003005;-6.437E-05;-89.49;-0.11;100.90;0.39;100.90;0.01664;0.01679;-0.0001503;-17.788;-17.749;-99.990;0.00;-167.91;
2025-11-24 18:09:39.13;0.00:00:14:286;-1.00;-0.02;0.00;0.01662;-0.01674;-0.0002907;-5.462E-05;-89.50;-0.09;100.73;0.33;100.73;0.01662;0.01674;-0.0001214;-17.793;-17.762;-99.990;0.00;-169.36;
2025-11-24 18:09:39.19;0.00:00:14:337;-1.00;-0.02;-0.01;0.01669;-0.01681;-0.0003081;-8.416E-05;-89.48;-0.14;100.76;0.50;100.76;0.01669;0.01681;-0.0001263;-17.776;-17.743;-99.990;0.00;-164.72;
2025-11-24 18:09:39.25;0.00:00:14:398;-1.00;-0.02;0.00;0.01667;-0.0168;-0.0003077;-6.979E-05;-89.48;-0.12;100.78;0.42;100.78;0.01667;0.0168;-0.0001306;-17.781;-17.747;-99.990;0.00;-167.22;
2025-11-24 18:09:39.30;0.00:00:14:450;-1.00;-0.02;0.00;0.01668;-0.01681;-0.0002722;-7.363E-05;-89.54;-0.13;100.81;0.44;100.81;0.01668;0.01681;-0.0001355;-17.779;-17.744;-99.990;0.00;-164.86;
2025-11-24 18:09:39.36;0.00:00:14:512;-1.00;-0.01;0.00;0.0167;-0.01685;-0.000243;-7.127E-05;-89.59;-0.12;100.93;0.43;100.93;0.0167;0.01685;-0.000155;-17.774;-17.734;-99.990;0.00;-163.66;
2025-11-24 18:09:39.41;0.00:00:14:564;-1.00;-0.02;-0.01;0.01667;-0.01679;-0.0002609;-9.277E-05;-89.56;-0.16;100.76;0.56;100.75;0.01667;0.0168;-0.0001261;-17.781;-17.748;-99.990;0.00;-160.42;
2025-11-24 18:09:39.46;0.00:00:14:616;-1.00;-0.02;-0.01;0.01664;-0.01678;-0.0002821;-8.828E-05;-89.52;-0.15;100.86;0.53;100.86;0.01664;0.01678;-0.0001431;-17.789;-17.751;-99.990;0.00;-162.62;
2025-11-24 18:09:39.51;0.00:00:14:661;-1.00;-0.02;-0.01;0.01668;-0.01683;-0.0003264;-9.322E-05;-89.44;-0.16;100.95;0.56;100.95;0.01668;0.01684;-0.000158;-17.778;-17.737;-99.990;0.00;-164.06;
2025-11-24 18:09:39.56;0.00:00:14:709;-1.00;-0.02;0.00;0.01666;-0.01681;-0.0002899;-6.652E-05;-89.51;-0.11;100.89;0.40;100.89;0.01666;0.01681;-0.0001486;-17.782;-17.743;-99.990;0.00;-167.08;
2025-11-24 18:09:39.61;0.00:00:14:760;-1.00;-0.02;0.00;0.01666;-0.01681;-0.0002586;-6.983E-05;-89.56;-0.12;100.91;0.42;100.91;0.01666;0.01681;-0.0001511;-17.783;-17.744;-99.990;0.00;-164.89;
2025-11-24 18:09:39.66;0.00:00:14:811;-1.00;-0.02;0.00;0.01668;-0.01683;-0.0002859;-5.189E-05;-89.51;-0.09;100.86;0.31;100.86;0.01668;0.01683;-0.0001439;-17.777;-17.740;-99.990;0.00;-169.71;
2025-11-24 18:09:39.71;0.00:00:14:863;-1.00;-0.01;0.00;0.01666;-0.01682;-0.0002376;-7.459E-05;-89.60;-0.13;100.95;0.45;100.95;0.01666;0.01682;-0.0001591;-17.783;-17.741;-99.990;0.00;-162.57;
2025-11-24 18:09:39.76;0.00:00:14:910;-1.00;-0.02;0.00;0.01663;-0.0168;-0.0002723;-7.156E-05;-89.54;-0.12;101.03;0.43;101.03;0.01663;0.01681;-0.000171;-17.790;-17.745;-99.990;0.00;-165.27;
2025-11-24 18:09:39.81;0.00:00:14:962;-1.00;-0.02;0.00;0.0166;-0.01675;-0.0002704;-6.81E-05;-89.54;-0.12;100.94;0.41;100.94;0.0166;0.01675;-0.0001566;-17.800;-17.759;-99.990;0.00;-165.86;
2025-11-24 18:09:39.86;0.00:00:15:016;-1.00;-0.02;0.00;0.01663;-0.01678;-0.0003324;-7.656E-05;-89.43;-0.13;100.97;0.46;100.97;0.01663;0.01679;-0.0001619;-17.792;-17.750;-99.990;0.00;-167.03;
2025-11-24 18:09:39.92;0.00:00:15:067;-1.00;-0.02;0.00;0.01664;-0.01679;-0.0002693;-7.989E-05;-89.54;-0.14;100.92;0.48;100.92;0.01664;0.01679;-0.0001533;-17.788;-17.748;-99.990;0.00;-163.48;
2025-11-24 18:09:39.97;0.00:00:15:119;-1.00;-0.02;0.00;0.01663;-0.01676;-0.0003183;-7.322E-05;-89.46;-0.13;100.79;0.44;100.79;0.01663;0.01677;-0.0001321;-17.790;-17.756;-99.990;0.00;-167.05;
2025-11-24 18:09:40.02;0.00:00:15:171;-1.00;-0.02;0.00;0.01658;-0.01669;-0.0003103;-7.61E-05;-89.47;-0.13;100.70;0.46;100.70;0.01658;0.0167;-0.0001163;-17.804;-17.774;-99.990;0.00;-166.22;
2025-11-24 18:09:40.07;0.00:00:15:221;-1.00;-0.02;0.00;0.01659;-0.01674;-0.0002687;-6.281E-05;-89.54;-0.11;100.89;0.38;100.89;0.01659;0.01674;-0.0001484;-17.801;-17.762;-99.990;0.00;-166.84;
2025-11-24 18:09:40.12;0.00:00:15:272;-1.00;-0.02;0.00;0.0166;-0.01676;-0.0002985;-7.477E-05;-89.49;-0.13;101.01;0.45;101.01;0.0166;0.01676;-0.0001672;-17.800;-17.757;-99.990;0.00;-165.94;
2025-11-24 18:09:40.17;0.00:00:15:324;-1.00;-0.01;-0.01;0.01659;-0.01673;-0.0002399;-9.479E-05;-89.59;-0.16;100.85;0.57;100.85;0.01659;0.01673;-0.0001409;-17.803;-17.766;-99.990;0.00;-158.44;
2025-11-24 18:09:40.23;0.00:00:15:385;-1.00;-0.02;0.00;0.01666;-0.01681;-0.0002903;-8.047E-05;-89.51;-0.14;100.88;0.48;100.88;0.01666;0.01681;-0.0001472;-17.782;-17.744;-99.990;0.00;-164.50;
2025-11-24 18:09:40.29;0.00:00:15:437;-1.00;-0.02;0.00;0.01664;-0.01681;-0.0003084;-6.322E-05;-89.47;-0.11;101.01;0.38;101.01;0.01664;0.01681;-0.0001674;-17.788;-17.745;-99.990;0.00;-168.41;
2025-11-24 18:09:40.33;0.00:00:15:477;-1.00;-0.02;-0.01;0.01663;-0.01678;-0.0003112;-8.428E-05;-89.47;-0.14;100.90;0.51;100.90;0.01663;0.01678;-0.0001497;-17.790;-17.751;-99.990;0.00;-164.85;
2025-11-24 18:09:40.39;0.00:00:15:538;-1.00;-0.02;0.00;0.0166;-0.01676;-0.0002723;-6.044E-05;-89.53;-0.10;101.00;0.36;101.00;0.0166;0.01677;-0.0001653;-17.799;-17.756;-99.990;0.00;-167.49;
2025-11-24 18:09:40.44;0.00:00:15:590;-1.00;-0.02;0.00;0.01663;-0.01676;-0.0002935;-7.745E-05;-89.50;-0.13;100.82;0.47;100.82;0.01663;0.01676;-0.0001364;-17.792;-17.756;-99.990;0.00;-165.22;
2025-11-24 18:09:40.49;0.00:00:15:641;-1.00;-0.02;0.00;0.01663;-0.01676;-0.0003054;-7.111E-05;-89.48;-0.12;100.77;0.43;100.77;0.01663;0.01676;-0.0001277;-17.791;-17.757;-99.990;0.00;-166.89;
2025-11-24 18:09:40.54;0.00:00:15:693;-1.00;-0.02;-0.01;0.01663;-0.01678;-0.0002733;-8.5E-05;-89.53;-0.15;100.91;0.51;100.91;0.01663;0.01678;-0.0001519;-17.792;-17.752;-99.990;0.00;-162.72;
2025-11-24 18:09:40.59;0.00:00:15:744;-1.00;-0.02;0.00;0.01667;-0.01682;-0.0002923;-6.642E-05;-89.50;-0.11;100.92;0.40;100.91;0.01667;0.01682;-0.0001525;-17.781;-17.741;-99.990;0.00;-167.20;
2025-11-24 18:09:40.64;0.00:00:15:796;-1.00;-0.02;-0.01;0.01667;-0.01683;-0.0003069;-8.989E-05;-89.48;-0.15;100.95;0.54;100.95;0.01667;0.01683;-0.0001587;-17.780;-17.739;-99.990;0.00;-163.67;
2025-11-24 18:09:40.69;0.00:00:15:843;-1.00;-0.02;0.00;0.01666;-0.0168;-0.0002802;-7.693E-05;-89.52;-0.13;100.83;0.46;100.83;0.01666;0.0168;-0.000139;-17.783;-17.747;-99.990;0.00;-164.65;
2025-11-24 18:09:40.74;0.00:00:15:892;-1.00;-0.02;0.00;0.01664;-0.01679;-0.0002828;-7.49E-05;-89.52;-0.13;100.88;0.45;100.88;0.01664;0.01679;-0.0001464;-17.788;-17.750;-99.990;0.00;-165.16;
2025-11-24 18:09:40.80;0.00:00:15:953;-1.00;-0.02;0.00;0.01664;-0.01676;-0.000291;-7.028E-05;-89.50;-0.12;100.74;0.42;100.73;0.01664;0.01676;-0.0001223;-17.788;-17.757;-99.990;0.00;-166.42;
2025-11-24 18:09:40.85;0.00:00:15:999;-1.00;-0.02;-0.01;0.01664;-0.01678;-0.0002583;-8.427E-05;-89.56;-0.14;100.85;0.51;100.85;0.01664;0.01678;-0.0001409;-17.788;-17.751;-99.990;0.00;-161.93;
2025-11-24 18:09:40.89;0.00:00:16:046;-1.00;-0.01;-0.01;0.01662;-0.01678;-0.0002497;-8.546E-05;-89.57;-0.15;100.94;0.51;100.94;0.01662;0.01678;-0.0001559;-17.793;-17.752;-99.990;0.00;-161.10;
2025-11-24 18:09:40.94;0.00:00:16:093;-1.00;-0.02;0.00;0.01662;-0.01678;-0.0002845;-5.823E-05;-89.51;-0.10;100.95;0.35;100.95;0.01662;0.01678;-0.0001578;-17.793;-17.752;-99.990;0.00;-168.43;
2025-11-24 18:09:40.99;0.00:00:16:141;-1.00;-0.01;0.00;0.01662;-0.01676;-0.0002486;-7.941E-05;-89.58;-0.14;100.88;0.48;100.88;0.01662;0.01676;-0.0001468;-17.795;-17.756;-99.990;0.00;-162.28;
2025-11-24 18:09:41.04;0.00:00:16:189;-1.00;-0.02;0.00;0.01664;-0.01678;-0.0002847;-6.613E-05;-89.51;-0.11;100.83;0.40;100.83;0.01664;0.01678;-0.0001375;-17.788;-17.752;-99.990;0.00;-166.92;
2025-11-24 18:09:41.08;0.00:00:16:236;-1.00;-0.02;0.00;0.01663;-0.01677;-0.0002777;-7.62E-05;-89.53;-0.13;100.83;0.46;100.83;0.01663;0.01677;-0.0001378;-17.790;-17.754;-99.990;0.00;-164.66;
2025-11-24 18:09:41.13;0.00:00:16:283;-1.00;-0.02;0.00;0.01661;-0.01676;-0.0002673;-6.907E-05;-89.54;-0.12;100.94;0.42;100.94;0.01661;0.01676;-0.000156;-17.798;-17.757;-99.990;0.00;-165.51;
2025-11-24 18:09:41.18;0.00:00:16:336;-1.00;-0.02;0.00;0.01659;-0.01674;-0.0003026;-7.765E-05;-89.48;-0.13;100.88;0.47;100.88;0.01659;0.01674;-0.0001466;-17.801;-17.763;-99.990;0.00;-165.61;
2025-11-24 18:09:41.24;0.00:00:16:391;-1.00;-0.02;0.00;0.0167;-0.01686;-0.000291;-6.783E-05;-89.51;-0.12;100.96;0.41;100.96;0.0167;0.01686;-0.0001606;-17.773;-17.732;-99.990;0.00;-166.88;
2025-11-24 18:09:41.29;0.00:00:16:438;-1.00;-0.02;0.00;0.01668;-0.01682;-0.0002841;-7.416E-05;-89.52;-0.13;100.86;0.44;100.86;0.01668;0.01682;-0.0001435;-17.778;-17.741;-99.990;0.00;-165.37;
2025-11-24 18:09:41.33;0.00:00:16:485;-1.00;-0.02;-0.01;0.01672;-0.01689;-0.0002836;-9.04E-05;-89.52;-0.15;101.03;0.54;101.02;0.01672;0.01689;-0.0001714;-17.768;-17.724;-99.990;0.00;-162.32;
2025-11-24 18:09:41.38;0.00:00:16:532;-1.00;-0.02;0.00;0.0167;-0.01687;-0.0003128;-7.362E-05;-89.47;-0.13;101.00;0.44;101.00;0.0167;0.01687;-0.0001672;-17.772;-17.729;-99.990;0.00;-166.76;
2025-11-24 18:09:41.43;0.00:00:16:579;-1.00;-0.02;0.00;0.01668;-0.01681;-0.0003007;-7.402E-05;-89.49;-0.13;100.80;0.44;100.79;0.01668;0.01681;-0.0001327;-17.779;-17.745;-99.990;0.00;-166.17;
2025-11-24 18:09:41.48;0.00:00:16:629;-1.00;-0.02;0.00;0.01665;-0.01681;-0.0003011;-5.57E-05;-89.49;-0.09;100.96;0.33;100.96;0.01665;0.01681;-0.0001594;-17.786;-17.744;-99.990;0.00;-169.52;
2025-11-24 18:09:41.54;0.00:00:16:687;-1.00;-0.02;0.00;0.01663;-0.01676;-0.0002819;-6.921E-05;-89.52;-0.12;100.79;0.42;100.79;0.01663;0.01676;-0.0001307;-17.792;-17.758;-99.990;0.00;-166.21;
2025-11-24 18:09:41.58;0.00:00:16:734;-1.00;-0.02;0.00;0.01664;-0.01679;-0.0003068;-7.601E-05;-89.48;-0.13;100.88;0.46;100.88;0.01664;0.01679;-0.0001472;-17.788;-17.750;-99.990;0.00;-166.08;
2025-11-24 18:09:41.63;0.00:00:16:780;-1.00;-0.02;0.00;0.01666;-0.01678;-0.0002726;-6.552E-05;-89.53;-0.11;100.79;0.39;100.79;0.01666;0.01679;-0.000131;-17.784;-17.750;-99.990;0.00;-166.48;
2025-11-24 18:09:41.67;0.00:00:16:826;-1.00;-0.02;0.00;0.01666;-0.0168;-0.0002939;-5.643E-05;-89.50;-0.10;100.81;0.34;100.81;0.01666;0.0168;-0.0001347;-17.782;-17.747;-99.990;0.00;-169.13;
2025-11-24 18:09:41.72;0.00:00:16:872;-1.00;-0.01;0.00;0.01664;-0.0168;-0.0002449;-8.222E-05;-89.58;-0.14;100.92;0.49;100.92;0.01664;0.0168;-0.0001529;-17.787;-17.747;-99.990;0.00;-161.44;
2025-11-24 18:09:41.77;0.00:00:16:919;-1.00;-0.02;0.00;0.0167;-0.01685;-0.0002566;-7.87E-05;-89.56;-0.13;100.90;0.47;100.90;0.0167;0.01685;-0.00015;-17.772;-17.733;-99.990;0.00;-162.95;
2025-11-24 18:09:41.81;0.00:00:16:966;-1.00;-0.02;0.00;0.01666;-0.0168;-0.0003133;-5.18E-05;-89.47;-0.09;100.86;0.31;100.86;0.01666;0.01681;-0.000144;-17.782;-17.745;-99.990;0.00;-170.61;
2025-11-24 18:09:41.86;0.00:00:17:014;-1.00;-0.02;-0.01;0.01667;-0.01681;-0.0002712;-8.917E-05;-89.54;-0.15;100.85;0.53;100.85;0.01667;0.01682;-0.0001425;-17.780;-17.743;-99.990;0.00;-161.80;
2025-11-24 18:09:41.91;0.00:00:17:060;-1.00;-0.02;0.00;0.01668;-0.01684;-0.0002744;-6.881E-05;-89.53;-0.12;100.97;0.41;100.97;0.01668;0.01684;-0.0001617;-17.778;-17.736;-99.990;0.00;-165.93;
2025-11-24 18:09:41.96;0.00:00:17:107;-1.00;-0.02;-0.01;0.01661;-0.01676;-0.0002762;-9.326E-05;-89.53;-0.16;100.93;0.56;100.93;0.01661;0.01677;-0.0001544;-17.796;-17.756;-99.990;0.00;-161.35;
2025-11-24 18:09:42.01;0.00:00:17:157;-1.00;-0.02;0.00;0.01666;-0.0168;-0.0002929;-6.526E-05;-89.50;-0.11;100.88;0.39;100.87;0.01666;0.0168;-0.0001458;-17.784;-17.746;-99.990;0.00;-167.44;
2025-11-24 18:09:42.06;0.00:00:17:215;-1.00;-0.02;-0.01;0.01666;-0.01682;-0.0003018;-9.211E-05;-89.49;-0.16;100.95;0.55;100.95;0.01666;0.01682;-0.0001581;-17.783;-17.742;-99.990;0.00;-163.03;
2025-11-24 18:09:42.11;0.00:00:17:262;-1.00;-0.02;0.00;0.01665;-0.0168;-0.0002891;-8.02E-05;-89.51;-0.14;100.91;0.48;100.91;0.01665;0.0168;-0.0001509;-17.786;-17.747;-99.990;0.00;-164.49;
2025-11-24 18:09:42.16;0.00:00:17:309;-1.00;-0.02;0.00;0.01667;-0.01681;-0.0002821;-6.846E-05;-89.52;-0.12;100.86;0.41;100.86;0.01667;0.01682;-0.000143;-17.780;-17.743;-99.990;0.00;-166.36;
2025-11-24 18:09:42.20;0.00:00:17:356;-1.00;-0.02;0.00;0.01668;-0.01683;-0.0002747;-8.328E-05;-89.53;-0.14;100.95;0.50;100.94;0.01668;0.01684;-0.0001577;-17.779;-17.738;-99.990;0.00;-163.13;
2025-11-24 18:09:42.25;0.00:00:17:403;-1.00;-0.02;0.00;0.01666;-0.01681;-0.0002658;-6.781E-05;-89.55;-0.12;100.89;0.41;100.89;0.01666;0.01681;-0.0001489;-17.783;-17.744;-99.990;0.00;-165.69;
2025-11-24 18:09:42.30;0.00:00:17:450;-1.00;-0.02;0.00;0.01666;-0.0168;-0.0003158;-7.146E-05;-89.46;-0.12;100.85;0.43;100.84;0.01666;0.0168;-0.0001408;-17.784;-17.747;-99.990;0.00;-167.25;
2025-11-24 18:09:42.35;0.00:00:17:498;-1.00;-0.02;0.00;0.01668;-0.01682;-0.0002905;-6.827E-05;-89.51;-0.12;100.88;0.41;100.88;0.01668;0.01682;-0.0001466;-17.779;-17.741;-99.990;0.00;-166.77;
2025-11-24 18:09:42.39;0.00:00:17:544;-1.00;-0.02;-0.01;0.01671;-0.01685;-0.0003283;-9.008E-05;-89.44;-0.15;100.88;0.54;100.88;0.01671;0.01686;-0.0001472;-17.771;-17.732;-99.990;0.00;-164.66;
2025-11-24 18:09:42.44;0.00:00:17:591;-1.00;-0.02;0.00;0.01665;-0.0168;-0.0003336;-7.308E-05;-89.43;-0.12;100.89;0.44;100.89;0.01665;0.0168;-0.0001483;-17.785;-17.747;-99.990;0.00;-167.64;
2025-11-24 18:09:42.49;0.00:00:17:638;-1.00;-0.02;0.00;0.01662;-0.01677;-0.0002702;-7.852E-05;-89.54;-0.13;100.90;0.47;100.90;0.01662;0.01677;-0.0001494;-17.793;-17.754;-99.990;0.00;-163.79;
2025-11-24 18:09:42.53;0.00:00:17:686;-1.00;-0.02;0.00;0.01666;-0.0168;-0.0003049;-7.013E-05;-89.48;-0.12;100.87;0.42;100.87;0.01666;0.0168;-0.0001454;-17.784;-17.746;-99.990;0.00;-167.05;
2025-11-24 18:09:42.58;0.00:00:17:732;-1.00;-0.02;0.00;0.0167;-0.01686;-0.0002741;-6.203E-05;-89.53;-0.11;101.01;0.37;101.01;0.0167;0.01687;-0.0001681;-17.773;-17.730;-99.990;0.00;-167.25;
2025-11-24 18:09:42.63;0.00:00:17:786;-1.00;-0.02;-0.01;0.01671;-0.01685;-0.0003047;-8.442E-05;-89.48;-0.14;100.85;0.51;100.85;0.01671;0.01685;-0.0001422;-17.771;-17.734;-99.990;0.00;-164.51;
2025-11-24 18:09:42.69;0.00:00:17:837;-1.00;-0.02;0.00;0.01672;-0.01686;-0.0002895;-6.321E-05;-89.51;-0.11;100.87;0.38;100.87;0.01672;0.01686;-0.0001457;-17.768;-17.730;-99.990;0.00;-167.68;
2025-11-24 18:09:42.74;0.00:00:17:888;-1.00;-0.02;0.00;0.0167;-0.01685;-0.0003052;-6.288E-05;-89.48;-0.11;100.91;0.38;100.91;0.0167;0.01686;-0.0001517;-17.772;-17.732;-99.990;0.00;-168.36;
2025-11-24 18:09:42.79;0.00:00:17:944;-1.00;-0.02;0.00;0.0167;-0.01683;-0.0003076;-7.249E-05;-89.48;-0.12;100.83;0.43;100.83;0.0167;0.01684;-0.0001387;-17.773;-17.737;-99.990;0.00;-166.74;
2025-11-24 18:09:42.86;0.00:00:18:012;-1.00;-0.02;0.00;0.0167;-0.01684;-0.0003102;-7.239E-05;-89.47;-0.12;100.86;0.43;100.86;0.0167;0.01684;-0.0001441;-17.773;-17.735;-99.990;0.00;-166.87;
2025-11-24 18:09:42.91;0.00:00:18:064;-1.00;-0.02;0.00;0.01668;-0.01683;-0.0003113;-5.842E-05;-89.47;-0.10;100.94;0.35;100.94;0.01668;0.01683;-0.0001566;-17.779;-17.738;-99.990;0.00;-169.37;
2025-11-24 18:09:42.96;0.00:00:18:115;-1.00;-0.02;0.00;0.01671;-0.01685;-0.00028;-7.497E-05;-89.52;-0.13;100.85;0.45;100.85;0.01671;0.01685;-0.0001423;-17.771;-17.734;-99.990;0.00;-165.01;
2025-11-24 18:09:43.02;0.00:00:18:167;-1.00;-0.02;0.00;0.01672;-0.01684;-0.0003121;-7.472E-05;-89.47;-0.13;100.75;0.45;100.75;0.01672;0.01685;-0.0001256;-17.767;-17.735;-99.990;0.00;-166.54;
2025-11-24 18:09:43.07;0.00:00:18:218;-1.00;-0.02;-0.01;0.01667;-0.01683;-0.000259;-9.586E-05;-89.56;-0.16;100.95;0.58;100.95;0.01667;0.01683;-0.0001591;-17.781;-17.740;-99.990;0.00;-159.69;
2025-11-24 18:09:43.12;0.00:00:18:269;-1.00;-0.02;-0.01;0.01663;-0.01678;-0.0002681;-9.283E-05;-89.54;-0.16;100.93;0.56;100.93;0.01663;0.01678;-0.0001548;-17.792;-17.752;-99.990;0.00;-160.90;
2025-11-24 18:09:43.17;0.00:00:18:321;-1.00;-0.02;0.00;0.01662;-0.01679;-0.0002952;-8.33E-05;-89.50;-0.14;101.00;0.50;101.00;0.01662;0.01679;-0.000166;-17.793;-17.750;-99.990;0.00;-164.24;
2025-11-24 18:09:43.23;0.00:00:18:377;-1.00;-0.02;0.00;0.01666;-0.01681;-0.0002753;-4.374E-05;-89.53;-0.07;100.93;0.26;100.93;0.01666;0.01681;-0.0001553;-17.784;-17.744;-99.990;0.00;-170.97;
2025-11-24 18:09:43.28;0.00:00:18:433;-1.00;-0.02;-0.01;0.01663;-0.01676;-0.0002967;-0.000116;-89.49;-0.20;100.82;0.70;100.81;0.01663;0.01676;-0.0001359;-17.792;-17.756;-99.990;0.00;-158.65;
2025-11-24 18:09:43.33;0.00:00:18:484;-1.00;-0.02;0.00;0.01668;-0.01683;-0.0002949;-7.352E-05;-89.50;-0.13;100.93;0.44;100.93;0.01668;0.01683;-0.0001547;-17.779;-17.739;-99.990;0.00;-166.00;
2025-11-24 18:09:43.38;0.00:00:18:536;-1.00;-0.02;0.00;0.01671;-0.01686;-0.000282;-6.996E-05;-89.52;-0.12;100.95;0.42;100.95;0.01671;0.01687;-0.0001588;-17.771;-17.730;-99.990;0.00;-166.07;
2025-11-24 18:09:43.44;0.00:00:18:587;-1.00;-0.02;0.00;0.01671;-0.01685;-0.000325;-7.591E-05;-89.45;-0.13;100.88;0.45;100.88;0.01671;0.01686;-0.0001477;-17.771;-17.732;-99.990;0.00;-166.85;
2025-11-24 18:09:43.49;0.00:00:18:639;-1.00;-0.02;0.00;0.01665;-0.01678;-0.0002887;-7.703E-05;-89.51;-0.13;100.81;0.46;100.81;0.01665;0.01678;-0.0001344;-17.786;-17.751;-99.990;0.00;-165.06;
2025-11-24 18:09:43.54;0.00:00:18:690;-1.00;-0.02;0.00;0.01665;-0.01678;-0.0002771;-7.048E-05;-89.53;-0.12;100.84;0.42;100.84;0.01665;0.01679;-0.0001395;-17.787;-17.751;-99.990;0.00;-165.73;
2025-11-24 18:09:43.60;0.00:00:18:752;-1.00;-0.02;0.00;0.01674;-0.01691;-0.0002806;-5.233E-05;-89.52;-0.09;100.99;0.31;100.99;0.01674;0.01691;-0.0001651;-17.761;-17.719;-99.990;0.00;-169.44;
2025-11-24 18:09:43.64;0.00:00:18:794;-1.00;-0.01;0.00;0.01676;-0.01691;-0.0002487;-8.039E-05;-89.58;-0.14;100.91;0.48;100.91;0.01676;0.01691;-0.0001527;-17.757;-17.718;-99.990;0.00;-162.08;
2025-11-24 18:09:43.70;0.00:00:18:853;-1.00;-0.02;0.00;0.01674;-0.01687;-0.0002917;-5.649E-05;-89.50;-0.10;100.81;0.34;100.81;0.01674;0.01687;-0.0001361;-17.763;-17.728;-99.990;0.00;-169.04;
2025-11-24 18:09:43.75;0.00:00:18:904;-1.00;-0.02;0.00;0.01674;-0.0169;-0.0002841;-6.665E-05;-89.52;-0.11;100.97;0.40;100.97;0.01674;0.0169;-0.0001629;-17.762;-17.720;-99.990;0.00;-166.80;
2025-11-24 18:09:43.80;0.00:00:18:955;-1.00;-0.02;0.00;0.01674;-0.0169;-0.0003064;-5.521E-05;-89.48;-0.09;100.97;0.33;100.97;0.01674;0.01691;-0.0001629;-17.761;-17.719;-99.990;0.00;-169.78;
2025-11-24 18:09:43.85;0.00:00:19:006;-1.00;-0.02;0.00;0.0167;-0.01683;-0.0003043;-7.589E-05;-89.48;-0.13;100.76;0.45;100.76;0.0167;0.01683;-0.0001278;-17.773;-17.740;-99.990;0.00;-166.00;
2025-11-24 18:09:43.91;0.00:00:19:057;-1.00;-0.02;0.00;0.01666;-0.0168;-0.0002955;-5.984E-05;-89.50;-0.10;100.84;0.36;100.84;0.01666;0.0168;-0.0001403;-17.783;-17.746;-99.990;0.00;-168.55;
2025-11-24 18:09:43.96;0.00:00:19:108;-1.00;-0.02;-0.01;0.0166;-0.01676;-0.0002952;-8.844E-05;-89.50;-0.15;100.94;0.53;100.94;0.0166;0.01676;-0.0001561;-17.798;-17.757;-99.990;0.00;-163.32;
2025-11-24 18:09:44.01;0.00:00:19:160;-1.00;-0.02;0.00;0.01661;-0.01676;-0.0002584;-6.234E-05;-89.56;-0.11;100.89;0.38;100.89;0.01661;0.01676;-0.0001472;-17.796;-17.758;-99.990;0.00;-166.44;
2025-11-24 18:09:44.07;0.00:00:19:217;-1.00;-0.02;0.00;0.01666;-0.0168;-0.0003286;-7.676E-05;-89.44;-0.13;100.88;0.46;100.88;0.01666;0.01681;-0.0001463;-17.783;-17.745;-99.990;0.00;-166.85;
2025-11-24 18:09:44.12;0.00:00:19:276;-1.00;-0.02;0.00;0.01665;-0.01679;-0.0003235;-6.508E-05;-89.45;-0.11;100.82;0.39;100.82;0.01665;0.01679;-0.0001371;-17.785;-17.750;-99.990;0.00;-168.62;
2025-11-24 18:09:44.18;0.00:00:19:328;-1.00;-0.02;0.00;0.01665;-0.01681;-0.000325;-5.866E-05;-89.45;-0.10;100.99;0.35;100.99;0.01665;0.01681;-0.0001648;-17.787;-17.744;-99.990;0.00;-169.77;
2025-11-24 18:09:44.24;0.00:00:19:390;-1.00;-0.02;0.00;0.01669;-0.01682;-0.0002964;-5.466E-05;-89.50;-0.09;100.80;0.33;100.80;0.01669;0.01683;-0.0001337;-17.775;-17.740;-99.990;0.00;-169.55;
2025-11-24 18:09:44.29;0.00:00:19:442;-1.00;-0.02;0.00;0.01669;-0.01682;-0.0002883;-6.033E-05;-89.51;-0.10;100.79;0.36;100.79;0.01669;0.01682;-0.0001314;-17.776;-17.742;-99.990;0.00;-168.18;
2025-11-24 18:09:44.34;0.00:00:19:491;-1.00;-0.02;0.00;0.01666;-0.01679;-0.0002764;-6.734E-05;-89.53;-0.11;100.79;0.40;100.79;0.01666;0.01679;-0.0001312;-17.783;-17.749;-99.990;0.00;-166.31;
2025-11-24 18:09:44.39;0.00:00:19:544;-1.00;-0.02;0.00;0.0167;-0.01684;-0.0003142;-6.768E-05;-89.47;-0.12;100.91;0.41;100.91;0.0167;0.01685;-0.0001513;-17.774;-17.735;-99.990;0.00;-167.85;
2025-11-24 18:09:44.44;0.00:00:19:595;-1.00;-0.02;0.00;0.0167;-0.01685;-0.0003105;-6.551E-05;-89.47;-0.11;100.88;0.39;100.88;0.0167;0.01685;-0.0001468;-17.772;-17.734;-99.990;0.00;-168.09;
2025-11-24 18:09:44.49;0.00:00:19:646;-1.00;-0.02;0.00;0.0167;-0.01686;-0.0002806;-6.941E-05;-89.52;-0.12;101.00;0.42;101.00;0.0167;0.01687;-0.0001676;-17.773;-17.730;-99.990;0.00;-166.11;
2025-11-24 18:09:44.55;0.00:00:19:698;-1.00;-0.02;0.00;0.01673;-0.01687;-0.0002836;-7.489E-05;-89.52;-0.13;100.86;0.45;100.86;0.01673;0.01687;-0.0001433;-17.766;-17.729;-99.990;0.00;-165.21;
2025-11-24 18:09:44.61;0.00:00:19:761;-1.00;-0.02;0.00;0.01671;-0.01688;-0.0002896;-7.234E-05;-89.51;-0.12;101.01;0.43;101.01;0.01671;0.01688;-0.0001681;-17.770;-17.727;-99.990;0.00;-165.97;
2025-11-24 18:09:44.66;0.00:00:19:812;-1.00;-0.02;0.00;0.01671;-0.01684;-0.0002737;-6.98E-05;-89.53;-0.12;100.77;0.42;100.77;0.01671;0.01684;-0.0001294;-17.770;-17.737;-99.990;0.00;-165.69;
2025-11-24 18:09:44.72;0.00:00:19:868;-1.00;-0.02;0.00;0.01673;-0.01687;-0.0002828;-6.345E-05;-89.52;-0.11;100.90;0.38;100.90;0.01673;0.01688;-0.000151;-17.766;-17.727;-99.990;0.00;-167.36;
2025-11-24 18:09:44.76;0.00:00:19:916;-1.00;-0.02;0.00;0.01672;-0.01685;-0.0002817;-7.139E-05;-89.52;-0.12;100.80;0.43;100.80;0.01672;0.01685;-0.0001343;-17.768;-17.734;-99.990;0.00;-165.78;
2025-11-24 18:09:44.82;0.00:00:19:970;-1.00;-0.02;0.00;0.01668;-0.01682;-0.0003383;-6.583E-05;-89.42;-0.11;100.85;0.39;100.84;0.01668;0.01682;-0.000141;-17.777;-17.741;-99.990;0.00;-168.99;
2025-11-24 18:09:44.88;0.00:00:20:028;-1.00;-0.02;0.00;0.01669;-0.01684;-0.000298;-5.857E-05;-89.49;-0.10;100.88;0.35;100.88;0.01669;0.01684;-0.0001467;-17.774;-17.736;-99.990;0.00;-168.88;
2025-11-24 18:09:44.93;0.00:00:20:083;-1.00;-0.02;0.00;0.01663;-0.01677;-0.0002957;-7.886E-05;-89.50;-0.13;100.87;0.47;100.87;0.01663;0.01677;-0.0001443;-17.791;-17.754;-99.990;0.00;-165.07;
2025-11-24 18:09:44.99;0.00:00:20:144;-1.00;-0.02;-0.01;0.01668;-0.01684;-0.0003013;-0.0001101;-89.49;-0.19;100.98;0.66;100.98;0.01668;0.01684;-0.000164;-17.778;-17.735;-99.990;0.00;-159.93;
2025-11-24 18:09:45.04;0.00:00:20:195;-1.00;-0.02;0.00;0.0167;-0.01685;-0.0003017;-5.662E-05;-89.49;-0.10;100.91;0.34;100.91;0.0167;0.01686;-0.0001525;-17.772;-17.732;-99.990;0.00;-169.37;
2025-11-24 18:09:45.09;0.00:00:20:246;-1.00;-0.02;0.00;0.01667;-0.01681;-0.0002787;-6.711E-05;-89.53;-0.11;100.82;0.40;100.82;0.01667;0.01681;-0.000137;-17.780;-17.744;-99.990;0.00;-166.46;
2025-11-24 18:09:45.15;0.00:00:20:297;-1.00;-0.02;0.00;0.01668;-0.01683;-0.0002978;-7.885E-05;-89.49;-0.13;100.89;0.47;100.89;0.01668;0.01683;-0.0001484;-17.778;-17.739;-99.990;0.00;-165.17;
2025-11-24 18:09:45.21;0.00:00:20:358;-1.00;-0.02;0.00;0.01672;-0.01687;-0.0002781;-6.541E-05;-89.53;-0.11;100.94;0.39;100.94;0.01672;0.01688;-0.0001573;-17.768;-17.727;-99.990;0.00;-166.76;
2025-11-24 18:09:45.26;0.00:00:20:409;-1.00;-0.02;0.00;0.01671;-0.01686;-0.0002729;-7.294E-05;-89.54;-0.12;100.93;0.44;100.93;0.01671;0.01686;-0.0001555;-17.771;-17.731;-99.990;0.00;-165.03;
2025-11-24 18:09:45.31;0.00:00:20:461;-1.00;-0.02;-0.01;0.01674;-0.01692;-0.0002928;-8.774E-05;-89.50;-0.15;101.06;0.52;101.06;0.01674;0.01692;-0.0001776;-17.762;-17.716;-99.990;0.00;-163.32;
2025-11-24 18:09:45.36;0.00:00:20:512;-1.00;-0.02;0.00;0.01675;-0.01691;-0.000263;-8.404E-05;-89.55;-0.14;100.97;0.50;100.96;0.01675;0.01691;-0.0001617;-17.759;-17.718;-99.990;0.00;-162.28;
2025-11-24 18:09:45.42;0.00:00:20:573;-1.00;-0.02;0.00;0.01675;-0.01689;-0.0003002;-6.96E-05;-89.49;-0.12;100.85;0.42;100.85;0.01675;0.01689;-0.0001428;-17.761;-17.724;-99.990;0.00;-166.95;
2025-11-24 18:09:45.47;0.00:00:20:624;-1.00;-0.02;-0.01;0.01673;-0.01687;-0.0003082;-8.608E-05;-89.48;-0.15;100.90;0.51;100.90;0.01673;0.01688;-0.0001508;-17.766;-17.727;-99.990;0.00;-164.39;
2025-11-24 18:09:45.52;0.00:00:20:675;-1.00;-0.02;0.00;0.01673;-0.01688;-0.0002873;-5.877E-05;-89.51;-0.10;100.89;0.35;100.89;0.01673;0.01688;-0.0001482;-17.764;-17.726;-99.990;0.00;-168.44;
2025-11-24 18:09:45.58;0.00:00:20:727;-1.00;-0.02;0.00;0.01667;-0.01684;-0.0002885;-7.977E-05;-89.51;-0.14;101.01;0.48;101.01;0.01667;0.01684;-0.0001679;-17.780;-17.737;-99.990;0.00;-164.54;
2025-11-24 18:09:45.63;0.00:00:20:778;-1.00;-0.02;0.00;0.01666;-0.01681;-0.0003094;-5.775E-05;-89.47;-0.10;100.94;0.35;100.94;0.01666;0.01681;-0.0001569;-17.785;-17.744;-99.990;0.00;-169.43;
2025-11-24 18:09:45.69;0.00:00:20:837;-1.00;-0.02;0.00;0.01668;-0.01681;-0.0003086;-6.934E-05;-89.47;-0.12;100.81;0.42;100.81;0.01668;0.01682;-0.0001352;-17.777;-17.742;-99.990;0.00;-167.33;
2025-11-24 18:09:45.74;0.00:00:20:891;-1.00;-0.02;0.00;0.01675;-0.01687;-0.0003148;-6.593E-05;-89.47;-0.11;100.76;0.39;100.76;0.01675;0.01687;-0.0001268;-17.761;-17.728;-99.990;0.00;-168.17;
2025-11-24 18:09:45.79;0.00:00:20:942;-1.00;-0.01;0.00;0.0167;-0.01683;-0.0002424;-5.611E-05;-89.59;-0.10;100.77;0.34;100.77;0.0167;0.01683;-0.0001286;-17.772;-17.738;-99.990;0.00;-166.97;
2025-11-24 18:09:45.84;0.00:00:20:994;-1.00;-0.01;0.00;0.01678;-0.01693;-0.0002502;-7.33E-05;-89.58;-0.12;100.86;0.44;100.86;0.01678;0.01693;-0.0001441;-17.751;-17.714;-99.990;0.00;-163.67;
2025-11-24 18:09:45.89;0.00:00:21:045;-1.00;-0.02;0.00;0.0168;-0.01696;-0.0002942;-6.027E-05;-89.50;-0.10;101.00;0.36;101.00;0.0168;0.01697;-0.0001688;-17.747;-17.704;-99.990;0.00;-168.42;
2025-11-24 18:09:45.95;0.00:00:21:103;-1.00;-0.02;0.00;0.01679;-0.01694;-0.0002907;-6.83E-05;-89.51;-0.12;100.88;0.41;100.88;0.01679;0.01694;-0.0001472;-17.749;-17.711;-99.990;0.00;-166.78;
2025-11-24 18:09:46.01;0.00:00:21:157;-1.00;-0.02;0.00;0.01675;-0.01688;-0.0002879;-4.974E-05;-89.51;-0.08;100.78;0.30;100.78;0.01675;0.01688;-0.0001302;-17.759;-17.725;-99.990;0.00;-170.20;
2025-11-24 18:09:46.06;0.00:00:21:212;-1.00;-0.02;0.00;0.01675;-0.0169;-0.0002804;-8.346E-05;-89.52;-0.14;100.91;0.50;100.91;0.01675;0.0169;-0.0001524;-17.760;-17.720;-99.990;0.00;-163.43;
2025-11-24 18:09:46.11;0.00:00:21:259;-1.00;-0.02;0.00;0.01673;-0.01688;-0.0002847;-7.659E-05;-89.52;-0.13;100.92;0.46;100.92;0.01673;0.01689;-0.0001545;-17.764;-17.725;-99.990;0.00;-164.94;
2025-11-24 18:09:46.16;0.00:00:21:310;-1.00;-0.02;0.00;0.01672;-0.01688;-0.0003531;-5.989E-05;-89.40;-0.10;100.98;0.36;100.98;0.01672;0.01688;-0.0001638;-17.768;-17.726;-99.990;0.00;-170.37;
2025-11-24 18:09:46.21;0.00:00:21:362;-1.00;-0.02;0.00;0.01667;-0.0168;-0.0002732;-6.21E-05;-89.53;-0.11;100.79;0.37;100.79;0.01667;0.0168;-0.0001318;-17.781;-17.747;-99.990;0.00;-167.19;
2025-11-24 18:09:46.26;0.00:00:21:412;-1.00;-0.02;0.00;0.0167;-0.01684;-0.0002811;-7.924E-05;-89.52;-0.13;100.86;0.47;100.86;0.0167;0.01685;-0.0001432;-17.772;-17.735;-99.990;0.00;-164.26;
2025-11-24 18:09:46.31;0.00:00:21:463;-1.00;-0.02;0.00;0.01671;-0.01685;-0.0002817;-5.576E-05;-89.52;-0.09;100.81;0.33;100.81;0.01671;0.01685;-0.0001357;-17.769;-17.734;-99.990;0.00;-168.80;
2025-11-24 18:09:46.36;0.00:00:21:514;-1.00;-0.02;-0.01;0.01671;-0.01684;-0.0003043;-8.852E-05;-89.48;-0.15;100.80;0.53;100.80;0.01671;0.01685;-0.0001338;-17.770;-17.735;-99.990;0.00;-163.78;
2025-11-24 18:09:46.41;0.00:00:21:565;-1.00;-0.02;0.00;0.01671;-0.01687;-0.0002732;-7.225E-05;-89.54;-0.12;100.93;0.43;100.93;0.01671;0.01687;-0.0001559;-17.769;-17.729;-99.990;0.00;-165.19;
2025-11-24 18:09:46.47;0.00:00:21:626;-1.00;-0.02;-0.01;0.01674;-0.01689;-0.0002715;-8.577E-05;-89.54;-0.15;100.91;0.51;100.91;0.01674;0.01689;-0.0001526;-17.763;-17.723;-99.990;0.00;-162.47;
2025-11-24 18:09:46.54;0.00:00:21:688;-1.00;-0.02;0.00;0.01678;-0.01692;-0.0002795;-6.699E-05;-89.53;-0.11;100.86;0.40;100.86;0.01678;0.01693;-0.0001438;-17.751;-17.714;-99.990;0.00;-166.52;
2025-11-24 18:09:46.59;0.00:00:21:739;-1.00;-0.02;0.00;0.01673;-0.01688;-0.0003121;-6.244E-05;-89.47;-0.11;100.90;0.37;100.90;0.01673;0.01688;-0.00015;-17.765;-17.726;-99.990;0.00;-168.69;
2025-11-24 18:09:46.63;0.00:00:21:786;-1.00;-0.02;0.00;0.01671;-0.01685;-0.0002822;-6.539E-05;-89.52;-0.11;100.88;0.39;100.88;0.01671;0.01685;-0.0001469;-17.771;-17.733;-99.990;0.00;-166.95;
2025-11-24 18:09:46.69;0.00:00:21:837;-1.00;-0.02;0.00;0.01675;-0.01689;-0.0002611;-8.224E-05;-89.56;-0.14;100.85;0.49;100.85;0.01675;0.0169;-0.0001429;-17.759;-17.722;-99.990;0.00;-162.52;
2025-11-24 18:09:46.74;0.00:00:21:888;-1.00;-0.02;0.00;0.01674;-0.01687;-0.0002805;-6.808E-05;-89.52;-0.12;100.78;0.41;100.78;0.01674;0.01687;-0.0001304;-17.762;-17.729;-99.990;0.00;-166.36;
2025-11-24 18:09:46.79;0.00:00:21:939;-1.00;-0.02;0.00;0.01672;-0.01687;-0.0003038;-7.351E-05;-89.48;-0.12;100.94;0.44;100.94;0.01672;0.01687;-0.0001569;-17.768;-17.728;-99.990;0.00;-166.40;
2025-11-24 18:09:46.84;0.00:00:21:991;-1.00;-0.02;0.00;0.01672;-0.01687;-0.0002895;-6.418E-05;-89.51;-0.11;100.91;0.38;100.91;0.01672;0.01687;-0.0001515;-17.767;-17.728;-99.990;0.00;-167.50;
2025-11-24 18:09:46.89;0.00:00:22:041;-1.00;-0.02;0.00;0.01669;-0.01684;-0.0002842;-5.127E-05;-89.52;-0.09;100.91;0.31;100.91;0.01669;0.01684;-0.0001523;-17.776;-17.736;-99.990;0.00;-169.77;
2025-11-24 18:09:46.95;0.00:00:22:103;-1.00;-0.02;0.00;0.01671;-0.01686;-0.0002717;-6.765E-05;-89.54;-0.11;100.92;0.40;100.92;0.01671;0.01686;-0.0001534;-17.771;-17.732;-99.990;0.00;-166.02;
2025-11-24 18:09:47.00;0.00:00:22:154;-1.00;-0.02;0.00;0.01668;-0.01683;-0.0002978;-7.977E-05;-89.49;-0.14;100.94;0.48;100.94;0.01668;0.01684;-0.0001567;-17.778;-17.738;-99.990;0.00;-165.00;
2025-11-24 18:09:47.05;0.00:00:22:205;-1.00;-0.02;0.00;0.01668;-0.01682;-0.0003195;-7.679E-05;-89.46;-0.13;100.86;0.46;100.86;0.01668;0.01683;-0.0001436;-17.777;-17.740;-99.990;0.00;-166.49;
2025-11-24 18:09:47.11;0.00:00:22:257;-1.00;-0.02;0.00;0.01672;-0.01688;-0.0003001;-5.847E-05;-89.49;-0.10;100.98;0.35;100.98;0.01672;0.01689;-0.0001636;-17.767;-17.725;-99.990;0.00;-168.97;
2025-11-24 18:09:47.17;0.00:00:22:319;-1.00;-0.02;0.00;0.01673;-0.01686;-0.0002952;-8.28E-05;-89.50;-0.14;100.80;0.49;100.79;0.01673;0.01686;-0.0001331;-17.765;-17.730;-99.990;0.00;-164.33;
2025-11-24 18:09:47.22;0.00:00:22:370;-1.00;-0.02;0.00;0.01674;-0.01687;-0.0003029;-5.352E-05;-89.49;-0.09;100.84;0.32;100.84;0.01674;0.01688;-0.0001408;-17.763;-17.727;-99.990;0.00;-169.98;
2025-11-24 18:09:47.27;0.00:00:22:421;-1.00;-0.02;0.00;0.0167;-0.01685;-0.0002704;-7.168E-05;-89.54;-0.12;100.92;0.43;100.92;0.0167;0.01685;-0.000153;-17.773;-17.734;-99.990;0.00;-165.16;
2025-11-24 18:09:47.32;0.00:00:22:473;-1.00;-0.02;0.00;0.01675;-0.01689;-0.0002745;-8.393E-05;-89.53;-0.14;100.85;0.50;100.85;0.01675;0.01689;-0.0001421;-17.759;-17.723;-99.990;0.00;-163.00;
2025-11-24 18:09:47.38;0.00:00:22:534;-1.00;-0.02;0.00;0.01673;-0.01688;-0.0003091;-6.65E-05;-89.48;-0.11;100.89;0.40;100.89;0.01673;0.01688;-0.0001489;-17.764;-17.725;-99.990;0.00;-167.86;
2025-11-24 18:09:47.43;0.00:00:22:585;-1.00;-0.02;0.00;0.01675;-0.0169;-0.0002756;-6.881E-05;-89.53;-0.12;100.91;0.41;100.91;0.01675;0.0169;-0.0001521;-17.761;-17.722;-99.990;0.00;-165.98;
2025-11-24 18:09:47.50;0.00:00:22:647;-1.00;-0.02;0.00;0.01677;-0.01691;-0.0003097;-6.819E-05;-89.48;-0.12;100.82;0.41;100.81;0.01677;0.01691;-0.0001367;-17.754;-17.719;-99.990;0.00;-167.58;
2025-11-24 18:09:47.55;0.00:00:22:699;-1.00;-0.02;0.00;0.01677;-0.01692;-0.0002803;-6.866E-05;-89.53;-0.12;100.87;0.41;100.87;0.01677;0.01692;-0.0001458;-17.754;-17.716;-99.990;0.00;-166.23;
2025-11-24 18:09:47.61;0.00:00:22:761;-1.00;-0.02;0.00;0.01676;-0.01692;-0.000289;-7.572E-05;-89.51;-0.13;100.97;0.45;100.97;0.01676;0.01692;-0.000162;-17.757;-17.716;-99.990;0.00;-165.32;
2025-11-24 18:09:47.66;0.00:00:22:808;-1.00;-0.02;0.00;0.01677;-0.01693;-0.0002816;-5.578E-05;-89.52;-0.09;100.97;0.33;100.97;0.01677;0.01693;-0.0001631;-17.755;-17.713;-99.990;0.00;-168.80;
2025-11-24 18:09:47.70;0.00:00:22:853;-1.00;-0.02;0.00;0.01676;-0.01692;-0.0002877;-5.534E-05;-89.51;-0.09;100.97;0.33;100.97;0.01676;0.01693;-0.0001623;-17.756;-17.714;-99.990;0.00;-169.11;
2025-11-24 18:09:47.75;0.00:00:22:904;-1.00;-0.02;0.00;0.01673;-0.01687;-0.0003084;-7.093E-05;-89.48;-0.12;100.85;0.42;100.85;0.01673;0.01688;-0.0001419;-17.764;-17.727;-99.990;0.00;-167.05;
2025-11-24 18:09:47.81;0.00:00:22:966;-1.00;-0.02;0.00;0.01673;-0.01689;-0.0002817;-5.525E-05;-89.52;-0.09;101.00;0.33;101.00;0.01673;0.0169;-0.0001668;-17.765;-17.722;-99.990;0.00;-168.90;
2025-11-24 18:09:47.87;0.00:00:23:019;-1.00;-0.02;0.00;0.01672;-0.01687;-0.0003111;-8.272E-05;-89.47;-0.14;100.94;0.49;100.94;0.01672;0.01688;-0.0001572;-17.768;-17.728;-99.990;0.00;-165.11;
2025-11-24 18:09:47.93;0.00:00:23:078;-1.00;-0.02;0.00;0.01671;-0.01684;-0.0003065;-5.41E-05;-89.48;-0.09;100.82;0.32;100.82;0.01671;0.01684;-0.0001368;-17.771;-17.736;-99.990;0.00;-169.99;
2025-11-24 18:09:47.98;0.00:00:23:129;-1.00;-0.02;0.00;0.01671;-0.01684;-0.0002902;-6.912E-05;-89.51;-0.12;100.80;0.41;100.80;0.01671;0.01684;-0.0001333;-17.771;-17.737;-99.990;0.00;-166.60;
2025-11-24 18:09:48.03;0.00:00:23:180;-1.00;-0.02;0.00;0.01665;-0.01679;-0.0002967;-6.333E-05;-89.49;-0.11;100.83;0.38;100.83;0.01665;0.01679;-0.0001391;-17.785;-17.749;-99.990;0.00;-167.95;
2025-11-24 18:09:48.08;0.00:00:23:231;-1.00;-0.02;0.00;0.01671;-0.01687;-0.000298;-8.375E-05;-89.49;-0.14;100.95;0.50;100.95;0.01671;0.01687;-0.0001591;-17.770;-17.729;-99.990;0.00;-164.30;
2025-11-24 18:09:48.13;0.00:00:23:284;-1.00;-0.02;0.00;0.01675;-0.0169;-0.0002581;-7.331E-05;-89.56;-0.12;100.87;0.44;100.87;0.01675;0.0169;-0.0001454;-17.759;-17.721;-99.990;0.00;-164.14;
2025-11-24 18:09:48.19;0.00:00:23:345;-1.00;-0.02;0.00;0.01677;-0.0169;-0.0003003;-4.369E-05;-89.49;-0.07;100.79;0.26;100.79;0.01677;0.0169;-0.0001321;-17.755;-17.721;-99.990;0.00;-171.72;
2025-11-24 18:09:48.25;0.00:00:23:397;-1.00;-0.02;0.00;0.01673;-0.01689;-0.0002954;-8.024E-05;-89.50;-0.14;100.95;0.48;100.95;0.01673;0.01689;-0.0001597;-17.765;-17.723;-99.990;0.00;-164.81;
2025-11-24 18:09:48.30;0.00:00:23:448;-1.00;-0.02;0.00;0.01673;-0.01688;-0.0002764;-6.527E-05;-89.53;-0.11;100.90;0.39;100.90;0.01673;0.01688;-0.0001502;-17.764;-17.725;-99.990;0.00;-166.71;
2025-11-24 18:09:48.34;0.00:00:23:495;-1.00;-0.02;0.00;0.01674;-0.01688;-0.0002721;-6.262E-05;-89.54;-0.11;100.88;0.37;100.88;0.01674;0.01688;-0.000147;-17.763;-17.725;-99.990;0.00;-167.04;
2025-11-24 18:09:48.39;0.00:00:23:540;-1.00;-0.02;0.00;0.01671;-0.01685;-0.0002925;-7.066E-05;-89.50;-0.12;100.89;0.42;100.89;0.01671;0.01686;-0.0001486;-17.771;-17.732;-99.990;0.00;-166.42;
2025-11-24 18:09:48.45;0.00:00:23:602;-1.00;-0.02;-0.01;0.01668;-0.01683;-0.0003345;-8.49E-05;-89.43;-0.14;100.91;0.51;100.90;0.01668;0.01683;-0.000151;-17.779;-17.739;-99.990;0.00;-165.76;
2025-11-24 18:09:48.50;0.00:00:23:653;-1.00;-0.02;0.00;0.01668;-0.01684;-0.0003061;-7.516E-05;-89.48;-0.13;100.95;0.45;100.95;0.01668;0.01684;-0.0001579;-17.778;-17.737;-99.990;0.00;-166.20;
2025-11-24 18:09:48.55;0.00:00:23:705;-1.00;-0.02;0.00;0.0167;-0.01687;-0.0003029;-6.644E-05;-89.49;-0.11;101.08;0.40;101.07;0.0167;0.01688;-0.0001795;-17.774;-17.728;-99.990;0.00;-167.63;
2025-11-24 18:09:48.60;0.00:00:23:755;-1.00;-0.02;0.00;0.01663;-0.01677;-0.0002992;-8.257E-05;-89.49;-0.14;100.83;0.50;100.83;0.01663;0.01677;-0.0001383;-17.790;-17.754;-99.990;0.00;-164.57;
2025-11-24 18:09:48.65;0.00:00:23:802;-1.00;-0.02;0.00;0.01663;-0.01678;-0.0002874;-5.704E-05;-89.51;-0.10;100.88;0.34;100.88;0.01663;0.01678;-0.0001459;-17.790;-17.752;-99.990;0.00;-168.77;
2025-11-24 18:09:48.70;0.00:00:23:849;-1.00;-0.02;-0.01;0.01672;-0.01685;-0.0002863;-8.618E-05;-89.51;-0.15;100.82;0.52;100.82;0.01672;0.01685;-0.0001377;-17.769;-17.733;-99.990;0.00;-163.25;
2025-11-24 18:09:48.75;0.00:00:23:897;-1.00;-0.02;0.00;0.01674;-0.0169;-0.0002802;-7.531E-05;-89.53;-0.13;100.98;0.45;100.98;0.01674;0.0169;-0.0001646;-17.762;-17.720;-99.990;0.00;-164.96;
2025-11-24 18:09:48.79;0.00:00:23:943;-1.00;-0.02;0.00;0.01676;-0.01691;-0.0002946;-6.48E-05;-89.50;-0.11;100.92;0.39;100.92;0.01676;0.01692;-0.0001536;-17.756;-17.717;-99.990;0.00;-167.60;
2025-11-24 18:09:48.84;0.00:00:23:990;-1.00;-0.02;0.00;0.01675;-0.0169;-0.0002733;-5.654E-05;-89.54;-0.10;100.91;0.34;100.91;0.01675;0.01691;-0.0001529;-17.759;-17.719;-99.990;0.00;-168.31;
2025-11-24 18:09:48.88;0.00:00:24:036;-1.00;-0.02;0.00;0.01672;-0.01686;-0.0003019;-5.84E-05;-89.49;-0.10;100.85;0.35;100.85;0.01672;0.01687;-0.0001428;-17.767;-17.730;-99.990;0.00;-169.05;
2025-11-24 18:09:48.93;0.00:00:24:083;-1.00;-0.02;0.00;0.01673;-0.01687;-0.000292;-6.853E-05;-89.50;-0.12;100.85;0.41;100.85;0.01673;0.01687;-0.0001419;-17.765;-17.729;-99.990;0.00;-166.79;
2025-11-24 18:09:48.98;0.00:00:24:130;-1.00;-0.02;0.00;0.01671;-0.01685;-0.0002886;-8.183E-05;-89.51;-0.14;100.81;0.49;100.81;0.01671;0.01685;-0.0001359;-17.770;-17.734;-99.990;0.00;-164.17;
2025-11-24 18:09:49.03;0.00:00:24:181;-1.00;-0.01;0.00;0.0167;-0.01684;-0.0002501;-7.353E-05;-89.57;-0.13;100.84;0.44;100.84;0.0167;0.01684;-0.0001402;-17.772;-17.736;-99.990;0.00;-163.62;
2025-11-24 18:09:49.09;0.00:00:24:240;-1.00;-0.02;0.00;0.01671;-0.01684;-0.0003186;-7.269E-05;-89.46;-0.12;100.83;0.44;100.83;0.01671;0.01685;-0.0001382;-17.770;-17.735;-99.990;0.00;-167.15;
2025-11-24 18:09:49.14;0.00:00:24:287;-1.00;-0.02;0.00;0.0167;-0.01684;-0.0002879;-8.174E-05;-89.51;-0.14;100.86;0.49;100.86;0.0167;0.01684;-0.000144;-17.773;-17.736;-99.990;0.00;-164.15;
2025-11-24 18:09:49.18;0.00:00:24:334;-1.00;-0.02;0.00;0.01671;-0.01685;-0.0003114;-6.161E-05;-89.47;-0.10;100.87;0.37;100.87;0.01671;0.01686;-0.0001457;-17.770;-17.733;-99.990;0.00;-168.81;
2025-11-24 18:09:49.23;0.00:00:24:381;-1.00;-0.02;0.00;0.01674;-0.01689;-0.0002859;-7.21E-05;-89.52;-0.12;100.89;0.43;100.89;0.01674;0.01689;-0.0001491;-17.762;-17.724;-99.990;0.00;-165.84;
2025-11-24 18:09:49.28;0.00:00:24:428;-1.00;-0.02;0.00;0.01674;-0.01687;-0.0002856;-7.422E-05;-89.52;-0.13;100.83;0.44;100.83;0.01674;0.01687;-0.0001394;-17.764;-17.728;-99.990;0.00;-165.43;
2025-11-24 18:09:49.32;0.00:00:24:475;-1.00;-0.02;0.00;0.01673;-0.01687;-0.0002877;-6.835E-05;-89.51;-0.12;100.85;0.41;100.85;0.01673;0.01687;-0.0001418;-17.766;-17.729;-99.990;0.00;-166.64;
2025-11-24 18:09:49.37;0.00:00:24:523;-1.00;-0.02;0.00;0.01668;-0.01683;-0.0002937;-6.031E-05;-89.50;-0.10;100.87;0.36;100.87;0.01668;0.01683;-0.0001449;-17.777;-17.739;-99.990;0.00;-168.39;
2025-11-24 18:09:49.42;0.00:00:24:570;-1.00;-0.02;-0.01;0.0167;-0.01684;-0.0002769;-9.174E-05;-89.53;-0.16;100.83;0.55;100.83;0.0167;0.01684;-0.0001389;-17.772;-17.736;-99.990;0.00;-161.67;
2025-11-24 18:09:49.46;0.00:00:24:616;-1.00;-0.02;0.00;0.01671;-0.01685;-0.0003005;-7.149E-05;-89.49;-0.12;100.88;0.43;100.88;0.01671;0.01685;-0.0001465;-17.771;-17.733;-99.990;0.00;-166.62;
2025-11-24 18:09:49.51;0.00:00:24:663;-1.00;-0.02;0.00;0.01672;-0.01687;-0.0003132;-7.443E-05;-89.47;-0.13;100.88;0.45;100.88;0.01672;0.01687;-0.0001465;-17.766;-17.729;-99.990;0.00;-166.63;
2025-11-24 18:09:49.56;0.00:00:24:711;-1.00;-0.02;0.00;0.01669;-0.01682;-0.0003242;-6.366E-05;-89.45;-0.11;100.77;0.38;100.77;0.01669;0.01682;-0.0001289;-17.775;-17.742;-99.990;0.00;-168.89;
2025-11-24 18:09:49.61;0.00:00:24:758;-1.00;-0.02;0.00;0.01676;-0.01694;-0.0002835;-5.877E-05;-89.52;-0.10;101.09;0.35;101.09;0.01676;0.01694;-0.0001829;-17.757;-17.710;-99.990;0.00;-168.29;
2025-11-24 18:09:49.65;0.00:00:24:805;-1.00;-0.02;-0.01;0.01676;-0.0169;-0.0002848;-9.222E-05;-89.52;-0.16;100.87;0.55;100.87;0.01676;0.0169;-0.0001453;-17.758;-17.721;-99.990;0.00;-162.06;
2025-11-24 18:09:49.70;0.00:00:24:851;-1.00;-0.02;0.00;0.01671;-0.01685;-0.0003231;-7.386E-05;-89.45;-0.13;100.86;0.44;100.86;0.01671;0.01686;-0.0001444;-17.770;-17.733;-99.990;0.00;-167.12;
2025-11-24 18:09:49.75;0.00:00:24:897;-1.00;-0.02;-0.01;0.01665;-0.0168;-0.0003004;-9.409E-05;-89.49;-0.16;100.92;0.56;100.92;0.01665;0.01681;-0.000153;-17.785;-17.745;-99.990;0.00;-162.61;
2025-11-24 18:09:49.79;0.00:00:24:944;-1.00;-0.02;0.00;0.01669;-0.01684;-0.000295;-5.7E-05;-89.50;-0.10;100.91;0.34;100.91;0.01669;0.01684;-0.0001521;-17.776;-17.736;-99.990;0.00;-169.06;
2025-11-24 18:09:49.84;0.00:00:24:991;-1.00;-0.02;0.00;0.01668;-0.01682;-0.0002794;-5.969E-05;-89.52;-0.10;100.86;0.36;100.86;0.01668;0.01682;-0.0001438;-17.779;-17.742;-99.990;0.00;-167.94;
2025-11-24 18:09:49.89;0.00:00:25:037;-1.00;-0.02;0.00;0.01667;-0.01681;-0.0002798;-5.973E-05;-89.52;-0.10;100.86;0.36;100.86;0.01667;0.01681;-0.0001433;-17.781;-17.744;-99.990;0.00;-167.95;
2025-11-24 18:09:49.93;0.00:00:25:084;-1.00;-0.02;0.00;0.01667;-0.01682;-0.00035;-5.639E-05;-89.40;-0.10;100.92;0.34;100.92;0.01667;0.01683;-0.0001534;-17.780;-17.740;-99.990;0.00;-170.85;
2025-11-24 18:09:49.98;0.00:00:25:130;-1.00;-0.02;0.00;0.01666;-0.01678;-0.0002689;-6.701E-05;-89.54;-0.11;100.75;0.40;100.75;0.01666;0.01678;-0.0001249;-17.784;-17.752;-99.990;0.00;-166.01;
2025-11-24 18:09:50.03;0.00:00:25:177;-1.00;-0.02;-0.01;0.01669;-0.01683;-0.0002956;-9.269E-05;-89.50;-0.16;100.86;0.56;100.86;0.01669;0.01684;-0.0001435;-17.774;-17.737;-99.990;0.00;-162.59;
2025-11-24 18:09:50.07;0.00:00:25:225;-1.00;-0.02;0.00;0.01674;-0.01689;-0.000317;-6.767E-05;-89.46;-0.11;100.91;0.40;100.91;0.01674;0.01689;-0.0001517;-17.763;-17.724;-99.990;0.00;-167.95;
2025-11-24 18:09:50.12;0.00:00:25:273;-1.00;-0.02;0.00;0.0167;-0.01686;-0.0003179;-5.639E-05;-89.46;-0.10;100.94;0.34;100.94;0.0167;0.01686;-0.0001565;-17.772;-17.731;-99.990;0.00;-169.94;
2025-11-24 18:09:50.17;0.00:00:25:321;-1.00;-0.02;0.00;0.01667;-0.01683;-0.0002934;-8.051E-05;-89.50;-0.14;100.95;0.48;100.95;0.01667;0.01683;-0.0001581;-17.780;-17.739;-99.990;0.00;-164.66;
2025-11-24 18:09:50.22;0.00:00:25:367;-1.00;-0.02;0.00;0.01671;-0.01686;-0.0002736;-6.461E-05;-89.54;-0.11;100.91;0.39;100.91;0.01671;0.01686;-0.0001516;-17.771;-17.732;-99.990;0.00;-166.71;
2025-11-24 18:09:50.26;0.00:00:25:414;-1.00;-0.02;0.00;0.01672;-0.01685;-0.0002908;-6.313E-05;-89.51;-0.11;100.83;0.38;100.82;0.01672;0.01685;-0.000138;-17.769;-17.733;-99.990;0.00;-167.75;
2025-11-24 18:09:50.31;0.00:00:25:462;-1.00;-0.02;0.00;0.01673;-0.01686;-0.0002667;-7.621E-05;-89.55;-0.13;100.84;0.46;100.83;0.01673;0.01686;-0.0001398;-17.766;-17.730;-99.990;0.00;-164.05;
2025-11-24 18:09:50.36;0.00:00:25:514;-1.00;-0.02;0.00;0.01671;-0.01686;-0.00033;-6.939E-05;-89.44;-0.12;100.90;0.42;100.90;0.01671;0.01686;-0.0001509;-17.769;-17.730;-99.990;0.00;-168.13;
2025-11-24 18:09:50.42;0.00:00:25:570;-1.00;-0.02;0.00;0.01668;-0.01682;-0.0002838;-5.967E-05;-89.52;-0.10;100.87;0.36;100.87;0.01668;0.01682;-0.0001446;-17.778;-17.740;-99.990;0.00;-168.13;
2025-11-24 18:09:50.47;0.00:00:25:617;-1.00;-0.02;0.00;0.01669;-0.01682;-0.0002709;-7.85E-05;-89.54;-0.13;100.77;0.47;100.77;0.01669;0.01682;-0.000128;-17.775;-17.741;-99.990;0.00;-163.84;
2025-11-24 18:09:50.51;0.00:00:25:663;-1.00;-0.02;0.00;0.01667;-0.01683;-0.0003127;-5.962E-05;-89.47;-0.10;100.94;0.36;100.94;0.01667;0.01683;-0.0001569;-17.780;-17.739;-99.990;0.00;-169.21;
2025-11-24 18:09:50.56;0.00:00:25:709;-1.00;-0.02;0.00;0.01665;-0.01681;-0.0002804;-6.398E-05;-89.52;-0.11;100.94;0.38;100.94;0.01665;0.01681;-0.000156;-17.785;-17.744;-99.990;0.00;-167.15;
2025-11-24 18:09:50.61;0.00:00:25:756;-1.00;-0.02;-0.01;0.01665;-0.01679;-0.0003085;-8.432E-05;-89.47;-0.14;100.87;0.51;100.87;0.01665;0.0168;-0.0001448;-17.785;-17.748;-99.990;0.00;-164.71;
2025-11-24 18:09:50.65;0.00:00:25:804;-1.00;-0.02;0.00;0.01665;-0.01679;-0.0003247;-7.103E-05;-89.45;-0.12;100.83;0.43;100.83;0.01665;0.01679;-0.0001382;-17.786;-17.750;-99.990;0.00;-167.66;
2025-11-24 18:09:50.70;0.00:00:25:851;-1.00;-0.02;0.00;0.0166;-0.01673;-0.0002917;-7.337E-05;-89.50;-0.13;100.76;0.44;100.76;0.0166;0.01673;-0.0001265;-17.798;-17.765;-99.990;0.00;-165.88;
2025-11-24 18:09:50.75;0.00:00:25:897;-1.00;-0.02;0.00;0.01672;-0.01688;-0.0003117;-8.427E-05;-89.47;-0.14;100.97;0.50;100.96;0.01672;0.01688;-0.0001615;-17.768;-17.727;-99.990;0.00;-164.87;
2025-11-24 18:09:50.80;0.00:00:25:948;-1.00;-0.02;-0.01;0.01673;-0.01685;-0.0003194;-9.338E-05;-89.46;-0.16;100.72;0.56;100.72;0.01673;0.01685;-0.0001202;-17.765;-17.734;-99.990;0.00;-163.70;
2025-11-24 18:09:50.86;0.00:00:26:007;-1.00;-0.02;0.00;0.01679;-0.01694;-0.0002785;-6.565E-05;-89.53;-0.11;100.92;0.39;100.92;0.01679;0.01694;-0.0001551;-17.750;-17.710;-99.990;0.00;-166.74;
2025-11-24 18:09:50.91;0.00:00:26:057;-1.00;-0.02;0.00;0.01675;-0.01689;-0.000278;-6.717E-05;-89.53;-0.11;100.86;0.40;100.86;0.01675;0.01689;-0.0001443;-17.761;-17.723;-99.990;0.00;-166.42;
2025-11-24 18:09:50.97;0.00:00:26:118;-1.00;-0.02;0.00;0.0167;-0.01683;-0.000309;-7.094E-05;-89.47;-0.12;100.85;0.42;100.85;0.0167;0.01684;-0.0001424;-17.774;-17.737;-99.990;0.00;-167.07;
2025-11-24 18:09:51.01;0.00:00:26:165;-1.00;-0.02;0.00;0.01667;-0.01682;-0.0002726;-7.996E-05;-89.54;-0.14;100.91;0.48;100.91;0.01667;0.01683;-0.0001522;-17.779;-17.740;-99.990;0.00;-163.65;
2025-11-24 18:09:51.06;0.00:00:26:212;-1.00;-0.02;0.00;0.0167;-0.01684;-0.0002556;-6.466E-05;-89.57;-0.11;100.89;0.39;100.89;0.0167;0.01685;-0.0001484;-17.773;-17.735;-99.990;0.00;-165.80;
2025-11-24 18:09:51.11;0.00:00:26:262;-1.00;-0.02;0.00;0.0167;-0.01685;-0.000295;-7.56E-05;-89.50;-0.13;100.91;0.45;100.91;0.0167;0.01685;-0.000152;-17.773;-17.734;-99.990;0.00;-165.63;
2025-11-24 18:09:51.17;0.00:00:26:320;-1.00;-0.02;0.00;0.01668;-0.01683;-0.0002936;-7.022E-05;-89.50;-0.12;100.92;0.42;100.92;0.01668;0.01684;-0.0001541;-17.778;-17.738;-99.990;0.00;-166.55;
2025-11-24 18:09:51.21;0.00:00:26:366;-1.00;-0.02;0.00;0.01664;-0.01677;-0.0002957;-7.191E-05;-89.49;-0.12;100.81;0.43;100.81;0.01664;0.01677;-0.0001353;-17.789;-17.754;-99.990;0.00;-166.33;
2025-11-24 18:09:51.26;0.00:00:26:413;-1.00;-0.02;-0.01;0.01668;-0.01684;-0.0002841;-9.758E-05;-89.52;-0.17;100.99;0.59;100.98;0.01668;0.01684;-0.0001643;-17.779;-17.736;-99.990;0.00;-161.04;
2025-11-24 18:09:51.31;0.00:00:26:458;-1.00;-0.02;0.00;0.01669;-0.01683;-0.0003442;-5.138E-05;-89.41;-0.09;100.84;0.31;100.84;0.01669;0.01683;-0.0001395;-17.775;-17.739;-99.990;0.00;-171.51;
2025-11-24 18:09:51.35;0.00:00:26:505;-1.00;-0.02;0.00;0.01673;-0.01688;-0.0002737;-6.871E-05;-89.54;-0.12;100.88;0.41;100.88;0.01673;0.01688;-0.0001477;-17.765;-17.727;-99.990;0.00;-165.91;
2025-11-24 18:09:51.40;0.00:00:26:552;-1.00;-0.02;0.00;0.0167;-0.01683;-0.0003029;-6.254E-05;-89.48;-0.11;100.84;0.37;100.84;0.0167;0.01684;-0.0001396;-17.774;-17.737;-99.990;0.00;-168.33;
2025-11-24 18:09:51.45;0.00:00:26:599;-1.00;-0.02;0.00;0.01672;-0.01686;-0.0002915;-7.776E-05;-89.50;-0.13;100.87;0.47;100.87;0.01672;0.01686;-0.0001451;-17.768;-17.730;-99.990;0.00;-165.06;
2025-11-24 18:09:51.49;0.00:00:26:646;-1.00;-0.02;0.00;0.01667;-0.01683;-0.000299;-6.178E-05;-89.49;-0.11;100.95;0.37;100.95;0.01667;0.01683;-0.0001578;-17.780;-17.739;-99.990;0.00;-168.32;
2025-11-24 18:09:51.54;0.00:00:26:693;-1.00;-0.02;0.00;0.01668;-0.01683;-0.0002541;-5.111E-05;-89.57;-0.09;100.90;0.31;100.90;0.01668;0.01683;-0.0001499;-17.778;-17.739;-99.990;0.00;-168.63;
2025-11-24 18:09:51.59;0.00:00:26:740;-1.00;-0.02;0.00;0.01668;-0.01683;-0.0003031;-7.849E-05;-89.48;-0.13;100.89;0.47;100.89;0.01668;0.01683;-0.0001491;-17.778;-17.739;-99.990;0.00;-165.48;
2025-11-24 18:09:51.64;0.00:00:26:786;-1.00;-0.02;0.00;0.01669;-0.01682;-0.0003089;-7.272E-05;-89.47;-0.12;100.74;0.44;100.74;0.01669;0.01682;-0.0001239;-17.774;-17.742;-99.990;0.00;-166.75;
2025-11-24 18:09:51.68;0.00:00:26:833;-1.00;-0.02;-0.01;0.01669;-0.01682;-0.0003241;-8.715E-05;-89.45;-0.15;100.79;0.52;100.79;0.01669;0.01682;-0.0001327;-17.776;-17.741;-99.990;0.00;-164.95;
2025-11-24 18:09:51.73;0.00:00:26:880;-1.00;-0.02;0.00;0.0167;-0.01682;-0.0003152;-7.988E-05;-89.46;-0.14;100.78;0.48;100.77;0.0167;0.01683;-0.0001295;-17.773;-17.740;-99.990;0.00;-165.78;
2025-11-24 18:09:51.78;0.00:00:26:928;-1.00;-0.02;0.00;0.01671;-0.01687;-0.0002856;-8.106E-05;-89.52;-0.14;100.97;0.48;100.97;0.01671;0.01688;-0.0001627;-17.769;-17.727;-99.990;0.00;-164.15;
2025-11-24 18:09:51.82;0.00:00:26:975;-1.00;-0.02;0.00;0.01673;-0.01687;-0.0003257;-7.771E-05;-89.45;-0.13;100.87;0.46;100.87;0.01673;0.01688;-0.0001454;-17.765;-17.727;-99.990;0.00;-166.58;
2025-11-24 18:09:51.87;0.00:00:27:024;-1.00;-0.02;-0.01;0.01671;-0.01686;-0.0003059;-9.046E-05;-89.48;-0.15;100.87;0.54;100.87;0.01671;0.01686;-0.0001459;-17.770;-17.732;-99.990;0.00;-163.52;
2025-11-24 18:09:51.92;0.00:00:27:069;-1.00;-0.02;0.00;0.01669;-0.01684;-0.0003212;-5.087E-05;-89.45;-0.09;100.90;0.30;100.90;0.01669;0.01684;-0.0001498;-17.776;-17.737;-99.990;0.00;-171.00;
2025-11-24 18:09:51.97;0.00:00:27:116;-1.00;-0.01;0.00;0.01658;-0.01672;-0.0002415;-5.383E-05;-89.59;-0.09;100.87;0.32;100.87;0.01658;0.01672;-0.0001437;-17.805;-17.768;-99.990;0.00;-167.43;
2025-11-24 18:09:52.02;0.00:00:27:169;-1.00;-0.02;0.00;0.01657;-0.01671;-0.0002793;-6.68E-05;-89.52;-0.11;100.85;0.40;100.85;0.01657;0.01671;-0.0001412;-17.806;-17.769;-99.990;0.00;-166.55;
2025-11-24 18:09:52.07;0.00:00:27:226;-1.00;-0.02;-0.01;0.0166;-0.01674;-0.0003117;-8.741E-05;-89.47;-0.15;100.89;0.53;100.89;0.0166;0.01675;-0.000148;-17.799;-17.761;-99.990;0.00;-164.33;
2025-11-24 18:09:52.12;0.00:00:27:272;-1.00;-0.02;0.00;0.01661;-0.01677;-0.0003308;-6.63E-05;-89.44;-0.11;100.97;0.40;100.97;0.01661;0.01677;-0.0001612;-17.796;-17.754;-99.990;0.00;-168.67;
2025-11-24 18:09:52.17;0.00:00:27:319;-1.00;-0.02;0.00;0.0166;-0.01675;-0.0002786;-5.525E-05;-89.52;-0.09;100.92;0.33;100.92;0.0166;0.01676;-0.0001532;-17.798;-17.758;-99.990;0.00;-168.78;
2025-11-24 18:09:52.21;0.00:00:27:366;-1.00;-0.02;0.00;0.01658;-0.01672;-0.0003101;-6.033E-05;-89.47;-0.10;100.90;0.36;100.90;0.01658;0.01673;-0.0001491;-17.805;-17.766;-99.990;0.00;-168.99;
2025-11-24 18:09:52.26;0.00:00:27:414;-1.00;-0.02;0.00;0.01664;-0.0168;-0.0003086;-7.584E-05;-89.47;-0.13;100.98;0.46;100.97;0.01664;0.0168;-0.0001624;-17.788;-17.746;-99.990;0.00;-166.19;
2025-11-24 18:09:52.32;0.00:00:27:476;-1.00;-0.02;0.00;0.01663;-0.01677;-0.0002751;-7.783E-05;-89.53;-0.13;100.85;0.47;100.84;0.01663;0.01677;-0.0001407;-17.790;-17.754;-99.990;0.00;-164.20;
2025-11-24 18:09:52.37;0.00:00:27:522;-1.00;-0.02;0.00;0.01668;-0.01683;-0.0002873;-6.453E-05;-89.51;-0.11;100.87;0.39;100.87;0.01668;0.01683;-0.0001453;-17.777;-17.740;-99.990;0.00;-167.34;
2025-11-24 18:09:52.42;0.00:00:27:570;-1.00;-0.02;0.00;0.01666;-0.0168;-0.0002985;-6.614E-05;-89.49;-0.11;100.80;0.40;100.80;0.01666;0.0168;-0.0001333;-17.782;-17.747;-99.990;0.00;-167.51;
2025-11-24 18:09:52.46;0.00:00:27:616;-1.00;-0.02;0.00;0.01663;-0.01679;-0.0002837;-5.223E-05;-89.52;-0.09;100.95;0.31;100.95;0.01663;0.01679;-0.0001583;-17.791;-17.750;-99.990;0.00;-169.57;
2025-11-24 18:09:52.51;0.00:00:27:662;-1.00;-0.02;0.00;0.01662;-0.01676;-0.0003083;-6.33E-05;-89.47;-0.11;100.86;0.38;100.86;0.01662;0.01676;-0.0001428;-17.794;-17.757;-99.990;0.00;-168.40;
2025-11-24 18:09:52.56;0.00:00:27:709;-1.00;-0.02;0.00;0.01666;-0.0168;-0.0002879;-7.871E-05;-89.51;-0.13;100.85;0.47;100.85;0.01666;0.0168;-0.0001422;-17.784;-17.747;-99.990;0.00;-164.71;
2025-11-24 18:09:52.60;0.00:00:27:755;-1.00;-0.02;0.00;0.01662;-0.01675;-0.0002779;-6.668E-05;-89.52;-0.11;100.81;0.40;100.81;0.01662;0.01675;-0.000134;-17.794;-17.760;-99.990;0.00;-166.51;
2025-11-24 18:09:52.65;0.00:00:27:806;-1.00;-0.02;0.00;0.01665;-0.01679;-0.0003148;-8.054E-05;-89.46;-0.14;100.83;0.48;100.83;0.01665;0.01679;-0.0001385;-17.785;-17.749;-99.990;0.00;-165.65;
2025-11-24 18:09:52.71;0.00:00:27:857;-1.00;-0.02;0.00;0.01665;-0.01678;-0.0003177;-6.786E-05;-89.46;-0.12;100.81;0.41;100.81;0.01665;0.01678;-0.0001344;-17.786;-17.752;-99.990;0.00;-167.94;
2025-11-24 18:09:52.76;0.00:00:27:910;-1.00;-0.02;0.00;0.01662;-0.01674;-0.0002853;-7.889E-05;-89.51;-0.13;100.78;0.47;100.78;0.01662;0.01675;-0.0001294;-17.795;-17.761;-99.990;0.00;-164.54;
2025-11-24 18:09:52.81;0.00:00:27:959;-1.00;-0.02;0.00;0.0166;-0.01674;-0.0002624;-7.636E-05;-89.55;-0.13;100.83;0.46;100.83;0.0166;0.01674;-0.000138;-17.798;-17.762;-99.990;0.00;-163.78;
2025-11-24 18:09:52.86;0.00:00:28:011;-1.00;-0.02;0.00;0.01664;-0.01681;-0.0002827;-6.158E-05;-89.52;-0.10;101.04;0.37;101.04;0.01664;0.01681;-0.0001738;-17.789;-17.744;-99.990;0.00;-167.71;
2025-11-24 18:09:52.92;0.00:00:28:073;-1.00;-0.02;0.00;0.01663;-0.01679;-0.0002885;-6.801E-05;-89.51;-0.12;100.95;0.41;100.95;0.01663;0.01679;-0.0001586;-17.790;-17.749;-99.990;0.00;-166.74;
2025-11-24 18:09:52.97;0.00:00:28:124;-1.00;-0.02;0.00;0.01667;-0.01681;-0.0003096;-5.431E-05;-89.47;-0.09;100.90;0.33;100.90;0.01667;0.01682;-0.00015;-17.781;-17.742;-99.990;0.00;-170.05;
2025-11-24 18:09:53.02;0.00:00:28:176;-1.00;-0.02;0.00;0.01665;-0.01679;-0.0002933;-7.853E-05;-89.50;-0.13;100.85;0.47;100.85;0.01665;0.0168;-0.0001421;-17.785;-17.748;-99.990;0.00;-165.01;
2025-11-24 18:09:53.08;0.00:00:28:228;-1.00;-0.02;0.00;0.01665;-0.01679;-0.0002873;-8.215E-05;-89.51;-0.14;100.86;0.49;100.86;0.01665;0.01679;-0.0001433;-17.786;-17.749;-99.990;0.00;-164.04;
2025-11-24 18:09:53.13;0.00:00:28:278;-1.00;-0.02;0.00;0.01659;-0.01672;-0.0002877;-7.459E-05;-89.51;-0.13;100.80;0.45;100.80;0.01659;0.01672;-0.0001334;-17.802;-17.767;-99.990;0.00;-165.46;
2025-11-24 18:09:53.19;0.00:00:28:339;-1.00;-0.02;0.00;0.01664;-0.01681;-0.0002948;-7.63E-05;-89.50;-0.13;101.00;0.46;101.00;0.01664;0.01681;-0.0001666;-17.788;-17.744;-99.990;0.00;-165.49;
2025-11-24 18:09:53.24;0.00:00:28:390;-1.00;-0.02;0.00;0.01668;-0.01684;-0.0002797;-7.707E-05;-89.52;-0.13;100.99;0.46;100.99;0.01668;0.01685;-0.0001652;-17.778;-17.735;-99.990;0.00;-164.59;
2025-11-24 18:09:53.29;0.00:00:28:442;-1.00;-0.02;0.00;0.01668;-0.01683;-0.0002971;-6.223E-05;-89.49;-0.11;100.91;0.37;100.91;0.01668;0.01683;-0.0001517;-17.779;-17.740;-99.990;0.00;-168.17;
2025-11-24 18:09:53.34;0.00:00:28:493;-1.00;-0.02;0.00;0.01669;-0.01683;-0.0002606;-7.275E-05;-89.56;-0.12;100.83;0.44;100.83;0.01669;0.01683;-0.0001384;-17.775;-17.739;-99.990;0.00;-164.40;
2025-11-24 18:09:53.40;0.00:00:28:555;-1.00;-0.02;0.00;0.01669;-0.01686;-0.0002919;-6.025E-05;-89.50;-0.10;101.04;0.36;101.04;0.01669;0.01687;-0.0001743;-17.775;-17.729;-99.990;0.00;-168.34;
2025-11-24 18:09:53.45;0.00:00:28:606;-1.00;-0.02;0.00;0.01671;-0.01684;-0.0002932;-7.206E-05;-89.50;-0.12;100.81;0.43;100.81;0.01671;0.01684;-0.0001361;-17.772;-17.736;-99.990;0.00;-166.19;
2025-11-24 18:09:53.51;0.00:00:28:657;-1.00;-0.02;0.00;0.01667;-0.01682;-0.0002665;-7.485E-05;-89.55;-0.13;100.87;0.45;100.87;0.01667;0.01682;-0.0001452;-17.780;-17.742;-99.990;0.00;-164.31;
2025-11-24 18:09:53.56;0.00:00:28:708;-1.00;-0.02;0.00;0.01672;-0.01687;-0.0002766;-5.689E-05;-89.53;-0.10;100.95;0.34;100.95;0.01672;0.01688;-0.0001583;-17.768;-17.727;-99.990;0.00;-168.38;
2025-11-24 18:09:53.62;0.00:00:28:770;-1.00;-0.02;0.00;0.01672;-0.01686;-0.0002847;-5.404E-05;-89.52;-0.09;100.88;0.32;100.88;0.01672;0.01687;-0.0001467;-17.768;-17.730;-99.990;0.00;-169.25;
2025-11-24 18:09:53.67;0.00:00:28:821;-1.00;-0.02;0.00;0.01662;-0.01675;-0.0002928;-6.353E-05;-89.50;-0.11;100.80;0.38;100.80;0.01662;0.01675;-0.0001331;-17.794;-17.760;-99.990;0.00;-167.76;
2025-11-24 18:09:53.73;0.00:00:28:882;-1.00;-0.02;0.00;0.01662;-0.01677;-0.00027;-5.602E-05;-89.54;-0.10;100.96;0.34;100.96;0.01662;0.01677;-0.0001593;-17.795;-17.753;-99.990;0.00;-168.28;
2025-11-24 18:09:53.78;0.00:00:28:934;-1.00;-0.02;0.00;0.01662;-0.01677;-0.0003112;-6.964E-05;-89.47;-0.12;100.92;0.42;100.92;0.01662;0.01678;-0.0001531;-17.793;-17.753;-99.990;0.00;-167.39;
2025-11-24 18:09:53.83;0.00:00:28:986;-1.00;-0.02;-0.01;0.01664;-0.0168;-0.0003305;-8.591E-05;-89.44;-0.15;100.95;0.52;100.95;0.01664;0.0168;-0.000158;-17.788;-17.747;-99.990;0.00;-165.43;
2025-11-24 18:09:53.89;0.00:00:29:037;-1.00;-0.02;0.00;0.01663;-0.01678;-0.000255;-5.86E-05;-89.56;-0.10;100.93;0.35;100.93;0.01663;0.01678;-0.0001543;-17.791;-17.751;-99.990;0.00;-167.06;
2025-11-24 18:09:53.94;0.00:00:29:088;-1.00;-0.02;-0.01;0.01664;-0.01679;-0.0002931;-9.21E-05;-89.50;-0.16;100.88;0.55;100.88;0.01664;0.01679;-0.0001465;-17.787;-17.749;-99.990;0.00;-162.56;
2025-11-24 18:09:54.00;0.00:00:29:148;-1.00;-0.02;0.00;0.01669;-0.01683;-0.0002835;-8.271E-05;-89.52;-0.14;100.89;0.50;100.89;0.01669;0.01684;-0.0001484;-17.776;-17.737;-99.990;0.00;-163.73;
2025-11-24 18:09:54.06;0.00:00:29:215;-1.00;-0.02;0.00;0.01667;-0.0168;-0.0002949;-7.21E-05;-89.50;-0.12;100.82;0.43;100.82;0.01667;0.01681;-0.0001367;-17.781;-17.745;-99.990;0.00;-166.26;
2025-11-24 18:09:54.11;0.00:00:29:263;-1.00;-0.02;0.00;0.01669;-0.01684;-0.0003152;-7.864E-05;-89.46;-0.13;100.86;0.47;100.86;0.01669;0.01684;-0.0001437;-17.774;-17.737;-99.990;0.00;-165.99;
2025-11-24 18:09:54.16;0.00:00:29:310;-1.00;-0.02;0.00;0.0167;-0.01685;-0.0003073;-5.013E-05;-89.48;-0.09;100.89;0.30;100.89;0.0167;0.01685;-0.0001491;-17.772;-17.734;-99.990;0.00;-170.73;
2025-11-24 18:09:54.21;0.00:00:29:361;-1.00;-0.02;-0.01;0.0167;-0.01684;-0.0002798;-8.767E-05;-89.52;-0.15;100.85;0.52;100.85;0.0167;0.01684;-0.0001423;-17.773;-17.736;-99.990;0.00;-162.60;
2025-11-24 18:09:54.26;0.00:00:29:410;-1.00;-0.02;0.00;0.01669;-0.01684;-0.0003165;-6.2E-05;-89.46;-0.11;100.91;0.37;100.91;0.01669;0.01684;-0.0001519;-17.775;-17.735;-99.990;0.00;-168.92;
2025-11-24 18:09:54.31;0.00:00:29:463;-1.00;-0.01;0.00;0.01668;-0.01683;-0.0002413;-6.071E-05;-89.59;-0.10;100.94;0.36;100.94;0.01668;0.01683;-0.0001573;-17.779;-17.738;-99.990;0.00;-165.88;
2025-11-24 18:09:54.36;0.00:00:29:514;-1.00;-0.02;0.00;0.01662;-0.01677;-0.0002832;-7.369E-05;-89.52;-0.13;100.89;0.44;100.89;0.01662;0.01677;-0.0001484;-17.794;-17.755;-99.990;0.00;-165.41;
2025-11-24 18:09:54.41;0.00:00:29:566;-1.00;-0.02;0.00;0.01667;-0.0168;-0.0002955;-6.903E-05;-89.50;-0.12;100.79;0.41;100.79;0.01667;0.0168;-0.000132;-17.780;-17.746;-99.990;0.00;-166.85;
2025-11-24 18:09:54.46;0.00:00:29:612;-1.00;-0.02;0.00;0.01666;-0.01678;-0.000273;-7.969E-05;-89.53;-0.14;100.73;0.48;100.73;0.01666;0.01678;-0.0001216;-17.784;-17.752;-99.990;0.00;-163.73;
2025-11-24 18:09:54.51;0.00:00:29:658;-1.00;-0.02;0.00;0.01667;-0.01681;-0.0003145;-6.633E-05;-89.46;-0.11;100.86;0.40;100.86;0.01667;0.01681;-0.0001435;-17.781;-17.743;-99.990;0.00;-168.09;
2025-11-24 18:09:54.56;0.00:00:29:709;-1.00;-0.02;0.00;0.01665;-0.01678;-0.0002943;-6.805E-05;-89.50;-0.12;100.76;0.41;100.76;0.01665;0.01678;-0.0001267;-17.785;-17.752;-99.990;0.00;-166.98;
2025-11-24 18:09:54.61;0.00:00:29:761;-1.00;-0.02;0.00;0.01667;-0.0168;-0.0003127;-7.969E-05;-89.47;-0.14;100.82;0.48;100.82;0.01667;0.01681;-0.0001373;-17.781;-17.745;-99.990;0.00;-165.70;
2025-11-24 18:09:54.66;0.00:00:29:807;-1.00;-0.01;0.00;0.01665;-0.0168;-0.0002485;-6.523E-05;-89.58;-0.11;100.95;0.39;100.94;0.01665;0.01681;-0.0001574;-17.786;-17.746;-99.990;0.00;-165.29;
2025-11-24 18:09:54.70;0.00:00:29:855;-1.00;-0.02;0.00;0.01664;-0.01679;-0.0003097;-6.793E-05;-89.47;-0.12;100.88;0.41;100.88;0.01664;0.01679;-0.0001459;-17.788;-17.750;-99.990;0.00;-167.63;
2025-11-24 18:09:54.75;0.00:00:29:901;-1.00;-0.02;0.00;0.01662;-0.01676;-0.0003256;-6.161E-05;-89.44;-0.11;100.83;0.37;100.83;0.01662;0.01676;-0.0001388;-17.793;-17.757;-99.990;0.00;-169.29;
2025-11-24 18:09:54.80;0.00:00:29:949;-1.00;-0.02;0.00;0.01664;-0.0168;-0.0003081;-7.11E-05;-89.47;-0.12;101.01;0.43;101.01;0.01664;0.01681;-0.0001686;-17.789;-17.745;-99.990;0.00;-167.00;
2025-11-24 18:09:54.85;0.00:00:29:996;-1.00;-0.02;0.00;0.01661;-0.01674;-0.0003176;-5.811E-05;-89.46;-0.10;100.79;0.35;100.79;0.01661;0.01674;-0.0001316;-17.797;-17.762;-99.990;0.00;-169.63;
2025-11-24 18:09:54.89;0.00:00:30:043;-1.00;-0.02;0.00;0.01661;-0.01674;-0.0002941;-6.788E-05;-89.50;-0.12;100.84;0.41;100.84;0.01661;0.01675;-0.0001394;-17.797;-17.761;-99.990;0.00;-167.00;
2025-11-24 18:09:54.94;0.00:00:30:091;-1.00;-0.02;-0.01;0.0166;-0.01674;-0.0003226;-9.331E-05;-89.45;-0.16;100.89;0.56;100.88;0.0166;0.01674;-0.0001469;-17.800;-17.762;-99.990;0.00;-163.87;
2025-11-24 18:09:54.99;0.00:00:30:138;-1.00;-0.02;0.00;0.01662;-0.01677;-0.0002925;-8.284E-05;-89.50;-0.14;100.91;0.50;100.91;0.01662;0.01677;-0.0001516;-17.793;-17.754;-99.990;0.00;-164.19;
2025-11-24 18:09:55.05;0.00:00:30:200;-1.00;-0.02;0.00;0.01663;-0.01678;-0.0002992;-7.643E-05;-89.49;-0.13;100.90;0.46;100.90;0.01663;0.01678;-0.0001494;-17.790;-17.751;-99.990;0.00;-165.67;
2025-11-24 18:09:55.10;0.00:00:30:247;-1.00;-0.02;-0.01;0.01668;-0.01682;-0.0002665;-8.513E-05;-89.55;-0.14;100.88;0.51;100.88;0.01668;0.01683;-0.0001469;-17.778;-17.740;-99.990;0.00;-162.28;
2025-11-24 18:09:55.14;0.00:00:30:294;-1.00;-0.02;-0.01;0.01664;-0.01678;-0.0002568;-8.655E-05;-89.56;-0.15;100.90;0.52;100.90;0.01664;0.01679;-0.0001492;-17.789;-17.751;-99.990;0.00;-161.37;
2025-11-24 18:09:55.19;0.00:00:30:341;-1.00;-0.02;0.00;0.01665;-0.01679;-0.0002575;-6.397E-05;-89.56;-0.11;100.87;0.38;100.87;0.01665;0.0168;-0.0001447;-17.785;-17.748;-99.990;0.00;-166.05;
2025-11-24 18:09:55.24;0.00:00:30:387;-1.00;-0.02;0.00;0.01664;-0.01679;-0.0003293;-5.4E-05;-89.44;-0.09;100.87;0.32;100.87;0.01664;0.01679;-0.0001447;-17.787;-17.750;-99.990;0.00;-170.69;
2025-11-24 18:09:55.28;0.00:00:30:433;-1.00;-0.02;0.00;0.01665;-0.01679;-0.000272;-6.18E-05;-89.54;-0.11;100.86;0.37;100.86;0.01665;0.01679;-0.0001428;-17.786;-17.748;-99.990;0.00;-167.20;
2025-11-24 18:09:55.33;0.00:00:30:481;-1.00;-0.02;0.00;0.01667;-0.01682;-0.0003076;-6.198E-05;-89.48;-0.11;100.89;0.37;100.89;0.01667;0.01682;-0.0001487;-17.780;-17.741;-99.990;0.00;-168.61;
2025-11-24 18:09:55.38;0.00:00:30:528;-1.00;-0.02;0.00;0.01665;-0.01679;-0.0003034;-7.297E-05;-89.48;-0.12;100.89;0.44;100.89;0.01665;0.01679;-0.0001479;-17.787;-17.748;-99.990;0.00;-166.48;
2025-11-24 18:09:55.42;0.00:00:30:574;-1.00;-0.02;0.00;0.01667;-0.0168;-0.0002982;-5.747E-05;-89.49;-0.10;100.79;0.34;100.79;0.01667;0.0168;-0.0001315;-17.781;-17.747;-99.990;0.00;-169.09;
2025-11-24 18:09:55.47;0.00:00:30:622;-1.00;-0.02;0.00;0.01667;-0.0168;-0.0002642;-7.214E-05;-89.55;-0.12;100.75;0.43;100.75;0.01667;0.0168;-0.0001246;-17.780;-17.747;-99.990;0.00;-164.73;
2025-11-24 18:09:55.52;0.00:00:30:668;-1.00;-0.02;0.00;0.0167;-0.01685;-0.0002926;-5.366E-05;-89.50;-0.09;100.90;0.32;100.90;0.0167;0.01685;-0.0001511;-17.773;-17.734;-99.990;0.00;-169.61;
2025-11-24 18:09:55.56;0.00:00:30:715;-1.00;-0.02;0.00;0.01666;-0.01682;-0.0003021;-7.388E-05;-89.49;-0.13;101.00;0.44;101.00;0.01666;0.01683;-0.000167;-17.784;-17.740;-99.990;0.00;-166.26;
2025-11-24 18:09:55.61;0.00:00:30:762;-1.00;-0.02;-0.01;0.01662;-0.01675;-0.0003283;-9.75E-05;-89.44;-0.17;100.85;0.59;100.85;0.01662;0.01676;-0.0001415;-17.795;-17.758;-99.990;0.00;-163.46;
2025-11-24 18:09:55.66;0.00:00:30:809;-1.00;-0.02;-0.01;0.01667;-0.0168;-0.0003093;-9.609E-05;-89.47;-0.16;100.83;0.58;100.83;0.01667;0.0168;-0.000139;-17.782;-17.746;-99.990;0.00;-162.74;
2025-11-24 18:09:55.71;0.00:00:30:857;-1.00;-0.02;0.00;0.0167;-0.01685;-0.0002878;-6.84E-05;-89.51;-0.12;100.92;0.41;100.92;0.0167;0.01685;-0.0001537;-17.774;-17.734;-99.990;0.00;-166.63;
2025-11-24 18:09:55.77;0.00:00:30:918;-1.00;-0.02;0.00;0.01667;-0.01679;-0.0002738;-6.747E-05;-89.53;-0.12;100.73;0.40;100.72;0.01667;0.01679;-0.0001209;-17.780;-17.749;-99.990;0.00;-166.16;
2025-11-24 18:09:55.81;0.00:00:30:964;-1.00;-0.02;0.00;0.01669;-0.01684;-0.0002913;-6.488E-05;-89.50;-0.11;100.92;0.39;100.92;0.01669;0.01684;-0.0001529;-17.775;-17.736;-99.990;0.00;-167.44;
2025-11-24 18:09:55.86;0.00:00:31:010;-1.00;-0.02;0.00;0.01667;-0.0168;-0.0002946;-8.008E-05;-89.50;-0.14;100.84;0.48;100.84;0.01667;0.01681;-0.0001398;-17.782;-17.745;-99.990;0.00;-164.79;
2025-11-24 18:09:55.91;0.00:00:31:058;-1.00;-0.02;0.00;0.01666;-0.01681;-0.0003127;-8.132E-05;-89.47;-0.14;100.90;0.49;100.90;0.01666;0.01681;-0.0001493;-17.782;-17.744;-99.990;0.00;-165.42;
2025-11-24 18:09:55.95;0.00:00:31:105;-1.00;-0.02;0.00;0.01668;-0.01682;-0.0002975;-5.401E-05;-89.49;-0.09;100.86;0.32;100.86;0.01668;0.01682;-0.000143;-17.778;-17.741;-99.990;0.00;-169.71;
2025-11-24 18:09:56.00;0.00:00:31:151;-1.00;-0.02;-0.01;0.01668;-0.01682;-0.0002963;-9.843E-05;-89.50;-0.17;100.88;0.59;100.88;0.01668;0.01683;-0.0001473;-17.778;-17.740;-99.990;0.00;-161.62;
2025-11-24 18:09:56.05;0.00:00:31:201;-1.00;-0.02;0.00;0.01662;-0.01677;-0.0003019;-6.27E-05;-89.48;-0.11;100.89;0.38;100.89;0.01662;0.01677;-0.000148;-17.793;-17.755;-99.990;0.00;-168.27;
2025-11-24 18:09:56.11;0.00:00:31:259;-1.00;-0.02;-0.01;0.01657;-0.01671;-0.0002916;-8.695E-05;-89.50;-0.15;100.84;0.52;100.84;0.01657;0.01671;-0.0001392;-17.807;-17.771;-99.990;0.00;-163.39;
2025-11-24 18:09:56.16;0.00:00:31:311;-1.00;-0.02;0.00;0.01659;-0.01671;-0.0002816;-7.361E-05;-89.52;-0.13;100.73;0.44;100.73;0.01659;0.01671;-0.0001207;-17.801;-17.770;-99.990;0.00;-165.35;
2025-11-24 18:09:56.22;0.00:00:31:369;-1.00;-0.02;0.00;0.01664;-0.01679;-0.0002651;-5.331E-05;-89.55;-0.09;100.90;0.32;100.90;0.01664;0.0168;-0.0001503;-17.787;-17.748;-99.990;0.00;-168.63;
2025-11-24 18:09:56.26;0.00:00:31:415;-1.00;-0.02;-0.01;0.01668;-0.01685;-0.000318;-8.618E-05;-89.46;-0.15;101.00;0.52;101.00;0.01668;0.01685;-0.0001668;-17.777;-17.734;-99.990;0.00;-164.84;
2025-11-24 18:09:56.31;0.00:00:31:465;-1.00;-0.02;0.00;0.01663;-0.01677;-0.0002959;-7.08E-05;-89.49;-0.12;100.88;0.43;100.88;0.01663;0.01678;-0.0001466;-17.791;-17.753;-99.990;0.00;-166.54;
2025-11-24 18:09:56.37;0.00:00:31:525;-1.00;-0.02;0.00;0.01664;-0.01679;-0.0002938;-6.826E-05;-89.50;-0.12;100.89;0.41;100.89;0.01664;0.01679;-0.0001484;-17.788;-17.749;-99.990;0.00;-166.92;
2025-11-24 18:09:56.42;0.00:00:31:571;-1.00;-0.02;0.00;0.01667;-0.01681;-0.0002867;-7.771E-05;-89.51;-0.13;100.91;0.47;100.91;0.01667;0.01682;-0.0001514;-17.782;-17.742;-99.990;0.00;-164.84;
2025-11-24 18:09:56.47;0.00:00:31:618;-1.00;-0.02;0.00;0.01669;-0.01681;-0.0002741;-7.481E-05;-89.53;-0.13;100.79;0.45;100.79;0.01669;0.01682;-0.0001313;-17.777;-17.743;-99.990;0.00;-164.74;
2025-11-24 18:09:56.51;0.00:00:31:665;-1.00;-0.02;0.00;0.0167;-0.01682;-0.0003263;-6.913E-05;-89.44;-0.12;100.75;0.41;100.75;0.0167;0.01682;-0.0001256;-17.774;-17.741;-99.990;0.00;-168.04;
2025-11-24 18:09:56.56;0.00:00:31:711;-1.00;-0.02;0.00;0.01664;-0.0168;-0.0002634;-7.611E-05;-89.55;-0.13;100.95;0.46;100.94;0.01664;0.0168;-0.0001574;-17.787;-17.747;-99.990;0.00;-163.88;
2025-11-24 18:09:56.61;0.00:00:31:759;-1.00;-0.02;0.00;0.01669;-0.01684;-0.0003077;-7.94E-05;-89.48;-0.14;100.94;0.48;100.94;0.01669;0.01685;-0.0001573;-17.776;-17.735;-99.990;0.00;-165.53;
2025-11-24 18:09:56.65;0.00:00:31:806;-1.00;-0.02;0.00;0.01671;-0.01685;-0.0002889;-7.25E-05;-89.51;-0.12;100.89;0.43;100.89;0.01671;0.01686;-0.0001495;-17.771;-17.732;-99.990;0.00;-165.91;
2025-11-24 18:09:56.70;0.00:00:31:854;-1.00;-0.02;0.00;0.01669;-0.01684;-0.000263;-5.929E-05;-89.55;-0.10;100.89;0.36;100.89;0.01669;0.01684;-0.0001486;-17.774;-17.736;-99.990;0.00;-167.30;
2025-11-24 18:09:56.75;0.00:00:31:903;-1.00;-0.02;-0.01;0.01668;-0.01682;-0.0003346;-9.297E-05;-89.43;-0.16;100.91;0.56;100.91;0.01668;0.01683;-0.000152;-17.779;-17.740;-99.990;0.00;-164.47;
2025-11-24 18:09:56.80;0.00:00:31:948;-1.00;-0.02;0.00;0.01664;-0.0168;-0.0002879;-6.511E-05;-89.51;-0.11;101.00;0.39;101.00;0.01664;0.01681;-0.0001661;-17.789;-17.746;-99.990;0.00;-167.26;
2025-11-24 18:09:56.84;0.00:00:31:996;-1.00;-0.02;0.00;0.01664;-0.01676;-0.0002602;-8.274E-05;-89.56;-0.14;100.76;0.50;100.76;0.01664;0.01677;-0.0001264;-17.788;-17.755;-99.990;0.00;-162.36;
2025-11-24 18:09:56.89;0.00:00:32:043;-1.00;-0.02;0.00;0.01666;-0.0168;-0.000279;-7.571E-05;-89.52;-0.13;100.85;0.45;100.85;0.01666;0.0168;-0.0001421;-17.783;-17.746;-99.990;0.00;-164.82;
2025-11-24 18:09:56.94;0.00:00:32:090;-1.00;-0.02;0.00;0.01673;-0.01688;-0.00029;-5.426E-05;-89.51;-0.09;100.90;0.32;100.90;0.01673;0.01688;-0.0001504;-17.765;-17.726;-99.990;0.00;-169.40;
2025-11-24 18:09:56.99;0.00:00:32:137;-1.00;-0.02;0.00;0.0167;-0.01683;-0.0002645;-7.029E-05;-89.55;-0.12;100.75;0.42;100.75;0.0167;0.01683;-0.0001258;-17.772;-17.740;-99.990;0.00;-165.12;
2025-11-24 18:09:57.04;0.00:00:32:187;-1.00;-0.02;0.00;0.01665;-0.0168;-0.0002719;-5.996E-05;-89.54;-0.10;100.94;0.36;100.94;0.01665;0.0168;-0.0001573;-17.787;-17.746;-99.990;0.00;-167.56;
2025-11-24 18:09:57.10;0.00:00:32:247;-1.00;-0.02;0.00;0.01668;-0.01682;-0.0003029;-7.595E-05;-89.48;-0.13;100.88;0.46;100.88;0.01668;0.01682;-0.0001465;-17.779;-17.741;-99.990;0.00;-165.92;
2025-11-24 18:09:57.14;0.00:00:32:294;-1.00;-0.02;0.00;0.0166;-0.01676;-0.0002807;-6.27E-05;-89.52;-0.11;100.96;0.38;100.96;0.0166;0.01676;-0.0001593;-17.799;-17.757;-99.990;0.00;-167.41;
2025-11-24 18:09:57.19;0.00:00:32:344;-1.00;-0.02;0.00;0.01661;-0.01676;-0.0002986;-6.129E-05;-89.49;-0.10;100.90;0.37;100.90;0.01661;0.01676;-0.0001501;-17.795;-17.756;-99.990;0.00;-168.40;
2025-11-24 18:09:57.25;0.00:00:32:403;-1.00;-0.02;0.00;0.01663;-0.01676;-0.0002846;-6.38E-05;-89.51;-0.11;100.82;0.38;100.82;0.01663;0.01677;-0.0001359;-17.791;-17.756;-99.990;0.00;-167.36;
2025-11-24 18:09:57.30;0.00:00:32:449;-1.00;-0.02;0.00;0.01662;-0.01676;-0.0003064;-7.226E-05;-89.48;-0.12;100.90;0.43;100.90;0.01662;0.01676;-0.0001496;-17.795;-17.756;-99.990;0.00;-166.73;
2025-11-24 18:09:57.34;0.00:00:32:496;-1.00;-0.02;0.00;0.0167;-0.01683;-0.0002899;-7.219E-05;-89.51;-0.12;100.83;0.43;100.83;0.0167;0.01683;-0.0001391;-17.774;-17.738;-99.990;0.00;-166.01;
2025-11-24 18:09:57.39;0.00:00:32:542;-1.00;-0.02;0.00;0.01671;-0.01684;-0.0003373;-6.621E-05;-89.43;-0.11;100.81;0.40;100.81;0.01671;0.01684;-0.0001361;-17.771;-17.736;-99.990;0.00;-168.90;
2025-11-24 18:09:57.44;0.00:00:32:588;-1.00;-0.02;0.00;0.01668;-0.01682;-0.0002879;-7.971E-05;-89.51;-0.14;100.87;0.48;100.87;0.01668;0.01682;-0.0001449;-17.779;-17.742;-99.990;0.00;-164.52;
2025-11-24 18:09:57.48;0.00:00:32:635;-1.00;-0.02;0.00;0.0167;-0.01685;-0.0002889;-7.296E-05;-89.51;-0.12;100.94;0.44;100.94;0.0167;0.01685;-0.000157;-17.774;-17.733;-99.990;0.00;-165.83;
2025-11-24 18:09:57.53;0.00:00:32:683;-1.00;-0.02;0.00;0.01672;-0.01685;-0.0002803;-7.487E-05;-89.52;-0.13;100.77;0.45;100.77;0.01672;0.01685;-0.0001284;-17.767;-17.733;-99.990;0.00;-165.05;
2025-11-24 18:09:57.58;0.00:00:32:730;-1.00;-0.02;0.00;0.01671;-0.01684;-0.0002915;-5.599E-05;-89.50;-0.10;100.79;0.34;100.79;0.01671;0.01684;-0.0001322;-17.771;-17.737;-99.990;0.00;-169.13;
2025-11-24 18:09:57.63;0.00:00:32:779;-1.00;-0.02;0.00;0.01669;-0.01683;-0.0002976;-7.166E-05;-89.49;-0.12;100.88;0.43;100.88;0.01669;0.01683;-0.0001466;-17.777;-17.739;-99.990;0.00;-166.46;
2025-11-24 18:09:57.67;0.00:00:32:826;-1.00;-0.02;0.00;0.01664;-0.01676;-0.000317;-6.13E-05;-89.46;-0.10;100.74;0.37;100.74;0.01664;0.01676;-0.0001228;-17.789;-17.757;-99.990;0.00;-169.06;
2025-11-24 18:09:57.72;0.00:00:32:873;-1.00;-0.02;0.00;0.01666;-0.01681;-0.0002879;-6.086E-05;-89.51;-0.10;100.93;0.37;100.93;0.01666;0.01681;-0.0001551;-17.784;-17.743;-99.990;0.00;-168.06;
2025-11-24 18:09:57.77;0.00:00:32:920;-1.00;-0.02;-0.01;0.01671;-0.01684;-0.0003287;-9.76E-05;-89.44;-0.17;100.80;0.58;100.80;0.01671;0.01684;-0.0001337;-17.771;-17.736;-99.990;0.00;-163.46;
2025-11-24 18:09:57.82;0.00:00:32:967;-1.00;-0.02;0.00;0.01667;-0.0168;-0.0003007;-6.313E-05;-89.49;-0.11;100.81;0.38;100.81;0.01667;0.0168;-0.000135;-17.781;-17.746;-99.990;0.00;-168.14;
2025-11-24 18:09:57.86;0.00:00:33:015;-1.00;-0.02;0.00;0.01667;-0.01683;-0.000288;-8.09E-05;-89.51;-0.14;100.97;0.49;100.97;0.01667;0.01683;-0.0001623;-17.780;-17.738;-99.990;0.00;-164.31;
2025-11-24 18:09:57.91;0.00:00:33:060;-1.00;-0.02;0.00;0.01665;-0.01678;-0.0002949;-6.733E-05;-89.50;-0.11;100.84;0.40;100.84;0.01665;0.01679;-0.0001394;-17.787;-17.751;-99.990;0.00;-167.14;
2025-11-24 18:09:57.96;0.00:00:33:109;-1.00;-0.02;0.00;0.01665;-0.0168;-0.0002627;-7.351E-05;-89.55;-0.13;100.96;0.44;100.96;0.01665;0.01681;-0.0001602;-17.787;-17.746;-99.990;0.00;-164.37;
2025-11-24 18:09:58.00;0.00:00:33:154;-1.00;-0.02;0.00;0.01664;-0.0168;-0.0003053;-4.639E-05;-89.48;-0.08;100.96;0.28;100.96;0.01664;0.0168;-0.0001604;-17.789;-17.747;-99.990;0.00;-171.36;
2025-11-24 18:09:58.05;0.00:00:33:202;-1.00;-0.02;0.00;0.01662;-0.01676;-0.000303;-6.373E-05;-89.48;-0.11;100.86;0.38;100.86;0.01662;0.01676;-0.0001435;-17.794;-17.757;-99.990;0.00;-168.12;
2025-11-24 18:09:58.10;0.00:00:33:251;-1.00;-0.02;0.00;0.01666;-0.01682;-0.0002647;-7.794E-05;-89.55;-0.13;100.99;0.47;100.99;0.01666;0.01682;-0.0001647;-17.783;-17.741;-99.990;0.00;-163.59;
2025-11-24 18:09:58.16;0.00:00:33:311;-1.00;-0.02;0.00;0.01672;-0.01686;-0.0002876;-7.877E-05;-89.51;-0.13;100.90;0.47;100.90;0.01672;0.01687;-0.0001511;-17.769;-17.730;-99.990;0.00;-164.68;
2025-11-24 18:09:58.21;0.00:00:33:358;-1.00;-0.02;-0.01;0.01668;-0.01682;-0.0002842;-8.472E-05;-89.52;-0.14;100.85;0.51;100.85;0.01668;0.01682;-0.0001414;-17.778;-17.741;-99.990;0.00;-163.40;
2025-11-24 18:09:58.25;0.00:00:33:404;-1.00;-0.02;-0.01;0.01666;-0.01679;-0.0002782;-8.853E-05;-89.53;-0.15;100.82;0.53;100.82;0.01666;0.01679;-0.0001364;-17.784;-17.749;-99.990;0.00;-162.35;
2025-11-24 18:09:58.30;0.00:00:33:450;-1.00;-0.02;0.00;0.01669;-0.01682;-0.0002599;-7.47E-05;-89.56;-0.13;100.78;0.45;100.78;0.01669;0.01682;-0.00013;-17.775;-17.741;-99.990;0.00;-163.96;
2025-11-24 18:09:58.35;0.00:00:33:497;-1.00;-0.02;0.00;0.01669;-0.01683;-0.0002738;-5.451E-05;-89.53;-0.09;100.85;0.33;100.85;0.01669;0.01684;-0.000142;-17.774;-17.737;-99.990;0.00;-168.74;
2025-11-24 18:09:58.40;0.00:00:33:546;-1.00;-0.02;0.00;0.01664;-0.01679;-0.0003131;-8.125E-05;-89.47;-0.14;100.93;0.49;100.93;0.01664;0.01679;-0.0001555;-17.790;-17.749;-99.990;0.00;-165.45;
2025-11-24 18:09:58.45;0.00:00:33:606;-1.00;-0.02;0.00;0.01667;-0.01679;-0.0003158;-6.578E-05;-89.46;-0.11;100.75;0.39;100.75;0.01667;0.0168;-0.0001252;-17.781;-17.748;-99.990;0.00;-168.23;
2025-11-24 18:09:58.50;0.00:00:33:653;-1.00;-0.02;-0.01;0.01671;-0.01685;-0.0003086;-8.774E-05;-89.48;-0.15;100.83;0.53;100.83;0.01671;0.01685;-0.0001386;-17.770;-17.734;-99.990;0.00;-164.13;
2025-11-24 18:09:58.55;0.00:00:33:699;-1.00;-0.02;0.00;0.01666;-0.0168;-0.0002533;-6.53E-05;-89.57;-0.11;100.84;0.39;100.84;0.01666;0.0168;-0.0001396;-17.783;-17.747;-99.990;0.00;-165.55;
2025-11-24 18:09:58.60;0.00:00:33:747;-1.00;-0.02;0.00;0.01665;-0.0168;-0.000302;-4.824E-05;-89.49;-0.08;100.94;0.29;100.94;0.01665;0.0168;-0.0001572;-17.787;-17.746;-99.990;0.00;-170.93;
2025-11-24 18:09:58.64;0.00:00:33:796;-1.00;-0.02;0.00;0.01661;-0.01676;-0.0002925;-6.633E-05;-89.50;-0.11;100.95;0.40;100.95;0.01661;0.01677;-0.0001574;-17.796;-17.755;-99.990;0.00;-167.22;
2025-11-24 18:09:58.70;0.00:00:33:847;-1.00;-0.02;0.00;0.01663;-0.01679;-0.0002848;-7.051E-05;-89.51;-0.12;100.97;0.42;100.97;0.01663;0.01679;-0.0001615;-17.791;-17.749;-99.990;0.00;-166.10;
2025-11-24 18:09:58.75;0.00:00:33:898;-1.00;-0.02;0.00;0.01663;-0.01678;-0.000261;-7.09E-05;-89.55;-0.12;100.93;0.43;100.92;0.01663;0.01678;-0.0001539;-17.791;-17.751;-99.990;0.00;-164.80;
2025-11-24 18:09:58.80;0.00:00:33:948;-1.00;-0.02;0.00;0.01667;-0.01682;-0.0002852;-3.875E-05;-89.51;-0.07;100.86;0.23;100.86;0.01667;0.01682;-0.000144;-17.780;-17.742;-99.990;0.00;-172.26;
2025-11-24 18:09:58.85;0.00:00:34:000;-1.00;-0.02;0.00;0.01668;-0.01682;-0.0003261;-6.506E-05;-89.44;-0.11;100.85;0.39;100.85;0.01668;0.01682;-0.0001425;-17.778;-17.741;-99.990;0.00;-168.72;
2025-11-24 18:09:58.90;0.00:00:34:051;-1.00;-0.02;0.00;0.01663;-0.01677;-0.000257;-6.236E-05;-89.56;-0.11;100.86;0.37;100.86;0.01663;0.01677;-0.0001427;-17.791;-17.754;-99.990;0.00;-166.36;
2025-11-24 18:09:58.95;0.00:00:34:098;-1.00;-0.02;0.00;0.01662;-0.01676;-0.0003007;-7.743E-05;-89.49;-0.13;100.89;0.47;100.89;0.01662;0.01676;-0.000148;-17.795;-17.756;-99.990;0.00;-165.56;
2025-11-24 18:09:59.00;0.00:00:34:152;-1.00;-0.02;0.00;0.0167;-0.01685;-0.00027;-6.255E-05;-89.54;-0.11;100.92;0.37;100.92;0.0167;0.01685;-0.0001533;-17.773;-17.734;-99.990;0.00;-166.96;
2025-11-24 18:09:59.05;0.00:00:34:204;-1.00;-0.02;0.00;0.01668;-0.01682;-0.0002667;-6.903E-05;-89.55;-0.12;100.83;0.41;100.83;0.01668;0.01682;-0.0001378;-17.778;-17.742;-99.990;0.00;-165.49;
2025-11-24 18:09:59.10;0.00:00:34:256;-1.00;-0.02;0.00;0.01666;-0.0168;-0.0003017;-5.938E-05;-89.49;-0.10;100.88;0.36;100.88;0.01666;0.01681;-0.0001465;-17.783;-17.745;-99.990;0.00;-168.86;
2025-11-24 18:09:59.16;0.00:00:34:308;-1.00;-0.02;0.00;0.01664;-0.0168;-0.0002777;-6.629E-05;-89.53;-0.11;100.95;0.40;100.95;0.01664;0.0168;-0.0001589;-17.788;-17.746;-99.990;0.00;-166.57;
2025-11-24 18:09:59.20;0.00:00:34:350;-1.00;-0.02;0.00;0.01667;-0.01684;-0.0002839;-7.768E-05;-89.52;-0.13;100.99;0.47;100.99;0.01667;0.01684;-0.0001656;-17.780;-17.737;-99.990;0.00;-164.70;
2025-11-24 18:09:59.26;0.00:00:34:410;-1.00;-0.02;0.00;0.01668;-0.01683;-0.0002786;-7.437E-05;-89.53;-0.13;100.96;0.45;100.96;0.01668;0.01684;-0.00016;-17.779;-17.738;-99.990;0.00;-165.05;
2025-11-24 18:09:59.31;0.00:00:34:461;-1.00;-0.02;0.00;0.01664;-0.01679;-0.0002974;-6.023E-05;-89.49;-0.10;100.94;0.36;100.94;0.01664;0.0168;-0.0001572;-17.789;-17.748;-99.990;0.00;-168.55;
2025-11-24 18:09:59.36;0.00:00:34:512;-1.00;-0.02;0.00;0.01667;-0.01681;-0.0003414;-5.27E-05;-89.42;-0.09;100.91;0.32;100.91;0.01667;0.01682;-0.0001517;-17.782;-17.742;-99.990;0.00;-171.23;
2025-11-24 18:09:59.41;0.00:00:34:562;-1.00;-0.02;0.00;0.01668;-0.01681;-0.0002736;-6.188E-05;-89.53;-0.11;100.82;0.37;100.82;0.01668;0.01682;-0.0001373;-17.778;-17.743;-99.990;0.00;-167.26;
2025-11-24 18:09:59.46;0.00:00:34:613;-1.00;-0.02;0.00;0.01668;-0.0168;-0.0002882;-6.945E-05;-89.51;-0.12;100.78;0.42;100.78;0.01668;0.01681;-0.00013;-17.779;-17.745;-99.990;0.00;-166.45;
2025-11-24 18:09:59.51;0.00:00:34:664;-1.00;-0.02;0.00;0.01668;-0.01681;-0.000286;-8.161E-05;-89.51;-0.14;100.79;0.49;100.79;0.01668;0.01681;-0.0001311;-17.778;-17.744;-99.990;0.00;-164.08;
2025-11-24 18:09:59.56;0.00:00:34:716;-1.00;-0.02;0.00;0.01669;-0.01686;-0.000305;-6.248E-05;-89.48;-0.11;101.06;0.37;101.06;0.01669;0.01687;-0.0001765;-17.776;-17.730;-99.990;0.00;-168.42;
2025-11-24 18:09:59.63;0.00:00:34:777;-1.00;-0.02;0.00;0.01665;-0.01678;-0.0002593;-7.282E-05;-89.56;-0.12;100.84;0.44;100.84;0.01665;0.01679;-0.0001397;-17.787;-17.751;-99.990;0.00;-164.31;
2025-11-24 18:09:59.68;0.00:00:34:828;-1.00;-0.02;0.00;0.01661;-0.01676;-0.0002738;-6.072E-05;-89.53;-0.10;100.89;0.37;100.89;0.01661;0.01676;-0.0001478;-17.796;-17.758;-99.990;0.00;-167.50;
2025-11-24 18:09:59.73;0.00:00:34:880;-1.00;-0.02;0.00;0.01667;-0.01679;-0.0002766;-6.36E-05;-89.53;-0.11;100.77;0.38;100.77;0.01667;0.0168;-0.0001282;-17.781;-17.748;-99.990;0.00;-167.05;
2025-11-24 18:09:59.77;0.00:00:34:921;-1.00;-0.02;0.00;0.01666;-0.01681;-0.0002877;-6.99E-05;-89.51;-0.12;100.89;0.42;100.89;0.01666;0.01681;-0.0001476;-17.783;-17.745;-99.990;0.00;-166.35;
2025-11-24 18:09:59.83;0.00:00:34:982;-1.00;-0.02;0.00;0.01669;-0.01683;-0.0002974;-5.797E-05;-89.49;-0.10;100.82;0.35;100.82;0.01669;0.01683;-0.000137;-17.775;-17.739;-99.990;0.00;-168.97;
2025-11-24 18:09:59.88;0.00:00:35:033;-1.00;-0.02;0.00;0.0167;-0.01684;-0.0002967;-5.899E-05;-89.50;-0.10;100.84;0.35;100.84;0.0167;0.01684;-0.0001401;-17.772;-17.736;-99.990;0.00;-168.75;
2025-11-24 18:09:59.93;0.00:00:35:082;-1.00;-0.02;0.00;0.01665;-0.0168;-0.0003;-7.877E-05;-89.49;-0.13;100.88;0.47;100.88;0.01665;0.0168;-0.0001468;-17.785;-17.747;-99.990;0.00;-165.29;
2025-11-24 18:09:59.98;0.00:00:35:136;-1.00;-0.02;0.00;0.01667;-0.01681;-0.0002551;-7.647E-05;-89.57;-0.13;100.85;0.46;100.85;0.01667;0.01681;-0.0001412;-17.781;-17.744;-99.990;0.00;-163.32;
2025-11-24 18:10:00.03;0.00:00:35:186;-1.00;-0.02;0.00;0.01665;-0.01678;-0.0003053;-7.019E-05;-89.48;-0.12;100.83;0.42;100.83;0.01665;0.01678;-0.0001382;-17.787;-17.751;-99.990;0.00;-167.05;
2025-11-24 18:10:00.08;0.00:00:35:234;-1.00;-0.02;0.00;0.01668;-0.01682;-0.000272;-6.18E-05;-89.54;-0.11;100.87;0.37;100.87;0.01668;0.01683;-0.0001456;-17.778;-17.740;-99.990;0.00;-167.20;
2025-11-24 18:10:00.14;0.00:00:35:288;-1.00;-0.02;0.00;0.01668;-0.01683;-0.0002786;-7.096E-05;-89.53;-0.12;100.90;0.43;100.90;0.01668;0.01683;-0.0001509;-17.778;-17.739;-99.990;0.00;-165.71;
2025-11-24 18:10:00.19;0.00:00:35:340;-1.00;-0.01;0.00;0.01666;-0.0168;-0.0002517;-5.588E-05;-89.57;-0.10;100.87;0.34;100.87;0.01666;0.01681;-0.0001443;-17.783;-17.745;-99.990;0.00;-167.48;
2025-11-24 18:10:00.24;0.00:00:35:390;-1.00;-0.02;0.00;0.01664;-0.01676;-0.0003037;-8.336E-05;-89.48;-0.14;100.75;0.50;100.74;0.01664;0.01677;-0.0001241;-17.788;-17.755;-99.990;0.00;-164.65;
2025-11-24 18:10:00.29;0.00:00:35:441;-1.00;-0.02;-0.01;0.01664;-0.01678;-0.0003051;-8.745E-05;-89.48;-0.15;100.86;0.53;100.86;0.01664;0.01678;-0.0001433;-17.788;-17.751;-99.990;0.00;-164.01;
2025-11-24 18:10:00.34;0.00:00:35:494;-1.00;-0.02;0.00;0.01675;-0.01689;-0.0002747;-6.598E-05;-89.53;-0.11;100.86;0.39;100.86;0.01675;0.01689;-0.0001449;-17.760;-17.723;-99.990;0.00;-166.49;
2025-11-24 18:10:00.40;0.00:00:35:553;-1.00;-0.02;0.00;0.0167;-0.01685;-0.0002989;-7.251E-05;-89.49;-0.12;100.92;0.43;100.92;0.0167;0.01685;-0.0001533;-17.773;-17.734;-99.990;0.00;-166.36;
2025-11-24 18:10:00.45;0.00:00:35:604;-1.00;-0.02;0.00;0.01669;-0.01684;-0.0003259;-7.435E-05;-89.45;-0.13;100.97;0.45;100.97;0.01669;0.01685;-0.0001615;-17.777;-17.735;-99.990;0.00;-167.15;
2025-11-24 18:10:00.50;0.00:00:35:656;-1.00;-0.02;-0.01;0.01669;-0.01684;-0.000265;-8.772E-05;-89.55;-0.15;100.88;0.53;100.88;0.01669;0.01684;-0.0001463;-17.774;-17.737;-99.990;0.00;-161.68;
2025-11-24 18:10:00.56;0.00:00:35:712;-1.00;-0.02;0.00;0.01675;-0.01689;-0.0002801;-6.773E-05;-89.53;-0.11;100.87;0.40;100.87;0.01675;0.0169;-0.0001464;-17.760;-17.722;-99.990;0.00;-166.41;
2025-11-24 18:10:00.62;0.00:00:35:768;-1.00;-0.02;-0.01;0.01674;-0.0169;-0.0002671;-8.951E-05;-89.55;-0.15;100.97;0.53;100.97;0.01674;0.0169;-0.000162;-17.763;-17.721;-99.990;0.00;-161.48;
2025-11-24 18:10:00.66;0.00:00:35:815;-1.00;-0.02;0.00;0.01667;-0.01682;-0.0002689;-6.2E-05;-89.54;-0.11;100.91;0.37;100.91;0.01667;0.01682;-0.000152;-17.781;-17.741;-99.990;0.00;-167.02;
2025-11-24 18:10:00.71;0.00:00:35:862;-1.00;-0.02;0.00;0.01665;-0.0168;-0.0003267;-6.601E-05;-89.44;-0.11;100.95;0.40;100.95;0.01665;0.01681;-0.0001575;-17.786;-17.745;-99.990;0.00;-168.58;
2025-11-24 18:10:00.76;0.00:00:35:909;-1.00;-0.02;-0.01;0.01666;-0.01682;-0.0002728;-8.505E-05;-89.54;-0.14;101.00;0.51;101.00;0.01666;0.01682;-0.0001662;-17.784;-17.741;-99.990;0.00;-162.68;
2025-11-24 18:10:00.80;0.00:00:35:955;-1.00;-0.02;0.00;0.01658;-0.01673;-0.000296;-8.23E-05;-89.49;-0.14;100.87;0.50;100.87;0.01658;0.01673;-0.0001448;-17.803;-17.766;-99.990;0.00;-164.46;
2025-11-24 18:10:00.85;0.00:00:36:001;-1.00;-0.02;0.00;0.0166;-0.01674;-0.0003247;-7.518E-05;-89.44;-0.13;100.89;0.45;100.89;0.0166;0.01675;-0.0001477;-17.800;-17.761;-99.990;0.00;-166.96;
2025-11-24 18:10:00.90;0.00:00:36:048;-1.00;-0.02;0.00;0.01661;-0.01677;-0.000268;-7.436E-05;-89.54;-0.13;100.97;0.45;100.97;0.01661;0.01677;-0.000161;-17.796;-17.754;-99.990;0.00;-164.49;
2025-11-24 18:10:00.94;0.00:00:36:095;-1.00;-0.02;0.00;0.01666;-0.0168;-0.0002859;-6.902E-05;-89.51;-0.12;100.86;0.41;100.86;0.01666;0.0168;-0.0001438;-17.784;-17.747;-99.990;0.00;-166.43;
2025-11-24 18:10:00.99;0.00:00:36:142;-1.00;-0.02;0.00;0.0167;-0.01685;-0.0002802;-5.459E-05;-89.52;-0.09;100.94;0.33;100.94;0.0167;0.01685;-0.0001565;-17.773;-17.733;-99.990;0.00;-168.98;
2025-11-24 18:10:01.04;0.00:00:36:189;-1.00;-0.02;-0.01;0.01665;-0.01679;-0.0002653;-9.645E-05;-89.55;-0.16;100.84;0.58;100.84;0.01665;0.01679;-0.0001401;-17.786;-17.749;-99.990;0.00;-160.02;
2025-11-24 18:10:01.09;0.00:00:36:241;-1.00;-0.02;0.00;0.0166;-0.01674;-0.0002612;-6.376E-05;-89.55;-0.11;100.83;0.38;100.83;0.0166;0.01674;-0.0001379;-17.799;-17.763;-99.990;0.00;-166.28;
2025-11-24 18:10:01.15;0.00:00:36:299;-1.00;-0.02;0.00;0.01657;-0.01673;-0.0002558;-6.763E-05;-89.56;-0.12;100.98;0.41;100.98;0.01657;0.01673;-0.0001621;-17.806;-17.764;-99.990;0.00;-165.19;
2025-11-24 18:10:01.20;0.00:00:36:347;-1.00;-0.02;0.00;0.01659;-0.01674;-0.0002732;-6.41E-05;-89.53;-0.11;100.91;0.39;100.91;0.01659;0.01674;-0.0001512;-17.801;-17.761;-99.990;0.00;-166.80;
2025-11-24 18:10:01.24;0.00:00:36:394;-1.00;-0.02;0.00;0.01659;-0.01673;-0.0002698;-8.173E-05;-89.54;-0.14;100.89;0.49;100.89;0.01659;0.01674;-0.0001479;-17.802;-17.764;-99.990;0.00;-163.15;
2025-11-24 18:10:01.29;0.00:00:36:440;-1.00;-0.02;-0.01;0.01664;-0.01677;-0.0002912;-9.11E-05;-89.50;-0.16;100.77;0.55;100.77;0.01664;0.01677;-0.0001282;-17.788;-17.754;-99.990;0.00;-162.63;
2025-11-24 18:10:01.34;0.00:00:36:487;-1.00;-0.02;0.00;0.01663;-0.01676;-0.0002845;-5.547E-05;-89.51;-0.09;100.74;0.33;100.74;0.01663;0.01676;-0.0001233;-17.790;-17.758;-99.990;0.00;-168.97;
2025-11-24 18:10:01.38;0.00:00:36:534;-1.00;-0.02;-0.01;0.01663;-0.01678;-0.0003088;-9.153E-05;-89.47;-0.16;100.90;0.55;100.90;0.01663;0.01678;-0.0001492;-17.791;-17.752;-99.990;0.00;-163.49;
2025-11-24 18:10:01.43;0.00:00:36:580;-1.00;-0.02;0.00;0.01664;-0.01676;-0.0003185;-5.661E-05;-89.46;-0.10;100.73;0.34;100.73;0.01664;0.01677;-0.0001223;-17.787;-17.756;-99.990;0.00;-169.92;
2025-11-24 18:10:01.47;0.00:00:36:626;-1.00;-0.02;0.00;0.01666;-0.01683;-0.0003103;-7.455E-05;-89.47;-0.13;100.99;0.45;100.99;0.01666;0.01683;-0.000165;-17.782;-17.739;-99.990;0.00;-166.49;
2025-11-24 18:10:01.52;0.00:00:36:673;-1.00;-0.02;0.00;0.01662;-0.01677;-0.0002907;-6.373E-05;-89.50;-0.11;100.89;0.38;100.89;0.01662;0.01677;-0.0001482;-17.793;-17.755;-99.990;0.00;-167.63;
2025-11-24 18:10:01.57;0.00:00:36:721;-1.00;-0.02;0.00;0.01665;-0.01678;-0.0002927;-5.286E-05;-89.50;-0.09;100.80;0.32;100.80;0.01665;0.01678;-0.0001335;-17.787;-17.752;-99.990;0.00;-169.76;
2025-11-24 18:10:01.62;0.00:00:36:767;-1.00;-0.02;0.00;0.01668;-0.01684;-0.0002841;-7.507E-05;-89.52;-0.13;101.00;0.45;101.00;0.01668;0.01685;-0.0001675;-17.779;-17.735;-99.990;0.00;-165.20;
2025-11-24 18:10:01.66;0.00:00:36:815;-1.00;-0.02;0.00;0.01664;-0.01677;-0.0002923;-8.31E-05;-89.50;-0.14;100.83;0.50;100.83;0.01664;0.01677;-0.0001386;-17.790;-17.754;-99.990;0.00;-164.13;
2025-11-24 18:10:01.71;0.00:00:36:861;-1.00;-0.02;0.00;0.01666;-0.0168;-0.0003021;-7.389E-05;-89.48;-0.13;100.89;0.44;100.89;0.01666;0.0168;-0.0001476;-17.785;-17.746;-99.990;0.00;-166.26;
2025-11-24 18:10:01.76;0.00:00:36:908;-1.00;-0.02;0.00;0.01668;-0.01684;-0.0002918;-8.219E-05;-89.50;-0.14;100.96;0.49;100.96;0.01668;0.01684;-0.0001596;-17.777;-17.736;-99.990;0.00;-164.27;
2025-11-24 18:10:01.80;0.00:00:36:955;-1.00;-0.02;0.00;0.01665;-0.01679;-0.0002659;-7.646E-05;-89.55;-0.13;100.91;0.46;100.91;0.01665;0.0168;-0.0001511;-17.787;-17.748;-99.990;0.00;-163.96;
2025-11-24 18:10:01.85;0.00:00:37:002;-1.00;-0.02;0.00;0.01666;-0.01682;-0.0002875;-6.619E-05;-89.51;-0.11;100.94;0.40;100.94;0.01666;0.01682;-0.0001572;-17.782;-17.742;-99.990;0.00;-167.03;
2025-11-24 18:10:01.90;0.00:00:37:049;-1.00;-0.02;0.00;0.01665;-0.01679;-0.0002864;-6.645E-05;-89.51;-0.11;100.83;0.40;100.83;0.01665;0.01679;-0.0001386;-17.786;-17.750;-99.990;0.00;-166.94;
2025-11-24 18:10:01.94;0.00:00:37:096;-1.00;-0.02;0.00;0.01668;-0.01683;-0.0002739;-7.66E-05;-89.53;-0.13;100.93;0.46;100.93;0.01668;0.01684;-0.0001557;-17.778;-17.738;-99.990;0.00;-164.38;
2025-11-24 18:10:01.99;0.00:00:37:146;-1.00;-0.02;-0.01;0.01667;-0.01681;-0.0002797;-9.193E-05;-89.52;-0.16;100.91;0.55;100.91;0.01667;0.01682;-0.0001518;-17.782;-17.742;-99.990;0.00;-161.81;
2025-11-24 18:10:02.05;0.00:00:37:205;-1.00;-0.02;0.00;0.01665;-0.0168;-0.0002914;-6.815E-05;-89.50;-0.12;100.91;0.41;100.91;0.01665;0.0168;-0.0001513;-17.785;-17.746;-99.990;0.00;-166.84;
2025-11-24 18:10:02.10;0.00:00:37:252;-1.00;-0.02;0.00;0.01668;-0.01683;-0.0003128;-6.523E-05;-89.47;-0.11;100.93;0.39;100.93;0.01668;0.01683;-0.0001555;-17.779;-17.739;-99.990;0.00;-168.22;
2025-11-24 18:10:02.15;0.00:00:37:299;-1.00;-0.02;0.00;0.01666;-0.01681;-0.0002644;-7.356E-05;-89.55;-0.13;100.87;0.44;100.87;0.01666;0.01681;-0.0001457;-17.782;-17.744;-99.990;0.00;-164.45;
2025-11-24 18:10:02.19;0.00:00:37:345;-1.00;-0.02;0.00;0.01664;-0.01678;-0.0002928;-8.313E-05;-89.50;-0.14;100.86;0.50;100.86;0.01664;0.01679;-0.0001426;-17.787;-17.750;-99.990;0.00;-164.15;
2025-11-24 18:10:02.24;0.00:00:37:393;-1.00;-0.02;0.00;0.01667;-0.01683;-0.0002851;-5.761E-05;-89.51;-0.10;101.00;0.35;100.99;0.01667;0.01683;-0.0001659;-17.782;-17.739;-99.990;0.00;-168.57;
2025-11-24 18:10:02.29;0.00:00:37:440;-1.00;-0.02;-0.01;0.01669;-0.01684;-0.0003021;-8.711E-05;-89.49;-0.15;100.86;0.52;100.86;0.01669;0.01684;-0.0001439;-17.774;-17.737;-99.990;0.00;-163.92;
2025-11-24 18:10:02.34;0.00:00:37:488;-1.00;-0.02;0.00;0.01669;-0.01683;-0.0002541;-6.309E-05;-89.57;-0.11;100.84;0.38;100.84;0.01669;0.01683;-0.0001408;-17.775;-17.738;-99.990;0.00;-166.06;
2025-11-24 18:10:02.38;0.00:00:37:535;-1.00;-0.02;0.00;0.01662;-0.01677;-0.0003141;-7.036E-05;-89.46;-0.12;100.95;0.42;100.95;0.01662;0.01678;-0.0001581;-17.794;-17.753;-99.990;0.00;-167.38;
2025-11-24 18:10:02.43;0.00:00:37:584;-1.00;-0.02;0.00;0.01661;-0.01672;-0.0003054;-5.864E-05;-89.48;-0.10;100.70;0.35;100.70;0.01661;0.01672;-0.0001164;-17.797;-17.766;-99.990;0.00;-169.13;
2025-11-24 18:10:02.49;0.00:00:37:643;-1.00;-0.02;-0.01;0.0166;-0.01676;-0.0002718;-9.251E-05;-89.54;-0.16;100.96;0.56;100.96;0.0166;0.01676;-0.0001594;-17.799;-17.758;-99.990;0.00;-161.20;
2025-11-24 18:10:02.54;0.00:00:37:689;-1.00;-0.02;0.00;0.01664;-0.01678;-0.0002692;-6.963E-05;-89.54;-0.12;100.88;0.42;100.88;0.01664;0.01678;-0.0001459;-17.790;-17.752;-99.990;0.00;-165.50;
2025-11-24 18:10:02.58;0.00:00:37:736;-1.00;-0.02;0.00;0.01661;-0.01675;-0.0002993;-6.239E-05;-89.49;-0.11;100.87;0.38;100.87;0.01661;0.01675;-0.0001438;-17.796;-17.759;-99.990;0.00;-168.23;
2025-11-24 18:10:02.63;0.00:00:37:786;-1.00;-0.02;0.00;0.01663;-0.01677;-0.0002924;-7.026E-05;-89.50;-0.12;100.84;0.42;100.84;0.01663;0.01677;-0.0001398;-17.790;-17.754;-99.990;0.00;-166.49;
2025-11-24 18:10:02.69;0.00:00:37:837;-1.00;-0.02;0.00;0.01662;-0.01675;-0.0003079;-6.994E-05;-89.47;-0.12;100.82;0.42;100.82;0.01662;0.01675;-0.0001369;-17.795;-17.759;-99.990;0.00;-167.20;
2025-11-24 18:10:02.74;0.00:00:37:889;-1.00;-0.02;0.00;0.01665;-0.01678;-0.0003152;-7.465E-05;-89.46;-0.13;100.81;0.45;100.81;0.01665;0.01678;-0.0001355;-17.787;-17.752;-99.990;0.00;-166.68;
2025-11-24 18:10:02.80;0.00:00:37:950;-1.00;-0.02;0.00;0.01665;-0.01681;-0.0002747;-6.147E-05;-89.53;-0.10;100.96;0.37;100.96;0.01665;0.01681;-0.0001595;-17.785;-17.743;-99.990;0.00;-167.38;
2025-11-24 18:10:02.84;0.00:00:37:992;-1.00;-0.02;0.00;0.01665;-0.01679;-0.0002988;-8.011E-05;-89.49;-0.14;100.88;0.48;100.88;0.01665;0.01679;-0.0001461;-17.787;-17.749;-99.990;0.00;-164.99;
2025-11-24 18:10:02.90;0.00:00:38:054;-1.00;-0.01;0.00;0.01662;-0.01676;-0.0002477;-4.657E-05;-89.58;-0.08;100.86;0.28;100.85;0.01662;0.01676;-0.0001421;-17.794;-17.757;-99.990;0.00;-169.35;
2025-11-24 18:10:02.95;0.00:00:38:106;-1.00;-0.02;0.00;0.01661;-0.01675;-0.0003048;-5.754E-05;-89.48;-0.10;100.88;0.35;100.88;0.01661;0.01675;-0.000146;-17.797;-17.759;-99.990;0.00;-169.31;
2025-11-24 18:10:03.00;0.00:00:38:156;-1.00;-0.02;0.00;0.0166;-0.01674;-0.0003067;-7.986E-05;-89.48;-0.14;100.90;0.48;100.90;0.0166;0.01675;-0.0001491;-17.800;-17.761;-99.990;0.00;-165.40;
2025-11-24 18:10:03.06;0.00:00:38:211;-1.00;-0.02;0.00;0.01662;-0.01675;-0.0002772;-7.876E-05;-89.53;-0.13;100.81;0.47;100.81;0.01662;0.01675;-0.0001352;-17.794;-17.759;-99.990;0.00;-164.14;
2025-11-24 18:10:03.11;0.00:00:38:258;-1.00;-0.02;0.00;0.01658;-0.01672;-0.0002955;-7.171E-05;-89.49;-0.12;100.87;0.43;100.87;0.01658;0.01672;-0.0001446;-17.805;-17.768;-99.990;0.00;-166.36;
2025-11-24 18:10:03.16;0.00:00:38:310;-1.00;-0.02;0.00;0.01661;-0.01674;-0.0003043;-5.767E-05;-89.48;-0.10;100.80;0.35;100.80;0.01661;0.01674;-0.000133;-17.798;-17.763;-99.990;0.00;-169.27;
2025-11-24 18:10:03.21;0.00:00:38:360;-1.00;-0.02;0.00;0.01663;-0.01676;-0.0002935;-7.325E-05;-89.50;-0.13;100.78;0.44;100.78;0.01663;0.01676;-0.0001293;-17.790;-17.756;-99.990;0.00;-165.99;
2025-11-24 18:10:03.26;0.00:00:38:411;-1.00;-0.02;0.00;0.01661;-0.01677;-0.0002813;-7.984E-05;-89.52;-0.14;100.95;0.48;100.94;0.01661;0.01677;-0.000157;-17.796;-17.755;-99.990;0.00;-164.15;
2025-11-24 18:10:03.32;0.00:00:38:473;-1.00;-0.02;0.00;0.01657;-0.01671;-0.0002962;-6.137E-05;-89.49;-0.11;100.87;0.37;100.87;0.01657;0.01671;-0.0001444;-17.807;-17.769;-99.990;0.00;-168.30;
2025-11-24 18:10:03.37;0.00:00:38:525;-1.00;-0.02;0.00;0.01661;-0.01675;-0.0002603;-8.338E-05;-89.55;-0.14;100.86;0.50;100.86;0.01661;0.01675;-0.0001431;-17.796;-17.759;-99.990;0.00;-162.24;
2025-11-24 18:10:03.42;0.00:00:38:576;-1.00;-0.02;0.00;0.01662;-0.01676;-0.0003066;-6.979E-05;-89.48;-0.12;100.86;0.42;100.86;0.01662;0.01676;-0.0001432;-17.793;-17.756;-99.990;0.00;-167.18;
2025-11-24 18:10:03.48;0.00:00:38:627;-1.00;-0.02;0.00;0.01667;-0.01683;-0.0002846;-7.606E-05;-89.52;-0.13;100.98;0.46;100.98;0.01667;0.01683;-0.0001638;-17.782;-17.739;-99.990;0.00;-165.03;
2025-11-24 18:10:03.53;0.00:00:38:679;-1.00;-0.02;0.00;0.01669;-0.01683;-0.0002864;-5.668E-05;-89.51;-0.10;100.90;0.34;100.90;0.01669;0.01684;-0.0001504;-17.776;-17.737;-99.990;0.00;-168.81;
2025-11-24 18:10:03.58;0.00:00:38:730;-1.00;-0.02;0.00;0.01668;-0.01682;-0.0002958;-6.98E-05;-89.50;-0.12;100.88;0.42;100.88;0.01668;0.01683;-0.0001476;-17.778;-17.740;-99.990;0.00;-166.72;
2025-11-24 18:10:03.64;0.00:00:38:792;-1.00;-0.02;0.00;0.01661;-0.01676;-0.0002516;-8.037E-05;-89.57;-0.14;100.91;0.48;100.90;0.01661;0.01676;-0.0001504;-17.797;-17.758;-99.990;0.00;-162.28;
2025-11-24 18:10:03.70;0.00:00:38:849;-1.00;-0.02;0.00;0.01662;-0.01676;-0.0002861;-7.642E-05;-89.51;-0.13;100.83;0.46;100.83;0.01662;0.01676;-0.0001388;-17.793;-17.757;-99.990;0.00;-165.05;
2025-11-24 18:10:03.74;0.00:00:38:896;-1.00;-0.02;-0.01;0.01662;-0.01677;-0.0002854;-9.526E-05;-89.51;-0.16;100.92;0.57;100.92;0.01662;0.01677;-0.0001532;-17.795;-17.755;-99.990;0.00;-161.55;
2025-11-24 18:10:03.81;0.00:00:38:957;-1.00;-0.02;0.00;0.01663;-0.01679;-0.0003074;-7.424E-05;-89.48;-0.13;100.94;0.45;100.93;0.01663;0.01679;-0.0001556;-17.790;-17.749;-99.990;0.00;-166.42;
2025-11-24 18:10:03.86;0.00:00:39:009;-1.00;-0.02;0.00;0.01664;-0.01678;-0.0003073;-5.701E-05;-89.48;-0.10;100.84;0.34;100.84;0.01664;0.01678;-0.0001398;-17.789;-17.753;-99.990;0.00;-169.49;
2025-11-24 18:10:03.91;0.00:00:39:059;-1.00;-0.02;0.00;0.01662;-0.01674;-0.0002769;-8.207E-05;-89.53;-0.14;100.78;0.49;100.77;0.01662;0.01675;-0.000129;-17.794;-17.761;-99.990;0.00;-163.49;
2025-11-24 18:10:03.96;0.00:00:39:111;-1.00;-0.02;0.00;0.01667;-0.0168;-0.0002834;-7.877E-05;-89.52;-0.13;100.81;0.47;100.81;0.01667;0.01681;-0.0001344;-17.780;-17.745;-99.990;0.00;-164.47;
2025-11-24 18:10:04.01;0.00:00:39:163;-1.00;-0.02;0.00;0.01666;-0.01681;-0.0003274;-8.11E-05;-89.44;-0.14;100.92;0.49;100.92;0.01666;0.01682;-0.0001528;-17.782;-17.743;-99.990;0.00;-166.09;
2025-11-24 18:10:04.06;0.00:00:39:214;-1.00;-0.02;0.00;0.0166;-0.01674;-0.0003168;-7.411E-05;-89.46;-0.13;100.85;0.45;100.85;0.0166;0.01674;-0.0001405;-17.798;-17.761;-99.990;0.00;-166.84;
2025-11-24 18:10:04.12;0.00:00:39:273;-1.00;-0.02;0.00;0.01662;-0.01677;-0.000278;-6.459E-05;-89.53;-0.11;100.93;0.39;100.93;0.01662;0.01677;-0.000154;-17.795;-17.755;-99.990;0.00;-166.92;
2025-11-24 18:10:04.17;0.00:00:39:326;-1.00;-0.02;0.00;0.01664;-0.01677;-0.0003047;-7.105E-05;-89.48;-0.12;100.82;0.43;100.82;0.01664;0.01678;-0.0001362;-17.788;-17.753;-99.990;0.00;-166.87;
2025-11-24 18:10:04.23;0.00:00:39:378;-1.00;-0.02;0.00;0.01668;-0.01684;-0.0003235;-7.959E-05;-89.45;-0.14;100.95;0.48;100.95;0.01668;0.01684;-0.0001583;-17.777;-17.736;-99.990;0.00;-166.18;
2025-11-24 18:10:04.28;0.00:00:39:429;-1.00;-0.02;0.00;0.01672;-0.01688;-0.000283;-6.723E-05;-89.52;-0.11;101.00;0.40;100.99;0.01672;0.01689;-0.0001665;-17.768;-17.725;-99.990;0.00;-166.64;
2025-11-24 18:10:04.33;0.00:00:39:480;-1.00;-0.02;0.00;0.01674;-0.01689;-0.0003019;-5.894E-05;-89.49;-0.10;100.91;0.35;100.91;0.01674;0.01689;-0.0001529;-17.763;-17.724;-99.990;0.00;-168.95;
2025-11-24 18:10:04.38;0.00:00:39:531;-1.00;-0.02;0.00;0.0167;-0.01685;-0.0002766;-4.576E-05;-89.53;-0.08;100.92;0.27;100.92;0.0167;0.01685;-0.0001538;-17.774;-17.734;-99.990;0.00;-170.60;
2025-11-24 18:10:04.43;0.00:00:39:582;-1.00;-0.02;0.00;0.01671;-0.01684;-0.000327;-7.739E-05;-89.44;-0.13;100.81;0.46;100.81;0.01671;0.01684;-0.0001357;-17.771;-17.736;-99.990;0.00;-166.68;
2025-11-24 18:10:04.48;0.00:00:39:634;-1.00;-0.02;0.00;0.01669;-0.01683;-0.0002889;-6.59E-05;-89.51;-0.11;100.87;0.39;100.87;0.01669;0.01683;-0.000145;-17.776;-17.738;-99.990;0.00;-167.15;
2025-11-24 18:10:04.53;0.00:00:39:685;-1.00;-0.02;0.00;0.01672;-0.01686;-0.000272;-5.791E-05;-89.54;-0.10;100.84;0.35;100.84;0.01672;0.01687;-0.0001409;-17.766;-17.730;-99.990;0.00;-167.98;
2025-11-24 18:10:04.60;0.00:00:39:747;-1.00;-0.02;-0.01;0.01669;-0.01683;-0.0002887;-8.428E-05;-89.51;-0.14;100.86;0.51;100.85;0.01669;0.01683;-0.0001428;-17.776;-17.739;-99.990;0.00;-163.73;
2025-11-24 18:10:04.65;0.00:00:39:799;-1.00;-0.02;0.00;0.01671;-0.01685;-0.00031;-6.313E-05;-89.47;-0.11;100.90;0.38;100.90;0.01671;0.01686;-0.0001498;-17.771;-17.733;-99.990;0.00;-168.49;
2025-11-24 18:10:04.70;0.00:00:39:849;-1.00;-0.02;0.00;0.0167;-0.01685;-0.0002627;-7.475E-05;-89.55;-0.13;100.96;0.45;100.96;0.0167;0.01686;-0.000161;-17.774;-17.732;-99.990;0.00;-164.11;
2025-11-24 18:10:04.76;0.00:00:39:909;-1.00;-0.02;0.00;0.0167;-0.01685;-0.0002699;-7.639E-05;-89.54;-0.13;100.88;0.46;100.88;0.0167;0.01685;-0.0001468;-17.772;-17.734;-99.990;0.00;-164.19;
2025-11-24 18:10:04.80;0.00:00:39:956;-1.00;-0.02;0.00;0.01672;-0.01686;-0.0002778;-6.576E-05;-89.53;-0.11;100.84;0.39;100.84;0.01672;0.01686;-0.0001408;-17.768;-17.732;-99.990;0.00;-166.68;
2025-11-24 18:10:04.85;0.00:00:40:005;-1.00;-0.02;0.00;0.01671;-0.01688;-0.0003072;-5.816E-05;-89.48;-0.10;101.00;0.35;101.00;0.01671;0.01688;-0.0001671;-17.770;-17.727;-99.990;0.00;-169.28;
2025-11-24 18:10:04.91;0.00:00:40:065;-1.00;-0.02;0.00;0.01668;-0.01682;-0.0003071;-5.764E-05;-89.48;-0.10;100.85;0.35;100.85;0.01668;0.01682;-0.0001424;-17.778;-17.741;-99.990;0.00;-169.37;
2025-11-24 18:10:04.96;0.00:00:40:113;-1.00;-0.02;0.00;0.01667;-0.01682;-0.0002971;-7.523E-05;-89.49;-0.13;100.90;0.45;100.90;0.01667;0.01682;-0.0001499;-17.780;-17.741;-99.990;0.00;-165.79;
2025-11-24 18:10:05.01;0.00:00:40:160;-1.00;-0.02;0.00;0.01671;-0.01687;-0.0002966;-6.746E-05;-89.50;-0.11;100.95;0.40;100.95;0.01671;0.01687;-0.0001588;-17.769;-17.728;-99.990;0.00;-167.19;
2025-11-24 18:10:05.06;0.00:00:40:206;-1.00;-0.02;0.00;0.01673;-0.01689;-0.0002954;-6.536E-05;-89.50;-0.11;100.97;0.39;100.97;0.01673;0.01689;-0.0001621;-17.765;-17.723;-99.990;0.00;-167.52;
2025-11-24 18:10:05.10;0.00:00:40:253;-1.00;-0.02;0.00;0.01671;-0.01685;-0.0002796;-4.776E-05;-89.52;-0.08;100.88;0.29;100.88;0.01671;0.01686;-0.000147;-17.771;-17.733;-99.990;0.00;-170.31;
2025-11-24 18:10:05.15;0.00:00:40:301;-1.00;-0.02;0.00;0.01672;-0.01687;-0.0002952;-7.107E-05;-89.50;-0.12;100.91;0.42;100.91;0.01672;0.01688;-0.0001517;-17.767;-17.727;-99.990;0.00;-166.46;
2025-11-24 18:10:05.20;0.00:00:40:348;-1.00;-0.02;0.00;0.01671;-0.01686;-0.0003051;-5.405E-05;-89.48;-0.09;100.92;0.32;100.92;0.01671;0.01686;-0.0001544;-17.771;-17.731;-99.990;0.00;-169.95;
2025-11-24 18:10:05.24;0.00:00:40:395;-1.00;-0.02;0.00;0.01668;-0.01684;-0.0003102;-7.352E-05;-89.47;-0.13;100.99;0.44;100.99;0.01668;0.01684;-0.0001645;-17.778;-17.736;-99.990;0.00;-166.67;
2025-11-24 18:10:05.29;0.00:00:40:445;-1.00;-0.02;0.00;0.01668;-0.01683;-0.0003031;-6.075E-05;-89.48;-0.10;100.90;0.36;100.90;0.01668;0.01683;-0.0001509;-17.778;-17.739;-99.990;0.00;-168.66;
2025-11-24 18:10:05.35;0.00:00:40:504;-1.00;-0.02;0.00;0.01659;-0.01673;-0.0002832;-5.711E-05;-89.52;-0.10;100.85;0.34;100.85;0.01659;0.01674;-0.000141;-17.800;-17.764;-99.990;0.00;-168.60;
2025-11-24 18:10:05.40;0.00:00:40:551;-1.00;-0.02;0.00;0.01666;-0.01679;-0.0002636;-7.278E-05;-89.55;-0.12;100.83;0.44;100.83;0.01666;0.01679;-0.0001381;-17.784;-17.748;-99.990;0.00;-164.57;
2025-11-24 18:10:05.45;0.00:00:40:598;-1.00;-0.02;0.00;0.01667;-0.01681;-0.0003001;-7.238E-05;-89.49;-0.12;100.88;0.43;100.88;0.01667;0.01682;-0.0001472;-17.781;-17.743;-99.990;0.00;-166.44;
2025-11-24 18:10:05.49;0.00:00:40:645;-1.00;-0.02;0.00;0.0167;-0.01685;-0.0002821;-6.371E-05;-89.52;-0.11;100.94;0.38;100.94;0.0167;0.01686;-0.0001577;-17.773;-17.732;-99.990;0.00;-167.27;
2025-11-24 18:10:05.54;0.00:00:40:692;-1.00;-0.02;0.00;0.01665;-0.0168;-0.0002903;-5.809E-05;-89.51;-0.10;100.87;0.35;100.87;0.01665;0.0168;-0.0001452;-17.785;-17.747;-99.990;0.00;-168.68;
2025-11-24 18:10:05.59;0.00:00:40:738;-1.00;-0.02;0.00;0.01662;-0.01675;-0.0002938;-6.408E-05;-89.50;-0.11;100.82;0.39;100.82;0.01662;0.01676;-0.0001358;-17.793;-17.758;-99.990;0.00;-167.70;
2025-11-24 18:10:05.63;0.00:00:40:786;-1.00;-0.02;0.00;0.01663;-0.01679;-0.0002894;-6.547E-05;-89.51;-0.11;100.98;0.39;100.98;0.01663;0.01679;-0.0001628;-17.792;-17.749;-99.990;0.00;-167.25;
2025-11-24 18:10:05.68;0.00:00:40:834;-1.00;-0.02;0.00;0.01661;-0.01675;-0.0002866;-6.686E-05;-89.51;-0.11;100.86;0.40;100.86;0.01661;0.01675;-0.0001431;-17.796;-17.759;-99.990;0.00;-166.87;
2025-11-24 18:10:05.73;0.00:00:40:885;-1.00;-0.02;0.00;0.01661;-0.01673;-0.000278;-7.497E-05;-89.52;-0.13;100.76;0.45;100.76;0.01661;0.01673;-0.0001265;-17.797;-17.765;-99.990;0.00;-164.91;
2025-11-24 18:10:05.79;0.00:00:40:944;-1.00;-0.02;0.00;0.0166;-0.01675;-0.000279;-5.615E-05;-89.52;-0.10;100.91;0.34;100.91;0.0166;0.01675;-0.000151;-17.800;-17.760;-99.990;0.00;-168.62;
2025-11-24 18:10:05.84;0.00:00:40:990;-1.00;-0.02;-0.01;0.01663;-0.01677;-0.0002854;-8.563E-05;-89.51;-0.15;100.88;0.51;100.88;0.01663;0.01677;-0.0001471;-17.792;-17.753;-99.990;0.00;-163.30;
2025-11-24 18:10:05.89;0.00:00:41:038;-1.00;-0.02;0.00;0.01665;-0.01678;-0.0002919;-7.054E-05;-89.50;-0.12;100.83;0.42;100.83;0.01665;0.01678;-0.000138;-17.787;-17.751;-99.990;0.00;-166.41;
2025-11-24 18:10:05.93;0.00:00:41:085;-1.00;-0.02;0.00;0.0166;-0.01673;-0.0003405;-8.159E-05;-89.42;-0.14;100.81;0.49;100.81;0.0166;0.01674;-0.0001348;-17.798;-17.763;-99.990;0.00;-166.53;
2025-11-24 18:10:05.98;0.00:00:41:132;-1.00;-0.02;0.00;0.01662;-0.01675;-0.0003194;-7.574E-05;-89.45;-0.13;100.78;0.46;100.78;0.01662;0.01675;-0.0001294;-17.793;-17.760;-99.990;0.00;-166.66;
2025-11-24 18:10:06.03;0.00:00:41:178;-1.00;-0.02;0.00;0.01662;-0.01676;-0.0002871;-5.915E-05;-89.51;-0.10;100.86;0.36;100.86;0.01662;0.01676;-0.000143;-17.794;-17.757;-99.990;0.00;-168.36;
2025-11-24 18:10:06.07;0.00:00:41:225;-1.00;-0.02;-0.01;0.0166;-0.01677;-0.0002742;-8.625E-05;-89.53;-0.15;101.01;0.52;101.01;0.0166;0.01677;-0.0001682;-17.798;-17.754;-99.990;0.00;-162.54;
2025-11-24 18:10:06.12;0.00:00:41:271;-1.00;-0.02;0.00;0.01656;-0.0167;-0.0002724;-6.784E-05;-89.53;-0.12;100.89;0.41;100.89;0.01656;0.0167;-0.0001476;-17.810;-17.772;-99.990;0.00;-166.02;
2025-11-24 18:10:06.17;0.00:00:41:319;-1.00;-0.02;0.00;0.01654;-0.01671;-0.000305;-6.687E-05;-89.48;-0.11;101.08;0.40;101.08;0.01654;0.01671;-0.0001792;-17.816;-17.769;-99.990;0.00;-167.63;
2025-11-24 18:10:06.21;0.00:00:41:365;-1.00;-0.02;0.00;0.01654;-0.0167;-0.0002733;-7.42E-05;-89.53;-0.13;100.97;0.45;100.97;0.01654;0.0167;-0.0001608;-17.815;-17.773;-99.990;0.00;-164.81;
2025-11-24 18:10:06.26;0.00:00:41:411;-1.00;-0.02;0.00;0.01653;-0.01665;-0.0002688;-8.199E-05;-89.54;-0.14;100.75;0.50;100.74;0.01653;0.01665;-0.0001232;-17.818;-17.786;-99.990;0.00;-163.04;
2025-11-24 18:10:06.31;0.00:00:41:457;-1.00;-0.02;0.00;0.01648;-0.01662;-0.0002793;-7.031E-05;-89.52;-0.12;100.87;0.43;100.86;0.01648;0.01662;-0.0001427;-17.832;-17.794;-99.990;0.00;-165.87;
2025-11-24 18:10:06.35;0.00:00:41:504;-1.00;-0.02;0.00;0.01654;-0.01668;-0.0003029;-7.799E-05;-89.48;-0.13;100.88;0.47;100.88;0.01654;0.01668;-0.0001463;-17.816;-17.778;-99.990;0.00;-165.56;
2025-11-24 18:10:06.40;0.00:00:41:550;-1.00;-0.02;0.00;0.01653;-0.01668;-0.0002671;-7.636E-05;-89.54;-0.13;100.92;0.46;100.91;0.01653;0.01669;-0.0001514;-17.816;-17.777;-99.990;0.00;-164.04;
2025-11-24 18:10:06.45;0.00:00:41:597;-1.00;-0.02;0.00;0.01656;-0.01672;-0.0003224;-8.268E-05;-89.45;-0.14;101.02;0.50;101.02;0.01656;0.01673;-0.0001691;-17.810;-17.766;-99.990;0.00;-165.62;
2025-11-24 18:10:06.49;0.00:00:41:644;-1.00;-0.02;0.00;0.01658;-0.01676;-0.0002929;-7.84E-05;-89.50;-0.13;101.07;0.47;101.07;0.01658;0.01676;-0.0001779;-17.803;-17.757;-99.990;0.00;-165.01;
2025-11-24 18:10:06.54;0.00:00:41:692;-1.00;-0.02;0.00;0.01659;-0.01673;-0.000292;-6.253E-05;-89.50;-0.11;100.88;0.38;100.88;0.01659;0.01674;-0.0001455;-17.801;-17.763;-99.990;0.00;-167.91;
2025-11-24 18:10:06.59;0.00:00:41:739;-1.00;-0.02;0.00;0.01657;-0.01674;-0.0002615;-5.465E-05;-89.55;-0.09;101.06;0.33;101.06;0.01657;0.01675;-0.0001762;-17.807;-17.761;-99.990;0.00;-168.20;
2025-11-24 18:10:06.64;0.00:00:41:793;-1.00;-0.02;-0.01;0.0166;-0.01673;-0.0002737;-8.683E-05;-89.53;-0.15;100.82;0.52;100.82;0.0166;0.01673;-0.0001359;-17.800;-17.764;-99.990;0.00;-162.40;
2025-11-24 18:10:06.70;0.00:00:41:847;-1.00;-0.02;0.00;0.01663;-0.01677;-0.0002666;-6.39E-05;-89.54;-0.11;100.82;0.38;100.82;0.01663;0.01677;-0.0001359;-17.790;-17.755;-99.990;0.00;-166.52;
2025-11-24 18:10:06.75;0.00:00:41:899;-1.00;-0.02;0.00;0.01662;-0.01677;-0.0002842;-7.618E-05;-89.51;-0.13;100.93;0.46;100.93;0.01662;0.01678;-0.0001548;-17.793;-17.753;-99.990;0.00;-164.99;
2025-11-24 18:10:06.80;0.00:00:41:950;-1.00;-0.02;0.00;0.01668;-0.01682;-0.0002661;-6.933E-05;-89.55;-0.12;100.87;0.42;100.87;0.01668;0.01683;-0.0001458;-17.778;-17.740;-99.990;0.00;-165.40;
2025-11-24 18:10:06.85;0.00:00:41:996;-1.00;-0.02;-0.01;0.01664;-0.01678;-0.0002623;-8.628E-05;-89.55;-0.15;100.82;0.52;100.82;0.01664;0.01678;-0.0001365;-17.788;-17.752;-99.990;0.00;-161.79;
2025-11-24 18:10:06.90;0.00:00:42:047;-1.00;-0.02;0.00;0.01661;-0.01676;-0.0002713;-7.964E-05;-89.54;-0.14;100.95;0.48;100.95;0.01661;0.01676;-0.0001585;-17.797;-17.756;-99.990;0.00;-163.64;
2025-11-24 18:10:06.94;0.00:00:42:093;-1.00;-0.02;0.00;0.01663;-0.01677;-0.000292;-6.076E-05;-89.50;-0.10;100.88;0.37;100.88;0.01663;0.01678;-0.0001463;-17.791;-17.753;-99.990;0.00;-168.25;
2025-11-24 18:10:06.99;0.00:00:42:144;-1.00;-0.02;0.00;0.01659;-0.01674;-0.0003411;-5.329E-05;-89.42;-0.09;100.94;0.32;100.94;0.01659;0.01675;-0.0001559;-17.801;-17.760;-99.990;0.00;-171.12;
2025-11-24 18:10:07.04;0.00:00:42:196;-1.00;-0.02;0.00;0.01662;-0.01676;-0.0003081;-8.201E-05;-89.47;-0.14;100.90;0.49;100.90;0.01662;0.01677;-0.0001496;-17.795;-17.756;-99.990;0.00;-165.09;
2025-11-24 18:10:07.10;0.00:00:42:247;-1.00;-0.02;0.00;0.01666;-0.0168;-0.0002932;-7.985E-05;-89.50;-0.14;100.88;0.48;100.88;0.01666;0.0168;-0.0001469;-17.784;-17.746;-99.990;0.00;-164.76;
2025-11-24 18:10:07.14;0.00:00:42:293;-1.00;-0.02;0.00;0.01667;-0.01682;-0.0002739;-7.501E-05;-89.53;-0.13;100.89;0.45;100.89;0.01667;0.01682;-0.0001478;-17.780;-17.742;-99.990;0.00;-164.68;
2025-11-24 18:10:07.19;0.00:00:42:338;-1.00;-0.02;0.00;0.01668;-0.01683;-0.000302;-6.166E-05;-89.49;-0.10;100.91;0.37;100.91;0.01668;0.01683;-0.0001524;-17.779;-17.739;-99.990;0.00;-168.46;
2025-11-24 18:10:07.24;0.00:00:42:390;-1.00;-0.02;0.00;0.01668;-0.01682;-0.0002734;-7.055E-05;-89.53;-0.12;100.82;0.42;100.82;0.01668;0.01682;-0.0001368;-17.777;-17.741;-99.990;0.00;-165.53;
2025-11-24 18:10:07.30;0.00:00:42:452;-1.00;-0.02;0.00;0.01666;-0.0168;-0.0003035;-7.091E-05;-89.48;-0.12;100.83;0.43;100.83;0.01666;0.0168;-0.0001377;-17.783;-17.747;-99.990;0.00;-166.85;
2025-11-24 18:10:07.36;0.00:00:42:509;-1.00;-0.02;0.00;0.01666;-0.0168;-0.0002777;-6.11E-05;-89.53;-0.10;100.87;0.37;100.87;0.01666;0.0168;-0.0001448;-17.784;-17.747;-99.990;0.00;-167.59;
2025-11-24 18:10:07.41;0.00:00:42:564;-1.00;-0.02;0.00;0.01668;-0.01682;-0.0002789;-6.682E-05;-89.53;-0.11;100.89;0.40;100.89;0.01668;0.01682;-0.000149;-17.779;-17.741;-99.990;0.00;-166.53;
2025-11-24 18:10:07.47;0.00:00:42:626;-1.00;-0.02;0.00;0.0167;-0.01684;-0.0002686;-6.406E-05;-89.54;-0.11;100.88;0.38;100.88;0.0167;0.01684;-0.000147;-17.774;-17.736;-99.990;0.00;-166.59;
2025-11-24 18:10:07.53;0.00:00:42:678;-1.00;-0.02;0.00;0.01671;-0.01688;-0.0002732;-7.947E-05;-89.54;-0.13;101.01;0.48;101.01;0.01671;0.01688;-0.0001684;-17.770;-17.727;-99.990;0.00;-163.78;
2025-11-24 18:10:07.58;0.00:00:42:729;-1.00;-0.02;-0.01;0.01675;-0.0169;-0.0002991;-8.453E-05;-89.49;-0.14;100.91;0.50;100.91;0.01675;0.0169;-0.0001532;-17.761;-17.722;-99.990;0.00;-164.22;
2025-11-24 18:10:07.63;0.00:00:42:780;-1.00;-0.02;-0.01;0.01672;-0.01687;-0.0002953;-8.776E-05;-89.50;-0.15;100.91;0.52;100.91;0.01672;0.01688;-0.0001516;-17.767;-17.728;-99.990;0.00;-163.45;
2025-11-24 18:10:07.68;0.00:00:42:831;-1.00;-0.02;0.00;0.01677;-0.0169;-0.0002968;-6.538E-05;-89.50;-0.11;100.83;0.39;100.83;0.01677;0.0169;-0.0001387;-17.756;-17.720;-99.990;0.00;-167.58;
2025-11-24 18:10:07.73;0.00:00:42:881;-1.00;-0.02;0.00;0.01676;-0.01691;-0.000297;-7.99E-05;-89.50;-0.14;100.92;0.48;100.92;0.01676;0.01692;-0.0001541;-17.757;-17.717;-99.990;0.00;-164.94;
2025-11-24 18:10:07.79;0.00:00:42:939;-1.00;-0.02;0.00;0.01675;-0.01688;-0.000325;-7.957E-05;-89.45;-0.13;100.82;0.48;100.82;0.01675;0.01689;-0.0001377;-17.760;-17.725;-99.990;0.00;-166.24;
2025-11-24 18:10:07.84;0.00:00:42:994;-1.00;-0.02;0.00;0.01676;-0.0169;-0.0002601;-7.379E-05;-89.56;-0.13;100.87;0.44;100.87;0.01676;0.0169;-0.0001462;-17.758;-17.721;-99.990;0.00;-164.16;
2025-11-24 18:10:07.89;0.00:00:43:046;-1.00;-0.02;0.00;0.01671;-0.01685;-0.0003193;-6.687E-05;-89.46;-0.11;100.85;0.40;100.85;0.01671;0.01686;-0.0001423;-17.769;-17.733;-99.990;0.00;-168.17;
2025-11-24 18:10:07.95;0.00:00:43:098;-1.00;-0.02;0.00;0.01668;-0.01683;-0.000307;-6.63E-05;-89.48;-0.11;100.90;0.40;100.90;0.01668;0.01683;-0.0001506;-17.777;-17.738;-99.990;0.00;-167.81;
2025-11-24 18:10:08.00;0.00:00:43:148;-1.00;-0.02;-0.01;0.01669;-0.01684;-0.0002882;-8.459E-05;-89.51;-0.14;100.94;0.51;100.94;0.01669;0.01684;-0.0001568;-17.776;-17.736;-99.990;0.00;-163.64;
2025-11-24 18:10:08.05;0.00:00:43:201;-1.00;-0.02;0.00;0.0167;-0.01685;-0.0003115;-5.989E-05;-89.47;-0.10;100.91;0.36;100.91;0.0167;0.01685;-0.0001513;-17.773;-17.733;-99.990;0.00;-169.12;
2025-11-24 18:10:08.10;0.00:00:43:249;-1.00;-0.02;0.00;0.01663;-0.01677;-0.0002802;-5.535E-05;-89.52;-0.09;100.86;0.33;100.86;0.01663;0.01678;-0.0001436;-17.790;-17.753;-99.990;0.00;-168.83;
2025-11-24 18:10:08.15;0.00:00:43:302;-1.00;-0.02;0.00;0.01662;-0.01676;-0.0003012;-6.58E-05;-89.49;-0.11;100.81;0.40;100.81;0.01662;0.01676;-0.000134;-17.792;-17.758;-99.990;0.00;-167.68;
2025-11-24 18:10:08.20;0.00:00:43:353;-1.00;-0.01;0.00;0.01658;-0.01674;-0.0002422;-5.225E-05;-89.59;-0.09;100.95;0.32;100.95;0.01658;0.01674;-0.0001577;-17.804;-17.762;-99.990;0.00;-167.82;
2025-11-24 18:10:08.26;0.00:00:43:414;-1.00;-0.02;0.00;0.01659;-0.01672;-0.0002878;-6.732E-05;-89.51;-0.12;100.79;0.41;100.79;0.01659;0.01672;-0.0001315;-17.801;-17.767;-99.990;0.00;-166.83;
2025-11-24 18:10:08.32;0.00:00:43:476;-1.00;-0.02;0.00;0.01668;-0.01682;-0.0003113;-6.859E-05;-89.47;-0.12;100.90;0.41;100.90;0.01668;0.01683;-0.0001502;-17.779;-17.740;-99.990;0.00;-167.57;
2025-11-24 18:10:08.38;0.00:00:43:528;-1.00;-0.02;0.00;0.01673;-0.01686;-0.0003012;-6.557E-05;-89.49;-0.11;100.80;0.39;100.80;0.01673;0.01686;-0.0001338;-17.766;-17.732;-99.990;0.00;-167.72;
2025-11-24 18:10:08.43;0.00:00:43:580;-1.00;-0.02;0.00;0.01671;-0.01686;-0.0003012;-6.702E-05;-89.49;-0.11;100.94;0.40;100.94;0.01671;0.01687;-0.0001576;-17.770;-17.730;-99.990;0.00;-167.46;
2025-11-24 18:10:08.48;0.00:00:43:631;-1.00;-0.02;-0.01;0.01662;-0.01678;-0.0002872;-8.648E-05;-89.51;-0.15;100.99;0.52;100.99;0.01662;0.01678;-0.0001643;-17.794;-17.751;-99.990;0.00;-163.24;
2025-11-24 18:10:08.53;0.00:00:43:682;-1.00;-0.02;0.00;0.01663;-0.01678;-0.0002667;-6.375E-05;-89.54;-0.11;100.91;0.38;100.91;0.01663;0.01679;-0.0001522;-17.790;-17.750;-99.990;0.00;-166.56;
2025-11-24 18:10:08.59;0.00:00:43:740;-1.00;-0.02;0.00;0.01667;-0.01682;-0.0002853;-5.622E-05;-89.51;-0.10;100.92;0.34;100.92;0.01667;0.01682;-0.0001538;-17.781;-17.742;-99.990;0.00;-168.85;
2025-11-24 18:10:08.64;0.00:00:43:788;-1.00;-0.02;-0.01;0.01662;-0.01675;-0.000297;-8.683E-05;-89.49;-0.15;100.80;0.52;100.79;0.01662;0.01675;-0.0001322;-17.794;-17.759;-99.990;0.00;-163.70;
2025-11-24 18:10:08.68;0.00:00:43:835;-1.00;-0.02;0.00;0.01664;-0.01679;-0.0002619;-6.931E-05;-89.55;-0.12;100.87;0.42;100.87;0.01664;0.01679;-0.0001442;-17.787;-17.750;-99.990;0.00;-165.18;
2025-11-24 18:10:08.73;0.00:00:43:884;-1.00;-0.02;-0.01;0.01659;-0.01674;-0.000313;-8.475E-05;-89.46;-0.14;100.92;0.51;100.92;0.01659;0.01675;-0.0001531;-17.801;-17.761;-99.990;0.00;-164.85;
2025-11-24 18:10:08.79;0.00:00:43:943;-1.00;-0.02;0.00;0.01659;-0.01673;-0.0003075;-8.196E-05;-89.47;-0.14;100.88;0.49;100.88;0.01659;0.01673;-0.0001462;-17.802;-17.764;-99.990;0.00;-165.08;
2025-11-24 18:10:08.84;0.00:00:43:990;-1.00;-0.02;0.00;0.01656;-0.0167;-0.000285;-6.099E-05;-89.51;-0.10;100.83;0.37;100.83;0.01656;0.0167;-0.0001378;-17.809;-17.773;-99.990;0.00;-167.92;
2025-11-24 18:10:08.89;0.00:00:44:037;-1.00;-0.02;0.00;0.0165;-0.01663;-0.0002861;-7.1E-05;-89.51;-0.12;100.77;0.43;100.77;0.0165;0.01663;-0.0001274;-17.825;-17.791;-99.990;0.00;-166.06;
2025-11-24 18:10:08.93;0.00:00:44:083;-1.00;-0.02;0.00;0.01657;-0.01672;-0.0003076;-8.135E-05;-89.47;-0.14;100.97;0.49;100.97;0.01657;0.01673;-0.0001611;-17.808;-17.766;-99.990;0.00;-165.19;
2025-11-24 18:10:08.98;0.00:00:44:131;-1.00;-0.02;0.00;0.01662;-0.01675;-0.0003018;-7.368E-05;-89.48;-0.13;100.79;0.44;100.79;0.01662;0.01675;-0.0001313;-17.793;-17.759;-99.990;0.00;-166.28;
2025-11-24 18:10:09.03;0.00:00:44:178;-1.00;-0.02;0.00;0.01665;-0.01679;-0.000289;-4.676E-05;-89.51;-0.08;100.85;0.28;100.85;0.01665;0.01679;-0.000141;-17.785;-17.749;-99.990;0.00;-170.81;
2025-11-24 18:10:09.07;0.00:00:44:224;-1.00;-0.02;0.00;0.01665;-0.01678;-0.0002874;-7.883E-05;-89.51;-0.13;100.77;0.47;100.77;0.01665;0.01678;-0.0001288;-17.785;-17.752;-99.990;0.00;-164.66;
2025-11-24 18:10:09.12;0.00:00:44:273;-1.00;-0.02;0.00;0.01665;-0.01678;-0.0003126;-6.176E-05;-89.47;-0.11;100.81;0.37;100.81;0.01665;0.01679;-0.0001351;-17.785;-17.750;-99.990;0.00;-168.83;
2025-11-24 18:10:09.17;0.00:00:44:319;-1.00;-0.02;0.00;0.01662;-0.01676;-0.0003149;-6.517E-05;-89.46;-0.11;100.81;0.39;100.81;0.01662;0.01676;-0.0001352;-17.793;-17.757;-99.990;0.00;-168.31;
2025-11-24 18:10:09.21;0.00:00:44:366;-1.00;-0.02;0.00;0.01666;-0.01682;-0.0002733;-6.848E-05;-89.53;-0.12;100.96;0.41;100.96;0.01666;0.01683;-0.0001607;-17.782;-17.740;-99.990;0.00;-165.93;
2025-11-24 18:10:09.26;0.00:00:44:413;-1.00;-0.02;0.00;0.01667;-0.01683;-0.0002727;-7.039E-05;-89.54;-0.12;100.96;0.42;100.96;0.01667;0.01683;-0.0001608;-17.781;-17.739;-99.990;0.00;-165.53;
2025-11-24 18:10:09.31;0.00:00:44:460;-1.00;-0.02;0.00;0.0167;-0.01685;-0.000303;-8.036E-05;-89.48;-0.14;100.88;0.48;100.88;0.0167;0.01685;-0.0001475;-17.773;-17.734;-99.990;0.00;-165.15;
2025-11-24 18:10:09.36;0.00:00:44:508;-1.00;-0.02;0.00;0.01666;-0.01679;-0.0002668;-7.726E-05;-89.54;-0.13;100.80;0.46;100.80;0.01666;0.01679;-0.0001338;-17.783;-17.749;-99.990;0.00;-163.85;
2025-11-24 18:10:09.40;0.00:00:44:554;-1.00;-0.02;0.00;0.01663;-0.01678;-0.0002987;-6.809E-05;-89.49;-0.12;100.94;0.41;100.94;0.01663;0.01679;-0.0001557;-17.791;-17.750;-99.990;0.00;-167.16;
2025-11-24 18:10:09.45;0.00:00:44:601;-1.00;-0.02;-0.01;0.01654;-0.01667;-0.0002693;-8.666E-05;-89.54;-0.15;100.81;0.52;100.81;0.01654;0.01667;-0.0001339;-17.815;-17.780;-99.990;0.00;-162.16;
2025-11-24 18:10:09.50;0.00:00:44:648;-1.00;-0.02;0.00;0.01657;-0.01672;-0.0003234;-6.468E-05;-89.45;-0.11;100.87;0.39;100.87;0.01657;0.01672;-0.0001442;-17.806;-17.768;-99.990;0.00;-168.69;
2025-11-24 18:10:09.54;0.00:00:44:694;-1.00;-0.02;0.00;0.01656;-0.0167;-0.0002808;-6.105E-05;-89.52;-0.10;100.90;0.37;100.90;0.01656;0.0167;-0.0001488;-17.810;-17.772;-99.990;0.00;-167.73;
2025-11-24 18:10:09.59;0.00:00:44:741;-1.00;-0.01;0.00;0.0166;-0.01672;-0.0002501;-6.145E-05;-89.57;-0.11;100.75;0.37;100.75;0.0166;0.01672;-0.000124;-17.799;-17.767;-99.990;0.00;-166.19;
2025-11-24 18:10:09.64;0.00:00:44:788;-1.00;-0.02;0.00;0.01665;-0.01679;-0.0002772;-6.995E-05;-89.53;-0.12;100.89;0.42;100.89;0.01665;0.01679;-0.0001475;-17.787;-17.749;-99.990;0.00;-165.84;
2025-11-24 18:10:09.68;0.00:00:44:834;-1.00;-0.02;0.00;0.0166;-0.01674;-0.0002969;-5.275E-05;-89.49;-0.09;100.87;0.32;100.87;0.0166;0.01675;-0.000145;-17.798;-17.761;-99.990;0.00;-169.92;
2025-11-24 18:10:09.73;0.00:00:44:881;-1.00;-0.02;0.00;0.01665;-0.01681;-0.0002841;-7.913E-05;-89.52;-0.13;100.96;0.48;100.96;0.01665;0.01681;-0.0001594;-17.785;-17.744;-99.990;0.00;-164.44;
2025-11-24 18:10:09.78;0.00:00:44:928;-1.00;-0.02;0.00;0.01669;-0.01681;-0.0003014;-6.486E-05;-89.49;-0.11;100.74;0.39;100.74;0.01669;0.01681;-0.0001233;-17.776;-17.744;-99.990;0.00;-167.85;
2025-11-24 18:10:09.82;0.00:00:44:975;-1.00;-0.02;0.00;0.01668;-0.01684;-0.0002742;-7.209E-05;-89.53;-0.12;100.99;0.43;100.99;0.01668;0.01685;-0.0001647;-17.777;-17.735;-99.990;0.00;-165.27;
2025-11-24 18:10:09.87;0.00:00:45:021;-1.00;-0.02;0.00;0.01667;-0.01683;-0.0003057;-5.497E-05;-89.48;-0.09;101.00;0.33;101.00;0.01667;0.01684;-0.000166;-17.781;-17.738;-99.990;0.00;-169.80;
2025-11-24 18:10:09.92;0.00:00:45:068;-1.00;-0.02;0.00;0.01661;-0.01676;-0.0002942;-6.156E-05;-89.50;-0.11;100.89;0.37;100.89;0.01661;0.01676;-0.0001479;-17.795;-17.757;-99.990;0.00;-168.18;
2025-11-24 18:10:09.96;0.00:00:45:115;-1.00;-0.02;-0.01;0.0166;-0.01675;-0.0002758;-8.822E-05;-89.53;-0.15;100.92;0.53;100.92;0.0166;0.01675;-0.0001523;-17.799;-17.759;-99.990;0.00;-162.26;
2025-11-24 18:10:10.01;0.00:00:45:163;-1.00;-0.02;0.00;0.0166;-0.01674;-0.0003201;-6.763E-05;-89.45;-0.12;100.90;0.41;100.90;0.0166;0.01675;-0.0001494;-17.800;-17.761;-99.990;0.00;-168.07;
2025-11-24 18:10:10.06;0.00:00:45:213;-1.00;-0.02;0.00;0.01665;-0.01679;-0.0002928;-7.672E-05;-89.50;-0.13;100.86;0.46;100.86;0.01665;0.01679;-0.000144;-17.786;-17.749;-99.990;0.00;-165.31;
2025-11-24 18:10:10.11;0.00:00:45:262;-1.00;-0.02;-0.01;0.01663;-0.01676;-0.0003154;-9.019E-05;-89.46;-0.15;100.81;0.54;100.80;0.01663;0.01677;-0.0001339;-17.790;-17.756;-99.990;0.00;-164.04;
2025-11-24 18:10:10.17;0.00:00:45:319;-1.00;-0.02;0.00;0.01669;-0.01682;-0.0002876;-6.44E-05;-89.51;-0.11;100.81;0.39;100.81;0.01669;0.01682;-0.0001358;-17.776;-17.741;-99.990;0.00;-167.38;
2025-11-24 18:10:10.21;0.00:00:45:364;-1.00;-0.02;0.00;0.01668;-0.01681;-0.0002799;-5.938E-05;-89.52;-0.10;100.80;0.36;100.80;0.01668;0.01681;-0.0001333;-17.779;-17.744;-99.990;0.00;-168.02;
2025-11-24 18:10:10.26;0.00:00:45:411;-1.00;-0.02;0.00;0.01666;-0.01681;-0.0003164;-7.899E-05;-89.46;-0.13;100.91;0.47;100.91;0.01666;0.01682;-0.0001523;-17.782;-17.742;-99.990;0.00;-165.98;
2025-11-24 18:10:10.31;0.00:00:45:457;-1.00;-0.02;-0.01;0.01663;-0.01677;-0.0003012;-9.103E-05;-89.49;-0.16;100.87;0.55;100.87;0.01663;0.01677;-0.0001445;-17.792;-17.754;-99.990;0.00;-163.18;
2025-11-24 18:10:10.35;0.00:00:45:503;-1.00;-0.02;0.00;0.01664;-0.01677;-0.0002955;-7.685E-05;-89.50;-0.13;100.82;0.46;100.82;0.01664;0.01677;-0.0001358;-17.790;-17.754;-99.990;0.00;-165.42;
2025-11-24 18:10:10.40;0.00:00:45:551;-1.00;-0.02;0.00;0.01668;-0.01684;-0.0003104;-7.749E-05;-89.47;-0.13;100.96;0.46;100.96;0.01668;0.01684;-0.0001599;-17.778;-17.737;-99.990;0.00;-165.98;
2025-11-24 18:10:10.45;0.00:00:45:597;-1.00;-0.01;0.00;0.01669;-0.01685;-0.0002513;-6.904E-05;-89.57;-0.12;100.94;0.41;100.94;0.01669;0.01685;-0.0001576;-17.774;-17.734;-99.990;0.00;-164.64;
2025-11-24 18:10:10.49;0.00:00:45:645;-1.00;-0.02;0.00;0.0167;-0.01686;-0.0003091;-7.616E-05;-89.47;-0.13;100.96;0.46;100.96;0.0167;0.01686;-0.0001598;-17.772;-17.730;-99.990;0.00;-166.16;
2025-11-24 18:10:10.54;0.00:00:45:692;-1.00;-0.02;0.00;0.01671;-0.01686;-0.0002694;-7.396E-05;-89.54;-0.13;100.92;0.44;100.92;0.01671;0.01686;-0.0001537;-17.770;-17.731;-99.990;0.00;-164.65;
2025-11-24 18:10:10.59;0.00:00:45:739;-1.00;-0.02;0.00;0.01668;-0.01682;-0.0003187;-6.812E-05;-89.46;-0.12;100.86;0.41;100.86;0.01668;0.01682;-0.0001439;-17.778;-17.741;-99.990;0.00;-167.93;
2025-11-24 18:10:10.64;0.00:00:45:796;-1.00;-0.02;0.00;0.01664;-0.0168;-0.0002914;-5.686E-05;-89.50;-0.10;100.93;0.34;100.93;0.01664;0.0168;-0.0001552;-17.787;-17.747;-99.990;0.00;-168.96;
2025-11-24 18:10:10.71;0.00:00:45:858;-1.00;-0.02;0.00;0.01667;-0.0168;-0.0003289;-5.565E-05;-89.44;-0.09;100.81;0.33;100.81;0.01667;0.0168;-0.0001356;-17.781;-17.746;-99.990;0.00;-170.40;
2025-11-24 18:10:10.76;0.00:00:45:909;-1.00;-0.02;-0.01;0.01668;-0.01683;-0.0002888;-8.682E-05;-89.51;-0.15;100.92;0.52;100.92;0.01668;0.01684;-0.0001542;-17.777;-17.737;-99.990;0.00;-163.27;
2025-11-24 18:10:10.81;0.00:00:45:961;-1.00;-0.02;0.00;0.01671;-0.01685;-0.0002951;-7.743E-05;-89.50;-0.13;100.87;0.46;100.87;0.01671;0.01685;-0.0001454;-17.771;-17.733;-99.990;0.00;-165.30;
2025-11-24 18:10:10.86;0.00:00:46:013;-1.00;-0.02;0.00;0.01669;-0.01683;-0.0002834;-8.047E-05;-89.52;-0.14;100.86;0.48;100.86;0.01669;0.01683;-0.0001442;-17.776;-17.739;-99.990;0.00;-164.15;
2025-11-24 18:10:10.91;0.00:00:46:063;-1.00;-0.02;0.00;0.01667;-0.01682;-0.0002873;-7.564E-05;-89.51;-0.13;100.93;0.45;100.93;0.01667;0.01682;-0.0001544;-17.782;-17.742;-99.990;0.00;-165.25;
2025-11-24 18:10:10.96;0.00:00:46:114;-1.00;-0.02;0.00;0.01667;-0.01682;-0.0002684;-7.967E-05;-89.54;-0.14;100.91;0.48;100.91;0.01667;0.01682;-0.0001518;-17.781;-17.741;-99.990;0.00;-163.47;
2025-11-24 18:10:11.01;0.00:00:46:165;-1.00;-0.02;0.00;0.01666;-0.01679;-0.000282;-6.605E-05;-89.52;-0.11;100.82;0.40;100.82;0.01666;0.0168;-0.000136;-17.783;-17.748;-99.990;0.00;-166.82;
2025-11-24 18:10:11.07;0.00:00:46:216;-1.00;-0.02;0.00;0.01672;-0.01686;-0.0002991;-7.102E-05;-89.49;-0.12;100.87;0.42;100.87;0.01672;0.01687;-0.0001449;-17.767;-17.730;-99.990;0.00;-166.64;
2025-11-24 18:10:11.12;0.00:00:46:268;-1.00;-0.02;0.00;0.0167;-0.01685;-0.0003097;-5.869E-05;-89.47;-0.10;100.89;0.35;100.89;0.0167;0.01685;-0.0001484;-17.773;-17.734;-99.990;0.00;-169.27;
2025-11-24 18:10:11.17;0.00:00:46:320;-1.00;-0.02;0.00;0.01669;-0.01683;-0.0002737;-7.526E-05;-89.53;-0.13;100.86;0.45;100.86;0.01669;0.01683;-0.0001433;-17.776;-17.739;-99.990;0.00;-164.62;
2025-11-24 18:10:11.22;0.00:00:46:371;-1.00;-0.02;0.00;0.01664;-0.01679;-0.0003114;-6.198E-05;-89.47;-0.11;100.90;0.37;100.90;0.01664;0.01679;-0.00015;-17.789;-17.750;-99.990;0.00;-168.75;
2025-11-24 18:10:11.28;0.00:00:46:433;-1.00;-0.02;0.00;0.01659;-0.01673;-0.0003201;-6.807E-05;-89.45;-0.12;100.88;0.41;100.87;0.01659;0.01673;-0.0001453;-17.802;-17.764;-99.990;0.00;-168.00;
2025-11-24 18:10:11.33;0.00:00:46:483;-1.00;-0.02;0.00;0.01663;-0.01676;-0.000293;-6.616E-05;-89.50;-0.11;100.82;0.40;100.81;0.01663;0.01677;-0.0001356;-17.791;-17.756;-99.990;0.00;-167.28;
2025-11-24 18:10:11.38;0.00:00:46:534;-1.00;-0.02;0.00;0.01666;-0.01678;-0.0002924;-7.518E-05;-89.50;-0.13;100.73;0.45;100.73;0.01666;0.01678;-0.000122;-17.784;-17.752;-99.990;0.00;-165.58;
2025-11-24 18:10:11.43;0.00:00:46:581;-1.00;-0.02;0.00;0.01665;-0.0168;-0.0003099;-6.673E-05;-89.47;-0.11;100.93;0.40;100.93;0.01665;0.0168;-0.0001548;-17.786;-17.746;-99.990;0.00;-167.85;
2025-11-24 18:10:11.48;0.00:00:46:627;-1.00;-0.02;0.00;0.01664;-0.01678;-0.000297;-6.971E-05;-89.49;-0.12;100.87;0.42;100.87;0.01664;0.01679;-0.0001441;-17.788;-17.751;-99.990;0.00;-166.79;
2025-11-24 18:10:11.53;0.00:00:46:679;-1.00;-0.02;0.00;0.01665;-0.01678;-0.0003113;-5.795E-05;-89.47;-0.10;100.80;0.35;100.80;0.01665;0.01678;-0.0001332;-17.787;-17.752;-99.990;0.00;-169.46;
2025-11-24 18:10:11.58;0.00:00:46:735;-1.00;-0.02;0.00;0.01667;-0.01679;-0.0002661;-5.524E-05;-89.55;-0.09;100.77;0.33;100.76;0.01667;0.01679;-0.0001276;-17.781;-17.748;-99.990;0.00;-168.27;
2025-11-24 18:10:11.63;0.00:00:46:782;-1.00;-0.02;-0.01;0.01672;-0.01688;-0.0002843;-9.344E-05;-89.52;-0.16;100.94;0.56;100.93;0.01672;0.01688;-0.0001565;-17.767;-17.726;-99.990;0.00;-161.81;
2025-11-24 18:10:11.69;0.00:00:46:843;-1.00;-0.02;0.00;0.01666;-0.0168;-0.0002965;-6.024E-05;-89.49;-0.10;100.86;0.36;100.86;0.01666;0.01681;-0.0001432;-17.783;-17.745;-99.990;0.00;-168.51;
2025-11-24 18:10:11.74;0.00:00:46:890;-1.00;-0.02;0.00;0.01668;-0.01685;-0.0003014;-6.929E-05;-89.49;-0.12;101.05;0.42;101.05;0.01668;0.01685;-0.000175;-17.778;-17.733;-99.990;0.00;-167.06;
2025-11-24 18:10:11.78;0.00:00:46:935;-1.00;-0.02;0.00;0.01668;-0.01685;-0.0002945;-5.011E-05;-89.50;-0.09;101.01;0.30;101.01;0.01668;0.01685;-0.0001692;-17.778;-17.734;-99.990;0.00;-170.34;
2025-11-24 18:10:11.83;0.00:00:46:986;-1.00;-0.02;0.00;0.01663;-0.01677;-0.0002768;-5.233E-05;-89.53;-0.09;100.89;0.31;100.89;0.01663;0.01678;-0.000148;-17.792;-17.753;-99.990;0.00;-169.29;
2025-11-24 18:10:11.89;0.00:00:47:037;-1.00;-0.02;0.00;0.01664;-0.01679;-0.0003026;-6.34E-05;-89.48;-0.11;100.93;0.38;100.93;0.01664;0.01679;-0.000155;-17.789;-17.749;-99.990;0.00;-168.17;
2025-11-24 18:10:11.94;0.00:00:47:088;-1.00;-0.02;-0.01;0.01661;-0.01677;-0.0003033;-8.555E-05;-89.48;-0.15;100.96;0.52;100.96;0.01661;0.01677;-0.0001589;-17.796;-17.755;-99.990;0.00;-164.25;
2025-11-24 18:10:11.99;0.00:00:47:139;-1.00;-0.02;0.00;0.01663;-0.01677;-0.0003067;-7.42E-05;-89.48;-0.13;100.86;0.45;100.86;0.01663;0.01677;-0.0001428;-17.791;-17.753;-99.990;0.00;-166.40;
2025-11-24 18:10:12.05;0.00:00:47:204;-1.00;-0.02;0.00;0.01659;-0.0167;-0.0002703;-6.948E-05;-89.54;-0.12;100.69;0.42;100.69;0.01659;0.0167;-0.0001151;-17.802;-17.772;-99.990;0.00;-165.59;
2025-11-24 18:10:12.10;0.00:00:47:252;-1.00;-0.02;0.00;0.01654;-0.01671;-0.000303;-7.204E-05;-89.48;-0.12;100.99;0.44;100.99;0.01654;0.01671;-0.0001645;-17.813;-17.770;-99.990;0.00;-166.63;
2025-11-24 18:10:12.15;0.00:00:47:303;-1.00;-0.02;-0.01;0.01656;-0.0167;-0.0003088;-9.47E-05;-89.47;-0.16;100.81;0.57;100.81;0.01656;0.0167;-0.0001345;-17.808;-17.773;-99.990;0.00;-162.95;
2025-11-24 18:10:12.20;0.00:00:47:355;-1.00;-0.02;0.00;0.01658;-0.01675;-0.0003111;-6.419E-05;-89.47;-0.11;101.00;0.39;101.00;0.01658;0.01675;-0.0001654;-17.803;-17.760;-99.990;0.00;-168.34;
2025-11-24 18:10:12.25;0.00:00:47:406;-1.00;-0.02;0.00;0.01661;-0.01676;-0.0002916;-7.32E-05;-89.50;-0.13;100.94;0.44;100.94;0.01661;0.01677;-0.0001559;-17.796;-17.756;-99.990;0.00;-165.91;
2025-11-24 18:10:12.31;0.00:00:47:457;-1.00;-0.02;0.00;0.01663;-0.01677;-0.0002947;-6.927E-05;-89.50;-0.12;100.85;0.42;100.85;0.01663;0.01677;-0.0001421;-17.791;-17.754;-99.990;0.00;-166.77;
2025-11-24 18:10:12.35;0.00:00:47:499;-1.00;-0.02;0.00;0.01661;-0.01677;-0.0002556;-7.049E-05;-89.56;-0.12;100.98;0.42;100.98;0.01661;0.01678;-0.0001622;-17.795;-17.753;-99.990;0.00;-164.58;
2025-11-24 18:10:12.41;0.00:00:47:559;-1.00;-0.02;0.00;0.01661;-0.01674;-0.0003027;-6.992E-05;-89.48;-0.12;100.76;0.42;100.76;0.01661;0.01674;-0.000126;-17.795;-17.762;-99.990;0.00;-166.99;
2025-11-24 18:10:12.46;0.00:00:47:611;-1.00;-0.02;0.00;0.01666;-0.01681;-0.0002765;-6.152E-05;-89.53;-0.10;100.90;0.37;100.90;0.01666;0.01681;-0.0001502;-17.782;-17.743;-99.990;0.00;-167.46;
2025-11-24 18:10:12.51;0.00:00:47:662;-1.00;-0.02;0.00;0.01659;-0.01674;-0.0003159;-8.124E-05;-89.46;-0.14;100.89;0.49;100.89;0.01659;0.01674;-0.000148;-17.801;-17.762;-99.990;0.00;-165.58;
2025-11-24 18:10:12.56;0.00:00:47:713;-1.00;-0.02;0.00;0.01661;-0.01675;-0.0002837;-6.143E-05;-89.51;-0.11;100.85;0.37;100.85;0.01661;0.01675;-0.0001411;-17.796;-17.760;-99.990;0.00;-167.78;
2025-11-24 18:10:12.61;0.00:00:47:764;-1.00;-0.02;0.00;0.01663;-0.01676;-0.0002823;-7.218E-05;-89.52;-0.12;100.84;0.43;100.84;0.01663;0.01677;-0.0001404;-17.792;-17.755;-99.990;0.00;-165.66;
2025-11-24 18:10:12.67;0.00:00:47:816;-1.00;-0.02;0.00;0.01662;-0.01677;-0.0002869;-7.527E-05;-89.51;-0.13;100.94;0.45;100.94;0.01662;0.01677;-0.0001556;-17.794;-17.754;-99.990;0.00;-165.30;
2025-11-24 18:10:12.73;0.00:00:47:879;-1.00;-0.02;0.00;0.0166;-0.01673;-0.0003108;-7.542E-05;-89.47;-0.13;100.76;0.45;100.76;0.0166;0.01673;-0.0001256;-17.798;-17.765;-99.990;0.00;-166.36;
2025-11-24 18:10:12.78;0.00:00:47:930;-1.00;-0.02;0.00;0.01669;-0.01685;-0.0002779;-8.402E-05;-89.53;-0.14;100.97;0.50;100.97;0.01669;0.01685;-0.0001616;-17.775;-17.733;-99.990;0.00;-163.18;
2025-11-24 18:10:12.82;0.00:00:47:976;-1.00;-0.02;0.00;0.01667;-0.01683;-0.0002885;-6.781E-05;-89.51;-0.12;100.97;0.41;100.97;0.01667;0.01683;-0.0001619;-17.781;-17.739;-99.990;0.00;-166.77;
2025-11-24 18:10:12.87;0.00:00:48:021;-1.00;-0.02;0.00;0.01665;-0.01678;-0.0002969;-7.422E-05;-89.49;-0.13;100.82;0.45;100.81;0.01665;0.01679;-0.0001358;-17.786;-17.751;-99.990;0.00;-165.96;
2025-11-24 18:10:12.92;0.00:00:48:068;-1.00;-0.02;0.00;0.01668;-0.01686;-0.0003126;-6.287E-05;-89.47;-0.11;101.07;0.38;101.07;0.01668;0.01686;-0.0001782;-17.777;-17.731;-99.990;0.00;-168.63;
2025-11-24 18:10:12.97;0.00:00:48:122;-1.00;-0.02;0.00;0.01668;-0.01683;-0.0002998;-7.602E-05;-89.49;-0.13;100.89;0.46;100.89;0.01668;0.01683;-0.0001479;-17.777;-17.738;-99.990;0.00;-165.77;
2025-11-24 18:10:13.02;0.00:00:48:173;-1.00;-0.02;0.00;0.01671;-0.01684;-0.0002593;-8.152E-05;-89.56;-0.14;100.79;0.49;100.79;0.01671;0.01684;-0.0001327;-17.771;-17.737;-99.990;0.00;-162.55;
2025-11-24 18:10:13.07;0.00:00:48:224;-1.00;-0.02;0.00;0.01671;-0.01686;-0.0002885;-8.042E-05;-89.51;-0.14;100.90;0.48;100.90;0.01671;0.01686;-0.0001511;-17.770;-17.731;-99.990;0.00;-164.42;
2025-11-24 18:10:13.12;0.00:00:48:275;-1.00;-0.02;0.00;0.01665;-0.0168;-0.0003106;-7.092E-05;-89.47;-0.12;100.93;0.43;100.93;0.01665;0.0168;-0.0001542;-17.787;-17.747;-99.990;0.00;-167.14;
2025-11-24 18:10:13.18;0.00:00:48:327;-1.00;-0.02;0.00;0.01667;-0.01683;-0.0003157;-6.985E-05;-89.46;-0.12;100.96;0.42;100.96;0.01667;0.01683;-0.0001596;-17.780;-17.739;-99.990;0.00;-167.52;
2025-11-24 18:10:13.23;0.00:00:48:379;-1.00;-0.02;0.00;0.01661;-0.01676;-0.0002761;-6.514E-05;-89.53;-0.11;100.89;0.39;100.89;0.01661;0.01676;-0.0001479;-17.796;-17.757;-99.990;0.00;-166.73;
2025-11-24 18:10:13.28;0.00:00:48:430;-1.00;-0.02;0.00;0.01666;-0.0168;-0.0003002;-7.426E-05;-89.49;-0.13;100.88;0.45;100.88;0.01666;0.0168;-0.0001468;-17.784;-17.746;-99.990;0.00;-166.11;
2025-11-24 18:10:13.33;0.00:00:48:481;-1.00;-0.02;0.00;0.01663;-0.01676;-0.0003122;-6.925E-05;-89.47;-0.12;100.81;0.42;100.81;0.01663;0.01676;-0.000135;-17.792;-17.757;-99.990;0.00;-167.49;
2025-11-24 18:10:13.38;0.00:00:48:532;-1.00;-0.02;0.00;0.01663;-0.01679;-0.0002891;-6.51E-05;-89.51;-0.11;100.98;0.39;100.98;0.01663;0.01679;-0.0001623;-17.791;-17.749;-99.990;0.00;-167.31;
2025-11-24 18:10:13.43;0.00:00:48:583;-1.00;-0.02;0.00;0.01665;-0.0168;-0.000279;-7.445E-05;-89.52;-0.13;100.92;0.45;100.92;0.01665;0.01681;-0.0001538;-17.785;-17.745;-99.990;0.00;-165.06;
2025-11-24 18:10:13.48;0.00:00:48:631;-1.00;-0.02;0.00;0.01666;-0.0168;-0.0002871;-5.53E-05;-89.51;-0.09;100.90;0.33;100.90;0.01666;0.01681;-0.0001501;-17.784;-17.745;-99.990;0.00;-169.10;
2025-11-24 18:10:13.52;0.00:00:48:676;-1.00;-0.02;0.00;0.01662;-0.01675;-0.0002734;-6.799E-05;-89.53;-0.12;100.81;0.41;100.81;0.01662;0.01675;-0.0001351;-17.794;-17.759;-99.990;0.00;-166.04;
2025-11-24 18:10:13.58;0.00:00:48:728;-1.00;-0.02;0.00;0.01664;-0.01678;-0.0002878;-7.373E-05;-89.51;-0.13;100.87;0.44;100.87;0.01664;0.01678;-0.0001444;-17.789;-17.752;-99.990;0.00;-165.63;
2025-11-24 18:10:13.63;0.00:00:48:779;-1.00;-0.02;0.00;0.01664;-0.01679;-0.0002853;-7.873E-05;-89.51;-0.13;100.92;0.47;100.92;0.01664;0.01679;-0.0001526;-17.790;-17.750;-99.990;0.00;-164.57;
2025-11-24 18:10:13.68;0.00:00:48:831;-1.00;-0.02;0.00;0.01666;-0.0168;-0.0003131;-7.459E-05;-89.47;-0.13;100.90;0.45;100.90;0.01666;0.01681;-0.00015;-17.784;-17.745;-99.990;0.00;-166.60;
2025-11-24 18:10:13.74;0.00:00:48:892;-1.00;-0.02;0.00;0.01667;-0.01682;-0.0003038;-7.422E-05;-89.48;-0.13;100.96;0.45;100.96;0.01667;0.01683;-0.0001606;-17.781;-17.740;-99.990;0.00;-166.27;
2025-11-24 18:10:13.79;0.00:00:48:944;-1.00;-0.02;0.00;0.01662;-0.01679;-0.0003188;-7.313E-05;-89.46;-0.12;101.05;0.44;101.05;0.01662;0.01679;-0.000174;-17.793;-17.748;-99.990;0.00;-167.08;
2025-11-24 18:10:13.84;0.00:00:48:995;-1.00;-0.02;0.00;0.01658;-0.01674;-0.0002897;-8.3E-05;-89.50;-0.14;100.96;0.50;100.96;0.01658;0.01674;-0.0001596;-17.804;-17.763;-99.990;0.00;-164.01;
2025-11-24 18:10:13.90;0.00:00:49:047;-1.00;-0.02;0.00;0.01655;-0.01669;-0.0003236;-6.999E-05;-89.44;-0.12;100.81;0.42;100.81;0.01655;0.01669;-0.0001344;-17.811;-17.776;-99.990;0.00;-167.80;
2025-11-24 18:10:13.95;0.00:00:49:098;-1.00;-0.02;-0.01;0.01655;-0.01669;-0.0002915;-8.686E-05;-89.50;-0.15;100.86;0.52;100.86;0.01655;0.0167;-0.0001419;-17.811;-17.774;-99.990;0.00;-163.41;
2025-11-24 18:10:14.01;0.00:00:49:159;-1.00;-0.02;-0.01;0.01659;-0.01672;-0.0002677;-8.898E-05;-89.54;-0.15;100.78;0.54;100.77;0.01659;0.01672;-0.0001286;-17.802;-17.768;-99.990;0.00;-161.62;
2025-11-24 18:10:14.06;0.00:00:49:211;-1.00;-0.02;0.00;0.01666;-0.0168;-0.0002665;-7.904E-05;-89.55;-0.13;100.85;0.47;100.85;0.01666;0.0168;-0.0001411;-17.783;-17.747;-99.990;0.00;-163.48;
2025-11-24 18:10:14.11;0.00:00:49:262;-1.00;-0.02;0.00;0.01667;-0.0168;-0.0002831;-7.274E-05;-89.52;-0.12;100.79;0.44;100.79;0.01667;0.01681;-0.0001325;-17.780;-17.745;-99.990;0.00;-165.59;
2025-11-24 18:10:14.16;0.00:00:49:316;-1.00;-0.02;0.00;0.01665;-0.0168;-0.0002734;-7.236E-05;-89.53;-0.12;100.96;0.43;100.96;0.01665;0.01681;-0.0001595;-17.787;-17.745;-99.990;0.00;-165.17;
2025-11-24 18:10:14.22;0.00:00:49:367;-1.00;-0.02;0.00;0.01664;-0.0168;-0.0003112;-7.463E-05;-89.47;-0.13;100.98;0.45;100.98;0.01664;0.0168;-0.0001633;-17.788;-17.746;-99.990;0.00;-166.52;
2025-11-24 18:10:14.27;0.00:00:49:418;-1.00;-0.02;-0.01;0.01667;-0.0168;-0.0002963;-9.123E-05;-89.49;-0.16;100.80;0.55;100.80;0.01667;0.0168;-0.0001336;-17.781;-17.747;-99.990;0.00;-162.88;
2025-11-24 18:10:14.32;0.00:00:49:468;-1.00;-0.02;0.00;0.01663;-0.01679;-0.0002754;-6.99E-05;-89.53;-0.12;101.00;0.42;101.00;0.01663;0.01679;-0.0001657;-17.792;-17.749;-99.990;0.00;-165.76;
2025-11-24 18:10:14.37;0.00:00:49:520;-1.00;-0.02;-0.01;0.01667;-0.01681;-0.0002687;-9.784E-05;-89.54;-0.17;100.81;0.59;100.81;0.01667;0.01681;-0.0001345;-17.780;-17.745;-99.990;0.00;-159.99;
2025-11-24 18:10:14.42;0.00:00:49:571;-1.00;-0.02;0.00;0.01669;-0.01682;-0.0002829;-7.554E-05;-89.52;-0.13;100.79;0.45;100.79;0.01669;0.01682;-0.0001312;-17.775;-17.741;-99.990;0.00;-165.05;
2025-11-24 18:10:14.47;0.00:00:49:622;-1.00;-0.02;-0.01;0.01667;-0.01683;-0.0002852;-8.432E-05;-89.51;-0.14;100.98;0.51;100.98;0.01667;0.01684;-0.0001641;-17.780;-17.738;-99.990;0.00;-163.53;
2025-11-24 18:10:14.53;0.00:00:49:682;-1.00;-0.01;0.00;0.01667;-0.01683;-0.0002344;-7.818E-05;-89.60;-0.13;100.99;0.47;100.99;0.01667;0.01684;-0.0001657;-17.781;-17.738;-99.990;0.00;-161.56;
2025-11-24 18:10:14.57;0.00:00:49:723;-1.00;-0.02;0.00;0.01669;-0.01686;-0.0002671;-7.624E-05;-89.55;-0.13;100.99;0.46;100.99;0.01669;0.01686;-0.0001659;-17.774;-17.731;-99.990;0.00;-164.07;
2025-11-24 18:10:14.62;0.00:00:49:776;-1.00;-0.02;0.00;0.01662;-0.0168;-0.0002702;-8.397E-05;-89.54;-0.14;101.05;0.51;101.05;0.01662;0.0168;-0.0001741;-17.793;-17.748;-99.990;0.00;-162.74;
2025-11-24 18:10:14.68;0.00:00:49:828;-1.00;-0.02;-0.01;0.01663;-0.01677;-0.000265;-8.749E-05;-89.55;-0.15;100.83;0.53;100.83;0.01663;0.01677;-0.0001387;-17.791;-17.755;-99.990;0.00;-161.73;
2025-11-24 18:10:14.74;0.00:00:49:888;-1.00;-0.02;0.00;0.01661;-0.01675;-0.0002904;-7.067E-05;-89.50;-0.12;100.82;0.43;100.82;0.01661;0.01675;-0.0001356;-17.796;-17.760;-99.990;0.00;-166.32;
2025-11-24 18:10:14.79;0.00:00:49:940;-1.00;-0.02;0.00;0.01663;-0.01677;-0.0002899;-8.235E-05;-89.50;-0.14;100.85;0.50;100.85;0.01663;0.01678;-0.000141;-17.790;-17.753;-99.990;0.00;-164.14;
2025-11-24 18:10:14.85;0.00:00:49:999;-1.00;-0.02;0.00;0.01666;-0.0168;-0.0002836;-5.955E-05;-89.52;-0.10;100.89;0.36;100.89;0.01666;0.01681;-0.0001476;-17.784;-17.745;-99.990;0.00;-168.14;
2025-11-24 18:10:14.90;0.00:00:50:051;-1.00;-0.02;0.00;0.01666;-0.01681;-0.0003009;-8.181E-05;-89.49;-0.14;100.88;0.49;100.88;0.01666;0.01681;-0.000147;-17.783;-17.745;-99.990;0.00;-164.79;
2025-11-24 18:10:14.95;0.00:00:50:102;-1.00;-0.02;0.00;0.01666;-0.01681;-0.0002767;-7.088E-05;-89.53;-0.12;100.89;0.43;100.88;0.01666;0.01681;-0.0001475;-17.783;-17.744;-99.990;0.00;-165.63;
2025-11-24 18:10:15.02;0.00:00:50:168;-1.00;-0.02;0.00;0.01669;-0.01683;-0.0002653;-7.769E-05;-89.55;-0.13;100.87;0.47;100.87;0.01669;0.01684;-0.000146;-17.775;-17.737;-99.990;0.00;-163.68;
2025-11-24 18:10:15.06;0.00:00:50:215;-1.00;-0.01;0.00;0.0167;-0.01683;-0.0002523;-8.07E-05;-89.57;-0.14;100.84;0.48;100.84;0.0167;0.01684;-0.0001402;-17.774;-17.738;-99.990;0.00;-162.26;
2025-11-24 18:10:15.13;0.00:00:50:277;-1.00;-0.02;0.00;0.0167;-0.01685;-0.0003204;-6.284E-05;-89.46;-0.11;100.89;0.38;100.88;0.0167;0.01685;-0.0001479;-17.772;-17.733;-99.990;0.00;-168.90;
2025-11-24 18:10:15.18;0.00:00:50:328;-1.00;-0.02;0.00;0.01663;-0.01677;-0.0002853;-6.292E-05;-89.51;-0.11;100.81;0.38;100.81;0.01663;0.01677;-0.000135;-17.790;-17.755;-99.990;0.00;-167.56;
2025-11-24 18:10:15.23;0.00:00:50:378;-1.00;-0.02;0.00;0.01658;-0.01672;-0.0002672;-8.23E-05;-89.54;-0.14;100.87;0.50;100.86;0.01658;0.01673;-0.0001436;-17.803;-17.766;-99.990;0.00;-162.88;
2025-11-24 18:10:15.29;0.00:00:50:439;-1.00;-0.02;0.00;0.01661;-0.01675;-0.0002804;-6.322E-05;-89.52;-0.11;100.88;0.38;100.88;0.01661;0.01675;-0.0001463;-17.797;-17.759;-99.990;0.00;-167.29;
2025-11-24 18:10:15.34;0.00:00:50:491;-1.00;-0.02;0.00;0.01663;-0.01676;-0.0003028;-7.298E-05;-89.48;-0.12;100.82;0.44;100.82;0.01663;0.01676;-0.0001368;-17.792;-17.757;-99.990;0.00;-166.45;
2025-11-24 18:10:15.38;0.00:00:50:533;-1.00;-0.02;0.00;0.01667;-0.01683;-0.0003018;-6.524E-05;-89.49;-0.11;100.96;0.39;100.96;0.01667;0.01683;-0.0001604;-17.781;-17.740;-99.990;0.00;-167.80;
2025-11-24 18:10:15.44;0.00:00:50:593;-1.00;-0.02;0.00;0.01668;-0.01682;-0.0002651;-7.23E-05;-89.55;-0.12;100.88;0.43;100.88;0.01668;0.01682;-0.0001471;-17.779;-17.741;-99.990;0.00;-164.74;
2025-11-24 18:10:15.51;0.00:00:50:665;-1.00;-0.02;0.00;0.01671;-0.01687;-0.0003343;-5.231E-05;-89.43;-0.09;101.03;0.31;101.03;0.01671;0.01688;-0.0001726;-17.771;-17.727;-99.990;0.00;-171.11;
2025-11-24 18:10:15.56;0.00:00:50:716;-1.00;-0.02;0.00;0.01664;-0.0168;-0.0003286;-7.346E-05;-89.44;-0.13;101.02;0.44;101.02;0.01664;0.01681;-0.0001702;-17.789;-17.745;-99.990;0.00;-167.40;
2025-11-24 18:10:15.62;0.00:00:50:767;-1.00;-0.02;-0.01;0.01658;-0.01674;-0.0002977;-9.82E-05;-89.49;-0.17;100.99;0.59;100.99;0.01658;0.01674;-0.0001646;-17.805;-17.762;-99.990;0.00;-161.74;
2025-11-24 18:10:15.67;0.00:00:50:816;-1.00;-0.02;0.00;0.01663;-0.0168;-0.0003005;-7.772E-05;-89.49;-0.13;101.04;0.47;101.04;0.01663;0.0168;-0.0001735;-17.791;-17.746;-99.990;0.00;-165.50;
2025-11-24 18:10:15.71;0.00:00:50:865;-1.00;-0.02;0.00;0.01668;-0.01682;-0.0002817;-8.213E-05;-89.52;-0.14;100.85;0.49;100.84;0.01668;0.01682;-0.000141;-17.778;-17.742;-99.990;0.00;-163.74;
2025-11-24 18:10:15.76;0.00:00:50:910;-1.00;-0.02;0.00;0.01664;-0.01679;-0.0003137;-5.999E-05;-89.46;-0.10;100.96;0.36;100.96;0.01664;0.01679;-0.0001592;-17.790;-17.748;-99.990;0.00;-169.18;
2025-11-24 18:10:15.81;0.00:00:50:961;-1.00;-0.02;0.00;0.01658;-0.01673;-0.0002795;-7.306E-05;-89.52;-0.13;100.95;0.44;100.95;0.01658;0.01674;-0.0001575;-17.805;-17.764;-99.990;0.00;-165.35;
2025-11-24 18:10:15.86;0.00:00:51:013;-1.00;-0.02;-0.01;0.01655;-0.01669;-0.0002862;-9.55E-05;-89.51;-0.16;100.88;0.58;100.87;0.01655;0.0167;-0.0001448;-17.811;-17.774;-99.990;0.00;-161.55;
2025-11-24 18:10:15.91;0.00:00:51:064;-1.00;-0.02;0.00;0.01664;-0.01678;-0.0002864;-8.124E-05;-89.51;-0.14;100.89;0.49;100.89;0.01664;0.01679;-0.0001484;-17.789;-17.751;-99.990;0.00;-164.16;
2025-11-24 18:10:15.96;0.00:00:51:112;-1.00;-0.02;0.00;0.01665;-0.01679;-0.0002614;-7.668E-05;-89.55;-0.13;100.85;0.46;100.85;0.01665;0.01679;-0.0001414;-17.785;-17.749;-99.990;0.00;-163.65;
2025-11-24 18:10:16.01;0.00:00:51:165;-1.00;-0.02;0.00;0.01668;-0.01683;-0.0003154;-7.635E-05;-89.46;-0.13;100.92;0.46;100.92;0.01668;0.01683;-0.0001534;-17.778;-17.738;-99.990;0.00;-166.39;
2025-11-24 18:10:16.06;0.00:00:51:215;-1.00;-0.02;0.00;0.01671;-0.01683;-0.000306;-8.07E-05;-89.48;-0.14;100.78;0.48;100.78;0.01671;0.01684;-0.0001299;-17.771;-17.737;-99.990;0.00;-165.23;
2025-11-24 18:10:16.12;0.00:00:51:267;-1.00;-0.02;-0.01;0.01671;-0.01687;-0.0002741;-0.0001012;-89.53;-0.17;100.95;0.61;100.95;0.01671;0.01687;-0.0001593;-17.771;-17.729;-99.990;0.00;-159.73;
2025-11-24 18:10:16.17;0.00:00:51:318;-1.00;-0.02;0.00;0.01672;-0.01689;-0.0002717;-6.704E-05;-89.54;-0.11;101.02;0.40;101.02;0.01672;0.01689;-0.000171;-17.767;-17.723;-99.990;0.00;-166.14;
2025-11-24 18:10:16.22;0.00:00:51:374;-1.00;-0.02;-0.01;0.01669;-0.01686;-0.000276;-0.0001023;-89.53;-0.17;101.01;0.61;101.01;0.01669;0.01686;-0.0001685;-17.776;-17.732;-99.990;0.00;-159.66;
2025-11-24 18:10:16.28;0.00:00:51:431;-1.00;-0.02;-0.01;0.0167;-0.01686;-0.0003081;-8.76E-05;-89.48;-0.15;100.95;0.52;100.95;0.0167;0.01686;-0.0001589;-17.773;-17.732;-99.990;0.00;-164.13;
2025-11-24 18:10:16.33;0.00:00:51:482;-1.00;-0.02;-0.01;0.01664;-0.01678;-0.0002996;-8.648E-05;-89.49;-0.15;100.86;0.52;100.86;0.01664;0.01678;-0.0001438;-17.789;-17.752;-99.990;0.00;-163.90;
2025-11-24 18:10:16.39;0.00:00:51:543;-1.00;-0.02;0.00;0.01664;-0.01678;-0.000258;-7.044E-05;-89.56;-0.12;100.89;0.42;100.89;0.01664;0.01678;-0.0001486;-17.789;-17.751;-99.990;0.00;-164.73;
2025-11-24 18:10:16.44;0.00:00:51:594;-1.00;-0.02;-0.01;0.0166;-0.01677;-0.0002882;-8.499E-05;-89.51;-0.15;100.98;0.51;100.98;0.0166;0.01677;-0.0001634;-17.798;-17.755;-99.990;0.00;-163.57;
2025-11-24 18:10:16.50;0.00:00:51:654;-1.00;-0.02;-0.01;0.01658;-0.01671;-0.0003306;-0.0001039;-89.43;-0.18;100.83;0.63;100.83;0.01658;0.01672;-0.0001377;-17.804;-17.768;-99.990;0.00;-162.55;
2025-11-24 18:10:16.55;0.00:00:51:705;-1.00;-0.02;0.00;0.01657;-0.01672;-0.0002736;-7.977E-05;-89.53;-0.14;100.95;0.48;100.95;0.01657;0.01673;-0.0001574;-17.807;-17.766;-99.990;0.00;-163.75;
2025-11-24 18:10:16.61;0.00:00:51:757;-1.00;-0.02;0.00;0.01658;-0.01672;-0.0002913;-7.866E-05;-89.50;-0.13;100.84;0.47;100.84;0.01658;0.01672;-0.0001398;-17.804;-17.768;-99.990;0.00;-164.89;
2025-11-24 18:10:16.66;0.00:00:51:808;-1.00;-0.02;0.00;0.01661;-0.01677;-0.0002876;-6.934E-05;-89.51;-0.12;100.95;0.42;100.95;0.01661;0.01677;-0.0001581;-17.796;-17.755;-99.990;0.00;-166.44;
2025-11-24 18:10:16.70;0.00:00:51:855;-1.00;-0.02;-0.01;0.01659;-0.01675;-0.0002638;-9.621E-05;-89.55;-0.16;100.99;0.58;100.98;0.01659;0.01676;-0.0001635;-17.801;-17.758;-99.990;0.00;-159.96;
2025-11-24 18:10:16.75;0.00:00:51:902;-1.00;-0.02;-0.01;0.01659;-0.01673;-0.0002733;-8.772E-05;-89.53;-0.15;100.81;0.53;100.81;0.01659;0.01673;-0.0001352;-17.801;-17.766;-99.990;0.00;-162.20;
2025-11-24 18:10:16.80;0.00:00:51:949;-1.00;-0.02;0.00;0.01659;-0.01674;-0.0002771;-6.653E-05;-89.53;-0.11;100.95;0.40;100.95;0.01659;0.01674;-0.000158;-17.803;-17.762;-99.990;0.00;-166.50;
2025-11-24 18:10:16.86;0.00:00:52:011;-1.00;-0.02;0.00;0.01665;-0.01681;-0.0002905;-8.054E-05;-89.50;-0.14;100.96;0.48;100.96;0.01665;0.01681;-0.0001599;-17.786;-17.745;-99.990;0.00;-164.51;
2025-11-24 18:10:16.91;0.00:00:52:058;-1.00;-0.02;-0.01;0.01665;-0.0168;-0.0002756;-8.452E-05;-89.53;-0.14;100.94;0.51;100.94;0.01665;0.0168;-0.0001565;-17.787;-17.746;-99.990;0.00;-162.95;
2025-11-24 18:10:16.95;0.00:00:52:105;-1.00;-0.02;0.00;0.01666;-0.0168;-0.0002751;-7.126E-05;-89.53;-0.12;100.86;0.43;100.86;0.01666;0.0168;-0.000144;-17.784;-17.747;-99.990;0.00;-165.48;
2025-11-24 18:10:17.00;0.00:00:52:151;-1.00;-0.02;0.00;0.01666;-0.01683;-0.0002791;-7.881E-05;-89.53;-0.13;101.03;0.47;101.03;0.01666;0.01683;-0.000172;-17.783;-17.738;-99.990;0.00;-164.23;
2025-11-24 18:10:17.05;0.00:00:52:198;-1.00;-0.02;0.00;0.01668;-0.01684;-0.0002703;-7.095E-05;-89.54;-0.12;100.95;0.43;100.95;0.01668;0.01684;-0.000159;-17.778;-17.737;-99.990;0.00;-165.29;
2025-11-24 18:10:17.10;0.00:00:52:247;-1.00;-0.02;-0.01;0.01657;-0.0167;-0.0002776;-8.806E-05;-89.52;-0.15;100.79;0.53;100.79;0.01657;0.0167;-0.0001311;-17.807;-17.773;-99.990;0.00;-162.40;
2025-11-24 18:10:17.16;0.00:00:52:307;-1.00;-0.02;-0.01;0.01657;-0.0167;-0.0002583;-8.703E-05;-89.56;-0.15;100.81;0.53;100.81;0.01657;0.01671;-0.000135;-17.806;-17.771;-99.990;0.00;-161.38;
2025-11-24 18:10:17.20;0.00:00:52:354;-1.00;-0.02;0.00;0.01663;-0.01677;-0.0002928;-8.146E-05;-89.50;-0.14;100.85;0.49;100.84;0.01663;0.01677;-0.0001406;-17.790;-17.754;-99.990;0.00;-164.45;
2025-11-24 18:10:17.25;0.00:00:52:401;-1.00;-0.02;0.00;0.01661;-0.01677;-0.0003047;-6.516E-05;-89.48;-0.11;100.96;0.39;100.96;0.01661;0.01677;-0.0001591;-17.796;-17.754;-99.990;0.00;-167.93;
2025-11-24 18:10:17.30;0.00:00:52:447;-1.00;-0.02;0.00;0.01657;-0.01672;-0.0002684;-7.75E-05;-89.54;-0.13;100.89;0.47;100.88;0.01657;0.01672;-0.0001468;-17.806;-17.768;-99.990;0.00;-163.89;
2025-11-24 18:10:17.34;0.00:00:52:493;-1.00;-0.02;0.00;0.0166;-0.01675;-0.0002888;-6.548E-05;-89.51;-0.11;100.92;0.39;100.92;0.0166;0.01675;-0.000152;-17.799;-17.760;-99.990;0.00;-167.23;
2025-11-24 18:10:17.39;0.00:00:52:540;-1.00;-0.02;-0.01;0.01657;-0.01671;-0.0002941;-8.84E-05;-89.50;-0.15;100.86;0.53;100.86;0.01657;0.01672;-0.0001422;-17.806;-17.769;-99.990;0.00;-163.27;
2025-11-24 18:10:17.44;0.00:00:52:587;-1.00;-0.02;-0.01;0.0166;-0.01675;-0.0003022;-8.794E-05;-89.48;-0.15;100.92;0.53;100.91;0.0166;0.01675;-0.0001519;-17.800;-17.760;-99.990;0.00;-163.78;
2025-11-24 18:10:17.48;0.00:00:52:633;-1.00;-0.02;0.00;0.01661;-0.01676;-0.000302;-6.69E-05;-89.48;-0.11;100.96;0.40;100.96;0.01661;0.01677;-0.0001589;-17.797;-17.756;-99.990;0.00;-167.51;
2025-11-24 18:10:17.53;0.00:00:52:681;-1.00;-0.02;0.00;0.01659;-0.01673;-0.0002781;-8.035E-05;-89.52;-0.14;100.86;0.48;100.86;0.01659;0.01673;-0.000143;-17.803;-17.765;-99.990;0.00;-163.89;
2025-11-24 18:10:17.58;0.00:00:52:728;-1.00;-0.02;0.00;0.01655;-0.0167;-0.0003039;-6.146E-05;-89.48;-0.11;100.93;0.37;100.93;0.01655;0.0167;-0.0001537;-17.813;-17.773;-99.990;0.00;-168.57;
2025-11-24 18:10:17.62;0.00:00:52:775;-1.00;-0.02;0.00;0.01663;-0.0168;-0.0003022;-7.224E-05;-89.48;-0.12;101.05;0.43;101.05;0.01663;0.01681;-0.000174;-17.790;-17.745;-99.990;0.00;-166.56;
2025-11-24 18:10:17.67;0.00:00:52:826;-1.00;-0.02;0.00;0.01663;-0.0168;-0.0002798;-6.731E-05;-89.52;-0.11;101.02;0.40;101.02;0.01663;0.0168;-0.0001693;-17.790;-17.746;-99.990;0.00;-166.47;
2025-11-24 18:10:17.73;0.00:00:52:885;-1.00;-0.02;0.00;0.01664;-0.01679;-0.0003035;-8.024E-05;-89.48;-0.14;100.92;0.48;100.91;0.01664;0.0168;-0.0001523;-17.788;-17.748;-99.990;0.00;-165.19;
2025-11-24 18:10:17.78;0.00:00:52:933;-1.00;-0.02;-0.01;0.01663;-0.01677;-0.0002851;-8.629E-05;-89.51;-0.15;100.90;0.52;100.90;0.01663;0.01678;-0.0001497;-17.792;-17.753;-99.990;0.00;-163.16;
2025-11-24 18:10:17.83;0.00:00:52:979;-1.00;-0.02;0.00;0.01659;-0.01673;-0.0002854;-6.88E-05;-89.51;-0.12;100.83;0.41;100.83;0.01659;0.01673;-0.0001379;-17.800;-17.764;-99.990;0.00;-166.45;
2025-11-24 18:10:17.88;0.00:00:53:027;-1.00;-0.01;0.00;0.0166;-0.01674;-0.0002443;-7.263E-05;-89.58;-0.12;100.83;0.44;100.83;0.0166;0.01674;-0.0001385;-17.799;-17.763;-99.990;0.00;-163.44;
2025-11-24 18:10:17.92;0.00:00:53:074;-1.00;-0.01;0.00;0.01658;-0.01673;-0.000247;-7.066E-05;-89.58;-0.12;100.95;0.43;100.94;0.01658;0.01673;-0.0001568;-17.805;-17.764;-99.990;0.00;-164.03;
2025-11-24 18:10:17.97;0.00:00:53:121;-1.00;-0.02;0.00;0.01663;-0.01677;-0.0003007;-7.583E-05;-89.49;-0.13;100.85;0.46;100.85;0.01663;0.01677;-0.0001411;-17.792;-17.755;-99.990;0.00;-165.84;
2025-11-24 18:10:18.02;0.00:00:53:167;-1.00;-0.02;0.00;0.01666;-0.01679;-0.0003318;-6.855E-05;-89.43;-0.12;100.81;0.41;100.80;0.01666;0.01679;-0.0001342;-17.784;-17.749;-99.990;0.00;-168.32;
2025-11-24 18:10:18.06;0.00:00:53:214;-1.00;-0.02;0.00;0.01665;-0.01679;-0.0002857;-7.162E-05;-89.51;-0.12;100.86;0.43;100.85;0.01665;0.01679;-0.0001424;-17.786;-17.749;-99.990;0.00;-165.93;
2025-11-24 18:10:18.11;0.00:00:53:260;-1.00;-0.02;0.00;0.01663;-0.01677;-0.0002922;-6.362E-05;-89.50;-0.11;100.86;0.38;100.86;0.01663;0.01677;-0.0001438;-17.791;-17.754;-99.990;0.00;-167.72;
2025-11-24 18:10:18.16;0.00:00:53:306;-1.00;-0.02;0.00;0.01665;-0.01679;-0.0002756;-6.927E-05;-89.53;-0.12;100.91;0.42;100.90;0.01665;0.0168;-0.0001507;-17.787;-17.748;-99.990;0.00;-165.89;
2025-11-24 18:10:18.20;0.00:00:53:353;-1.00;-0.02;0.00;0.01667;-0.01682;-0.0002641;-7.998E-05;-89.55;-0.14;100.91;0.48;100.91;0.01667;0.01682;-0.0001523;-17.780;-17.741;-99.990;0.00;-163.15;
2025-11-24 18:10:18.25;0.00:00:53:399;-1.00;-0.02;0.00;0.01668;-0.01681;-0.0002888;-7.109E-05;-89.51;-0.12;100.80;0.43;100.80;0.01668;0.01681;-0.0001335;-17.779;-17.744;-99.990;0.00;-166.17;
2025-11-24 18:10:18.30;0.00:00:53:448;-1.00;-0.02;0.00;0.01666;-0.01683;-0.0002754;-7.095E-05;-89.53;-0.12;101.01;0.43;101.01;0.01666;0.01683;-0.000169;-17.783;-17.739;-99.990;0.00;-165.55;
2025-11-24 18:10:18.36;0.00:00:53:508;-1.00;-0.02;0.00;0.01662;-0.01677;-0.000258;-7.401E-05;-89.56;-0.13;100.92;0.45;100.92;0.01662;0.01677;-0.0001534;-17.793;-17.754;-99.990;0.00;-164.00;
2025-11-24 18:10:18.40;0.00:00:53:555;-1.00;-0.02;0.00;0.01664;-0.01679;-0.0002578;-7.691E-05;-89.56;-0.13;100.94;0.46;100.93;0.01664;0.01679;-0.0001556;-17.790;-17.749;-99.990;0.00;-163.39;
2025-11-24 18:10:18.45;0.00:00:53:602;-1.00;-0.02;-0.01;0.01664;-0.01679;-0.0002882;-8.514E-05;-89.51;-0.15;100.92;0.51;100.92;0.01664;0.01679;-0.0001535;-17.790;-17.750;-99.990;0.00;-163.54;
2025-11-24 18:10:18.50;0.00:00:53:649;-1.00;-0.02;0.00;0.01662;-0.01678;-0.0002703;-8.114E-05;-89.54;-0.14;100.97;0.49;100.97;0.01662;0.01678;-0.0001608;-17.794;-17.752;-99.990;0.00;-163.29;
2025-11-24 18:10:18.54;0.00:00:53:695;-1.00;-0.02;0.00;0.01663;-0.01677;-0.0002754;-8.385E-05;-89.53;-0.14;100.88;0.50;100.88;0.01663;0.01678;-0.0001458;-17.791;-17.753;-99.990;0.00;-163.07;
2025-11-24 18:10:18.59;0.00:00:53:744;-1.00;-0.02;0.00;0.01663;-0.01676;-0.0002916;-6.918E-05;-89.50;-0.12;100.82;0.42;100.82;0.01663;0.01676;-0.000137;-17.792;-17.756;-99.990;0.00;-166.65;
2025-11-24 18:10:18.65;0.00:00:53:804;-1.00;-0.02;-0.01;0.0166;-0.01676;-0.00028;-9.78E-05;-89.52;-0.17;100.95;0.59;100.95;0.0166;0.01676;-0.0001581;-17.798;-17.756;-99.990;0.00;-160.74;
2025-11-24 18:10:18.70;0.00:00:53:849;-1.00;-0.02;0.00;0.01659;-0.01673;-0.0002789;-6.78E-05;-89.52;-0.12;100.85;0.41;100.85;0.01659;0.01673;-0.0001417;-17.801;-17.764;-99.990;0.00;-166.34;
2025-11-24 18:10:18.74;0.00:00:53:895;-1.00;-0.02;0.00;0.01659;-0.01674;-0.0002532;-7.414E-05;-89.57;-0.13;100.89;0.45;100.89;0.01659;0.01674;-0.0001484;-17.802;-17.763;-99.990;0.00;-163.68;
2025-11-24 18:10:18.79;0.00:00:53:943;-1.00;-0.02;0.00;0.01655;-0.01669;-0.0002662;-7.176E-05;-89.54;-0.12;100.85;0.43;100.84;0.01655;0.01669;-0.00014;-17.811;-17.775;-99.990;0.00;-164.91;
2025-11-24 18:10:18.84;0.00:00:53:990;-1.00;-0.02;0.00;0.01658;-0.01673;-0.0002726;-7.832E-05;-89.53;-0.13;100.93;0.47;100.93;0.01658;0.01674;-0.000155;-17.804;-17.763;-99.990;0.00;-163.97;
2025-11-24 18:10:18.89;0.00:00:54:038;-1.00;-0.02;0.00;0.01657;-0.01672;-0.0002538;-6.788E-05;-89.57;-0.12;100.92;0.41;100.92;0.01657;0.01672;-0.0001519;-17.807;-17.768;-99.990;0.00;-165.03;
2025-11-24 18:10:18.93;0.00:00:54:085;-1.00;-0.02;0.00;0.01657;-0.01671;-0.0002628;-6.623E-05;-89.55;-0.11;100.87;0.40;100.86;0.01657;0.01671;-0.0001433;-17.807;-17.770;-99.990;0.00;-165.85;
2025-11-24 18:10:18.98;0.00:00:54:132;-1.00;-0.02;-0.01;0.01657;-0.01672;-0.0002695;-9.216E-05;-89.54;-0.16;100.89;0.56;100.89;0.01657;0.01672;-0.0001482;-17.807;-17.768;-99.990;0.00;-161.12;
2025-11-24 18:10:19.03;0.00:00:54:179;-1.00;-0.02;0.00;0.01664;-0.0168;-0.0003089;-5.034E-05;-89.47;-0.09;100.98;0.30;100.98;0.01664;0.0168;-0.0001624;-17.789;-17.747;-99.990;0.00;-170.74;
2025-11-24 18:10:19.07;0.00:00:54:225;-1.00;-0.01;0.00;0.01667;-0.01681;-0.0002518;-6.83E-05;-89.57;-0.12;100.89;0.41;100.89;0.01667;0.01682;-0.0001485;-17.781;-17.743;-99.990;0.00;-164.82;
2025-11-24 18:10:19.12;0.00:00:54:271;-1.00;-0.02;-0.01;0.01667;-0.01681;-0.000284;-8.876E-05;-89.52;-0.15;100.86;0.53;100.86;0.01667;0.01681;-0.0001433;-17.780;-17.743;-99.990;0.00;-162.65;
2025-11-24 18:10:19.17;0.00:00:54:318;-1.00;-0.02;0.00;0.01665;-0.01681;-0.0002666;-6.498E-05;-89.55;-0.11;100.97;0.39;100.97;0.01665;0.01681;-0.000161;-17.785;-17.743;-99.990;0.00;-166.30;
2025-11-24 18:10:19.21;0.00:00:54:364;-1.00;-0.02;-0.01;0.01664;-0.0168;-0.0002636;-8.71E-05;-89.55;-0.15;100.96;0.52;100.96;0.01664;0.0168;-0.00016;-17.788;-17.746;-99.990;0.00;-161.72;
2025-11-24 18:10:19.26;0.00:00:54:412;-1.00;-0.02;-0.01;0.01661;-0.01676;-0.0002811;-9.549E-05;-89.52;-0.16;100.90;0.57;100.90;0.01661;0.01676;-0.0001496;-17.796;-17.757;-99.990;0.00;-161.24;
2025-11-24 18:10:19.31;0.00:00:54:458;-1.00;-0.02;0.00;0.01668;-0.01682;-0.0002723;-7.181E-05;-89.54;-0.12;100.85;0.43;100.85;0.01668;0.01682;-0.0001423;-17.778;-17.741;-99.990;0.00;-165.23;
2025-11-24 18:10:19.35;0.00:00:54:504;-1.00;-0.02;0.00;0.01668;-0.01682;-0.0002862;-7.323E-05;-89.51;-0.12;100.83;0.44;100.83;0.01668;0.01682;-0.0001378;-17.777;-17.742;-99.990;0.00;-165.65;
2025-11-24 18:10:19.40;0.00:00:54:552;-1.00;-0.02;0.00;0.01668;-0.01685;-0.0002938;-6.131E-05;-89.50;-0.10;101.00;0.37;101.00;0.01668;0.01685;-0.0001663;-17.778;-17.734;-99.990;0.00;-168.21;
2025-11-24 18:10:19.45;0.00:00:54:598;-1.00;-0.02;-0.01;0.01664;-0.01679;-0.0002575;-9.458E-05;-89.56;-0.16;100.87;0.57;100.87;0.01664;0.01679;-0.0001452;-17.787;-17.750;-99.990;0.00;-159.83;
2025-11-24 18:10:19.49;0.00:00:54:646;-1.00;-0.02;0.00;0.01662;-0.01677;-0.000265;-6.257E-05;-89.55;-0.11;100.91;0.38;100.91;0.01662;0.01677;-0.0001517;-17.793;-17.754;-99.990;0.00;-166.71;
2025-11-24 18:10:19.54;0.00:00:54:693;-1.00;-0.02;0.00;0.0166;-0.01674;-0.0002745;-5.232E-05;-89.53;-0.09;100.86;0.32;100.86;0.0166;0.01674;-0.0001422;-17.799;-17.762;-99.990;0.00;-169.21;
2025-11-24 18:10:19.59;0.00:00:54:739;-1.00;-0.02;-0.01;0.01662;-0.01678;-0.0002717;-0.0001072;-89.54;-0.18;100.96;0.64;100.96;0.01662;0.01678;-0.00016;-17.794;-17.752;-99.990;0.00;-158.47;
2025-11-24 18:10:19.63;0.00:00:54:786;-1.00;-0.02;-0.01;0.01668;-0.01679;-0.0002897;-8.615E-05;-89.51;-0.15;100.70;0.52;100.70;0.01668;0.0168;-0.0001164;-17.778;-17.748;-99.990;0.00;-163.44;
2025-11-24 18:10:19.68;0.00:00:54:832;-1.00;-0.02;-0.01;0.01662;-0.01676;-0.0002884;-8.722E-05;-89.51;-0.15;100.83;0.52;100.83;0.01662;0.01676;-0.0001386;-17.792;-17.756;-99.990;0.00;-163.17;
2025-11-24 18:10:19.73;0.00:00:54:879;-1.00;-0.02;0.00;0.01663;-0.01677;-0.0003313;-7.349E-05;-89.43;-0.13;100.86;0.44;100.86;0.01663;0.01677;-0.0001425;-17.792;-17.755;-99.990;0.00;-167.49;
2025-11-24 18:10:19.77;0.00:00:54:926;-1.00;-0.02;0.00;0.01663;-0.01678;-0.0002854;-5.99E-05;-89.51;-0.10;100.94;0.36;100.94;0.01663;0.01678;-0.0001569;-17.792;-17.751;-99.990;0.00;-168.15;
2025-11-24 18:10:19.83;0.00:00:54:979;-1.00;-0.02;0.00;0.01662;-0.01677;-0.0002878;-6.496E-05;-89.51;-0.11;100.91;0.39;100.91;0.01662;0.01677;-0.000152;-17.794;-17.755;-99.990;0.00;-167.28;
2025-11-24 18:10:19.88;0.00:00:55:035;-1.00;-0.02;-0.01;0.0166;-0.01675;-0.0002526;-8.984E-05;-89.57;-0.15;100.93;0.54;100.93;0.0166;0.01676;-0.0001547;-17.799;-17.758;-99.990;0.00;-160.42;
2025-11-24 18:10:19.93;0.00:00:55:082;-1.00;-0.02;0.00;0.01667;-0.01683;-0.0002569;-7.079E-05;-89.56;-0.12;100.99;0.42;100.98;0.01667;0.01683;-0.0001642;-17.781;-17.739;-99.990;0.00;-164.59;
2025-11-24 18:10:19.98;0.00:00:55:129;-1.00;-0.02;0.00;0.01666;-0.01682;-0.000284;-6.512E-05;-89.52;-0.11;100.98;0.39;100.98;0.01666;0.01683;-0.0001641;-17.782;-17.740;-99.990;0.00;-167.09;
2025-11-24 18:10:20.02;0.00:00:55:175;-1.00;-0.02;0.00;0.01667;-0.01681;-0.0002831;-6.264E-05;-89.52;-0.11;100.88;0.38;100.88;0.01667;0.01682;-0.0001464;-17.780;-17.742;-99.990;0.00;-167.52;
2025-11-24 18:10:20.07;0.00:00:55:222;-1.00;-0.02;0.00;0.01669;-0.01683;-0.0002702;-6.498E-05;-89.54;-0.11;100.85;0.39;100.85;0.01669;0.01683;-0.0001427;-17.775;-17.738;-99.990;0.00;-166.48;
2025-11-24 18:10:20.12;0.00:00:55:269;-1.00;-0.01;0.00;0.01662;-0.01674;-0.0002432;-7.135E-05;-89.58;-0.12;100.74;0.43;100.74;0.01662;0.01674;-0.0001234;-17.795;-17.763;-99.990;0.00;-163.65;
2025-11-24 18:10:20.16;0.00:00:55:315;-1.00;-0.02;-0.01;0.01663;-0.01678;-0.0002654;-8.463E-05;-89.55;-0.14;100.91;0.51;100.91;0.01663;0.01678;-0.0001517;-17.792;-17.752;-99.990;0.00;-162.31;
2025-11-24 18:10:20.21;0.00:00:55:362;-1.00;-0.02;-0.01;0.01661;-0.01677;-0.0002774;-9.281E-05;-89.53;-0.16;101.01;0.56;101.00;0.01661;0.01677;-0.000167;-17.797;-17.753;-99.990;0.00;-161.50;
2025-11-24 18:10:20.26;0.00:00:55:410;-1.00;-0.02;0.00;0.01665;-0.01679;-0.0002809;-7.747E-05;-89.52;-0.13;100.86;0.47;100.86;0.01665;0.01679;-0.0001427;-17.787;-17.750;-99.990;0.00;-164.58;
2025-11-24 18:10:20.31;0.00:00:55:457;-1.00;-0.02;0.00;0.0167;-0.01685;-0.0002823;-6.938E-05;-89.52;-0.12;100.92;0.42;100.92;0.0167;0.01686;-0.0001542;-17.772;-17.732;-99.990;0.00;-166.19;
2025-11-24 18:10:20.35;0.00:00:55:505;-1.00;-0.02;0.00;0.01672;-0.01689;-0.0002966;-8.119E-05;-89.50;-0.14;100.99;0.49;100.99;0.01672;0.01689;-0.0001657;-17.767;-17.724;-99.990;0.00;-164.69;
2025-11-24 18:10:20.40;0.00:00:55:552;-1.00;-0.02;-0.01;0.01669;-0.01683;-0.0002966;-8.441E-05;-89.50;-0.14;100.89;0.51;100.89;0.01669;0.01683;-0.0001481;-17.776;-17.738;-99.990;0.00;-164.11;
2025-11-24 18:10:20.45;0.00:00:55:599;-1.00;-0.02;0.00;0.01671;-0.01684;-0.0002691;-7.812E-05;-89.54;-0.13;100.82;0.47;100.82;0.01671;0.01685;-0.0001378;-17.771;-17.735;-99.990;0.00;-163.81;
2025-11-24 18:10:20.49;0.00:00:55:645;-1.00;-0.02;-0.01;0.01671;-0.01684;-0.0002773;-8.464E-05;-89.53;-0.14;100.81;0.51;100.80;0.01671;0.01684;-0.0001347;-17.771;-17.736;-99.990;0.00;-163.03;
2025-11-24 18:10:20.54;0.00:00:55:691;-1.00;-0.02;0.00;0.01669;-0.01681;-0.0003082;-8.346E-05;-89.47;-0.14;100.79;0.50;100.79;0.01669;0.01682;-0.0001323;-17.777;-17.742;-99.990;0.00;-164.85;
2025-11-24 18:10:20.59;0.00:00:55:739;-1.00;-0.02;0.00;0.01669;-0.01684;-0.0002867;-7.513E-05;-89.51;-0.13;100.91;0.45;100.91;0.01669;0.01684;-0.0001518;-17.776;-17.737;-99.990;0.00;-165.32;
2025-11-24 18:10:20.64;0.00:00:55:796;-1.00;-0.02;0.00;0.01665;-0.0168;-0.0002643;-8.213E-05;-89.55;-0.14;100.93;0.49;100.93;0.01665;0.0168;-0.0001555;-17.787;-17.747;-99.990;0.00;-162.74;
2025-11-24 18:10:20.70;0.00:00:55:853;-1.00;-0.02;0.00;0.01669;-0.01685;-0.0002731;-8.115E-05;-89.54;-0.14;100.94;0.49;100.94;0.01669;0.01685;-0.0001576;-17.775;-17.735;-99.990;0.00;-163.45;
2025-11-24 18:10:20.76;0.00:00:55:907;-1.00;-0.02;0.00;0.01668;-0.01682;-0.0002852;-7.795E-05;-89.51;-0.13;100.84;0.47;100.84;0.01668;0.01682;-0.0001396;-17.777;-17.741;-99.990;0.00;-164.71;
2025-11-24 18:10:20.80;0.00:00:55:955;-1.00;-0.02;-0.01;0.01668;-0.01682;-0.0003099;-0.0001007;-89.47;-0.17;100.83;0.60;100.82;0.01668;0.01682;-0.0001378;-17.777;-17.742;-99.990;0.00;-162.00;
2025-11-24 18:10:20.86;0.00:00:56:010;-1.00;-0.01;0.00;0.01662;-0.01677;-0.0002463;-5.601E-05;-89.58;-0.10;100.91;0.34;100.91;0.01662;0.01677;-0.0001506;-17.793;-17.753;-99.990;0.00;-167.19;
2025-11-24 18:10:20.92;0.00:00:56:071;-1.00;-0.02;0.00;0.01662;-0.01676;-0.0002754;-6.466E-05;-89.53;-0.11;100.86;0.39;100.86;0.01662;0.01676;-0.0001435;-17.793;-17.756;-99.990;0.00;-166.79;
2025-11-24 18:10:20.98;0.00:00:56:133;-1.00;-0.02;-0.01;0.01662;-0.01676;-0.0002665;-8.772E-05;-89.54;-0.15;100.86;0.53;100.86;0.01662;0.01676;-0.0001433;-17.794;-17.757;-99.990;0.00;-161.78;
2025-11-24 18:10:21.03;0.00:00:56:186;-1.00;-0.02;0.00;0.01665;-0.01681;-0.0002633;-7.03E-05;-89.55;-0.12;100.97;0.42;100.97;0.01665;0.01681;-0.0001622;-17.786;-17.744;-99.990;0.00;-165.05;
2025-11-24 18:10:21.08;0.00:00:56:235;-1.00;-0.02;0.00;0.01661;-0.01676;-0.0002959;-8.268E-05;-89.49;-0.14;100.94;0.50;100.93;0.01661;0.01676;-0.0001555;-17.797;-17.757;-99.990;0.00;-164.39;
2025-11-24 18:10:21.13;0.00:00:56:281;-1.00;-0.02;-0.01;0.01663;-0.01678;-0.0002903;-9.689E-05;-89.50;-0.17;100.88;0.58;100.87;0.01663;0.01678;-0.0001456;-17.790;-17.753;-99.990;0.00;-161.55;
2025-11-24 18:10:21.18;0.00:00:56:336;-1.00;-0.02;0.00;0.01666;-0.01681;-0.000269;-7.801E-05;-89.54;-0.13;100.89;0.47;100.89;0.01666;0.01681;-0.0001484;-17.782;-17.744;-99.990;0.00;-163.82;
2025-11-24 18:10:21.24;0.00:00:56:387;-1.00;-0.02;0.00;0.01669;-0.01681;-0.0003337;-8.193E-05;-89.43;-0.14;100.75;0.49;100.74;0.01669;0.01681;-0.0001244;-17.775;-17.743;-99.990;0.00;-166.21;
2025-11-24 18:10:21.29;0.00:00:56:439;-1.00;-0.02;0.00;0.0167;-0.01683;-0.0002997;-8.053E-05;-89.49;-0.14;100.83;0.48;100.83;0.0167;0.01683;-0.0001386;-17.774;-17.738;-99.990;0.00;-164.96;
2025-11-24 18:10:21.34;0.00:00:56:491;-1.00;-0.02;-0.01;0.01664;-0.01679;-0.0002737;-8.909E-05;-89.53;-0.15;100.89;0.54;100.89;0.01664;0.01679;-0.0001489;-17.788;-17.750;-99.990;0.00;-161.97;
2025-11-24 18:10:21.39;0.00:00:56:542;-1.00;-0.02;-0.01;0.01659;-0.01672;-0.0003229;-8.514E-05;-89.45;-0.15;100.79;0.51;100.79;0.01659;0.01672;-0.0001308;-17.801;-17.767;-99.990;0.00;-165.23;
2025-11-24 18:10:21.43;0.00:00:56:583;-1.00;-0.02;0.00;0.01663;-0.01679;-0.0002825;-7.704E-05;-89.52;-0.13;100.96;0.46;100.96;0.01663;0.01679;-0.00016;-17.791;-17.750;-99.990;0.00;-164.74;
2025-11-24 18:10:21.49;0.00:00:56:644;-1.00;-0.02;0.00;0.01663;-0.01677;-0.0002916;-7.031E-05;-89.50;-0.12;100.87;0.42;100.87;0.01663;0.01677;-0.0001443;-17.791;-17.753;-99.990;0.00;-166.44;
2025-11-24 18:10:21.54;0.00:00:56:696;-1.00;-0.02;0.00;0.0166;-0.01674;-0.0002759;-7.74E-05;-89.53;-0.13;100.88;0.47;100.88;0.0166;0.01674;-0.0001455;-17.800;-17.762;-99.990;0.00;-164.33;
2025-11-24 18:10:21.60;0.00:00:56:747;-1.00;-0.02;0.00;0.01659;-0.01674;-0.0003062;-5.41E-05;-89.48;-0.09;100.89;0.33;100.89;0.01659;0.01674;-0.0001471;-17.801;-17.762;-99.990;0.00;-169.98;
2025-11-24 18:10:21.64;0.00:00:56:794;-1.00;-0.02;0.00;0.0166;-0.01673;-0.000261;-6.518E-05;-89.55;-0.11;100.82;0.39;100.82;0.0166;0.01674;-0.0001366;-17.799;-17.764;-99.990;0.00;-165.98;
2025-11-24 18:10:21.69;0.00:00:56:839;-1.00;-0.02;0.00;0.0166;-0.01675;-0.0002859;-5.701E-05;-89.51;-0.10;100.96;0.34;100.96;0.0166;0.01676;-0.0001595;-17.799;-17.758;-99.990;0.00;-168.72;
2025-11-24 18:10:21.74;0.00:00:56:891;-1.00;-0.02;0.00;0.01656;-0.01672;-0.0002547;-6.828E-05;-89.56;-0.12;100.99;0.41;100.99;0.01656;0.01672;-0.0001645;-17.811;-17.768;-99.990;0.00;-165.00;
2025-11-24 18:10:21.79;0.00:00:56:943;-1.00;-0.02;0.00;0.01659;-0.01673;-0.0002793;-8.251E-05;-89.52;-0.14;100.85;0.50;100.85;0.01659;0.01673;-0.0001405;-17.801;-17.764;-99.990;0.00;-163.54;
2025-11-24 18:10:21.85;0.00:00:57:001;-1.00;-0.02;0.00;0.01663;-0.01677;-0.0002902;-7.762E-05;-89.50;-0.13;100.91;0.47;100.91;0.01663;0.01678;-0.0001517;-17.792;-17.753;-99.990;0.00;-165.02;
2025-11-24 18:10:21.90;0.00:00:57:056;-1.00;-0.01;0.00;0.0166;-0.01674;-0.0002386;-6.829E-05;-89.59;-0.12;100.88;0.41;100.88;0.0166;0.01674;-0.0001458;-17.799;-17.761;-99.990;0.00;-164.03;
2025-11-24 18:10:21.96;0.00:00:57:107;-1.00;-0.02;-0.01;0.01664;-0.01678;-0.0002839;-8.836E-05;-89.52;-0.15;100.88;0.53;100.88;0.01664;0.01678;-0.0001465;-17.789;-17.751;-99.990;0.00;-162.71;
2025-11-24 18:10:22.01;0.00:00:57:158;-1.00;-0.02;0.00;0.01658;-0.01676;-0.0002649;-6.946E-05;-89.55;-0.12;101.06;0.42;101.06;0.01658;0.01676;-0.0001752;-17.803;-17.757;-99.990;0.00;-165.31;
2025-11-24 18:10:22.06;0.00:00:57:210;-1.00;-0.02;-0.01;0.01656;-0.01671;-0.0002949;-9.347E-05;-89.49;-0.16;100.92;0.56;100.92;0.01656;0.01671;-0.0001522;-17.809;-17.769;-99.990;0.00;-162.41;
2025-11-24 18:10:22.12;0.00:00:57:272;-1.00;-0.02;0.00;0.01658;-0.01675;-0.0003211;-8.061E-05;-89.45;-0.14;101.00;0.49;101.00;0.01658;0.01675;-0.0001657;-17.803;-17.760;-99.990;0.00;-165.91;
2025-11-24 18:10:22.17;0.00:00:57:322;-1.00;-0.02;0.00;0.01666;-0.0168;-0.0002938;-7.405E-05;-89.50;-0.13;100.88;0.44;100.88;0.01666;0.01681;-0.0001466;-17.783;-17.745;-99.990;0.00;-165.86;
2025-11-24 18:10:22.22;0.00:00:57:374;-1.00;-0.02;0.00;0.01664;-0.01677;-0.0003234;-5.949E-05;-89.45;-0.10;100.80;0.36;100.80;0.01664;0.01677;-0.0001337;-17.788;-17.753;-99.990;0.00;-169.58;
2025-11-24 18:10:22.27;0.00:00:57:425;-1.00;-0.02;0.00;0.0166;-0.01676;-0.0002839;-6.822E-05;-89.51;-0.12;100.96;0.41;100.96;0.0166;0.01676;-0.0001598;-17.798;-17.757;-99.990;0.00;-166.49;
2025-11-24 18:10:22.33;0.00:00:57:476;-1.00;-0.02;-0.01;0.01662;-0.01678;-0.0002789;-8.992E-05;-89.52;-0.15;100.95;0.54;100.95;0.01662;0.01678;-0.0001578;-17.793;-17.752;-99.990;0.00;-162.13;
2025-11-24 18:10:22.38;0.00:00:57:527;-1.00;-0.02;0.00;0.01661;-0.01677;-0.0002785;-7.513E-05;-89.52;-0.13;100.97;0.45;100.97;0.01661;0.01677;-0.0001616;-17.796;-17.754;-99.990;0.00;-164.90;
2025-11-24 18:10:22.43;0.00:00:57:578;-1.00;-0.02;0.00;0.01659;-0.01673;-0.0002969;-7.241E-05;-89.49;-0.12;100.90;0.44;100.90;0.01659;0.01674;-0.0001499;-17.802;-17.763;-99.990;0.00;-166.29;
2025-11-24 18:10:22.48;0.00:00:57:630;-1.00;-0.02;0.00;0.01655;-0.0167;-0.0002692;-8.083E-05;-89.54;-0.14;100.96;0.49;100.96;0.01655;0.01671;-0.0001584;-17.813;-17.771;-99.990;0.00;-163.29;
2025-11-24 18:10:22.53;0.00:00:57:681;-1.00;-0.02;0.00;0.01662;-0.01677;-0.0003057;-7.264E-05;-89.48;-0.12;100.93;0.44;100.93;0.01662;0.01677;-0.0001545;-17.794;-17.754;-99.990;0.00;-166.63;
2025-11-24 18:10:22.58;0.00:00:57:732;-1.00;-0.02;0.00;0.01665;-0.01679;-0.0002913;-6.629E-05;-89.50;-0.11;100.85;0.40;100.85;0.01665;0.01679;-0.0001421;-17.787;-17.750;-99.990;0.00;-167.18;
2025-11-24 18:10:22.63;0.00:00:57:784;-1.00;-0.02;0.00;0.01663;-0.01678;-0.0002737;-6.491E-05;-89.53;-0.11;100.91;0.39;100.91;0.01663;0.01678;-0.000152;-17.791;-17.752;-99.990;0.00;-166.66;
2025-11-24 18:10:22.68;0.00:00:57:831;-1.00;-0.02;0.00;0.01663;-0.0168;-0.0002862;-6.426E-05;-89.51;-0.11;101.05;0.39;101.05;0.01663;0.0168;-0.0001754;-17.792;-17.746;-99.990;0.00;-167.35;
2025-11-24 18:10:22.73;0.00:00:57:877;-1.00;-0.02;0.00;0.01665;-0.01681;-0.0003014;-7.583E-05;-89.49;-0.13;100.94;0.46;100.94;0.01665;0.01681;-0.0001565;-17.785;-17.745;-99.990;0.00;-165.88;
2025-11-24 18:10:22.77;0.00:00:57:924;-1.00;-0.01;0.00;0.01668;-0.01683;-0.0002509;-6.058E-05;-89.57;-0.10;100.94;0.36;100.94;0.01668;0.01683;-0.0001573;-17.779;-17.738;-99.990;0.00;-166.42;
2025-11-24 18:10:22.82;0.00:00:57:971;-1.00;-0.01;0.00;0.01671;-0.01685;-0.0002403;-8.268E-05;-89.59;-0.14;100.84;0.49;100.84;0.01671;0.01686;-0.0001401;-17.769;-17.733;-99.990;0.00;-161.01;
2025-11-24 18:10:22.87;0.00:00:58:018;-1.00;-0.02;0.00;0.01673;-0.01687;-0.0003149;-6.166E-05;-89.47;-0.10;100.88;0.37;100.88;0.01673;0.01688;-0.0001467;-17.765;-17.727;-99.990;0.00;-168.92;
2025-11-24 18:10:22.91;0.00:00:58:065;-1.00;-0.02;0.00;0.0167;-0.01685;-0.0002781;-7.691E-05;-89.53;-0.13;100.92;0.46;100.92;0.0167;0.01685;-0.000153;-17.774;-17.734;-99.990;0.00;-164.54;
2025-11-24 18:10:22.96;0.00:00:58:111;-1.00;-0.02;0.00;0.01671;-0.01688;-0.000269;-7.304E-05;-89.54;-0.12;101.02;0.44;101.02;0.01671;0.01688;-0.0001703;-17.770;-17.726;-99.990;0.00;-164.81;
2025-11-24 18:10:23.01;0.00:00:58:158;-1.00;-0.02;0.00;0.01666;-0.01682;-0.0002973;-7.238E-05;-89.49;-0.12;100.95;0.43;100.95;0.01666;0.01682;-0.0001583;-17.783;-17.742;-99.990;0.00;-166.32;
2025-11-24 18:10:23.05;0.00:00:58:204;-1.00;-0.02;0.00;0.01662;-0.01678;-0.0003138;-5.806E-05;-89.46;-0.10;100.97;0.35;100.97;0.01662;0.01678;-0.0001607;-17.793;-17.751;-99.990;0.00;-169.52;
2025-11-24 18:10:23.10;0.00:00:58:251;-1.00;-0.02;0.00;0.01663;-0.01681;-0.0002865;-6.195E-05;-89.51;-0.11;101.06;0.37;101.06;0.01663;0.01681;-0.0001768;-17.790;-17.745;-99.990;0.00;-167.80;
2025-11-24 18:10:23.15;0.00:00:58:297;-1.00;-0.02;0.00;0.0167;-0.01685;-0.0003028;-7.586E-05;-89.49;-0.13;100.96;0.45;100.96;0.0167;0.01686;-0.0001602;-17.774;-17.732;-99.990;0.00;-165.93;
2025-11-24 18:10:23.19;0.00:00:58:343;-1.00;-0.02;0.00;0.01669;-0.01683;-0.0003262;-7.642E-05;-89.44;-0.13;100.83;0.46;100.83;0.01669;0.01683;-0.0001392;-17.775;-17.739;-99.990;0.00;-166.82;
2025-11-24 18:10:23.24;0.00:00:58:389;-1.00;-0.02;0.00;0.01669;-0.01684;-0.0002675;-7.927E-05;-89.55;-0.13;100.93;0.47;100.93;0.01669;0.01685;-0.000156;-17.776;-17.735;-99.990;0.00;-163.49;
2025-11-24 18:10:23.28;0.00:00:58:435;-1.00;-0.01;0.00;0.0167;-0.01685;-0.0002436;-6.603E-05;-89.59;-0.11;100.91;0.40;100.91;0.0167;0.01685;-0.0001528;-17.774;-17.734;-99.990;0.00;-164.83;
2025-11-24 18:10:23.33;0.00:00:58:481;-1.00;-0.02;0.00;0.0167;-0.01685;-0.0003142;-4.75E-05;-89.47;-0.08;100.88;0.28;100.88;0.0167;0.01685;-0.0001471;-17.772;-17.734;-99.990;0.00;-171.40;
2025-11-24 18:10:23.38;0.00:00:58:528;-1.00;-0.02;0.00;0.01659;-0.01674;-0.000276;-6.962E-05;-89.53;-0.12;100.91;0.42;100.91;0.01659;0.01674;-0.0001514;-17.802;-17.763;-99.990;0.00;-165.84;
2025-11-24 18:10:23.43;0.00:00:58:578;-1.00;-0.02;0.00;0.01664;-0.0168;-0.0002595;-7.986E-05;-89.56;-0.14;100.97;0.48;100.96;0.01664;0.0168;-0.0001606;-17.789;-17.747;-99.990;0.00;-162.89;
2025-11-24 18:10:23.49;0.00:00:58:637;-1.00;-0.02;0.00;0.01663;-0.01678;-0.0002907;-7.068E-05;-89.50;-0.12;100.95;0.43;100.95;0.01663;0.01679;-0.0001579;-17.791;-17.750;-99.990;0.00;-166.33;
2025-11-24 18:10:23.53;0.00:00:58:684;-1.00;-0.02;0.00;0.01667;-0.01682;-0.0002979;-6.154E-05;-89.49;-0.10;100.92;0.37;100.92;0.01667;0.01683;-0.0001538;-17.780;-17.740;-99.990;0.00;-168.33;
2025-11-24 18:10:23.58;0.00:00:58:731;-1.00;-0.02;0.00;0.01659;-0.01673;-0.0002905;-6.852E-05;-89.50;-0.12;100.87;0.41;100.87;0.01659;0.01674;-0.000144;-17.801;-17.763;-99.990;0.00;-166.73;
2025-11-24 18:10:23.63;0.00:00:58:777;-1.00;-0.02;-0.01;0.01657;-0.01673;-0.0002634;-8.881E-05;-89.55;-0.15;100.99;0.54;100.99;0.01657;0.01673;-0.0001645;-17.808;-17.765;-99.990;0.00;-161.37;
2025-11-24 18:10:23.67;0.00:00:58:824;-1.00;-0.02;0.00;0.0166;-0.01673;-0.0002702;-6.934E-05;-89.54;-0.12;100.85;0.42;100.85;0.0166;0.01674;-0.0001415;-17.800;-17.763;-99.990;0.00;-165.61;
2025-11-24 18:10:23.72;0.00:00:58:871;-1.00;-0.02;-0.01;0.01661;-0.01675;-0.0002927;-8.882E-05;-89.50;-0.15;100.85;0.53;100.85;0.01661;0.01675;-0.0001411;-17.797;-17.760;-99.990;0.00;-163.12;
2025-11-24 18:10:23.77;0.00:00:58:918;-1.00;-0.02;0.00;0.01661;-0.01676;-0.0002848;-5.946E-05;-89.51;-0.10;100.96;0.36;100.96;0.01661;0.01677;-0.0001597;-17.797;-17.756;-99.990;0.00;-168.21;
2025-11-24 18:10:23.81;0.00:00:58:963;-1.00;-0.02;0.00;0.01665;-0.01679;-0.0002773;-6.788E-05;-89.53;-0.12;100.89;0.41;100.89;0.01665;0.01679;-0.0001488;-17.787;-17.748;-99.990;0.00;-166.24;
2025-11-24 18:10:23.86;0.00:00:59:010;-1.00;-0.02;0.00;0.01661;-0.01674;-0.0002686;-7.279E-05;-89.54;-0.12;100.83;0.44;100.83;0.01661;0.01674;-0.0001372;-17.797;-17.761;-99.990;0.00;-164.84;
2025-11-24 18:10:23.90;0.00:00:59:056;-1.00;-0.02;0.00;0.01663;-0.01676;-0.0003085;-6.705E-05;-89.47;-0.11;100.80;0.40;100.80;0.01663;0.01677;-0.0001325;-17.790;-17.756;-99.990;0.00;-167.74;
2025-11-24 18:10:23.95;0.00:00:59:104;-1.00;-0.02;0.00;0.01668;-0.01684;-0.0002772;-6.812E-05;-89.53;-0.12;101.01;0.41;101.01;0.01668;0.01684;-0.0001687;-17.779;-17.735;-99.990;0.00;-166.19;
2025-11-24 18:10:24.00;0.00:00:59:155;-1.00;-0.02;-0.01;0.01664;-0.01679;-0.0002778;-9.08E-05;-89.53;-0.15;100.92;0.55;100.92;0.01664;0.01679;-0.0001525;-17.789;-17.750;-99.990;0.00;-161.90;
2025-11-24 18:10:24.06;0.00:00:59:212;-1.00;-0.01;0.00;0.01669;-0.01684;-0.0002457;-7.981E-05;-89.58;-0.14;100.87;0.48;100.87;0.01669;0.01684;-0.0001454;-17.775;-17.737;-99.990;0.00;-162.00;
2025-11-24 18:10:24.11;0.00:00:59:259;-1.00;-0.02;0.00;0.01668;-0.01684;-0.0002877;-7.011E-05;-89.51;-0.12;100.95;0.42;100.95;0.01668;0.01684;-0.0001591;-17.778;-17.737;-99.990;0.00;-166.31;
2025-11-24 18:10:24.15;0.00:00:59:306;-1.00;-0.02;0.00;0.01672;-0.01687;-0.0002777;-7.18E-05;-89.53;-0.12;100.93;0.43;100.93;0.01672;0.01687;-0.0001559;-17.769;-17.728;-99.990;0.00;-165.51;
2025-11-24 18:10:24.20;0.00:00:59:353;-1.00;-0.02;0.00;0.0167;-0.01686;-0.0003228;-8.36E-05;-89.45;-0.14;100.97;0.50;100.97;0.0167;0.01686;-0.0001618;-17.772;-17.731;-99.990;0.00;-165.48;
2025-11-24 18:10:24.25;0.00:00:59:400;-1.00;-0.02;-0.01;0.01663;-0.01679;-0.0002825;-8.63E-05;-89.52;-0.15;100.93;0.52;100.92;0.01663;0.01679;-0.0001541;-17.790;-17.750;-99.990;0.00;-163.01;
2025-11-24 18:10:24.30;0.00:00:59:448;-1.00;-0.02;0.00;0.01661;-0.01676;-0.0002752;-7.264E-05;-89.53;-0.12;100.95;0.44;100.95;0.01661;0.01677;-0.0001578;-17.797;-17.756;-99.990;0.00;-165.21;
2025-11-24 18:10:24.34;0.00:00:59:494;-1.00;-0.02;0.00;0.01655;-0.0167;-0.0002862;-5.047E-05;-89.51;-0.09;100.89;0.30;100.89;0.01655;0.0167;-0.0001476;-17.812;-17.773;-99.990;0.00;-170.00;
2025-11-24 18:10:24.39;0.00:00:59:541;-1.00;-0.02;0.00;0.01668;-0.01683;-0.0003181;-7.649E-05;-89.46;-0.13;100.90;0.46;100.90;0.01668;0.01683;-0.0001503;-17.778;-17.739;-99.990;0.00;-166.48;
2025-11-24 18:10:24.44;0.00:00:59:588;-1.00;-0.02;0.00;0.01665;-0.01681;-0.0003018;-7.861E-05;-89.49;-0.13;101.00;0.47;101.00;0.01665;0.01681;-0.000167;-17.786;-17.743;-99.990;0.00;-165.40;
2025-11-24 18:10:24.48;0.00:00:59:636;-1.00;-0.02;0.00;0.01662;-0.01676;-0.0002727;-6.36E-05;-89.53;-0.11;100.82;0.38;100.82;0.01662;0.01676;-0.0001364;-17.792;-17.757;-99.990;0.00;-166.87;
2025-11-24 18:10:24.53;0.00:00:59:684;-1.00;-0.02;0.00;0.01666;-0.01679;-0.0002827;-8.365E-05;-89.52;-0.14;100.80;0.50;100.79;0.01666;0.01679;-0.0001326;-17.784;-17.749;-99.990;0.00;-163.52;
2025-11-24 18:10:24.58;0.00:00:59:730;-1.00;-0.02;-0.01;0.01668;-0.01682;-0.0003068;-8.524E-05;-89.48;-0.15;100.87;0.51;100.87;0.01668;0.01682;-0.000145;-17.779;-17.741;-99.990;0.00;-164.47;
2025-11-24 18:10:24.62;0.00:00:59:776;-1.00;-0.02;-0.01;0.01665;-0.01677;-0.0002823;-9.112E-05;-89.52;-0.16;100.75;0.55;100.75;0.01665;0.01677;-0.0001243;-17.786;-17.754;-99.990;0.00;-162.11;
2025-11-24 18:10:24.67;0.00:00:59:823;-1.00;-0.02;0.00;0.01664;-0.01678;-0.0002762;-5.715E-05;-89.53;-0.10;100.83;0.34;100.83;0.01664;0.01678;-0.0001384;-17.787;-17.751;-99.990;0.00;-168.31;
2025-11-24 18:10:24.72;0.00:00:59:870;-1.00;-0.02;0.00;0.01665;-0.0168;-0.0003008;-8.098E-05;-89.49;-0.14;100.94;0.49;100.94;0.01665;0.01681;-0.0001566;-17.786;-17.745;-99.990;0.00;-164.93;
2025-11-24 18:10:24.77;0.00:00:59:917;-1.00;-0.02;0.00;0.01666;-0.01683;-0.0003369;-7.404E-05;-89.43;-0.13;101.05;0.44;101.05;0.01666;0.01683;-0.0001743;-17.784;-17.739;-99.990;0.00;-167.61;
2025-11-24 18:10:24.81;0.00:00:59:963;-1.00;-0.02;0.00;0.01664;-0.01677;-0.0002815;-7.221E-05;-89.52;-0.12;100.80;0.43;100.80;0.01664;0.01677;-0.0001331;-17.789;-17.754;-99.990;0.00;-165.62;
2025-11-24 18:10:24.86;0.00:01:00:009;-1.00;-0.02;-0.01;0.01659;-0.01674;-0.0002922;-8.818E-05;-89.50;-0.15;100.96;0.53;100.96;0.01659;0.01674;-0.0001588;-17.803;-17.761;-99.990;0.00;-163.21;
