Device : ;PAX1000IR1/M
Serial Number : ;M00535216
Firmware Version : ;1.0.3
Software Version : ;1.4.2002.183
Wavelength [nm] : ;780
Basic Sample Rate [Hz] : ;60
Operating Mode : ;1 revolution for one measurement, 1024 points for FFT

Time[date hh:mm:ss] ; Elapsed Time [hh:mm:ss:ms]; Normalized s 1 ; Normalized s 2 ; Normalized s 3 ; S 0 [mW]; S 1 [mW]; S 2 [mW]; S 3 [mW]; Azimuth[°] ; Ellipticity[°] ; DOP[%] ; DOCP[%] ; DOLP[%] ; Power[mW] ; Pol Power[mW] ; Unpol Power[mW] ; Power[dBm] ; Pol Power[dBm] ; Unpol Power[dBm] ; Power-Split-Ratio ; Phase Difference[°] ; Warning
2026-01-22 16:23:03.87;0.00:00:00:045;-0.01;0.00;-1.00;6.723;-0.03635;0.006134;-6.626;85.21;-44.84;98.57;98.56;0.55;6.723;6.627;0.0964;8.276;8.213;-10.159;0.50;-89.95;
2026-01-22 16:23:03.93;0.00:00:00:097;-0.01;0.00;-1.00;6.716;-0.03398;0.009297;-6.619;82.35;-44.85;98.56;98.56;0.52;6.716;6.619;0.09673;8.271;8.208;-10.145;0.50;-89.92;
2026-01-22 16:23:03.97;0.00:00:00:145;-0.01;0.00;-1.00;6.714;-0.03668;0.004214;-6.618;86.72;-44.84;98.57;98.57;0.55;6.714;6.618;0.09588;8.270;8.208;-10.183;0.50;-89.96;
2026-01-22 16:23:04.02;0.00:00:00:192;-0.01;0.00;-1.00;6.719;-0.03482;0.008079;-6.622;83.47;-44.85;98.55;98.55;0.53;6.719;6.622;0.0974;8.273;8.210;-10.114;0.50;-89.93;
2026-01-22 16:23:04.07;0.00:00:00:240;-0.01;0.00;-1.00;6.719;-0.03563;0.006533;-6.622;84.81;-44.84;98.57;98.56;0.54;6.719;6.622;0.09637;8.273;8.210;-10.161;0.50;-89.94;
2026-01-22 16:23:04.12;0.00:00:00:288;-0.01;0.00;-1.00;6.709;-0.03456;0.008494;-6.612;83.10;-44.85;98.55;98.55;0.53;6.709;6.612;0.09699;8.267;8.203;-10.133;0.50;-89.93;
2026-01-22 16:23:04.17;0.00:00:00:338;-0.01;0.00;-1.00;6.706;-0.03513;0.006815;-6.609;84.51;-44.84;98.56;98.56;0.53;6.706;6.609;0.09653;8.265;8.202;-10.153;0.50;-89.94;
2026-01-22 16:23:04.22;0.00:00:00:387;-0.01;0.00;-1.00;6.707;-0.0345;0.00887;-6.611;82.79;-44.85;98.57;98.57;0.53;6.707;6.611;0.09602;8.265;8.203;-10.176;0.50;-89.92;
2026-01-22 16:23:04.26;0.00:00:00:435;-0.01;0.00;-1.00;6.701;-0.03432;0.007965;-6.605;83.47;-44.85;98.57;98.57;0.53;6.701;6.605;0.09583;8.261;8.199;-10.185;0.50;-89.93;
2026-01-22 16:23:04.31;0.00:00:00:483;-0.01;0.00;-1.00;6.696;-0.03443;0.00983;-6.6;82.03;-44.84;98.56;98.56;0.53;6.696;6.6;0.09611;8.258;8.195;-10.172;0.50;-89.91;
2026-01-22 16:23:04.36;0.00:00:00:534;-0.01;0.00;-1.00;6.683;-0.03589;0.00621;-6.587;85.09;-44.84;98.56;98.56;0.55;6.683;6.587;0.09591;8.250;8.187;-10.181;0.50;-89.95;
2026-01-22 16:23:04.41;0.00:00:00:582;-0.01;0.00;-1.00;6.686;-0.03623;0.005373;-6.59;85.78;-44.84;98.56;98.56;0.55;6.686;6.59;0.09611;8.252;8.189;-10.172;0.50;-89.95;
2026-01-22 16:23:04.46;0.00:00:00:630;-0.01;0.00;-1.00;6.695;-0.03561;0.007777;-6.599;83.84;-44.84;98.57;98.56;0.54;6.695;6.599;0.09607;8.258;8.195;-10.174;0.50;-89.93;
2026-01-22 16:23:04.51;0.00:00:00:679;-0.01;0.00;-1.00;6.693;-0.03488;0.007617;-6.596;83.84;-44.84;98.56;98.56;0.53;6.693;6.597;0.0962;8.256;8.193;-10.168;0.50;-89.93;
2026-01-22 16:23:04.56;0.00:00:00:727;-0.01;0.00;-1.00;6.689;-0.03658;0.00533;-6.593;85.85;-44.84;98.57;98.57;0.55;6.689;6.593;0.09581;8.253;8.191;-10.186;0.50;-89.95;
2026-01-22 16:23:04.61;0.00:00:00:777;-0.01;0.00;-1.00;6.694;-0.03602;0.005909;-6.598;85.34;-44.84;98.57;98.56;0.55;6.694;6.598;0.09598;8.257;8.194;-10.178;0.50;-89.95;
2026-01-22 16:23:04.65;0.00:00:00:824;-0.01;0.00;-1.00;6.696;-0.03523;0.00604;-6.599;85.14;-44.84;98.56;98.55;0.53;6.696;6.599;0.09667;8.258;8.195;-10.147;0.50;-89.95;
2026-01-22 16:23:04.70;0.00:00:00:871;-0.01;0.00;-1.00;6.703;-0.0363;0.005958;-6.606;85.34;-44.84;98.56;98.56;0.55;6.703;6.606;0.0966;8.263;8.200;-10.150;0.50;-89.95;
2026-01-22 16:23:04.75;0.00:00:00:922;-0.01;0.00;-1.00;6.706;-0.03671;0.004987;-6.61;86.13;-44.84;98.57;98.57;0.55;6.706;6.61;0.09558;8.265;8.202;-10.196;0.50;-89.96;
2026-01-22 16:23:04.80;0.00:00:00:971;-0.01;0.00;-1.00;6.715;-0.0369;0.00576;-6.618;85.56;-44.84;98.56;98.56;0.56;6.715;6.618;0.09639;8.270;8.208;-10.160;0.50;-89.95;
2026-01-22 16:23:04.85;0.00:00:01:018;-0.01;0.00;-1.00;6.719;-0.03612;0.005391;-6.622;85.75;-44.84;98.56;98.56;0.54;6.719;6.622;0.09649;8.273;8.210;-10.155;0.50;-89.95;
2026-01-22 16:23:04.90;0.00:00:01:068;-0.01;0.00;-1.00;6.729;-0.03648;0.005358;-6.632;85.82;-44.84;98.57;98.57;0.55;6.729;6.632;0.09645;8.279;8.217;-10.157;0.50;-89.95;
2026-01-22 16:23:04.94;0.00:00:01:115;-0.01;0.00;-1.00;6.734;-0.03599;0.006422;-6.638;84.94;-44.84;98.57;98.57;0.54;6.734;6.638;0.09597;8.283;8.220;-10.179;0.50;-89.94;
2026-01-22 16:23:04.99;0.00:00:01:165;-0.01;0.00;-1.00;6.732;-0.03455;0.009306;-6.635;82.46;-44.85;98.56;98.56;0.53;6.732;6.636;0.09664;8.282;8.219;-10.149;0.50;-89.92;
2026-01-22 16:23:05.04;0.00:00:01:215;-0.01;0.00;-1.00;6.712;-0.03406;0.008493;-6.616;83.00;-44.85;98.57;98.57;0.52;6.712;6.616;0.09606;8.268;8.206;-10.174;0.50;-89.93;
2026-01-22 16:23:05.09;0.00:00:01:261;-0.01;0.00;-1.00;6.707;-0.03394;0.009269;-6.61;82.36;-44.85;98.56;98.56;0.52;6.707;6.61;0.0967;8.265;8.202;-10.146;0.50;-89.92;
2026-01-22 16:23:05.14;0.00:00:01:311;-0.01;0.00;-1.00;6.697;-0.03483;0.006851;-6.601;84.44;-44.85;98.56;98.56;0.53;6.697;6.601;0.09612;8.259;8.196;-10.172;0.50;-89.94;
2026-01-22 16:23:05.19;0.00:00:01:358;-0.01;0.00;-1.00;6.696;-0.03556;0.007075;-6.6;84.37;-44.84;98.57;98.57;0.54;6.696;6.6;0.09587;8.258;8.196;-10.183;0.50;-89.94;
2026-01-22 16:23:05.24;0.00:00:01:406;-0.01;0.00;-1.00;6.698;-0.03551;0.006377;-6.603;84.91;-44.84;98.57;98.57;0.54;6.698;6.603;0.09572;8.260;8.197;-10.190;0.50;-89.94;
2026-01-22 16:23:05.29;0.00:00:01:456;-0.01;0.00;-1.00;6.699;-0.03551;0.007124;-6.603;84.33;-44.84;98.57;98.57;0.54;6.699;6.603;0.09586;8.260;8.197;-10.184;0.50;-89.94;
2026-01-22 16:23:05.33;0.00:00:01:504;-0.01;0.00;-1.00;6.696;-0.03555;0.007468;-6.601;84.07;-44.84;98.57;98.57;0.54;6.696;6.601;0.09584;8.258;8.196;-10.185;0.50;-89.94;
2026-01-22 16:23:05.38;0.00:00:01:553;-0.01;0.00;-1.00;6.695;-0.03564;0.005456;-6.599;85.65;-44.84;98.57;98.57;0.54;6.695;6.599;0.09588;8.258;8.195;-10.183;0.50;-89.95;
2026-01-22 16:23:05.43;0.00:00:01:605;-0.01;0.00;-1.00;6.7;-0.0361;0.005939;-6.604;85.33;-44.84;98.58;98.58;0.55;6.7;6.604;0.09529;8.261;8.198;-10.210;0.50;-89.95;
2026-01-22 16:23:05.48;0.00:00:01:655;-0.01;0.00;-1.00;6.699;-0.0354;0.008296;-6.603;83.40;-44.84;98.57;98.57;0.54;6.699;6.604;0.09561;8.260;8.198;-10.195;0.50;-89.93;
2026-01-22 16:23:05.53;0.00:00:01:705;-0.01;0.00;-1.00;6.699;-0.03535;0.006303;-6.603;84.95;-44.84;98.57;98.57;0.54;6.699;6.603;0.09585;8.260;8.197;-10.184;0.50;-89.95;
2026-01-22 16:23:05.58;0.00:00:01:755;-0.01;0.00;-1.00;6.706;-0.03576;0.005771;-6.61;85.42;-44.84;98.57;98.57;0.54;6.706;6.61;0.09581;8.265;8.202;-10.186;0.50;-89.95;
2026-01-22 16:23:05.64;0.00:00:01:806;-0.01;0.00;-1.00;6.707;-0.03564;0.007298;-6.611;84.21;-44.84;98.57;98.57;0.54;6.707;6.611;0.09603;8.265;8.203;-10.176;0.50;-89.94;
2026-01-22 16:23:05.69;0.00:00:01:858;-0.01;0.00;-1.00;6.706;-0.03534;0.006946;-6.611;84.44;-44.84;98.57;98.57;0.54;6.706;6.611;0.09558;8.265;8.202;-10.196;0.50;-89.94;
2026-01-22 16:23:05.74;0.00:00:01:908;-0.01;0.00;-1.00;6.707;-0.03537;0.006598;-6.61;84.72;-44.84;98.56;98.56;0.54;6.707;6.611;0.09627;8.265;8.202;-10.165;0.50;-89.94;
2026-01-22 16:23:05.79;0.00:00:01:956;-0.01;0.00;-1.00;6.708;-0.03559;0.005901;-6.613;85.29;-44.84;98.58;98.58;0.54;6.708;6.613;0.09541;8.266;8.204;-10.204;0.50;-89.95;
2026-01-22 16:23:05.83;0.00:00:02:004;-0.01;0.00;-1.00;6.711;-0.03616;0.006116;-6.615;85.20;-44.84;98.57;98.57;0.55;6.711;6.615;0.09594;8.268;8.205;-10.180;0.50;-89.95;
2026-01-22 16:23:05.88;0.00:00:02:053;-0.01;0.00;-1.00;6.711;-0.03495;0.006664;-6.615;84.60;-44.85;98.57;98.57;0.53;6.711;6.615;0.09584;8.268;8.205;-10.184;0.50;-89.94;
2026-01-22 16:23:05.94;0.00:00:02:106;-0.01;0.00;-1.00;6.712;-0.03571;0.007342;-6.616;84.19;-44.84;98.57;98.57;0.54;6.712;6.616;0.09597;8.268;8.206;-10.178;0.50;-89.94;
2026-01-22 16:23:05.98;0.00:00:02:154;-0.01;0.00;-1.00;6.711;-0.03499;0.007936;-6.615;83.61;-44.84;98.57;98.57;0.53;6.711;6.615;0.0958;8.268;8.205;-10.186;0.50;-89.93;
2026-01-22 16:23:06.03;0.00:00:02:202;-0.01;0.00;-1.00;6.709;-0.03466;0.007687;-6.612;83.75;-44.85;98.57;98.56;0.53;6.709;6.613;0.09624;8.266;8.204;-10.166;0.50;-89.93;
2026-01-22 16:23:06.08;0.00:00:02:249;-0.01;0.00;-1.00;6.707;-0.03465;0.007429;-6.61;83.95;-44.85;98.56;98.56;0.53;6.707;6.61;0.0966;8.265;8.202;-10.150;0.50;-89.94;
2026-01-22 16:23:06.14;0.00:00:02:306;-0.01;0.00;-1.00;6.706;-0.03528;0.006668;-6.61;84.65;-44.84;98.56;98.56;0.54;6.706;6.61;0.09637;8.265;8.202;-10.161;0.50;-89.94;
2026-01-22 16:23:06.18;0.00:00:02:352;-0.01;0.00;-1.00;6.711;-0.03566;0.006345;-6.614;84.96;-44.84;98.56;98.56;0.54;6.711;6.614;0.09631;8.268;8.205;-10.163;0.50;-89.95;
2026-01-22 16:23:06.23;0.00:00:02:403;-0.01;0.00;-1.00;6.712;-0.03476;0.007768;-6.616;83.70;-44.85;98.56;98.56;0.53;6.712;6.616;0.09633;8.269;8.206;-10.162;0.50;-89.93;
2026-01-22 16:23:06.29;0.00:00:02:456;-0.01;0.00;-1.00;6.7;-0.03424;0.008702;-6.603;82.87;-44.85;98.56;98.56;0.53;6.7;6.603;0.09661;8.261;8.198;-10.150;0.50;-89.92;
2026-01-22 16:23:06.33;0.00:00:02:505;-0.01;0.00;-1.00;6.695;-0.0343;0.007443;-6.599;83.88;-44.85;98.56;98.56;0.52;6.695;6.599;0.09618;8.258;8.195;-10.169;0.50;-89.94;
2026-01-22 16:23:06.39;0.00:00:02:556;-0.01;0.00;-1.00;6.696;-0.03512;0.005974;-6.6;85.17;-44.85;98.56;98.56;0.53;6.696;6.6;0.09641;8.258;8.195;-10.159;0.50;-89.95;
2026-01-22 16:23:06.45;0.00:00:02:620;-0.01;0.00;-1.00;6.706;-0.03586;0.006276;-6.609;85.04;-44.84;98.56;98.56;0.54;6.706;6.609;0.09634;8.264;8.202;-10.162;0.50;-89.95;
2026-01-22 16:23:06.51;0.00:00:02:683;-0.01;0.00;-1.00;6.706;-0.03462;0.007994;-6.608;83.50;-44.85;98.55;98.55;0.53;6.706;6.609;0.09693;8.264;8.201;-10.135;0.50;-89.93;
2026-01-22 16:23:06.57;0.00:00:02:736;-0.01;0.00;-1.00;6.704;-0.03588;0.005295;-6.608;85.80;-44.84;98.56;98.56;0.54;6.704;6.608;0.09647;8.264;8.201;-10.156;0.50;-89.95;
2026-01-22 16:23:06.62;0.00:00:02:786;-0.01;0.00;-1.00;6.718;-0.03697;0.004971;-6.622;86.17;-44.84;98.57;98.57;0.56;6.718;6.622;0.09583;8.272;8.210;-10.185;0.50;-89.96;
2026-01-22 16:23:06.67;0.00:00:02:838;-0.01;0.00;-1.00;6.721;-0.03434;0.008045;-6.625;83.41;-44.85;98.57;98.57;0.52;6.721;6.625;0.09598;8.274;8.212;-10.178;0.50;-89.93;
2026-01-22 16:23:06.72;0.00:00:02:889;-0.01;0.00;-1.00;6.721;-0.03528;0.007523;-6.625;83.98;-44.84;98.57;98.56;0.54;6.721;6.625;0.09638;8.275;8.212;-10.160;0.50;-89.93;
2026-01-22 16:23:06.77;0.00:00:02:941;-0.01;0.00;-1.00;6.718;-0.03436;0.007271;-6.621;84.03;-44.85;98.56;98.56;0.52;6.718;6.622;0.09662;8.272;8.210;-10.149;0.50;-89.94;
2026-01-22 16:23:06.82;0.00:00:02:991;-0.01;0.00;-1.00;6.72;-0.03625;0.006848;-6.624;84.65;-44.84;98.57;98.57;0.55;6.72;6.624;0.09613;8.274;8.211;-10.172;0.50;-89.94;
2026-01-22 16:23:06.87;0.00:00:03:042;-0.01;0.00;-1.00;6.72;-0.03428;0.007586;-6.623;83.76;-44.85;98.56;98.56;0.52;6.72;6.623;0.0969;8.274;8.211;-10.137;0.50;-89.93;
2026-01-22 16:23:06.92;0.00:00:03:094;-0.01;0.00;-1.00;6.715;-0.03471;0.007735;-6.618;83.72;-44.85;98.56;98.56;0.53;6.715;6.618;0.09657;8.270;8.207;-10.152;0.50;-89.93;
2026-01-22 16:23:06.98;0.00:00:03:146;-0.01;0.00;-1.00;6.713;-0.03549;0.006448;-6.616;84.85;-44.84;98.56;98.56;0.54;6.713;6.617;0.09663;8.269;8.206;-10.149;0.50;-89.94;
2026-01-22 16:23:07.03;0.00:00:03:198;-0.01;0.00;-1.00;6.712;-0.03481;0.006539;-6.617;84.68;-44.85;98.57;98.57;0.53;6.712;6.617;0.09581;8.269;8.206;-10.186;0.50;-89.94;
2026-01-22 16:23:07.08;0.00:00:03:246;-0.01;0.00;-1.00;6.714;-0.03517;0.008316;-6.618;83.35;-44.84;98.57;98.57;0.54;6.714;6.618;0.09591;8.270;8.207;-10.181;0.50;-89.93;
2026-01-22 16:23:07.13;0.00:00:03:301;-0.01;0.00;-1.00;6.71;-0.03511;0.006537;-6.614;84.73;-44.85;98.57;98.56;0.53;6.71;6.614;0.09628;8.267;8.205;-10.165;0.50;-89.94;
2026-01-22 16:23:07.18;0.00:00:03:350;-0.01;0.00;-1.00;6.71;-0.03483;0.007433;-6.614;83.98;-44.85;98.57;98.56;0.53;6.71;6.614;0.09622;8.267;8.204;-10.167;0.50;-89.94;
2026-01-22 16:23:07.23;0.00:00:03:401;-0.01;0.00;-1.00;6.699;-0.03435;0.007993;-6.602;83.45;-44.85;98.55;98.55;0.53;6.699;6.602;0.09689;8.260;8.197;-10.137;0.50;-89.93;
2026-01-22 16:23:07.28;0.00:00:03:454;-0.01;0.00;-1.00;6.697;-0.03535;0.00629;-6.601;84.95;-44.84;98.56;98.56;0.54;6.697;6.601;0.09627;8.259;8.196;-10.165;0.50;-89.95;
2026-01-22 16:23:07.33;0.00:00:03:505;-0.01;0.00;-1.00;6.699;-0.03428;0.008611;-6.602;82.95;-44.85;98.56;98.56;0.53;6.699;6.602;0.09664;8.260;8.197;-10.148;0.50;-89.93;
2026-01-22 16:23:07.38;0.00:00:03:555;-0.01;0.00;-1.00;6.696;-0.03541;0.006543;-6.6;84.77;-44.84;98.57;98.56;0.54;6.696;6.6;0.09601;8.258;8.195;-10.177;0.50;-89.94;
2026-01-22 16:23:07.44;0.00:00:03:606;-0.01;0.00;-1.00;6.7;-0.03572;0.006172;-6.604;85.10;-44.84;98.57;98.57;0.54;6.7;6.604;0.09589;8.261;8.198;-10.182;0.50;-89.95;
2026-01-22 16:23:07.50;0.00:00:03:666;-0.01;0.00;-1.00;6.704;-0.03617;0.004913;-6.608;86.13;-44.84;98.57;98.56;0.54;6.704;6.608;0.09618;8.263;8.201;-10.169;0.50;-89.96;
2026-01-22 16:23:07.55;0.00:00:03:717;-0.01;0.00;-1.00;6.707;-0.03471;0.009489;-6.61;82.35;-44.84;98.56;98.56;0.54;6.707;6.61;0.09672;8.265;8.202;-10.145;0.50;-89.92;
2026-01-22 16:23:07.60;0.00:00:03:773;-0.01;0.00;-1.00;6.692;-0.03537;0.005226;-6.595;85.80;-44.84;98.56;98.56;0.53;6.692;6.595;0.09638;8.255;8.192;-10.160;0.50;-89.95;
2026-01-22 16:23:07.65;0.00:00:03:821;-0.01;0.00;-1.00;6.697;-0.03691;0.00517;-6.6;86.01;-44.84;98.55;98.55;0.56;6.697;6.6;0.09699;8.259;8.196;-10.133;0.50;-89.96;
2026-01-22 16:23:07.70;0.00:00:03:870;-0.01;0.00;-1.00;6.708;-0.03432;0.009187;-6.612;82.51;-44.85;98.56;98.56;0.53;6.708;6.612;0.09631;8.266;8.203;-10.163;0.50;-89.92;
2026-01-22 16:23:07.75;0.00:00:03:921;-0.01;0.00;-1.00;6.703;-0.03497;0.007196;-6.606;84.19;-44.85;98.56;98.56;0.53;6.703;6.607;0.09649;8.263;8.200;-10.155;0.50;-89.94;
2026-01-22 16:23:07.80;0.00:00:03:974;-0.01;0.00;-1.00;6.7;-0.03606;0.004553;-6.603;86.40;-44.84;98.55;98.55;0.54;6.7;6.603;0.09705;8.261;8.198;-10.130;0.50;-89.96;
2026-01-22 16:23:07.87;0.00:00:04:037;-0.01;0.00;-1.00;6.709;-0.03673;0.005237;-6.612;85.94;-44.84;98.56;98.56;0.55;6.709;6.612;0.09666;8.266;8.203;-10.147;0.50;-89.95;
2026-01-22 16:23:07.92;0.00:00:04:087;-0.01;0.00;-1.00;6.721;-0.03665;0.005834;-6.625;85.48;-44.84;98.57;98.57;0.55;6.721;6.625;0.09614;8.274;8.212;-10.171;0.50;-89.95;
2026-01-22 16:23:07.97;0.00:00:04:136;-0.01;0.00;-1.00;6.728;-0.03551;0.007081;-6.631;84.36;-44.84;98.56;98.56;0.54;6.728;6.631;0.09655;8.279;8.216;-10.153;0.50;-89.94;
2026-01-22 16:23:08.02;0.00:00:04:187;-0.01;0.00;-1.00;6.727;-0.03539;0.007243;-6.631;84.22;-44.84;98.56;98.56;0.54;6.727;6.631;0.09654;8.278;8.216;-10.153;0.50;-89.94;
2026-01-22 16:23:08.07;0.00:00:04:238;-0.01;0.00;-1.00;6.732;-0.03687;0.005579;-6.635;85.70;-44.84;98.57;98.56;0.55;6.732;6.635;0.09655;8.281;8.219;-10.152;0.50;-89.95;
2026-01-22 16:23:08.12;0.00:00:04:289;-0.01;0.00;-1.00;6.735;-0.03546;0.007721;-6.639;83.86;-44.84;98.57;98.57;0.54;6.735;6.639;0.09653;8.284;8.221;-10.153;0.50;-89.93;
2026-01-22 16:23:08.17;0.00:00:04:340;-0.01;0.00;-1.00;6.73;-0.0346;0.00895;-6.633;82.75;-44.85;98.56;98.56;0.53;6.73;6.633;0.09683;8.280;8.217;-10.140;0.50;-89.92;
2026-01-22 16:23:08.22;0.00:00:04:388;-0.01;0.00;-1.00;6.728;-0.03556;0.006653;-6.631;84.70;-44.84;98.56;98.56;0.54;6.728;6.631;0.09687;8.279;8.216;-10.138;0.50;-89.94;
2026-01-22 16:23:08.26;0.00:00:04:434;-0.01;0.00;-1.00;6.729;-0.03504;0.008047;-6.632;83.53;-44.84;98.56;98.56;0.53;6.729;6.632;0.09701;8.279;8.216;-10.132;0.50;-89.93;
2026-01-22 16:23:08.32;0.00:00:04:495;0.00;0.00;-1.00;6.711;-0.03304;0.01087;-6.614;80.89;-44.85;98.56;98.55;0.52;6.711;6.614;0.09697;8.268;8.205;-10.134;0.50;-89.91;
2026-01-22 16:23:08.37;0.00:00:04:545;-0.01;0.00;-1.00;6.696;-0.03532;0.006172;-6.6;85.04;-44.84;98.56;98.56;0.54;6.696;6.6;0.0964;8.258;8.195;-10.159;0.50;-89.95;
2026-01-22 16:23:08.43;0.00:00:04:596;-0.01;0.00;-1.00;6.7;-0.03573;0.005782;-6.604;85.40;-44.84;98.56;98.56;0.54;6.7;6.604;0.09667;8.261;8.198;-10.147;0.50;-89.95;
2026-01-22 16:23:08.47;0.00:00:04:645;-0.01;0.00;-1.00;6.701;-0.03503;0.007827;-6.605;83.70;-44.84;98.57;98.57;0.54;6.701;6.605;0.0959;8.261;8.199;-10.182;0.50;-89.93;
2026-01-22 16:23:08.52;0.00:00:04:691;-0.01;0.00;-1.00;6.7;-0.03601;0.006895;-6.604;84.58;-44.84;98.57;98.57;0.55;6.7;6.604;0.09591;8.261;8.198;-10.181;0.50;-89.94;
2026-01-22 16:23:08.57;0.00:00:04:738;-0.01;0.00;-1.00;6.7;-0.03485;0.007547;-6.603;83.89;-44.85;98.56;98.55;0.53;6.7;6.603;0.09675;8.261;8.198;-10.144;0.50;-89.93;
2026-01-22 16:23:08.61;0.00:00:04:785;-0.01;0.00;-1.00;6.701;-0.03593;0.00577;-6.605;85.44;-44.84;98.57;98.57;0.54;6.701;6.605;0.09578;8.262;8.199;-10.187;0.50;-89.95;
2026-01-22 16:23:08.68;0.00:00:04:849;-0.01;0.00;-1.00;6.704;-0.03612;0.006142;-6.609;85.18;-44.84;98.58;98.57;0.55;6.704;6.609;0.09545;8.264;8.201;-10.202;0.50;-89.95;
2026-01-22 16:23:08.72;0.00:00:04:894;-0.01;0.00;-1.00;6.709;-0.03619;0.005918;-6.613;85.36;-44.84;98.57;98.57;0.55;6.709;6.613;0.09597;8.266;8.204;-10.179;0.50;-89.95;
2026-01-22 16:23:08.77;0.00:00:04:942;-0.01;0.00;-1.00;6.712;-0.03468;0.007401;-6.615;83.98;-44.85;98.57;98.57;0.53;6.712;6.615;0.09613;8.268;8.206;-10.171;0.50;-89.94;
2026-01-22 16:23:08.82;0.00:00:04:987;-0.01;0.00;-1.00;6.707;-0.03452;0.008703;-6.611;82.92;-44.85;98.56;98.56;0.53;6.707;6.611;0.09654;8.265;8.202;-10.153;0.50;-89.92;
2026-01-22 16:23:08.86;0.00:00:05:033;-0.01;0.00;-1.00;6.707;-0.03644;0.004444;-6.612;86.52;-44.84;98.57;98.57;0.55;6.707;6.612;0.09561;8.265;8.203;-10.195;0.50;-89.96;
2026-01-22 16:23:08.91;0.00:00:05:080;-0.01;0.00;-1.00;6.716;-0.03696;0.00564;-6.62;85.66;-44.84;98.58;98.58;0.56;6.716;6.62;0.09547;8.271;8.209;-10.201;0.50;-89.95;
2026-01-22 16:23:08.96;0.00:00:05:126;-0.01;0.00;-1.00;6.718;-0.03508;0.006255;-6.621;84.94;-44.85;98.56;98.55;0.53;6.718;6.621;0.09706;8.272;8.209;-10.130;0.50;-89.95;
2026-01-22 16:23:09.00;0.00:00:05:173;-0.01;0.00;-1.00;6.716;-0.03522;0.007466;-6.62;84.02;-44.84;98.56;98.56;0.54;6.716;6.62;0.09654;8.271;8.208;-10.153;0.50;-89.94;
2026-01-22 16:23:09.05;0.00:00:05:220;-0.01;0.00;-1.00;6.715;-0.0355;0.007115;-6.619;84.33;-44.84;98.57;98.57;0.54;6.715;6.619;0.0958;8.270;8.208;-10.186;0.50;-89.94;
2026-01-22 16:23:09.10;0.00:00:05:266;-0.01;0.00;-1.00;6.723;-0.03649;0.005341;-6.627;85.84;-44.84;98.57;98.57;0.55;6.723;6.627;0.09591;8.276;8.213;-10.181;0.50;-89.95;
2026-01-22 16:23:09.14;0.00:00:05:314;-0.01;0.00;-1.00;6.73;-0.03632;0.005736;-6.634;85.51;-44.84;98.57;98.57;0.55;6.73;6.634;0.09613;8.280;8.218;-10.172;0.50;-89.95;
2026-01-22 16:23:09.19;0.00:00:05:361;-0.01;0.00;-1.00;6.727;-0.03441;0.008485;-6.63;83.07;-44.85;98.57;98.56;0.53;6.727;6.63;0.09649;8.278;8.215;-10.155;0.50;-89.93;
2026-01-22 16:23:09.24;0.00:00:05:407;-0.01;0.00;-1.00;6.723;-0.03493;0.007377;-6.626;84.04;-44.85;98.56;98.56;0.53;6.723;6.626;0.0966;8.276;8.213;-10.150;0.50;-89.94;
2026-01-22 16:23:09.28;0.00:00:05:454;-0.01;0.00;-1.00;6.722;-0.03542;0.006089;-6.625;85.12;-44.84;98.57;98.57;0.53;6.722;6.625;0.09626;8.275;8.212;-10.166;0.50;-89.95;
2026-01-22 16:23:09.33;0.00:00:05:503;-0.01;0.00;-1.00;6.724;-0.03489;0.007367;-6.627;84.04;-44.85;98.56;98.56;0.53;6.724;6.627;0.09663;8.276;8.213;-10.149;0.50;-89.94;
2026-01-22 16:23:09.38;0.00:00:05:548;-0.01;0.00;-1.00;6.725;-0.0361;0.005534;-6.629;85.64;-44.84;98.57;98.57;0.54;6.725;6.629;0.09614;8.277;8.214;-10.171;0.50;-89.95;
2026-01-22 16:23:09.42;0.00:00:05:594;-0.01;0.00;-1.00;6.727;-0.03487;0.006463;-6.63;84.75;-44.85;98.56;98.56;0.53;6.727;6.63;0.09668;8.278;8.215;-10.147;0.50;-89.94;
2026-01-22 16:23:09.47;0.00:00:05:641;-0.01;0.00;-1.00;6.727;-0.03469;0.008736;-6.63;82.93;-44.85;98.56;98.56;0.53;6.727;6.63;0.09706;8.278;8.215;-10.129;0.50;-89.92;
2026-01-22 16:23:09.52;0.00:00:05:688;-0.01;0.00;-1.00;6.72;-0.03422;0.007898;-6.623;83.50;-44.85;98.56;98.56;0.52;6.72;6.623;0.0969;8.273;8.210;-10.137;0.50;-89.93;
2026-01-22 16:23:09.56;0.00:00:05:733;-0.01;0.00;-1.00;6.728;-0.03692;0.005165;-6.631;86.02;-44.84;98.56;98.56;0.55;6.728;6.632;0.09665;8.279;8.216;-10.148;0.50;-89.96;
2026-01-22 16:23:09.61;0.00:00:05:781;-0.01;0.00;-1.00;6.731;-0.03555;0.00668;-6.634;84.68;-44.84;98.56;98.56;0.54;6.731;6.634;0.0968;8.281;8.218;-10.141;0.50;-89.94;
2026-01-22 16:23:09.66;0.00:00:05:827;-0.01;0.00;-1.00;6.731;-0.03527;0.007478;-6.634;84.02;-44.84;98.57;98.57;0.54;6.731;6.635;0.0964;8.281;8.218;-10.159;0.50;-89.94;
2026-01-22 16:23:09.70;0.00:00:05:874;-0.01;0.00;-1.00;6.73;-0.03542;0.007988;-6.634;83.65;-44.84;98.57;98.57;0.54;6.73;6.634;0.09598;8.280;8.218;-10.178;0.50;-89.93;
2026-01-22 16:23:09.75;0.00:00:05:919;-0.01;0.00;-1.00;6.727;-0.03547;0.007574;-6.631;83.97;-44.84;98.57;98.57;0.54;6.727;6.631;0.09604;8.278;8.216;-10.175;0.50;-89.93;
2026-01-22 16:23:09.80;0.00:00:05:967;-0.01;0.00;-1.00;6.728;-0.03459;0.008359;-6.631;83.21;-44.85;98.56;98.56;0.53;6.728;6.632;0.09662;8.279;8.216;-10.150;0.50;-89.93;
2026-01-22 16:23:09.84;0.00:00:06:013;-0.01;0.00;-1.00;6.724;-0.03435;0.008934;-6.627;82.71;-44.85;98.56;98.56;0.53;6.724;6.627;0.09684;8.276;8.213;-10.140;0.50;-89.92;
2026-01-22 16:23:09.89;0.00:00:06:059;-0.01;0.00;-1.00;6.719;-0.03463;0.007672;-6.622;83.75;-44.85;98.56;98.56;0.53;6.719;6.622;0.09656;8.273;8.210;-10.152;0.50;-89.93;
2026-01-22 16:23:09.94;0.00:00:06:106;-0.01;0.00;-1.00;6.717;-0.03458;0.00798;-6.619;83.50;-44.85;98.55;98.55;0.53;6.717;6.619;0.09731;8.272;8.208;-10.118;0.50;-89.93;
2026-01-22 16:23:09.98;0.00:00:06:153;-0.01;0.00;-1.00;6.716;-0.03626;0.005941;-6.619;85.35;-44.84;98.56;98.56;0.55;6.716;6.619;0.09664;8.271;8.208;-10.148;0.50;-89.95;
2026-01-22 16:23:10.04;0.00:00:06:215;-0.01;0.00;-1.00;6.72;-0.03513;0.006867;-6.623;84.47;-44.85;98.57;98.56;0.53;6.72;6.623;0.09634;8.273;8.211;-10.162;0.50;-89.94;
2026-01-22 16:23:10.09;0.00:00:06:262;-0.01;0.00;-1.00;6.721;-0.03494;0.006445;-6.624;84.77;-44.85;98.56;98.56;0.53;6.721;6.624;0.09658;8.274;8.211;-10.151;0.50;-89.94;
2026-01-22 16:23:10.14;0.00:00:06:308;-0.01;0.00;-1.00;6.716;-0.0353;0.008192;-6.62;83.47;-44.84;98.56;98.56;0.54;6.716;6.62;0.09657;8.271;8.208;-10.151;0.50;-89.93;
2026-01-22 16:23:10.19;0.00:00:06:356;-0.01;0.00;-1.00;6.714;-0.03462;0.007182;-6.617;84.14;-44.85;98.56;98.56;0.53;6.714;6.617;0.09678;8.270;8.207;-10.142;0.50;-89.94;
2026-01-22 16:23:10.23;0.00:00:06:403;-0.01;0.00;-1.00;6.707;-0.03452;0.006814;-6.609;84.42;-44.85;98.55;98.55;0.52;6.707;6.609;0.09712;8.265;8.202;-10.127;0.50;-89.94;
2026-01-22 16:23:10.28;0.00:00:06:451;-0.01;0.00;-1.00;6.705;-0.03518;0.005861;-6.609;85.27;-44.85;98.56;98.56;0.53;6.705;6.609;0.09625;8.264;8.202;-10.166;0.50;-89.95;
2026-01-22 16:23:10.33;0.00:00:06:498;-0.01;0.00;-1.00;6.708;-0.0354;0.006434;-6.611;84.85;-44.84;98.56;98.56;0.54;6.708;6.611;0.09681;8.266;8.203;-10.141;0.50;-89.94;
2026-01-22 16:23:10.37;0.00:00:06:545;-0.01;0.00;-1.00;6.701;-0.03567;0.007038;-6.605;84.42;-44.84;98.57;98.57;0.54;6.701;6.605;0.09587;8.261;8.199;-10.183;0.50;-89.94;
2026-01-22 16:23:10.42;0.00:00:06:590;-0.01;0.00;-1.00;6.701;-0.03445;0.007657;-6.604;83.74;-44.85;98.55;98.55;0.53;6.701;6.604;0.0969;8.261;8.198;-10.137;0.50;-89.93;
2026-01-22 16:23:10.47;0.00:00:06:636;-0.01;0.00;-1.00;6.7;-0.03446;0.007296;-6.603;84.02;-44.85;98.56;98.56;0.53;6.7;6.603;0.0965;8.261;8.198;-10.155;0.50;-89.94;
2026-01-22 16:23:10.51;0.00:00:06:684;-0.01;0.00;-1.00;6.701;-0.03589;0.006192;-6.604;85.11;-44.84;98.56;98.55;0.54;6.701;6.604;0.09682;8.261;8.198;-10.140;0.50;-89.95;
2026-01-22 16:23:10.56;0.00:00:06:730;-0.01;0.00;-1.00;6.705;-0.036;0.005574;-6.608;85.60;-44.84;98.57;98.57;0.54;6.705;6.609;0.09602;8.264;8.201;-10.176;0.50;-89.95;
2026-01-22 16:23:10.61;0.00:00:06:777;-0.01;0.00;-1.00;6.706;-0.03538;0.006823;-6.61;84.54;-44.84;98.57;98.56;0.54;6.706;6.61;0.09614;8.265;8.202;-10.171;0.50;-89.94;
2026-01-22 16:23:10.65;0.00:00:06:823;-0.01;0.00;-1.00;6.705;-0.03503;0.007519;-6.608;83.94;-44.84;98.56;98.56;0.53;6.705;6.609;0.09629;8.264;8.201;-10.164;0.50;-89.93;
2026-01-22 16:23:10.70;0.00:00:06:869;-0.01;0.00;-1.00;6.7;-0.0338;0.009694;-6.603;82.00;-44.85;98.55;98.55;0.52;6.7;6.603;0.09713;8.261;8.197;-10.126;0.50;-89.92;
2026-01-22 16:23:10.75;0.00:00:06:916;-0.01;0.00;-1.00;6.698;-0.037;0.003905;-6.601;86.99;-44.84;98.56;98.55;0.56;6.698;6.601;0.09672;8.259;8.196;-10.145;0.50;-89.97;
2026-01-22 16:23:10.79;0.00:00:06:963;-0.01;0.00;-1.00;6.703;-0.03612;0.006156;-6.607;85.16;-44.84;98.57;98.56;0.55;6.703;6.607;0.09617;8.263;8.200;-10.170;0.50;-89.95;
2026-01-22 16:23:10.84;0.00:00:07:012;-0.01;0.00;-1.00;6.706;-0.03606;0.005829;-6.609;85.41;-44.84;98.56;98.56;0.54;6.706;6.61;0.09638;8.265;8.202;-10.160;0.50;-89.95;
2026-01-22 16:23:10.89;0.00:00:07:059;-0.01;0.00;-1.00;6.701;-0.03496;0.005658;-6.604;85.40;-44.85;98.55;98.55;0.53;6.701;6.604;0.09713;8.261;8.198;-10.126;0.50;-89.95;
2026-01-22 16:23:10.94;0.00:00:07:107;-0.01;0.00;-1.00;6.701;-0.03403;0.007354;-6.604;83.90;-44.85;98.56;98.56;0.52;6.701;6.604;0.09661;8.261;8.198;-10.150;0.50;-89.94;
2026-01-22 16:23:10.98;0.00:00:07:153;-0.01;0.00;-1.00;6.698;-0.03451;0.007982;-6.601;83.49;-44.85;98.56;98.56;0.53;6.698;6.601;0.09633;8.259;8.196;-10.162;0.50;-89.93;
2026-01-22 16:23:11.03;0.00:00:07:199;-0.01;0.00;-1.00;6.693;-0.0343;0.008803;-6.597;82.80;-44.85;98.57;98.56;0.53;6.693;6.597;0.09602;8.256;8.193;-10.176;0.50;-89.92;
2026-01-22 16:23:11.07;0.00:00:07:245;-0.01;0.00;-1.00;6.689;-0.03478;0.007299;-6.593;84.07;-44.85;98.57;98.57;0.53;6.689;6.593;0.09557;8.253;8.191;-10.197;0.50;-89.94;
2026-01-22 16:23:11.12;0.00:00:07:292;-0.01;0.00;-1.00;6.696;-0.03658;0.005497;-6.6;85.73;-44.84;98.57;98.57;0.55;6.696;6.6;0.0958;8.258;8.195;-10.186;0.50;-89.95;
2026-01-22 16:23:11.17;0.00:00:07:339;-0.01;0.00;-1.00;6.701;-0.03609;0.004997;-6.605;86.06;-44.84;98.56;98.56;0.54;6.701;6.605;0.09628;8.262;8.199;-10.165;0.50;-89.96;
2026-01-22 16:23:11.22;0.00:00:07:386;-0.01;0.00;-1.00;6.704;-0.03465;0.00873;-6.607;82.93;-44.85;98.56;98.56;0.53;6.704;6.607;0.09677;8.263;8.200;-10.143;0.50;-89.92;
2026-01-22 16:23:11.26;0.00:00:07:431;-0.01;0.00;-1.00;6.702;-0.03532;0.006442;-6.606;84.83;-44.84;98.57;98.57;0.54;6.702;6.606;0.09599;8.262;8.200;-10.178;0.50;-89.94;
2026-01-22 16:23:11.31;0.00:00:07:478;-0.01;0.00;-1.00;6.702;-0.03472;0.007164;-6.606;84.17;-44.85;98.57;98.57;0.53;6.702;6.606;0.09579;8.262;8.199;-10.187;0.50;-89.94;
2026-01-22 16:23:11.35;0.00:00:07:524;-0.01;0.00;-1.00;6.707;-0.03614;0.006099;-6.611;85.21;-44.84;98.58;98.57;0.55;6.707;6.612;0.09552;8.265;8.203;-10.199;0.50;-89.95;
2026-01-22 16:23:11.40;0.00:00:07:572;-0.01;0.00;-1.00;6.707;-0.03473;0.007398;-6.61;83.99;-44.85;98.57;98.56;0.53;6.707;6.611;0.09617;8.265;8.202;-10.170;0.50;-89.94;
2026-01-22 16:23:11.45;0.00:00:07:618;-0.01;0.00;-1.00;6.701;-0.03394;0.009247;-6.604;82.38;-44.85;98.56;98.55;0.52;6.701;6.604;0.09683;8.262;8.198;-10.140;0.50;-89.92;
2026-01-22 16:23:11.50;0.00:00:07:666;-0.01;0.00;-1.00;6.697;-0.03507;0.00653;-6.602;84.73;-44.85;98.58;98.57;0.53;6.697;6.602;0.09542;8.259;8.197;-10.204;0.50;-89.94;
2026-01-22 16:23:11.54;0.00:00:07:711;-0.01;0.00;-1.00;6.699;-0.03541;0.005363;-6.603;85.69;-44.84;98.57;98.57;0.53;6.699;6.603;0.09565;8.260;8.198;-10.193;0.50;-89.95;
2026-01-22 16:23:11.59;0.00:00:07:757;-0.01;0.00;-1.00;6.704;-0.03595;0.006858;-6.608;84.60;-44.84;98.57;98.57;0.55;6.704;6.608;0.09601;8.264;8.201;-10.177;0.50;-89.94;
2026-01-22 16:23:11.63;0.00:00:07:805;-0.01;0.00;-1.00;6.705;-0.03546;0.006244;-6.609;85.01;-44.84;98.56;98.56;0.54;6.705;6.609;0.09637;8.264;8.201;-10.161;0.50;-89.95;
2026-01-22 16:23:11.68;0.00:00:07:851;-0.01;0.00;-1.00;6.704;-0.03479;0.007917;-6.608;83.59;-44.85;98.57;98.56;0.53;6.704;6.608;0.09616;8.263;8.201;-10.170;0.50;-89.93;
2026-01-22 16:23:11.73;0.00:00:07:898;-0.01;0.00;-1.00;6.702;-0.03515;0.006556;-6.606;84.72;-44.84;98.57;98.57;0.53;6.702;6.606;0.09594;8.262;8.199;-10.180;0.50;-89.94;
2026-01-22 16:23:11.77;0.00:00:07:945;-0.01;0.00;-1.00;6.702;-0.03571;0.006912;-6.607;84.52;-44.84;98.58;98.58;0.54;6.702;6.607;0.09537;8.262;8.200;-10.206;0.50;-89.94;
2026-01-22 16:23:11.82;0.00:00:07:992;-0.01;0.00;-1.00;6.699;-0.03416;0.008049;-6.603;83.37;-44.85;98.57;98.57;0.52;6.699;6.604;0.09579;8.260;8.198;-10.187;0.50;-89.93;
2026-01-22 16:23:11.87;0.00:00:08:038;-0.01;0.00;-1.00;6.695;-0.03454;0.008712;-6.599;82.92;-44.85;98.57;98.57;0.53;6.695;6.599;0.09574;8.257;8.195;-10.189;0.50;-89.92;
2026-01-22 16:23:11.91;0.00:00:08:084;-0.01;0.00;-1.00;6.688;-0.03339;0.009923;-6.592;81.72;-44.85;98.56;98.56;0.52;6.688;6.592;0.0961;8.253;8.190;-10.173;0.50;-89.91;
2026-01-22 16:23:11.96;0.00:00:08:133;-0.01;0.00;-1.00;6.684;-0.03508;0.006612;-6.588;84.66;-44.84;98.57;98.57;0.53;6.684;6.589;0.09543;8.250;8.188;-10.203;0.50;-89.94;
2026-01-22 16:23:12.01;0.00:00:08:180;-0.01;0.00;-1.00;6.687;-0.03635;0.004719;-6.592;86.30;-44.84;98.58;98.58;0.55;6.687;6.592;0.09513;8.252;8.190;-10.217;0.50;-89.96;
2026-01-22 16:23:12.06;0.00:00:08:227;-0.01;0.00;-1.00;6.692;-0.03662;0.005925;-6.596;85.40;-44.84;98.57;98.57;0.55;6.692;6.596;0.09562;8.255;8.193;-10.195;0.50;-89.95;
2026-01-22 16:23:12.10;0.00:00:08:273;-0.01;0.00;-1.00;6.697;-0.03417;0.007982;-6.601;83.43;-44.85;98.56;98.56;0.52;6.697;6.601;0.09614;8.259;8.196;-10.171;0.50;-89.93;
2026-01-22 16:23:12.15;0.00:00:08:321;-0.01;0.00;-1.00;6.694;-0.03524;0.006311;-6.599;84.92;-44.84;98.58;98.58;0.53;6.694;6.599;0.09518;8.257;8.195;-10.214;0.50;-89.95;
2026-01-22 16:23:12.20;0.00:00:08:368;-0.01;0.00;-1.00;6.707;-0.03563;0.00636;-6.612;84.94;-44.84;98.57;98.57;0.54;6.707;6.612;0.09564;8.265;8.203;-10.193;0.50;-89.94;
2026-01-22 16:23:12.24;0.00:00:08:415;-0.01;0.00;-1.00;6.705;-0.03377;0.007935;-6.609;83.39;-44.85;98.56;98.56;0.52;6.705;6.609;0.09661;8.264;8.201;-10.150;0.50;-89.93;
2026-01-22 16:23:12.29;0.00:00:08:461;-0.01;0.00;-1.00;6.703;-0.03566;0.006621;-6.607;84.74;-44.84;98.57;98.57;0.54;6.703;6.607;0.09596;8.263;8.200;-10.179;0.50;-89.94;
2026-01-22 16:23:12.34;0.00:00:08:508;-0.01;0.00;-1.00;6.7;-0.03403;0.006644;-6.603;84.48;-44.85;98.56;98.56;0.52;6.7;6.603;0.09619;8.260;8.198;-10.169;0.50;-89.94;
2026-01-22 16:23:12.38;0.00:00:08:554;-0.01;0.00;-1.00;6.698;-0.03488;0.00665;-6.601;84.60;-44.85;98.56;98.55;0.53;6.698;6.601;0.0967;8.259;8.196;-10.146;0.50;-89.94;
2026-01-22 16:23:12.43;0.00:00:08:602;-0.01;0.00;-1.00;6.698;-0.03496;0.007026;-6.602;84.32;-44.85;98.56;98.56;0.53;6.698;6.602;0.09623;8.260;8.197;-10.167;0.50;-89.94;
2026-01-22 16:23:12.48;0.00:00:08:655;-0.01;0.00;-1.00;6.696;-0.03446;0.008516;-6.599;83.06;-44.85;98.57;98.56;0.53;6.696;6.6;0.09602;8.258;8.195;-10.176;0.50;-89.93;
2026-01-22 16:23:12.54;0.00:00:08:707;-0.01;0.00;-1.00;6.694;-0.03647;0.005071;-6.598;86.04;-44.84;98.57;98.57;0.55;6.694;6.598;0.09551;8.257;8.194;-10.200;0.50;-89.96;
2026-01-22 16:23:12.59;0.00:00:08:757;-0.01;0.00;-1.00;6.698;-0.03581;0.007276;-6.602;84.26;-44.84;98.57;98.57;0.55;6.698;6.602;0.09585;8.260;8.197;-10.184;0.50;-89.94;
2026-01-22 16:23:12.64;0.00:00:08:807;-0.01;0.00;-1.00;6.697;-0.03505;0.007255;-6.601;84.15;-44.84;98.57;98.57;0.53;6.697;6.601;0.09575;8.258;8.196;-10.189;0.50;-89.94;
2026-01-22 16:23:12.69;0.00:00:08:859;-0.01;0.00;-1.00;6.697;-0.0352;0.00694;-6.601;84.42;-44.84;98.57;98.56;0.54;6.697;6.601;0.096;8.259;8.196;-10.177;0.50;-89.94;
2026-01-22 16:23:12.74;0.00:00:08:909;-0.01;0.00;-1.00;6.705;-0.03556;0.005365;-6.609;85.71;-44.84;98.57;98.57;0.54;6.705;6.609;0.09588;8.264;8.201;-10.183;0.50;-89.95;
2026-01-22 16:23:12.79;0.00:00:08:960;-0.01;0.00;-1.00;6.709;-0.03536;0.006188;-6.613;85.04;-44.84;98.58;98.58;0.54;6.709;6.614;0.0955;8.267;8.204;-10.200;0.50;-89.95;
2026-01-22 16:23:12.84;0.00:00:09:013;-0.01;0.00;-1.00;6.713;-0.03625;0.005136;-6.617;85.97;-44.84;98.57;98.57;0.55;6.713;6.617;0.09607;8.269;8.207;-10.174;0.50;-89.96;
2026-01-22 16:23:12.89;0.00:00:09:063;-0.01;0.00;-1.00;6.714;-0.03402;0.006998;-6.618;84.19;-44.85;98.56;98.56;0.52;6.714;6.618;0.09655;8.270;8.207;-10.152;0.50;-89.94;
2026-01-22 16:23:12.95;0.00:00:09:116;-0.01;0.00;-1.00;6.711;-0.03513;0.006987;-6.615;84.38;-44.84;98.57;98.57;0.53;6.711;6.615;0.09616;8.268;8.205;-10.170;0.50;-89.94;
2026-01-22 16:23:12.99;0.00:00:09:165;-0.01;0.00;-1.00;6.711;-0.03462;0.006786;-6.614;84.45;-44.85;98.56;98.56;0.53;6.711;6.614;0.09669;8.268;8.205;-10.146;0.50;-89.94;
2026-01-22 16:23:13.05;0.00:00:09:217;-0.01;0.00;-1.00;6.711;-0.03519;0.006835;-6.615;84.50;-44.84;98.56;98.56;0.53;6.711;6.615;0.09639;8.268;8.205;-10.159;0.50;-89.94;
2026-01-22 16:23:13.10;0.00:00:09:269;-0.01;0.00;-1.00;6.711;-0.03505;0.007493;-6.615;83.97;-44.84;98.56;98.56;0.53;6.711;6.615;0.09632;8.268;8.205;-10.163;0.50;-89.94;
2026-01-22 16:23:13.15;0.00:00:09:320;-0.01;0.00;-1.00;6.707;-0.03416;0.007025;-6.609;84.19;-44.85;98.55;98.55;0.52;6.707;6.609;0.09734;8.265;8.202;-10.117;0.50;-89.94;
2026-01-22 16:23:13.20;0.00:00:09:369;-0.01;0.00;-1.00;6.704;-0.03419;0.007732;-6.607;83.63;-44.85;98.57;98.56;0.52;6.704;6.607;0.09619;8.263;8.200;-10.169;0.50;-89.93;
2026-01-22 16:23:13.25;0.00:00:09:420;-0.01;0.00;-1.00;6.697;-0.03488;0.008442;-6.6;83.20;-44.84;98.56;98.56;0.54;6.697;6.6;0.0964;8.259;8.196;-10.159;0.50;-89.93;
2026-01-22 16:23:13.30;0.00:00:09:471;-0.01;0.00;-1.00;6.693;-0.03462;0.006367;-6.596;84.79;-44.85;98.55;98.55;0.53;6.693;6.596;0.09715;8.256;8.193;-10.126;0.50;-89.94;
2026-01-22 16:23:13.35;0.00:00:09:523;-0.01;0.00;-1.00;6.707;-0.03678;0.003739;-6.61;87.10;-44.84;98.56;98.56;0.55;6.707;6.61;0.09651;8.265;8.202;-10.154;0.50;-89.97;
2026-01-22 16:23:13.40;0.00:00:09:572;-0.01;0.00;-1.00;6.712;-0.03577;0.007221;-6.615;84.29;-44.84;98.56;98.56;0.54;6.712;6.615;0.09652;8.268;8.206;-10.154;0.50;-89.94;
2026-01-22 16:23:13.45;0.00:00:09:623;-0.01;0.00;-1.00;6.712;-0.03457;0.008013;-6.615;83.47;-44.85;98.56;98.56;0.53;6.712;6.615;0.09656;8.268;8.205;-10.152;0.50;-89.93;
2026-01-22 16:23:13.50;0.00:00:09:669;-0.01;0.00;-1.00;6.705;-0.03349;0.009656;-6.608;81.96;-44.85;98.56;98.56;0.52;6.705;6.608;0.09637;8.264;8.201;-10.160;0.50;-89.92;
2026-01-22 16:23:13.55;0.00:00:09:725;-0.01;0.00;-1.00;6.695;-0.03458;0.006716;-6.599;84.50;-44.85;98.56;98.56;0.53;6.695;6.599;0.09647;8.258;8.195;-10.156;0.50;-89.94;
2026-01-22 16:23:13.60;0.00:00:09:775;-0.01;0.00;-1.00;6.696;-0.0358;0.005618;-6.599;85.54;-44.84;98.56;98.55;0.54;6.696;6.599;0.09668;8.258;8.195;-10.147;0.50;-89.95;
2026-01-22 16:23:13.66;0.00:00:09:827;-0.01;0.00;-1.00;6.703;-0.03556;0.006816;-6.606;84.58;-44.84;98.55;98.55;0.54;6.703;6.606;0.09692;8.263;8.199;-10.136;0.50;-89.94;
2026-01-22 16:23:13.71;0.00:00:09:878;-0.01;0.00;-1.00;6.701;-0.03403;0.008102;-6.603;83.30;-44.85;98.55;98.55;0.52;6.701;6.604;0.09699;8.261;8.198;-10.133;0.50;-89.93;
2026-01-22 16:23:13.76;0.00:00:09:930;-0.01;0.00;-1.00;6.697;-0.0365;0.00502;-6.6;86.08;-44.84;98.56;98.56;0.55;6.697;6.6;0.09627;8.259;8.196;-10.165;0.50;-89.96;
2026-01-22 16:23:13.81;0.00:00:09:979;-0.01;0.00;-1.00;6.697;-0.03369;0.008359;-6.6;83.03;-44.85;98.55;98.55;0.52;6.697;6.6;0.09702;8.259;8.196;-10.131;0.50;-89.93;
2026-01-22 16:23:13.86;0.00:00:10:031;-0.01;0.00;-1.00;6.703;-0.03594;0.004947;-6.606;86.08;-44.84;98.56;98.56;0.54;6.703;6.606;0.09637;8.262;8.200;-10.161;0.50;-89.96;
2026-01-22 16:23:13.91;0.00:00:10:082;-0.01;0.00;-1.00;6.704;-0.03438;0.007034;-6.607;84.22;-44.85;98.56;98.56;0.52;6.704;6.607;0.0966;8.263;8.200;-10.150;0.50;-89.94;
2026-01-22 16:23:13.96;0.00:00:10:132;-0.01;0.00;-1.00;6.701;-0.03502;0.005;-6.604;85.94;-44.85;98.56;98.56;0.53;6.701;6.604;0.09645;8.261;8.198;-10.157;0.50;-89.96;
2026-01-22 16:23:14.01;0.00:00:10:183;-0.01;0.00;-1.00;6.704;-0.03614;0.004382;-6.608;86.54;-44.84;98.56;98.56;0.54;6.704;6.608;0.09639;8.263;8.200;-10.160;0.50;-89.96;
2026-01-22 16:23:14.06;0.00:00:10:234;-0.01;0.00;-1.00;6.717;-0.03512;0.006685;-6.62;84.61;-44.85;98.56;98.55;0.53;6.717;6.62;0.09705;8.272;8.209;-10.130;0.50;-89.94;
2026-01-22 16:23:14.12;0.00:00:10:295;-0.01;0.00;-1.00;6.713;-0.03537;0.006625;-6.616;84.70;-44.84;98.56;98.56;0.54;6.713;6.617;0.09645;8.269;8.206;-10.157;0.50;-89.94;
2026-01-22 16:23:14.18;0.00:00:10:346;-0.01;0.00;-1.00;6.713;-0.03502;0.007728;-6.616;83.78;-44.84;98.56;98.56;0.53;6.713;6.616;0.09639;8.269;8.206;-10.160;0.50;-89.93;
2026-01-22 16:23:14.23;0.00:00:10:397;-0.01;0.00;-1.00;6.712;-0.03439;0.008103;-6.615;83.37;-44.85;98.56;98.56;0.53;6.712;6.615;0.09687;8.269;8.205;-10.138;0.50;-89.93;
2026-01-22 16:23:14.28;0.00:00:10:448;-0.01;0.00;-1.00;6.709;-0.0344;0.007643;-6.612;83.74;-44.85;98.56;98.55;0.53;6.709;6.612;0.09689;8.266;8.203;-10.137;0.50;-89.93;
2026-01-22 16:23:14.33;0.00:00:10:499;-0.01;0.00;-1.00;6.7;-0.03503;0.00764;-6.604;83.85;-44.84;98.56;98.56;0.54;6.7;6.604;0.09638;8.261;8.198;-10.160;0.50;-89.93;
2026-01-22 16:23:14.38;0.00:00:10:550;-0.01;0.00;-1.00;6.697;-0.035;0.007709;-6.6;83.79;-44.84;98.55;98.55;0.54;6.697;6.6;0.09682;8.259;8.196;-10.140;0.50;-89.93;
2026-01-22 16:23:14.43;0.00:00:10:605;-0.01;0.00;-1.00;6.703;-0.03635;0.004359;-6.606;86.58;-44.84;98.56;98.55;0.55;6.703;6.606;0.09685;8.262;8.199;-10.139;0.50;-89.96;
2026-01-22 16:23:14.48;0.00:00:10:654;-0.01;0.00;-1.00;6.71;-0.03756;0.004139;-6.614;86.86;-44.84;98.57;98.57;0.56;6.71;6.614;0.09581;8.267;8.205;-10.186;0.50;-89.96;
2026-01-22 16:23:14.54;0.00:00:10:706;-0.01;0.00;-1.00;6.711;-0.03504;0.006694;-6.614;84.59;-44.85;98.56;98.55;0.53;6.711;6.614;0.09693;8.268;8.204;-10.136;0.50;-89.94;
2026-01-22 16:23:14.59;0.00:00:10:757;-0.01;0.00;-1.00;6.71;-0.03475;0.008271;-6.613;83.31;-44.85;98.55;98.55;0.53;6.71;6.613;0.09704;8.267;8.204;-10.131;0.50;-89.93;
2026-01-22 16:23:14.64;0.00:00:10:808;-0.01;0.00;-1.00;6.703;-0.0342;0.007765;-6.607;83.60;-44.85;98.56;98.56;0.52;6.703;6.607;0.09623;8.263;8.200;-10.167;0.50;-89.93;
2026-01-22 16:23:14.69;0.00:00:10:859;-0.01;0.00;-1.00;6.699;-0.03479;0.007273;-6.603;84.10;-44.85;98.58;98.57;0.53;6.699;6.603;0.09545;8.260;8.198;-10.202;0.50;-89.94;
2026-01-22 16:23:14.74;0.00:00:10:911;-0.01;0.00;-1.00;6.69;-0.03499;0.006267;-6.593;84.92;-44.85;98.56;98.56;0.53;6.69;6.593;0.09608;8.254;8.191;-10.174;0.50;-89.95;
2026-01-22 16:23:14.79;0.00:00:10:963;-0.01;0.00;-1.00;6.69;-0.03563;0.005292;-6.594;85.78;-44.84;98.56;98.56;0.54;6.69;6.594;0.09608;8.254;8.192;-10.173;0.50;-89.95;
2026-01-22 16:23:14.84;0.00:00:11:013;-0.01;0.00;-1.00;6.711;-0.0361;0.005787;-6.615;85.45;-44.84;98.57;98.57;0.54;6.711;6.615;0.09584;8.268;8.205;-10.184;0.50;-89.95;
2026-01-22 16:23:14.89;0.00:00:11:063;-0.01;0.00;-1.00;6.711;-0.03557;0.007768;-6.615;83.84;-44.84;98.57;98.57;0.54;6.711;6.615;0.09605;8.268;8.205;-10.175;0.50;-89.93;
2026-01-22 16:23:14.95;0.00:00:11:117;-0.01;0.00;-1.00;6.699;-0.03307;0.008854;-6.602;82.50;-44.85;98.56;98.56;0.51;6.699;6.602;0.09643;8.260;8.197;-10.158;0.50;-89.92;
2026-01-22 16:23:15.00;0.00:00:11:166;-0.01;0.00;-1.00;6.707;-0.03629;0.005385;-6.611;85.78;-44.84;98.56;98.56;0.55;6.707;6.611;0.09639;8.266;8.203;-10.160;0.50;-89.95;
2026-01-22 16:23:15.05;0.00:00:11:216;-0.01;0.00;-1.00;6.712;-0.03504;0.006354;-6.615;84.86;-44.85;98.56;98.56;0.53;6.712;6.615;0.09664;8.268;8.205;-10.148;0.50;-89.94;
2026-01-22 16:23:15.10;0.00:00:11:267;-0.01;0.00;-1.00;6.703;-0.03433;0.008924;-6.607;82.72;-44.85;98.57;98.57;0.53;6.703;6.607;0.09604;8.263;8.200;-10.176;0.50;-89.92;
2026-01-22 16:23:15.15;0.00:00:11:319;-0.01;0.00;-1.00;6.698;-0.0349;0.007287;-6.601;84.10;-44.85;98.56;98.56;0.53;6.698;6.601;0.09654;8.259;8.196;-10.153;0.50;-89.94;
2026-01-22 16:23:15.20;0.00:00:11:369;-0.01;0.00;-1.00;6.691;-0.03452;0.007098;-6.595;84.19;-44.85;98.56;98.56;0.53;6.691;6.595;0.09652;8.255;8.192;-10.154;0.50;-89.94;
2026-01-22 16:23:15.25;0.00:00:11:421;-0.01;0.00;-1.00;6.69;-0.03466;0.005565;-6.593;85.44;-44.85;98.55;98.55;0.52;6.69;6.593;0.09684;8.254;8.191;-10.140;0.50;-89.95;
2026-01-22 16:23:15.30;0.00:00:11:472;-0.01;0.00;-1.00;6.699;-0.0353;0.005735;-6.602;85.39;-44.84;98.56;98.56;0.53;6.699;6.602;0.0963;8.260;8.197;-10.164;0.50;-89.95;
2026-01-22 16:23:15.36;0.00:00:11:534;-0.01;0.00;-1.00;6.697;-0.03411;0.008484;-6.6;83.02;-44.85;98.55;98.55;0.52;6.697;6.6;0.09724;8.259;8.196;-10.122;0.50;-89.93;
2026-01-22 16:23:15.41;0.00:00:11:583;-0.01;0.00;-1.00;6.699;-0.03559;0.006549;-6.602;84.79;-44.84;98.56;98.56;0.54;6.699;6.602;0.09633;8.260;8.197;-10.162;0.50;-89.94;
2026-01-22 16:23:15.46;0.00:00:11:635;-0.01;0.00;-1.00;6.699;-0.03553;0.006927;-6.602;84.48;-44.84;98.56;98.56;0.54;6.699;6.603;0.09661;8.260;8.197;-10.150;0.50;-89.94;
2026-01-22 16:23:15.52;0.00:00:11:686;-0.01;0.00;-1.00;6.7;-0.03526;0.005615;-6.603;85.48;-44.85;98.55;98.54;0.53;6.7;6.603;0.09744;8.261;8.197;-10.113;0.50;-89.95;
2026-01-22 16:23:15.58;0.00:00:11:747;-0.01;0.00;-1.00;6.707;-0.03442;0.007454;-6.61;83.89;-44.85;98.56;98.55;0.53;6.707;6.61;0.0969;8.265;8.202;-10.137;0.50;-89.94;
2026-01-22 16:23:15.63;0.00:00:11:798;-0.01;0.00;-1.00;6.7;-0.03378;0.008723;-6.604;82.76;-44.85;98.55;98.55;0.52;6.7;6.604;0.09684;8.261;8.198;-10.140;0.50;-89.92;
2026-01-22 16:23:15.68;0.00:00:11:849;-0.01;0.00;-1.00;6.696;-0.03417;0.007245;-6.599;84.01;-44.85;98.55;98.55;0.52;6.696;6.599;0.09683;8.258;8.195;-10.140;0.50;-89.94;
2026-01-22 16:23:15.73;0.00:00:11:900;-0.01;0.00;-1.00;6.694;-0.03523;0.007508;-6.598;83.98;-44.84;98.57;98.57;0.54;6.694;6.598;0.0957;8.257;8.194;-10.191;0.50;-89.93;
2026-01-22 16:23:15.78;0.00:00:11:952;-0.01;0.00;-1.00;6.701;-0.03734;0.003982;-6.605;86.96;-44.84;98.57;98.57;0.56;6.701;6.605;0.09578;8.261;8.199;-10.187;0.50;-89.97;
2026-01-22 16:23:15.83;0.00:00:11:997;-0.01;0.00;-1.00;6.705;-0.03397;0.007234;-6.608;83.99;-44.85;98.55;98.55;0.52;6.705;6.608;0.09696;8.264;8.201;-10.134;0.50;-89.94;
2026-01-22 16:23:15.87;0.00:00:12:044;-0.01;0.00;-1.00;6.699;-0.03388;0.008259;-6.602;83.15;-44.85;98.55;98.55;0.52;6.699;6.602;0.0972;8.260;8.197;-10.124;0.50;-89.93;
2026-01-22 16:23:15.92;0.00:00:12:093;-0.01;0.00;-1.00;6.695;-0.03506;0.005568;-6.598;85.49;-44.85;98.56;98.56;0.53;6.695;6.598;0.09627;8.257;8.194;-10.165;0.50;-89.95;
2026-01-22 16:23:15.97;0.00:00:12:141;-0.01;0.00;-1.00;6.699;-0.03593;0.005543;-6.602;85.62;-44.84;98.56;98.56;0.54;6.699;6.603;0.09644;8.260;8.197;-10.158;0.50;-89.95;
2026-01-22 16:23:16.03;0.00:00:12:197;-0.01;0.00;-1.00;6.705;-0.03634;0.004592;-6.609;86.40;-44.84;98.56;98.56;0.55;6.705;6.609;0.09626;8.264;8.201;-10.166;0.50;-89.96;
2026-01-22 16:23:16.08;0.00:00:12:247;-0.01;0.00;-1.00;6.708;-0.03465;0.008274;-6.612;83.28;-44.85;98.57;98.56;0.53;6.708;6.612;0.09622;8.266;8.203;-10.167;0.50;-89.93;
2026-01-22 16:23:16.13;0.00:00:12:299;-0.01;0.00;-1.00;6.705;-0.03478;0.006705;-6.608;84.54;-44.85;98.56;98.56;0.53;6.705;6.609;0.09627;8.264;8.201;-10.165;0.50;-89.94;
2026-01-22 16:23:16.18;0.00:00:12:349;-0.01;0.00;-1.00;6.711;-0.03552;0.006307;-6.614;84.97;-44.84;98.56;98.56;0.54;6.711;6.614;0.09635;8.268;8.205;-10.162;0.50;-89.95;
2026-01-22 16:23:16.23;0.00:00:12:397;-0.01;0.00;-1.00;6.712;-0.03479;0.006729;-6.615;84.53;-44.85;98.56;98.55;0.53;6.712;6.615;0.09694;8.268;8.205;-10.135;0.50;-89.94;
2026-01-22 16:23:16.27;0.00:00:12:443;-0.01;0.00;-1.00;6.711;-0.03515;0.006972;-6.614;84.39;-44.84;98.56;98.56;0.53;6.711;6.614;0.09635;8.268;8.205;-10.161;0.50;-89.94;
2026-01-22 16:23:16.32;0.00:00:12:493;-0.01;0.00;-1.00;6.712;-0.03587;0.006677;-6.616;84.73;-44.84;98.56;98.56;0.54;6.712;6.616;0.09642;8.269;8.206;-10.158;0.50;-89.94;
2026-01-22 16:23:16.37;0.00:00:12:544;-0.01;0.00;-1.00;6.709;-0.03414;0.009051;-6.612;82.58;-44.85;98.56;98.55;0.53;6.709;6.612;0.09688;8.266;8.203;-10.138;0.50;-89.92;
2026-01-22 16:23:16.43;0.00:00:12:596;-0.01;0.00;-1.00;6.705;-0.03533;0.006786;-6.609;84.56;-44.84;98.57;98.57;0.54;6.705;6.609;0.09592;8.264;8.201;-10.181;0.50;-89.94;
2026-01-22 16:23:16.47;0.00:00:12:644;-0.01;0.00;-1.00;6.703;-0.03509;0.007204;-6.607;84.20;-44.84;98.57;98.57;0.53;6.703;6.607;0.09558;8.262;8.200;-10.196;0.50;-89.94;
2026-01-22 16:23:16.52;0.00:00:12:690;-0.01;0.00;-1.00;6.704;-0.03527;0.005764;-6.607;85.36;-44.85;98.56;98.56;0.53;6.704;6.607;0.09639;8.263;8.200;-10.160;0.50;-89.95;
2026-01-22 16:23:16.57;0.00:00:12:737;-0.01;0.00;-1.00;6.705;-0.03482;0.006541;-6.609;84.68;-44.85;98.57;98.57;0.53;6.705;6.609;0.09597;8.264;8.201;-10.179;0.50;-89.94;
2026-01-22 16:23:16.61;0.00:00:12:784;-0.01;0.00;-1.00;6.703;-0.03499;0.0075;-6.607;83.95;-44.84;98.57;98.57;0.53;6.703;6.607;0.09588;8.263;8.200;-10.183;0.50;-89.93;
2026-01-22 16:23:16.66;0.00:00:12:829;-0.01;0.00;-1.00;6.694;-0.03427;0.007356;-6.597;83.94;-44.85;98.56;98.56;0.52;6.694;6.597;0.09614;8.257;8.194;-10.171;0.50;-89.94;
2026-01-22 16:23:16.70;0.00:00:12:875;-0.01;0.00;-1.00;6.692;-0.03527;0.00559;-6.596;85.50;-44.84;98.56;98.56;0.53;6.692;6.596;0.09612;8.256;8.193;-10.172;0.50;-89.95;
2026-01-22 16:23:16.75;0.00:00:12:925;-0.01;0.00;-1.00;6.698;-0.03676;0.00376;-6.602;87.08;-44.84;98.58;98.57;0.55;6.698;6.602;0.09543;8.259;8.197;-10.203;0.50;-89.97;
2026-01-22 16:23:16.80;0.00:00:12:971;-0.01;0.00;-1.00;6.705;-0.035;0.006563;-6.607;84.69;-44.85;98.54;98.53;0.53;6.705;6.607;0.09816;8.264;8.200;-10.081;0.50;-89.94;
2026-01-22 16:23:16.86;0.00:00:13:032;-0.01;0.00;-1.00;6.697;-0.0342;0.008516;-6.6;83.01;-44.85;98.56;98.55;0.53;6.697;6.6;0.09676;8.259;8.196;-10.143;0.50;-89.93;
2026-01-22 16:23:16.92;0.00:00:13:093;-0.01;0.00;-1.00;6.694;-0.03508;0.007582;-6.597;83.90;-44.84;98.55;98.55;0.54;6.694;6.597;0.09693;8.257;8.193;-10.135;0.50;-89.93;
2026-01-22 16:23:16.97;0.00:00:13:139;-0.01;0.00;-1.00;6.7;-0.03597;0.0051;-6.604;85.97;-44.84;98.56;98.56;0.54;6.7;6.604;0.09625;8.261;8.198;-10.166;0.50;-89.96;
2026-01-22 16:23:17.01;0.00:00:13:185;-0.01;0.00;-1.00;6.703;-0.03539;0.006107;-6.607;85.10;-44.84;98.56;98.56;0.54;6.703;6.607;0.09672;8.263;8.200;-10.145;0.50;-89.95;
2026-01-22 16:23:17.06;0.00:00:13:232;-0.01;0.00;-1.00;6.706;-0.03659;0.004476;-6.61;86.51;-44.84;98.57;98.57;0.55;6.706;6.61;0.09594;8.265;8.202;-10.180;0.50;-89.96;
2026-01-22 16:23:17.11;0.00:00:13:279;-0.01;0.00;-1.00;6.715;-0.03635;0.003609;-6.619;87.16;-44.84;98.56;98.56;0.54;6.715;6.619;0.09668;8.271;8.208;-10.146;0.50;-89.97;
2026-01-22 16:23:17.15;0.00:00:13:325;-0.01;0.00;-1.00;6.724;-0.03642;0.005352;-6.627;85.82;-44.84;98.57;98.56;0.55;6.724;6.627;0.09643;8.276;8.213;-10.158;0.50;-89.95;
2026-01-22 16:23:17.20;0.00:00:13:372;-0.01;0.00;-1.00;6.73;-0.03568;0.006021;-6.634;85.21;-44.84;98.57;98.57;0.54;6.73;6.634;0.09646;8.280;8.218;-10.156;0.50;-89.95;
2026-01-22 16:23:17.25;0.00:00:13:419;-0.01;0.00;-1.00;6.729;-0.03423;0.008506;-6.632;83.02;-44.85;98.56;98.56;0.52;6.729;6.633;0.09669;8.280;8.217;-10.146;0.50;-89.93;
2026-01-22 16:23:17.30;0.00:00:13:467;-0.01;0.00;-1.00;6.711;-0.03416;0.009144;-6.614;82.51;-44.85;98.56;98.56;0.53;6.711;6.614;0.09675;8.268;8.205;-10.143;0.50;-89.92;
2026-01-22 16:23:17.34;0.00:00:13:512;-0.01;0.00;-1.00;6.705;-0.03463;0.007305;-6.608;84.04;-44.85;98.56;98.56;0.53;6.705;6.608;0.09638;8.264;8.201;-10.160;0.50;-89.94;
2026-01-22 16:23:17.39;0.00:00:13:560;-0.01;0.00;-1.00;6.703;-0.03435;0.006922;-6.606;84.30;-44.85;98.56;98.56;0.52;6.703;6.607;0.09648;8.263;8.200;-10.156;0.50;-89.94;
2026-01-22 16:23:17.44;0.00:00:13:606;-0.01;0.00;-1.00;6.705;-0.03634;0.006599;-6.61;84.85;-44.84;98.57;98.57;0.55;6.705;6.61;0.09574;8.264;8.202;-10.189;0.50;-89.94;
2026-01-22 16:23:17.48;0.00:00:13:652;-0.01;0.00;-1.00;6.709;-0.03596;0.005558;-6.613;85.61;-44.84;98.57;98.57;0.54;6.709;6.613;0.09612;8.267;8.204;-10.172;0.50;-89.95;
2026-01-22 16:23:17.53;0.00:00:13:700;-0.01;0.00;-1.00;6.711;-0.0351;0.007348;-6.613;84.09;-44.84;98.55;98.55;0.53;6.711;6.613;0.09737;8.268;8.204;-10.116;0.50;-89.94;
2026-01-22 16:23:17.58;0.00:00:13:746;-0.01;0.00;-1.00;6.703;-0.0347;0.006972;-6.608;84.32;-44.85;98.57;98.57;0.53;6.703;6.608;0.09587;8.263;8.200;-10.183;0.50;-89.94;
2026-01-22 16:23:17.62;0.00:00:13:793;-0.01;0.00;-1.00;6.702;-0.0352;0.00671;-6.605;84.60;-44.84;98.56;98.56;0.53;6.702;6.605;0.09662;8.262;8.199;-10.149;0.50;-89.94;
2026-01-22 16:23:17.67;0.00:00:13:838;-0.01;0.00;-1.00;6.7;-0.03522;0.006272;-6.604;84.95;-44.84;98.57;98.57;0.53;6.7;6.604;0.09583;8.261;8.198;-10.185;0.50;-89.95;
2026-01-22 16:23:17.71;0.00:00:13:885;-0.01;0.00;-1.00;6.7;-0.0354;0.00599;-6.604;85.20;-44.84;98.56;98.56;0.54;6.7;6.604;0.09636;8.261;8.198;-10.161;0.50;-89.95;
2026-01-22 16:23:17.76;0.00:00:13:932;-0.01;0.00;-1.00;6.706;-0.03687;0.004231;-6.61;86.73;-44.84;98.57;98.57;0.55;6.706;6.61;0.09567;8.264;8.202;-10.192;0.50;-89.96;
2026-01-22 16:23:17.81;0.00:00:13:979;-0.01;0.00;-1.00;6.71;-0.0353;0.006945;-6.614;84.44;-44.84;98.57;98.57;0.54;6.71;6.615;0.09592;8.268;8.205;-10.181;0.50;-89.94;
2026-01-22 16:23:17.85;0.00:00:14:025;-0.01;0.00;-1.00;6.707;-0.03443;0.008584;-6.61;83.00;-44.85;98.57;98.57;0.53;6.707;6.611;0.09613;8.265;8.202;-10.171;0.50;-89.93;
2026-01-22 16:23:17.90;0.00:00:14:074;-0.01;0.00;-1.00;6.709;-0.03574;0.004953;-6.613;86.05;-44.84;98.57;98.57;0.54;6.709;6.613;0.09588;8.266;8.204;-10.183;0.50;-89.96;
2026-01-22 16:23:17.95;0.00:00:14:120;-0.01;0.00;-1.00;6.711;-0.03509;0.00736;-6.615;84.08;-44.84;98.57;98.57;0.53;6.711;6.615;0.09615;8.268;8.205;-10.171;0.50;-89.94;
2026-01-22 16:23:18.00;0.00:00:14:166;-0.01;0.00;-1.00;6.708;-0.03527;0.007797;-6.612;83.77;-44.84;98.57;98.57;0.54;6.708;6.612;0.09595;8.266;8.203;-10.180;0.50;-89.93;
2026-01-22 16:23:18.04;0.00:00:14:213;-0.01;0.00;-1.00;6.704;-0.03418;0.008474;-6.608;83.04;-44.85;98.56;98.56;0.53;6.704;6.608;0.09642;8.263;8.201;-10.158;0.50;-89.93;
2026-01-22 16:23:18.09;0.00:00:14:258;-0.01;0.00;-1.00;6.697;-0.03406;0.007731;-6.601;83.61;-44.85;98.56;98.56;0.52;6.697;6.601;0.09648;8.259;8.196;-10.156;0.50;-89.93;
2026-01-22 16:23:18.13;0.00:00:14:304;-0.01;0.00;-1.00;6.696;-0.03532;0.007083;-6.6;84.33;-44.84;98.56;98.56;0.54;6.696;6.6;0.09614;8.258;8.196;-10.171;0.50;-89.94;
2026-01-22 16:23:18.18;0.00:00:14:352;-0.01;0.00;-1.00;6.695;-0.03438;0.008303;-6.599;83.21;-44.85;98.56;98.56;0.53;6.695;6.599;0.09623;8.258;8.195;-10.167;0.50;-89.93;
2026-01-22 16:23:18.23;0.00:00:14:399;-0.01;0.00;-1.00;6.69;-0.03458;0.007167;-6.594;84.15;-44.85;98.57;98.56;0.53;6.69;6.594;0.09591;8.254;8.191;-10.181;0.50;-89.94;
2026-01-22 16:23:18.28;0.00:00:14:446;-0.01;0.00;-1.00;6.691;-0.03564;0.004202;-6.595;86.64;-44.84;98.57;98.56;0.54;6.691;6.595;0.09598;8.255;8.192;-10.178;0.50;-89.96;
2026-01-22 16:23:18.32;0.00:00:14:493;-0.01;0.00;-1.00;6.696;-0.03617;0.005135;-6.601;85.96;-44.84;98.57;98.57;0.55;6.696;6.601;0.09569;8.258;8.196;-10.191;0.50;-89.96;
2026-01-22 16:23:18.37;0.00:00:14:540;-0.01;0.00;-1.00;6.702;-0.03576;0.00679;-6.606;84.62;-44.84;98.57;98.57;0.54;6.702;6.606;0.09585;8.262;8.200;-10.184;0.50;-89.94;
2026-01-22 16:23:18.42;0.00:00:14:587;-0.01;0.00;-1.00;6.694;-0.03467;0.007963;-6.598;83.53;-44.85;98.57;98.56;0.53;6.694;6.598;0.09597;8.257;8.194;-10.178;0.50;-89.93;
2026-01-22 16:23:18.46;0.00:00:14:633;-0.01;0.00;-1.00;6.696;-0.03573;0.005559;-6.6;85.58;-44.84;98.57;98.57;0.54;6.696;6.6;0.0957;8.258;8.195;-10.191;0.50;-89.95;
2026-01-22 16:23:18.51;0.00:00:14:681;-0.01;0.00;-1.00;6.698;-0.03562;0.006395;-6.601;84.91;-44.84;98.56;98.56;0.54;6.698;6.602;0.09646;8.259;8.196;-10.157;0.50;-89.94;
2026-01-22 16:23:18.56;0.00:00:14:726;-0.01;0.00;-1.00;6.699;-0.03496;0.006617;-6.602;84.64;-44.85;98.56;98.56;0.53;6.699;6.603;0.09647;8.260;8.197;-10.156;0.50;-89.94;
2026-01-22 16:23:18.60;0.00:00:14:773;-0.01;0.00;-1.00;6.7;-0.0364;0.005775;-6.603;85.49;-44.84;98.56;98.56;0.55;6.7;6.604;0.09618;8.261;8.198;-10.169;0.50;-89.95;
2026-01-22 16:23:18.65;0.00:00:14:819;-0.01;0.00;-1.00;6.702;-0.03427;0.00842;-6.605;83.10;-44.85;98.56;98.56;0.53;6.702;6.605;0.09646;8.262;8.199;-10.156;0.50;-89.93;
2026-01-22 16:23:18.69;0.00:00:14:864;-0.01;0.00;-1.00;6.695;-0.0344;0.007411;-6.598;83.92;-44.85;98.55;98.55;0.53;6.695;6.598;0.09687;8.257;8.194;-10.138;0.50;-89.94;
2026-01-22 16:23:18.74;0.00:00:14:913;-0.01;0.00;-1.00;6.694;-0.03531;0.005392;-6.598;85.66;-44.84;98.57;98.57;0.53;6.694;6.598;0.09582;8.257;8.194;-10.185;0.50;-89.95;
2026-01-22 16:23:18.79;0.00:00:14:960;-0.01;0.00;-1.00;6.694;-0.03609;0.005918;-6.598;85.34;-44.84;98.58;98.57;0.55;6.694;6.598;0.09534;8.257;8.194;-10.207;0.50;-89.95;
2026-01-22 16:23:18.84;0.00:00:15:007;-0.01;0.00;-1.00;6.702;-0.03783;0.003084;-6.607;87.67;-44.84;98.58;98.58;0.57;6.702;6.607;0.09502;8.262;8.200;-10.222;0.50;-89.97;
2026-01-22 16:23:18.88;0.00:00:15:054;-0.01;0.00;-1.00;6.715;-0.03597;0.005537;-6.619;85.62;-44.84;98.57;98.57;0.54;6.715;6.619;0.09618;8.271;8.208;-10.169;0.50;-89.95;
2026-01-22 16:23:18.93;0.00:00:15:100;-0.01;0.00;-1.00;6.722;-0.03696;0.003805;-6.626;87.06;-44.84;98.57;98.57;0.55;6.722;6.626;0.09596;8.275;8.213;-10.179;0.50;-89.97;
2026-01-22 16:23:18.98;0.00:00:15:146;-0.01;0.00;-1.00;6.726;-0.03522;0.006742;-6.63;84.58;-44.85;98.57;98.57;0.53;6.726;6.63;0.09606;8.277;8.215;-10.174;0.50;-89.94;
2026-01-22 16:23:19.02;0.00:00:15:194;0.00;0.00;-1.00;6.707;-0.03277;0.01056;-6.611;81.07;-44.85;98.56;98.56;0.51;6.707;6.611;0.09659;8.265;8.202;-10.151;0.50;-89.91;
2026-01-22 16:23:19.07;0.00:00:15:240;-0.01;0.00;-1.00;6.698;-0.03354;0.009342;-6.602;82.22;-44.85;98.56;98.56;0.52;6.698;6.602;0.09664;8.260;8.197;-10.148;0.50;-89.92;
2026-01-22 16:23:19.12;0.00:00:15:287;-0.01;0.00;-1.00;6.688;-0.03326;0.008641;-6.592;82.72;-44.85;98.56;98.56;0.51;6.688;6.592;0.09631;8.253;8.190;-10.163;0.50;-89.92;
2026-01-22 16:23:19.16;0.00:00:15:334;-0.01;0.00;-1.00;6.686;-0.03671;0.005374;-6.59;85.84;-44.84;98.57;98.57;0.55;6.686;6.59;0.09577;8.251;8.189;-10.188;0.50;-89.95;
2026-01-22 16:23:19.21;0.00:00:15:380;-0.01;0.00;-1.00;6.693;-0.0363;0.005194;-6.597;85.93;-44.84;98.57;98.57;0.55;6.693;6.597;0.09572;8.256;8.193;-10.190;0.50;-89.95;
2026-01-22 16:23:19.26;0.00:00:15:426;-0.01;0.00;-1.00;6.701;-0.03624;0.004391;-6.606;86.55;-44.84;98.57;98.57;0.54;6.701;6.606;0.09559;8.262;8.199;-10.196;0.50;-89.96;
2026-01-22 16:23:19.30;0.00:00:15:474;-0.01;0.00;-1.00;6.707;-0.03547;0.006594;-6.612;84.73;-44.84;98.58;98.58;0.54;6.707;6.612;0.09543;8.266;8.203;-10.203;0.50;-89.94;
2026-01-22 16:23:19.35;0.00:00:15:521;-0.01;0.00;-1.00;6.705;-0.0353;0.008545;-6.609;83.20;-44.84;98.57;98.57;0.54;6.705;6.61;0.0956;8.264;8.202;-10.195;0.50;-89.93;
2026-01-22 16:23:19.40;0.00:00:15:566;-0.01;0.00;-1.00;6.696;-0.03432;0.007803;-6.6;83.59;-44.85;98.57;98.56;0.53;6.696;6.6;0.096;8.258;8.196;-10.177;0.50;-89.93;
2026-01-22 16:23:19.44;0.00:00:15:613;-0.01;0.00;-1.00;6.691;-0.03449;0.007089;-6.595;84.19;-44.85;98.56;98.56;0.53;6.691;6.595;0.09634;8.255;8.192;-10.162;0.50;-89.94;
2026-01-22 16:23:19.49;0.00:00:15:661;-0.01;0.00;-1.00;6.693;-0.03599;0.00482;-6.597;86.19;-44.84;98.57;98.57;0.54;6.693;6.597;0.09576;8.256;8.194;-10.188;0.50;-89.96;
2026-01-22 16:23:19.54;0.00:00:15:706;-0.01;0.00;-1.00;6.7;-0.03551;0.005743;-6.604;85.41;-44.84;98.57;98.57;0.54;6.7;6.604;0.09602;8.261;8.198;-10.177;0.50;-89.95;
2026-01-22 16:23:19.58;0.00:00:15:753;-0.01;0.00;-1.00;6.7;-0.03437;0.006977;-6.604;84.26;-44.85;98.56;98.56;0.52;6.7;6.604;0.09623;8.261;8.198;-10.167;0.50;-89.94;
2026-01-22 16:23:19.63;0.00:00:15:799;-0.01;0.00;-1.00;6.699;-0.03373;0.005937;-6.603;85.01;-44.85;98.57;98.57;0.51;6.699;6.603;0.09572;8.260;8.198;-10.190;0.50;-89.95;
2026-01-22 16:23:19.68;0.00:00:15:846;-0.01;0.00;-1.00;6.706;-0.0348;0.007115;-6.609;84.22;-44.85;98.57;98.57;0.53;6.706;6.61;0.09607;8.264;8.202;-10.174;0.50;-89.94;
2026-01-22 16:23:19.72;0.00:00:15:894;-0.01;0.00;-1.00;6.704;-0.03469;0.007699;-6.608;83.74;-44.85;98.57;98.57;0.53;6.704;6.608;0.09591;8.263;8.201;-10.181;0.50;-89.93;
2026-01-22 16:23:19.78;0.00:00:15:955;-0.01;0.00;-1.00;6.702;-0.03577;0.005759;-6.606;85.43;-44.84;98.56;98.56;0.54;6.702;6.606;0.09626;8.262;8.199;-10.166;0.50;-89.95;
2026-01-22 16:23:19.83;0.00:00:16:002;-0.01;0.00;-1.00;6.703;-0.03514;0.005865;-6.607;85.26;-44.85;98.56;98.56;0.53;6.703;6.607;0.09628;8.263;8.200;-10.165;0.50;-89.95;
2026-01-22 16:23:19.88;0.00:00:16:048;-0.01;0.00;-1.00;6.704;-0.03504;0.007711;-6.607;83.80;-44.84;98.56;98.56;0.54;6.704;6.607;0.09655;8.263;8.200;-10.152;0.50;-89.93;
2026-01-22 16:23:19.92;0.00:00:16:094;-0.01;0.00;-1.00;6.702;-0.03468;0.007082;-6.605;84.23;-44.85;98.56;98.55;0.53;6.702;6.605;0.09676;8.262;8.199;-10.143;0.50;-89.94;
2026-01-22 16:23:19.97;0.00:00:16:141;-0.01;0.00;-1.00;6.701;-0.03527;0.006493;-6.605;84.79;-44.84;98.56;98.56;0.54;6.701;6.605;0.09617;8.261;8.199;-10.169;0.50;-89.94;
2026-01-22 16:23:20.02;0.00:00:16:187;-0.01;0.00;-1.00;6.699;-0.03397;0.009313;-6.602;82.34;-44.85;98.56;98.56;0.53;6.699;6.602;0.09668;8.260;8.197;-10.146;0.50;-89.92;
2026-01-22 16:23:20.06;0.00:00:16:235;-0.01;0.00;-1.00;6.69;-0.03536;0.006647;-6.594;84.68;-44.84;98.56;98.56;0.54;6.69;6.594;0.09609;8.254;8.192;-10.173;0.50;-89.94;
2026-01-22 16:23:20.11;0.00:00:16:281;-0.01;0.00;-1.00;6.691;-0.03564;0.006168;-6.594;85.09;-44.84;98.56;98.56;0.54;6.691;6.594;0.09632;8.255;8.192;-10.163;0.50;-89.95;
2026-01-22 16:23:20.16;0.00:00:16:326;-0.01;0.00;-1.00;6.693;-0.03586;0.006103;-6.597;85.17;-44.84;98.57;98.57;0.54;6.693;6.597;0.09576;8.256;8.194;-10.188;0.50;-89.95;
2026-01-22 16:23:20.20;0.00:00:16:374;-0.01;0.00;-1.00;6.692;-0.03621;0.00572;-6.597;85.51;-44.84;98.58;98.57;0.55;6.692;6.597;0.09528;8.256;8.193;-10.210;0.50;-89.95;
2026-01-22 16:23:20.25;0.00:00:16:419;-0.01;0.00;-1.00;6.697;-0.03621;0.00542;-6.602;85.74;-44.84;98.58;98.58;0.55;6.697;6.602;0.09519;8.259;8.197;-10.214;0.50;-89.95;
2026-01-22 16:23:20.30;0.00:00:16:469;-0.01;0.00;-1.00;6.7;-0.03529;0.005621;-6.604;85.47;-44.84;98.57;98.57;0.53;6.7;6.604;0.09561;8.261;8.198;-10.195;0.50;-89.95;
2026-01-22 16:23:20.36;0.00:00:16:528;-0.01;0.00;-1.00;6.714;-0.03644;0.004102;-6.619;86.79;-44.84;98.58;98.58;0.55;6.714;6.619;0.09544;8.270;8.208;-10.203;0.50;-89.96;
2026-01-22 16:23:20.40;0.00:00:16:575;-0.01;0.00;-1.00;6.722;-0.0348;0.008497;-6.626;83.14;-44.85;98.57;98.57;0.53;6.722;6.626;0.09626;8.275;8.213;-10.166;0.50;-89.93;
2026-01-22 16:23:20.45;0.00:00:16:621;0.00;0.00;-1.00;6.713;-0.03235;0.01112;-6.616;80.51;-44.85;98.56;98.56;0.51;6.713;6.616;0.09672;8.269;8.206;-10.145;0.50;-89.90;
2026-01-22 16:23:20.50;0.00:00:16:674;-0.01;0.00;-1.00;6.712;-0.03766;0.003777;-6.616;87.14;-44.84;98.58;98.58;0.56;6.712;6.616;0.09548;8.268;8.206;-10.201;0.50;-89.97;
2026-01-22 16:23:20.56;0.00:00:16:727;-0.01;0.00;-1.00;6.717;-0.03463;0.008059;-6.62;83.45;-44.85;98.56;98.56;0.53;6.717;6.62;0.09646;8.271;8.209;-10.156;0.50;-89.93;
2026-01-22 16:23:20.61;0.00:00:16:777;-0.01;0.00;-1.00;6.715;-0.035;0.006199;-6.618;84.98;-44.85;98.56;98.56;0.53;6.715;6.618;0.0964;8.270;8.207;-10.159;0.50;-89.95;
2026-01-22 16:23:20.66;0.00:00:16:830;-0.01;0.00;-1.00;6.718;-0.03592;0.006309;-6.622;85.02;-44.84;98.58;98.57;0.54;6.718;6.623;0.09567;8.273;8.210;-10.192;0.50;-89.95;
2026-01-22 16:23:20.71;0.00:00:16:885;-0.01;0.00;-1.00;6.721;-0.03505;0.006879;-6.625;84.45;-44.85;98.57;98.57;0.53;6.721;6.625;0.09585;8.274;8.212;-10.184;0.50;-89.94;
2026-01-22 16:23:20.77;0.00:00:16:942;-0.01;0.00;-1.00;6.721;-0.03522;0.006501;-6.625;84.77;-44.85;98.57;98.56;0.53;6.721;6.625;0.09638;8.274;8.212;-10.160;0.50;-89.94;
2026-01-22 16:23:20.82;0.00:00:16:992;-0.01;0.00;-1.00;6.715;-0.03313;0.01059;-6.618;81.14;-44.85;98.56;98.56;0.52;6.715;6.618;0.0966;8.270;8.207;-10.150;0.50;-89.91;
2026-01-22 16:23:20.87;0.00:00:17:043;-0.01;0.00;-1.00;6.706;-0.0344;0.006994;-6.61;84.25;-44.85;98.57;98.57;0.52;6.706;6.61;0.09612;8.265;8.202;-10.172;0.50;-89.94;
2026-01-22 16:23:20.92;0.00:00:17:095;-0.01;0.00;-1.00;6.704;-0.03395;0.00929;-6.607;82.35;-44.85;98.56;98.56;0.52;6.704;6.607;0.09661;8.263;8.200;-10.150;0.50;-89.92;
2026-01-22 16:23:20.97;0.00:00:17:145;-0.01;0.00;-1.00;6.698;-0.0343;0.007922;-6.601;83.50;-44.85;98.55;98.55;0.53;6.698;6.601;0.0968;8.260;8.196;-10.141;0.50;-89.93;
2026-01-22 16:23:21.04;0.00:00:17:206;-0.01;0.00;-1.00;6.689;-0.03482;0.007804;-6.593;83.68;-44.84;98.57;98.57;0.53;6.689;6.593;0.09553;8.254;8.191;-10.199;0.50;-89.93;
2026-01-22 16:23:21.09;0.00:00:17:257;-0.01;0.00;-1.00;6.685;-0.03452;0.007924;-6.59;83.54;-44.85;98.57;98.57;0.53;6.685;6.59;0.09579;8.251;8.189;-10.187;0.50;-89.93;
2026-01-22 16:23:21.14;0.00:00:17:309;-0.01;0.00;-1.00;6.681;-0.03533;0.00754;-6.585;83.98;-44.84;98.57;98.57;0.54;6.681;6.586;0.09549;8.248;8.186;-10.201;0.50;-89.93;
2026-01-22 16:23:21.19;0.00:00:17:359;-0.01;0.00;-1.00;6.685;-0.03587;0.005195;-6.59;85.88;-44.84;98.57;98.57;0.54;6.685;6.59;0.09559;8.251;8.189;-10.196;0.50;-89.95;
2026-01-22 16:23:21.24;0.00:00:17:413;-0.01;0.00;-1.00;6.689;-0.03601;0.005037;-6.594;86.02;-44.84;98.58;98.58;0.54;6.689;6.594;0.09495;8.254;8.191;-10.225;0.50;-89.96;
2026-01-22 16:23:21.29;0.00:00:17:462;-0.01;0.00;-1.00;6.684;-0.03452;0.007319;-6.589;84.01;-44.85;98.58;98.57;0.53;6.684;6.589;0.0952;8.250;8.188;-10.214;0.50;-89.94;
2026-01-22 16:23:21.35;0.00:00:17:523;-0.01;0.00;-1.00;6.685;-0.03472;0.006467;-6.589;84.72;-44.85;98.56;98.56;0.53;6.685;6.589;0.09593;8.251;8.188;-10.180;0.50;-89.94;
2026-01-22 16:23:21.41;0.00:00:17:584;-0.01;0.00;-1.00;6.685;-0.03492;0.007311;-6.589;84.09;-44.84;98.56;98.56;0.53;6.685;6.589;0.0965;8.251;8.188;-10.155;0.50;-89.94;
2026-01-22 16:23:21.47;0.00:00:17:636;-0.01;0.00;-1.00;6.681;-0.03579;0.005886;-6.585;85.33;-44.84;98.56;98.55;0.54;6.681;6.585;0.0965;8.249;8.186;-10.155;0.50;-89.95;
2026-01-22 16:23:21.52;0.00:00:17:686;-0.01;0.00;-1.00;6.696;-0.03626;0.004335;-6.6;86.59;-44.84;98.56;98.56;0.55;6.696;6.6;0.09628;8.258;8.195;-10.165;0.50;-89.96;
2026-01-22 16:23:21.57;0.00:00:17:738;-0.01;0.00;-1.00;6.699;-0.0354;0.007726;-6.603;83.84;-44.84;98.57;98.57;0.54;6.699;6.603;0.09593;8.260;8.197;-10.181;0.50;-89.93;
2026-01-22 16:23:21.62;0.00:00:17:790;-0.01;0.00;-1.00;6.696;-0.03474;0.007555;-6.6;83.86;-44.85;98.57;98.57;0.53;6.696;6.6;0.09561;8.258;8.195;-10.195;0.50;-89.93;
2026-01-22 16:23:21.68;0.00:00:17:852;-0.01;0.00;-1.00;6.697;-0.03639;0.005015;-6.601;86.08;-44.84;98.57;98.57;0.55;6.697;6.601;0.09557;8.258;8.196;-10.197;0.50;-89.96;
2026-01-22 16:23:21.73;0.00:00:17:902;-0.01;0.00;-1.00;6.693;-0.03339;0.008846;-6.596;82.58;-44.85;98.56;98.56;0.52;6.693;6.597;0.09635;8.256;8.193;-10.162;0.50;-89.92;
2026-01-22 16:23:21.78;0.00:00:17:954;-0.01;0.00;-1.00;6.686;-0.03421;0.008866;-6.59;82.74;-44.85;98.57;98.57;0.53;6.686;6.591;0.09585;8.252;8.189;-10.184;0.50;-89.92;
2026-01-22 16:23:21.83;0.00:00:18:004;-0.01;0.00;-1.00;6.684;-0.0363;0.004296;-6.59;86.63;-44.84;98.59;98.59;0.55;6.684;6.59;0.09402;8.250;8.189;-10.268;0.50;-89.96;
2026-01-22 16:23:21.88;0.00:00:18:055;-0.01;0.00;-1.00;6.693;-0.0368;0.004299;-6.599;86.67;-44.84;98.60;98.60;0.55;6.693;6.6;0.09338;8.256;8.195;-10.298;0.50;-89.96;
2026-01-22 16:23:21.94;0.00:00:18:106;-0.01;0.00;-1.00;6.7;-0.03534;0.006782;-6.606;84.57;-44.84;98.59;98.59;0.54;6.7;6.606;0.0944;8.261;8.199;-10.250;0.50;-89.94;
2026-01-22 16:23:21.99;0.00:00:18:157;-0.01;0.00;-1.00;6.701;-0.0343;0.007289;-6.606;84.00;-44.85;98.58;98.57;0.52;6.701;6.606;0.09543;8.262;8.199;-10.203;0.50;-89.94;
2026-01-22 16:23:22.04;0.00:00:18:209;-0.01;0.00;-1.00;6.7;-0.03631;0.005906;-6.605;85.38;-44.84;98.58;98.58;0.55;6.7;6.605;0.09503;8.261;8.199;-10.222;0.50;-89.95;
2026-01-22 16:23:22.09;0.00:00:18:260;-0.01;0.00;-1.00;6.705;-0.03681;0.0051;-6.61;86.06;-44.84;98.59;98.59;0.55;6.705;6.61;0.09473;8.264;8.202;-10.235;0.50;-89.96;
2026-01-22 16:23:22.15;0.00:00:18:322;-0.01;0.00;-1.00;6.705;-0.03415;0.00845;-6.61;83.05;-44.85;98.57;98.57;0.52;6.705;6.61;0.09565;8.264;8.202;-10.193;0.50;-89.93;
2026-01-22 16:23:22.20;0.00:00:18:372;-0.01;0.00;-1.00;6.714;-0.03682;0.003781;-6.618;87.07;-44.84;98.57;98.57;0.55;6.714;6.618;0.09572;8.270;8.208;-10.190;0.50;-89.97;
2026-01-22 16:23:22.26;0.00:00:18:426;-0.01;0.00;-1.00;6.719;-0.03487;0.006673;-6.623;84.58;-44.85;98.57;98.57;0.53;6.719;6.623;0.09625;8.273;8.211;-10.166;0.50;-89.94;
2026-01-22 16:23:22.31;0.00:00:18:477;-0.01;0.00;-1.00;6.72;-0.03493;0.007863;-6.624;83.66;-44.85;98.57;98.57;0.53;6.72;6.624;0.09593;8.274;8.211;-10.180;0.50;-89.93;
2026-01-22 16:23:22.36;0.00:00:18:527;-0.01;0.00;-1.00;6.715;-0.03342;0.00848;-6.619;82.88;-44.85;98.57;98.57;0.51;6.715;6.619;0.09626;8.270;8.208;-10.165;0.50;-89.93;
2026-01-22 16:23:22.41;0.00:00:18:577;-0.01;0.00;-1.00;6.711;-0.03567;0.006118;-6.616;85.13;-44.84;98.58;98.58;0.54;6.711;6.616;0.09521;8.268;8.206;-10.213;0.50;-89.95;
2026-01-22 16:23:22.46;0.00:00:18:634;-0.01;0.00;-1.00;6.709;-0.03411;0.008699;-6.613;82.85;-44.85;98.57;98.57;0.52;6.709;6.613;0.09607;8.267;8.204;-10.174;0.50;-89.92;
2026-01-22 16:23:22.52;0.00:00:18:686;-0.01;0.00;-1.00;6.702;-0.03313;0.009013;-6.606;82.39;-44.85;98.57;98.57;0.51;6.702;6.606;0.09592;8.262;8.199;-10.181;0.50;-89.92;
2026-01-22 16:23:22.57;0.00:00:18:736;-0.01;0.00;-1.00;6.697;-0.03345;0.009063;-6.602;82.42;-44.85;98.57;98.57;0.52;6.697;6.602;0.09559;8.259;8.197;-10.196;0.50;-89.92;
2026-01-22 16:23:22.62;0.00:00:18:787;-0.01;0.00;-1.00;6.692;-0.03524;0.005916;-6.597;85.24;-44.84;98.58;98.58;0.53;6.692;6.597;0.09518;8.256;8.193;-10.214;0.50;-89.95;
2026-01-22 16:23:22.67;0.00:00:18:840;-0.01;0.00;-1.00;6.694;-0.03498;0.007753;-6.598;83.75;-44.84;98.56;98.56;0.54;6.694;6.598;0.09614;8.257;8.194;-10.171;0.50;-89.93;
2026-01-22 16:23:22.72;0.00:00:18:890;-0.01;0.00;-1.00;6.697;-0.03612;0.004912;-6.601;86.13;-44.84;98.58;98.58;0.54;6.697;6.601;0.0952;8.259;8.196;-10.213;0.50;-89.96;
2026-01-22 16:23:22.77;0.00:00:18:943;-0.01;0.00;-1.00;6.699;-0.03588;0.00624;-6.604;85.07;-44.84;98.58;98.58;0.54;6.699;6.604;0.09519;8.260;8.198;-10.214;0.50;-89.95;
2026-01-22 16:23:22.82;0.00:00:18:994;-0.01;0.00;-1.00;6.7;-0.03455;0.006442;-6.605;84.72;-44.85;98.57;98.57;0.52;6.7;6.605;0.09577;8.261;8.198;-10.187;0.50;-89.94;
2026-01-22 16:23:22.87;0.00:00:19:044;-0.01;0.00;-1.00;6.704;-0.03639;0.004359;-6.609;86.58;-44.84;98.58;98.58;0.55;6.704;6.609;0.09502;8.263;8.202;-10.222;0.50;-89.96;
2026-01-22 16:23:22.92;0.00:00:19:095;-0.01;0.00;-1.00;6.706;-0.03371;0.009107;-6.611;82.44;-44.85;98.57;98.57;0.52;6.706;6.611;0.09578;8.265;8.202;-10.187;0.50;-89.92;
2026-01-22 16:23:22.98;0.00:00:19:147;-0.01;0.00;-1.00;6.698;-0.03516;0.006994;-6.602;84.37;-44.84;98.58;98.57;0.54;6.698;6.602;0.09541;8.259;8.197;-10.204;0.50;-89.94;
2026-01-22 16:23:23.03;0.00:00:19:199;-0.01;0.00;-1.00;6.696;-0.03431;0.008207;-6.599;83.27;-44.85;98.56;98.56;0.53;6.696;6.599;0.0961;8.258;8.195;-10.173;0.50;-89.93;
2026-01-22 16:23:23.08;0.00:00:19:248;-0.01;0.00;-1.00;6.687;-0.03566;0.004422;-6.592;86.46;-44.84;98.57;98.57;0.54;6.687;6.592;0.09536;8.252;8.190;-10.206;0.50;-89.96;
2026-01-22 16:23:23.13;0.00:00:19:300;-0.01;0.00;-1.00;6.693;-0.03604;0.005947;-6.597;85.32;-44.84;98.57;98.57;0.55;6.693;6.598;0.09547;8.256;8.194;-10.201;0.50;-89.95;
2026-01-22 16:23:23.18;0.00:00:19:352;-0.01;0.00;-1.00;6.697;-0.03579;0.005761;-6.602;85.43;-44.84;98.57;98.57;0.54;6.697;6.602;0.09549;8.259;8.197;-10.200;0.50;-89.95;
2026-01-22 16:23:23.23;0.00:00:19:404;-0.01;0.00;-1.00;6.699;-0.03485;0.006169;-6.604;84.98;-44.85;98.57;98.57;0.53;6.699;6.604;0.09569;8.260;8.198;-10.191;0.50;-89.95;
2026-01-22 16:23:23.28;0.00:00:19:455;-0.01;0.00;-1.00;6.697;-0.03545;0.005642;-6.601;85.48;-44.84;98.56;98.56;0.54;6.697;6.601;0.09614;8.259;8.196;-10.171;0.50;-89.95;
2026-01-22 16:23:23.34;0.00:00:19:506;-0.01;0.00;-1.00;6.701;-0.03556;0.00612;-6.605;85.12;-44.84;98.57;98.57;0.54;6.701;6.605;0.09578;8.262;8.199;-10.187;0.50;-89.95;
2026-01-22 16:23:23.39;0.00:00:19:556;-0.01;0.00;-1.00;6.7;-0.03595;0.004334;-6.605;86.56;-44.84;98.58;98.57;0.54;6.7;6.605;0.09541;8.261;8.199;-10.204;0.50;-89.96;
2026-01-22 16:23:23.44;0.00:00:19:607;-0.01;0.00;-1.00;6.703;-0.03393;0.01091;-6.606;81.08;-44.85;98.57;98.57;0.53;6.703;6.607;0.09602;8.262;8.200;-10.176;0.50;-89.91;
2026-01-22 16:23:23.49;0.00:00:19:660;-0.01;0.00;-1.00;6.687;-0.03747;0.003219;-6.591;87.55;-44.84;98.57;98.57;0.56;6.687;6.591;0.09537;8.252;8.190;-10.206;0.50;-89.97;
2026-01-22 16:23:23.54;0.00:00:19:710;-0.01;0.00;-1.00;6.69;-0.03368;0.009869;-6.594;81.83;-44.85;98.56;98.56;0.52;6.69;6.594;0.09607;8.254;8.191;-10.174;0.50;-89.91;
2026-01-22 16:23:23.59;0.00:00:19:760;-0.01;0.00;-1.00;6.677;-0.03551;0.005683;-6.581;85.45;-44.84;98.55;98.55;0.54;6.677;6.581;0.09668;8.246;8.183;-10.146;0.50;-89.95;
2026-01-22 16:23:23.64;0.00:00:19:812;-0.01;0.00;-1.00;6.68;-0.03533;0.006909;-6.584;84.47;-44.84;98.56;98.56;0.54;6.68;6.584;0.09589;8.248;8.185;-10.182;0.50;-89.94;
2026-01-22 16:23:23.69;0.00:00:19:865;-0.01;0.00;-1.00;6.678;-0.03514;0.005373;-6.582;85.65;-44.85;98.57;98.56;0.53;6.678;6.582;0.09579;8.246;8.184;-10.187;0.50;-89.95;
2026-01-22 16:23:23.75;0.00:00:19:916;-0.01;0.00;-1.00;6.68;-0.03574;0.005559;-6.585;85.58;-44.84;98.57;98.57;0.54;6.68;6.585;0.09558;8.248;8.185;-10.196;0.50;-89.95;
2026-01-22 16:23:23.80;0.00:00:19:966;-0.01;0.00;-1.00;6.682;-0.03561;0.006534;-6.586;84.80;-44.84;98.57;98.57;0.54;6.682;6.586;0.0957;8.249;8.187;-10.191;0.50;-89.94;
2026-01-22 16:23:23.85;0.00:00:20:017;-0.01;0.00;-1.00;6.685;-0.0366;0.003488;-6.589;87.28;-44.84;98.58;98.58;0.55;6.685;6.589;0.09512;8.251;8.188;-10.217;0.50;-89.97;
2026-01-22 16:23:23.90;0.00:00:20:068;-0.01;0.00;-1.00;6.695;-0.03754;0.0018;-6.6;88.63;-44.84;98.58;98.58;0.56;6.695;6.601;0.09487;8.258;8.196;-10.229;0.50;-89.98;
2026-01-22 16:23:23.95;0.00:00:20:121;-0.01;0.00;-1.00;6.71;-0.03503;0.007298;-6.614;84.12;-44.85;98.57;98.57;0.53;6.71;6.614;0.0957;8.267;8.205;-10.191;0.50;-89.94;
2026-01-22 16:23:24.00;0.00:00:20:171;-0.01;0.00;-1.00;6.708;-0.03612;0.006485;-6.613;84.91;-44.84;98.58;98.57;0.55;6.708;6.613;0.09557;8.266;8.204;-10.197;0.50;-89.94;
2026-01-22 16:23:24.05;0.00:00:20:223;-0.01;0.00;-1.00;6.711;-0.03434;0.007538;-6.615;83.81;-44.85;98.57;98.57;0.52;6.711;6.615;0.09595;8.268;8.205;-10.179;0.50;-89.93;
2026-01-22 16:23:24.10;0.00:00:20:272;-0.01;0.00;-1.00;6.706;-0.03484;0.007662;-6.61;83.80;-44.85;98.56;98.56;0.53;6.706;6.61;0.09633;8.265;8.202;-10.163;0.50;-89.93;
2026-01-22 16:23:24.14;0.00:00:20:315;-0.01;0.00;-1.00;6.704;-0.03439;0.006976;-6.608;84.27;-44.85;98.56;98.56;0.52;6.704;6.608;0.09665;8.264;8.201;-10.148;0.50;-89.94;
2026-01-22 16:23:24.20;0.00:00:20:366;-0.01;0.00;-1.00;6.691;-0.03445;0.00781;-6.595;83.61;-44.85;98.57;98.57;0.53;6.691;6.595;0.09592;8.255;8.192;-10.181;0.50;-89.93;
2026-01-22 16:23:24.25;0.00:00:20:416;-0.01;0.00;-1.00;6.687;-0.034;0.007264;-6.591;83.97;-44.85;98.56;98.56;0.52;6.687;6.591;0.09606;8.252;8.189;-10.175;0.50;-89.94;
2026-01-22 16:23:24.31;0.00:00:20:477;-0.01;0.00;-1.00;6.689;-0.03596;0.005414;-6.593;85.72;-44.84;98.56;98.56;0.54;6.689;6.593;0.09613;8.254;8.191;-10.172;0.50;-89.95;
2026-01-22 16:23:24.36;0.00:00:20:528;-0.01;0.00;-1.00;6.697;-0.0361;0.006793;-6.602;84.67;-44.84;98.57;98.57;0.55;6.697;6.602;0.09552;8.259;8.197;-10.199;0.50;-89.94;
2026-01-22 16:23:24.41;0.00:00:20:577;-0.01;0.00;-1.00;6.699;-0.03523;0.006635;-6.603;84.67;-44.84;98.57;98.56;0.54;6.699;6.603;0.09608;8.260;8.197;-10.174;0.50;-89.94;
2026-01-22 16:23:24.46;0.00:00:20:630;-0.01;0.00;-1.00;6.705;-0.03634;0.004222;-6.609;86.69;-44.84;98.57;98.57;0.55;6.705;6.609;0.09585;8.264;8.202;-10.184;0.50;-89.96;
2026-01-22 16:23:24.51;0.00:00:20:677;-0.01;0.00;-1.00;6.711;-0.0358;0.005498;-6.615;85.63;-44.84;98.57;98.57;0.54;6.711;6.615;0.09593;8.268;8.205;-10.180;0.50;-89.95;
2026-01-22 16:23:24.55;0.00:00:20:724;-0.01;0.00;-1.00;6.713;-0.03448;0.006951;-6.616;84.30;-44.85;98.56;98.56;0.52;6.713;6.617;0.09685;8.269;8.206;-10.139;0.50;-89.94;
2026-01-22 16:23:24.60;0.00:00:20:773;-0.01;0.00;-1.00;6.702;-0.03427;0.006342;-6.606;84.76;-44.85;98.56;98.56;0.52;6.702;6.606;0.09634;8.262;8.199;-10.162;0.50;-89.94;
2026-01-22 16:23:24.65;0.00:00:20:818;-0.01;0.00;-1.00;6.701;-0.03542;0.007223;-6.604;84.24;-44.84;98.56;98.56;0.54;6.701;6.604;0.09665;8.261;8.198;-10.148;0.50;-89.94;
2026-01-22 16:23:24.69;0.00:00:20:865;-0.01;0.00;-1.00;6.699;-0.03476;0.007334;-6.602;84.04;-44.85;98.55;98.55;0.53;6.699;6.602;0.09702;8.260;8.197;-10.131;0.50;-89.94;
2026-01-22 16:23:24.74;0.00:00:20:910;-0.01;0.00;-1.00;6.696;-0.03455;0.008636;-6.599;82.98;-44.85;98.55;98.55;0.53;6.696;6.599;0.0971;8.258;8.195;-10.128;0.50;-89.93;
2026-01-22 16:23:24.79;0.00:00:20:957;-0.01;0.00;-1.00;6.691;-0.03374;0.00871;-6.593;82.76;-44.85;98.54;98.54;0.52;6.691;6.593;0.09759;8.255;8.191;-10.106;0.50;-89.92;
2026-01-22 16:23:24.83;0.00:00:21:004;-0.01;0.00;-1.00;6.686;-0.034;0.008804;-6.589;82.74;-44.85;98.54;98.54;0.53;6.686;6.589;0.09744;8.252;8.188;-10.113;0.50;-89.92;
2026-01-22 16:23:24.88;0.00:00:21:050;-0.01;0.00;-1.00;6.685;-0.03566;0.004768;-6.588;86.19;-44.84;98.56;98.56;0.54;6.685;6.588;0.09612;8.251;8.188;-10.172;0.50;-89.96;
2026-01-22 16:23:24.93;0.00:00:21:098;-0.01;0.00;-1.00;6.691;-0.03671;0.005425;-6.595;85.80;-44.84;98.56;98.56;0.55;6.691;6.595;0.09629;8.255;8.192;-10.164;0.50;-89.95;
2026-01-22 16:23:24.97;0.00:00:21:144;-0.01;0.00;-1.00;6.698;-0.03561;0.006122;-6.601;85.12;-44.84;98.55;98.55;0.54;6.698;6.601;0.09706;8.259;8.196;-10.129;0.50;-89.95;
2026-01-22 16:23:25.04;0.00:00:21:207;-0.01;0.00;-1.00;6.703;-0.03526;0.006643;-6.607;84.67;-44.84;98.56;98.56;0.54;6.703;6.607;0.09637;8.263;8.200;-10.161;0.50;-89.94;
2026-01-22 16:23:25.08;0.00:00:21:254;-0.01;0.00;-1.00;6.707;-0.03665;0.004338;-6.611;86.62;-44.84;98.56;98.56;0.55;6.707;6.611;0.09637;8.265;8.203;-10.161;0.50;-89.96;
2026-01-22 16:23:25.13;0.00:00:21:302;-0.01;0.00;-1.00;6.721;-0.03536;0.006037;-6.625;85.16;-44.84;98.57;98.57;0.53;6.721;6.625;0.09621;8.274;8.212;-10.168;0.50;-89.95;
2026-01-22 16:23:25.18;0.00:00:21:349;-0.01;0.00;-1.00;6.721;-0.03577;0.007446;-6.624;84.12;-44.84;98.56;98.56;0.54;6.721;6.624;0.09693;8.274;8.211;-10.135;0.50;-89.94;
2026-01-22 16:23:25.23;0.00:00:21:396;-0.01;0.00;-1.00;6.721;-0.03523;0.006118;-6.623;85.07;-44.85;98.54;98.54;0.53;6.721;6.623;0.0979;8.275;8.211;-10.092;0.50;-89.95;
2026-01-22 16:23:25.27;0.00:00:21:442;-0.01;0.00;-1.00;6.722;-0.03599;0.006039;-6.626;85.24;-44.84;98.57;98.57;0.54;6.722;6.626;0.09608;8.275;8.212;-10.173;0.50;-89.95;
2026-01-22 16:23:25.32;0.00:00:21:490;-0.01;0.00;-1.00;6.723;-0.03445;0.008403;-6.626;83.15;-44.85;98.56;98.56;0.53;6.723;6.626;0.0967;8.276;8.213;-10.146;0.50;-89.93;
2026-01-22 16:23:25.37;0.00:00:21:537;-0.01;0.00;-1.00;6.717;-0.03412;0.007598;-6.621;83.72;-44.85;98.58;98.58;0.52;6.717;6.621;0.0955;8.272;8.209;-10.200;0.50;-89.93;
2026-01-22 16:23:25.41;0.00:00:21:583;-0.01;0.00;-1.00;6.712;-0.03348;0.008877;-6.616;82.57;-44.85;98.57;98.57;0.52;6.712;6.616;0.09573;8.268;8.206;-10.190;0.50;-89.92;
2026-01-22 16:23:25.47;0.00:00:21:645;-0.01;0.00;-1.00;6.697;-0.03493;0.006541;-6.601;84.70;-44.85;98.57;98.56;0.53;6.697;6.601;0.09602;8.259;8.196;-10.177;0.50;-89.94;
2026-01-22 16:23:25.52;0.00:00:21:692;-0.01;0.00;-1.00;6.698;-0.03455;0.006561;-6.603;84.62;-44.85;98.57;98.57;0.53;6.698;6.603;0.09569;8.260;8.197;-10.192;0.50;-89.94;
2026-01-22 16:23:25.57;0.00:00:21:739;-0.01;0.00;-1.00;6.699;-0.03518;0.006802;-6.604;84.53;-44.84;98.58;98.58;0.53;6.699;6.604;0.09503;8.260;8.198;-10.221;0.50;-89.94;
2026-01-22 16:23:25.61;0.00:00:21:784;-0.01;0.00;-1.00;6.692;-0.03417;0.007819;-6.596;83.55;-44.85;98.57;98.57;0.52;6.692;6.597;0.09573;8.256;8.193;-10.189;0.50;-89.93;
2026-01-22 16:23:25.66;0.00:00:21:831;-0.01;0.00;-1.00;6.689;-0.03492;0.007662;-6.593;83.81;-44.84;98.57;98.57;0.53;6.689;6.593;0.09568;8.253;8.191;-10.192;0.50;-89.93;
2026-01-22 16:23:25.71;0.00:00:21:877;-0.01;0.00;-1.00;6.691;-0.0361;0.006732;-6.595;84.72;-44.84;98.57;98.57;0.55;6.691;6.595;0.0956;8.255;8.192;-10.196;0.50;-89.94;
2026-01-22 16:23:25.75;0.00:00:21:924;-0.01;0.00;-1.00;6.693;-0.03519;0.006175;-6.596;85.02;-44.84;98.56;98.56;0.53;6.693;6.596;0.09623;8.256;8.193;-10.167;0.50;-89.95;
2026-01-22 16:23:25.80;0.00:00:21:969;-0.01;0.00;-1.00;6.693;-0.03542;0.006624;-6.596;84.70;-44.84;98.56;98.56;0.54;6.693;6.596;0.09612;8.256;8.193;-10.172;0.50;-89.94;
2026-01-22 16:23:25.85;0.00:00:22:017;-0.01;0.00;-1.00;6.692;-0.03433;0.007613;-6.596;83.75;-44.85;98.56;98.56;0.53;6.692;6.596;0.09639;8.256;8.193;-10.160;0.50;-89.93;
2026-01-22 16:23:25.89;0.00:00:22:063;-0.01;0.00;-1.00;6.689;-0.03533;0.006431;-6.594;84.84;-44.84;98.57;98.57;0.54;6.689;6.594;0.09563;8.254;8.191;-10.194;0.50;-89.94;
2026-01-22 16:23:25.94;0.00:00:22:111;-0.01;0.00;-1.00;6.694;-0.0356;0.005274;-6.598;85.79;-44.84;98.57;98.57;0.54;6.694;6.598;0.09582;8.257;8.194;-10.185;0.50;-89.95;
2026-01-22 16:23:25.99;0.00:00:22:157;-0.01;0.00;-1.00;6.698;-0.03498;0.006572;-6.602;84.68;-44.85;98.56;98.56;0.53;6.698;6.602;0.09638;8.260;8.197;-10.160;0.50;-89.94;
2026-01-22 16:23:26.03;0.00:00:22:203;-0.01;0.00;-1.00;6.698;-0.03467;0.0069;-6.602;84.37;-44.85;98.57;98.57;0.53;6.698;6.602;0.09567;8.259;8.197;-10.192;0.50;-89.94;
2026-01-22 16:23:26.08;0.00:00:22:253;-0.01;0.00;-1.00;6.703;-0.03551;0.006317;-6.606;84.96;-44.84;98.57;98.57;0.54;6.703;6.607;0.09608;8.262;8.200;-10.174;0.50;-89.95;
2026-01-22 16:23:26.14;0.00:00:22:314;-0.01;0.00;-1.00;6.703;-0.03591;0.005125;-6.607;85.94;-44.84;98.57;98.57;0.54;6.703;6.607;0.09579;8.262;8.200;-10.187;0.50;-89.96;
2026-01-22 16:23:26.19;0.00:00:22:360;-0.01;0.00;-1.00;6.706;-0.0345;0.00726;-6.61;84.06;-44.85;98.57;98.56;0.53;6.706;6.61;0.09622;8.265;8.202;-10.168;0.50;-89.94;
2026-01-22 16:23:26.24;0.00:00:22:407;-0.01;0.00;-1.00;6.702;-0.03401;0.008352;-6.605;83.10;-44.85;98.56;98.56;0.52;6.702;6.605;0.09631;8.262;8.199;-10.163;0.50;-89.93;
2026-01-22 16:23:26.28;0.00:00:22:453;-0.01;0.00;-1.00;6.692;-0.03417;0.007628;-6.595;83.71;-44.85;98.56;98.55;0.52;6.692;6.595;0.09665;8.256;8.192;-10.148;0.50;-89.93;
2026-01-22 16:23:26.33;0.00:00:22:501;-0.01;0.00;-1.00;6.688;-0.03456;0.006946;-6.591;84.32;-44.85;98.56;98.56;0.53;6.688;6.591;0.09652;8.253;8.190;-10.154;0.50;-89.94;
2026-01-22 16:23:26.39;0.00:00:22:563;-0.01;0.00;-1.00;6.689;-0.03594;0.004621;-6.593;86.34;-44.84;98.56;98.56;0.54;6.689;6.593;0.09617;8.254;8.191;-10.170;0.50;-89.96;
2026-01-22 16:23:26.44;0.00:00:22:609;-0.01;0.00;-1.00;6.689;-0.03528;0.007794;-6.592;83.77;-44.84;98.56;98.56;0.54;6.689;6.593;0.09617;8.253;8.191;-10.169;0.50;-89.93;
2026-01-22 16:23:26.49;0.00:00:22:656;-0.01;0.00;-1.00;6.688;-0.03581;0.005444;-6.592;85.68;-44.84;98.57;98.57;0.54;6.688;6.592;0.09562;8.253;8.190;-10.195;0.50;-89.95;
2026-01-22 16:23:26.53;0.00:00:22:703;-0.01;0.00;-1.00;6.692;-0.03608;0.005573;-6.596;85.61;-44.84;98.57;98.57;0.55;6.692;6.596;0.0959;8.255;8.193;-10.182;0.50;-89.95;
2026-01-22 16:23:26.58;0.00:00:22:750;-0.01;0.00;-1.00;6.698;-0.03591;0.004367;-6.602;86.53;-44.84;98.57;98.56;0.54;6.698;6.602;0.09606;8.260;8.197;-10.175;0.50;-89.96;
2026-01-22 16:23:26.63;0.00:00:22:800;-0.01;0.00;-1.00;6.701;-0.03303;0.009691;-6.604;81.82;-44.85;98.56;98.56;0.51;6.701;6.604;0.09664;8.261;8.198;-10.149;0.50;-89.92;
2026-01-22 16:23:26.68;0.00:00:22:846;-0.01;0.00;-1.00;6.693;-0.03483;0.007298;-6.596;84.08;-44.85;98.56;98.56;0.53;6.693;6.597;0.09612;8.256;8.193;-10.172;0.50;-89.94;
2026-01-22 16:23:26.72;0.00:00:22:892;-0.01;0.00;-1.00;6.702;-0.03595;0.005528;-6.606;85.63;-44.84;98.57;98.57;0.54;6.702;6.606;0.09606;8.262;8.199;-10.174;0.50;-89.95;
2026-01-22 16:23:26.77;0.00:00:22:940;-0.01;0.00;-1.00;6.705;-0.0347;0.00704;-6.608;84.27;-44.85;98.56;98.56;0.53;6.705;6.608;0.09668;8.264;8.201;-10.147;0.50;-89.94;
2026-01-22 16:23:26.81;0.00:00:22:985;-0.01;0.00;-1.00;6.704;-0.03562;0.006092;-6.607;85.15;-44.84;98.57;98.57;0.54;6.704;6.608;0.09602;8.263;8.200;-10.176;0.50;-89.95;
2026-01-22 16:23:26.86;0.00:00:23:032;-0.01;0.00;-1.00;6.7;-0.03474;0.0076;-6.604;83.83;-44.85;98.56;98.56;0.53;6.7;6.604;0.09644;8.261;8.198;-10.157;0.50;-89.93;
2026-01-22 16:23:26.91;0.00:00:23:079;-0.01;0.00;-1.00;6.697;-0.03473;0.007143;-6.6;84.19;-44.85;98.56;98.55;0.53;6.697;6.6;0.0967;8.259;8.196;-10.146;0.50;-89.94;
2026-01-22 16:23:26.96;0.00:00:23:128;-0.01;0.00;-1.00;6.704;-0.0361;0.006131;-6.607;85.18;-44.84;98.56;98.56;0.55;6.704;6.607;0.09659;8.263;8.200;-10.151;0.50;-89.95;
2026-01-22 16:23:27.00;0.00:00:23:174;-0.01;0.00;-1.00;6.705;-0.03385;0.007466;-6.608;83.78;-44.85;98.56;98.56;0.52;6.705;6.608;0.09671;8.264;8.201;-10.145;0.50;-89.94;
2026-01-22 16:23:27.05;0.00:00:23:220;-0.01;0.00;-1.00;6.703;-0.03501;0.00546;-6.607;85.57;-44.85;98.57;98.57;0.53;6.703;6.607;0.09604;8.263;8.200;-10.175;0.50;-89.95;
2026-01-22 16:23:27.10;0.00:00:23:266;-0.01;0.00;-1.00;6.708;-0.0356;0.005996;-6.611;85.22;-44.84;98.56;98.56;0.54;6.708;6.611;0.09651;8.266;8.203;-10.154;0.50;-89.95;
2026-01-22 16:23:27.14;0.00:00:23:315;-0.01;0.00;-1.00;6.711;-0.03608;0.004889;-6.615;86.14;-44.84;98.57;98.56;0.54;6.711;6.615;0.09627;8.268;8.205;-10.165;0.50;-89.96;
2026-01-22 16:23:27.19;0.00:00:23:361;-0.01;0.00;-1.00;6.716;-0.0361;0.005964;-6.619;85.31;-44.84;98.57;98.56;0.54;6.716;6.62;0.09634;8.271;8.208;-10.162;0.50;-89.95;
2026-01-22 16:23:27.24;0.00:00:23:406;-0.01;0.00;-1.00;6.716;-0.03641;0.004577;-6.62;86.42;-44.84;98.57;98.57;0.55;6.716;6.62;0.09601;8.271;8.209;-10.177;0.50;-89.96;
2026-01-22 16:23:27.28;0.00:00:23:453;-0.01;0.00;-1.00;6.72;-0.03581;0.005969;-6.624;85.27;-44.84;98.57;98.57;0.54;6.72;6.624;0.09608;8.274;8.211;-10.173;0.50;-89.95;
2026-01-22 16:23:27.33;0.00:00:23:499;-0.01;0.00;-1.00;6.724;-0.03648;0.005075;-6.628;86.04;-44.84;98.57;98.57;0.55;6.724;6.628;0.09596;8.276;8.214;-10.179;0.50;-89.96;
2026-01-22 16:23:27.38;0.00:00:23:547;-0.01;0.00;-1.00;6.729;-0.03516;0.006468;-6.632;84.79;-44.85;98.56;98.56;0.53;6.729;6.632;0.09705;8.280;8.217;-10.130;0.50;-89.94;
2026-01-22 16:23:27.42;0.00:00:23:594;-0.01;0.00;-1.00;6.729;-0.03488;0.007392;-6.632;84.02;-44.85;98.56;98.56;0.53;6.729;6.633;0.09693;8.280;8.217;-10.136;0.50;-89.94;
2026-01-22 16:23:27.47;0.00:00:23:640;-0.01;0.00;-1.00;6.725;-0.03583;0.005746;-6.628;85.44;-44.84;98.56;98.55;0.54;6.725;6.628;0.09709;8.277;8.214;-10.128;0.50;-89.95;
2026-01-22 16:23:27.52;0.00:00:23:687;-0.01;0.00;-1.00;6.729;-0.03604;0.004441;-6.632;86.49;-44.84;98.56;98.56;0.54;6.729;6.632;0.09687;8.280;8.217;-10.138;0.50;-89.96;
2026-01-22 16:23:27.56;0.00:00:23:734;-0.01;0.00;-1.00;6.733;-0.03432;0.008991;-6.636;82.66;-44.85;98.56;98.56;0.53;6.733;6.636;0.09692;8.282;8.219;-10.136;0.50;-89.92;
2026-01-22 16:23:27.61;0.00:00:23:780;-0.01;0.00;-1.00;6.725;-0.03455;0.008543;-6.629;83.06;-44.85;98.57;98.57;0.53;6.725;6.629;0.09604;8.277;8.214;-10.175;0.50;-89.93;
2026-01-22 16:23:27.66;0.00:00:23:826;-0.01;0.00;-1.00;6.724;-0.03524;0.005974;-6.627;85.19;-44.85;98.56;98.56;0.53;6.724;6.627;0.09681;8.276;8.213;-10.141;0.50;-89.95;
2026-01-22 16:23:27.70;0.00:00:23:872;-0.01;0.00;-1.00;6.729;-0.0362;0.005067;-6.632;86.02;-44.84;98.56;98.56;0.54;6.729;6.632;0.09683;8.279;8.217;-10.140;0.50;-89.96;
2026-01-22 16:23:27.77;0.00:00:23:937;-0.01;0.00;-1.00;6.736;-0.03411;0.007741;-6.639;83.61;-44.85;98.56;98.56;0.52;6.736;6.639;0.09699;8.284;8.221;-10.133;0.50;-89.93;
2026-01-22 16:23:27.83;0.00:00:23:999;-0.01;0.00;-1.00;6.733;-0.03534;0.006911;-6.637;84.47;-44.84;98.57;98.57;0.53;6.733;6.637;0.09644;8.282;8.220;-10.157;0.50;-89.94;
2026-01-22 16:23:27.88;0.00:00:24:046;-0.01;0.00;-1.00;6.729;-0.03602;0.006275;-6.632;85.06;-44.84;98.56;98.56;0.54;6.729;6.632;0.09688;8.279;8.216;-10.138;0.50;-89.95;
2026-01-22 16:23:27.94;0.00:00:24:107;-0.01;0.00;-1.00;6.729;-0.03454;0.007843;-6.632;83.60;-44.85;98.56;98.56;0.53;6.729;6.632;0.09671;8.280;8.217;-10.145;0.50;-89.93;
2026-01-22 16:23:27.98;0.00:00:24:154;-0.01;0.00;-1.00;6.725;-0.03507;0.007539;-6.628;83.93;-44.84;98.56;98.56;0.53;6.725;6.628;0.09668;8.277;8.214;-10.147;0.50;-89.93;
2026-01-22 16:23:28.03;0.00:00:24:200;-0.01;0.00;-1.00;6.723;-0.03528;0.00724;-6.626;84.20;-44.84;98.56;98.56;0.54;6.723;6.626;0.0968;8.275;8.212;-10.141;0.50;-89.94;
2026-01-22 16:23:28.08;0.00:00:24:248;-0.01;0.00;-1.00;6.725;-0.03507;0.008125;-6.629;83.48;-44.84;98.58;98.58;0.54;6.725;6.629;0.09568;8.277;8.215;-10.192;0.50;-89.93;
2026-01-22 16:23:28.12;0.00:00:24:294;-0.01;0.00;-1.00;6.72;-0.03383;0.007782;-6.624;83.52;-44.85;98.57;98.57;0.52;6.72;6.624;0.09596;8.273;8.211;-10.179;0.50;-89.93;
2026-01-22 16:23:28.17;0.00:00:24:342;-0.01;0.00;-1.00;6.716;-0.03452;0.007659;-6.62;83.74;-44.85;98.58;98.58;0.53;6.716;6.621;0.09557;8.271;8.209;-10.197;0.50;-89.93;
2026-01-22 16:23:28.22;0.00:00:24:390;-0.01;0.00;-1.00;6.715;-0.0351;0.006948;-6.618;84.40;-44.85;98.56;98.56;0.53;6.715;6.618;0.0964;8.270;8.208;-10.159;0.50;-89.94;
2026-01-22 16:23:28.26;0.00:00:24:435;-0.01;0.00;-1.00;6.715;-0.03476;0.007127;-6.618;84.21;-44.85;98.56;98.56;0.53;6.715;6.618;0.09645;8.270;8.207;-10.157;0.50;-89.94;
2026-01-22 16:23:28.31;0.00:00:24:484;-0.01;0.00;-1.00;6.713;-0.03435;0.008019;-6.616;83.43;-44.85;98.56;98.56;0.53;6.713;6.616;0.09684;8.269;8.206;-10.139;0.50;-89.93;
2026-01-22 16:23:28.36;0.00:00:24:530;0.00;0.00;-1.00;6.704;-0.03297;0.009533;-6.607;81.94;-44.85;98.55;98.55;0.51;6.704;6.607;0.09704;8.263;8.200;-10.131;0.50;-89.92;
2026-01-22 16:23:28.41;0.00:00:24:576;-0.01;0.00;-1.00;6.698;-0.03617;0.006024;-6.601;85.27;-44.84;98.56;98.56;0.55;6.698;6.601;0.09631;8.259;8.196;-10.163;0.50;-89.95;
2026-01-22 16:23:28.45;0.00:00:24:624;-0.01;0.00;-1.00;6.697;-0.03379;0.008987;-6.601;82.55;-44.85;98.56;98.55;0.52;6.697;6.601;0.09671;8.259;8.196;-10.145;0.50;-89.92;
2026-01-22 16:23:28.50;0.00:00:24:675;-0.01;0.00;-1.00;6.689;-0.03563;0.004461;-6.593;86.43;-44.84;98.57;98.57;0.54;6.689;6.593;0.09558;8.253;8.191;-10.196;0.50;-89.96;
2026-01-22 16:23:28.56;0.00:00:24:727;-0.01;0.00;-1.00;6.693;-0.03599;0.006708;-6.597;84.72;-44.84;98.57;98.57;0.55;6.693;6.597;0.09583;8.256;8.193;-10.185;0.50;-89.94;
2026-01-22 16:23:28.61;0.00:00:24:778;-0.01;0.00;-1.00;6.682;-0.03353;0.00808;-6.586;83.23;-44.85;98.57;98.57;0.52;6.682;6.587;0.09571;8.249;8.187;-10.190;0.50;-89.93;
2026-01-22 16:23:28.66;0.00:00:24:830;-0.01;0.00;-1.00;6.681;-0.03784;0.003327;-6.585;87.49;-44.83;98.56;98.56;0.57;6.681;6.585;0.09588;8.248;8.186;-10.183;0.50;-89.97;
2026-01-22 16:23:28.71;0.00:00:24:880;-0.01;0.00;-1.00;6.701;-0.03582;0.005419;-6.604;85.70;-44.84;98.56;98.55;0.54;6.701;6.604;0.09677;8.261;8.198;-10.142;0.50;-89.95;
2026-01-22 16:23:28.76;0.00:00:24:932;-0.01;0.00;-1.00;6.7;-0.03446;0.008824;-6.603;82.82;-44.85;98.55;98.55;0.53;6.7;6.603;0.09727;8.261;8.197;-10.120;0.50;-89.92;
2026-01-22 16:23:28.81;0.00:00:24:983;-0.01;0.00;-1.00;6.69;-0.03493;0.006908;-6.594;84.41;-44.85;98.56;98.56;0.53;6.69;6.594;0.09605;8.254;8.192;-10.175;0.50;-89.94;
2026-01-22 16:23:28.86;0.00:00:25:033;-0.01;0.00;-1.00;6.689;-0.03467;0.007294;-6.593;84.06;-44.85;98.57;98.57;0.53;6.689;6.593;0.09567;8.253;8.191;-10.192;0.50;-89.94;
2026-01-22 16:23:28.91;0.00:00:25:084;-0.01;0.00;-1.00;6.682;-0.03468;0.007445;-6.586;83.94;-44.85;98.56;98.56;0.53;6.682;6.586;0.09614;8.249;8.186;-10.171;0.50;-89.94;
2026-01-22 16:23:28.97;0.00:00:25:136;-0.01;0.00;-1.00;6.681;-0.03538;0.006267;-6.586;84.98;-44.84;98.58;98.58;0.54;6.681;6.586;0.09491;8.248;8.186;-10.227;0.50;-89.95;
2026-01-22 16:23:29.02;0.00:00:25:188;-0.01;0.00;-1.00;6.683;-0.0359;0.006188;-6.587;85.11;-44.84;98.57;98.57;0.55;6.683;6.587;0.09577;8.250;8.187;-10.188;0.50;-89.95;
2026-01-22 16:23:29.07;0.00:00:25:240;-0.01;0.00;-1.00;6.684;-0.03462;0.00727;-6.588;84.07;-44.85;98.56;98.56;0.53;6.684;6.588;0.09606;8.251;8.188;-10.175;0.50;-89.94;
2026-01-22 16:23:29.12;0.00:00:25:290;-0.01;0.00;-1.00;6.674;-0.03779;0.004638;-6.578;86.50;-44.83;98.56;98.56;0.57;6.674;6.578;0.0961;8.244;8.181;-10.173;0.50;-89.96;
2026-01-22 16:23:29.17;0.00:00:25:341;-0.01;0.00;-1.00;6.682;-0.03694;0.004815;-6.586;86.29;-44.84;98.56;98.56;0.56;6.682;6.586;0.09606;8.249;8.186;-10.174;0.50;-89.96;
2026-01-22 16:23:29.22;0.00:00:25:392;-0.01;0.00;-1.00;6.695;-0.03594;0.006435;-6.599;84.92;-44.84;98.57;98.56;0.55;6.695;6.599;0.09599;8.258;8.195;-10.178;0.50;-89.94;
2026-01-22 16:23:29.27;0.00:00:25:444;-0.01;0.00;-1.00;6.696;-0.03551;0.005989;-6.6;85.21;-44.84;98.57;98.57;0.54;6.696;6.6;0.09595;8.258;8.196;-10.179;0.50;-89.95;
2026-01-22 16:23:29.32;0.00:00:25:494;-0.01;0.00;-1.00;6.696;-0.03428;0.008448;-6.599;83.08;-44.85;98.55;98.55;0.53;6.696;6.599;0.09678;8.258;8.195;-10.142;0.50;-89.93;
2026-01-22 16:23:29.37;0.00:00:25:540;-0.01;0.00;-1.00;6.691;-0.03512;0.006586;-6.595;84.69;-44.84;98.56;98.56;0.53;6.691;6.595;0.09617;8.255;8.192;-10.170;0.50;-89.94;
2026-01-22 16:23:29.42;0.00:00:25:589;-0.01;0.00;-1.00;6.695;-0.03762;0.004131;-6.599;86.87;-44.84;98.57;98.57;0.57;6.695;6.599;0.09579;8.257;8.195;-10.187;0.50;-89.96;
2026-01-22 16:23:29.47;0.00:00:25:638;0.00;0.00;-1.00;6.694;-0.03172;0.006631;-6.596;84.10;-44.86;98.54;98.54;0.48;6.694;6.596;0.09789;8.257;8.193;-10.093;0.50;-89.94;
2026-01-22 16:23:29.52;0.00:00:25:690;-0.01;0.00;-1.00;6.69;-0.03655;0.007522;-6.593;84.18;-44.84;98.56;98.55;0.56;6.69;6.594;0.09666;8.254;8.191;-10.148;0.50;-89.93;
2026-01-22 16:23:29.57;0.00:00:25:740;-0.01;0.00;-1.00;6.686;-0.03752;0.007185;-6.589;84.58;-44.83;98.56;98.55;0.57;6.686;6.589;0.09661;8.252;8.188;-10.150;0.50;-89.94;
2026-01-22 16:23:29.62;0.00:00:25:793;-0.01;0.00;-1.00;6.686;-0.03639;0.007343;-6.59;84.30;-44.84;98.56;98.56;0.56;6.686;6.59;0.09639;8.252;8.189;-10.160;0.50;-89.94;
2026-01-22 16:23:29.67;0.00:00:25:843;-0.01;0.00;-1.00;6.689;-0.0385;0.006327;-6.593;85.33;-44.83;98.56;98.56;0.58;6.689;6.593;0.09606;8.253;8.191;-10.175;0.50;-89.95;
2026-01-22 16:23:29.72;0.00:00:25:894;-0.01;0.00;-1.00;6.693;-0.03757;0.007131;-6.596;84.63;-44.83;98.56;98.56;0.57;6.693;6.596;0.09654;8.256;8.193;-10.153;0.50;-89.94;
2026-01-22 16:23:29.78;0.00:00:25:946;-0.01;0.00;-1.00;6.693;-0.0374;0.007021;-6.596;84.68;-44.83;98.56;98.56;0.57;6.693;6.597;0.09655;8.256;8.193;-10.153;0.50;-89.94;
2026-01-22 16:23:29.83;0.00:00:25:997;-0.01;0.00;-1.00;6.695;-0.03936;0.0059;-6.599;85.74;-44.83;98.57;98.56;0.59;6.695;6.599;0.09602;8.258;8.195;-10.176;0.50;-89.95;
2026-01-22 16:23:29.87;0.00:00:26:045;-0.01;0.00;-1.00;6.696;-0.03683;0.007586;-6.6;84.18;-44.84;98.57;98.57;0.56;6.696;6.601;0.0957;8.258;8.196;-10.191;0.50;-89.93;
2026-01-22 16:23:29.93;0.00:00:26:096;-0.01;0.00;-1.00;6.694;-0.03753;0.009106;-6.598;83.18;-44.83;98.57;98.57;0.58;6.694;6.598;0.09539;8.257;8.194;-10.205;0.50;-89.92;
2026-01-22 16:23:29.98;0.00:00:26:147;-0.01;0.00;-1.00;6.691;-0.0386;0.005753;-6.595;85.76;-44.83;98.57;98.57;0.58;6.691;6.595;0.09574;8.255;8.192;-10.189;0.50;-89.95;
2026-01-22 16:23:30.03;0.00:00:26:198;-0.01;0.00;-1.00;6.7;-0.0377;0.006892;-6.604;84.82;-44.83;98.56;98.56;0.57;6.7;6.604;0.09639;8.261;8.198;-10.160;0.50;-89.94;
2026-01-22 16:23:30.08;0.00:00:26:250;-0.01;0.00;-1.00;6.703;-0.03901;0.005422;-6.606;86.04;-44.83;98.56;98.56;0.59;6.703;6.607;0.09629;8.263;8.200;-10.164;0.50;-89.95;
2026-01-22 16:23:30.13;0.00:00:26:300;-0.01;0.00;-1.00;6.71;-0.03927;0.003813;-6.614;87.23;-44.83;98.57;98.57;0.59;6.71;6.614;0.09611;8.267;8.205;-10.173;0.50;-89.97;
2026-01-22 16:23:30.18;0.00:00:26:352;-0.01;0.00;-1.00;6.718;-0.03875;0.00561;-6.622;85.88;-44.83;98.57;98.56;0.58;6.718;6.622;0.0963;8.273;8.210;-10.164;0.50;-89.95;
2026-01-22 16:23:30.23;0.00:00:26:402;-0.01;0.00;-1.00;6.726;-0.03797;0.006469;-6.629;85.17;-44.83;98.56;98.56;0.57;6.726;6.629;0.09678;8.277;8.214;-10.142;0.50;-89.94;
2026-01-22 16:23:30.28;0.00:00:26:453;-0.01;0.00;-1.00;6.729;-0.03774;0.005768;-6.632;85.66;-44.84;98.56;98.56;0.57;6.729;6.632;0.09673;8.279;8.216;-10.144;0.50;-89.95;
2026-01-22 16:23:30.34;0.00:00:26:506;-0.01;0.00;-1.00;6.723;-0.03688;0.007453;-6.626;84.29;-44.84;98.57;98.56;0.56;6.723;6.626;0.09639;8.276;8.213;-10.160;0.50;-89.94;
2026-01-22 16:23:30.39;0.00:00:26:556;-0.01;0.00;-1.00;6.721;-0.0381;0.007367;-6.625;84.53;-44.83;98.57;98.57;0.58;6.721;6.625;0.09599;8.274;8.212;-10.178;0.50;-89.94;
2026-01-22 16:23:30.44;0.00:00:26:606;-0.01;0.00;-1.00;6.719;-0.03752;0.008305;-6.623;83.76;-44.83;98.57;98.57;0.57;6.719;6.623;0.09609;8.273;8.210;-10.173;0.50;-89.93;
2026-01-22 16:23:30.49;0.00:00:26:660;-0.01;0.00;-1.00;6.715;-0.03724;0.008212;-6.619;83.78;-44.83;98.57;98.56;0.57;6.715;6.619;0.09625;8.270;8.208;-10.166;0.50;-89.93;
2026-01-22 16:23:30.54;0.00:00:26:707;-0.01;0.00;-1.00;6.711;-0.03788;0.008163;-6.614;83.92;-44.83;98.56;98.56;0.58;6.711;6.614;0.09658;8.268;8.205;-10.151;0.50;-89.93;
2026-01-22 16:23:30.58;0.00:00:26:755;-0.01;0.00;-1.00;6.703;-0.03598;0.01029;-6.605;82.02;-44.84;98.53;98.53;0.56;6.703;6.605;0.09831;8.263;8.199;-10.074;0.50;-89.91;
2026-01-22 16:23:30.63;0.00:00:26:801;-0.01;0.00;-1.00;6.696;-0.03699;0.007453;-6.598;84.30;-44.84;98.54;98.54;0.56;6.696;6.598;0.09764;8.258;8.194;-10.104;0.50;-89.94;
2026-01-22 16:23:30.68;0.00:00:26:848;-0.01;0.00;-1.00;6.692;-0.03748;0.006687;-6.595;84.94;-44.83;98.56;98.55;0.57;6.692;6.595;0.09666;8.255;8.192;-10.147;0.50;-89.94;
2026-01-22 16:23:30.72;0.00:00:26:894;-0.01;0.00;-1.00;6.693;-0.03799;0.006025;-6.597;85.49;-44.83;98.57;98.56;0.57;6.693;6.597;0.09601;8.256;8.194;-10.177;0.50;-89.95;
2026-01-22 16:23:30.77;0.00:00:26:941;-0.01;0.00;-1.00;6.694;-0.03789;0.006141;-6.597;85.40;-44.83;98.56;98.56;0.57;6.694;6.597;0.09633;8.257;8.194;-10.162;0.50;-89.95;
2026-01-22 16:23:30.82;0.00:00:26:988;-0.01;0.00;-1.00;6.694;-0.03828;0.00613;-6.598;85.45;-44.83;98.56;98.56;0.58;6.694;6.598;0.09621;8.257;8.194;-10.168;0.50;-89.95;
2026-01-22 16:23:30.87;0.00:00:27:036;-0.01;0.00;-1.00;6.696;-0.03809;0.007611;-6.599;84.35;-44.83;98.55;98.55;0.58;6.696;6.599;0.09678;8.258;8.195;-10.142;0.50;-89.93;
2026-01-22 16:23:30.91;0.00:00:27:083;-0.01;0.00;-1.00;6.701;-0.03807;0.006282;-6.604;85.31;-44.83;98.56;98.56;0.58;6.701;6.605;0.09625;8.261;8.198;-10.166;0.50;-89.95;
2026-01-22 16:23:30.96;0.00:00:27:129;-0.01;0.00;-1.00;6.703;-0.038;0.005865;-6.607;85.61;-44.83;98.56;98.56;0.57;6.703;6.607;0.09642;8.263;8.200;-10.158;0.50;-89.95;
2026-01-22 16:23:31.01;0.00:00:27:176;-0.01;0.00;-1.00;6.707;-0.03922;0.004803;-6.61;86.51;-44.83;98.56;98.56;0.59;6.707;6.61;0.09647;8.265;8.202;-10.156;0.50;-89.96;
2026-01-22 16:23:31.05;0.00:00:27:222;-0.01;0.00;-1.00;6.707;-0.03604;0.008554;-6.61;83.32;-44.84;98.56;98.56;0.55;6.707;6.61;0.09642;8.265;8.202;-10.158;0.50;-89.93;
2026-01-22 16:23:31.10;0.00:00:27:269;-0.01;0.00;-1.00;6.702;-0.03663;0.0077;-6.605;84.07;-44.84;98.57;98.56;0.56;6.702;6.605;0.0961;8.262;8.199;-10.173;0.50;-89.93;
2026-01-22 16:23:31.14;0.00:00:27:315;-0.01;0.00;-1.00;6.702;-0.03846;0.00673;-6.605;85.04;-44.83;98.56;98.56;0.58;6.702;6.605;0.09668;8.262;8.199;-10.147;0.50;-89.94;
2026-01-22 16:23:31.19;0.00:00:27:361;-0.01;0.00;-1.00;6.705;-0.03808;0.004973;-6.607;86.28;-44.83;98.55;98.55;0.57;6.705;6.607;0.09717;8.264;8.200;-10.125;0.50;-89.96;
2026-01-22 16:23:31.24;0.00:00:27:409;-0.01;0.00;-1.00;6.709;-0.03702;0.007782;-6.612;84.06;-44.84;98.55;98.55;0.56;6.709;6.612;0.09733;8.267;8.203;-10.118;0.50;-89.93;
2026-01-22 16:23:31.29;0.00:00:27:456;-0.01;0.00;-1.00;6.702;-0.03798;0.006611;-6.605;85.06;-44.83;98.56;98.56;0.58;6.702;6.606;0.09642;8.262;8.199;-10.158;0.50;-89.94;
2026-01-22 16:23:31.33;0.00:00:27:503;-0.01;0.00;-1.00;6.703;-0.03801;0.006313;-6.607;85.29;-44.83;98.57;98.57;0.57;6.703;6.607;0.09569;8.263;8.200;-10.191;0.50;-89.95;
2026-01-22 16:23:31.38;0.00:00:27:551;-0.01;0.00;-1.00;6.696;-0.03684;0.006983;-6.6;84.63;-44.84;98.56;98.56;0.56;6.696;6.6;0.09655;8.258;8.195;-10.152;0.50;-89.94;
2026-01-22 16:23:31.44;0.00:00:27:611;-0.01;0.00;-1.00;6.693;-0.03663;0.008196;-6.597;83.69;-44.84;98.57;98.56;0.56;6.693;6.597;0.096;8.256;8.193;-10.177;0.50;-89.93;
2026-01-22 16:23:31.49;0.00:00:27:658;-0.01;0.00;-1.00;6.697;-0.03831;0.006225;-6.601;85.39;-44.83;98.57;98.56;0.58;6.697;6.601;0.09604;8.259;8.196;-10.175;0.50;-89.95;
2026-01-22 16:23:31.53;0.00:00:27:704;-0.01;0.00;-1.00;6.698;-0.03806;0.007379;-6.602;84.51;-44.83;98.56;98.56;0.58;6.698;6.602;0.09622;8.260;8.197;-10.167;0.50;-89.94;
2026-01-22 16:23:31.58;0.00:00:27:753;-0.01;0.00;-1.00;6.697;-0.03739;0.007643;-6.6;84.22;-44.83;98.56;98.56;0.57;6.697;6.6;0.09648;8.259;8.196;-10.156;0.50;-89.93;
2026-01-22 16:23:31.64;0.00:00:27:811;-0.01;0.00;-1.00;6.697;-0.03841;0.005488;-6.601;85.93;-44.83;98.57;98.57;0.58;6.697;6.602;0.09584;8.259;8.196;-10.184;0.50;-89.95;
2026-01-22 16:23:31.69;0.00:00:27:858;-0.01;0.00;-1.00;6.71;-0.03813;0.006617;-6.613;85.08;-44.83;98.57;98.56;0.58;6.71;6.614;0.09626;8.267;8.204;-10.166;0.50;-89.94;
2026-01-22 16:23:31.73;0.00:00:27:905;-0.01;0.00;-1.00;6.707;-0.03764;0.008244;-6.61;83.82;-44.83;98.55;98.55;0.57;6.707;6.61;0.09732;8.266;8.202;-10.118;0.50;-89.93;
2026-01-22 16:23:31.78;0.00:00:27:952;-0.01;0.00;-1.00;6.703;-0.03643;0.00814;-6.606;83.70;-44.84;98.55;98.55;0.56;6.703;6.606;0.09697;8.263;8.199;-10.133;0.50;-89.93;
2026-01-22 16:23:31.84;0.00:00:28:015;-0.01;0.00;-1.00;6.699;-0.03735;0.007494;-6.602;84.33;-44.83;98.56;98.55;0.57;6.699;6.603;0.09672;8.260;8.197;-10.145;0.50;-89.93;
2026-01-22 16:23:31.89;0.00:00:28:060;-0.01;0.00;-1.00;6.698;-0.038;0.007793;-6.602;84.21;-44.83;98.56;98.56;0.58;6.698;6.602;0.0965;8.260;8.197;-10.155;0.50;-89.93;
2026-01-22 16:23:31.94;0.00:00:28:107;-0.01;0.00;-1.00;6.696;-0.03748;0.00728;-6.599;84.50;-44.83;98.56;98.55;0.57;6.696;6.6;0.09667;8.258;8.195;-10.147;0.50;-89.94;
2026-01-22 16:23:31.98;0.00:00:28:154;-0.01;0.00;-1.00;6.697;-0.03914;0.006078;-6.601;85.59;-44.83;98.56;98.56;0.59;6.697;6.601;0.09626;8.259;8.196;-10.166;0.50;-89.95;
2026-01-22 16:23:32.03;0.00:00:28:200;-0.01;0.00;-1.00;6.692;-0.03592;0.009671;-6.596;82.47;-44.84;98.57;98.56;0.56;6.692;6.596;0.09602;8.256;8.193;-10.176;0.50;-89.92;
2026-01-22 16:23:32.08;0.00:00:28:248;-0.01;0.00;-1.00;6.688;-0.03795;0.00658;-6.592;85.08;-44.83;98.57;98.57;0.58;6.688;6.592;0.09571;8.253;8.190;-10.191;0.50;-89.94;
2026-01-22 16:23:32.12;0.00:00:28:294;-0.01;0.00;-1.00;6.698;-0.04001;0.00354;-6.602;87.47;-44.83;98.57;98.56;0.60;6.698;6.602;0.09604;8.260;8.197;-10.175;0.50;-89.97;
2026-01-22 16:23:32.17;0.00:00:28:341;-0.01;0.00;-1.00;6.706;-0.03703;0.007026;-6.609;84.63;-44.84;98.56;98.55;0.56;6.706;6.609;0.09681;8.265;8.201;-10.141;0.50;-89.94;
2026-01-22 16:23:32.22;0.00:00:28:389;-0.01;0.00;-1.00;6.703;-0.03671;0.008735;-6.607;83.31;-44.84;98.57;98.57;0.56;6.703;6.607;0.09582;8.262;8.200;-10.185;0.50;-89.92;
2026-01-22 16:23:32.27;0.00:00:28:436;-0.01;0.00;-1.00;6.705;-0.03816;0.005242;-6.609;86.09;-44.83;98.57;98.57;0.57;6.705;6.609;0.09591;8.264;8.202;-10.181;0.50;-89.95;
2026-01-22 16:23:32.31;0.00:00:28:483;-0.01;0.00;-1.00;6.713;-0.03968;0.003846;-6.617;87.23;-44.83;98.57;98.57;0.59;6.713;6.617;0.09614;8.269;8.206;-10.171;0.50;-89.97;
2026-01-22 16:23:32.36;0.00:00:28:530;-0.01;0.00;-1.00;6.726;-0.03764;0.006483;-6.629;85.11;-44.83;98.57;98.56;0.57;6.726;6.629;0.09648;8.277;8.215;-10.156;0.50;-89.94;
2026-01-22 16:23:32.41;0.00:00:28:577;-0.01;0.00;-1.00;6.726;-0.0375;0.007935;-6.629;84.03;-44.83;98.57;98.57;0.57;6.726;6.629;0.09609;8.277;8.215;-10.173;0.50;-89.93;
2026-01-22 16:23:32.46;0.00:00:28:625;-0.01;0.00;-1.00;6.727;-0.03856;0.004176;-6.63;86.91;-44.83;98.57;98.56;0.58;6.727;6.631;0.09652;8.278;8.215;-10.154;0.50;-89.96;
2026-01-22 16:23:32.50;0.00:00:28:675;-0.01;0.00;-1.00;6.732;-0.03835;0.00697;-6.635;84.85;-44.83;98.56;98.56;0.58;6.732;6.635;0.09677;8.281;8.218;-10.143;0.50;-89.94;
2026-01-22 16:23:32.56;0.00:00:28:726;-0.01;0.00;-1.00;6.734;-0.0377;0.00738;-6.637;84.46;-44.83;98.56;98.56;0.57;6.734;6.637;0.09667;8.283;8.220;-10.147;0.50;-89.94;
2026-01-22 16:23:32.61;0.00:00:28:777;-0.01;0.00;-1.00;6.729;-0.03761;0.006619;-6.632;85.01;-44.84;98.56;98.56;0.57;6.729;6.632;0.09713;8.280;8.217;-10.127;0.50;-89.94;
2026-01-22 16:23:32.66;0.00:00:28:828;-0.01;0.00;-1.00;6.729;-0.03796;0.006916;-6.632;84.84;-44.83;98.56;98.56;0.57;6.729;6.632;0.09694;8.279;8.216;-10.135;0.50;-89.94;
2026-01-22 16:23:32.71;0.00:00:28:880;-0.01;0.00;-1.00;6.724;-0.0369;0.009474;-6.627;82.80;-44.84;98.56;98.56;0.57;6.724;6.628;0.09689;8.277;8.214;-10.137;0.50;-89.92;
2026-01-22 16:23:32.76;0.00:00:28:931;-0.01;0.00;-1.00;6.717;-0.03585;0.009762;-6.619;82.38;-44.84;98.55;98.55;0.55;6.717;6.619;0.09759;8.272;8.208;-10.106;0.50;-89.92;
2026-01-22 16:23:32.81;0.00:00:28:980;-0.01;0.00;-1.00;6.706;-0.03662;0.008673;-6.609;83.34;-44.84;98.56;98.55;0.56;6.706;6.609;0.09682;8.264;8.201;-10.140;0.50;-89.92;
2026-01-22 16:23:32.86;0.00:00:29:031;-0.01;0.00;-1.00;6.702;-0.03637;0.00728;-6.605;84.34;-44.84;98.54;98.54;0.55;6.702;6.605;0.09775;8.262;8.199;-10.099;0.50;-89.94;
2026-01-22 16:23:32.91;0.00:00:29:084;-0.01;0.00;-1.00;6.707;-0.03823;0.006894;-6.611;84.89;-44.83;98.57;98.57;0.58;6.707;6.611;0.09609;8.265;8.203;-10.173;0.50;-89.94;
2026-01-22 16:23:32.96;0.00:00:29:135;-0.01;0.00;-1.00;6.704;-0.03651;0.008462;-6.607;83.48;-44.84;98.56;98.56;0.56;6.704;6.607;0.09659;8.263;8.200;-10.151;0.50;-89.93;
2026-01-22 16:23:33.01;0.00:00:29:185;-0.01;0.00;-1.00;6.691;-0.03723;0.007338;-6.596;84.42;-44.84;98.57;98.57;0.57;6.691;6.596;0.0955;8.255;8.193;-10.200;0.50;-89.94;
2026-01-22 16:23:33.07;0.00:00:29:236;-0.01;0.00;-1.00;6.691;-0.03825;0.007465;-6.596;84.48;-44.83;98.57;98.57;0.58;6.691;6.596;0.09552;8.255;8.193;-10.199;0.50;-89.94;
2026-01-22 16:23:33.12;0.00:00:29:287;-0.01;0.00;-1.00;6.692;-0.03791;0.006008;-6.595;85.50;-44.83;98.56;98.56;0.57;6.692;6.596;0.09615;8.255;8.193;-10.170;0.50;-89.95;
2026-01-22 16:23:33.17;0.00:00:29:338;-0.01;0.00;-1.00;6.692;-0.03724;0.006504;-6.596;85.05;-44.84;98.57;98.57;0.56;6.692;6.597;0.09589;8.256;8.193;-10.182;0.50;-89.94;
2026-01-22 16:23:33.22;0.00:00:29:389;-0.01;0.00;-1.00;6.692;-0.03783;0.006901;-6.596;84.83;-44.83;98.56;98.56;0.57;6.692;6.596;0.09607;8.256;8.193;-10.174;0.50;-89.94;
2026-01-22 16:23:33.27;0.00:00:29:440;-0.01;0.00;-1.00;6.696;-0.03656;0.008541;-6.599;83.42;-44.84;98.55;98.55;0.56;6.696;6.599;0.09717;8.258;8.195;-10.125;0.50;-89.93;
2026-01-22 16:23:33.32;0.00:00:29:491;-0.01;0.00;-1.00;6.691;-0.03789;0.00724;-6.595;84.59;-44.83;98.56;98.56;0.58;6.691;6.595;0.09616;8.255;8.192;-10.170;0.50;-89.94;
2026-01-22 16:23:33.37;0.00:00:29:541;-0.01;0.00;-1.00;6.693;-0.03635;0.007751;-6.597;83.98;-44.84;98.56;98.56;0.56;6.693;6.597;0.09626;8.256;8.193;-10.166;0.50;-89.93;
2026-01-22 16:23:33.42;0.00:00:29:592;-0.01;0.00;-1.00;6.689;-0.03775;0.007451;-6.592;84.42;-44.83;98.56;98.56;0.58;6.689;6.592;0.09601;8.253;8.191;-10.177;0.50;-89.94;
2026-01-22 16:23:33.47;0.00:00:29:645;-0.01;0.00;-1.00;6.686;-0.03754;0.00824;-6.591;83.81;-44.83;98.57;98.57;0.57;6.686;6.591;0.09576;8.252;8.189;-10.188;0.50;-89.93;
2026-01-22 16:23:33.52;0.00:00:29:691;-0.01;0.00;-1.00;6.685;-0.03861;0.006014;-6.59;85.57;-44.83;98.57;98.57;0.58;6.685;6.59;0.09543;8.251;8.189;-10.203;0.50;-89.95;
2026-01-22 16:23:33.58;0.00:00:29:746;-0.01;0.00;-1.00;6.689;-0.03784;0.00821;-6.593;83.88;-44.83;98.56;98.56;0.58;6.689;6.593;0.09618;8.254;8.191;-10.169;0.50;-89.93;
2026-01-22 16:23:33.63;0.00:00:29:796;-0.01;0.00;-1.00;6.687;-0.03668;0.007404;-6.591;84.29;-44.84;98.56;98.56;0.56;6.687;6.591;0.09622;8.252;8.189;-10.168;0.50;-89.94;
2026-01-22 16:23:33.68;0.00:00:29:848;-0.01;0.00;-1.00;6.695;-0.03869;0.005702;-6.598;85.81;-44.83;98.56;98.56;0.58;6.695;6.598;0.09619;8.257;8.194;-10.169;0.50;-89.95;
2026-01-22 16:23:33.73;0.00:00:29:898;-0.01;0.00;-1.00;6.698;-0.0393;0.005148;-6.602;86.27;-44.83;98.57;98.57;0.59;6.698;6.602;0.09555;8.259;8.197;-10.198;0.50;-89.96;
2026-01-22 16:23:33.78;0.00:00:29:949;-0.01;0.00;-1.00;6.713;-0.03878;0.00601;-6.617;85.59;-44.83;98.57;98.57;0.58;6.713;6.617;0.09602;8.269;8.207;-10.176;0.50;-89.95;
2026-01-22 16:23:33.83;0.00:00:29:999;-0.01;0.00;-1.00;6.714;-0.03737;0.007471;-6.617;84.35;-44.84;98.56;98.56;0.57;6.714;6.617;0.09669;8.270;8.207;-10.146;0.50;-89.94;
