Device : ;PAX1000IR1/M
Serial Number : ;M00535216
Firmware Version : ;1.0.3
Software Version : ;1.4.2002.183
Wavelength [nm] : ;780
Basic Sample Rate [Hz] : ;60
Operating Mode : ;1 revolution for one measurement, 1024 points for FFT

Time[date hh:mm:ss] ; Elapsed Time [hh:mm:ss:ms]; Normalized s 1 ; Normalized s 2 ; Normalized s 3 ; S 0 [mW]; S 1 [mW]; S 2 [mW]; S 3 [mW]; Azimuth[°] ; Ellipticity[°] ; DOP[%] ; DOCP[%] ; DOLP[%] ; Power[mW] ; Pol Power[mW] ; Unpol Power[mW] ; Power[dBm] ; Pol Power[dBm] ; Unpol Power[dBm] ; Power-Split-Ratio ; Phase Difference[°] ; Warning
2026-01-22 16:35:08.86;0.00:00:00:050;-1.00;0.00;-0.01;0.009384;-0.009117;-2.324E-05;-0.0001127;-89.93;-0.35;97.17;1.20;97.16;0.009384;0.009118;0.0002655;-20.276;-20.401;-35.760;0.00;-101.65;
2026-01-22 16:35:08.91;0.00:00:00:101;-1.00;0.00;-0.01;0.009349;-0.009087;-2.272E-05;-0.0001137;-89.93;-0.36;97.20;1.22;97.19;0.009349;0.009088;0.0002617;-20.292;-20.416;-35.821;0.00;-101.30;
2026-01-22 16:35:08.95;0.00:00:00:148;-1.00;0.00;-0.01;0.009353;-0.009091;-2.675E-05;-0.0001118;-89.92;-0.35;97.20;1.20;97.19;0.009353;0.009091;0.0002617;-20.291;-20.414;-35.821;0.00;-103.45;
2026-01-22 16:35:09.01;0.00:00:00:200;-1.00;0.00;-0.01;0.009352;-0.009085;-2.201E-05;-0.0001133;-89.93;-0.36;97.15;1.21;97.15;0.009352;0.009086;0.0002663;-20.291;-20.416;-35.747;0.00;-100.99;
2026-01-22 16:35:09.05;0.00:00:00:248;-1.00;0.00;-0.01;0.009324;-0.009057;-1.825E-05;-0.000115;-89.94;-0.36;97.15;1.23;97.14;0.009324;0.009058;0.0002661;-20.304;-20.430;-35.750;0.00;-99.02;
2026-01-22 16:35:09.10;0.00:00:00:298;-1.00;0.00;-0.01;0.009313;-0.009057;-3.029E-05;-0.0001116;-89.90;-0.35;97.26;1.20;97.25;0.009313;0.009058;0.0002554;-20.309;-20.430;-35.928;0.00;-105.19;
2026-01-22 16:35:09.15;0.00:00:00:348;-1.00;0.00;-0.01;0.009339;-0.00908;-2.57E-05;-0.0001123;-89.92;-0.35;97.23;1.20;97.22;0.009339;0.00908;0.0002591;-20.297;-20.419;-35.866;0.00;-102.89;
2026-01-22 16:35:09.20;0.00:00:00:394;-1.00;0.00;-0.01;0.009343;-0.009085;-2.481E-05;-0.0001131;-89.92;-0.36;97.25;1.21;97.24;0.009343;0.009086;0.0002568;-20.295;-20.416;-35.904;0.00;-102.37;
2026-01-22 16:35:09.25;0.00:00:00:442;-1.00;0.00;-0.01;0.009374;-0.009113;-2.527E-05;-0.0001137;-89.92;-0.36;97.23;1.21;97.22;0.009374;0.009114;0.0002597;-20.281;-20.403;-35.855;0.00;-102.53;
2026-01-22 16:35:09.30;0.00:00:00:492;-1.00;0.00;-0.01;0.009377;-0.009116;-2.498E-05;-0.0001126;-89.92;-0.35;97.22;1.20;97.21;0.009377;0.009117;0.0002608;-20.279;-20.402;-35.837;0.00;-102.51;
2026-01-22 16:35:09.35;0.00:00:00:541;-1.00;0.00;-0.01;0.009393;-0.009132;-2.634E-05;-0.0001128;-89.92;-0.35;97.24;1.20;97.23;0.009393;0.009133;0.0002597;-20.272;-20.394;-35.856;0.00;-103.14;
2026-01-22 16:35:09.40;0.00:00:00:592;-1.00;0.00;-0.01;0.009396;-0.009134;-2.348E-05;-0.0001134;-89.93;-0.36;97.22;1.21;97.21;0.009396;0.009134;0.0002612;-20.271;-20.393;-35.830;0.00;-101.70;
2026-01-22 16:35:09.44;0.00:00:00:638;-1.00;0.00;-0.01;0.00939;-0.009128;-2.277E-05;-0.0001134;-89.93;-0.36;97.21;1.21;97.20;0.00939;0.009128;0.0002623;-20.273;-20.396;-35.813;0.00;-101.35;
2026-01-22 16:35:09.49;0.00:00:00:688;-1.00;0.00;-0.01;0.009405;-0.009146;-2.953E-05;-0.0001115;-89.91;-0.35;97.26;1.19;97.25;0.009405;0.009147;0.0002577;-20.267;-20.387;-35.888;0.00;-104.83;
2026-01-22 16:35:09.54;0.00:00:00:733;-1.00;0.00;-0.01;0.009423;-0.009165;-2.482E-05;-0.000113;-89.92;-0.35;97.26;1.20;97.25;0.009423;0.009165;0.0002581;-20.258;-20.378;-35.883;0.00;-102.39;
2026-01-22 16:35:09.59;0.00:00:00:781;-1.00;0.00;-0.01;0.009439;-0.009176;-2.805E-05;-0.0001126;-89.91;-0.35;97.23;1.19;97.22;0.009439;0.009177;0.0002618;-20.251;-20.373;-35.820;0.00;-103.99;
2026-01-22 16:35:09.63;0.00:00:00:827;-1.00;0.00;-0.01;0.009458;-0.009196;-2.484E-05;-0.0001119;-89.92;-0.35;97.24;1.18;97.23;0.009458;0.009197;0.0002611;-20.242;-20.363;-35.832;0.00;-102.52;
2026-01-22 16:35:09.68;0.00:00:00:877;-1.00;0.00;-0.01;0.009408;-0.009148;-2.487E-05;-0.0001137;-89.92;-0.36;97.24;1.21;97.23;0.009408;0.009149;0.0002597;-20.265;-20.386;-35.856;0.00;-102.34;
2026-01-22 16:35:09.73;0.00:00:00:926;-1.00;0.00;-0.01;0.009412;-0.009148;-2.355E-05;-0.000113;-89.93;-0.35;97.20;1.20;97.19;0.009412;0.009148;0.0002638;-20.263;-20.387;-35.788;0.00;-101.78;
2026-01-22 16:35:09.78;0.00:00:00:973;-1.00;0.00;-0.01;0.009404;-0.00914;-2.247E-05;-0.0001134;-89.93;-0.36;97.21;1.21;97.20;0.009404;0.009141;0.0002628;-20.267;-20.390;-35.803;0.00;-101.21;
2026-01-22 16:35:09.83;0.00:00:01:021;-1.00;0.00;-0.01;0.009385;-0.009119;-2.027E-05;-0.0001138;-89.94;-0.36;97.17;1.21;97.16;0.009385;0.00912;0.0002656;-20.275;-20.400;-35.757;0.00;-100.10;
2026-01-22 16:35:09.87;0.00:00:01:069;-1.00;0.00;-0.01;0.009367;-0.009103;-2.289E-05;-0.0001135;-89.93;-0.36;97.19;1.21;97.18;0.009367;0.009104;0.0002636;-20.284;-20.408;-35.791;0.00;-101.40;
2026-01-22 16:35:09.92;0.00:00:01:119;-1.00;0.00;-0.01;0.009366;-0.009102;-2.26E-05;-0.0001136;-89.93;-0.36;97.19;1.21;97.18;0.009366;0.009103;0.0002633;-20.284;-20.408;-35.796;0.00;-101.25;
2026-01-22 16:35:09.97;0.00:00:01:169;-1.00;0.00;-0.01;0.009361;-0.009096;-2.437E-05;-0.0001129;-89.92;-0.36;97.18;1.21;97.17;0.009361;0.009097;0.0002642;-20.287;-20.411;-35.781;0.00;-102.18;
2026-01-22 16:35:10.02;0.00:00:01:219;-1.00;0.00;-0.01;0.009339;-0.009073;-2.292E-05;-0.0001137;-89.93;-0.36;97.16;1.22;97.15;0.009339;0.009073;0.0002656;-20.297;-20.422;-35.757;0.00;-101.40;
2026-01-22 16:35:10.07;0.00:00:01:269;-1.00;0.00;-0.01;0.009329;-0.009066;-2.409E-05;-0.0001121;-89.92;-0.35;97.19;1.20;97.19;0.009329;0.009067;0.0002618;-20.302;-20.425;-35.821;0.00;-102.13;
2026-01-22 16:35:10.12;0.00:00:01:317;-1.00;0.00;-0.01;0.009322;-0.00906;-2.543E-05;-0.0001122;-89.92;-0.35;97.20;1.20;97.19;0.009322;0.009061;0.0002608;-20.305;-20.428;-35.837;0.00;-102.77;
2026-01-22 16:35:10.17;0.00:00:01:365;-1.00;0.00;-0.01;0.009323;-0.009059;-2.419E-05;-0.0001124;-89.92;-0.36;97.18;1.21;97.17;0.009323;0.00906;0.0002629;-20.305;-20.429;-35.802;0.00;-102.15;
2026-01-22 16:35:10.22;0.00:00:01:415;-1.00;0.00;-0.01;0.009344;-0.009081;-2.687E-05;-0.0001109;-89.92;-0.35;97.20;1.19;97.19;0.009344;0.009082;0.000262;-20.295;-20.418;-35.817;0.00;-103.62;
2026-01-22 16:35:10.27;0.00:00:01:464;-1.00;0.00;-0.01;0.009343;-0.00908;-2.287E-05;-0.0001129;-89.93;-0.36;97.19;1.21;97.18;0.009343;0.00908;0.0002628;-20.295;-20.419;-35.803;0.00;-101.45;
2026-01-22 16:35:10.32;0.00:00:01:512;-1.00;0.00;-0.01;0.009341;-0.009075;-2.326E-05;-0.0001129;-89.93;-0.36;97.16;1.21;97.15;0.009341;0.009076;0.0002652;-20.296;-20.421;-35.765;0.00;-101.64;
2026-01-22 16:35:10.37;0.00:00:01:562;-1.00;0.00;-0.01;0.009336;-0.009082;-3.415E-05;-0.0001117;-89.89;-0.35;97.28;1.20;97.28;0.009336;0.009083;0.0002537;-20.298;-20.418;-35.957;0.00;-107.00;
2026-01-22 16:35:10.41;0.00:00:01:609;-1.00;0.00;-0.01;0.009368;-0.009107;-2.687E-05;-0.0001118;-89.92;-0.35;97.22;1.19;97.21;0.009368;0.009108;0.0002607;-20.283;-20.406;-35.838;0.00;-103.51;
2026-01-22 16:35:10.47;0.00:00:01:660;-1.00;0.00;-0.01;0.009381;-0.009118;-2.486E-05;-0.0001131;-89.92;-0.36;97.20;1.21;97.19;0.009381;0.009119;0.0002625;-20.277;-20.401;-35.808;0.00;-102.39;
2026-01-22 16:35:10.51;0.00:00:01:708;-1.00;0.00;-0.01;0.00939;-0.009128;-2.441E-05;-0.0001119;-89.92;-0.35;97.21;1.19;97.21;0.00939;0.009128;0.0002617;-20.273;-20.396;-35.822;0.00;-102.31;
2026-01-22 16:35:10.56;0.00:00:01:756;-1.00;0.00;-0.01;0.009392;-0.009128;-2.575E-05;-0.0001125;-89.92;-0.35;97.20;1.20;97.19;0.009392;0.009129;0.0002628;-20.272;-20.396;-35.804;0.00;-102.89;
2026-01-22 16:35:10.61;0.00:00:01:806;-1.00;0.00;-0.01;0.009396;-0.009133;-2.308E-05;-0.0001131;-89.93;-0.35;97.20;1.20;97.20;0.009396;0.009133;0.0002628;-20.270;-20.394;-35.803;0.00;-101.53;
2026-01-22 16:35:10.66;0.00:00:01:852;-1.00;0.00;-0.01;0.009392;-0.009127;-2.439E-05;-0.0001133;-89.92;-0.36;97.19;1.21;97.18;0.009392;0.009128;0.0002642;-20.273;-20.396;-35.780;0.00;-102.15;
2026-01-22 16:35:10.71;0.00:00:01:901;-1.00;0.00;-0.01;0.009407;-0.009143;-2.407E-05;-0.0001128;-89.92;-0.35;97.20;1.20;97.19;0.009407;0.009143;0.0002632;-20.266;-20.389;-35.796;0.00;-102.04;
2026-01-22 16:35:10.76;0.00:00:01:951;-1.00;0.00;-0.01;0.009408;-0.009143;-2.241E-05;-0.0001126;-89.93;-0.35;97.19;1.20;97.18;0.009408;0.009144;0.0002644;-20.265;-20.389;-35.778;0.00;-101.25;
2026-01-22 16:35:10.81;0.00:00:02:000;-1.00;0.00;-0.01;0.009374;-0.009111;-2.351E-05;-0.0001132;-89.93;-0.36;97.20;1.21;97.19;0.009374;0.009112;0.0002624;-20.281;-20.404;-35.810;0.00;-101.73;
2026-01-22 16:35:10.85;0.00:00:02:047;-1.00;0.00;-0.01;0.009364;-0.009098;-2.217E-05;-0.0001129;-89.93;-0.36;97.16;1.21;97.16;0.009364;0.009099;0.0002655;-20.285;-20.410;-35.759;0.00;-101.11;
2026-01-22 16:35:10.90;0.00:00:02:096;-1.00;0.00;-0.01;0.009355;-0.009091;-2.648E-05;-0.000113;-89.92;-0.36;97.19;1.21;97.18;0.009355;0.009092;0.0002627;-20.290;-20.413;-35.806;0.00;-103.19;
2026-01-22 16:35:10.95;0.00:00:02:145;-1.00;0.00;-0.01;0.009359;-0.009095;-2.553E-05;-0.0001111;-89.92;-0.35;97.19;1.19;97.18;0.009359;0.009096;0.0002632;-20.288;-20.411;-35.797;0.00;-102.94;
2026-01-22 16:35:11.00;0.00:00:02:194;-1.00;0.00;-0.01;0.009361;-0.009097;-2.468E-05;-0.0001123;-89.92;-0.35;97.19;1.20;97.18;0.009361;0.009097;0.0002634;-20.287;-20.411;-35.794;0.00;-102.40;
2026-01-22 16:35:11.05;0.00:00:02:245;-1.00;0.00;-0.01;0.009356;-0.009097;-2.555E-05;-0.0001117;-89.92;-0.35;97.24;1.19;97.23;0.009356;0.009098;0.0002583;-20.289;-20.411;-35.878;0.00;-102.88;
2026-01-22 16:35:11.10;0.00:00:02:293;-1.00;0.00;-0.01;0.009349;-0.009086;-2.232E-05;-0.0001141;-89.93;-0.36;97.20;1.22;97.19;0.009349;0.009087;0.0002616;-20.292;-20.416;-35.823;0.00;-101.07;
2026-01-22 16:35:11.15;0.00:00:02:343;-1.00;0.00;-0.01;0.009366;-0.009106;-2.807E-05;-0.0001127;-89.91;-0.35;97.23;1.20;97.23;0.009366;0.009107;0.0002591;-20.285;-20.406;-35.865;0.00;-103.99;
2026-01-22 16:35:11.20;0.00:00:02:392;-1.00;0.00;-0.01;0.009379;-0.009114;-2.367E-05;-0.0001126;-89.93;-0.35;97.18;1.20;97.18;0.009379;0.009115;0.0002642;-20.279;-20.403;-35.781;0.00;-101.87;
2026-01-22 16:35:11.25;0.00:00:02:440;-1.00;0.00;-0.01;0.009387;-0.009127;-2.41E-05;-0.0001118;-89.92;-0.35;97.24;1.19;97.23;0.009387;0.009127;0.0002594;-20.275;-20.397;-35.860;0.00;-102.16;
2026-01-22 16:35:11.30;0.00:00:02:492;-1.00;0.00;-0.01;0.009382;-0.009117;-2.223E-05;-0.0001133;-89.93;-0.36;97.18;1.21;97.17;0.009382;0.009117;0.0002645;-20.277;-20.401;-35.776;0.00;-101.11;
2026-01-22 16:35:11.35;0.00:00:02:540;-1.00;0.00;-0.01;0.009347;-0.009087;-2.33E-05;-0.0001143;-89.93;-0.36;97.22;1.22;97.21;0.009347;0.009088;0.0002598;-20.293;-20.416;-35.853;0.00;-101.52;
2026-01-22 16:35:11.39;0.00:00:02:589;-1.00;0.00;-0.01;0.009348;-0.009088;-2.62E-05;-0.0001129;-89.92;-0.36;97.24;1.21;97.23;0.009348;0.009089;0.0002585;-20.293;-20.415;-35.876;0.00;-103.06;
2026-01-22 16:35:11.45;0.00:00:02:640;-1.00;0.00;-0.01;0.00935;-0.009088;-2.505E-05;-0.0001124;-89.92;-0.35;97.20;1.20;97.20;0.00935;0.009089;0.0002614;-20.292;-20.415;-35.828;0.00;-102.57;
2026-01-22 16:35:11.49;0.00:00:02:689;-1.00;0.00;-0.01;0.009347;-0.009083;-2.271E-05;-0.0001126;-89.93;-0.35;97.19;1.20;97.18;0.009347;0.009084;0.0002627;-20.293;-20.417;-35.805;0.00;-101.41;
2026-01-22 16:35:11.54;0.00:00:02:738;-1.00;0.00;-0.01;0.009375;-0.009115;-3.047E-05;-0.0001122;-89.90;-0.35;97.23;1.20;97.23;0.009375;0.009116;0.0002594;-20.280;-20.402;-35.860;0.00;-105.19;
2026-01-22 16:35:11.59;0.00:00:02:788;-1.00;0.00;-0.01;0.009393;-0.00913;-2.301E-05;-0.0001129;-89.93;-0.35;97.21;1.20;97.20;0.009393;0.009131;0.0002625;-20.272;-20.395;-35.809;0.00;-101.52;
2026-01-22 16:35:11.64;0.00:00:02:838;-1.00;0.00;-0.01;0.009393;-0.009129;-2.686E-05;-0.0001127;-89.92;-0.35;97.20;1.20;97.19;0.009393;0.00913;0.0002631;-20.272;-20.395;-35.799;0.00;-103.41;
2026-01-22 16:35:11.69;0.00:00:02:887;-1.00;0.00;-0.01;0.009408;-0.009143;-2.788E-05;-0.0001118;-89.91;-0.35;97.19;1.19;97.18;0.009408;0.009144;0.0002642;-20.265;-20.389;-35.781;0.00;-104.00;
2026-01-22 16:35:11.75;0.00:00:02:940;-1.00;0.00;-0.01;0.009419;-0.009154;-2.483E-05;-0.0001134;-89.92;-0.35;97.19;1.20;97.18;0.009419;0.009154;0.0002645;-20.260;-20.384;-35.775;0.00;-102.35;
2026-01-22 16:35:11.80;0.00:00:02:990;-1.00;0.00;-0.01;0.009427;-0.009162;-2.573E-05;-0.000113;-89.92;-0.35;97.20;1.20;97.19;0.009427;0.009163;0.0002641;-20.256;-20.380;-35.782;0.00;-102.83;
2026-01-22 16:35:11.85;0.00:00:03:043;-1.00;0.00;-0.01;0.009426;-0.009164;-2.579E-05;-0.0001134;-89.92;-0.35;97.24;1.20;97.23;0.009426;0.009165;0.0002606;-20.257;-20.379;-35.841;0.00;-102.82;
2026-01-22 16:35:11.90;0.00:00:03:090;-1.00;0.00;-0.01;0.009436;-0.009172;-2.547E-05;-0.0001134;-89.92;-0.35;97.21;1.20;97.20;0.009436;0.009173;0.0002631;-20.252;-20.375;-35.800;0.00;-102.66;
2026-01-22 16:35:11.94;0.00:00:03:138;-1.00;0.00;-0.01;0.009443;-0.00918;-2.336E-05;-0.0001134;-89.93;-0.35;97.22;1.20;97.21;0.009443;0.00918;0.0002628;-20.249;-20.371;-35.803;0.00;-101.64;
2026-01-22 16:35:11.99;0.00:00:03:188;-1.00;0.00;-0.01;0.009429;-0.009162;-2.273E-05;-0.0001138;-89.93;-0.36;97.18;1.21;97.17;0.009429;0.009163;0.0002661;-20.255;-20.380;-35.750;0.00;-101.30;
2026-01-22 16:35:12.04;0.00:00:03:238;-1.00;0.00;-0.01;0.009424;-0.009159;-2.673E-05;-0.0001136;-89.92;-0.36;97.19;1.21;97.19;0.009424;0.00916;0.0002644;-20.257;-20.381;-35.777;0.00;-103.25;
2026-01-22 16:35:12.09;0.00:00:03:286;-1.00;0.00;-0.01;0.009426;-0.009161;-2.359E-05;-0.0001138;-89.93;-0.36;97.20;1.21;97.19;0.009426;0.009162;0.000264;-20.257;-20.380;-35.784;0.00;-101.71;
2026-01-22 16:35:12.14;0.00:00:03:334;-1.00;0.00;-0.01;0.00942;-0.009158;-2.42E-05;-0.0001133;-89.92;-0.35;97.22;1.20;97.22;0.00942;0.009159;0.0002615;-20.259;-20.382;-35.826;0.00;-102.06;
2026-01-22 16:35:12.19;0.00:00:03:382;-1.00;0.00;-0.01;0.009399;-0.009134;-2.412E-05;-0.0001142;-89.92;-0.36;97.19;1.22;97.18;0.009399;0.009135;0.0002639;-20.269;-20.393;-35.786;0.00;-101.92;
2026-01-22 16:35:12.24;0.00:00:03:433;-1.00;0.00;-0.01;0.009403;-0.00914;-3.185E-05;-0.000113;-89.90;-0.35;97.22;1.20;97.21;0.009403;0.009141;0.0002619;-20.267;-20.390;-35.819;0.00;-105.74;
2026-01-22 16:35:12.29;0.00:00:03:481;-1.00;0.00;-0.01;0.009436;-0.009171;-2.976E-05;-0.0001119;-89.91;-0.35;97.19;1.19;97.19;0.009436;0.009172;0.0002647;-20.252;-20.375;-35.772;0.00;-104.89;
2026-01-22 16:35:12.33;0.00:00:03:529;-1.00;0.00;-0.01;0.009426;-0.009159;-2.417E-05;-0.0001144;-89.92;-0.36;97.17;1.21;97.16;0.009426;0.009159;0.0002667;-20.257;-20.381;-35.741;0.00;-101.93;
2026-01-22 16:35:12.38;0.00:00:03:579;-1.00;0.00;-0.01;0.009417;-0.00915;-2.144E-05;-0.0001142;-89.93;-0.36;97.17;1.21;97.17;0.009417;0.009151;0.0002661;-20.261;-20.385;-35.750;0.00;-100.63;
2026-01-22 16:35:12.43;0.00:00:03:625;-1.00;0.00;-0.01;0.009383;-0.009121;-2.511E-05;-0.0001128;-89.92;-0.35;97.21;1.20;97.21;0.009383;0.009121;0.0002614;-20.277;-20.399;-35.827;0.00;-102.55;
2026-01-22 16:35:12.48;0.00:00:03:675;-1.00;0.00;-0.01;0.009373;-0.009111;-2.103E-05;-0.000113;-89.93;-0.36;97.21;1.21;97.20;0.009373;0.009112;0.0002616;-20.281;-20.404;-35.824;0.00;-100.54;
2026-01-22 16:35:12.53;0.00:00:03:722;-1.00;0.00;-0.01;0.009345;-0.009083;-2.266E-05;-0.0001119;-89.93;-0.35;97.20;1.20;97.20;0.009345;0.009084;0.0002612;-20.294;-20.417;-35.830;0.00;-101.45;
2026-01-22 16:35:12.58;0.00:00:03:770;-1.00;0.00;-0.01;0.00935;-0.009089;-2.382E-05;-0.0001119;-89.92;-0.35;97.21;1.20;97.21;0.00935;0.00909;0.0002605;-20.292;-20.415;-35.841;0.00;-102.01;
2026-01-22 16:35:12.62;0.00:00:03:817;-1.00;0.00;-0.01;0.009346;-0.009086;-2.277E-05;-0.0001135;-89.93;-0.36;97.22;1.21;97.21;0.009346;0.009086;0.0002598;-20.294;-20.416;-35.853;0.00;-101.35;
2026-01-22 16:35:12.67;0.00:00:03:863;-1.00;0.00;-0.01;0.009357;-0.009101;-2.829E-05;-0.0001117;-89.91;-0.35;97.27;1.19;97.26;0.009357;0.009102;0.0002553;-20.289;-20.409;-35.929;0.00;-104.21;
2026-01-22 16:35:12.72;0.00:00:03:912;-1.00;0.00;-0.01;0.009377;-0.009117;-2.156E-05;-0.000112;-89.93;-0.35;97.24;1.19;97.23;0.009377;0.009118;0.0002588;-20.279;-20.401;-35.871;0.00;-100.90;
2026-01-22 16:35:12.77;0.00:00:03:960;-1.00;0.00;-0.01;0.009344;-0.009082;-1.921E-05;-0.0001135;-89.94;-0.36;97.20;1.21;97.20;0.009344;0.009083;0.0002614;-20.294;-20.418;-35.827;0.00;-99.60;
2026-01-22 16:35:12.82;0.00:00:04:010;-1.00;0.00;-0.01;0.009348;-0.009088;-2.703E-05;-0.0001121;-89.91;-0.35;97.23;1.20;97.22;0.009348;0.009089;0.0002593;-20.293;-20.415;-35.862;0.00;-103.55;
2026-01-22 16:35:12.87;0.00:00:04:061;-1.00;0.00;-0.01;0.009342;-0.009081;-2.167E-05;-0.0001097;-89.93;-0.35;97.21;1.17;97.20;0.009342;0.009082;0.0002606;-20.295;-20.418;-35.840;0.00;-101.18;
2026-01-22 16:35:12.92;0.00:00:04:113;-1.00;0.00;-0.01;0.009344;-0.009083;-2.498E-05;-0.0001122;-89.92;-0.35;97.21;1.20;97.21;0.009344;0.009084;0.0002603;-20.295;-20.417;-35.846;0.00;-102.55;
2026-01-22 16:35:12.97;0.00:00:04:160;-1.00;0.00;-0.01;0.00937;-0.009106;-2.397E-05;-0.0001142;-89.92;-0.36;97.18;1.22;97.18;0.00937;0.009106;0.0002639;-20.282;-20.407;-35.786;0.00;-101.86;
2026-01-22 16:35:13.02;0.00:00:04:210;-1.00;0.00;-0.01;0.009374;-0.009112;-2.605E-05;-0.0001101;-89.92;-0.35;97.22;1.17;97.21;0.009374;0.009113;0.0002606;-20.281;-20.403;-35.840;0.00;-103.31;
2026-01-22 16:35:13.07;0.00:00:04:262;-1.00;0.00;-0.01;0.00936;-0.009097;-2.209E-05;-0.0001132;-89.93;-0.36;97.20;1.21;97.19;0.00936;0.009097;0.000262;-20.287;-20.411;-35.817;0.00;-101.04;
2026-01-22 16:35:13.11;0.00:00:04:309;-1.00;0.00;-0.01;0.009345;-0.009079;-1.764E-05;-0.0001126;-89.94;-0.36;97.16;1.20;97.15;0.009345;0.00908;0.0002657;-20.294;-20.419;-35.756;0.00;-98.90;
2026-01-22 16:35:13.16;0.00:00:04:354;-1.00;0.00;-0.01;0.009317;-0.009051;-2.14E-05;-0.0001135;-89.93;-0.36;97.15;1.22;97.14;0.009317;0.009051;0.0002659;-20.307;-20.433;-35.753;0.00;-100.68;
2026-01-22 16:35:13.21;0.00:00:04:405;-1.00;0.00;-0.01;0.009291;-0.009023;-1.912E-05;-0.0001114;-89.94;-0.35;97.12;1.20;97.11;0.009291;0.009024;0.0002675;-20.319;-20.446;-35.727;0.00;-99.74;
2026-01-22 16:35:13.26;0.00:00:04:453;-1.00;0.00;-0.01;0.009277;-0.009012;-2.158E-05;-0.0001105;-89.93;-0.35;97.15;1.19;97.15;0.009277;0.009013;0.000264;-20.326;-20.451;-35.784;0.00;-101.05;
2026-01-22 16:35:13.31;0.00:00:04:502;-1.00;0.00;-0.01;0.009217;-0.008947;-1.808E-05;-0.0001115;-89.94;-0.36;97.08;1.21;97.07;0.009217;0.008948;0.0002695;-20.354;-20.483;-35.695;0.00;-99.21;
2026-01-22 16:35:13.36;0.00:00:04:551;-1.00;0.00;-0.01;0.009195;-0.008927;-1.872E-05;-0.0001117;-89.94;-0.36;97.09;1.21;97.09;0.009195;0.008928;0.0002673;-20.364;-20.492;-35.730;0.00;-99.51;
2026-01-22 16:35:13.40;0.00:00:04:598;-1.00;0.00;-0.01;0.009172;-0.008902;-1.758E-05;-0.0001112;-89.94;-0.36;97.07;1.21;97.06;0.009172;0.008903;0.0002689;-20.375;-20.505;-35.705;0.00;-98.98;
2026-01-22 16:35:13.45;0.00:00:04:649;-1.00;0.00;-0.01;0.009119;-0.008849;-1.808E-05;-0.0001095;-89.94;-0.35;97.05;1.20;97.04;0.009119;0.00885;0.000269;-20.401;-20.531;-35.703;0.00;-99.38;
2026-01-22 16:35:13.51;0.00:00:04:702;-1.00;0.00;-0.01;0.00903;-0.008761;-1.711E-05;-0.0001131;-89.94;-0.37;97.03;1.25;97.02;0.00903;0.008762;0.0002685;-20.443;-20.574;-35.710;0.00;-98.60;
2026-01-22 16:35:13.56;0.00:00:04:751;-1.00;0.00;-0.01;0.008998;-0.008733;-1.782E-05;-0.0001106;-89.94;-0.36;97.06;1.23;97.05;0.008998;0.008733;0.0002643;-20.459;-20.588;-35.779;0.00;-99.15;
2026-01-22 16:35:13.61;0.00:00:04:800;-1.00;0.00;-0.01;0.008984;-0.008721;-2.244E-05;-0.0001038;-89.93;-0.34;97.08;1.16;97.07;0.008984;0.008722;0.0002625;-20.465;-20.594;-35.809;0.00;-102.20;
2026-01-22 16:35:13.65;0.00:00:04:846;-1.00;0.00;-0.01;0.00898;-0.008714;-1.904E-05;-0.0001085;-89.94;-0.36;97.04;1.21;97.03;0.00898;0.008714;0.0002657;-20.467;-20.598;-35.756;0.00;-99.95;
2026-01-22 16:35:13.70;0.00:00:04:894;-1.00;0.00;-0.01;0.008952;-0.008693;-2.447E-05;-0.0001107;-89.92;-0.36;97.11;1.24;97.11;0.008952;0.008693;0.0002583;-20.481;-20.608;-35.879;0.00;-102.47;
2026-01-22 16:35:13.75;0.00:00:04:943;-1.00;0.00;-0.01;0.00895;-0.008687;-2.304E-05;-0.0001077;-89.92;-0.36;97.07;1.20;97.07;0.00895;0.008688;0.0002619;-20.482;-20.611;-35.819;0.00;-102.08;
2026-01-22 16:35:13.80;0.00:00:04:990;-1.00;0.00;-0.01;0.00894;-0.008673;-1.747E-05;-0.0001087;-89.94;-0.36;97.02;1.22;97.01;0.00894;0.008674;0.0002663;-20.487;-20.618;-35.747;0.00;-99.14;
2026-01-22 16:35:13.84;0.00:00:05:038;-1.00;0.00;-0.01;0.008914;-0.00865;-2.007E-05;-0.0001096;-89.93;-0.36;97.04;1.23;97.03;0.008914;0.008651;0.0002637;-20.499;-20.629;-35.788;0.00;-100.38;
2026-01-22 16:35:13.89;0.00:00:05:085;-1.00;0.00;-0.01;0.008876;-0.008615;-2.101E-05;-0.000107;-89.93;-0.36;97.07;1.21;97.06;0.008876;0.008616;0.0002602;-20.518;-20.647;-35.848;0.00;-101.11;
2026-01-22 16:35:13.94;0.00:00:05:134;-1.00;0.00;-0.01;0.008869;-0.008607;-2.407E-05;-0.0001094;-89.92;-0.36;97.06;1.23;97.05;0.008869;0.008608;0.0002609;-20.521;-20.651;-35.836;0.00;-102.41;
2026-01-22 16:35:13.99;0.00:00:05:181;-1.00;0.00;-0.01;0.008832;-0.00857;-2.097E-05;-0.0001091;-89.93;-0.36;97.04;1.23;97.03;0.008832;0.008571;0.0002612;-20.539;-20.670;-35.830;0.00;-100.88;
2026-01-22 16:35:14.04;0.00:00:05:233;-1.00;0.00;-0.01;0.008813;-0.008552;-2.111E-05;-0.0001078;-89.93;-0.36;97.04;1.22;97.04;0.008813;0.008552;0.0002606;-20.549;-20.679;-35.841;0.00;-101.08;
2026-01-22 16:35:14.09;0.00:00:05:282;-1.00;0.00;-0.01;0.008814;-0.008554;-2.159E-05;-0.0001073;-89.93;-0.36;97.05;1.22;97.04;0.008814;0.008554;0.0002601;-20.548;-20.678;-35.849;0.00;-101.38;
2026-01-22 16:35:14.13;0.00:00:05:329;-1.00;0.00;-0.01;0.008806;-0.008542;-1.736E-05;-0.0001049;-89.94;-0.35;97.01;1.19;97.00;0.008806;0.008543;0.0002633;-20.552;-20.684;-35.796;0.00;-99.40;
2026-01-22 16:35:14.18;0.00:00:05:379;-1.00;0.00;-0.01;0.008804;-0.008546;-2.66E-05;-0.0001038;-89.91;-0.35;97.08;1.18;97.07;0.008804;0.008547;0.0002572;-20.553;-20.682;-35.896;0.00;-104.38;
2026-01-22 16:35:14.23;0.00:00:05:427;-1.00;0.00;-0.01;0.0088;-0.008543;-2.282E-05;-0.0001055;-89.92;-0.35;97.08;1.20;97.08;0.0088;0.008544;0.0002566;-20.555;-20.683;-35.907;0.00;-102.20;
2026-01-22 16:35:14.28;0.00:00:05:477;-1.00;0.00;-0.01;0.008806;-0.008544;-2.21E-05;-0.0001061;-89.93;-0.36;97.03;1.21;97.02;0.008806;0.008545;0.0002614;-20.552;-20.683;-35.827;0.00;-101.76;
2026-01-22 16:35:14.33;0.00:00:05:524;-1.00;0.00;-0.01;0.008783;-0.008525;-2.578E-05;-0.0001062;-89.91;-0.36;97.07;1.21;97.06;0.008783;0.008526;0.0002577;-20.563;-20.693;-35.888;0.00;-103.65;
2026-01-22 16:35:14.38;0.00:00:05:572;-1.00;0.00;-0.01;0.008792;-0.008531;-2.208E-05;-0.0001059;-89.93;-0.36;97.04;1.20;97.03;0.008792;0.008532;0.0002603;-20.559;-20.690;-35.844;0.00;-101.78;
2026-01-22 16:35:14.43;0.00:00:05:621;-1.00;0.00;-0.01;0.008776;-0.008515;-2.151E-05;-0.0001057;-89.93;-0.36;97.03;1.20;97.02;0.008776;0.008516;0.0002606;-20.567;-20.698;-35.840;0.00;-101.51;
2026-01-22 16:35:14.47;0.00:00:05:668;-1.00;0.00;-0.01;0.008774;-0.008517;-2.212E-05;-0.0001035;-89.93;-0.35;97.07;1.18;97.06;0.008774;0.008517;0.0002569;-20.568;-20.697;-35.902;0.00;-102.06;
2026-01-22 16:35:14.52;0.00:00:05:719;-1.00;0.00;-0.01;0.008745;-0.008484;-1.979E-05;-0.0001047;-89.93;-0.35;97.02;1.20;97.02;0.008745;0.008485;0.0002603;-20.582;-20.714;-35.845;0.00;-100.70;
2026-01-22 16:35:14.57;0.00:00:05:768;-1.00;0.00;-0.01;0.008714;-0.008454;-1.634E-05;-0.0001091;-89.94;-0.37;97.02;1.25;97.01;0.008714;0.008454;0.00026;-20.598;-20.729;-35.850;0.00;-98.52;
2026-01-22 16:35:14.62;0.00:00:05:817;-1.00;0.00;-0.01;0.00868;-0.008421;-2.033E-05;-9.667E-05;-89.93;-0.33;97.02;1.11;97.01;0.00868;0.008422;0.0002587;-20.615;-20.746;-35.872;0.00;-101.88;
2026-01-22 16:35:14.67;0.00:00:05:868;-1.00;0.00;-0.01;0.0086;-0.008339;-1.48E-05;-0.0001025;-89.95;-0.35;96.98;1.19;96.97;0.0086;0.00834;0.0002597;-20.655;-20.788;-35.856;0.00;-98.22;
2026-01-22 16:35:14.72;0.00:00:05:916;-1.00;0.00;-0.01;0.008582;-0.008331;-2.298E-05;-0.0001018;-89.92;-0.35;97.09;1.19;97.08;0.008582;0.008332;0.0002501;-20.664;-20.792;-36.018;0.00;-102.72;
2026-01-22 16:35:14.77;0.00:00:05:964;-1.00;0.00;-0.01;0.008575;-0.008322;-2.562E-05;-0.0001032;-89.91;-0.36;97.07;1.20;97.06;0.008575;0.008323;0.0002514;-20.668;-20.797;-35.997;0.00;-103.95;
2026-01-22 16:35:14.82;0.00:00:06:014;-1.00;0.00;-0.01;0.008569;-0.008311;-2.043E-05;-0.0001042;-89.93;-0.36;97.00;1.22;96.99;0.008569;0.008311;0.0002572;-20.671;-20.803;-35.897;0.00;-101.10;
2026-01-22 16:35:14.87;0.00:00:06:061;-1.00;0.00;-0.01;0.008548;-0.008291;-2.095E-05;-0.000106;-89.93;-0.37;97.01;1.24;97.00;0.008548;0.008292;0.0002558;-20.682;-20.814;-35.921;0.00;-101.17;
2026-01-22 16:35:14.91;0.00:00:06:108;-1.00;0.00;-0.01;0.008541;-0.008289;-2.36E-05;-0.0001012;-89.92;-0.35;97.05;1.18;97.05;0.008541;0.00829;0.0002517;-20.685;-20.815;-35.992;0.00;-103.13;
2026-01-22 16:35:14.96;0.00:00:06:159;-1.00;0.00;-0.01;0.008519;-0.008265;-2.321E-05;-9.672E-05;-89.92;-0.34;97.02;1.14;97.02;0.008519;0.008265;0.0002536;-20.696;-20.827;-35.958;0.00;-103.50;
2026-01-22 16:35:15.01;0.00:00:06:207;-1.00;0.00;-0.01;0.008506;-0.008252;-2.036E-05;-0.0001052;-89.93;-0.37;97.02;1.24;97.02;0.008506;0.008253;0.0002531;-20.703;-20.834;-35.967;0.00;-100.95;
2026-01-22 16:35:15.06;0.00:00:06:257;-1.00;0.00;-0.01;0.008511;-0.008255;-1.858E-05;-0.0001051;-89.94;-0.36;96.99;1.23;96.98;0.008511;0.008256;0.000256;-20.700;-20.833;-35.918;0.00;-100.02;
2026-01-22 16:35:15.11;0.00:00:06:305;-1.00;0.00;-0.01;0.008486;-0.008237;-2.564E-05;-0.0001008;-89.91;-0.35;97.07;1.19;97.06;0.008486;0.008238;0.0002485;-20.713;-20.842;-36.047;0.00;-104.27;
2026-01-22 16:35:15.16;0.00:00:06:356;-1.00;0.00;-0.01;0.008476;-0.008223;-2.364E-05;-0.0001023;-89.92;-0.36;97.03;1.21;97.02;0.008476;0.008224;0.0002516;-20.718;-20.849;-35.994;0.00;-103.01;
2026-01-22 16:35:15.21;0.00:00:06:407;-1.00;0.00;-0.01;0.00848;-0.008228;-2.505E-05;-0.0001021;-89.91;-0.36;97.04;1.20;97.03;0.00848;0.008229;0.000251;-20.716;-20.846;-36.003;0.00;-103.79;
2026-01-22 16:35:15.26;0.00:00:06:456;-1.00;0.00;-0.01;0.008477;-0.008225;-2.387E-05;-0.0001031;-89.92;-0.36;97.04;1.22;97.03;0.008477;0.008226;0.0002513;-20.718;-20.848;-35.999;0.00;-103.04;
2026-01-22 16:35:15.31;0.00:00:06:504;-1.00;0.00;-0.01;0.008462;-0.00821;-1.895E-05;-0.0001034;-89.93;-0.36;97.03;1.22;97.02;0.008462;0.008211;0.0002515;-20.725;-20.856;-35.994;0.00;-100.38;
2026-01-22 16:35:15.36;0.00:00:06:556;-1.00;0.00;-0.01;0.008447;-0.008202;-3.176E-05;-0.0001025;-89.89;-0.36;97.11;1.21;97.10;0.008447;0.008202;0.0002443;-20.733;-20.861;-36.121;0.00;-107.22;
2026-01-22 16:35:15.41;0.00:00:06:606;-1.00;0.00;-0.01;0.008484;-0.008238;-2.423E-05;-0.0001015;-89.92;-0.35;97.11;1.20;97.10;0.008484;0.008239;0.0002454;-20.714;-20.841;-36.101;0.00;-103.42;
2026-01-22 16:35:15.46;0.00:00:06:654;-1.00;0.00;-0.01;0.008465;-0.008222;-3.044E-05;-0.0001017;-89.89;-0.35;97.14;1.20;97.13;0.008465;0.008223;0.0002425;-20.724;-20.850;-36.153;0.00;-106.67;
2026-01-22 16:35:15.51;0.00:00:06:703;-1.00;0.00;-0.01;0.008493;-0.008245;-2.72E-05;-0.000102;-89.91;-0.35;97.08;1.20;97.07;0.008493;0.008245;0.0002481;-20.709;-20.838;-36.054;0.00;-104.93;
2026-01-22 16:35:15.56;0.00:00:06:752;-1.00;0.00;-0.01;0.008512;-0.008263;-2.87E-05;-0.0001034;-89.90;-0.36;97.08;1.21;97.08;0.008512;0.008264;0.0002483;-20.699;-20.828;-36.051;0.00;-105.51;
2026-01-22 16:35:15.61;0.00:00:06:804;-1.00;0.00;-0.01;0.00853;-0.008278;-2.179E-05;-0.0001033;-89.92;-0.36;97.05;1.21;97.05;0.00853;0.008278;0.0002513;-20.691;-20.821;-35.999;0.00;-101.91;
2026-01-22 16:35:15.66;0.00:00:06:855;-1.00;0.00;-0.01;0.008497;-0.008245;-2.278E-05;-0.0001044;-89.92;-0.36;97.05;1.23;97.04;0.008497;0.008245;0.000251;-20.708;-20.838;-36.003;0.00;-102.31;
2026-01-22 16:35:15.71;0.00:00:06:909;-1.00;0.00;-0.01;0.008495;-0.008248;-2.767E-05;-0.0001042;-89.90;-0.36;97.10;1.23;97.09;0.008495;0.008248;0.0002462;-20.709;-20.836;-36.088;0.00;-104.87;
2026-01-22 16:35:15.77;0.00:00:06:960;-1.00;0.00;-0.01;0.008527;-0.008281;-2.543E-05;-0.000103;-89.91;-0.36;97.12;1.21;97.11;0.008527;0.008282;0.0002454;-20.692;-20.819;-36.102;0.00;-103.87;
2026-01-22 16:35:15.82;0.00:00:07:010;-1.00;0.00;-0.01;0.008545;-0.008304;-2.025E-05;-0.0001077;-89.93;-0.37;97.19;1.26;97.18;0.008545;0.008305;0.0002401;-20.683;-20.807;-36.197;0.00;-100.65;
2026-01-22 16:35:15.87;0.00:00:07:065;-1.00;0.00;-0.01;0.008553;-0.008306;-2.296E-05;-0.0001074;-89.92;-0.37;97.11;1.26;97.11;0.008553;0.008306;0.0002468;-20.679;-20.806;-36.077;0.00;-102.06;
2026-01-22 16:35:15.92;0.00:00:07:111;-1.00;0.00;-0.01;0.008598;-0.008336;-2.411E-05;-0.0001032;-89.92;-0.35;96.97;1.20;96.96;0.008598;0.008337;0.0002608;-20.656;-20.790;-35.837;0.00;-103.15;
2026-01-22 16:35:15.97;0.00:00:07:164;-1.00;0.00;-0.01;0.0086;-0.00834;-3.165E-05;-9.861E-05;-89.89;-0.34;96.98;1.15;96.97;0.0086;0.00834;0.00026;-20.655;-20.788;-35.851;0.00;-107.79;
2026-01-22 16:35:16.02;0.00:00:07:213;-1.00;0.00;-0.01;0.008588;-0.00832;-2.292E-05;-0.00011;-89.92;-0.38;96.89;1.28;96.88;0.008588;0.008321;0.0002671;-20.661;-20.798;-35.734;0.00;-101.77;
2026-01-22 16:35:16.07;0.00:00:07:263;-1.00;0.00;-0.01;0.008561;-0.008303;-2.013E-05;-0.0001052;-89.93;-0.36;96.99;1.23;96.98;0.008561;0.008303;0.000258;-20.675;-20.807;-35.884;0.00;-100.83;
2026-01-22 16:35:16.12;0.00:00:07:315;-1.00;0.00;-0.01;0.008538;-0.008286;-1.586E-05;-0.0001058;-89.95;-0.37;97.05;1.24;97.04;0.008538;0.008286;0.000252;-20.686;-20.816;-35.986;0.00;-98.53;
2026-01-22 16:35:16.17;0.00:00:07:367;-1.00;0.00;-0.01;0.008539;-0.008289;-2.108E-05;-0.0001037;-89.93;-0.36;97.08;1.21;97.07;0.008539;0.00829;0.0002494;-20.686;-20.815;-36.031;0.00;-101.49;
2026-01-22 16:35:16.22;0.00:00:07:418;-1.00;0.00;-0.01;0.008575;-0.008308;-1.326E-05;-0.000103;-89.95;-0.36;96.89;1.20;96.89;0.008575;0.008308;0.0002664;-20.668;-20.805;-35.744;0.00;-97.34;
2026-01-22 16:35:16.28;0.00:00:07:470;-1.00;0.00;-0.01;0.008535;-0.008283;-2.32E-05;-0.0001015;-89.92;-0.35;97.06;1.19;97.05;0.008535;0.008284;0.0002509;-20.688;-20.818;-36.004;0.00;-102.87;
2026-01-22 16:35:16.33;0.00:00:07:521;-1.00;0.00;-0.01;0.00856;-0.008307;-2.7E-05;-0.0001031;-89.91;-0.36;97.05;1.20;97.04;0.00856;0.008308;0.0002524;-20.675;-20.805;-35.980;0.00;-104.67;
2026-01-22 16:35:16.38;0.00:00:07:571;-1.00;0.00;-0.01;0.008557;-0.008305;-2.603E-05;-0.0001037;-89.91;-0.36;97.06;1.21;97.05;0.008557;0.008305;0.0002518;-20.677;-20.806;-35.990;0.00;-104.09;
2026-01-22 16:35:16.43;0.00:00:07:622;-1.00;0.00;-0.01;0.008541;-0.008296;-1.953E-05;-0.0001038;-89.93;-0.36;97.14;1.22;97.13;0.008541;0.008297;0.0002441;-20.685;-20.811;-36.125;0.00;-100.66;
2026-01-22 16:35:16.48;0.00:00:07:670;-1.00;0.00;-0.01;0.008544;-0.008304;-2.791E-05;-0.0001058;-89.90;-0.37;97.19;1.24;97.19;0.008544;0.008304;0.0002398;-20.683;-20.807;-36.201;0.00;-104.78;
2026-01-22 16:35:16.52;0.00:00:07:718;-1.00;0.00;-0.01;0.008613;-0.008357;-3.383E-05;-0.0001037;-89.88;-0.36;97.03;1.20;97.02;0.008613;0.008358;0.0002556;-20.648;-20.779;-35.924;0.00;-108.07;
2026-01-22 16:35:16.57;0.00:00:07:764;-1.00;0.00;-0.01;0.008658;-0.00839;-1.789E-05;-0.0001079;-89.94;-0.37;96.91;1.25;96.90;0.008658;0.00839;0.0002678;-20.626;-20.762;-35.722;0.00;-99.42;
2026-01-22 16:35:16.62;0.00:00:07:813;-1.00;0.00;-0.01;0.008635;-0.008382;-1.707E-05;-0.0001029;-89.94;-0.35;97.07;1.19;97.07;0.008635;0.008382;0.0002526;-20.637;-20.766;-35.976;0.00;-99.42;
2026-01-22 16:35:16.66;0.00:00:07:859;-1.00;0.00;-0.01;0.008657;-0.008391;-2.436E-05;-0.0001054;-89.92;-0.36;96.94;1.22;96.93;0.008657;0.008392;0.0002649;-20.626;-20.761;-35.769;0.00;-103.01;
2026-01-22 16:35:16.71;0.00:00:07:906;-1.00;0.00;-0.01;0.008673;-0.008419;-1.085E-05;-0.0001092;-89.96;-0.37;97.08;1.26;97.07;0.008673;0.00842;0.0002535;-20.618;-20.747;-35.961;0.00;-95.68;
2026-01-22 16:35:16.76;0.00:00:07:954;-1.00;0.00;-0.01;0.00865;-0.008402;-2.792E-05;-0.0001008;-89.90;-0.34;97.15;1.17;97.14;0.00865;0.008403;0.0002468;-20.630;-20.756;-36.077;0.00;-105.48;
2026-01-22 16:35:16.81;0.00:00:08:000;-1.00;0.00;-0.01;0.008673;-0.008417;-2.08E-05;-0.0001079;-89.93;-0.37;97.06;1.24;97.05;0.008673;0.008418;0.0002553;-20.618;-20.748;-35.930;0.00;-100.91;
2026-01-22 16:35:16.85;0.00:00:08:046;-1.00;0.00;-0.01;0.008647;-0.008389;-1.729E-05;-0.000106;-89.94;-0.36;97.02;1.23;97.02;0.008647;0.008389;0.0002573;-20.631;-20.763;-35.895;0.00;-99.26;
2026-01-22 16:35:16.90;0.00:00:08:093;-1.00;0.00;-0.01;0.008645;-0.008399;-2.376E-05;-0.0001069;-89.92;-0.36;97.16;1.24;97.15;0.008645;0.008399;0.000246;-20.632;-20.757;-36.091;0.00;-102.53;
2026-01-22 16:35:16.95;0.00:00:08:141;-1.00;0.00;-0.01;0.008643;-0.008394;-2.218E-05;-0.0001042;-89.92;-0.36;97.13;1.21;97.12;0.008643;0.008395;0.0002482;-20.633;-20.760;-36.053;0.00;-102.02;
2026-01-22 16:35:16.99;0.00:00:08:189;-1.00;0.00;-0.01;0.008633;-0.008383;-2.405E-05;-0.0001039;-89.92;-0.36;97.11;1.20;97.11;0.008633;0.008384;0.0002492;-20.638;-20.766;-36.035;0.00;-103.03;
2026-01-22 16:35:17.04;0.00:00:08:236;-1.00;0.00;-0.01;0.008626;-0.008379;-2.573E-05;-0.0001047;-89.91;-0.36;97.14;1.21;97.13;0.008626;0.00838;0.0002466;-20.642;-20.768;-36.081;0.00;-103.80;
2026-01-22 16:35:17.09;0.00:00:08:282;-1.00;0.00;-0.01;0.008621;-0.008374;-2.394E-05;-0.0001047;-89.92;-0.36;97.14;1.21;97.13;0.008621;0.008375;0.0002465;-20.644;-20.770;-36.081;0.00;-102.87;
2026-01-22 16:35:17.14;0.00:00:08:330;-1.00;0.00;-0.01;0.008626;-0.00838;-2.434E-05;-0.0001025;-89.92;-0.35;97.15;1.19;97.15;0.008626;0.00838;0.0002455;-20.642;-20.767;-36.099;0.00;-103.35;
2026-01-22 16:35:17.20;0.00:00:08:391;-1.00;0.00;-0.01;0.008616;-0.008371;-2.825E-05;-0.000102;-89.90;-0.35;97.16;1.18;97.16;0.008616;0.008372;0.0002443;-20.647;-20.772;-36.121;0.00;-105.49;
2026-01-22 16:35:17.24;0.00:00:08:437;-1.00;0.00;-0.01;0.0086;-0.008352;-2.104E-05;-0.0001053;-89.93;-0.36;97.12;1.22;97.11;0.0086;0.008352;0.000248;-20.655;-20.782;-36.055;0.00;-101.30;
2026-01-22 16:35:17.29;0.00:00:08:484;-1.00;0.00;-0.01;0.008588;-0.008342;-2.583E-05;-0.000104;-89.91;-0.36;97.15;1.21;97.14;0.008588;0.008343;0.0002449;-20.661;-20.787;-36.109;0.00;-103.95;
2026-01-22 16:35:17.34;0.00:00:08:530;-1.00;0.00;-0.01;0.008587;-0.008341;-2.625E-05;-0.0001023;-89.91;-0.35;97.14;1.19;97.13;0.008587;0.008342;0.0002459;-20.661;-20.788;-36.092;0.00;-104.39;
2026-01-22 16:35:17.38;0.00:00:08:578;-1.00;0.00;-0.01;0.008607;-0.008343;-2.233E-05;-0.0001022;-89.92;-0.35;96.94;1.19;96.93;0.008607;0.008344;0.0002633;-20.651;-20.786;-35.796;0.00;-102.33;
2026-01-22 16:35:17.43;0.00:00:08:625;-1.00;0.00;-0.01;0.008603;-0.008355;-1.997E-05;-0.0001052;-89.93;-0.36;97.13;1.22;97.12;0.008603;0.008356;0.0002472;-20.653;-20.780;-36.069;0.00;-100.75;
2026-01-22 16:35:17.48;0.00:00:08:673;-1.00;0.00;-0.01;0.008593;-0.008344;-2.315E-05;-0.0001033;-89.92;-0.35;97.11;1.20;97.11;0.008593;0.008345;0.0002481;-20.659;-20.786;-36.054;0.00;-102.64;
2026-01-22 16:35:17.52;0.00:00:08:719;-1.00;0.00;-0.01;0.008602;-0.008344;-2.328E-05;-0.0001017;-89.92;-0.35;97.01;1.18;97.00;0.008602;0.008344;0.0002576;-20.654;-20.786;-35.891;0.00;-102.89;
2026-01-22 16:35:17.57;0.00:00:08:766;-1.00;0.00;-0.01;0.0086;-0.008341;-1.826E-05;-0.0001043;-89.94;-0.36;97.00;1.21;97.00;0.0086;0.008342;0.0002578;-20.655;-20.787;-35.888;0.00;-99.93;
2026-01-22 16:35:17.62;0.00:00:08:812;-1.00;0.00;-0.01;0.00859;-0.00835;-2.026E-05;-0.0001025;-89.93;-0.35;97.21;1.19;97.21;0.00859;0.00835;0.0002394;-20.660;-20.783;-36.208;0.00;-101.18;
2026-01-22 16:35:17.67;0.00:00:08:860;-1.00;0.00;-0.01;0.00859;-0.008352;-1.828E-05;-0.0001033;-89.94;-0.35;97.23;1.20;97.23;0.00859;0.008352;0.0002377;-20.660;-20.782;-36.239;0.00;-100.03;
2026-01-22 16:35:17.71;0.00:00:08:908;-1.00;0.00;-0.01;0.008585;-0.008341;-1.59E-05;-0.0001033;-89.95;-0.35;97.16;1.20;97.15;0.008585;0.008341;0.0002437;-20.663;-20.788;-36.132;0.00;-98.75;
2026-01-22 16:35:17.77;0.00:00:08:969;-1.00;0.00;-0.01;0.008584;-0.008339;-2.402E-05;-0.0001009;-89.92;-0.35;97.16;1.18;97.15;0.008584;0.00834;0.0002437;-20.663;-20.788;-36.131;0.00;-103.40;
2026-01-22 16:35:17.82;0.00:00:09:016;-1.00;0.00;-0.01;0.008603;-0.008354;-2.295E-05;-0.0001028;-89.92;-0.35;97.12;1.20;97.11;0.008603;0.008355;0.0002476;-20.654;-20.781;-36.063;0.00;-102.58;
2026-01-22 16:35:17.87;0.00:00:09:062;-1.00;0.00;-0.01;0.008599;-0.008347;-1.343E-05;-0.0001027;-89.95;-0.35;97.07;1.19;97.06;0.008599;0.008347;0.000252;-20.655;-20.784;-35.986;0.00;-97.45;
2026-01-22 16:35:17.92;0.00:00:09:110;-1.00;0.00;-0.01;0.008579;-0.008329;-1.79E-05;-0.0001036;-89.94;-0.36;97.09;1.21;97.09;0.008579;0.00833;0.0002492;-20.666;-20.794;-36.034;0.00;-99.80;
2026-01-22 16:35:17.96;0.00:00:09:157;-1.00;0.00;-0.01;0.008567;-0.008318;-1.752E-05;-0.0001023;-89.94;-0.35;97.10;1.19;97.09;0.008567;0.008319;0.0002485;-20.672;-20.800;-36.047;0.00;-99.72;
2026-01-22 16:35:18.01;0.00:00:09:203;-1.00;0.00;-0.01;0.008547;-0.008298;-1.602E-05;-0.000103;-89.94;-0.36;97.09;1.20;97.09;0.008547;0.008299;0.0002484;-20.682;-20.810;-36.048;0.00;-98.84;
2026-01-22 16:35:18.06;0.00:00:09:251;-1.00;0.00;-0.01;0.008499;-0.00825;-1.538E-05;-0.0001028;-89.95;-0.36;97.08;1.21;97.07;0.008499;0.008251;0.0002482;-20.706;-20.835;-36.051;0.00;-98.51;
2026-01-22 16:35:18.10;0.00:00:09:298;-1.00;0.00;-0.01;0.008478;-0.008228;-1.485E-05;-0.0001024;-89.95;-0.36;97.06;1.21;97.05;0.008478;0.008229;0.0002492;-20.717;-20.847;-36.034;0.00;-98.25;
2026-01-22 16:35:18.15;0.00:00:09:346;-1.00;0.00;-0.01;0.008444;-0.008192;-1.256E-05;-0.0001028;-89.96;-0.36;97.03;1.22;97.02;0.008444;0.008193;0.0002512;-20.735;-20.866;-36.000;0.00;-96.96;
2026-01-22 16:35:18.20;0.00:00:09:391;-1.00;0.00;-0.01;0.008363;-0.008107;-1.053E-05;-0.0001014;-89.96;-0.36;96.95;1.21;96.94;0.008363;0.008108;0.0002554;-20.776;-20.911;-35.928;0.00;-95.93;
2026-01-22 16:35:18.24;0.00:00:09:437;-1.00;0.00;-0.01;0.00831;-0.008057;-1.18E-05;-0.0001016;-89.96;-0.36;96.96;1.22;96.95;0.00831;0.008057;0.0002528;-20.804;-20.938;-35.973;0.00;-96.62;
2026-01-22 16:35:18.29;0.00:00:09:484;-1.00;0.00;-0.01;0.00823;-0.007986;-1.515E-05;-9.971E-05;-89.95;-0.36;97.04;1.21;97.03;0.00823;0.007986;0.0002438;-20.846;-20.977;-36.129;0.00;-98.64;
2026-01-22 16:35:18.34;0.00:00:09:532;-1.00;0.00;-0.01;0.008205;-0.007958;-1.478E-05;-9.937E-05;-89.95;-0.36;97.00;1.21;96.99;0.008205;0.007959;0.0002462;-20.859;-20.992;-36.088;0.00;-98.46;
2026-01-22 16:35:18.38;0.00:00:09:578;-1.00;0.00;-0.01;0.008179;-0.007933;-1.467E-05;-9.93E-05;-89.95;-0.36;97.01;1.21;97.00;0.008179;0.007934;0.0002446;-20.873;-21.005;-36.115;0.00;-98.40;
2026-01-22 16:35:18.43;0.00:00:09:625;-1.00;0.00;-0.01;0.008144;-0.007903;-1.716E-05;-9.732E-05;-89.94;-0.35;97.05;1.20;97.05;0.008144;0.007904;0.00024;-20.892;-21.022;-36.199;0.00;-100.00;
2026-01-22 16:35:18.48;0.00:00:09:679;-1.00;0.00;-0.01;0.008133;-0.00789;-1.582E-05;-9.804E-05;-89.94;-0.36;97.01;1.21;97.00;0.008133;0.00789;0.0002431;-20.897;-21.029;-36.142;0.00;-99.16;
2026-01-22 16:35:18.53;0.00:00:09:729;-1.00;0.00;-0.01;0.008097;-0.007855;-1.831E-05;-9.744E-05;-89.93;-0.36;97.03;1.20;97.02;0.008097;0.007856;0.0002408;-20.917;-21.048;-36.184;0.00;-100.64;
2026-01-22 16:35:18.59;0.00:00:09:780;-1.00;0.00;-0.01;0.008103;-0.007866;-2.192E-05;-9.633E-05;-89.92;-0.35;97.09;1.19;97.08;0.008103;0.007867;0.0002362;-20.913;-21.042;-36.268;0.00;-102.82;
2026-01-22 16:35:18.64;0.00:00:09:831;-1.00;0.00;-0.01;0.008087;-0.007845;-1.798E-05;-9.729E-05;-89.93;-0.36;97.01;1.20;97.00;0.008087;0.007845;0.0002419;-20.922;-21.054;-36.164;0.00;-100.47;
2026-01-22 16:35:18.69;0.00:00:09:882;-1.00;0.00;-0.01;0.00808;-0.007841;-1.94E-05;-9.697E-05;-89.93;-0.35;97.05;1.20;97.04;0.00808;0.007842;0.0002383;-20.926;-21.056;-36.230;0.00;-101.32;
2026-01-22 16:35:18.75;0.00:00:09:945;-1.00;0.00;-0.01;0.008066;-0.007826;-1.965E-05;-9.767E-05;-89.93;-0.36;97.03;1.21;97.03;0.008066;0.007827;0.0002392;-20.934;-21.064;-36.213;0.00;-101.37;
2026-01-22 16:35:18.79;0.00:00:09:989;-1.00;0.00;-0.01;0.008067;-0.007822;-1.869E-05;-9.711E-05;-89.93;-0.36;96.98;1.20;96.97;0.008067;0.007823;0.0002437;-20.933;-21.066;-36.132;0.00;-100.89;
2026-01-22 16:35:18.84;0.00:00:10:037;-1.00;0.00;-0.01;0.008055;-0.007813;-1.749E-05;-9.736E-05;-89.94;-0.36;97.00;1.21;97.00;0.008055;0.007814;0.0002413;-20.939;-21.071;-36.175;0.00;-100.18;
2026-01-22 16:35:18.89;0.00:00:10:088;-1.00;0.00;-0.01;0.008039;-0.007796;-1.734E-05;-9.739E-05;-89.94;-0.36;96.98;1.21;96.97;0.008039;0.007797;0.0002427;-20.948;-21.081;-36.149;0.00;-100.10;
2026-01-22 16:35:18.94;0.00:00:10:138;-1.00;0.00;-0.01;0.008004;-0.007767;-1.826E-05;-9.637E-05;-89.93;-0.36;97.05;1.20;97.04;0.008004;0.007768;0.0002365;-20.967;-21.097;-36.261;0.00;-100.73;
2026-01-22 16:35:19.00;0.00:00:10:189;-1.00;0.00;-0.01;0.008008;-0.007775;-2.33E-05;-9.574E-05;-89.91;-0.35;97.09;1.20;97.08;0.008008;0.007775;0.0002332;-20.965;-21.093;-36.323;0.00;-103.68;
2026-01-22 16:35:19.05;0.00:00:10:240;-1.00;0.00;-0.01;0.008032;-0.007795;-2.256E-05;-9.552E-05;-89.92;-0.35;97.06;1.19;97.05;0.008032;0.007795;0.0002364;-20.952;-21.082;-36.263;0.00;-103.29;
2026-01-22 16:35:19.10;0.00:00:10:291;-1.00;0.00;-0.01;0.008037;-0.007799;-2.226E-05;-9.72E-05;-89.92;-0.36;97.04;1.21;97.04;0.008037;0.0078;0.0002375;-20.949;-21.079;-36.243;0.00;-102.90;
2026-01-22 16:35:19.15;0.00:00:10:341;-1.00;0.00;-0.01;0.00805;-0.007812;-2.041E-05;-9.663E-05;-89.93;-0.35;97.05;1.20;97.04;0.00805;0.007812;0.0002378;-20.942;-21.072;-36.237;0.00;-101.93;
2026-01-22 16:35:19.20;0.00:00:10:394;-1.00;0.00;-0.01;0.008069;-0.007829;-2.318E-05;-9.582E-05;-89.92;-0.35;97.04;1.19;97.03;0.008069;0.00783;0.0002392;-20.932;-21.063;-36.212;0.00;-103.60;
2026-01-22 16:35:19.25;0.00:00:10:447;-1.00;0.00;-0.01;0.008083;-0.007847;-2.526E-05;-9.725E-05;-89.91;-0.36;97.09;1.20;97.08;0.008083;0.007848;0.0002351;-20.924;-21.052;-36.288;0.00;-104.56;
2026-01-22 16:35:19.30;0.00:00:10:496;-1.00;0.00;-0.01;0.008141;-0.007901;-2.454E-05;-9.686E-05;-89.91;-0.35;97.06;1.19;97.05;0.008141;0.007901;0.0002395;-20.893;-21.023;-36.206;0.00;-104.22;
2026-01-22 16:35:19.35;0.00:00:10:548;-1.00;0.00;-0.01;0.008156;-0.007913;-2.145E-05;-9.772E-05;-89.92;-0.35;97.04;1.20;97.03;0.008156;0.007914;0.0002417;-20.885;-21.016;-36.168;0.00;-102.38;
2026-01-22 16:35:19.41;0.00:00:10:600;-1.00;0.00;-0.01;0.008158;-0.007918;-2.379E-05;-9.883E-05;-89.91;-0.36;97.07;1.21;97.06;0.008158;0.007919;0.0002389;-20.884;-21.013;-36.217;0.00;-103.54;
2026-01-22 16:35:19.46;0.00:00:10:651;-1.00;0.00;-0.01;0.008169;-0.007928;-2.174E-05;-9.743E-05;-89.92;-0.35;97.06;1.19;97.05;0.008169;0.007929;0.00024;-20.878;-21.008;-36.197;0.00;-102.58;
2026-01-22 16:35:19.51;0.00:00:10:700;-1.00;0.00;-0.01;0.008154;-0.007913;-2.167E-05;-9.945E-05;-89.92;-0.36;97.06;1.22;97.05;0.008154;0.007914;0.0002398;-20.886;-21.016;-36.202;0.00;-102.29;
2026-01-22 16:35:19.56;0.00:00:10:751;-1.00;0.00;-0.01;0.008181;-0.007942;-2.397E-05;-9.668E-05;-89.91;-0.35;97.09;1.18;97.08;0.008181;0.007942;0.0002382;-20.872;-21.001;-36.230;0.00;-103.93;
2026-01-22 16:35:19.61;0.00:00:10:802;-1.00;0.00;-0.01;0.008212;-0.007971;-1.993E-05;-9.684E-05;-89.93;-0.35;97.08;1.18;97.07;0.008212;0.007972;0.00024;-20.855;-20.984;-36.197;0.00;-101.63;
2026-01-22 16:35:19.66;0.00:00:10:855;-1.00;0.00;-0.01;0.008231;-0.007993;-2.173E-05;-9.791E-05;-89.92;-0.35;97.11;1.19;97.11;0.008231;0.007994;0.0002376;-20.845;-20.972;-36.242;0.00;-102.51;
2026-01-22 16:35:19.71;0.00:00:10:904;-1.00;0.00;-0.01;0.008259;-0.008016;-1.796E-05;-9.792E-05;-89.94;-0.35;97.06;1.19;97.05;0.008259;0.008016;0.000243;-20.831;-20.960;-36.144;0.00;-100.39;
2026-01-22 16:35:19.76;0.00:00:10:955;-1.00;0.00;-0.01;0.008241;-0.007996;-1.363E-05;-0.0001003;-89.95;-0.36;97.03;1.22;97.02;0.008241;0.007997;0.0002446;-20.840;-20.971;-36.116;0.00;-97.74;
2026-01-22 16:35:19.81;0.00:00:11:009;-1.00;0.00;-0.01;0.008254;-0.008014;-2.48E-05;-9.611E-05;-89.91;-0.34;97.10;1.16;97.10;0.008254;0.008015;0.0002391;-20.833;-20.961;-36.213;0.00;-104.47;
2026-01-22 16:35:19.86;0.00:00:11:059;-1.00;0.00;-0.01;0.008276;-0.008035;-2.418E-05;-9.672E-05;-89.91;-0.34;97.10;1.17;97.09;0.008276;0.008036;0.0002404;-20.822;-20.950;-36.191;0.00;-104.03;
2026-01-22 16:35:19.93;0.00:00:11:120;-1.00;0.00;-0.01;0.008333;-0.00809;-2.178E-05;-9.913E-05;-89.92;-0.35;97.08;1.19;97.08;0.008333;0.00809;0.0002429;-20.792;-20.920;-36.145;0.00;-102.39;
2026-01-22 16:35:19.97;0.00:00:11:169;-1.00;0.00;-0.01;0.008342;-0.008098;-1.949E-05;-9.973E-05;-89.93;-0.35;97.08;1.20;97.08;0.008342;0.008098;0.0002432;-20.787;-20.916;-36.140;0.00;-101.06;
2026-01-22 16:35:20.03;0.00:00:11:220;-1.00;0.00;-0.01;0.008365;-0.008124;-2.189E-05;-9.825E-05;-89.92;-0.35;97.13;1.17;97.13;0.008365;0.008125;0.0002397;-20.776;-20.902;-36.203;0.00;-102.56;
2026-01-22 16:35:20.08;0.00:00:11:271;-1.00;0.00;-0.01;0.008385;-0.008142;-2.331E-05;-0.0001002;-89.92;-0.35;97.12;1.19;97.11;0.008385;0.008143;0.0002418;-20.765;-20.892;-36.165;0.00;-103.10;
2026-01-22 16:35:20.13;0.00:00:11:323;-1.00;0.00;-0.01;0.008422;-0.008178;-1.842E-05;-0.0001008;-89.94;-0.35;97.11;1.20;97.10;0.008422;0.008178;0.0002434;-20.746;-20.873;-36.136;0.00;-100.36;
2026-01-22 16:35:20.18;0.00:00:11:375;-1.00;0.00;-0.01;0.008427;-0.008185;-1.968E-05;-0.000101;-89.93;-0.35;97.14;1.20;97.14;0.008427;0.008186;0.0002406;-20.743;-20.869;-36.187;0.00;-101.03;
2026-01-22 16:35:20.23;0.00:00:11:426;-1.00;0.00;-0.01;0.008434;-0.008191;-1.644E-05;-0.0001009;-89.94;-0.35;97.13;1.20;97.12;0.008434;0.008192;0.000242;-20.740;-20.866;-36.161;0.00;-99.25;
2026-01-22 16:35:20.28;0.00:00:11:478;-1.00;0.00;-0.01;0.008424;-0.008176;-1.358E-05;-0.0001017;-89.95;-0.36;97.06;1.21;97.05;0.008424;0.008176;0.0002476;-20.745;-20.874;-36.063;0.00;-97.60;
2026-01-22 16:35:20.33;0.00:00:11:529;-1.00;0.00;-0.01;0.008402;-0.008161;-1.954E-05;-0.0001005;-89.93;-0.35;97.14;1.20;97.14;0.008402;0.008162;0.0002399;-20.756;-20.882;-36.200;0.00;-101.01;
2026-01-22 16:35:20.38;0.00:00:11:578;-1.00;0.00;-0.01;0.008415;-0.00817;-1.979E-05;-0.0001001;-89.93;-0.35;97.10;1.19;97.09;0.008415;0.008171;0.0002442;-20.749;-20.877;-36.122;0.00;-101.18;
2026-01-22 16:35:20.44;0.00:00:11:632;-1.00;0.00;-0.01;0.008387;-0.00814;-1.576E-05;-0.0001019;-89.94;-0.36;97.07;1.21;97.06;0.008387;0.008141;0.0002458;-20.764;-20.893;-36.095;0.00;-98.80;
2026-01-22 16:35:20.49;0.00:00:11:685;-1.00;0.00;-0.01;0.0084;-0.008156;-1.912E-05;-0.0001001;-89.93;-0.35;97.10;1.19;97.10;0.0084;0.008156;0.0002434;-20.757;-20.885;-36.137;0.00;-100.82;
2026-01-22 16:35:20.54;0.00:00:11:730;-1.00;0.00;-0.01;0.008398;-0.008153;-1.786E-05;-0.0001006;-89.94;-0.35;97.09;1.20;97.08;0.008398;0.008154;0.0002446;-20.758;-20.886;-36.116;0.00;-100.06;
2026-01-22 16:35:20.58;0.00:00:11:777;-1.00;0.00;-0.01;0.008404;-0.008159;-1.946E-05;-9.946E-05;-89.93;-0.35;97.10;1.18;97.10;0.008404;0.00816;0.0002435;-20.755;-20.883;-36.136;0.00;-101.07;
2026-01-22 16:35:20.63;0.00:00:11:824;-1.00;0.00;-0.01;0.008444;-0.0082;-2.206E-05;-9.92E-05;-89.92;-0.35;97.13;1.17;97.12;0.008444;0.008201;0.0002425;-20.735;-20.861;-36.152;0.00;-102.54;
2026-01-22 16:35:20.68;0.00:00:11:871;-1.00;0.00;-0.01;0.008448;-0.008201;-1.58E-05;-0.000101;-89.94;-0.35;97.08;1.20;97.07;0.008448;0.008201;0.0002466;-20.733;-20.861;-36.080;0.00;-98.89;
2026-01-22 16:35:20.73;0.00:00:11:920;-1.00;0.00;-0.01;0.008432;-0.008187;-1.556E-05;-0.0001016;-89.95;-0.36;97.11;1.20;97.10;0.008432;0.008188;0.0002439;-20.741;-20.868;-36.129;0.00;-98.71;
2026-01-22 16:35:20.79;0.00:00:11:981;-1.00;0.00;-0.01;0.008429;-0.008189;-2.164E-05;-9.98E-05;-89.92;-0.35;97.17;1.18;97.16;0.008429;0.00819;0.0002389;-20.742;-20.867;-36.218;0.00;-102.23;
2026-01-22 16:35:20.83;0.00:00:12:026;-1.00;0.00;-0.01;0.008455;-0.008207;-1.366E-05;-0.0001024;-89.95;-0.36;97.08;1.21;97.07;0.008455;0.008208;0.0002472;-20.729;-20.858;-36.069;0.00;-97.60;
2026-01-22 16:35:20.88;0.00:00:12:074;-1.00;0.00;-0.01;0.008445;-0.0082;-2.003E-05;-9.954E-05;-89.93;-0.35;97.10;1.18;97.09;0.008445;0.008201;0.0002447;-20.734;-20.862;-36.113;0.00;-101.38;
2026-01-22 16:35:20.93;0.00:00:12:122;-1.00;0.00;-0.01;0.008463;-0.008221;-2.018E-05;-0.0001003;-89.93;-0.35;97.14;1.18;97.14;0.008463;0.008221;0.0002418;-20.725;-20.851;-36.166;0.00;-101.38;
2026-01-22 16:35:20.97;0.00:00:12:169;-1.00;0.00;-0.01;0.008502;-0.008254;-1.779E-05;-0.0001004;-89.94;-0.35;97.10;1.18;97.09;0.008502;0.008255;0.0002467;-20.705;-20.833;-36.079;0.00;-100.05;
2026-01-22 16:35:21.02;0.00:00:12:214;-1.00;0.00;-0.01;0.008501;-0.008253;-1.754E-05;-0.0001014;-89.94;-0.35;97.09;1.19;97.09;0.008501;0.008254;0.0002472;-20.705;-20.833;-36.070;0.00;-99.82;
2026-01-22 16:35:21.07;0.00:00:12:263;-1.00;0.00;-0.01;0.008501;-0.008257;-1.858E-05;-0.0001001;-89.94;-0.35;97.13;1.18;97.12;0.008501;0.008257;0.000244;-20.705;-20.832;-36.126;0.00;-100.52;
2026-01-22 16:35:21.11;0.00:00:12:309;-1.00;0.00;-0.01;0.008507;-0.008263;-1.989E-05;-9.99E-05;-89.93;-0.35;97.14;1.17;97.13;0.008507;0.008264;0.0002437;-20.702;-20.828;-36.132;0.00;-101.26;
2026-01-22 16:35:21.16;0.00:00:12:355;-1.00;0.00;-0.01;0.008513;-0.008265;-1.875E-05;-0.0001007;-89.94;-0.35;97.10;1.18;97.09;0.008513;0.008266;0.0002468;-20.699;-20.827;-36.077;0.00;-100.55;
2026-01-22 16:35:21.21;0.00:00:12:402;-1.00;0.00;-0.01;0.008505;-0.008259;-1.946E-05;-0.000101;-89.93;-0.35;97.11;1.19;97.11;0.008505;0.00826;0.0002456;-20.703;-20.830;-36.098;0.00;-100.90;
2026-01-22 16:35:21.27;0.00:00:12:463;-1.00;0.00;-0.01;0.008509;-0.008256;-1.47E-05;-0.0001011;-89.95;-0.35;97.04;1.19;97.03;0.008509;0.008257;0.0002522;-20.701;-20.832;-35.983;0.00;-98.27;
2026-01-22 16:35:21.31;0.00:00:12:508;-1.00;0.00;-0.01;0.008487;-0.008232;-1.339E-05;-0.0001016;-89.95;-0.35;96.99;1.20;96.99;0.008487;0.008232;0.0002552;-20.712;-20.845;-35.930;0.00;-97.50;
2026-01-22 16:35:21.36;0.00:00:12:556;-1.00;0.00;-0.01;0.008469;-0.008219;-1.472E-05;-0.0001012;-89.95;-0.35;97.05;1.19;97.05;0.008469;0.008219;0.0002496;-20.722;-20.852;-36.028;0.00;-98.28;
2026-01-22 16:35:21.41;0.00:00:12:602;-1.00;0.00;-0.01;0.008456;-0.008208;-1.8E-05;-9.983E-05;-89.94;-0.35;97.08;1.18;97.07;0.008456;0.008209;0.0002468;-20.729;-20.857;-36.076;0.00;-100.22;
2026-01-22 16:35:21.46;0.00:00:12:650;-1.00;0.00;-0.01;0.008457;-0.008209;-1.88E-05;-0.0001002;-89.93;-0.35;97.08;1.18;97.08;0.008457;0.00821;0.0002467;-20.728;-20.857;-36.079;0.00;-100.63;
2026-01-22 16:35:21.50;0.00:00:12:695;-1.00;0.00;-0.01;0.008461;-0.008212;-1.863E-05;-9.972E-05;-89.94;-0.35;97.07;1.18;97.06;0.008461;0.008213;0.0002479;-20.726;-20.855;-36.057;0.00;-100.58;
2026-01-22 16:35:21.55;0.00:00:12:743;-1.00;0.00;-0.01;0.008448;-0.008201;-2.126E-05;-0.0001003;-89.93;-0.35;97.09;1.19;97.08;0.008448;0.008202;0.0002461;-20.732;-20.861;-36.089;0.00;-101.97;
2026-01-22 16:35:21.60;0.00:00:12:791;-1.00;0.00;-0.01;0.008459;-0.008213;-1.852E-05;-0.0001002;-89.94;-0.35;97.10;1.18;97.10;0.008459;0.008214;0.000245;-20.727;-20.854;-36.109;0.00;-100.47;
2026-01-22 16:35:21.64;0.00:00:12:838;-1.00;0.00;-0.01;0.00847;-0.008224;-1.9E-05;-0.0001004;-89.93;-0.35;97.10;1.19;97.10;0.00847;0.008224;0.0002454;-20.721;-20.849;-36.101;0.00;-100.71;
2026-01-22 16:35:21.69;0.00:00:12:885;-1.00;0.00;-0.01;0.008482;-0.008235;-1.909E-05;-9.942E-05;-89.93;-0.35;97.09;1.17;97.09;0.008482;0.008236;0.0002466;-20.715;-20.843;-36.080;0.00;-100.87;
2026-01-22 16:35:21.74;0.00:00:12:931;-1.00;0.00;-0.01;0.008491;-0.008243;-1.975E-05;-0.0001001;-89.93;-0.35;97.08;1.18;97.07;0.008491;0.008243;0.0002482;-20.710;-20.839;-36.051;0.00;-101.17;
2026-01-22 16:35:21.78;0.00:00:12:977;-1.00;0.00;-0.01;0.008492;-0.008244;-1.597E-05;-0.0001008;-89.94;-0.35;97.09;1.19;97.08;0.008492;0.008245;0.0002471;-20.710;-20.838;-36.072;0.00;-99.00;
2026-01-22 16:35:21.83;0.00:00:13:024;-1.00;0.00;-0.01;0.008488;-0.008243;-1.855E-05;-0.0001013;-89.94;-0.35;97.12;1.19;97.11;0.008488;0.008243;0.0002444;-20.712;-20.839;-36.119;0.00;-100.38;
2026-01-22 16:35:21.88;0.00:00:13:071;-1.00;0.00;-0.01;0.008497;-0.008252;-2.082E-05;-0.0001005;-89.93;-0.35;97.13;1.18;97.13;0.008497;0.008253;0.0002436;-20.707;-20.834;-36.133;0.00;-101.71;
2026-01-22 16:35:21.92;0.00:00:13:118;-1.00;0.00;-0.01;0.008519;-0.008275;-1.952E-05;-0.0001002;-89.93;-0.35;97.14;1.18;97.13;0.008519;0.008275;0.000244;-20.696;-20.822;-36.126;0.00;-101.03;
2026-01-22 16:35:21.97;0.00:00:13:165;-1.00;0.00;-0.01;0.008525;-0.00828;-2.031E-05;-0.0001;-89.93;-0.35;97.14;1.17;97.13;0.008525;0.008281;0.000244;-20.693;-20.819;-36.127;0.00;-101.47;
2026-01-22 16:35:22.02;0.00:00:13:211;-1.00;0.00;-0.01;0.008544;-0.008299;-2.337E-05;-9.991E-05;-89.92;-0.34;97.14;1.17;97.13;0.008544;0.008299;0.0002443;-20.684;-20.810;-36.120;0.00;-103.17;
2026-01-22 16:35:22.06;0.00:00:13:257;-1.00;0.00;-0.01;0.008568;-0.008322;-2.133E-05;-0.0001015;-89.93;-0.35;97.14;1.18;97.13;0.008568;0.008322;0.0002455;-20.671;-20.797;-36.100;0.00;-101.86;
2026-01-22 16:35:22.11;0.00:00:13:304;-1.00;0.00;-0.01;0.008581;-0.008331;-2.013E-05;-0.0001016;-89.93;-0.35;97.10;1.18;97.09;0.008581;0.008332;0.0002491;-20.665;-20.793;-36.037;0.00;-101.21;
2026-01-22 16:35:22.16;0.00:00:13:350;-1.00;0.00;-0.01;0.0086;-0.008354;-1.975E-05;-0.000101;-89.93;-0.35;97.15;1.17;97.14;0.0086;0.008355;0.0002453;-20.655;-20.781;-36.104;0.00;-101.07;
2026-01-22 16:35:22.22;0.00:00:13:414;-1.00;0.00;-0.01;0.008608;-0.008362;-2.155E-05;-0.0001014;-89.93;-0.35;97.15;1.18;97.15;0.008608;0.008363;0.0002451;-20.651;-20.776;-36.106;0.00;-102.00;
2026-01-22 16:35:22.27;0.00:00:13:460;-1.00;0.00;-0.01;0.008614;-0.008365;-1.689E-05;-0.0001027;-89.94;-0.35;97.12;1.19;97.11;0.008614;0.008366;0.0002481;-20.648;-20.775;-36.053;0.00;-99.34;
2026-01-22 16:35:22.31;0.00:00:13:506;-1.00;0.00;-0.01;0.008599;-0.008346;-1.666E-05;-0.0001031;-89.94;-0.35;97.06;1.20;97.05;0.008599;0.008346;0.000253;-20.655;-20.785;-35.968;0.00;-99.18;
2026-01-22 16:35:22.36;0.00:00:13:553;-1.00;0.00;-0.01;0.008601;-0.008349;-1.672E-05;-0.0001012;-89.94;-0.35;97.09;1.18;97.08;0.008601;0.00835;0.0002507;-20.655;-20.783;-36.009;0.00;-99.38;
2026-01-22 16:35:22.41;0.00:00:13:600;-1.00;0.00;-0.01;0.0086;-0.008349;-2.16E-05;-0.0001018;-89.93;-0.35;97.09;1.18;97.08;0.0086;0.00835;0.0002504;-20.655;-20.783;-36.014;0.00;-101.98;
2026-01-22 16:35:22.45;0.00:00:13:647;-1.00;0.00;-0.01;0.008611;-0.008359;-2.065E-05;-0.0001013;-89.93;-0.35;97.08;1.18;97.08;0.008611;0.00836;0.000251;-20.650;-20.778;-36.003;0.00;-101.53;
2026-01-22 16:35:22.50;0.00:00:13:694;-1.00;0.00;-0.01;0.008614;-0.008364;-1.958E-05;-0.0001006;-89.93;-0.34;97.10;1.17;97.09;0.008614;0.008364;0.0002499;-20.648;-20.776;-36.023;0.00;-101.01;
2026-01-22 16:35:22.55;0.00:00:13:742;-1.00;0.00;-0.01;0.008613;-0.008358;-1.671E-05;-0.0001026;-89.94;-0.35;97.06;1.19;97.05;0.008613;0.008359;0.0002535;-20.649;-20.778;-35.960;0.00;-99.24;
2026-01-22 16:35:22.59;0.00:00:13:788;-1.00;0.00;-0.01;0.008638;-0.008385;-1.986E-05;-0.0001013;-89.93;-0.35;97.08;1.17;97.07;0.008638;0.008386;0.0002521;-20.636;-20.764;-35.984;0.00;-101.10;
2026-01-22 16:35:22.66;0.00:00:13:852;-1.00;0.00;-0.01;0.008646;-0.008396;-2.063E-05;-0.0001012;-89.93;-0.35;97.12;1.17;97.11;0.008646;0.008397;0.0002494;-20.632;-20.759;-36.031;0.00;-101.52;
2026-01-22 16:35:22.72;0.00:00:13:912;-1.00;0.00;-0.01;0.008663;-0.008412;-2.263E-05;-0.0001012;-89.92;-0.34;97.12;1.17;97.11;0.008663;0.008413;0.0002497;-20.623;-20.750;-36.026;0.00;-102.60;
2026-01-22 16:35:22.77;0.00:00:13:961;-1.00;0.00;-0.01;0.00868;-0.008429;-2.084E-05;-0.000101;-89.93;-0.34;97.11;1.16;97.10;0.00868;0.008429;0.0002507;-20.615;-20.742;-36.009;0.00;-101.66;
2026-01-22 16:35:22.81;0.00:00:14:006;-1.00;0.00;-0.01;0.008672;-0.008417;-1.741E-05;-0.0001041;-89.94;-0.35;97.07;1.20;97.06;0.008672;0.008418;0.0002541;-20.619;-20.748;-35.950;0.00;-99.50;
2026-01-22 16:35:22.86;0.00:00:14:056;-1.00;0.00;-0.01;0.008661;-0.008413;-2.427E-05;-0.0001026;-89.92;-0.35;97.15;1.18;97.15;0.008661;0.008414;0.0002466;-20.624;-20.750;-36.080;0.00;-103.31;
2026-01-22 16:35:22.92;0.00:00:14:117;-1.00;0.00;-0.01;0.008692;-0.008439;-2.124E-05;-0.0001017;-89.93;-0.35;97.11;1.17;97.10;0.008692;0.00844;0.0002515;-20.609;-20.737;-35.995;0.00;-101.80;
2026-01-22 16:35:22.97;0.00:00:14:164;-1.00;0.00;-0.01;0.008709;-0.008455;-1.837E-05;-0.0001092;-89.94;-0.37;97.09;1.25;97.09;0.008709;0.008456;0.000253;-20.600;-20.728;-35.969;0.00;-99.55;
2026-01-22 16:35:23.02;0.00:00:14:211;-1.00;0.00;-0.01;0.008723;-0.008472;-2.078E-05;-0.0001028;-89.93;-0.35;97.13;1.18;97.13;0.008723;0.008473;0.0002501;-20.594;-20.720;-36.020;0.00;-101.43;
2026-01-22 16:35:23.06;0.00:00:14:258;-1.00;0.00;-0.01;0.008713;-0.008455;-1.243E-05;-0.0001055;-89.96;-0.36;97.05;1.21;97.04;0.008713;0.008456;0.000257;-20.599;-20.729;-35.901;0.00;-96.72;
2026-01-22 16:35:23.11;0.00:00:14:304;-1.00;0.00;-0.01;0.008707;-0.008457;-2.035E-05;-0.0001024;-89.93;-0.35;97.14;1.18;97.13;0.008707;0.008457;0.0002492;-20.601;-20.728;-36.034;0.00;-101.24;
2026-01-22 16:35:23.16;0.00:00:14:352;-1.00;0.00;-0.01;0.0087;-0.00845;-1.98E-05;-0.0001028;-89.93;-0.35;97.14;1.18;97.13;0.0087;0.008451;0.0002488;-20.605;-20.731;-36.042;0.00;-100.91;
2026-01-22 16:35:23.20;0.00:00:14:398;-1.00;0.00;-0.01;0.008741;-0.008488;-2.182E-05;-0.0001031;-89.93;-0.35;97.12;1.18;97.11;0.008741;0.008489;0.0002522;-20.584;-20.711;-35.983;0.00;-101.95;
2026-01-22 16:35:23.25;0.00:00:14:445;-1.00;0.00;-0.01;0.008755;-0.008502;-2.029E-05;-0.0001042;-89.93;-0.35;97.12;1.19;97.11;0.008755;0.008503;0.0002524;-20.577;-20.704;-35.978;0.00;-101.02;
2026-01-22 16:35:23.30;0.00:00:14:491;-1.00;0.00;-0.01;0.008771;-0.008516;-1.835E-05;-0.0001025;-89.94;-0.34;97.11;1.17;97.10;0.008771;0.008517;0.0002535;-20.570;-20.697;-35.960;0.00;-100.15;
2026-01-22 16:35:23.34;0.00:00:14:539;-1.00;0.00;-0.01;0.008768;-0.008513;-1.846E-05;-0.0001036;-89.94;-0.35;97.11;1.18;97.10;0.008768;0.008514;0.0002538;-20.571;-20.699;-35.955;0.00;-100.10;
2026-01-22 16:35:23.39;0.00:00:14:585;-1.00;0.00;-0.01;0.008766;-0.008513;-2.224E-05;-0.0001042;-89.93;-0.35;97.12;1.19;97.11;0.008766;0.008513;0.0002525;-20.572;-20.699;-35.978;0.00;-102.04;
2026-01-22 16:35:23.44;0.00:00:14:632;-1.00;0.00;-0.01;0.008792;-0.008539;-2.407E-05;-0.0001043;-89.92;-0.35;97.13;1.19;97.12;0.008792;0.00854;0.0002522;-20.559;-20.685;-35.983;0.00;-103.00;
2026-01-22 16:35:23.48;0.00:00:14:679;-1.00;0.00;-0.01;0.00882;-0.008569;-2.36E-05;-9.989E-05;-89.92;-0.33;97.16;1.13;97.15;0.00882;0.008569;0.0002509;-20.545;-20.670;-36.005;0.00;-103.30;
2026-01-22 16:35:23.53;0.00:00:14:726;-1.00;0.00;-0.01;0.008845;-0.008586;-2.037E-05;-0.0001045;-89.93;-0.35;97.08;1.18;97.07;0.008845;0.008587;0.0002582;-20.533;-20.662;-35.880;0.00;-101.03;
2026-01-22 16:35:23.58;0.00:00:14:772;-1.00;0.00;-0.01;0.008871;-0.008613;-1.797E-05;-0.0001049;-89.94;-0.35;97.10;1.18;97.09;0.008871;0.008613;0.0002574;-20.520;-20.648;-35.895;0.00;-99.72;
2026-01-22 16:35:23.62;0.00:00:14:818;-1.00;0.00;-0.01;0.008864;-0.008606;-1.94E-05;-0.0001049;-89.94;-0.35;97.10;1.18;97.09;0.008864;0.008606;0.0002572;-20.524;-20.652;-35.898;0.00;-100.48;
2026-01-22 16:35:23.67;0.00:00:14:865;-1.00;0.00;-0.01;0.008861;-0.008601;-1.871E-05;-0.0001062;-89.94;-0.35;97.08;1.20;97.07;0.008861;0.008602;0.0002588;-20.525;-20.654;-35.870;0.00;-99.99;
2026-01-22 16:35:23.72;0.00:00:14:911;-1.00;0.00;-0.01;0.008869;-0.008614;-2.087E-05;-0.0001047;-89.93;-0.35;97.14;1.18;97.13;0.008869;0.008615;0.0002537;-20.521;-20.647;-35.957;0.00;-101.27;
2026-01-22 16:35:23.76;0.00:00:14:958;-1.00;0.00;-0.01;0.008864;-0.008601;-1.499E-05;-0.0001062;-89.95;-0.35;97.05;1.20;97.04;0.008864;0.008602;0.0002616;-20.524;-20.654;-35.824;0.00;-98.03;
2026-01-22 16:35:23.81;0.00:00:15:006;-1.00;0.00;-0.01;0.008845;-0.008589;-1.444E-05;-0.0001033;-89.95;-0.34;97.11;1.17;97.10;0.008845;0.00859;0.0002555;-20.533;-20.660;-35.927;0.00;-97.96;
2026-01-22 16:35:23.86;0.00:00:15:052;-1.00;0.00;-0.01;0.008827;-0.008574;-2.437E-05;-0.0001069;-89.92;-0.36;97.14;1.21;97.13;0.008827;0.008574;0.0002526;-20.542;-20.668;-35.976;0.00;-102.85;
2026-01-22 16:35:23.90;0.00:00:15:099;-1.00;0.00;-0.01;0.008852;-0.008594;-1.474E-05;-0.0001038;-89.95;-0.35;97.09;1.17;97.09;0.008852;0.008595;0.0002573;-20.530;-20.658;-35.895;0.00;-98.08;
2026-01-22 16:35:23.95;0.00:00:15:146;-1.00;0.00;-0.01;0.008808;-0.008553;-2.106E-05;-0.0001056;-89.93;-0.35;97.11;1.20;97.10;0.008808;0.008554;0.0002545;-20.551;-20.678;-35.943;0.00;-101.28;
2026-01-22 16:35:24.01;0.00:00:15:209;-1.00;0.00;-0.01;0.008777;-0.008516;-1.194E-05;-0.0001077;-89.96;-0.36;97.03;1.23;97.02;0.008777;0.008516;0.0002608;-20.567;-20.698;-35.837;0.00;-96.33;
2026-01-22 16:35:24.06;0.00:00:15:256;-1.00;0.00;-0.01;0.008757;-0.008504;-1.698E-05;-0.0001024;-89.94;-0.34;97.12;1.17;97.11;0.008757;0.008505;0.0002526;-20.576;-20.703;-35.975;0.00;-99.41;
2026-01-22 16:35:24.11;0.00:00:15:302;-1.00;0.00;-0.01;0.008736;-0.00848;-1.568E-05;-0.0001039;-89.95;-0.35;97.07;1.19;97.07;0.008736;0.008481;0.0002556;-20.587;-20.716;-35.924;0.00;-98.58;
2026-01-22 16:35:24.16;0.00:00:15:349;-1.00;0.00;-0.01;0.008736;-0.008488;-2.574E-05;-0.0001036;-89.91;-0.35;97.17;1.19;97.16;0.008736;0.008488;0.0002476;-20.587;-20.712;-36.062;0.00;-103.95;
2026-01-22 16:35:24.20;0.00:00:15:396;-1.00;0.00;-0.01;0.008791;-0.008543;-2.813E-05;-0.000102;-89.91;-0.34;97.19;1.16;97.19;0.008791;0.008544;0.0002467;-20.560;-20.683;-36.079;0.00;-105.42;
2026-01-22 16:35:24.25;0.00:00:15:445;-1.00;0.00;-0.01;0.008818;-0.008559;-1.396E-05;-0.0001057;-89.95;-0.35;97.07;1.20;97.06;0.008818;0.008559;0.0002586;-20.546;-20.676;-35.874;0.00;-97.52;
2026-01-22 16:35:24.30;0.00:00:15:492;-1.00;0.00;-0.01;0.008807;-0.008555;-2.033E-05;-0.0001058;-89.93;-0.35;97.14;1.20;97.14;0.008807;0.008555;0.0002515;-20.552;-20.678;-35.994;0.00;-100.88;
2026-01-22 16:35:24.34;0.00:00:15:539;-1.00;0.00;-0.01;0.008796;-0.008537;-1.273E-05;-0.0001061;-89.96;-0.36;97.06;1.21;97.05;0.008796;0.008538;0.0002585;-20.557;-20.687;-35.875;0.00;-96.84;
2026-01-22 16:35:24.39;0.00:00:15:585;-1.00;0.00;-0.01;0.008801;-0.008554;-2.447E-05;-0.000104;-89.92;-0.35;97.20;1.18;97.19;0.008801;0.008555;0.0002463;-20.555;-20.678;-36.085;0.00;-103.25;
2026-01-22 16:35:24.44;0.00:00:15:633;-1.00;0.00;-0.01;0.008809;-0.008553;-1.638E-05;-0.0001078;-89.95;-0.36;97.10;1.22;97.09;0.008809;0.008554;0.0002552;-20.551;-20.679;-35.931;0.00;-98.64;
2026-01-22 16:35:24.48;0.00:00:15:679;-1.00;0.00;-0.01;0.008783;-0.008525;-1.491E-05;-0.000103;-89.95;-0.35;97.07;1.17;97.07;0.008783;0.008526;0.0002571;-20.564;-20.693;-35.900;0.00;-98.23;
2026-01-22 16:35:24.54;0.00:00:15:730;-1.00;0.00;-0.01;0.008777;-0.008523;-1.814E-05;-0.0001047;-89.94;-0.35;97.12;1.19;97.11;0.008777;0.008524;0.0002531;-20.567;-20.694;-35.967;0.00;-99.83;
2026-01-22 16:35:24.59;0.00:00:15:780;-1.00;0.00;-0.01;0.008822;-0.008569;-2.215E-05;-0.0001027;-89.93;-0.34;97.14;1.16;97.13;0.008822;0.008569;0.0002527;-20.544;-20.671;-35.974;0.00;-102.17;
2026-01-22 16:35:24.64;0.00:00:15:831;-1.00;0.00;-0.01;0.008843;-0.008593;-2.425E-05;-0.0001045;-89.92;-0.35;97.18;1.18;97.17;0.008843;0.008593;0.0002493;-20.534;-20.658;-36.032;0.00;-103.07;
2026-01-22 16:35:24.70;0.00:00:15:894;-1.00;0.00;-0.01;0.008902;-0.008645;-1.74E-05;-0.0001075;-89.94;-0.36;97.12;1.21;97.12;0.008902;0.008646;0.0002561;-20.505;-20.632;-35.916;0.00;-99.19;
2026-01-22 16:35:24.75;0.00:00:15:943;-1.00;0.00;-0.01;0.008889;-0.008631;-2.036E-05;-0.0001081;-89.93;-0.36;97.11;1.22;97.10;0.008889;0.008632;0.0002569;-20.512;-20.639;-35.903;0.00;-100.67;
2026-01-22 16:35:24.80;0.00:00:15:990;-1.00;0.00;-0.01;0.008989;-0.008737;-2.064E-05;-0.0001048;-89.93;-0.34;97.20;1.17;97.19;0.008989;0.008737;0.0002519;-20.463;-20.586;-35.987;0.00;-101.14;
2026-01-22 16:35:24.85;0.00:00:16:040;-1.00;0.00;-0.01;0.008991;-0.00873;-1.595E-05;-0.0001066;-89.95;-0.35;97.10;1.19;97.09;0.008991;0.00873;0.000261;-20.462;-20.590;-35.834;0.00;-98.51;
2026-01-22 16:35:24.90;0.00:00:16:091;-1.00;0.00;-0.01;0.00905;-0.008795;-2.298E-05;-0.0001068;-89.93;-0.35;97.19;1.18;97.19;0.00905;0.008796;0.0002541;-20.434;-20.557;-35.951;0.00;-102.15;
2026-01-22 16:35:24.95;0.00:00:16:142;-1.00;0.00;-0.01;0.009074;-0.008825;-2.353E-05;-0.0001053;-89.92;-0.34;97.26;1.16;97.25;0.009074;0.008826;0.0002487;-20.422;-20.543;-36.043;0.00;-102.60;
2026-01-22 16:35:25.00;0.00:00:16:195;-1.00;0.00;-0.01;0.009103;-0.00885;-2.893E-05;-0.0001033;-89.91;-0.33;97.23;1.13;97.22;0.009103;0.008851;0.0002525;-20.408;-20.530;-35.977;0.00;-105.65;
2026-01-22 16:35:25.05;0.00:00:16:245;-1.00;0.00;-0.01;0.009152;-0.008894;-1.984E-05;-0.0001063;-89.94;-0.34;97.19;1.16;97.18;0.009152;0.008895;0.0002571;-20.385;-20.509;-35.900;0.00;-100.57;
2026-01-22 16:35:25.11;0.00:00:16:308;-1.00;0.00;-0.01;0.009192;-0.008937;-1.922E-05;-0.0001042;-89.94;-0.33;97.23;1.13;97.22;0.009192;0.008937;0.0002547;-20.366;-20.488;-35.940;0.00;-100.45;
2026-01-22 16:35:25.16;0.00:00:16:359;-1.00;0.00;-0.01;0.009218;-0.008958;-1.609E-05;-0.0001076;-89.95;-0.34;97.18;1.17;97.18;0.009218;0.008958;0.0002595;-20.354;-20.478;-35.858;0.00;-98.50;
2026-01-22 16:35:25.22;0.00:00:16:410;-1.00;0.00;-0.01;0.00919;-0.00893;-1.742E-05;-0.0001089;-89.94;-0.35;97.18;1.19;97.17;0.00919;0.008931;0.0002595;-20.367;-20.491;-35.859;0.00;-99.09;
2026-01-22 16:35:25.27;0.00:00:16:460;-1.00;0.00;-0.01;0.009203;-0.008953;-2.434E-05;-0.0001058;-89.92;-0.34;97.29;1.15;97.28;0.009203;0.008954;0.0002496;-20.361;-20.480;-36.028;0.00;-102.96;
2026-01-22 16:35:25.32;0.00:00:16:510;-1.00;0.00;-0.01;0.009218;-0.008963;-1.668E-05;-0.0001093;-89.95;-0.35;97.24;1.19;97.23;0.009218;0.008963;0.0002544;-20.354;-20.475;-35.944;0.00;-98.68;
2026-01-22 16:35:25.37;0.00:00:16:561;-1.00;0.00;-0.01;0.009179;-0.008926;-1.857E-05;-0.0001085;-89.94;-0.35;97.25;1.18;97.25;0.009179;0.008927;0.0002521;-20.372;-20.493;-35.984;0.00;-99.71;
2026-01-22 16:35:25.43;0.00:00:16:621;-1.00;0.00;-0.01;0.009185;-0.008927;-1.859E-05;-0.0001097;-89.94;-0.35;97.20;1.19;97.19;0.009185;0.008927;0.0002572;-20.369;-20.493;-35.897;0.00;-99.62;
2026-01-22 16:35:25.48;0.00:00:16:674;-1.00;0.00;-0.01;0.009196;-0.008936;-1.731E-05;-0.0001087;-89.94;-0.35;97.18;1.18;97.17;0.009196;0.008936;0.0002594;-20.364;-20.488;-35.860;0.00;-99.04;
2026-01-22 16:35:25.53;0.00:00:16:723;-1.00;0.00;-0.01;0.009184;-0.008924;-1.685E-05;-0.000109;-89.95;-0.35;97.18;1.19;97.17;0.009184;0.008925;0.0002589;-20.370;-20.494;-35.869;0.00;-98.79;
2026-01-22 16:35:25.58;0.00:00:16:775;-1.00;0.00;-0.01;0.009217;-0.008953;-1.644E-05;-0.0001099;-89.95;-0.35;97.15;1.19;97.14;0.009217;0.008954;0.0002629;-20.354;-20.480;-35.802;0.00;-98.51;
2026-01-22 16:35:25.63;0.00:00:16:826;-1.00;0.00;-0.01;0.009196;-0.008931;-9.044E-06;-0.0001111;-89.97;-0.36;97.13;1.21;97.12;0.009196;0.008932;0.0002641;-20.364;-20.491;-35.783;0.00;-94.66;
2026-01-22 16:35:25.68;0.00:00:16:878;-1.00;0.00;-0.01;0.009173;-0.00892;-1.76E-05;-0.0001069;-89.94;-0.34;97.25;1.17;97.24;0.009173;0.008921;0.0002525;-20.375;-20.496;-35.977;0.00;-99.35;
2026-01-22 16:35:25.73;0.00:00:16:929;-1.00;0.00;-0.01;0.009179;-0.008927;-2.088E-05;-0.0001073;-89.93;-0.34;97.26;1.17;97.25;0.009179;0.008928;0.0002516;-20.372;-20.493;-35.992;0.00;-101.01;
2026-01-22 16:35:25.79;0.00:00:16:980;-1.00;0.00;-0.01;0.009165;-0.008906;-1.805E-05;-0.0001059;-89.94;-0.34;97.18;1.16;97.17;0.009165;0.008907;0.0002589;-20.378;-20.503;-35.869;0.00;-99.67;
2026-01-22 16:35:25.84;0.00:00:17:031;-1.00;0.00;-0.01;0.009157;-0.008902;-1.767E-05;-0.0001074;-89.94;-0.35;97.22;1.17;97.21;0.009157;0.008903;0.0002545;-20.382;-20.505;-35.943;0.00;-99.34;
2026-01-22 16:35:25.89;0.00:00:17:081;-1.00;0.00;-0.01;0.009146;-0.008892;-2.243E-05;-0.0001112;-89.93;-0.36;97.23;1.22;97.23;0.009146;0.008893;0.0002531;-20.388;-20.510;-35.968;0.00;-101.41;
2026-01-22 16:35:25.94;0.00:00:17:132;-1.00;0.00;-0.01;0.009151;-0.008889;-1.455E-05;-0.0001085;-89.95;-0.35;97.14;1.19;97.14;0.009151;0.00889;0.0002615;-20.385;-20.511;-35.825;0.00;-97.64;
2026-01-22 16:35:25.99;0.00:00:17:183;-1.00;0.00;-0.01;0.009163;-0.008907;-1.921E-05;-0.0001072;-89.94;-0.34;97.21;1.17;97.21;0.009163;0.008908;0.0002554;-20.380;-20.502;-35.929;0.00;-100.16;
2026-01-22 16:35:26.04;0.00:00:17:235;-1.00;0.00;-0.01;0.009155;-0.008893;-1.407E-05;-0.0001103;-89.95;-0.36;97.14;1.20;97.14;0.009155;0.008893;0.0002614;-20.384;-20.509;-35.826;0.00;-97.27;
2026-01-22 16:35:26.09;0.00:00:17:285;-1.00;0.00;-0.01;0.00915;-0.008888;-1.638E-05;-0.0001076;-89.95;-0.35;97.15;1.18;97.14;0.00915;0.008889;0.0002609;-20.386;-20.512;-35.835;0.00;-98.66;
2026-01-22 16:35:26.14;0.00:00:17:337;-1.00;0.00;-0.01;0.009144;-0.008889;-2.354E-05;-0.0001071;-89.92;-0.35;97.22;1.17;97.21;0.009144;0.00889;0.0002541;-20.389;-20.511;-35.950;0.00;-102.40;
2026-01-22 16:35:26.19;0.00:00:17:389;-1.00;0.00;-0.01;0.009159;-0.008901;-1.953E-05;-0.0001083;-89.94;-0.35;97.19;1.18;97.18;0.009159;0.008902;0.0002574;-20.381;-20.505;-35.894;0.00;-100.23;
2026-01-22 16:35:26.24;0.00:00:17:439;-1.00;0.00;-0.01;0.009132;-0.008872;-1.535E-05;-0.0001092;-89.95;-0.35;97.16;1.20;97.15;0.009132;0.008873;0.0002595;-20.394;-20.519;-35.859;0.00;-98.00;
2026-01-22 16:35:26.30;0.00:00:17:490;-1.00;0.00;-0.01;0.009118;-0.008857;-1.597E-05;-0.0001079;-89.95;-0.35;97.15;1.18;97.15;0.009118;0.008858;0.0002596;-20.401;-20.527;-35.858;0.00;-98.42;
2026-01-22 16:35:26.35;0.00:00:17:541;-1.00;0.00;-0.01;0.00909;-0.008834;-1.842E-05;-0.0001077;-89.94;-0.35;97.20;1.18;97.19;0.00909;0.008835;0.0002544;-20.415;-20.538;-35.946;0.00;-99.71;
2026-01-22 16:35:26.40;0.00:00:17:592;-1.00;0.00;-0.01;0.009078;-0.00882;-1.952E-05;-0.0001083;-89.94;-0.35;97.17;1.19;97.16;0.009078;0.008821;0.0002568;-20.420;-20.545;-35.905;0.00;-100.22;
2026-01-22 16:35:26.45;0.00:00:17:643;-1.00;0.00;-0.01;0.009109;-0.008858;-2.456E-05;-0.0001076;-89.92;-0.35;97.26;1.18;97.25;0.009109;0.008859;0.0002498;-20.405;-20.526;-36.024;0.00;-102.86;
2026-01-22 16:35:26.51;0.00:00:17:701;-1.00;0.00;-0.01;0.009133;-0.008881;-2.301E-05;-0.0001054;-89.93;-0.34;97.25;1.15;97.25;0.009133;0.008882;0.0002509;-20.394;-20.515;-36.005;0.00;-102.32;
2026-01-22 16:35:26.55;0.00:00:17:748;-1.00;0.00;-0.01;0.009172;-0.008913;-1.345E-05;-0.0001086;-89.96;-0.35;97.19;1.18;97.18;0.009172;0.008913;0.0002581;-20.376;-20.500;-35.881;0.00;-97.06;
2026-01-22 16:35:26.60;0.00:00:17:795;-1.00;0.00;-0.01;0.009159;-0.0089;-1.681E-05;-0.0001074;-89.95;-0.35;97.18;1.17;97.17;0.009159;0.0089;0.0002587;-20.381;-20.506;-35.872;0.00;-98.89;
2026-01-22 16:35:26.65;0.00:00:17:842;-1.00;0.00;-0.01;0.009152;-0.008893;-1.726E-05;-0.0001079;-89.94;-0.35;97.18;1.18;97.17;0.009152;0.008894;0.0002585;-20.385;-20.509;-35.875;0.00;-99.09;
2026-01-22 16:35:26.70;0.00:00:17:890;-1.00;0.00;-0.01;0.009111;-0.00885;-1.539E-05;-0.0001086;-89.95;-0.35;97.15;1.19;97.14;0.009111;0.008851;0.0002599;-20.404;-20.530;-35.852;0.00;-98.07;
2026-01-22 16:35:26.74;0.00:00:17:936;-1.00;0.00;-0.01;0.009119;-0.008863;-1.995E-05;-0.0001073;-89.94;-0.35;97.19;1.18;97.19;0.009119;0.008863;0.000256;-20.400;-20.524;-35.917;0.00;-100.53;
2026-01-22 16:35:26.79;0.00:00:17:983;-1.00;0.00;-0.01;0.00913;-0.008875;-2.012E-05;-0.0001067;-89.94;-0.34;97.21;1.17;97.20;0.00913;0.008876;0.0002546;-20.395;-20.518;-35.941;0.00;-100.67;
2026-01-22 16:35:26.83;0.00:00:18:029;-1.00;0.00;-0.01;0.009139;-0.00888;-1.903E-05;-0.000107;-89.94;-0.35;97.17;1.17;97.17;0.009139;0.008881;0.0002583;-20.391;-20.515;-35.879;0.00;-100.08;
2026-01-22 16:35:26.88;0.00:00:18:076;-1.00;0.00;-0.01;0.009134;-0.008877;-1.648E-05;-0.0001079;-89.95;-0.35;97.19;1.18;97.19;0.009134;0.008877;0.0002564;-20.394;-20.517;-35.912;0.00;-98.68;
2026-01-22 16:35:26.93;0.00:00:18:121;-1.00;0.00;-0.01;0.009098;-0.008841;-1.756E-05;-0.0001077;-89.94;-0.35;97.18;1.18;97.18;0.009098;0.008842;0.0002562;-20.410;-20.534;-35.914;0.00;-99.26;
2026-01-22 16:35:26.97;0.00:00:18:168;-1.00;0.00;-0.01;0.009095;-0.008839;-2.196E-05;-0.0001067;-89.93;-0.35;97.20;1.17;97.19;0.009095;0.00884;0.000255;-20.412;-20.536;-35.935;0.00;-101.63;
2026-01-22 16:35:27.02;0.00:00:18:213;-1.00;0.00;-0.01;0.0091;-0.008834;-1.229E-05;-0.0001086;-89.96;-0.35;97.09;1.19;97.08;0.0091;0.008835;0.0002648;-20.410;-20.538;-35.771;0.00;-96.46;
2026-01-22 16:35:27.07;0.00:00:18:260;-1.00;0.00;-0.01;0.009073;-0.008808;-1.692E-05;-0.0001086;-89.94;-0.35;97.09;1.20;97.08;0.009073;0.008809;0.000264;-20.422;-20.551;-35.783;0.00;-98.86;
2026-01-22 16:35:27.11;0.00:00:18:308;-1.00;0.00;-0.01;0.009055;-0.008795;-1.726E-05;-0.0001091;-89.94;-0.36;97.14;1.21;97.13;0.009055;0.008796;0.0002594;-20.431;-20.557;-35.860;0.00;-98.99;
2026-01-22 16:35:27.16;0.00:00:18:354;-1.00;0.00;-0.01;0.009029;-0.008774;-1.943E-05;-0.0001061;-89.94;-0.35;97.18;1.18;97.18;0.009029;0.008775;0.0002544;-20.444;-20.568;-35.944;0.00;-100.38;
2026-01-22 16:35:27.21;0.00:00:18:400;-1.00;0.00;-0.01;0.009006;-0.008746;-1.468E-05;-0.0001107;-89.95;-0.36;97.12;1.23;97.12;0.009006;0.008747;0.0002589;-20.455;-20.581;-35.868;0.00;-97.56;
2026-01-22 16:35:27.25;0.00:00:18:447;-1.00;0.00;-0.01;0.009014;-0.008758;-2.255E-05;-0.0001049;-89.93;-0.34;97.17;1.16;97.16;0.009014;0.008759;0.0002552;-20.451;-20.576;-35.932;0.00;-102.14;
2026-01-22 16:35:27.30;0.00:00:18:496;-1.00;0.00;-0.01;0.009022;-0.008762;-1.679E-05;-0.0001066;-89.95;-0.35;97.12;1.18;97.11;0.009022;0.008762;0.0002603;-20.447;-20.574;-35.846;0.00;-98.96;
2026-01-22 16:35:27.35;0.00:00:18:541;-1.00;0.00;-0.01;0.00902;-0.008756;-1.636E-05;-0.0001064;-89.95;-0.35;97.08;1.18;97.07;0.00902;0.008757;0.0002632;-20.448;-20.576;-35.797;0.00;-98.74;
2026-01-22 16:35:27.40;0.00:00:18:590;-1.00;0.00;-0.01;0.009012;-0.008754;-2.065E-05;-0.0001065;-89.93;-0.35;97.14;1.18;97.13;0.009012;0.008754;0.0002577;-20.452;-20.578;-35.889;0.00;-100.97;
2026-01-22 16:35:27.46;0.00:00:18:650;-1.00;0.00;-0.01;0.009041;-0.008784;-2.033E-05;-0.0001061;-89.93;-0.35;97.16;1.17;97.15;0.009041;0.008784;0.0002569;-20.438;-20.563;-35.903;0.00;-100.84;
2026-01-22 16:35:27.50;0.00:00:18:697;-1.00;0.00;-0.01;0.00906;-0.008802;-1.997E-05;-0.0001069;-89.94;-0.35;97.16;1.18;97.15;0.00906;0.008803;0.0002572;-20.429;-20.554;-35.898;0.00;-100.58;
2026-01-22 16:35:27.55;0.00:00:18:745;-1.00;0.00;-0.01;0.00906;-0.008796;-1.586E-05;-0.0001075;-89.95;-0.35;97.10;1.19;97.09;0.00906;0.008797;0.000263;-20.429;-20.557;-35.801;0.00;-98.39;
2026-01-22 16:35:27.60;0.00:00:18:791;-1.00;0.00;-0.01;0.009047;-0.008786;-1.856E-05;-0.0001068;-89.94;-0.35;97.12;1.18;97.12;0.009047;0.008787;0.0002603;-20.435;-20.562;-35.845;0.00;-99.86;
2026-01-22 16:35:27.64;0.00:00:18:838;-1.00;0.00;-0.01;0.009039;-0.008779;-1.739E-05;-0.0001075;-89.94;-0.35;97.13;1.19;97.12;0.009039;0.00878;0.0002592;-20.439;-20.565;-35.863;0.00;-99.19;
2026-01-22 16:35:27.69;0.00:00:18:884;-1.00;0.00;-0.01;0.009028;-0.008768;-1.931E-05;-0.0001077;-89.94;-0.35;97.13;1.19;97.12;0.009028;0.008769;0.0002591;-20.444;-20.571;-35.866;0.00;-100.16;
2026-01-22 16:35:27.74;0.00:00:18:932;-1.00;0.00;-0.01;0.009034;-0.008776;-1.808E-05;-0.0001071;-89.94;-0.35;97.15;1.19;97.15;0.009034;0.008777;0.0002571;-20.441;-20.567;-35.899;0.00;-99.58;
2026-01-22 16:35:27.78;0.00:00:18:979;-1.00;0.00;-0.01;0.009027;-0.008764;-1.599E-05;-0.0001069;-89.95;-0.35;97.09;1.18;97.09;0.009027;0.008765;0.0002623;-20.444;-20.573;-35.813;0.00;-98.50;
2026-01-22 16:35:27.83;0.00:00:19:027;-1.00;0.00;-0.01;0.00902;-0.008761;-1.774E-05;-0.0001067;-89.94;-0.35;97.13;1.18;97.13;0.00902;0.008761;0.0002586;-20.448;-20.574;-35.874;0.00;-99.44;
2026-01-22 16:35:27.88;0.00:00:19:074;-1.00;0.00;-0.01;0.009004;-0.00874;-1.703E-05;-0.0001072;-89.94;-0.35;97.08;1.19;97.07;0.009004;0.00874;0.0002631;-20.456;-20.585;-35.798;0.00;-99.03;
2026-01-22 16:35:27.93;0.00:00:19:121;-1.00;0.00;-0.01;0.008995;-0.008735;-2.113E-05;-0.0001066;-89.93;-0.35;97.12;1.18;97.11;0.008995;0.008736;0.0002589;-20.460;-20.587;-35.868;0.00;-101.22;
2026-01-22 16:35:27.97;0.00:00:19:168;-1.00;0.00;-0.01;0.009004;-0.008745;-1.645E-05;-0.0001056;-89.95;-0.35;97.13;1.17;97.12;0.009004;0.008745;0.0002584;-20.456;-20.582;-35.877;0.00;-98.85;
2026-01-22 16:35:28.02;0.00:00:19:215;-1.00;0.00;-0.01;0.008996;-0.008739;-1.757E-05;-0.0001067;-89.94;-0.35;97.15;1.19;97.15;0.008996;0.00874;0.000256;-20.459;-20.585;-35.918;0.00;-99.35;
2026-01-22 16:35:28.07;0.00:00:19:263;-1.00;0.00;-0.01;0.008999;-0.00874;-1.841E-05;-0.0001049;-89.94;-0.34;97.13;1.17;97.12;0.008999;0.008741;0.0002582;-20.458;-20.584;-35.880;0.00;-99.96;
2026-01-22 16:35:28.11;0.00:00:19:309;-1.00;0.00;-0.01;0.008985;-0.008726;-1.552E-05;-0.0001056;-89.95;-0.35;97.13;1.17;97.12;0.008985;0.008727;0.000258;-20.465;-20.591;-35.883;0.00;-98.36;
2026-01-22 16:35:28.16;0.00:00:19:355;-1.00;0.00;-0.01;0.008998;-0.008743;-2.286E-05;-0.0001043;-89.93;-0.34;97.18;1.16;97.17;0.008998;0.008744;0.0002539;-20.459;-20.583;-35.953;0.00;-102.37;
2026-01-22 16:35:28.21;0.00:00:19:404;-1.00;0.00;-0.01;0.009002;-0.008746;-2.012E-05;-0.0001064;-89.93;-0.35;97.16;1.18;97.16;0.009002;0.008747;0.0002553;-20.457;-20.582;-35.930;0.00;-100.71;
2026-01-22 16:35:28.26;0.00:00:19:451;-1.00;0.00;-0.01;0.009023;-0.008769;-2.107E-05;-0.0001055;-89.93;-0.34;97.19;1.17;97.18;0.009023;0.008769;0.0002536;-20.447;-20.570;-35.959;0.00;-101.30;
2026-01-22 16:35:28.30;0.00:00:19:496;-1.00;0.00;-0.01;0.009022;-0.008763;-1.606E-05;-0.0001078;-89.95;-0.35;97.13;1.20;97.13;0.009022;0.008764;0.0002586;-20.447;-20.573;-35.873;0.00;-98.47;
2026-01-22 16:35:28.35;0.00:00:19:544;-1.00;0.00;-0.01;0.00902;-0.008759;-1.877E-05;-0.0001067;-89.94;-0.35;97.12;1.18;97.11;0.00902;0.00876;0.0002597;-20.448;-20.575;-35.855;0.00;-99.98;
2026-01-22 16:35:28.40;0.00:00:19:592;-1.00;0.00;-0.01;0.009031;-0.008774;-2.14E-05;-0.0001058;-89.93;-0.35;97.17;1.17;97.16;0.009031;0.008775;0.000256;-20.443;-20.568;-35.917;0.00;-101.43;
2026-01-22 16:35:28.44;0.00:00:19:639;-1.00;0.00;-0.01;0.009045;-0.008784;-1.933E-05;-0.0001058;-89.94;-0.34;97.13;1.17;97.12;0.009045;0.008785;0.00026;-20.436;-20.563;-35.850;0.00;-100.36;
2026-01-22 16:35:28.49;0.00:00:19:688;-1.00;0.00;-0.01;0.009059;-0.008803;-2.291E-05;-0.0001057;-89.93;-0.34;97.18;1.17;97.18;0.009059;0.008804;0.0002552;-20.429;-20.553;-35.932;0.00;-102.23;
2026-01-22 16:35:28.55;0.00:00:19:740;-1.00;0.00;-0.01;0.009078;-0.00882;-2.138E-05;-0.0001058;-89.93;-0.34;97.16;1.17;97.16;0.009078;0.00882;0.0002574;-20.420;-20.545;-35.895;0.00;-101.42;
2026-01-22 16:35:28.60;0.00:00:19:790;-1.00;0.00;-0.01;0.009095;-0.008831;-1.539E-05;-0.0001067;-89.95;-0.35;97.11;1.17;97.10;0.009095;0.008832;0.0002629;-20.412;-20.540;-35.802;0.00;-98.21;
2026-01-22 16:35:28.65;0.00:00:19:840;-1.00;0.00;-0.01;0.009059;-0.008792;-1.159E-05;-0.0001089;-89.96;-0.35;97.06;1.20;97.05;0.009059;0.008793;0.0002664;-20.429;-20.559;-35.744;0.00;-96.08;
2026-01-22 16:35:28.70;0.00:00:19:891;-1.00;0.00;-0.01;0.009075;-0.008816;-1.827E-05;-0.000107;-89.94;-0.35;97.16;1.18;97.15;0.009075;0.008817;0.000258;-20.422;-20.547;-35.884;0.00;-99.69;
2026-01-22 16:35:28.75;0.00:00:19:945;-1.00;0.00;-0.01;0.009064;-0.008804;-1.566E-05;-0.0001077;-89.95;-0.35;97.14;1.19;97.13;0.009064;0.008805;0.0002595;-20.427;-20.553;-35.859;0.00;-98.28;
2026-01-22 16:35:28.80;0.00:00:19:996;-1.00;0.00;-0.01;0.009068;-0.00881;-1.944E-05;-0.0001062;-89.94;-0.35;97.16;1.17;97.15;0.009068;0.008811;0.0002574;-20.425;-20.550;-35.894;0.00;-100.37;
2026-01-22 16:35:28.85;0.00:00:20:045;-1.00;0.00;-0.01;0.009074;-0.008815;-1.882E-05;-0.0001069;-89.94;-0.35;97.15;1.18;97.14;0.009074;0.008815;0.0002588;-20.422;-20.548;-35.870;0.00;-99.98;
2026-01-22 16:35:28.90;0.00:00:20:096;-1.00;0.00;-0.01;0.009065;-0.008808;-2.058E-05;-0.0001067;-89.93;-0.35;97.17;1.18;97.16;0.009065;0.008808;0.0002566;-20.426;-20.551;-35.908;0.00;-100.92;
2026-01-22 16:35:28.95;0.00:00:20:148;-1.00;0.00;-0.01;0.009078;-0.008822;-2.164E-05;-0.0001071;-89.93;-0.35;97.18;1.18;97.18;0.009078;0.008822;0.0002557;-20.420;-20.544;-35.923;0.00;-101.42;
2026-01-22 16:35:29.00;0.00:00:20:198;-1.00;0.00;-0.01;0.009084;-0.008824;-1.744E-05;-0.0001075;-89.94;-0.35;97.15;1.18;97.14;0.009084;0.008824;0.0002592;-20.417;-20.543;-35.863;0.00;-99.22;
2026-01-22 16:35:29.06;0.00:00:20:250;-1.00;0.00;-0.01;0.009079;-0.008819;-1.63E-05;-0.0001073;-89.95;-0.35;97.15;1.18;97.14;0.009079;0.00882;0.000259;-20.420;-20.545;-35.868;0.00;-98.64;
2026-01-22 16:35:29.11;0.00:00:20:300;-1.00;0.00;-0.01;0.009078;-0.008818;-1.715E-05;-0.0001074;-89.94;-0.35;97.14;1.18;97.14;0.009078;0.008818;0.0002594;-20.420;-20.546;-35.861;0.00;-99.07;
2026-01-22 16:35:29.16;0.00:00:20:351;-1.00;0.00;-0.01;0.009077;-0.008819;-1.905E-05;-0.0001073;-89.94;-0.35;97.16;1.18;97.15;0.009077;0.00882;0.0002578;-20.420;-20.546;-35.888;0.00;-100.07;
2026-01-22 16:35:29.21;0.00:00:20:405;-1.00;0.00;-0.01;0.009093;-0.008839;-2.346E-05;-0.0001053;-89.92;-0.34;97.22;1.16;97.21;0.009093;0.00884;0.0002531;-20.413;-20.536;-35.967;0.00;-102.57;
2026-01-22 16:35:29.26;0.00:00:20:455;-1.00;0.00;-0.01;0.009131;-0.008875;-2.179E-05;-0.000107;-89.93;-0.35;97.21;1.17;97.20;0.009131;0.008876;0.0002552;-20.395;-20.518;-35.932;0.00;-101.51;
2026-01-22 16:35:29.31;0.00:00:20:504;-1.00;0.00;-0.01;0.00915;-0.008895;-2.123E-05;-0.0001067;-89.93;-0.34;97.23;1.17;97.22;0.00915;0.008896;0.0002538;-20.386;-20.508;-35.955;0.00;-101.25;
2026-01-22 16:35:29.36;0.00:00:20:557;-1.00;0.00;-0.01;0.009195;-0.008938;-2.106E-05;-0.0001072;-89.93;-0.34;97.22;1.17;97.21;0.009195;0.008939;0.0002557;-20.365;-20.487;-35.923;0.00;-101.12;
2026-01-22 16:35:29.41;0.00:00:20:606;-1.00;0.00;-0.01;0.009194;-0.008934;-1.385E-05;-0.0001089;-89.96;-0.35;97.17;1.18;97.16;0.009194;0.008934;0.00026;-20.365;-20.489;-35.850;0.00;-97.25;
2026-01-22 16:35:29.46;0.00:00:20:658;-1.00;0.00;-0.01;0.009171;-0.008913;-1.876E-05;-0.0001091;-89.94;-0.35;97.20;1.19;97.20;0.009171;0.008914;0.0002565;-20.376;-20.499;-35.909;0.00;-99.76;
2026-01-22 16:35:29.52;0.00:00:20:711;-1.00;0.00;-0.01;0.009187;-0.008929;-1.953E-05;-0.0001077;-89.94;-0.35;97.21;1.17;97.20;0.009187;0.00893;0.0002566;-20.368;-20.492;-35.907;0.00;-100.27;
2026-01-22 16:35:29.57;0.00:00:20:761;-1.00;0.00;-0.01;0.009201;-0.008945;-1.902E-05;-0.000109;-89.94;-0.35;97.22;1.18;97.21;0.009201;0.008945;0.0002556;-20.362;-20.484;-35.924;0.00;-99.90;
2026-01-22 16:35:29.63;0.00:00:20:823;-1.00;0.00;-0.01;0.009203;-0.008946;-1.675E-05;-0.0001086;-89.95;-0.35;97.21;1.18;97.20;0.009203;0.008947;0.0002566;-20.361;-20.483;-35.907;0.00;-98.77;
2026-01-22 16:35:29.68;0.00:00:20:872;-1.00;0.00;-0.01;0.0092;-0.008945;-2.215E-05;-0.0001084;-89.93;-0.35;97.23;1.18;97.22;0.0092;0.008946;0.0002547;-20.362;-20.484;-35.940;0.00;-101.55;
2026-01-22 16:35:29.73;0.00:00:20:923;-1.00;0.00;-0.01;0.00921;-0.00895;-1.789E-05;-0.0001083;-89.94;-0.35;97.18;1.18;97.17;0.00921;0.008951;0.0002597;-20.357;-20.481;-35.856;0.00;-99.38;
2026-01-22 16:35:29.79;0.00:00:20:980;-1.00;0.00;-0.01;0.009214;-0.008955;-1.895E-05;-0.0001095;-89.94;-0.35;97.19;1.19;97.19;0.009214;0.008955;0.0002586;-20.356;-20.479;-35.874;0.00;-99.82;
2026-01-22 16:35:29.84;0.00:00:21:030;-1.00;0.00;-0.01;0.009196;-0.008931;-9.258E-06;-0.0001112;-89.97;-0.36;97.12;1.21;97.11;0.009196;0.008931;0.000265;-20.364;-20.491;-35.768;0.00;-94.76;
2026-01-22 16:35:29.89;0.00:00:21:082;-1.00;0.00;-0.01;0.009164;-0.008908;-2.037E-05;-0.0001093;-89.93;-0.35;97.21;1.19;97.21;0.009164;0.008909;0.0002553;-20.379;-20.502;-35.929;0.00;-100.56;
2026-01-22 16:35:29.94;0.00:00:21:133;-1.00;0.00;-0.01;0.009212;-0.008956;-2.186E-05;-0.0001072;-89.93;-0.34;97.23;1.16;97.22;0.009212;0.008957;0.0002553;-20.356;-20.478;-35.930;0.00;-101.52;
2026-01-22 16:35:29.99;0.00:00:21:183;-1.00;0.00;-0.01;0.009219;-0.008958;-1.794E-05;-0.0001085;-89.94;-0.35;97.17;1.18;97.16;0.009219;0.008958;0.0002611;-20.353;-20.478;-35.832;0.00;-99.39;
2026-01-22 16:35:30.04;0.00:00:21:234;-1.00;0.00;-0.01;0.009221;-0.008963;-1.716E-05;-0.0001086;-89.95;-0.35;97.21;1.18;97.20;0.009221;0.008964;0.0002574;-20.352;-20.475;-35.893;0.00;-98.98;
2026-01-22 16:35:30.09;0.00:00:21:286;-1.00;0.00;-0.01;0.009202;-0.00894;-1.549E-05;-0.0001097;-89.95;-0.35;97.16;1.19;97.15;0.009202;0.008941;0.0002613;-20.361;-20.486;-35.828;0.00;-98.04;
2026-01-22 16:35:30.14;0.00:00:21:338;-1.00;0.00;-0.01;0.009202;-0.008942;-1.764E-05;-0.0001097;-89.94;-0.35;97.19;1.19;97.18;0.009202;0.008943;0.0002587;-20.361;-20.485;-35.872;0.00;-99.13;
2026-01-22 16:35:30.19;0.00:00:21:387;-1.00;0.00;-0.01;0.009215;-0.008961;-2.492E-05;-0.0001076;-89.92;-0.34;97.25;1.17;97.24;0.009215;0.008962;0.0002538;-20.355;-20.476;-35.956;0.00;-103.04;
2026-01-22 16:35:30.24;0.00:00:21:439;-1.00;0.00;-0.01;0.009204;-0.008947;-1.486E-05;-0.0001104;-89.95;-0.35;97.21;1.20;97.21;0.009204;0.008948;0.0002565;-20.360;-20.483;-35.908;0.00;-97.67;
2026-01-22 16:35:30.29;0.00:00:21:488;-1.00;0.00;-0.01;0.0092;-0.008944;-1.737E-05;-0.000109;-89.94;-0.35;97.22;1.18;97.21;0.0092;0.008944;0.0002556;-20.362;-20.485;-35.925;0.00;-99.06;
2026-01-22 16:35:30.35;0.00:00:21:540;-1.00;0.00;-0.01;0.009238;-0.008986;-2.2E-05;-0.0001092;-89.93;-0.35;97.28;1.18;97.27;0.009238;0.008987;0.0002513;-20.344;-20.464;-35.997;0.00;-101.40;
2026-01-22 16:35:30.40;0.00:00:21:590;-1.00;0.00;-0.01;0.009271;-0.009021;-2.489E-05;-0.0001072;-89.92;-0.34;97.31;1.16;97.31;0.009271;0.009022;0.000249;-20.329;-20.447;-36.038;0.00;-103.07;
2026-01-22 16:35:30.45;0.00:00:21:641;-1.00;0.00;-0.01;0.009299;-0.009042;-2.021E-05;-0.0001088;-89.94;-0.34;97.24;1.17;97.23;0.009299;0.009042;0.0002568;-20.316;-20.437;-35.904;0.00;-100.52;
2026-01-22 16:35:30.51;0.00:00:21:701;-1.00;0.00;-0.01;0.009299;-0.009039;-1.725E-05;-0.0001106;-89.95;-0.35;97.21;1.19;97.20;0.009299;0.00904;0.0002594;-20.316;-20.439;-35.861;0.00;-98.86;
2026-01-22 16:35:30.55;0.00:00:21:749;-1.00;0.00;-0.01;0.009296;-0.009037;-1.618E-05;-0.0001104;-89.95;-0.35;97.22;1.19;97.21;0.009296;0.009038;0.0002584;-20.317;-20.439;-35.876;0.00;-98.34;
2026-01-22 16:35:30.60;0.00:00:21:795;-1.00;0.00;-0.01;0.009282;-0.009024;-1.536E-05;-0.0001095;-89.95;-0.35;97.22;1.18;97.21;0.009282;0.009024;0.0002579;-20.324;-20.446;-35.886;0.00;-97.99;
2026-01-22 16:35:30.65;0.00:00:21:842;-1.00;0.00;-0.01;0.009277;-0.009023;-1.995E-05;-0.0001101;-89.94;-0.35;97.26;1.19;97.26;0.009277;0.009024;0.0002538;-20.326;-20.446;-35.956;0.00;-100.27;
2026-01-22 16:35:30.69;0.00:00:21:889;-1.00;0.00;-0.01;0.009307;-0.009051;-1.86E-05;-0.00011;-89.94;-0.35;97.25;1.18;97.24;0.009307;0.009051;0.0002559;-20.312;-20.433;-35.920;0.00;-99.59;
2026-01-22 16:35:30.74;0.00:00:21:935;-1.00;0.00;-0.01;0.009307;-0.009051;-1.708E-05;-0.00011;-89.95;-0.35;97.25;1.18;97.25;0.009307;0.009052;0.0002557;-20.312;-20.433;-35.923;0.00;-98.82;
2026-01-22 16:35:30.79;0.00:00:21:981;-1.00;0.00;-0.01;0.009299;-0.009042;-1.751E-05;-0.0001096;-89.94;-0.35;97.24;1.18;97.23;0.009299;0.009042;0.0002566;-20.316;-20.437;-35.907;0.00;-99.08;
2026-01-22 16:35:30.83;0.00:00:22:028;-1.00;0.00;-0.01;0.009294;-0.009035;-1.522E-05;-0.0001101;-89.95;-0.35;97.22;1.19;97.21;0.009294;0.009036;0.0002587;-20.318;-20.440;-35.872;0.00;-97.87;
2026-01-22 16:35:30.88;0.00:00:22:076;-1.00;0.00;-0.01;0.009283;-0.009023;-1.569E-05;-0.0001106;-89.95;-0.35;97.21;1.19;97.20;0.009283;0.009024;0.0002589;-20.323;-20.446;-35.869;0.00;-98.07;
2026-01-22 16:35:30.93;0.00:00:22:122;-1.00;0.00;-0.01;0.009298;-0.00904;-1.973E-05;-0.0001092;-89.94;-0.35;97.22;1.17;97.22;0.009298;0.00904;0.0002581;-20.316;-20.438;-35.882;0.00;-100.24;
2026-01-22 16:35:30.98;0.00:00:22:170;-1.00;0.00;-0.01;0.0093;-0.009042;-2.133E-05;-0.000109;-89.93;-0.35;97.23;1.17;97.22;0.0093;0.009043;0.0002574;-20.315;-20.437;-35.893;0.00;-101.07;
2026-01-22 16:35:31.02;0.00:00:22:218;-1.00;0.00;-0.01;0.009316;-0.009056;-1.321E-05;-0.0001108;-89.96;-0.35;97.21;1.19;97.21;0.009316;0.009057;0.0002595;-20.308;-20.430;-35.859;0.00;-96.80;
2026-01-22 16:35:31.07;0.00:00:22:265;-1.00;0.00;-0.01;0.009302;-0.009046;-2.007E-05;-0.0001101;-89.94;-0.35;97.25;1.18;97.25;0.009302;0.009047;0.0002555;-20.314;-20.435;-35.927;0.00;-100.33;
2026-01-22 16:35:31.12;0.00:00:22:311;-1.00;0.00;-0.01;0.009308;-0.00905;-1.863E-05;-0.00011;-89.94;-0.35;97.24;1.18;97.23;0.009308;0.009051;0.0002568;-20.312;-20.433;-35.905;0.00;-99.62;
2026-01-22 16:35:31.16;0.00:00:22:357;-1.00;0.00;-0.01;0.009332;-0.009073;-2.077E-05;-0.0001088;-89.93;-0.34;97.24;1.17;97.23;0.009332;0.009074;0.0002578;-20.300;-20.422;-35.887;0.00;-100.81;
2026-01-22 16:35:31.21;0.00:00:22:404;-1.00;0.00;-0.01;0.009333;-0.009069;-1.579E-05;-0.0001099;-89.95;-0.35;97.18;1.18;97.18;0.009333;0.00907;0.0002627;-20.300;-20.424;-35.805;0.00;-98.17;
2026-01-22 16:35:31.26;0.00:00:22:452;-1.00;0.00;-0.01;0.009292;-0.009031;-1.765E-05;-0.0001106;-89.94;-0.35;97.20;1.19;97.19;0.009292;0.009032;0.00026;-20.319;-20.442;-35.851;0.00;-99.07;
2026-01-22 16:35:31.31;0.00:00:22:500;-1.00;0.00;-0.01;0.009308;-0.009051;-2.082E-05;-0.000108;-89.93;-0.34;97.25;1.16;97.24;0.009308;0.009052;0.0002559;-20.312;-20.433;-35.920;0.00;-100.91;
2026-01-22 16:35:31.35;0.00:00:22:547;-1.00;0.00;-0.01;0.009301;-0.009042;-1.831E-05;-0.0001092;-89.94;-0.35;97.22;1.17;97.21;0.009301;0.009042;0.0002589;-20.315;-20.437;-35.869;0.00;-99.51;
2026-01-22 16:35:31.40;0.00:00:22:594;-1.00;0.00;-0.01;0.009309;-0.009052;-2.027E-05;-0.0001091;-89.94;-0.35;97.25;1.17;97.25;0.009309;0.009053;0.0002556;-20.311;-20.432;-35.925;0.00;-100.52;
2026-01-22 16:35:31.45;0.00:00:22:641;-1.00;0.00;-0.01;0.009318;-0.009059;-1.957E-05;-0.0001096;-89.94;-0.35;97.23;1.18;97.22;0.009318;0.00906;0.0002582;-20.307;-20.429;-35.881;0.00;-100.12;
2026-01-22 16:35:31.49;0.00:00:22:689;-1.00;0.00;-0.01;0.009332;-0.009071;-1.789E-05;-0.0001098;-89.94;-0.35;97.21;1.18;97.21;0.009332;0.009072;0.0002599;-20.300;-20.423;-35.851;0.00;-99.26;
2026-01-22 16:35:31.54;0.00:00:22:736;-1.00;0.00;-0.01;0.009328;-0.009068;-1.908E-05;-0.0001098;-89.94;-0.35;97.22;1.18;97.21;0.009328;0.009069;0.0002597;-20.302;-20.425;-35.855;0.00;-99.86;
2026-01-22 16:35:31.59;0.00:00:22:783;-1.00;0.00;-0.01;0.009339;-0.009079;-1.836E-05;-0.0001089;-89.94;-0.34;97.23;1.17;97.22;0.009339;0.00908;0.0002591;-20.297;-20.419;-35.865;0.00;-99.57;
2026-01-22 16:35:31.63;0.00:00:22:829;-1.00;0.00;-0.01;0.009335;-0.009074;-1.643E-05;-0.0001102;-89.95;-0.35;97.21;1.18;97.20;0.009335;0.009074;0.0002605;-20.299;-20.422;-35.842;0.00;-98.48;
2026-01-22 16:35:31.68;0.00:00:22:877;-1.00;0.00;-0.01;0.009332;-0.009076;-1.827E-05;-0.0001099;-89.94;-0.35;97.27;1.18;97.26;0.009332;0.009077;0.0002551;-20.300;-20.421;-35.932;0.00;-99.44;
2026-01-22 16:35:31.74;0.00:00:22:938;-1.00;0.00;-0.01;0.009349;-0.009094;-2.112E-05;-0.0001091;-89.93;-0.34;97.28;1.17;97.27;0.009349;0.009095;0.0002544;-20.292;-20.412;-35.945;0.00;-100.96;
2026-01-22 16:35:31.79;0.00:00:22:985;-1.00;0.00;-0.01;0.00937;-0.009115;-2.106E-05;-0.0001083;-89.93;-0.34;97.28;1.16;97.28;0.00937;0.009116;0.0002546;-20.283;-20.402;-35.941;0.00;-101.01;
2026-01-22 16:35:31.84;0.00:00:23:033;-1.00;0.00;-0.01;0.009372;-0.009113;-1.856E-05;-0.0001091;-89.94;-0.34;97.24;1.16;97.23;0.009372;0.009114;0.0002586;-20.281;-20.403;-35.874;0.00;-99.65;
2026-01-22 16:35:31.89;0.00:00:23:079;-1.00;0.00;-0.01;0.009377;-0.009117;-1.862E-05;-0.0001104;-89.94;-0.35;97.24;1.18;97.23;0.009377;0.009118;0.0002589;-20.280;-20.401;-35.869;0.00;-99.57;
2026-01-22 16:35:31.93;0.00:00:23:127;-1.00;0.00;-0.01;0.009364;-0.009103;-1.892E-05;-0.0001131;-89.94;-0.36;97.22;1.21;97.21;0.009364;0.009104;0.0002604;-20.285;-20.408;-35.844;0.00;-99.50;
2026-01-22 16:35:31.98;0.00:00:23:173;-1.00;0.00;-0.01;0.009365;-0.009106;-1.998E-05;-0.0001096;-89.94;-0.34;97.24;1.17;97.23;0.009365;0.009106;0.0002587;-20.285;-20.407;-35.871;0.00;-100.33;
2026-01-22 16:35:32.03;0.00:00:23:220;-1.00;0.00;-0.01;0.009374;-0.009114;-1.882E-05;-0.0001106;-89.94;-0.35;97.23;1.18;97.23;0.009374;0.009114;0.0002594;-20.281;-20.403;-35.860;0.00;-99.66;
2026-01-22 16:35:32.07;0.00:00:23:267;-1.00;0.00;-0.01;0.009382;-0.009123;-2.084E-05;-0.0001093;-89.93;-0.34;97.25;1.17;97.24;0.009382;0.009124;0.000258;-20.277;-20.398;-35.885;0.00;-100.80;
2026-01-22 16:35:32.12;0.00:00:23:315;-1.00;0.00;-0.01;0.009384;-0.009121;-1.748E-05;-0.0001108;-89.95;-0.35;97.20;1.18;97.20;0.009384;0.009121;0.0002624;-20.276;-20.399;-35.810;0.00;-98.97;
2026-01-22 16:35:32.17;0.00:00:23:361;-1.00;0.00;-0.01;0.009374;-0.009112;-1.672E-05;-0.0001108;-89.95;-0.35;97.21;1.18;97.20;0.009374;0.009112;0.0002618;-20.281;-20.404;-35.820;0.00;-98.58;
2026-01-22 16:35:32.21;0.00:00:23:409;-1.00;0.00;-0.01;0.009377;-0.009118;-2.09E-05;-0.0001098;-89.93;-0.34;97.25;1.17;97.24;0.009377;0.009119;0.0002578;-20.280;-20.401;-35.887;0.00;-100.78;
2026-01-22 16:35:32.26;0.00:00:23:455;-1.00;0.00;-0.01;0.00938;-0.009117;-2.118E-05;-0.0001102;-89.93;-0.35;97.21;1.17;97.20;0.00938;0.009118;0.0002616;-20.278;-20.401;-35.824;0.00;-100.88;
2026-01-22 16:35:32.31;0.00:00:23:502;-1.00;0.00;-0.01;0.009393;-0.009129;-1.662E-05;-0.00011;-89.95;-0.35;97.20;1.17;97.19;0.009393;0.00913;0.0002628;-20.272;-20.395;-35.803;0.00;-98.59;
2026-01-22 16:35:32.35;0.00:00:23:548;-1.00;0.00;-0.01;0.009368;-0.009101;-1.402E-05;-0.0001096;-89.96;-0.34;97.16;1.17;97.15;0.009368;0.009102;0.0002663;-20.284;-20.409;-35.746;0.00;-97.29;
2026-01-22 16:35:32.40;0.00:00:23:597;-1.00;0.00;-0.01;0.009356;-0.009091;-1.686E-05;-0.0001107;-89.95;-0.35;97.18;1.18;97.18;0.009356;0.009092;0.0002636;-20.289;-20.413;-35.790;0.00;-98.66;
2026-01-22 16:35:32.45;0.00:00:23:643;-1.00;0.00;-0.01;0.009344;-0.009075;-1.54E-05;-0.0001112;-89.95;-0.35;97.13;1.19;97.12;0.009344;0.009076;0.000268;-20.295;-20.421;-35.718;0.00;-97.89;
2026-01-22 16:35:32.50;0.00:00:23:690;-1.00;0.00;-0.01;0.00933;-0.009065;-1.672E-05;-0.0001099;-89.95;-0.35;97.16;1.18;97.16;0.00933;0.009066;0.0002647;-20.301;-20.426;-35.773;0.00;-98.65;
2026-01-22 16:35:32.54;0.00:00:23:737;-1.00;0.00;-0.01;0.009325;-0.009063;-1.801E-05;-0.0001107;-89.94;-0.35;97.20;1.19;97.19;0.009325;0.009064;0.000261;-20.303;-20.427;-35.834;0.00;-99.24;
2026-01-22 16:35:32.59;0.00:00:23:785;-1.00;0.00;-0.01;0.009326;-0.009062;-1.771E-05;-0.0001093;-89.94;-0.35;97.18;1.17;97.17;0.009326;0.009063;0.0002631;-20.303;-20.428;-35.799;0.00;-99.21;
2026-01-22 16:35:32.65;0.00:00:23:847;-1.00;0.00;-0.01;0.009281;-0.009015;-1.358E-05;-0.000111;-89.96;-0.35;97.15;1.20;97.14;0.009281;0.009016;0.0002647;-20.324;-20.450;-35.772;0.00;-96.98;
2026-01-22 16:35:32.70;0.00:00:23:894;-1.00;0.00;-0.01;0.00926;-0.008998;-1.757E-05;-0.0001091;-89.94;-0.35;97.18;1.18;97.17;0.00926;0.008998;0.0002614;-20.334;-20.458;-35.827;0.00;-99.15;
2026-01-22 16:35:32.76;0.00:00:23:955;-1.00;0.00;-0.01;0.009268;-0.009007;-2.097E-05;-0.0001077;-89.93;-0.34;97.19;1.16;97.18;0.009268;0.009008;0.0002603;-20.330;-20.454;-35.846;0.00;-101.02;
2026-01-22 16:35:32.81;0.00:00:24:001;-1.00;0.00;-0.01;0.009299;-0.009041;-2.279E-05;-0.0001076;-89.93;-0.34;97.23;1.16;97.22;0.009299;0.009041;0.0002574;-20.316;-20.438;-35.894;0.00;-101.96;
2026-01-22 16:35:32.85;0.00:00:24:049;-1.00;0.00;-0.01;0.009314;-0.009055;-1.993E-05;-0.0001093;-89.94;-0.35;97.23;1.17;97.22;0.009314;0.009056;0.0002581;-20.309;-20.431;-35.881;0.00;-100.33;
2026-01-22 16:35:32.90;0.00:00:24:097;-1.00;0.00;-0.01;0.009362;-0.009105;-1.942E-05;-0.0001093;-89.94;-0.34;97.26;1.17;97.25;0.009362;0.009106;0.0002564;-20.286;-20.407;-35.911;0.00;-100.08;
2026-01-22 16:35:32.95;0.00:00:24:144;-1.00;0.00;-0.01;0.009384;-0.009126;-2.122E-05;-0.0001086;-89.93;-0.34;97.26;1.16;97.25;0.009384;0.009127;0.0002571;-20.276;-20.397;-35.899;0.00;-101.06;
2026-01-22 16:35:33.00;0.00:00:24:192;-1.00;0.00;-0.01;0.009385;-0.009122;-1.327E-05;-0.0001118;-89.96;-0.35;97.20;1.19;97.20;0.009385;0.009123;0.0002624;-20.276;-20.399;-35.810;0.00;-96.77;
2026-01-22 16:35:33.06;0.00:00:24:253;-1.00;0.00;-0.01;0.00941;-0.009148;-2.381E-05;-0.0001095;-89.93;-0.34;97.23;1.16;97.22;0.00941;0.009149;0.0002608;-20.264;-20.386;-35.837;0.00;-102.27;
2026-01-22 16:35:33.10;0.00:00:24:299;-1.00;0.00;-0.01;0.009418;-0.009154;-1.482E-05;-0.0001114;-89.95;-0.35;97.21;1.18;97.20;0.009418;0.009155;0.0002629;-20.261;-20.384;-35.802;0.00;-97.57;
2026-01-22 16:35:33.15;0.00:00:24:345;-1.00;0.00;-0.01;0.009403;-0.009138;-1.47E-05;-0.0001109;-89.95;-0.35;97.19;1.18;97.18;0.009403;0.009139;0.0002644;-20.267;-20.391;-35.777;0.00;-97.55;
2026-01-22 16:35:33.20;0.00:00:24:392;-1.00;0.00;-0.01;0.009367;-0.009107;-1.521E-05;-0.0001108;-89.95;-0.35;97.23;1.18;97.22;0.009367;0.009108;0.0002596;-20.284;-20.406;-35.857;0.00;-97.82;
2026-01-22 16:35:33.24;0.00:00:24:438;-1.00;0.00;-0.01;0.009353;-0.00909;-1.568E-05;-0.0001109;-89.95;-0.35;97.19;1.19;97.19;0.009353;0.00909;0.0002625;-20.291;-20.414;-35.809;0.00;-98.05;
2026-01-22 16:35:33.29;0.00:00:24:486;-1.00;0.00;-0.01;0.009348;-0.009086;-1.709E-05;-0.0001102;-89.95;-0.35;97.21;1.18;97.20;0.009348;0.009087;0.0002608;-20.293;-20.416;-35.837;0.00;-98.81;
2026-01-22 16:35:33.34;0.00:00:24:533;-1.00;0.00;-0.01;0.009344;-0.009083;-1.712E-05;-0.0001099;-89.95;-0.35;97.21;1.18;97.21;0.009344;0.009084;0.0002605;-20.295;-20.417;-35.843;0.00;-98.85;
2026-01-22 16:35:33.39;0.00:00:24:580;-1.00;0.00;-0.01;0.009339;-0.009078;-1.664E-05;-0.0001073;-89.95;-0.34;97.21;1.15;97.20;0.009339;0.009079;0.0002604;-20.297;-20.420;-35.843;0.00;-98.81;
2026-01-22 16:35:33.43;0.00:00:24:626;-1.00;0.00;-0.01;0.009319;-0.00906;-1.793E-05;-0.0001097;-89.94;-0.35;97.23;1.18;97.22;0.009319;0.00906;0.0002581;-20.307;-20.429;-35.882;0.00;-99.28;
2026-01-22 16:35:33.48;0.00:00:24:673;-1.00;0.00;-0.01;0.00932;-0.009062;-1.838E-05;-0.00011;-89.94;-0.35;97.23;1.18;97.23;0.00932;0.009062;0.0002577;-20.306;-20.428;-35.888;0.00;-99.49;
2026-01-22 16:35:33.53;0.00:00:24:721;-1.00;0.00;-0.01;0.00932;-0.009058;-1.76E-05;-0.0001101;-89.94;-0.35;97.20;1.18;97.19;0.00932;0.009059;0.0002614;-20.306;-20.429;-35.827;0.00;-99.08;
2026-01-22 16:35:33.57;0.00:00:24:768;-1.00;0.00;-0.01;0.009317;-0.009059;-2.271E-05;-0.0001102;-89.93;-0.35;97.24;1.18;97.23;0.009317;0.009059;0.0002572;-20.307;-20.429;-35.897;0.00;-101.64;
2026-01-22 16:35:33.62;0.00:00:24:814;-1.00;0.00;-0.01;0.009324;-0.009064;-2.04E-05;-0.0001101;-89.94;-0.35;97.22;1.18;97.21;0.009324;0.009065;0.0002596;-20.304;-20.426;-35.857;0.00;-100.50;
2026-01-22 16:35:33.67;0.00:00:24:861;-1.00;0.00;-0.01;0.009333;-0.009073;-1.797E-05;-0.0001106;-89.94;-0.35;97.22;1.19;97.22;0.009333;0.009074;0.000259;-20.300;-20.422;-35.866;0.00;-99.23;
2026-01-22 16:35:33.71;0.00:00:24:908;-1.00;0.00;-0.01;0.009334;-0.009075;-1.732E-05;-0.0001096;-89.95;-0.35;97.23;1.17;97.23;0.009334;0.009076;0.0002583;-20.299;-20.421;-35.878;0.00;-98.98;
2026-01-22 16:35:33.76;0.00:00:24:955;-1.00;0.00;-0.01;0.009318;-0.009055;-1.355E-05;-0.0001115;-89.96;-0.35;97.18;1.20;97.17;0.009318;0.009055;0.0002629;-20.307;-20.431;-35.802;0.00;-96.93;
2026-01-22 16:35:33.81;0.00:00:25:001;-1.00;0.00;-0.01;0.009284;-0.009021;-1.482E-05;-0.0001104;-89.95;-0.35;97.18;1.19;97.17;0.009284;0.009022;0.000262;-20.323;-20.447;-35.817;0.00;-97.65;
2026-01-22 16:35:33.85;0.00:00:25:047;-1.00;0.00;-0.01;0.009267;-0.009007;-1.811E-05;-0.0001091;-89.94;-0.35;97.20;1.18;97.20;0.009267;0.009008;0.0002591;-20.331;-20.454;-35.866;0.00;-99.42;
2026-01-22 16:35:33.90;0.00:00:25:095;-1.00;0.00;-0.01;0.009255;-0.008997;-1.917E-05;-0.0001085;-89.94;-0.35;97.21;1.17;97.20;0.009255;0.008997;0.0002582;-20.336;-20.459;-35.880;0.00;-100.02;
2026-01-22 16:35:33.95;0.00:00:25:142;-1.00;0.00;-0.01;0.009258;-0.009;-2.087E-05;-0.0001091;-89.93;-0.35;97.22;1.18;97.22;0.009258;0.009001;0.0002569;-20.335;-20.457;-35.902;0.00;-100.82;
2026-01-22 16:35:34.01;0.00:00:25:203;-1.00;0.00;-0.01;0.00927;-0.00901;-1.626E-05;-0.0001093;-89.95;-0.35;97.20;1.18;97.19;0.00927;0.009011;0.0002596;-20.329;-20.452;-35.857;0.00;-98.46;
2026-01-22 16:35:34.05;0.00:00:25:249;-1.00;0.00;-0.01;0.009264;-0.009004;-1.587E-05;-0.0001092;-89.95;-0.35;97.20;1.18;97.20;0.009264;0.009005;0.000259;-20.332;-20.455;-35.866;0.00;-98.27;
2026-01-22 16:35:34.10;0.00:00:25:296;-1.00;0.00;-0.01;0.009245;-0.00899;-1.969E-05;-0.0001083;-89.94;-0.34;97.25;1.17;97.24;0.009245;0.00899;0.0002542;-20.341;-20.462;-35.948;0.00;-100.31;
2026-01-22 16:35:34.15;0.00:00:25:345;-1.00;0.00;-0.01;0.009243;-0.008982;-1.565E-05;-0.0001091;-89.95;-0.35;97.18;1.18;97.18;0.009243;0.008983;0.0002604;-20.342;-20.466;-35.843;0.00;-98.16;
2026-01-22 16:35:34.19;0.00:00:25:389;-1.00;0.00;-0.01;0.009248;-0.008993;-2.31E-05;-0.0001078;-89.93;-0.34;97.25;1.17;97.24;0.009248;0.008994;0.0002545;-20.340;-20.461;-35.943;0.00;-102.10;
2026-01-22 16:35:34.24;0.00:00:25:436;-1.00;0.00;-0.01;0.009267;-0.009013;-2.061E-05;-0.0001082;-89.93;-0.34;97.26;1.17;97.26;0.009267;0.009014;0.0002537;-20.330;-20.451;-35.957;0.00;-100.79;
2026-01-22 16:35:34.29;0.00:00:25:483;-1.00;0.00;-0.01;0.009285;-0.009027;-1.902E-05;-0.0001068;-89.94;-0.34;97.23;1.15;97.23;0.009285;0.009028;0.0002568;-20.322;-20.444;-35.903;0.00;-100.10;
2026-01-22 16:35:34.34;0.00:00:25:531;-1.00;0.00;-0.01;0.009271;-0.009013;-1.65E-05;-0.0001082;-89.95;-0.34;97.22;1.17;97.22;0.009271;0.009014;0.0002573;-20.329;-20.451;-35.895;0.00;-98.67;
2026-01-22 16:35:34.38;0.00:00:25:579;-1.00;0.00;-0.01;0.009271;-0.009013;-1.973E-05;-0.0001106;-89.94;-0.35;97.23;1.19;97.22;0.009271;0.009014;0.0002568;-20.329;-20.451;-35.903;0.00;-100.11;
2026-01-22 16:35:34.43;0.00:00:25:624;-1.00;0.00;-0.01;0.009294;-0.009035;-1.643E-05;-0.0001083;-89.95;-0.34;97.23;1.16;97.22;0.009294;0.009036;0.0002577;-20.318;-20.440;-35.889;0.00;-98.63;
2026-01-22 16:35:34.48;0.00:00:25:670;-1.00;0.00;-0.01;0.009287;-0.009027;-1.873E-05;-0.0001108;-89.94;-0.35;97.22;1.19;97.21;0.009287;0.009028;0.0002585;-20.321;-20.444;-35.876;0.00;-99.59;
2026-01-22 16:35:34.52;0.00:00:25:718;-1.00;0.00;-0.01;0.009283;-0.009023;-1.663E-05;-0.0001093;-89.95;-0.35;97.20;1.18;97.20;0.009283;0.009024;0.0002597;-20.323;-20.446;-35.856;0.00;-98.65;
2026-01-22 16:35:34.57;0.00:00:25:766;-1.00;0.00;-0.01;0.009299;-0.009043;-2.068E-05;-0.0001087;-89.93;-0.34;97.25;1.17;97.25;0.009299;0.009044;0.0002553;-20.315;-20.436;-35.929;0.00;-100.77;
2026-01-22 16:35:34.62;0.00:00:25:813;-1.00;0.00;-0.01;0.009309;-0.009048;-1.937E-05;-0.0001103;-89.94;-0.35;97.20;1.19;97.19;0.009309;0.009048;0.0002606;-20.311;-20.434;-35.840;0.00;-99.96;
2026-01-22 16:35:34.67;0.00:00:25:859;-1.00;0.00;-0.01;0.009318;-0.009052;-9.528E-06;-0.0001106;-89.97;-0.35;97.15;1.19;97.14;0.009318;0.009052;0.0002656;-20.307;-20.432;-35.757;0.00;-94.92;
2026-01-22 16:35:34.71;0.00:00:25:906;-1.00;0.00;-0.01;0.009275;-0.009013;-1.183E-05;-0.0001105;-89.96;-0.35;97.18;1.19;97.18;0.009275;0.009014;0.0002611;-20.327;-20.451;-35.831;0.00;-96.11;
2026-01-22 16:35:34.76;0.00:00:25:954;-1.00;0.00;-0.01;0.009265;-0.009011;-2.064E-05;-0.0001095;-89.93;-0.35;97.27;1.18;97.26;0.009265;0.009011;0.0002534;-20.332;-20.452;-35.963;0.00;-100.68;
2026-01-22 16:35:34.81;0.00:00:26:001;-1.00;0.00;-0.01;0.009275;-0.009018;-1.999E-05;-0.0001101;-89.94;-0.35;97.24;1.19;97.23;0.009275;0.009019;0.0002558;-20.327;-20.449;-35.921;0.00;-100.29;
2026-01-22 16:35:34.85;0.00:00:26:047;-1.00;0.00;-0.01;0.00929;-0.009032;-2.262E-05;-0.0001101;-89.93;-0.35;97.24;1.18;97.23;0.00929;0.009033;0.0002567;-20.320;-20.442;-35.905;0.00;-101.61;
2026-01-22 16:35:34.91;0.00:00:26:109;-1.00;0.00;-0.01;0.009296;-0.009034;-1.397E-05;-0.0001102;-89.96;-0.35;97.19;1.19;97.18;0.009296;0.009035;0.0002617;-20.317;-20.441;-35.822;0.00;-97.23;
2026-01-22 16:35:34.96;0.00:00:26:155;-1.00;0.00;-0.01;0.009288;-0.009027;-1.826E-05;-0.0001096;-89.94;-0.35;97.19;1.18;97.19;0.009288;0.009027;0.0002606;-20.321;-20.444;-35.840;0.00;-99.45;
2026-01-22 16:35:35.01;0.00:00:26:203;-1.00;0.00;-0.01;0.009282;-0.009021;-1.77E-05;-0.0001098;-89.94;-0.35;97.20;1.18;97.19;0.009282;0.009022;0.0002602;-20.324;-20.447;-35.846;0.00;-99.16;
2026-01-22 16:35:35.06;0.00:00:26:250;-1.00;0.00;-0.01;0.009286;-0.009032;-2.172E-05;-0.0001095;-89.93;-0.35;97.27;1.18;97.26;0.009286;0.009032;0.0002539;-20.322;-20.442;-35.954;0.00;-101.22;
2026-01-22 16:35:35.10;0.00:00:26:296;-1.00;0.00;-0.01;0.009323;-0.009065;-1.801E-05;-0.0001082;-89.94;-0.34;97.24;1.16;97.23;0.009323;0.009065;0.0002577;-20.304;-20.426;-35.889;0.00;-99.45;
2026-01-22 16:35:35.15;0.00:00:26:342;-1.00;0.00;-0.01;0.009319;-0.009052;-1.315E-05;-0.0001104;-89.96;-0.35;97.15;1.18;97.14;0.009319;0.009053;0.0002658;-20.306;-20.432;-35.755;0.00;-96.79;
2026-01-22 16:35:35.19;0.00:00:26:389;-1.00;0.00;-0.01;0.009303;-0.009044;-1.724E-05;-0.0001096;-89.95;-0.35;97.22;1.18;97.21;0.009303;0.009044;0.0002586;-20.314;-20.436;-35.873;0.00;-98.94;
2026-01-22 16:35:35.24;0.00:00:26:435;-1.00;0.00;-0.01;0.009291;-0.009034;-1.878E-05;-0.0001099;-89.94;-0.35;97.24;1.18;97.23;0.009291;0.009034;0.0002569;-20.319;-20.441;-35.902;0.00;-99.70;
2026-01-22 16:35:35.29;0.00:00:26:485;-1.00;0.00;-0.01;0.009309;-0.009048;-1.87E-05;-0.0001097;-89.94;-0.35;97.21;1.18;97.20;0.009309;0.009049;0.00026;-20.311;-20.434;-35.851;0.00;-99.68;
2026-01-22 16:35:35.34;0.00:00:26:530;-1.00;0.00;-0.01;0.009317;-0.009057;-1.946E-05;-0.0001095;-89.94;-0.35;97.21;1.18;97.21;0.009317;0.009057;0.0002596;-20.307;-20.430;-35.856;0.00;-100.08;
2026-01-22 16:35:35.38;0.00:00:26:577;-1.00;0.00;-0.01;0.009316;-0.009059;-1.854E-05;-0.0001107;-89.94;-0.35;97.25;1.19;97.25;0.009316;0.00906;0.000256;-20.308;-20.429;-35.918;0.00;-99.51;
2026-01-22 16:35:35.43;0.00:00:26:623;-1.00;0.00;-0.01;0.009306;-0.009049;-1.512E-05;-0.0001107;-89.95;-0.35;97.24;1.19;97.23;0.009306;0.009049;0.0002566;-20.312;-20.434;-35.907;0.00;-97.78;
2026-01-22 16:35:35.48;0.00:00:26:670;-1.00;0.00;-0.01;0.009304;-0.009047;-1.913E-05;-0.0001101;-89.94;-0.35;97.25;1.18;97.25;0.009304;0.009048;0.0002555;-20.314;-20.434;-35.926;0.00;-99.86;
2026-01-22 16:35:35.52;0.00:00:26:717;-1.00;0.00;-0.01;0.009323;-0.009065;-1.766E-05;-0.0001092;-89.94;-0.34;97.24;1.17;97.23;0.009323;0.009066;0.0002576;-20.304;-20.426;-35.890;0.00;-99.19;
2026-01-22 16:35:35.57;0.00:00:26:764;-1.00;0.00;-0.01;0.009321;-0.009064;-1.817E-05;-0.0001092;-89.94;-0.35;97.25;1.17;97.24;0.009321;0.009065;0.0002568;-20.305;-20.426;-35.904;0.00;-99.44;
2026-01-22 16:35:35.62;0.00:00:26:810;-1.00;0.00;-0.01;0.009305;-0.009046;-1.84E-05;-0.000111;-89.94;-0.35;97.22;1.19;97.21;0.009305;0.009046;0.000259;-20.313;-20.435;-35.868;0.00;-99.42;
2026-01-22 16:35:35.66;0.00:00:26:859;-1.00;0.00;-0.01;0.009295;-0.009037;-1.815E-05;-0.0001097;-89.94;-0.35;97.23;1.18;97.23;0.009295;0.009038;0.0002572;-20.317;-20.439;-35.897;0.00;-99.40;
2026-01-22 16:35:35.71;0.00:00:26:906;-1.00;0.00;-0.01;0.009295;-0.009035;-1.78E-05;-0.0001103;-89.94;-0.35;97.21;1.19;97.20;0.009295;0.009036;0.0002594;-20.318;-20.440;-35.860;0.00;-99.17;
2026-01-22 16:35:35.76;0.00:00:26:951;-1.00;0.00;-0.01;0.009289;-0.009034;-2.328E-05;-0.0001076;-89.93;-0.34;97.27;1.16;97.26;0.009289;0.009035;0.000254;-20.320;-20.441;-35.952;0.00;-102.21;
2026-01-22 16:35:35.80;0.00:00:26:998;-1.00;0.00;-0.01;0.009304;-0.009044;-1.786E-05;-0.00011;-89.94;-0.35;97.21;1.18;97.20;0.009304;0.009044;0.0002596;-20.313;-20.436;-35.857;0.00;-99.22;
2026-01-22 16:35:35.85;0.00:00:27:045;-1.00;0.00;-0.01;0.009303;-0.009045;-1.799E-05;-0.0001108;-89.94;-0.35;97.23;1.19;97.23;0.009303;0.009045;0.0002573;-20.314;-20.436;-35.895;0.00;-99.22;
2026-01-22 16:35:35.90;0.00:00:27:092;-1.00;0.00;-0.01;0.009304;-0.009047;-1.958E-05;-0.0001097;-89.94;-0.35;97.25;1.18;97.24;0.009304;0.009048;0.0002563;-20.313;-20.435;-35.913;0.00;-100.12;
2026-01-22 16:35:35.94;0.00:00:27:137;-1.00;0.00;-0.01;0.009297;-0.009039;-1.581E-05;-0.0001108;-89.95;-0.35;97.23;1.19;97.23;0.009297;0.00904;0.0002573;-20.316;-20.438;-35.895;0.00;-98.12;
2026-01-22 16:35:35.99;0.00:00:27:186;-1.00;0.00;-0.01;0.00931;-0.009049;-1.778E-05;-0.0001109;-89.94;-0.35;97.21;1.19;97.20;0.00931;0.00905;0.0002598;-20.311;-20.434;-35.853;0.00;-99.11;
2026-01-22 16:35:36.04;0.00:00:27:232;-1.00;0.00;-0.01;0.009316;-0.009058;-1.818E-05;-0.0001087;-89.94;-0.34;97.23;1.17;97.23;0.009316;0.009058;0.0002578;-20.308;-20.430;-35.887;0.00;-99.49;
2026-01-22 16:35:36.09;0.00:00:27:280;-1.00;0.00;-0.01;0.009295;-0.009037;-1.833E-05;-0.0001111;-89.94;-0.35;97.23;1.20;97.23;0.009295;0.009038;0.0002572;-20.317;-20.439;-35.897;0.00;-99.37;
2026-01-22 16:35:36.13;0.00:00:27:327;-1.00;0.00;-0.01;0.009286;-0.009024;-1.517E-05;-0.0001101;-89.95;-0.35;97.18;1.19;97.18;0.009286;0.009025;0.0002615;-20.322;-20.446;-35.826;0.00;-97.84;
2026-01-22 16:35:36.18;0.00:00:27:372;-1.00;0.00;-0.01;0.009274;-0.009015;-1.879E-05;-0.0001095;-89.94;-0.35;97.22;1.18;97.21;0.009274;0.009016;0.0002583;-20.327;-20.450;-35.879;0.00;-99.74;
2026-01-22 16:35:36.23;0.00:00:27:420;-1.00;0.00;-0.01;0.009283;-0.009027;-2.245E-05;-0.0001099;-89.93;-0.35;97.25;1.18;97.24;0.009283;0.009027;0.0002554;-20.323;-20.444;-35.927;0.00;-101.54;
2026-01-22 16:35:36.29;0.00:00:27:481;-1.00;0.00;-0.01;0.009276;-0.009015;-1.362E-05;-0.0001109;-89.96;-0.35;97.19;1.20;97.18;0.009276;0.009015;0.0002607;-20.326;-20.450;-35.839;0.00;-97.00;
2026-01-22 16:35:36.33;0.00:00:27:528;-1.00;0.00;-0.01;0.009256;-0.008995;-1.692E-05;-0.0001104;-89.95;-0.35;97.19;1.19;97.18;0.009256;0.008995;0.0002601;-20.336;-20.460;-35.849;0.00;-98.71;
2026-01-22 16:35:36.38;0.00:00:27:574;-1.00;0.00;-0.01;0.009254;-0.008997;-1.897E-05;-0.0001084;-89.94;-0.35;97.23;1.17;97.22;0.009254;0.008997;0.0002565;-20.337;-20.459;-35.909;0.00;-99.93;
2026-01-22 16:35:36.43;0.00:00:27:620;-1.00;0.00;-0.01;0.009262;-0.009003;-1.751E-05;-0.0001098;-89.94;-0.35;97.21;1.19;97.20;0.009262;0.009004;0.0002587;-20.333;-20.456;-35.873;0.00;-99.06;
2026-01-22 16:35:36.47;0.00:00:27:669;-1.00;0.00;-0.01;0.009262;-0.009005;-1.892E-05;-0.0001092;-89.94;-0.35;97.23;1.18;97.23;0.009262;0.009006;0.0002561;-20.333;-20.455;-35.915;0.00;-99.83;
2026-01-22 16:35:36.52;0.00:00:27:719;-1.00;0.00;-0.01;0.009261;-0.009004;-1.922E-05;-0.0001094;-89.94;-0.35;97.23;1.18;97.23;0.009261;0.009005;0.0002563;-20.333;-20.455;-35.912;0.00;-99.97;
2026-01-22 16:35:36.58;0.00:00:27:770;-1.00;0.00;-0.01;0.009262;-0.009005;-1.766E-05;-0.0001103;-89.94;-0.35;97.23;1.19;97.22;0.009262;0.009005;0.0002567;-20.333;-20.455;-35.905;0.00;-99.10;
2026-01-22 16:35:36.63;0.00:00:27:820;-1.00;0.00;-0.01;0.009273;-0.009014;-1.603E-05;-0.0001102;-89.95;-0.35;97.22;1.19;97.21;0.009273;0.009015;0.000258;-20.328;-20.450;-35.884;0.00;-98.28;
2026-01-22 16:35:36.69;0.00:00:27:881;-1.00;0.00;-0.01;0.009277;-0.009022;-1.966E-05;-0.0001087;-89.94;-0.35;97.26;1.17;97.25;0.009277;0.009023;0.000254;-20.326;-20.447;-35.951;0.00;-100.25;
2026-01-22 16:35:36.74;0.00:00:27:932;-1.00;0.00;-0.01;0.009277;-0.009021;-1.754E-05;-0.0001098;-89.94;-0.35;97.24;1.18;97.23;0.009277;0.009021;0.0002561;-20.326;-20.447;-35.916;0.00;-99.08;
2026-01-22 16:35:36.79;0.00:00:27:981;-1.00;0.00;-0.01;0.009297;-0.009042;-2.075E-05;-0.0001086;-89.93;-0.34;97.26;1.17;97.26;0.009297;0.009043;0.0002545;-20.316;-20.437;-35.943;0.00;-100.82;
2026-01-22 16:35:36.84;0.00:00:28:031;-1.00;0.00;-0.01;0.009305;-0.009047;-1.709E-05;-0.0001103;-89.95;-0.35;97.23;1.19;97.23;0.009305;0.009047;0.0002574;-20.313;-20.435;-35.894;0.00;-98.81;
2026-01-22 16:35:36.89;0.00:00:28:086;-1.00;0.00;-0.01;0.009309;-0.009049;-1.745E-05;-0.0001102;-89.94;-0.35;97.22;1.18;97.21;0.009309;0.00905;0.000259;-20.311;-20.434;-35.867;0.00;-99.00;
2026-01-22 16:35:36.94;0.00:00:28:137;-1.00;0.00;-0.01;0.009304;-0.009043;-1.608E-05;-0.0001107;-89.95;-0.35;97.20;1.19;97.19;0.009304;0.009044;0.0002603;-20.313;-20.436;-35.845;0.00;-98.27;
2026-01-22 16:35:36.99;0.00:00:28:188;-1.00;0.00;-0.01;0.009299;-0.009032;-1.028E-05;-0.0001115;-89.97;-0.35;97.14;1.20;97.13;0.009299;0.009033;0.000266;-20.316;-20.442;-35.752;0.00;-95.27;
2026-01-22 16:35:37.05;0.00:00:28:240;-1.00;0.00;-0.01;0.009265;-0.009003;-1.436E-05;-0.0001106;-89.95;-0.35;97.17;1.19;97.16;0.009265;0.009003;0.000262;-20.331;-20.456;-35.817;0.00;-97.39;
2026-01-22 16:35:37.10;0.00:00:28:291;-1.00;0.00;-0.01;0.009284;-0.00903;-2.459E-05;-0.0001086;-89.92;-0.34;97.27;1.17;97.26;0.009284;0.009031;0.0002534;-20.323;-20.443;-35.962;0.00;-102.76;
2026-01-22 16:35:37.15;0.00:00:28:342;-1.00;0.00;-0.01;0.009307;-0.009049;-2.037E-05;-0.0001086;-89.94;-0.34;97.24;1.17;97.23;0.009307;0.00905;0.0002569;-20.312;-20.434;-35.902;0.00;-100.62;
2026-01-22 16:35:37.21;0.00:00:28:403;-1.00;0.00;-0.01;0.009291;-0.00903;-1.593E-05;-0.0001104;-89.95;-0.35;97.19;1.19;97.19;0.009291;0.00903;0.0002607;-20.319;-20.443;-35.839;0.00;-98.21;
2026-01-22 16:35:37.26;0.00:00:28:455;-1.00;0.00;-0.01;0.009274;-0.009012;-1.316E-05;-0.0001103;-89.96;-0.35;97.19;1.19;97.18;0.009274;0.009013;0.0002607;-20.327;-20.451;-35.839;0.00;-96.81;
2026-01-22 16:35:37.31;0.00:00:28:506;-1.00;0.00;-0.01;0.009248;-0.008988;-1.705E-05;-0.0001119;-89.95;-0.36;97.19;1.21;97.18;0.009248;0.008988;0.0002602;-20.339;-20.463;-35.848;0.00;-98.66;
2026-01-22 16:35:37.36;0.00:00:28:558;-1.00;0.00;-0.01;0.009243;-0.008981;-1.553E-05;-0.0001104;-89.95;-0.35;97.17;1.19;97.17;0.009243;0.008982;0.0002612;-20.342;-20.466;-35.830;0.00;-98.00;
2026-01-22 16:35:37.41;0.00:00:28:607;-1.00;0.00;-0.01;0.00923;-0.008971;-1.759E-05;-0.00011;-89.94;-0.35;97.20;1.19;97.19;0.00923;0.008972;0.0002589;-20.348;-20.471;-35.869;0.00;-99.09;
2026-01-22 16:35:37.46;0.00:00:28:659;-1.00;0.00;-0.01;0.009234;-0.008975;-1.684E-05;-0.0001069;-89.95;-0.34;97.21;1.16;97.20;0.009234;0.008976;0.0002581;-20.346;-20.469;-35.883;0.00;-98.95;
2026-01-22 16:35:37.52;0.00:00:28:710;-1.00;0.00;-0.01;0.009247;-0.008986;-1.879E-05;-0.0001127;-89.94;-0.36;97.19;1.22;97.19;0.009247;0.008987;0.0002595;-20.340;-20.464;-35.859;0.00;-99.46;
2026-01-22 16:35:37.57;0.00:00:28:760;-1.00;0.00;-0.01;0.009252;-0.008993;-1.97E-05;-0.0001101;-89.94;-0.35;97.21;1.19;97.20;0.009252;0.008993;0.0002585;-20.338;-20.461;-35.875;0.00;-100.14;
2026-01-22 16:35:37.62;0.00:00:28:811;-1.00;0.00;-0.01;0.009267;-0.009008;-1.737E-05;-0.0001141;-89.94;-0.36;97.21;1.23;97.20;0.009267;0.009008;0.000259;-20.330;-20.453;-35.867;0.00;-98.66;
2026-01-22 16:35:37.67;0.00:00:28:864;-1.00;0.00;-0.01;0.009272;-0.009014;-1.984E-05;-0.000105;-89.94;-0.33;97.23;1.13;97.22;0.009272;0.009015;0.0002571;-20.328;-20.450;-35.900;0.00;-100.70;
2026-01-22 16:35:37.72;0.00:00:28:915;-1.00;0.00;-0.01;0.009248;-0.008985;-1.476E-05;-0.0001091;-89.95;-0.35;97.17;1.18;97.16;0.009248;0.008986;0.0002617;-20.340;-20.464;-35.822;0.00;-97.70;
2026-01-22 16:35:37.77;0.00:00:28:964;-1.00;0.00;-0.01;0.009237;-0.008977;-2.114E-05;-0.0001086;-89.93;-0.35;97.20;1.18;97.19;0.009237;0.008978;0.0002586;-20.345;-20.468;-35.874;0.00;-101.01;
2026-01-22 16:35:37.82;0.00:00:29:015;-1.00;0.00;-0.01;0.009266;-0.00901;-2.039E-05;-0.0001087;-89.94;-0.35;97.24;1.17;97.23;0.009266;0.009011;0.0002556;-20.331;-20.452;-35.925;0.00;-100.62;
2026-01-22 16:35:37.87;0.00:00:29:068;-1.00;0.00;-0.01;0.00927;-0.009011;-1.678E-05;-0.0001071;-89.95;-0.34;97.21;1.16;97.21;0.00927;0.009012;0.0002584;-20.329;-20.452;-35.878;0.00;-98.91;
2026-01-22 16:35:37.92;0.00:00:29:117;-1.00;0.00;-0.01;0.009253;-0.008993;-1.646E-05;-0.0001085;-89.95;-0.35;97.20;1.17;97.20;0.009253;0.008994;0.0002588;-20.337;-20.461;-35.870;0.00;-98.63;
2026-01-22 16:35:37.98;0.00:00:29:170;-1.00;0.00;-0.01;0.009232;-0.008967;-1.292E-05;-0.0001118;-89.96;-0.36;97.13;1.21;97.12;0.009232;0.008967;0.0002649;-20.347;-20.473;-35.769;0.00;-96.59;
2026-01-22 16:35:38.03;0.00:00:29:221;-1.00;0.00;-0.01;0.009234;-0.00897;-1.249E-05;-0.0001089;-89.96;-0.35;97.15;1.18;97.14;0.009234;0.008971;0.0002633;-20.346;-20.472;-35.796;0.00;-96.54;
2026-01-22 16:35:38.08;0.00:00:29:272;-1.00;0.00;-0.01;0.009216;-0.008961;-1.9E-05;-0.0001081;-89.94;-0.35;97.23;1.17;97.23;0.009216;0.008961;0.000255;-20.354;-20.476;-35.934;0.00;-99.97;
2026-01-22 16:35:38.13;0.00:00:29:321;-1.00;0.00;-0.01;0.009214;-0.008957;-1.683E-05;-0.0001092;-89.95;-0.35;97.22;1.19;97.21;0.009214;0.008958;0.0002563;-20.355;-20.478;-35.913;0.00;-98.76;
2026-01-22 16:35:38.18;0.00:00:29:374;-1.00;0.00;-0.01;0.009211;-0.008952;-1.376E-05;-0.0001079;-89.96;-0.35;97.19;1.17;97.18;0.009211;0.008953;0.0002589;-20.357;-20.481;-35.869;0.00;-97.27;
2026-01-22 16:35:38.23;0.00:00:29:423;-1.00;0.00;-0.01;0.00921;-0.008951;-1.603E-05;-0.0001089;-89.95;-0.35;97.20;1.18;97.19;0.00921;0.008952;0.0002582;-20.357;-20.481;-35.880;0.00;-98.37;
2026-01-22 16:35:38.28;0.00:00:29:475;-1.00;0.00;-0.01;0.009192;-0.008931;-1.54E-05;-0.0001082;-89.95;-0.35;97.17;1.18;97.17;0.009192;0.008932;0.0002598;-20.366;-20.491;-35.853;0.00;-98.10;
2026-01-22 16:35:38.33;0.00:00:29:526;-1.00;0.00;-0.01;0.009118;-0.008863;-2.328E-05;-0.0001083;-89.92;-0.35;97.21;1.19;97.20;0.009118;0.008864;0.0002548;-20.401;-20.524;-35.937;0.00;-102.13;
2026-01-22 16:35:38.39;0.00:00:29:587;-1.00;0.00;-0.01;0.009197;-0.008943;-1.993E-05;-0.0001075;-89.94;-0.34;97.24;1.17;97.23;0.009197;0.008943;0.000254;-20.363;-20.485;-35.952;0.00;-100.50;
2026-01-22 16:35:38.44;0.00:00:29:638;-1.00;0.00;-0.01;0.009204;-0.008946;-1.706E-05;-0.0001084;-89.95;-0.35;97.21;1.18;97.20;0.009204;0.008947;0.0002567;-20.360;-20.483;-35.907;0.00;-98.94;
2026-01-22 16:35:38.50;0.00:00:29:690;-1.00;0.00;-0.01;0.009227;-0.008974;-2.068E-05;-0.0001061;-89.93;-0.34;97.27;1.15;97.26;0.009227;0.008975;0.0002522;-20.349;-20.470;-35.983;0.00;-101.03;
2026-01-22 16:35:38.54;0.00:00:29:738;-1.00;0.00;-0.01;0.009195;-0.00893;-9.597E-06;-0.0001113;-89.97;-0.36;97.12;1.21;97.11;0.009195;0.008931;0.0002646;-20.364;-20.491;-35.774;0.00;-94.93;
2026-01-22 16:35:38.59;0.00:00:29:784;-1.00;0.00;-0.01;0.00917;-0.00891;-1.481E-05;-0.0001087;-89.95;-0.35;97.17;1.18;97.16;0.00917;0.008911;0.0002594;-20.376;-20.501;-35.861;0.00;-97.76;
2026-01-22 16:35:38.64;0.00:00:29:830;-1.00;0.00;-0.01;0.009116;-0.008853;-1.21E-05;-0.0001089;-89.96;-0.35;97.12;1.19;97.11;0.009116;0.008853;0.0002625;-20.402;-20.529;-35.809;0.00;-96.34;
2026-01-22 16:35:38.68;0.00:00:29:876;-1.00;0.00;-0.01;0.009089;-0.008828;-1.339E-05;-0.0001086;-89.96;-0.35;97.13;1.19;97.12;0.009089;0.008828;0.0002608;-20.415;-20.541;-35.836;0.00;-97.03;
2026-01-22 16:35:38.73;0.00:00:29:925;-1.00;0.00;-0.01;0.009039;-0.008777;-1.315E-05;-0.0001075;-89.96;-0.35;97.10;1.19;97.10;0.009039;0.008778;0.0002617;-20.439;-20.566;-35.822;0.00;-96.98;
2026-01-22 16:35:38.78;0.00:00:29:971;-1.00;0.00;-0.01;0.009034;-0.008775;-1.78E-05;-0.0001052;-89.94;-0.34;97.15;1.16;97.14;0.009034;0.008776;0.0002575;-20.441;-20.567;-35.892;0.00;-99.60;
