Device : ;PAX1000IR1
Serial Number : ;M00974113
Firmware Version : ;1.0.13
Software Version : ;1.4.2002.183
Wavelength [nm] : ;780
Basic Sample Rate [Hz] : ;60
Operating Mode : ;1 revolution for one measurement, 1024 points for FFT

Time[date hh:mm:ss] ; Elapsed Time [hh:mm:ss:ms]; Normalized s 1 ; Normalized s 2 ; Normalized s 3 ; S 0 [mW]; S 1 [mW]; S 2 [mW]; S 3 [mW]; Azimuth[°] ; Ellipticity[°] ; DOP[%] ; DOCP[%] ; DOLP[%] ; Power[mW] ; Pol Power[mW] ; Unpol Power[mW] ; Power[dBm] ; Pol Power[dBm] ; Unpol Power[dBm] ; Power-Split-Ratio ; Phase Difference[°] ; Warning
2025-11-20 18:00:23.71;0.00:00:00:068;1.00;0.00;0.00;0.07296;0.07237;-0.0001234;0.0001325;-0.05;0.05;99.19;0.18;99.19;0.07296;0.07237;0.0005879;-11.369;-11.404;-32.307;1.00;132.96;
2025-11-20 18:00:23.78;0.00:00:00:139;1.00;0.00;0.00;0.07282;0.07224;-8.156E-05;0.0001141;-0.03;0.05;99.21;0.16;99.21;0.07282;0.07224;0.0005765;-11.377;-11.412;-32.392;1.00;125.57;
2025-11-20 18:00:23.83;0.00:00:00:187;1.00;0.00;0.00;0.07291;0.07235;-7.618E-05;0.0001087;-0.03;0.04;99.23;0.15;99.23;0.07291;0.07235;0.0005605;-11.372;-11.405;-32.515;1.00;125.02;
2025-11-20 18:00:23.88;0.00:00:00:236;1.00;0.00;0.00;0.07299;0.07241;-9.526E-05;0.0001202;-0.04;0.05;99.21;0.16;99.21;0.07299;0.07241;0.0005795;-11.368;-11.402;-32.370;1.00;128.39;
2025-11-20 18:00:23.94;0.00:00:00:295;1.00;0.00;0.00;0.07292;0.07235;-9.241E-05;0.0001022;-0.04;0.04;99.22;0.14;99.22;0.07292;0.07235;0.0005697;-11.372;-11.406;-32.444;1.00;132.11;
2025-11-20 18:00:23.99;0.00:00:00:343;1.00;0.00;0.00;0.07291;0.07237;-0.0001371;0.0001257;-0.05;0.05;99.26;0.17;99.26;0.07291;0.07237;0.000539;-11.372;-11.404;-32.684;1.00;137.48;
2025-11-20 18:00:24.04;0.00:00:00:395;1.00;0.00;0.00;0.07281;0.07223;-9.283E-05;0.0001113;-0.04;0.04;99.21;0.15;99.21;0.07281;0.07223;0.0005781;-11.378;-11.413;-32.380;1.00;129.83;
2025-11-20 18:00:24.10;0.00:00:00:452;1.00;0.00;0.00;0.07292;0.07237;-0.0001271;0.0001298;-0.05;0.05;99.25;0.18;99.24;0.07292;0.07237;0.0005505;-11.372;-11.405;-32.592;1.00;134.41;
2025-11-20 18:00:24.14;0.00:00:00:498;1.00;0.00;0.00;0.07272;0.07218;-0.0001321;0.000124;-0.05;0.05;99.26;0.17;99.26;0.07272;0.07218;0.0005347;-11.384;-11.416;-32.719;1.00;136.80;
2025-11-20 18:00:24.19;0.00:00:00:545;1.00;0.00;0.00;0.07259;0.07199;-7.655E-05;0.0001143;-0.03;0.05;99.18;0.16;99.17;0.07259;0.07199;0.0005988;-11.391;-11.427;-32.227;1.00;123.82;
2025-11-20 18:00:24.24;0.00:00:00:591;1.00;0.00;0.00;0.07271;0.07216;-0.0001212;0.0001257;-0.05;0.05;99.24;0.17;99.24;0.07271;0.07216;0.0005523;-11.384;-11.417;-32.579;1.00;133.97;
2025-11-20 18:00:24.28;0.00:00:00:639;1.00;0.00;0.00;0.07261;0.07203;-0.0001131;0.00011;-0.04;0.04;99.21;0.15;99.21;0.07261;0.07203;0.0005766;-11.390;-11.425;-32.392;1.00;135.80;
2025-11-20 18:00:24.33;0.00:00:00:686;1.00;0.00;0.00;0.07256;0.07201;-0.0001168;0.0001146;-0.05;0.05;99.24;0.16;99.24;0.07256;0.07201;0.0005496;-11.393;-11.426;-32.599;1.00;135.56;
2025-11-20 18:00:24.38;0.00:00:00:734;1.00;0.00;0.00;0.07235;0.07179;-0.0001418;0.0001113;-0.06;0.04;99.23;0.15;99.23;0.07235;0.07179;0.0005567;-11.406;-11.439;-32.543;1.00;141.88;
2025-11-20 18:00:24.43;0.00:00:00:780;1.00;0.00;0.00;0.07245;0.07188;-6.024E-05;0.0001152;-0.02;0.05;99.21;0.16;99.21;0.07245;0.07188;0.0005729;-11.400;-11.434;-32.419;1.00;117.60;
2025-11-20 18:00:24.48;0.00:00:00:832;1.00;0.00;0.00;0.07261;0.07204;-9.758E-05;0.0001229;-0.04;0.05;99.22;0.17;99.22;0.07261;0.07204;0.0005673;-11.390;-11.424;-32.462;1.00;128.44;
2025-11-20 18:00:24.54;0.00:00:00:892;1.00;0.00;0.00;0.07259;0.072;-7.143E-05;0.0001162;-0.03;0.05;99.19;0.16;99.19;0.07259;0.072;0.0005872;-11.391;-11.427;-32.312;1.00;121.59;
2025-11-20 18:00:24.58;0.00:00:00:939;1.00;0.00;0.00;0.07264;0.07204;-9.682E-05;0.0001057;-0.04;0.04;99.17;0.15;99.17;0.07264;0.07204;0.0006001;-11.388;-11.424;-32.218;1.00;132.49;
2025-11-20 18:00:24.63;0.00:00:00:985;1.00;0.00;0.00;0.07268;0.07215;-0.0001574;0.0001306;-0.06;0.05;99.28;0.18;99.28;0.07268;0.07215;0.0005265;-11.386;-11.417;-32.786;1.00;140.31;
2025-11-20 18:00:24.68;0.00:00:01:032;1.00;0.00;0.00;0.07257;0.07201;-9.105E-05;0.0001139;-0.04;0.05;99.22;0.16;99.22;0.07257;0.07201;0.0005646;-11.392;-11.426;-32.483;1.00;128.65;
2025-11-20 18:00:24.72;0.00:00:01:077;1.00;0.00;0.00;0.07263;0.07209;-0.0001372;0.0001305;-0.05;0.05;99.26;0.18;99.26;0.07263;0.07209;0.0005349;-11.389;-11.421;-32.717;1.00;136.43;
2025-11-20 18:00:24.77;0.00:00:01:127;1.00;0.00;0.00;0.07242;0.07186;-0.000123;0.0001129;-0.05;0.05;99.22;0.16;99.22;0.07242;0.07186;0.0005636;-11.401;-11.435;-32.491;1.00;137.44;
2025-11-20 18:00:24.83;0.00:00:01:187;1.00;0.00;0.00;0.07226;0.0717;-0.0001037;0.0001128;-0.04;0.05;99.23;0.16;99.23;0.07226;0.0717;0.0005586;-11.411;-11.445;-32.529;1.00;132.59;
2025-11-20 18:00:24.88;0.00:00:01:233;1.00;0.00;0.00;0.07245;0.07183;-2.244E-05;0.0001012;-0.01;0.04;99.15;0.14;99.15;0.07245;0.07183;0.0006159;-11.400;-11.437;-32.105;1.00;102.51;
2025-11-20 18:00:24.93;0.00:00:01:280;1.00;0.00;0.00;0.07298;0.07235;-6.905E-05;0.0001114;-0.03;0.04;99.14;0.15;99.14;0.07298;0.07235;0.000625;-11.368;-11.405;-32.042;1.00;121.80;
2025-11-20 18:00:24.97;0.00:00:01:328;1.00;0.00;0.00;0.07299;0.07245;-0.0001517;0.0001265;-0.06;0.05;99.26;0.17;99.26;0.07299;0.07245;0.0005417;-11.367;-11.400;-32.663;1.00;140.18;
2025-11-20 18:00:25.02;0.00:00:01:375;1.00;0.00;0.00;0.07259;0.072;-6.057E-05;0.0001095;-0.02;0.04;99.20;0.15;99.20;0.07259;0.072;0.0005833;-11.391;-11.426;-32.341;1.00;118.94;
2025-11-20 18:00:25.07;0.00:00:01:421;1.00;0.00;0.00;0.07293;0.0723;-5.877E-07;0.0001035;0.00;0.04;99.14;0.14;99.14;0.07293;0.0723;0.0006276;-11.371;-11.409;-32.023;1.00;90.33;
2025-11-20 18:00:25.12;0.00:00:01:471;1.00;0.00;0.00;0.07313;0.07258;-0.0001009;0.0001234;-0.04;0.05;99.25;0.17;99.25;0.07313;0.07258;0.0005495;-11.359;-11.392;-32.600;1.00;129.26;
2025-11-20 18:00:25.18;0.00:00:01:531;1.00;0.00;0.00;0.07336;0.0728;-7.907E-05;0.000127;-0.03;0.05;99.24;0.17;99.24;0.07336;0.0728;0.0005593;-11.345;-11.379;-32.523;1.00;121.91;
2025-11-20 18:00:25.22;0.00:00:01:579;1.00;0.00;0.00;0.07301;0.07244;-0.0001145;0.0001154;-0.05;0.05;99.21;0.16;99.21;0.07301;0.07244;0.0005775;-11.366;-11.400;-32.384;1.00;134.77;
2025-11-20 18:00:25.27;0.00:00:01:626;1.00;0.00;0.00;0.07285;0.07231;-0.0001418;0.0001213;-0.06;0.05;99.26;0.17;99.26;0.07285;0.07231;0.0005416;-11.375;-11.408;-32.663;1.00;139.46;
2025-11-20 18:00:25.32;0.00:00:01:675;1.00;0.00;0.00;0.07273;0.07219;-8.917E-05;9.98E-05;-0.04;0.04;99.25;0.14;99.25;0.07273;0.07219;0.0005461;-11.383;-11.415;-32.628;1.00;131.78;
2025-11-20 18:00:25.37;0.00:00:01:721;1.00;0.00;0.00;0.073;0.07239;-1.771E-05;0.0001117;-0.01;0.04;99.16;0.15;99.16;0.073;0.07239;0.0006134;-11.367;-11.403;-32.123;1.00;99.01;
2025-11-20 18:00:25.41;0.00:00:01:768;1.00;0.00;0.00;0.07316;0.0726;-0.0001193;0.0001236;-0.05;0.05;99.24;0.17;99.24;0.07316;0.0726;0.0005595;-11.357;-11.390;-32.522;1.00;133.97;
2025-11-20 18:00:25.46;0.00:00:01:814;1.00;0.00;0.00;0.07308;0.07251;-7.268E-05;9.969E-05;-0.03;0.04;99.22;0.14;99.22;0.07308;0.07251;0.0005672;-11.362;-11.396;-32.463;1.00;126.10;
2025-11-20 18:00:25.51;0.00:00:01:860;1.00;0.00;0.00;0.07318;0.07263;-0.0001252;0.0001475;-0.05;0.06;99.24;0.20;99.24;0.07318;0.07263;0.0005533;-11.356;-11.389;-32.570;1.00;130.32;
2025-11-20 18:00:25.55;0.00:00:01:909;1.00;0.00;0.00;0.0727;0.07215;-0.0001397;0.0001225;-0.06;0.05;99.25;0.17;99.25;0.0727;0.07215;0.0005454;-11.385;-11.417;-32.633;1.00;138.75;
2025-11-20 18:00:25.60;0.00:00:01:955;1.00;0.00;0.00;0.07253;0.07195;-8.579E-05;9.966E-05;-0.03;0.04;99.21;0.14;99.21;0.07253;0.07195;0.000576;-11.395;-11.430;-32.396;1.00;130.72;
2025-11-20 18:00:25.65;0.00:00:02:001;1.00;0.00;0.00;0.07288;0.07227;-3.755E-05;0.0001075;-0.01;0.04;99.16;0.15;99.16;0.07288;0.07227;0.0006115;-11.374;-11.410;-32.136;1.00;109.25;
2025-11-20 18:00:25.70;0.00:00:02:050;1.00;0.00;0.00;0.07293;0.07239;-0.0001243;0.0001172;-0.05;0.05;99.26;0.16;99.26;0.07293;0.07239;0.0005401;-11.371;-11.403;-32.676;1.00;136.68;
2025-11-20 18:00:25.74;0.00:00:02:097;1.00;0.00;0.00;0.07291;0.07235;-0.0001015;0.0001091;-0.04;0.04;99.23;0.15;99.23;0.07291;0.07235;0.0005635;-11.372;-11.406;-32.491;1.00;132.93;
2025-11-20 18:00:25.79;0.00:00:02:142;1.00;0.00;0.00;0.07252;0.07196;-0.0001439;0.000112;-0.06;0.04;99.23;0.15;99.23;0.07252;0.07196;0.0005588;-11.395;-11.429;-32.527;1.00;142.11;
2025-11-20 18:00:25.83;0.00:00:02:189;1.00;0.00;0.00;0.07251;0.07194;-8.946E-05;0.0001044;-0.04;0.04;99.22;0.14;99.22;0.07251;0.07194;0.0005666;-11.396;-11.430;-32.467;1.00;130.59;
2025-11-20 18:00:25.88;0.00:00:02:235;1.00;0.00;0.00;0.07262;0.07204;-9.019E-05;0.0001086;-0.04;0.04;99.21;0.15;99.21;0.07262;0.07204;0.0005754;-11.390;-11.424;-32.401;1.00;129.70;
2025-11-20 18:00:25.93;0.00:00:02:282;1.00;0.00;0.00;0.07281;0.07222;-8.779E-05;0.0001234;-0.03;0.05;99.19;0.17;99.19;0.07281;0.07222;0.0005902;-11.378;-11.414;-32.290;1.00;125.42;
2025-11-20 18:00:25.97;0.00:00:02:328;1.00;0.00;0.00;0.07281;0.07228;-0.0001167;0.0001156;-0.05;0.05;99.27;0.16;99.27;0.07281;0.07228;0.0005293;-11.378;-11.410;-32.763;1.00;135.29;
2025-11-20 18:00:26.02;0.00:00:02:375;1.00;0.00;0.00;0.07233;0.07179;-0.000104;0.0001151;-0.04;0.05;99.25;0.16;99.25;0.07233;0.07179;0.0005426;-11.407;-11.439;-32.655;1.00;132.10;
2025-11-20 18:00:26.07;0.00:00:02:422;1.00;0.00;0.00;0.07227;0.07174;-0.0001388;0.0001227;-0.06;0.05;99.27;0.17;99.27;0.07227;0.07174;0.0005261;-11.411;-11.442;-32.789;1.00;138.52;
2025-11-20 18:00:26.11;0.00:00:02:469;1.00;0.00;0.00;0.07222;0.07166;-6.653E-05;0.0001238;-0.03;0.05;99.23;0.17;99.23;0.07222;0.07166;0.0005581;-11.413;-11.447;-32.533;1.00;118.26;
2025-11-20 18:00:26.16;0.00:00:02:516;1.00;0.00;0.00;0.07234;0.07181;-0.0001316;0.0001201;-0.05;0.05;99.26;0.17;99.26;0.07234;0.07181;0.0005342;-11.406;-11.438;-32.723;1.00;137.62;
2025-11-20 18:00:26.21;0.00:00:02:563;1.00;0.00;0.00;0.07235;0.07177;-9.239E-05;0.0001129;-0.04;0.05;99.20;0.16;99.20;0.07235;0.07177;0.0005765;-11.406;-11.440;-32.392;1.00;129.28;
2025-11-20 18:00:26.26;0.00:00:02:611;1.00;0.00;0.00;0.07259;0.07205;-0.0001082;0.0001287;-0.04;0.05;99.26;0.18;99.26;0.07259;0.07205;0.0005401;-11.391;-11.424;-32.675;1.00;130.06;
2025-11-20 18:00:26.31;0.00:00:02:660;1.00;0.00;0.00;0.0724;0.07188;-0.00015;0.00012;-0.06;0.05;99.27;0.17;99.27;0.0724;0.07188;0.0005282;-11.402;-11.434;-32.772;1.00;141.34;
2025-11-20 18:00:26.37;0.00:00:02:722;1.00;0.00;0.00;0.07257;0.07204;-0.0001227;0.0001249;-0.05;0.05;99.27;0.17;99.27;0.07257;0.07204;0.0005318;-11.392;-11.424;-32.743;1.00;134.48;
2025-11-20 18:00:26.41;0.00:00:02:767;1.00;0.00;0.00;0.07243;0.07188;-0.0001234;0.0001132;-0.05;0.05;99.24;0.16;99.24;0.07243;0.07188;0.0005514;-11.401;-11.434;-32.585;1.00;137.46;
2025-11-20 18:00:26.46;0.00:00:02:816;1.00;0.00;0.00;0.07248;0.07192;-9.011E-05;0.0001093;-0.04;0.04;99.23;0.15;99.23;0.07248;0.07192;0.0005574;-11.398;-11.432;-32.538;1.00;129.49;
2025-11-20 18:00:26.51;0.00:00:02:861;1.00;0.00;0.00;0.07245;0.07189;-0.0001105;0.000104;-0.04;0.04;99.23;0.14;99.23;0.07245;0.07189;0.0005565;-11.400;-11.433;-32.546;1.00;136.73;
2025-11-20 18:00:26.55;0.00:00:02:908;1.00;0.00;0.00;0.07288;0.0723;-0.0001131;0.0001147;-0.04;0.05;99.21;0.16;99.21;0.07288;0.07231;0.0005743;-11.374;-11.408;-32.409;1.00;134.59;
2025-11-20 18:00:26.60;0.00:00:02:956;1.00;0.00;0.00;0.07286;0.07232;-0.000152;0.0001233;-0.06;0.05;99.27;0.17;99.27;0.07286;0.07232;0.0005322;-11.375;-11.407;-32.740;1.00;140.95;
2025-11-20 18:00:26.65;0.00:00:03:003;1.00;0.00;0.00;0.07268;0.07213;-0.0001417;0.0001174;-0.06;0.05;99.23;0.16;99.23;0.07268;0.07213;0.0005563;-11.386;-11.419;-32.547;1.00;140.36;
2025-11-20 18:00:26.70;0.00:00:03:050;1.00;0.00;0.00;0.0729;0.07234;-0.0001151;0.0001238;-0.05;0.05;99.24;0.17;99.24;0.0729;0.07234;0.0005573;-11.373;-11.406;-32.539;1.00;132.91;
2025-11-20 18:00:26.74;0.00:00:03:097;1.00;0.00;0.00;0.07256;0.07204;-0.0001607;0.0001104;-0.06;0.04;99.28;0.15;99.28;0.07256;0.07204;0.0005188;-11.393;-11.424;-32.850;1.00;145.52;
2025-11-20 18:00:26.79;0.00:00:03:143;1.00;0.00;0.00;0.07274;0.07219;-0.0001376;0.0001203;-0.05;0.05;99.25;0.17;99.24;0.07274;0.07219;0.0005492;-11.382;-11.415;-32.603;1.00;138.85;
2025-11-20 18:00:26.84;0.00:00:03:192;1.00;0.00;0.00;0.07267;0.07208;-9.416E-05;0.0001014;-0.04;0.04;99.19;0.14;99.19;0.07267;0.07208;0.0005914;-11.386;-11.422;-32.281;1.00;132.88;
2025-11-20 18:00:26.88;0.00:00:03:238;1.00;0.00;0.00;0.07284;0.07226;-6.804E-05;0.000124;-0.03;0.05;99.21;0.17;99.21;0.07284;0.07226;0.0005764;-11.376;-11.411;-32.393;1.00;118.75;
2025-11-20 18:00:26.93;0.00:00:03:285;1.00;0.00;0.00;0.07279;0.07221;-8.833E-05;0.0001139;-0.04;0.05;99.20;0.16;99.20;0.07279;0.07221;0.00058;-11.380;-11.414;-32.366;1.00;127.80;
2025-11-20 18:00:26.98;0.00:00:03:331;1.00;0.00;0.00;0.07295;0.07236;-4.6E-05;0.0001054;-0.02;0.04;99.19;0.14;99.19;0.07295;0.07236;0.0005916;-11.370;-11.405;-32.280;1.00;113.57;
2025-11-20 18:00:27.02;0.00:00:03:377;1.00;0.00;0.00;0.07321;0.07262;-9.179E-05;0.000112;-0.04;0.04;99.19;0.15;99.19;0.07321;0.07262;0.0005954;-11.354;-11.390;-32.252;1.00;129.35;
2025-11-20 18:00:27.07;0.00:00:03:428;1.00;0.00;0.00;0.07308;0.07254;-0.000158;0.00013;-0.06;0.05;99.26;0.18;99.26;0.07308;0.07254;0.0005417;-11.362;-11.394;-32.662;1.00;140.57;
2025-11-20 18:00:27.13;0.00:00:03:488;1.00;0.00;0.00;0.07284;0.07224;-6.026E-05;0.0001131;-0.02;0.04;99.17;0.16;99.17;0.07284;0.07224;0.0006034;-11.376;-11.412;-32.194;1.00;118.05;
2025-11-20 18:00:27.18;0.00:00:03:536;1.00;0.00;0.00;0.07295;0.07239;-0.0001345;0.0001152;-0.05;0.05;99.23;0.16;99.23;0.07295;0.07239;0.0005643;-11.370;-11.403;-32.485;1.00;139.42;
2025-11-20 18:00:27.23;0.00:00:03:582;1.00;0.00;0.00;0.07299;0.07245;-0.0001472;0.0001276;-0.06;0.05;99.27;0.17;99.27;0.07299;0.07245;0.0005349;-11.367;-11.399;-32.718;1.00;139.06;
2025-11-20 18:00:27.27;0.00:00:03:629;1.00;0.00;0.00;0.07292;0.07236;-9.86E-05;0.0001208;-0.04;0.05;99.23;0.17;99.23;0.07292;0.07236;0.000562;-11.371;-11.405;-32.503;1.00;129.21;
2025-11-20 18:00:27.32;0.00:00:03:676;1.00;0.00;0.00;0.07293;0.07237;-0.0001381;0.0001296;-0.05;0.05;99.24;0.18;99.24;0.07293;0.07237;0.0005554;-11.371;-11.404;-32.554;1.00;136.83;
2025-11-20 18:00:27.37;0.00:00:03:726;1.00;0.00;0.00;0.07274;0.07218;-0.0001124;0.0001141;-0.04;0.05;99.24;0.16;99.24;0.07274;0.07218;0.0005545;-11.382;-11.416;-32.561;1.00;134.57;
2025-11-20 18:00:27.43;0.00:00:03:786;1.00;0.00;0.00;0.07291;0.07232;-9.54E-05;0.0001075;-0.04;0.04;99.18;0.15;99.18;0.07291;0.07232;0.0005982;-11.372;-11.408;-32.231;1.00;131.59;
2025-11-20 18:00:27.48;0.00:00:03:833;1.00;0.00;0.00;0.07292;0.07239;-0.0001556;0.0001368;-0.06;0.05;99.28;0.19;99.28;0.07292;0.07239;0.000524;-11.372;-11.403;-32.807;1.00;138.68;
2025-11-20 18:00:27.52;0.00:00:03:879;1.00;0.00;0.00;0.07278;0.07219;-7.188E-05;0.0001116;-0.03;0.04;99.20;0.15;99.19;0.07278;0.07219;0.0005858;-11.380;-11.415;-32.322;1.00;122.78;
2025-11-20 18:00:27.57;0.00:00:03:926;1.00;0.00;0.00;0.07292;0.07233;-9.375E-05;0.0001177;-0.04;0.05;99.20;0.16;99.20;0.07292;0.07233;0.0005827;-11.372;-11.407;-32.345;1.00;128.55;
2025-11-20 18:00:27.62;0.00:00:03:974;1.00;0.00;0.00;0.07297;0.07241;-9.297E-05;0.0001172;-0.04;0.05;99.24;0.16;99.24;0.07297;0.07241;0.0005555;-11.369;-11.402;-32.553;1.00;128.42;
2025-11-20 18:00:27.67;0.00:00:04:020;1.00;0.00;0.00;0.07304;0.07248;-0.0001078;0.0001194;-0.04;0.05;99.24;0.16;99.24;0.07304;0.07248;0.0005568;-11.364;-11.398;-32.543;1.00;132.08;
2025-11-20 18:00:27.71;0.00:00:04:065;1.00;0.00;0.00;0.07291;0.07234;-0.0001117;0.0001114;-0.04;0.04;99.21;0.15;99.21;0.07291;0.07234;0.0005727;-11.372;-11.406;-32.421;1.00;135.07;
2025-11-20 18:00:27.76;0.00:00:04:114;1.00;0.00;0.00;0.07307;0.07254;-0.0001444;0.0001299;-0.06;0.05;99.28;0.18;99.28;0.07307;0.07254;0.000526;-11.363;-11.394;-32.790;1.00;138.01;
2025-11-20 18:00:27.81;0.00:00:04:163;1.00;0.00;0.00;0.07278;0.07224;-0.0001418;0.0001273;-0.06;0.05;99.26;0.17;99.26;0.07278;0.07224;0.0005413;-11.380;-11.412;-32.665;1.00;138.07;
2025-11-20 18:00:27.87;0.00:00:04:224;1.00;0.00;0.00;0.07294;0.07235;-7.14E-05;0.0001345;-0.03;0.05;99.19;0.18;99.19;0.07294;0.07235;0.0005911;-11.370;-11.406;-32.284;1.00;117.96;
2025-11-20 18:00:27.92;0.00:00:04:273;1.00;0.00;0.00;0.07288;0.0723;-0.0001281;0.0001162;-0.05;0.05;99.22;0.16;99.22;0.07288;0.0723;0.0005716;-11.374;-11.408;-32.429;1.00;137.78;
2025-11-20 18:00:27.96;0.00:00:04:318;1.00;0.00;0.00;0.07278;0.07222;-0.0001045;0.0001092;-0.04;0.04;99.22;0.15;99.22;0.07278;0.07222;0.0005656;-11.380;-11.414;-32.475;1.00;133.74;
2025-11-20 18:00:28.01;0.00:00:04:365;1.00;0.00;0.00;0.07307;0.07245;1.138E-06;0.000108;0.00;0.04;99.15;0.15;99.15;0.07307;0.07245;0.0006245;-11.362;-11.400;-32.045;1.00;89.40;
2025-11-20 18:00:28.06;0.00:00:04:411;1.00;0.00;0.00;0.07308;0.07251;-0.0001269;0.0001214;-0.05;0.05;99.23;0.17;99.23;0.07308;0.07251;0.0005643;-11.362;-11.396;-32.485;1.00;136.27;
2025-11-20 18:00:28.11;0.00:00:04:462;1.00;0.00;0.00;0.07293;0.07239;-0.0001293;0.0001128;-0.05;0.04;99.26;0.15;99.26;0.07293;0.07239;0.0005398;-11.371;-11.403;-32.678;1.00;138.89;
2025-11-20 18:00:28.17;0.00:00:04:522;1.00;0.00;0.00;0.07311;0.07255;-0.0001055;0.0001139;-0.04;0.04;99.23;0.16;99.23;0.07311;0.07255;0.0005613;-11.360;-11.394;-32.508;1.00;132.80;
2025-11-20 18:00:28.21;0.00:00:04:567;1.00;0.00;0.00;0.07309;0.07251;-0.0001197;0.0001274;-0.05;0.05;99.20;0.17;99.20;0.07309;0.07251;0.0005843;-11.361;-11.396;-32.334;1.00;133.21;
2025-11-20 18:00:28.26;0.00:00:04:615;1.00;0.00;0.00;0.07277;0.07226;-0.0001938;0.0001314;-0.08;0.05;99.30;0.18;99.30;0.07277;0.07227;0.000508;-11.380;-11.411;-32.941;1.00;145.87;
2025-11-20 18:00:28.31;0.00:00:04:660;1.00;0.00;0.00;0.07259;0.07202;-0.0001062;0.0001241;-0.04;0.05;99.22;0.17;99.22;0.07259;0.07202;0.0005675;-11.391;-11.425;-32.460;1.00;130.55;
2025-11-20 18:00:28.35;0.00:00:04:708;1.00;0.00;0.00;0.07282;0.07224;-5.313E-05;0.0001127;-0.02;0.04;99.20;0.15;99.20;0.07282;0.07224;0.0005852;-11.377;-11.412;-32.327;1.00;115.23;
2025-11-20 18:00:28.40;0.00:00:04:755;1.00;0.00;0.00;0.07299;0.07239;-7.217E-05;0.00011;-0.03;0.04;99.18;0.15;99.18;0.07299;0.07239;0.000595;-11.367;-11.403;-32.254;1.00;123.26;
2025-11-20 18:00:28.45;0.00:00:04:800;1.00;0.00;0.00;0.07297;0.07242;-0.0001338;0.0001171;-0.05;0.05;99.25;0.16;99.25;0.07297;0.07242;0.0005494;-11.369;-11.401;-32.601;1.00;138.80;
2025-11-20 18:00:28.49;0.00:00:04:846;1.00;0.00;0.00;0.07281;0.07226;-9.675E-05;0.0001088;-0.04;0.04;99.24;0.15;99.24;0.07281;0.07226;0.0005497;-11.378;-11.411;-32.598;1.00;131.64;
2025-11-20 18:00:28.54;0.00:00:04:893;1.00;0.00;0.00;0.07286;0.07231;-9.873E-05;0.0001077;-0.04;0.04;99.24;0.15;99.24;0.07286;0.07231;0.0005536;-11.375;-11.408;-32.568;1.00;132.51;
2025-11-20 18:00:28.59;0.00:00:04:940;1.00;0.00;0.00;0.07323;0.07263;-8.288E-05;0.0001278;-0.03;0.05;99.18;0.17;99.18;0.07323;0.07263;0.0005999;-11.353;-11.389;-32.219;1.00;122.97;
2025-11-20 18:00:28.63;0.00:00:04:988;1.00;0.00;0.00;0.07309;0.07253;-0.0001469;0.0001254;-0.06;0.05;99.23;0.17;99.23;0.07309;0.07253;0.0005613;-11.361;-11.395;-32.508;1.00;139.50;
2025-11-20 18:00:28.68;0.00:00:05:034;1.00;0.00;0.00;0.07303;0.07247;-9.608E-05;0.0001269;-0.04;0.05;99.23;0.17;99.23;0.07303;0.07247;0.0005604;-11.365;-11.398;-32.515;1.00;127.13;
2025-11-20 18:00:28.73;0.00:00:05:080;1.00;0.00;0.00;0.07266;0.07212;-0.0001742;0.000123;-0.07;0.05;99.25;0.17;99.25;0.07266;0.07212;0.0005437;-11.387;-11.419;-32.646;1.00;144.76;
2025-11-20 18:00:28.77;0.00:00:05:128;1.00;0.00;0.00;0.0726;0.07203;-7.398E-05;9.692E-05;-0.03;0.04;99.21;0.13;99.21;0.0726;0.07203;0.0005741;-11.391;-11.425;-32.410;1.00;127.36;
2025-11-20 18:00:28.82;0.00:00:05:174;1.00;0.00;0.00;0.07274;0.07216;-8.646E-05;0.0001255;-0.03;0.05;99.20;0.17;99.20;0.07274;0.07216;0.0005797;-11.382;-11.417;-32.368;1.00;124.57;
2025-11-20 18:00:28.87;0.00:00:05:221;1.00;0.00;0.00;0.07276;0.07219;-0.0001112;0.0001115;-0.04;0.04;99.22;0.15;99.22;0.07276;0.07219;0.0005678;-11.381;-11.415;-32.458;1.00;134.91;
2025-11-20 18:00:28.91;0.00:00:05:269;1.00;0.00;0.00;0.07264;0.07207;-0.0001375;0.0001245;-0.05;0.05;99.22;0.17;99.22;0.07264;0.07207;0.000569;-11.389;-11.423;-32.449;1.00;137.85;
2025-11-20 18:00:28.96;0.00:00:05:315;1.00;0.00;0.00;0.07275;0.0722;-7.906E-05;0.000118;-0.03;0.05;99.24;0.16;99.24;0.07275;0.0722;0.0005547;-11.382;-11.415;-32.559;1.00;123.81;
2025-11-20 18:00:29.01;0.00:00:05:361;1.00;0.00;0.00;0.07273;0.07215;-8.675E-05;0.000101;-0.03;0.04;99.21;0.14;99.21;0.07273;0.07215;0.0005766;-11.383;-11.417;-32.391;1.00;130.65;
2025-11-20 18:00:29.05;0.00:00:05:408;1.00;0.00;0.00;0.07269;0.07217;-0.0001772;0.0001131;-0.07;0.04;99.29;0.16;99.29;0.07269;0.07217;0.0005161;-11.385;-11.416;-32.873;1.00;147.46;
2025-11-20 18:00:29.10;0.00:00:05:456;1.00;0.00;0.00;0.0725;0.07193;-0.0001312;0.0001206;-0.05;0.05;99.22;0.17;99.22;0.0725;0.07193;0.0005643;-11.397;-11.431;-32.485;1.00;137.41;
2025-11-20 18:00:29.15;0.00:00:05:502;1.00;0.00;0.00;0.07247;0.0719;-0.0001046;0.000113;-0.04;0.05;99.22;0.16;99.22;0.07247;0.0719;0.0005681;-11.398;-11.433;-32.456;1.00;132.78;
2025-11-20 18:00:29.19;0.00:00:05:548;1.00;0.00;0.00;0.07274;0.07218;-5.59E-05;0.0001017;-0.02;0.04;99.23;0.14;99.23;0.07274;0.07218;0.0005607;-11.382;-11.416;-32.513;1.00;118.81;
2025-11-20 18:00:29.24;0.00:00:05:595;1.00;0.00;0.00;0.0729;0.07232;-6.668E-05;0.0001146;-0.03;0.05;99.21;0.16;99.21;0.0729;0.07232;0.0005789;-11.373;-11.407;-32.374;1.00;120.19;
2025-11-20 18:00:29.29;0.00:00:05:642;1.00;0.00;0.00;0.07295;0.07239;-0.0001383;0.0001131;-0.05;0.04;99.24;0.15;99.24;0.07295;0.07239;0.0005537;-11.370;-11.403;-32.567;1.00;140.73;
2025-11-20 18:00:29.34;0.00:00:05:690;1.00;0.00;0.00;0.07284;0.07229;-0.0001333;0.0001246;-0.05;0.05;99.24;0.17;99.24;0.07284;0.07229;0.0005511;-11.376;-11.409;-32.588;1.00;136.94;
2025-11-20 18:00:29.38;0.00:00:05:735;1.00;0.00;0.00;0.07268;0.07213;-0.0001592;0.0001136;-0.06;0.05;99.23;0.16;99.23;0.07268;0.07213;0.0005567;-11.386;-11.419;-32.544;1.00;144.48;
2025-11-20 18:00:29.43;0.00:00:05:783;1.00;0.00;0.00;0.07272;0.07214;-8.495E-05;0.0001174;-0.03;0.05;99.20;0.16;99.20;0.07272;0.07214;0.0005781;-11.384;-11.418;-32.380;1.00;125.88;
2025-11-20 18:00:29.48;0.00:00:05:830;1.00;0.00;0.00;0.07286;0.07226;-3.515E-05;0.0001212;-0.01;0.05;99.17;0.17;99.17;0.07286;0.07226;0.0006029;-11.375;-11.411;-32.198;1.00;106.17;
2025-11-20 18:00:29.52;0.00:00:05:876;1.00;0.00;0.00;0.07329;0.07274;-0.0001014;0.000131;-0.04;0.05;99.25;0.18;99.25;0.07329;0.07274;0.0005526;-11.349;-11.382;-32.576;1.00;127.75;
2025-11-20 18:00:29.57;0.00:00:05:923;1.00;0.00;0.00;0.07314;0.07258;-0.0001004;0.0001003;-0.04;0.04;99.23;0.14;99.23;0.07314;0.07258;0.0005633;-11.358;-11.392;-32.492;1.00;135.02;
2025-11-20 18:00:29.62;0.00:00:05:970;1.00;0.00;0.00;0.0733;0.07275;-9.598E-05;0.0001259;-0.04;0.05;99.26;0.17;99.26;0.0733;0.07275;0.0005432;-11.349;-11.381;-32.651;1.00;127.32;
2025-11-20 18:00:29.66;0.00:00:06:016;1.00;0.00;0.00;0.07281;0.07229;-0.0001623;0.0001303;-0.06;0.05;99.29;0.18;99.29;0.07281;0.07229;0.0005141;-11.378;-11.409;-32.890;1.00;141.23;
2025-11-20 18:00:29.71;0.00:00:06:065;1.00;0.00;0.00;0.07263;0.07206;-0.0001118;0.0001043;-0.04;0.04;99.22;0.14;99.22;0.07263;0.07206;0.0005691;-11.389;-11.423;-32.448;1.00;136.98;
2025-11-20 18:00:29.76;0.00:00:06:112;1.00;0.00;0.00;0.07261;0.07207;-0.0001159;0.0001154;-0.05;0.05;99.26;0.16;99.26;0.07261;0.07207;0.0005378;-11.390;-11.422;-32.694;1.00;135.14;
2025-11-20 18:00:29.81;0.00:00:06:162;1.00;0.00;0.00;0.07264;0.07206;-7.284E-05;0.0001134;-0.03;0.05;99.20;0.16;99.20;0.07264;0.07206;0.0005839;-11.388;-11.423;-32.336;1.00;122.71;
2025-11-20 18:00:29.87;0.00:00:06:223;1.00;0.00;0.00;0.07287;0.07233;-0.0001251;0.0001266;-0.05;0.05;99.26;0.17;99.26;0.07287;0.07233;0.000537;-11.374;-11.407;-32.700;1.00;134.66;
2025-11-20 18:00:29.91;0.00:00:06:270;1.00;0.00;0.00;0.07285;0.07228;-7.477E-05;0.0001078;-0.03;0.04;99.21;0.15;99.21;0.07285;0.07228;0.0005742;-11.376;-11.410;-32.409;1.00;124.74;
2025-11-20 18:00:29.96;0.00:00:06:316;1.00;0.00;0.00;0.07308;0.07251;-0.0001051;0.0001415;-0.04;0.06;99.21;0.19;99.21;0.07308;0.07251;0.0005769;-11.362;-11.396;-32.389;1.00;126.60;
2025-11-20 18:00:30.01;0.00:00:06:364;1.00;0.00;0.00;0.07279;0.07229;-0.0001828;0.0001316;-0.07;0.05;99.31;0.18;99.31;0.07279;0.07229;0.0005048;-11.379;-11.409;-32.969;1.00;144.24;
2025-11-20 18:00:30.06;0.00:00:06:411;1.00;0.00;0.00;0.07266;0.07209;-7.382E-05;0.0001029;-0.03;0.04;99.22;0.14;99.22;0.07266;0.07209;0.0005696;-11.387;-11.421;-32.444;1.00;125.66;
2025-11-20 18:00:30.11;0.00:00:06:460;1.00;0.00;0.00;0.07277;0.07224;-0.0001228;0.0001349;-0.05;0.05;99.26;0.19;99.26;0.07277;0.07224;0.0005372;-11.380;-11.412;-32.698;1.00;132.30;
2025-11-20 18:00:30.16;0.00:00:06:519;1.00;0.00;0.00;0.07251;0.07191;-9.229E-05;0.0001074;-0.04;0.04;99.17;0.15;99.17;0.07251;0.07191;0.0006018;-11.396;-11.432;-32.205;1.00;130.66;
2025-11-20 18:00:30.21;0.00:00:06:566;1.00;0.00;0.00;0.07281;0.07223;-4.155E-05;0.0001164;-0.02;0.05;99.20;0.16;99.20;0.07281;0.07223;0.0005795;-11.378;-11.413;-32.370;1.00;109.65;
2025-11-20 18:00:30.26;0.00:00:06:611;1.00;0.00;0.00;0.07271;0.07221;-0.0002176;0.0001366;-0.09;0.05;99.31;0.19;99.31;0.07271;0.07221;0.0005011;-11.384;-11.414;-33.001;1.00;147.88;
2025-11-20 18:00:30.30;0.00:00:06:659;1.00;0.00;0.00;0.07248;0.07192;-7.783E-05;0.0001052;-0.03;0.04;99.23;0.15;99.23;0.07248;0.07192;0.0005609;-11.398;-11.432;-32.511;1.00;126.50;
2025-11-20 18:00:30.35;0.00:00:06:708;1.00;0.00;0.00;0.07258;0.07201;-0.0001278;0.0001271;-0.05;0.05;99.22;0.18;99.22;0.07258;0.07201;0.0005683;-11.392;-11.426;-32.454;1.00;135.16;
2025-11-20 18:00:30.40;0.00:00:06:752;1.00;0.00;0.00;0.0724;0.07187;-9.501E-05;0.0001066;-0.04;0.04;99.27;0.15;99.27;0.0724;0.07187;0.0005319;-11.403;-11.435;-32.742;1.00;131.71;
2025-11-20 18:00:30.44;0.00:00:06:799;1.00;0.00;0.00;0.07254;0.07196;-9.304E-05;0.0001139;-0.04;0.05;99.19;0.16;99.19;0.07254;0.07196;0.0005872;-11.394;-11.429;-32.312;1.00;129.23;
2025-11-20 18:00:30.49;0.00:00:06:845;1.00;0.00;0.00;0.07255;0.07201;-0.0001115;0.0001235;-0.04;0.05;99.25;0.17;99.25;0.07255;0.07201;0.0005415;-11.394;-11.426;-32.664;1.00;132.08;
2025-11-20 18:00:30.54;0.00:00:06:892;1.00;0.00;0.00;0.07247;0.07192;-4.719E-05;0.0001109;-0.02;0.04;99.23;0.15;99.23;0.07247;0.07192;0.0005585;-11.398;-11.432;-32.530;1.00;113.04;
2025-11-20 18:00:30.58;0.00:00:06:939;1.00;0.00;0.00;0.07256;0.07202;-9.936E-05;0.0001133;-0.04;0.05;99.25;0.16;99.25;0.07256;0.07202;0.0005471;-11.393;-11.426;-32.619;1.00;131.24;
2025-11-20 18:00:30.63;0.00:00:06:988;1.00;0.00;0.00;0.07271;0.0721;-1.403E-05;9.364E-05;-0.01;0.04;99.16;0.13;99.16;0.07271;0.0721;0.0006136;-11.384;-11.421;-32.121;1.00;98.52;
2025-11-20 18:00:30.68;0.00:00:07:037;1.00;0.00;0.00;0.07287;0.07236;-0.0001609;0.0001361;-0.06;0.05;99.29;0.19;99.29;0.07287;0.07236;0.0005178;-11.374;-11.405;-32.858;1.00;139.77;
2025-11-20 18:00:30.73;0.00:00:07:083;1.00;0.00;0.00;0.07262;0.07208;-0.0001335;0.0001198;-0.05;0.05;99.25;0.16;99.25;0.07262;0.07208;0.000544;-11.389;-11.422;-32.644;1.00;138.10;
2025-11-20 18:00:30.77;0.00:00:07:130;1.00;0.00;0.00;0.0723;0.07174;-0.0001249;0.0001161;-0.05;0.05;99.22;0.16;99.22;0.0723;0.07174;0.0005613;-11.408;-11.442;-32.508;1.00;137.09;
2025-11-20 18:00:30.82;0.00:00:07:179;1.00;0.00;0.00;0.07235;0.07179;-8.585E-05;0.0001166;-0.03;0.05;99.22;0.16;99.22;0.07235;0.07179;0.0005663;-11.405;-11.439;-32.469;1.00;126.36;
2025-11-20 18:00:30.88;0.00:00:07:238;1.00;0.00;0.00;0.07247;0.07191;-0.0001251;0.0001244;-0.05;0.05;99.23;0.17;99.23;0.07247;0.07191;0.000555;-11.398;-11.432;-32.557;1.00;135.17;
2025-11-20 18:00:30.93;0.00:00:07:284;1.00;0.00;0.00;0.07251;0.07191;-7.357E-05;0.0001057;-0.03;0.04;99.18;0.15;99.18;0.07251;0.07191;0.0005955;-11.396;-11.432;-32.251;1.00;124.83;
2025-11-20 18:00:30.98;0.00:00:07:330;1.00;0.00;0.00;0.07255;0.07201;-0.0001105;0.0001129;-0.04;0.04;99.26;0.16;99.26;0.07255;0.07201;0.0005351;-11.394;-11.426;-32.715;1.00;134.37;
2025-11-20 18:00:31.02;0.00:00:07:376;1.00;0.00;0.00;0.07247;0.07192;-0.0001335;0.0001259;-0.05;0.05;99.24;0.17;99.24;0.07247;0.07192;0.0005516;-11.398;-11.432;-32.584;1.00;136.69;
2025-11-20 18:00:31.07;0.00:00:07:425;1.00;0.00;0.00;0.07254;0.07198;-0.0001079;0.0001198;-0.04;0.05;99.23;0.17;99.23;0.07254;0.07198;0.0005579;-11.394;-11.428;-32.535;1.00;132.03;
2025-11-20 18:00:31.14;0.00:00:07:490;1.00;0.00;0.00;0.07277;0.07218;-6.259E-05;0.0001024;-0.02;0.04;99.19;0.14;99.19;0.07277;0.07218;0.0005871;-11.380;-11.416;-32.313;1.00;121.43;
2025-11-20 18:00:31.19;0.00:00:07:549;1.00;0.00;0.00;0.07292;0.07236;-7.917E-05;0.0001168;-0.03;0.05;99.23;0.16;99.23;0.07292;0.07236;0.0005644;-11.371;-11.405;-32.484;1.00;124.12;
2025-11-20 18:00:31.24;0.00:00:07:594;1.00;0.00;0.00;0.07272;0.07219;-0.0001691;0.0001257;-0.07;0.05;99.28;0.17;99.28;0.07272;0.07219;0.0005271;-11.384;-11.415;-32.781;1.00;143.36;
2025-11-20 18:00:31.29;0.00:00:07:646;1.00;0.00;0.00;0.07246;0.0719;-0.0001333;0.0001196;-0.05;0.05;99.22;0.16;99.22;0.07246;0.0719;0.0005662;-11.399;-11.433;-32.471;1.00;138.12;
2025-11-20 18:00:31.35;0.00:00:07:704;1.00;0.00;0.00;0.07266;0.07209;-9.279E-05;0.0001196;-0.04;0.05;99.23;0.16;99.23;0.07266;0.0721;0.0005608;-11.387;-11.421;-32.512;1.00;127.81;
2025-11-20 18:00:31.40;0.00:00:07:750;1.00;0.00;0.00;0.07276;0.07217;-9.41E-05;0.000125;-0.04;0.05;99.18;0.17;99.18;0.07276;0.07217;0.0005945;-11.381;-11.417;-32.258;1.00;126.98;
2025-11-20 18:00:31.44;0.00:00:07:798;1.00;0.00;0.00;0.07292;0.07236;-0.0001265;0.0001208;-0.05;0.05;99.22;0.17;99.22;0.07292;0.07236;0.0005652;-11.371;-11.405;-32.478;1.00;136.31;
2025-11-20 18:00:31.49;0.00:00:07:844;1.00;0.00;0.00;0.07291;0.07231;-6.308E-05;0.0001149;-0.02;0.05;99.18;0.16;99.18;0.07291;0.07231;0.0005959;-11.372;-11.408;-32.248;1.00;118.78;
2025-11-20 18:00:31.54;0.00:00:07:891;1.00;0.00;0.00;0.07288;0.07233;-0.0001072;0.0001241;-0.04;0.05;99.25;0.17;99.25;0.07288;0.07233;0.0005491;-11.374;-11.407;-32.603;1.00;130.83;
2025-11-20 18:00:31.58;0.00:00:07:939;1.00;0.00;0.00;0.07315;0.07253;-3.509E-05;0.0001107;-0.01;0.04;99.15;0.15;99.15;0.07315;0.07253;0.000621;-11.358;-11.395;-32.069;1.00;107.59;
2025-11-20 18:00:31.63;0.00:00:07:985;1.00;0.00;0.00;0.07331;0.07274;-0.0001303;0.0001433;-0.05;0.06;99.22;0.20;99.22;0.07331;0.07274;0.0005685;-11.348;-11.382;-32.453;1.00;132.29;
2025-11-20 18:00:31.68;0.00:00:08:034;1.00;0.00;0.00;0.07315;0.07257;-0.0001302;9.643E-05;-0.05;0.04;99.21;0.13;99.21;0.07315;0.07257;0.0005751;-11.358;-11.392;-32.403;1.00;143.47;
2025-11-20 18:00:31.73;0.00:00:08:080;1.00;0.00;0.00;0.07351;0.07294;-0.0001;0.0001164;-0.04;0.05;99.22;0.16;99.22;0.07351;0.07294;0.0005743;-11.336;-11.370;-32.408;1.00;130.68;
2025-11-20 18:00:31.77;0.00:00:08:127;1.00;0.00;0.00;0.07344;0.07287;-0.000156;0.0001235;-0.06;0.05;99.22;0.17;99.22;0.07344;0.07287;0.0005727;-11.340;-11.374;-32.421;1.00;141.63;
2025-11-20 18:00:31.82;0.00:00:08:174;1.00;0.00;0.00;0.07261;0.07209;-0.0001788;0.0001128;-0.07;0.04;99.28;0.16;99.28;0.07261;0.07209;0.0005197;-11.390;-11.421;-32.842;1.00;147.75;
2025-11-20 18:00:31.87;0.00:00:08:224;1.00;0.00;0.00;0.07242;0.07189;-0.000135;0.0001275;-0.05;0.05;99.26;0.18;99.26;0.07242;0.07189;0.0005348;-11.401;-11.434;-32.718;1.00;136.62;
2025-11-20 18:00:31.93;0.00:00:08:281;1.00;0.00;0.00;0.07241;0.07184;-7.319E-05;0.000116;-0.03;0.05;99.21;0.16;99.21;0.07241;0.07184;0.0005714;-11.402;-11.436;-32.431;1.00;122.24;
2025-11-20 18:00:31.99;0.00:00:08:346;1.00;0.00;0.00;0.07267;0.0721;-8.848E-05;0.0001177;-0.04;0.05;99.21;0.16;99.21;0.07267;0.0721;0.0005727;-11.386;-11.421;-32.421;1.00;126.92;
2025-11-20 18:00:32.05;0.00:00:08:408;1.00;0.00;0.00;0.07265;0.07208;-0.0001072;0.0001223;-0.04;0.05;99.22;0.17;99.22;0.07265;0.07208;0.0005689;-11.388;-11.422;-32.450;1.00;131.23;
2025-11-20 18:00:32.10;0.00:00:08:453;1.00;0.00;0.00;0.07269;0.07211;-7.793E-05;0.000106;-0.03;0.04;99.19;0.15;99.19;0.07269;0.07211;0.0005863;-11.385;-11.420;-32.319;1.00;126.32;
2025-11-20 18:00:32.15;0.00:00:08:502;1.00;0.00;0.00;0.07289;0.07231;-5.682E-05;0.0001031;-0.02;0.04;99.20;0.14;99.20;0.07289;0.07231;0.0005814;-11.373;-11.408;-32.356;1.00;118.87;
2025-11-20 18:00:32.21;0.00:00:08:562;1.00;0.00;0.00;0.07277;0.07223;-0.0001544;0.0001166;-0.06;0.05;99.25;0.16;99.25;0.07277;0.07223;0.0005457;-11.380;-11.413;-32.630;1.00;142.94;
2025-11-20 18:00:32.25;0.00:00:08:609;1.00;0.00;0.00;0.07267;0.07211;-0.0001139;0.0001217;-0.05;0.05;99.23;0.17;99.23;0.07267;0.07211;0.000558;-11.386;-11.420;-32.534;1.00;133.09;
2025-11-20 18:00:32.30;0.00:00:08:656;1.00;0.00;0.00;0.07251;0.07195;-0.0001443;0.0001106;-0.06;0.04;99.22;0.15;99.22;0.07251;0.07195;0.000562;-11.396;-11.430;-32.503;1.00;142.54;
2025-11-20 18:00:32.35;0.00:00:08:702;1.00;0.00;0.00;0.07241;0.07186;-9.93E-05;0.0001082;-0.04;0.04;99.23;0.15;99.23;0.07241;0.07186;0.0005542;-11.402;-11.435;-32.563;1.00;132.55;
2025-11-20 18:00:32.39;0.00:00:08:749;1.00;0.00;0.00;0.07282;0.07222;-4.732E-05;0.0001107;-0.02;0.04;99.18;0.15;99.18;0.07282;0.07222;0.0005995;-11.378;-11.413;-32.222;1.00;113.15;
2025-11-20 18:00:32.45;0.00:00:08:800;1.00;0.00;0.00;0.07305;0.07247;-7.832E-05;0.0001179;-0.03;0.05;99.20;0.16;99.20;0.07305;0.07247;0.000582;-11.364;-11.399;-32.351;1.00;123.61;
2025-11-20 18:00:32.50;0.00:00:08:858;1.00;0.00;0.00;0.07333;0.07274;-7.827E-05;0.0001157;-0.03;0.05;99.20;0.16;99.20;0.07333;0.07274;0.000584;-11.347;-11.382;-32.336;1.00;124.07;
2025-11-20 18:00:32.55;0.00:00:08:904;1.00;0.00;0.00;0.07318;0.07264;-0.0001796;0.0001377;-0.07;0.05;99.26;0.19;99.26;0.07318;0.07264;0.0005407;-11.356;-11.388;-32.671;1.00;142.54;
2025-11-20 18:00:32.60;0.00:00:08:953;1.00;0.00;0.00;0.07282;0.07225;-0.0001233;0.0001125;-0.05;0.04;99.22;0.15;99.22;0.07282;0.07225;0.0005647;-11.378;-11.411;-32.482;1.00;137.63;
2025-11-20 18:00:32.64;0.00:00:08:998;1.00;0.00;0.00;0.07278;0.07221;-9.572E-05;0.0001037;-0.04;0.04;99.21;0.14;99.21;0.07278;0.07221;0.0005719;-11.380;-11.414;-32.427;1.00;132.70;
2025-11-20 18:00:32.69;0.00:00:09:045;1.00;0.00;0.00;0.07289;0.07233;-0.0001246;0.0001076;-0.05;0.04;99.23;0.15;99.23;0.07289;0.07233;0.0005623;-11.373;-11.407;-32.500;1.00;139.17;
2025-11-20 18:00:32.74;0.00:00:09:092;1.00;0.00;0.00;0.0728;0.07222;-0.0001069;0.0001135;-0.04;0.05;99.20;0.16;99.20;0.0728;0.07222;0.0005846;-11.378;-11.413;-32.332;1.00;133.29;
2025-11-20 18:00:32.78;0.00:00:09:138;1.00;0.00;0.00;0.07279;0.07224;-0.000121;0.0001176;-0.05;0.05;99.23;0.16;99.23;0.07279;0.07224;0.0005587;-11.379;-11.412;-32.528;1.00;135.83;
2025-11-20 18:00:32.83;0.00:00:09:186;1.00;0.00;0.00;0.0728;0.07223;-0.0001145;0.0001275;-0.05;0.05;99.22;0.18;99.22;0.0728;0.07223;0.0005677;-11.379;-11.413;-32.459;1.00;131.93;
2025-11-20 18:00:32.89;0.00:00:09:247;1.00;0.00;0.00;0.07293;0.07239;-0.0001694;0.000137;-0.07;0.05;99.26;0.19;99.26;0.07293;0.07239;0.0005401;-11.371;-11.403;-32.675;1.00;141.04;
2025-11-20 18:00:32.95;0.00:00:09:309;1.00;0.00;0.00;0.07258;0.07202;-0.0001126;0.0001083;-0.04;0.04;99.23;0.15;99.23;0.07258;0.07202;0.0005581;-11.392;-11.425;-32.533;1.00;136.14;
2025-11-20 18:00:33.00;0.00:00:09:359;1.00;0.00;0.00;0.07264;0.07209;-8.696E-05;0.0001158;-0.03;0.05;99.25;0.16;99.25;0.07264;0.07209;0.0005446;-11.388;-11.421;-32.639;1.00;126.90;
2025-11-20 18:00:33.06;0.00:00:09:418;1.00;0.00;0.00;0.07282;0.07225;-0.0001011;0.0001103;-0.04;0.04;99.21;0.15;99.21;0.07282;0.07225;0.0005744;-11.377;-11.412;-32.408;1.00;132.52;
2025-11-20 18:00:33.11;0.00:00:09:465;1.00;0.00;0.00;0.07285;0.07232;-0.0001647;0.0001337;-0.07;0.05;99.28;0.18;99.27;0.07285;0.07232;0.0005281;-11.376;-11.407;-32.773;1.00;140.94;
2025-11-20 18:00:33.16;0.00:00:09:511;1.00;0.00;0.00;0.07252;0.07196;-0.0001163;0.0001021;-0.05;0.04;99.23;0.14;99.23;0.07252;0.07196;0.0005605;-11.395;-11.429;-32.514;1.00;138.71;
2025-11-20 18:00:33.20;0.00:00:09:559;1.00;0.00;0.00;0.07271;0.07212;-5.143E-05;0.0001084;-0.02;0.04;99.19;0.15;99.19;0.07271;0.07212;0.000592;-11.384;-11.420;-32.277;1.00;115.39;
2025-11-20 18:00:33.25;0.00:00:09:606;1.00;0.00;0.00;0.07308;0.0725;-9.476E-05;0.0001108;-0.04;0.04;99.20;0.15;99.20;0.07308;0.0725;0.000584;-11.362;-11.397;-32.336;1.00;130.54;
2025-11-20 18:00:33.30;0.00:00:09:654;1.00;0.00;0.00;0.07308;0.0725;-0.0001366;0.0001188;-0.05;0.05;99.20;0.16;99.20;0.07308;0.0725;0.0005847;-11.362;-11.397;-32.331;1.00;138.98;
2025-11-20 18:00:33.36;0.00:00:09:714;1.00;0.00;0.00;0.07285;0.07234;-0.0001648;0.0001337;-0.07;0.05;99.30;0.18;99.30;0.07285;0.07234;0.0005096;-11.376;-11.406;-32.927;1.00;140.94;
2025-11-20 18:00:33.41;0.00:00:09:763;1.00;0.00;0.00;0.07265;0.07208;-0.0001291;0.0001097;-0.05;0.04;99.22;0.15;99.22;0.07265;0.07208;0.0005686;-11.387;-11.422;-32.452;1.00;139.65;
2025-11-20 18:00:33.45;0.00:00:09:809;1.00;0.00;0.00;0.07283;0.07222;-6.063E-05;9.802E-05;-0.02;0.04;99.17;0.13;99.17;0.07283;0.07222;0.0006061;-11.377;-11.413;-32.175;1.00;121.74;
2025-11-20 18:00:33.51;0.00:00:09:862;1.00;0.00;0.00;0.07308;0.0725;-5.994E-05;0.0001063;-0.02;0.04;99.20;0.15;99.20;0.07308;0.0725;0.0005835;-11.362;-11.397;-32.340;1.00;119.41;
2025-11-20 18:00:33.56;0.00:00:09:913;1.00;0.00;0.00;0.07271;0.07219;-0.0002052;0.0001369;-0.08;0.05;99.28;0.19;99.28;0.07271;0.07219;0.0005202;-11.384;-11.415;-32.838;1.00;146.29;
2025-11-20 18:00:33.61;0.00:00:09:966;1.00;0.00;0.00;0.07286;0.07226;-4.573E-05;0.000105;-0.02;0.04;99.17;0.14;99.17;0.07286;0.07226;0.0006012;-11.375;-11.411;-32.210;1.00;113.54;
2025-11-20 18:00:33.66;0.00:00:10:016;1.00;0.00;0.00;0.07279;0.07225;-0.0001299;0.0001161;-0.05;0.05;99.26;0.16;99.26;0.07279;0.07226;0.0005371;-11.379;-11.411;-32.699;1.00;138.20;
2025-11-20 18:00:33.71;0.00:00:10:066;1.00;0.00;0.00;0.07272;0.07221;-0.0001324;0.0001224;-0.05;0.05;99.30;0.17;99.30;0.07272;0.07221;0.0005119;-11.384;-11.414;-32.908;1.00;137.25;
2025-11-20 18:00:33.77;0.00:00:10:128;1.00;0.00;0.00;0.07238;0.07183;-0.0001509;0.0001105;-0.06;0.04;99.24;0.15;99.24;0.07238;0.07183;0.0005499;-11.404;-11.437;-32.597;1.00;143.79;
2025-11-20 18:00:33.82;0.00:00:10:177;1.00;0.00;0.00;0.07277;0.07222;-9.896E-05;0.0001214;-0.04;0.05;99.25;0.17;99.25;0.07277;0.07222;0.0005469;-11.381;-11.413;-32.621;1.00;129.18;
2025-11-20 18:00:33.88;0.00:00:10:236;1.00;0.00;0.00;0.07269;0.07212;-0.0001382;0.0001123;-0.05;0.04;99.22;0.15;99.22;0.07269;0.07212;0.0005692;-11.385;-11.420;-32.448;1.00;140.90;
2025-11-20 18:00:33.93;0.00:00:10:282;1.00;0.00;0.00;0.07271;0.07207;-3.576E-05;8.511E-05;-0.01;0.03;99.13;0.12;99.13;0.07271;0.07207;0.0006341;-11.384;-11.422;-31.979;1.00;112.79;
2025-11-20 18:00:33.98;0.00:00:10:334;1.00;0.00;0.00;0.07305;0.0725;-0.0001155;0.0001339;-0.05;0.05;99.25;0.18;99.25;0.07305;0.0725;0.000547;-11.364;-11.396;-32.620;1.00;130.76;
2025-11-20 18:00:34.03;0.00:00:10:383;1.00;0.00;0.00;0.07303;0.07243;-8.932E-05;0.0001143;-0.04;0.05;99.19;0.16;99.19;0.07303;0.07243;0.0005943;-11.365;-11.401;-32.260;1.00;128.00;
2025-11-20 18:00:34.09;0.00:00:10:444;1.00;0.00;0.00;0.07287;0.07232;-0.0001432;0.0001189;-0.06;0.05;99.25;0.16;99.25;0.07287;0.07232;0.0005446;-11.375;-11.407;-32.639;1.00;140.31;
2025-11-20 18:00:34.14;0.00:00:10:496;1.00;0.00;0.00;0.07274;0.07214;-9.983E-05;0.0001162;-0.04;0.05;99.18;0.16;99.18;0.07274;0.07214;0.0005974;-11.382;-11.418;-32.237;1.00;130.66;
2025-11-20 18:00:34.19;0.00:00:10:549;1.00;0.00;0.00;0.07283;0.07227;-0.0001385;0.0001326;-0.05;0.05;99.23;0.18;99.23;0.07283;0.07228;0.0005578;-11.377;-11.410;-32.535;1.00;136.25;
2025-11-20 18:00:34.24;0.00:00:10:597;1.00;0.00;0.00;0.07259;0.07206;-0.0001371;0.000107;-0.05;0.04;99.26;0.15;99.26;0.07259;0.07206;0.0005377;-11.391;-11.423;-32.695;1.00;142.05;
2025-11-20 18:00:34.30;0.00:00:10:657;1.00;0.00;0.00;0.07273;0.07219;-0.0001201;0.0001062;-0.05;0.04;99.25;0.15;99.24;0.07273;0.07219;0.0005491;-11.383;-11.415;-32.603;1.00;138.50;
2025-11-20 18:00:34.35;0.00:00:10:708;1.00;0.00;0.00;0.07272;0.07219;-0.0001326;0.0001164;-0.05;0.05;99.26;0.16;99.26;0.07272;0.07219;0.000537;-11.383;-11.415;-32.700;1.00;138.74;
2025-11-20 18:00:34.41;0.00:00:10:761;1.00;0.00;0.00;0.07222;0.07168;-0.000144;0.0001131;-0.06;0.05;99.26;0.16;99.26;0.07222;0.07168;0.0005378;-11.413;-11.446;-32.694;1.00;141.85;
2025-11-20 18:00:34.46;0.00:00:10:812;1.00;0.00;0.00;0.07226;0.07168;-8.832E-05;0.0001102;-0.04;0.04;99.19;0.15;99.19;0.07226;0.07168;0.000582;-11.411;-11.446;-32.351;1.00;128.71;
2025-11-20 18:00:34.51;0.00:00:10:862;1.00;0.00;0.00;0.07258;0.07202;-8.776E-05;0.0001136;-0.03;0.05;99.22;0.16;99.22;0.07258;0.07202;0.0005646;-11.392;-11.425;-32.482;1.00;127.68;
2025-11-20 18:00:34.56;0.00:00:10:914;1.00;0.00;0.00;0.07266;0.0721;-9.833E-05;0.0001182;-0.04;0.05;99.23;0.16;99.23;0.07266;0.0721;0.0005572;-11.387;-11.421;-32.540;1.00;129.75;
2025-11-20 18:00:34.61;0.00:00:10:962;1.00;0.00;0.00;0.07269;0.07211;-6.632E-05;8.87E-05;-0.03;0.04;99.21;0.12;99.21;0.07269;0.07211;0.0005776;-11.385;-11.420;-32.384;1.00;126.78;
2025-11-20 18:00:34.66;0.00:00:11:013;1.00;0.00;0.00;0.07277;0.07223;-0.000138;0.0001289;-0.05;0.05;99.27;0.18;99.27;0.07277;0.07223;0.000534;-11.381;-11.413;-32.724;1.00;136.95;
2025-11-20 18:00:34.71;0.00:00:11:066;1.00;0.00;0.00;0.07267;0.07214;-0.0001092;0.0001129;-0.04;0.04;99.26;0.16;99.26;0.07267;0.07214;0.0005347;-11.386;-11.418;-32.719;1.00;134.04;
2025-11-20 18:00:34.76;0.00:00:11:118;1.00;0.00;0.00;0.07255;0.07198;-0.0001114;0.0001166;-0.04;0.05;99.21;0.16;99.21;0.07255;0.07198;0.00057;-11.394;-11.428;-32.441;1.00;133.71;
2025-11-20 18:00:34.82;0.00:00:11:176;1.00;0.00;0.00;0.07278;0.0722;-8.202E-05;0.0001107;-0.03;0.04;99.20;0.15;99.20;0.07278;0.0722;0.0005826;-11.380;-11.415;-32.346;1.00;126.52;
2025-11-20 18:00:34.87;0.00:00:11:228;1.00;0.00;0.00;0.07298;0.07243;-0.0001121;0.0001218;-0.04;0.05;99.25;0.17;99.25;0.07298;0.07243;0.0005497;-11.368;-11.401;-32.599;1.00;132.64;
2025-11-20 18:00:34.92;0.00:00:11:278;1.00;0.00;0.00;0.07294;0.07239;-0.0001301;0.0001249;-0.05;0.05;99.25;0.17;99.25;0.07294;0.07239;0.0005446;-11.370;-11.403;-32.639;1.00;136.17;
2025-11-20 18:00:34.97;0.00:00:11:329;1.00;0.00;0.00;0.07262;0.07206;-0.0001393;0.0001147;-0.06;0.05;99.23;0.16;99.23;0.07262;0.07206;0.0005568;-11.390;-11.423;-32.543;1.00;140.51;
2025-11-20 18:00:35.03;0.00:00:11:380;1.00;0.00;0.00;0.0727;0.07211;-7.551E-05;0.0001132;-0.03;0.04;99.19;0.16;99.19;0.0727;0.07211;0.0005918;-11.385;-11.420;-32.278;1.00;123.72;
2025-11-20 18:00:35.08;0.00:00:11:432;1.00;0.00;0.00;0.07312;0.07252;-8.635E-05;0.0001082;-0.03;0.04;99.18;0.15;99.18;0.07312;0.07252;0.0005985;-11.360;-11.396;-32.229;1.00;128.59;
2025-11-20 18:00:35.14;0.00:00:11:491;1.00;0.00;0.00;0.07307;0.07249;-6.929E-05;0.0001067;-0.03;0.04;99.20;0.15;99.20;0.07307;0.07249;0.0005817;-11.363;-11.397;-32.353;1.00;122.99;
2025-11-20 18:00:35.20;0.00:00:11:553;1.00;0.00;0.00;0.07304;0.07251;-0.0001739;0.0001321;-0.07;0.05;99.28;0.18;99.28;0.07304;0.07251;0.0005252;-11.364;-11.396;-32.796;1.00;142.78;
2025-11-20 18:00:35.25;0.00:00:11:605;1.00;0.00;0.00;0.07294;0.07238;-0.0001098;0.0001242;-0.04;0.05;99.22;0.17;99.22;0.07294;0.07238;0.0005659;-11.370;-11.404;-32.472;1.00;131.47;
2025-11-20 18:00:35.30;0.00:00:11:655;1.00;0.00;0.00;0.07284;0.07229;-0.000143;0.000115;-0.06;0.05;99.25;0.16;99.25;0.07284;0.07229;0.0005447;-11.376;-11.409;-32.638;1.00;141.18;
2025-11-20 18:00:35.35;0.00:00:11:707;1.00;0.00;0.00;0.07268;0.07214;-0.0001055;0.0001073;-0.04;0.04;99.25;0.15;99.25;0.07268;0.07214;0.0005425;-11.386;-11.418;-32.656;1.00;134.52;
2025-11-20 18:00:35.40;0.00:00:11:757;1.00;0.00;0.00;0.07284;0.07226;-9.193E-05;0.0001038;-0.04;0.04;99.20;0.14;99.20;0.07284;0.07226;0.0005844;-11.376;-11.411;-32.333;1.00;131.52;
2025-11-20 18:00:35.46;0.00:00:11:819;1.00;0.00;0.00;0.07287;0.07233;-0.0001315;0.0001281;-0.05;0.05;99.26;0.18;99.26;0.07287;0.07233;0.0005396;-11.374;-11.407;-32.680;1.00;135.75;
2025-11-20 18:00:35.51;0.00:00:11:867;1.00;0.00;0.00;0.07277;0.0722;-8.776E-05;0.0001156;-0.03;0.05;99.22;0.16;99.22;0.07277;0.0722;0.0005645;-11.381;-11.415;-32.483;1.00;127.21;
2025-11-20 18:00:35.56;0.00:00:11:914;1.00;0.00;0.00;0.07279;0.07223;-0.0001134;0.0001205;-0.04;0.05;99.23;0.17;99.22;0.07279;0.07223;0.0005641;-11.379;-11.413;-32.486;1.00;133.26;
2025-11-20 18:00:35.61;0.00:00:11:967;1.00;0.00;0.00;0.07282;0.07224;-8.009E-05;0.0001052;-0.03;0.04;99.20;0.14;99.20;0.07282;0.07224;0.0005812;-11.377;-11.412;-32.357;1.00;127.28;
2025-11-20 18:00:35.67;0.00:00:12:022;1.00;0.00;0.00;0.07291;0.07233;-7.239E-05;0.000102;-0.03;0.04;99.20;0.14;99.20;0.07291;0.07233;0.0005801;-11.372;-11.407;-32.365;1.00;125.37;
2025-11-20 18:00:35.72;0.00:00:12:071;1.00;0.00;0.00;0.07303;0.07247;-0.0001245;0.000105;-0.05;0.04;99.22;0.14;99.22;0.07303;0.07247;0.000567;-11.365;-11.399;-32.464;1.00;139.87;
2025-11-20 18:00:35.76;0.00:00:12:116;1.00;0.00;0.00;0.07319;0.07261;-6.992E-05;0.0001276;-0.03;0.05;99.21;0.17;99.21;0.07319;0.07261;0.0005807;-11.355;-11.390;-32.360;1.00;118.72;
2025-11-20 18:00:35.81;0.00:00:12:165;1.00;0.00;0.00;0.0732;0.07264;-0.0001107;0.0001149;-0.04;0.05;99.23;0.16;99.23;0.0732;0.07264;0.0005658;-11.355;-11.388;-32.473;1.00;133.94;
2025-11-20 18:00:35.86;0.00:00:12:211;1.00;0.00;0.00;0.07297;0.07244;-0.0001352;0.0001257;-0.05;0.05;99.27;0.17;99.27;0.07297;0.07244;0.0005315;-11.369;-11.400;-32.745;1.00;137.10;
2025-11-20 18:00:35.90;0.00:00:12:258;1.00;0.00;0.00;0.07275;0.07222;-0.0001468;0.0001234;-0.06;0.05;99.26;0.17;99.26;0.07275;0.07222;0.0005375;-11.381;-11.414;-32.696;1.00;139.95;
2025-11-20 18:00:35.95;0.00:00:12:304;1.00;0.00;0.00;0.07276;0.07217;-6.756E-05;0.000112;-0.03;0.04;99.19;0.15;99.19;0.07276;0.07217;0.0005907;-11.381;-11.416;-32.286;1.00;121.09;
2025-11-20 18:00:36.00;0.00:00:12:352;1.00;0.00;0.00;0.07267;0.07212;-0.0001272;0.0001184;-0.05;0.05;99.24;0.16;99.24;0.07267;0.07212;0.0005497;-11.386;-11.419;-32.599;1.00;137.06;
2025-11-20 18:00:36.05;0.00:00:12:400;1.00;0.00;0.00;0.07265;0.07211;-0.0001154;0.0001145;-0.05;0.05;99.27;0.16;99.27;0.07265;0.07211;0.0005311;-11.388;-11.420;-32.748;1.00;135.21;
2025-11-20 18:00:36.09;0.00:00:12:446;1.00;0.00;0.00;0.07275;0.07221;-0.0001234;0.0001358;-0.05;0.05;99.25;0.19;99.25;0.07275;0.07221;0.0005467;-11.381;-11.414;-32.622;1.00;132.26;
2025-11-20 18:00:36.14;0.00:00:12:492;1.00;0.00;0.00;0.07268;0.0721;-0.0001068;0.0001208;-0.04;0.05;99.21;0.17;99.21;0.07268;0.0721;0.0005724;-11.386;-11.420;-32.423;1.00;131.49;
2025-11-20 18:00:36.18;0.00:00:12:539;1.00;0.00;0.00;0.07256;0.07202;-0.0001363;0.0001129;-0.05;0.04;99.26;0.16;99.26;0.07256;0.07202;0.0005362;-11.393;-11.425;-32.706;1.00;140.37;
2025-11-20 18:00:36.23;0.00:00:12:585;1.00;0.00;0.00;0.07268;0.07211;-8.648E-05;0.0001108;-0.03;0.04;99.21;0.15;99.21;0.07268;0.07211;0.0005713;-11.386;-11.420;-32.431;1.00;127.98;
2025-11-20 18:00:36.28;0.00:00:12:634;1.00;0.00;0.00;0.07271;0.07216;-0.0001565;0.0001346;-0.06;0.05;99.25;0.19;99.25;0.07271;0.07216;0.0005472;-11.384;-11.417;-32.619;1.00;139.30;
2025-11-20 18:00:36.33;0.00:00:12:681;1.00;0.00;0.00;0.07245;0.07189;-0.0001325;0.0001272;-0.05;0.05;99.23;0.18;99.23;0.07245;0.07189;0.000557;-11.400;-11.433;-32.541;1.00;136.16;
2025-11-20 18:00:36.37;0.00:00:12:727;1.00;0.00;0.00;0.07254;0.07195;-6.809E-05;0.0001193;-0.03;0.05;99.19;0.16;99.19;0.07254;0.07195;0.0005893;-11.394;-11.429;-32.296;1.00;119.72;
2025-11-20 18:00:36.42;0.00:00:12:773;1.00;0.00;0.00;0.0726;0.07206;-9.813E-05;0.000125;-0.04;0.05;99.25;0.17;99.25;0.0726;0.07206;0.0005466;-11.390;-11.423;-32.623;1.00;128.13;
2025-11-20 18:00:36.46;0.00:00:12:820;1.00;0.00;0.00;0.07241;0.07183;-0.0001403;0.0001239;-0.06;0.05;99.21;0.17;99.21;0.07241;0.07183;0.0005727;-11.402;-11.437;-32.421;1.00;138.55;
2025-11-20 18:00:36.53;0.00:00:12:883;1.00;0.00;0.00;0.07233;0.07174;-9.056E-05;0.0001039;-0.04;0.04;99.19;0.14;99.19;0.07233;0.07174;0.0005831;-11.407;-11.442;-32.343;1.00;131.09;
2025-11-20 18:00:36.57;0.00:00:12:929;1.00;0.00;0.00;0.07278;0.07222;-0.0001091;0.0001123;-0.04;0.04;99.24;0.15;99.24;0.07278;0.07222;0.0005558;-11.380;-11.413;-32.551;1.00;134.19;
2025-11-20 18:00:36.62;0.00:00:12:975;1.00;0.00;0.00;0.07273;0.07217;-0.0001335;0.0001225;-0.05;0.05;99.24;0.17;99.24;0.07273;0.07217;0.0005556;-11.383;-11.416;-32.552;1.00;137.47;
2025-11-20 18:00:36.67;0.00:00:13:021;1.00;0.00;0.00;0.07288;0.07227;-6.471E-05;0.0001183;-0.03;0.05;99.17;0.16;99.17;0.07288;0.07227;0.0006022;-11.374;-11.410;-32.203;1.00;118.68;
2025-11-20 18:00:36.71;0.00:00:13:069;1.00;0.00;0.00;0.07291;0.07235;-0.0001476;0.0001178;-0.06;0.05;99.24;0.16;99.24;0.07291;0.07235;0.0005574;-11.372;-11.405;-32.538;1.00;141.40;
2025-11-20 18:00:36.76;0.00:00:13:117;1.00;0.00;0.00;0.07281;0.07224;-0.0001021;0.00011;-0.04;0.04;99.23;0.15;99.23;0.07281;0.07224;0.0005625;-11.378;-11.412;-32.499;1.00;132.87;
2025-11-20 18:00:36.81;0.00:00:13:163;1.00;0.00;0.00;0.07265;0.0721;-0.0001195;0.0001128;-0.05;0.04;99.24;0.16;99.24;0.07265;0.0721;0.0005553;-11.387;-11.421;-32.555;1.00;136.67;
2025-11-20 18:00:36.86;0.00:00:13:210;1.00;0.00;0.00;0.07266;0.0721;-0.0001273;0.0001134;-0.05;0.05;99.23;0.16;99.23;0.07266;0.0721;0.0005602;-11.387;-11.421;-32.517;1.00;138.30;
2025-11-20 18:00:36.90;0.00:00:13:259;1.00;0.00;0.00;0.07269;0.07213;-9.64E-05;0.0001137;-0.04;0.05;99.22;0.16;99.22;0.07269;0.07213;0.0005657;-11.385;-11.419;-32.474;1.00;130.31;
2025-11-20 18:00:36.95;0.00:00:13:305;1.00;0.00;0.00;0.07306;0.0725;-9.191E-05;0.0001023;-0.04;0.04;99.23;0.14;99.23;0.07306;0.0725;0.0005624;-11.363;-11.397;-32.500;1.00;131.95;
2025-11-20 18:00:37.00;0.00:00:13:353;1.00;0.00;0.00;0.07325;0.07266;-7.359E-05;0.0001169;-0.03;0.05;99.19;0.16;99.19;0.07325;0.07266;0.0005953;-11.352;-11.387;-32.253;1.00;122.19;
2025-11-20 18:00:37.04;0.00:00:13:399;1.00;0.00;0.00;0.07274;0.07222;-0.0001739;0.0001179;-0.07;0.05;99.29;0.16;99.29;0.07274;0.07222;0.0005185;-11.382;-11.413;-32.853;1.00;145.86;
2025-11-20 18:00:37.09;0.00:00:13:446;1.00;0.00;0.00;0.07266;0.07207;-7.253E-05;0.000107;-0.03;0.04;99.19;0.15;99.19;0.07266;0.07207;0.0005854;-11.387;-11.422;-32.325;1.00;124.14;
2025-11-20 18:00:37.14;0.00:00:13:495;1.00;0.00;0.00;0.07287;0.07227;-7.73E-05;0.0001023;-0.03;0.04;99.18;0.14;99.18;0.07287;0.07227;0.000599;-11.375;-11.410;-32.226;1.00;127.09;
2025-11-20 18:00:37.20;0.00:00:13:555;1.00;0.00;0.00;0.07302;0.07246;-9.319E-05;0.0001265;-0.04;0.05;99.23;0.17;99.23;0.07302;0.07246;0.0005589;-11.366;-11.399;-32.526;1.00;126.38;
2025-11-20 18:00:37.25;0.00:00:13:603;1.00;0.00;0.00;0.07286;0.07231;-0.0001047;0.0001105;-0.04;0.04;99.24;0.15;99.24;0.07286;0.07231;0.0005571;-11.375;-11.408;-32.541;1.00;133.45;
2025-11-20 18:00:37.30;0.00:00:13:654;1.00;0.00;0.00;0.07282;0.07226;-0.0001109;0.0001083;-0.04;0.04;99.24;0.15;99.24;0.07282;0.07226;0.0005514;-11.378;-11.411;-32.585;1.00;135.66;
2025-11-20 18:00:37.36;0.00:00:13:711;1.00;0.00;0.00;0.07256;0.07204;-0.0001446;0.0001127;-0.06;0.04;99.27;0.16;99.27;0.07256;0.07204;0.0005263;-11.393;-11.424;-32.788;1.00;142.06;
2025-11-20 18:00:37.40;0.00:00:13:759;1.00;0.00;0.00;0.07247;0.07192;-0.000111;9.95E-05;-0.04;0.04;99.24;0.14;99.24;0.07247;0.07192;0.0005515;-11.399;-11.432;-32.585;1.00;138.12;
2025-11-20 18:00:37.45;0.00:00:13:806;1.00;0.00;0.00;0.07275;0.07216;-6.663E-05;9.97E-05;-0.03;0.04;99.19;0.14;99.19;0.07275;0.07216;0.0005901;-11.382;-11.417;-32.291;1.00;123.76;
2025-11-20 18:00:37.50;0.00:00:13:853;1.00;0.00;0.00;0.0729;0.0723;-8.071E-05;0.0001176;-0.03;0.05;99.19;0.16;99.19;0.0729;0.0723;0.0005913;-11.373;-11.408;-32.282;1.00;124.46;
2025-11-20 18:00:37.55;0.00:00:13:905;1.00;0.00;0.00;0.0731;0.07252;-5.922E-05;0.0001171;-0.02;0.05;99.22;0.16;99.21;0.0731;0.07252;0.0005738;-11.361;-11.395;-32.413;1.00;116.82;
2025-11-20 18:00:37.61;0.00:00:13:967;1.00;0.00;0.00;0.0732;0.07266;-0.0001086;0.0001159;-0.04;0.05;99.26;0.16;99.26;0.0732;0.07266;0.0005436;-11.355;-11.387;-32.647;1.00;133.12;
2025-11-20 18:00:37.67;0.00:00:14:022;1.00;0.00;0.00;0.07289;0.07235;-8.205E-05;0.0001112;-0.03;0.04;99.25;0.15;99.25;0.07289;0.07235;0.0005491;-11.373;-11.406;-32.603;1.00;126.41;
2025-11-20 18:00:37.73;0.00:00:14:085;1.00;0.00;0.00;0.0728;0.07228;-0.0001855;0.000128;-0.07;0.05;99.28;0.18;99.28;0.0728;0.07228;0.0005275;-11.378;-11.410;-32.778;1.00;145.40;
2025-11-20 18:00:37.78;0.00:00:14:132;1.00;0.00;0.00;0.07271;0.07213;-7.082E-05;0.0001098;-0.03;0.04;99.19;0.15;99.19;0.07271;0.07213;0.0005892;-11.384;-11.419;-32.297;1.00;122.82;
2025-11-20 18:00:37.83;0.00:00:14:183;1.00;0.00;0.00;0.07289;0.07234;-0.0001328;0.0001177;-0.05;0.05;99.24;0.16;99.24;0.07289;0.07234;0.0005538;-11.373;-11.406;-32.566;1.00;138.46;
2025-11-20 18:00:37.87;0.00:00:14:229;1.00;0.00;0.00;0.07278;0.07223;-0.000135;0.0001269;-0.05;0.05;99.25;0.17;99.25;0.07278;0.07223;0.0005465;-11.380;-11.413;-32.624;1.00;136.76;
2025-11-20 18:00:37.92;0.00:00:14:279;1.00;0.00;0.00;0.07282;0.07227;-9.181E-05;0.0001207;-0.04;0.05;99.24;0.17;99.24;0.07282;0.07227;0.0005519;-11.377;-11.410;-32.582;1.00;127.25;
2025-11-20 18:00:37.98;0.00:00:14:335;1.00;0.00;0.00;0.07278;0.07222;-0.0001185;0.0001221;-0.05;0.05;99.23;0.17;99.23;0.07278;0.07222;0.0005625;-11.380;-11.414;-32.498;1.00;134.16;
2025-11-20 18:00:38.03;0.00:00:14:386;1.00;0.00;0.00;0.0727;0.07215;-9.639E-05;0.0001079;-0.04;0.04;99.24;0.15;99.24;0.0727;0.07215;0.0005517;-11.384;-11.418;-32.583;1.00;131.77;
2025-11-20 18:00:38.08;0.00:00:14:432;1.00;0.00;0.00;0.07279;0.07221;-8.348E-05;0.0001213;-0.03;0.05;99.21;0.17;99.21;0.07279;0.07221;0.0005765;-11.380;-11.414;-32.392;1.00;124.53;
2025-11-20 18:00:38.13;0.00:00:14:485;1.00;0.00;0.00;0.07314;0.07257;-8.516E-05;0.0001184;-0.03;0.05;99.21;0.16;99.21;0.07314;0.07257;0.0005748;-11.358;-11.393;-32.405;1.00;125.73;
2025-11-20 18:00:38.18;0.00:00:14:538;1.00;0.00;0.00;0.07303;0.07249;-0.0001502;0.0001282;-0.06;0.05;99.26;0.18;99.26;0.07303;0.07249;0.0005383;-11.365;-11.397;-32.690;1.00;139.52;
2025-11-20 18:00:38.25;0.00:00:14:601;1.00;0.00;0.00;0.07287;0.07231;-0.0001169;0.0001191;-0.05;0.05;99.23;0.16;99.23;0.07287;0.07231;0.0005597;-11.375;-11.408;-32.521;1.00;134.45;
2025-11-20 18:00:38.30;0.00:00:14:650;1.00;0.00;0.00;0.07267;0.07213;-0.0001159;0.0001222;-0.05;0.05;99.25;0.17;99.25;0.07267;0.07213;0.0005474;-11.386;-11.419;-32.617;1.00;133.48;
2025-11-20 18:00:38.34;0.00:00:14:699;1.00;0.00;0.00;0.07258;0.07199;-0.000109;0.0001102;-0.04;0.04;99.19;0.15;99.19;0.07258;0.07199;0.0005844;-11.392;-11.427;-32.333;1.00;134.68;
2025-11-20 18:00:38.40;0.00:00:14:751;1.00;0.00;0.00;0.07252;0.07199;-8.838E-05;0.0001186;-0.04;0.05;99.27;0.16;99.27;0.07252;0.07199;0.0005258;-11.396;-11.427;-32.792;1.00;126.69;
2025-11-20 18:00:38.45;0.00:00:14:804;1.00;0.00;0.00;0.07248;0.07193;-0.0001107;0.0001012;-0.04;0.04;99.24;0.14;99.24;0.07248;0.07193;0.0005527;-11.398;-11.431;-32.575;1.00;137.57;
2025-11-20 18:00:38.50;0.00:00:14:853;1.00;0.00;0.00;0.07287;0.07229;-0.0001199;0.0001145;-0.05;0.05;99.20;0.16;99.20;0.07287;0.07229;0.0005818;-11.374;-11.409;-32.352;1.00;136.32;
2025-11-20 18:00:38.54;0.00:00:14:899;1.00;0.00;0.00;0.0728;0.07223;-0.0001112;0.000115;-0.04;0.05;99.22;0.16;99.22;0.0728;0.07223;0.0005646;-11.379;-11.413;-32.483;1.00;134.02;
2025-11-20 18:00:38.60;0.00:00:14:957;1.00;0.00;0.00;0.0729;0.07233;-6.674E-05;0.0001127;-0.03;0.04;99.22;0.15;99.22;0.0729;0.07233;0.0005693;-11.373;-11.407;-32.447;1.00;120.62;
2025-11-20 18:00:38.65;0.00:00:15:007;1.00;0.00;0.00;0.07283;0.07232;-0.0001659;0.0001303;-0.07;0.05;99.30;0.18;99.30;0.07283;0.07232;0.0005096;-11.377;-11.407;-32.928;1.00;141.86;
2025-11-20 18:00:38.70;0.00:00:15:059;1.00;0.00;0.00;0.07267;0.07212;-0.0001036;0.0001169;-0.04;0.05;99.24;0.16;99.24;0.07267;0.07212;0.0005524;-11.387;-11.420;-32.577;1.00;131.54;
2025-11-20 18:00:38.75;0.00:00:15:109;1.00;0.00;0.00;0.07269;0.07213;-9.339E-05;0.0001155;-0.04;0.05;99.23;0.16;99.23;0.07269;0.07213;0.0005625;-11.385;-11.419;-32.499;1.00;128.95;
2025-11-20 18:00:38.80;0.00:00:15:159;1.00;0.00;0.00;0.07269;0.07215;-0.0001517;0.0001309;-0.06;0.05;99.26;0.18;99.26;0.07269;0.07215;0.0005401;-11.385;-11.418;-32.675;1.00;139.22;
2025-11-20 18:00:38.86;0.00:00:15:211;1.00;0.00;0.00;0.07252;0.07195;-8.937E-05;0.0001039;-0.04;0.04;99.21;0.14;99.21;0.07252;0.07195;0.0005735;-11.395;-11.430;-32.415;1.00;130.70;
2025-11-20 18:00:38.91;0.00:00:15:269;1.00;0.00;0.00;0.07262;0.07207;-0.0001305;0.0001106;-0.05;0.04;99.25;0.15;99.25;0.07262;0.07207;0.0005475;-11.390;-11.423;-32.616;1.00;139.71;
2025-11-20 18:00:38.97;0.00:00:15:327;1.00;0.00;0.00;0.07249;0.07195;-0.0001046;0.0001198;-0.04;0.05;99.26;0.17;99.26;0.07249;0.07195;0.0005386;-11.397;-11.430;-32.688;1.00;131.11;
2025-11-20 18:00:39.02;0.00:00:15:374;1.00;0.00;0.00;0.07239;0.07186;-0.0001452;0.0001151;-0.06;0.05;99.26;0.16;99.26;0.07239;0.07186;0.0005349;-11.403;-11.435;-32.717;1.00;141.60;
2025-11-20 18:00:39.07;0.00:00:15:424;1.00;0.00;0.00;0.07231;0.07175;-0.0001095;0.0001144;-0.04;0.05;99.23;0.16;99.23;0.07231;0.07175;0.0005533;-11.408;-11.441;-32.570;1.00;133.73;
2025-11-20 18:00:39.12;0.00:00:15:475;1.00;0.00;0.00;0.0727;0.0721;-7.291E-05;0.0001259;-0.03;0.05;99.17;0.17;99.17;0.0727;0.0721;0.0006006;-11.385;-11.421;-32.214;1.00;120.07;
2025-11-20 18:00:39.18;0.00:00:15:535;1.00;0.00;0.00;0.07258;0.07199;-7.343E-05;0.000116;-0.03;0.05;99.19;0.16;99.19;0.07258;0.07199;0.0005895;-11.392;-11.427;-32.295;1.00;122.33;
2025-11-20 18:00:39.24;0.00:00:15:594;1.00;0.00;0.00;0.07269;0.07213;-0.0001071;9.711E-05;-0.04;0.04;99.22;0.13;99.22;0.07269;0.07213;0.0005637;-11.385;-11.419;-32.490;1.00;137.80;
2025-11-20 18:00:39.29;0.00:00:15:649;1.00;0.00;0.00;0.07298;0.07239;-7.128E-05;0.0001062;-0.03;0.04;99.20;0.15;99.20;0.07298;0.07239;0.0005844;-11.368;-11.403;-32.333;1.00;123.87;
2025-11-20 18:00:39.34;0.00:00:15:700;1.00;0.00;0.00;0.07281;0.07224;-0.0001593;0.0001326;-0.06;0.05;99.21;0.18;99.21;0.07281;0.07224;0.0005747;-11.378;-11.412;-32.405;1.00;140.22;
2025-11-20 18:00:39.40;0.00:00:15:760;1.00;0.00;0.00;0.07278;0.07221;-6.95E-05;9.985E-05;-0.03;0.04;99.21;0.14;99.21;0.07278;0.07221;0.0005779;-11.380;-11.414;-32.381;1.00;124.84;
2025-11-20 18:00:39.46;0.00:00:15:811;1.00;0.00;0.00;0.07288;0.07233;-0.000101;0.0001069;-0.04;0.04;99.25;0.15;99.25;0.07288;0.07233;0.0005499;-11.374;-11.407;-32.597;1.00;133.37;
2025-11-20 18:00:39.51;0.00:00:15:870;1.00;0.00;0.00;0.07304;0.07246;-4.215E-05;0.0001027;-0.02;0.04;99.20;0.14;99.20;0.07304;0.07246;0.0005838;-11.364;-11.399;-32.337;1.00;112.32;
2025-11-20 18:00:39.56;0.00:00:15:917;1.00;0.00;0.00;0.07289;0.07236;-0.0001814;0.0001216;-0.07;0.05;99.27;0.17;99.27;0.07289;0.07236;0.0005304;-11.373;-11.405;-32.754;1.00;146.17;
2025-11-20 18:00:39.61;0.00:00:15:968;1.00;0.00;0.00;0.07265;0.0721;-0.0001511;0.0001195;-0.06;0.05;99.25;0.16;99.25;0.07265;0.0721;0.0005478;-11.388;-11.420;-32.614;1.00;141.68;
2025-11-20 18:00:39.67;0.00:00:16:027;1.00;0.00;0.00;0.07243;0.07188;-0.0001213;0.0001053;-0.05;0.04;99.24;0.15;99.24;0.07243;0.07188;0.0005497;-11.401;-11.434;-32.599;1.00;139.03;
2025-11-20 18:00:39.72;0.00:00:16:075;1.00;0.00;0.00;0.0727;0.0721;-6.931E-05;0.0001033;-0.03;0.04;99.18;0.14;99.18;0.0727;0.0721;0.0005996;-11.385;-11.421;-32.221;1.00;123.86;
2025-11-20 18:00:39.77;0.00:00:16:121;1.00;0.00;0.00;0.0729;0.07233;-7.224E-05;0.0001232;-0.03;0.05;99.22;0.17;99.22;0.0729;0.07233;0.0005706;-11.373;-11.407;-32.437;1.00;120.39;
2025-11-20 18:00:39.81;0.00:00:16:168;1.00;0.00;0.00;0.07279;0.07226;-0.0001553;0.0001195;-0.06;0.05;99.27;0.16;99.27;0.07279;0.07226;0.0005331;-11.379;-11.411;-32.732;1.00;142.42;
2025-11-20 18:00:39.86;0.00:00:16:216;1.00;0.00;0.00;0.07292;0.07241;-0.0001242;0.0001414;-0.05;0.06;99.29;0.19;99.29;0.07292;0.07241;0.0005162;-11.371;-11.402;-32.872;1.00;131.31;
2025-11-20 18:00:39.91;0.00:00:16:260;1.00;0.00;0.00;0.07278;0.07222;-9.926E-05;0.0001063;-0.04;0.04;99.22;0.15;99.22;0.07278;0.07222;0.0005672;-11.380;-11.414;-32.463;1.00;133.04;
2025-11-20 18:00:39.96;0.00:00:16:310;1.00;0.00;0.00;0.07284;0.07227;-0.0001082;0.0001124;-0.04;0.04;99.21;0.15;99.21;0.07284;0.07227;0.0005749;-11.376;-11.411;-32.404;1.00;133.92;
2025-11-20 18:00:40.01;0.00:00:16:368;1.00;0.00;0.00;0.07242;0.07187;-0.0001294;0.0001072;-0.05;0.04;99.23;0.15;99.23;0.07242;0.07187;0.0005568;-11.401;-11.435;-32.543;1.00;140.38;
2025-11-20 18:00:40.06;0.00:00:16:417;1.00;0.00;0.00;0.07275;0.07218;-8.983E-05;0.0001155;-0.04;0.05;99.21;0.16;99.21;0.07275;0.07218;0.0005776;-11.381;-11.416;-32.384;1.00;127.88;
2025-11-20 18:00:40.11;0.00:00:16:469;1.00;0.00;0.00;0.0727;0.07213;-0.0001231;0.0001106;-0.05;0.04;99.21;0.15;99.21;0.0727;0.07213;0.0005761;-11.385;-11.419;-32.395;1.00;138.08;
2025-11-20 18:00:40.17;0.00:00:16:528;1.00;0.00;0.00;0.07267;0.07207;-8.542E-05;0.0001045;-0.03;0.04;99.18;0.14;99.18;0.07267;0.07207;0.0005965;-11.386;-11.422;-32.244;1.00;129.27;
2025-11-20 18:00:40.22;0.00:00:16:573;1.00;0.00;0.00;0.07294;0.07235;-7.426E-05;0.0001157;-0.03;0.05;99.19;0.16;99.19;0.07294;0.07235;0.0005887;-11.370;-11.405;-32.301;1.00;122.69;
2025-11-20 18:00:40.27;0.00:00:16:621;1.00;0.00;0.00;0.07307;0.07247;-7.469E-05;9.877E-05;-0.03;0.04;99.18;0.14;99.18;0.07307;0.07247;0.0006004;-11.363;-11.399;-32.216;1.00;127.10;
2025-11-20 18:00:40.31;0.00:00:16:666;1.00;0.00;0.00;0.07322;0.07267;-0.0001475;0.0001353;-0.06;0.05;99.25;0.18;99.25;0.07322;0.07267;0.0005459;-11.354;-11.386;-32.629;1.00;137.48;
2025-11-20 18:00:40.36;0.00:00:16:713;1.00;0.00;0.00;0.07272;0.07221;-0.0002115;0.0001374;-0.08;0.05;99.30;0.19;99.30;0.07272;0.07221;0.000512;-11.383;-11.414;-32.907;1.00;146.99;
2025-11-20 18:00:40.40;0.00:00:16:760;1.00;0.00;0.00;0.07265;0.07207;-4.657E-05;0.0001116;-0.02;0.04;99.20;0.15;99.20;0.07265;0.07207;0.000578;-11.388;-11.423;-32.381;1.00;112.65;
2025-11-20 18:00:40.45;0.00:00:16:807;1.00;0.00;0.00;0.0727;0.07216;-0.0001196;0.0001198;-0.05;0.05;99.27;0.16;99.27;0.0727;0.07216;0.0005333;-11.385;-11.417;-32.730;1.00;134.96;
2025-11-20 18:00:40.50;0.00:00:16:854;1.00;0.00;0.00;0.07262;0.07206;-7.262E-05;0.0001108;-0.03;0.04;99.22;0.15;99.22;0.07262;0.07206;0.0005629;-11.389;-11.423;-32.495;1.00;123.23;
2025-11-20 18:00:40.55;0.00:00:16:902;1.00;0.00;0.00;0.07274;0.07215;-0.0001066;0.0001075;-0.04;0.04;99.19;0.15;99.19;0.07274;0.07215;0.0005914;-11.382;-11.418;-32.281;1.00;134.77;
2025-11-20 18:00:40.59;0.00:00:16:949;1.00;0.00;0.00;0.07279;0.07222;-0.000116;0.0001264;-0.05;0.05;99.23;0.17;99.23;0.07279;0.07222;0.0005635;-11.379;-11.413;-32.491;1.00;132.54;
2025-11-20 18:00:40.64;0.00:00:16:996;1.00;0.00;0.00;0.07275;0.07216;-5.538E-05;0.0001039;-0.02;0.04;99.20;0.14;99.20;0.07275;0.07216;0.0005846;-11.382;-11.417;-32.331;1.00;118.05;
2025-11-20 18:00:40.69;0.00:00:17:043;1.00;0.00;0.00;0.07295;0.07236;-0.0001178;0.0001188;-0.05;0.05;99.19;0.16;99.19;0.07295;0.07236;0.0005893;-11.370;-11.405;-32.297;1.00;134.77;
2025-11-20 18:00:40.74;0.00:00:17:090;1.00;0.00;0.00;0.07296;0.07236;-7.997E-05;0.0001035;-0.03;0.04;99.18;0.14;99.18;0.07296;0.07236;0.0005959;-11.369;-11.405;-32.248;1.00;127.68;
2025-11-20 18:00:40.78;0.00:00:17:137;1.00;0.00;0.00;0.07319;0.07263;-0.0001144;0.0001163;-0.05;0.05;99.23;0.16;99.23;0.07319;0.07263;0.0005604;-11.356;-11.389;-32.515;1.00;134.52;
2025-11-20 18:00:40.84;0.00:00:17:198;1.00;0.00;0.00;0.07297;0.07242;-0.0001265;0.0001163;-0.05;0.05;99.24;0.16;99.24;0.07297;0.07242;0.0005531;-11.369;-11.402;-32.572;1.00;137.40;
2025-11-20 18:00:40.89;0.00:00:17:244;1.00;0.00;0.00;0.07295;0.07239;-9.865E-05;0.0001163;-0.04;0.05;99.24;0.16;99.24;0.07295;0.07239;0.0005572;-11.370;-11.403;-32.540;1.00;130.32;
2025-11-20 18:00:40.94;0.00:00:17:291;1.00;0.00;0.00;0.07287;0.07231;-0.0001196;0.0001222;-0.05;0.05;99.23;0.17;99.23;0.07287;0.07231;0.0005596;-11.374;-11.408;-32.521;1.00;134.37;
2025-11-20 18:00:40.98;0.00:00:17:338;1.00;0.00;0.00;0.07298;0.07246;-0.0001265;0.0001162;-0.05;0.05;99.28;0.16;99.28;0.07298;0.07246;0.0005224;-11.368;-11.399;-32.820;1.00;137.45;
2025-11-20 18:00:41.03;0.00:00:17:385;1.00;0.00;0.00;0.07282;0.07227;-0.0001392;0.0001311;-0.06;0.05;99.23;0.18;99.23;0.07282;0.07227;0.0005573;-11.377;-11.411;-32.539;1.00;136.73;
2025-11-20 18:00:41.08;0.00:00:17:432;1.00;0.00;0.00;0.07302;0.0725;-0.0001536;0.0001305;-0.06;0.05;99.28;0.18;99.28;0.07302;0.0725;0.0005226;-11.365;-11.397;-32.818;1.00;139.66;
2025-11-20 18:00:41.12;0.00:00:17:478;1.00;0.00;0.00;0.07287;0.07231;-0.0001368;0.0001383;-0.05;0.05;99.23;0.19;99.23;0.07287;0.07231;0.0005599;-11.374;-11.408;-32.519;1.00;134.69;
2025-11-20 18:00:41.17;0.00:00:17:529;1.00;0.00;0.00;0.07282;0.07225;-8.599E-05;0.0001063;-0.03;0.04;99.22;0.15;99.22;0.07282;0.07225;0.0005715;-11.377;-11.412;-32.430;1.00;128.98;
2025-11-20 18:00:41.23;0.00:00:17:588;1.00;0.00;0.00;0.07288;0.07231;-9.46E-05;9.962E-05;-0.04;0.04;99.22;0.14;99.22;0.07288;0.07231;0.0005686;-11.374;-11.408;-32.452;1.00;133.52;
2025-11-20 18:00:41.28;0.00:00:17:634;1.00;0.00;0.00;0.07238;0.07178;-5.441E-05;0.0001122;-0.02;0.04;99.16;0.16;99.16;0.07238;0.07178;0.0006048;-11.404;-11.440;-32.184;1.00;115.87;
2025-11-20 18:00:41.33;0.00:00:17:680;1.00;0.00;0.00;0.07243;0.07185;-9.679E-05;0.0001087;-0.04;0.04;99.19;0.15;99.19;0.07243;0.07185;0.0005834;-11.401;-11.436;-32.340;1.00;131.67;
2025-11-20 18:00:41.37;0.00:00:17:727;1.00;0.00;0.00;0.07267;0.07209;-4.026E-05;0.0001036;-0.02;0.04;99.20;0.14;99.20;0.07267;0.07209;0.0005799;-11.386;-11.421;-32.366;1.00;111.23;
2025-11-20 18:00:41.42;0.00:00:17:776;1.00;0.00;0.00;0.07261;0.07206;-0.0001268;0.0001185;-0.05;0.05;99.24;0.16;99.24;0.07261;0.07206;0.0005518;-11.390;-11.423;-32.582;1.00;136.93;
2025-11-20 18:00:41.47;0.00:00:17:821;1.00;0.00;0.00;0.07269;0.07211;-9.273E-05;0.0001216;-0.04;0.05;99.20;0.17;99.20;0.07269;0.07211;0.0005843;-11.385;-11.420;-32.333;1.00;127.32;
2025-11-20 18:00:41.53;0.00:00:17:883;1.00;0.00;0.00;0.0731;0.07252;-5.863E-05;0.0001153;-0.02;0.05;99.21;0.16;99.21;0.0731;0.07252;0.0005787;-11.361;-11.396;-32.375;1.00;116.96;
2025-11-20 18:00:41.57;0.00:00:17:929;1.00;0.00;0.00;0.07307;0.0725;-0.0001141;0.0001215;-0.05;0.05;99.22;0.17;99.22;0.07307;0.0725;0.0005711;-11.363;-11.397;-32.433;1.00;133.19;
2025-11-20 18:00:41.62;0.00:00:17:976;1.00;0.00;0.00;0.07278;0.07218;-6.519E-05;0.0001021;-0.03;0.04;99.17;0.14;99.17;0.07278;0.07218;0.000603;-11.380;-11.416;-32.197;1.00;122.55;
2025-11-20 18:00:41.67;0.00:00:18:024;1.00;0.00;0.00;0.07294;0.07241;-0.0001065;0.000108;-0.04;0.04;99.27;0.15;99.27;0.07294;0.07241;0.0005325;-11.370;-11.402;-32.737;1.00;134.61;
2025-11-20 18:00:41.72;0.00:00:18:071;1.00;0.00;0.00;0.07296;0.0724;-8.584E-05;0.0001159;-0.03;0.05;99.24;0.16;99.24;0.07296;0.0724;0.0005551;-11.369;-11.403;-32.556;1.00;126.53;
2025-11-20 18:00:41.76;0.00:00:18:117;1.00;0.00;0.00;0.07264;0.07206;-0.0001056;0.0001204;-0.04;0.05;99.20;0.17;99.20;0.07264;0.07206;0.0005806;-11.388;-11.423;-32.361;1.00;131.26;
2025-11-20 18:00:41.81;0.00:00:18:169;1.00;0.00;0.00;0.07275;0.0722;-6.272E-05;0.0001234;-0.02;0.05;99.24;0.17;99.24;0.07275;0.0722;0.0005556;-11.382;-11.415;-32.552;1.00;116.95;
2025-11-20 18:00:41.87;0.00:00:18:227;1.00;0.00;0.00;0.07286;0.0723;-0.0001101;0.0001269;-0.04;0.05;99.22;0.17;99.22;0.07286;0.0723;0.0005658;-11.375;-11.409;-32.474;1.00;130.94;
2025-11-20 18:00:41.92;0.00:00:18:273;1.00;0.00;0.00;0.07272;0.07216;-0.0001211;0.0001165;-0.05;0.05;99.22;0.16;99.22;0.07272;0.07216;0.0005683;-11.383;-11.417;-32.454;1.00;136.12;
2025-11-20 18:00:41.97;0.00:00:18:320;1.00;0.00;0.00;0.07286;0.07225;1.273E-05;0.000102;0.01;0.04;99.16;0.14;99.16;0.07286;0.07225;0.0006098;-11.375;-11.412;-32.148;1.00;82.89;
2025-11-20 18:00:42.01;0.00:00:18:367;1.00;0.00;0.00;0.07309;0.07253;-0.000131;0.0001249;-0.05;0.05;99.23;0.17;99.23;0.07309;0.07253;0.0005594;-11.362;-11.395;-32.523;1.00;136.36;
2025-11-20 18:00:42.06;0.00:00:18:416;1.00;0.00;0.00;0.07285;0.07227;-0.0001258;0.0001135;-0.05;0.05;99.22;0.16;99.22;0.07285;0.07228;0.0005701;-11.376;-11.410;-32.440;1.00;137.93;
2025-11-20 18:00:42.11;0.00:00:18:462;1.00;0.00;0.00;0.0729;0.07231;-7.203E-05;0.0001065;-0.03;0.04;99.18;0.15;99.18;0.0729;0.07231;0.0005942;-11.373;-11.408;-32.261;1.00;124.07;
2025-11-20 18:00:42.17;0.00:00:18:522;1.00;0.00;0.00;0.07268;0.07215;-0.0001944;0.0001193;-0.08;0.05;99.27;0.16;99.27;0.07268;0.07215;0.0005286;-11.386;-11.418;-32.768;1.00;148.47;
2025-11-20 18:00:42.21;0.00:00:18:569;1.00;0.00;0.00;0.07255;0.07198;-0.0001103;0.000114;-0.04;0.05;99.22;0.16;99.22;0.07255;0.07198;0.0005623;-11.394;-11.428;-32.501;1.00;134.05;
2025-11-20 18:00:42.26;0.00:00:18:616;1.00;0.00;0.00;0.07266;0.0721;-9.804E-05;0.0001218;-0.04;0.05;99.24;0.17;99.24;0.07266;0.0721;0.0005557;-11.387;-11.421;-32.552;1.00;128.84;
2025-11-20 18:00:42.31;0.00:00:18:662;1.00;0.00;0.00;0.07267;0.07208;-7.495E-05;0.0001161;-0.03;0.05;99.18;0.16;99.18;0.07267;0.07208;0.0005933;-11.386;-11.422;-32.267;1.00;122.85;
2025-11-20 18:00:42.35;0.00:00:18:709;1.00;0.00;0.00;0.07282;0.07224;-0.0001106;0.0001307;-0.04;0.05;99.21;0.18;99.21;0.07282;0.07224;0.000576;-11.378;-11.412;-32.396;1.00;130.24;
2025-11-20 18:00:42.40;0.00:00:18:756;1.00;0.00;0.00;0.07292;0.07234;-6.901E-05;0.0001284;-0.03;0.05;99.21;0.18;99.21;0.07292;0.07235;0.0005794;-11.371;-11.406;-32.371;1.00;118.26;
2025-11-20 18:00:42.45;0.00:00:18:806;1.00;0.00;0.00;0.07284;0.07228;-8.811E-05;0.0001083;-0.03;0.04;99.22;0.15;99.22;0.07284;0.07228;0.0005667;-11.376;-11.410;-32.467;1.00;129.12;
2025-11-20 18:00:42.51;0.00:00:18:865;1.00;0.00;0.00;0.07289;0.07234;-0.0001048;0.0001112;-0.04;0.04;99.25;0.15;99.25;0.07289;0.07234;0.000549;-11.373;-11.406;-32.604;1.00;133.31;
2025-11-20 18:00:42.56;0.00:00:18:912;1.00;0.00;0.00;0.07298;0.07238;-7.543E-05;0.0001076;-0.03;0.04;99.19;0.15;99.19;0.07298;0.07238;0.0005927;-11.368;-11.404;-32.272;1.00;125.04;
2025-11-20 18:00:42.60;0.00:00:18:960;1.00;0.00;0.00;0.07309;0.07255;-0.0001396;0.0001302;-0.06;0.05;99.26;0.18;99.26;0.07309;0.07255;0.0005421;-11.361;-11.394;-32.659;1.00;137.01;
2025-11-20 18:00:42.65;0.00:00:19:007;1.00;0.00;0.00;0.07284;0.07231;-0.0001503;0.0001312;-0.06;0.05;99.28;0.18;99.28;0.07284;0.07231;0.0005234;-11.377;-11.408;-32.811;1.00;138.88;
2025-11-20 18:00:42.70;0.00:00:19:053;1.00;0.00;0.00;0.07259;0.07206;-0.0001338;0.0001204;-0.05;0.05;99.27;0.17;99.27;0.07259;0.07206;0.0005287;-11.391;-11.423;-32.768;1.00;138.02;
2025-11-20 18:00:42.74;0.00:00:19:100;1.00;0.00;0.00;0.0725;0.07191;-6.539E-05;9.305E-05;-0.03;0.04;99.19;0.13;99.19;0.0725;0.07191;0.000589;-11.397;-11.432;-32.299;1.00;125.10;
2025-11-20 18:00:42.79;0.00:00:19:146;1.00;0.00;0.00;0.07275;0.07217;-5.649E-05;0.0001099;-0.02;0.04;99.21;0.15;99.21;0.07275;0.07217;0.0005769;-11.382;-11.416;-32.389;1.00;117.20;
2025-11-20 18:00:42.84;0.00:00:19:193;1.00;0.00;0.00;0.07307;0.07245;-4.747E-05;0.0001071;-0.02;0.04;99.16;0.15;99.16;0.07307;0.07245;0.0006119;-11.363;-11.399;-32.133;1.00;113.91;
2025-11-20 18:00:42.90;0.00:00:19:254;1.00;0.00;0.00;0.07276;0.07221;-0.000148;0.0001149;-0.06;0.05;99.25;0.16;99.25;0.07276;0.07221;0.0005476;-11.381;-11.414;-32.616;1.00;142.19;
2025-11-20 18:00:42.95;0.00:00:19:302;1.00;0.00;0.00;0.07277;0.07219;-0.0001104;0.0001122;-0.04;0.04;99.21;0.15;99.21;0.07277;0.07219;0.000573;-11.381;-11.415;-32.418;1.00;134.52;
2025-11-20 18:00:43.00;0.00:00:19:350;1.00;0.00;0.00;0.07282;0.07224;-9.578E-05;0.0001227;-0.04;0.05;99.21;0.17;99.21;0.07282;0.07224;0.0005738;-11.378;-11.412;-32.413;1.00;127.97;
2025-11-20 18:00:43.04;0.00:00:19:397;1.00;0.00;0.00;0.07259;0.07207;-0.000171;0.0001107;-0.07;0.04;99.28;0.15;99.28;0.07259;0.07207;0.0005238;-11.391;-11.422;-32.809;1.00;147.10;
2025-11-20 18:00:43.09;0.00:00:19:444;1.00;0.00;0.00;0.0726;0.07208;-0.0001743;0.0001235;-0.07;0.05;99.29;0.17;99.29;0.0726;0.07208;0.000519;-11.390;-11.422;-32.848;1.00;144.67;
2025-11-20 18:00:43.15;0.00:00:19:504;1.00;0.00;0.00;0.07253;0.07193;-8.879E-05;0.0001154;-0.04;0.05;99.18;0.16;99.18;0.07253;0.07193;0.0005912;-11.395;-11.431;-32.283;1.00;127.57;
2025-11-20 18:00:43.20;0.00:00:19:552;1.00;0.00;0.00;0.07257;0.07202;-0.0001343;0.0001274;-0.05;0.05;99.24;0.18;99.24;0.07257;0.07202;0.0005525;-11.392;-11.426;-32.577;1.00;136.51;
2025-11-20 18:00:43.25;0.00:00:19:600;1.00;0.00;0.00;0.0725;0.07192;-0.0001187;0.0001045;-0.05;0.04;99.19;0.14;99.19;0.0725;0.07192;0.0005863;-11.396;-11.432;-32.319;1.00;138.65;
2025-11-20 18:00:43.29;0.00:00:19:646;1.00;0.00;0.00;0.07273;0.07215;-8.591E-05;0.0001175;-0.03;0.05;99.20;0.16;99.20;0.07273;0.07215;0.0005848;-11.383;-11.418;-32.330;1.00;126.17;
2025-11-20 18:00:43.34;0.00:00:19:693;1.00;0.00;0.00;0.07275;0.0722;-0.0001278;0.0001283;-0.05;0.05;99.24;0.18;99.24;0.07275;0.0722;0.0005514;-11.382;-11.415;-32.585;1.00;134.87;
2025-11-20 18:00:43.38;0.00:00:19:740;1.00;0.00;0.00;0.07283;0.07224;-8.897E-05;0.0001118;-0.04;0.04;99.19;0.15;99.19;0.07283;0.07224;0.0005882;-11.377;-11.412;-32.305;1.00;128.52;
2025-11-20 18:00:43.43;0.00:00:19:786;1.00;0.00;0.00;0.07302;0.07242;-7.799E-05;0.0001137;-0.03;0.04;99.19;0.16;99.19;0.07302;0.07242;0.0005945;-11.366;-11.401;-32.259;1.00;124.46;
2025-11-20 18:00:43.48;0.00:00:19:836;1.00;0.00;0.00;0.07308;0.0725;-0.0001074;0.0001083;-0.04;0.04;99.21;0.15;99.21;0.07308;0.0725;0.0005797;-11.362;-11.397;-32.368;1.00;134.75;
2025-11-20 18:00:43.54;0.00:00:19:895;1.00;0.00;0.00;0.07309;0.07254;-0.0001191;0.0001371;-0.05;0.05;99.24;0.19;99.24;0.07309;0.07254;0.0005589;-11.361;-11.394;-32.527;1.00;130.98;
2025-11-20 18:00:43.59;0.00:00:19:943;1.00;0.00;0.00;0.07299;0.07242;-0.0001207;0.0001321;-0.05;0.05;99.22;0.18;99.22;0.07299;0.07242;0.0005697;-11.368;-11.402;-32.444;1.00;132.42;
2025-11-20 18:00:43.64;0.00:00:19:994;1.00;0.00;0.00;0.07294;0.07238;-9.725E-05;0.0001098;-0.04;0.04;99.24;0.15;99.24;0.07294;0.07238;0.0005564;-11.370;-11.404;-32.546;1.00;131.54;
2025-11-20 18:00:43.70;0.00:00:20:053;1.00;0.00;0.00;0.07284;0.07226;-8.37E-05;0.0001133;-0.03;0.04;99.21;0.16;99.21;0.07284;0.07226;0.0005724;-11.377;-11.411;-32.423;1.00;126.45;
2025-11-20 18:00:43.74;0.00:00:20:099;1.00;0.00;0.00;0.073;0.0724;-5.774E-05;0.0001081;-0.02;0.04;99.18;0.15;99.18;0.073;0.0724;0.0005994;-11.367;-11.403;-32.223;1.00;118.11;
2025-11-20 18:00:43.79;0.00:00:20:146;1.00;0.00;0.00;0.07248;0.07196;-0.0001747;0.0001163;-0.07;0.05;99.28;0.16;99.28;0.07248;0.07196;0.0005238;-11.398;-11.429;-32.808;1.00;146.34;
2025-11-20 18:00:43.84;0.00:00:20:193;1.00;0.00;0.00;0.07263;0.07203;-4.463E-05;0.0001029;-0.02;0.04;99.17;0.14;99.17;0.07263;0.07203;0.0006055;-11.389;-11.425;-32.179;1.00;113.45;
2025-11-20 18:00:43.89;0.00:00:20:240;1.00;0.00;0.00;0.07286;0.07227;-7.444E-05;0.0001151;-0.03;0.05;99.19;0.16;99.19;0.07286;0.07227;0.0005891;-11.375;-11.410;-32.298;1.00;122.90;
2025-11-20 18:00:43.93;0.00:00:20:288;1.00;0.00;0.00;0.07275;0.07223;-0.0001239;0.0001271;-0.05;0.05;99.28;0.17;99.28;0.07275;0.07223;0.0005244;-11.382;-11.413;-32.804;1.00;134.28;
2025-11-20 18:00:43.98;0.00:00:20:334;1.00;0.00;0.00;0.07263;0.07209;-0.0001145;0.000125;-0.05;0.05;99.26;0.17;99.26;0.07263;0.07209;0.0005392;-11.389;-11.421;-32.682;1.00;132.48;
2025-11-20 18:00:44.03;0.00:00:20:383;1.00;0.00;0.00;0.07266;0.07205;-7.206E-05;0.0001032;-0.03;0.04;99.16;0.14;99.16;0.07266;0.07205;0.0006123;-11.387;-11.424;-32.131;1.00;124.92;
2025-11-20 18:00:44.07;0.00:00:20:429;1.00;0.00;0.00;0.07274;0.0722;-0.0001039;0.0001123;-0.04;0.04;99.25;0.15;99.25;0.07274;0.0722;0.0005433;-11.382;-11.415;-32.650;1.00;132.77;
2025-11-20 18:00:44.12;0.00:00:20:477;1.00;0.00;0.00;0.07275;0.07221;-8.834E-05;0.0001107;-0.04;0.04;99.25;0.15;99.25;0.07275;0.07221;0.0005434;-11.381;-11.414;-32.649;1.00;128.58;
2025-11-20 18:00:44.18;0.00:00:20:538;1.00;0.00;0.00;0.07283;0.07229;-0.0001148;0.0001215;-0.05;0.05;99.26;0.17;99.26;0.07283;0.07229;0.0005359;-11.377;-11.409;-32.710;1.00;133.38;
2025-11-20 18:00:44.23;0.00:00:20:585;1.00;0.00;0.00;0.07271;0.07222;-0.0001709;0.0001286;-0.07;0.05;99.33;0.18;99.33;0.07271;0.07222;0.0004898;-11.384;-11.413;-33.099;1.00;143.04;
2025-11-20 18:00:44.28;0.00:00:20:632;1.00;0.00;0.00;0.07245;0.07186;-9.144E-05;0.0001189;-0.04;0.05;99.18;0.16;99.18;0.07245;0.07186;0.0005962;-11.399;-11.435;-32.246;1.00;127.57;
2025-11-20 18:00:44.32;0.00:00:20:679;1.00;0.00;0.00;0.0726;0.07203;-5.805E-05;0.0001135;-0.02;0.05;99.22;0.16;99.22;0.0726;0.07203;0.0005675;-11.391;-11.425;-32.460;1.00;117.08;
2025-11-20 18:00:44.37;0.00:00:20:726;1.00;0.00;0.00;0.07269;0.07211;-0.0001286;0.0001193;-0.05;0.05;99.19;0.16;99.19;0.07269;0.07211;0.0005856;-11.385;-11.420;-32.324;1.00;137.16;
2025-11-20 18:00:44.43;0.00:00:20:780;1.00;0.00;0.00;0.07278;0.07217;-4.856E-05;0.0001031;-0.02;0.04;99.17;0.14;99.17;0.07278;0.07217;0.0006066;-11.380;-11.416;-32.171;1.00;115.21;
2025-11-20 18:00:44.48;0.00:00:20:836;1.00;0.00;0.00;0.07288;0.07232;-0.0001296;0.0001242;-0.05;0.05;99.22;0.17;99.22;0.07288;0.07232;0.0005674;-11.374;-11.408;-32.461;1.00;136.23;
2025-11-20 18:00:44.53;0.00:00:20:884;1.00;0.00;0.00;0.07285;0.07227;-8.296E-05;0.0001018;-0.03;0.04;99.20;0.14;99.20;0.07285;0.07227;0.0005795;-11.376;-11.411;-32.370;1.00;129.19;
2025-11-20 18:00:44.58;0.00:00:20:930;1.00;0.00;0.00;0.07331;0.07277;-0.0001308;0.0001336;-0.05;0.05;99.26;0.18;99.26;0.07331;0.07277;0.0005397;-11.348;-11.381;-32.678;1.00;134.39;
2025-11-20 18:00:44.62;0.00:00:20:977;1.00;0.00;0.00;0.07297;0.07243;-0.0001607;0.0001306;-0.06;0.05;99.26;0.18;99.26;0.07297;0.07243;0.0005407;-11.369;-11.401;-32.670;1.00;140.89;
2025-11-20 18:00:44.67;0.00:00:21:024;1.00;0.00;0.00;0.0728;0.07222;-0.0001305;0.0001187;-0.05;0.05;99.20;0.16;99.20;0.0728;0.07222;0.0005793;-11.379;-11.414;-32.371;1.00;137.71;
2025-11-20 18:00:44.72;0.00:00:21:071;1.00;0.00;0.00;0.07278;0.07217;-7.872E-05;0.0001103;-0.03;0.04;99.16;0.15;99.16;0.07278;0.07217;0.0006135;-11.380;-11.416;-32.122;1.00;125.51;
2025-11-20 18:00:44.76;0.00:00:21:118;1.00;0.00;0.00;0.07291;0.07232;-8.976E-05;0.0001072;-0.04;0.04;99.18;0.15;99.18;0.07291;0.07232;0.0005955;-11.372;-11.408;-32.251;1.00;129.94;
2025-11-20 18:00:44.81;0.00:00:21:165;1.00;0.00;0.00;0.073;0.07246;-0.0001669;0.0001328;-0.07;0.05;99.25;0.18;99.25;0.073;0.07246;0.0005469;-11.366;-11.399;-32.621;1.00;141.50;
2025-11-20 18:00:44.86;0.00:00:21:218;1.00;0.00;0.00;0.07262;0.07209;-0.0001671;0.0001229;-0.07;0.05;99.27;0.17;99.27;0.07262;0.07209;0.0005319;-11.389;-11.421;-32.742;1.00;143.66;
2025-11-20 18:00:44.92;0.00:00:21:274;1.00;0.00;0.00;0.07241;0.07185;-8.396E-05;0.0001053;-0.03;0.04;99.23;0.15;99.22;0.07241;0.07185;0.0005611;-11.402;-11.436;-32.509;1.00;128.58;
2025-11-20 18:00:44.97;0.00:00:21:320;1.00;0.00;0.00;0.07251;0.07193;-9.186E-05;0.0001011;-0.04;0.04;99.20;0.14;99.20;0.07251;0.07193;0.0005793;-11.396;-11.431;-32.371;1.00;132.26;
2025-11-20 18:00:45.01;0.00:00:21:368;1.00;0.00;0.00;0.07301;0.07241;-1.758E-05;0.0001174;-0.01;0.05;99.17;0.16;99.17;0.07301;0.07241;0.0006076;-11.366;-11.402;-32.164;1.00;98.52;
2025-11-20 18:00:45.06;0.00:00:21:414;1.00;0.00;0.00;0.07314;0.07257;-0.0001113;0.0001298;-0.04;0.05;99.22;0.18;99.22;0.07314;0.07257;0.0005703;-11.358;-11.392;-32.439;1.00;130.63;
2025-11-20 18:00:45.12;0.00:00:21:476;1.00;0.00;0.00;0.07299;0.07244;-0.0001409;0.0001207;-0.06;0.05;99.25;0.17;99.25;0.07299;0.07244;0.0005493;-11.367;-11.400;-32.602;1.00;139.42;
2025-11-20 18:00:45.17;0.00:00:21:522;1.00;0.00;0.00;0.07276;0.0722;-0.0001293;0.0001188;-0.05;0.05;99.24;0.16;99.24;0.07276;0.0722;0.0005563;-11.381;-11.414;-32.547;1.00;137.42;
2025-11-20 18:00:45.21;0.00:00:21:569;1.00;0.00;0.00;0.07285;0.07223;-7.138E-05;0.0001055;-0.03;0.04;99.14;0.14;99.14;0.07285;0.07223;0.0006234;-11.376;-11.413;-32.053;1.00;124.09;
2025-11-20 18:00:45.26;0.00:00:21:616;1.00;0.00;0.00;0.07323;0.07267;-0.0001181;0.0001308;-0.05;0.05;99.24;0.18;99.24;0.07323;0.07267;0.0005584;-11.353;-11.386;-32.530;1.00;132.08;
2025-11-20 18:00:45.31;0.00:00:21:663;1.00;0.00;0.00;0.07322;0.07266;-0.0001283;0.0001399;-0.05;0.06;99.23;0.19;99.23;0.07322;0.07266;0.0005609;-11.353;-11.387;-32.511;1.00;132.53;
2025-11-20 18:00:45.36;0.00:00:21:711;1.00;0.00;0.00;0.07262;0.07206;-0.0001099;0.0001258;-0.04;0.05;99.23;0.17;99.23;0.07262;0.07206;0.0005589;-11.389;-11.423;-32.526;1.00;131.14;
2025-11-20 18:00:45.42;0.00:00:21:772;1.00;0.00;0.00;0.07252;0.07198;-0.0001442;0.000124;-0.06;0.05;99.26;0.17;99.26;0.07252;0.07198;0.0005373;-11.395;-11.428;-32.697;1.00;139.30;
2025-11-20 18:00:45.46;0.00:00:21:818;1.00;0.00;0.00;0.07261;0.07204;-7.251E-05;0.0001087;-0.03;0.04;99.21;0.15;99.21;0.07261;0.07204;0.000573;-11.390;-11.424;-32.418;1.00;123.71;
2025-11-20 18:00:45.51;0.00:00:21:863;1.00;0.00;0.00;0.07278;0.07221;-0.0001033;0.0001209;-0.04;0.05;99.21;0.17;99.21;0.07278;0.07221;0.0005753;-11.380;-11.414;-32.401;1.00;130.50;
2025-11-20 18:00:45.56;0.00:00:21:914;1.00;0.00;0.00;0.07257;0.07201;-7.917E-05;0.0001051;-0.03;0.04;99.23;0.14;99.23;0.07257;0.07201;0.0005597;-11.392;-11.426;-32.521;1.00;127.00;
2025-11-20 18:00:45.62;0.00:00:21:975;1.00;0.00;0.00;0.07265;0.07211;-0.0001193;0.0001149;-0.05;0.05;99.25;0.16;99.25;0.07265;0.07211;0.0005457;-11.388;-11.420;-32.630;1.00;136.08;
2025-11-20 18:00:45.67;0.00:00:22:028;1.00;0.00;0.00;0.07263;0.07207;-0.0001215;0.0001193;-0.05;0.05;99.23;0.16;99.23;0.07263;0.07207;0.0005626;-11.389;-11.423;-32.498;1.00;135.52;
2025-11-20 18:00:45.73;0.00:00:22:080;1.00;0.00;0.00;0.07257;0.07201;-0.0001019;0.0001095;-0.04;0.04;99.23;0.15;99.23;0.07257;0.07201;0.0005609;-11.392;-11.426;-32.511;1.00;132.94;
2025-11-20 18:00:45.78;0.00:00:22:133;1.00;0.00;0.00;0.07265;0.07208;-0.0001271;0.0001043;-0.05;0.04;99.22;0.14;99.22;0.07265;0.07208;0.0005688;-11.388;-11.422;-32.451;1.00;140.64;
2025-11-20 18:00:45.83;0.00:00:22:183;1.00;0.00;0.00;0.07271;0.07214;-0.0001057;0.0001247;-0.04;0.05;99.22;0.17;99.22;0.07271;0.07214;0.0005681;-11.384;-11.418;-32.456;1.00;130.27;
2025-11-20 18:00:45.88;0.00:00:22:232;1.00;0.00;0.00;0.07273;0.07217;-0.000101;0.0001154;-0.04;0.05;99.23;0.16;99.23;0.07273;0.07217;0.0005607;-11.383;-11.417;-32.513;1.00;131.21;
2025-11-20 18:00:45.94;0.00:00:22:293;1.00;0.00;0.00;0.07272;0.07214;-7.716E-05;0.0001207;-0.03;0.05;99.20;0.17;99.20;0.07272;0.07214;0.0005832;-11.383;-11.418;-32.342;1.00;122.60;
2025-11-20 18:00:45.99;0.00:00:22:340;1.00;0.00;0.00;0.0728;0.07223;-0.0001167;0.0001199;-0.05;0.05;99.21;0.16;99.21;0.0728;0.07223;0.0005744;-11.379;-11.413;-32.408;1.00;134.23;
2025-11-20 18:00:46.03;0.00:00:22:389;1.00;0.00;0.00;0.0727;0.07211;-9.31E-05;0.0001112;-0.04;0.04;99.19;0.15;99.19;0.0727;0.07211;0.0005866;-11.385;-11.420;-32.317;1.00;129.93;
2025-11-20 18:00:46.08;0.00:00:22:436;1.00;0.00;0.00;0.07274;0.07219;-9.513E-05;0.0001212;-0.04;0.05;99.24;0.17;99.24;0.07274;0.07219;0.0005494;-11.382;-11.415;-32.601;1.00;128.13;
2025-11-20 18:00:46.14;0.00:00:22:490;1.00;0.00;0.00;0.07273;0.07214;-0.0001015;0.0001144;-0.04;0.05;99.19;0.16;99.19;0.07273;0.07214;0.0005872;-11.383;-11.418;-32.312;1.00;131.56;
2025-11-20 18:00:46.20;0.00:00:22:551;1.00;0.00;0.00;0.07277;0.07219;-9.423E-05;0.0001192;-0.04;0.05;99.19;0.16;99.19;0.07277;0.07219;0.0005875;-11.380;-11.416;-32.310;1.00;128.32;
2025-11-20 18:00:46.25;0.00:00:22:602;1.00;0.00;0.00;0.07258;0.07206;-0.0001563;0.0001214;-0.06;0.05;99.29;0.17;99.29;0.07258;0.07206;0.0005171;-11.392;-11.423;-32.864;1.00;142.16;
2025-11-20 18:00:46.31;0.00:00:22:662;1.00;0.00;0.00;0.07249;0.07194;-9.92E-05;0.0001154;-0.04;0.05;99.24;0.16;99.24;0.07249;0.07194;0.0005528;-11.397;-11.431;-32.575;1.00;130.68;
2025-11-20 18:00:46.36;0.00:00:22:714;1.00;0.00;0.00;0.07232;0.07181;-0.0001582;0.0001215;-0.06;0.05;99.28;0.17;99.28;0.07232;0.07181;0.0005187;-11.407;-11.438;-32.851;1.00;142.46;
2025-11-20 18:00:46.41;0.00:00:22:764;1.00;0.00;0.00;0.07227;0.07173;-0.0001036;0.000124;-0.04;0.05;99.26;0.17;99.26;0.07227;0.07173;0.0005373;-11.410;-11.443;-32.698;1.00;129.88;
2025-11-20 18:00:46.46;0.00:00:22:816;1.00;0.00;0.00;0.07237;0.07179;-5.849E-05;0.0001162;-0.02;0.05;99.21;0.16;99.21;0.07237;0.07179;0.000575;-11.405;-11.439;-32.404;1.00;116.71;
2025-11-20 18:00:46.51;0.00:00:22:866;1.00;0.00;0.00;0.07243;0.07186;-8.381E-05;0.0001219;-0.03;0.05;99.21;0.17;99.21;0.07243;0.07186;0.0005699;-11.401;-11.435;-32.442;1.00;124.52;
2025-11-20 18:00:46.56;0.00:00:22:917;1.00;0.00;0.00;0.0725;0.07191;-0.0001079;0.0001101;-0.04;0.04;99.18;0.15;99.18;0.0725;0.07191;0.0005947;-11.397;-11.432;-32.257;1.00;134.42;
2025-11-20 18:00:46.61;0.00:00:22:968;1.00;0.00;0.00;0.07255;0.07197;-7.227E-05;0.0001125;-0.03;0.04;99.19;0.16;99.19;0.07255;0.07197;0.0005855;-11.394;-11.429;-32.325;1.00;122.71;
2025-11-20 18:00:46.67;0.00:00:23:029;1.00;0.00;0.00;0.07272;0.07213;-7.598E-05;0.0001173;-0.03;0.05;99.19;0.16;99.19;0.07272;0.07213;0.0005882;-11.383;-11.419;-32.305;1.00;122.92;
2025-11-20 18:00:46.73;0.00:00:23:087;1.00;0.00;0.00;0.07274;0.07219;-0.0001097;0.0001144;-0.04;0.05;99.24;0.16;99.24;0.07274;0.07219;0.0005514;-11.382;-11.415;-32.585;1.00;133.81;
2025-11-20 18:00:46.79;0.00:00:23:141;1.00;0.00;0.00;0.07272;0.07217;-0.0001115;0.0001155;-0.04;0.05;99.25;0.16;99.24;0.07272;0.07217;0.0005489;-11.384;-11.417;-32.605;1.00;134.01;
2025-11-20 18:00:46.84;0.00:00:23:191;1.00;0.00;0.00;0.0727;0.07213;-0.000119;0.0001134;-0.05;0.05;99.23;0.16;99.23;0.0727;0.07213;0.0005629;-11.385;-11.419;-32.496;1.00;136.39;
2025-11-20 18:00:46.89;0.00:00:23:242;1.00;0.00;0.00;0.07267;0.07212;-0.0001068;0.0001142;-0.04;0.05;99.23;0.16;99.23;0.07267;0.07212;0.0005563;-11.386;-11.420;-32.547;1.00;133.09;
2025-11-20 18:00:46.94;0.00:00:23:293;1.00;0.00;0.00;0.07266;0.07208;-0.0001175;0.000111;-0.05;0.04;99.20;0.15;99.20;0.07266;0.07208;0.0005797;-11.387;-11.422;-32.368;1.00;136.62;
2025-11-20 18:00:46.99;0.00:00:23:345;1.00;0.00;0.00;0.07289;0.0723;-3.673E-05;0.0001107;-0.01;0.04;99.19;0.15;99.19;0.07289;0.0723;0.0005897;-11.374;-11.409;-32.294;1.00;108.36;
2025-11-20 18:00:47.04;0.00:00:23:396;1.00;0.00;0.00;0.07279;0.07228;-0.0001949;0.0001373;-0.08;0.05;99.29;0.19;99.29;0.07279;0.07228;0.0005168;-11.379;-11.410;-32.867;1.00;144.83;
2025-11-20 18:00:47.10;0.00:00:23:458;1.00;0.00;0.00;0.0725;0.07192;-8.836E-05;0.0001129;-0.04;0.04;99.20;0.16;99.20;0.0725;0.07192;0.0005782;-11.397;-11.431;-32.379;1.00;128.05;
2025-11-20 18:00:47.15;0.00:00:23:509;1.00;0.00;0.00;0.07266;0.07212;-0.0001105;0.0001249;-0.04;0.05;99.26;0.17;99.26;0.07266;0.07212;0.0005364;-11.387;-11.419;-32.705;1.00;131.50;
2025-11-20 18:00:47.21;0.00:00:23:562;1.00;0.00;0.00;0.0725;0.07196;-0.0001503;0.000124;-0.06;0.05;99.25;0.17;99.25;0.0725;0.07196;0.0005402;-11.396;-11.429;-32.675;1.00;140.48;
2025-11-20 18:00:47.26;0.00:00:23:612;1.00;0.00;0.00;0.07258;0.072;-5.68E-05;0.0001133;-0.02;0.05;99.19;0.16;99.19;0.07258;0.072;0.0005877;-11.392;-11.427;-32.308;1.00;116.63;
2025-11-20 18:00:47.31;0.00:00:23:662;1.00;0.00;0.00;0.07265;0.0721;-0.0001179;0.0001221;-0.05;0.05;99.24;0.17;99.24;0.07265;0.0721;0.000554;-11.387;-11.421;-32.565;1.00;134.01;
2025-11-20 18:00:47.37;0.00:00:23:725;1.00;0.00;0.00;0.07276;0.07217;-2.053E-05;0.000107;-0.01;0.04;99.19;0.15;99.19;0.07276;0.07217;0.0005907;-11.381;-11.416;-32.286;1.00;100.86;
2025-11-20 18:00:47.42;0.00:00:23:776;1.00;0.00;0.00;0.07281;0.07225;-0.0001331;0.0001244;-0.05;0.05;99.23;0.17;99.23;0.07281;0.07225;0.0005591;-11.378;-11.412;-32.525;1.00;136.93;
2025-11-20 18:00:47.47;0.00:00:23:826;1.00;0.00;0.00;0.0728;0.07222;-0.0001247;0.0001157;-0.05;0.05;99.20;0.16;99.20;0.0728;0.07222;0.0005831;-11.379;-11.413;-32.343;1.00;137.15;
2025-11-20 18:00:47.52;0.00:00:23:873;1.00;0.00;0.00;0.07281;0.07225;-0.0001192;0.0001155;-0.05;0.05;99.23;0.16;99.23;0.07281;0.07225;0.0005622;-11.378;-11.412;-32.501;1.00;135.90;
2025-11-20 18:00:47.57;0.00:00:23:920;1.00;0.00;0.00;0.07282;0.07226;-0.0001118;0.0001125;-0.04;0.04;99.23;0.15;99.23;0.07282;0.07226;0.0005574;-11.378;-11.411;-32.538;1.00;134.82;
2025-11-20 18:00:47.61;0.00:00:23:967;1.00;0.00;0.00;0.0728;0.07225;-0.0001175;0.000126;-0.05;0.05;99.25;0.17;99.25;0.0728;0.07225;0.0005433;-11.379;-11.411;-32.650;1.00;133.00;
2025-11-20 18:00:47.66;0.00:00:24:014;1.00;0.00;0.00;0.07253;0.07198;-0.0001181;0.0001144;-0.05;0.05;99.24;0.16;99.24;0.07253;0.07198;0.0005493;-11.395;-11.428;-32.602;1.00;135.92;
2025-11-20 18:00:47.71;0.00:00:24:061;1.00;0.00;0.00;0.07245;0.0719;-0.0001263;0.0001249;-0.05;0.05;99.25;0.17;99.25;0.07245;0.0719;0.0005465;-11.400;-11.433;-32.624;1.00;135.32;
2025-11-20 18:00:47.75;0.00:00:24:108;1.00;0.00;0.00;0.0723;0.07177;-0.0001226;0.0001065;-0.05;0.04;99.27;0.15;99.27;0.0723;0.07177;0.0005259;-11.409;-11.440;-32.791;1.00;139.02;
2025-11-20 18:00:47.80;0.00:00:24:155;1.00;0.00;0.00;0.07269;0.07214;-8.872E-05;0.0001105;-0.04;0.04;99.25;0.15;99.25;0.07269;0.07214;0.0005442;-11.385;-11.418;-32.642;1.00;128.77;
2025-11-20 18:00:47.85;0.00:00:24:203;1.00;0.00;0.00;0.07279;0.07223;-7.841E-05;0.0001211;-0.03;0.05;99.23;0.17;99.22;0.07279;0.07223;0.0005641;-11.379;-11.413;-32.486;1.00;122.93;
2025-11-20 18:00:47.89;0.00:00:24:249;1.00;0.00;0.00;0.07277;0.07223;-0.000108;0.0001238;-0.04;0.05;99.27;0.17;99.27;0.07277;0.07223;0.000534;-11.381;-11.413;-32.724;1.00;131.11;
2025-11-20 18:00:47.94;0.00:00:24:296;1.00;0.00;0.00;0.07261;0.07206;-0.0001131;0.0001203;-0.04;0.05;99.23;0.17;99.23;0.07261;0.07206;0.000557;-11.390;-11.423;-32.542;1.00;133.22;
2025-11-20 18:00:47.99;0.00:00:24:343;1.00;0.00;0.00;0.07277;0.07219;-5.995E-05;0.0001115;-0.02;0.04;99.20;0.15;99.20;0.07277;0.07219;0.0005805;-11.381;-11.415;-32.362;1.00;118.27;
2025-11-20 18:00:48.04;0.00:00:24:390;1.00;0.00;0.00;0.07273;0.07214;-7.329E-05;0.0001083;-0.03;0.04;99.20;0.15;99.20;0.07273;0.07214;0.0005841;-11.383;-11.418;-32.335;1.00;124.09;
2025-11-20 18:00:48.09;0.00:00:24:440;1.00;0.00;0.00;0.07277;0.07223;-0.0001095;0.0001266;-0.04;0.05;99.26;0.17;99.26;0.07277;0.07223;0.0005392;-11.381;-11.413;-32.683;1.00;130.87;
2025-11-20 18:00:48.14;0.00:00:24:499;1.00;0.00;0.00;0.07289;0.07231;-9.491E-05;0.0001137;-0.04;0.05;99.20;0.16;99.20;0.07289;0.07231;0.0005823;-11.373;-11.408;-32.349;1.00;129.85;
2025-11-20 18:00:48.19;0.00:00:24:545;1.00;0.00;0.00;0.07292;0.07235;-7.949E-05;0.0001162;-0.03;0.05;99.21;0.16;99.21;0.07292;0.07235;0.0005756;-11.371;-11.406;-32.399;1.00;124.37;
2025-11-20 18:00:48.24;0.00:00:24:592;1.00;0.00;0.00;0.07292;0.07236;-0.0001019;0.0001292;-0.04;0.05;99.23;0.18;99.23;0.07292;0.07236;0.0005645;-11.371;-11.405;-32.484;1.00;128.26;
2025-11-20 18:00:48.29;0.00:00:24:641;1.00;0.00;0.00;0.07275;0.07219;-0.0001477;0.0001136;-0.06;0.05;99.22;0.16;99.22;0.07275;0.07219;0.0005664;-11.381;-11.415;-32.469;1.00;142.43;
2025-11-20 18:00:48.35;0.00:00:24:701;1.00;0.00;0.00;0.07285;0.07226;-9.186E-05;0.0001197;-0.04;0.05;99.19;0.16;99.19;0.07285;0.07226;0.0005936;-11.376;-11.411;-32.265;1.00;127.49;
2025-11-20 18:00:48.39;0.00:00:24:747;1.00;0.00;0.00;0.07284;0.07229;-9.326E-05;0.0001189;-0.04;0.05;99.25;0.16;99.25;0.07284;0.07229;0.0005483;-11.376;-11.409;-32.610;1.00;128.10;
2025-11-20 18:00:48.44;0.00:00:24:795;1.00;0.00;0.00;0.07268;0.07212;-0.0001329;0.0001138;-0.05;0.05;99.24;0.16;99.24;0.07268;0.07212;0.0005511;-11.386;-11.419;-32.588;1.00;139.43;
2025-11-20 18:00:48.49;0.00:00:24:841;1.00;0.00;0.00;0.07259;0.07204;-9.397E-05;0.0001132;-0.04;0.05;99.24;0.16;99.24;0.07259;0.07204;0.0005522;-11.391;-11.424;-32.579;1.00;129.69;
2025-11-20 18:00:48.54;0.00:00:24:891;1.00;0.00;0.00;0.07252;0.07198;-0.0001379;0.0001221;-0.05;0.05;99.25;0.17;99.25;0.07252;0.07198;0.0005424;-11.395;-11.428;-32.657;1.00;138.48;
2025-11-20 18:00:48.59;0.00:00:24:949;1.00;0.00;0.00;0.07258;0.07203;-0.0001235;0.0001389;-0.05;0.06;99.24;0.19;99.24;0.07258;0.07203;0.0005502;-11.392;-11.425;-32.595;1.00;131.64;
2025-11-20 18:00:48.64;0.00:00:24:996;1.00;0.00;0.00;0.07267;0.07214;-0.0001611;0.0001356;-0.06;0.05;99.27;0.19;99.27;0.07267;0.07214;0.0005293;-11.387;-11.418;-32.763;1.00;139.92;
2025-11-20 18:00:48.69;0.00:00:25:044;1.00;0.00;0.00;0.07236;0.07181;-0.0001399;0.0001091;-0.06;0.04;99.24;0.15;99.24;0.07236;0.07181;0.0005492;-11.405;-11.438;-32.603;1.00;142.04;
2025-11-20 18:00:48.74;0.00:00:25:090;1.00;0.00;0.00;0.07235;0.07179;-0.0001022;0.0001176;-0.04;0.05;99.22;0.16;99.22;0.07235;0.07179;0.0005666;-11.405;-11.440;-32.468;1.00;130.97;
2025-11-20 18:00:48.78;0.00:00:25:138;1.00;0.00;0.00;0.07258;0.07201;-6.306E-05;0.0001205;-0.03;0.05;99.21;0.17;99.21;0.07258;0.07201;0.0005728;-11.392;-11.426;-32.420;1.00;117.62;
2025-11-20 18:00:48.83;0.00:00:25:185;1.00;0.00;0.00;0.07254;0.072;-0.0001216;0.0001153;-0.05;0.05;99.25;0.16;99.25;0.07254;0.072;0.0005412;-11.394;-11.426;-32.667;1.00;136.53;
2025-11-20 18:00:48.88;0.00:00:25:232;1.00;0.00;0.00;0.07245;0.0719;-8.867E-05;0.0001029;-0.04;0.04;99.24;0.14;99.24;0.07245;0.07191;0.0005479;-11.399;-11.432;-32.613;1.00;130.74;
2025-11-20 18:00:48.92;0.00:00:25:278;1.00;0.00;0.00;0.07276;0.07224;-0.0001341;0.0001224;-0.05;0.05;99.28;0.17;99.28;0.07276;0.07224;0.000527;-11.381;-11.413;-32.782;1.00;137.62;
2025-11-20 18:00:48.97;0.00:00:25:325;1.00;0.00;0.00;0.07272;0.07214;-9.961E-05;0.0001167;-0.04;0.05;99.21;0.16;99.21;0.07272;0.07214;0.0005768;-11.383;-11.418;-32.390;1.00;130.47;
2025-11-20 18:00:49.02;0.00:00:25:372;1.00;0.00;0.00;0.07294;0.07235;-7.904E-05;0.000112;-0.03;0.04;99.20;0.15;99.20;0.07294;0.07235;0.000585;-11.370;-11.405;-32.328;1.00;125.22;
2025-11-20 18:00:49.06;0.00:00:25:417;1.00;0.00;0.00;0.07289;0.07235;-0.0001522;0.0001252;-0.06;0.05;99.26;0.17;99.26;0.07289;0.07235;0.0005418;-11.373;-11.405;-32.661;1.00;140.56;
2025-11-20 18:00:49.11;0.00:00:25:465;1.00;0.00;0.00;0.07265;0.07207;-0.000127;0.0001068;-0.05;0.04;99.20;0.15;99.20;0.07265;0.07207;0.000578;-11.388;-11.422;-32.381;1.00;139.95;
2025-11-20 18:00:49.16;0.00:00:25:513;1.00;0.00;0.00;0.07265;0.07208;-7.524E-05;0.0001187;-0.03;0.05;99.21;0.16;99.21;0.07265;0.07208;0.0005707;-11.387;-11.422;-32.436;1.00;122.38;
2025-11-20 18:00:49.21;0.00:00:25:560;1.00;0.00;0.00;0.07266;0.07209;-9.479E-05;0.0001158;-0.04;0.05;99.21;0.16;99.21;0.07266;0.07209;0.0005709;-11.387;-11.421;-32.434;1.00;129.31;
2025-11-20 18:00:49.25;0.00:00:25:608;1.00;0.00;0.00;0.07257;0.07207;-0.0001341;0.0001284;-0.05;0.05;99.30;0.18;99.30;0.07257;0.07207;0.0005045;-11.392;-11.423;-32.971;1.00;136.24;
2025-11-20 18:00:49.31;0.00:00:25:661;1.00;0.00;0.00;0.07254;0.07195;-9.671E-05;0.0001131;-0.04;0.05;99.20;0.16;99.20;0.07254;0.07195;0.0005825;-11.394;-11.429;-32.347;1.00;130.52;
2025-11-20 18:00:49.36;0.00:00:25:717;1.00;0.00;0.00;0.07269;0.07209;-3.525E-05;8.394E-05;-0.01;0.03;99.18;0.12;99.18;0.07269;0.07209;0.0005991;-11.385;-11.421;-32.225;1.00;112.78;
2025-11-20 18:00:49.41;0.00:00:25:764;1.00;0.00;0.00;0.07287;0.07233;-0.0001386;0.0001204;-0.05;0.05;99.25;0.17;99.25;0.07287;0.07233;0.0005476;-11.374;-11.407;-32.615;1.00;139.01;
2025-11-20 18:00:49.45;0.00:00:25:810;1.00;0.00;0.00;0.0728;0.07225;-7.671E-05;0.0001297;-0.03;0.05;99.25;0.18;99.25;0.0728;0.07225;0.0005443;-11.379;-11.411;-32.642;1.00;120.61;
2025-11-20 18:00:49.51;0.00:00:25:864;1.00;0.00;0.00;0.07279;0.07224;-0.0001306;0.0001156;-0.05;0.05;99.24;0.16;99.24;0.07279;0.07224;0.0005542;-11.379;-11.412;-32.564;1.00;138.47;
2025-11-20 18:00:49.56;0.00:00:25:914;1.00;0.00;0.00;0.07252;0.07196;-0.000109;0.0001141;-0.04;0.05;99.22;0.16;99.22;0.07252;0.07196;0.0005626;-11.395;-11.429;-32.498;1.00;133.71;
2025-11-20 18:00:49.61;0.00:00:25:963;1.00;0.00;0.00;0.07269;0.07209;-5.919E-05;0.0001037;-0.02;0.04;99.17;0.14;99.17;0.07269;0.07209;0.0006007;-11.385;-11.421;-32.214;1.00;119.71;
2025-11-20 18:00:49.66;0.00:00:26:016;1.00;0.00;0.00;0.07264;0.07209;-0.0001243;0.0001189;-0.05;0.05;99.25;0.16;99.25;0.07264;0.07209;0.0005439;-11.388;-11.421;-32.645;1.00;136.29;
2025-11-20 18:00:49.71;0.00:00:26:066;1.00;0.00;0.00;0.07262;0.07205;-0.0001228;0.0001153;-0.05;0.05;99.22;0.16;99.22;0.07262;0.07205;0.0005699;-11.389;-11.424;-32.442;1.00;136.79;
2025-11-20 18:00:49.76;0.00:00:26:118;1.00;0.00;0.00;0.07281;0.07226;-0.0001653;0.0001309;-0.07;0.05;99.24;0.18;99.24;0.07281;0.07226;0.0005554;-11.378;-11.411;-32.554;1.00;141.63;
2025-11-20 18:00:49.82;0.00:00:26:170;1.00;0.00;0.00;0.07269;0.07212;-0.0001092;0.000111;-0.04;0.04;99.22;0.15;99.22;0.07269;0.07212;0.000568;-11.385;-11.419;-32.456;1.00;134.51;
2025-11-20 18:00:49.86;0.00:00:26:219;1.00;0.00;0.00;0.07282;0.0723;-0.0001641;0.0001315;-0.07;0.05;99.30;0.18;99.30;0.07282;0.0723;0.000513;-11.378;-11.408;-32.899;1.00;141.28;
2025-11-20 18:00:49.91;0.00:00:26:269;1.00;0.00;0.00;0.07252;0.07197;-0.0001409;0.0001195;-0.06;0.05;99.25;0.16;99.25;0.07252;0.07197;0.0005459;-11.396;-11.429;-32.629;1.00;139.69;
2025-11-20 18:00:49.97;0.00:00:26:321;1.00;0.00;0.00;0.07252;0.07194;-0.0001081;0.0001133;-0.04;0.05;99.21;0.16;99.21;0.07252;0.07194;0.0005759;-11.396;-11.430;-32.397;1.00;133.66;
2025-11-20 18:00:50.03;0.00:00:26:383;1.00;0.00;0.00;0.07259;0.07199;-7.591E-05;0.0001048;-0.03;0.04;99.17;0.14;99.17;0.07259;0.07199;0.0006017;-11.391;-11.427;-32.206;1.00;125.91;
2025-11-20 18:00:50.08;0.00:00:26:437;1.00;0.00;0.00;0.07283;0.07225;-8.336E-05;0.0001135;-0.03;0.04;99.21;0.16;99.21;0.07283;0.07225;0.0005773;-11.377;-11.411;-32.386;1.00;126.30;
2025-11-20 18:00:50.14;0.00:00:26:496;1.00;0.00;0.00;0.07286;0.07231;-0.0001075;0.0001146;-0.04;0.05;99.23;0.16;99.23;0.07286;0.07231;0.0005589;-11.375;-11.408;-32.526;1.00;133.16;
2025-11-20 18:00:50.19;0.00:00:26:548;1.00;0.00;0.00;0.07266;0.07214;-0.0001771;0.000129;-0.07;0.05;99.29;0.18;99.29;0.07266;0.07214;0.0005139;-11.387;-11.418;-32.892;1.00;143.93;
2025-11-20 18:00:50.25;0.00:00:26:606;1.00;0.00;0.00;0.07267;0.0721;-0.0001063;0.0001088;-0.04;0.04;99.21;0.15;99.21;0.07267;0.0721;0.0005712;-11.386;-11.421;-32.432;1.00;134.32;
2025-11-20 18:00:50.30;0.00:00:26:659;1.00;0.00;0.00;0.0728;0.07221;-6.299E-05;0.0001018;-0.02;0.04;99.18;0.14;99.18;0.0728;0.07221;0.0005951;-11.379;-11.414;-32.254;1.00;121.74;
2025-11-20 18:00:50.35;0.00:00:26:708;1.00;0.00;0.00;0.07301;0.07244;-7.75E-05;0.0001114;-0.03;0.04;99.22;0.15;99.22;0.07301;0.07244;0.0005707;-11.366;-11.400;-32.436;1.00;124.83;
2025-11-20 18:00:50.41;0.00:00:26:760;1.00;0.00;0.00;0.073;0.07242;-0.000129;0.0001263;-0.05;0.05;99.20;0.17;99.20;0.073;0.07242;0.0005837;-11.367;-11.401;-32.338;1.00;135.60;
2025-11-20 18:00:50.46;0.00:00:26:810;1.00;0.00;0.00;0.07292;0.07236;-0.0001219;0.0001266;-0.05;0.05;99.23;0.17;99.23;0.07292;0.07236;0.0005604;-11.372;-11.405;-32.515;1.00;133.92;
2025-11-20 18:00:50.51;0.00:00:26:864;1.00;0.00;0.00;0.07291;0.07238;-0.0001395;0.0001336;-0.06;0.05;99.27;0.18;99.27;0.07291;0.07238;0.0005341;-11.372;-11.404;-32.724;1.00;136.25;
2025-11-20 18:00:50.56;0.00:00:26:916;1.00;0.00;0.00;0.07279;0.0722;-0.0001106;0.0001078;-0.04;0.04;99.19;0.15;99.19;0.07279;0.0722;0.0005874;-11.379;-11.414;-32.311;1.00;135.74;
2025-11-20 18:00:50.61;0.00:00:26:965;1.00;0.00;0.00;0.07283;0.07231;-0.0001363;0.0001284;-0.05;0.05;99.29;0.18;99.29;0.07283;0.07231;0.0005196;-11.377;-11.408;-32.843;1.00;136.71;
2025-11-20 18:00:50.67;0.00:00:27:022;1.00;0.00;0.00;0.07273;0.07217;-0.0001176;0.0001236;-0.05;0.05;99.23;0.17;99.23;0.07273;0.07217;0.0005579;-11.383;-11.416;-32.535;1.00;133.58;
2025-11-20 18:00:50.71;0.00:00:27:067;1.00;0.00;0.00;0.07262;0.07206;-8.943E-05;0.0001073;-0.04;0.04;99.23;0.15;99.23;0.07262;0.07206;0.0005568;-11.390;-11.423;-32.543;1.00;129.81;
2025-11-20 18:00:50.76;0.00:00:27:119;1.00;0.00;0.00;0.07272;0.07216;-7.343E-05;0.0001099;-0.03;0.04;99.24;0.15;99.24;0.07272;0.07216;0.0005548;-11.383;-11.417;-32.558;1.00;123.74;
2025-11-20 18:00:50.82;0.00:00:27:171;1.00;0.00;0.00;0.07274;0.07217;-0.0001611;0.0001241;-0.06;0.05;99.22;0.17;99.22;0.07274;0.07217;0.0005669;-11.382;-11.416;-32.465;1.00;142.39;
2025-11-20 18:00:50.87;0.00:00:27:222;1.00;0.00;0.00;0.07278;0.07216;-6.299E-05;0.000121;-0.03;0.05;99.15;0.17;99.15;0.07278;0.07216;0.0006202;-11.380;-11.417;-32.075;1.00;117.50;
2025-11-20 18:00:50.92;0.00:00:27:277;1.00;0.00;0.00;0.07261;0.07206;-0.0001381;0.0001051;-0.05;0.04;99.24;0.14;99.24;0.07261;0.07206;0.0005538;-11.390;-11.423;-32.566;1.00;142.72;
2025-11-20 18:00:50.98;0.00:00:27:333;1.00;0.00;0.00;0.07271;0.07212;-6.104E-05;0.0001094;-0.02;0.04;99.18;0.15;99.18;0.07271;0.07212;0.0005933;-11.384;-11.419;-32.267;1.00;119.15;
2025-11-20 18:00:51.03;0.00:00:27:385;1.00;0.00;0.00;0.07268;0.07211;-0.000134;0.0001217;-0.05;0.05;99.22;0.17;99.22;0.07268;0.07211;0.0005654;-11.386;-11.420;-32.476;1.00;137.76;
2025-11-20 18:00:51.08;0.00:00:27:435;1.00;0.00;0.00;0.07254;0.07198;-0.0001426;0.0001185;-0.06;0.05;99.22;0.16;99.22;0.07254;0.07198;0.0005631;-11.394;-11.428;-32.494;1.00;140.27;
2025-11-20 18:00:51.13;0.00:00:27:487;1.00;0.00;0.00;0.07257;0.07197;-9.599E-05;0.0001157;-0.04;0.05;99.17;0.16;99.17;0.07257;0.07197;0.0006033;-11.392;-11.428;-32.195;1.00;129.69;
2025-11-20 18:00:51.18;0.00:00:27:538;1.00;0.00;0.00;0.07279;0.0722;-0.0001001;0.000121;-0.04;0.05;99.19;0.17;99.19;0.07279;0.0722;0.0005904;-11.379;-11.415;-32.289;1.00;129.60;
2025-11-20 18:00:51.24;0.00:00:27:599;1.00;0.00;0.00;0.07285;0.0723;-0.0001092;0.0001202;-0.04;0.05;99.25;0.16;99.25;0.07285;0.0723;0.0005474;-11.376;-11.409;-32.617;1.00;132.25;
2025-11-20 18:00:51.30;0.00:00:27:653;1.00;0.00;0.00;0.07273;0.07212;-6.546E-05;9.673E-05;-0.03;0.04;99.17;0.13;99.17;0.07273;0.07212;0.0006038;-11.383;-11.419;-32.191;1.00;124.09;
2025-11-20 18:00:51.35;0.00:00:27:701;1.00;0.00;0.00;0.07297;0.0724;-0.0001215;0.0001336;-0.05;0.05;99.22;0.18;99.22;0.07297;0.0724;0.000568;-11.369;-11.403;-32.457;1.00;132.27;
2025-11-20 18:00:51.40;0.00:00:27:752;1.00;0.00;0.00;0.07284;0.07228;-0.0001176;0.0001262;-0.05;0.05;99.23;0.17;99.23;0.07284;0.07228;0.0005579;-11.376;-11.410;-32.535;1.00;132.98;
2025-11-20 18:00:51.45;0.00:00:27:805;1.00;0.00;0.00;0.07284;0.0723;-7.786E-05;0.0001056;-0.03;0.04;99.25;0.14;99.25;0.07284;0.0723;0.0005428;-11.376;-11.409;-32.654;1.00;126.40;
2025-11-20 18:00:51.51;0.00:00:27:866;1.00;0.00;0.00;0.073;0.07244;-0.0001215;0.0001393;-0.05;0.06;99.23;0.19;99.23;0.073;0.07244;0.0005621;-11.367;-11.400;-32.502;1.00;131.09;
2025-11-20 18:00:51.57;0.00:00:27:925;1.00;0.00;0.00;0.07275;0.07217;-9.414E-05;0.0001103;-0.04;0.04;99.21;0.15;99.21;0.07275;0.07217;0.0005757;-11.382;-11.416;-32.398;1.00;130.47;
2025-11-20 18:00:51.62;0.00:00:27:971;1.00;0.00;0.00;0.07276;0.0722;-0.0001115;0.0001175;-0.04;0.05;99.22;0.16;99.22;0.07276;0.0722;0.000564;-11.381;-11.415;-32.487;1.00;133.49;
2025-11-20 18:00:51.66;0.00:00:28:019;1.00;0.00;0.00;0.07296;0.07235;-6.876E-05;9.993E-05;-0.03;0.04;99.17;0.14;99.17;0.07296;0.07235;0.0006051;-11.369;-11.405;-32.182;1.00;124.53;
2025-11-20 18:00:51.71;0.00:00:28:066;1.00;0.00;0.00;0.07291;0.07237;-0.0001801;0.000112;-0.07;0.04;99.25;0.15;99.25;0.07291;0.07237;0.000546;-11.372;-11.405;-32.628;1.00;148.13;
2025-11-20 18:00:51.76;0.00:00:28:113;1.00;0.00;0.00;0.07284;0.07226;-9.262E-05;0.0001135;-0.04;0.04;99.21;0.16;99.21;0.07284;0.07226;0.0005745;-11.377;-11.411;-32.407;1.00;129.22;
2025-11-20 18:00:51.81;0.00:00:28:160;1.00;0.00;0.00;0.07305;0.07249;-7.624E-05;0.0001281;-0.03;0.05;99.24;0.18;99.24;0.07305;0.07249;0.0005576;-11.364;-11.397;-32.537;1.00;120.76;
2025-11-20 18:00:51.85;0.00:00:28:208;1.00;0.00;0.00;0.0727;0.07216;-0.0001744;0.0001123;-0.07;0.04;99.26;0.15;99.26;0.0727;0.07216;0.0005367;-11.385;-11.417;-32.703;1.00;147.22;
2025-11-20 18:00:51.90;0.00:00:28:255;1.00;0.00;0.00;0.07259;0.07203;-0.0001166;0.0001261;-0.05;0.05;99.23;0.17;99.23;0.07259;0.07203;0.0005582;-11.391;-11.425;-32.532;1.00;132.75;
2025-11-20 18:00:51.95;0.00:00:28:305;1.00;0.00;0.00;0.07247;0.07192;-0.0001371;0.0001127;-0.05;0.04;99.25;0.16;99.25;0.07247;0.07192;0.0005447;-11.399;-11.431;-32.638;1.00;140.57;
2025-11-20 18:00:52.01;0.00:00:28:363;1.00;0.00;0.00;0.0727;0.0721;-7.261E-05;0.0001085;-0.03;0.04;99.18;0.15;99.18;0.0727;0.0721;0.0005952;-11.385;-11.420;-32.253;1.00;123.80;
2025-11-20 18:00:52.06;0.00:00:28:412;1.00;0.00;0.00;0.07283;0.07224;-7.956E-05;0.0001137;-0.03;0.05;99.19;0.16;99.19;0.07283;0.07224;0.0005868;-11.377;-11.412;-32.315;1.00;124.98;
2025-11-20 18:00:52.10;0.00:00:28:457;1.00;0.00;0.00;0.07286;0.07233;-0.0001701;0.0001314;-0.07;0.05;99.26;0.18;99.26;0.07286;0.07233;0.0005376;-11.375;-11.407;-32.696;1.00;142.32;
2025-11-20 18:00:52.15;0.00:00:28:505;1.00;0.00;0.00;0.07266;0.07212;-9.815E-05;0.0001185;-0.04;0.05;99.26;0.16;99.26;0.07266;0.07212;0.0005406;-11.387;-11.420;-32.672;1.00;129.64;
2025-11-20 18:00:52.20;0.00:00:28:550;1.00;0.00;0.00;0.07248;0.07195;-0.0001453;0.000108;-0.06;0.04;99.28;0.15;99.28;0.07248;0.07195;0.0005233;-11.398;-11.429;-32.813;1.00;143.37;
2025-11-20 18:00:52.24;0.00:00:28:598;1.00;0.00;0.00;0.0724;0.07183;-0.0001243;0.0001231;-0.05;0.05;99.22;0.17;99.22;0.0724;0.07183;0.0005655;-11.403;-11.437;-32.475;1.00;135.27;
2025-11-20 18:00:52.29;0.00:00:28:646;1.00;0.00;0.00;0.07237;0.07179;-0.0001018;0.0001167;-0.04;0.05;99.21;0.16;99.21;0.07237;0.07179;0.0005724;-11.405;-11.439;-32.423;1.00;131.10;
2025-11-20 18:00:52.34;0.00:00:28:693;1.00;0.00;0.00;0.07235;0.07178;-0.0001355;0.0001061;-0.05;0.04;99.21;0.15;99.21;0.07235;0.07178;0.0005698;-11.406;-11.440;-32.443;1.00;141.94;
2025-11-20 18:00:52.38;0.00:00:28:739;1.00;0.00;0.00;0.07248;0.07189;-9.404E-05;0.0001157;-0.04;0.05;99.20;0.16;99.20;0.07248;0.07189;0.0005812;-11.398;-11.433;-32.357;1.00;129.11;
2025-11-20 18:00:52.43;0.00:00:28:787;1.00;0.00;0.00;0.07251;0.07194;-0.0001043;0.0001157;-0.04;0.05;99.20;0.16;99.20;0.07251;0.07194;0.0005773;-11.396;-11.430;-32.386;1.00;132.03;
2025-11-20 18:00:52.48;0.00:00:28:833;1.00;0.00;0.00;0.07292;0.07233;-5.896E-05;0.0001164;-0.02;0.05;99.19;0.16;99.19;0.07292;0.07233;0.0005904;-11.372;-11.407;-32.289;1.00;116.86;
2025-11-20 18:00:52.53;0.00:00:28:881;1.00;0.00;0.00;0.0729;0.07234;-0.000128;0.0001314;-0.05;0.05;99.23;0.18;99.23;0.0729;0.07234;0.0005591;-11.373;-11.406;-32.525;1.00;134.26;
2025-11-20 18:00:52.57;0.00:00:28:929;1.00;0.00;0.00;0.0729;0.07232;-0.0001136;0.0001224;-0.04;0.05;99.20;0.17;99.20;0.0729;0.07232;0.0005852;-11.372;-11.407;-32.327;1.00;132.85;
2025-11-20 18:00:52.62;0.00:00:28:975;1.00;0.00;0.00;0.07313;0.07259;-0.0001101;0.0001203;-0.04;0.05;99.25;0.16;99.25;0.07313;0.07259;0.0005457;-11.359;-11.391;-32.630;1.00;132.44;
2025-11-20 18:00:52.67;0.00:00:29:022;1.00;0.00;0.00;0.07294;0.07237;-0.0001385;0.0001154;-0.05;0.05;99.22;0.16;99.22;0.07294;0.07237;0.0005717;-11.370;-11.405;-32.428;1.00;140.21;
2025-11-20 18:00:52.71;0.00:00:29:069;1.00;0.00;0.00;0.07276;0.07225;-0.0001729;0.0001334;-0.07;0.05;99.30;0.18;99.30;0.07276;0.07225;0.00051;-11.381;-11.411;-32.924;1.00;142.35;
2025-11-20 18:00:52.76;0.00:00:29:116;1.00;0.00;0.00;0.07276;0.07217;-6.45E-05;0.0001155;-0.03;0.05;99.20;0.16;99.20;0.07276;0.07217;0.0005829;-11.381;-11.416;-32.344;1.00;119.19;
2025-11-20 18:00:52.81;0.00:00:29:163;1.00;0.00;0.00;0.07267;0.07213;-0.000156;0.0001231;-0.06;0.05;99.26;0.17;99.26;0.07267;0.07213;0.0005408;-11.386;-11.419;-32.669;1.00;141.72;
2025-11-20 18:00:52.85;0.00:00:29:209;1.00;0.00;0.00;0.07277;0.07223;-0.0001483;0.0001203;-0.06;0.05;99.25;0.17;99.25;0.07277;0.07223;0.0005421;-11.381;-11.413;-32.659;1.00;140.94;
2025-11-20 18:00:52.90;0.00:00:29:255;1.00;0.00;0.00;0.07269;0.07215;-0.0001047;0.0001071;-0.04;0.04;99.25;0.15;99.25;0.07269;0.07215;0.0005441;-11.385;-11.418;-32.643;1.00;134.34;
2025-11-20 18:00:52.95;0.00:00:29:303;1.00;0.00;0.00;0.0728;0.07228;-0.0001337;0.0001268;-0.05;0.05;99.28;0.17;99.28;0.0728;0.07228;0.0005255;-11.379;-11.410;-32.794;1.00;136.52;
2025-11-20 18:00:52.99;0.00:00:29:350;1.00;0.00;0.00;0.07289;0.07227;-3.387E-05;0.0001072;-0.01;0.04;99.14;0.15;99.14;0.07289;0.07227;0.0006241;-11.373;-11.411;-32.048;1.00;107.54;
2025-11-20 18:00:53.04;0.00:00:29:399;1.00;0.00;0.00;0.07301;0.07249;-0.0001748;0.0001485;-0.07;0.06;99.28;0.20;99.28;0.07301;0.07249;0.0005237;-11.366;-11.397;-32.809;1.00;139.65;
2025-11-20 18:00:53.09;0.00:00:29:445;1.00;0.00;0.00;0.0728;0.0722;-6.087E-05;0.0001152;-0.02;0.05;99.18;0.16;99.18;0.0728;0.0722;0.0005941;-11.379;-11.414;-32.261;1.00;117.86;
2025-11-20 18:00:53.14;0.00:00:29:490;1.00;0.00;0.00;0.073;0.07241;-5.423E-05;0.0001099;-0.02;0.04;99.19;0.15;99.19;0.073;0.07241;0.0005935;-11.367;-11.402;-32.266;1.00;116.25;
2025-11-20 18:00:53.18;0.00:00:29:538;1.00;0.00;0.00;0.07319;0.07263;-9.391E-05;0.0001354;-0.04;0.05;99.24;0.18;99.24;0.07319;0.07263;0.0005552;-11.356;-11.389;-32.555;1.00;124.75;
2025-11-20 18:00:53.23;0.00:00:29:583;1.00;0.00;0.00;0.07305;0.07247;-0.0001132;0.0001192;-0.04;0.05;99.21;0.16;99.21;0.07305;0.07247;0.0005748;-11.364;-11.398;-32.405;1.00;133.51;
2025-11-20 18:00:53.28;0.00:00:29:631;1.00;0.00;0.00;0.07297;0.07241;-0.0001492;0.0001302;-0.06;0.05;99.24;0.18;99.24;0.07297;0.07241;0.0005518;-11.369;-11.402;-32.583;1.00;138.88;
2025-11-20 18:00:53.32;0.00:00:29:678;1.00;0.00;0.00;0.07279;0.07222;-8.871E-05;0.0001196;-0.04;0.05;99.21;0.16;99.21;0.07279;0.07222;0.0005761;-11.379;-11.414;-32.395;1.00;126.57;
2025-11-20 18:00:53.37;0.00:00:29:723;1.00;0.00;0.00;0.07271;0.07216;-0.0001554;0.000125;-0.06;0.05;99.25;0.17;99.25;0.07271;0.07216;0.0005471;-11.384;-11.417;-32.619;1.00;141.19;
2025-11-20 18:00:53.41;0.00:00:29:770;1.00;0.00;0.00;0.07258;0.07203;-0.0001187;0.000123;-0.05;0.05;99.25;0.17;99.25;0.07258;0.07203;0.0005474;-11.392;-11.425;-32.617;1.00;133.97;
2025-11-20 18:00:53.46;0.00:00:29:818;1.00;0.00;0.00;0.07263;0.07204;-6.429E-05;0.0001138;-0.03;0.05;99.19;0.16;99.19;0.07263;0.07204;0.0005894;-11.389;-11.424;-32.296;1.00;119.47;
2025-11-20 18:00:53.51;0.00:00:29:864;1.00;0.00;0.00;0.07286;0.07228;-7.797E-05;0.000121;-0.03;0.05;99.21;0.17;99.21;0.07286;0.07228;0.0005773;-11.375;-11.410;-32.386;1.00;122.79;
2025-11-20 18:00:53.56;0.00:00:29:914;1.00;0.00;0.00;0.07254;0.07201;-0.0001491;0.0001207;-0.06;0.05;99.26;0.17;99.26;0.07254;0.07201;0.0005338;-11.394;-11.426;-32.726;1.00;141.01;
2025-11-20 18:00:53.62;0.00:00:29:970;1.00;0.00;0.00;0.07259;0.07199;-6.761E-05;0.0001079;-0.03;0.04;99.18;0.15;99.18;0.07259;0.07199;0.0005952;-11.391;-11.427;-32.254;1.00;122.07;
2025-11-20 18:00:53.68;0.00:00:30:031;1.00;0.00;0.00;0.07245;0.07187;-8.097E-05;0.0001043;-0.03;0.04;99.21;0.14;99.21;0.07245;0.07187;0.0005753;-11.400;-11.434;-32.401;1.00;127.81;
2025-11-20 18:00:53.73;0.00:00:30:084;1.00;0.00;0.00;0.07257;0.072;-0.0001142;0.0001159;-0.05;0.05;99.22;0.16;99.22;0.07257;0.072;0.0005678;-11.392;-11.427;-32.458;1.00;134.59;
2025-11-20 18:00:53.79;0.00:00:30:148;1.00;0.00;0.00;0.07254;0.07198;-0.0001346;0.0001244;-0.05;0.05;99.23;0.17;99.23;0.07254;0.07198;0.0005592;-11.394;-11.428;-32.524;1.00;137.24;
2025-11-20 18:00:53.84;0.00:00:30:198;1.00;0.00;0.00;0.07246;0.07192;-0.0001261;0.0001138;-0.05;0.05;99.25;0.16;99.25;0.07246;0.07192;0.0005463;-11.399;-11.432;-32.625;1.00;137.92;
2025-11-20 18:00:53.90;0.00:00:30:251;1.00;0.00;0.00;0.0724;0.07186;-0.0001156;0.0001204;-0.05;0.05;99.25;0.17;99.25;0.0724;0.07186;0.0005428;-11.403;-11.435;-32.654;1.00;133.84;
2025-11-20 18:00:53.95;0.00:00:30:300;1.00;0.00;0.00;0.07256;0.07195;-5.958E-05;0.0001089;-0.02;0.04;99.17;0.15;99.17;0.07256;0.07195;0.0006046;-11.393;-11.430;-32.185;1.00;118.69;
2025-11-20 18:00:54.01;0.00:00:30:362;1.00;0.00;0.00;0.07291;0.07231;-4.827E-05;0.0001227;-0.02;0.05;99.17;0.17;99.17;0.07291;0.07231;0.0006035;-11.372;-11.408;-32.193;1.00;111.48;
2025-11-20 18:00:54.06;0.00:00:30:412;1.00;0.00;0.00;0.07291;0.07238;-0.0001551;0.0001211;-0.06;0.05;99.28;0.17;99.28;0.07291;0.07238;0.0005278;-11.372;-11.404;-32.775;1.00;142.02;
2025-11-20 18:00:54.11;0.00:00:30:468;1.00;0.00;0.00;0.07288;0.0723;-8.555E-05;0.0001097;-0.03;0.04;99.20;0.15;99.20;0.07288;0.0723;0.0005794;-11.374;-11.409;-32.370;1.00;127.94;
2025-11-20 18:00:54.16;0.00:00:30:514;1.00;0.00;0.00;0.07294;0.07239;-0.0001007;0.0001206;-0.04;0.05;99.24;0.17;99.24;0.07294;0.07239;0.000554;-11.370;-11.403;-32.565;1.00;129.86;
2025-11-20 18:00:54.21;0.00:00:30:564;1.00;0.00;0.00;0.07281;0.07223;-0.0001122;0.0001236;-0.04;0.05;99.21;0.17;99.21;0.07281;0.07223;0.0005781;-11.378;-11.413;-32.380;1.00;132.23;
2025-11-20 18:00:54.26;0.00:00:30:611;1.00;0.00;0.00;0.07279;0.0722;-0.0001237;0.0001233;-0.05;0.05;99.19;0.17;99.19;0.07279;0.0722;0.000587;-11.379;-11.415;-32.313;1.00;135.08;
2025-11-20 18:00:54.32;0.00:00:30:676;1.00;0.00;0.00;0.07286;0.07232;-0.0001507;0.0001376;-0.06;0.05;99.25;0.19;99.25;0.07286;0.07232;0.0005454;-11.375;-11.408;-32.633;1.00;137.60;
2025-11-20 18:00:54.38;0.00:00:30:737;1.00;0.00;0.00;0.07264;0.07208;-0.0001306;0.0001126;-0.05;0.04;99.23;0.16;99.23;0.07264;0.07208;0.0005561;-11.388;-11.422;-32.548;1.00;139.24;
2025-11-20 18:00:54.44;0.00:00:30:790;1.00;0.00;0.00;0.07263;0.0721;-0.0001126;0.0001162;-0.04;0.05;99.26;0.16;99.26;0.07263;0.0721;0.0005343;-11.389;-11.421;-32.722;1.00;134.08;
2025-11-20 18:00:54.49;0.00:00:30:842;1.00;0.00;0.00;0.07261;0.07204;-6.973E-05;0.0001067;-0.03;0.04;99.21;0.15;99.21;0.07261;0.07204;0.0005702;-11.390;-11.425;-32.440;1.00;123.17;
2025-11-20 18:00:54.54;0.00:00:30:893;1.00;0.00;0.00;0.07272;0.07215;-0.0001056;0.0001145;-0.04;0.05;99.22;0.16;99.22;0.07272;0.07215;0.0005701;-11.384;-11.418;-32.441;1.00;132.69;
2025-11-20 18:00:54.60;0.00:00:30:953;1.00;0.00;0.00;0.07273;0.07219;-0.0001351;0.0001103;-0.05;0.04;99.25;0.15;99.25;0.07273;0.07219;0.0005419;-11.383;-11.415;-32.661;1.00;140.76;
2025-11-20 18:00:54.65;0.00:00:31:003;1.00;0.00;0.00;0.07266;0.0721;-0.0001375;0.0001116;-0.05;0.04;99.23;0.15;99.23;0.07266;0.0721;0.0005576;-11.387;-11.421;-32.537;1.00;140.93;
2025-11-20 18:00:54.70;0.00:00:31:055;1.00;0.00;0.00;0.07257;0.07203;-0.0001389;0.0001315;-0.06;0.05;99.25;0.18;99.25;0.07257;0.07203;0.0005421;-11.393;-11.425;-32.659;1.00;136.57;
2025-11-20 18:00:54.75;0.00:00:31:107;1.00;0.00;0.00;0.07233;0.0718;-0.000141;0.0001121;-0.06;0.04;99.27;0.15;99.27;0.07233;0.0718;0.0005279;-11.407;-11.439;-32.774;1.00;141.52;
2025-11-20 18:00:54.80;0.00:00:31:157;1.00;0.00;0.00;0.07251;0.07187;2.872E-05;0.0001043;0.01;0.04;99.11;0.14;99.11;0.07251;0.07187;0.0006456;-11.396;-11.435;-31.900;1.00;74.61;
2025-11-20 18:00:54.85;0.00:00:31:209;1.00;0.00;0.00;0.07282;0.07224;-0.0001272;0.0001074;-0.05;0.04;99.19;0.15;99.19;0.07282;0.07224;0.0005884;-11.377;-11.412;-32.303;1.00;139.81;
2025-11-20 18:00:54.91;0.00:00:31:261;1.00;0.00;0.00;0.07284;0.07229;-0.0001117;0.0001269;-0.04;0.05;99.25;0.17;99.25;0.07284;0.07229;0.0005483;-11.376;-11.409;-32.610;1.00;131.37;
2025-11-20 18:00:54.96;0.00:00:31:313;1.00;0.00;0.00;0.0729;0.07232;-9.112E-05;0.0001169;-0.04;0.05;99.21;0.16;99.21;0.0729;0.07232;0.0005754;-11.373;-11.407;-32.400;1.00;127.93;
2025-11-20 18:00:55.01;0.00:00:31:365;1.00;0.00;0.00;0.07287;0.07229;-9.503E-05;0.0001084;-0.04;0.04;99.20;0.15;99.20;0.07287;0.07229;0.0005804;-11.375;-11.409;-32.363;1.00;131.24;
2025-11-20 18:00:55.06;0.00:00:31:412;1.00;0.00;0.00;0.07322;0.07266;-0.0001104;0.0001232;-0.04;0.05;99.22;0.17;99.22;0.07322;0.07266;0.0005675;-11.354;-11.387;-32.460;1.00;131.85;
2025-11-20 18:00:55.11;0.00:00:31:467;1.00;0.00;0.00;0.07315;0.07258;-0.0001359;0.0001127;-0.05;0.04;99.23;0.15;99.23;0.07315;0.07258;0.0005654;-11.358;-11.392;-32.477;1.00;140.34;
2025-11-20 18:00:55.18;0.00:00:31:530;1.00;0.00;0.00;0.07298;0.07242;-0.0001304;0.0001208;-0.05;0.05;99.23;0.17;99.23;0.07298;0.07242;0.0005603;-11.368;-11.401;-32.516;1.00;137.19;
2025-11-20 18:00:55.22;0.00:00:31:577;1.00;0.00;0.00;0.07289;0.07232;-0.0001196;0.0001203;-0.05;0.05;99.22;0.17;99.22;0.07289;0.07232;0.0005713;-11.373;-11.407;-32.431;1.00;134.83;
2025-11-20 18:00:55.27;0.00:00:31:629;1.00;0.00;0.00;0.07281;0.07225;-0.0001358;0.0001199;-0.05;0.05;99.24;0.16;99.24;0.07281;0.07225;0.0005555;-11.378;-11.412;-32.554;1.00;138.54;
2025-11-20 18:00:55.33;0.00:00:31:686;1.00;0.00;0.00;0.07239;0.07185;-0.0001335;0.0001149;-0.05;0.05;99.26;0.16;99.26;0.07239;0.07185;0.0005374;-11.403;-11.436;-32.697;1.00;139.27;
2025-11-20 18:00:55.38;0.00:00:31:732;1.00;0.00;0.00;0.07244;0.07186;-4.94E-05;0.0001172;-0.02;0.05;99.20;0.16;99.20;0.07244;0.07186;0.0005808;-11.400;-11.435;-32.360;1.00;112.86;
2025-11-20 18:00:55.43;0.00:00:31:783;1.00;0.00;0.00;0.07294;0.07234;-6.36E-05;0.0001171;-0.03;0.05;99.19;0.16;99.19;0.07294;0.07234;0.0005943;-11.370;-11.406;-32.260;1.00;118.50;
2025-11-20 18:00:55.48;0.00:00:31:834;1.00;0.00;0.00;0.07302;0.07246;-0.0001035;0.0001283;-0.04;0.05;99.24;0.18;99.24;0.07302;0.07246;0.0005525;-11.366;-11.399;-32.577;1.00;128.89;
2025-11-20 18:00:55.53;0.00:00:31:888;1.00;0.00;0.00;0.0729;0.07233;-9.485E-05;0.0001091;-0.04;0.04;99.21;0.15;99.21;0.0729;0.07233;0.0005733;-11.372;-11.407;-32.416;1.00;131.00;
2025-11-20 18:00:55.58;0.00:00:31:936;1.00;0.00;0.00;0.07298;0.07241;-0.0001024;0.000117;-0.04;0.05;99.22;0.16;99.22;0.07298;0.07241;0.000568;-11.368;-11.402;-32.456;1.00;131.20;
2025-11-20 18:00:55.64;0.00:00:31:995;1.00;0.00;0.00;0.07324;0.07264;-6.095E-05;0.000115;-0.02;0.05;99.18;0.16;99.18;0.07324;0.07264;0.0005983;-11.353;-11.388;-32.231;1.00;117.92;
2025-11-20 18:00:55.69;0.00:00:32:044;1.00;0.00;0.00;0.07329;0.0727;-0.0001335;0.0001251;-0.05;0.05;99.20;0.17;99.20;0.07329;0.0727;0.0005887;-11.350;-11.385;-32.301;1.00;136.85;
2025-11-20 18:00:55.74;0.00:00:32:090;1.00;0.00;0.00;0.07313;0.0726;-0.0001543;0.0001316;-0.06;0.05;99.28;0.18;99.28;0.07313;0.0726;0.0005268;-11.359;-11.390;-32.783;1.00;139.54;
2025-11-20 18:00:55.78;0.00:00:32:138;1.00;0.00;0.00;0.07291;0.07235;-0.0001348;0.0001076;-0.05;0.04;99.23;0.15;99.23;0.07291;0.07235;0.0005594;-11.372;-11.405;-32.523;1.00;141.39;
2025-11-20 18:00:55.83;0.00:00:32:186;1.00;0.00;0.00;0.07301;0.07242;-9.535E-05;0.0001246;-0.04;0.05;99.20;0.17;99.20;0.07301;0.07242;0.0005828;-11.366;-11.401;-32.345;1.00;127.43;
2025-11-20 18:00:55.88;0.00:00:32:233;1.00;0.00;0.00;0.07305;0.07249;-0.0001126;0.0001104;-0.04;0.04;99.24;0.15;99.24;0.07305;0.07249;0.0005581;-11.364;-11.397;-32.533;1.00;135.57;
2025-11-20 18:00:55.92;0.00:00:32:280;1.00;0.00;0.00;0.07304;0.07248;-0.0001151;0.0001162;-0.05;0.05;99.24;0.16;99.24;0.07304;0.07248;0.0005564;-11.364;-11.398;-32.546;1.00;134.74;
2025-11-20 18:00:55.97;0.00:00:32:327;1.00;0.00;0.00;0.07279;0.07223;-0.0001162;0.000115;-0.05;0.05;99.23;0.16;99.23;0.07279;0.07223;0.000558;-11.380;-11.413;-32.533;1.00;135.30;
2025-11-20 18:00:56.02;0.00:00:32:372;1.00;0.00;0.00;0.07276;0.07221;-0.0001084;0.0001278;-0.04;0.05;99.24;0.18;99.24;0.07276;0.07221;0.0005539;-11.381;-11.414;-32.565;1.00;130.31;
2025-11-20 18:00:56.07;0.00:00:32:421;1.00;0.00;0.00;0.0727;0.07215;-0.0001316;0.0001175;-0.05;0.05;99.25;0.16;99.25;0.0727;0.07216;0.000543;-11.385;-11.417;-32.652;1.00;138.24;
2025-11-20 18:00:56.13;0.00:00:32:482;1.00;0.00;0.00;0.07271;0.07213;-6.094E-05;0.0001016;-0.02;0.04;99.19;0.14;99.19;0.07271;0.07213;0.0005881;-11.384;-11.419;-32.305;1.00;120.96;
2025-11-20 18:00:56.17;0.00:00:32:528;1.00;0.00;0.00;0.07287;0.07231;-0.0001299;0.0001216;-0.05;0.05;99.23;0.17;99.23;0.07287;0.07231;0.0005575;-11.374;-11.408;-32.537;1.00;136.88;
2025-11-20 18:00:56.22;0.00:00:32:579;1.00;0.00;0.00;0.07284;0.07226;-8.874E-05;0.0001106;-0.04;0.04;99.20;0.15;99.20;0.07284;0.07226;0.0005842;-11.376;-11.411;-32.334;1.00;128.74;
2025-11-20 18:00:56.28;0.00:00:32:636;1.00;0.00;0.00;0.07292;0.07237;-0.0001334;0.0001347;-0.05;0.05;99.25;0.18;99.25;0.07292;0.07237;0.0005494;-11.372;-11.405;-32.601;1.00;134.72;
2025-11-20 18:00:56.33;0.00:00:32:682;1.00;0.00;0.00;0.07271;0.07216;-0.0001346;0.0001237;-0.05;0.05;99.24;0.17;99.24;0.07271;0.07216;0.000549;-11.384;-11.417;-32.604;1.00;137.41;
2025-11-20 18:00:56.38;0.00:00:32:730;1.00;0.00;0.00;0.07264;0.07208;-0.0001312;0.0001259;-0.05;0.05;99.23;0.17;99.23;0.07264;0.07208;0.0005565;-11.388;-11.422;-32.545;1.00;136.17;
2025-11-20 18:00:56.42;0.00:00:32:776;1.00;0.00;0.00;0.07249;0.07194;-0.0001371;0.0001208;-0.05;0.05;99.24;0.17;99.24;0.07249;0.07194;0.0005539;-11.397;-11.430;-32.566;1.00;138.63;
2025-11-20 18:00:56.47;0.00:00:32:825;1.00;0.00;0.00;0.07254;0.07195;-7.568E-05;0.000117;-0.03;0.05;99.18;0.16;99.18;0.07254;0.07195;0.0005966;-11.394;-11.430;-32.243;1.00;122.90;
2025-11-20 18:00:56.53;0.00:00:32:885;1.00;0.00;0.00;0.07276;0.07219;-0.0001036;0.000109;-0.04;0.04;99.21;0.15;99.21;0.07276;0.07219;0.000576;-11.381;-11.416;-32.396;1.00;133.54;
2025-11-20 18:00:56.58;0.00:00:32:932;1.00;0.00;0.00;0.07268;0.07212;-0.0001427;0.0001162;-0.06;0.05;99.22;0.16;99.22;0.07268;0.07212;0.0005653;-11.386;-11.419;-32.477;1.00;140.83;
2025-11-20 18:00:56.62;0.00:00:32:980;1.00;0.00;0.00;0.07261;0.07206;-0.0001039;0.0001163;-0.04;0.05;99.24;0.16;99.24;0.07261;0.07206;0.0005486;-11.390;-11.423;-32.607;1.00;131.78;
2025-11-20 18:00:56.68;0.00:00:33:032;1.00;0.00;0.00;0.07273;0.07212;-4.636E-05;0.0001062;-0.02;0.04;99.17;0.15;99.17;0.07273;0.07212;0.0006021;-11.383;-11.419;-32.204;1.00;113.57;
2025-11-20 18:00:56.73;0.00:00:33:088;1.00;0.00;0.00;0.07291;0.07232;-0.0001167;0.000118;-0.05;0.05;99.20;0.16;99.20;0.07291;0.07232;0.0005818;-11.372;-11.407;-32.352;1.00;134.70;
2025-11-20 18:00:56.78;0.00:00:33:137;1.00;0.00;0.00;0.07282;0.07226;-0.0001135;0.0001181;-0.04;0.05;99.22;0.16;99.22;0.07282;0.07226;0.0005649;-11.377;-11.411;-32.480;1.00;133.87;
2025-11-20 18:00:56.83;0.00:00:33:182;1.00;0.00;0.00;0.07275;0.07219;-0.0001354;0.000117;-0.05;0.05;99.23;0.16;99.23;0.07275;0.07219;0.0005605;-11.382;-11.415;-32.514;1.00;139.16;
2025-11-20 18:00:56.87;0.00:00:33:228;1.00;0.00;0.00;0.07274;0.07218;-0.0001018;0.0001151;-0.04;0.05;99.23;0.16;99.23;0.07274;0.07218;0.0005574;-11.382;-11.416;-32.538;1.00;131.50;
2025-11-20 18:00:56.92;0.00:00:33:274;1.00;0.00;0.00;0.07294;0.07235;-8.942E-05;0.0001235;-0.04;0.05;99.19;0.17;99.19;0.07294;0.07235;0.0005892;-11.371;-11.406;-32.297;1.00;125.91;
2025-11-20 18:00:56.97;0.00:00:33:323;1.00;0.00;0.00;0.0729;0.07233;-0.0001018;0.0001161;-0.04;0.05;99.22;0.16;99.22;0.0729;0.07233;0.0005706;-11.373;-11.407;-32.437;1.00;131.25;
2025-11-20 18:00:57.01;0.00:00:33:369;1.00;0.00;0.00;0.07283;0.07227;-0.0001206;0.0001126;-0.05;0.04;99.23;0.15;99.23;0.07283;0.07227;0.0005637;-11.377;-11.411;-32.489;1.00;136.97;
2025-11-20 18:00:57.06;0.00:00:33:416;1.00;0.00;0.00;0.07285;0.0723;-8.994E-05;0.000113;-0.04;0.04;99.24;0.16;99.24;0.07285;0.0723;0.0005571;-11.375;-11.409;-32.541;1.00;128.51;
2025-11-20 18:00:57.11;0.00:00:33:463;1.00;0.00;0.00;0.07289;0.07234;-9.457E-05;0.0001197;-0.04;0.05;99.25;0.16;99.25;0.07289;0.07234;0.0005461;-11.373;-11.406;-32.627;1.00;128.32;
2025-11-20 18:00:57.15;0.00:00:33:510;1.00;0.00;0.00;0.07309;0.07253;-0.0001014;0.0001042;-0.04;0.04;99.22;0.14;99.22;0.07309;0.07253;0.0005668;-11.361;-11.395;-32.466;1.00;134.23;
2025-11-20 18:00:57.20;0.00:00:33:556;1.00;0.00;0.00;0.07336;0.07276;-4.946E-05;0.0001266;-0.02;0.05;99.18;0.17;99.18;0.07336;0.07276;0.0005993;-11.346;-11.381;-32.224;1.00;111.34;
2025-11-20 18:00:57.25;0.00:00:33:602;1.00;0.00;0.00;0.07337;0.07283;-0.0001691;0.000132;-0.07;0.05;99.25;0.18;99.25;0.07337;0.07283;0.0005473;-11.345;-11.377;-32.617;1.00;142.01;
2025-11-20 18:00:57.30;0.00:00:33:650;1.00;0.00;0.00;0.07295;0.07238;-0.0001162;0.0001175;-0.05;0.05;99.22;0.16;99.21;0.07295;0.07238;0.0005726;-11.369;-11.404;-32.421;1.00;134.69;
2025-11-20 18:00:57.34;0.00:00:33:697;1.00;0.00;0.00;0.0731;0.0725;-4.965E-05;0.0001125;-0.02;0.04;99.19;0.15;99.19;0.0731;0.0725;0.0005926;-11.361;-11.396;-32.272;1.00;113.82;
2025-11-20 18:00:57.39;0.00:00:33:746;1.00;0.00;0.00;0.07315;0.07261;-0.0001267;0.0001248;-0.05;0.05;99.26;0.17;99.26;0.07315;0.07261;0.0005413;-11.358;-11.390;-32.665;1.00;135.44;
2025-11-20 18:00:57.44;0.00:00:33:793;1.00;0.00;0.00;0.07297;0.07245;-0.0001387;0.0001325;-0.05;0.05;99.29;0.18;99.29;0.07297;0.07245;0.0005197;-11.368;-11.399;-32.842;1.00;136.31;
2025-11-20 18:00:57.48;0.00:00:33:839;1.00;0.00;0.00;0.07277;0.07222;-0.0001583;0.0001181;-0.06;0.05;99.25;0.16;99.25;0.07277;0.07222;0.0005481;-11.380;-11.413;-32.612;1.00;143.27;
2025-11-20 18:00:57.53;0.00:00:33:886;1.00;0.00;0.00;0.07283;0.07228;-0.0001265;0.0001334;-0.05;0.05;99.25;0.18;99.25;0.07283;0.07228;0.0005442;-11.377;-11.410;-32.642;1.00;133.49;
2025-11-20 18:00:57.58;0.00:00:33:937;1.00;0.00;0.00;0.07271;0.07217;-0.0001253;0.0001143;-0.05;0.05;99.27;0.16;99.27;0.07271;0.07217;0.0005343;-11.384;-11.416;-32.722;1.00;137.62;
2025-11-20 18:00:57.64;0.00:00:33:995;1.00;0.00;0.00;0.07292;0.07234;-0.0001224;0.0001144;-0.05;0.05;99.20;0.16;99.20;0.07292;0.07234;0.0005806;-11.372;-11.406;-32.361;1.00;136.94;
2025-11-20 18:00:57.69;0.00:00:34:042;1.00;0.00;0.00;0.07284;0.0723;-0.0001491;0.0001167;-0.06;0.05;99.26;0.16;99.26;0.07284;0.0723;0.0005416;-11.376;-11.409;-32.663;1.00;141.95;
2025-11-20 18:00:57.73;0.00:00:34:090;1.00;0.00;0.00;0.0725;0.07189;-5.017E-05;9.773E-05;-0.02;0.04;99.15;0.13;99.15;0.0725;0.07189;0.0006142;-11.397;-11.434;-32.117;1.00;117.17;
2025-11-20 18:00:57.78;0.00:00:34:137;1.00;0.00;0.00;0.07287;0.07231;-0.0001052;0.0001369;-0.04;0.05;99.23;0.19;99.23;0.07287;0.07231;0.0005604;-11.375;-11.408;-32.515;1.00;127.54;
2025-11-20 18:00:57.83;0.00:00:34:181;1.00;0.00;0.00;0.07261;0.07206;-0.000189;0.0001279;-0.08;0.05;99.24;0.18;99.24;0.07261;0.07206;0.0005506;-11.390;-11.423;-32.592;1.00;145.91;
2025-11-20 18:00:57.89;0.00:00:34:245;1.00;0.00;0.00;0.07262;0.07201;-6.765E-05;0.0001049;-0.03;0.04;99.16;0.14;99.16;0.07262;0.07201;0.0006102;-11.389;-11.426;-32.145;1.00;122.82;
2025-11-20 18:00:57.94;0.00:00:34:293;1.00;0.00;0.00;0.07292;0.07238;-0.0001639;0.0001234;-0.06;0.05;99.26;0.17;99.26;0.07292;0.07238;0.0005359;-11.372;-11.404;-32.709;1.00;143.02;
2025-11-20 18:00:57.98;0.00:00:34:340;1.00;0.00;0.00;0.07277;0.07222;-0.0001263;0.0001188;-0.05;0.05;99.25;0.16;99.25;0.07277;0.07222;0.0005488;-11.380;-11.413;-32.605;1.00;136.74;
2025-11-20 18:00:58.04;0.00:00:34:390;1.00;0.00;0.00;0.07251;0.07193;-8.596E-05;0.0001194;-0.03;0.05;99.21;0.16;99.21;0.07251;0.07193;0.0005733;-11.396;-11.431;-32.416;1.00;125.76;
2025-11-20 18:00:58.09;0.00:00:34:446;1.00;0.00;0.00;0.07252;0.07197;-9.856E-05;0.0001115;-0.04;0.04;99.24;0.15;99.24;0.07252;0.07197;0.0005517;-11.395;-11.429;-32.583;1.00;131.48;
2025-11-20 18:00:58.14;0.00:00:34:492;1.00;0.00;0.00;0.07278;0.07224;-0.0001463;0.0001285;-0.06;0.05;99.26;0.18;99.26;0.07278;0.07224;0.0005378;-11.380;-11.412;-32.694;1.00;138.71;
2025-11-20 18:00:58.18;0.00:00:34:539;1.00;0.00;0.00;0.07265;0.07211;-0.0001229;0.0001123;-0.05;0.04;99.26;0.15;99.26;0.07265;0.07211;0.0005403;-11.388;-11.420;-32.674;1.00;137.59;
2025-11-20 18:00:58.23;0.00:00:34:586;1.00;0.00;0.00;0.07268;0.07211;-7.923E-05;0.0001184;-0.03;0.05;99.23;0.16;99.23;0.07268;0.07211;0.0005622;-11.386;-11.420;-32.501;1.00;123.80;
2025-11-20 18:00:58.28;0.00:00:34:632;1.00;0.00;0.00;0.07284;0.07229;-0.000111;0.000118;-0.04;0.05;99.25;0.16;99.25;0.07284;0.07229;0.0005478;-11.376;-11.409;-32.613;1.00;133.26;
2025-11-20 18:00:58.32;0.00:00:34:679;1.00;0.00;0.00;0.07278;0.07221;-0.0001197;0.0001126;-0.05;0.04;99.22;0.15;99.22;0.07278;0.07221;0.0005687;-11.380;-11.414;-32.451;1.00;136.74;
2025-11-20 18:00:58.38;0.00:00:34:732;1.00;0.00;0.00;0.07294;0.07238;-8.383E-05;0.0001209;-0.03;0.05;99.22;0.17;99.22;0.07294;0.07238;0.0005667;-11.370;-11.404;-32.467;1.00;124.74;
2025-11-20 18:00:58.43;0.00:00:34:789;1.00;0.00;0.00;0.07301;0.07244;-9.585E-05;0.0001197;-0.04;0.05;99.21;0.16;99.21;0.07301;0.07244;0.0005733;-11.366;-11.400;-32.416;1.00;128.69;
2025-11-20 18:00:58.48;0.00:00:34:836;1.00;0.00;0.00;0.07309;0.07251;-5.916E-05;0.000115;-0.02;0.05;99.20;0.16;99.20;0.07309;0.07251;0.0005826;-11.361;-11.396;-32.346;1.00;117.23;
2025-11-20 18:00:58.53;0.00:00:34:886;1.00;0.00;0.00;0.0732;0.07264;-0.0001241;0.0001259;-0.05;0.05;99.24;0.17;99.24;0.0732;0.07264;0.0005559;-11.355;-11.388;-32.550;1.00;134.60;
2025-11-20 18:00:58.59;0.00:00:34:943;1.00;0.00;0.00;0.0728;0.07224;-0.0001352;0.0001195;-0.05;0.05;99.23;0.16;99.23;0.0728;0.07224;0.000557;-11.379;-11.412;-32.541;1.00;138.53;
2025-11-20 18:00:58.63;0.00:00:34:989;1.00;0.00;0.00;0.0727;0.07212;-0.0001301;0.0001136;-0.05;0.05;99.21;0.16;99.21;0.0727;0.07212;0.0005717;-11.385;-11.419;-32.429;1.00;138.85;
2025-11-20 18:00:58.68;0.00:00:35:038;1.00;0.00;0.00;0.07258;0.07202;-0.0001187;0.0001228;-0.05;0.05;99.24;0.17;99.24;0.07258;0.07202;0.000552;-11.392;-11.425;-32.581;1.00;134.03;
2025-11-20 18:00:58.73;0.00:00:35:084;1.00;0.00;0.00;0.07245;0.07189;-0.0001164;0.0001163;-0.05;0.05;99.23;0.16;99.23;0.07245;0.07189;0.0005599;-11.399;-11.433;-32.519;1.00;135.02;
2025-11-20 18:00:58.78;0.00:00:35:132;1.00;0.00;0.00;0.07252;0.07194;-7.875E-05;0.0001071;-0.03;0.04;99.21;0.15;99.21;0.07252;0.07194;0.0005743;-11.396;-11.430;-32.409;1.00;126.32;
2025-11-20 18:00:58.82;0.00:00:35:177;1.00;0.00;0.00;0.07265;0.07208;-6.95E-05;0.0001063;-0.03;0.04;99.23;0.15;99.23;0.07265;0.07208;0.0005617;-11.388;-11.422;-32.505;1.00;123.18;
2025-11-20 18:00:58.87;0.00:00:35:224;1.00;0.00;0.00;0.07281;0.07225;-8.616E-05;0.0001098;-0.03;0.04;99.22;0.15;99.22;0.07281;0.07225;0.0005662;-11.378;-11.412;-32.470;1.00;128.13;
2025-11-20 18:00:58.92;0.00:00:35:271;1.00;0.00;0.00;0.07281;0.07224;-0.0001202;9.796E-05;-0.05;0.04;99.21;0.13;99.21;0.07281;0.07224;0.000575;-11.378;-11.412;-32.404;1.00;140.83;
2025-11-20 18:00:58.96;0.00:00:35:318;1.00;0.00;0.00;0.07287;0.07229;-8.765E-05;0.0001185;-0.03;0.05;99.20;0.16;99.20;0.07287;0.07229;0.0005802;-11.374;-11.409;-32.364;1.00;126.49;
2025-11-20 18:00:59.01;0.00:00:35:363;1.00;0.00;0.00;0.07285;0.07225;-9.369E-05;0.0001089;-0.04;0.04;99.18;0.15;99.18;0.07285;0.07225;0.0005957;-11.376;-11.412;-32.250;1.00;130.71;
2025-11-20 18:00:59.06;0.00:00:35:410;1.00;0.00;0.00;0.0728;0.07225;-9.757E-05;0.0001224;-0.04;0.05;99.24;0.17;99.24;0.0728;0.07225;0.0005505;-11.378;-11.411;-32.593;1.00;128.55;
2025-11-20 18:00:59.10;0.00:00:35:458;1.00;0.00;0.00;0.07286;0.07228;-0.0001086;0.0001151;-0.04;0.05;99.20;0.16;99.20;0.07286;0.07228;0.0005816;-11.375;-11.410;-32.354;1.00;133.33;
2025-11-20 18:00:59.15;0.00:00:35:504;1.00;0.00;0.00;0.07283;0.07229;-0.000141;0.0001294;-0.06;0.05;99.25;0.18;99.25;0.07283;0.07229;0.0005455;-11.377;-11.409;-32.632;1.00;137.45;
2025-11-20 18:00:59.19;0.00:00:35:547;1.00;0.00;0.00;0.07237;0.07182;-0.0001267;0.0001062;-0.05;0.04;99.24;0.15;99.24;0.07237;0.07182;0.000553;-11.404;-11.438;-32.573;1.00;140.04;
2025-11-20 18:00:59.26;0.00:00:35:613;1.00;0.00;0.00;0.07249;0.07191;-0.0001023;0.0001196;-0.04;0.05;99.21;0.16;99.21;0.07249;0.07191;0.0005741;-11.397;-11.432;-32.410;1.00;130.55;
2025-11-20 18:00:59.31;0.00:00:35:660;1.00;0.00;0.00;0.07248;0.07193;-0.0001181;0.0001161;-0.05;0.05;99.25;0.16;99.25;0.07248;0.07193;0.0005461;-11.398;-11.431;-32.628;1.00;135.47;
2025-11-20 18:00:59.35;0.00:00:35:708;1.00;0.00;0.00;0.07247;0.07191;-0.0001055;0.0001094;-0.04;0.04;99.22;0.15;99.22;0.07247;0.07191;0.0005659;-11.398;-11.432;-32.472;1.00;133.95;
2025-11-20 18:00:59.40;0.00:00:35:755;1.00;0.00;0.00;0.07239;0.07184;-0.0001258;0.000118;-0.05;0.05;99.24;0.16;99.24;0.07239;0.07184;0.0005486;-11.403;-11.436;-32.607;1.00;136.84;
2025-11-20 18:00:59.45;0.00:00:35:801;1.00;0.00;0.00;0.0724;0.07182;-8.791E-05;0.0001152;-0.04;0.05;99.20;0.16;99.20;0.0724;0.07182;0.0005774;-11.403;-11.438;-32.385;1.00;127.34;
2025-11-20 18:00:59.49;0.00:00:35:849;1.00;0.00;0.00;0.07236;0.0718;-0.0001202;0.0001241;-0.05;0.05;99.23;0.17;99.23;0.07236;0.0718;0.0005551;-11.405;-11.439;-32.557;1.00;134.09;
2025-11-20 18:00:59.55;0.00:00:35:905;1.00;0.00;0.00;0.07261;0.07203;-7.044E-05;0.0001136;-0.03;0.05;99.20;0.16;99.20;0.07261;0.07203;0.0005794;-11.390;-11.425;-32.370;1.00;121.81;
2025-11-20 18:00:59.60;0.00:00:35:952;1.00;0.00;0.00;0.07252;0.07196;-0.0001181;0.0001113;-0.05;0.04;99.23;0.15;99.23;0.07252;0.07196;0.0005585;-11.395;-11.429;-32.530;1.00;136.70;
2025-11-20 18:00:59.65;0.00:00:36:005;1.00;0.00;0.00;0.07244;0.0719;-0.0001301;0.0001117;-0.05;0.04;99.26;0.15;99.26;0.07244;0.0719;0.000538;-11.400;-11.433;-32.692;1.00;139.35;
2025-11-20 18:00:59.70;0.00:00:36:058;1.00;0.00;0.00;0.07244;0.07186;-0.0001227;0.0001277;-0.05;0.05;99.20;0.18;99.20;0.07244;0.07186;0.0005802;-11.400;-11.435;-32.364;1.00;133.86;
2025-11-20 18:00:59.75;0.00:00:36:104;1.00;0.00;0.00;0.07246;0.07186;-8.444E-05;0.0001179;-0.03;0.05;99.17;0.16;99.17;0.07246;0.07186;0.0006012;-11.399;-11.435;-32.210;1.00;125.60;
2025-11-20 18:00:59.82;0.00:00:36:171;1.00;0.00;0.00;0.0728;0.07221;-9.645E-05;0.0001004;-0.04;0.04;99.19;0.14;99.19;0.0728;0.07221;0.0005891;-11.379;-11.414;-32.298;1.00;133.84;
2025-11-20 18:00:59.87;0.00:00:36:222;1.00;0.00;0.00;0.07328;0.07272;-0.0001329;0.0001389;-0.05;0.05;99.24;0.19;99.24;0.07328;0.07272;0.0005573;-11.350;-11.383;-32.539;1.00;133.73;
2025-11-20 18:00:59.92;0.00:00:36:271;1.00;0.00;0.00;0.07292;0.07242;-0.0001875;0.0001257;-0.07;0.05;99.31;0.17;99.31;0.07292;0.07242;0.0005043;-11.371;-11.401;-32.974;1.00;146.18;
2025-11-20 18:00:59.97;0.00:00:36:322;1.00;0.00;0.00;0.07273;0.07212;-5.692E-05;0.0001061;-0.02;0.04;99.16;0.15;99.16;0.07273;0.07212;0.0006121;-11.383;-11.419;-32.132;1.00;118.20;
2025-11-20 18:01:00.04;0.00:00:36:391;1.00;0.00;0.00;0.07279;0.07223;-0.0001232;0.000121;-0.05;0.05;99.24;0.17;99.24;0.07279;0.07223;0.0005504;-11.380;-11.413;-32.593;1.00;135.52;
2025-11-20 18:01:00.08;0.00:00:36:438;1.00;0.00;0.00;0.07277;0.07225;-0.0001229;0.0001151;-0.05;0.05;99.28;0.16;99.28;0.07277;0.07225;0.0005235;-11.380;-11.412;-32.811;1.00;136.87;
2025-11-20 18:01:00.13;0.00:00:36:487;1.00;0.00;0.00;0.07258;0.07203;-0.0001582;0.0001163;-0.06;0.05;99.23;0.16;99.23;0.07258;0.07203;0.0005581;-11.392;-11.425;-32.533;1.00;143.68;
2025-11-20 18:01:00.18;0.00:00:36:534;1.00;0.00;0.00;0.07274;0.07214;-9.689E-05;0.0001108;-0.04;0.04;99.17;0.15;99.17;0.07274;0.07214;0.0006042;-11.382;-11.418;-32.188;1.00;131.16;
2025-11-20 18:01:00.23;0.00:00:36:589;1.00;0.00;0.00;0.07302;0.07239;-5.451E-05;0.0001168;-0.02;0.05;99.15;0.16;99.14;0.07302;0.07239;0.0006243;-11.366;-11.403;-32.046;1.00;115.02;
2025-11-20 18:01:00.29;0.00:00:36:642;1.00;0.00;0.00;0.07273;0.07218;-0.0001374;0.0001105;-0.05;0.04;99.24;0.15;99.24;0.07273;0.07218;0.0005537;-11.383;-11.416;-32.567;1.00;141.19;
2025-11-20 18:01:00.34;0.00:00:36:694;1.00;0.00;0.00;0.07286;0.07228;-5.83E-05;0.0001199;-0.02;0.05;99.20;0.16;99.20;0.07286;0.07228;0.0005804;-11.375;-11.410;-32.363;1.00;115.93;
2025-11-20 18:01:00.40;0.00:00:36:751;1.00;0.00;0.00;0.07269;0.07215;-0.0001504;0.0001134;-0.06;0.05;99.26;0.16;99.26;0.07269;0.07215;0.0005391;-11.385;-11.418;-32.683;1.00;142.98;
2025-11-20 18:01:00.45;0.00:00:36:803;1.00;0.00;0.00;0.07256;0.07201;-9.208E-05;0.0001226;-0.04;0.05;99.24;0.17;99.24;0.07256;0.07201;0.000552;-11.393;-11.426;-32.581;1.00;126.91;
2025-11-20 18:01:00.51;0.00:00:36:867;1.00;0.00;0.00;0.07259;0.07198;-9.69E-05;0.0001102;-0.04;0.04;99.16;0.15;99.16;0.07259;0.07198;0.0006114;-11.391;-11.428;-32.137;1.00;131.33;
2025-11-20 18:01:00.57;0.00:00:36:929;1.00;0.00;0.00;0.07249;0.07191;-0.0001349;0.000106;-0.05;0.04;99.21;0.15;99.21;0.07249;0.07191;0.000575;-11.397;-11.432;-32.403;1.00;141.85;
2025-11-20 18:01:00.62;0.00:00:36:979;1.00;0.00;0.00;0.0728;0.07223;-8.54E-05;0.0001204;-0.03;0.05;99.22;0.17;99.22;0.0728;0.07223;0.0005652;-11.379;-11.413;-32.478;1.00;125.35;
2025-11-20 18:01:00.68;0.00:00:37:032;1.00;0.00;0.00;0.07284;0.0723;-0.0001105;0.000121;-0.04;0.05;99.26;0.17;99.26;0.07284;0.0723;0.0005381;-11.377;-11.409;-32.692;1.00;132.39;
2025-11-20 18:01:00.73;0.00:00:37:081;1.00;0.00;0.00;0.07275;0.07217;-0.0001022;0.0001138;-0.04;0.05;99.21;0.16;99.21;0.07275;0.07217;0.0005771;-11.382;-11.417;-32.387;1.00;131.93;
2025-11-20 18:01:00.78;0.00:00:37:134;1.00;0.00;0.00;0.07286;0.07227;-9.096E-05;0.0001099;-0.04;0.04;99.18;0.15;99.18;0.07286;0.07227;0.0005969;-11.375;-11.411;-32.241;1.00;129.61;
2025-11-20 18:01:00.83;0.00:00:37:180;1.00;0.00;0.00;0.07309;0.07251;-7.057E-05;0.0001147;-0.03;0.05;99.21;0.16;99.21;0.07309;0.07251;0.0005805;-11.361;-11.396;-32.362;1.00;121.59;
2025-11-20 18:01:00.87;0.00:00:37:225;1.00;0.00;0.00;0.07319;0.0726;-0.0001187;0.0001198;-0.05;0.05;99.20;0.16;99.20;0.07319;0.0726;0.0005877;-11.355;-11.390;-32.309;1.00;134.74;
2025-11-20 18:01:00.92;0.00:00:37:275;1.00;0.00;0.00;0.07283;0.07228;-0.0001512;0.0001198;-0.06;0.05;99.25;0.16;99.25;0.07283;0.07228;0.0005472;-11.377;-11.410;-32.618;1.00;141.62;
2025-11-20 18:01:00.98;0.00:00:37:336;1.00;0.00;0.00;0.07278;0.07219;-8.999E-05;0.0001112;-0.04;0.04;99.19;0.15;99.19;0.07278;0.07219;0.0005902;-11.380;-11.415;-32.290;1.00;128.99;
2025-11-20 18:01:01.03;0.00:00:37:385;1.00;0.00;0.00;0.07316;0.0726;-6.892E-05;0.0001192;-0.03;0.05;99.23;0.16;99.23;0.07316;0.0726;0.0005657;-11.357;-11.391;-32.474;1.00;120.04;
2025-11-20 18:01:01.08;0.00:00:37:439;1.00;0.00;0.00;0.0732;0.07265;-0.0001442;0.0001248;-0.06;0.05;99.25;0.17;99.25;0.0732;0.07265;0.000548;-11.355;-11.387;-32.612;1.00;139.14;
2025-11-20 18:01:01.14;0.00:00:37:492;1.00;0.00;0.00;0.07257;0.07201;-0.0001227;0.0001105;-0.05;0.04;99.24;0.15;99.24;0.07257;0.07201;0.0005544;-11.393;-11.426;-32.562;1.00;137.98;
2025-11-20 18:01:01.20;0.00:00:37:553;1.00;0.00;0.00;0.07252;0.07193;-9.312E-05;0.0001136;-0.04;0.05;99.18;0.16;99.18;0.07252;0.07193;0.0005923;-11.395;-11.431;-32.275;1.00;129.35;
2025-11-20 18:01:01.25;0.00:00:37:604;1.00;0.00;0.00;0.07278;0.07216;-3.131E-05;0.0001011;-0.01;0.04;99.15;0.14;99.15;0.07278;0.07216;0.0006188;-11.380;-11.417;-32.085;1.00;107.21;
2025-11-20 18:01:01.30;0.00:00:37:654;1.00;0.00;0.00;0.07235;0.07185;-0.0001958;0.000131;-0.08;0.05;99.30;0.18;99.30;0.07235;0.07185;0.0005054;-11.406;-11.436;-32.963;1.00;146.21;
2025-11-20 18:01:01.35;0.00:00:37:705;1.00;0.00;0.00;0.07219;0.07163;-9.762E-05;0.000117;-0.04;0.05;99.23;0.16;99.23;0.07219;0.07163;0.0005545;-11.416;-11.449;-32.561;1.00;129.84;
2025-11-20 18:01:01.40;0.00:00:37:750;1.00;0.00;0.00;0.07258;0.07191;2.777E-05;8.521E-05;0.01;0.03;99.08;0.12;99.08;0.07258;0.07191;0.0006703;-11.392;-11.432;-31.737;1.00;71.95;
2025-11-20 18:01:01.44;0.00:00:37:797;1.00;0.00;0.00;0.07298;0.07245;-9.999E-05;0.00014;-0.04;0.06;99.27;0.19;99.27;0.07298;0.07245;0.0005341;-11.368;-11.400;-32.724;1.00;125.53;
2025-11-20 18:01:01.50;0.00:00:37:850;1.00;0.00;0.00;0.07286;0.07232;-0.0001291;0.0001187;-0.05;0.05;99.27;0.16;99.27;0.07286;0.07232;0.0005334;-11.375;-11.407;-32.729;1.00;137.39;
2025-11-20 18:01:01.54;0.00:00:37:897;1.00;0.00;0.00;0.07283;0.07227;-8.999E-05;0.0001192;-0.04;0.05;99.22;0.16;99.22;0.07283;0.07227;0.0005681;-11.377;-11.411;-32.455;1.00;127.06;
2025-11-20 18:01:01.59;0.00:00:37:942;1.00;0.00;0.00;0.07275;0.0722;-0.0001377;0.0001192;-0.05;0.05;99.25;0.16;99.25;0.07275;0.0722;0.0005435;-11.382;-11.414;-32.648;1.00;139.12;
2025-11-20 18:01:01.64;0.00:00:37:990;1.00;0.00;0.00;0.07246;0.07188;-8.305E-05;0.00011;-0.03;0.04;99.20;0.15;99.20;0.07246;0.07188;0.0005804;-11.399;-11.434;-32.363;1.00;127.06;
2025-11-20 18:01:01.69;0.00:00:38:042;1.00;0.00;0.00;0.07245;0.07191;-0.0001218;0.0001149;-0.05;0.05;99.25;0.16;99.25;0.07245;0.07191;0.0005436;-11.400;-11.432;-32.647;1.00;136.67;
2025-11-20 18:01:01.75;0.00:00:38:100;1.00;0.00;0.00;0.07235;0.07179;-0.0001078;0.0001169;-0.04;0.05;99.22;0.16;99.22;0.07235;0.07179;0.0005671;-11.405;-11.440;-32.463;1.00;132.69;
2025-11-20 18:01:01.79;0.00:00:38:146;1.00;0.00;0.00;0.07247;0.07191;-9.922E-05;0.0001162;-0.04;0.05;99.23;0.16;99.23;0.07247;0.07191;0.0005604;-11.398;-11.432;-32.515;1.00;130.49;
2025-11-20 18:01:01.84;0.00:00:38:193;1.00;0.00;0.00;0.07274;0.07215;-7.717E-05;0.0001076;-0.03;0.04;99.19;0.15;99.19;0.07274;0.07215;0.0005869;-11.382;-11.417;-32.314;1.00;125.64;
2025-11-20 18:01:01.89;0.00:00:38:240;1.00;0.00;0.00;0.07297;0.07241;-8.566E-05;0.0001239;-0.03;0.05;99.23;0.17;99.23;0.07297;0.07241;0.0005627;-11.369;-11.402;-32.497;1.00;124.65;
2025-11-20 18:01:01.93;0.00:00:38:287;1.00;0.00;0.00;0.07286;0.07235;-0.0001288;0.0001208;-0.05;0.05;99.29;0.17;99.29;0.07286;0.07235;0.0005167;-11.375;-11.406;-32.867;1.00;136.85;
2025-11-20 18:01:01.98;0.00:00:38:333;1.00;0.00;0.00;0.07275;0.07221;-0.0001318;0.0001146;-0.05;0.05;99.26;0.16;99.26;0.07275;0.07221;0.0005384;-11.382;-11.414;-32.689;1.00;139.00;
2025-11-20 18:01:02.03;0.00:00:38:382;1.00;0.00;0.00;0.07269;0.07212;-0.0001096;0.0001174;-0.04;0.05;99.23;0.16;99.23;0.07269;0.07213;0.0005612;-11.385;-11.419;-32.509;1.00;133.04;
2025-11-20 18:01:02.07;0.00:00:38:429;1.00;0.00;0.00;0.07279;0.07227;-0.0001665;0.0001432;-0.07;0.06;99.29;0.20;99.29;0.07279;0.07227;0.0005199;-11.379;-11.410;-32.840;1.00;139.30;
2025-11-20 18:01:02.12;0.00:00:38:476;1.00;0.00;0.00;0.0726;0.07205;-0.0001165;0.000112;-0.05;0.04;99.24;0.15;99.24;0.0726;0.07205;0.000552;-11.391;-11.424;-32.581;1.00;136.13;
2025-11-20 18:01:02.17;0.00:00:38:523;1.00;0.00;0.00;0.07259;0.07203;-0.0001071;0.000118;-0.04;0.05;99.24;0.16;99.24;0.07259;0.07203;0.000553;-11.391;-11.425;-32.573;1.00;132.23;
2025-11-20 18:01:02.21;0.00:00:38:569;1.00;0.00;0.00;0.0728;0.07221;-5.897E-05;0.0001081;-0.02;0.04;99.19;0.15;99.19;0.0728;0.07221;0.0005932;-11.379;-11.414;-32.268;1.00;118.60;
2025-11-20 18:01:02.26;0.00:00:38:616;1.00;0.00;0.00;0.07294;0.07236;-0.0001007;0.0001188;-0.04;0.05;99.21;0.16;99.21;0.07294;0.07236;0.0005796;-11.370;-11.405;-32.368;1.00;130.28;
2025-11-20 18:01:02.31;0.00:00:38:662;1.00;0.00;0.00;0.07281;0.07224;-0.0001093;0.0001085;-0.04;0.04;99.21;0.15;99.21;0.07281;0.07224;0.0005725;-11.378;-11.412;-32.423;1.00;135.21;
2025-11-20 18:01:02.35;0.00:00:38:708;1.00;0.00;0.00;0.0728;0.07225;-0.0001626;0.0001312;-0.06;0.05;99.25;0.18;99.25;0.0728;0.07225;0.000545;-11.379;-11.411;-32.636;1.00;141.11;
2025-11-20 18:01:02.40;0.00:00:38:756;1.00;0.00;0.00;0.07254;0.07201;-0.000166;0.0001139;-0.07;0.05;99.26;0.16;99.26;0.07254;0.07201;0.0005356;-11.394;-11.426;-32.712;1.00;145.55;
2025-11-20 18:01:02.45;0.00:00:38:803;1.00;0.00;0.00;0.07281;0.07222;-7.208E-05;0.0001116;-0.03;0.04;99.19;0.15;99.19;0.07281;0.07222;0.0005864;-11.378;-11.413;-32.318;1.00;122.86;
2025-11-20 18:01:02.49;0.00:00:38:848;1.00;0.00;0.00;0.07292;0.07235;-0.0001027;0.0001089;-0.04;0.04;99.21;0.15;99.21;0.07292;0.07235;0.0005739;-11.372;-11.406;-32.412;1.00;133.34;
2025-11-20 18:01:02.54;0.00:00:38:895;1.00;0.00;0.00;0.07318;0.07255;-1.847E-05;0.0001086;-0.01;0.04;99.14;0.15;99.14;0.07318;0.07255;0.0006297;-11.356;-11.394;-32.009;1.00;99.65;
2025-11-20 18:01:02.59;0.00:00:38:941;1.00;0.00;0.00;0.07276;0.0722;-0.00012;0.000112;-0.05;0.04;99.23;0.15;99.23;0.07276;0.0722;0.0005615;-11.381;-11.415;-32.506;1.00;136.98;
2025-11-20 18:01:02.63;0.00:00:38:989;1.00;0.00;0.00;0.07272;0.07216;-0.0001175;0.000119;-0.05;0.05;99.24;0.16;99.24;0.07272;0.07216;0.0005561;-11.384;-11.417;-32.548;1.00;134.63;
2025-11-20 18:01:02.68;0.00:00:39:036;1.00;0.00;0.00;0.07287;0.07226;-3.258E-05;9.649E-05;-0.01;0.04;99.17;0.13;99.17;0.07287;0.07226;0.0006032;-11.375;-11.411;-32.195;1.00;108.66;
2025-11-20 18:01:02.73;0.00:00:39:081;1.00;0.00;0.00;0.07291;0.07234;-0.0001123;0.0001184;-0.04;0.05;99.22;0.16;99.22;0.07291;0.07234;0.0005693;-11.372;-11.406;-32.447;1.00;133.49;
2025-11-20 18:01:02.77;0.00:00:39:128;1.00;0.00;0.00;0.07299;0.07243;-0.0001063;0.0001254;-0.04;0.05;99.22;0.17;99.22;0.07299;0.07243;0.0005659;-11.367;-11.401;-32.472;1.00;130.27;
2025-11-20 18:01:02.82;0.00:00:39:177;1.00;0.00;0.00;0.07277;0.07224;-0.0001388;0.0001294;-0.06;0.05;99.27;0.18;99.27;0.07277;0.07224;0.0005342;-11.380;-11.412;-32.723;1.00;137.01;
2025-11-20 18:01:02.87;0.00:00:39:226;1.00;0.00;0.00;0.07263;0.07209;-0.0001314;0.0001181;-0.05;0.05;99.26;0.16;99.26;0.07263;0.07209;0.0005376;-11.389;-11.421;-32.695;1.00;138.06;
2025-11-20 18:01:02.93;0.00:00:39:285;1.00;0.00;0.00;0.07257;0.072;-0.0001166;0.000124;-0.05;0.05;99.21;0.17;99.21;0.07257;0.072;0.0005697;-11.393;-11.427;-32.444;1.00;133.25;
2025-11-20 18:01:02.98;0.00:00:39:332;1.00;0.00;0.00;0.07254;0.07198;-8.295E-05;0.0001144;-0.03;0.05;99.23;0.16;99.23;0.07254;0.07198;0.0005605;-11.394;-11.428;-32.514;1.00;125.94;
2025-11-20 18:01:03.02;0.00:00:39:379;1.00;0.00;0.00;0.07282;0.07222;-6.543E-05;0.0001085;-0.03;0.04;99.17;0.15;99.17;0.07282;0.07222;0.0006029;-11.377;-11.413;-32.198;1.00;121.10;
2025-11-20 18:01:03.07;0.00:00:39:426;1.00;0.00;0.00;0.07296;0.07236;-7.635E-05;0.0001112;-0.03;0.04;99.18;0.15;99.18;0.07296;0.07237;0.0005999;-11.369;-11.405;-32.219;1.00;124.48;
2025-11-20 18:01:03.12;0.00:00:39:474;1.00;0.00;0.00;0.07294;0.07241;-0.0001325;0.00011;-0.05;0.04;99.27;0.15;99.27;0.07294;0.07241;0.0005342;-11.370;-11.402;-32.723;1.00;140.28;
2025-11-20 18:01:03.17;0.00:00:39:521;1.00;0.00;0.00;0.0729;0.07229;-7.543E-05;9.853E-05;-0.03;0.04;99.17;0.14;99.17;0.0729;0.07229;0.0006051;-11.373;-11.409;-32.182;1.00;127.43;
2025-11-20 18:01:03.21;0.00:00:39:567;1.00;0.00;0.00;0.07305;0.0725;-9.205E-05;0.0001277;-0.04;0.05;99.25;0.17;99.25;0.07305;0.0725;0.0005459;-11.364;-11.397;-32.629;1.00;125.78;
2025-11-20 18:01:03.26;0.00:00:39:613;1.00;0.00;0.00;0.07275;0.07219;-0.0001373;0.0001136;-0.05;0.05;99.24;0.16;99.24;0.07275;0.07219;0.0005519;-11.382;-11.415;-32.581;1.00;140.40;
2025-11-20 18:01:03.31;0.00:00:39:661;1.00;0.00;0.00;0.07281;0.07222;-7.988E-05;0.0001158;-0.03;0.05;99.20;0.16;99.20;0.07281;0.07222;0.0005851;-11.378;-11.413;-32.328;1.00;124.60;
2025-11-20 18:01:03.35;0.00:00:39:708;1.00;0.00;0.00;0.07275;0.07219;-0.000132;0.0001139;-0.05;0.05;99.24;0.16;99.24;0.07275;0.07219;0.0005561;-11.382;-11.415;-32.548;1.00;139.21;
2025-11-20 18:01:03.40;0.00:00:39:754;1.00;0.00;0.00;0.0727;0.07213;-5.393E-05;0.0001023;-0.02;0.04;99.21;0.14;99.21;0.0727;0.07213;0.0005745;-11.384;-11.419;-32.407;1.00;117.81;
2025-11-20 18:01:03.45;0.00:00:39:803;1.00;0.00;0.00;0.07279;0.07226;-0.0001126;0.0001154;-0.04;0.05;99.27;0.16;99.27;0.07279;0.07226;0.0005332;-11.379;-11.411;-32.731;1.00;134.29;
2025-11-20 18:01:03.50;0.00:00:39:850;1.00;0.00;0.00;0.07286;0.07229;-0.0001095;0.000127;-0.04;0.05;99.22;0.17;99.22;0.07286;0.07229;0.0005703;-11.375;-11.409;-32.439;1.00;130.77;
2025-11-20 18:01:03.54;0.00:00:39:894;1.00;0.00;0.00;0.07254;0.07198;-0.0001135;0.0001297;-0.05;0.05;99.23;0.18;99.23;0.07254;0.07198;0.000561;-11.394;-11.428;-32.510;1.00;131.18;
2025-11-20 18:01:03.59;0.00:00:39:944;1.00;0.00;0.00;0.07245;0.0719;-0.0001137;0.0001177;-0.05;0.05;99.23;0.16;99.23;0.07245;0.0719;0.0005573;-11.399;-11.433;-32.539;1.00;134.03;
2025-11-20 18:01:03.64;0.00:00:39:997;1.00;0.00;0.00;0.07264;0.07207;-7.48E-05;0.0001147;-0.03;0.05;99.21;0.16;99.21;0.07264;0.07207;0.000575;-11.388;-11.423;-32.404;1.00;123.10;
2025-11-20 18:01:03.70;0.00:00:40:053;1.00;0.00;0.00;0.0728;0.07225;-9.566E-05;0.0001243;-0.04;0.05;99.25;0.17;99.25;0.0728;0.07225;0.0005485;-11.379;-11.411;-32.608;1.00;127.58;
2025-11-20 18:01:03.75;0.00:00:40:106;1.00;0.00;0.00;0.07276;0.07221;-0.0001278;0.0001129;-0.05;0.04;99.25;0.16;99.25;0.07276;0.07221;0.0005463;-11.381;-11.414;-32.626;1.00;138.53;
2025-11-20 18:01:03.80;0.00:00:40:158;1.00;0.00;0.00;0.07266;0.07211;-0.0001378;0.0001164;-0.05;0.05;99.23;0.16;99.23;0.07266;0.07211;0.0005573;-11.387;-11.420;-32.539;1.00;139.81;
2025-11-20 18:01:03.85;0.00:00:40:209;1.00;0.00;0.00;0.07264;0.07206;-5.269E-05;0.0001064;-0.02;0.04;99.21;0.15;99.21;0.07264;0.07206;0.0005752;-11.389;-11.423;-32.402;1.00;116.34;
2025-11-20 18:01:03.91;0.00:00:40:260;1.00;0.00;0.00;0.07288;0.07232;-0.0001327;0.0001265;-0.05;0.05;99.23;0.17;99.23;0.07288;0.07232;0.00056;-11.374;-11.408;-32.518;1.00;136.36;
2025-11-20 18:01:03.95;0.00:00:40:308;1.00;0.00;0.00;0.07266;0.07207;-0.0001447;0.0001073;-0.06;0.04;99.19;0.15;99.19;0.07266;0.07207;0.0005854;-11.387;-11.422;-32.325;1.00;143.45;
2025-11-20 18:01:04.01;0.00:00:40:360;1.00;0.00;0.00;0.07312;0.0725;-4.745E-05;0.0001092;-0.02;0.04;99.15;0.15;99.15;0.07312;0.0725;0.000622;-11.360;-11.397;-32.062;1.00;113.49;
2025-11-20 18:01:04.06;0.00:00:40:413;1.00;0.00;0.00;0.07312;0.07259;-0.000181;0.0001437;-0.07;0.06;99.27;0.20;99.27;0.07312;0.07259;0.0005371;-11.359;-11.391;-32.699;1.00;141.56;
2025-11-20 18:01:04.12;0.00:00:40:473;1.00;0.00;0.00;0.07285;0.07229;-0.000123;0.0001287;-0.05;0.05;99.23;0.18;99.23;0.07285;0.07229;0.0005625;-11.376;-11.409;-32.499;1.00;133.69;
2025-11-20 18:01:04.17;0.00:00:40:524;1.00;0.00;0.00;0.07247;0.07192;-0.00013;0.000108;-0.05;0.04;99.23;0.15;99.23;0.07247;0.07192;0.0005551;-11.398;-11.432;-32.556;1.00;140.28;
2025-11-20 18:01:04.22;0.00:00:40:578;1.00;0.00;0.00;0.07246;0.0719;-0.0001194;0.0001177;-0.05;0.05;99.23;0.16;99.23;0.07246;0.0719;0.0005576;-11.399;-11.432;-32.537;1.00;135.42;
2025-11-20 18:01:04.27;0.00:00:40:628;1.00;0.00;0.00;0.07273;0.07216;-0.000104;0.0001288;-0.04;0.05;99.23;0.18;99.23;0.07273;0.07216;0.000561;-11.383;-11.417;-32.510;1.00;128.91;
2025-11-20 18:01:04.32;0.00:00:40:677;1.00;0.00;0.00;0.07261;0.07205;-0.0001301;0.0001194;-0.05;0.05;99.23;0.16;99.23;0.07261;0.07205;0.0005613;-11.390;-11.424;-32.508;1.00;137.47;
2025-11-20 18:01:04.37;0.00:00:40:729;1.00;0.00;0.00;0.07269;0.0721;-7.046E-05;0.0001002;-0.03;0.04;99.19;0.14;99.19;0.07269;0.0721;0.00059;-11.385;-11.421;-32.291;1.00;125.12;
2025-11-20 18:01:04.44;0.00:00:40:791;1.00;0.00;0.00;0.07283;0.07228;-0.0001494;0.0001213;-0.06;0.05;99.24;0.17;99.24;0.07283;0.07228;0.0005557;-11.377;-11.410;-32.552;1.00;140.92;
2025-11-20 18:01:04.49;0.00:00:40:843;1.00;0.00;0.00;0.07262;0.07205;-9.658E-05;0.0001174;-0.04;0.05;99.21;0.16;99.21;0.07262;0.07205;0.0005707;-11.389;-11.423;-32.436;1.00;129.45;
2025-11-20 18:01:04.54;0.00:00:40:892;1.00;0.00;0.00;0.07261;0.07205;-0.0001153;0.0001308;-0.05;0.05;99.23;0.18;99.23;0.07261;0.07205;0.000559;-11.390;-11.424;-32.526;1.00;131.39;
2025-11-20 18:01:04.59;0.00:00:40:943;1.00;0.00;0.00;0.07259;0.07201;-6.9E-05;0.0001168;-0.03;0.05;99.20;0.16;99.20;0.07259;0.07201;0.0005796;-11.391;-11.426;-32.369;1.00;120.57;
2025-11-20 18:01:04.64;0.00:00:40:995;1.00;0.00;0.00;0.07254;0.07199;-0.0001486;0.0001212;-0.06;0.05;99.24;0.17;99.24;0.07254;0.07199;0.0005489;-11.394;-11.427;-32.605;1.00;140.81;
2025-11-20 18:01:04.70;0.00:00:41:056;1.00;0.00;0.00;0.07265;0.07207;-0.0001098;0.0001195;-0.04;0.05;99.21;0.16;99.21;0.07265;0.07207;0.0005736;-11.388;-11.422;-32.414;1.00;132.59;
2025-11-20 18:01:04.75;0.00:00:41:109;1.00;0.00;0.00;0.07259;0.07205;-0.0001082;0.0001218;-0.04;0.05;99.26;0.17;99.26;0.07259;0.07205;0.0005363;-11.391;-11.423;-32.706;1.00;131.64;
2025-11-20 18:01:04.80;0.00:00:41:159;1.00;0.00;0.00;0.07262;0.07205;-7.663E-05;0.0001102;-0.03;0.04;99.21;0.15;99.21;0.07262;0.07205;0.0005717;-11.390;-11.424;-32.429;1.00;124.81;
2025-11-20 18:01:04.85;0.00:00:41:208;1.00;0.00;0.00;0.07275;0.07221;-0.0001389;0.0001217;-0.06;0.05;99.26;0.17;99.26;0.07275;0.07221;0.0005412;-11.382;-11.414;-32.667;1.00;138.76;
2025-11-20 18:01:04.90;0.00:00:41:258;1.00;0.00;0.00;0.07263;0.07208;-0.0001295;0.0001205;-0.05;0.05;99.25;0.17;99.25;0.07263;0.07208;0.0005457;-11.389;-11.422;-32.630;1.00;137.07;
2025-11-20 18:01:04.96;0.00:00:41:310;1.00;0.00;0.00;0.07277;0.0722;-7.075E-05;0.0001142;-0.03;0.05;99.21;0.16;99.21;0.07277;0.0722;0.0005746;-11.380;-11.415;-32.406;1.00;121.78;
2025-11-20 18:01:05.02;0.00:00:41:371;1.00;0.00;0.00;0.07289;0.07232;-0.0001156;0.0001127;-0.05;0.04;99.22;0.15;99.22;0.07289;0.07232;0.0005689;-11.374;-11.408;-32.449;1.00;135.72;
2025-11-20 18:01:05.07;0.00:00:41:423;1.00;0.00;0.00;0.07271;0.07215;-0.0001278;0.0001061;-0.05;0.04;99.23;0.15;99.23;0.07271;0.07215;0.0005602;-11.384;-11.418;-32.517;1.00;140.31;
2025-11-20 18:01:05.12;0.00:00:41:475;1.00;0.00;0.00;0.07264;0.07211;-0.0001389;0.0001234;-0.06;0.05;99.27;0.17;99.27;0.07264;0.07211;0.0005299;-11.388;-11.420;-32.758;1.00;138.37;
2025-11-20 18:01:05.18;0.00:00:41:531;1.00;0.00;0.00;0.07254;0.072;-0.0001221;0.0001249;-0.05;0.05;99.26;0.17;99.26;0.07254;0.072;0.0005362;-11.395;-11.427;-32.706;1.00;134.35;
2025-11-20 18:01:05.22;0.00:00:41:576;1.00;0.00;0.00;0.07248;0.07193;-0.0001082;0.0001173;-0.04;0.05;99.24;0.16;99.24;0.07248;0.07193;0.000552;-11.398;-11.431;-32.581;1.00;132.69;
2025-11-20 18:01:05.27;0.00:00:41:625;1.00;0.00;0.00;0.07233;0.07175;-0.0001237;0.0001203;-0.05;0.05;99.21;0.17;99.21;0.07233;0.07175;0.0005742;-11.407;-11.442;-32.409;1.00;135.79;
2025-11-20 18:01:05.33;0.00:00:41:683;1.00;0.00;0.00;0.07234;0.07176;-8.041E-05;0.000117;-0.03;0.05;99.20;0.16;99.20;0.07234;0.07176;0.0005787;-11.406;-11.441;-32.376;1.00;124.50;
2025-11-20 18:01:05.38;0.00:00:41:738;1.00;0.00;0.00;0.07255;0.07194;-6.878E-05;0.0001151;-0.03;0.05;99.17;0.16;99.17;0.07255;0.07194;0.0006038;-11.394;-11.430;-32.191;1.00;120.87;
2025-11-20 18:01:05.43;0.00:00:41:789;1.00;0.00;0.00;0.07257;0.07204;-0.0001314;0.0001187;-0.05;0.05;99.27;0.16;99.27;0.07257;0.07204;0.0005291;-11.393;-11.424;-32.765;1.00;137.90;
2025-11-20 18:01:05.49;0.00:00:41:843;1.00;0.00;0.00;0.07246;0.07188;-0.0001261;0.0001167;-0.05;0.05;99.20;0.16;99.20;0.07246;0.07188;0.0005808;-11.399;-11.434;-32.360;1.00;137.21;
2025-11-20 18:01:05.54;0.00:00:41:894;1.00;0.00;0.00;0.07239;0.07186;-0.0001003;0.0001167;-0.04;0.05;99.27;0.16;99.27;0.07239;0.07186;0.0005293;-11.403;-11.435;-32.763;1.00;130.68;
2025-11-20 18:01:05.59;0.00:00:41:944;1.00;0.00;0.00;0.0727;0.0721;-1.172E-05;0.000103;0.00;0.04;99.17;0.14;99.17;0.0727;0.0721;0.0006002;-11.385;-11.421;-32.217;1.00;96.49;
2025-11-20 18:01:05.64;0.00:00:41:996;1.00;0.00;0.00;0.07288;0.07232;-0.0001553;0.000115;-0.06;0.05;99.24;0.16;99.24;0.07288;0.07232;0.000555;-11.374;-11.407;-32.557;1.00;143.48;
2025-11-20 18:01:05.69;0.00:00:42:045;1.00;0.00;0.00;0.07289;0.07232;-0.0001052;0.0001214;-0.04;0.05;99.22;0.17;99.22;0.07289;0.07232;0.0005715;-11.373;-11.407;-32.430;1.00;130.90;
2025-11-20 18:01:05.74;0.00:00:42:092;1.00;0.00;0.00;0.07313;0.07257;-0.0001236;0.0001268;-0.05;0.05;99.24;0.17;99.24;0.07313;0.07257;0.0005558;-11.359;-11.392;-32.551;1.00;134.28;
2025-11-20 18:01:05.78;0.00:00:42:140;1.00;0.00;0.00;0.07296;0.07242;-0.0001397;0.0001299;-0.06;0.05;99.25;0.18;99.25;0.07296;0.07242;0.0005477;-11.369;-11.402;-32.615;1.00;137.09;
2025-11-20 18:01:05.83;0.00:00:42:189;1.00;0.00;0.00;0.07277;0.07221;-9.101E-05;0.0001163;-0.04;0.05;99.23;0.16;99.23;0.07277;0.07221;0.0005603;-11.380;-11.414;-32.516;1.00;128.04;
2025-11-20 18:01:05.88;0.00:00:42:239;1.00;0.00;0.00;0.07289;0.0723;-9.21E-05;0.0001123;-0.04;0.04;99.20;0.15;99.20;0.07289;0.0723;0.0005857;-11.374;-11.409;-32.323;1.00;129.36;
2025-11-20 18:01:05.94;0.00:00:42:291;1.00;0.00;0.00;0.07272;0.07214;-0.0001351;0.0001238;-0.05;0.05;99.21;0.17;99.21;0.07272;0.07214;0.000578;-11.384;-11.418;-32.381;1.00;137.51;
2025-11-20 18:01:05.99;0.00:00:42:341;1.00;0.00;0.00;0.0726;0.07205;-0.0001051;0.0001081;-0.04;0.04;99.24;0.15;99.24;0.0726;0.07205;0.0005534;-11.390;-11.424;-32.570;1.00;134.18;
2025-11-20 18:01:06.04;0.00:00:42:392;1.00;0.00;0.00;0.07244;0.07191;-0.0001563;0.00013;-0.06;0.05;99.27;0.18;99.27;0.07244;0.07192;0.0005269;-11.400;-11.432;-32.783;1.00;140.26;
2025-11-20 18:01:06.10;0.00:00:42:452;1.00;0.00;0.00;0.07255;0.07197;-5.429E-05;0.0001212;-0.02;0.05;99.19;0.17;99.19;0.07255;0.07197;0.0005853;-11.393;-11.429;-32.327;1.00;114.13;
2025-11-20 18:01:06.15;0.00:00:42:505;1.00;0.00;0.00;0.07264;0.07204;-7.776E-05;9.962E-05;-0.03;0.04;99.17;0.14;99.17;0.07264;0.07204;0.0006024;-11.388;-11.424;-32.201;1.00;127.97;
2025-11-20 18:01:06.20;0.00:00:42:557;1.00;0.00;0.00;0.07282;0.07223;-6.314E-05;0.0001057;-0.03;0.04;99.20;0.15;99.20;0.07282;0.07223;0.0005837;-11.378;-11.413;-32.338;1.00;120.85;
2025-11-20 18:01:06.25;0.00:00:42:606;1.00;0.00;0.00;0.07302;0.07246;-0.000124;0.0001321;-0.05;0.05;99.24;0.18;99.24;0.07302;0.07246;0.0005582;-11.366;-11.399;-32.532;1.00;133.17;
2025-11-20 18:01:06.31;0.00:00:42:667;1.00;0.00;0.00;0.07273;0.0722;-0.000137;0.0001397;-0.05;0.06;99.27;0.19;99.27;0.07273;0.0722;0.0005299;-11.383;-11.415;-32.758;1.00;134.46;
2025-11-20 18:01:06.36;0.00:00:42:719;1.00;0.00;0.00;0.0725;0.07194;-0.0001262;0.0001115;-0.05;0.04;99.23;0.15;99.23;0.0725;0.07194;0.0005585;-11.397;-11.430;-32.530;1.00;138.53;
2025-11-20 18:01:06.43;0.00:00:42:780;1.00;0.00;0.00;0.07286;0.07227;-6.226E-05;0.0001301;-0.02;0.05;99.19;0.18;99.19;0.07286;0.07227;0.0005872;-11.375;-11.410;-32.312;1.00;115.56;
2025-11-20 18:01:06.48;0.00:00:42:832;1.00;0.00;0.00;0.07258;0.07204;-0.0001424;0.0001213;-0.06;0.05;99.26;0.17;99.26;0.07258;0.07204;0.0005365;-11.392;-11.424;-32.704;1.00;139.58;
2025-11-20 18:01:06.53;0.00:00:42:883;1.00;0.00;0.00;0.07237;0.07183;-0.000152;0.0001246;-0.06;0.05;99.25;0.17;99.25;0.07237;0.07183;0.0005406;-11.405;-11.437;-32.671;1.00;140.66;
2025-11-20 18:01:06.58;0.00:00:42:934;1.00;0.00;0.00;0.07235;0.07178;-0.0001052;0.0001122;-0.04;0.04;99.21;0.16;99.21;0.07235;0.07178;0.0005712;-11.405;-11.440;-32.432;1.00;133.16;
2025-11-20 18:01:06.64;0.00:00:42:998;1.00;0.00;0.00;0.07246;0.07189;-8.274E-05;0.0001155;-0.03;0.05;99.21;0.16;99.21;0.07246;0.07189;0.0005713;-11.399;-11.433;-32.432;1.00;125.61;
2025-11-20 18:01:06.69;0.00:00:43:046;1.00;0.00;0.00;0.07266;0.0721;-6.346E-05;0.0001045;-0.03;0.04;99.22;0.14;99.22;0.07266;0.0721;0.0005656;-11.387;-11.421;-32.475;1.00;121.26;
2025-11-20 18:01:06.74;0.00:00:43:097;1.00;0.00;0.00;0.07281;0.07221;-5.196E-05;0.000105;-0.02;0.04;99.18;0.14;99.18;0.07281;0.07221;0.0005966;-11.378;-11.414;-32.243;1.00;116.33;
2025-11-20 18:01:06.79;0.00:00:43:148;1.00;0.00;0.00;0.07278;0.07214;-4.382E-05;8.171E-05;-0.02;0.03;99.12;0.11;99.12;0.07278;0.07214;0.0006435;-11.380;-11.418;-31.915;1.00;118.21;
2025-11-20 18:01:06.85;0.00:00:43:202;1.00;0.00;0.00;0.07291;0.0724;-0.0001951;0.0001337;-0.08;0.05;99.30;0.18;99.30;0.07291;0.0724;0.0005126;-11.372;-11.403;-32.902;1.00;145.57;
2025-11-20 18:01:06.91;0.00:00:43:261;1.00;0.00;0.00;0.07266;0.07208;-0.0001017;0.0001116;-0.04;0.04;99.20;0.15;99.20;0.07266;0.07208;0.000578;-11.387;-11.422;-32.380;1.00;132.34;
2025-11-20 18:01:06.96;0.00:00:43:313;1.00;0.00;0.00;0.0724;0.07184;-0.0001076;0.0001102;-0.04;0.04;99.22;0.15;99.22;0.0724;0.07184;0.0005657;-11.403;-11.437;-32.474;1.00;134.31;
2025-11-20 18:01:07.01;0.00:00:43:363;1.00;0.00;0.00;0.07247;0.07189;-0.0001113;0.0001161;-0.04;0.05;99.20;0.16;99.20;0.07247;0.07189;0.0005809;-11.398;-11.433;-32.359;1.00;133.79;
2025-11-20 18:01:07.06;0.00:00:43:416;1.00;0.00;0.00;0.07256;0.07201;-9.405E-05;0.0001161;-0.04;0.05;99.24;0.16;99.24;0.07256;0.07201;0.0005493;-11.393;-11.426;-32.602;1.00;129.02;
2025-11-20 18:01:07.11;0.00:00:43:468;1.00;0.00;0.00;0.07251;0.07192;-9.78E-05;0.0001075;-0.04;0.04;99.19;0.15;99.19;0.07251;0.07192;0.0005857;-11.396;-11.431;-32.323;1.00;132.29;
2025-11-20 18:01:07.16;0.00:00:43:519;1.00;0.00;0.00;0.07255;0.07202;-9.541E-05;0.0001213;-0.04;0.05;99.26;0.17;99.26;0.07255;0.07202;0.0005388;-11.393;-11.426;-32.686;1.00;128.19;
2025-11-20 18:01:07.21;0.00:00:43:569;1.00;0.00;0.00;0.07266;0.07208;-9.019E-05;0.0001185;-0.04;0.05;99.21;0.16;99.21;0.07266;0.07208;0.0005774;-11.387;-11.422;-32.385;1.00;127.27;
2025-11-20 18:01:07.26;0.00:00:43:619;1.00;0.00;0.00;0.07304;0.07247;-0.0001159;0.0001243;-0.05;0.05;99.23;0.17;99.23;0.07304;0.07247;0.0005647;-11.364;-11.398;-32.482;1.00;133.00;
2025-11-20 18:01:07.32;0.00:00:43:670;1.00;0.00;0.00;0.07295;0.0724;-0.0001501;0.0001254;-0.06;0.05;99.25;0.17;99.25;0.07295;0.0724;0.0005477;-11.370;-11.403;-32.614;1.00;140.10;
2025-11-20 18:01:07.37;0.00:00:43:722;1.00;0.00;0.00;0.07298;0.07242;-9.595E-05;0.0001306;-0.04;0.05;99.23;0.18;99.23;0.07298;0.07242;0.0005638;-11.368;-11.401;-32.489;1.00;126.31;
2025-11-20 18:01:07.43;0.00:00:43:789;1.00;0.00;0.00;0.07281;0.07224;-6.591E-05;0.0001188;-0.03;0.05;99.21;0.16;99.21;0.07281;0.07224;0.0005729;-11.378;-11.412;-32.419;1.00;119.02;
2025-11-20 18:01:07.49;0.00:00:43:846;1.00;0.00;0.00;0.07297;0.07238;-8.915E-05;0.0001288;-0.04;0.05;99.20;0.18;99.20;0.07297;0.07238;0.0005832;-11.369;-11.404;-32.342;1.00;124.69;
2025-11-20 18:01:07.54;0.00:00:43:893;1.00;0.00;0.00;0.07291;0.07235;-0.0001392;0.0001171;-0.06;0.05;99.23;0.16;99.23;0.07291;0.07235;0.0005637;-11.372;-11.406;-32.489;1.00;139.94;
2025-11-20 18:01:07.59;0.00:00:43:943;1.00;0.00;0.00;0.07284;0.07227;-0.0001453;0.0001101;-0.06;0.04;99.21;0.15;99.21;0.07284;0.07227;0.000574;-11.376;-11.410;-32.411;1.00;142.85;
2025-11-20 18:01:07.65;0.00:00:44:004;1.00;0.00;0.00;0.07279;0.07223;-7.443E-05;0.0001025;-0.03;0.04;99.23;0.14;99.23;0.07279;0.07223;0.000562;-11.379;-11.413;-32.503;1.00;125.98;
2025-11-20 18:01:07.69;0.00:00:44:049;1.00;0.00;0.00;0.07305;0.07243;-3.452E-05;0.0001118;-0.01;0.04;99.15;0.15;99.15;0.07305;0.07243;0.0006185;-11.364;-11.401;-32.087;1.00;107.15;
2025-11-20 18:01:07.74;0.00:00:44:096;1.00;0.00;0.00;0.07281;0.07224;-8.374E-05;0.0001138;-0.03;0.05;99.22;0.16;99.22;0.07281;0.07224;0.0005711;-11.378;-11.412;-32.433;1.00;126.34;
2025-11-20 18:01:07.79;0.00:00:44:141;1.00;0.00;0.00;0.07303;0.07244;-7.233E-05;0.0001093;-0.03;0.04;99.19;0.15;99.19;0.07303;0.07244;0.0005895;-11.365;-11.400;-32.295;1.00;123.50;
2025-11-20 18:01:07.84;0.00:00:44:190;1.00;0.00;0.00;0.07297;0.0724;-0.0001628;0.000116;-0.06;0.05;99.22;0.16;99.22;0.07297;0.0724;0.000569;-11.368;-11.402;-32.449;1.00;144.52;
2025-11-20 18:01:07.88;0.00:00:44:236;1.00;0.00;0.00;0.07284;0.07224;-8.629E-05;0.0001069;-0.03;0.04;99.18;0.15;99.18;0.07284;0.07224;0.0005954;-11.376;-11.412;-32.252;1.00;128.91;
2025-11-20 18:01:07.93;0.00:00:44:284;1.00;0.00;0.00;0.073;0.07244;-9.444E-05;0.000126;-0.04;0.05;99.23;0.17;99.23;0.073;0.07244;0.0005612;-11.367;-11.400;-32.509;1.00;126.86;
2025-11-20 18:01:07.98;0.00:00:44:331;1.00;0.00;0.00;0.07294;0.07235;-9.548E-05;0.0001146;-0.04;0.05;99.20;0.16;99.20;0.07294;0.07235;0.000584;-11.371;-11.406;-32.336;1.00;129.79;
2025-11-20 18:01:08.03;0.00:00:44:381;1.00;0.00;0.00;0.07292;0.07236;-0.0001169;0.000128;-0.05;0.05;99.24;0.18;99.24;0.07292;0.07236;0.0005562;-11.372;-11.405;-32.548;1.00;132.39;
2025-11-20 18:01:08.09;0.00:00:44:442;1.00;0.00;0.00;0.07297;0.07238;-0.0001021;0.0001215;-0.04;0.05;99.20;0.17;99.20;0.07297;0.07238;0.0005842;-11.369;-11.404;-32.334;1.00;130.04;
2025-11-20 18:01:08.13;0.00:00:44:489;1.00;0.00;0.00;0.07301;0.07245;-0.0001167;0.000113;-0.05;0.04;99.22;0.15;99.22;0.07301;0.07245;0.0005667;-11.366;-11.400;-32.467;1.00;135.91;
2025-11-20 18:01:08.18;0.00:00:44:536;1.00;0.00;0.00;0.07277;0.07222;-0.000115;0.0001143;-0.05;0.05;99.24;0.16;99.24;0.07277;0.07222;0.0005502;-11.380;-11.413;-32.595;1.00;135.17;
2025-11-20 18:01:08.23;0.00:00:44:584;1.00;0.00;0.00;0.07264;0.07207;-0.0001461;0.0001105;-0.06;0.04;99.21;0.15;99.21;0.07264;0.07207;0.0005717;-11.388;-11.423;-32.428;1.00;142.90;
2025-11-20 18:01:08.28;0.00:00:44:630;1.00;0.00;0.00;0.07268;0.07212;-0.0001452;0.0001217;-0.06;0.05;99.22;0.17;99.22;0.07268;0.07212;0.0005636;-11.386;-11.420;-32.490;1.00;140.03;
2025-11-20 18:01:08.32;0.00:00:44:675;1.00;0.00;0.00;0.07253;0.07198;-0.0001314;0.0001199;-0.05;0.05;99.24;0.17;99.24;0.07253;0.07198;0.0005529;-11.395;-11.428;-32.573;1.00;137.62;
2025-11-20 18:01:08.38;0.00:00:44:737;1.00;0.00;0.00;0.07279;0.0722;-5.123E-05;0.0001118;-0.02;0.04;99.18;0.15;99.18;0.07279;0.0722;0.0005939;-11.379;-11.415;-32.263;1.00;114.63;
2025-11-20 18:01:08.43;0.00:00:44:784;1.00;0.00;0.00;0.07299;0.07241;-8.867E-05;9.994E-05;-0.04;0.04;99.21;0.14;99.21;0.07299;0.07241;0.0005786;-11.367;-11.402;-32.376;1.00;131.58;
2025-11-20 18:01:08.48;0.00:00:44:832;1.00;0.00;0.00;0.07302;0.07246;-0.0001038;0.0001101;-0.04;0.04;99.23;0.15;99.23;0.07302;0.07246;0.000565;-11.365;-11.399;-32.480;1.00;133.33;
2025-11-20 18:01:08.52;0.00:00:44:877;1.00;0.00;0.00;0.07304;0.07246;-0.0001124;0.0001187;-0.04;0.05;99.20;0.16;99.20;0.07304;0.07246;0.0005813;-11.364;-11.399;-32.356;1.00;133.42;
2025-11-20 18:01:08.57;0.00:00:44:925;1.00;0.00;0.00;0.07307;0.07248;-0.0001205;0.0001253;-0.05;0.05;99.20;0.17;99.20;0.07307;0.07248;0.0005842;-11.363;-11.398;-32.334;1.00;133.89;
2025-11-20 18:01:08.62;0.00:00:44:970;1.00;0.00;0.00;0.07287;0.07235;-0.0001592;0.0001326;-0.06;0.05;99.28;0.18;99.28;0.07287;0.07235;0.0005249;-11.374;-11.406;-32.800;1.00;140.22;
2025-11-20 18:01:08.66;0.00:00:45:019;1.00;0.00;0.00;0.07269;0.0721;-0.0001328;0.0001154;-0.05;0.05;99.18;0.16;99.18;0.07269;0.0721;0.0005928;-11.385;-11.421;-32.271;1.00;139.03;
2025-11-20 18:01:08.71;0.00:00:45:065;1.00;0.00;0.00;0.0728;0.07221;-6.537E-05;0.0001146;-0.03;0.05;99.18;0.16;99.18;0.0728;0.07221;0.0005948;-11.378;-11.414;-32.257;1.00;119.69;
2025-11-20 18:01:08.76;0.00:00:45:111;1.00;0.00;0.00;0.07291;0.07234;-0.0001027;0.0001124;-0.04;0.04;99.22;0.15;99.22;0.07291;0.07234;0.0005695;-11.372;-11.406;-32.445;1.00;132.40;
2025-11-20 18:01:08.80;0.00:00:45:158;1.00;0.00;0.00;0.07295;0.07238;-8.816E-05;0.0001182;-0.03;0.05;99.21;0.16;99.21;0.07295;0.07238;0.0005791;-11.369;-11.404;-32.373;1.00;126.71;
2025-11-20 18:01:08.85;0.00:00:45:207;1.00;0.00;0.00;0.07278;0.07223;-0.0001076;0.0001185;-0.04;0.05;99.24;0.16;99.24;0.07278;0.07223;0.0005511;-11.380;-11.413;-32.588;1.00;132.24;
2025-11-20 18:01:08.91;0.00:00:45:268;1.00;0.00;0.00;0.07258;0.07205;-0.000148;0.0001092;-0.06;0.04;99.27;0.15;99.27;0.07258;0.07205;0.0005265;-11.392;-11.424;-32.786;1.00;143.56;
2025-11-20 18:01:08.96;0.00:00:45:314;1.00;0.00;0.00;0.07257;0.07198;-8.617E-05;0.0001236;-0.03;0.05;99.19;0.17;99.19;0.07257;0.07198;0.0005854;-11.393;-11.428;-32.325;1.00;124.88;
2025-11-20 18:01:09.01;0.00:00:45:361;1.00;0.00;0.00;0.07272;0.07214;-7.688E-05;0.0001151;-0.03;0.05;99.20;0.16;99.20;0.07272;0.07214;0.0005833;-11.383;-11.418;-32.341;1.00;123.73;
2025-11-20 18:01:09.06;0.00:00:45:410;1.00;0.00;0.00;0.07284;0.07228;-0.0001036;0.0001355;-0.04;0.05;99.23;0.19;99.23;0.07284;0.07228;0.0005607;-11.376;-11.410;-32.513;1.00;127.40;
2025-11-20 18:01:09.10;0.00:00:45:455;1.00;0.00;0.00;0.07248;0.0719;-0.0001141;0.0001163;-0.05;0.05;99.20;0.16;99.20;0.07248;0.0719;0.0005802;-11.398;-11.433;-32.364;1.00;134.45;
2025-11-20 18:01:09.15;0.00:00:45:503;1.00;0.00;0.00;0.07269;0.07208;-4.687E-05;0.0001143;-0.02;0.05;99.17;0.16;99.16;0.07269;0.07208;0.000607;-11.385;-11.422;-32.168;1.00;112.30;
2025-11-20 18:01:09.19;0.00:00:45:548;1.00;0.00;0.00;0.07272;0.07216;-0.0001287;0.0001246;-0.05;0.05;99.23;0.17;99.23;0.07272;0.07217;0.0005582;-11.383;-11.417;-32.532;1.00;135.92;
2025-11-20 18:01:09.24;0.00:00:45:596;1.00;0.00;0.00;0.07268;0.07212;-0.0001099;0.0001248;-0.04;0.05;99.23;0.17;99.23;0.07268;0.07212;0.0005626;-11.386;-11.420;-32.498;1.00;131.36;
2025-11-20 18:01:09.29;0.00:00:45:642;1.00;0.00;0.00;0.07275;0.07216;-8.187E-05;0.0001092;-0.03;0.04;99.18;0.15;99.18;0.07275;0.07216;0.0005945;-11.382;-11.417;-32.259;1.00;126.85;
2025-11-20 18:01:09.34;0.00:00:45:690;1.00;0.00;0.00;0.07302;0.07242;-4.745E-05;0.0001075;-0.02;0.04;99.18;0.15;99.18;0.07302;0.07242;0.0005998;-11.366;-11.402;-32.220;1.00;113.81;
2025-11-20 18:01:09.38;0.00:00:45:736;1.00;0.00;0.00;0.07313;0.07256;-0.0001075;0.0001323;-0.04;0.05;99.23;0.18;99.23;0.07313;0.07256;0.0005638;-11.359;-11.393;-32.489;1.00;129.08;
2025-11-20 18:01:09.43;0.00:00:45:784;1.00;0.00;0.00;0.07286;0.07231;-0.0001767;0.0001181;-0.07;0.05;99.24;0.16;99.24;0.07286;0.07231;0.0005562;-11.375;-11.408;-32.548;1.00;146.23;
2025-11-20 18:01:09.47;0.00:00:45:829;1.00;0.00;0.00;0.07266;0.07206;-6.829E-05;0.0001091;-0.03;0.04;99.17;0.15;99.17;0.07266;0.07206;0.0006056;-11.387;-11.423;-32.178;1.00;122.04;
2025-11-20 18:01:09.52;0.00:00:45:878;1.00;0.00;0.00;0.07295;0.07236;-7.722E-05;0.0001172;-0.03;0.05;99.19;0.16;99.19;0.07295;0.07236;0.0005921;-11.370;-11.405;-32.276;1.00;123.38;
2025-11-20 18:01:09.57;0.00:00:45:924;1.00;0.00;0.00;0.07299;0.07249;-0.0001845;0.0001289;-0.07;0.05;99.31;0.18;99.31;0.07299;0.07249;0.0005024;-11.367;-11.397;-32.989;1.00;145.06;
2025-11-20 18:01:09.62;0.00:00:45:971;1.00;0.00;0.00;0.07284;0.07227;-9.326E-05;0.0001188;-0.04;0.05;99.22;0.16;99.22;0.07284;0.07227;0.0005665;-11.376;-11.410;-32.468;1.00;128.14;
2025-11-20 18:01:09.66;0.00:00:46:018;1.00;0.00;0.00;0.07298;0.0724;-8.525E-05;0.0001135;-0.03;0.04;99.20;0.16;99.20;0.07298;0.0724;0.0005831;-11.368;-11.403;-32.342;1.00;126.92;
2025-11-20 18:01:09.71;0.00:00:46:064;1.00;0.00;0.00;0.0728;0.07222;-9.073E-05;0.0001094;-0.04;0.04;99.20;0.15;99.20;0.0728;0.07222;0.0005819;-11.379;-11.413;-32.352;1.00;129.68;
2025-11-20 18:01:09.75;0.00:00:46:109;1.00;0.00;0.00;0.0729;0.07234;-0.0001082;0.0001251;-0.04;0.05;99.23;0.17;99.23;0.0729;0.07234;0.000559;-11.373;-11.406;-32.526;1.00;130.84;
2025-11-20 18:01:09.80;0.00:00:46:157;1.00;0.00;0.00;0.07278;0.07226;-0.0001601;0.0001194;-0.06;0.05;99.29;0.16;99.29;0.07278;0.07226;0.0005194;-11.380;-11.411;-32.845;1.00;143.30;
2025-11-20 18:01:09.85;0.00:00:46:203;1.00;0.00;0.00;0.07255;0.07202;-0.0001262;0.0001156;-0.05;0.05;99.26;0.16;99.26;0.07255;0.07202;0.0005346;-11.393;-11.426;-32.720;1.00;137.50;
2025-11-20 18:01:09.90;0.00:00:46:251;1.00;0.00;0.00;0.07243;0.07189;-0.0001201;0.0001055;-0.05;0.04;99.25;0.15;99.25;0.07243;0.07189;0.0005421;-11.401;-11.433;-32.660;1.00;138.69;
2025-11-20 18:01:09.94;0.00:00:46:298;1.00;0.00;0.00;0.07275;0.07217;-6.084E-05;0.0001124;-0.02;0.04;99.20;0.15;99.20;0.07275;0.07217;0.000582;-11.382;-11.417;-32.350;1.00;118.42;
2025-11-20 18:01:09.99;0.00:00:46:347;1.00;0.00;0.00;0.07277;0.07222;-0.0001201;0.000134;-0.05;0.05;99.25;0.18;99.25;0.07277;0.07222;0.0005455;-11.381;-11.413;-32.632;1.00;131.87;
2025-11-20 18:01:10.04;0.00:00:46:392;1.00;0.00;0.00;0.07257;0.07203;-0.0001547;0.0001301;-0.06;0.05;99.26;0.18;99.26;0.07257;0.07203;0.0005398;-11.393;-11.425;-32.678;1.00;139.94;
2025-11-20 18:01:10.08;0.00:00:46:439;1.00;0.00;0.00;0.0726;0.07206;-0.0001015;0.0001284;-0.04;0.05;99.26;0.18;99.26;0.0726;0.07206;0.0005364;-11.391;-11.423;-32.705;1.00;128.32;
2025-11-20 18:01:10.13;0.00:00:46:490;1.00;0.00;0.00;0.07264;0.07205;-6.849E-05;0.0001044;-0.03;0.04;99.19;0.14;99.19;0.07264;0.07205;0.0005906;-11.388;-11.424;-32.287;1.00;123.26;
2025-11-20 18:01:10.19;0.00:00:46:547;1.00;0.00;0.00;0.07269;0.07218;-0.0001501;0.0001213;-0.06;0.05;99.29;0.17;99.29;0.07269;0.07218;0.0005164;-11.385;-11.416;-32.870;1.00;141.07;
2025-11-20 18:01:10.24;0.00:00:46:595;1.00;0.00;0.00;0.07262;0.07202;-5.801E-05;9.902E-05;-0.02;0.04;99.18;0.14;99.18;0.07262;0.07202;0.0005956;-11.389;-11.425;-32.250;1.00;120.36;
2025-11-20 18:01:10.29;0.00:00:46:642;1.00;0.00;0.00;0.07269;0.07214;-0.0001035;0.0001231;-0.04;0.05;99.24;0.17;99.24;0.07269;0.07214;0.0005517;-11.385;-11.418;-32.583;1.00;130.05;
2025-11-20 18:01:10.33;0.00:00:46:689;1.00;0.00;0.00;0.07283;0.07224;-7.811E-05;0.0001257;-0.03;0.05;99.19;0.17;99.19;0.07283;0.07224;0.0005909;-11.377;-11.412;-32.285;1.00;121.85;
2025-11-20 18:01:10.38;0.00:00:46:735;1.00;0.00;0.00;0.07276;0.07219;-0.0001375;0.0001181;-0.05;0.05;99.22;0.16;99.22;0.07276;0.07219;0.0005681;-11.381;-11.415;-32.456;1.00;139.33;
2025-11-20 18:01:10.43;0.00:00:46:782;1.00;0.00;0.00;0.07287;0.07229;-6.014E-05;0.0001086;-0.02;0.04;99.21;0.15;99.21;0.07287;0.07229;0.0005752;-11.375;-11.409;-32.402;1.00;118.97;
2025-11-20 18:01:10.47;0.00:00:46:827;1.00;0.00;0.00;0.0729;0.07235;-0.0001556;0.0001273;-0.06;0.05;99.24;0.17;99.24;0.0729;0.07235;0.0005565;-11.373;-11.406;-32.545;1.00;140.70;
2025-11-20 18:01:10.52;0.00:00:46:875;1.00;0.00;0.00;0.07281;0.07221;-4.81E-05;0.0001023;-0.02;0.04;99.17;0.14;99.17;0.07281;0.07221;0.0006015;-11.378;-11.414;-32.208;1.00;115.17;
2025-11-20 18:01:10.57;0.00:00:46:922;1.00;0.00;0.00;0.07315;0.07253;-5.276E-05;0.0001096;-0.02;0.04;99.15;0.15;99.15;0.07315;0.07253;0.0006202;-11.358;-11.395;-32.075;1.00;115.70;
2025-11-20 18:01:10.62;0.00:00:46:971;1.00;0.00;0.00;0.07316;0.07263;-0.000146;0.0001463;-0.06;0.06;99.27;0.20;99.27;0.07316;0.07263;0.0005363;-11.357;-11.389;-32.706;1.00;134.95;
2025-11-20 18:01:10.66;0.00:00:47:017;1.00;0.00;0.00;0.07306;0.07249;-0.0001187;0.0001184;-0.05;0.05;99.22;0.16;99.22;0.07306;0.07249;0.0005709;-11.363;-11.397;-32.434;1.00;135.09;
2025-11-20 18:01:10.71;0.00:00:47:064;1.00;0.00;0.00;0.07309;0.07253;-0.0001037;0.0001241;-0.04;0.05;99.24;0.17;99.24;0.07309;0.07253;0.0005558;-11.362;-11.395;-32.551;1.00;129.89;
2025-11-20 18:01:10.76;0.00:00:47:110;1.00;0.00;0.00;0.07297;0.07244;-0.0001484;0.0001248;-0.06;0.05;99.28;0.17;99.28;0.07297;0.07245;0.0005236;-11.369;-11.400;-32.810;1.00;139.95;
2025-11-20 18:01:10.80;0.00:00:47:156;1.00;0.00;0.00;0.0728;0.07225;-0.0001326;0.0001112;-0.05;0.04;99.24;0.15;99.24;0.0728;0.07225;0.0005512;-11.378;-11.411;-32.587;1.00;140.02;
2025-11-20 18:01:10.85;0.00:00:47:202;1.00;0.00;0.00;0.07286;0.07228;-6.402E-05;0.0001044;-0.03;0.04;99.20;0.14;99.20;0.07286;0.07228;0.0005827;-11.375;-11.410;-32.345;1.00;121.52;
2025-11-20 18:01:10.90;0.00:00:47:251;1.00;0.00;0.00;0.0731;0.07254;-0.00012;0.0001115;-0.05;0.04;99.24;0.15;99.24;0.0731;0.07254;0.0005558;-11.361;-11.394;-32.551;1.00;137.11;
2025-11-20 18:01:10.94;0.00:00:47:297;1.00;0.00;0.00;0.07306;0.07252;-0.0001427;0.000125;-0.06;0.05;99.27;0.17;99.27;0.07306;0.07252;0.0005345;-11.363;-11.395;-32.720;1.00;138.79;
2025-11-20 18:01:10.99;0.00:00:47:344;1.00;0.00;0.00;0.07297;0.07241;-9.329E-05;0.0001162;-0.04;0.05;99.23;0.16;99.23;0.07297;0.07241;0.0005594;-11.369;-11.402;-32.522;1.00;128.76;
2025-11-20 18:01:11.04;0.00:00:47:390;1.00;0.00;0.00;0.07267;0.07218;-0.0002199;0.0001349;-0.09;0.05;99.34;0.19;99.33;0.07267;0.07218;0.0004832;-11.387;-11.416;-33.159;1.00;148.47;
2025-11-20 18:01:11.08;0.00:00:47:435;1.00;0.00;0.00;0.07234;0.0718;-0.0001315;0.0001226;-0.05;0.05;99.25;0.17;99.25;0.07234;0.0718;0.0005455;-11.406;-11.439;-32.632;1.00;137.00;
2025-11-20 18:01:11.13;0.00:00:47:484;1.00;0.00;0.00;0.07238;0.07178;-4.376E-05;0.0001055;-0.02;0.04;99.17;0.15;99.17;0.07238;0.07178;0.000604;-11.404;-11.440;-32.190;1.00;112.53;
2025-11-20 18:01:11.18;0.00:00:47:534;1.00;0.00;0.00;0.07264;0.07206;-7.443E-05;0.0001188;-0.03;0.05;99.20;0.16;99.20;0.07264;0.07206;0.0005781;-11.388;-11.423;-32.380;1.00;122.06;
2025-11-20 18:01:11.23;0.00:00:47:580;1.00;0.00;0.00;0.07275;0.07219;-0.000121;0.000123;-0.05;0.05;99.22;0.17;99.22;0.07275;0.07219;0.0005676;-11.381;-11.415;-32.460;1.00;134.52;
2025-11-20 18:01:11.29;0.00:00:47:640;1.00;0.00;0.00;0.07284;0.07226;-9.298E-05;0.0001225;-0.04;0.05;99.21;0.17;99.21;0.07284;0.07226;0.0005745;-11.376;-11.411;-32.407;1.00;127.20;
2025-11-20 18:01:11.33;0.00:00:47:688;1.00;0.00;0.00;0.07275;0.07219;-0.0001235;0.0001082;-0.05;0.04;99.22;0.15;99.22;0.07275;0.07219;0.0005659;-11.382;-11.415;-32.472;1.00;138.78;
2025-11-20 18:01:11.38;0.00:00:47:735;1.00;0.00;0.00;0.07281;0.07221;-8.959E-05;0.000127;-0.04;0.05;99.17;0.17;99.17;0.07281;0.07221;0.0006008;-11.378;-11.414;-32.212;1.00;125.20;
2025-11-20 18:01:11.42;0.00:00:47:779;1.00;0.00;0.00;0.07272;0.07216;-0.0001231;0.0001099;-0.05;0.04;99.23;0.15;99.22;0.07272;0.07216;0.0005636;-11.383;-11.417;-32.490;1.00;138.25;
2025-11-20 18:01:11.47;0.00:00:47:827;1.00;0.00;0.00;0.07256;0.07199;-0.0001272;0.0001091;-0.05;0.04;99.22;0.15;99.22;0.07256;0.07199;0.0005678;-11.393;-11.427;-32.458;1.00;139.39;
2025-11-20 18:01:11.52;0.00:00:47:874;1.00;0.00;0.00;0.07275;0.07217;-0.0001007;0.0001305;-0.04;0.05;99.21;0.18;99.21;0.07275;0.07217;0.0005735;-11.382;-11.416;-32.414;1.00;127.66;
2025-11-20 18:01:11.57;0.00:00:47:924;1.00;0.00;0.00;0.07264;0.07209;-0.0001073;0.0001135;-0.04;0.05;99.24;0.16;99.24;0.07264;0.07209;0.000551;-11.388;-11.421;-32.589;1.00;133.39;
2025-11-20 18:01:11.62;0.00:00:47:975;1.00;0.00;0.00;0.07264;0.07208;-9.935E-05;0.0001126;-0.04;0.04;99.22;0.15;99.22;0.07264;0.07208;0.0005651;-11.388;-11.422;-32.479;1.00;131.43;
2025-11-20 18:01:11.67;0.00:00:48:025;1.00;0.00;0.00;0.07294;0.07235;-9.07E-05;0.0001122;-0.04;0.04;99.20;0.15;99.20;0.07294;0.07235;0.0005861;-11.370;-11.405;-32.321;1.00;128.95;
2025-11-20 18:01:11.73;0.00:00:48:086;1.00;0.00;0.00;0.07289;0.07234;-0.0001601;0.0001268;-0.06;0.05;99.25;0.17;99.25;0.07289;0.07234;0.0005439;-11.373;-11.406;-32.645;1.00;141.62;
2025-11-20 18:01:11.78;0.00:00:48:137;1.00;0.00;0.00;0.07254;0.072;-0.0001247;0.000129;-0.05;0.05;99.26;0.18;99.26;0.07254;0.072;0.0005355;-11.394;-11.426;-32.712;1.00;134.04;
2025-11-20 18:01:11.83;0.00:00:48:189;1.00;0.00;0.00;0.07249;0.0719;-0.0001027;0.0001195;-0.04;0.05;99.20;0.16;99.20;0.07249;0.0719;0.0005812;-11.397;-11.432;-32.356;1.00;130.68;
2025-11-20 18:01:11.88;0.00:00:48:239;1.00;0.00;0.00;0.07289;0.0723;-7.652E-05;0.0001158;-0.03;0.05;99.18;0.16;99.18;0.07289;0.0723;0.0005971;-11.373;-11.409;-32.240;1.00;123.45;
2025-11-20 18:01:11.95;0.00:00:48:302;1.00;0.00;0.00;0.07268;0.07211;-0.0001295;0.0001211;-0.05;0.05;99.21;0.17;99.21;0.07268;0.07211;0.0005744;-11.386;-11.420;-32.408;1.00;136.91;
2025-11-20 18:01:12.00;0.00:00:48:351;1.00;0.00;0.00;0.07279;0.07219;-7.225E-05;0.0001055;-0.03;0.04;99.18;0.14;99.18;0.07279;0.07219;0.0005992;-11.379;-11.415;-32.225;1.00;124.41;
2025-11-20 18:01:12.05;0.00:00:48:403;1.00;0.00;0.00;0.073;0.07241;-7.531E-05;0.0001184;-0.03;0.05;99.20;0.16;99.20;0.073;0.07241;0.0005846;-11.367;-11.402;-32.331;1.00;122.46;
2025-11-20 18:01:12.10;0.00:00:48:454;1.00;0.00;0.00;0.07316;0.07257;-9.084E-05;0.0001153;-0.04;0.05;99.19;0.16;99.19;0.07316;0.07257;0.0005911;-11.357;-11.392;-32.284;1.00;128.24;
2025-11-20 18:01:12.15;0.00:00:48:505;1.00;0.00;0.00;0.07341;0.07281;-5.848E-05;0.0001155;-0.02;0.05;99.18;0.16;99.18;0.07341;0.07281;0.0006037;-11.342;-11.378;-32.192;1.00;116.86;
2025-11-20 18:01:12.20;0.00:00:48:556;1.00;0.00;0.00;0.07344;0.07289;-0.0001378;0.0001211;-0.05;0.05;99.24;0.16;99.24;0.07344;0.07289;0.0005561;-11.340;-11.373;-32.548;1.00;138.70;
2025-11-20 18:01:12.25;0.00:00:48:608;1.00;0.00;0.00;0.07299;0.07244;-0.0001333;0.000119;-0.05;0.05;99.26;0.16;99.26;0.07299;0.07244;0.0005435;-11.368;-11.400;-32.648;1.00;138.23;
2025-11-20 18:01:12.30;0.00:00:48:659;1.00;0.00;0.00;0.07282;0.07228;-0.0001528;0.0001264;-0.06;0.05;99.26;0.17;99.26;0.07282;0.07228;0.0005422;-11.377;-11.410;-32.658;1.00;140.41;
2025-11-20 18:01:12.36;0.00:00:48:710;1.00;0.00;0.00;0.07301;0.07241;-7.981E-05;0.0001124;-0.03;0.04;99.17;0.15;99.17;0.07301;0.07241;0.0006047;-11.366;-11.402;-32.185;1.00;125.38;
2025-11-20 18:01:12.41;0.00:00:48:761;1.00;0.00;0.00;0.07312;0.07253;-0.0001128;0.0001135;-0.04;0.04;99.20;0.16;99.20;0.07312;0.07253;0.0005851;-11.360;-11.395;-32.328;1.00;134.83;
2025-11-20 18:01:12.46;0.00:00:48:811;1.00;0.00;0.00;0.07315;0.07257;-0.0001305;0.0001351;-0.05;0.05;99.22;0.18;99.21;0.07315;0.07257;0.0005742;-11.358;-11.392;-32.409;1.00;134.01;
2025-11-20 18:01:12.51;0.00:00:48:862;1.00;0.00;0.00;0.07288;0.07232;-0.0001554;0.000119;-0.06;0.05;99.23;0.16;99.23;0.07288;0.07232;0.0005602;-11.374;-11.407;-32.516;1.00;142.56;
2025-11-20 18:01:12.56;0.00:00:48:915;1.00;0.00;0.00;0.07292;0.07239;-0.000174;0.0001283;-0.07;0.05;99.27;0.18;99.27;0.07292;0.07239;0.0005317;-11.371;-11.403;-32.744;1.00;143.58;
2025-11-20 18:01:12.61;0.00:00:48:965;1.00;0.00;0.00;0.07272;0.07215;-0.0001175;0.0001112;-0.05;0.04;99.22;0.15;99.22;0.07272;0.07215;0.0005689;-11.383;-11.417;-32.450;1.00;136.59;
2025-11-20 18:01:12.66;0.00:00:49:015;1.00;0.00;0.00;0.07256;0.07204;-0.0001602;0.0001163;-0.06;0.05;99.28;0.16;99.28;0.07256;0.07204;0.0005205;-11.393;-11.424;-32.836;1.00;144.02;
2025-11-20 18:01:12.72;0.00:00:49:071;1.00;0.00;0.00;0.07244;0.07189;-9.717E-05;0.0001148;-0.04;0.05;99.24;0.16;99.24;0.07244;0.07189;0.0005482;-11.400;-11.433;-32.611;1.00;130.25;
2025-11-20 18:01:12.77;0.00:00:49:122;1.00;0.00;0.00;0.07253;0.07191;-5.449E-05;9.777E-05;-0.02;0.04;99.15;0.13;99.15;0.07253;0.07192;0.0006141;-11.395;-11.432;-32.118;1.00;119.13;
2025-11-20 18:01:12.82;0.00:00:49:175;1.00;0.00;0.00;0.07279;0.07221;-9.038E-05;0.0001266;-0.04;0.05;99.21;0.17;99.21;0.07279;0.07221;0.0005741;-11.379;-11.414;-32.410;1.00;125.52;
2025-11-20 18:01:12.88;0.00:00:49:234;1.00;0.00;0.00;0.07269;0.07214;-0.0001426;0.0001224;-0.06;0.05;99.24;0.17;99.24;0.07269;0.07214;0.0005527;-11.385;-11.418;-32.575;1.00;139.35;
2025-11-20 18:01:12.93;0.00:00:49:284;1.00;0.00;0.00;0.07253;0.07197;-0.0001066;0.000115;-0.04;0.05;99.23;0.16;99.23;0.07253;0.07197;0.0005559;-11.395;-11.428;-32.550;1.00;132.84;
2025-11-20 18:01:12.99;0.00:00:49:344;1.00;0.00;0.00;0.07266;0.07206;-3.379E-05;0.00012;-0.01;0.05;99.17;0.17;99.17;0.07266;0.07206;0.0006008;-11.387;-11.423;-32.213;1.00;105.73;
2025-11-20 18:01:13.04;0.00:00:49:395;1.00;0.00;0.00;0.07255;0.072;-0.0001877;0.0001289;-0.07;0.05;99.23;0.18;99.23;0.07255;0.072;0.0005552;-11.393;-11.427;-32.556;1.00;145.52;
2025-11-20 18:01:13.10;0.00:00:49:451;1.00;0.00;0.00;0.07226;0.07172;-0.000115;0.0001193;-0.05;0.05;99.24;0.17;99.24;0.07226;0.07172;0.0005482;-11.411;-11.444;-32.611;1.00;133.93;
2025-11-20 18:01:13.15;0.00:00:49:506;1.00;0.00;0.00;0.07239;0.07179;-6.556E-05;0.0001006;-0.03;0.04;99.18;0.14;99.18;0.07239;0.07179;0.0005922;-11.403;-11.439;-32.275;1.00;123.10;
2025-11-20 18:01:13.21;0.00:00:49:568;1.00;0.00;0.00;0.07278;0.07221;-0.0001163;0.0001185;-0.05;0.05;99.22;0.16;99.22;0.07278;0.07221;0.0005707;-11.380;-11.414;-32.436;1.00;134.47;
2025-11-20 18:01:13.27;0.00:00:49:620;1.00;0.00;0.00;0.0729;0.07233;-0.0001154;0.0001194;-0.05;0.05;99.22;0.16;99.22;0.0729;0.07233;0.0005685;-11.373;-11.407;-32.453;1.00;134.01;
2025-11-20 18:01:13.31;0.00:00:49:669;1.00;0.00;0.00;0.07283;0.07228;-9.251E-05;0.0001079;-0.04;0.04;99.25;0.15;99.25;0.07283;0.07228;0.0005484;-11.377;-11.410;-32.609;1.00;130.61;
2025-11-20 18:01:13.37;0.00:00:49:720;1.00;0.00;0.00;0.07291;0.07231;-0.0001121;0.0001162;-0.04;0.05;99.18;0.16;99.18;0.07291;0.07231;0.0005958;-11.372;-11.408;-32.249;1.00;133.96;
2025-11-20 18:01:13.42;0.00:00:49:779;1.00;0.00;0.00;0.07294;0.07235;-0.0001098;0.0001182;-0.04;0.05;99.20;0.16;99.20;0.07294;0.07235;0.0005837;-11.370;-11.405;-32.338;1.00;132.88;
2025-11-20 18:01:13.48;0.00:00:49:839;1.00;0.00;0.00;0.07298;0.07245;-0.0001719;0.0001248;-0.07;0.05;99.27;0.17;99.27;0.07298;0.07245;0.0005331;-11.368;-11.400;-32.732;1.00;144.02;
2025-11-20 18:01:13.54;0.00:00:49:897;1.00;0.00;0.00;0.07292;0.07235;-0.0001182;0.0001326;-0.05;0.05;99.22;0.18;99.22;0.07292;0.07235;0.000567;-11.372;-11.406;-32.464;1.00;131.73;
2025-11-20 18:01:13.59;0.00:00:49:944;1.00;0.00;0.00;0.07272;0.07218;-0.0001681;0.0001396;-0.07;0.06;99.27;0.19;99.27;0.07272;0.07218;0.0005342;-11.384;-11.416;-32.723;1.00;140.29;
2025-11-20 18:01:13.64;0.00:00:49:992;1.00;0.00;0.00;0.07233;0.07176;-0.000105;0.0001117;-0.04;0.04;99.21;0.15;99.21;0.07233;0.07176;0.0005724;-11.407;-11.441;-32.423;1.00;133.22;
2025-11-20 18:01:13.68;0.00:00:50:039;1.00;0.00;0.00;0.07245;0.07189;-8.023E-05;0.0001134;-0.03;0.05;99.23;0.16;99.23;0.07245;0.07189;0.0005574;-11.400;-11.433;-32.538;1.00;125.29;
2025-11-20 18:01:13.73;0.00:00:50:087;1.00;0.00;0.00;0.07247;0.07194;-0.0001207;0.0001245;-0.05;0.05;99.27;0.17;99.27;0.07247;0.07194;0.0005317;-11.398;-11.430;-32.743;1.00;134.10;
2025-11-20 18:01:13.78;0.00:00:50:134;1.00;0.00;0.00;0.07264;0.07205;-5.722E-05;0.0001194;-0.02;0.05;99.19;0.16;99.19;0.07264;0.07205;0.0005887;-11.388;-11.424;-32.301;1.00;115.60;
2025-11-20 18:01:13.83;0.00:00:50:180;1.00;0.00;0.00;0.07268;0.07213;-0.0001425;0.0001088;-0.06;0.04;99.25;0.15;99.25;0.07268;0.07213;0.0005449;-11.386;-11.419;-32.637;1.00;142.62;
2025-11-20 18:01:13.87;0.00:00:50:228;1.00;0.00;0.00;0.07262;0.07207;-0.0001274;0.0001259;-0.05;0.05;99.24;0.17;99.23;0.07262;0.07207;0.0005555;-11.389;-11.423;-32.553;1.00;135.35;
2025-11-20 18:01:13.92;0.00:00:50:274;1.00;0.00;0.00;0.07259;0.07202;-0.0001072;0.0001164;-0.04;0.05;99.21;0.16;99.21;0.07259;0.07202;0.0005704;-11.391;-11.426;-32.438;1.00;132.66;
2025-11-20 18:01:13.96;0.00:00:50:320;1.00;0.00;0.00;0.07251;0.07198;-0.0001449;0.0001142;-0.06;0.05;99.26;0.16;99.26;0.07251;0.07198;0.0005358;-11.396;-11.428;-32.710;1.00;141.75;
2025-11-20 18:01:14.01;0.00:00:50:368;1.00;0.00;0.00;0.07286;0.07222;-3.804E-05;0.0001176;-0.02;0.05;99.12;0.16;99.12;0.07286;0.07222;0.0006395;-11.375;-11.413;-31.941;1.00;107.92;
2025-11-20 18:01:14.06;0.00:00:50:415;1.00;0.00;0.00;0.07294;0.07237;-0.0001359;0.0001173;-0.05;0.05;99.23;0.16;99.23;0.07294;0.07237;0.000561;-11.371;-11.404;-32.511;1.00;139.20;
2025-11-20 18:01:14.11;0.00:00:50:463;1.00;0.00;0.00;0.07283;0.07228;-9.78E-05;0.0001224;-0.04;0.05;99.25;0.17;99.25;0.07283;0.07228;0.0005497;-11.377;-11.410;-32.598;1.00;128.62;
2025-11-20 18:01:14.15;0.00:00:50:508;1.00;0.00;0.00;0.07293;0.07237;-9.874E-05;0.0001018;-0.04;0.04;99.22;0.14;99.22;0.07293;0.07237;0.0005653;-11.371;-11.405;-32.477;1.00;134.13;
2025-11-20 18:01:14.20;0.00:00:50:554;1.00;0.00;0.00;0.07293;0.07241;-0.0001374;0.0001316;-0.05;0.05;99.29;0.18;99.29;0.07293;0.07241;0.0005211;-11.371;-11.402;-32.831;1.00;136.23;
2025-11-20 18:01:14.25;0.00:00:50:601;1.00;0.00;0.00;0.07277;0.07223;-0.0001612;0.0001158;-0.06;0.05;99.26;0.16;99.26;0.07277;0.07223;0.0005374;-11.380;-11.413;-32.697;1.00;144.30;
2025-11-20 18:01:14.29;0.00:00:50:647;1.00;0.00;0.00;0.07265;0.0721;-0.0001367;0.0001265;-0.05;0.05;99.24;0.17;99.24;0.07265;0.0721;0.0005514;-11.388;-11.421;-32.585;1.00;137.22;
2025-11-20 18:01:14.34;0.00:00:50:695;1.00;0.00;0.00;0.07264;0.07208;-8.704E-05;0.000111;-0.03;0.04;99.22;0.15;99.22;0.07264;0.07208;0.0005651;-11.388;-11.422;-32.479;1.00;128.11;
2025-11-20 18:01:14.39;0.00:00:50:741;1.00;0.00;0.00;0.07271;0.07216;-0.0001362;0.0001124;-0.05;0.04;99.25;0.15;99.25;0.07271;0.07216;0.0005476;-11.384;-11.417;-32.615;1.00;140.49;
2025-11-20 18:01:14.43;0.00:00:50:788;1.00;0.00;0.00;0.07261;0.07202;-9.785E-05;0.0001064;-0.04;0.04;99.18;0.15;99.18;0.07261;0.07202;0.000595;-11.390;-11.426;-32.255;1.00;132.62;
2025-11-20 18:01:14.48;0.00:00:50:837;1.00;0.00;0.00;0.07282;0.07224;-6.159E-05;0.0001259;-0.02;0.05;99.20;0.17;99.20;0.07282;0.07224;0.0005793;-11.378;-11.412;-32.371;1.00;116.07;
2025-11-20 18:01:14.53;0.00:00:50:883;1.00;0.00;0.00;0.07279;0.0722;-0.0001167;0.0001192;-0.05;0.05;99.20;0.16;99.20;0.07279;0.0722;0.0005839;-11.379;-11.414;-32.336;1.00;134.38;
2025-11-20 18:01:14.58;0.00:00:50:930;1.00;0.00;0.00;0.07286;0.0723;-5.153E-05;0.000113;-0.02;0.04;99.23;0.16;99.23;0.07286;0.0723;0.0005618;-11.375;-11.408;-32.504;1.00;114.50;
2025-11-20 18:01:14.62;0.00:00:50:976;1.00;0.00;0.00;0.07258;0.07201;-0.0001277;0.0001074;-0.05;0.04;99.22;0.15;99.22;0.07258;0.07201;0.0005629;-11.392;-11.426;-32.496;1.00;139.93;
2025-11-20 18:01:14.68;0.00:00:51:031;1.00;0.00;0.00;0.07266;0.07211;-8.416E-05;0.0001099;-0.03;0.04;99.24;0.15;99.24;0.07266;0.07211;0.0005556;-11.387;-11.420;-32.552;1.00;127.45;
2025-11-20 18:01:14.73;0.00:00:51:085;1.00;0.00;0.00;0.07314;0.07259;-9.874E-05;0.0001354;-0.04;0.05;99.25;0.19;99.25;0.07314;0.07259;0.0005479;-11.359;-11.391;-32.613;1.00;126.09;
2025-11-20 18:01:14.78;0.00:00:51:131;1.00;0.00;0.00;0.07294;0.0724;-0.0001384;0.000127;-0.05;0.05;99.26;0.17;99.26;0.07294;0.0724;0.000537;-11.370;-11.402;-32.700;1.00;137.46;
2025-11-20 18:01:14.82;0.00:00:51:178;1.00;0.00;0.00;0.0728;0.07228;-0.0002012;0.0001443;-0.08;0.06;99.29;0.20;99.29;0.0728;0.07228;0.0005203;-11.379;-11.410;-32.837;1.00;144.34;
2025-11-20 18:01:14.87;0.00:00:51:224;1.00;0.00;0.00;0.07251;0.07194;-0.0001187;0.0001082;-0.05;0.04;99.21;0.15;99.21;0.07251;0.07194;0.0005742;-11.396;-11.430;-32.409;1.00;137.66;
2025-11-20 18:01:14.91;0.00:00:51:270;1.00;0.00;0.00;0.0727;0.0721;-7.505E-05;0.0001041;-0.03;0.04;99.17;0.14;99.17;0.0727;0.0721;0.0006009;-11.385;-11.421;-32.212;1.00;125.79;
2025-11-20 18:01:14.96;0.00:00:51:317;1.00;0.00;0.00;0.07286;0.07231;-0.0001714;0.0001317;-0.07;0.05;99.25;0.18;99.25;0.07286;0.07231;0.0005489;-11.375;-11.408;-32.605;1.00;142.47;
2025-11-20 18:01:15.01;0.00:00:51:363;1.00;0.00;0.00;0.07256;0.07202;-0.0001399;0.0001205;-0.06;0.05;99.26;0.17;99.26;0.07256;0.07202;0.0005379;-11.393;-11.425;-32.693;1.00;139.26;
2025-11-20 18:01:15.06;0.00:00:51:413;1.00;0.00;0.00;0.07263;0.07207;-7.424E-05;0.0001049;-0.03;0.04;99.22;0.14;99.22;0.07263;0.07207;0.0005663;-11.389;-11.423;-32.470;1.00;125.28;
2025-11-20 18:01:15.10;0.00:00:51:458;1.00;0.00;0.00;0.07269;0.07215;-0.0001635;0.0001341;-0.06;0.05;99.26;0.18;99.26;0.07269;0.07215;0.0005365;-11.385;-11.418;-32.704;1.00;140.64;
2025-11-20 18:01:15.15;0.00:00:51:505;1.00;0.00;0.00;0.07253;0.07196;-0.0001208;0.0001077;-0.05;0.04;99.22;0.15;99.22;0.07253;0.07196;0.0005688;-11.395;-11.429;-32.451;1.00;138.28;
2025-11-20 18:01:15.20;0.00:00:51:552;1.00;0.00;0.00;0.07255;0.07198;-0.0001096;0.0001164;-0.04;0.05;99.22;0.16;99.22;0.07255;0.07198;0.0005682;-11.394;-11.428;-32.455;1.00;133.29;
2025-11-20 18:01:15.25;0.00:00:51:603;1.00;0.00;0.00;0.07263;0.07203;-7.715E-05;0.0001133;-0.03;0.05;99.18;0.16;99.18;0.07263;0.07203;0.0005939;-11.389;-11.425;-32.263;1.00;124.25;
2025-11-20 18:01:15.31;0.00:00:51:662;1.00;0.00;0.00;0.07287;0.07224;-2.875E-05;0.0001048;-0.01;0.04;99.14;0.14;99.14;0.07287;0.07224;0.0006261;-11.374;-11.412;-32.034;1.00;105.34;
2025-11-20 18:01:15.35;0.00:00:51:709;1.00;0.00;0.00;0.07301;0.07248;-0.0001953;0.0001573;-0.08;0.06;99.28;0.22;99.28;0.07301;0.07248;0.000523;-11.366;-11.398;-32.815;1.00;141.15;
2025-11-20 18:01:15.40;0.00:00:51:756;1.00;0.00;0.00;0.07262;0.07203;-6.521E-05;0.0001078;-0.03;0.04;99.19;0.15;99.19;0.07262;0.07203;0.0005865;-11.390;-11.425;-32.317;1.00;121.17;
2025-11-20 18:01:15.45;0.00:00:51:804;1.00;0.00;0.00;0.07278;0.07223;-0.0001074;0.0001211;-0.04;0.05;99.24;0.17;99.24;0.07278;0.07223;0.0005543;-11.380;-11.413;-32.562;1.00;131.57;
2025-11-20 18:01:15.50;0.00:00:51:850;1.00;0.00;0.00;0.0728;0.07221;-0.0001027;0.0001048;-0.04;0.04;99.20;0.14;99.20;0.0728;0.07221;0.0005852;-11.379;-11.414;-32.327;1.00;134.44;
2025-11-20 18:01:15.54;0.00:00:51:895;1.00;0.00;0.00;0.07307;0.07248;-0.0001057;0.0001235;-0.04;0.05;99.20;0.17;99.20;0.07307;0.07248;0.0005843;-11.363;-11.398;-32.333;1.00;130.55;
2025-11-20 18:01:15.59;0.00:00:51:944;1.00;0.00;0.00;0.07308;0.07253;-0.0001438;0.0001209;-0.06;0.05;99.25;0.17;99.25;0.07308;0.07253;0.0005503;-11.362;-11.395;-32.594;1.00;139.93;
2025-11-20 18:01:15.64;0.00:00:51:994;1.00;0.00;0.00;0.07299;0.0724;-9.942E-05;0.0001145;-0.04;0.05;99.20;0.16;99.20;0.07299;0.0724;0.0005846;-11.367;-11.402;-32.331;1.00;130.96;
2025-11-20 18:01:15.69;0.00:00:52:047;1.00;0.00;0.00;0.07299;0.07241;-0.0001365;0.0001181;-0.05;0.05;99.21;0.16;99.21;0.07299;0.07241;0.0005743;-11.368;-11.402;-32.408;1.00;139.14;
2025-11-20 18:01:15.74;0.00:00:52:095;1.00;0.00;0.00;0.07279;0.0722;-0.0001066;0.0001045;-0.04;0.04;99.18;0.14;99.18;0.07279;0.0722;0.0005968;-11.379;-11.415;-32.242;1.00;135.57;
2025-11-20 18:01:15.80;0.00:00:52:153;1.00;0.00;0.00;0.07282;0.07228;-0.0001396;0.0001221;-0.06;0.05;99.25;0.17;99.25;0.07282;0.07228;0.0005449;-11.377;-11.410;-32.637;1.00;138.82;
2025-11-20 18:01:15.85;0.00:00:52:209;1.00;0.00;0.00;0.07277;0.07217;-0.0001124;0.0001168;-0.04;0.05;99.18;0.16;99.18;0.07277;0.07217;0.0005959;-11.381;-11.416;-32.248;1.00;133.90;
2025-11-20 18:01:15.90;0.00:00:52:258;1.00;0.00;0.00;0.07278;0.07223;-0.0001291;0.0001152;-0.05;0.05;99.23;0.16;99.23;0.07278;0.07223;0.000558;-11.380;-11.413;-32.533;1.00;138.26;
2025-11-20 18:01:15.95;0.00:00:52:309;1.00;0.00;0.00;0.0727;0.07213;-9.817E-05;0.0001037;-0.04;0.04;99.21;0.14;99.21;0.0727;0.07213;0.0005716;-11.385;-11.419;-32.429;1.00;133.42;
2025-11-20 18:01:16.01;0.00:00:52:360;1.00;0.00;0.00;0.07266;0.07208;-0.0001123;0.0001021;-0.04;0.04;99.21;0.14;99.21;0.07266;0.07208;0.0005759;-11.387;-11.422;-32.397;1.00;137.73;
2025-11-20 18:01:16.06;0.00:00:52:412;1.00;0.00;0.00;0.07271;0.07212;-0.0001055;0.0001071;-0.04;0.04;99.20;0.15;99.20;0.07271;0.07212;0.0005829;-11.384;-11.419;-32.344;1.00;134.59;
2025-11-20 18:01:16.11;0.00:00:52:462;1.00;0.00;0.00;0.0728;0.07223;-0.0001356;0.0001348;-0.05;0.05;99.22;0.19;99.22;0.0728;0.07223;0.0005677;-11.379;-11.413;-32.458;1.00;135.17;
2025-11-20 18:01:16.16;0.00:00:52:514;1.00;0.00;0.00;0.07268;0.07213;-0.000131;0.0001126;-0.05;0.04;99.24;0.15;99.24;0.07268;0.07213;0.0005519;-11.386;-11.419;-32.581;1.00;139.34;
2025-11-20 18:01:16.21;0.00:00:52:565;1.00;0.00;0.00;0.07279;0.07222;-0.0001008;0.000116;-0.04;0.05;99.22;0.16;99.22;0.07279;0.07222;0.0005696;-11.379;-11.413;-32.444;1.00;131.00;
2025-11-20 18:01:16.27;0.00:00:52:628;1.00;0.00;0.00;0.07282;0.07224;-9.172E-05;0.0001252;-0.04;0.05;99.21;0.17;99.21;0.07282;0.07224;0.0005748;-11.378;-11.412;-32.405;1.00;126.23;
2025-11-20 18:01:16.32;0.00:00:52:678;1.00;0.00;0.00;0.07301;0.07242;-7.3E-05;0.0001178;-0.03;0.05;99.19;0.16;99.19;0.07301;0.07242;0.0005923;-11.366;-11.401;-32.275;1.00;121.80;
2025-11-20 18:01:16.37;0.00:00:52:729;1.00;0.00;0.00;0.07318;0.07261;-0.0001064;0.0001281;-0.04;0.05;99.23;0.18;99.23;0.07318;0.07261;0.0005644;-11.356;-11.390;-32.484;1.00;129.72;
2025-11-20 18:01:16.42;0.00:00:52:779;1.00;0.00;0.00;0.07288;0.07231;-0.0001315;0.0001097;-0.05;0.04;99.21;0.15;99.21;0.07288;0.07231;0.0005759;-11.374;-11.408;-32.396;1.00;140.17;
2025-11-20 18:01:16.47;0.00:00:52:829;1.00;0.00;0.00;0.07305;0.07246;-4.618E-05;0.0001055;-0.02;0.04;99.19;0.14;99.19;0.07305;0.07246;0.0005885;-11.364;-11.399;-32.303;1.00;113.65;
2025-11-20 18:01:16.54;0.00:00:52:890;1.00;0.00;0.00;0.07288;0.07231;-5.834E-05;0.000106;-0.02;0.04;99.21;0.15;99.21;0.07288;0.07231;0.0005735;-11.374;-11.408;-32.414;1.00;118.83;
2025-11-20 18:01:16.59;0.00:00:52:943;1.00;0.00;0.00;0.07323;0.07271;-0.0002024;0.0001423;-0.08;0.06;99.30;0.19;99.30;0.07323;0.07271;0.0005155;-11.353;-11.384;-32.878;1.00;144.89;
2025-11-20 18:01:16.64;0.00:00:52:996;1.00;0.00;0.00;0.07298;0.0724;-0.0001471;0.0001256;-0.06;0.05;99.21;0.17;99.21;0.07298;0.0724;0.000579;-11.368;-11.402;-32.374;1.00;139.50;
2025-11-20 18:01:16.69;0.00:00:53:044;1.00;0.00;0.00;0.07299;0.07243;-0.0001033;0.0001099;-0.04;0.04;99.23;0.15;99.23;0.07299;0.07243;0.000559;-11.367;-11.401;-32.526;1.00;133.22;
2025-11-20 18:01:16.73;0.00:00:53:089;1.00;0.00;0.00;0.07286;0.07233;-0.000169;0.0001358;-0.07;0.05;99.28;0.19;99.28;0.07286;0.07233;0.0005222;-11.375;-11.407;-32.821;1.00;141.21;
2025-11-20 18:01:16.79;0.00:00:53:141;1.00;0.00;0.00;0.07275;0.0722;-0.0001028;0.0001211;-0.04;0.05;99.24;0.17;99.24;0.07275;0.0722;0.0005506;-11.382;-11.415;-32.592;1.00;130.34;
2025-11-20 18:01:16.83;0.00:00:53:187;1.00;0.00;0.00;0.07289;0.07233;-0.0001286;0.0001169;-0.05;0.05;99.24;0.16;99.24;0.07289;0.07233;0.0005531;-11.374;-11.407;-32.572;1.00;137.74;
2025-11-20 18:01:16.88;0.00:00:53:238;1.00;0.00;0.00;0.07272;0.07218;-0.0001313;0.0001185;-0.05;0.05;99.25;0.16;99.25;0.07272;0.07218;0.0005429;-11.383;-11.416;-32.653;1.00;137.94;
2025-11-20 18:01:16.94;0.00:00:53:291;1.00;0.00;0.00;0.07269;0.07214;-0.0001188;0.000121;-0.05;0.05;99.24;0.17;99.24;0.07269;0.07214;0.0005536;-11.385;-11.418;-32.568;1.00;134.47;
2025-11-20 18:01:16.99;0.00:00:53:342;1.00;0.00;0.00;0.07257;0.07205;-0.0001095;0.0001148;-0.04;0.05;99.28;0.16;99.28;0.07257;0.07205;0.000519;-11.393;-11.424;-32.848;1.00;133.65;
2025-11-20 18:01:17.04;0.00:00:53:391;1.00;0.00;0.00;0.07269;0.07214;-0.0001314;0.0001351;-0.05;0.05;99.23;0.19;99.23;0.07269;0.07214;0.0005574;-11.385;-11.419;-32.538;1.00;134.22;
2025-11-20 18:01:17.09;0.00:00:53:442;1.00;0.00;0.00;0.0726;0.07199;-8.455E-05;9.85E-05;-0.03;0.04;99.16;0.14;99.16;0.0726;0.07199;0.0006107;-11.391;-11.427;-32.142;1.00;130.64;
2025-11-20 18:01:17.14;0.00:00:53:495;1.00;0.00;0.00;0.07296;0.07243;-0.0001497;0.0001317;-0.06;0.05;99.27;0.18;99.27;0.07296;0.07243;0.000529;-11.369;-11.401;-32.765;1.00;138.66;
2025-11-20 18:01:17.19;0.00:00:53:546;1.00;0.00;0.00;0.07295;0.07235;-8.152E-05;0.0001213;-0.03;0.05;99.18;0.17;99.18;0.07295;0.07235;0.0006015;-11.370;-11.406;-32.208;1.00;123.91;
2025-11-20 18:01:17.24;0.00:00:53:596;1.00;0.00;0.00;0.07296;0.07239;-8.968E-05;0.0001253;-0.04;0.05;99.22;0.17;99.22;0.07296;0.07239;0.0005693;-11.369;-11.403;-32.447;1.00;125.59;
2025-11-20 18:01:17.29;0.00:00:53:647;1.00;0.00;0.00;0.07272;0.0722;-0.0001887;0.0001246;-0.07;0.05;99.29;0.17;99.29;0.07272;0.0722;0.0005193;-11.384;-11.415;-32.846;1.00;146.57;
2025-11-20 18:01:17.34;0.00:00:53:699;1.00;0.00;0.00;0.07282;0.07223;-7.683E-05;0.0001172;-0.03;0.05;99.19;0.16;99.19;0.07282;0.07223;0.000588;-11.377;-11.413;-32.306;1.00;123.24;
2025-11-20 18:01:17.39;0.00:00:53:741;1.00;0.00;0.00;0.0729;0.07232;-9.477E-05;0.0001134;-0.04;0.04;99.21;0.16;99.21;0.0729;0.07232;0.0005746;-11.373;-11.407;-32.406;1.00;129.90;
2025-11-20 18:01:17.45;0.00:00:53:800;1.00;0.00;0.00;0.07255;0.07199;-0.0001015;0.0001078;-0.04;0.04;99.23;0.15;99.23;0.07255;0.07199;0.0005612;-11.394;-11.427;-32.509;1.00;133.29;
2025-11-20 18:01:17.50;0.00:00:53:852;1.00;0.00;0.00;0.07266;0.07206;-8.871E-05;0.0001215;-0.04;0.05;99.18;0.17;99.18;0.07266;0.07206;0.0005956;-11.387;-11.423;-32.250;1.00;126.12;
2025-11-20 18:01:17.55;0.00:00:53:904;1.00;0.00;0.00;0.07232;0.07178;-0.0001162;0.0001152;-0.05;0.05;99.25;0.16;99.25;0.07232;0.07178;0.0005423;-11.407;-11.440;-32.657;1.00;135.24;
2025-11-20 18:01:17.60;0.00:00:53:955;1.00;0.00;0.00;0.07234;0.07174;-7.408E-05;0.0001096;-0.03;0.04;99.16;0.15;99.16;0.07234;0.07174;0.0006042;-11.406;-11.443;-32.188;1.00;124.05;
2025-11-20 18:01:17.66;0.00:00:54:014;1.00;0.00;0.00;0.07281;0.07223;-6.075E-05;0.0001131;-0.02;0.04;99.19;0.16;99.19;0.07281;0.07223;0.0005862;-11.378;-11.413;-32.320;1.00;118.25;
2025-11-20 18:01:17.71;0.00:00:54:067;1.00;0.00;0.00;0.07284;0.07226;-0.0001143;0.0001291;-0.05;0.05;99.20;0.18;99.20;0.07284;0.07226;0.0005797;-11.376;-11.411;-32.368;1.00;131.52;
2025-11-20 18:01:17.76;0.00:00:54:116;1.00;0.00;0.00;0.07283;0.07226;-6.426E-05;0.0001036;-0.03;0.04;99.21;0.14;99.21;0.07283;0.07226;0.0005719;-11.377;-11.411;-32.427;1.00;121.82;
2025-11-20 18:01:17.82;0.00:00:54:177;1.00;0.00;0.00;0.07286;0.07225;-6.501E-05;0.0001012;-0.03;0.04;99.17;0.14;99.17;0.07286;0.07225;0.0006021;-11.375;-11.411;-32.203;1.00;122.73;
2025-11-20 18:01:17.88;0.00:00:54:238;1.00;0.00;0.00;0.07296;0.07241;-0.0001068;0.0001114;-0.04;0.04;99.24;0.15;99.24;0.07296;0.07241;0.0005533;-11.369;-11.402;-32.570;1.00;133.81;
2025-11-20 18:01:17.93;0.00:00:54:289;1.00;0.00;0.00;0.07294;0.07239;-0.0001313;0.0001089;-0.05;0.04;99.24;0.15;99.24;0.07294;0.07239;0.0005524;-11.370;-11.403;-32.578;1.00;140.32;
2025-11-20 18:01:17.99;0.00:00:54:340;1.00;0.00;0.00;0.07293;0.07235;-0.0001179;0.0001137;-0.05;0.05;99.22;0.16;99.22;0.07293;0.07235;0.0005722;-11.371;-11.405;-32.424;1.00;136.04;
2025-11-20 18:01:18.04;0.00:00:54:391;1.00;0.00;0.00;0.07295;0.0724;-0.000112;0.0001274;-0.04;0.05;99.24;0.17;99.24;0.07295;0.0724;0.0005509;-11.370;-11.403;-32.589;1.00;131.32;
2025-11-20 18:01:18.08;0.00:00:54:439;1.00;0.00;0.00;0.07287;0.07229;-8.785E-05;0.0001118;-0.03;0.04;99.21;0.15;99.21;0.07287;0.07229;0.0005767;-11.375;-11.409;-32.391;1.00;128.17;
2025-11-20 18:01:18.14;0.00:00:54:492;1.00;0.00;0.00;0.07289;0.07235;-0.0001133;0.0001405;-0.04;0.06;99.25;0.19;99.25;0.07289;0.07235;0.0005431;-11.373;-11.406;-32.651;1.00;128.87;
2025-11-20 18:01:18.20;0.00:00:54:553;1.00;0.00;0.00;0.07275;0.0722;-0.0001067;0.000122;-0.04;0.05;99.25;0.17;99.25;0.07275;0.0722;0.0005485;-11.382;-11.414;-32.608;1.00;131.18;
2025-11-20 18:01:18.25;0.00:00:54:604;1.00;0.00;0.00;0.07288;0.07229;-0.0001135;0.0001131;-0.04;0.04;99.19;0.16;99.19;0.07288;0.07229;0.0005891;-11.374;-11.409;-32.298;1.00;135.10;
2025-11-20 18:01:18.30;0.00:00:54:659;1.00;0.00;0.00;0.073;0.07238;-8.338E-05;0.0001177;-0.03;0.05;99.16;0.16;99.16;0.073;0.07238;0.000616;-11.367;-11.404;-32.104;1.00;125.32;
2025-11-20 18:01:18.35;0.00:00:54:706;1.00;0.00;0.00;0.07264;0.07208;-0.000163;0.0001205;-0.06;0.05;99.23;0.17;99.23;0.07264;0.07208;0.0005617;-11.388;-11.422;-32.505;1.00;143.53;
2025-11-20 18:01:18.40;0.00:00:54:758;1.00;0.00;0.00;0.07254;0.07195;-8.167E-05;0.000109;-0.03;0.04;99.19;0.15;99.19;0.07254;0.07195;0.0005907;-11.394;-11.430;-32.286;1.00;126.84;
2025-11-20 18:01:18.45;0.00:00:54:809;1.00;0.00;0.00;0.0726;0.0721;-0.0001915;0.0001273;-0.08;0.05;99.32;0.18;99.32;0.0726;0.0721;0.0004967;-11.391;-11.421;-33.039;1.00;146.38;
2025-11-20 18:01:18.52;0.00:00:54:870;1.00;0.00;0.00;0.07261;0.07203;-3.284E-05;0.000117;-0.01;0.05;99.20;0.16;99.20;0.07261;0.07203;0.0005821;-11.390;-11.425;-32.350;1.00;105.68;
2025-11-20 18:01:18.57;0.00:00:54:923;1.00;0.00;0.00;0.07297;0.07238;-6.47E-05;0.0001076;-0.03;0.04;99.19;0.15;99.19;0.07297;0.07238;0.0005925;-11.369;-11.404;-32.273;1.00;121.02;
2025-11-20 18:01:18.62;0.00:00:54:974;1.00;0.00;0.00;0.0729;0.07232;-0.000123;0.0001202;-0.05;0.05;99.21;0.16;99.21;0.0729;0.07232;0.0005753;-11.373;-11.407;-32.401;1.00;135.67;
2025-11-20 18:01:18.67;0.00:00:55:023;1.00;0.00;0.00;0.07293;0.07235;-7.679E-05;9.483E-05;-0.03;0.04;99.19;0.13;99.19;0.07293;0.07235;0.0005876;-11.371;-11.406;-32.309;1.00;129.00;
2025-11-20 18:01:18.72;0.00:00:55:076;1.00;0.00;0.00;0.07296;0.07243;-0.0001982;0.0001444;-0.08;0.06;99.28;0.20;99.28;0.07296;0.07243;0.0005276;-11.369;-11.401;-32.777;1.00;143.92;
2025-11-20 18:01:18.79;0.00:00:55:142;1.00;0.00;0.00;0.07258;0.07202;-0.0001019;0.0001067;-0.04;0.04;99.24;0.15;99.24;0.07258;0.07202;0.0005548;-11.392;-11.425;-32.559;1.00;133.68;
2025-11-20 18:01:18.84;0.00:00:55:197;1.00;0.00;0.00;0.07298;0.07242;-8.016E-05;0.0001212;-0.03;0.05;99.23;0.17;99.23;0.07298;0.07242;0.0005597;-11.368;-11.402;-32.520;1.00;123.48;
2025-11-20 18:01:18.89;0.00:00:55:247;1.00;0.00;0.00;0.07282;0.07226;-8.173E-05;9.893E-05;-0.03;0.04;99.23;0.14;99.23;0.07282;0.07226;0.0005616;-11.378;-11.411;-32.505;1.00;129.56;
2025-11-20 18:01:18.94;0.00:00:55:299;1.00;0.00;0.00;0.0729;0.07234;-0.0001218;0.0001053;-0.05;0.04;99.23;0.14;99.23;0.0729;0.07234;0.0005581;-11.373;-11.406;-32.533;1.00;139.17;
2025-11-20 18:01:18.99;0.00:00:55:349;1.00;0.00;0.00;0.07298;0.0724;-8.098E-05;0.0001351;-0.03;0.05;99.20;0.19;99.20;0.07298;0.0724;0.0005815;-11.368;-11.403;-32.355;1.00;120.94;
2025-11-20 18:01:19.05;0.00:00:55:403;1.00;0.00;0.00;0.07295;0.07239;-0.0001193;0.0001237;-0.05;0.05;99.23;0.17;99.23;0.07295;0.07239;0.0005623;-11.370;-11.403;-32.500;1.00;133.97;
2025-11-20 18:01:19.11;0.00:00:55:463;1.00;0.00;0.00;0.07305;0.07248;-0.0001029;0.0001193;-0.04;0.05;99.22;0.16;99.22;0.07305;0.07248;0.0005705;-11.364;-11.398;-32.438;1.00;130.79;
2025-11-20 18:01:19.16;0.00:00:55:514;1.00;0.00;0.00;0.07301;0.07246;-0.0001166;0.0001141;-0.05;0.05;99.25;0.16;99.25;0.07301;0.07246;0.0005488;-11.366;-11.399;-32.606;1.00;135.61;
2025-11-20 18:01:19.21;0.00:00:55:566;1.00;0.00;0.00;0.07282;0.07224;-9.621E-05;0.0001052;-0.04;0.04;99.20;0.14;99.20;0.07282;0.07224;0.0005824;-11.378;-11.412;-32.348;1.00;132.46;
2025-11-20 18:01:19.26;0.00:00:55:611;1.00;0.00;0.00;0.07275;0.07221;-0.0001512;0.000116;-0.06;0.05;99.26;0.16;99.26;0.07275;0.07221;0.000535;-11.382;-11.414;-32.716;1.00;142.50;
2025-11-20 18:01:19.32;0.00:00:55:670;1.00;0.00;0.00;0.07226;0.07167;-8.5E-05;9.518E-05;-0.03;0.04;99.19;0.13;99.19;0.07226;0.07167;0.0005849;-11.411;-11.446;-32.330;1.00;131.77;
2025-11-20 18:01:19.37;0.00:00:55:722;1.00;0.00;0.00;0.07306;0.07245;-3.436E-05;0.000123;-0.01;0.05;99.17;0.17;99.17;0.07306;0.07245;0.000608;-11.363;-11.400;-32.161;1.00;105.60;
2025-11-20 18:01:19.42;0.00:00:55:773;1.00;0.00;0.00;0.07312;0.07257;-0.0001073;0.0001308;-0.04;0.05;99.24;0.18;99.24;0.07312;0.07257;0.0005548;-11.359;-11.392;-32.559;1.00;129.35;
2025-11-20 18:01:19.47;0.00:00:55:825;1.00;0.00;0.00;0.07282;0.07226;-0.0001292;0.0001237;-0.05;0.05;99.23;0.17;99.23;0.07282;0.07226;0.0005603;-11.377;-11.411;-32.516;1.00;136.25;
2025-11-20 18:01:19.53;0.00:00:55:884;1.00;0.00;0.00;0.07274;0.07218;-0.0001256;0.000121;-0.05;0.05;99.24;0.17;99.24;0.07274;0.07218;0.0005543;-11.382;-11.416;-32.563;1.00;136.09;
2025-11-20 18:01:19.59;0.00:00:55:942;1.00;0.00;0.00;0.07287;0.07229;-0.0001136;0.0001088;-0.04;0.04;99.21;0.15;99.21;0.07287;0.07229;0.0005788;-11.374;-11.409;-32.374;1.00;136.23;
2025-11-20 18:01:19.64;0.00:00:55:991;1.00;0.00;0.00;0.07282;0.07228;-0.0001349;0.0001215;-0.05;0.05;99.25;0.17;99.25;0.07282;0.07228;0.0005427;-11.377;-11.410;-32.655;1.00;138.01;
2025-11-20 18:01:19.70;0.00:00:56:053;1.00;0.00;0.00;0.073;0.07237;-1.726E-05;0.000108;-0.01;0.04;99.15;0.15;99.15;0.073;0.07237;0.0006233;-11.367;-11.404;-32.053;1.00;99.08;
2025-11-20 18:01:19.75;0.00:00:56:100;1.00;0.00;0.00;0.07338;0.07282;-0.0001215;0.0001241;-0.05;0.05;99.24;0.17;99.24;0.07338;0.07282;0.0005564;-11.344;-11.377;-32.546;1.00;134.39;
2025-11-20 18:01:19.79;0.00:00:56:146;1.00;0.00;0.00;0.07306;0.07252;-0.0001684;0.000118;-0.07;0.05;99.27;0.16;99.27;0.07306;0.07252;0.0005361;-11.363;-11.395;-32.707;1.00;144.99;
2025-11-20 18:01:19.84;0.00:00:56:199;1.00;0.00;0.00;0.07323;0.07263;-0.0001109;0.0001251;-0.04;0.05;99.19;0.17;99.19;0.07323;0.07263;0.0005962;-11.353;-11.389;-32.246;1.00;131.56;
2025-11-20 18:01:19.90;0.00:00:56:256;1.00;0.00;0.00;0.0732;0.07265;-0.0001207;0.0001116;-0.05;0.04;99.25;0.15;99.25;0.0732;0.07265;0.0005461;-11.355;-11.388;-32.627;1.00;137.24;
2025-11-20 18:01:19.95;0.00:00:56:302;1.00;0.00;0.00;0.07326;0.07273;-0.0001724;0.0001245;-0.07;0.05;99.28;0.17;99.28;0.07326;0.07273;0.0005285;-11.352;-11.383;-32.769;1.00;144.15;
2025-11-20 18:01:20.00;0.00:00:56:353;1.00;0.00;0.00;0.07294;0.07241;-0.0001638;0.0001193;-0.06;0.05;99.26;0.16;99.26;0.07294;0.07241;0.0005363;-11.370;-11.402;-32.706;1.00;143.93;
2025-11-20 18:01:20.06;0.00:00:56:413;1.00;0.00;0.00;0.07273;0.07218;-0.0001094;0.0001124;-0.04;0.04;99.24;0.15;99.24;0.07273;0.07218;0.0005529;-11.383;-11.416;-32.574;1.00;134.21;
2025-11-20 18:01:20.10;0.00:00:56:458;1.00;0.00;0.00;0.07277;0.07217;-0.0001047;0.0001109;-0.04;0.04;99.18;0.15;99.18;0.07277;0.07217;0.0005971;-11.381;-11.416;-32.239;1.00;133.36;
2025-11-20 18:01:20.15;0.00:00:56:506;1.00;0.00;0.00;0.07301;0.07244;-0.0001354;0.0001151;-0.05;0.05;99.22;0.16;99.22;0.07301;0.07244;0.0005692;-11.366;-11.400;-32.447;1.00;139.63;
2025-11-20 18:01:20.20;0.00:00:56:551;1.00;0.00;0.00;0.07298;0.07241;-0.0001232;0.0001266;-0.05;0.05;99.22;0.17;99.22;0.07298;0.07241;0.0005701;-11.368;-11.402;-32.440;1.00;134.23;
2025-11-20 18:01:20.24;0.00:00:56:598;1.00;0.00;0.00;0.073;0.07241;-9.686E-05;0.0001179;-0.04;0.05;99.19;0.16;99.19;0.073;0.07241;0.0005899;-11.367;-11.402;-32.293;1.00;129.41;
2025-11-20 18:01:20.29;0.00:00:56:645;1.00;0.00;0.00;0.07277;0.07217;-0.0001116;0.000116;-0.04;0.05;99.17;0.16;99.17;0.07277;0.07217;0.0006025;-11.380;-11.416;-32.201;1.00;133.87;
2025-11-20 18:01:20.34;0.00:00:56:692;1.00;0.00;0.00;0.07269;0.07212;-0.0001489;0.0001196;-0.06;0.05;99.21;0.16;99.21;0.07269;0.07212;0.0005731;-11.385;-11.419;-32.418;1.00;141.22;
2025-11-20 18:01:20.39;0.00:00:56:740;1.00;0.00;0.00;0.07268;0.07208;-7.185E-05;0.0001059;-0.03;0.04;99.17;0.15;99.17;0.07268;0.07208;0.0006027;-11.386;-11.422;-32.199;1.00;124.16;
2025-11-20 18:01:20.43;0.00:00:56:788;1.00;0.00;0.00;0.07284;0.07226;-0.0001089;0.0001166;-0.04;0.05;99.21;0.16;99.21;0.07284;0.07226;0.0005771;-11.377;-11.411;-32.387;1.00;133.05;
2025-11-20 18:01:20.48;0.00:00:56:835;1.00;0.00;0.00;0.07307;0.07245;-5.134E-05;0.0001082;-0.02;0.04;99.15;0.15;99.15;0.07307;0.07245;0.0006219;-11.363;-11.400;-32.063;1.00;115.37;
2025-11-20 18:01:20.53;0.00:00:56:882;1.00;0.00;0.00;0.07291;0.07234;-0.000117;0.0001059;-0.05;0.04;99.22;0.15;99.22;0.07291;0.07234;0.000571;-11.372;-11.406;-32.433;1.00;137.85;
2025-11-20 18:01:20.59;0.00:00:56:945;1.00;0.00;0.00;0.07284;0.07229;-0.0001483;0.0001236;-0.06;0.05;99.24;0.17;99.24;0.07284;0.07229;0.0005502;-11.376;-11.409;-32.594;1.00;140.19;
2025-11-20 18:01:20.64;0.00:00:56:992;1.00;0.00;0.00;0.07268;0.07214;-0.0001549;0.0001345;-0.06;0.05;99.25;0.19;99.25;0.07268;0.07214;0.0005418;-11.386;-11.418;-32.661;1.00;139.03;
2025-11-20 18:01:20.68;0.00:00:57:039;1.00;0.00;0.00;0.07255;0.07194;-0.0001026;0.0001187;-0.04;0.05;99.16;0.16;99.16;0.07255;0.07194;0.0006081;-11.394;-11.430;-32.160;1.00;130.84;
2025-11-20 18:01:20.73;0.00:00:57:086;1.00;0.00;0.00;0.07263;0.07209;-0.0001306;0.0001305;-0.05;0.05;99.25;0.18;99.25;0.07263;0.07209;0.0005433;-11.389;-11.421;-32.650;1.00;135.02;
2025-11-20 18:01:20.78;0.00:00:57:132;1.00;0.00;0.00;0.0726;0.07203;-8.014E-05;0.0001035;-0.03;0.04;99.21;0.14;99.21;0.0726;0.07203;0.000576;-11.391;-11.425;-32.396;1.00;127.75;
2025-11-20 18:01:20.82;0.00:00:57:179;1.00;0.00;0.00;0.07285;0.07224;-3.543E-05;0.0001078;-0.01;0.04;99.17;0.15;99.16;0.07285;0.07224;0.0006082;-11.376;-11.412;-32.159;1.00;108.20;
2025-11-20 18:01:20.87;0.00:00:57:225;1.00;0.00;0.00;0.07318;0.07263;-0.0001893;0.0001298;-0.07;0.05;99.24;0.18;99.24;0.07318;0.07263;0.0005537;-11.356;-11.389;-32.567;1.00;145.56;
2025-11-20 18:01:20.92;0.00:00:57:273;1.00;0.00;0.00;0.07307;0.0725;-9.919E-05;0.000122;-0.04;0.05;99.22;0.17;99.22;0.07307;0.0725;0.0005693;-11.363;-11.397;-32.447;1.00;129.11;
2025-11-20 18:01:20.96;0.00:00:57:319;1.00;0.00;0.00;0.07288;0.07231;-0.0001318;0.0001308;-0.05;0.05;99.21;0.18;99.21;0.07288;0.07231;0.0005724;-11.374;-11.408;-32.423;1.00;135.21;
2025-11-20 18:01:21.01;0.00:00:57:367;1.00;0.00;0.00;0.07266;0.07213;-0.0001655;0.0001338;-0.07;0.05;99.28;0.18;99.28;0.07266;0.07213;0.0005242;-11.387;-11.419;-32.805;1.00;141.05;
2025-11-20 18:01:21.06;0.00:00:57:418;1.00;0.00;0.00;0.07239;0.07183;-0.0001362;0.0001117;-0.05;0.04;99.22;0.15;99.22;0.07239;0.07183;0.0005655;-11.403;-11.437;-32.476;1.00;140.64;
2025-11-20 18:01:21.12;0.00:00:57:477;1.00;0.00;0.00;0.0726;0.07199;-4.236E-05;0.0001119;-0.02;0.04;99.16;0.15;99.16;0.0726;0.07199;0.0006118;-11.391;-11.427;-32.134;1.00;110.73;
2025-11-20 18:01:21.17;0.00:00:57:523;1.00;0.00;0.00;0.07274;0.07217;-0.0001167;0.0001158;-0.05;0.05;99.22;0.16;99.22;0.07274;0.07217;0.0005704;-11.382;-11.416;-32.438;1.00;135.22;
2025-11-20 18:01:21.22;0.00:00:57:573;1.00;0.00;0.00;0.07284;0.07226;-9.064E-05;0.0001204;-0.04;0.05;99.21;0.17;99.21;0.07284;0.07226;0.000574;-11.376;-11.411;-32.411;1.00;126.98;
2025-11-20 18:01:21.28;0.00:00:57:631;1.00;0.00;0.00;0.07258;0.07198;-7.323E-05;0.0001134;-0.03;0.05;99.17;0.16;99.17;0.07258;0.07198;0.0006037;-11.392;-11.428;-32.192;1.00;122.86;
2025-11-20 18:01:21.32;0.00:00:57:677;1.00;0.00;0.00;0.07274;0.07214;-8.352E-05;0.000108;-0.03;0.04;99.17;0.15;99.17;0.07274;0.07214;0.0006072;-11.382;-11.418;-32.166;1.00;127.70;
2025-11-20 18:01:21.37;0.00:00:57:725;1.00;0.00;0.00;0.07292;0.07234;-0.0001089;0.0001106;-0.04;0.04;99.21;0.15;99.21;0.07292;0.07234;0.0005766;-11.372;-11.406;-32.391;1.00;134.58;
2025-11-20 18:01:21.42;0.00:00:57:770;1.00;0.00;0.00;0.07298;0.07238;-0.0001345;0.0001368;-0.05;0.05;99.18;0.19;99.18;0.07298;0.07239;0.0005968;-11.368;-11.404;-32.242;1.00;134.52;
2025-11-20 18:01:21.46;0.00:00:57:818;1.00;0.00;0.00;0.0727;0.07218;-0.0002048;0.0001218;-0.08;0.05;99.29;0.17;99.29;0.0727;0.07218;0.0005162;-11.385;-11.416;-32.872;1.00;149.26;
2025-11-20 18:01:21.51;0.00:00:57:862;1.00;0.00;0.00;0.07252;0.07193;-0.0001053;0.0001252;-0.04;0.05;99.18;0.17;99.18;0.07252;0.07193;0.0005972;-11.395;-11.431;-32.239;1.00;130.06;
2025-11-20 18:01:21.56;0.00:00:57:916;1.00;0.00;0.00;0.07255;0.07197;-0.0001031;0.0001153;-0.04;0.05;99.19;0.16;99.19;0.07255;0.07197;0.0005853;-11.393;-11.429;-32.326;1.00;131.79;
2025-11-20 18:01:21.61;0.00:00:57:967;1.00;0.00;0.00;0.07262;0.07205;-8.771E-05;0.0001243;-0.03;0.05;99.21;0.17;99.21;0.07262;0.07205;0.000571;-11.390;-11.424;-32.434;1.00;125.22;
2025-11-20 18:01:21.66;0.00:00:58:015;1.00;0.00;0.00;0.07262;0.07206;-9.951E-05;0.0001064;-0.04;0.04;99.23;0.15;99.23;0.07262;0.07206;0.0005619;-11.389;-11.423;-32.504;1.00;133.09;
2025-11-20 18:01:21.71;0.00:00:58:066;1.00;0.00;0.00;0.07281;0.07222;-4.418E-05;0.0001074;-0.02;0.04;99.19;0.15;99.19;0.07281;0.07222;0.0005868;-11.378;-11.414;-32.315;1.00;112.36;
2025-11-20 18:01:21.76;0.00:00:58:116;1.00;0.00;0.00;0.07309;0.07249;-8.42E-05;0.000116;-0.03;0.05;99.17;0.16;99.17;0.07309;0.07249;0.0006071;-11.361;-11.397;-32.167;1.00;125.97;
2025-11-20 18:01:21.81;0.00:00:58:168;1.00;0.00;0.00;0.07285;0.07231;-0.0001468;0.0001177;-0.06;0.05;99.26;0.16;99.26;0.07285;0.07231;0.000536;-11.376;-11.408;-32.709;1.00;141.27;
2025-11-20 18:01:21.86;0.00:00:58:218;1.00;0.00;0.00;0.07283;0.07225;-6.923E-05;9.509E-05;-0.03;0.04;99.21;0.13;99.21;0.07283;0.07225;0.0005788;-11.377;-11.412;-32.375;1.00;126.06;
2025-11-20 18:01:21.91;0.00:00:58:269;1.00;0.00;0.00;0.07302;0.07247;-0.0001804;0.0001339;-0.07;0.05;99.24;0.18;99.24;0.07302;0.07247;0.0005584;-11.365;-11.399;-32.530;1.00;143.42;
2025-11-20 18:01:21.97;0.00:00:58:321;1.00;0.00;0.00;0.07286;0.07231;-0.0001278;0.0001208;-0.05;0.05;99.24;0.17;99.24;0.07286;0.07231;0.0005514;-11.375;-11.408;-32.586;1.00;136.60;
2025-11-20 18:01:22.01;0.00:00:58:368;1.00;0.00;0.00;0.07262;0.07208;-0.0001509;0.000115;-0.06;0.05;99.26;0.16;99.26;0.07262;0.07208;0.0005403;-11.389;-11.422;-32.674;1.00;142.68;
2025-11-20 18:01:22.07;0.00:00:58:423;1.00;0.00;0.00;0.0727;0.07208;-1.961E-05;0.0001044;-0.01;0.04;99.15;0.14;99.15;0.0727;0.07208;0.0006163;-11.385;-11.422;-32.102;1.00;100.64;
2025-11-20 18:01:22.12;0.00:00:58:475;1.00;0.00;0.00;0.07261;0.07204;-0.0001085;0.0001092;-0.04;0.04;99.22;0.15;99.22;0.07261;0.07204;0.0005633;-11.390;-11.424;-32.493;1.00;134.82;
2025-11-20 18:01:22.18;0.00:00:58:535;1.00;0.00;0.00;0.07275;0.07216;-6.964E-05;0.0001092;-0.03;0.04;99.18;0.15;99.18;0.07275;0.07216;0.0005952;-11.382;-11.417;-32.253;1.00;122.52;
2025-11-20 18:01:22.23;0.00:00:58:586;1.00;0.00;0.00;0.0729;0.07235;-0.0001361;0.0001271;-0.05;0.05;99.24;0.17;99.24;0.0729;0.07235;0.0005505;-11.373;-11.406;-32.592;1.00;136.95;
2025-11-20 18:01:22.28;0.00:00:58:639;1.00;0.00;0.00;0.07289;0.07233;-0.0001256;0.0001258;-0.05;0.05;99.23;0.17;99.23;0.07289;0.07233;0.0005588;-11.374;-11.407;-32.528;1.00;134.96;
2025-11-20 18:01:22.35;0.00:00:58:700;1.00;0.00;0.00;0.0728;0.07225;-0.0001273;0.0001246;-0.05;0.05;99.25;0.17;99.25;0.0728;0.07225;0.0005489;-11.378;-11.411;-32.605;1.00;135.62;
2025-11-20 18:01:22.40;0.00:00:58:754;1.00;0.00;0.00;0.07273;0.07217;-0.0001237;0.0001239;-0.05;0.05;99.23;0.17;99.23;0.07273;0.07217;0.0005616;-11.383;-11.417;-32.506;1.00;134.96;
2025-11-20 18:01:22.45;0.00:00:58:803;1.00;0.00;0.00;0.07259;0.07202;-0.0001211;0.0001109;-0.05;0.04;99.22;0.15;99.22;0.07259;0.07202;0.0005643;-11.391;-11.425;-32.485;1.00;137.51;
2025-11-20 18:01:22.50;0.00:00:58:853;1.00;0.00;0.00;0.07286;0.07227;-0.00013;0.0001219;-0.05;0.05;99.19;0.17;99.19;0.07286;0.07227;0.0005891;-11.375;-11.411;-32.298;1.00;136.85;
2025-11-20 18:01:22.55;0.00:00:58:904;1.00;0.00;0.00;0.07284;0.07225;-0.0001399;0.0001076;-0.06;0.04;99.19;0.15;99.19;0.07284;0.07225;0.0005901;-11.376;-11.412;-32.291;1.00;142.44;
2025-11-20 18:01:22.61;0.00:00:58:968;1.00;0.00;0.00;0.07302;0.07247;-0.000111;0.0001231;-0.04;0.05;99.25;0.17;99.25;0.07302;0.07247;0.0005504;-11.366;-11.398;-32.593;1.00;132.03;
2025-11-20 18:01:22.66;0.00:00:59:016;1.00;0.00;0.00;0.07278;0.07225;-0.0001348;0.0001185;-0.05;0.05;99.27;0.16;99.27;0.07278;0.07225;0.0005292;-11.380;-11.411;-32.764;1.00;138.66;
2025-11-20 18:01:22.71;0.00:00:59:066;1.00;0.00;0.00;0.0727;0.07212;-9.829E-05;0.0001166;-0.04;0.05;99.20;0.16;99.20;0.0727;0.07212;0.0005804;-11.384;-11.419;-32.363;1.00;130.12;
2025-11-20 18:01:22.76;0.00:00:59:115;1.00;0.00;0.00;0.0729;0.07232;-0.0001102;0.0001078;-0.04;0.04;99.20;0.15;99.20;0.0729;0.07232;0.0005823;-11.372;-11.407;-32.349;1.00;135.63;
2025-11-20 18:01:22.81;0.00:00:59:169;1.00;0.00;0.00;0.07299;0.07241;-0.0001054;0.0001254;-0.04;0.05;99.20;0.17;99.20;0.07299;0.07241;0.0005846;-11.367;-11.402;-32.331;1.00;130.06;
2025-11-20 18:01:22.87;0.00:00:59:220;1.00;0.00;0.00;0.07306;0.0725;-0.0001095;9.991E-05;-0.04;0.04;99.24;0.14;99.24;0.07306;0.0725;0.000558;-11.363;-11.397;-32.534;1.00;137.62;
2025-11-20 18:01:22.91;0.00:00:59:269;1.00;0.00;0.00;0.07341;0.07277;-3.147E-05;0.0001202;-0.01;0.05;99.13;0.16;99.13;0.07341;0.07277;0.0006365;-11.343;-11.380;-31.962;1.00;104.67;
2025-11-20 18:01:22.96;0.00:00:59:318;1.00;0.00;0.00;0.07273;0.07223;-0.0001826;0.0001156;-0.07;0.05;99.30;0.16;99.30;0.07273;0.07223;0.0005086;-11.383;-11.413;-32.936;1.00;147.66;
2025-11-20 18:01:23.01;0.00:00:59:367;1.00;0.00;0.00;0.07255;0.07199;-9.1E-05;0.0001182;-0.04;0.05;99.22;0.16;99.22;0.07255;0.07199;0.0005659;-11.393;-11.427;-32.473;1.00;127.60;
2025-11-20 18:01:23.07;0.00:00:59:428;1.00;0.00;0.00;0.07282;0.07223;-0.0001019;0.0001226;-0.04;0.05;99.18;0.17;99.18;0.07282;0.07223;0.0005949;-11.377;-11.413;-32.256;1.00;129.74;
2025-11-20 18:01:23.13;0.00:00:59:482;1.00;0.00;0.00;0.07278;0.07225;-0.0001128;0.0001245;-0.04;0.05;99.27;0.17;99.27;0.07278;0.07225;0.0005329;-11.380;-11.411;-32.734;1.00;132.18;
2025-11-20 18:01:23.18;0.00:00:59:532;1.00;0.00;0.00;0.07276;0.07218;-0.0001386;0.000125;-0.06;0.05;99.20;0.17;99.20;0.07276;0.07218;0.0005835;-11.381;-11.416;-32.339;1.00;137.95;
2025-11-20 18:01:23.23;0.00:00:59:584;1.00;0.00;0.00;0.07278;0.07219;-8.145E-05;0.0001224;-0.03;0.05;99.19;0.17;99.19;0.07278;0.07219;0.0005866;-11.380;-11.415;-32.316;1.00;123.64;
2025-11-20 18:01:23.28;0.00:00:59:635;1.00;0.00;0.00;0.07268;0.07213;-0.0001274;0.0001121;-0.05;0.04;99.23;0.15;99.23;0.07268;0.07213;0.0005569;-11.386;-11.419;-32.542;1.00;138.67;
2025-11-20 18:01:23.34;0.00:00:59:691;1.00;0.00;0.00;0.07277;0.07219;-0.0001025;0.0001244;-0.04;0.05;99.21;0.17;99.21;0.07277;0.07219;0.0005767;-11.381;-11.415;-32.390;1.00;129.49;
2025-11-20 18:01:23.39;0.00:00:59:746;1.00;0.00;0.00;0.07267;0.07211;-0.0001424;0.0001383;-0.06;0.05;99.23;0.19;99.23;0.07267;0.07211;0.0005585;-11.386;-11.420;-32.530;1.00;135.84;
2025-11-20 18:01:23.44;0.00:00:59:790;1.00;0.00;0.00;0.07259;0.07202;-9.939E-05;0.0001106;-0.04;0.04;99.21;0.15;99.21;0.07259;0.07202;0.00057;-11.391;-11.425;-32.441;1.00;131.95;
2025-11-20 18:01:23.51;0.00:00:59:860;1.00;0.00;0.00;0.07281;0.07223;-8.263E-05;0.0001124;-0.03;0.04;99.20;0.15;99.20;0.07281;0.07223;0.0005845;-11.378;-11.413;-32.332;1.00;126.32;
2025-11-20 18:01:23.55;0.00:00:59:906;1.00;0.00;0.00;0.07301;0.07244;-8.354E-05;0.0001177;-0.03;0.05;99.22;0.16;99.22;0.07301;0.07244;0.0005675;-11.366;-11.400;-32.460;1.00;125.36;
2025-11-20 18:01:23.60;0.00:00:59:952;1.00;0.00;0.00;0.07306;0.07246;-0.0001295;0.0001201;-0.05;0.05;99.18;0.16;99.18;0.07306;0.07246;0.0005965;-11.363;-11.399;-32.244;1.00;137.15;
2025-11-20 18:01:23.65;0.00:01:00:010;1.00;0.00;0.00;0.07294;0.07239;-0.0001437;0.00013;-0.06;0.05;99.25;0.18;99.25;0.07294;0.07239;0.0005482;-11.370;-11.403;-32.611;1.00;137.88;
