Device : ;PAX1000IR1
Serial Number : ;M00974113
Firmware Version : ;1.0.13
Software Version : ;1.4.2002.183
Wavelength [nm] : ;780
Basic Sample Rate [Hz] : ;60
Operating Mode : ;1 revolution for one measurement, 1024 points for FFT

Time[date hh:mm:ss] ; Elapsed Time [hh:mm:ss:ms]; Normalized s 1 ; Normalized s 2 ; Normalized s 3 ; S 0 [mW]; S 1 [mW]; S 2 [mW]; S 3 [mW]; Azimuth[°] ; Ellipticity[°] ; DOP[%] ; DOCP[%] ; DOLP[%] ; Power[mW] ; Pol Power[mW] ; Unpol Power[mW] ; Power[dBm] ; Pol Power[dBm] ; Unpol Power[dBm] ; Power-Split-Ratio ; Phase Difference[°] ; Warning
2025-11-20 17:58:41.80;0.00:00:00:056;-1.00;0.00;0.00;0.05525;-0.05527;-0.0002551;-0.0001218;-89.87;-0.06;100.05;0.22;100.05;0.05525;0.05527;-2.536E-05;-12.577;-12.575;-99.990;0.00;-154.47;
2025-11-20 17:58:41.87;0.00:00:00:122;-1.00;0.00;0.00;0.05541;-0.05544;-0.0002381;-0.0001337;-89.88;-0.07;100.05;0.24;100.05;0.05541;0.05544;-2.677E-05;-12.564;-12.562;-99.990;0.00;-150.68;
2025-11-20 17:58:41.92;0.00:00:00:175;-1.00;0.00;0.00;0.05535;-0.05538;-0.0002506;-0.0001278;-89.87;-0.07;100.05;0.23;100.05;0.05535;0.05538;-2.519E-05;-12.569;-12.567;-99.990;0.00;-152.98;
2025-11-20 17:58:41.97;0.00:00:00:220;-1.00;0.00;0.00;0.05535;-0.05538;-0.0002444;-0.0001281;-89.87;-0.07;100.05;0.23;100.05;0.05535;0.05538;-2.53E-05;-12.569;-12.567;-99.990;0.00;-152.33;
2025-11-20 17:58:42.01;0.00:00:00:268;-1.00;0.00;0.00;0.05534;-0.05536;-0.0002576;-0.0001235;-89.87;-0.06;100.04;0.22;100.04;0.05534;0.05536;-2.158E-05;-12.570;-12.568;-99.990;0.00;-154.39;
2025-11-20 17:58:42.07;0.00:00:00:321;-1.00;0.00;0.00;0.05525;-0.05528;-0.0002484;-0.0001256;-89.87;-0.07;100.05;0.23;100.05;0.05525;0.05528;-2.917E-05;-12.577;-12.574;-99.990;0.00;-153.18;
2025-11-20 17:58:42.12;0.00:00:00:375;-1.00;0.00;0.00;0.05539;-0.05541;-0.0002505;-0.0001306;-89.87;-0.07;100.05;0.24;100.05;0.05539;0.05542;-2.625E-05;-12.566;-12.564;-99.990;0.00;-152.46;
2025-11-20 17:58:42.17;0.00:00:00:427;-1.00;0.00;0.00;0.05542;-0.05544;-0.0002551;-0.0001219;-89.87;-0.06;100.05;0.22;100.05;0.05542;0.05544;-2.677E-05;-12.564;-12.562;-99.990;0.00;-154.46;
2025-11-20 17:58:42.23;0.00:00:00:479;-1.00;0.00;0.00;0.05533;-0.05535;-0.000253;-0.0001283;-89.87;-0.07;100.04;0.23;100.04;0.05533;0.05535;-2.379E-05;-12.571;-12.569;-99.990;0.00;-153.11;
2025-11-20 17:58:42.28;0.00:00:00:529;-1.00;0.00;0.00;0.05533;-0.05536;-0.0002468;-0.0001222;-89.87;-0.06;100.04;0.22;100.04;0.05533;0.05536;-2.468E-05;-12.570;-12.568;-99.990;0.00;-153.66;
2025-11-20 17:58:42.32;0.00:00:00:575;-1.00;0.00;0.00;0.05528;-0.05531;-0.000245;-0.0001315;-89.87;-0.07;100.05;0.24;100.05;0.05528;0.05531;-3.035E-05;-12.575;-12.572;-99.990;0.00;-151.78;
2025-11-20 17:58:42.37;0.00:00:00:627;-1.00;0.00;0.00;0.05528;-0.0553;-0.0002681;-0.0001173;-89.86;-0.06;100.04;0.21;100.04;0.05528;0.0553;-2.112E-05;-12.574;-12.572;-99.990;0.00;-156.37;
2025-11-20 17:58:42.44;0.00:00:00:692;-1.00;0.00;0.00;0.05535;-0.05537;-0.0002415;-0.0001303;-89.88;-0.07;100.05;0.24;100.05;0.05535;0.05537;-2.623E-05;-12.569;-12.567;-99.990;0.00;-151.65;
2025-11-20 17:58:42.49;0.00:00:00:744;-1.00;0.00;0.00;0.05533;-0.05535;-0.0002521;-0.000128;-89.87;-0.07;100.04;0.23;100.04;0.05533;0.05535;-2.44E-05;-12.571;-12.569;-99.990;0.00;-153.07;
2025-11-20 17:58:42.54;0.00:00:00:790;-1.00;0.00;0.00;0.05527;-0.05529;-0.0002632;-0.0001272;-89.86;-0.07;100.04;0.23;100.04;0.05527;0.05529;-2.36E-05;-12.575;-12.574;-99.990;0.00;-154.21;
2025-11-20 17:58:42.59;0.00:00:00:843;-1.00;0.00;0.00;0.05526;-0.05529;-0.0002466;-0.0001248;-89.87;-0.06;100.05;0.23;100.05;0.05526;0.05529;-2.597E-05;-12.576;-12.574;-99.990;0.00;-153.15;
2025-11-20 17:58:42.64;0.00:00:00:895;-1.00;0.00;0.00;0.05528;-0.0553;-0.0002424;-0.0001299;-89.87;-0.07;100.04;0.23;100.04;0.05528;0.05531;-2.471E-05;-12.574;-12.572;-99.990;0.00;-151.82;
2025-11-20 17:58:42.71;0.00:00:00:961;-1.00;0.00;0.00;0.05535;-0.05537;-0.0002701;-0.0001206;-89.86;-0.06;100.04;0.22;100.04;0.05535;0.05537;-2.325E-05;-12.569;-12.567;-99.990;0.00;-155.94;
2025-11-20 17:58:42.76;0.00:00:01:011;-1.00;0.00;0.00;0.05549;-0.05552;-0.0002403;-0.000118;-89.88;-0.06;100.05;0.21;100.05;0.05549;0.05552;-2.824E-05;-12.558;-12.556;-99.990;0.00;-153.85;
2025-11-20 17:58:42.81;0.00:00:01:063;-1.00;0.00;0.00;0.05538;-0.0554;-0.000262;-0.0001266;-89.86;-0.07;100.04;0.23;100.04;0.05538;0.0554;-2.409E-05;-12.566;-12.565;-99.990;0.00;-154.22;
2025-11-20 17:58:42.86;0.00:00:01:112;-1.00;0.00;0.00;0.0556;-0.05563;-0.0002395;-0.0001226;-89.88;-0.06;100.05;0.22;100.05;0.0556;0.05563;-2.585E-05;-12.549;-12.547;-99.990;0.00;-152.90;
2025-11-20 17:58:42.91;0.00:00:01:164;-1.00;0.00;0.00;0.05547;-0.0555;-0.0002585;-0.0001329;-89.87;-0.07;100.05;0.24;100.05;0.05547;0.0555;-2.546E-05;-12.559;-12.557;-99.990;0.00;-152.79;
2025-11-20 17:58:42.97;0.00:00:01:225;-1.00;0.00;0.00;0.05549;-0.05552;-0.0002479;-0.0001292;-89.87;-0.07;100.05;0.23;100.05;0.05549;0.05552;-2.525E-05;-12.558;-12.556;-99.990;0.00;-152.47;
2025-11-20 17:58:43.02;0.00:00:01:278;-1.00;0.00;0.00;0.05537;-0.05539;-0.0002489;-0.0001267;-89.87;-0.07;100.04;0.23;100.04;0.05537;0.05539;-2.425E-05;-12.567;-12.566;-99.990;0.00;-153.02;
2025-11-20 17:58:43.08;0.00:00:01:331;-1.00;0.00;0.00;0.05541;-0.05544;-0.0002474;-0.0001255;-89.87;-0.06;100.05;0.23;100.05;0.05541;0.05544;-2.793E-05;-12.564;-12.562;-99.990;0.00;-153.11;
2025-11-20 17:58:43.12;0.00:00:01:378;-1.00;0.00;0.00;0.05544;-0.05546;-0.0002497;-0.0001221;-89.87;-0.06;100.05;0.22;100.05;0.05544;0.05546;-2.606E-05;-12.562;-12.560;-99.990;0.00;-153.95;
2025-11-20 17:58:43.17;0.00:00:01:428;-1.00;0.00;0.00;0.0553;-0.05533;-0.0002709;-0.0001254;-89.86;-0.06;100.04;0.23;100.04;0.0553;0.05533;-2.273E-05;-12.572;-12.571;-99.990;0.00;-155.16;
2025-11-20 17:58:43.24;0.00:00:01:493;-1.00;0.00;0.00;0.05528;-0.0553;-0.0002328;-0.0001274;-89.88;-0.07;100.05;0.23;100.05;0.05528;0.05531;-2.675E-05;-12.574;-12.572;-99.990;0.00;-151.30;
2025-11-20 17:58:43.29;0.00:00:01:539;-1.00;0.00;0.00;0.05537;-0.0554;-0.0002493;-0.0001251;-89.87;-0.06;100.04;0.23;100.04;0.05537;0.0554;-2.409E-05;-12.567;-12.565;-99.990;0.00;-153.36;
2025-11-20 17:58:43.34;0.00:00:01:589;-1.00;0.00;0.00;0.05541;-0.05543;-0.0002414;-0.000124;-89.88;-0.06;100.05;0.22;100.05;0.05541;0.05543;-2.538E-05;-12.564;-12.562;-99.990;0.00;-152.81;
2025-11-20 17:58:43.38;0.00:00:01:638;-1.00;0.00;0.00;0.05541;-0.05543;-0.0002612;-0.000125;-89.86;-0.06;100.04;0.23;100.04;0.05541;0.05544;-2.211E-05;-12.564;-12.562;-99.990;0.00;-154.43;
2025-11-20 17:58:43.43;0.00:00:01:688;-1.00;0.00;0.00;0.05534;-0.05536;-0.0002593;-0.0001261;-89.87;-0.07;100.04;0.23;100.04;0.05534;0.05536;-2.241E-05;-12.569;-12.568;-99.990;0.00;-154.07;
2025-11-20 17:58:43.49;0.00:00:01:740;-1.00;0.00;0.00;0.05538;-0.0554;-0.0002617;-0.0001176;-89.86;-0.06;100.04;0.21;100.04;0.05538;0.0554;-2.226E-05;-12.566;-12.565;-99.990;0.00;-155.80;
2025-11-20 17:58:43.53;0.00:00:01:788;-1.00;0.00;0.00;0.05516;-0.05518;-0.0002622;-0.0001251;-89.86;-0.06;100.04;0.23;100.04;0.05516;0.05518;-2.157E-05;-12.584;-12.582;-99.990;0.00;-154.50;
2025-11-20 17:58:43.58;0.00:00:01:838;-1.00;0.00;0.00;0.0554;-0.05543;-0.0002298;-0.0001308;-89.88;-0.07;100.05;0.24;100.05;0.0554;0.05544;-3.042E-05;-12.565;-12.562;-99.990;0.00;-150.35;
2025-11-20 17:58:43.64;0.00:00:01:889;-1.00;0.00;0.00;0.05553;-0.05555;-0.0002394;-0.0001317;-89.88;-0.07;100.05;0.24;100.05;0.05553;0.05555;-2.637E-05;-12.555;-12.553;-99.990;0.00;-151.17;
2025-11-20 17:58:43.69;0.00:00:01:942;-1.00;0.00;0.00;0.05537;-0.05539;-0.0002517;-0.0001275;-89.87;-0.07;100.05;0.23;100.05;0.05537;0.05539;-2.564E-05;-12.567;-12.565;-99.990;0.00;-153.14;
2025-11-20 17:58:43.74;0.00:00:01:993;-1.00;0.00;0.00;0.05542;-0.05544;-0.0002475;-0.0001287;-89.87;-0.07;100.05;0.23;100.05;0.05542;0.05544;-2.782E-05;-12.564;-12.561;-99.990;0.00;-152.54;
2025-11-20 17:58:43.79;0.00:00:02:042;-1.00;0.00;0.00;0.05548;-0.05551;-0.0002447;-0.0001291;-89.87;-0.07;100.05;0.23;100.05;0.05548;0.05551;-2.691E-05;-12.559;-12.557;-99.990;0.00;-152.18;
2025-11-20 17:58:43.84;0.00:00:02:094;-1.00;0.00;0.00;0.05551;-0.05553;-0.0002574;-0.0001235;-89.87;-0.06;100.04;0.22;100.04;0.05551;0.05553;-2.32E-05;-12.557;-12.555;-99.990;0.00;-154.37;
2025-11-20 17:58:43.89;0.00:00:02:140;-1.00;0.00;0.00;0.05558;-0.0556;-0.0002469;-0.000124;-89.87;-0.06;100.05;0.22;100.04;0.05558;0.0556;-2.512E-05;-12.551;-12.549;-99.990;0.00;-153.33;
2025-11-20 17:58:43.94;0.00:00:02:198;-1.00;0.00;0.00;0.05556;-0.05558;-0.0002648;-0.0001252;-89.86;-0.06;100.04;0.23;100.04;0.05556;0.05558;-2.267E-05;-12.552;-12.551;-99.990;0.00;-154.71;
2025-11-20 17:58:44.00;0.00:00:02:250;-1.00;0.00;0.00;0.05538;-0.05541;-0.0002465;-0.0001311;-89.87;-0.07;100.05;0.24;100.05;0.05538;0.05541;-2.531E-05;-12.566;-12.564;-99.990;0.00;-151.99;
2025-11-20 17:58:44.05;0.00:00:02:302;-1.00;0.00;0.00;0.05547;-0.05549;-0.0002439;-0.0001275;-89.87;-0.07;100.05;0.23;100.05;0.05547;0.0555;-2.674E-05;-12.560;-12.557;-99.990;0.00;-152.40;
2025-11-20 17:58:44.09;0.00:00:02:349;-1.00;0.00;0.00;0.05558;-0.0556;-0.0002536;-0.0001235;-89.87;-0.06;100.04;0.22;100.04;0.05558;0.0556;-2.151E-05;-12.551;-12.549;-99.990;0.00;-154.04;
2025-11-20 17:58:44.14;0.00:00:02:395;-1.00;-0.01;0.00;0.0553;-0.05532;-0.0002863;-0.0001121;-89.85;-0.06;100.03;0.20;100.03;0.0553;0.05532;-1.775E-05;-12.573;-12.571;-99.990;0.00;-158.61;
2025-11-20 17:58:44.19;0.00:00:02:447;-1.00;0.00;0.00;0.05526;-0.05529;-0.0002394;-0.0001312;-89.88;-0.07;100.05;0.24;100.05;0.05526;0.05529;-2.608E-05;-12.576;-12.574;-99.990;0.00;-151.28;
2025-11-20 17:58:44.25;0.00:00:02:500;-1.00;0.00;0.00;0.05533;-0.05536;-0.0002436;-0.0001301;-89.87;-0.07;100.05;0.24;100.05;0.05533;0.05536;-2.628E-05;-12.570;-12.568;-99.990;0.00;-151.90;
2025-11-20 17:58:44.30;0.00:00:02:550;-1.00;0.00;0.00;0.05514;-0.05516;-0.0002536;-0.0001213;-89.87;-0.06;100.04;0.22;100.04;0.05514;0.05516;-2.145E-05;-12.585;-12.583;-99.990;0.00;-154.43;
2025-11-20 17:58:44.34;0.00:00:02:596;-1.00;0.00;0.00;0.05513;-0.05516;-0.0002424;-0.0001248;-89.87;-0.06;100.04;0.23;100.04;0.05513;0.05516;-2.448E-05;-12.586;-12.584;-99.990;0.00;-152.76;
2025-11-20 17:58:44.39;0.00:00:02:640;-1.00;0.00;0.00;0.05518;-0.05521;-0.0002565;-0.0001272;-89.87;-0.07;100.04;0.23;100.04;0.05518;0.05521;-2.384E-05;-12.582;-12.580;-99.990;0.00;-153.62;
2025-11-20 17:58:44.44;0.00:00:02:691;-1.00;0.00;0.00;0.05526;-0.05528;-0.0002403;-0.0001315;-89.88;-0.07;100.05;0.24;100.05;0.05526;0.05528;-2.547E-05;-12.576;-12.574;-99.990;0.00;-151.31;
2025-11-20 17:58:44.48;0.00:00:02:738;-1.00;0.00;0.00;0.05545;-0.05548;-0.0002269;-0.0001338;-89.88;-0.07;100.05;0.24;100.05;0.05545;0.05548;-3.039E-05;-12.561;-12.558;-99.990;0.00;-149.46;
2025-11-20 17:58:44.54;0.00:00:02:789;-1.00;0.00;0.00;0.05554;-0.05556;-0.0002538;-0.0001193;-89.87;-0.06;100.04;0.21;100.04;0.05554;0.05556;-2.383E-05;-12.554;-12.552;-99.990;0.00;-154.82;
2025-11-20 17:58:44.58;0.00:00:02:835;-1.00;0.00;0.00;0.05544;-0.05546;-0.0002514;-0.0001266;-89.87;-0.07;100.04;0.23;100.04;0.05544;0.05546;-2.245E-05;-12.562;-12.560;-99.990;0.00;-153.26;
2025-11-20 17:58:44.63;0.00:00:02:881;-1.00;0.00;0.00;0.0553;-0.05532;-0.0002522;-0.0001276;-89.87;-0.07;100.04;0.23;100.04;0.0553;0.05532;-2.345E-05;-12.573;-12.571;-99.990;0.00;-153.16;
2025-11-20 17:58:44.68;0.00:00:02:932;-1.00;0.00;0.00;0.05534;-0.05536;-0.0002345;-0.0001289;-89.88;-0.07;100.05;0.23;100.05;0.05534;0.05536;-2.512E-05;-12.570;-12.568;-99.990;0.00;-151.21;
2025-11-20 17:58:44.72;0.00:00:02:977;-1.00;0.00;0.00;0.05532;-0.05535;-0.0002521;-0.0001288;-89.87;-0.07;100.04;0.23;100.04;0.05532;0.05535;-2.484E-05;-12.571;-12.569;-99.990;0.00;-152.93;
2025-11-20 17:58:44.77;0.00:00:03:026;-1.00;0.00;0.00;0.05533;-0.05536;-0.0002519;-0.000125;-89.87;-0.06;100.04;0.23;100.04;0.05533;0.05536;-2.484E-05;-12.570;-12.568;-99.990;0.00;-153.62;
2025-11-20 17:58:44.82;0.00:00:03:075;-1.00;0.00;0.00;0.05527;-0.0553;-0.0002332;-0.0001347;-89.88;-0.07;100.05;0.24;100.05;0.05527;0.0553;-2.703E-05;-12.575;-12.573;-99.990;0.00;-149.99;
2025-11-20 17:58:44.88;0.00:00:03:132;-1.00;0.00;0.00;0.05536;-0.05539;-0.0002431;-0.0001248;-89.87;-0.06;100.05;0.23;100.05;0.05536;0.05539;-2.668E-05;-12.568;-12.566;-99.990;0.00;-152.82;
2025-11-20 17:58:44.93;0.00:00:03:187;-1.00;0.00;0.00;0.05532;-0.05535;-0.0002423;-0.00013;-89.87;-0.07;100.04;0.23;100.04;0.05532;0.05535;-2.456E-05;-12.571;-12.569;-99.990;0.00;-151.80;
2025-11-20 17:58:44.99;0.00:00:03:240;-1.00;0.00;0.00;0.05536;-0.05539;-0.0002483;-0.0001195;-89.87;-0.06;100.04;0.22;100.04;0.05536;0.05539;-2.469E-05;-12.568;-12.566;-99.990;0.00;-154.29;
2025-11-20 17:58:45.03;0.00:00:03:288;-1.00;0.00;0.00;0.05513;-0.05516;-0.0002521;-0.0001286;-89.87;-0.07;100.04;0.23;100.04;0.05513;0.05516;-2.272E-05;-12.586;-12.584;-99.990;0.00;-152.97;
2025-11-20 17:58:45.09;0.00:00:03:340;-1.00;0.00;0.00;0.05513;-0.05515;-0.0002502;-0.000123;-89.87;-0.06;100.04;0.22;100.04;0.05513;0.05515;-2.222E-05;-12.586;-12.584;-99.990;0.00;-153.82;
2025-11-20 17:58:45.15;0.00:00:03:402;-1.00;0.00;0.00;0.05508;-0.05511;-0.000249;-0.0001338;-89.87;-0.07;100.05;0.24;100.05;0.05508;0.05511;-2.567E-05;-12.590;-12.588;-99.990;0.00;-151.76;
2025-11-20 17:58:45.20;0.00:00:03:454;-1.00;0.00;0.00;0.0551;-0.05513;-0.0002364;-0.0001292;-89.88;-0.07;100.04;0.23;100.04;0.0551;0.05513;-2.474E-05;-12.588;-12.586;-99.990;0.00;-151.35;
2025-11-20 17:58:45.25;0.00:00:03:504;-1.00;0.00;0.00;0.05513;-0.05516;-0.0002398;-0.000131;-89.88;-0.07;100.05;0.24;100.05;0.05513;0.05516;-2.746E-05;-12.586;-12.584;-99.990;0.00;-151.35;
2025-11-20 17:58:45.30;0.00:00:03:550;-1.00;0.00;0.00;0.05527;-0.0553;-0.0002519;-0.0001199;-89.87;-0.06;100.04;0.22;100.04;0.05527;0.0553;-2.393E-05;-12.575;-12.573;-99.990;0.00;-154.54;
2025-11-20 17:58:45.35;0.00:00:03:604;-1.00;0.00;0.00;0.05514;-0.05516;-0.0002629;-0.0001269;-89.86;-0.07;100.04;0.23;100.04;0.05514;0.05516;-2.305E-05;-12.585;-12.583;-99.990;0.00;-154.24;
2025-11-20 17:58:45.42;0.00:00:03:671;-1.00;0.00;0.00;0.05537;-0.0554;-0.0002464;-0.0001229;-89.87;-0.06;100.04;0.22;100.04;0.05537;0.0554;-2.337E-05;-12.567;-12.565;-99.990;0.00;-153.50;
2025-11-20 17:58:45.47;0.00:00:03:720;-1.00;0.00;0.00;0.05534;-0.05537;-0.0002467;-0.0001268;-89.87;-0.07;100.04;0.23;100.04;0.05534;0.05537;-2.446E-05;-12.569;-12.568;-99.990;0.00;-152.80;
2025-11-20 17:58:45.53;0.00:00:03:789;-1.00;0.00;0.00;0.05548;-0.05551;-0.0002305;-0.0001379;-89.88;-0.07;100.05;0.25;100.05;0.05548;0.05551;-2.702E-05;-12.559;-12.556;-99.990;0.00;-149.12;
2025-11-20 17:58:45.58;0.00:00:03:834;-1.00;0.00;0.00;0.05561;-0.05563;-0.0002691;-0.0001089;-89.86;-0.06;100.04;0.20;100.04;0.05561;0.05563;-2.113E-05;-12.548;-12.547;-99.990;0.00;-157.96;
2025-11-20 17:58:45.63;0.00:00:03:881;-1.00;0.00;0.00;0.05531;-0.05533;-0.0002373;-0.0001314;-89.88;-0.07;100.05;0.24;100.05;0.05531;0.05533;-2.881E-05;-12.572;-12.570;-99.990;0.00;-151.03;
2025-11-20 17:58:45.67;0.00:00:03:928;-1.00;0.00;0.00;0.05532;-0.05534;-0.0002564;-0.0001231;-89.87;-0.06;100.04;0.22;100.04;0.05532;0.05534;-2.406E-05;-12.571;-12.569;-99.990;0.00;-154.35;
2025-11-20 17:58:45.72;0.00:00:03:975;-1.00;0.00;0.00;0.05529;-0.05531;-0.0002532;-0.0001283;-89.87;-0.07;100.04;0.23;100.04;0.05529;0.05531;-2.267E-05;-12.574;-12.572;-99.990;0.00;-153.13;
2025-11-20 17:58:45.77;0.00:00:04:020;-1.00;0.00;0.00;0.05523;-0.05525;-0.0002525;-0.0001278;-89.87;-0.07;100.04;0.23;100.04;0.05523;0.05525;-2.38E-05;-12.578;-12.576;-99.990;0.00;-153.16;
2025-11-20 17:58:45.81;0.00:00:04:067;-1.00;0.00;0.00;0.05526;-0.05529;-0.0002535;-0.0001327;-89.87;-0.07;100.04;0.24;100.04;0.05526;0.05529;-2.398E-05;-12.576;-12.574;-99.990;0.00;-152.36;
2025-11-20 17:58:45.86;0.00:00:04:115;-1.00;0.00;0.00;0.05539;-0.05541;-0.0002517;-0.0001242;-89.87;-0.06;100.05;0.22;100.05;0.05539;0.05541;-2.515E-05;-12.566;-12.564;-99.990;0.00;-153.73;
2025-11-20 17:58:45.91;0.00:00:04:161;-1.00;0.00;0.00;0.05534;-0.05536;-0.0002597;-0.0001226;-89.87;-0.06;100.04;0.22;100.04;0.05534;0.05536;-2.202E-05;-12.570;-12.568;-99.990;0.00;-154.72;
2025-11-20 17:58:45.95;0.00:00:04:207;-1.00;0.00;0.00;0.05527;-0.0553;-0.0002488;-0.0001258;-89.87;-0.07;100.05;0.23;100.05;0.05527;0.0553;-2.581E-05;-12.575;-12.573;-99.990;0.00;-153.18;
2025-11-20 17:58:46.00;0.00:00:04:253;-1.00;0.00;0.00;0.05548;-0.0555;-0.0002413;-0.0001282;-89.88;-0.07;100.05;0.23;100.05;0.05548;0.0555;-2.846E-05;-12.559;-12.557;-99.990;0.00;-152.02;
2025-11-20 17:58:46.05;0.00:00:04:305;-1.00;0.00;0.00;0.05556;-0.05558;-0.0002463;-0.0001278;-89.87;-0.07;100.05;0.23;100.05;0.05556;0.05558;-2.539E-05;-12.553;-12.551;-99.990;0.00;-152.57;
2025-11-20 17:58:46.11;0.00:00:04:363;-1.00;0.00;0.00;0.05554;-0.05557;-0.0002539;-0.0001267;-89.87;-0.07;100.05;0.23;100.05;0.05554;0.05557;-2.516E-05;-12.554;-12.552;-99.990;0.00;-153.48;
2025-11-20 17:58:46.15;0.00:00:04:409;-1.00;0.00;0.00;0.05546;-0.05549;-0.0002614;-0.0001215;-89.87;-0.06;100.04;0.22;100.04;0.05546;0.05549;-2.268E-05;-12.560;-12.558;-99.990;0.00;-155.06;
2025-11-20 17:58:46.20;0.00:00:04:455;-1.00;0.00;0.00;0.05535;-0.05538;-0.0002517;-0.0001275;-89.87;-0.07;100.04;0.23;100.04;0.05535;0.05538;-2.353E-05;-12.568;-12.567;-99.990;0.00;-153.13;
2025-11-20 17:58:46.25;0.00:00:04:503;-1.00;0.00;0.00;0.05534;-0.05536;-0.0002442;-0.0001299;-89.87;-0.07;100.05;0.23;100.05;0.05534;0.05536;-2.556E-05;-12.570;-12.568;-99.990;0.00;-151.98;
2025-11-20 17:58:46.30;0.00:00:04:550;-1.00;0.00;0.00;0.05537;-0.0554;-0.0002516;-0.0001216;-89.87;-0.06;100.05;0.22;100.05;0.05537;0.0554;-2.636E-05;-12.567;-12.565;-99.990;0.00;-154.20;
2025-11-20 17:58:46.34;0.00:00:04:596;-1.00;0.00;0.00;0.05535;-0.05537;-0.0002628;-0.000123;-89.86;-0.06;100.04;0.22;100.04;0.05535;0.05537;-2.491E-05;-12.569;-12.567;-99.990;0.00;-154.93;
2025-11-20 17:58:46.39;0.00:00:04:645;-1.00;0.00;0.00;0.05536;-0.05539;-0.0002321;-0.0001376;-89.88;-0.07;100.05;0.25;100.05;0.05536;0.05539;-2.663E-05;-12.568;-12.566;-99.990;0.00;-149.34;
2025-11-20 17:58:46.44;0.00:00:04:691;-1.00;0.00;0.00;0.05548;-0.0555;-0.0002474;-0.0001314;-89.87;-0.07;100.04;0.24;100.04;0.05548;0.0555;-2.48E-05;-12.559;-12.557;-99.990;0.00;-152.02;
2025-11-20 17:58:46.48;0.00:00:04:737;-1.00;0.00;0.00;0.05551;-0.05553;-0.0002416;-0.0001293;-89.88;-0.07;100.05;0.23;100.05;0.05551;0.05553;-2.781E-05;-12.557;-12.554;-99.990;0.00;-151.84;
2025-11-20 17:58:46.53;0.00:00:04:784;-1.00;0.00;0.00;0.05541;-0.05543;-0.0002463;-0.0001293;-89.87;-0.07;100.04;0.23;100.04;0.05541;0.05543;-2.438E-05;-12.564;-12.562;-99.990;0.00;-152.30;
2025-11-20 17:58:46.58;0.00:00:04:834;-1.00;0.00;0.00;0.05545;-0.05547;-0.0002394;-0.0001313;-89.88;-0.07;100.05;0.24;100.05;0.05545;0.05547;-2.545E-05;-12.561;-12.559;-99.990;0.00;-151.26;
2025-11-20 17:58:46.64;0.00:00:04:893;-1.00;0.00;0.00;0.05562;-0.05564;-0.0002529;-0.0001319;-89.87;-0.07;100.05;0.24;100.05;0.05562;0.05564;-2.536E-05;-12.548;-12.546;-99.990;0.00;-152.45;
2025-11-20 17:58:46.69;0.00:00:04:939;-1.00;0.00;0.00;0.05565;-0.05568;-0.0002533;-0.0001266;-89.87;-0.07;100.04;0.23;100.04;0.05565;0.05568;-2.415E-05;-12.545;-12.543;-99.990;0.00;-153.45;
2025-11-20 17:58:46.73;0.00:00:04:987;-1.00;0.00;0.00;0.05544;-0.05547;-0.0002481;-0.0001303;-89.87;-0.07;100.04;0.24;100.04;0.05544;0.05547;-2.445E-05;-12.562;-12.560;-99.990;0.00;-152.29;
2025-11-20 17:58:46.78;0.00:00:05:034;-1.00;0.00;0.00;0.05557;-0.0556;-0.0002486;-0.0001286;-89.87;-0.07;100.05;0.23;100.05;0.05557;0.0556;-2.673E-05;-12.552;-12.550;-99.990;0.00;-152.65;
2025-11-20 17:58:46.83;0.00:00:05:083;-1.00;0.00;0.00;0.05553;-0.05555;-0.0002456;-0.0001294;-89.87;-0.07;100.05;0.23;100.05;0.05553;0.05556;-2.615E-05;-12.555;-12.553;-99.990;0.00;-152.22;
2025-11-20 17:58:46.89;0.00:00:05:144;-1.00;0.00;0.00;0.05557;-0.05559;-0.0002554;-0.0001239;-89.87;-0.06;100.04;0.22;100.04;0.05557;0.05559;-2.29E-05;-12.551;-12.550;-99.990;0.00;-154.12;
2025-11-20 17:58:46.94;0.00:00:05:192;-1.00;0.00;0.00;0.05555;-0.05558;-0.0002528;-0.0001209;-89.87;-0.06;100.04;0.22;100.04;0.05555;0.05558;-2.411E-05;-12.553;-12.551;-99.990;0.00;-154.45;
2025-11-20 17:58:46.99;0.00:00:05:243;-1.00;0.00;0.00;0.05552;-0.05554;-0.0002532;-0.0001314;-89.87;-0.07;100.05;0.24;100.05;0.05552;0.05555;-2.576E-05;-12.556;-12.554;-99.990;0.00;-152.58;
2025-11-20 17:58:47.04;0.00:00:05:289;-1.00;0.00;0.00;0.05554;-0.05556;-0.0002561;-0.0001239;-89.87;-0.06;100.04;0.22;100.04;0.05554;0.05556;-2.422E-05;-12.554;-12.552;-99.990;0.00;-154.18;
2025-11-20 17:58:47.09;0.00:00:05:347;-1.00;0.00;0.00;0.05549;-0.05551;-0.0002471;-0.0001297;-89.87;-0.07;100.05;0.23;100.05;0.05549;0.05552;-2.547E-05;-12.558;-12.556;-99.990;0.00;-152.31;
2025-11-20 17:58:47.15;0.00:00:05:402;-1.00;0.00;0.00;0.05559;-0.05562;-0.000231;-0.0001323;-89.88;-0.07;100.05;0.24;100.05;0.05559;0.05562;-2.841E-05;-12.550;-12.548;-99.990;0.00;-150.19;
2025-11-20 17:58:47.20;0.00:00:05:457;-1.00;0.00;0.00;0.05554;-0.05556;-0.0002472;-0.0001325;-89.87;-0.07;100.04;0.24;100.04;0.05554;0.05556;-2.488E-05;-12.554;-12.552;-99.990;0.00;-151.80;
2025-11-20 17:58:47.25;0.00:00:05:504;-1.00;0.00;0.00;0.05565;-0.05567;-0.0002408;-0.0001249;-89.88;-0.06;100.04;0.22;100.04;0.05565;0.05567;-2.504E-05;-12.546;-12.544;-99.990;0.00;-152.58;
2025-11-20 17:58:47.30;0.00:00:05:550;-1.00;0.00;0.00;0.0557;-0.05572;-0.0002609;-0.0001201;-89.87;-0.06;100.04;0.22;100.04;0.0557;0.05572;-2.267E-05;-12.541;-12.540;-99.990;0.00;-155.28;
2025-11-20 17:58:47.34;0.00:00:05:598;-1.00;0.00;0.00;0.05549;-0.05551;-0.0002765;-0.000117;-89.86;-0.06;100.04;0.21;100.04;0.05549;0.05551;-2.158E-05;-12.558;-12.557;-99.990;0.00;-157.06;
2025-11-20 17:58:47.39;0.00:00:05:646;-1.00;0.00;0.00;0.0553;-0.05532;-0.0002536;-0.0001296;-89.87;-0.07;100.05;0.23;100.05;0.0553;0.05532;-2.527E-05;-12.573;-12.571;-99.990;0.00;-152.93;
2025-11-20 17:58:47.44;0.00:00:05:692;-1.00;0.00;0.00;0.05543;-0.05546;-0.0002454;-0.0001215;-89.87;-0.06;100.05;0.22;100.05;0.05543;0.05546;-2.622E-05;-12.563;-12.560;-99.990;0.00;-153.65;
2025-11-20 17:58:47.48;0.00:00:05:737;-1.00;0.00;0.00;0.0554;-0.05543;-0.000241;-0.0001343;-89.88;-0.07;100.05;0.24;100.05;0.0554;0.05543;-2.515E-05;-12.565;-12.563;-99.990;0.00;-150.87;
2025-11-20 17:58:47.53;0.00:00:05:785;-1.00;0.00;0.00;0.05539;-0.05541;-0.0002647;-0.0001242;-89.86;-0.06;100.04;0.22;100.04;0.05539;0.05541;-2.299E-05;-12.566;-12.564;-99.990;0.00;-154.85;
2025-11-20 17:58:47.58;0.00:00:05:836;-1.00;0.00;0.00;0.05537;-0.05539;-0.0002357;-0.0001331;-89.88;-0.07;100.05;0.24;100.05;0.05537;0.05539;-2.707E-05;-12.568;-12.566;-99.990;0.00;-150.54;
2025-11-20 17:58:47.64;0.00:00:05:896;-1.00;0.00;0.00;0.05553;-0.05556;-0.0002579;-0.0001238;-89.87;-0.06;100.04;0.22;100.04;0.05553;0.05556;-2.26E-05;-12.554;-12.553;-99.990;0.00;-154.36;
2025-11-20 17:58:47.69;0.00:00:05:943;-1.00;0.00;0.00;0.05552;-0.05554;-0.0002446;-0.0001294;-89.87;-0.07;100.04;0.23;100.04;0.05552;0.05554;-2.376E-05;-12.556;-12.554;-99.990;0.00;-152.13;
2025-11-20 17:58:47.74;0.00:00:05:990;-1.00;0.00;0.00;0.05545;-0.05548;-0.0002544;-0.0001235;-89.87;-0.06;100.04;0.22;100.04;0.05545;0.05548;-2.312E-05;-12.561;-12.559;-99.990;0.00;-154.10;
2025-11-20 17:58:47.78;0.00:00:06:037;-1.00;0.00;0.00;0.05554;-0.05557;-0.0002342;-0.0001326;-89.88;-0.07;100.05;0.24;100.05;0.05554;0.05557;-2.627E-05;-12.554;-12.552;-99.990;0.00;-150.48;
2025-11-20 17:58:47.83;0.00:00:06:084;-1.00;0.00;0.00;0.05553;-0.05555;-0.0002755;-0.0001215;-89.86;-0.06;100.04;0.22;100.04;0.05553;0.05555;-2.155E-05;-12.555;-12.553;-99.990;0.00;-156.20;
2025-11-20 17:58:47.88;0.00:00:06:136;-1.00;0.00;0.00;0.05545;-0.05547;-0.0002437;-0.0001294;-89.87;-0.07;100.04;0.23;100.04;0.05545;0.05547;-2.451E-05;-12.561;-12.559;-99.990;0.00;-152.03;
2025-11-20 17:58:47.94;0.00:00:06:193;-1.00;0.00;0.00;0.05538;-0.05541;-0.0002438;-0.0001297;-89.87;-0.07;100.05;0.23;100.05;0.05538;0.05541;-2.636E-05;-12.566;-12.564;-99.990;0.00;-151.99;
2025-11-20 17:58:47.99;0.00:00:06:239;-1.00;0.00;0.00;0.0555;-0.05553;-0.0002362;-0.0001328;-89.88;-0.07;100.05;0.24;100.05;0.0555;0.05553;-2.719E-05;-12.557;-12.555;-99.990;0.00;-150.66;
2025-11-20 17:58:48.05;0.00:00:06:302;-1.00;0.00;0.00;0.05545;-0.05547;-0.0002634;-0.0001288;-89.86;-0.07;100.04;0.23;100.04;0.05545;0.05547;-2.173E-05;-12.561;-12.560;-99.990;0.00;-153.95;
2025-11-20 17:58:48.10;0.00:00:06:350;-1.00;0.00;0.00;0.05525;-0.05527;-0.0002513;-0.000132;-89.87;-0.07;100.04;0.24;100.04;0.05525;0.05527;-2.481E-05;-12.577;-12.575;-99.990;0.00;-152.28;
2025-11-20 17:58:48.14;0.00:00:06:395;-1.00;0.00;0.00;0.05525;-0.05527;-0.00025;-0.0001233;-89.87;-0.06;100.04;0.22;100.04;0.05525;0.05527;-2.26E-05;-12.577;-12.575;-99.990;0.00;-153.74;
2025-11-20 17:58:48.19;0.00:00:06:444;-1.00;0.00;0.00;0.05521;-0.05524;-0.0002493;-0.0001242;-89.87;-0.06;100.04;0.22;100.04;0.05521;0.05524;-2.319E-05;-12.580;-12.578;-99.990;0.00;-153.51;
2025-11-20 17:58:48.25;0.00:00:06:508;-1.00;0.00;0.00;0.05547;-0.05549;-0.0002536;-0.0001219;-89.87;-0.06;100.04;0.22;100.04;0.05547;0.05549;-2.263E-05;-12.560;-12.558;-99.990;0.00;-154.33;
2025-11-20 17:58:48.30;0.00:00:06:556;-1.00;0.00;0.00;0.05536;-0.05538;-0.0002682;-0.000115;-89.86;-0.06;100.04;0.21;100.04;0.05536;0.05538;-1.999E-05;-12.568;-12.566;-99.990;0.00;-156.79;
2025-11-20 17:58:48.35;0.00:00:06:601;-1.00;0.00;0.00;0.05515;-0.05517;-0.0002594;-0.0001209;-89.87;-0.06;100.04;0.22;100.04;0.05515;0.05518;-2.344E-05;-12.584;-12.583;-99.990;0.00;-155.01;
2025-11-20 17:58:48.40;0.00:00:06:651;-1.00;0.00;0.00;0.05511;-0.05513;-0.0002556;-0.0001327;-89.87;-0.07;100.04;0.24;100.04;0.05511;0.05513;-2.287E-05;-12.588;-12.586;-99.990;0.00;-152.56;
2025-11-20 17:58:48.44;0.00:00:06:696;-1.00;0.00;0.00;0.05516;-0.05518;-0.0002406;-0.000127;-89.88;-0.07;100.04;0.23;100.04;0.05516;0.05518;-2.157E-05;-12.584;-12.582;-99.990;0.00;-152.18;
2025-11-20 17:58:48.49;0.00:00:06:742;-1.00;0.00;0.00;0.05521;-0.05523;-0.0002511;-0.00012;-89.87;-0.06;100.05;0.22;100.05;0.05521;0.05523;-2.661E-05;-12.580;-12.578;-99.990;0.00;-154.46;
2025-11-20 17:58:48.53;0.00:00:06:788;-1.00;0.00;0.00;0.05528;-0.0553;-0.0002543;-0.0001238;-89.87;-0.06;100.04;0.22;100.04;0.05528;0.0553;-2.344E-05;-12.574;-12.572;-99.990;0.00;-154.04;
2025-11-20 17:58:48.58;0.00:00:06:835;-1.00;0.00;0.00;0.05528;-0.05531;-0.000241;-0.0001264;-89.88;-0.07;100.05;0.23;100.05;0.05528;0.05531;-2.725E-05;-12.574;-12.572;-99.990;0.00;-152.32;
2025-11-20 17:58:48.63;0.00:00:06:882;-1.00;0.00;0.00;0.05544;-0.05546;-0.0002385;-0.0001314;-89.88;-0.07;100.05;0.24;100.05;0.05544;0.05546;-2.766E-05;-12.562;-12.560;-99.990;0.00;-151.15;
2025-11-20 17:58:48.68;0.00:00:06:929;-1.00;0.00;0.00;0.05563;-0.05565;-0.0002441;-0.0001259;-89.87;-0.06;100.05;0.23;100.05;0.05563;0.05565;-2.553E-05;-12.547;-12.545;-99.990;0.00;-152.72;
2025-11-20 17:58:48.72;0.00:00:06:977;-1.00;0.00;0.00;0.05567;-0.05569;-0.0002645;-0.0001216;-89.86;-0.06;100.04;0.22;100.04;0.05567;0.05569;-2.416E-05;-12.544;-12.542;-99.990;0.00;-155.30;
2025-11-20 17:58:48.78;0.00:00:07:039;-1.00;0.00;0.00;0.05554;-0.05556;-0.0002544;-0.0001193;-89.87;-0.06;100.04;0.21;100.04;0.05554;0.05556;-2.26E-05;-12.554;-12.552;-99.990;0.00;-154.88;
2025-11-20 17:58:48.83;0.00:00:07:086;-1.00;0.00;0.00;0.05556;-0.05559;-0.0002483;-0.0001267;-89.87;-0.07;100.04;0.23;100.04;0.05556;0.05559;-2.395E-05;-12.552;-12.550;-99.990;0.00;-152.97;
2025-11-20 17:58:48.88;0.00:00:07:132;-1.00;0.00;0.00;0.05561;-0.05564;-0.0002499;-0.0001238;-89.87;-0.06;100.05;0.22;100.05;0.05561;0.05564;-2.631E-05;-12.548;-12.546;-99.990;0.00;-153.63;
2025-11-20 17:58:48.93;0.00:00:07:181;-1.00;0.00;0.00;0.05546;-0.05549;-0.000273;-0.00012;-89.86;-0.06;100.04;0.22;100.04;0.05546;0.05549;-2.219E-05;-12.560;-12.558;-99.990;0.00;-156.27;
2025-11-20 17:58:48.97;0.00:00:07:226;-1.00;0.00;0.00;0.05553;-0.05556;-0.0002539;-0.0001245;-89.87;-0.06;100.05;0.22;100.05;0.05553;0.05556;-2.643E-05;-12.555;-12.553;-99.990;0.00;-153.88;
2025-11-20 17:58:49.02;0.00:00:07:273;-1.00;0.00;0.00;0.0555;-0.05552;-0.0002571;-0.0001244;-89.87;-0.06;100.04;0.22;100.04;0.0555;0.05552;-2.414E-05;-12.557;-12.555;-99.990;0.00;-154.18;
2025-11-20 17:58:49.07;0.00:00:07:319;-1.00;0.00;0.00;0.05552;-0.05555;-0.0002347;-0.0001305;-89.88;-0.07;100.05;0.24;100.05;0.05552;0.05555;-2.654E-05;-12.556;-12.553;-99.990;0.00;-150.92;
2025-11-20 17:58:49.11;0.00:00:07:368;-1.00;0.00;0.00;0.0555;-0.05552;-0.0002726;-0.000113;-89.86;-0.06;100.03;0.20;100.03;0.0555;0.05552;-1.782E-05;-12.557;-12.555;-99.990;0.00;-157.50;
2025-11-20 17:58:49.16;0.00:00:07:414;-1.00;0.00;0.00;0.05533;-0.05536;-0.0002417;-0.000125;-89.87;-0.06;100.05;0.23;100.05;0.05533;0.05536;-2.545E-05;-12.570;-12.568;-99.990;0.00;-152.66;
2025-11-20 17:58:49.21;0.00:00:07:462;-1.00;0.00;0.00;0.05528;-0.0553;-0.00025;-0.0001239;-89.87;-0.06;100.04;0.22;100.04;0.05528;0.0553;-2.344E-05;-12.575;-12.573;-99.990;0.00;-153.64;
2025-11-20 17:58:49.26;0.00:00:07:509;-1.00;0.00;0.00;0.05533;-0.05535;-0.000241;-0.0001266;-89.88;-0.07;100.05;0.23;100.05;0.05533;0.05535;-2.506E-05;-12.570;-12.568;-99.990;0.00;-152.29;
2025-11-20 17:58:49.30;0.00:00:07:553;-1.00;0.00;0.00;0.05535;-0.05537;-0.000244;-0.0001295;-89.87;-0.07;100.04;0.23;100.04;0.05535;0.05537;-2.413E-05;-12.569;-12.567;-99.990;0.00;-152.05;
2025-11-20 17:58:49.35;0.00:00:07:603;-1.00;0.00;0.00;0.05539;-0.05541;-0.000254;-0.0001187;-89.87;-0.06;100.05;0.21;100.05;0.05539;0.05541;-2.537E-05;-12.566;-12.564;-99.990;0.00;-154.96;
2025-11-20 17:58:49.40;0.00:00:07:653;-1.00;0.00;0.00;0.05537;-0.0554;-0.0002446;-0.000122;-89.87;-0.06;100.05;0.22;100.05;0.05537;0.0554;-2.508E-05;-12.567;-12.565;-99.990;0.00;-153.48;
2025-11-20 17:58:49.46;0.00:00:07:712;-1.00;0.00;0.00;0.05533;-0.05536;-0.0002444;-0.0001174;-89.87;-0.06;100.05;0.21;100.05;0.05533;0.05536;-2.689E-05;-12.570;-12.568;-99.990;0.00;-154.34;
2025-11-20 17:58:49.50;0.00:00:07:758;-1.00;0.00;0.00;0.05547;-0.0555;-0.0002471;-0.0001171;-89.87;-0.06;100.04;0.21;100.04;0.05547;0.0555;-2.452E-05;-12.559;-12.557;-99.990;0.00;-154.65;
2025-11-20 17:58:49.56;0.00:00:07:812;-1.00;0.00;0.00;0.05541;-0.05543;-0.0002612;-0.0001152;-89.86;-0.06;100.04;0.21;100.04;0.05541;0.05543;-2.172E-05;-12.564;-12.563;-99.990;0.00;-156.21;
2025-11-20 17:58:49.61;0.00:00:07:867;-1.00;0.00;0.00;0.05522;-0.05525;-0.0002476;-0.0001263;-89.87;-0.07;100.05;0.23;100.05;0.05522;0.05525;-2.607E-05;-12.579;-12.577;-99.990;0.00;-152.96;
2025-11-20 17:58:49.66;0.00:00:07:914;-1.00;0.00;0.00;0.05525;-0.05528;-0.0002553;-0.0001225;-89.87;-0.06;100.05;0.22;100.05;0.05525;0.05528;-2.707E-05;-12.577;-12.575;-99.990;0.00;-154.37;
2025-11-20 17:58:49.71;0.00:00:07:961;-1.00;0.00;0.00;0.05519;-0.05521;-0.0002484;-0.0001268;-89.87;-0.07;100.05;0.23;100.05;0.05519;0.05521;-2.599E-05;-12.582;-12.580;-99.990;0.00;-152.96;
2025-11-20 17:58:49.75;0.00:00:08:008;-1.00;0.00;0.00;0.05524;-0.05527;-0.0002554;-0.0001232;-89.87;-0.06;100.04;0.22;100.04;0.05524;0.05527;-2.392E-05;-12.577;-12.575;-99.990;0.00;-154.25;
2025-11-20 17:58:49.82;0.00:00:08:070;-1.00;0.00;0.00;0.05555;-0.05557;-0.0002698;-0.0001085;-89.86;-0.06;100.04;0.20;100.04;0.05555;0.05557;-2.322E-05;-12.553;-12.551;-99.990;0.00;-158.08;
2025-11-20 17:58:49.86;0.00:00:08:118;-1.00;0.00;0.00;0.05541;-0.05543;-0.0002559;-0.0001234;-89.87;-0.06;100.05;0.22;100.05;0.05541;0.05543;-2.532E-05;-12.564;-12.562;-99.990;0.00;-154.26;
2025-11-20 17:58:49.91;0.00:00:08:163;-1.00;0.00;0.00;0.05535;-0.05537;-0.0002584;-0.0001259;-89.87;-0.07;100.04;0.23;100.04;0.05535;0.05537;-2.474E-05;-12.569;-12.567;-99.990;0.00;-154.03;
2025-11-20 17:58:49.96;0.00:00:08:212;-1.00;0.00;0.00;0.05543;-0.05546;-0.0002439;-0.0001308;-89.87;-0.07;100.05;0.24;100.05;0.05543;0.05546;-2.821E-05;-12.562;-12.560;-99.990;0.00;-151.79;
2025-11-20 17:58:50.00;0.00:00:08:257;-1.00;0.00;0.00;0.05559;-0.05562;-0.0002591;-0.0001187;-89.87;-0.06;100.04;0.21;100.04;0.05559;0.05562;-2.296E-05;-12.550;-12.548;-99.990;0.00;-155.39;
2025-11-20 17:58:50.05;0.00:00:08:306;-1.00;0.00;0.00;0.05548;-0.0555;-0.0002653;-0.0001198;-89.86;-0.06;100.04;0.22;100.04;0.05548;0.0555;-2.208E-05;-12.559;-12.557;-99.990;0.00;-155.70;
2025-11-20 17:58:50.10;0.00:00:08:353;-1.00;0.00;0.00;0.05537;-0.0554;-0.0002489;-0.0001177;-89.87;-0.06;100.04;0.21;100.04;0.05537;0.0554;-2.226E-05;-12.567;-12.565;-99.990;0.00;-154.69;
2025-11-20 17:58:50.14;0.00:00:08:399;-1.00;0.00;0.00;0.05509;-0.05511;-0.0002606;-0.0001206;-89.86;-0.06;100.04;0.22;100.04;0.05509;0.05511;-2.143E-05;-12.589;-12.588;-99.990;0.00;-155.16;
2025-11-20 17:58:50.19;0.00:00:08:446;-1.00;0.00;0.00;0.05511;-0.05513;-0.0002365;-0.0001269;-89.88;-0.07;100.05;0.23;100.05;0.05511;0.05513;-2.772E-05;-12.588;-12.586;-99.990;0.00;-151.77;
2025-11-20 17:58:50.24;0.00:00:08:495;-1.00;0.00;0.00;0.05522;-0.05525;-0.0002478;-0.0001194;-89.87;-0.06;100.05;0.22;100.05;0.05522;0.05525;-2.849E-05;-12.579;-12.577;-99.990;0.00;-154.27;
2025-11-20 17:58:50.29;0.00:00:08:546;-1.00;0.00;0.00;0.05524;-0.05526;-0.0002454;-0.0001261;-89.87;-0.07;100.05;0.23;100.05;0.05524;0.05526;-2.541E-05;-12.578;-12.576;-99.990;0.00;-152.81;
2025-11-20 17:58:50.35;0.00:00:08:604;-1.00;0.00;0.00;0.05513;-0.05515;-0.0002513;-0.0001222;-89.87;-0.06;100.04;0.22;100.04;0.05513;0.05515;-2.431E-05;-12.586;-12.584;-99.990;0.00;-154.08;
2025-11-20 17:58:50.40;0.00:00:08:653;-1.00;0.00;0.00;0.05517;-0.0552;-0.0002382;-0.0001278;-89.88;-0.07;100.05;0.23;100.05;0.05517;0.0552;-2.731E-05;-12.583;-12.581;-99.990;0.00;-151.79;
2025-11-20 17:58:50.45;0.00:00:08:700;-1.00;0.00;0.00;0.0553;-0.05532;-0.0002586;-0.0001151;-89.87;-0.06;100.03;0.21;100.03;0.0553;0.05532;-1.869E-05;-12.572;-12.571;-99.990;0.00;-156.01;
2025-11-20 17:58:50.49;0.00:00:08:745;-1.00;0.00;0.00;0.05515;-0.05518;-0.0002543;-0.0001253;-89.87;-0.07;100.04;0.23;100.04;0.05515;0.05518;-2.432E-05;-12.584;-12.583;-99.990;0.00;-153.78;
2025-11-20 17:58:50.54;0.00:00:08:793;-1.00;0.00;0.00;0.05517;-0.05519;-0.0002608;-0.0001206;-89.86;-0.06;100.04;0.22;100.04;0.05517;0.05519;-2.345E-05;-12.583;-12.581;-99.990;0.00;-155.19;
2025-11-20 17:58:50.59;0.00:00:08:841;-1.00;0.00;0.00;0.05515;-0.05518;-0.0002429;-0.0001219;-89.87;-0.06;100.05;0.22;100.05;0.05515;0.05518;-2.592E-05;-12.584;-12.582;-99.990;0.00;-153.35;
2025-11-20 17:58:50.65;0.00:00:08:900;-1.00;0.00;0.00;0.05526;-0.05529;-0.0002425;-0.0001203;-89.87;-0.06;100.04;0.22;100.04;0.05526;0.05529;-2.487E-05;-12.576;-12.574;-99.990;0.00;-153.62;
2025-11-20 17:58:50.69;0.00:00:08:948;-1.00;0.00;0.00;0.0552;-0.05523;-0.0002561;-0.0001296;-89.87;-0.07;100.05;0.23;100.05;0.0552;0.05523;-2.699E-05;-12.581;-12.579;-99.990;0.00;-153.16;
2025-11-20 17:58:50.74;0.00:00:08:996;-1.00;0.00;0.00;0.05539;-0.05541;-0.0002486;-0.0001261;-89.87;-0.07;100.04;0.23;100.04;0.05539;0.05541;-2.459E-05;-12.566;-12.564;-99.990;0.00;-153.11;
2025-11-20 17:58:50.79;0.00:00:09:043;-1.00;0.00;0.00;0.05544;-0.05547;-0.000249;-0.0001223;-89.87;-0.06;100.05;0.22;100.05;0.05544;0.05547;-2.733E-05;-12.562;-12.560;-99.990;0.00;-153.84;
2025-11-20 17:58:50.84;0.00:00:09:090;-1.00;0.00;0.00;0.05552;-0.05554;-0.0002558;-0.0001155;-89.87;-0.06;100.04;0.21;100.04;0.05552;0.05554;-1.988E-05;-12.555;-12.554;-99.990;0.00;-155.70;
2025-11-20 17:58:50.89;0.00:00:09:141;-1.00;0.00;0.00;0.05533;-0.05535;-0.0002728;-0.0001216;-89.86;-0.06;100.04;0.22;100.04;0.05533;0.05535;-2.346E-05;-12.570;-12.569;-99.990;0.00;-155.98;
2025-11-20 17:58:50.95;0.00:00:09:200;-1.00;0.00;0.00;0.05545;-0.05548;-0.0002275;-0.0001337;-89.88;-0.07;100.05;0.24;100.05;0.05545;0.05548;-3.033E-05;-12.561;-12.559;-99.990;0.00;-149.55;
2025-11-20 17:58:51.00;0.00:00:09:249;-1.00;0.00;0.00;0.05561;-0.05564;-0.0002605;-0.0001206;-89.87;-0.06;100.04;0.22;100.04;0.05561;0.05564;-2.386E-05;-12.548;-12.546;-99.990;0.00;-155.16;
2025-11-20 17:58:51.04;0.00:00:09:297;-1.00;0.00;0.00;0.05527;-0.0553;-0.0002532;-0.0001193;-89.87;-0.06;100.04;0.22;100.04;0.05527;0.0553;-2.2E-05;-12.575;-12.573;-99.990;0.00;-154.77;
2025-11-20 17:58:51.09;0.00:00:09:346;-1.00;0.00;0.00;0.0552;-0.05522;-0.000254;-0.0001199;-89.87;-0.06;100.04;0.22;100.04;0.0552;0.05522;-2.318E-05;-12.581;-12.579;-99.990;0.00;-154.73;
2025-11-20 17:58:51.14;0.00:00:09:391;-1.00;0.00;0.00;0.05525;-0.05527;-0.0002394;-0.0001212;-89.88;-0.06;100.05;0.22;100.05;0.05525;0.05527;-2.657E-05;-12.577;-12.575;-99.990;0.00;-153.15;
2025-11-20 17:58:51.19;0.00:00:09:444;-1.00;0.00;0.00;0.05523;-0.05525;-0.000264;-0.0001193;-89.86;-0.06;100.04;0.22;100.04;0.05523;0.05526;-2.237E-05;-12.578;-12.576;-99.990;0.00;-155.68;
2025-11-20 17:58:51.25;0.00:00:09:500;-1.00;0.00;0.00;0.05522;-0.05525;-0.000247;-0.0001177;-89.87;-0.06;100.04;0.21;100.04;0.05522;0.05525;-2.457E-05;-12.579;-12.577;-99.990;0.00;-154.52;
2025-11-20 17:58:51.30;0.00:00:09:550;-1.00;0.00;0.00;0.05534;-0.05536;-0.0002425;-0.0001199;-89.87;-0.06;100.05;0.22;100.05;0.05534;0.05537;-2.629E-05;-12.570;-12.568;-99.990;0.00;-153.69;
2025-11-20 17:58:51.34;0.00:00:09:595;-1.00;0.00;0.00;0.05506;-0.05507;-0.0002696;-0.0001223;-89.86;-0.06;100.04;0.22;100.04;0.05506;0.05508;-1.993E-05;-12.592;-12.590;-99.990;0.00;-155.59;
2025-11-20 17:58:51.39;0.00:00:09:643;-1.00;0.00;0.00;0.05492;-0.05494;-0.0002526;-0.0001214;-89.87;-0.06;100.04;0.22;100.04;0.05492;0.05494;-2.466E-05;-12.603;-12.601;-99.990;0.00;-154.32;
2025-11-20 17:58:51.44;0.00:00:09:690;-1.00;0.00;0.00;0.05543;-0.05546;-0.0002193;-0.0001337;-89.89;-0.07;100.06;0.24;100.06;0.05543;0.05546;-3.209E-05;-12.563;-12.560;-99.990;0.00;-148.63;
2025-11-20 17:58:51.49;0.00:00:09:744;-1.00;0.00;0.00;0.05555;-0.05557;-0.0002484;-0.0001223;-89.87;-0.06;100.04;0.22;100.04;0.05555;0.05557;-2.244E-05;-12.553;-12.552;-99.990;0.00;-153.78;
2025-11-20 17:58:51.54;0.00:00:09:794;-1.00;0.00;0.00;0.05533;-0.05535;-0.0002669;-0.0001187;-89.86;-0.06;100.04;0.21;100.04;0.05533;0.05535;-2.197E-05;-12.570;-12.569;-99.990;0.00;-156.03;
2025-11-20 17:58:51.59;0.00:00:09:845;-1.00;0.00;0.00;0.05528;-0.0553;-0.0002445;-0.0001316;-89.87;-0.07;100.05;0.24;100.05;0.05528;0.0553;-2.521E-05;-12.575;-12.573;-99.990;0.00;-151.70;
2025-11-20 17:58:51.64;0.00:00:09:896;-1.00;0.00;0.00;0.05571;-0.05574;-0.0002363;-0.0001179;-89.88;-0.06;100.05;0.21;100.05;0.05571;0.05574;-2.791E-05;-12.541;-12.538;-99.990;0.00;-153.48;
2025-11-20 17:58:51.69;0.00:00:09:944;-1.00;0.00;0.00;0.05556;-0.05558;-0.0002741;-0.0001149;-89.86;-0.06;100.04;0.21;100.04;0.05556;0.05558;-1.978E-05;-12.552;-12.551;-99.990;0.00;-157.25;
2025-11-20 17:58:51.74;0.00:00:09:992;-1.00;0.00;0.00;0.05526;-0.05529;-0.0002597;-0.0001177;-89.87;-0.06;100.05;0.21;100.05;0.05526;0.05529;-2.597E-05;-12.576;-12.574;-99.990;0.00;-155.61;
2025-11-20 17:58:51.78;0.00:00:10:038;-1.00;0.00;0.00;0.05525;-0.05528;-0.0002393;-0.0001244;-89.88;-0.06;100.05;0.23;100.05;0.05525;0.05528;-2.525E-05;-12.576;-12.575;-99.990;0.00;-152.53;
2025-11-20 17:58:51.83;0.00:00:10:087;-1.00;0.00;0.00;0.05537;-0.05539;-0.0002423;-0.0001238;-89.87;-0.06;100.04;0.22;100.04;0.05537;0.05539;-2.442E-05;-12.567;-12.565;-99.990;0.00;-152.94;
2025-11-20 17:58:51.89;0.00:00:10:149;-1.00;0.00;0.00;0.05525;-0.05528;-0.0002585;-0.0001199;-89.87;-0.06;100.04;0.22;100.04;0.05525;0.05528;-2.265E-05;-12.576;-12.575;-99.990;0.00;-155.12;
2025-11-20 17:58:51.94;0.00:00:10:199;-1.00;0.00;0.00;0.05538;-0.05541;-0.0002447;-0.0001244;-89.87;-0.06;100.05;0.22;100.05;0.05538;0.05541;-2.514E-05;-12.566;-12.564;-99.990;0.00;-153.06;
2025-11-20 17:58:52.00;0.00:00:10:251;-1.00;0.00;0.00;0.05549;-0.05552;-0.0002475;-0.0001221;-89.87;-0.06;100.04;0.22;100.04;0.05549;0.05552;-2.447E-05;-12.558;-12.556;-99.990;0.00;-153.74;
2025-11-20 17:58:52.05;0.00:00:10:300;-1.00;0.00;0.00;0.05543;-0.05546;-0.0002387;-0.0001235;-89.88;-0.06;100.05;0.22;100.05;0.05543;0.05546;-2.544E-05;-12.562;-12.560;-99.990;0.00;-152.65;
2025-11-20 17:58:52.10;0.00:00:10:353;-1.00;0.00;0.00;0.05558;-0.0556;-0.0002405;-0.0001174;-89.88;-0.06;100.05;0.21;100.05;0.05558;0.0556;-2.557E-05;-12.551;-12.549;-99.990;0.00;-153.97;
2025-11-20 17:58:52.16;0.00:00:10:415;-1.00;0.00;0.00;0.05551;-0.05553;-0.0002541;-0.000127;-89.87;-0.07;100.04;0.23;100.04;0.05551;0.05553;-2.215E-05;-12.556;-12.554;-99.990;0.00;-153.44;
2025-11-20 17:58:52.21;0.00:00:10:465;-1.00;0.00;0.00;0.05553;-0.05555;-0.0002691;-0.0001164;-89.86;-0.06;100.04;0.21;100.04;0.05553;0.05555;-2.066E-05;-12.555;-12.553;-99.990;0.00;-156.61;
2025-11-20 17:58:52.26;0.00:00:10:517;-1.00;0.00;0.00;0.05541;-0.05544;-0.0002458;-0.0001347;-89.87;-0.07;100.04;0.24;100.04;0.05541;0.05544;-2.482E-05;-12.564;-12.562;-99.990;0.00;-151.28;
2025-11-20 17:58:52.31;0.00:00:10:567;-1.00;0.00;0.00;0.05556;-0.05558;-0.0002542;-0.0001241;-89.87;-0.06;100.05;0.22;100.05;0.05556;0.05558;-2.528E-05;-12.552;-12.551;-99.990;0.00;-153.97;
2025-11-20 17:58:52.38;0.00:00:10:630;-1.00;0.00;0.00;0.05537;-0.0554;-0.0002553;-0.0001144;-89.87;-0.06;100.04;0.21;100.04;0.05537;0.0554;-2.315E-05;-12.567;-12.565;-99.990;0.00;-155.86;
2025-11-20 17:58:52.43;0.00:00:10:680;-1.00;0.00;0.00;0.05526;-0.05528;-0.0002594;-0.0001163;-89.87;-0.06;100.05;0.21;100.05;0.05526;0.05528;-2.52E-05;-12.576;-12.574;-99.990;0.00;-155.85;
2025-11-20 17:58:52.48;0.00:00:10:732;-1.00;0.00;0.00;0.0553;-0.05532;-0.00024;-0.0001196;-89.88;-0.06;100.04;0.22;100.04;0.0553;0.05532;-2.406E-05;-12.573;-12.571;-99.990;0.00;-153.52;
2025-11-20 17:58:52.53;0.00:00:10:784;-1.00;0.00;0.00;0.0552;-0.05523;-0.0002575;-0.0001204;-89.87;-0.06;100.04;0.22;100.04;0.0552;0.05523;-2.208E-05;-12.580;-12.579;-99.990;0.00;-154.95;
2025-11-20 17:58:52.59;0.00:00:10:845;-1.00;0.00;0.00;0.05529;-0.05531;-0.0002517;-0.000125;-89.87;-0.06;100.04;0.23;100.04;0.05529;0.05531;-2.405E-05;-12.574;-12.572;-99.990;0.00;-153.59;
2025-11-20 17:58:52.64;0.00:00:10:896;-1.00;0.00;0.00;0.05539;-0.05542;-0.0002479;-0.0001231;-89.87;-0.06;100.05;0.22;100.05;0.05539;0.05542;-2.698E-05;-12.565;-12.563;-99.990;0.00;-153.60;
2025-11-20 17:58:52.69;0.00:00:10:946;-1.00;0.00;0.00;0.05543;-0.05545;-0.0002413;-0.0001265;-89.88;-0.07;100.04;0.23;100.04;0.05543;0.05545;-2.406E-05;-12.563;-12.561;-99.990;0.00;-152.32;
2025-11-20 17:58:52.74;0.00:00:10:997;-1.00;0.00;0.00;0.05538;-0.05541;-0.0002553;-0.0001156;-89.87;-0.06;100.04;0.21;100.04;0.05538;0.05541;-2.359E-05;-12.566;-12.564;-99.990;0.00;-155.64;
2025-11-20 17:58:52.80;0.00:00:11:051;-1.00;0.00;0.00;0.0553;-0.05532;-0.0002489;-0.0001294;-89.87;-0.07;100.05;0.23;100.05;0.0553;0.05532;-2.715E-05;-12.573;-12.571;-99.990;0.00;-152.53;
2025-11-20 17:58:52.85;0.00:00:11:101;-1.00;0.00;0.00;0.05545;-0.05548;-0.0002517;-0.0001216;-89.87;-0.06;100.05;0.22;100.05;0.05545;0.05548;-2.601E-05;-12.561;-12.559;-99.990;0.00;-154.21;
2025-11-20 17:58:52.91;0.00:00:11:163;-1.00;0.00;0.00;0.05541;-0.05543;-0.0002611;-0.0001171;-89.87;-0.06;100.04;0.21;100.04;0.05541;0.05543;-2.144E-05;-12.564;-12.563;-99.990;0.00;-155.84;
2025-11-20 17:58:52.96;0.00:00:11:212;-1.00;0.00;0.00;0.05545;-0.05548;-0.000235;-0.0001192;-89.88;-0.06;100.05;0.21;100.05;0.05545;0.05548;-2.684E-05;-12.561;-12.559;-99.990;0.00;-153.11;
2025-11-20 17:58:53.01;0.00:00:11:264;-1.00;0.00;0.00;0.05547;-0.05549;-0.0002621;-0.0001112;-89.86;-0.06;100.04;0.20;100.04;0.05547;0.05549;-2.047E-05;-12.559;-12.558;-99.990;0.00;-157.00;
2025-11-20 17:58:53.06;0.00:00:11:313;-1.00;0.00;0.00;0.05528;-0.05531;-0.0002582;-0.0001188;-89.87;-0.06;100.04;0.21;100.04;0.05528;0.05531;-2.222E-05;-12.574;-12.572;-99.990;0.00;-155.29;
2025-11-20 17:58:53.11;0.00:00:11:364;-1.00;0.00;0.00;0.0551;-0.05512;-0.0002623;-0.0001186;-89.86;-0.06;100.04;0.22;100.04;0.0551;0.05512;-2.088E-05;-12.588;-12.587;-99.990;0.00;-155.67;
2025-11-20 17:58:53.16;0.00:00:11:418;-1.00;0.00;0.00;0.0552;-0.05523;-0.0002232;-0.0001339;-89.88;-0.07;100.05;0.24;100.05;0.0552;0.05523;-2.931E-05;-12.581;-12.578;-99.990;0.00;-149.04;
2025-11-20 17:58:53.21;0.00:00:11:468;-1.00;0.00;0.00;0.05553;-0.05555;-0.000253;-0.0001145;-89.87;-0.06;100.04;0.21;100.04;0.05553;0.05555;-2.005E-05;-12.554;-12.553;-99.990;0.00;-155.65;
2025-11-20 17:58:53.27;0.00:00:11:520;-1.00;0.00;0.00;0.05539;-0.05541;-0.0002537;-0.0001272;-89.87;-0.07;100.04;0.23;100.04;0.05539;0.05541;-2.227E-05;-12.566;-12.564;-99.990;0.00;-153.37;
2025-11-20 17:58:53.31;0.00:00:11:568;-1.00;0.00;0.00;0.05566;-0.05569;-0.0002424;-0.0001247;-89.88;-0.06;100.04;0.22;100.04;0.05566;0.05569;-2.477E-05;-12.544;-12.542;-99.990;0.00;-152.78;
2025-11-20 17:58:53.37;0.00:00:11:629;-1.00;0.00;0.00;0.05538;-0.0554;-0.000273;-0.0001148;-89.86;-0.06;100.04;0.21;100.04;0.05538;0.0554;-2.215E-05;-12.566;-12.565;-99.990;0.00;-157.20;
2025-11-20 17:58:53.44;0.00:00:11:691;-1.00;0.00;0.00;0.05523;-0.05525;-0.0002457;-0.0001298;-89.87;-0.07;100.04;0.23;100.04;0.05523;0.05526;-2.447E-05;-12.578;-12.576;-99.990;0.00;-152.16;
2025-11-20 17:58:53.50;0.00:00:11:755;-1.00;0.00;0.00;0.05541;-0.05543;-0.0002343;-0.0001275;-89.88;-0.07;100.04;0.23;100.04;0.05541;0.05543;-2.382E-05;-12.564;-12.563;-99.990;0.00;-151.44;
2025-11-20 17:58:53.55;0.00:00:11:801;-1.00;0.00;0.00;0.05547;-0.0555;-0.0002507;-0.0001264;-89.87;-0.07;100.05;0.23;100.05;0.05547;0.0555;-2.629E-05;-12.559;-12.557;-99.990;0.00;-153.24;
2025-11-20 17:58:53.60;0.00:00:11:855;-1.00;0.00;0.00;0.05548;-0.0555;-0.0002542;-0.0001174;-89.87;-0.06;100.04;0.21;100.04;0.05548;0.05551;-2.425E-05;-12.559;-12.557;-99.990;0.00;-155.21;
2025-11-20 17:58:53.66;0.00:00:11:913;-1.00;0.00;0.00;0.05533;-0.05535;-0.000248;-0.0001317;-89.87;-0.07;100.05;0.24;100.05;0.05533;0.05535;-2.622E-05;-12.571;-12.569;-99.990;0.00;-152.02;
2025-11-20 17:58:53.72;0.00:00:11:973;-1.00;0.00;0.00;0.05547;-0.0555;-0.0002416;-0.0001246;-89.88;-0.06;100.05;0.22;100.05;0.05547;0.0555;-2.702E-05;-12.559;-12.557;-99.990;0.00;-152.72;
2025-11-20 17:58:53.77;0.00:00:12:021;-1.00;0.00;0.00;0.05542;-0.05544;-0.0002533;-0.0001219;-89.87;-0.06;100.04;0.22;100.04;0.05542;0.05545;-2.466E-05;-12.563;-12.561;-99.990;0.00;-154.31;
2025-11-20 17:58:53.81;0.00:00:12:067;-1.00;0.00;0.00;0.05561;-0.05563;-0.0002516;-0.0001213;-89.87;-0.06;100.05;0.22;100.05;0.05561;0.05563;-2.564E-05;-12.549;-12.547;-99.990;0.00;-154.26;
2025-11-20 17:58:53.86;0.00:00:12:114;-1.00;0.00;0.00;0.05557;-0.0556;-0.0002625;-0.0001165;-89.86;-0.06;100.04;0.21;100.04;0.05557;0.0556;-2.362E-05;-12.551;-12.549;-99.990;0.00;-156.07;
2025-11-20 17:58:53.91;0.00:00:12:161;-1.00;0.00;0.00;0.05543;-0.05546;-0.0002547;-0.0001218;-89.87;-0.06;100.04;0.22;100.04;0.05543;0.05546;-2.378E-05;-12.562;-12.560;-99.990;0.00;-154.44;
2025-11-20 17:58:53.95;0.00:00:12:208;-1.00;0.00;0.00;0.05539;-0.05542;-0.0002612;-0.0001212;-89.86;-0.06;100.05;0.22;100.05;0.05539;0.05542;-2.509E-05;-12.565;-12.563;-99.990;0.00;-155.11;
2025-11-20 17:58:54.00;0.00:00:12:255;-1.00;0.00;0.00;0.05541;-0.05544;-0.0002302;-0.0001246;-89.88;-0.06;100.04;0.22;100.04;0.05541;0.05544;-2.494E-05;-12.564;-12.562;-99.990;0.00;-151.57;
2025-11-20 17:58:54.05;0.00:00:12:305;-1.00;0.00;0.00;0.05545;-0.05548;-0.0002367;-0.0001293;-89.88;-0.07;100.05;0.23;100.05;0.05545;0.05548;-2.806E-05;-12.561;-12.559;-99.990;0.00;-151.36;
2025-11-20 17:58:54.11;0.00:00:12:365;-1.00;0.00;0.00;0.05551;-0.05553;-0.0002539;-0.0001194;-89.87;-0.06;100.04;0.22;100.04;0.05551;0.05553;-2.47E-05;-12.557;-12.555;-99.990;0.00;-154.81;
2025-11-20 17:58:54.17;0.00:00:12:426;-1.00;0.00;0.00;0.05544;-0.05546;-0.000262;-0.0001153;-89.86;-0.06;100.04;0.21;100.04;0.05544;0.05546;-2.245E-05;-12.562;-12.560;-99.990;0.00;-156.26;
2025-11-20 17:58:54.22;0.00:00:12:472;-1.00;0.00;0.00;0.0551;-0.05512;-0.000252;-0.0001177;-89.87;-0.06;100.04;0.21;100.04;0.0551;0.05512;-2.116E-05;-12.589;-12.587;-99.990;0.00;-154.96;
2025-11-20 17:58:54.26;0.00:00:12:518;-1.00;0.00;0.00;0.05514;-0.05517;-0.0002454;-0.0001313;-89.87;-0.07;100.05;0.24;100.05;0.05514;0.05517;-2.652E-05;-12.585;-12.583;-99.990;0.00;-151.85;
2025-11-20 17:58:54.31;0.00:00:12:565;-1.00;0.00;0.00;0.05542;-0.05544;-0.000247;-0.000126;-89.87;-0.07;100.05;0.23;100.05;0.05542;0.05544;-2.577E-05;-12.564;-12.562;-99.990;0.00;-152.96;
2025-11-20 17:58:54.36;0.00:00:12:618;-1.00;0.00;0.00;0.05545;-0.05547;-0.0002418;-0.0001227;-89.88;-0.06;100.05;0.22;100.05;0.05545;0.05548;-2.551E-05;-12.561;-12.559;-99.990;0.00;-153.09;
2025-11-20 17:58:54.42;0.00:00:12:674;-1.00;0.00;0.00;0.05557;-0.05559;-0.0002538;-0.0001243;-89.87;-0.06;100.04;0.22;100.04;0.05557;0.05559;-2.489E-05;-12.552;-12.550;-99.990;0.00;-153.89;
2025-11-20 17:58:54.47;0.00:00:12:721;-1.00;0.00;0.00;0.05555;-0.05557;-0.0002502;-0.0001256;-89.87;-0.06;100.04;0.23;100.04;0.05555;0.05557;-2.277E-05;-12.553;-12.552;-99.990;0.00;-153.35;
2025-11-20 17:58:54.51;0.00:00:12:768;-1.00;0.00;0.00;0.05539;-0.05541;-0.0002606;-0.0001204;-89.87;-0.06;100.04;0.22;100.04;0.05539;0.05542;-2.465E-05;-12.566;-12.564;-99.990;0.00;-155.19;
2025-11-20 17:58:54.56;0.00:00:12:816;-1.00;0.00;0.00;0.05539;-0.05541;-0.0002454;-0.0001216;-89.87;-0.06;100.04;0.22;100.04;0.05539;0.05541;-2.459E-05;-12.566;-12.564;-99.990;0.00;-153.65;
2025-11-20 17:58:54.61;0.00:00:12:864;-1.00;0.00;0.00;0.05546;-0.05548;-0.0002503;-0.0001205;-89.87;-0.06;100.04;0.22;100.04;0.05546;0.05548;-2.44E-05;-12.560;-12.558;-99.990;0.00;-154.29;
2025-11-20 17:58:54.66;0.00:00:12:917;-1.00;0.00;0.00;0.05545;-0.05547;-0.0002471;-0.0001211;-89.87;-0.06;100.04;0.22;100.04;0.05545;0.05547;-2.301E-05;-12.561;-12.559;-99.990;0.00;-153.89;
2025-11-20 17:58:54.72;0.00:00:12:972;-1.00;0.00;0.00;0.05536;-0.05538;-0.0002603;-0.0001207;-89.87;-0.06;100.04;0.22;100.04;0.05536;0.05538;-2.164E-05;-12.568;-12.567;-99.990;0.00;-155.12;
2025-11-20 17:58:54.77;0.00:00:13:019;-1.00;0.00;0.00;0.05531;-0.05533;-0.0002424;-0.0001234;-89.87;-0.06;100.05;0.22;100.05;0.05531;0.05533;-2.765E-05;-12.572;-12.570;-99.990;0.00;-153.03;
2025-11-20 17:58:54.81;0.00:00:13:067;-1.00;0.00;0.00;0.05532;-0.05534;-0.000268;-0.0001201;-89.86;-0.06;100.04;0.22;100.04;0.05532;0.05534;-2.445E-05;-12.571;-12.569;-99.990;0.00;-155.86;
2025-11-20 17:58:54.86;0.00:00:13:114;-1.00;0.00;0.00;0.05527;-0.05529;-0.0002476;-0.0001186;-89.87;-0.06;100.04;0.21;100.04;0.05527;0.05529;-2.487E-05;-12.575;-12.573;-99.990;0.00;-154.41;
2025-11-20 17:58:54.91;0.00:00:13:162;-1.00;0.00;0.00;0.05525;-0.05527;-0.0002563;-0.0001233;-89.87;-0.06;100.04;0.22;100.04;0.05525;0.05527;-2.425E-05;-12.577;-12.575;-99.990;0.00;-154.30;
2025-11-20 17:58:54.95;0.00:00:13:208;-1.00;0.00;0.00;0.05516;-0.05518;-0.0002595;-0.0001163;-89.87;-0.06;100.04;0.21;100.04;0.05516;0.05518;-2.173E-05;-12.584;-12.582;-99.990;0.00;-155.86;
2025-11-20 17:58:55.00;0.00:00:13:254;-1.00;0.00;0.00;0.05507;-0.0551;-0.0002416;-0.000123;-89.87;-0.06;100.05;0.22;100.04;0.05507;0.0551;-2.484E-05;-12.591;-12.589;-99.990;0.00;-153.01;
2025-11-20 17:58:55.05;0.00:00:13:301;-1.00;0.00;0.00;0.05532;-0.05535;-0.0002317;-0.0001218;-89.88;-0.06;100.05;0.22;100.05;0.05532;0.05535;-2.727E-05;-12.571;-12.569;-99.990;0.00;-152.28;
2025-11-20 17:58:55.10;0.00:00:13:352;-1.00;0.00;0.00;0.05533;-0.05536;-0.0002592;-0.0001187;-89.87;-0.06;100.04;0.21;100.04;0.05533;0.05536;-2.407E-05;-12.570;-12.568;-99.990;0.00;-155.40;
2025-11-20 17:58:55.16;0.00:00:13:410;-1.00;0.00;0.00;0.05506;-0.05508;-0.000238;-0.0001316;-89.88;-0.07;100.05;0.24;100.05;0.05506;0.05509;-2.698E-05;-12.592;-12.590;-99.990;0.00;-151.07;
2025-11-20 17:58:55.20;0.00:00:13:457;-1.00;0.00;0.00;0.05521;-0.05524;-0.0002365;-0.0001286;-89.88;-0.07;100.05;0.23;100.05;0.05521;0.05524;-2.882E-05;-12.580;-12.577;-99.990;0.00;-151.46;
2025-11-20 17:58:55.25;0.00:00:13:504;-1.00;0.00;0.00;0.05527;-0.0553;-0.0002456;-0.0001317;-89.87;-0.07;100.05;0.24;100.05;0.05527;0.0553;-2.764E-05;-12.575;-12.573;-99.990;0.00;-151.79;
2025-11-20 17:58:55.31;0.00:00:13:566;-1.00;0.00;0.00;0.05551;-0.05553;-0.0002678;-0.0001111;-89.86;-0.06;100.04;0.20;100.04;0.05551;0.05554;-2.071E-05;-12.556;-12.554;-99.990;0.00;-157.47;
2025-11-20 17:58:55.36;0.00:00:13:613;-1.00;0.00;0.00;0.05546;-0.05549;-0.0002472;-0.0001241;-89.87;-0.06;100.05;0.22;100.05;0.05546;0.05549;-2.64E-05;-12.560;-12.558;-99.990;0.00;-153.34;
2025-11-20 17:58:55.41;0.00:00:13:662;-1.00;0.00;0.00;0.05532;-0.05534;-0.0002655;-0.0001181;-89.86;-0.06;100.04;0.21;100.04;0.05532;0.05534;-2.014E-05;-12.571;-12.569;-99.990;0.00;-156.02;
2025-11-20 17:58:55.47;0.00:00:13:722;-1.00;0.00;0.00;0.05521;-0.05523;-0.0002697;-0.000114;-89.86;-0.06;100.04;0.21;100.04;0.05521;0.05523;-2.098E-05;-12.580;-12.578;-99.990;0.00;-157.09;
2025-11-20 17:58:55.52;0.00:00:13:770;-1.00;0.00;0.00;0.05526;-0.05529;-0.0002495;-0.0001231;-89.87;-0.06;100.05;0.22;100.05;0.05526;0.05529;-2.636E-05;-12.576;-12.574;-99.990;0.00;-153.74;
2025-11-20 17:58:55.56;0.00:00:13:817;-1.00;0.00;0.00;0.05532;-0.05535;-0.0002451;-0.0001274;-89.87;-0.07;100.05;0.23;100.05;0.05532;0.05535;-2.667E-05;-12.571;-12.569;-99.990;0.00;-152.53;
2025-11-20 17:58:55.61;0.00:00:13:863;-1.00;0.00;0.00;0.05539;-0.05541;-0.0002545;-0.0001149;-89.87;-0.06;100.04;0.21;100.04;0.05539;0.05542;-2.454E-05;-12.566;-12.564;-99.990;0.00;-155.69;
2025-11-20 17:58:55.66;0.00:00:13:916;-1.00;0.00;0.00;0.05532;-0.05534;-0.0002545;-0.0001258;-89.87;-0.07;100.04;0.23;100.04;0.05532;0.05534;-2.428E-05;-12.572;-12.570;-99.990;0.00;-153.70;
2025-11-20 17:58:55.71;0.00:00:13:964;-1.00;0.00;0.00;0.05533;-0.05536;-0.0002421;-0.000128;-89.87;-0.07;100.04;0.23;100.04;0.05533;0.05536;-2.479E-05;-12.570;-12.568;-99.990;0.00;-152.14;
2025-11-20 17:58:55.76;0.00:00:14:014;-1.00;0.00;0.00;0.05533;-0.05536;-0.0002546;-0.0001227;-89.87;-0.06;100.04;0.22;100.04;0.05533;0.05536;-2.307E-05;-12.570;-12.568;-99.990;0.00;-154.26;
2025-11-20 17:58:55.81;0.00:00:14:064;-1.00;0.00;0.00;0.05533;-0.05535;-0.0002605;-0.0001221;-89.87;-0.06;100.04;0.22;100.04;0.05533;0.05535;-2.313E-05;-12.571;-12.569;-99.990;0.00;-154.90;
2025-11-20 17:58:55.87;0.00:00:14:120;-1.00;0.00;0.00;0.05536;-0.05539;-0.0002392;-0.0001254;-89.88;-0.06;100.05;0.23;100.05;0.05536;0.05539;-2.635E-05;-12.568;-12.566;-99.990;0.00;-152.33;
2025-11-20 17:58:55.92;0.00:00:14:169;-1.00;0.00;0.00;0.05526;-0.05528;-0.0002603;-0.0001157;-89.87;-0.06;100.04;0.21;100.04;0.05526;0.05528;-2.277E-05;-12.576;-12.574;-99.990;0.00;-156.04;
2025-11-20 17:58:55.96;0.00:00:14:218;-1.00;0.00;0.00;0.05531;-0.05534;-0.0002335;-0.0001219;-89.88;-0.06;100.05;0.22;100.05;0.05531;0.05534;-2.782E-05;-12.572;-12.570;-99.990;0.00;-152.43;
2025-11-20 17:58:56.03;0.00:00:14:282;-1.00;0.00;0.00;0.05534;-0.05536;-0.0002492;-0.000122;-89.87;-0.06;100.04;0.22;100.04;0.05534;0.05536;-2.297E-05;-12.570;-12.568;-99.990;0.00;-153.91;
2025-11-20 17:58:56.08;0.00:00:14:332;-1.00;0.00;0.00;0.05544;-0.05547;-0.00026;-0.0001187;-89.87;-0.06;100.04;0.21;100.04;0.05544;0.05547;-2.373E-05;-12.561;-12.560;-99.990;0.00;-155.46;
2025-11-20 17:58:56.13;0.00:00:14:384;-1.00;0.00;0.00;0.0553;-0.05532;-0.0002639;-0.0001174;-89.86;-0.06;100.04;0.21;100.04;0.0553;0.05533;-2.317E-05;-12.573;-12.571;-99.990;0.00;-156.03;
2025-11-20 17:58:56.18;0.00:00:14:434;-1.00;0.00;0.00;0.05554;-0.05557;-0.0002385;-0.0001278;-89.88;-0.07;100.05;0.23;100.05;0.05554;0.05557;-2.866E-05;-12.554;-12.551;-99.990;0.00;-151.83;
2025-11-20 17:58:56.23;0.00:00:14:485;-1.00;0.00;0.00;0.0556;-0.05563;-0.0002535;-0.0001272;-89.87;-0.07;100.05;0.23;100.05;0.0556;0.05563;-2.552E-05;-12.549;-12.547;-99.990;0.00;-153.35;
2025-11-20 17:58:56.28;0.00:00:14:537;-1.00;0.00;0.00;0.05545;-0.05548;-0.0002497;-0.0001242;-89.87;-0.06;100.05;0.22;100.05;0.05545;0.05548;-2.567E-05;-12.561;-12.559;-99.990;0.00;-153.56;
2025-11-20 17:58:56.33;0.00:00:14:588;-1.00;0.00;0.00;0.05549;-0.05552;-0.0002421;-0.0001281;-89.88;-0.07;100.05;0.23;100.05;0.05549;0.05552;-2.725E-05;-12.558;-12.556;-99.990;0.00;-152.11;
2025-11-20 17:58:56.38;0.00:00:14:639;-1.00;0.00;0.00;0.05564;-0.05566;-0.0002596;-0.0001149;-89.87;-0.06;100.04;0.21;100.04;0.05564;0.05566;-2.137E-05;-12.546;-12.545;-99.990;0.00;-156.12;
2025-11-20 17:58:56.43;0.00:00:14:688;-1.00;0.00;0.00;0.05558;-0.0556;-0.0002543;-0.0001225;-89.87;-0.06;100.05;0.22;100.05;0.05558;0.0556;-2.518E-05;-12.551;-12.549;-99.990;0.00;-154.28;
2025-11-20 17:58:56.50;0.00:00:14:749;-1.00;0.00;0.00;0.05566;-0.05569;-0.0002417;-0.0001264;-89.88;-0.07;100.05;0.23;100.05;0.05566;0.05569;-2.727E-05;-12.544;-12.542;-99.990;0.00;-152.40;
2025-11-20 17:58:56.55;0.00:00:14:800;-1.00;0.00;0.00;0.05542;-0.05544;-0.0002712;-0.0001161;-89.86;-0.06;100.04;0.21;100.04;0.05542;0.05544;-2.128E-05;-12.564;-12.562;-99.990;0.00;-156.83;
2025-11-20 17:58:56.60;0.00:00:14:854;-1.00;0.00;0.00;0.05533;-0.05535;-0.0002461;-0.0001228;-89.87;-0.06;100.05;0.22;100.05;0.05533;0.05535;-2.54E-05;-12.571;-12.569;-99.990;0.00;-153.49;
2025-11-20 17:58:56.65;0.00:00:14:903;-1.00;0.00;0.00;0.05519;-0.05521;-0.0002655;-0.0001205;-89.86;-0.06;100.04;0.22;100.04;0.05519;0.05521;-2.263E-05;-12.581;-12.580;-99.990;0.00;-155.59;
2025-11-20 17:58:56.70;0.00:00:14:954;-1.00;0.00;0.00;0.05515;-0.05517;-0.0002454;-0.0001191;-89.87;-0.06;100.04;0.22;100.04;0.05515;0.05517;-2.416E-05;-12.585;-12.583;-99.990;0.00;-154.12;
2025-11-20 17:58:56.77;0.00:00:15:019;-1.00;0.00;0.00;0.05484;-0.05486;-0.0002456;-0.0001207;-89.87;-0.06;100.05;0.22;100.05;0.05484;0.05486;-2.517E-05;-12.609;-12.607;-99.990;0.00;-153.83;
2025-11-20 17:58:56.81;0.00:00:15:065;-1.00;0.00;0.00;0.05531;-0.05534;-0.0002267;-0.0001232;-89.88;-0.06;100.06;0.22;100.05;0.05531;0.05534;-3.042E-05;-12.572;-12.570;-99.990;0.00;-151.47;
2025-11-20 17:58:56.86;0.00:00:15:116;-1.00;0.00;0.00;0.05523;-0.05525;-0.0002666;-0.0001211;-89.86;-0.06;100.04;0.22;100.04;0.05523;0.05525;-1.977E-05;-12.578;-12.577;-99.990;0.00;-155.57;
2025-11-20 17:58:56.91;0.00:00:15:164;-1.00;0.00;0.00;0.05547;-0.05549;-0.0002304;-0.0001246;-89.88;-0.06;100.05;0.22;100.05;0.05547;0.05549;-2.895E-05;-12.560;-12.558;-99.990;0.00;-151.60;
2025-11-20 17:58:56.96;0.00:00:15:209;-1.00;0.00;0.00;0.05552;-0.05555;-0.0002495;-0.0001151;-89.87;-0.06;100.05;0.21;100.05;0.05552;0.05555;-2.632E-05;-12.556;-12.553;-99.990;0.00;-155.23;
2025-11-20 17:58:57.01;0.00:00:15:261;-1.00;0.00;0.00;0.05549;-0.05552;-0.0002506;-0.0001266;-89.87;-0.07;100.05;0.23;100.05;0.05549;0.05552;-2.63E-05;-12.558;-12.556;-99.990;0.00;-153.21;
2025-11-20 17:58:57.07;0.00:00:15:321;-1.00;0.00;0.00;0.0554;-0.05543;-0.000257;-0.0001201;-89.87;-0.06;100.04;0.22;100.04;0.0554;0.05543;-2.382E-05;-12.565;-12.563;-99.990;0.00;-154.95;
2025-11-20 17:58:57.12;0.00:00:15:372;-1.00;0.00;0.00;0.0554;-0.05542;-0.0002457;-0.000123;-89.87;-0.06;100.05;0.22;100.04;0.0554;0.05542;-2.504E-05;-12.565;-12.563;-99.990;0.00;-153.40;
2025-11-20 17:58:57.17;0.00:00:15:423;-1.00;0.00;0.00;0.05547;-0.05549;-0.0002522;-0.0001221;-89.87;-0.06;100.04;0.22;100.04;0.05547;0.05549;-2.496E-05;-12.560;-12.558;-99.990;0.00;-154.17;
2025-11-20 17:58:57.22;0.00:00:15:472;-1.00;0.00;0.00;0.05529;-0.05531;-0.0002564;-0.0001199;-89.87;-0.06;100.04;0.22;100.04;0.05529;0.05531;-2.289E-05;-12.574;-12.572;-99.990;0.00;-154.93;
2025-11-20 17:58:57.27;0.00:00:15:522;-1.00;0.00;0.00;0.05529;-0.05531;-0.0002462;-0.0001221;-89.87;-0.06;100.05;0.22;100.05;0.05529;0.05531;-2.687E-05;-12.574;-12.572;-99.990;0.00;-153.62;
2025-11-20 17:58:57.32;0.00:00:15:579;-1.00;0.00;0.00;0.05538;-0.05541;-0.0002607;-0.0001185;-89.87;-0.06;100.05;0.21;100.05;0.05538;0.05541;-2.603E-05;-12.566;-12.564;-99.990;0.00;-155.55;
2025-11-20 17:58:57.37;0.00:00:15:627;-1.00;0.00;0.00;0.05536;-0.05539;-0.0002464;-0.0001249;-89.87;-0.06;100.05;0.23;100.05;0.05536;0.05539;-2.541E-05;-12.568;-12.566;-99.990;0.00;-153.13;
2025-11-20 17:58:57.42;0.00:00:15:677;-1.00;0.00;0.00;0.05575;-0.05577;-0.0002656;-0.0001033;-89.86;-0.05;100.04;0.19;100.04;0.05575;0.05577;-2.007E-05;-12.537;-12.536;-99.990;0.00;-158.76;
2025-11-20 17:58:57.48;0.00:00:15:738;-1.00;0.00;0.00;0.05547;-0.05549;-0.0002516;-0.000116;-89.87;-0.06;100.04;0.21;100.04;0.05547;0.05549;-2.291E-05;-12.560;-12.558;-99.990;0.00;-155.26;
2025-11-20 17:58:57.54;0.00:00:15:793;-1.00;0.00;0.00;0.05547;-0.05549;-0.0002607;-0.0001202;-89.87;-0.06;100.05;0.22;100.05;0.05547;0.05549;-2.629E-05;-12.560;-12.558;-99.990;0.00;-155.26;
2025-11-20 17:58:57.59;0.00:00:15:847;-1.00;0.00;0.00;0.0554;-0.05542;-0.0002401;-0.0001267;-89.88;-0.07;100.04;0.23;100.04;0.0554;0.05542;-2.404E-05;-12.565;-12.563;-99.990;0.00;-152.18;
2025-11-20 17:58:57.65;0.00:00:15:901;-1.00;0.00;0.00;0.05571;-0.05573;-0.0002663;-0.0001157;-89.86;-0.06;100.04;0.21;100.04;0.05571;0.05573;-2.05E-05;-12.541;-12.539;-99.990;0.00;-156.51;
2025-11-20 17:58:57.69;0.00:00:15:948;-1.00;-0.01;0.00;0.05545;-0.05546;-0.0002781;-0.0001139;-89.86;-0.06;100.03;0.21;100.03;0.05545;0.05546;-1.791E-05;-12.561;-12.560;-99.990;0.00;-157.73;
2025-11-20 17:58:57.76;0.00:00:16:012;-1.00;0.00;0.00;0.05558;-0.0556;-0.0002441;-0.0001189;-89.87;-0.06;100.05;0.21;100.05;0.05558;0.0556;-2.518E-05;-12.551;-12.549;-99.990;0.00;-154.03;
2025-11-20 17:58:57.82;0.00:00:16:072;-1.00;0.00;0.00;0.05543;-0.05545;-0.0002637;-0.0001253;-89.86;-0.06;100.04;0.23;100.04;0.05543;0.05545;-2.167E-05;-12.563;-12.561;-99.990;0.00;-154.59;
2025-11-20 17:58:57.87;0.00:00:16:121;-1.00;0.00;0.00;0.05546;-0.05548;-0.0002508;-0.0001227;-89.87;-0.06;100.04;0.22;100.04;0.05546;0.05548;-2.401E-05;-12.560;-12.558;-99.990;0.00;-153.94;
2025-11-20 17:58:57.92;0.00:00:16:171;-1.00;0.00;0.00;0.0556;-0.05562;-0.0002596;-0.0001145;-89.87;-0.06;100.04;0.21;100.04;0.0556;0.05562;-2.396E-05;-12.549;-12.547;-99.990;0.00;-156.20;
2025-11-20 17:58:57.97;0.00:00:16:220;-1.00;0.00;0.00;0.05542;-0.05544;-0.0002648;-0.0001211;-89.86;-0.06;100.04;0.22;100.04;0.05542;0.05544;-2.15E-05;-12.563;-12.562;-99.990;0.00;-155.43;
2025-11-20 17:58:58.02;0.00:00:16:271;-1.00;0.00;0.00;0.05519;-0.05522;-0.0002375;-0.0001336;-89.88;-0.07;100.05;0.24;100.05;0.05519;0.05522;-2.611E-05;-12.581;-12.579;-99.990;0.00;-150.64;
2025-11-20 17:58:58.07;0.00:00:16:325;-1.00;0.00;0.00;0.05563;-0.05566;-0.0002019;-0.000128;-89.90;-0.07;100.06;0.23;100.06;0.05563;0.05566;-3.082E-05;-12.547;-12.545;-99.990;0.00;-147.62;
2025-11-20 17:58:58.12;0.00:00:16:374;-1.00;0.00;0.00;0.05564;-0.05565;-0.0002667;-0.0001141;-89.86;-0.06;100.03;0.21;100.03;0.05564;0.05565;-1.753E-05;-12.546;-12.545;-99.990;0.00;-156.84;
2025-11-20 17:58:58.17;0.00:00:16:427;-1.00;0.00;0.00;0.05547;-0.05549;-0.0002573;-0.0001214;-89.87;-0.06;100.05;0.22;100.05;0.05547;0.05549;-2.546E-05;-12.560;-12.558;-99.990;0.00;-154.74;
2025-11-20 17:58:58.24;0.00:00:16:490;-1.00;0.00;0.00;0.05532;-0.05534;-0.0002644;-0.0001146;-89.86;-0.06;100.04;0.21;100.04;0.05532;0.05534;-2.379E-05;-12.571;-12.569;-99.990;0.00;-156.56;
2025-11-20 17:58:58.29;0.00:00:16:541;-1.00;0.00;0.00;0.05528;-0.05531;-0.0002377;-0.0001262;-89.88;-0.07;100.04;0.23;100.04;0.05528;0.05531;-2.432E-05;-12.574;-12.572;-99.990;0.00;-152.03;
2025-11-20 17:58:58.33;0.00:00:16:587;-1.00;0.00;0.00;0.05546;-0.05548;-0.0002271;-0.0001303;-89.88;-0.07;100.05;0.23;100.05;0.05546;0.05549;-2.756E-05;-12.560;-12.558;-99.990;0.00;-150.15;
2025-11-20 17:58:58.39;0.00:00:16:639;-1.00;0.00;0.00;0.05569;-0.05572;-0.0002508;-0.0001178;-89.87;-0.06;100.04;0.21;100.04;0.05569;0.05572;-2.473E-05;-12.542;-12.540;-99.990;0.00;-154.84;
2025-11-20 17:58:58.44;0.00:00:16:690;-1.00;0.00;0.00;0.05564;-0.05566;-0.0002623;-0.0001193;-89.86;-0.06;100.04;0.21;100.04;0.05564;0.05566;-2.342E-05;-12.546;-12.545;-99.990;0.00;-155.55;
2025-11-20 17:58:58.50;0.00:00:16:752;-1.00;0.00;0.00;0.05568;-0.05571;-0.0002488;-0.000125;-89.87;-0.06;100.04;0.22;100.04;0.05568;0.05571;-2.378E-05;-12.543;-12.541;-99.990;0.00;-153.32;
2025-11-20 17:58:58.55;0.00:00:16:805;-1.00;0.00;0.00;0.05548;-0.0555;-0.0002619;-0.0001256;-89.86;-0.06;100.04;0.23;100.04;0.05548;0.0555;-2.019E-05;-12.559;-12.557;-99.990;0.00;-154.37;
2025-11-20 17:58:58.60;0.00:00:16:856;-1.00;0.00;0.00;0.05555;-0.05558;-0.0002267;-0.0001282;-89.88;-0.07;100.05;0.23;100.05;0.05555;0.05558;-2.755E-05;-12.553;-12.551;-99.990;0.00;-150.50;
2025-11-20 17:58:58.65;0.00:00:16:908;-1.00;0.00;0.00;0.05546;-0.05548;-0.000261;-0.0001185;-89.87;-0.06;100.04;0.21;100.04;0.05546;0.05548;-1.991E-05;-12.560;-12.558;-99.990;0.00;-155.59;
2025-11-20 17:58:58.70;0.00:00:16:954;-1.00;0.00;0.00;0.05538;-0.05541;-0.000253;-0.0001165;-89.87;-0.06;100.04;0.21;100.04;0.05538;0.05541;-2.398E-05;-12.566;-12.564;-99.990;0.00;-155.28;
2025-11-20 17:58:58.75;0.00:00:17:005;-1.00;0.00;0.00;0.05536;-0.05538;-0.0002479;-0.0001197;-89.87;-0.06;100.04;0.22;100.04;0.05536;0.05538;-2.342E-05;-12.568;-12.566;-99.990;0.00;-154.23;
2025-11-20 17:58:58.81;0.00:00:17:061;-1.00;0.00;0.00;0.0554;-0.05543;-0.0002467;-0.0001198;-89.87;-0.06;100.05;0.22;100.05;0.0554;0.05543;-2.571E-05;-12.565;-12.563;-99.990;0.00;-154.10;
2025-11-20 17:58:58.86;0.00:00:17:112;-1.00;0.00;0.00;0.05535;-0.05538;-0.0002694;-0.0001214;-89.86;-0.06;100.04;0.22;100.04;0.05535;0.05538;-2.22E-05;-12.568;-12.567;-99.990;0.00;-155.75;
2025-11-20 17:58:58.91;0.00:00:17:163;-1.00;0.00;0.00;0.05535;-0.05537;-0.0002409;-0.0001248;-89.88;-0.06;100.04;0.23;100.04;0.05535;0.05537;-2.341E-05;-12.569;-12.567;-99.990;0.00;-152.62;
2025-11-20 17:58:58.96;0.00:00:17:213;-1.00;0.00;0.00;0.05551;-0.05554;-0.0002251;-0.0001323;-89.88;-0.07;100.05;0.24;100.05;0.05551;0.05554;-3.036E-05;-12.556;-12.554;-99.990;0.00;-149.54;
2025-11-20 17:58:59.01;0.00:00:17:264;-1.00;0.00;0.00;0.0556;-0.05561;-0.0002659;-0.0001141;-89.86;-0.06;100.03;0.21;100.03;0.0556;0.05561;-1.785E-05;-12.550;-12.548;-99.990;0.00;-156.77;
2025-11-20 17:58:59.07;0.00:00:17:325;-1.00;0.00;0.00;0.05549;-0.05551;-0.0002458;-0.0001265;-89.87;-0.07;100.05;0.23;100.05;0.05549;0.05551;-2.658E-05;-12.558;-12.556;-99.990;0.00;-152.77;
2025-11-20 17:58:59.12;0.00:00:17:376;-1.00;0.00;0.00;0.05551;-0.05554;-0.0002531;-0.0001248;-89.87;-0.06;100.05;0.22;100.05;0.05551;0.05554;-2.659E-05;-12.556;-12.554;-99.990;0.00;-153.75;
2025-11-20 17:58:59.18;0.00:00:17:433;-1.00;0.00;0.00;0.05553;-0.05555;-0.0002586;-0.0001258;-89.87;-0.06;100.04;0.23;100.04;0.05553;0.05555;-2.477E-05;-12.555;-12.553;-99.990;0.00;-154.05;
2025-11-20 17:58:59.23;0.00:00:17:483;-1.00;0.00;0.00;0.05565;-0.05568;-0.0002263;-0.0001263;-89.88;-0.06;100.05;0.23;100.05;0.05565;0.05568;-2.877E-05;-12.545;-12.543;-99.990;0.00;-150.84;
2025-11-20 17:58:59.29;0.00:00:17:544;-1.00;0.00;0.00;0.05579;-0.05581;-0.0002316;-0.000131;-89.88;-0.07;100.04;0.23;100.04;0.05579;0.05581;-2.466E-05;-12.534;-12.533;-99.990;0.00;-150.51;
2025-11-20 17:58:59.36;0.00:00:17:609;-1.00;0.00;0.00;0.05574;-0.05576;-0.0002603;-0.0001234;-89.87;-0.06;100.04;0.22;100.04;0.05574;0.05576;-2.179E-05;-12.538;-12.537;-99.990;0.00;-154.63;
2025-11-20 17:58:59.41;0.00:00:17:666;-1.00;0.00;0.00;0.05548;-0.0555;-0.0002661;-0.0001246;-89.86;-0.06;100.04;0.22;100.04;0.05548;0.05551;-2.169E-05;-12.558;-12.557;-99.990;0.00;-154.90;
2025-11-20 17:58:59.47;0.00:00:17:719;-1.00;0.00;0.00;0.05548;-0.05551;-0.0002487;-0.0001232;-89.87;-0.06;100.05;0.22;100.05;0.05548;0.05551;-2.73E-05;-12.558;-12.556;-99.990;0.00;-153.65;
2025-11-20 17:58:59.52;0.00:00:17:773;-1.00;0.00;0.00;0.05555;-0.05558;-0.0002508;-0.0001222;-89.87;-0.06;100.04;0.22;100.04;0.05555;0.05558;-2.494E-05;-12.553;-12.551;-99.990;0.00;-154.02;
2025-11-20 17:58:59.57;0.00:00:17:819;-1.00;0.00;0.00;0.05557;-0.05559;-0.0002498;-0.0001237;-89.87;-0.06;100.04;0.22;100.04;0.05557;0.05559;-2.345E-05;-12.552;-12.550;-99.990;0.00;-153.64;
2025-11-20 17:58:59.62;0.00:00:17:870;-1.00;0.00;0.00;0.05552;-0.05554;-0.0002649;-0.0001167;-89.86;-0.06;100.04;0.21;100.04;0.05552;0.05555;-2.154E-05;-12.555;-12.554;-99.990;0.00;-156.23;
2025-11-20 17:58:59.68;0.00:00:17:930;-1.00;0.00;0.00;0.05545;-0.05548;-0.0002509;-0.0001244;-89.87;-0.06;100.04;0.22;100.04;0.05545;0.05548;-2.34E-05;-12.561;-12.559;-99.990;0.00;-153.62;
2025-11-20 17:58:59.72;0.00:00:17:974;-1.00;0.00;0.00;0.05559;-0.05561;-0.000259;-0.0001213;-89.87;-0.06;100.04;0.22;100.04;0.05559;0.05561;-2.501E-05;-12.550;-12.548;-99.990;0.00;-154.90;
2025-11-20 17:58:59.77;0.00:00:18:027;-1.00;0.00;0.00;0.05548;-0.0555;-0.0002658;-0.0001091;-89.86;-0.06;100.04;0.20;100.04;0.05548;0.0555;-2.053E-05;-12.559;-12.557;-99.990;0.00;-157.67;
2025-11-20 17:58:59.82;0.00:00:18:077;-1.00;0.00;0.00;0.05516;-0.05519;-0.0002458;-0.0001257;-89.87;-0.07;100.04;0.23;100.04;0.05516;0.05519;-2.455E-05;-12.584;-12.582;-99.990;0.00;-152.92;
2025-11-20 17:58:59.89;0.00:00:18:139;-1.00;0.00;0.00;0.05505;-0.05507;-0.0002505;-0.0001259;-89.87;-0.07;100.05;0.23;100.05;0.05505;0.05507;-2.62E-05;-12.593;-12.591;-99.990;0.00;-153.32;
2025-11-20 17:58:59.95;0.00:00:18:202;-1.00;0.00;0.00;0.05522;-0.05525;-0.00023;-0.0001274;-89.88;-0.07;100.05;0.23;100.05;0.05522;0.05525;-2.722E-05;-12.579;-12.577;-99.990;0.00;-151.01;
2025-11-20 17:59:00.00;0.00:00:18:251;-1.00;0.00;0.00;0.05562;-0.05564;-0.00026;-0.0001197;-89.87;-0.06;100.04;0.22;100.04;0.05562;0.05564;-2.364E-05;-12.548;-12.546;-99.990;0.00;-155.28;
2025-11-20 17:59:00.05;0.00:00:18:300;-1.00;0.00;0.00;0.05555;-0.05557;-0.0002524;-0.0001189;-89.87;-0.06;100.04;0.21;100.04;0.05555;0.05557;-2.489E-05;-12.553;-12.551;-99.990;0.00;-154.77;
2025-11-20 17:59:00.10;0.00:00:18:356;-1.00;0.00;0.00;0.05562;-0.05565;-0.0002292;-0.0001286;-89.88;-0.07;100.05;0.23;100.05;0.05562;0.05565;-2.942E-05;-12.548;-12.546;-99.990;0.00;-150.69;
2025-11-20 17:59:00.15;0.00:00:18:402;-1.00;0.00;0.00;0.05575;-0.05578;-0.0002574;-0.0001134;-89.87;-0.06;100.04;0.20;100.04;0.05575;0.05578;-2.364E-05;-12.537;-12.535;-99.990;0.00;-156.23;
2025-11-20 17:59:00.19;0.00:00:18:448;-1.00;0.00;0.00;0.0555;-0.05552;-0.000255;-0.0001192;-89.87;-0.06;100.04;0.21;100.04;0.0555;0.05552;-2.286E-05;-12.557;-12.556;-99.990;0.00;-154.94;
2025-11-20 17:59:00.24;0.00:00:18:498;-1.00;0.00;0.00;0.05542;-0.05544;-0.00026;-0.0001175;-89.87;-0.06;100.04;0.21;100.04;0.05542;0.05545;-2.427E-05;-12.563;-12.561;-99.990;0.00;-155.68;
2025-11-20 17:59:00.30;0.00:00:18:549;-1.00;0.00;0.00;0.05504;-0.05506;-0.0002582;-0.0001117;-89.87;-0.06;100.04;0.20;100.04;0.05504;0.05506;-2.24E-05;-12.593;-12.592;-99.990;0.00;-156.60;
2025-11-20 17:59:00.35;0.00:00:18:601;-1.00;0.00;0.00;0.05498;-0.055;-0.0002362;-0.0001345;-89.88;-0.07;100.05;0.24;100.05;0.05498;0.055;-2.765E-05;-12.598;-12.596;-99.990;0.00;-150.34;
2025-11-20 17:59:00.41;0.00:00:18:662;-1.00;0.00;0.00;0.05535;-0.05538;-0.0002364;-0.000119;-89.88;-0.06;100.05;0.21;100.05;0.05535;0.05538;-2.817E-05;-12.569;-12.566;-99.990;0.00;-153.29;
2025-11-20 17:59:00.47;0.00:00:18:720;-1.00;0.00;0.00;0.0555;-0.05553;-0.0002414;-0.0001252;-89.88;-0.06;100.05;0.23;100.05;0.0555;0.05553;-2.781E-05;-12.557;-12.555;-99.990;0.00;-152.58;
2025-11-20 17:59:00.54;0.00:00:18:793;-1.00;0.00;0.00;0.05548;-0.0555;-0.0002676;-0.0001137;-89.86;-0.06;100.04;0.20;100.04;0.05548;0.0555;-2.086E-05;-12.558;-12.557;-99.990;0.00;-156.98;
2025-11-20 17:59:00.59;0.00:00:18:845;-1.00;0.00;0.00;0.0552;-0.05523;-0.0002351;-0.0001219;-89.88;-0.06;100.05;0.22;100.05;0.0552;0.05523;-2.826E-05;-12.580;-12.578;-99.990;0.00;-152.59;
2025-11-20 17:59:00.64;0.00:00:18:895;-1.00;0.00;0.00;0.0554;-0.05543;-0.0002377;-0.0001254;-89.88;-0.06;100.05;0.23;100.05;0.0554;0.05543;-2.748E-05;-12.565;-12.563;-99.990;0.00;-152.19;
2025-11-20 17:59:00.69;0.00:00:18:947;-1.00;0.00;0.00;0.05515;-0.05518;-0.0002638;-0.0001135;-89.86;-0.06;100.04;0.21;100.04;0.05515;0.05518;-2.212E-05;-12.584;-12.583;-99.990;0.00;-156.71;
2025-11-20 17:59:00.75;0.00:00:19:005;-1.00;0.00;0.00;0.05498;-0.055;-0.0002515;-0.0001197;-89.87;-0.06;100.05;0.22;100.05;0.05498;0.055;-2.518E-05;-12.598;-12.596;-99.990;0.00;-154.54;
2025-11-20 17:59:00.82;0.00:00:19:069;-1.00;0.00;0.00;0.05511;-0.05513;-0.0002308;-0.000125;-89.88;-0.06;100.05;0.23;100.05;0.05511;0.05513;-2.607E-05;-12.588;-12.586;-99.990;0.00;-151.56;
2025-11-20 17:59:00.87;0.00:00:19:121;-1.00;0.00;0.00;0.05525;-0.05527;-0.0002582;-0.0001188;-89.87;-0.06;100.05;0.22;100.05;0.05525;0.05527;-2.525E-05;-12.577;-12.575;-99.990;0.00;-155.28;
2025-11-20 17:59:00.91;0.00:00:19:165;-1.00;0.00;0.00;0.05527;-0.05529;-0.0002329;-0.0001327;-89.88;-0.07;100.05;0.24;100.05;0.05527;0.0553;-2.896E-05;-12.575;-12.573;-99.990;0.00;-150.32;
2025-11-20 17:59:00.96;0.00:00:19:213;-1.00;0.00;0.00;0.05558;-0.0556;-0.0002639;-0.0001123;-89.86;-0.06;100.04;0.20;100.04;0.05558;0.0556;-2.034E-05;-12.551;-12.549;-99.990;0.00;-156.94;
2025-11-20 17:59:01.01;0.00:00:19:262;-1.00;0.00;0.00;0.05549;-0.05551;-0.0002589;-0.0001184;-89.87;-0.06;100.04;0.21;100.04;0.05549;0.05551;-2.358E-05;-12.558;-12.556;-99.990;0.00;-155.43;
2025-11-20 17:59:01.07;0.00:00:19:325;-1.00;0.00;0.00;0.05546;-0.05548;-0.000259;-0.0001152;-89.87;-0.06;100.04;0.21;100.04;0.05546;0.05548;-2.108E-05;-12.560;-12.558;-99.990;0.00;-156.03;
2025-11-20 17:59:01.12;0.00:00:19:375;-1.00;0.00;0.00;0.05526;-0.05529;-0.000253;-0.0001186;-89.87;-0.06;100.04;0.21;100.04;0.05526;0.05529;-2.459E-05;-12.576;-12.574;-99.990;0.00;-154.88;
2025-11-20 17:59:01.17;0.00:00:19:427;-1.00;0.00;0.00;0.05523;-0.05526;-0.0002447;-0.0001172;-89.87;-0.06;100.05;0.21;100.05;0.05523;0.05526;-2.535E-05;-12.578;-12.576;-99.990;0.00;-154.42;
2025-11-20 17:59:01.22;0.00:00:19:478;-1.00;0.00;0.00;0.05525;-0.05527;-0.0002419;-0.0001167;-89.87;-0.06;100.04;0.21;100.04;0.05525;0.05527;-2.403E-05;-12.577;-12.575;-99.990;0.00;-154.24;
2025-11-20 17:59:01.28;0.00:00:19:530;-1.00;0.00;0.00;0.05535;-0.05538;-0.0002397;-0.0001249;-89.88;-0.06;100.04;0.23;100.04;0.05535;0.05538;-2.435E-05;-12.569;-12.567;-99.990;0.00;-152.48;
2025-11-20 17:59:01.32;0.00:00:19:577;-1.00;0.00;0.00;0.0553;-0.05533;-0.0002357;-0.0001192;-89.88;-0.06;100.05;0.22;100.05;0.0553;0.05533;-2.588E-05;-12.572;-12.570;-99.990;0.00;-153.17;
2025-11-20 17:59:01.38;0.00:00:19:634;-1.00;0.00;0.00;0.05531;-0.05533;-0.0002573;-0.0001142;-89.87;-0.06;100.04;0.21;100.04;0.05531;0.05533;-2.456E-05;-12.572;-12.570;-99.990;0.00;-156.07;
2025-11-20 17:59:01.43;0.00:00:19:682;-1.00;0.00;0.00;0.05531;-0.05534;-0.0002394;-0.0001198;-89.88;-0.06;100.05;0.22;100.05;0.05531;0.05534;-2.611E-05;-12.572;-12.570;-99.990;0.00;-153.42;
2025-11-20 17:59:01.48;0.00:00:19:736;-1.00;0.00;0.00;0.05533;-0.05535;-0.0002614;-0.0001115;-89.86;-0.06;100.04;0.20;100.04;0.05533;0.05535;-2.473E-05;-12.570;-12.569;-99.990;0.00;-156.91;
2025-11-20 17:59:01.54;0.00:00:19:793;-1.00;0.00;0.00;0.05546;-0.05549;-0.0002352;-0.0001247;-89.88;-0.06;100.05;0.22;100.05;0.05546;0.05549;-2.601E-05;-12.560;-12.558;-99.990;0.00;-152.07;
2025-11-20 17:59:01.59;0.00:00:19:841;-1.00;0.00;0.00;0.05543;-0.05546;-0.0002485;-0.0001189;-89.87;-0.06;100.05;0.21;100.04;0.05543;0.05546;-2.506E-05;-12.562;-12.560;-99.990;0.00;-154.43;
2025-11-20 17:59:01.63;0.00:00:19:888;-1.00;0.00;0.00;0.05538;-0.0554;-0.0002604;-0.0001197;-89.87;-0.06;100.04;0.22;100.04;0.05538;0.0554;-2.437E-05;-12.566;-12.565;-99.990;0.00;-155.31;
2025-11-20 17:59:01.69;0.00:00:19:949;-1.00;0.00;0.00;0.0551;-0.05512;-0.0002525;-0.00012;-89.87;-0.06;100.05;0.22;100.05;0.0551;0.05513;-2.579E-05;-12.589;-12.586;-99.990;0.00;-154.58;
2025-11-20 17:59:01.74;0.00:00:19:995;-1.00;0.00;0.00;0.05517;-0.05519;-0.0002487;-0.0001173;-89.87;-0.06;100.05;0.21;100.04;0.05517;0.05519;-2.488E-05;-12.583;-12.581;-99.990;0.00;-154.76;
2025-11-20 17:59:01.79;0.00:00:20:044;-1.00;0.00;0.00;0.05541;-0.05544;-0.0002325;-0.0001184;-89.88;-0.06;100.05;0.21;100.05;0.05541;0.05544;-2.793E-05;-12.564;-12.562;-99.990;0.00;-153.01;
2025-11-20 17:59:01.83;0.00:00:20:088;-1.00;0.00;0.00;0.0553;-0.05532;-0.0002742;-0.0001161;-89.86;-0.06;100.04;0.21;100.04;0.0553;0.05532;-2.068E-05;-12.573;-12.571;-99.990;0.00;-157.05;
2025-11-20 17:59:01.90;0.00:00:20:153;-1.00;0.00;0.00;0.05535;-0.05538;-0.0002429;-0.0001175;-89.87;-0.06;100.05;0.21;100.05;0.05535;0.05538;-2.508E-05;-12.569;-12.567;-99.990;0.00;-154.18;
2025-11-20 17:59:01.95;0.00:00:20:205;-1.00;0.00;0.00;0.05545;-0.05548;-0.0002562;-0.000114;-89.87;-0.06;100.05;0.21;100.05;0.05545;0.05548;-2.578E-05;-12.561;-12.559;-99.990;0.00;-156.01;
2025-11-20 17:59:02.01;0.00:00:20:261;-1.00;0.00;0.00;0.05537;-0.0554;-0.0002462;-0.000118;-89.87;-0.06;100.05;0.21;100.05;0.05537;0.0554;-2.575E-05;-12.567;-12.565;-99.990;0.00;-154.39;
2025-11-20 17:59:02.05;0.00:00:20:308;-1.00;0.00;0.00;0.05571;-0.05573;-0.0002576;-0.0001153;-89.87;-0.06;100.04;0.21;100.04;0.05571;0.05573;-2.451E-05;-12.541;-12.539;-99.990;0.00;-155.88;
2025-11-20 17:59:02.10;0.00:00:20:354;-1.00;-0.01;0.00;0.05552;-0.05553;-0.0002812;-0.0001028;-89.85;-0.05;100.03;0.19;100.03;0.05552;0.05554;-1.876E-05;-12.556;-12.554;-99.990;0.00;-159.92;
2025-11-20 17:59:02.15;0.00:00:20:401;-1.00;0.00;0.00;0.05532;-0.05535;-0.0002514;-0.0001217;-89.87;-0.06;100.05;0.22;100.05;0.05532;0.05535;-2.644E-05;-12.571;-12.569;-99.990;0.00;-154.18;
2025-11-20 17:59:02.21;0.00:00:20:462;-1.00;0.00;0.00;0.05539;-0.05541;-0.0002651;-0.0001029;-89.86;-0.05;100.03;0.19;100.03;0.05539;0.05541;-1.894E-05;-12.565;-12.564;-99.990;0.00;-158.78;
2025-11-20 17:59:02.26;0.00:00:20:509;-1.00;0.00;0.00;0.05496;-0.05498;-0.0002586;-0.0001209;-89.87;-0.06;100.04;0.22;100.04;0.05496;0.05498;-2.22E-05;-12.600;-12.598;-99.990;0.00;-154.95;
2025-11-20 17:59:02.30;0.00:00:20:556;-1.00;0.00;0.00;0.05495;-0.05498;-0.0002445;-0.0001224;-89.87;-0.06;100.05;0.22;100.05;0.05495;0.05498;-2.649E-05;-12.600;-12.598;-99.990;0.00;-153.41;
2025-11-20 17:59:02.35;0.00:00:20:604;-1.00;0.00;0.00;0.05512;-0.05515;-0.0002318;-0.0001276;-89.88;-0.07;100.05;0.23;100.05;0.05512;0.05515;-2.944E-05;-12.587;-12.584;-99.990;0.00;-151.16;
2025-11-20 17:59:02.40;0.00:00:20:652;-1.00;0.00;0.00;0.05524;-0.05526;-0.0002495;-0.0001188;-89.87;-0.06;100.04;0.22;100.04;0.05524;0.05526;-2.392E-05;-12.578;-12.576;-99.990;0.00;-154.54;
2025-11-20 17:59:02.44;0.00:00:20:698;-1.00;0.00;0.00;0.05525;-0.05527;-0.0002457;-0.0001175;-89.87;-0.06;100.05;0.21;100.04;0.05525;0.05527;-2.492E-05;-12.577;-12.575;-99.990;0.00;-154.44;
2025-11-20 17:59:02.49;0.00:00:20:745;-1.00;0.00;0.00;0.05541;-0.05544;-0.0002356;-0.0001205;-89.88;-0.06;100.05;0.22;100.05;0.05541;0.05544;-2.793E-05;-12.564;-12.562;-99.990;0.00;-152.91;
2025-11-20 17:59:02.54;0.00:00:20:794;-1.00;0.00;0.00;0.05552;-0.05555;-0.0002558;-0.0001143;-89.87;-0.06;100.04;0.21;100.04;0.05552;0.05555;-2.193E-05;-12.555;-12.553;-99.990;0.00;-155.93;
2025-11-20 17:59:02.59;0.00:00:20:841;-1.00;0.00;0.00;0.05529;-0.05531;-0.0002743;-0.0001086;-89.86;-0.06;100.04;0.20;100.04;0.05529;0.05531;-2.062E-05;-12.574;-12.572;-99.990;0.00;-158.39;
2025-11-20 17:59:02.63;0.00:00:20:888;-1.00;0.00;0.00;0.05532;-0.05534;-0.0002389;-0.0001203;-89.88;-0.06;100.05;0.22;100.05;0.05532;0.05534;-2.644E-05;-12.572;-12.569;-99.990;0.00;-153.27;
2025-11-20 17:59:02.68;0.00:00:20:934;-1.00;0.00;0.00;0.05533;-0.05535;-0.0002518;-0.0001184;-89.87;-0.06;100.04;0.21;100.04;0.05533;0.05535;-2.257E-05;-12.571;-12.569;-99.990;0.00;-154.81;
2025-11-20 17:59:02.73;0.00:00:20:982;-1.00;0.00;0.00;0.05553;-0.05555;-0.0002541;-0.0001121;-89.87;-0.06;100.04;0.20;100.04;0.05553;0.05556;-2.321E-05;-12.555;-12.553;-99.990;0.00;-156.20;
2025-11-20 17:59:02.78;0.00:00:21:029;-1.00;0.00;0.00;0.05533;-0.05535;-0.0002668;-0.0001115;-89.86;-0.06;100.04;0.20;100.04;0.05533;0.05535;-2.069E-05;-12.570;-12.569;-99.990;0.00;-157.33;
2025-11-20 17:59:02.82;0.00:00:21:076;-1.00;0.00;0.00;0.05531;-0.05533;-0.0002263;-0.0001264;-89.88;-0.07;100.05;0.23;100.05;0.05531;0.05533;-2.588E-05;-12.572;-12.570;-99.990;0.00;-150.82;
2025-11-20 17:59:02.87;0.00:00:21:124;-1.00;0.00;0.00;0.05529;-0.05531;-0.000269;-0.0001115;-89.86;-0.06;100.04;0.20;100.04;0.05529;0.05531;-2.162E-05;-12.573;-12.572;-99.990;0.00;-157.49;
2025-11-20 17:59:02.92;0.00:00:21:170;-1.00;-0.01;0.00;0.0551;-0.05512;-0.0002772;-0.0001192;-89.86;-0.06;100.04;0.22;100.04;0.0551;0.05512;-2.16E-05;-12.589;-12.587;-99.990;0.00;-156.72;
2025-11-20 17:59:02.98;0.00:00:21:232;-1.00;0.00;0.00;0.05544;-0.05546;-0.0002386;-0.0001222;-89.88;-0.06;100.05;0.22;100.05;0.05544;0.05546;-2.517E-05;-12.562;-12.560;-99.990;0.00;-152.87;
2025-11-20 17:59:03.02;0.00:00:21:279;-1.00;0.00;0.00;0.05533;-0.05535;-0.0002392;-0.0001216;-89.88;-0.06;100.05;0.22;100.05;0.05533;0.05535;-2.678E-05;-12.571;-12.569;-99.990;0.00;-153.05;
2025-11-20 17:59:03.07;0.00:00:21:325;-1.00;0.00;0.00;0.05532;-0.05534;-0.0002519;-0.000101;-89.87;-0.05;100.04;0.18;100.04;0.05532;0.05534;-2.406E-05;-12.571;-12.570;-99.990;0.00;-158.16;
2025-11-20 17:59:03.12;0.00:00:21:372;-1.00;-0.01;0.00;0.05499;-0.05501;-0.000285;-0.0001167;-89.85;-0.06;100.04;0.21;100.04;0.05499;0.05501;-2.046E-05;-12.597;-12.595;-99.990;0.00;-157.73;
2025-11-20 17:59:03.17;0.00:00:21:420;-1.00;0.00;0.00;0.05494;-0.05496;-0.0002339;-0.0001237;-89.88;-0.06;100.05;0.23;100.05;0.05494;0.05496;-2.719E-05;-12.601;-12.599;-99.990;0.00;-152.12;
2025-11-20 17:59:03.21;0.00:00:21:467;-1.00;0.00;0.00;0.05518;-0.05521;-0.0002221;-0.0001297;-89.88;-0.07;100.06;0.24;100.06;0.05518;0.05521;-3.057E-05;-12.582;-12.579;-99.990;0.00;-149.71;
2025-11-20 17:59:03.26;0.00:00:21:512;-1.00;0.00;0.00;0.0556;-0.05563;-0.0002472;-0.0001207;-89.87;-0.06;100.05;0.22;100.05;0.0556;0.05563;-2.58E-05;-12.549;-12.547;-99.990;0.00;-153.97;
2025-11-20 17:59:03.30;0.00:00:21:559;-1.00;0.00;0.00;0.05561;-0.05563;-0.0002512;-0.000118;-89.87;-0.06;100.04;0.21;100.04;0.05561;0.05563;-2.413E-05;-12.549;-12.547;-99.990;0.00;-154.83;
2025-11-20 17:59:03.36;0.00:00:21:610;-1.00;0.00;0.00;0.05549;-0.05552;-0.000244;-0.0001264;-89.87;-0.07;100.05;0.23;100.05;0.05549;0.05552;-2.63E-05;-12.558;-12.556;-99.990;0.00;-152.61;
2025-11-20 17:59:03.41;0.00:00:21:667;-1.00;0.00;0.00;0.05564;-0.05566;-0.0002329;-0.0001196;-89.88;-0.06;100.04;0.21;100.04;0.05564;0.05566;-2.465E-05;-12.546;-12.544;-99.990;0.00;-152.82;
2025-11-20 17:59:03.46;0.00:00:21:714;-1.00;0.00;0.00;0.05559;-0.05561;-0.000269;-0.0001057;-89.86;-0.05;100.04;0.19;100.04;0.05559;0.05561;-2.135E-05;-12.550;-12.548;-99.990;0.00;-158.54;
2025-11-20 17:59:03.51;0.00:00:21:768;-1.00;0.00;0.00;0.05542;-0.05544;-0.0002514;-0.0001101;-89.87;-0.06;100.04;0.20;100.04;0.05542;0.05544;-2.422E-05;-12.563;-12.562;-99.990;0.00;-156.34;
2025-11-20 17:59:03.57;0.00:00:21:823;-1.00;0.00;0.00;0.05554;-0.05556;-0.0002533;-0.0001184;-89.87;-0.06;100.04;0.21;100.04;0.05554;0.05556;-2.427E-05;-12.554;-12.552;-99.990;0.00;-154.95;
2025-11-20 17:59:03.62;0.00:00:21:870;-1.00;0.00;0.00;0.05562;-0.05564;-0.000246;-0.0001198;-89.87;-0.06;100.05;0.22;100.05;0.05562;0.05565;-2.709E-05;-12.548;-12.546;-99.990;0.00;-154.03;
2025-11-20 17:59:03.66;0.00:00:21:917;-1.00;0.00;0.00;0.05537;-0.05539;-0.0002745;-0.0001171;-89.86;-0.06;100.04;0.21;100.04;0.05537;0.05539;-2.254E-05;-12.567;-12.565;-99.990;0.00;-156.89;
2025-11-20 17:59:03.71;0.00:00:21:963;-1.00;0.00;0.00;0.05548;-0.05551;-0.0002197;-0.0001202;-89.89;-0.06;100.05;0.22;100.05;0.05548;0.05551;-2.979E-05;-12.559;-12.556;-99.990;0.00;-151.33;
2025-11-20 17:59:03.76;0.00:00:22:010;-1.00;0.00;0.00;0.05547;-0.0555;-0.0002547;-0.0001148;-89.87;-0.06;100.04;0.21;100.04;0.05547;0.0555;-2.452E-05;-12.559;-12.557;-99.990;0.00;-155.73;
2025-11-20 17:59:03.81;0.00:00:22:063;-1.00;0.00;0.00;0.05529;-0.05531;-0.0002728;-0.0001085;-89.86;-0.06;100.03;0.20;100.03;0.05529;0.05531;-1.808E-05;-12.574;-12.572;-99.990;0.00;-158.31;
2025-11-20 17:59:03.87;0.00:00:22:121;-1.00;0.00;0.00;0.05527;-0.05529;-0.0002423;-0.0001218;-89.87;-0.06;100.04;0.22;100.04;0.05527;0.05529;-2.476E-05;-12.575;-12.573;-99.990;0.00;-153.31;
2025-11-20 17:59:03.91;0.00:00:22:168;-1.00;0.00;0.00;0.0554;-0.05543;-0.0002425;-0.0001209;-89.87;-0.06;100.05;0.22;100.05;0.0554;0.05543;-2.676E-05;-12.565;-12.563;-99.990;0.00;-153.51;
2025-11-20 17:59:03.96;0.00:00:22:216;-1.00;0.00;0.00;0.05549;-0.05551;-0.0002482;-0.0001137;-89.87;-0.06;100.04;0.20;100.04;0.05549;0.05551;-2.314E-05;-12.558;-12.556;-99.990;0.00;-155.39;
2025-11-20 17:59:04.01;0.00:00:22:262;-1.00;0.00;0.00;0.05553;-0.05556;-0.0002475;-0.0001139;-89.87;-0.06;100.04;0.21;100.04;0.05553;0.05556;-2.493E-05;-12.555;-12.553;-99.990;0.00;-155.30;
2025-11-20 17:59:04.06;0.00:00:22:310;-1.00;0.00;0.00;0.05529;-0.05532;-0.0002427;-0.0001208;-89.87;-0.06;100.05;0.22;100.05;0.05529;0.05532;-2.881E-05;-12.574;-12.571;-99.990;0.00;-153.53;
2025-11-20 17:59:04.12;0.00:00:22:375;-1.00;0.00;0.00;0.05539;-0.05542;-0.0002467;-0.0001205;-89.87;-0.06;100.05;0.22;100.05;0.05539;0.05542;-2.62E-05;-12.565;-12.563;-99.990;0.00;-153.96;
2025-11-20 17:59:04.18;0.00:00:22:435;-1.00;0.00;0.00;0.05561;-0.05563;-0.0002548;-0.00012;-89.87;-0.06;100.04;0.22;100.04;0.05561;0.05564;-2.464E-05;-12.548;-12.546;-99.990;0.00;-154.78;
2025-11-20 17:59:04.23;0.00:00:22:480;-1.00;0.00;0.00;0.05558;-0.0556;-0.0002553;-0.0001219;-89.87;-0.06;100.04;0.22;100.04;0.05558;0.0556;-2.395E-05;-12.551;-12.549;-99.990;0.00;-154.48;
2025-11-20 17:59:04.28;0.00:00:22:534;-1.00;0.00;0.00;0.05552;-0.05554;-0.000259;-0.0001168;-89.87;-0.06;100.04;0.21;100.04;0.05552;0.05554;-2.387E-05;-12.556;-12.554;-99.990;0.00;-155.72;
2025-11-20 17:59:04.34;0.00:00:22:589;-1.00;0.00;0.00;0.05525;-0.05528;-0.0002376;-0.0001218;-89.88;-0.06;100.05;0.22;100.05;0.05525;0.05528;-2.602E-05;-12.576;-12.574;-99.990;0.00;-152.87;
2025-11-20 17:59:04.38;0.00:00:22:636;-1.00;0.00;0.00;0.05529;-0.05531;-0.0002607;-0.0001126;-89.86;-0.06;100.04;0.20;100.04;0.05529;0.05531;-2.234E-05;-12.574;-12.572;-99.990;0.00;-156.64;
2025-11-20 17:59:04.43;0.00:00:22:683;-1.00;0.00;0.00;0.05517;-0.05519;-0.0002481;-0.0001158;-89.87;-0.06;100.04;0.21;100.04;0.05517;0.05519;-2.279E-05;-12.583;-12.581;-99.990;0.00;-154.98;
2025-11-20 17:59:04.48;0.00:00:22:730;-1.00;0.00;0.00;0.05522;-0.05525;-0.0002404;-0.0001175;-89.88;-0.06;100.05;0.21;100.05;0.05522;0.05525;-2.629E-05;-12.579;-12.577;-99.990;0.00;-153.95;
2025-11-20 17:59:04.52;0.00:00:22:777;-1.00;0.00;0.00;0.05527;-0.05529;-0.0002465;-0.000119;-89.87;-0.06;100.05;0.22;100.05;0.05527;0.05529;-2.78E-05;-12.575;-12.573;-99.990;0.00;-154.24;
2025-11-20 17:59:04.57;0.00:00:22:824;-1.00;0.00;0.00;0.05526;-0.05528;-0.0002527;-0.0001113;-89.87;-0.06;100.04;0.20;100.04;0.05526;0.05528;-2.475E-05;-12.576;-12.574;-99.990;0.00;-156.23;
2025-11-20 17:59:04.62;0.00:00:22:872;-1.00;0.00;0.00;0.05527;-0.0553;-0.0002454;-0.0001307;-89.87;-0.07;100.05;0.24;100.05;0.05527;0.0553;-2.874E-05;-12.575;-12.573;-99.990;0.00;-151.96;
2025-11-20 17:59:04.66;0.00:00:22:918;-1.00;0.00;0.00;0.05563;-0.05566;-0.0002367;-0.0001161;-89.88;-0.06;100.05;0.21;100.05;0.05563;0.05566;-2.542E-05;-12.547;-12.545;-99.990;0.00;-153.87;
2025-11-20 17:59:04.72;0.00:00:22:969;-1.00;0.00;0.00;0.05573;-0.05576;-0.0002396;-0.0001167;-89.88;-0.06;100.04;0.21;100.04;0.05573;0.05576;-2.469E-05;-12.539;-12.537;-99.990;0.00;-154.03;
2025-11-20 17:59:04.77;0.00:00:23:026;-1.00;0.00;0.00;0.05549;-0.05551;-0.0002684;-0.0001152;-89.86;-0.06;100.04;0.21;100.04;0.05549;0.05551;-2.125E-05;-12.558;-12.556;-99.990;0.00;-156.77;
2025-11-20 17:59:04.82;0.00:00:23:072;-1.00;0.00;0.00;0.05528;-0.0553;-0.0002741;-0.0001126;-89.86;-0.06;100.04;0.20;100.04;0.05528;0.0553;-2.167E-05;-12.574;-12.573;-99.990;0.00;-157.67;
2025-11-20 17:59:04.87;0.00:00:23:119;-1.00;0.00;0.00;0.05519;-0.05522;-0.0002464;-0.0001239;-89.87;-0.06;100.05;0.22;100.05;0.05519;0.05522;-2.738E-05;-12.581;-12.579;-99.990;0.00;-153.30;
2025-11-20 17:59:04.91;0.00:00:23:165;-1.00;0.00;0.00;0.05539;-0.05543;-0.0002143;-0.0001312;-89.89;-0.07;100.06;0.24;100.06;0.05539;0.05543;-3.401E-05;-12.566;-12.563;-99.990;0.00;-148.52;
2025-11-20 17:59:04.96;0.00:00:23:212;-1.00;-0.01;0.00;0.05517;-0.05519;-0.0002786;-0.0001179;-89.86;-0.06;100.04;0.21;100.04;0.05517;0.05519;-2.262E-05;-12.583;-12.581;-99.990;0.00;-157.06;
2025-11-20 17:59:05.01;0.00:00:23:259;-1.00;0.00;0.00;0.05514;-0.05516;-0.000244;-0.0001126;-89.87;-0.06;100.05;0.20;100.05;0.05514;0.05516;-2.652E-05;-12.586;-12.584;-99.990;0.00;-155.23;
2025-11-20 17:59:05.05;0.00:00:23:304;-1.00;0.00;0.00;0.05518;-0.05521;-0.000226;-0.0001328;-89.88;-0.07;100.05;0.24;100.05;0.05518;0.05521;-3.019E-05;-12.582;-12.580;-99.990;0.00;-149.56;
2025-11-20 17:59:05.10;0.00:00:23:352;-1.00;0.00;0.00;0.05545;-0.05547;-0.0002515;-0.0001204;-89.87;-0.06;100.04;0.22;100.04;0.05545;0.05547;-2.362E-05;-12.561;-12.559;-99.990;0.00;-154.42;
2025-11-20 17:59:05.14;0.00:00:23:398;-1.00;0.00;0.00;0.05547;-0.05549;-0.0002489;-0.0001118;-89.87;-0.06;100.05;0.20;100.04;0.05547;0.05549;-2.502E-05;-12.560;-12.558;-99.990;0.00;-155.80;
2025-11-20 17:59:05.19;0.00:00:23:446;-1.00;0.00;0.00;0.05536;-0.05539;-0.0002476;-0.0001158;-89.87;-0.06;100.04;0.21;100.04;0.05536;0.05539;-2.381E-05;-12.568;-12.566;-99.990;0.00;-154.94;
2025-11-20 17:59:05.24;0.00:00:23:494;-1.00;0.00;0.00;0.05532;-0.05535;-0.0002553;-0.0001186;-89.87;-0.06;100.04;0.21;100.04;0.05532;0.05535;-2.456E-05;-12.571;-12.569;-99.990;0.00;-155.09;
2025-11-20 17:59:05.29;0.00:00:23:540;-1.00;0.00;0.00;0.05535;-0.05537;-0.0002482;-0.0001199;-89.87;-0.06;100.04;0.22;100.04;0.05535;0.05537;-2.341E-05;-12.569;-12.567;-99.990;0.00;-154.21;
2025-11-20 17:59:05.33;0.00:00:23:587;-1.00;0.00;0.00;0.05539;-0.05542;-0.0002435;-0.0001213;-89.87;-0.06;100.05;0.22;100.05;0.05539;0.05542;-2.559E-05;-12.565;-12.563;-99.990;0.00;-153.52;
2025-11-20 17:59:05.38;0.00:00:23:636;-1.00;0.00;0.00;0.05543;-0.05545;-0.000247;-0.0001173;-89.87;-0.06;100.05;0.21;100.04;0.05543;0.05545;-2.5E-05;-12.563;-12.561;-99.990;0.00;-154.61;
2025-11-20 17:59:05.43;0.00:00:23:683;-1.00;0.00;0.00;0.05521;-0.05523;-0.0002653;-0.0001114;-89.86;-0.06;100.04;0.20;100.04;0.05521;0.05523;-2.396E-05;-12.580;-12.578;-99.990;0.00;-157.22;
2025-11-20 17:59:05.48;0.00:00:23:735;-1.00;0.00;0.00;0.05511;-0.05514;-0.0002447;-0.0001153;-89.87;-0.06;100.05;0.21;100.05;0.05511;0.05514;-2.612E-05;-12.588;-12.585;-99.990;0.00;-154.77;
2025-11-20 17:59:05.54;0.00:00:23:793;-1.00;0.00;0.00;0.05522;-0.05525;-0.00024;-0.0001223;-89.88;-0.06;100.05;0.22;100.05;0.05522;0.05525;-2.778E-05;-12.579;-12.577;-99.990;0.00;-153.00;
2025-11-20 17:59:05.59;0.00:00:23:845;-1.00;0.00;0.00;0.05521;-0.05524;-0.0002485;-0.0001177;-89.87;-0.06;100.05;0.21;100.05;0.05521;0.05524;-2.6E-05;-12.580;-12.578;-99.990;0.00;-154.66;
2025-11-20 17:59:05.64;0.00:00:23:896;-1.00;0.00;0.00;0.05526;-0.05528;-0.0002441;-0.0001185;-89.87;-0.06;100.05;0.21;100.04;0.05526;0.05528;-2.492E-05;-12.576;-12.574;-99.990;0.00;-154.11;
2025-11-20 17:59:05.69;0.00:00:23:945;-1.00;0.00;0.00;0.05547;-0.0555;-0.0002565;-0.0001095;-89.87;-0.06;100.04;0.20;100.04;0.05547;0.0555;-2.408E-05;-12.559;-12.557;-99.990;0.00;-156.88;
2025-11-20 17:59:05.75;0.00:00:24:007;-1.00;0.00;0.00;0.05528;-0.0553;-0.000269;-0.0001133;-89.86;-0.06;100.04;0.20;100.04;0.05528;0.0553;-2.123E-05;-12.574;-12.573;-99.990;0.00;-157.16;
2025-11-20 17:59:05.80;0.00:00:24:058;-1.00;0.00;0.00;0.05523;-0.05525;-0.0002615;-0.0001134;-89.86;-0.06;100.04;0.21;100.04;0.05523;0.05525;-2.126E-05;-12.578;-12.577;-99.990;0.00;-156.56;
2025-11-20 17:59:05.86;0.00:00:24:109;-1.00;0.00;0.00;0.05513;-0.05515;-0.0002555;-0.0001187;-89.87;-0.06;100.04;0.22;100.04;0.05513;0.05515;-2.139E-05;-12.586;-12.585;-99.990;0.00;-155.08;
2025-11-20 17:59:05.91;0.00:00:24:160;-1.00;0.00;0.00;0.05513;-0.05515;-0.0002435;-0.0001153;-89.87;-0.06;100.05;0.21;100.05;0.05513;0.05516;-2.646E-05;-12.586;-12.584;-99.990;0.00;-154.65;
2025-11-20 17:59:05.96;0.00:00:24:210;-1.00;0.00;0.00;0.05513;-0.05516;-0.0002531;-0.0001191;-89.87;-0.06;100.05;0.22;100.04;0.05513;0.05516;-2.492E-05;-12.586;-12.584;-99.990;0.00;-154.80;
2025-11-20 17:59:06.01;0.00:00:24:263;-1.00;0.00;0.00;0.05548;-0.05551;-0.0002361;-0.0001296;-89.88;-0.07;100.05;0.23;100.05;0.05548;0.05551;-2.757E-05;-12.558;-12.556;-99.990;0.00;-151.23;
2025-11-20 17:59:06.07;0.00:00:24:323;-1.00;0.00;0.00;0.05583;-0.05585;-0.0002521;-0.0001164;-89.87;-0.06;100.04;0.21;100.04;0.05583;0.05585;-2.233E-05;-12.531;-12.530;-99.990;0.00;-155.21;
2025-11-20 17:59:06.12;0.00:00:24:374;-1.00;0.00;0.00;0.0557;-0.05572;-0.0002675;-0.000114;-89.86;-0.06;100.03;0.20;100.03;0.0557;0.05572;-1.894E-05;-12.542;-12.540;-99.990;0.00;-156.91;
2025-11-20 17:59:06.18;0.00:00:24:437;-1.00;0.00;0.00;0.05557;-0.0556;-0.0002492;-0.0001255;-89.87;-0.06;100.05;0.23;100.05;0.05557;0.0556;-2.69E-05;-12.552;-12.549;-99.990;0.00;-153.27;
2025-11-20 17:59:06.23;0.00:00:24:486;-1.00;0.00;0.00;0.05532;-0.05534;-0.0002641;-0.0001189;-89.86;-0.06;100.04;0.21;100.04;0.05532;0.05534;-2.329E-05;-12.571;-12.570;-99.990;0.00;-155.76;
2025-11-20 17:59:06.28;0.00:00:24:538;-1.00;0.00;0.00;0.05529;-0.05532;-0.0002533;-0.00012;-89.87;-0.06;100.04;0.22;100.04;0.05529;0.05532;-2.438E-05;-12.573;-12.571;-99.990;0.00;-154.65;
2025-11-20 17:59:06.34;0.00:00:24:591;-1.00;0.00;0.00;0.05531;-0.05534;-0.0002494;-0.0001164;-89.87;-0.06;100.04;0.21;100.04;0.05531;0.05534;-2.329E-05;-12.572;-12.570;-99.990;0.00;-154.97;
2025-11-20 17:59:06.39;0.00:00:24:641;-1.00;0.00;0.00;0.05532;-0.05535;-0.0002417;-0.0001277;-89.87;-0.07;100.05;0.23;100.05;0.05532;0.05535;-2.611E-05;-12.571;-12.569;-99.990;0.00;-152.15;
2025-11-20 17:59:06.45;0.00:00:24:703;-1.00;0.00;0.00;0.0554;-0.05543;-0.0002501;-0.0001178;-89.87;-0.06;100.05;0.21;100.05;0.0554;0.05543;-2.709E-05;-12.565;-12.563;-99.990;0.00;-154.79;
2025-11-20 17:59:06.51;0.00:00:24:763;-1.00;0.00;0.00;0.05539;-0.05541;-0.0002685;-0.0001175;-89.86;-0.06;100.04;0.21;100.04;0.05539;0.05541;-2.243E-05;-12.566;-12.564;-99.990;0.00;-156.36;
2025-11-20 17:59:06.56;0.00:00:24:817;-1.00;0.00;0.00;0.05539;-0.05542;-0.0002463;-0.0001187;-89.87;-0.06;100.05;0.21;100.05;0.05539;0.05542;-2.725E-05;-12.565;-12.563;-99.990;0.00;-154.28;
2025-11-20 17:59:06.61;0.00:00:24:866;-1.00;0.00;0.00;0.05549;-0.05551;-0.0002423;-0.0001208;-89.87;-0.06;100.05;0.22;100.05;0.05549;0.05551;-2.591E-05;-12.558;-12.556;-99.990;0.00;-153.51;
2025-11-20 17:59:06.66;0.00:00:24:915;-1.00;0.00;0.00;0.0555;-0.05553;-0.000253;-0.0001193;-89.87;-0.06;100.05;0.21;100.05;0.0555;0.05553;-2.531E-05;-12.557;-12.555;-99.990;0.00;-154.76;
2025-11-20 17:59:06.71;0.00:00:24:968;-1.00;0.00;0.00;0.05547;-0.05549;-0.0002527;-0.0001169;-89.87;-0.06;100.04;0.21;100.04;0.05547;0.0555;-2.485E-05;-12.559;-12.557;-99.990;0.00;-155.18;
2025-11-20 17:59:06.77;0.00:00:25:020;-1.00;0.00;0.00;0.05551;-0.05553;-0.0002424;-0.0001226;-89.87;-0.06;100.05;0.22;100.05;0.05551;0.05553;-2.659E-05;-12.556;-12.554;-99.990;0.00;-153.18;
2025-11-20 17:59:06.81;0.00:00:25:067;-1.00;0.00;0.00;0.05561;-0.05563;-0.0002569;-0.0001173;-89.87;-0.06;100.04;0.21;100.04;0.05561;0.05563;-2.28E-05;-12.549;-12.547;-99.990;0.00;-155.47;
2025-11-20 17:59:06.87;0.00:00:25:119;-1.00;0.00;0.00;0.05532;-0.05534;-0.0002698;-0.000115;-89.86;-0.06;100.04;0.21;100.04;0.05532;0.05534;-2.124E-05;-12.571;-12.569;-99.990;0.00;-156.91;
2025-11-20 17:59:06.91;0.00:00:25:169;-1.00;0.00;0.00;0.05516;-0.05518;-0.0002673;-0.0001146;-89.86;-0.06;100.04;0.21;100.04;0.05516;0.05518;-2.284E-05;-12.584;-12.582;-99.990;0.00;-156.80;
2025-11-20 17:59:06.97;0.00:00:25:226;-1.00;0.00;0.00;0.05514;-0.05516;-0.0002401;-0.0001217;-89.88;-0.06;100.05;0.22;100.05;0.05514;0.05516;-2.509E-05;-12.585;-12.583;-99.990;0.00;-153.12;
2025-11-20 17:59:07.02;0.00:00:25:270;-1.00;0.00;0.00;0.05515;-0.05517;-0.0002576;-0.0001159;-89.87;-0.06;100.04;0.21;100.04;0.05515;0.05517;-2.289E-05;-12.585;-12.583;-99.990;0.00;-155.77;
2025-11-20 17:59:07.07;0.00:00:25:319;-1.00;0.00;0.00;0.05503;-0.05506;-0.0002605;-0.0001194;-89.86;-0.06;100.04;0.22;100.04;0.05503;0.05506;-2.355E-05;-12.594;-12.592;-99.990;0.00;-155.37;
2025-11-20 17:59:07.11;0.00:00:25:363;-1.00;0.00;0.00;0.05513;-0.05515;-0.0002294;-0.0001229;-89.88;-0.06;100.05;0.22;100.05;0.05513;0.05515;-2.685E-05;-12.586;-12.584;-99.990;0.00;-151.82;
2025-11-20 17:59:07.16;0.00:00:25:411;-1.00;0.00;0.00;0.05535;-0.05538;-0.0002322;-0.0001328;-89.88;-0.07;100.05;0.24;100.05;0.05535;0.05538;-2.795E-05;-12.568;-12.566;-99.990;0.00;-150.24;
2025-11-20 17:59:07.20;0.00:00:25:456;-1.00;0.00;0.00;0.05549;-0.05551;-0.0002527;-0.0001222;-89.87;-0.06;100.04;0.22;100.04;0.05549;0.05551;-2.442E-05;-12.558;-12.556;-99.990;0.00;-154.20;
2025-11-20 17:59:07.25;0.00:00:25:506;-1.00;0.00;0.00;0.05554;-0.05557;-0.0002419;-0.0001249;-89.88;-0.06;100.05;0.22;100.05;0.05554;0.05557;-2.76E-05;-12.554;-12.552;-99.990;0.00;-152.68;
2025-11-20 17:59:07.31;0.00:00:25:568;-1.00;0.00;0.00;0.05572;-0.05574;-0.0002371;-0.0001175;-89.88;-0.06;100.05;0.21;100.05;0.05572;0.05574;-2.713E-05;-12.540;-12.538;-99.990;0.00;-153.64;
2025-11-20 17:59:07.37;0.00:00:25:620;-1.00;0.00;0.00;0.05582;-0.05585;-0.0002441;-0.0001217;-89.87;-0.06;100.04;0.22;100.04;0.05582;0.05585;-2.166E-05;-12.532;-12.530;-99.990;0.00;-153.50;
2025-11-20 17:59:07.42;0.00:00:25:670;-1.00;0.00;0.00;0.05561;-0.05564;-0.0002738;-0.0001171;-89.86;-0.06;100.04;0.21;100.04;0.05561;0.05564;-2.108E-05;-12.548;-12.546;-99.990;0.00;-156.84;
2025-11-20 17:59:07.47;0.00:00:25:721;-1.00;0.00;0.00;0.05542;-0.05544;-0.0002574;-0.0001162;-89.87;-0.06;100.04;0.21;100.04;0.05542;0.05544;-2.178E-05;-12.563;-12.562;-99.990;0.00;-155.70;
2025-11-20 17:59:07.53;0.00:00:25:782;-1.00;0.00;0.00;0.05542;-0.05544;-0.000255;-0.0001221;-89.87;-0.06;100.05;0.22;100.05;0.05542;0.05544;-2.522E-05;-12.563;-12.561;-99.990;0.00;-154.41;
2025-11-20 17:59:07.59;0.00:00:25:845;-1.00;0.00;0.00;0.05536;-0.05538;-0.000265;-0.0001176;-89.86;-0.06;100.04;0.21;100.04;0.05536;0.05538;-2.01E-05;-12.568;-12.567;-99.990;0.00;-156.06;
2025-11-20 17:59:07.64;0.00:00:25:897;-1.00;0.00;0.00;0.05513;-0.05515;-0.0002517;-0.0001219;-89.87;-0.06;100.04;0.22;100.04;0.05513;0.05516;-2.26E-05;-12.586;-12.584;-99.990;0.00;-154.15;
2025-11-20 17:59:07.69;0.00:00:25:948;-1.00;0.00;0.00;0.05526;-0.05529;-0.0002409;-0.0001246;-89.88;-0.06;100.05;0.23;100.05;0.05526;0.05529;-2.829E-05;-12.576;-12.573;-99.990;0.00;-152.66;
2025-11-20 17:59:07.75;0.00:00:26:009;-1.00;0.00;0.00;0.05536;-0.05539;-0.0002457;-0.0001215;-89.87;-0.06;100.05;0.22;100.05;0.05536;0.05539;-2.729E-05;-12.568;-12.566;-99.990;0.00;-153.70;
2025-11-20 17:59:07.81;0.00:00:26:060;-1.00;0.00;0.00;0.05527;-0.05529;-0.0002718;-0.0001117;-89.86;-0.06;100.04;0.20;100.04;0.05527;0.05529;-1.995E-05;-12.575;-12.573;-99.990;0.00;-157.65;
2025-11-20 17:59:07.86;0.00:00:26:109;-1.00;0.00;0.00;0.05522;-0.05525;-0.0002315;-0.000126;-89.88;-0.07;100.05;0.23;100.05;0.05522;0.05525;-2.629E-05;-12.579;-12.577;-99.990;0.00;-151.45;
2025-11-20 17:59:07.91;0.00:00:26:160;-1.00;0.00;0.00;0.05533;-0.05535;-0.0002625;-0.0001104;-89.86;-0.06;100.04;0.20;100.04;0.05533;0.05535;-2.257E-05;-12.571;-12.569;-99.990;0.00;-157.19;
2025-11-20 17:59:07.96;0.00:00:26:211;-1.00;0.00;0.00;0.0552;-0.05522;-0.0002588;-0.0001138;-89.87;-0.06;100.04;0.21;100.04;0.0552;0.05522;-2.352E-05;-12.581;-12.579;-99.990;0.00;-156.26;
2025-11-20 17:59:08.01;0.00:00:26:264;-1.00;0.00;0.00;0.05514;-0.05517;-0.0002506;-0.0001239;-89.87;-0.06;100.05;0.22;100.05;0.05514;0.05517;-2.619E-05;-12.585;-12.583;-99.990;0.00;-153.69;
2025-11-20 17:59:08.06;0.00:00:26:313;-1.00;0.00;0.00;0.05528;-0.05531;-0.0002299;-0.0001224;-89.88;-0.06;100.05;0.22;100.05;0.05528;0.05531;-2.726E-05;-12.574;-12.572;-99.990;0.00;-151.97;
2025-11-20 17:59:08.11;0.00:00:26:364;-1.00;0.00;0.00;0.05563;-0.05566;-0.0002529;-0.0001222;-89.87;-0.06;100.05;0.22;100.05;0.05563;0.05566;-2.943E-05;-12.547;-12.545;-99.990;0.00;-154.21;
2025-11-20 17:59:08.16;0.00:00:26:415;-1.00;0.00;0.00;0.05524;-0.05526;-0.0002601;-0.0001178;-89.87;-0.06;100.04;0.21;100.04;0.05524;0.05526;-2.403E-05;-12.578;-12.576;-99.990;0.00;-155.63;
2025-11-20 17:59:08.21;0.00:00:26:465;-1.00;0.00;0.00;0.05515;-0.05517;-0.0002667;-0.0001188;-89.86;-0.06;100.04;0.22;100.04;0.05515;0.05517;-2.278E-05;-12.585;-12.583;-99.990;0.00;-155.99;
2025-11-20 17:59:08.27;0.00:00:26:526;-1.00;0.00;0.00;0.05511;-0.05514;-0.0002426;-0.0001183;-89.87;-0.06;100.05;0.21;100.05;0.05511;0.05514;-2.508E-05;-12.587;-12.585;-99.990;0.00;-154.00;
2025-11-20 17:59:08.32;0.00:00:26:578;-1.00;0.00;0.00;0.05504;-0.05507;-0.0002577;-0.0001196;-89.87;-0.06;100.04;0.22;100.04;0.05504;0.05507;-2.24E-05;-12.593;-12.591;-99.990;0.00;-155.11;
2025-11-20 17:59:08.38;0.00:00:26:630;-1.00;0.00;0.00;0.05511;-0.05514;-0.0002352;-0.0001235;-89.88;-0.06;100.05;0.22;100.05;0.05511;0.05514;-2.75E-05;-12.587;-12.585;-99.990;0.00;-152.29;
2025-11-20 17:59:08.43;0.00:00:26:682;-1.00;0.00;0.00;0.05517;-0.0552;-0.0002448;-0.0001267;-89.87;-0.07;100.05;0.23;100.05;0.05517;0.0552;-2.532E-05;-12.583;-12.581;-99.990;0.00;-152.63;
2025-11-20 17:59:08.49;0.00:00:26:744;-1.00;0.00;0.00;0.05528;-0.05531;-0.0002508;-0.0001175;-89.87;-0.06;100.05;0.21;100.05;0.05528;0.05531;-2.593E-05;-12.574;-12.572;-99.990;0.00;-154.90;
2025-11-20 17:59:08.54;0.00:00:26:794;-1.00;0.00;0.00;0.05538;-0.05541;-0.0002412;-0.0001268;-89.88;-0.07;100.05;0.23;100.05;0.05538;0.05541;-2.664E-05;-12.566;-12.564;-99.990;0.00;-152.26;
2025-11-20 17:59:08.59;0.00:00:26:845;-1.00;0.00;0.00;0.05553;-0.05555;-0.0002338;-0.0001223;-89.88;-0.06;100.05;0.22;100.05;0.05553;0.05555;-2.66E-05;-12.555;-12.553;-99.990;0.00;-152.39;
2025-11-20 17:59:08.65;0.00:00:26:900;-1.00;0.00;0.00;0.0554;-0.05542;-0.0002666;-0.0001133;-89.86;-0.06;100.04;0.20;100.04;0.0554;0.05543;-2.111E-05;-12.565;-12.563;-99.990;0.00;-156.98;
2025-11-20 17:59:08.70;0.00:00:26:958;-1.00;0.00;0.00;0.05523;-0.05525;-0.000257;-0.0001188;-89.87;-0.06;100.04;0.22;100.04;0.05523;0.05526;-2.414E-05;-12.578;-12.576;-99.990;0.00;-155.19;
2025-11-20 17:59:08.76;0.00:00:27:010;-1.00;0.00;0.00;0.05536;-0.05539;-0.0002248;-0.0001257;-89.88;-0.07;100.05;0.23;100.05;0.05536;0.05539;-3.001E-05;-12.568;-12.565;-99.990;0.00;-150.78;
2025-11-20 17:59:08.81;0.00:00:27:060;-1.00;0.00;0.00;0.05575;-0.05577;-0.0002712;-0.0001066;-89.86;-0.05;100.04;0.19;100.04;0.05575;0.05577;-2.001E-05;-12.538;-12.536;-99.990;0.00;-158.53;
2025-11-20 17:59:08.86;0.00:00:27:112;-1.00;-0.01;0.00;0.05541;-0.05543;-0.0002795;-0.000112;-89.86;-0.06;100.04;0.20;100.04;0.05541;0.05543;-1.967E-05;-12.564;-12.563;-99.990;0.00;-158.17;
2025-11-20 17:59:08.91;0.00:00:27:163;-1.00;0.00;0.00;0.05533;-0.05535;-0.0002518;-0.0001181;-89.87;-0.06;100.04;0.21;100.04;0.05533;0.05535;-2.285E-05;-12.570;-12.568;-99.990;0.00;-154.88;
2025-11-20 17:59:08.96;0.00:00:27:216;-1.00;0.00;0.00;0.05535;-0.05537;-0.0002438;-0.0001196;-89.87;-0.06;100.05;0.22;100.05;0.05535;0.05537;-2.662E-05;-12.569;-12.567;-99.990;0.00;-153.88;
2025-11-20 17:59:09.01;0.00:00:27:266;-1.00;0.00;0.00;0.05521;-0.05524;-0.0002383;-0.0001181;-89.88;-0.06;100.05;0.21;100.05;0.05521;0.05524;-2.573E-05;-12.580;-12.578;-99.990;0.00;-153.64;
2025-11-20 17:59:09.07;0.00:00:27:327;-1.00;0.00;0.00;0.05552;-0.05554;-0.0002327;-0.0001288;-89.88;-0.07;100.05;0.23;100.05;0.05552;0.05555;-3.02E-05;-12.556;-12.554;-99.990;0.00;-151.03;
2025-11-20 17:59:09.13;0.00:00:27:380;-1.00;0.00;0.00;0.05553;-0.05555;-0.0002677;-0.0001118;-89.86;-0.06;100.04;0.20;100.04;0.05553;0.05555;-2.099E-05;-12.555;-12.553;-99.990;0.00;-157.33;
2025-11-20 17:59:09.17;0.00:00:27:426;-1.00;0.00;0.00;0.05534;-0.05536;-0.0002625;-0.0001125;-89.86;-0.06;100.04;0.20;100.04;0.05534;0.05537;-2.241E-05;-12.569;-12.568;-99.990;0.00;-156.80;
2025-11-20 17:59:09.22;0.00:00:27:476;-1.00;0.00;0.00;0.05535;-0.05537;-0.0002322;-0.0001212;-89.88;-0.06;100.05;0.22;100.05;0.05535;0.05537;-2.513E-05;-12.569;-12.567;-99.990;0.00;-152.42;
2025-11-20 17:59:09.28;0.00:00:27:529;-1.00;0.00;0.00;0.05572;-0.05575;-0.0002369;-0.0001266;-89.88;-0.07;100.05;0.23;100.05;0.05572;0.05575;-2.859E-05;-12.540;-12.537;-99.990;0.00;-151.88;
2025-11-20 17:59:09.33;0.00:00:27:584;-1.00;0.00;0.00;0.05583;-0.05585;-0.0002395;-0.0001199;-89.88;-0.06;100.05;0.21;100.05;0.05583;0.05585;-2.674E-05;-12.532;-12.530;-99.990;0.00;-153.42;
2025-11-20 17:59:09.38;0.00:00:27:634;-1.00;0.00;0.00;0.05542;-0.05544;-0.0002581;-0.000119;-89.87;-0.06;100.04;0.21;100.04;0.05542;0.05544;-2.494E-05;-12.563;-12.562;-99.990;0.00;-155.24;
2025-11-20 17:59:09.43;0.00:00:27:684;-1.00;0.00;0.00;0.05544;-0.05547;-0.000247;-0.000125;-89.87;-0.06;100.05;0.23;100.05;0.05544;0.05547;-2.7E-05;-12.562;-12.560;-99.990;0.00;-153.16;
2025-11-20 17:59:09.48;0.00:00:27:731;-1.00;0.00;0.00;0.0557;-0.05572;-0.0002351;-0.000127;-89.88;-0.07;100.05;0.23;100.05;0.0557;0.05572;-2.623E-05;-12.542;-12.540;-99.990;0.00;-151.61;
2025-11-20 17:59:09.54;0.00:00:27:793;-1.00;-0.01;0.00;0.05561;-0.05563;-0.0002799;-0.000103;-89.86;-0.05;100.04;0.19;100.04;0.05561;0.05563;-2.08E-05;-12.548;-12.547;-99.990;0.00;-159.79;
2025-11-20 17:59:09.59;0.00:00:27:840;-1.00;0.00;0.00;0.05536;-0.05538;-0.0002559;-0.0001077;-89.87;-0.06;100.04;0.19;100.04;0.05536;0.05538;-2.275E-05;-12.568;-12.566;-99.990;0.00;-157.17;
2025-11-20 17:59:09.63;0.00:00:27:887;-1.00;0.00;0.00;0.05531;-0.05533;-0.000236;-0.000129;-89.88;-0.07;100.05;0.23;100.05;0.05531;0.05533;-2.71E-05;-12.572;-12.570;-99.990;0.00;-151.33;
2025-11-20 17:59:09.68;0.00:00:27:933;-1.00;0.00;0.00;0.05538;-0.0554;-0.0002475;-0.0001251;-89.87;-0.06;100.05;0.23;100.05;0.05538;0.0554;-2.763E-05;-12.567;-12.565;-99.990;0.00;-153.19;
2025-11-20 17:59:09.73;0.00:00:27:979;-1.00;0.00;0.00;0.05551;-0.05554;-0.000249;-0.0001167;-89.87;-0.06;100.05;0.21;100.05;0.05551;0.05554;-2.77E-05;-12.556;-12.554;-99.990;0.00;-154.88;
2025-11-20 17:59:09.77;0.00:00:28:027;-1.00;0.00;0.00;0.05561;-0.05564;-0.0002416;-0.0001133;-89.88;-0.06;100.05;0.20;100.05;0.05561;0.05564;-2.68E-05;-12.548;-12.546;-99.990;0.00;-154.88;
2025-11-20 17:59:09.82;0.00:00:28:073;-1.00;0.00;0.00;0.05555;-0.05557;-0.0002598;-0.000112;-89.87;-0.06;100.04;0.20;100.04;0.05555;0.05557;-2.239E-05;-12.553;-12.551;-99.990;0.00;-156.67;
2025-11-20 17:59:09.87;0.00:00:28:121;-1.00;0.00;0.00;0.05537;-0.0554;-0.0002411;-0.0001184;-89.88;-0.06;100.05;0.21;100.05;0.05537;0.0554;-2.58E-05;-12.567;-12.565;-99.990;0.00;-153.84;
2025-11-20 17:59:09.91;0.00:00:28:167;-1.00;0.00;0.00;0.05547;-0.05549;-0.0002399;-0.0001158;-89.88;-0.06;100.05;0.21;100.05;0.05547;0.05549;-2.729E-05;-12.560;-12.557;-99.990;0.00;-154.23;
2025-11-20 17:59:09.96;0.00:00:28:219;-1.00;0.00;0.00;0.05544;-0.05546;-0.0002586;-0.0001177;-89.87;-0.06;100.05;0.21;100.05;0.05544;0.05546;-2.639E-05;-12.562;-12.560;-99.990;0.00;-155.54;
2025-11-20 17:59:10.01;0.00:00:28:264;-1.00;0.00;0.00;0.05544;-0.05547;-0.0002491;-0.0001228;-89.87;-0.06;100.05;0.22;100.05;0.05544;0.05547;-2.8E-05;-12.562;-12.559;-99.990;0.00;-153.76;
2025-11-20 17:59:10.07;0.00:00:28:324;-1.00;0.00;0.00;0.05555;-0.05557;-0.0002589;-0.0001154;-89.87;-0.06;100.04;0.21;100.04;0.05555;0.05557;-2.372E-05;-12.554;-12.552;-99.990;0.00;-155.98;
2025-11-20 17:59:10.12;0.00:00:28:378;-1.00;0.00;0.00;0.05554;-0.05557;-0.0002413;-0.0001249;-89.88;-0.06;100.05;0.22;100.05;0.05554;0.05557;-2.927E-05;-12.554;-12.552;-99.990;0.00;-152.64;
2025-11-20 17:59:10.18;0.00:00:28:434;-1.00;0.00;0.00;0.05566;-0.05569;-0.0002722;-0.0001043;-89.86;-0.05;100.04;0.19;100.04;0.05566;0.05569;-2.215E-05;-12.544;-12.543;-99.990;0.00;-159.03;
2025-11-20 17:59:10.23;0.00:00:28:481;-1.00;-0.01;0.00;0.0553;-0.05531;-0.0002787;-0.000113;-89.86;-0.06;100.03;0.20;100.03;0.0553;0.05532;-1.77E-05;-12.573;-12.572;-99.990;0.00;-157.93;
2025-11-20 17:59:10.27;0.00:00:28:529;-1.00;0.00;0.00;0.05555;-0.05558;-0.000233;-0.0001221;-89.88;-0.06;100.05;0.22;100.05;0.05555;0.05558;-2.9E-05;-12.553;-12.551;-99.990;0.00;-152.34;
2025-11-20 17:59:10.32;0.00:00:28:574;-1.00;0.00;0.00;0.05571;-0.05574;-0.0002468;-0.0001087;-89.87;-0.06;100.05;0.20;100.05;0.05571;0.05574;-2.657E-05;-12.541;-12.538;-99.990;0.00;-156.24;
2025-11-20 17:59:10.37;0.00:00:28:620;-1.00;0.00;0.00;0.05533;-0.05535;-0.0002672;-0.0001164;-89.86;-0.06;100.04;0.21;100.04;0.05533;0.05535;-2.357E-05;-12.570;-12.569;-99.990;0.00;-156.45;
2025-11-20 17:59:10.42;0.00:00:28:673;-1.00;0.00;0.00;0.05537;-0.05539;-0.00024;-0.0001214;-89.88;-0.06;100.05;0.22;100.05;0.05537;0.05539;-2.652E-05;-12.568;-12.566;-99.990;0.00;-153.16;
2025-11-20 17:59:10.48;0.00:00:28:732;-1.00;0.00;0.00;0.05576;-0.05578;-0.000262;-9.987E-05;-89.87;-0.05;100.04;0.18;100.04;0.05576;0.05578;-2.03E-05;-12.537;-12.535;-99.990;0.00;-159.13;
2025-11-20 17:59:10.52;0.00:00:28:779;-1.00;0.00;0.00;0.05547;-0.05549;-0.0002729;-0.0001125;-89.86;-0.06;100.04;0.20;100.04;0.05547;0.05549;-2.135E-05;-12.560;-12.558;-99.990;0.00;-157.60;
2025-11-20 17:59:10.57;0.00:00:28:824;-1.00;0.00;0.00;0.05524;-0.05526;-0.0002411;-0.0001182;-89.88;-0.06;100.05;0.21;100.05;0.05524;0.05527;-2.674E-05;-12.578;-12.575;-99.990;0.00;-153.88;
2025-11-20 17:59:10.62;0.00:00:28:872;-1.00;0.00;0.00;0.05522;-0.05524;-0.0002613;-0.0001165;-89.86;-0.06;100.04;0.21;100.04;0.05522;0.05524;-2.297E-05;-12.579;-12.577;-99.990;0.00;-155.97;
2025-11-20 17:59:10.67;0.00:00:28:921;-1.00;0.00;0.00;0.05526;-0.05528;-0.0002431;-0.0001203;-89.87;-0.06;100.05;0.22;100.05;0.05526;0.05528;-2.741E-05;-12.576;-12.574;-99.990;0.00;-153.67;
2025-11-20 17:59:10.71;0.00:00:28:967;-1.00;0.00;0.00;0.05546;-0.05549;-0.0002383;-0.0001222;-89.88;-0.06;100.05;0.22;100.05;0.05546;0.05549;-2.812E-05;-12.560;-12.558;-99.990;0.00;-152.86;
2025-11-20 17:59:10.76;0.00:00:29:014;-1.00;0.00;0.00;0.05547;-0.05549;-0.0002671;-0.0001107;-89.86;-0.06;100.04;0.20;100.04;0.05547;0.05549;-2.374E-05;-12.559;-12.558;-99.990;0.00;-157.49;
2025-11-20 17:59:10.81;0.00:00:29:060;-1.00;0.00;0.00;0.05532;-0.05534;-0.0002552;-0.0001138;-89.87;-0.06;100.04;0.21;100.04;0.05532;0.05534;-2.357E-05;-12.571;-12.569;-99.990;0.00;-155.97;
2025-11-20 17:59:10.85;0.00:00:29:108;-1.00;0.00;0.00;0.05528;-0.05531;-0.0002506;-0.0001172;-89.87;-0.06;100.05;0.21;100.05;0.05528;0.05531;-2.526E-05;-12.574;-12.572;-99.990;0.00;-154.94;
2025-11-20 17:59:10.90;0.00:00:29:154;-1.00;0.00;0.00;0.05527;-0.0553;-0.0002451;-0.0001166;-89.87;-0.06;100.04;0.21;100.04;0.05527;0.0553;-2.393E-05;-12.575;-12.573;-99.990;0.00;-154.55;
2025-11-20 17:59:10.95;0.00:00:29:199;-1.00;0.00;0.00;0.05531;-0.05534;-0.0002463;-0.0001192;-89.87;-0.06;100.05;0.22;100.05;0.05531;0.05534;-2.671E-05;-12.572;-12.570;-99.990;0.00;-154.17;
2025-11-20 17:59:10.99;0.00:00:29:247;-1.00;0.00;0.00;0.0554;-0.05543;-0.0002509;-0.0001151;-89.87;-0.06;100.04;0.21;100.04;0.0554;0.05543;-2.421E-05;-12.565;-12.563;-99.990;0.00;-155.37;
2025-11-20 17:59:11.04;0.00:00:29:295;-1.00;0.00;0.00;0.055;-0.05502;-0.0002651;-0.0001154;-89.86;-0.06;100.04;0.21;100.04;0.055;0.05502;-2.31E-05;-12.597;-12.595;-99.990;0.00;-156.48;
2025-11-20 17:59:11.09;0.00:00:29:343;-1.00;0.00;0.00;0.055;-0.05503;-0.0002537;-0.0001177;-89.87;-0.06;100.04;0.21;100.04;0.055;0.05503;-2.228E-05;-12.596;-12.594;-99.990;0.00;-155.11;
2025-11-20 17:59:11.14;0.00:00:29:391;-1.00;0.00;0.00;0.05505;-0.05507;-0.000256;-0.0001253;-89.87;-0.07;100.05;0.23;100.05;0.05505;0.05507;-2.516E-05;-12.593;-12.591;-99.990;0.00;-153.93;
2025-11-20 17:59:11.19;0.00:00:29:442;-1.00;0.00;0.00;0.05509;-0.05511;-0.0002471;-0.0001176;-89.87;-0.06;100.04;0.21;100.04;0.05509;0.05511;-2.391E-05;-12.589;-12.587;-99.990;0.00;-154.55;
2025-11-20 17:59:11.24;0.00:00:29:497;-1.00;0.00;0.00;0.05573;-0.05575;-0.0002246;-0.0001205;-89.88;-0.06;100.05;0.22;100.05;0.05573;0.05575;-2.82E-05;-12.539;-12.537;-99.990;0.00;-151.78;
2025-11-20 17:59:11.29;0.00:00:29:545;-1.00;0.00;0.00;0.05582;-0.05584;-0.0002479;-0.0001156;-89.87;-0.06;100.04;0.21;100.04;0.05582;0.05585;-2.216E-05;-12.532;-12.530;-99.990;0.00;-154.99;
2025-11-20 17:59:11.34;0.00:00:29:591;-1.00;-0.01;0.00;0.05546;-0.05548;-0.0002809;-0.0001024;-89.85;-0.05;100.04;0.18;100.04;0.05546;0.05549;-2.207E-05;-12.560;-12.558;-99.990;0.00;-159.96;
2025-11-20 17:59:11.38;0.00:00:29:637;-1.00;0.00;0.00;0.05536;-0.05538;-0.0002498;-0.0001233;-89.87;-0.06;100.05;0.22;100.05;0.05536;0.05538;-2.613E-05;-12.568;-12.566;-99.990;0.00;-153.73;
2025-11-20 17:59:11.43;0.00:00:29:686;-1.00;0.00;0.00;0.05544;-0.05546;-0.0002468;-0.0001201;-89.87;-0.06;100.05;0.22;100.05;0.05544;0.05546;-2.511E-05;-12.562;-12.560;-99.990;0.00;-154.05;
2025-11-20 17:59:11.49;0.00:00:29:745;-1.00;0.00;0.00;0.05536;-0.05537;-0.0002741;-0.000112;-89.86;-0.06;100.03;0.20;100.03;0.05536;0.05538;-1.866E-05;-12.568;-12.567;-99.990;0.00;-157.77;
2025-11-20 17:59:11.54;0.00:00:29:795;-1.00;0.00;0.00;0.05555;-0.05557;-0.0002342;-0.00012;-89.88;-0.06;100.05;0.22;100.05;0.05555;0.05557;-2.811E-05;-12.553;-12.551;-99.990;0.00;-152.87;
2025-11-20 17:59:11.60;0.00:00:29:853;-1.00;0.00;0.00;0.05544;-0.05546;-0.0002694;-0.0001062;-89.86;-0.05;100.04;0.19;100.04;0.05544;0.05546;-2.245E-05;-12.562;-12.560;-99.990;0.00;-158.47;
2025-11-20 17:59:11.65;0.00:00:29:904;-1.00;0.00;0.00;0.05529;-0.05531;-0.000247;-0.0001188;-89.87;-0.06;100.04;0.21;100.04;0.05529;0.05531;-2.273E-05;-12.573;-12.572;-99.990;0.00;-154.32;
2025-11-20 17:59:11.70;0.00:00:29:954;-1.00;0.00;0.00;0.05525;-0.05527;-0.0002666;-0.0001084;-89.86;-0.06;100.04;0.20;100.04;0.05525;0.05527;-2.016E-05;-12.577;-12.575;-99.990;0.00;-157.88;
2025-11-20 17:59:11.75;0.00:00:30:007;-1.00;0.00;0.00;0.0551;-0.05512;-0.0002574;-0.0001165;-89.87;-0.06;100.04;0.21;100.04;0.0551;0.05512;-2.281E-05;-12.588;-12.587;-99.990;0.00;-155.64;
2025-11-20 17:59:11.80;0.00:00:30:058;-1.00;0.00;0.00;0.05506;-0.05509;-0.0002366;-0.0001145;-89.88;-0.06;100.05;0.21;100.05;0.05506;0.05509;-2.687E-05;-12.592;-12.589;-99.990;0.00;-154.17;
2025-11-20 17:59:11.85;0.00:00:30:108;-1.00;0.00;0.00;0.05521;-0.05524;-0.000226;-0.0001135;-89.88;-0.06;100.05;0.21;100.05;0.05521;0.05524;-2.965E-05;-12.580;-12.577;-99.990;0.00;-153.33;
2025-11-20 17:59:11.91;0.00:00:30:159;-1.00;0.00;0.00;0.05543;-0.05546;-0.0002391;-0.0001247;-89.88;-0.06;100.05;0.22;100.05;0.05543;0.05546;-2.783E-05;-12.562;-12.560;-99.990;0.00;-152.46;
2025-11-20 17:59:11.96;0.00:00:30:210;-1.00;0.00;0.00;0.05539;-0.05541;-0.000263;-0.0001076;-89.86;-0.06;100.04;0.19;100.04;0.05539;0.05541;-2.132E-05;-12.566;-12.564;-99.990;0.00;-157.74;
2025-11-20 17:59:12.00;0.00:00:30:257;-1.00;0.00;0.00;0.05518;-0.0552;-0.0002641;-0.0001116;-89.86;-0.06;100.04;0.20;100.04;0.05518;0.0552;-2.351E-05;-12.582;-12.581;-99.990;0.00;-157.10;
2025-11-20 17:59:12.05;0.00:00:30:300;-1.00;0.00;0.00;0.05518;-0.0552;-0.0002425;-0.0001222;-89.87;-0.06;100.05;0.22;100.05;0.05518;0.0552;-2.726E-05;-12.583;-12.580;-99.990;0.00;-153.25;
2025-11-20 17:59:12.11;0.00:00:30:362;-1.00;0.00;0.00;0.05535;-0.05538;-0.0002508;-0.0001166;-89.87;-0.06;100.05;0.21;100.05;0.05535;0.05538;-2.657E-05;-12.569;-12.566;-99.990;0.00;-155.07;
2025-11-20 17:59:12.17;0.00:00:30:424;-1.00;0.00;0.00;0.05548;-0.05551;-0.0002226;-0.0001267;-89.89;-0.07;100.06;0.23;100.06;0.05548;0.05551;-3.19E-05;-12.559;-12.556;-99.990;0.00;-150.36;
2025-11-20 17:59:12.23;0.00:00:30:486;-1.00;0.00;0.00;0.05559;-0.05561;-0.0002485;-0.0001093;-89.87;-0.06;100.04;0.20;100.04;0.05559;0.05561;-2.14E-05;-12.550;-12.548;-99.990;0.00;-156.25;
2025-11-20 17:59:12.28;0.00:00:30:537;-1.00;0.00;0.00;0.05541;-0.05544;-0.0002433;-0.0001197;-89.87;-0.06;100.05;0.22;100.05;0.05541;0.05544;-2.582E-05;-12.564;-12.562;-99.990;0.00;-153.80;
2025-11-20 17:59:12.34;0.00:00:30:590;-1.00;0.00;0.00;0.05549;-0.05551;-0.0002464;-0.0001225;-89.87;-0.06;100.04;0.22;100.04;0.05549;0.05551;-2.497E-05;-12.558;-12.556;-99.990;0.00;-153.57;
2025-11-20 17:59:12.40;0.00:00:30:653;-1.00;0.00;0.00;0.05564;-0.05567;-0.0002316;-0.0001177;-89.88;-0.06;100.05;0.21;100.05;0.05564;0.05567;-2.938E-05;-12.546;-12.544;-99.990;0.00;-153.07;
2025-11-20 17:59:12.45;0.00:00:30:703;-1.00;0.00;0.00;0.05544;-0.05547;-0.0002451;-0.0001231;-89.87;-0.06;100.05;0.22;100.05;0.05544;0.05547;-2.683E-05;-12.562;-12.560;-99.990;0.00;-153.34;
2025-11-20 17:59:12.50;0.00:00:30:754;-1.00;0.00;0.00;0.05527;-0.05529;-0.0002557;-0.0001118;-89.87;-0.06;100.05;0.20;100.05;0.05527;0.05529;-2.592E-05;-12.575;-12.573;-99.990;0.00;-156.39;
2025-11-20 17:59:12.55;0.00:00:30:803;-1.00;0.00;0.00;0.05532;-0.05535;-0.0002326;-0.0001271;-89.88;-0.07;100.05;0.23;100.05;0.05532;0.05535;-3.015E-05;-12.571;-12.569;-99.990;0.00;-151.35;
2025-11-20 17:59:12.60;0.00:00:30:853;-1.00;0.00;0.00;0.05538;-0.0554;-0.0002475;-0.0001205;-89.87;-0.06;100.05;0.22;100.05;0.05538;0.0554;-2.686E-05;-12.567;-12.565;-99.990;0.00;-154.03;
2025-11-20 17:59:12.65;0.00:00:30:903;-1.00;0.00;0.00;0.05536;-0.05538;-0.0002549;-0.0001087;-89.87;-0.06;100.04;0.20;100.04;0.05536;0.05538;-2.375E-05;-12.568;-12.567;-99.990;0.00;-156.90;
2025-11-20 17:59:12.70;0.00:00:30:955;-1.00;0.00;0.00;0.05524;-0.05527;-0.0002584;-0.0001107;-89.87;-0.06;100.04;0.20;100.04;0.05524;0.05527;-2.403E-05;-12.577;-12.575;-99.990;0.00;-156.80;
2025-11-20 17:59:12.75;0.00:00:31:007;-1.00;0.00;0.00;0.05524;-0.05526;-0.0002474;-0.0001148;-89.87;-0.06;100.05;0.21;100.05;0.05524;0.05526;-2.712E-05;-12.578;-12.576;-99.990;0.00;-155.11;
2025-11-20 17:59:12.80;0.00:00:31:056;-1.00;0.00;0.00;0.05523;-0.05525;-0.0002442;-0.0001129;-89.87;-0.06;100.05;0.20;100.05;0.05523;0.05526;-2.712E-05;-12.578;-12.576;-99.990;0.00;-155.19;
2025-11-20 17:59:12.85;0.00:00:31:108;-1.00;0.00;0.00;0.05526;-0.05528;-0.000236;-0.0001153;-89.88;-0.06;100.05;0.21;100.05;0.05526;0.05528;-2.674E-05;-12.576;-12.574;-99.990;0.00;-153.97;
2025-11-20 17:59:12.90;0.00:00:31:159;-1.00;0.00;0.00;0.05525;-0.05528;-0.0002469;-0.0001159;-89.87;-0.06;100.05;0.21;100.05;0.05525;0.05528;-2.536E-05;-12.576;-12.574;-99.990;0.00;-154.86;
2025-11-20 17:59:12.96;0.00:00:31:211;-1.00;0.00;0.00;0.05533;-0.05536;-0.000238;-0.0001157;-89.88;-0.06;100.05;0.21;100.05;0.05533;0.05536;-2.75E-05;-12.570;-12.568;-99.990;0.00;-154.07;
2025-11-20 17:59:13.03;0.00:00:31:284;-1.00;0.00;0.00;0.05514;-0.05516;-0.0002543;-0.0001204;-89.87;-0.06;100.04;0.22;100.04;0.05514;0.05516;-2.382E-05;-12.586;-12.584;-99.990;0.00;-154.68;
2025-11-20 17:59:13.08;0.00:00:31:334;-1.00;0.00;0.00;0.05513;-0.05516;-0.0002583;-0.0001173;-89.87;-0.06;100.05;0.21;100.05;0.05513;0.05516;-2.657E-05;-12.586;-12.584;-99.990;0.00;-155.57;
2025-11-20 17:59:13.13;0.00:00:31:385;-1.00;0.00;0.00;0.05513;-0.05516;-0.000246;-0.0001166;-89.87;-0.06;100.05;0.21;100.05;0.05513;0.05516;-2.569E-05;-12.586;-12.584;-99.990;0.00;-154.64;
2025-11-20 17:59:13.19;0.00:00:31:446;-1.00;0.00;0.00;0.05509;-0.05512;-0.0002271;-0.0001261;-89.88;-0.07;100.05;0.23;100.05;0.05509;0.05512;-2.876E-05;-12.589;-12.587;-99.990;0.00;-150.97;
2025-11-20 17:59:13.24;0.00:00:31:499;-1.00;0.00;0.00;0.05518;-0.0552;-0.0002643;-0.0001116;-89.86;-0.06;100.04;0.20;100.04;0.05518;0.0552;-2.24E-05;-12.582;-12.581;-99.990;0.00;-157.11;
2025-11-20 17:59:13.29;0.00:00:31:545;-1.00;0.00;0.00;0.05513;-0.05515;-0.0002407;-0.0001218;-89.87;-0.06;100.05;0.22;100.05;0.05513;0.05515;-2.778E-05;-12.586;-12.584;-99.990;0.00;-153.15;
2025-11-20 17:59:13.34;0.00:00:31:597;-1.00;0.00;0.00;0.05516;-0.05518;-0.0002619;-0.0001163;-89.86;-0.06;100.04;0.21;100.04;0.05516;0.05518;-2.118E-05;-12.584;-12.582;-99.990;0.00;-156.06;
2025-11-20 17:59:13.40;0.00:00:31:649;-1.00;0.00;0.00;0.05509;-0.05511;-0.0002576;-0.0001114;-89.87;-0.06;100.04;0.20;100.04;0.05509;0.05511;-2.451E-05;-12.589;-12.587;-99.990;0.00;-156.61;
2025-11-20 17:59:13.44;0.00:00:31:694;-1.00;0.00;0.00;0.05521;-0.05523;-0.000254;-0.0001061;-89.87;-0.06;100.04;0.19;100.04;0.05521;0.05523;-2.457E-05;-12.580;-12.578;-99.990;0.00;-157.33;
2025-11-20 17:59:13.49;0.00:00:31:742;-1.00;0.00;0.00;0.05532;-0.05535;-0.0002117;-0.0001334;-89.89;-0.07;100.06;0.24;100.06;0.05532;0.05535;-3.12E-05;-12.571;-12.569;-99.990;0.00;-147.77;
2025-11-20 17:59:13.54;0.00:00:31:789;-1.00;0.00;0.00;0.05514;-0.05517;-0.0002577;-0.0001144;-89.87;-0.06;100.05;0.21;100.05;0.05514;0.05517;-2.652E-05;-12.585;-12.583;-99.990;0.00;-156.06;
2025-11-20 17:59:13.58;0.00:00:31:834;-1.00;0.00;0.00;0.05516;-0.05519;-0.0002462;-0.0001127;-89.87;-0.06;100.05;0.20;100.05;0.05516;0.05519;-2.504E-05;-12.584;-12.582;-99.990;0.00;-155.39;
2025-11-20 17:59:13.63;0.00:00:31:880;-1.00;0.00;0.00;0.05516;-0.05518;-0.0002467;-0.000119;-89.87;-0.06;100.05;0.22;100.05;0.05516;0.05518;-2.686E-05;-12.584;-12.582;-99.990;0.00;-154.25;
2025-11-20 17:59:13.67;0.00:00:31:927;-1.00;0.00;0.00;0.05526;-0.05528;-0.0002531;-0.0001165;-89.87;-0.06;100.04;0.21;100.04;0.05526;0.05528;-2.437E-05;-12.576;-12.574;-99.990;0.00;-155.28;
2025-11-20 17:59:13.72;0.00:00:31:975;-1.00;0.00;0.00;0.05523;-0.05526;-0.000253;-0.0001097;-89.87;-0.06;100.05;0.20;100.05;0.05523;0.05526;-2.629E-05;-12.578;-12.576;-99.990;0.00;-156.56;
2025-11-20 17:59:13.77;0.00:00:32:022;-1.00;0.00;0.00;0.05527;-0.05529;-0.0002474;-0.0001184;-89.87;-0.06;100.05;0.21;100.05;0.05527;0.05529;-2.531E-05;-12.575;-12.573;-99.990;0.00;-154.42;
2025-11-20 17:59:13.81;0.00:00:32:067;-1.00;0.00;0.00;0.05523;-0.05526;-0.0002581;-0.0001075;-89.87;-0.06;100.04;0.19;100.04;0.05523;0.05526;-2.309E-05;-12.578;-12.576;-99.990;0.00;-157.38;
2025-11-20 17:59:13.86;0.00:00:32:114;-1.00;0.00;0.00;0.05519;-0.05522;-0.0002474;-0.0001176;-89.87;-0.06;100.05;0.21;100.05;0.05519;0.05522;-2.727E-05;-12.581;-12.579;-99.990;0.00;-154.57;
2025-11-20 17:59:13.91;0.00:00:32:161;-1.00;0.00;0.00;0.0555;-0.05552;-0.0002317;-0.0001186;-89.88;-0.06;100.05;0.21;100.05;0.0555;0.05552;-2.647E-05;-12.557;-12.555;-99.990;0.00;-152.88;
2025-11-20 17:59:13.95;0.00:00:32:208;-1.00;0.00;0.00;0.05563;-0.05566;-0.0002413;-0.0001231;-89.88;-0.06;100.05;0.22;100.05;0.05563;0.05566;-2.965E-05;-12.547;-12.545;-99.990;0.00;-152.96;
2025-11-20 17:59:14.00;0.00:00:32:257;-1.00;0.00;0.00;0.05535;-0.05537;-0.0002636;-0.0001125;-89.86;-0.06;100.04;0.20;100.04;0.05535;0.05537;-2.264E-05;-12.569;-12.567;-99.990;0.00;-156.88;
2025-11-20 17:59:14.06;0.00:00:32:310;-1.00;0.00;0.00;0.0553;-0.05532;-0.0002604;-0.0001143;-89.87;-0.06;100.04;0.21;100.04;0.0553;0.05532;-2.345E-05;-12.573;-12.571;-99.990;0.00;-156.30;
2025-11-20 17:59:14.11;0.00:00:32:364;-1.00;0.00;0.00;0.05509;-0.05511;-0.0002526;-0.0001119;-89.87;-0.06;100.04;0.20;100.04;0.05509;0.05511;-2.275E-05;-12.589;-12.587;-99.990;0.00;-156.11;
2025-11-20 17:59:14.16;0.00:00:32:411;-1.00;0.00;0.00;0.05497;-0.05499;-0.0002561;-0.0001118;-89.87;-0.06;100.04;0.20;100.04;0.05497;0.05499;-2.281E-05;-12.599;-12.597;-99.990;0.00;-156.41;
2025-11-20 17:59:14.20;0.00:00:32:457;-1.00;0.00;0.00;0.05516;-0.05519;-0.0002552;-0.0001067;-89.87;-0.06;100.04;0.19;100.04;0.05516;0.05519;-2.394E-05;-12.583;-12.582;-99.990;0.00;-157.31;
2025-11-20 17:59:14.25;0.00:00:32:503;-1.00;0.00;0.00;0.0551;-0.05513;-0.0002411;-0.0001214;-89.87;-0.06;100.05;0.22;100.05;0.0551;0.05513;-2.827E-05;-12.589;-12.586;-99.990;0.00;-153.26;
2025-11-20 17:59:14.30;0.00:00:32:550;-1.00;0.00;0.00;0.05527;-0.0553;-0.0002261;-0.0001203;-89.88;-0.06;100.05;0.22;100.05;0.05527;0.0553;-2.99E-05;-12.575;-12.572;-99.990;0.00;-151.99;
2025-11-20 17:59:14.34;0.00:00:32:598;-1.00;0.00;0.00;0.05537;-0.05539;-0.0002509;-0.0001107;-89.87;-0.06;100.04;0.20;100.04;0.05537;0.05539;-2.198E-05;-12.568;-12.566;-99.990;0.00;-156.20;
2025-11-20 17:59:14.39;0.00:00:32:645;-1.00;0.00;0.00;0.05535;-0.05538;-0.0002515;-0.0001171;-89.87;-0.06;100.04;0.21;100.04;0.05535;0.05538;-2.397E-05;-12.568;-12.567;-99.990;0.00;-155.02;
2025-11-20 17:59:14.44;0.00:00:32:693;-1.00;0.00;0.00;0.05526;-0.05528;-0.0002514;-0.0001123;-89.87;-0.06;100.04;0.20;100.04;0.05526;0.05528;-2.26E-05;-12.576;-12.574;-99.990;0.00;-155.93;
2025-11-20 17:59:14.49;0.00:00:32:744;-1.00;0.00;0.00;0.05518;-0.05521;-0.0002468;-0.0001124;-89.87;-0.06;100.05;0.20;100.05;0.05518;0.05521;-2.754E-05;-12.582;-12.580;-99.990;0.00;-155.52;
2025-11-20 17:59:14.55;0.00:00:32:802;-1.00;0.00;0.00;0.05534;-0.05536;-0.0002341;-0.0001164;-89.88;-0.06;100.05;0.21;100.05;0.05534;0.05536;-2.734E-05;-12.570;-12.568;-99.990;0.00;-153.56;
2025-11-20 17:59:14.59;0.00:00:32:849;-1.00;0.00;0.00;0.0554;-0.05543;-0.0002434;-0.0001171;-89.87;-0.06;100.05;0.21;100.05;0.0554;0.05543;-2.698E-05;-12.565;-12.563;-99.990;0.00;-154.31;
2025-11-20 17:59:14.64;0.00:00:32:896;-1.00;0.00;0.00;0.05532;-0.05535;-0.000251;-0.0001133;-89.87;-0.06;100.04;0.20;100.04;0.05532;0.05535;-2.49E-05;-12.571;-12.569;-99.990;0.00;-155.70;
2025-11-20 17:59:14.69;0.00:00:32:941;-1.00;0.00;0.00;0.05522;-0.05524;-0.0002697;-0.000109;-89.86;-0.06;100.04;0.20;100.04;0.05522;0.05524;-2.126E-05;-12.579;-12.577;-99.990;0.00;-158.00;
2025-11-20 17:59:14.73;0.00:00:32:988;-1.00;0.00;0.00;0.05523;-0.05526;-0.0002337;-0.0001223;-89.88;-0.06;100.05;0.22;100.05;0.05523;0.05526;-2.706E-05;-12.578;-12.576;-99.990;0.00;-152.37;
2025-11-20 17:59:14.78;0.00:00:33:034;-1.00;0.00;0.00;0.05541;-0.05544;-0.0002359;-0.0001148;-89.88;-0.06;100.05;0.21;100.05;0.05541;0.05544;-2.754E-05;-12.564;-12.562;-99.990;0.00;-154.05;
2025-11-20 17:59:14.83;0.00:00:33:083;-1.00;0.00;0.00;0.05538;-0.0554;-0.0002663;-0.0001124;-89.86;-0.06;100.04;0.20;100.04;0.05538;0.0554;-2.138E-05;-12.566;-12.565;-99.990;0.00;-157.11;
2025-11-20 17:59:14.88;0.00:00:33:130;-1.00;0.00;0.00;0.05537;-0.0554;-0.0002426;-0.0001145;-89.87;-0.06;100.05;0.21;100.05;0.05537;0.0554;-2.636E-05;-12.567;-12.565;-99.990;0.00;-154.74;
2025-11-20 17:59:14.92;0.00:00:33:176;-1.00;0.00;0.00;0.05544;-0.05546;-0.0002422;-0.0001094;-89.87;-0.06;100.04;0.20;100.04;0.05544;0.05546;-2.45E-05;-12.562;-12.560;-99.990;0.00;-155.69;
2025-11-20 17:59:14.97;0.00:00:33:223;-1.00;0.00;0.00;0.05533;-0.05535;-0.0002733;-0.0001137;-89.86;-0.06;100.04;0.21;100.04;0.05533;0.05536;-2.169E-05;-12.570;-12.568;-99.990;0.00;-157.41;
2025-11-20 17:59:15.02;0.00:00:33:270;-1.00;0.00;0.00;0.05528;-0.05531;-0.0002413;-0.0001254;-89.88;-0.06;100.05;0.23;100.05;0.05528;0.05531;-2.521E-05;-12.574;-12.572;-99.990;0.00;-152.54;
2025-11-20 17:59:15.06;0.00:00:33:318;-1.00;0.00;0.00;0.05536;-0.05539;-0.0002489;-0.0001182;-89.87;-0.06;100.05;0.21;100.05;0.05536;0.05539;-2.918E-05;-12.568;-12.566;-99.990;0.00;-154.59;
2025-11-20 17:59:15.11;0.00:00:33:365;-1.00;0.00;0.00;0.0554;-0.05542;-0.0002677;-9.874E-05;-89.86;-0.05;100.03;0.18;100.03;0.0554;0.05542;-1.773E-05;-12.565;-12.563;-99.990;0.00;-159.76;
2025-11-20 17:59:15.16;0.00:00:33:411;-1.00;0.00;0.00;0.05521;-0.05523;-0.0002495;-0.0001146;-89.87;-0.06;100.05;0.21;100.05;0.05521;0.05523;-2.606E-05;-12.580;-12.578;-99.990;0.00;-155.32;
2025-11-20 17:59:15.20;0.00:00:33:458;-1.00;0.00;0.00;0.05529;-0.05532;-0.000237;-0.0001152;-89.88;-0.06;100.05;0.21;100.05;0.05529;0.05532;-2.66E-05;-12.573;-12.571;-99.990;0.00;-154.09;
2025-11-20 17:59:15.26;0.00:00:33:510;-1.00;0.00;0.00;0.0554;-0.05542;-0.0002417;-0.0001191;-89.88;-0.06;100.05;0.21;100.05;0.0554;0.05542;-2.654E-05;-12.565;-12.563;-99.990;0.00;-153.77;
2025-11-20 17:59:15.31;0.00:00:33:568;-1.00;0.00;0.00;0.05539;-0.05541;-0.0002623;-0.0001075;-89.86;-0.06;100.04;0.19;100.04;0.05539;0.05542;-2.282E-05;-12.565;-12.564;-99.990;0.00;-157.70;
2025-11-20 17:59:15.36;0.00:00:33:615;-1.00;0.00;0.00;0.0552;-0.05522;-0.0002606;-0.0001096;-89.86;-0.06;100.04;0.20;100.04;0.0552;0.05522;-2.302E-05;-12.581;-12.579;-99.990;0.00;-157.19;
2025-11-20 17:59:15.41;0.00:00:33:662;-1.00;0.00;0.00;0.05506;-0.05509;-0.000236;-0.0001174;-89.88;-0.06;100.05;0.21;100.05;0.05506;0.05509;-2.654E-05;-12.591;-12.589;-99.990;0.00;-153.55;
2025-11-20 17:59:15.46;0.00:00:33:709;-1.00;0.00;0.00;0.05527;-0.0553;-0.0002299;-0.0001246;-89.88;-0.06;100.06;0.23;100.06;0.05527;0.0553;-3.067E-05;-12.575;-12.573;-99.990;0.00;-151.53;
2025-11-20 17:59:15.53;0.00:00:33:783;-1.00;0.00;0.00;0.05546;-0.05548;-0.0002458;-0.0001153;-89.87;-0.06;100.04;0.21;100.04;0.05546;0.05548;-2.435E-05;-12.560;-12.558;-99.990;0.00;-154.87;
2025-11-20 17:59:15.59;0.00:00:33:844;-1.00;0.00;0.00;0.05539;-0.05542;-0.0002544;-0.000116;-89.87;-0.06;100.04;0.21;100.04;0.05539;0.05542;-2.448E-05;-12.565;-12.564;-99.990;0.00;-155.49;
2025-11-20 17:59:15.65;0.00:00:33:903;-1.00;0.00;0.00;0.05533;-0.05536;-0.0002489;-0.0001224;-89.87;-0.06;100.05;0.22;100.05;0.05533;0.05536;-2.695E-05;-12.570;-12.568;-99.990;0.00;-153.82;
2025-11-20 17:59:15.70;0.00:00:33:951;-1.00;0.00;0.00;0.05539;-0.05541;-0.0002505;-0.0001186;-89.87;-0.06;100.04;0.21;100.04;0.05539;0.05541;-2.454E-05;-12.566;-12.564;-99.990;0.00;-154.66;
2025-11-20 17:59:15.75;0.00:00:34:001;-1.00;0.00;0.00;0.05558;-0.0556;-0.0002452;-0.000117;-89.87;-0.06;100.04;0.21;100.04;0.05558;0.0556;-2.495E-05;-12.551;-12.549;-99.990;0.00;-154.49;
2025-11-20 17:59:15.80;0.00:00:34:053;-1.00;0.00;0.00;0.0556;-0.05562;-0.0002501;-0.0001144;-89.87;-0.06;100.04;0.21;100.04;0.0556;0.05562;-2.269E-05;-12.549;-12.547;-99.990;0.00;-155.42;
2025-11-20 17:59:15.85;0.00:00:34:102;-1.00;0.00;0.00;0.05564;-0.05567;-0.0002357;-0.0001198;-89.88;-0.06;100.05;0.22;100.05;0.05564;0.05567;-2.826E-05;-12.546;-12.544;-99.990;0.00;-153.06;
2025-11-20 17:59:15.91;0.00:00:34:160;-1.00;0.00;0.00;0.05548;-0.0555;-0.0002652;-0.0001173;-89.86;-0.06;100.04;0.21;100.04;0.05548;0.0555;-2.18E-05;-12.559;-12.557;-99.990;0.00;-156.15;
2025-11-20 17:59:15.96;0.00:00:34:215;-1.00;0.00;0.00;0.05542;-0.05544;-0.0002576;-0.000113;-89.87;-0.06;100.04;0.20;100.04;0.05542;0.05544;-2.383E-05;-12.563;-12.561;-99.990;0.00;-156.31;
2025-11-20 17:59:16.01;0.00:00:34:268;-1.00;0.00;0.00;0.05527;-0.05529;-0.0002588;-0.0001151;-89.87;-0.06;100.04;0.21;100.04;0.05527;0.05529;-2.399E-05;-12.575;-12.573;-99.990;0.00;-156.02;
2025-11-20 17:59:16.07;0.00:00:34:319;-1.00;0.00;0.00;0.05524;-0.05526;-0.0002483;-0.0001116;-89.87;-0.06;100.04;0.20;100.04;0.05524;0.05526;-2.292E-05;-12.577;-12.576;-99.990;0.00;-155.80;
2025-11-20 17:59:16.11;0.00:00:34:368;-1.00;0.00;0.00;0.05522;-0.05525;-0.0002534;-0.0001136;-89.87;-0.06;100.04;0.21;100.04;0.05522;0.05525;-2.375E-05;-12.579;-12.577;-99.990;0.00;-155.86;
2025-11-20 17:59:16.17;0.00:00:34:427;-1.00;0.00;0.00;0.05512;-0.05514;-0.0002405;-0.0001147;-89.88;-0.06;100.05;0.21;100.05;0.05512;0.05514;-2.574E-05;-12.587;-12.585;-99.990;0.00;-154.50;
2025-11-20 17:59:16.24;0.00:00:34:492;-1.00;0.00;0.00;0.05518;-0.05521;-0.0002443;-0.0001234;-89.87;-0.06;100.04;0.22;100.04;0.05518;0.05521;-2.478E-05;-12.582;-12.580;-99.990;0.00;-153.20;
2025-11-20 17:59:16.29;0.00:00:34:544;-1.00;0.00;0.00;0.05527;-0.0553;-0.0002437;-0.0001227;-89.87;-0.06;100.05;0.22;100.05;0.05527;0.0553;-2.62E-05;-12.575;-12.573;-99.990;0.00;-153.27;
2025-11-20 17:59:16.35;0.00:00:34:605;-1.00;0.00;0.00;0.05524;-0.05527;-0.0002396;-0.0001198;-89.88;-0.06;100.05;0.22;100.05;0.05524;0.05527;-2.596E-05;-12.577;-12.575;-99.990;0.00;-153.42;
2025-11-20 17:59:16.40;0.00:00:34:657;-1.00;0.00;0.00;0.05546;-0.05549;-0.0002396;-0.0001157;-89.88;-0.06;100.05;0.21;100.05;0.05546;0.05549;-2.551E-05;-12.560;-12.558;-99.990;0.00;-154.23;
2025-11-20 17:59:16.46;0.00:00:34:709;-1.00;0.00;0.00;0.05549;-0.05551;-0.0002442;-0.0001175;-89.87;-0.06;100.04;0.21;100.04;0.05549;0.05552;-2.325E-05;-12.558;-12.556;-99.990;0.00;-154.31;
2025-11-20 17:59:16.51;0.00:00:34:762;-1.00;0.00;0.00;0.05552;-0.05554;-0.0002463;-0.0001156;-89.87;-0.06;100.04;0.21;100.04;0.05552;0.05554;-2.376E-05;-12.556;-12.554;-99.990;0.00;-154.86;
2025-11-20 17:59:16.56;0.00:00:34:810;-1.00;0.00;0.00;0.05563;-0.05565;-0.0002373;-0.0001189;-89.88;-0.06;100.05;0.21;100.05;0.05563;0.05565;-2.92E-05;-12.547;-12.545;-99.990;0.00;-153.39;
2025-11-20 17:59:16.61;0.00:00:34:863;-1.00;0.00;0.00;0.05542;-0.05544;-0.0002639;-0.0001152;-89.86;-0.06;100.04;0.21;100.04;0.05542;0.05544;-2.15E-05;-12.564;-12.562;-99.990;0.00;-156.42;
2025-11-20 17:59:16.66;0.00:00:34:914;-1.00;0.00;0.00;0.05526;-0.05528;-0.0002584;-0.0001073;-89.87;-0.06;100.04;0.19;100.04;0.05526;0.05528;-2.321E-05;-12.576;-12.574;-99.990;0.00;-157.46;
2025-11-20 17:59:16.71;0.00:00:34:967;-1.00;0.00;0.00;0.05547;-0.0555;-0.0002274;-0.0001163;-89.88;-0.06;100.05;0.21;100.05;0.05547;0.0555;-2.879E-05;-12.559;-12.557;-99.990;0.00;-152.91;
2025-11-20 17:59:16.76;0.00:00:35:019;-1.00;0.00;0.00;0.05557;-0.05559;-0.0002416;-0.0001181;-89.88;-0.06;100.05;0.21;100.05;0.05557;0.05559;-2.801E-05;-12.552;-12.550;-99.990;0.00;-153.96;
2025-11-20 17:59:16.82;0.00:00:35:069;-1.00;0.00;0.00;0.05547;-0.05549;-0.0002506;-0.0001156;-89.87;-0.06;100.04;0.21;100.04;0.05547;0.05549;-2.058E-05;-12.559;-12.558;-99.990;0.00;-155.24;
2025-11-20 17:59:16.86;0.00:00:35:117;-1.00;0.00;0.00;0.05537;-0.0554;-0.0002576;-0.0001084;-89.87;-0.06;100.04;0.20;100.04;0.05537;0.0554;-2.364E-05;-12.567;-12.565;-99.990;0.00;-157.19;
2025-11-20 17:59:16.92;0.00:00:35:177;-1.00;0.00;0.00;0.05531;-0.05534;-0.0002461;-0.0001132;-89.87;-0.06;100.05;0.20;100.05;0.05531;0.05534;-2.793E-05;-12.572;-12.570;-99.990;0.00;-155.29;
2025-11-20 17:59:16.98;0.00:00:35:229;-1.00;0.00;0.00;0.05506;-0.05508;-0.0002416;-0.0001201;-89.87;-0.06;100.05;0.22;100.05;0.05506;0.05509;-2.791E-05;-12.592;-12.590;-99.990;0.00;-153.57;
2025-11-20 17:59:17.03;0.00:00:35:280;-1.00;0.00;0.00;0.05518;-0.05521;-0.0002381;-0.0001145;-89.88;-0.06;100.05;0.21;100.05;0.05518;0.05521;-2.698E-05;-12.582;-12.580;-99.990;0.00;-154.32;
2025-11-20 17:59:17.09;0.00:00:35:340;-1.00;0.00;0.00;0.05509;-0.05512;-0.0002446;-0.0001179;-89.87;-0.06;100.04;0.21;100.04;0.05509;0.05512;-2.369E-05;-12.589;-12.587;-99.990;0.00;-154.26;
2025-11-20 17:59:17.14;0.00:00:35:395;-1.00;0.00;0.00;0.05527;-0.0553;-0.00024;-0.0001205;-89.88;-0.06;100.05;0.22;100.05;0.05527;0.0553;-2.824E-05;-12.575;-12.573;-99.990;0.00;-153.34;
2025-11-20 17:59:17.19;0.00:00:35:446;-1.00;0.00;0.00;0.05549;-0.05552;-0.0002251;-0.0001212;-89.88;-0.06;100.05;0.22;100.05;0.05549;0.05552;-2.752E-05;-12.558;-12.555;-99.990;0.00;-151.70;
2025-11-20 17:59:17.25;0.00:00:35:504;-1.00;0.00;0.00;0.05536;-0.05539;-0.0002473;-0.0001151;-89.87;-0.06;100.05;0.21;100.05;0.05536;0.05539;-2.696E-05;-12.568;-12.566;-99.990;0.00;-155.05;
2025-11-20 17:59:17.31;0.00:00:35:565;-1.00;0.00;0.00;0.05542;-0.05544;-0.0002515;-0.0001192;-89.87;-0.06;100.05;0.22;100.04;0.05542;0.05544;-2.499E-05;-12.564;-12.562;-99.990;0.00;-154.65;
2025-11-20 17:59:17.37;0.00:00:35:627;-1.00;0.00;0.00;0.05531;-0.05533;-0.0002612;-0.0001102;-89.86;-0.06;100.04;0.20;100.04;0.05531;0.05533;-2.223E-05;-12.572;-12.570;-99.990;0.00;-157.12;
2025-11-20 17:59:17.42;0.00:00:35:679;-1.00;0.00;0.00;0.05525;-0.05528;-0.0002466;-0.0001138;-89.87;-0.06;100.05;0.21;100.05;0.05525;0.05528;-2.52E-05;-12.576;-12.574;-99.990;0.00;-155.22;
2025-11-20 17:59:17.49;0.00:00:35:741;-1.00;0.00;0.00;0.05518;-0.05521;-0.0002281;-0.0001203;-89.88;-0.06;100.05;0.22;100.05;0.05518;0.05521;-2.715E-05;-12.582;-12.580;-99.990;0.00;-152.20;
2025-11-20 17:59:17.54;0.00:00:35:797;-1.00;0.00;0.00;0.05539;-0.05541;-0.0002494;-0.0001189;-89.87;-0.06;100.05;0.21;100.05;0.05539;0.05541;-2.725E-05;-12.566;-12.564;-99.990;0.00;-154.50;
2025-11-20 17:59:17.59;0.00:00:35:844;-1.00;0.00;0.00;0.05548;-0.0555;-0.0002489;-0.0001164;-89.87;-0.06;100.04;0.21;100.04;0.05548;0.0555;-2.385E-05;-12.559;-12.557;-99.990;0.00;-154.94;
2025-11-20 17:59:17.65;0.00:00:35:904;-1.00;0.00;0.00;0.0555;-0.05553;-0.0002606;-0.0001116;-89.87;-0.06;100.04;0.20;100.04;0.0555;0.05553;-2.292E-05;-12.557;-12.555;-99.990;0.00;-156.81;
2025-11-20 17:59:17.71;0.00:00:35:965;-1.00;0.00;0.00;0.05522;-0.05525;-0.0002497;-0.0001149;-89.87;-0.06;100.05;0.21;100.05;0.05522;0.05525;-2.623E-05;-12.579;-12.577;-99.990;0.00;-155.28;
2025-11-20 17:59:17.76;0.00:00:36:017;-1.00;0.00;0.00;0.05518;-0.0552;-0.0002554;-0.0001145;-89.87;-0.06;100.04;0.21;100.04;0.05518;0.0552;-2.213E-05;-12.582;-12.580;-99.990;0.00;-155.86;
2025-11-20 17:59:17.81;0.00:00:36:068;-1.00;0.00;0.00;0.05521;-0.05524;-0.0002309;-0.0001242;-89.88;-0.06;100.05;0.22;100.05;0.05521;0.05524;-2.976E-05;-12.580;-12.577;-99.990;0.00;-151.73;
2025-11-20 17:59:17.87;0.00:00:36:125;-1.00;0.00;0.00;0.0555;-0.05552;-0.0002628;-0.000106;-89.86;-0.05;100.04;0.19;100.04;0.0555;0.05553;-2.192E-05;-12.557;-12.555;-99.990;0.00;-158.03;
2025-11-20 17:59:17.92;0.00:00:36:177;-1.00;0.00;0.00;0.05541;-0.05543;-0.0002531;-0.0001151;-89.87;-0.06;100.04;0.21;100.04;0.05541;0.05543;-2.377E-05;-12.564;-12.562;-99.990;0.00;-155.55;
2025-11-20 17:59:17.97;0.00:00:36:226;-1.00;0.00;0.00;0.05558;-0.05561;-0.0002537;-0.0001131;-89.87;-0.06;100.04;0.20;100.04;0.05558;0.05561;-2.346E-05;-12.551;-12.549;-99.990;0.00;-155.97;
2025-11-20 17:59:18.02;0.00:00:36:277;-1.00;0.00;0.00;0.0555;-0.05552;-0.0002546;-0.0001067;-89.87;-0.06;100.04;0.19;100.04;0.0555;0.05552;-2.225E-05;-12.557;-12.556;-99.990;0.00;-157.26;
2025-11-20 17:59:18.07;0.00:00:36:321;-1.00;0.00;0.00;0.05536;-0.05539;-0.0002594;-0.0001114;-89.87;-0.06;100.04;0.20;100.04;0.05536;0.05539;-2.226E-05;-12.568;-12.566;-99.990;0.00;-156.76;
2025-11-20 17:59:18.12;0.00:00:36:372;-1.00;0.00;0.00;0.05532;-0.05534;-0.000248;-0.0001185;-89.87;-0.06;100.04;0.21;100.04;0.05532;0.05534;-2.417E-05;-12.571;-12.569;-99.990;0.00;-154.46;
2025-11-20 17:59:18.17;0.00:00:36:425;-1.00;0.00;0.00;0.05513;-0.05515;-0.0002584;-0.0001112;-89.87;-0.06;100.04;0.20;100.04;0.05513;0.05515;-2.448E-05;-12.586;-12.584;-99.990;0.00;-156.71;
2025-11-20 17:59:18.22;0.00:00:36:478;-1.00;0.00;0.00;0.05507;-0.05509;-0.0002588;-0.000109;-89.87;-0.06;100.04;0.20;100.04;0.05507;0.05509;-2.44E-05;-12.591;-12.589;-99.990;0.00;-157.15;
2025-11-20 17:59:18.27;0.00:00:36:527;-1.00;0.00;0.00;0.05534;-0.05537;-0.0002349;-0.0001212;-89.88;-0.06;100.05;0.22;100.05;0.05534;0.05537;-2.651E-05;-12.570;-12.568;-99.990;0.00;-152.71;
2025-11-20 17:59:18.33;0.00:00:36:583;-1.00;0.00;0.00;0.05547;-0.05549;-0.0002463;-0.0001168;-89.87;-0.06;100.05;0.21;100.05;0.05547;0.0555;-2.601E-05;-12.559;-12.557;-99.990;0.00;-154.63;
2025-11-20 17:59:18.38;0.00:00:36:631;-1.00;0.00;0.00;0.05556;-0.05558;-0.0002425;-0.0001186;-89.88;-0.06;100.04;0.21;100.04;0.05556;0.05558;-2.45E-05;-12.552;-12.551;-99.990;0.00;-153.94;
2025-11-20 17:59:18.43;0.00:00:36:679;-1.00;0.00;0.00;0.05552;-0.05554;-0.0002563;-0.0001111;-89.87;-0.06;100.04;0.20;100.04;0.05552;0.05554;-2.36E-05;-12.556;-12.554;-99.990;0.00;-156.57;
2025-11-20 17:59:18.49;0.00:00:36:740;-1.00;0.00;0.00;0.05537;-0.05539;-0.0002571;-0.0001153;-89.87;-0.06;100.05;0.21;100.05;0.05537;0.05539;-2.718E-05;-12.568;-12.565;-99.990;0.00;-155.85;
2025-11-20 17:59:18.54;0.00:00:36:791;-1.00;0.00;0.00;0.05539;-0.05541;-0.000241;-0.000129;-89.88;-0.07;100.05;0.23;100.05;0.05539;0.05541;-2.686E-05;-12.566;-12.564;-99.990;0.00;-151.83;
2025-11-20 17:59:18.59;0.00:00:36:842;-1.00;0.00;0.00;0.05542;-0.05544;-0.0002718;-0.0001071;-89.86;-0.06;100.04;0.19;100.04;0.05542;0.05544;-1.973E-05;-12.563;-12.562;-99.990;0.00;-158.49;
2025-11-20 17:59:18.65;0.00:00:36:903;-1.00;0.00;0.00;0.05509;-0.05512;-0.0002307;-0.0001257;-89.88;-0.07;100.05;0.23;100.05;0.05509;0.05512;-2.92E-05;-12.589;-12.587;-99.990;0.00;-151.41;
2025-11-20 17:59:18.70;0.00:00:36:956;-1.00;0.00;0.00;0.05534;-0.05537;-0.0002289;-0.0001218;-89.88;-0.06;100.05;0.22;100.05;0.05534;0.05537;-2.839E-05;-12.570;-12.567;-99.990;0.00;-151.98;
2025-11-20 17:59:18.75;0.00:00:37:007;-1.00;0.00;0.00;0.05546;-0.05548;-0.0002569;-0.0001072;-89.87;-0.06;100.04;0.19;100.04;0.05546;0.05548;-2.396E-05;-12.560;-12.558;-99.990;0.00;-157.35;
2025-11-20 17:59:18.80;0.00:00:37:058;-1.00;0.00;0.00;0.05533;-0.05536;-0.0002618;-0.0001196;-89.86;-0.06;100.04;0.22;100.04;0.05533;0.05536;-2.49E-05;-12.570;-12.568;-99.990;0.00;-155.44;
2025-11-20 17:59:18.86;0.00:00:37:117;-1.00;0.00;0.00;0.05545;-0.05547;-0.0002471;-0.0001145;-89.87;-0.06;100.05;0.21;100.05;0.05545;0.05547;-2.512E-05;-12.561;-12.559;-99.990;0.00;-155.14;
2025-11-20 17:59:18.91;0.00:00:37:167;-1.00;0.00;0.00;0.05558;-0.0556;-0.0002596;-0.0001102;-89.87;-0.06;100.04;0.20;100.04;0.05558;0.0556;-2.179E-05;-12.551;-12.549;-99.990;0.00;-157.00;
2025-11-20 17:59:18.97;0.00:00:37:220;-1.00;0.00;0.00;0.05549;-0.05552;-0.0002551;-0.0001175;-89.87;-0.06;100.04;0.21;100.04;0.05549;0.05552;-2.453E-05;-12.558;-12.556;-99.990;0.00;-155.26;
2025-11-20 17:59:19.02;0.00:00:37:270;-1.00;0.00;0.00;0.05543;-0.05546;-0.0002435;-0.0001181;-89.87;-0.06;100.05;0.21;100.05;0.05543;0.05546;-2.556E-05;-12.562;-12.560;-99.990;0.00;-154.12;
2025-11-20 17:59:19.07;0.00:00:37:322;-1.00;0.00;0.00;0.05546;-0.05548;-0.0002528;-0.0001124;-89.87;-0.06;100.05;0.20;100.05;0.05546;0.05548;-2.723E-05;-12.560;-12.558;-99.990;0.00;-156.04;
2025-11-20 17:59:19.13;0.00:00:37:383;-1.00;0.00;0.00;0.05525;-0.05527;-0.0002588;-0.0001103;-89.87;-0.06;100.04;0.20;100.04;0.05525;0.05527;-2.276E-05;-12.577;-12.575;-99.990;0.00;-156.92;
2025-11-20 17:59:19.18;0.00:00:37:432;-1.00;0.00;0.00;0.05531;-0.05534;-0.0002409;-0.0001197;-89.88;-0.06;100.05;0.22;100.05;0.05531;0.05534;-2.622E-05;-12.572;-12.570;-99.990;0.00;-153.57;
2025-11-20 17:59:19.23;0.00:00:37:488;-1.00;0.00;0.00;0.05531;-0.05533;-0.0002618;-0.0001133;-89.86;-0.06;100.04;0.20;100.04;0.05531;0.05533;-2.4E-05;-12.572;-12.570;-99.990;0.00;-156.59;
2025-11-20 17:59:19.28;0.00:00:37:533;-1.00;0.00;0.00;0.05513;-0.05515;-0.0002586;-0.0001111;-89.87;-0.06;100.04;0.20;100.04;0.05513;0.05515;-2.183E-05;-12.586;-12.584;-99.990;0.00;-156.74;
2025-11-20 17:59:19.33;0.00:00:37:582;-1.00;0.00;0.00;0.05508;-0.05511;-0.0002422;-0.0001208;-89.87;-0.06;100.04;0.22;100.04;0.05508;0.05511;-2.341E-05;-12.590;-12.588;-99.990;0.00;-153.49;
2025-11-20 17:59:19.38;0.00:00:37:632;-1.00;0.00;0.00;0.05526;-0.05528;-0.0002508;-0.0001141;-89.87;-0.06;100.04;0.21;100.04;0.05526;0.05528;-2.249E-05;-12.576;-12.574;-99.990;0.00;-155.54;
2025-11-20 17:59:19.43;0.00:00:37:682;-1.00;0.00;0.00;0.0552;-0.05522;-0.0002558;-0.0001134;-89.87;-0.06;100.05;0.21;100.05;0.0552;0.05522;-2.511E-05;-12.581;-12.579;-99.990;0.00;-156.09;
2025-11-20 17:59:19.47;0.00:00:37:725;-1.00;0.00;0.00;0.05515;-0.05517;-0.0002543;-0.0001093;-89.87;-0.06;100.04;0.20;100.04;0.05515;0.05517;-2.272E-05;-12.584;-12.583;-99.990;0.00;-156.73;
2025-11-20 17:59:19.52;0.00:00:37:773;-1.00;0.00;0.00;0.05512;-0.05514;-0.0002568;-0.0001164;-89.87;-0.06;100.04;0.21;100.04;0.05512;0.05514;-2.315E-05;-12.587;-12.585;-99.990;0.00;-155.61;
2025-11-20 17:59:19.58;0.00:00:37:829;-1.00;0.00;0.00;0.05507;-0.0551;-0.0002537;-0.000125;-89.87;-0.07;100.04;0.23;100.04;0.05507;0.0551;-2.467E-05;-12.591;-12.589;-99.990;0.00;-153.76;
2025-11-20 17:59:19.63;0.00:00:37:882;-1.00;0.00;0.00;0.05519;-0.05522;-0.0002451;-0.0001192;-89.87;-0.06;100.05;0.22;100.05;0.05519;0.05522;-2.594E-05;-12.581;-12.579;-99.990;0.00;-154.06;
2025-11-20 17:59:19.67;0.00:00:37:929;-1.00;0.00;0.00;0.05532;-0.05534;-0.0002514;-0.0001193;-89.87;-0.06;100.04;0.22;100.04;0.05532;0.05535;-2.484E-05;-12.571;-12.569;-99.990;0.00;-154.62;
2025-11-20 17:59:19.73;0.00:00:37:981;-1.00;0.00;0.00;0.05527;-0.05529;-0.0002654;-0.0001062;-89.86;-0.06;100.04;0.19;100.04;0.05527;0.05529;-2.106E-05;-12.575;-12.573;-99.990;0.00;-158.20;
2025-11-20 17:59:19.79;0.00:00:38:040;-1.00;0.00;0.00;0.05516;-0.05518;-0.0002505;-0.0001138;-89.87;-0.06;100.05;0.21;100.05;0.05516;0.05518;-2.559E-05;-12.584;-12.582;-99.990;0.00;-155.56;
2025-11-20 17:59:19.83;0.00:00:38:086;-1.00;0.00;0.00;0.05516;-0.05519;-0.0002519;-0.000119;-89.87;-0.06;100.05;0.22;100.05;0.05516;0.05519;-2.598E-05;-12.583;-12.581;-99.990;0.00;-154.72;
2025-11-20 17:59:19.89;0.00:00:38:148;-1.00;0.00;0.00;0.05562;-0.05564;-0.0002336;-0.0001197;-89.88;-0.06;100.05;0.22;100.05;0.05562;0.05564;-2.975E-05;-12.548;-12.546;-99.990;0.00;-152.87;
2025-11-20 17:59:19.94;0.00:00:38:195;-1.00;0.00;0.00;0.05557;-0.0556;-0.0002384;-0.0001218;-89.88;-0.06;100.05;0.22;100.05;0.05557;0.0556;-2.712E-05;-12.552;-12.549;-99.990;0.00;-152.94;
2025-11-20 17:59:19.99;0.00:00:38:241;-1.00;0.00;0.00;0.0557;-0.05572;-0.000255;-0.000104;-89.87;-0.05;100.04;0.19;100.04;0.0557;0.05572;-2.334E-05;-12.542;-12.540;-99.990;0.00;-157.82;
2025-11-20 17:59:20.04;0.00:00:38:295;-1.00;0.00;0.00;0.05551;-0.05553;-0.000243;-0.0001139;-89.87;-0.06;100.04;0.21;100.04;0.05551;0.05553;-2.32E-05;-12.556;-12.555;-99.990;0.00;-154.89;
2025-11-20 17:59:20.10;0.00:00:38:351;-1.00;0.00;0.00;0.05551;-0.05553;-0.0002529;-0.0001061;-89.87;-0.05;100.04;0.19;100.04;0.05551;0.05553;-2.392E-05;-12.557;-12.555;-99.990;0.00;-157.24;
2025-11-20 17:59:20.15;0.00:00:38:399;-1.00;0.00;0.00;0.05518;-0.05521;-0.0002445;-0.0001209;-89.87;-0.06;100.05;0.22;100.05;0.05518;0.05521;-2.627E-05;-12.582;-12.580;-99.990;0.00;-153.68;
2025-11-20 17:59:20.20;0.00:00:38:449;-1.00;0.00;0.00;0.05524;-0.05526;-0.000251;-0.0001128;-89.87;-0.06;100.04;0.20;100.04;0.05524;0.05526;-2.458E-05;-12.578;-12.576;-99.990;0.00;-155.80;
2025-11-20 17:59:20.26;0.00:00:38:509;-1.00;0.00;0.00;0.05524;-0.05526;-0.000261;-0.0001134;-89.86;-0.06;100.04;0.21;100.04;0.05524;0.05526;-2.171E-05;-12.578;-12.576;-99.990;0.00;-156.51;
2025-11-20 17:59:20.30;0.00:00:38:555;-1.00;0.00;0.00;0.05518;-0.0552;-0.0002513;-0.0001107;-89.87;-0.06;100.04;0.20;100.04;0.05518;0.0552;-2.406E-05;-12.583;-12.581;-99.990;0.00;-156.23;
2025-11-20 17:59:20.35;0.00:00:38:601;-1.00;0.00;0.00;0.05527;-0.05529;-0.0002417;-0.0001181;-89.87;-0.06;100.05;0.21;100.05;0.05527;0.05529;-2.564E-05;-12.575;-12.573;-99.990;0.00;-153.96;
2025-11-20 17:59:20.39;0.00:00:38:648;-1.00;0.00;0.00;0.05539;-0.05542;-0.0002383;-0.0001189;-89.88;-0.06;100.05;0.21;100.05;0.05539;0.05542;-2.592E-05;-12.565;-12.563;-99.990;0.00;-153.48;
2025-11-20 17:59:20.44;0.00:00:38:695;-1.00;0.00;0.00;0.05543;-0.05546;-0.0002486;-0.0001217;-89.87;-0.06;100.04;0.22;100.04;0.05543;0.05546;-2.478E-05;-12.562;-12.560;-99.990;0.00;-153.92;
2025-11-20 17:59:20.49;0.00:00:38:740;-1.00;0.00;0.00;0.05543;-0.05546;-0.000266;-0.0001169;-89.86;-0.06;100.04;0.21;100.04;0.05543;0.05546;-2.3E-05;-12.562;-12.561;-99.990;0.00;-156.28;
2025-11-20 17:59:20.53;0.00:00:38:788;-1.00;0.00;0.00;0.05539;-0.05541;-0.0002417;-0.0001214;-89.88;-0.06;100.05;0.22;100.05;0.05539;0.05541;-2.697E-05;-12.566;-12.564;-99.990;0.00;-153.33;
2025-11-20 17:59:20.58;0.00:00:38:834;-1.00;0.00;0.00;0.05564;-0.05566;-0.0002609;-0.0001113;-89.87;-0.06;100.04;0.20;100.04;0.05564;0.05566;-2.309E-05;-12.546;-12.544;-99.990;0.00;-156.89;
2025-11-20 17:59:20.63;0.00:00:38:882;-1.00;0.00;0.00;0.05551;-0.05553;-0.0002568;-0.0001082;-89.87;-0.06;100.04;0.19;100.04;0.05551;0.05553;-2.343E-05;-12.556;-12.554;-99.990;0.00;-157.16;
2025-11-20 17:59:20.68;0.00:00:38:929;-1.00;0.00;0.00;0.05547;-0.05549;-0.000252;-0.0001173;-89.87;-0.06;100.04;0.21;100.04;0.05547;0.0555;-2.496E-05;-12.559;-12.557;-99.990;0.00;-155.04;
2025-11-20 17:59:20.72;0.00:00:38:977;-1.00;0.00;0.00;0.05538;-0.05541;-0.0002434;-0.0001168;-89.87;-0.06;100.04;0.21;100.04;0.05538;0.05541;-2.492E-05;-12.566;-12.564;-99.990;0.00;-154.36;
2025-11-20 17:59:20.77;0.00:00:39:024;-1.00;0.00;0.00;0.05562;-0.05565;-0.0002379;-0.0001203;-89.88;-0.06;100.05;0.22;100.05;0.05562;0.05565;-2.937E-05;-12.548;-12.546;-99.990;0.00;-153.18;
2025-11-20 17:59:20.82;0.00:00:39:071;-1.00;0.00;0.00;0.05543;-0.05545;-0.0002618;-0.0001078;-89.86;-0.06;100.04;0.19;100.04;0.05543;0.05545;-2.217E-05;-12.563;-12.561;-99.990;0.00;-157.62;
2025-11-20 17:59:20.86;0.00:00:39:117;-1.00;0.00;0.00;0.05534;-0.05536;-0.0002523;-0.000118;-89.87;-0.06;100.04;0.21;100.04;0.05534;0.05536;-2.474E-05;-12.570;-12.568;-99.990;0.00;-154.92;
2025-11-20 17:59:20.91;0.00:00:39:166;-1.00;0.00;0.00;0.05517;-0.0552;-0.0002495;-0.0001108;-89.87;-0.06;100.05;0.20;100.05;0.05517;0.0552;-2.67E-05;-12.583;-12.581;-99.990;0.00;-156.06;
2025-11-20 17:59:20.97;0.00:00:39:228;-1.00;0.00;0.00;0.05534;-0.05537;-0.0002463;-0.0001212;-89.87;-0.06;100.04;0.22;100.04;0.05534;0.05537;-2.347E-05;-12.569;-12.567;-99.990;0.00;-153.79;
2025-11-20 17:59:21.02;0.00:00:39:276;-1.00;0.00;0.00;0.05536;-0.05538;-0.0002472;-0.0001188;-89.87;-0.06;100.04;0.21;100.04;0.05536;0.05538;-2.475E-05;-12.568;-12.566;-99.990;0.00;-154.33;
2025-11-20 17:59:21.07;0.00:00:39:322;-1.00;0.00;0.00;0.05547;-0.0555;-0.0002448;-0.0001193;-89.87;-0.06;100.05;0.22;100.05;0.05547;0.0555;-2.635E-05;-12.559;-12.557;-99.990;0.00;-154.02;
2025-11-20 17:59:21.12;0.00:00:39:370;-1.00;0.00;0.00;0.05561;-0.05563;-0.0002668;-0.0001163;-89.86;-0.06;100.04;0.21;100.04;0.05561;0.05563;-2.108E-05;-12.549;-12.547;-99.990;0.00;-156.45;
2025-11-20 17:59:21.16;0.00:00:39:416;-1.00;0.00;0.00;0.05549;-0.05551;-0.0002569;-0.0001113;-89.87;-0.06;100.04;0.20;100.04;0.05549;0.05551;-2.192E-05;-12.558;-12.556;-99.990;0.00;-156.57;
2025-11-20 17:59:21.21;0.00:00:39:463;-1.00;0.00;0.00;0.05539;-0.05542;-0.0002525;-0.0001182;-89.87;-0.06;100.05;0.21;100.05;0.05539;0.05542;-2.543E-05;-12.565;-12.563;-99.990;0.00;-154.92;
2025-11-20 17:59:21.26;0.00:00:39:514;-1.00;0.00;0.00;0.05541;-0.05544;-0.0002481;-0.0001194;-89.87;-0.06;100.04;0.22;100.04;0.05541;0.05544;-2.305E-05;-12.564;-12.562;-99.990;0.00;-154.30;
2025-11-20 17:59:21.31;0.00:00:39:560;-1.00;0.00;0.00;0.05539;-0.05541;-0.0002514;-0.0001123;-89.87;-0.06;100.04;0.20;100.04;0.05539;0.05541;-2.459E-05;-12.566;-12.564;-99.990;0.00;-155.93;
2025-11-20 17:59:21.35;0.00:00:39:606;-1.00;0.00;0.00;0.05527;-0.05529;-0.0002485;-0.0001096;-89.87;-0.06;100.04;0.20;100.04;0.05527;0.05529;-2.017E-05;-12.575;-12.574;-99.990;0.00;-156.20;
2025-11-20 17:59:21.40;0.00:00:39:656;-1.00;0.00;0.00;0.05524;-0.05526;-0.0002494;-0.0001127;-89.87;-0.06;100.04;0.20;100.04;0.05524;0.05526;-2.215E-05;-12.578;-12.576;-99.990;0.00;-155.67;
2025-11-20 17:59:21.46;0.00:00:39:716;-1.00;0.00;0.00;0.05536;-0.05539;-0.0002381;-0.0001244;-89.88;-0.06;100.04;0.22;100.04;0.05536;0.05539;-2.441E-05;-12.568;-12.566;-99.990;0.00;-152.42;
2025-11-20 17:59:21.51;0.00:00:39:762;-1.00;0.00;0.00;0.05544;-0.05546;-0.0002591;-0.0001177;-89.87;-0.06;100.04;0.21;100.04;0.05544;0.05546;-2.267E-05;-12.562;-12.560;-99.990;0.00;-155.57;
2025-11-20 17:59:21.56;0.00:00:39:810;-1.00;0.00;0.00;0.05539;-0.05541;-0.0002486;-0.0001077;-89.87;-0.06;100.04;0.19;100.04;0.05539;0.05541;-2.37E-05;-12.566;-12.564;-99.990;0.00;-156.59;
2025-11-20 17:59:21.60;0.00:00:39:855;-1.00;0.00;0.00;0.05542;-0.05544;-0.0002367;-0.0001165;-89.88;-0.06;100.05;0.21;100.05;0.05542;0.05544;-2.588E-05;-12.564;-12.562;-99.990;0.00;-153.79;
2025-11-20 17:59:21.65;0.00:00:39:904;-1.00;0.00;0.00;0.05536;-0.05539;-0.0002513;-0.0001249;-89.87;-0.06;100.04;0.23;100.04;0.05536;0.05539;-2.419E-05;-12.568;-12.566;-99.990;0.00;-153.57;
2025-11-20 17:59:21.70;0.00:00:39:949;-1.00;0.00;0.00;0.0555;-0.05552;-0.0002568;-0.0001073;-89.87;-0.06;100.04;0.19;100.04;0.0555;0.05552;-2.248E-05;-12.557;-12.555;-99.990;0.00;-157.32;
2025-11-20 17:59:21.74;0.00:00:39:995;-1.00;0.00;0.00;0.05541;-0.05543;-0.0002449;-0.0001191;-89.87;-0.06;100.05;0.22;100.05;0.05541;0.05543;-2.527E-05;-12.564;-12.562;-99.990;0.00;-154.06;
2025-11-20 17:59:21.79;0.00:00:40:042;-1.00;0.00;0.00;0.05529;-0.05532;-0.0002629;-0.0001073;-89.86;-0.06;100.04;0.19;100.04;0.05529;0.05532;-2.295E-05;-12.573;-12.571;-99.990;0.00;-157.79;
2025-11-20 17:59:21.83;0.00:00:40:089;-1.00;0.00;0.00;0.05522;-0.05524;-0.0002508;-0.0001165;-89.87;-0.06;100.04;0.21;100.04;0.05522;0.05524;-2.33E-05;-12.579;-12.577;-99.990;0.00;-155.09;
2025-11-20 17:59:21.88;0.00:00:40:136;-1.00;0.00;0.00;0.05522;-0.05525;-0.0002395;-0.0001204;-89.88;-0.06;100.05;0.22;100.05;0.05522;0.05525;-2.706E-05;-12.579;-12.577;-99.990;0.00;-153.31;
2025-11-20 17:59:21.93;0.00:00:40:182;-1.00;0.00;0.00;0.05517;-0.05519;-0.0002688;-9.543E-05;-89.86;-0.05;100.04;0.17;100.04;0.05517;0.05519;-2.019E-05;-12.583;-12.581;-99.990;0.00;-160.45;
2025-11-20 17:59:21.98;0.00:00:40:230;-1.00;0.00;0.00;0.05504;-0.05507;-0.0002349;-0.0001224;-89.88;-0.06;100.05;0.22;100.05;0.05504;0.05507;-2.868E-05;-12.593;-12.591;-99.990;0.00;-152.47;
2025-11-20 17:59:22.02;0.00:00:40:275;-1.00;0.00;0.00;0.0551;-0.05512;-0.0002488;-0.000109;-89.87;-0.06;100.04;0.20;100.04;0.0551;0.05512;-2.369E-05;-12.589;-12.587;-99.990;0.00;-156.35;
2025-11-20 17:59:22.07;0.00:00:40:322;-1.00;0.00;0.00;0.05509;-0.05512;-0.0002432;-0.0001239;-89.87;-0.06;100.05;0.22;100.05;0.05509;0.05512;-2.644E-05;-12.589;-12.587;-99.990;0.00;-153.01;
2025-11-20 17:59:22.12;0.00:00:40:370;-1.00;0.00;0.00;0.05502;-0.05504;-0.0002633;-0.0001103;-89.86;-0.06;100.04;0.20;100.04;0.05502;0.05505;-2.058E-05;-12.594;-12.593;-99.990;0.00;-157.27;
2025-11-20 17:59:22.17;0.00:00:40:421;-1.00;0.00;0.00;0.05502;-0.05505;-0.0002376;-0.0001201;-89.88;-0.06;100.05;0.22;100.05;0.05502;0.05505;-2.784E-05;-12.595;-12.593;-99.990;0.00;-153.18;
2025-11-20 17:59:22.23;0.00:00:40:481;-1.00;0.00;0.00;0.05524;-0.05527;-0.0002327;-0.0001161;-89.88;-0.06;100.05;0.21;100.05;0.05524;0.05527;-2.762E-05;-12.577;-12.575;-99.990;0.00;-153.48;
2025-11-20 17:59:22.28;0.00:00:40:530;-1.00;0.00;0.00;0.0552;-0.05522;-0.0002528;-0.000108;-89.87;-0.06;100.04;0.20;100.04;0.0552;0.05522;-2.451E-05;-12.581;-12.579;-99.990;0.00;-156.87;
2025-11-20 17:59:22.34;0.00:00:40:593;-1.00;0.00;0.00;0.05513;-0.05515;-0.0002574;-0.0001155;-89.87;-0.06;100.04;0.21;100.04;0.05513;0.05515;-2.106E-05;-12.586;-12.584;-99.990;0.00;-155.83;
2025-11-20 17:59:22.39;0.00:00:40:641;-1.00;0.00;0.00;0.05519;-0.05521;-0.00024;-0.0001124;-89.88;-0.06;100.04;0.20;100.04;0.05519;0.05522;-2.434E-05;-12.581;-12.579;-99.990;0.00;-154.90;
2025-11-20 17:59:22.44;0.00:00:40:694;-1.00;0.00;0.00;0.05526;-0.05528;-0.0002487;-0.0001152;-89.87;-0.06;100.04;0.21;100.04;0.05526;0.05529;-2.459E-05;-12.576;-12.574;-99.990;0.00;-155.15;
2025-11-20 17:59:22.50;0.00:00:40:753;-1.00;0.00;0.00;0.05532;-0.05534;-0.0002566;-0.0001067;-89.87;-0.06;100.04;0.19;100.04;0.05532;0.05534;-2.18E-05;-12.571;-12.569;-99.990;0.00;-157.42;
2025-11-20 17:59:22.55;0.00:00:40:800;-1.00;0.00;0.00;0.05515;-0.05517;-0.0002405;-0.0001155;-89.88;-0.06;100.05;0.21;100.05;0.05515;0.05517;-2.597E-05;-12.585;-12.583;-99.990;0.00;-154.34;
2025-11-20 17:59:22.60;0.00:00:40:851;-1.00;0.00;0.00;0.0552;-0.05523;-0.0002371;-0.0001107;-89.88;-0.06;100.05;0.20;100.05;0.0552;0.05523;-2.71E-05;-12.581;-12.578;-99.990;0.00;-154.98;
2025-11-20 17:59:22.64;0.00:00:40:897;-1.00;0.00;0.00;0.05558;-0.05561;-0.0002276;-0.0001217;-89.88;-0.06;100.05;0.22;100.05;0.05558;0.05561;-2.874E-05;-12.551;-12.548;-99.990;0.00;-151.86;
2025-11-20 17:59:22.69;0.00:00:40:944;-1.00;0.00;0.00;0.05574;-0.05577;-0.000252;-0.0001168;-89.87;-0.06;100.05;0.21;100.04;0.05574;0.05577;-2.514E-05;-12.538;-12.536;-99.990;0.00;-155.13;
2025-11-20 17:59:22.74;0.00:00:40:994;-1.00;0.00;0.00;0.05584;-0.05586;-0.0002513;-0.0001132;-89.87;-0.06;100.05;0.20;100.05;0.05584;0.05586;-2.68E-05;-12.531;-12.529;-99.990;0.00;-155.75;
2025-11-20 17:59:22.80;0.00:00:41:053;-1.00;0.00;0.00;0.05549;-0.05551;-0.0002616;-0.0001143;-89.86;-0.06;100.04;0.21;100.04;0.05549;0.05551;-2.125E-05;-12.558;-12.556;-99.990;0.00;-156.39;
2025-11-20 17:59:22.85;0.00:00:41:101;-1.00;0.00;0.00;0.05543;-0.05545;-0.0002693;-0.0001044;-89.86;-0.05;100.03;0.19;100.03;0.05543;0.05545;-1.879E-05;-12.562;-12.561;-99.990;0.00;-158.81;
2025-11-20 17:59:22.90;0.00:00:41:154;-1.00;0.00;0.00;0.05519;-0.05521;-0.000271;-0.0001077;-89.86;-0.06;100.04;0.20;100.04;0.05519;0.05521;-2.202E-05;-12.581;-12.580;-99.990;0.00;-158.32;
2025-11-20 17:59:22.96;0.00:00:41:211;-1.00;0.00;0.00;0.05522;-0.05524;-0.0002498;-0.0001105;-89.87;-0.06;100.04;0.20;100.04;0.05522;0.05524;-2.435E-05;-12.579;-12.577;-99.990;0.00;-156.14;
2025-11-20 17:59:23.00;0.00:00:41:256;-1.00;0.00;0.00;0.05531;-0.05534;-0.0002317;-0.0001242;-89.88;-0.06;100.05;0.22;100.05;0.05531;0.05534;-2.815E-05;-12.572;-12.569;-99.990;0.00;-151.81;
2025-11-20 17:59:23.05;0.00:00:41:304;-1.00;0.00;0.00;0.05547;-0.05549;-0.0002565;-0.000119;-89.87;-0.06;100.04;0.21;100.04;0.05547;0.05549;-2.341E-05;-12.560;-12.558;-99.990;0.00;-155.11;
2025-11-20 17:59:23.10;0.00:00:41:351;-1.00;0.00;0.00;0.05543;-0.05546;-0.000253;-0.0001186;-89.87;-0.06;100.04;0.21;100.04;0.05543;0.05546;-2.289E-05;-12.562;-12.560;-99.990;0.00;-154.88;
2025-11-20 17:59:23.14;0.00:00:41:399;-1.00;0.00;0.00;0.05562;-0.05564;-0.0002427;-0.0001213;-89.88;-0.06;100.05;0.22;100.05;0.05562;0.05564;-2.72E-05;-12.548;-12.546;-99.990;0.00;-153.44;
2025-11-20 17:59:23.19;0.00:00:41:446;-1.00;0.00;0.00;0.05565;-0.05568;-0.0002537;-0.0001099;-89.87;-0.06;100.04;0.20;100.04;0.05565;0.05568;-2.298E-05;-12.545;-12.543;-99.990;0.00;-156.58;
2025-11-20 17:59:23.24;0.00:00:41:493;-1.00;0.00;0.00;0.05555;-0.05557;-0.0002672;-0.0001055;-89.86;-0.05;100.04;0.19;100.04;0.05555;0.05557;-2.211E-05;-12.554;-12.552;-99.990;0.00;-158.46;
2025-11-20 17:59:23.29;0.00:00:41:540;-1.00;0.00;0.00;0.05522;-0.05525;-0.0002529;-0.0001185;-89.87;-0.06;100.05;0.21;100.05;0.05522;0.05525;-2.502E-05;-12.579;-12.577;-99.990;0.00;-154.90;
2025-11-20 17:59:23.33;0.00:00:41:587;-1.00;0.00;0.00;0.05526;-0.05528;-0.0002582;-0.0001035;-89.87;-0.05;100.04;0.19;100.04;0.05526;0.05528;-2.304E-05;-12.576;-12.574;-99.990;0.00;-158.17;
2025-11-20 17:59:23.38;0.00:00:41:635;-1.00;0.00;0.00;0.05516;-0.05518;-0.0002363;-0.0001248;-89.88;-0.06;100.05;0.23;100.05;0.05516;0.05518;-2.802E-05;-12.584;-12.582;-99.990;0.00;-152.17;
2025-11-20 17:59:23.43;0.00:00:41:681;-1.00;0.00;0.00;0.05545;-0.05547;-0.0002244;-0.0001223;-89.88;-0.06;100.05;0.22;100.05;0.05545;0.05547;-2.595E-05;-12.561;-12.559;-99.990;0.00;-151.41;
2025-11-20 17:59:23.48;0.00:00:41:730;-1.00;0.00;0.00;0.05546;-0.05548;-0.0002769;-0.0001043;-89.86;-0.05;100.04;0.19;100.04;0.05546;0.05548;-1.952E-05;-12.560;-12.558;-99.990;0.00;-159.35;
2025-11-20 17:59:23.52;0.00:00:41:776;-1.00;0.00;0.00;0.05516;-0.05518;-0.0002511;-0.0001099;-89.87;-0.06;100.04;0.20;100.04;0.05516;0.05518;-2.455E-05;-12.584;-12.582;-99.990;0.00;-156.36;
2025-11-20 17:59:23.57;0.00:00:41:823;-1.00;0.00;0.00;0.05525;-0.05528;-0.0002288;-0.0001123;-89.88;-0.06;100.05;0.20;100.05;0.05525;0.05528;-2.608E-05;-12.576;-12.574;-99.990;0.00;-153.86;
2025-11-20 17:59:23.62;0.00:00:41:871;-1.00;0.00;0.00;0.05525;-0.05527;-0.000234;-0.000117;-89.88;-0.06;100.04;0.21;100.04;0.05525;0.05527;-2.332E-05;-12.577;-12.575;-99.990;0.00;-153.42;
2025-11-20 17:59:23.67;0.00:00:41:922;-1.00;0.00;0.00;0.05535;-0.05537;-0.0002483;-0.0001073;-89.87;-0.06;100.04;0.19;100.04;0.05535;0.05537;-2.325E-05;-12.569;-12.567;-99.990;0.00;-156.63;
2025-11-20 17:59:23.73;0.00:00:41:980;-1.00;0.00;0.00;0.05559;-0.05561;-0.0002409;-0.0001117;-89.88;-0.06;100.05;0.20;100.05;0.05559;0.05561;-2.563E-05;-12.550;-12.548;-99.990;0.00;-155.13;
2025-11-20 17:59:23.77;0.00:00:42:027;-1.00;0.00;0.00;0.05543;-0.05545;-0.0002744;-0.0001042;-89.86;-0.05;100.04;0.19;100.04;0.05543;0.05545;-2.029E-05;-12.563;-12.561;-99.990;0.00;-159.21;
2025-11-20 17:59:23.82;0.00:00:42:074;-1.00;0.00;0.00;0.0551;-0.05512;-0.0002539;-0.0001069;-89.87;-0.06;100.04;0.19;100.04;0.0551;0.05512;-1.995E-05;-12.588;-12.587;-99.990;0.00;-157.17;
2025-11-20 17:59:23.87;0.00:00:42:120;-1.00;0.00;0.00;0.05501;-0.05503;-0.0002463;-0.0001092;-89.87;-0.06;100.05;0.20;100.05;0.05501;0.05503;-2.503E-05;-12.596;-12.594;-99.990;0.00;-156.08;
2025-11-20 17:59:23.91;0.00:00:42:168;-1.00;0.00;0.00;0.05538;-0.0554;-0.0002428;-0.0001112;-89.87;-0.06;100.04;0.20;100.04;0.05538;0.0554;-2.392E-05;-12.567;-12.565;-99.990;0.00;-155.39;
2025-11-20 17:59:23.96;0.00:00:42:218;-1.00;0.00;0.00;0.05538;-0.05541;-0.0002487;-0.0001163;-89.87;-0.06;100.05;0.21;100.05;0.05538;0.05541;-2.603E-05;-12.566;-12.564;-99.990;0.00;-154.94;
2025-11-20 17:59:24.02;0.00:00:42:276;-1.00;0.00;0.00;0.05535;-0.05537;-0.0002606;-0.00011;-89.87;-0.06;100.04;0.20;100.04;0.05535;0.05537;-2.009E-05;-12.569;-12.567;-99.990;0.00;-157.11;
2025-11-20 17:59:24.07;0.00:00:42:325;-1.00;0.00;0.00;0.05519;-0.05521;-0.000264;-0.0001125;-89.86;-0.06;100.04;0.20;100.04;0.05519;0.05521;-2.175E-05;-12.581;-12.580;-99.990;0.00;-156.92;
2025-11-20 17:59:24.12;0.00:00:42:370;-1.00;0.00;0.00;0.05535;-0.05538;-0.0002349;-0.0001222;-89.88;-0.06;100.05;0.22;100.05;0.05535;0.05538;-2.762E-05;-12.569;-12.567;-99.990;0.00;-152.52;
2025-11-20 17:59:24.16;0.00:00:42:417;-1.00;-0.01;0.00;0.05529;-0.0553;-0.0002816;-0.0001026;-89.85;-0.05;100.03;0.19;100.03;0.05529;0.0553;-1.847E-05;-12.574;-12.572;-99.990;0.00;-159.98;
2025-11-20 17:59:24.21;0.00:00:42:465;-1.00;0.00;0.00;0.05515;-0.05518;-0.0002446;-0.0001081;-89.87;-0.06;100.04;0.20;100.04;0.05515;0.05518;-2.355E-05;-12.584;-12.582;-99.990;0.00;-156.16;
2025-11-20 17:59:24.26;0.00:00:42:509;-1.00;0.00;0.00;0.05487;-0.05489;-0.0002687;-0.0001043;-89.86;-0.05;100.03;0.19;100.03;0.05487;0.05489;-1.844E-05;-12.607;-12.605;-99.990;0.00;-158.79;
2025-11-20 17:59:24.30;0.00:00:42:557;-1.00;0.00;0.00;0.05478;-0.0548;-0.0002424;-0.0001128;-89.87;-0.06;100.05;0.21;100.05;0.05478;0.0548;-2.662E-05;-12.614;-12.612;-99.990;0.00;-155.03;
2025-11-20 17:59:24.35;0.00:00:42:602;-1.00;0.00;0.00;0.05511;-0.05514;-0.0002373;-0.0001142;-89.88;-0.06;100.05;0.21;100.05;0.05511;0.05514;-2.767E-05;-12.587;-12.585;-99.990;0.00;-154.30;
2025-11-20 17:59:24.40;0.00:00:42:654;-1.00;0.00;0.00;0.05519;-0.05521;-0.0002409;-0.0001145;-89.88;-0.06;100.05;0.21;100.04;0.05519;0.05521;-2.494E-05;-12.582;-12.580;-99.990;0.00;-154.58;
2025-11-20 17:59:24.46;0.00:00:42:713;-1.00;0.00;0.00;0.05555;-0.05557;-0.0002287;-0.0001124;-89.88;-0.06;100.05;0.20;100.05;0.05555;0.05557;-2.888E-05;-12.554;-12.551;-99.990;0.00;-153.82;
2025-11-20 17:59:24.51;0.00:00:42:760;-1.00;0.00;0.00;0.05546;-0.05548;-0.0002588;-0.0001084;-89.87;-0.06;100.04;0.20;100.04;0.05546;0.05548;-1.963E-05;-12.560;-12.559;-99.990;0.00;-157.27;
2025-11-20 17:59:24.55;0.00:00:42:807;-1.00;0.00;0.00;0.05536;-0.05538;-0.0002487;-0.0001084;-89.87;-0.06;100.04;0.20;100.04;0.05536;0.05538;-2.474E-05;-12.568;-12.566;-99.990;0.00;-156.44;
2025-11-20 17:59:24.60;0.00:00:42:853;-1.00;0.00;0.00;0.05525;-0.05528;-0.0002617;-0.0001134;-89.86;-0.06;100.04;0.21;100.04;0.05525;0.05528;-2.453E-05;-12.576;-12.574;-99.990;0.00;-156.57;
2025-11-20 17:59:24.65;0.00:00:42:901;-1.00;0.00;0.00;0.05548;-0.0555;-0.0002514;-0.0001117;-89.87;-0.06;100.04;0.20;100.04;0.05548;0.0555;-2.413E-05;-12.559;-12.557;-99.990;0.00;-156.04;
2025-11-20 17:59:24.70;0.00:00:42:952;-1.00;0.00;0.00;0.05538;-0.0554;-0.0002735;-0.0001017;-89.86;-0.05;100.04;0.18;100.04;0.05538;0.0554;-2.016E-05;-12.566;-12.565;-99.990;0.00;-159.61;
2025-11-20 17:59:24.76;0.00:00:43:010;-1.00;0.00;0.00;0.05521;-0.05523;-0.0002601;-0.0001129;-89.87;-0.06;100.04;0.20;100.04;0.05521;0.05523;-2.12E-05;-12.580;-12.578;-99.990;0.00;-156.53;
2025-11-20 17:59:24.80;0.00:00:43:058;-1.00;0.00;0.00;0.05517;-0.05519;-0.0002461;-0.0001181;-89.87;-0.06;100.04;0.21;100.04;0.05517;0.05519;-2.433E-05;-12.583;-12.581;-99.990;0.00;-154.36;
2025-11-20 17:59:24.85;0.00:00:43:104;-1.00;0.00;0.00;0.05524;-0.05527;-0.0002512;-0.0001105;-89.87;-0.06;100.04;0.20;100.04;0.05524;0.05527;-2.381E-05;-12.577;-12.575;-99.990;0.00;-156.25;
2025-11-20 17:59:24.90;0.00:00:43:151;-1.00;0.00;0.00;0.05526;-0.05528;-0.0002477;-0.0001045;-89.87;-0.05;100.04;0.19;100.04;0.05526;0.05528;-2.188E-05;-12.576;-12.574;-99.990;0.00;-157.13;
2025-11-20 17:59:24.94;0.00:00:43:198;-1.00;0.00;0.00;0.05515;-0.05518;-0.0002414;-0.0001163;-89.87;-0.06;100.05;0.21;100.05;0.05515;0.05518;-2.603E-05;-12.584;-12.582;-99.990;0.00;-154.27;
2025-11-20 17:59:24.99;0.00:00:43:246;-1.00;0.00;0.00;0.05513;-0.05516;-0.0002575;-0.0001127;-89.87;-0.06;100.04;0.20;100.04;0.05513;0.05516;-2.36E-05;-12.586;-12.584;-99.990;0.00;-156.36;
2025-11-20 17:59:25.04;0.00:00:43:295;-1.00;0.00;0.00;0.05521;-0.05524;-0.0002404;-0.0001116;-89.88;-0.06;100.05;0.20;100.05;0.05521;0.05524;-2.728E-05;-12.580;-12.577;-99.990;0.00;-155.11;
2025-11-20 17:59:25.09;0.00:00:43:340;-1.00;0.00;0.00;0.05522;-0.05524;-0.0002548;-0.000112;-89.87;-0.06;100.05;0.20;100.05;0.05522;0.05524;-2.595E-05;-12.579;-12.577;-99.990;0.00;-156.26;
2025-11-20 17:59:25.13;0.00:00:43:387;-1.00;0.00;0.00;0.05516;-0.05518;-0.00025;-0.0001111;-89.87;-0.06;100.04;0.20;100.04;0.05516;0.05518;-2.168E-05;-12.584;-12.582;-99.990;0.00;-156.04;
2025-11-20 17:59:25.18;0.00:00:43:433;-1.00;0.00;0.00;0.05532;-0.05534;-0.0002611;-0.0001152;-89.86;-0.06;100.04;0.21;100.04;0.05532;0.05534;-2.274E-05;-12.571;-12.570;-99.990;0.00;-156.20;
2025-11-20 17:59:25.23;0.00:00:43:480;-1.00;0.00;0.00;0.05535;-0.05538;-0.000237;-0.0001184;-89.88;-0.06;100.05;0.21;100.05;0.05535;0.05538;-2.651E-05;-12.569;-12.566;-99.990;0.00;-153.45;
2025-11-20 17:59:25.27;0.00:00:43:526;-1.00;0.00;0.00;0.05546;-0.05548;-0.00024;-0.0001111;-89.88;-0.06;100.05;0.20;100.05;0.05546;0.05548;-2.617E-05;-12.561;-12.559;-99.990;0.00;-155.17;
2025-11-20 17:59:25.32;0.00:00:43:571;-1.00;0.00;0.00;0.05558;-0.05561;-0.0002558;-0.0001176;-89.87;-0.06;100.05;0.21;100.05;0.05558;0.05561;-2.568E-05;-12.551;-12.549;-99.990;0.00;-155.32;
2025-11-20 17:59:25.37;0.00:00:43:619;-1.00;0.00;0.00;0.05554;-0.05556;-0.00026;-0.0001068;-89.87;-0.06;100.04;0.19;100.04;0.05554;0.05556;-2.394E-05;-12.554;-12.552;-99.990;0.00;-157.67;
2025-11-20 17:59:25.41;0.00:00:43:667;-1.00;0.00;0.00;0.0555;-0.05553;-0.0002511;-0.0001135;-89.87;-0.06;100.05;0.20;100.05;0.0555;0.05553;-2.697E-05;-12.557;-12.555;-99.990;0.00;-155.68;
2025-11-20 17:59:25.46;0.00:00:43:714;-1.00;0.00;0.00;0.05544;-0.05546;-0.0002576;-0.0001008;-89.87;-0.05;100.04;0.18;100.04;0.05544;0.05546;-2.051E-05;-12.562;-12.560;-99.990;0.00;-158.63;
2025-11-20 17:59:25.51;0.00:00:43:762;-1.00;0.00;0.00;0.05526;-0.05529;-0.0002509;-0.0001193;-89.87;-0.06;100.04;0.22;100.04;0.05526;0.05529;-2.338E-05;-12.576;-12.574;-99.990;0.00;-154.57;
2025-11-20 17:59:25.55;0.00:00:43:809;-1.00;0.00;0.00;0.05547;-0.05549;-0.0002344;-0.0001097;-89.88;-0.06;100.04;0.20;100.04;0.05547;0.05549;-2.43E-05;-12.559;-12.557;-99.990;0.00;-154.93;
2025-11-20 17:59:25.60;0.00:00:43:855;-1.00;0.00;0.00;0.05548;-0.0555;-0.0002604;-0.0001138;-89.87;-0.06;100.04;0.21;100.04;0.05548;0.05551;-2.308E-05;-12.558;-12.557;-99.990;0.00;-156.40;
2025-11-20 17:59:25.65;0.00:00:43:902;-1.00;0.00;0.00;0.05557;-0.05559;-0.0002524;-0.0001132;-89.87;-0.06;100.04;0.20;100.04;0.05557;0.05559;-2.289E-05;-12.552;-12.550;-99.990;0.00;-155.84;
2025-11-20 17:59:25.69;0.00:00:43:948;-1.00;0.00;0.00;0.05552;-0.05554;-0.0002594;-0.000107;-89.87;-0.06;100.04;0.19;100.04;0.05552;0.05555;-2.293E-05;-12.555;-12.554;-99.990;0.00;-157.59;
2025-11-20 17:59:25.74;0.00:00:43:994;-1.00;0.00;0.00;0.05537;-0.0554;-0.0002636;-0.0001115;-89.86;-0.06;100.04;0.20;100.04;0.05537;0.0554;-2.259E-05;-12.567;-12.565;-99.990;0.00;-157.08;
2025-11-20 17:59:25.79;0.00:00:44:042;-1.00;0.00;0.00;0.05535;-0.05538;-0.0002187;-0.0001195;-89.89;-0.06;100.06;0.22;100.06;0.05535;0.05538;-3.105E-05;-12.569;-12.567;-99.990;0.00;-151.34;
2025-11-20 17:59:25.83;0.00:00:44:089;-1.00;0.00;0.00;0.05531;-0.05532;-0.0002649;-0.0001091;-89.86;-0.06;100.04;0.20;100.04;0.05531;0.05533;-2.024E-05;-12.572;-12.571;-99.990;0.00;-157.63;
2025-11-20 17:59:25.88;0.00:00:44:135;-1.00;0.00;0.00;0.05511;-0.05513;-0.0002482;-0.0001104;-89.87;-0.06;100.04;0.20;100.04;0.05511;0.05513;-2.226E-05;-12.588;-12.586;-99.990;0.00;-156.03;
2025-11-20 17:59:25.93;0.00:00:44:188;-1.00;0.00;0.00;0.05512;-0.05515;-0.0002437;-0.0001126;-89.87;-0.06;100.05;0.20;100.05;0.05512;0.05515;-2.519E-05;-12.587;-12.585;-99.990;0.00;-155.21;
2025-11-20 17:59:25.99;0.00:00:44:246;-1.00;0.00;0.00;0.05537;-0.05539;-0.0002304;-0.0001192;-89.88;-0.06;100.05;0.22;100.05;0.05537;0.05539;-2.696E-05;-12.568;-12.565;-99.990;0.00;-152.64;
2025-11-20 17:59:26.04;0.00:00:44:294;-1.00;0.00;0.00;0.0555;-0.05552;-0.0002481;-0.0001106;-89.87;-0.06;100.04;0.20;100.04;0.0555;0.05552;-2.214E-05;-12.557;-12.555;-99.990;0.00;-155.97;
2025-11-20 17:59:26.09;0.00:00:44:339;-1.00;0.00;0.00;0.05531;-0.05533;-0.0002494;-0.0001127;-89.87;-0.06;100.04;0.20;100.04;0.05531;0.05533;-2.323E-05;-12.572;-12.570;-99.990;0.00;-155.69;
2025-11-20 17:59:26.13;0.00:00:44:386;-1.00;0.00;0.00;0.05536;-0.05539;-0.0002512;-0.0001067;-89.87;-0.06;100.04;0.19;100.04;0.05536;0.05539;-2.375E-05;-12.568;-12.566;-99.990;0.00;-156.98;
2025-11-20 17:59:26.18;0.00:00:44:433;-1.00;0.00;0.00;0.05542;-0.05544;-0.0002453;-0.0001163;-89.87;-0.06;100.05;0.21;100.05;0.05542;0.05544;-2.599E-05;-12.564;-12.561;-99.990;0.00;-154.63;
2025-11-20 17:59:26.22;0.00:00:44:479;-1.00;0.00;0.00;0.05511;-0.05514;-0.0002541;-0.0001167;-89.87;-0.06;100.04;0.21;100.04;0.05511;0.05514;-2.337E-05;-12.587;-12.586;-99.990;0.00;-155.34;
2025-11-20 17:59:26.27;0.00:00:44:527;-1.00;0.00;0.00;0.05515;-0.05518;-0.0002429;-0.0001104;-89.87;-0.06;100.05;0.20;100.05;0.05515;0.05518;-2.625E-05;-12.584;-12.582;-99.990;0.00;-155.56;
2025-11-20 17:59:26.32;0.00:00:44:573;-1.00;0.00;0.00;0.05513;-0.05516;-0.0002535;-0.0001109;-89.87;-0.06;100.04;0.20;100.04;0.05513;0.05516;-2.327E-05;-12.586;-12.584;-99.990;0.00;-156.37;
2025-11-20 17:59:26.37;0.00:00:44:624;-1.00;0.00;0.00;0.05513;-0.05515;-0.0002446;-0.0001068;-89.87;-0.06;100.04;0.19;100.04;0.05513;0.05515;-2.475E-05;-12.586;-12.584;-99.990;0.00;-156.41;
2025-11-20 17:59:26.43;0.00:00:44:683;-1.00;0.00;0.00;0.05513;-0.05516;-0.0002397;-0.0001161;-89.88;-0.06;100.05;0.21;100.05;0.05513;0.05516;-2.641E-05;-12.586;-12.584;-99.990;0.00;-154.15;
2025-11-20 17:59:26.47;0.00:00:44:728;-1.00;0.00;0.00;0.05528;-0.05531;-0.000236;-0.000112;-89.88;-0.06;100.05;0.20;100.05;0.05528;0.05531;-2.504E-05;-12.574;-12.572;-99.990;0.00;-154.62;
2025-11-20 17:59:26.52;0.00:00:44:775;-1.00;0.00;0.00;0.05535;-0.05537;-0.000243;-0.0001088;-89.87;-0.06;100.04;0.20;100.04;0.05535;0.05537;-2.369E-05;-12.569;-12.567;-99.990;0.00;-155.88;
2025-11-20 17:59:26.57;0.00:00:44:823;-1.00;0.00;0.00;0.05537;-0.0554;-0.0002392;-0.0001195;-89.88;-0.06;100.05;0.22;100.05;0.05537;0.0554;-2.542E-05;-12.567;-12.565;-99.990;0.00;-153.46;
2025-11-20 17:59:26.62;0.00:00:44:869;-1.00;0.00;0.00;0.0554;-0.05543;-0.0002569;-0.0001129;-89.87;-0.06;100.04;0.20;100.04;0.0554;0.05543;-2.222E-05;-12.565;-12.563;-99.990;0.00;-156.27;
2025-11-20 17:59:26.67;0.00:00:44:923;-1.00;0.00;0.00;0.05542;-0.05545;-0.0002391;-0.0001131;-89.88;-0.06;100.05;0.20;100.04;0.05542;0.05545;-2.5E-05;-12.563;-12.561;-99.990;0.00;-154.70;
2025-11-20 17:59:26.73;0.00:00:44:980;-1.00;0.00;0.00;0.05542;-0.05544;-0.0002539;-0.0001114;-89.87;-0.06;100.05;0.20;100.05;0.05542;0.05544;-2.588E-05;-12.564;-12.561;-99.990;0.00;-156.31;
2025-11-20 17:59:26.77;0.00:00:45:027;-1.00;0.00;0.00;0.05534;-0.05536;-0.0002626;-9.788E-05;-89.86;-0.05;100.04;0.18;100.04;0.05534;0.05536;-2.053E-05;-12.569;-12.568;-99.990;0.00;-159.55;
2025-11-20 17:59:26.82;0.00:00:45:073;-1.00;0.00;0.00;0.05502;-0.05504;-0.0002664;-0.0001094;-89.86;-0.06;100.04;0.20;100.04;0.05502;0.05504;-2.129E-05;-12.595;-12.593;-99.990;0.00;-157.68;
2025-11-20 17:59:26.87;0.00:00:45:120;-1.00;0.00;0.00;0.05494;-0.05496;-0.0002414;-0.0001193;-89.87;-0.06;100.05;0.22;100.05;0.05494;0.05496;-2.566E-05;-12.601;-12.599;-99.990;0.00;-153.71;
2025-11-20 17:59:26.91;0.00:00:45:167;-1.00;0.00;0.00;0.05524;-0.05527;-0.0001999;-0.0001272;-89.90;-0.07;100.06;0.23;100.06;0.05524;0.05527;-3.392E-05;-12.577;-12.575;-99.990;0.00;-147.52;
2025-11-20 17:59:26.96;0.00:00:45:214;-1.00;0.00;0.00;0.0555;-0.05553;-0.0002451;-0.0001155;-89.87;-0.06;100.05;0.21;100.04;0.0555;0.05553;-2.509E-05;-12.557;-12.555;-99.990;0.00;-154.78;
2025-11-20 17:59:27.01;0.00:00:45:260;-1.00;0.00;0.00;0.05552;-0.05554;-0.0002556;-0.0001083;-89.87;-0.06;100.04;0.20;100.04;0.05552;0.05554;-2.221E-05;-12.556;-12.554;-99.990;0.00;-157.03;
2025-11-20 17:59:27.05;0.00:00:45:307;-1.00;0.00;0.00;0.05514;-0.05516;-0.0002607;-0.0001041;-89.86;-0.05;100.04;0.19;100.04;0.05514;0.05517;-2.09E-05;-12.585;-12.583;-99.990;0.00;-158.23;
2025-11-20 17:59:27.11;0.00:00:45:359;-1.00;0.00;0.00;0.05507;-0.05509;-0.0002443;-0.0001129;-89.87;-0.06;100.05;0.20;100.05;0.05507;0.0551;-2.511E-05;-12.591;-12.589;-99.990;0.00;-155.21;
2025-11-20 17:59:27.16;0.00:00:45:415;-1.00;0.00;0.00;0.05523;-0.05526;-0.0002403;-0.0001104;-89.88;-0.06;100.04;0.20;100.04;0.05523;0.05526;-2.486E-05;-12.578;-12.576;-99.990;0.00;-155.33;
2025-11-20 17:59:27.21;0.00:00:45:462;-1.00;0.00;0.00;0.05523;-0.05525;-0.0002501;-0.0001081;-89.87;-0.06;100.04;0.20;100.04;0.05523;0.05525;-2.397E-05;-12.578;-12.576;-99.990;0.00;-156.62;
2025-11-20 17:59:27.25;0.00:00:45:508;-1.00;0.00;0.00;0.05524;-0.05526;-0.0002541;-0.0001164;-89.87;-0.06;100.05;0.21;100.05;0.05524;0.05526;-2.535E-05;-12.578;-12.576;-99.990;0.00;-155.40;
2025-11-20 17:59:27.30;0.00:00:45:556;-1.00;0.00;0.00;0.05541;-0.05544;-0.0002332;-0.0001205;-89.88;-0.06;100.05;0.22;100.05;0.05541;0.05544;-3.003E-05;-12.564;-12.562;-99.990;0.00;-152.68;
2025-11-20 17:59:27.35;0.00:00:45:604;-1.00;-0.01;0.00;0.05546;-0.05548;-0.0002802;-9.758E-05;-89.86;-0.05;100.03;0.18;100.03;0.05546;0.05548;-1.886E-05;-12.560;-12.559;-99.990;0.00;-160.80;
2025-11-20 17:59:27.40;0.00:00:45:657;-1.00;0.00;0.00;0.05532;-0.05535;-0.0002294;-0.0001225;-89.88;-0.06;100.05;0.22;100.05;0.05532;0.05535;-2.965E-05;-12.571;-12.569;-99.990;0.00;-151.91;
2025-11-20 17:59:27.46;0.00:00:45:712;-1.00;0.00;0.00;0.05536;-0.05539;-0.0002484;-0.0001114;-89.87;-0.06;100.05;0.20;100.05;0.05536;0.05539;-2.536E-05;-12.568;-12.566;-99.990;0.00;-155.85;
2025-11-20 17:59:27.51;0.00:00:45:760;-1.00;0.00;0.00;0.05529;-0.05532;-0.0002669;-0.0001083;-89.86;-0.06;100.04;0.20;100.04;0.05529;0.05532;-2.212E-05;-12.573;-12.571;-99.990;0.00;-157.92;
2025-11-20 17:59:27.55;0.00:00:45:806;-1.00;0.00;0.00;0.05504;-0.05506;-0.0002582;-0.0001044;-89.87;-0.05;100.04;0.19;100.04;0.05504;0.05506;-2.416E-05;-12.593;-12.591;-99.990;0.00;-157.99;
2025-11-20 17:59:27.60;0.00:00:45:854;-1.00;0.00;0.00;0.05499;-0.05501;-0.0002577;-0.0001092;-89.87;-0.06;100.04;0.20;100.04;0.05499;0.05501;-2.222E-05;-12.597;-12.595;-99.990;0.00;-157.04;
2025-11-20 17:59:27.65;0.00:00:45:902;-1.00;0.00;0.00;0.05521;-0.05524;-0.0002322;-0.0001263;-89.88;-0.07;100.05;0.23;100.05;0.05521;0.05524;-2.915E-05;-12.579;-12.577;-99.990;0.00;-151.46;
2025-11-20 17:59:27.70;0.00:00:45:950;-1.00;0.00;0.00;0.05548;-0.05551;-0.0002382;-0.0001139;-89.88;-0.06;100.05;0.21;100.05;0.05548;0.05551;-2.619E-05;-12.558;-12.556;-99.990;0.00;-154.45;
2025-11-20 17:59:27.76;0.00:00:46:011;-1.00;0.00;0.00;0.0555;-0.05553;-0.0002421;-0.0001076;-89.88;-0.06;100.05;0.19;100.05;0.0555;0.05553;-2.636E-05;-12.557;-12.555;-99.990;0.00;-156.05;
2025-11-20 17:59:27.80;0.00:00:46:056;-1.00;0.00;0.00;0.05563;-0.05565;-0.0002299;-0.0001276;-89.88;-0.07;100.05;0.23;100.05;0.05563;0.05566;-2.909E-05;-12.547;-12.545;-99.990;0.00;-150.96;
2025-11-20 17:59:27.85;0.00:00:46:103;-1.00;-0.01;0.00;0.05581;-0.05582;-0.0002888;-9.908E-05;-89.85;-0.05;100.03;0.18;100.03;0.05581;0.05582;-1.741E-05;-12.533;-12.532;-99.990;0.00;-161.06;
2025-11-20 17:59:27.89;0.00:00:46:149;-1.00;0.00;0.00;0.05558;-0.0556;-0.000257;-0.0001107;-89.87;-0.06;100.04;0.20;100.04;0.05558;0.0556;-2.217E-05;-12.551;-12.549;-99.990;0.00;-156.70;
2025-11-20 17:59:27.94;0.00:00:46:196;-1.00;0.00;0.00;0.05543;-0.05545;-0.0002674;-0.0001046;-89.86;-0.05;100.04;0.19;100.04;0.05543;0.05545;-2.106E-05;-12.562;-12.561;-99.990;0.00;-158.65;
2025-11-20 17:59:27.99;0.00:00:46:242;-1.00;0.00;0.00;0.05514;-0.05516;-0.000244;-0.0001209;-89.87;-0.06;100.04;0.22;100.04;0.05514;0.05516;-2.476E-05;-12.586;-12.584;-99.990;0.00;-153.63;
2025-11-20 17:59:28.03;0.00:00:46:289;-1.00;0.00;0.00;0.0553;-0.05533;-0.0002432;-0.0001111;-89.87;-0.06;100.05;0.20;100.05;0.0553;0.05533;-2.682E-05;-12.573;-12.570;-99.990;0.00;-155.44;
2025-11-20 17:59:28.08;0.00:00:46:336;-1.00;0.00;0.00;0.05529;-0.05531;-0.0002317;-0.0001198;-89.88;-0.06;100.04;0.22;100.04;0.05529;0.05531;-2.477E-05;-12.574;-12.572;-99.990;0.00;-152.66;
2025-11-20 17:59:28.13;0.00:00:46:383;-1.00;0.00;0.00;0.05542;-0.05545;-0.0002441;-0.0001182;-89.87;-0.06;100.05;0.21;100.05;0.05542;0.05545;-2.81E-05;-12.563;-12.561;-99.990;0.00;-154.17;
2025-11-20 17:59:28.18;0.00:00:46:431;-1.00;0.00;0.00;0.05553;-0.05555;-0.0002412;-0.0001121;-89.88;-0.06;100.04;0.20;100.04;0.05553;0.05555;-2.199E-05;-12.555;-12.553;-99.990;0.00;-155.08;
2025-11-20 17:59:28.22;0.00:00:46:477;-1.00;0.00;0.00;0.05527;-0.05529;-0.0002667;-0.0001118;-89.86;-0.06;100.04;0.20;100.04;0.05527;0.0553;-2.2E-05;-12.575;-12.573;-99.990;0.00;-157.26;
2025-11-20 17:59:28.27;0.00:00:46:524;-1.00;0.00;0.00;0.05523;-0.05525;-0.0002557;-0.0001063;-89.87;-0.06;100.04;0.19;100.04;0.05523;0.05525;-2.325E-05;-12.578;-12.576;-99.990;0.00;-157.42;
2025-11-20 17:59:28.32;0.00:00:46:572;-1.00;0.00;0.00;0.05506;-0.05508;-0.0002595;-0.0001098;-89.87;-0.06;100.04;0.20;100.04;0.05506;0.05508;-2.417E-05;-12.592;-12.590;-99.990;0.00;-157.05;
2025-11-20 17:59:28.37;0.00:00:46:619;-1.00;0.00;0.00;0.05512;-0.05515;-0.0002275;-0.0001206;-89.88;-0.06;100.05;0.22;100.05;0.05512;0.05515;-2.635E-05;-12.587;-12.585;-99.990;0.00;-152.07;
2025-11-20 17:59:28.41;0.00:00:46:668;-1.00;0.00;0.00;0.05527;-0.0553;-0.0002402;-0.0001142;-89.88;-0.06;100.04;0.21;100.04;0.05527;0.0553;-2.476E-05;-12.575;-12.573;-99.990;0.00;-154.57;
2025-11-20 17:59:28.46;0.00:00:46:714;-1.00;0.00;0.00;0.05547;-0.0555;-0.0002383;-0.0001173;-89.88;-0.06;100.05;0.21;100.05;0.05547;0.0555;-2.513E-05;-12.559;-12.557;-99.990;0.00;-153.79;
2025-11-20 17:59:28.51;0.00:00:46:761;-1.00;-0.01;0.00;0.0554;-0.05542;-0.0002821;-9.37E-05;-89.85;-0.05;100.03;0.17;100.03;0.0554;0.05542;-1.806E-05;-12.565;-12.563;-99.990;0.00;-161.63;
2025-11-20 17:59:28.56;0.00:00:46:809;-1.00;0.00;0.00;0.05501;-0.05504;-0.000241;-0.0001149;-89.87;-0.06;100.05;0.21;100.05;0.05501;0.05504;-2.558E-05;-12.596;-12.593;-99.990;0.00;-154.51;
2025-11-20 17:59:28.61;0.00:00:46:860;-1.00;0.00;0.00;0.05528;-0.05531;-0.0002173;-0.0001139;-89.89;-0.06;100.05;0.21;100.05;0.05528;0.05531;-3.013E-05;-12.574;-12.572;-99.990;0.00;-152.34;
2025-11-20 17:59:28.66;0.00:00:46:919;-1.00;0.00;0.00;0.05556;-0.05558;-0.0002436;-0.0001091;-89.87;-0.06;100.05;0.20;100.05;0.05556;0.05559;-2.572E-05;-12.552;-12.550;-99.990;0.00;-155.87;
2025-11-20 17:59:28.71;0.00:00:46:965;-1.00;0.00;0.00;0.05542;-0.05545;-0.0002642;-9.821E-05;-89.86;-0.05;100.04;0.18;100.04;0.05542;0.05545;-2.234E-05;-12.563;-12.561;-99.990;0.00;-159.61;
2025-11-20 17:59:28.76;0.00:00:47:013;-1.00;0.00;0.00;0.05515;-0.05518;-0.0002416;-0.0001172;-89.87;-0.06;100.05;0.21;100.05;0.05515;0.05518;-2.675E-05;-12.584;-12.582;-99.990;0.00;-154.12;
2025-11-20 17:59:28.80;0.00:00:47:059;-1.00;0.00;0.00;0.05531;-0.05533;-0.0002446;-0.0001086;-89.87;-0.06;100.05;0.20;100.04;0.05531;0.05533;-2.5E-05;-12.572;-12.570;-99.990;0.00;-156.06;
2025-11-20 17:59:28.85;0.00:00:47:105;-1.00;0.00;0.00;0.05527;-0.05529;-0.0002575;-0.0001108;-89.87;-0.06;100.04;0.20;100.04;0.05527;0.05529;-2.089E-05;-12.575;-12.573;-99.990;0.00;-156.72;
2025-11-20 17:59:28.90;0.00:00:47:158;-1.00;0.00;0.00;0.05522;-0.05525;-0.0002573;-0.0001038;-89.87;-0.05;100.04;0.19;100.04;0.05522;0.05525;-2.391E-05;-12.579;-12.577;-99.990;0.00;-158.03;
2025-11-20 17:59:28.96;0.00:00:47:215;-1.00;0.00;0.00;0.05534;-0.05536;-0.000233;-0.0001065;-89.88;-0.06;100.05;0.19;100.05;0.05534;0.05536;-2.861E-05;-12.570;-12.568;-99.990;0.00;-155.44;
2025-11-20 17:59:29.01;0.00:00:47:262;-1.00;0.00;0.00;0.05524;-0.05526;-0.0002755;-0.0001036;-89.86;-0.05;100.04;0.19;100.04;0.05524;0.05526;-2.138E-05;-12.578;-12.576;-99.990;0.00;-159.39;
2025-11-20 17:59:29.06;0.00:00:47:309;-1.00;0.00;0.00;0.05509;-0.05512;-0.0002434;-0.0001118;-89.87;-0.06;100.05;0.20;100.05;0.05509;0.05512;-2.699E-05;-12.589;-12.587;-99.990;0.00;-155.33;
2025-11-20 17:59:29.10;0.00:00:47:357;-1.00;0.00;0.00;0.05513;-0.05515;-0.0002491;-0.0001139;-89.87;-0.06;100.04;0.21;100.04;0.05513;0.05515;-2.37E-05;-12.586;-12.585;-99.990;0.00;-155.43;
2025-11-20 17:59:29.15;0.00:00:47:405;-1.00;0.00;0.00;0.0552;-0.05522;-0.000236;-0.0001097;-89.88;-0.06;100.05;0.20;100.05;0.0552;0.05522;-2.523E-05;-12.581;-12.579;-99.990;0.00;-155.06;
2025-11-20 17:59:29.20;0.00:00:47:452;-1.00;0.00;0.00;0.0553;-0.05533;-0.0002488;-0.0001122;-89.87;-0.06;100.05;0.20;100.05;0.0553;0.05533;-2.715E-05;-12.573;-12.571;-99.990;0.00;-155.72;
2025-11-20 17:59:29.25;0.00:00:47:500;-1.00;0.00;0.00;0.05537;-0.05539;-0.0002584;-0.0001047;-89.87;-0.05;100.04;0.19;100.04;0.05537;0.05539;-1.955E-05;-12.567;-12.566;-99.990;0.00;-157.93;
2025-11-20 17:59:29.29;0.00:00:47:546;-1.00;0.00;0.00;0.05512;-0.05514;-0.0002591;-0.000111;-89.87;-0.06;100.04;0.20;100.04;0.05512;0.05514;-2.293E-05;-12.587;-12.585;-99.990;0.00;-156.82;
2025-11-20 17:59:29.34;0.00:00:47:592;-1.00;0.00;0.00;0.05516;-0.05518;-0.0002363;-0.0001148;-89.88;-0.06;100.05;0.21;100.05;0.05516;0.05518;-2.51E-05;-12.584;-12.582;-99.990;0.00;-154.09;
2025-11-20 17:59:29.39;0.00:00:47:639;-1.00;0.00;0.00;0.05556;-0.05559;-0.0002601;-9.987E-05;-89.87;-0.05;100.04;0.18;100.04;0.05556;0.05559;-2.284E-05;-12.552;-12.550;-99.990;0.00;-158.99;
2025-11-20 17:59:29.43;0.00:00:47:687;-1.00;0.00;0.00;0.05541;-0.05544;-0.000265;-0.0001068;-89.86;-0.06;100.04;0.19;100.04;0.05541;0.05544;-2.15E-05;-12.564;-12.562;-99.990;0.00;-158.05;
2025-11-20 17:59:29.48;0.00:00:47:734;-1.00;0.00;0.00;0.05531;-0.05533;-0.0002619;-9.983E-05;-89.86;-0.05;100.04;0.18;100.04;0.05531;0.05533;-2.196E-05;-12.572;-12.570;-99.990;0.00;-159.13;
2025-11-20 17:59:29.53;0.00:00:47:782;-1.00;0.00;0.00;0.05504;-0.05506;-0.0002418;-0.0001179;-89.87;-0.06;100.05;0.21;100.05;0.05504;0.05506;-2.642E-05;-12.594;-12.591;-99.990;0.00;-154.00;
2025-11-20 17:59:29.58;0.00:00:47:829;-1.00;0.00;0.00;0.05525;-0.05528;-0.000239;-0.0001133;-89.88;-0.06;100.05;0.21;100.05;0.05525;0.05528;-2.718E-05;-12.577;-12.575;-99.990;0.00;-154.64;
2025-11-20 17:59:29.62;0.00:00:47:875;-1.00;0.00;0.00;0.05522;-0.05525;-0.0002271;-0.0001218;-89.88;-0.06;100.06;0.22;100.06;0.05522;0.05525;-3.214E-05;-12.579;-12.576;-99.990;0.00;-151.80;
2025-11-20 17:59:29.67;0.00:00:47:927;-1.00;0.00;0.00;0.05545;-0.05547;-0.0002455;-0.0001081;-89.87;-0.06;100.05;0.19;100.05;0.05545;0.05547;-2.562E-05;-12.561;-12.559;-99.990;0.00;-156.24;
2025-11-20 17:59:29.73;0.00:00:47:985;-1.00;0.00;0.00;0.05542;-0.05544;-0.0002576;-0.000108;-89.87;-0.06;100.04;0.19;100.04;0.05542;0.05544;-2.261E-05;-12.563;-12.561;-99.990;0.00;-157.26;
2025-11-20 17:59:29.78;0.00:00:48:031;-1.00;0.00;0.00;0.0553;-0.05532;-0.0002611;-0.0001111;-89.86;-0.06;100.04;0.20;100.04;0.0553;0.05532;-2.455E-05;-12.573;-12.571;-99.990;0.00;-156.94;
2025-11-20 17:59:29.82;0.00:00:48:078;-1.00;0.00;0.00;0.05535;-0.05537;-0.0002394;-0.0001173;-89.88;-0.06;100.05;0.21;100.05;0.05535;0.05537;-2.646E-05;-12.569;-12.567;-99.990;0.00;-153.90;
2025-11-20 17:59:29.87;0.00:00:48:124;-1.00;0.00;0.00;0.05544;-0.05547;-0.0002646;-0.0001073;-89.86;-0.06;100.04;0.19;100.04;0.05544;0.05547;-2.356E-05;-12.561;-12.560;-99.990;0.00;-157.92;
2025-11-20 17:59:29.92;0.00:00:48:173;-1.00;0.00;0.00;0.05541;-0.05543;-0.0002542;-0.0001055;-89.87;-0.05;100.04;0.19;100.04;0.05541;0.05543;-2.205E-05;-12.564;-12.563;-99.990;0.00;-157.46;
2025-11-20 17:59:29.96;0.00:00:48:219;-1.00;0.00;0.00;0.05528;-0.0553;-0.0002687;-0.0001089;-89.86;-0.06;100.04;0.20;100.04;0.05528;0.0553;-2.228E-05;-12.575;-12.573;-99.990;0.00;-157.93;
2025-11-20 17:59:30.01;0.00:00:48:268;-1.00;0.00;0.00;0.05528;-0.05531;-0.0002289;-0.0001269;-89.88;-0.07;100.05;0.23;100.05;0.05528;0.05531;-2.665E-05;-12.574;-12.572;-99.990;0.00;-150.99;
2025-11-20 17:59:30.06;0.00:00:48:313;-1.00;0.00;0.00;0.05575;-0.05578;-0.0002612;-0.0001082;-89.87;-0.06;100.04;0.19;100.04;0.05575;0.05578;-2.386E-05;-12.537;-12.535;-99.990;0.00;-157.49;
2025-11-20 17:59:30.11;0.00:00:48:360;-1.00;0.00;0.00;0.05566;-0.05569;-0.0002533;-0.0001062;-89.87;-0.05;100.04;0.19;100.04;0.05566;0.05569;-2.388E-05;-12.544;-12.543;-99.990;0.00;-157.26;
2025-11-20 17:59:30.15;0.00:00:48:406;-1.00;0.00;0.00;0.05564;-0.05566;-0.000256;-0.000108;-89.87;-0.06;100.04;0.19;100.04;0.05564;0.05566;-2.259E-05;-12.546;-12.545;-99.990;0.00;-157.13;
2025-11-20 17:59:30.20;0.00:00:48:453;-1.00;0.00;0.00;0.0554;-0.05543;-0.0002442;-0.0001139;-89.87;-0.06;100.05;0.21;100.05;0.0554;0.05543;-2.565E-05;-12.565;-12.563;-99.990;0.00;-154.99;
2025-11-20 17:59:30.26;0.00:00:48:514;-1.00;0.00;0.00;0.05541;-0.05544;-0.0002502;-0.0001107;-89.87;-0.06;100.04;0.20;100.04;0.05541;0.05544;-2.494E-05;-12.564;-12.562;-99.990;0.00;-156.13;
2025-11-20 17:59:30.31;0.00:00:48:560;-1.00;0.00;0.00;0.05541;-0.05543;-0.0002543;-0.0001068;-89.87;-0.06;100.04;0.19;100.04;0.05541;0.05543;-2.128E-05;-12.564;-12.563;-99.990;0.00;-157.22;
2025-11-20 17:59:30.35;0.00:00:48:608;-1.00;0.00;0.00;0.0553;-0.05532;-0.000245;-0.0001106;-89.87;-0.06;100.04;0.20;100.04;0.0553;0.05532;-2.461E-05;-12.573;-12.571;-99.990;0.00;-155.70;
2025-11-20 17:59:30.40;0.00:00:48:653;-1.00;0.00;0.00;0.0553;-0.05532;-0.0002485;-0.0001096;-89.87;-0.06;100.04;0.20;100.04;0.0553;0.05532;-2.477E-05;-12.573;-12.571;-99.990;0.00;-156.21;
2025-11-20 17:59:30.45;0.00:00:48:701;-1.00;0.00;0.00;0.05536;-0.05538;-0.0002543;-0.0001049;-89.87;-0.05;100.04;0.19;100.04;0.05536;0.05538;-2.297E-05;-12.568;-12.567;-99.990;0.00;-157.60;
2025-11-20 17:59:30.49;0.00:00:48:746;-1.00;0.00;0.00;0.05529;-0.05531;-0.0002475;-0.0001159;-89.87;-0.06;100.04;0.21;100.04;0.05529;0.05531;-2.449E-05;-12.574;-12.572;-99.990;0.00;-154.91;
2025-11-20 17:59:30.54;0.00:00:48:795;-1.00;0.00;0.00;0.05528;-0.0553;-0.0002643;-0.0001128;-89.86;-0.06;100.04;0.20;100.04;0.05528;0.0553;-2.338E-05;-12.575;-12.573;-99.990;0.00;-156.89;
2025-11-20 17:59:30.59;0.00:00:48:841;-1.00;0.00;0.00;0.05506;-0.05508;-0.0002519;-0.000112;-89.87;-0.06;100.04;0.20;100.04;0.05506;0.05508;-2.439E-05;-12.592;-12.590;-99.990;0.00;-156.03;
2025-11-20 17:59:30.63;0.00:00:48:888;-1.00;0.00;0.00;0.05507;-0.0551;-0.0002523;-0.0001103;-89.87;-0.06;100.05;0.20;100.05;0.05507;0.0551;-2.5E-05;-12.591;-12.589;-99.990;0.00;-156.39;
2025-11-20 17:59:30.68;0.00:00:48:936;-1.00;0.00;0.00;0.05518;-0.0552;-0.0002222;-0.0001156;-89.88;-0.06;100.05;0.21;100.05;0.05518;0.0552;-2.61E-05;-12.582;-12.580;-99.990;0.00;-152.51;
2025-11-20 17:59:30.73;0.00:00:48:983;-1.00;0.00;0.00;0.05537;-0.05539;-0.0002668;-0.000105;-89.86;-0.05;100.04;0.19;100.04;0.05537;0.05539;-2.082E-05;-12.567;-12.565;-99.990;0.00;-158.52;
2025-11-20 17:59:30.77;0.00:00:49:029;-1.00;0.00;0.00;0.05533;-0.05535;-0.0002462;-0.000112;-89.87;-0.06;100.04;0.20;100.04;0.05533;0.05535;-2.28E-05;-12.570;-12.569;-99.990;0.00;-155.54;
2025-11-20 17:59:30.82;0.00:00:49:076;-1.00;0.00;0.00;0.05515;-0.05517;-0.0002715;-0.0001057;-89.86;-0.05;100.03;0.19;100.03;0.05515;0.05517;-1.792E-05;-12.585;-12.583;-99.990;0.00;-158.73;
2025-11-20 17:59:30.87;0.00:00:49:128;-1.00;0.00;0.00;0.05493;-0.05494;-0.0002698;-0.0001072;-89.86;-0.06;100.03;0.20;100.03;0.05493;0.05494;-1.785E-05;-12.602;-12.601;-99.990;0.00;-158.32;
2025-11-20 17:59:30.93;0.00:00:49:187;-1.00;0.00;0.00;0.05501;-0.05503;-0.0002534;-0.0001096;-89.87;-0.06;100.04;0.20;100.04;0.05501;0.05503;-2.288E-05;-12.595;-12.594;-99.990;0.00;-156.61;
2025-11-20 17:59:30.98;0.00:00:49:233;-1.00;0.00;0.00;0.05505;-0.05507;-0.0002441;-0.000111;-89.87;-0.06;100.04;0.20;100.04;0.05505;0.05507;-2.317E-05;-12.593;-12.591;-99.990;0.00;-155.54;
2025-11-20 17:59:31.03;0.00:00:49:283;-1.00;0.00;0.00;0.05508;-0.0551;-0.0002452;-0.0001109;-89.87;-0.06;100.04;0.20;100.04;0.05508;0.0551;-2.412E-05;-12.590;-12.588;-99.990;0.00;-155.67;
2025-11-20 17:59:31.08;0.00:00:49:329;-1.00;0.00;0.00;0.05515;-0.05518;-0.0002423;-0.0001173;-89.87;-0.06;100.05;0.21;100.05;0.05515;0.05518;-2.559E-05;-12.584;-12.582;-99.990;0.00;-154.17;
2025-11-20 17:59:31.12;0.00:00:49:376;-1.00;0.00;0.00;0.05522;-0.05524;-0.000255;-0.0001062;-89.87;-0.06;100.04;0.19;100.04;0.05522;0.05524;-2.231E-05;-12.579;-12.578;-99.990;0.00;-157.40;
2025-11-20 17:59:31.17;0.00:00:49:421;-1.00;0.00;0.00;0.05519;-0.05522;-0.0002522;-0.0001071;-89.87;-0.06;100.04;0.19;100.04;0.05519;0.05522;-2.28E-05;-12.581;-12.579;-99.990;0.00;-156.99;
2025-11-20 17:59:31.21;0.00:00:49:468;-1.00;0.00;0.00;0.05515;-0.05517;-0.000259;-0.0001099;-89.87;-0.06;100.04;0.20;100.04;0.05515;0.05517;-2.239E-05;-12.585;-12.583;-99.990;0.00;-157.01;
2025-11-20 17:59:31.26;0.00:00:49:517;-1.00;0.00;0.00;0.05516;-0.05518;-0.0002372;-0.0001199;-89.88;-0.06;100.05;0.22;100.05;0.05516;0.05518;-2.675E-05;-12.584;-12.582;-99.990;0.00;-153.19;
2025-11-20 17:59:31.31;0.00:00:49:563;-1.00;0.00;0.00;0.05544;-0.05546;-0.0002248;-0.0001179;-89.88;-0.06;100.05;0.21;100.05;0.05544;0.05546;-2.7E-05;-12.562;-12.560;-99.990;0.00;-152.32;
2025-11-20 17:59:31.36;0.00:00:49:612;-1.00;0.00;0.00;0.05568;-0.05571;-0.0002534;-0.0001031;-89.87;-0.05;100.05;0.19;100.05;0.05568;0.05571;-2.55E-05;-12.543;-12.541;-99.990;0.00;-157.87;
2025-11-20 17:59:31.40;0.00:00:49:657;-1.00;0.00;0.00;0.05564;-0.05567;-0.0002603;-0.0001153;-89.87;-0.06;100.04;0.21;100.04;0.05564;0.05567;-2.487E-05;-12.546;-12.544;-99.990;0.00;-156.12;
2025-11-20 17:59:31.45;0.00:00:49:705;-1.00;0.00;0.00;0.05555;-0.05557;-0.0002559;-0.0001067;-89.87;-0.06;100.04;0.19;100.04;0.05555;0.05557;-2.089E-05;-12.553;-12.551;-99.990;0.00;-157.36;
2025-11-20 17:59:31.50;0.00:00:49:752;-1.00;0.00;0.00;0.05532;-0.05535;-0.0002512;-0.0001152;-89.87;-0.06;100.04;0.21;100.04;0.05532;0.05535;-2.423E-05;-12.571;-12.569;-99.990;0.00;-155.37;
2025-11-20 17:59:31.55;0.00:00:49:802;-1.00;0.00;0.00;0.05532;-0.05533;-0.0002607;-0.0001031;-89.87;-0.05;100.03;0.19;100.03;0.05532;0.05533;-1.886E-05;-12.571;-12.570;-99.990;0.00;-158.43;
2025-11-20 17:59:31.60;0.00:00:49:849;-1.00;0.00;0.00;0.05532;-0.05534;-0.0002432;-0.0001132;-89.87;-0.06;100.05;0.20;100.05;0.05532;0.05534;-2.677E-05;-12.571;-12.569;-99.990;0.00;-155.05;
2025-11-20 17:59:31.64;0.00:00:49:895;-1.00;0.00;0.00;0.05536;-0.05538;-0.0002532;-0.0001062;-89.87;-0.05;100.04;0.19;100.04;0.05536;0.05538;-2.076E-05;-12.568;-12.566;-99.990;0.00;-157.25;
2025-11-20 17:59:31.69;0.00:00:49:945;-1.00;0.00;0.00;0.05531;-0.05534;-0.0002399;-0.000121;-89.88;-0.06;100.04;0.22;100.04;0.05531;0.05534;-2.406E-05;-12.572;-12.570;-99.990;0.00;-153.23;
2025-11-20 17:59:31.74;0.00:00:49:997;-1.00;0.00;0.00;0.05566;-0.05569;-0.0001987;-0.0001309;-89.90;-0.07;100.06;0.24;100.06;0.05566;0.05569;-3.245E-05;-12.545;-12.542;-99.990;0.00;-146.62;
2025-11-20 17:59:31.79;0.00:00:50:047;-1.00;0.00;0.00;0.05533;-0.05535;-0.0002621;-0.0001036;-89.86;-0.05;100.04;0.19;100.04;0.05533;0.05536;-2.152E-05;-12.570;-12.568;-99.990;0.00;-158.44;
2025-11-20 17:59:31.85;0.00:00:50:099;-1.00;0.00;0.00;0.05522;-0.05524;-0.0002575;-0.0001124;-89.87;-0.06;100.04;0.20;100.04;0.05522;0.05524;-2.391E-05;-12.579;-12.577;-99.990;0.00;-156.42;
2025-11-20 17:59:31.91;0.00:00:50:161;-1.00;0.00;0.00;0.05529;-0.05531;-0.0002578;-0.0001106;-89.87;-0.06;100.04;0.20;100.04;0.05529;0.05531;-2.184E-05;-12.573;-12.572;-99.990;0.00;-156.77;
2025-11-20 17:59:31.96;0.00:00:50:212;-1.00;0.00;0.00;0.05536;-0.05539;-0.0002547;-0.0001097;-89.87;-0.06;100.04;0.20;100.04;0.05536;0.05539;-2.27E-05;-12.568;-12.566;-99.990;0.00;-156.70;
2025-11-20 17:59:32.01;0.00:00:50:266;-1.00;0.00;0.00;0.05534;-0.05536;-0.0002423;-0.000109;-89.87;-0.06;100.04;0.20;100.04;0.05534;0.05536;-2.346E-05;-12.570;-12.568;-99.990;0.00;-155.79;
2025-11-20 17:59:32.06;0.00:00:50:315;-1.00;0.00;0.00;0.05537;-0.05539;-0.0002461;-0.0001034;-89.87;-0.05;100.04;0.19;100.04;0.05537;0.05539;-2.187E-05;-12.567;-12.565;-99.990;0.00;-157.21;
2025-11-20 17:59:32.11;0.00:00:50:365;-1.00;0.00;0.00;0.05526;-0.05528;-0.0002544;-0.0001095;-89.87;-0.06;100.04;0.20;100.04;0.05526;0.05528;-2.194E-05;-12.576;-12.574;-99.990;0.00;-156.72;
2025-11-20 17:59:32.17;0.00:00:50:429;-1.00;0.00;0.00;0.05528;-0.0553;-0.000249;-0.0001121;-89.87;-0.06;100.04;0.20;100.04;0.05528;0.0553;-2.228E-05;-12.575;-12.573;-99.990;0.00;-155.76;
2025-11-20 17:59:32.22;0.00:00:50:478;-1.00;0.00;0.00;0.05522;-0.05524;-0.0002581;-0.0001135;-89.87;-0.06;100.04;0.21;100.04;0.05522;0.05524;-2.319E-05;-12.579;-12.577;-99.990;0.00;-156.27;
2025-11-20 17:59:32.27;0.00:00:50:528;-1.00;0.00;0.00;0.05523;-0.05526;-0.0002459;-0.0001201;-89.87;-0.06;100.04;0.22;100.04;0.05523;0.05526;-2.243E-05;-12.578;-12.576;-99.990;0.00;-153.98;
2025-11-20 17:59:32.33;0.00:00:50:581;-1.00;0.00;0.00;0.05531;-0.05533;-0.0002584;-0.0001076;-89.87;-0.06;100.04;0.19;100.04;0.05531;0.05533;-2.412E-05;-12.572;-12.570;-99.990;0.00;-157.40;
2025-11-20 17:59:32.38;0.00:00:50:632;-1.00;0.00;0.00;0.05529;-0.05532;-0.000247;-0.0001063;-89.87;-0.06;100.04;0.19;100.04;0.05529;0.05532;-2.383E-05;-12.573;-12.571;-99.990;0.00;-156.71;
2025-11-20 17:59:32.43;0.00:00:50:683;-1.00;0.00;0.00;0.0553;-0.05533;-0.0002454;-0.0001157;-89.87;-0.06;100.05;0.21;100.05;0.0553;0.05533;-2.505E-05;-12.572;-12.570;-99.990;0.00;-154.76;
2025-11-20 17:59:32.49;0.00:00:50:741;-1.00;0.00;0.00;0.05505;-0.05507;-0.0002667;-0.0001159;-89.86;-0.06;100.04;0.21;100.04;0.05505;0.05507;-2.246E-05;-12.593;-12.591;-99.990;0.00;-156.50;
2025-11-20 17:59:32.54;0.00:00:50:791;-1.00;0.00;0.00;0.05518;-0.05521;-0.0002237;-0.0001208;-89.88;-0.06;100.05;0.22;100.05;0.05518;0.05521;-2.93E-05;-12.582;-12.580;-99.990;0.00;-151.63;
2025-11-20 17:59:32.60;0.00:00:50:850;-1.00;0.00;0.00;0.05514;-0.05516;-0.0002596;-0.0001054;-89.87;-0.05;100.04;0.19;100.04;0.05514;0.05516;-2.018E-05;-12.585;-12.584;-99.990;0.00;-157.89;
2025-11-20 17:59:32.64;0.00:00:50:896;-1.00;0.00;0.00;0.0551;-0.05512;-0.0002443;-0.0001109;-89.87;-0.06;100.04;0.20;100.04;0.0551;0.05512;-2.303E-05;-12.588;-12.587;-99.990;0.00;-155.59;
2025-11-20 17:59:32.69;0.00:00:50:947;-1.00;0.00;0.00;0.05512;-0.05514;-0.0002508;-0.0001097;-89.87;-0.06;100.04;0.20;100.04;0.05512;0.05514;-2.376E-05;-12.587;-12.585;-99.990;0.00;-156.38;
2025-11-20 17:59:32.75;0.00:00:51:009;-1.00;0.00;0.00;0.05489;-0.05491;-0.0002498;-0.0001105;-89.87;-0.06;100.05;0.20;100.05;0.05489;0.05491;-2.558E-05;-12.605;-12.603;-99.990;0.00;-156.13;
2025-11-20 17:59:32.82;0.00:00:51:070;-1.00;0.00;0.00;0.05497;-0.05499;-0.0002457;-0.0001102;-89.87;-0.06;100.05;0.20;100.05;0.05497;0.05499;-2.589E-05;-12.599;-12.597;-99.990;0.00;-155.84;
2025-11-20 17:59:32.88;0.00:00:51:132;-1.00;0.00;0.00;0.05523;-0.05525;-0.0002402;-0.0001065;-89.88;-0.06;100.04;0.19;100.04;0.05523;0.05525;-2.425E-05;-12.578;-12.576;-99.990;0.00;-156.08;
2025-11-20 17:59:32.93;0.00:00:51:179;-1.00;0.00;0.00;0.05518;-0.05521;-0.0002431;-0.0001175;-89.87;-0.06;100.05;0.21;100.05;0.05518;0.05521;-2.538E-05;-12.582;-12.580;-99.990;0.00;-154.21;
2025-11-20 17:59:32.98;0.00:00:51:235;-1.00;0.00;0.00;0.05545;-0.05548;-0.0002166;-0.0001134;-89.89;-0.06;100.05;0.20;100.05;0.05545;0.05548;-2.789E-05;-12.561;-12.559;-99.990;0.00;-152.36;
2025-11-20 17:59:33.03;0.00:00:51:286;-1.00;0.00;0.00;0.05528;-0.0553;-0.0002664;-0.0001114;-89.86;-0.06;100.04;0.20;100.04;0.05528;0.0553;-2.46E-05;-12.574;-12.572;-99.990;0.00;-157.30;
2025-11-20 17:59:33.08;0.00:00:51:337;-1.00;0.00;0.00;0.05535;-0.05538;-0.0002378;-0.0001046;-89.88;-0.05;100.04;0.19;100.04;0.05535;0.05538;-2.419E-05;-12.569;-12.567;-99.990;0.00;-156.26;
2025-11-20 17:59:33.13;0.00:00:51:388;-1.00;0.00;0.00;0.05515;-0.05518;-0.0002457;-0.0001165;-89.87;-0.06;100.05;0.21;100.05;0.05515;0.05518;-2.757E-05;-12.585;-12.582;-99.990;0.00;-154.63;
2025-11-20 17:59:33.20;0.00:00:51:449;-1.00;0.00;0.00;0.05532;-0.05535;-0.000247;-0.0001137;-89.87;-0.06;100.05;0.21;100.05;0.05532;0.05535;-2.628E-05;-12.571;-12.569;-99.990;0.00;-155.29;
2025-11-20 17:59:33.24;0.00:00:51:499;-1.00;0.00;0.00;0.0554;-0.05542;-0.000254;-0.0001008;-89.87;-0.05;100.04;0.18;100.04;0.0554;0.05542;-2.46E-05;-12.565;-12.563;-99.990;0.00;-158.34;
2025-11-20 17:59:33.30;0.00:00:51:549;-1.00;0.00;0.00;0.05527;-0.05529;-0.0002504;-0.0001104;-89.87;-0.06;100.04;0.20;100.04;0.05527;0.05529;-2.465E-05;-12.575;-12.573;-99.990;0.00;-156.20;
2025-11-20 17:59:33.35;0.00:00:51:600;-1.00;0.00;0.00;0.05529;-0.05531;-0.0002454;-0.000108;-89.87;-0.06;100.04;0.20;100.04;0.05529;0.05531;-2.399E-05;-12.574;-12.572;-99.990;0.00;-156.25;
2025-11-20 17:59:33.40;0.00:00:51:658;-1.00;0.00;0.00;0.05522;-0.05525;-0.0002538;-0.0001091;-89.87;-0.06;100.04;0.20;100.04;0.05522;0.05525;-2.33E-05;-12.579;-12.577;-99.990;0.00;-156.73;
2025-11-20 17:59:33.45;0.00:00:51:704;-1.00;0.00;0.00;0.05526;-0.05529;-0.0002374;-0.0001126;-89.88;-0.06;100.05;0.20;100.05;0.05526;0.05529;-2.713E-05;-12.576;-12.574;-99.990;0.00;-154.63;
2025-11-20 17:59:33.50;0.00:00:51:750;-1.00;0.00;0.00;0.05529;-0.05531;-0.000244;-0.0001095;-89.87;-0.06;100.04;0.20;100.04;0.05529;0.05531;-2.427E-05;-12.574;-12.572;-99.990;0.00;-155.83;
2025-11-20 17:59:33.55;0.00:00:51:803;-1.00;0.00;0.00;0.05534;-0.05537;-0.0002381;-0.0001155;-89.88;-0.06;100.05;0.21;100.05;0.05534;0.05537;-2.673E-05;-12.569;-12.567;-99.990;0.00;-154.12;
2025-11-20 17:59:33.60;0.00:00:51:851;-1.00;0.00;0.00;0.05566;-0.05569;-0.000233;-0.0001102;-89.88;-0.06;100.05;0.20;100.05;0.05566;0.05569;-2.627E-05;-12.545;-12.543;-99.990;0.00;-154.68;
2025-11-20 17:59:33.65;0.00:00:51:903;-1.00;0.00;0.00;0.05572;-0.05574;-0.0002444;-0.0001121;-89.87;-0.06;100.05;0.20;100.05;0.05572;0.05574;-2.529E-05;-12.540;-12.538;-99.990;0.00;-155.37;
2025-11-20 17:59:33.70;0.00:00:51:953;-1.00;0.00;0.00;0.05549;-0.05551;-0.0002524;-0.0001068;-89.87;-0.06;100.04;0.19;100.04;0.05549;0.05551;-2.014E-05;-12.558;-12.556;-99.990;0.00;-157.07;
2025-11-20 17:59:33.75;0.00:00:52:005;-1.00;0.00;0.00;0.05553;-0.05556;-0.0002368;-0.0001134;-89.88;-0.06;100.04;0.20;100.04;0.05553;0.05556;-2.41E-05;-12.554;-12.553;-99.990;0.00;-154.41;
2025-11-20 17:59:33.80;0.00:00:52:054;-1.00;0.00;0.00;0.05571;-0.05573;-0.0002661;-0.0001018;-89.86;-0.05;100.03;0.18;100.03;0.05571;0.05573;-1.9E-05;-12.541;-12.539;-99.990;0.00;-159.07;
2025-11-20 17:59:33.85;0.00:00:52:108;-1.00;0.00;0.00;0.05523;-0.05525;-0.0002609;-9.067E-05;-89.86;-0.05;100.04;0.16;100.04;0.05523;0.05525;-2.099E-05;-12.578;-12.577;-99.990;0.00;-160.84;
2025-11-20 17:59:33.92;0.00:00:52:170;-1.00;0.00;0.00;0.05503;-0.05505;-0.0002536;-0.0001121;-89.87;-0.06;100.04;0.20;100.04;0.05503;0.05505;-2.223E-05;-12.594;-12.592;-99.990;0.00;-156.16;
2025-11-20 17:59:33.98;0.00:00:52:229;-1.00;0.00;0.00;0.05514;-0.05517;-0.0002474;-0.0001111;-89.87;-0.06;100.04;0.20;100.04;0.05514;0.05517;-2.344E-05;-12.585;-12.583;-99.990;0.00;-155.81;
2025-11-20 17:59:34.04;0.00:00:52:291;-1.00;0.00;0.00;0.05533;-0.05535;-0.0002511;-0.0001086;-89.87;-0.06;100.04;0.20;100.04;0.05533;0.05535;-2.335E-05;-12.571;-12.569;-99.990;0.00;-156.61;
2025-11-20 17:59:34.09;0.00:00:52:343;-1.00;0.00;0.00;0.05519;-0.05521;-0.0002563;-0.0001099;-89.87;-0.06;100.04;0.20;100.04;0.05519;0.05521;-2.45E-05;-12.582;-12.580;-99.990;0.00;-156.78;
2025-11-20 17:59:34.14;0.00:00:52:396;-1.00;0.00;0.00;0.05517;-0.05519;-0.0002532;-0.0001064;-89.87;-0.06;100.04;0.19;100.04;0.05517;0.05519;-2.19E-05;-12.583;-12.581;-99.990;0.00;-157.21;
2025-11-20 17:59:34.19;0.00:00:52:446;-1.00;0.00;0.00;0.05525;-0.05527;-0.0002595;-0.0001043;-89.87;-0.05;100.04;0.19;100.04;0.05525;0.05527;-2.155E-05;-12.577;-12.575;-99.990;0.00;-158.10;
2025-11-20 17:59:34.24;0.00:00:52:497;-1.00;0.00;0.00;0.05508;-0.0551;-0.0002612;-0.0001168;-89.86;-0.06;100.04;0.21;100.04;0.05508;0.0551;-1.944E-05;-12.590;-12.589;-99.990;0.00;-155.92;
2025-11-20 17:59:34.30;0.00:00:52:556;-1.00;0.00;0.00;0.05537;-0.0554;-0.0002549;-0.0001008;-89.87;-0.05;100.04;0.18;100.04;0.05537;0.0554;-2.226E-05;-12.567;-12.565;-99.990;0.00;-158.41;
2025-11-20 17:59:34.36;0.00:00:52:616;-1.00;0.00;0.00;0.05512;-0.05515;-0.0002325;-0.0001106;-89.88;-0.06;100.05;0.20;100.05;0.05512;0.05515;-2.662E-05;-12.587;-12.585;-99.990;0.00;-154.56;
2025-11-20 17:59:34.42;0.00:00:52:669;-1.00;0.00;0.00;0.05522;-0.05524;-0.0002427;-0.0001074;-89.87;-0.06;100.05;0.19;100.05;0.05522;0.05524;-2.612E-05;-12.579;-12.577;-99.990;0.00;-156.12;
2025-11-20 17:59:34.46;0.00:00:52:718;-1.00;0.00;0.00;0.05541;-0.05544;-0.0002467;-0.0001158;-89.87;-0.06;100.04;0.21;100.04;0.05541;0.05544;-2.416E-05;-12.564;-12.562;-99.990;0.00;-154.86;
2025-11-20 17:59:34.52;0.00:00:52:772;-1.00;0.00;0.00;0.05543;-0.05545;-0.0002571;-0.0001014;-89.87;-0.05;100.04;0.18;100.04;0.05543;0.05545;-2.389E-05;-12.563;-12.561;-99.990;0.00;-158.47;
2025-11-20 17:59:34.57;0.00:00:52:822;-1.00;0.00;0.00;0.05515;-0.05518;-0.0002491;-0.000113;-89.87;-0.06;100.05;0.20;100.04;0.05515;0.05518;-2.487E-05;-12.584;-12.582;-99.990;0.00;-155.59;
2025-11-20 17:59:34.63;0.00:00:52:882;-1.00;0.00;0.00;0.05526;-0.05528;-0.0002385;-0.0001086;-89.88;-0.06;100.05;0.20;100.05;0.05526;0.05528;-2.525E-05;-12.576;-12.574;-99.990;0.00;-155.52;
2025-11-20 17:59:34.68;0.00:00:52:935;-1.00;0.00;0.00;0.05535;-0.05538;-0.0002297;-0.0001164;-89.88;-0.06;100.05;0.21;100.05;0.05535;0.05538;-2.69E-05;-12.569;-12.567;-99.990;0.00;-153.13;
2025-11-20 17:59:34.73;0.00:00:52:984;-1.00;0.00;0.00;0.0555;-0.05552;-0.0002558;-0.0001105;-89.87;-0.06;100.04;0.20;100.04;0.0555;0.05552;-2.076E-05;-12.557;-12.555;-99.990;0.00;-156.63;
2025-11-20 17:59:34.78;0.00:00:53:035;-1.00;0.00;0.00;0.05537;-0.05539;-0.0002626;-0.0001044;-89.86;-0.05;100.04;0.19;100.04;0.05537;0.05539;-2.237E-05;-12.567;-12.565;-99.990;0.00;-158.32;
2025-11-20 17:59:34.83;0.00:00:53:087;-1.00;0.00;0.00;0.05534;-0.05536;-0.0002558;-0.0001051;-89.87;-0.05;100.04;0.19;100.04;0.05534;0.05536;-2.153E-05;-12.570;-12.568;-99.990;0.00;-157.66;
2025-11-20 17:59:34.88;0.00:00:53:137;-1.00;0.00;0.00;0.05519;-0.05521;-0.0002626;-0.0001059;-89.86;-0.05;100.04;0.19;100.04;0.05519;0.05521;-2.445E-05;-12.582;-12.580;-99.990;0.00;-158.03;
2025-11-20 17:59:34.94;0.00:00:53:199;-1.00;0.00;0.00;0.0553;-0.05533;-0.0002335;-0.0001135;-89.88;-0.06;100.05;0.21;100.05;0.0553;0.05533;-2.853E-05;-12.573;-12.571;-99.990;0.00;-154.08;
2025-11-20 17:59:35.00;0.00:00:53:255;-1.00;0.00;0.00;0.05553;-0.05555;-0.0002595;-0.0001041;-89.87;-0.05;100.04;0.19;100.04;0.05553;0.05555;-2.166E-05;-12.555;-12.553;-99.990;0.00;-158.14;
2025-11-20 17:59:35.06;0.00:00:53:313;-1.00;0.00;0.00;0.0555;-0.05552;-0.0002498;-0.0001065;-89.87;-0.05;100.04;0.19;100.04;0.0555;0.05552;-2.386E-05;-12.557;-12.555;-99.990;0.00;-156.90;
2025-11-20 17:59:35.12;0.00:00:53:372;-1.00;0.00;0.00;0.05542;-0.05545;-0.0002673;-0.0001027;-89.86;-0.05;100.04;0.19;100.04;0.05542;0.05545;-2.2E-05;-12.563;-12.561;-99.990;0.00;-158.98;
2025-11-20 17:59:35.17;0.00:00:53:423;-1.00;0.00;0.00;0.05526;-0.05529;-0.0002401;-0.0001092;-89.88;-0.06;100.05;0.20;100.05;0.05526;0.05529;-2.647E-05;-12.576;-12.574;-99.990;0.00;-155.54;
2025-11-20 17:59:35.23;0.00:00:53:484;-1.00;0.00;0.00;0.05539;-0.05541;-0.000256;-0.0001092;-89.87;-0.06;100.04;0.20;100.04;0.05539;0.05541;-2.122E-05;-12.566;-12.564;-99.990;0.00;-156.90;
2025-11-20 17:59:35.29;0.00:00:53:545;-1.00;0.00;0.00;0.05584;-0.05587;-0.0002369;-0.0001044;-89.88;-0.05;100.05;0.19;100.05;0.05584;0.05587;-2.602E-05;-12.530;-12.528;-99.990;0.00;-156.22;
2025-11-20 17:59:35.35;0.00:00:53:605;-1.00;0.00;0.00;0.05584;-0.05587;-0.0002499;-0.0001101;-89.87;-0.06;100.04;0.20;100.04;0.05584;0.05587;-2.351E-05;-12.530;-12.528;-99.990;0.00;-156.23;
2025-11-20 17:59:35.41;0.00:00:53:659;-1.00;0.00;0.00;0.05556;-0.05558;-0.0002651;-0.0001033;-89.86;-0.05;100.04;0.19;100.04;0.05556;0.05558;-2.033E-05;-12.552;-12.551;-99.990;0.00;-158.71;
2025-11-20 17:59:35.45;0.00:00:53:709;-1.00;0.00;0.00;0.05545;-0.05548;-0.0002537;-0.0001127;-89.87;-0.06;100.04;0.20;100.04;0.05545;0.05548;-2.329E-05;-12.561;-12.559;-99.990;0.00;-156.05;
2025-11-20 17:59:35.50;0.00:00:53:755;-1.00;0.00;0.00;0.05533;-0.05535;-0.0002605;-0.0001022;-89.87;-0.05;100.04;0.18;100.04;0.05533;0.05535;-2.102E-05;-12.571;-12.569;-99.990;0.00;-158.58;
2025-11-20 17:59:35.55;0.00:00:53:804;-1.00;0.00;0.00;0.05521;-0.05523;-0.0002513;-0.000109;-89.87;-0.06;100.04;0.20;100.04;0.05521;0.05523;-2.186E-05;-12.580;-12.578;-99.990;0.00;-156.55;
2025-11-20 17:59:35.60;0.00:00:53:856;-1.00;0.00;0.00;0.05535;-0.05537;-0.0002576;-0.0001023;-89.87;-0.05;100.04;0.18;100.04;0.05535;0.05537;-2.137E-05;-12.569;-12.567;-99.990;0.00;-158.35;
2025-11-20 17:59:35.66;0.00:00:53:916;-1.00;0.00;0.00;0.05538;-0.05541;-0.0002408;-0.0001113;-89.88;-0.06;100.05;0.20;100.05;0.05538;0.05541;-2.686E-05;-12.567;-12.564;-99.990;0.00;-155.20;
2025-11-20 17:59:35.71;0.00:00:53:966;-1.00;0.00;0.00;0.05532;-0.05534;-0.0002641;-9.791E-05;-89.86;-0.05;100.03;0.18;100.03;0.05532;0.05534;-1.87E-05;-12.571;-12.569;-99.990;0.00;-159.66;
2025-11-20 17:59:35.76;0.00:00:54:019;-1.00;0.00;0.00;0.0553;-0.05533;-0.0002612;-0.000105;-89.86;-0.05;100.04;0.19;100.04;0.0553;0.05533;-2.323E-05;-12.572;-12.571;-99.990;0.00;-158.10;
2025-11-20 17:59:35.82;0.00:00:54:069;-1.00;0.00;0.00;0.05524;-0.05526;-0.0002537;-0.0001036;-89.87;-0.05;100.04;0.19;100.04;0.05524;0.05526;-2.309E-05;-12.577;-12.576;-99.990;0.00;-157.79;
2025-11-20 17:59:35.86;0.00:00:54:119;-1.00;0.00;0.00;0.05555;-0.05557;-0.0002607;-0.0001014;-89.87;-0.05;100.04;0.18;100.04;0.05555;0.05557;-2.25E-05;-12.553;-12.551;-99.990;0.00;-158.74;
2025-11-20 17:59:35.93;0.00:00:54:181;-1.00;0.00;0.00;0.05547;-0.0555;-0.0002439;-0.0001013;-89.87;-0.05;100.04;0.18;100.04;0.05547;0.0555;-2.175E-05;-12.559;-12.557;-99.990;0.00;-157.44;
2025-11-20 17:59:35.98;0.00:00:54:231;-1.00;0.00;0.00;0.0553;-0.05532;-0.0002753;-0.000101;-89.86;-0.05;100.04;0.18;100.04;0.0553;0.05532;-1.952E-05;-12.573;-12.571;-99.990;0.00;-159.86;
2025-11-20 17:59:36.03;0.00:00:54:281;-1.00;0.00;0.00;0.05498;-0.05501;-0.0002556;-0.0001095;-89.87;-0.06;100.04;0.20;100.04;0.05498;0.05501;-2.315E-05;-12.598;-12.596;-99.990;0.00;-156.81;
2025-11-20 17:59:36.09;0.00:00:54:345;-1.00;0.00;0.00;0.05506;-0.05509;-0.0002379;-0.0001033;-89.88;-0.05;100.05;0.19;100.05;0.05506;0.05509;-2.627E-05;-12.591;-12.589;-99.990;0.00;-156.54;
2025-11-20 17:59:36.14;0.00:00:54:396;-1.00;0.00;0.00;0.05521;-0.05523;-0.000238;-0.0001178;-89.88;-0.06;100.05;0.21;100.05;0.05521;0.05523;-2.749E-05;-12.580;-12.578;-99.990;0.00;-153.66;
2025-11-20 17:59:36.19;0.00:00:54:446;-1.00;0.00;0.00;0.05503;-0.05506;-0.0002559;-0.0001088;-89.87;-0.06;100.04;0.20;100.04;0.05503;0.05506;-2.333E-05;-12.594;-12.592;-99.990;0.00;-156.97;
2025-11-20 17:59:36.25;0.00:00:54:501;-1.00;0.00;0.00;0.05507;-0.0551;-0.0002484;-0.0001085;-89.87;-0.06;100.05;0.20;100.05;0.05507;0.0551;-2.588E-05;-12.591;-12.589;-99.990;0.00;-156.40;
2025-11-20 17:59:36.30;0.00:00:54:551;-1.00;0.00;0.00;0.0551;-0.05513;-0.000245;-0.0001138;-89.87;-0.06;100.05;0.21;100.05;0.0551;0.05513;-2.579E-05;-12.588;-12.586;-99.990;0.00;-155.08;
2025-11-20 17:59:36.35;0.00:00:54:600;-1.00;0.00;0.00;0.05523;-0.05525;-0.0002445;-0.0001027;-89.87;-0.05;100.04;0.19;100.04;0.05523;0.05525;-2.342E-05;-12.578;-12.576;-99.990;0.00;-157.22;
2025-11-20 17:59:36.40;0.00:00:54:650;-1.00;0.00;0.00;0.05508;-0.0551;-0.0002568;-0.0001049;-89.87;-0.05;100.04;0.19;100.04;0.05508;0.0551;-2.434E-05;-12.590;-12.588;-99.990;0.00;-157.78;
2025-11-20 17:59:36.45;0.00:00:54:702;-1.00;0.00;0.00;0.05504;-0.05506;-0.0002609;-0.0001089;-89.86;-0.06;100.04;0.20;100.04;0.05504;0.05506;-2.378E-05;-12.593;-12.591;-99.990;0.00;-157.35;
2025-11-20 17:59:36.50;0.00:00:54:752;-1.00;0.00;0.00;0.05501;-0.05504;-0.000262;-9.631E-05;-89.86;-0.05;100.05;0.18;100.05;0.05501;0.05504;-2.547E-05;-12.595;-12.593;-99.990;0.00;-159.82;
2025-11-20 17:59:36.55;0.00:00:54:805;-1.00;0.00;0.00;0.05496;-0.05498;-0.0002415;-0.0001161;-89.87;-0.06;100.04;0.21;100.04;0.05496;0.05498;-2.38E-05;-12.600;-12.598;-99.990;0.00;-154.33;
2025-11-20 17:59:36.60;0.00:00:54:851;-1.00;0.00;0.00;0.05514;-0.05516;-0.0002569;-0.0001056;-89.87;-0.05;100.04;0.19;100.04;0.05514;0.05516;-2.332E-05;-12.586;-12.584;-99.990;0.00;-157.66;
2025-11-20 17:59:36.64;0.00:00:54:895;-1.00;0.00;0.00;0.05507;-0.05509;-0.0002525;-0.0001054;-89.87;-0.05;100.04;0.19;100.04;0.05507;0.05509;-2.313E-05;-12.591;-12.589;-99.990;0.00;-157.35;
2025-11-20 17:59:36.70;0.00:00:54:949;-1.00;0.00;0.00;0.05479;-0.05481;-0.0002474;-0.0001094;-89.87;-0.06;100.04;0.20;100.04;0.05479;0.05481;-2.433E-05;-12.613;-12.611;-99.990;0.00;-156.14;
2025-11-20 17:59:36.75;0.00:00:55:000;-1.00;0.00;0.00;0.05475;-0.05477;-0.0002512;-0.0001017;-89.87;-0.05;100.05;0.19;100.05;0.05475;0.05478;-2.524E-05;-12.616;-12.614;-99.990;0.00;-157.97;
2025-11-20 17:59:36.81;0.00:00:55:059;-1.00;0.00;0.00;0.05477;-0.05479;-0.0002446;-0.0001086;-89.87;-0.06;100.05;0.20;100.05;0.05477;0.0548;-2.585E-05;-12.615;-12.613;-99.990;0.00;-156.07;
2025-11-20 17:59:36.86;0.00:00:55:112;-1.00;0.00;0.00;0.05514;-0.05516;-0.0002469;-0.0001042;-89.87;-0.05;100.04;0.19;100.04;0.05514;0.05516;-2.426E-05;-12.586;-12.584;-99.990;0.00;-157.11;
2025-11-20 17:59:36.91;0.00:00:55:163;-1.00;0.00;0.00;0.05511;-0.05514;-0.0002454;-0.0001077;-89.87;-0.06;100.04;0.20;100.04;0.05511;0.05514;-2.431E-05;-12.587;-12.585;-99.990;0.00;-156.30;
2025-11-20 17:59:36.96;0.00:00:55:213;-1.00;0.00;0.00;0.05509;-0.05511;-0.0002614;-0.0001032;-89.86;-0.05;100.04;0.19;100.04;0.05509;0.05511;-2.264E-05;-12.589;-12.588;-99.990;0.00;-158.46;
2025-11-20 17:59:37.01;0.00:00:55:268;-1.00;0.00;0.00;0.05504;-0.05507;-0.0002441;-0.0001099;-89.87;-0.06;100.05;0.20;100.05;0.05504;0.05507;-2.581E-05;-12.593;-12.591;-99.990;0.00;-155.77;
2025-11-20 17:59:37.06;0.00:00:55:312;-1.00;0.00;0.00;0.05534;-0.05537;-0.000264;-0.0001006;-89.86;-0.05;100.04;0.18;100.04;0.05534;0.05537;-2.203E-05;-12.569;-12.568;-99.990;0.00;-159.15;
2025-11-20 17:59:37.12;0.00:00:55:374;-1.00;0.00;0.00;0.05529;-0.05531;-0.0002516;-0.0001071;-89.87;-0.06;100.04;0.19;100.04;0.05529;0.05531;-2.14E-05;-12.573;-12.572;-99.990;0.00;-156.94;
2025-11-20 17:59:37.17;0.00:00:55:422;-1.00;0.00;0.00;0.0553;-0.05532;-0.0002441;-0.0001142;-89.87;-0.06;100.05;0.21;100.05;0.0553;0.05532;-2.549E-05;-12.573;-12.571;-99.990;0.00;-154.93;
2025-11-20 17:59:37.22;0.00:00:55:476;-1.00;0.00;0.00;0.05541;-0.05544;-0.0002366;-0.0001119;-89.88;-0.06;100.05;0.20;100.05;0.05541;0.05544;-2.654E-05;-12.564;-12.562;-99.990;0.00;-154.69;
2025-11-20 17:59:37.27;0.00:00:55:522;-1.00;0.00;0.00;0.05565;-0.05568;-0.0002416;-0.0001133;-89.88;-0.06;100.05;0.20;100.05;0.05565;0.05568;-2.777E-05;-12.545;-12.543;-99.990;0.00;-154.87;
2025-11-20 17:59:37.32;0.00:00:55:578;-1.00;0.00;0.00;0.05567;-0.05569;-0.000261;-0.0001011;-89.87;-0.05;100.04;0.18;100.04;0.05567;0.05569;-2.127E-05;-12.544;-12.542;-99.990;0.00;-158.82;
2025-11-20 17:59:37.37;0.00:00:55:625;-1.00;0.00;0.00;0.0554;-0.05542;-0.0002647;-0.0001078;-89.86;-0.06;100.04;0.19;100.04;0.0554;0.05542;-2.293E-05;-12.565;-12.563;-99.990;0.00;-157.85;
2025-11-20 17:59:37.43;0.00:00:55:686;-1.00;0.00;0.00;0.05548;-0.0555;-0.0002707;-8.979E-05;-89.86;-0.05;100.04;0.16;100.04;0.05548;0.0555;-1.981E-05;-12.559;-12.557;-99.990;0.00;-161.65;
2025-11-20 17:59:37.49;0.00:00:55:740;-1.00;0.00;0.00;0.05521;-0.05523;-0.0002586;-0.0001072;-89.87;-0.06;100.04;0.19;100.04;0.05521;0.05523;-2.38E-05;-12.580;-12.578;-99.990;0.00;-157.48;
2025-11-20 17:59:37.53;0.00:00:55:784;-1.00;0.00;0.00;0.05537;-0.0554;-0.0002391;-0.0001101;-89.88;-0.06;100.05;0.20;100.05;0.05537;0.0554;-2.68E-05;-12.567;-12.565;-99.990;0.00;-155.27;
2025-11-20 17:59:37.58;0.00:00:55:834;-1.00;0.00;0.00;0.05543;-0.05546;-0.0002479;-9.704E-05;-89.87;-0.05;100.05;0.18;100.05;0.05543;0.05546;-2.689E-05;-12.562;-12.560;-99.990;0.00;-158.62;
2025-11-20 17:59:37.63;0.00:00:55:883;-1.00;0.00;0.00;0.05524;-0.05527;-0.000253;-0.0001105;-89.87;-0.06;100.04;0.20;100.04;0.05524;0.05527;-2.265E-05;-12.577;-12.575;-99.990;0.00;-156.41;
2025-11-20 17:59:37.68;0.00:00:55:934;-1.00;0.00;0.00;0.05524;-0.05526;-0.0002594;-9.881E-05;-89.87;-0.05;100.04;0.18;100.04;0.05524;0.05526;-1.967E-05;-12.577;-12.576;-99.990;0.00;-159.15;
2025-11-20 17:59:37.73;0.00:00:55:987;-1.00;0.00;0.00;0.05529;-0.05531;-0.0002556;-0.000106;-89.87;-0.05;100.04;0.19;100.04;0.05529;0.05531;-2.261E-05;-12.574;-12.572;-99.990;0.00;-157.47;
2025-11-20 17:59:37.78;0.00:00:56:036;-1.00;0.00;0.00;0.05526;-0.05529;-0.0002489;-0.0001027;-89.87;-0.05;100.04;0.19;100.04;0.05526;0.05529;-2.249E-05;-12.576;-12.574;-99.990;0.00;-157.59;
2025-11-20 17:59:37.83;0.00:00:56:089;-1.00;0.00;0.00;0.05553;-0.05556;-0.0002566;-0.0001045;-89.87;-0.05;100.04;0.19;100.04;0.05553;0.05556;-2.405E-05;-12.555;-12.553;-99.990;0.00;-157.85;
2025-11-20 17:59:37.88;0.00:00:56:138;-1.00;0.00;0.00;0.05542;-0.05545;-0.0002541;-0.0001087;-89.87;-0.06;100.04;0.20;100.04;0.05542;0.05545;-2.35E-05;-12.563;-12.561;-99.990;0.00;-156.84;
2025-11-20 17:59:37.95;0.00:00:56:200;-1.00;0.00;0.00;0.05554;-0.05556;-0.0002489;-0.0001073;-89.87;-0.06;100.05;0.19;100.05;0.05554;0.05556;-2.538E-05;-12.554;-12.552;-99.990;0.00;-156.69;
2025-11-20 17:59:38.00;0.00:00:56:252;-1.00;0.00;0.00;0.05556;-0.05559;-0.0002464;-0.0001049;-89.87;-0.05;100.04;0.19;100.04;0.05556;0.05559;-2.495E-05;-12.552;-12.550;-99.990;0.00;-156.95;
2025-11-20 17:59:38.05;0.00:00:56:301;-1.00;0.00;0.00;0.05549;-0.05552;-0.0002723;-0.0001;-89.86;-0.05;100.04;0.18;100.04;0.05549;0.05552;-2.281E-05;-12.557;-12.556;-99.990;0.00;-159.83;
2025-11-20 17:59:38.10;0.00:00:56:352;-1.00;0.00;0.00;0.05551;-0.05553;-0.0002458;-0.0001053;-89.87;-0.05;100.05;0.19;100.05;0.05551;0.05553;-2.542E-05;-12.557;-12.555;-99.990;0.00;-156.81;
2025-11-20 17:59:38.15;0.00:00:56:403;-1.00;0.00;0.00;0.05541;-0.05543;-0.0002679;-9.683E-05;-89.86;-0.05;100.04;0.17;100.04;0.05541;0.05543;-2.072E-05;-12.564;-12.562;-99.990;0.00;-160.13;
2025-11-20 17:59:38.20;0.00:00:56:454;-1.00;0.00;0.00;0.05525;-0.05527;-0.0002548;-0.0001024;-89.87;-0.05;100.04;0.19;100.04;0.05525;0.05527;-2.215E-05;-12.577;-12.575;-99.990;0.00;-158.10;
2025-11-20 17:59:38.25;0.00:00:56:507;-1.00;0.00;0.00;0.05525;-0.05527;-0.0002487;-0.000115;-89.87;-0.06;100.05;0.21;100.05;0.05525;0.05527;-2.635E-05;-12.577;-12.575;-99.990;0.00;-155.18;
2025-11-20 17:59:38.30;0.00:00:56:557;-1.00;0.00;0.00;0.05525;-0.05527;-0.000254;-0.0001074;-89.87;-0.06;100.04;0.19;100.04;0.05525;0.05527;-2.381E-05;-12.577;-12.575;-99.990;0.00;-157.09;
2025-11-20 17:59:38.35;0.00:00:56:609;-1.00;0.00;0.00;0.0553;-0.05533;-0.0002334;-0.0001126;-89.88;-0.06;100.05;0.20;100.05;0.0553;0.05533;-2.892E-05;-12.573;-12.571;-99.990;0.00;-154.25;
2025-11-20 17:59:38.41;0.00:00:56:660;-1.00;0.00;0.00;0.05539;-0.05541;-0.0002663;-0.0001052;-89.86;-0.05;100.04;0.19;100.04;0.05539;0.05541;-2.166E-05;-12.566;-12.564;-99.990;0.00;-158.46;
2025-11-20 17:59:38.46;0.00:00:56:711;-1.00;0.00;0.00;0.05541;-0.05543;-0.0002414;-0.0001112;-89.88;-0.06;100.05;0.20;100.05;0.05541;0.05543;-2.604E-05;-12.564;-12.562;-99.990;0.00;-155.27;
2025-11-20 17:59:38.51;0.00:00:56:760;-1.00;0.00;0.00;0.05547;-0.05549;-0.0002551;-0.0001083;-89.87;-0.06;100.05;0.20;100.05;0.05547;0.05549;-2.701E-05;-12.560;-12.558;-99.990;0.00;-156.99;
2025-11-20 17:59:38.56;0.00:00:56:812;-1.00;0.00;0.00;0.05553;-0.05556;-0.0002336;-0.0001085;-89.88;-0.06;100.05;0.20;100.05;0.05553;0.05556;-2.516E-05;-12.555;-12.553;-99.990;0.00;-155.08;
2025-11-20 17:59:38.61;0.00:00:56:868;-1.00;0.00;0.00;0.05543;-0.05545;-0.000257;-0.00011;-89.87;-0.06;100.04;0.20;100.04;0.05543;0.05545;-2.201E-05;-12.563;-12.561;-99.990;0.00;-156.83;
2025-11-20 17:59:38.66;0.00:00:56:915;-1.00;0.00;0.00;0.05557;-0.05559;-0.0002666;-0.000106;-89.86;-0.05;100.05;0.19;100.05;0.05557;0.05559;-2.528E-05;-12.552;-12.550;-99.990;0.00;-158.32;
2025-11-20 17:59:38.71;0.00:00:56:963;-1.00;0.00;0.00;0.05557;-0.05559;-0.0002426;-0.0001084;-89.87;-0.06;100.05;0.20;100.05;0.05557;0.05559;-2.667E-05;-12.552;-12.550;-99.990;0.00;-155.92;
2025-11-20 17:59:38.76;0.00:00:57:013;-1.00;0.00;0.00;0.0557;-0.05573;-0.0002481;-0.0001045;-89.87;-0.05;100.04;0.19;100.04;0.0557;0.05573;-2.328E-05;-12.541;-12.539;-99.990;0.00;-157.15;
2025-11-20 17:59:38.81;0.00:00:57:062;-1.00;0.00;0.00;0.0556;-0.05563;-0.0002715;-9.946E-05;-89.86;-0.05;100.04;0.18;100.04;0.0556;0.05563;-2.152E-05;-12.549;-12.547;-99.990;0.00;-159.88;
2025-11-20 17:59:38.86;0.00:00:57:111;-1.00;0.00;0.00;0.05544;-0.05546;-0.0002532;-0.0001062;-89.87;-0.05;100.04;0.19;100.04;0.05544;0.05546;-2.19E-05;-12.562;-12.560;-99.990;0.00;-157.24;
2025-11-20 17:59:38.91;0.00:00:57:166;-1.00;0.00;0.00;0.05548;-0.05551;-0.000228;-0.0001142;-89.88;-0.06;100.05;0.21;100.05;0.05548;0.05551;-3.002E-05;-12.558;-12.556;-99.990;0.00;-153.39;
2025-11-20 17:59:38.96;0.00:00:57:218;-1.00;0.00;0.00;0.05546;-0.05548;-0.0002525;-0.0001071;-89.87;-0.06;100.04;0.19;100.04;0.05546;0.05548;-2.163E-05;-12.561;-12.559;-99.990;0.00;-157.01;
2025-11-20 17:59:39.01;0.00:00:57:268;-1.00;0.00;0.00;0.05536;-0.05539;-0.0002575;-0.0001019;-89.87;-0.05;100.04;0.18;100.04;0.05536;0.05539;-2.403E-05;-12.568;-12.566;-99.990;0.00;-158.40;
2025-11-20 17:59:39.07;0.00:00:57:319;-1.00;0.00;0.00;0.05548;-0.05551;-0.0002456;-0.0001101;-89.87;-0.06;100.04;0.20;100.04;0.05548;0.05551;-2.464E-05;-12.558;-12.556;-99.990;0.00;-155.85;
2025-11-20 17:59:39.13;0.00:00:57:381;-1.00;0.00;0.00;0.05546;-0.05549;-0.0002403;-0.0001073;-89.88;-0.06;100.05;0.19;100.05;0.05546;0.05549;-2.706E-05;-12.560;-12.558;-99.990;0.00;-155.94;
2025-11-20 17:59:39.18;0.00:00:57:433;-1.00;0.00;0.00;0.05561;-0.05564;-0.0002294;-0.0001105;-89.88;-0.06;100.05;0.20;100.05;0.05561;0.05564;-2.803E-05;-12.548;-12.546;-99.990;0.00;-154.28;
2025-11-20 17:59:39.23;0.00:00:57:486;-1.00;0.00;0.00;0.05553;-0.05556;-0.0002361;-0.0001213;-89.88;-0.06;100.05;0.22;100.05;0.05553;0.05556;-2.793E-05;-12.554;-12.552;-99.990;0.00;-152.80;
2025-11-20 17:59:39.28;0.00:00:57:539;-1.00;0.00;0.00;0.05562;-0.05565;-0.0002562;-0.0001022;-89.87;-0.05;100.04;0.18;100.04;0.05562;0.05565;-2.364E-05;-12.547;-12.546;-99.990;0.00;-158.25;
2025-11-20 17:59:39.33;0.00:00:57:589;-1.00;0.00;0.00;0.05551;-0.05554;-0.000243;-0.0001135;-89.87;-0.06;100.05;0.20;100.05;0.05551;0.05554;-2.593E-05;-12.556;-12.554;-99.990;0.00;-154.96;
2025-11-20 17:59:39.39;0.00:00:57:640;-1.00;0.00;0.00;0.05547;-0.05549;-0.0002737;-9.683E-05;-89.86;-0.05;100.04;0.17;100.04;0.05547;0.05549;-2.041E-05;-12.560;-12.558;-99.990;0.00;-160.52;
2025-11-20 17:59:39.44;0.00:00:57:690;-1.00;0.00;0.00;0.05528;-0.0553;-0.0002643;-9.839E-05;-89.86;-0.05;100.04;0.18;100.04;0.05528;0.0553;-2.073E-05;-12.574;-12.573;-99.990;0.00;-159.58;
2025-11-20 17:59:39.49;0.00:00:57:744;-1.00;0.00;0.00;0.05512;-0.05514;-0.0002573;-0.0001067;-89.87;-0.06;100.04;0.19;100.04;0.05512;0.05514;-2.089E-05;-12.587;-12.585;-99.990;0.00;-157.47;
2025-11-20 17:59:39.54;0.00:00:57:789;-1.00;0.00;0.00;0.05516;-0.05519;-0.0002493;-0.0001059;-89.87;-0.05;100.05;0.19;100.05;0.05516;0.05519;-2.543E-05;-12.583;-12.581;-99.990;0.00;-156.98;
2025-11-20 17:59:39.58;0.00:00:57:838;-1.00;0.00;0.00;0.05514;-0.05517;-0.000254;-0.000106;-89.87;-0.06;100.04;0.19;100.04;0.05514;0.05517;-2.399E-05;-12.585;-12.583;-99.990;0.00;-157.35;
2025-11-20 17:59:39.63;0.00:00:57:886;-1.00;0.00;0.00;0.05558;-0.05562;-0.0002254;-0.0001083;-89.88;-0.06;100.06;0.19;100.06;0.05558;0.05562;-3.113E-05;-12.550;-12.548;-99.990;0.00;-154.34;
2025-11-20 17:59:39.68;0.00:00:57:933;-1.00;-0.01;0.00;0.05551;-0.05553;-0.0002807;-9.727E-05;-89.86;-0.05;100.03;0.18;100.03;0.05551;0.05553;-1.726E-05;-12.556;-12.555;-99.990;0.00;-160.89;
2025-11-20 17:59:39.73;0.00:00:57:984;-1.00;0.00;0.00;0.05525;-0.05528;-0.0002598;-0.0001016;-89.87;-0.05;100.04;0.18;100.04;0.05525;0.05528;-2.276E-05;-12.576;-12.575;-99.990;0.00;-158.64;
2025-11-20 17:59:39.78;0.00:00:58:029;-1.00;0.00;0.00;0.05537;-0.0554;-0.0002455;-0.0001051;-89.87;-0.05;100.05;0.19;100.05;0.05537;0.0554;-2.531E-05;-12.567;-12.565;-99.990;0.00;-156.81;
2025-11-20 17:59:39.82;0.00:00:58:075;-1.00;0.00;0.00;0.05542;-0.05545;-0.0002427;-0.0001094;-89.87;-0.06;100.05;0.20;100.05;0.05542;0.05545;-2.577E-05;-12.563;-12.561;-99.990;0.00;-155.73;
2025-11-20 17:59:39.87;0.00:00:58:121;-1.00;0.00;0.00;0.05559;-0.05561;-0.0002453;-0.0001125;-89.87;-0.06;100.05;0.20;100.05;0.05559;0.05561;-2.546E-05;-12.550;-12.548;-99.990;0.00;-155.36;
2025-11-20 17:59:39.91;0.00:00:58:167;-1.00;0.00;0.00;0.05566;-0.05569;-0.0002517;-0.0001017;-89.87;-0.05;100.05;0.18;100.05;0.05566;0.05569;-2.633E-05;-12.545;-12.543;-99.990;0.00;-158.00;
2025-11-20 17:59:39.96;0.00:00:58:216;-1.00;0.00;0.00;0.05564;-0.05566;-0.0002575;-0.0001033;-89.87;-0.05;100.04;0.19;100.04;0.05564;0.05566;-2.276E-05;-12.546;-12.544;-99.990;0.00;-158.14;
2025-11-20 17:59:40.01;0.00:00:58:262;-1.00;0.00;0.00;0.05544;-0.05547;-0.0002698;-0.0001016;-89.86;-0.05;100.04;0.18;100.04;0.05544;0.05547;-2.489E-05;-12.561;-12.559;-99.990;0.00;-159.37;
2025-11-20 17:59:40.05;0.00:00:58:308;-1.00;0.00;0.00;0.05532;-0.05534;-0.0002612;-0.0001021;-89.86;-0.05;100.04;0.18;100.04;0.05532;0.05534;-2.13E-05;-12.571;-12.570;-99.990;0.00;-158.66;
2025-11-20 17:59:40.10;0.00:00:58:354;-1.00;0.00;0.00;0.05513;-0.05515;-0.0002649;-0.0001106;-89.86;-0.06;100.04;0.20;100.04;0.05513;0.05515;-2.326E-05;-12.586;-12.584;-99.990;0.00;-157.35;
2025-11-20 17:59:40.14;0.00:00:58:399;-1.00;0.00;0.00;0.05518;-0.05521;-0.000233;-0.0001154;-89.88;-0.06;100.05;0.21;100.05;0.05518;0.05521;-2.693E-05;-12.582;-12.580;-99.990;0.00;-153.66;
2025-11-20 17:59:40.20;0.00:00:58:451;-1.00;0.00;0.00;0.05513;-0.05515;-0.0002628;-9.704E-05;-89.86;-0.05;100.04;0.18;100.04;0.05513;0.05515;-2.2E-05;-12.586;-12.585;-99.990;0.00;-159.73;
2025-11-20 17:59:40.25;0.00:00:58:509;-1.00;0.00;0.00;0.0551;-0.05512;-0.0002448;-0.000106;-89.87;-0.06;100.04;0.19;100.04;0.0551;0.05512;-2.309E-05;-12.589;-12.587;-99.990;0.00;-156.59;
2025-11-20 17:59:40.30;0.00:00:58:556;-1.00;0.00;0.00;0.05548;-0.0555;-0.0002649;-9.623E-05;-89.86;-0.05;100.04;0.17;100.04;0.05548;0.0555;-2.164E-05;-12.558;-12.557;-99.990;0.00;-160.04;
2025-11-20 17:59:40.35;0.00:00:58:606;-1.00;0.00;0.00;0.05531;-0.05533;-0.000263;-0.000104;-89.86;-0.05;100.04;0.19;100.04;0.05531;0.05533;-2.362E-05;-12.572;-12.570;-99.990;0.00;-158.42;
2025-11-20 17:59:40.41;0.00:00:58:665;-1.00;0.00;0.00;0.05545;-0.05548;-0.0002335;-0.0001024;-89.88;-0.05;100.05;0.18;100.05;0.05545;0.05548;-2.623E-05;-12.561;-12.559;-99.990;0.00;-156.32;
2025-11-20 17:59:40.46;0.00:00:58:713;-1.00;0.00;0.00;0.05542;-0.05544;-0.0002624;-0.0001056;-89.86;-0.05;100.04;0.19;100.04;0.05542;0.05544;-2.05E-05;-12.563;-12.562;-99.990;0.00;-158.07;
2025-11-20 17:59:40.51;0.00:00:58:759;-1.00;0.00;0.00;0.05563;-0.05566;-0.000241;-0.0001122;-89.88;-0.06;100.05;0.20;100.05;0.05563;0.05566;-2.654E-05;-12.547;-12.545;-99.990;0.00;-155.03;
2025-11-20 17:59:40.55;0.00:00:58:805;-1.00;0.00;0.00;0.05574;-0.05577;-0.0002474;-0.0001133;-89.87;-0.06;100.05;0.20;100.05;0.05574;0.05577;-2.648E-05;-12.538;-12.536;-99.990;0.00;-155.39;
2025-11-20 17:59:40.60;0.00:00:58:852;-1.00;0.00;0.00;0.05543;-0.05545;-0.0002527;-0.0001087;-89.87;-0.06;100.04;0.20;100.04;0.05543;0.05545;-2.112E-05;-12.563;-12.561;-99.990;0.00;-156.72;
2025-11-20 17:59:40.65;0.00:00:58:904;-1.00;0.00;0.00;0.05546;-0.05548;-0.0002439;-0.0001082;-89.87;-0.06;100.04;0.20;100.04;0.05546;0.05548;-2.484E-05;-12.560;-12.559;-99.990;0.00;-156.07;
2025-11-20 17:59:40.71;0.00:00:58:961;-1.00;0.00;0.00;0.0553;-0.05532;-0.0002506;-0.0001041;-89.87;-0.05;100.04;0.19;100.04;0.0553;0.05532;-2.289E-05;-12.573;-12.571;-99.990;0.00;-157.44;
2025-11-20 17:59:40.75;0.00:00:59:008;-1.00;0.00;0.00;0.05525;-0.05527;-0.0002675;-0.0001017;-89.86;-0.05;100.04;0.18;100.04;0.05525;0.05527;-2.171E-05;-12.577;-12.575;-99.990;0.00;-159.19;
2025-11-20 17:59:40.80;0.00:00:59:054;-1.00;0.00;0.00;0.05517;-0.0552;-0.0002414;-0.0001078;-89.87;-0.06;100.04;0.20;100.04;0.05517;0.0552;-2.477E-05;-12.583;-12.581;-99.990;0.00;-155.93;
2025-11-20 17:59:40.85;0.00:00:59:100;-1.00;0.00;0.00;0.0552;-0.05522;-0.0002439;-0.0001078;-89.87;-0.06;100.05;0.20;100.05;0.0552;0.05522;-2.594E-05;-12.581;-12.579;-99.990;0.00;-156.15;
2025-11-20 17:59:40.89;0.00:00:59:148;-1.00;0.00;0.00;0.05543;-0.05546;-0.000227;-0.0001146;-89.88;-0.06;100.05;0.21;100.05;0.05543;0.05546;-2.888E-05;-12.563;-12.560;-99.990;0.00;-153.22;
2025-11-20 17:59:40.94;0.00:00:59:195;-1.00;0.00;0.00;0.0554;-0.05542;-0.0002606;-0.0001059;-89.87;-0.05;100.04;0.19;100.04;0.0554;0.05542;-2.238E-05;-12.565;-12.563;-99.990;0.00;-157.89;
2025-11-20 17:59:40.99;0.00:00:59:243;-1.00;0.00;0.00;0.05538;-0.0554;-0.0002457;-0.0001101;-89.87;-0.06;100.04;0.20;100.04;0.05538;0.0554;-2.342E-05;-12.567;-12.565;-99.990;0.00;-155.87;
2025-11-20 17:59:41.04;0.00:00:59:289;-1.00;0.00;0.00;0.05541;-0.05544;-0.0002453;-9.822E-05;-89.87;-0.05;100.05;0.18;100.05;0.05541;0.05544;-2.61E-05;-12.564;-12.562;-99.990;0.00;-158.18;
2025-11-20 17:59:41.09;0.00:00:59:341;-1.00;0.00;0.00;0.05533;-0.05535;-0.000261;-0.0001069;-89.86;-0.06;100.04;0.19;100.04;0.05533;0.05535;-2.296E-05;-12.571;-12.569;-99.990;0.00;-157.73;
2025-11-20 17:59:41.15;0.00:00:59:399;-1.00;0.00;0.00;0.05525;-0.05528;-0.0002409;-0.000104;-89.88;-0.05;100.05;0.19;100.05;0.05525;0.05528;-2.58E-05;-12.577;-12.575;-99.990;0.00;-156.65;
2025-11-20 17:59:41.19;0.00:00:59:447;-1.00;0.00;0.00;0.0554;-0.05543;-0.0002429;-0.0001039;-89.87;-0.05;100.04;0.19;100.04;0.0554;0.05543;-2.477E-05;-12.565;-12.563;-99.990;0.00;-156.85;
2025-11-20 17:59:41.24;0.00:00:59:495;-1.00;0.00;0.00;0.05529;-0.05532;-0.0002454;-9.754E-05;-89.87;-0.05;100.04;0.18;100.04;0.05529;0.05532;-2.472E-05;-12.573;-12.571;-99.990;0.00;-158.33;
2025-11-20 17:59:41.29;0.00:00:59:542;-1.00;0.00;0.00;0.05536;-0.05539;-0.0002336;-0.0001137;-89.88;-0.06;100.05;0.21;100.05;0.05536;0.05539;-2.923E-05;-12.568;-12.565;-99.990;0.00;-154.05;
2025-11-20 17:59:41.33;0.00:00:59:588;-1.00;0.00;0.00;0.05566;-0.05568;-0.0002411;-0.0001088;-89.88;-0.06;100.04;0.20;100.04;0.05566;0.05568;-2.488E-05;-12.545;-12.543;-99.990;0.00;-155.72;
2025-11-20 17:59:41.39;0.00:00:59:641;-1.00;0.00;0.00;0.05576;-0.05578;-0.0002543;-0.0001024;-89.87;-0.05;100.04;0.18;100.04;0.05576;0.05578;-2.292E-05;-12.537;-12.535;-99.990;0.00;-158.06;
2025-11-20 17:59:41.44;0.00:00:59:698;-1.00;0.00;0.00;0.05516;-0.05518;-0.0002433;-0.0001082;-89.87;-0.06;100.04;0.20;100.04;0.05516;0.05518;-2.328E-05;-12.584;-12.582;-99.990;0.00;-156.01;
2025-11-20 17:59:41.49;0.00:00:59:745;-1.00;0.00;0.00;0.05517;-0.05519;-0.000247;-0.0001035;-89.87;-0.05;100.04;0.19;100.04;0.05517;0.0552;-2.439E-05;-12.583;-12.581;-99.990;0.00;-157.27;
2025-11-20 17:59:41.54;0.00:00:59:795;-1.00;0.00;0.00;0.05515;-0.05517;-0.0002427;-0.0001073;-89.87;-0.06;100.05;0.19;100.05;0.05515;0.05517;-2.52E-05;-12.585;-12.583;-99.990;0.00;-156.15;
2025-11-20 17:59:41.59;0.00:00:59:844;-1.00;0.00;0.00;0.05524;-0.05527;-0.0002501;-0.0001053;-89.87;-0.05;100.05;0.19;100.05;0.05524;0.05527;-2.773E-05;-12.578;-12.575;-99.990;0.00;-157.16;
2025-11-20 17:59:41.64;0.00:00:59:895;-1.00;0.00;0.00;0.05516;-0.05518;-0.0002588;-0.0001072;-89.87;-0.06;100.04;0.19;100.04;0.05516;0.05518;-2.14E-05;-12.584;-12.582;-99.990;0.00;-157.51;
2025-11-20 17:59:41.70;0.00:00:59:950;-1.00;0.00;0.00;0.05514;-0.05517;-0.0002444;-0.0001078;-89.87;-0.06;100.05;0.20;100.05;0.05514;0.05517;-2.801E-05;-12.585;-12.583;-99.990;0.00;-156.20;
2025-11-20 17:59:41.75;0.00:01:00:000;-1.00;0.00;0.00;0.05533;-0.05536;-0.0002379;-0.0001042;-89.88;-0.05;100.05;0.19;100.05;0.05533;0.05536;-2.545E-05;-12.570;-12.568;-99.990;0.00;-156.34;
