Device : ;PAX1000IR1
Serial Number : ;M00974113
Firmware Version : ;1.0.13
Software Version : ;1.4.2002.183
Wavelength [nm] : ;780
Basic Sample Rate [Hz] : ;60
Operating Mode : ;1 revolution for one measurement, 2048 points for FFT

Time[date hh:mm:ss] ; Elapsed Time [hh:mm:ss:ms]; Normalized s 1 ; Normalized s 2 ; Normalized s 3 ; S 0 [mW]; S 1 [mW]; S 2 [mW]; S 3 [mW]; Azimuth[°] ; Ellipticity[°] ; DOP[%] ; DOCP[%] ; DOLP[%] ; Power[mW] ; Pol Power[mW] ; Unpol Power[mW] ; Power[dBm] ; Pol Power[dBm] ; Unpol Power[dBm] ; Power-Split-Ratio ; Phase Difference[°] ; Warning
2026-01-08 15:32:59.51;0.00:00:00:052;0.00;0.00;1.00;0.01527;6.989E-06;3.705E-05;0.01528;39.66;44.93;100.04;100.04;0.25;0.01527;0.01528;-6.795E-06;-18.162;-18.160;-99.990;0.50;89.86;
2026-01-08 15:32:59.57;0.00:00:00:111;0.00;0.00;1.00;0.0151;6.937E-06;4.325E-05;0.01511;40.44;44.92;100.04;100.04;0.29;0.0151;0.01511;-6.373E-06;-18.209;-18.208;-99.990;0.50;89.84;
2026-01-08 15:32:59.62;0.00:00:00:159;0.00;0.00;1.00;0.01519;6.988E-06;3.57E-05;0.0152;39.46;44.93;100.05;100.05;0.24;0.01519;0.0152;-6.959E-06;-18.183;-18.181;-99.990;0.50;89.87;
2026-01-08 15:32:59.68;0.00:00:00:220;0.00;0.00;1.00;0.01524;4.963E-06;4.396E-05;0.01525;41.78;44.92;100.05;100.05;0.29;0.01524;0.01525;-7.102E-06;-18.170;-18.168;-99.990;0.50;89.83;
2026-01-08 15:32:59.73;0.00:00:00:265;0.00;0.00;1.00;0.01515;5.617E-06;3.801E-05;0.01515;40.80;44.93;100.04;100.04;0.25;0.01515;0.01515;-5.862E-06;-18.197;-18.195;-99.990;0.50;89.86;
2026-01-08 15:32:59.77;0.00:00:00:312;0.00;0.00;1.00;0.01516;4.015E-06;4.259E-05;0.01516;42.31;44.92;100.04;100.04;0.28;0.01516;0.01516;-6.078E-06;-18.194;-18.192;-99.990;0.50;89.84;
2026-01-08 15:32:59.82;0.00:00:00:360;0.00;0.00;1.00;0.01521;4.603E-06;3.587E-05;0.01522;41.34;44.93;100.05;100.04;0.24;0.01521;0.01522;-6.861E-06;-18.178;-18.176;-99.990;0.50;89.86;
2026-01-08 15:32:59.88;0.00:00:00:421;0.00;0.00;1.00;0.01525;4.661E-06;4.124E-05;0.01526;41.78;44.92;100.04;100.04;0.27;0.01525;0.01526;-6.694E-06;-18.168;-18.166;-99.990;0.50;89.85;
2026-01-08 15:32:59.93;0.00:00:00:468;0.00;0.00;1.00;0.01527;7.22E-06;4.591E-05;0.01528;40.53;44.91;100.04;100.04;0.30;0.01527;0.01528;-6.414E-06;-18.161;-18.159;-99.990;0.50;89.83;
2026-01-08 15:32:59.98;0.00:00:00:515;0.00;0.00;1.00;0.01524;6.71E-06;3.992E-05;0.01524;40.23;44.92;100.04;100.04;0.27;0.01524;0.01524;-6.43E-06;-18.171;-18.169;-99.990;0.50;89.85;
2026-01-08 15:33:00.02;0.00:00:00:562;0.00;0.00;1.00;0.01531;4.625E-06;4.262E-05;0.01531;41.90;44.92;100.04;100.04;0.28;0.01531;0.01531;-6.75E-06;-18.151;-18.149;-99.990;0.50;89.84;
2026-01-08 15:33:00.07;0.00:00:00:610;0.00;0.00;1.00;0.01522;8.177E-06;4.513E-05;0.01523;39.86;44.91;100.04;100.04;0.30;0.01522;0.01523;-5.768E-06;-18.176;-18.174;-99.990;0.50;89.83;
2026-01-08 15:33:00.12;0.00:00:00:656;0.00;0.00;1.00;0.01527;7.134E-06;3.346E-05;0.01528;38.98;44.94;100.04;100.04;0.22;0.01527;0.01528;-5.941E-06;-18.161;-18.159;-99.990;0.50;89.87;
2026-01-08 15:33:00.16;0.00:00:00:703;0.00;0.00;1.00;0.01532;7.224E-06;4.382E-05;0.01533;40.32;44.92;100.04;100.04;0.29;0.01532;0.01533;-6.865E-06;-18.147;-18.145;-99.990;0.50;89.84;
2026-01-08 15:33:00.21;0.00:00:00:749;0.00;0.00;1.00;0.01528;8.085E-06;4.204E-05;0.01529;39.56;44.92;100.05;100.05;0.28;0.01528;0.01529;-6.968E-06;-18.159;-18.157;-99.990;0.50;89.84;
2026-01-08 15:33:00.26;0.00:00:00:795;0.00;0.00;1.00;0.01522;7.878E-06;4.49E-05;0.01523;40.02;44.91;100.04;100.04;0.30;0.01522;0.01523;-6.576E-06;-18.176;-18.174;-99.990;0.50;89.83;
2026-01-08 15:33:00.30;0.00:00:00:841;0.00;0.00;1.00;0.01525;7.16E-06;3.976E-05;0.01525;39.90;44.92;100.05;100.05;0.26;0.01525;0.01525;-6.937E-06;-18.169;-18.167;-99.990;0.50;89.85;
2026-01-08 15:33:00.35;0.00:00:00:888;0.00;0.00;1.00;0.01524;8.171E-06;4.205E-05;0.01524;39.50;44.92;100.05;100.05;0.28;0.01524;0.01524;-7.497E-06;-18.171;-18.169;-99.990;0.50;89.84;
2026-01-08 15:33:00.40;0.00:00:00:935;0.00;0.00;1.00;0.01519;8.758E-06;3.731E-05;0.01519;38.40;44.93;100.04;100.04;0.25;0.01519;0.01519;-6.728E-06;-18.185;-18.183;-99.990;0.50;89.86;
2026-01-08 15:33:00.44;0.00:00:00:982;0.00;0.00;1.00;0.01523;7.661E-06;4.06E-05;0.01523;39.66;44.92;100.05;100.05;0.27;0.01523;0.01523;-7.324E-06;-18.174;-18.172;-99.990;0.50;89.85;
2026-01-08 15:33:00.49;0.00:00:01:030;0.00;0.00;1.00;0.01526;5.56E-06;4.271E-05;0.01527;41.29;44.92;100.05;100.04;0.28;0.01526;0.01527;-6.897E-06;-18.165;-18.163;-99.990;0.50;89.84;
2026-01-08 15:33:00.54;0.00:00:01:076;0.00;0.00;1.00;0.01521;5.316E-06;4.347E-05;0.01521;41.51;44.92;100.04;100.04;0.29;0.01521;0.01521;-6.144E-06;-18.179;-18.177;-99.990;0.50;89.84;
2026-01-08 15:33:00.58;0.00:00:01:123;0.00;0.00;1.00;0.01519;7.04E-06;4.198E-05;0.0152;40.24;44.92;100.05;100.05;0.28;0.01519;0.0152;-7.292E-06;-18.184;-18.182;-99.990;0.50;89.84;
2026-01-08 15:33:00.63;0.00:00:01:170;0.00;0.00;1.00;0.01533;6.912E-06;3.715E-05;0.01534;39.73;44.93;100.04;100.04;0.25;0.01533;0.01534;-6.594E-06;-18.144;-18.142;-99.990;0.50;89.86;
2026-01-08 15:33:00.69;0.00:00:01:232;0.00;0.00;1.00;0.01523;7.836E-06;4.28E-05;0.01524;39.81;44.92;100.04;100.04;0.29;0.01523;0.01524;-6.185E-06;-18.172;-18.170;-99.990;0.50;89.84;
2026-01-08 15:33:00.74;0.00:00:01:277;0.00;0.00;1.00;0.01531;4.449E-06;3.843E-05;0.01531;41.70;44.93;100.04;100.04;0.25;0.01531;0.01531;-6.413E-06;-18.151;-18.150;-99.990;0.50;89.86;
2026-01-08 15:33:00.79;0.00:00:01:325;0.00;0.00;1.00;0.01525;7.597E-06;4.614E-05;0.01525;40.32;44.91;100.04;100.04;0.31;0.01525;0.01525;-6.053E-06;-18.168;-18.167;-99.990;0.50;89.83;
2026-01-08 15:33:00.83;0.00:00:01:373;0.00;0.00;1.00;0.01527;8.477E-06;3.983E-05;0.01528;38.99;44.92;100.04;100.04;0.27;0.01527;0.01528;-6.55E-06;-18.162;-18.160;-99.990;0.50;89.85;
2026-01-08 15:33:00.89;0.00:00:01:433;0.00;0.00;1.00;0.01533;6.739E-06;4.072E-05;0.01533;40.30;44.92;100.04;100.04;0.27;0.01533;0.01533;-6.377E-06;-18.145;-18.143;-99.990;0.50;89.85;
2026-01-08 15:33:00.94;0.00:00:01:480;0.00;0.00;1.00;0.01534;6.902E-06;4.335E-05;0.01535;40.48;44.92;100.05;100.05;0.29;0.01534;0.01535;-7.057E-06;-18.142;-18.140;-99.990;0.50;89.84;
2026-01-08 15:33:00.99;0.00:00:01:530;0.00;0.00;1.00;0.01529;8.003E-06;4.391E-05;0.0153;39.84;44.92;100.05;100.05;0.29;0.01529;0.0153;-7.126E-06;-18.155;-18.153;-99.990;0.50;89.84;
2026-01-08 15:33:01.05;0.00:00:01:590;0.00;0.00;1.00;0.01527;8.262E-06;4.169E-05;0.01528;39.40;44.92;100.04;100.04;0.28;0.01527;0.01528;-6.4E-06;-18.161;-18.159;-99.990;0.50;89.84;
2026-01-08 15:33:01.10;0.00:00:01:636;0.00;0.00;1.00;0.01525;8.857E-06;3.876E-05;0.01526;38.56;44.93;100.04;100.04;0.26;0.01525;0.01526;-6.543E-06;-18.167;-18.165;-99.990;0.50;89.85;
2026-01-08 15:33:01.15;0.00:00:01:684;0.00;0.00;1.00;0.01526;7.295E-06;4.432E-05;0.01527;40.33;44.92;100.05;100.05;0.29;0.01526;0.01527;-7.036E-06;-18.164;-18.162;-99.990;0.50;89.83;
2026-01-08 15:33:01.19;0.00:00:01:733;0.00;0.00;1.00;0.01528;5.826E-06;4.432E-05;0.01529;41.26;44.92;100.04;100.04;0.29;0.01528;0.01529;-5.992E-06;-18.157;-18.156;-99.990;0.50;89.83;
2026-01-08 15:33:01.25;0.00:00:01:792;0.00;0.00;1.00;0.01524;7.72E-06;4.395E-05;0.01525;40.02;44.92;100.04;100.04;0.29;0.01524;0.01525;-6.781E-06;-18.170;-18.169;-99.990;0.50;89.83;
2026-01-08 15:33:01.30;0.00:00:01:839;0.00;0.00;1.00;0.01526;8.522E-06;4.211E-05;0.01527;39.28;44.92;100.04;100.04;0.28;0.01526;0.01527;-6.561E-06;-18.165;-18.163;-99.990;0.50;89.84;
2026-01-08 15:33:01.35;0.00:00:01:886;0.00;0.00;1.00;0.01526;5.315E-06;4.215E-05;0.01526;41.41;44.92;100.04;100.04;0.28;0.01526;0.01526;-6.423E-06;-18.166;-18.164;-99.990;0.50;89.84;
2026-01-08 15:33:01.39;0.00:00:01:933;0.00;0.00;1.00;0.01517;9.814E-06;4.159E-05;0.01517;38.36;44.92;100.04;100.04;0.28;0.01517;0.01517;-6.506E-06;-18.191;-18.189;-99.990;0.50;89.84;
2026-01-08 15:33:01.44;0.00:00:01:979;0.00;0.00;1.00;0.01525;5.333E-06;4.124E-05;0.01525;41.32;44.92;100.04;100.04;0.27;0.01525;0.01525;-6.495E-06;-18.168;-18.166;-99.990;0.50;89.85;
2026-01-08 15:33:01.49;0.00:00:02:027;0.00;0.00;1.00;0.01523;7.961E-06;4.369E-05;0.01524;39.84;44.92;100.05;100.05;0.29;0.01523;0.01524;-7.342E-06;-18.173;-18.171;-99.990;0.50;89.84;
2026-01-08 15:33:01.53;0.00:00:02:074;0.00;0.00;1.00;0.01526;6.963E-06;4.24E-05;0.01527;40.34;44.92;100.04;100.04;0.28;0.01526;0.01527;-6.228E-06;-18.163;-18.162;-99.990;0.50;89.84;
2026-01-08 15:33:01.58;0.00:00:02:121;0.00;0.00;1.00;0.01529;7.495E-06;3.96E-05;0.01529;39.64;44.92;100.04;100.04;0.26;0.01529;0.01529;-6.787E-06;-18.157;-18.155;-99.990;0.50;89.85;
2026-01-08 15:33:01.64;0.00:00:02:182;0.00;0.00;1.00;0.01527;7.759E-06;4.623E-05;0.01527;40.24;44.91;100.05;100.05;0.31;0.01527;0.01527;-6.961E-06;-18.163;-18.161;-99.990;0.50;89.83;
2026-01-08 15:33:01.69;0.00:00:02:228;0.00;0.00;1.00;0.01528;6.683E-06;4.103E-05;0.01529;40.37;44.92;100.04;100.04;0.27;0.01528;0.01529;-6.066E-06;-18.159;-18.157;-99.990;0.50;89.85;
2026-01-08 15:33:01.74;0.00:00:02:277;0.00;0.00;1.00;0.01524;9.07E-06;4.071E-05;0.01525;38.72;44.92;100.04;100.04;0.27;0.01524;0.01525;-6.479E-06;-18.169;-18.167;-99.990;0.50;89.85;
2026-01-08 15:33:01.78;0.00:00:02:322;0.00;0.00;1.00;0.01531;4.31E-06;3.909E-05;0.01531;41.85;44.93;100.04;100.04;0.26;0.01531;0.01531;-6.168E-06;-18.151;-18.150;-99.990;0.50;89.85;
2026-01-08 15:33:01.83;0.00:00:02:369;0.00;0.00;1.00;0.01525;6.463E-06;3.565E-05;0.01526;39.86;44.93;100.05;100.05;0.24;0.01525;0.01526;-6.908E-06;-18.167;-18.165;-99.990;0.50;89.87;
2026-01-08 15:33:01.88;0.00:00:02:415;0.00;0.00;1.00;0.01532;3.412E-06;4.427E-05;0.01532;42.80;44.92;100.04;100.04;0.29;0.01532;0.01532;-6.097E-06;-18.148;-18.146;-99.990;0.50;89.83;
2026-01-08 15:33:01.92;0.00:00:02:462;0.00;0.00;1.00;0.01535;8.001E-06;3.553E-05;0.01535;38.65;44.93;100.04;100.04;0.24;0.01535;0.01535;-5.77E-06;-18.140;-18.138;-99.990;0.50;89.87;
2026-01-08 15:33:01.97;0.00:00:02:509;0.00;0.00;1.00;0.01535;7.32E-06;4.231E-05;0.01535;40.09;44.92;100.04;100.04;0.28;0.01535;0.01535;-5.51E-06;-18.139;-18.138;-99.990;0.50;89.84;
2026-01-08 15:33:02.02;0.00:00:02:559;0.00;0.00;1.00;0.01534;6.975E-06;4.228E-05;0.01535;40.32;44.92;100.04;100.04;0.28;0.01534;0.01535;-6.46E-06;-18.141;-18.139;-99.990;0.50;89.84;
2026-01-08 15:33:02.08;0.00:00:02:619;0.00;0.00;1.00;0.01533;6.951E-06;4.397E-05;0.01534;40.51;44.92;100.04;100.04;0.29;0.01533;0.01534;-6.684E-06;-18.145;-18.143;-99.990;0.50;89.84;
2026-01-08 15:33:02.13;0.00:00:02:665;0.00;0.00;1.00;0.0153;6.431E-06;4.607E-05;0.01531;41.03;44.91;100.04;100.04;0.30;0.0153;0.01531;-6.564E-06;-18.153;-18.151;-99.990;0.50;89.83;
2026-01-08 15:33:02.18;0.00:00:02:715;0.00;0.00;1.00;0.01529;6.973E-06;4.225E-05;0.0153;40.31;44.92;100.04;100.04;0.28;0.01529;0.0153;-5.52E-06;-18.156;-18.154;-99.990;0.50;89.84;
2026-01-08 15:33:02.23;0.00:00:02:765;0.00;0.00;1.00;0.01529;7.311E-06;4.284E-05;0.0153;40.16;44.92;100.04;100.04;0.28;0.01529;0.0153;-6.315E-06;-18.155;-18.154;-99.990;0.50;89.84;
2026-01-08 15:33:02.28;0.00:00:02:817;0.00;0.00;1.00;0.01527;5.196E-06;4.365E-05;0.01528;41.61;44.92;100.04;100.04;0.29;0.01527;0.01528;-6.199E-06;-18.162;-18.160;-99.990;0.50;89.84;
2026-01-08 15:33:02.33;0.00:00:02:870;0.00;0.00;1.00;0.01526;7.859E-06;4.259E-05;0.01527;39.77;44.92;100.05;100.05;0.28;0.01526;0.01527;-7.554E-06;-18.164;-18.162;-99.990;0.50;89.84;
2026-01-08 15:33:02.38;0.00:00:02:919;0.00;0.00;1.00;0.01527;7.833E-06;4.167E-05;0.01528;39.68;44.92;100.04;100.04;0.28;0.01527;0.01528;-6.858E-06;-18.161;-18.159;-99.990;0.50;89.84;
2026-01-08 15:33:02.43;0.00:00:02:970;0.00;0.00;1.00;0.01522;6.395E-06;3.694E-05;0.01522;40.09;44.93;100.04;100.04;0.25;0.01522;0.01522;-5.768E-06;-18.176;-18.175;-99.990;0.50;89.86;
2026-01-08 15:33:02.48;0.00:00:03:020;0.00;0.00;1.00;0.01524;6.836E-06;4.477E-05;0.01525;40.66;44.91;100.04;100.04;0.30;0.01524;0.01525;-6.646E-06;-18.169;-18.167;-99.990;0.50;89.83;
2026-01-08 15:33:02.53;0.00:00:03:072;0.00;0.00;1.00;0.0153;6.89E-06;4.043E-05;0.01531;40.16;44.92;100.04;100.04;0.27;0.0153;0.01531;-6.762E-06;-18.153;-18.151;-99.990;0.50;89.85;
2026-01-08 15:33:02.58;0.00:00:03:124;0.00;0.00;1.00;0.01538;1.068E-05;3.752E-05;0.01539;37.06;44.93;100.05;100.05;0.25;0.01538;0.01539;-8.015E-06;-18.129;-18.127;-99.990;0.50;89.86;
2026-01-08 15:33:02.63;0.00:00:03:173;0.00;0.00;1.00;0.01534;7.048E-06;5.507E-05;0.01534;41.35;44.90;100.04;100.04;0.36;0.01534;0.01534;-6.517E-06;-18.143;-18.141;-99.990;0.50;89.79;
2026-01-08 15:33:02.69;0.00:00:03:225;0.00;0.00;1.00;0.01528;5.831E-06;4.072E-05;0.01529;40.93;44.92;100.04;100.04;0.27;0.01528;0.01529;-6.326E-06;-18.159;-18.157;-99.990;0.50;89.85;
2026-01-08 15:33:02.74;0.00:00:03:275;0.00;0.00;1.00;0.01523;5.402E-06;4.218E-05;0.01523;41.35;44.92;100.04;100.04;0.28;0.01523;0.01523;-6.092E-06;-18.173;-18.172;-99.990;0.50;89.84;
2026-01-08 15:33:02.79;0.00:00:03:325;0.00;0.00;1.00;0.01523;6.507E-06;4.082E-05;0.01523;40.47;44.92;100.04;100.04;0.27;0.01523;0.01523;-6.273E-06;-18.174;-18.172;-99.990;0.50;89.85;
2026-01-08 15:33:02.84;0.00:00:03:378;0.00;0.00;1.00;0.01524;6.054E-06;3.925E-05;0.01525;40.62;44.93;100.04;100.04;0.26;0.01524;0.01525;-6.477E-06;-18.170;-18.168;-99.990;0.50;89.85;
2026-01-08 15:33:02.89;0.00:00:03:429;0.00;0.00;1.00;0.01524;5.624E-06;4.548E-05;0.01525;41.48;44.91;100.04;100.04;0.30;0.01524;0.01525;-6.707E-06;-18.169;-18.167;-99.990;0.50;89.83;
2026-01-08 15:33:02.94;0.00:00:03:479;0.00;0.00;1.00;0.01521;7.821E-06;4.11E-05;0.01522;39.61;44.92;100.04;100.04;0.27;0.01521;0.01522;-6.664E-06;-18.177;-18.175;-99.990;0.50;89.85;
2026-01-08 15:33:02.99;0.00:00:03:530;0.00;0.00;1.00;0.01523;8.202E-06;4.117E-05;0.01524;39.37;44.92;100.05;100.05;0.28;0.01523;0.01524;-7.189E-06;-18.173;-18.170;-99.990;0.50;89.85;
2026-01-08 15:33:03.04;0.00:00:03:582;0.00;0.00;1.00;0.01529;7.98E-06;4.518E-05;0.0153;39.99;44.91;100.04;100.04;0.30;0.01529;0.0153;-6.514E-06;-18.156;-18.154;-99.990;0.50;89.83;
2026-01-08 15:33:03.09;0.00:00:03:632;0.00;0.00;1.00;0.01526;7.703E-06;3.896E-05;0.01527;39.41;44.93;100.04;100.04;0.26;0.01526;0.01527;-6.761E-06;-18.164;-18.162;-99.990;0.50;89.85;
2026-01-08 15:33:03.14;0.00:00:03:684;0.00;0.00;1.00;0.01527;5.862E-06;4.429E-05;0.01527;41.23;44.92;100.04;100.04;0.29;0.01527;0.01527;-6.625E-06;-18.163;-18.161;-99.990;0.50;89.83;
2026-01-08 15:33:03.20;0.00:00:03:734;0.00;0.00;1.00;0.01526;6.884E-06;3.931E-05;0.01527;40.03;44.93;100.04;100.04;0.26;0.01526;0.01527;-6.516E-06;-18.165;-18.163;-99.990;0.50;89.85;
2026-01-08 15:33:03.25;0.00:00:03:787;0.00;0.00;1.00;0.01529;8.043E-06;3.726E-05;0.0153;38.91;44.93;100.04;100.04;0.25;0.01529;0.0153;-6.378E-06;-18.155;-18.153;-99.990;0.50;89.86;
2026-01-08 15:33:03.30;0.00:00:03:836;0.00;0.00;1.00;0.01533;6.3E-06;4.233E-05;0.01534;40.77;44.92;100.05;100.05;0.28;0.01533;0.01534;-6.962E-06;-18.143;-18.141;-99.990;0.50;89.84;
2026-01-08 15:33:03.35;0.00:00:03:887;0.00;0.00;1.00;0.01527;7.58E-06;4.246E-05;0.01528;39.94;44.92;100.04;100.04;0.28;0.01527;0.01528;-6.339E-06;-18.160;-18.158;-99.990;0.50;89.84;
2026-01-08 15:33:03.40;0.00:00:03:938;0.00;0.00;1.00;0.01528;6.176E-06;4.23E-05;0.01529;40.85;44.92;100.04;100.04;0.28;0.01528;0.01529;-6.601E-06;-18.159;-18.157;-99.990;0.50;89.84;
2026-01-08 15:33:03.45;0.00:00:03:990;0.00;0.00;1.00;0.01528;6.697E-06;4.326E-05;0.01528;40.60;44.92;100.04;100.04;0.29;0.01528;0.01528;-6.752E-06;-18.160;-18.158;-99.990;0.50;89.84;
2026-01-08 15:33:03.50;0.00:00:04:039;0.00;0.00;1.00;0.01527;7.615E-06;4.153E-05;0.01528;39.80;44.92;100.04;100.04;0.28;0.01527;0.01528;-6.383E-06;-18.161;-18.159;-99.990;0.50;89.84;
2026-01-08 15:33:03.55;0.00:00:04:092;0.00;0.00;1.00;0.01528;6.663E-06;4.37E-05;0.01529;40.67;44.92;100.04;100.04;0.29;0.01528;0.01529;-5.792E-06;-18.158;-18.157;-99.990;0.50;89.84;
2026-01-08 15:33:03.60;0.00:00:04:144;0.00;0.00;1.00;0.01532;5.507E-06;4.479E-05;0.01532;41.50;44.92;100.05;100.05;0.29;0.01532;0.01532;-7.092E-06;-18.148;-18.146;-99.990;0.50;89.83;
2026-01-08 15:33:03.66;0.00:00:04:194;0.00;0.00;1.00;0.01527;7.266E-06;4.278E-05;0.01528;40.18;44.92;100.04;100.04;0.28;0.01527;0.01528;-6.323E-06;-18.161;-18.159;-99.990;0.50;89.84;
2026-01-08 15:33:03.70;0.00:00:04:244;0.00;0.00;1.00;0.01527;8.27E-06;4.304E-05;0.01528;39.56;44.92;100.04;100.04;0.29;0.01527;0.01528;-6.842E-06;-18.161;-18.159;-99.990;0.50;89.84;
2026-01-08 15:33:03.76;0.00:00:04:295;0.00;0.00;1.00;0.01528;8.777E-06;4.119E-05;0.01529;38.99;44.92;100.05;100.05;0.28;0.01528;0.01529;-7.518E-06;-18.159;-18.157;-99.990;0.50;89.85;
2026-01-08 15:33:03.81;0.00:00:04:347;0.00;0.00;1.00;0.01527;7.651E-06;4.408E-05;0.01528;40.08;44.92;100.05;100.05;0.29;0.01527;0.01528;-7.131E-06;-18.162;-18.160;-99.990;0.50;89.83;
2026-01-08 15:33:03.86;0.00:00:04:396;0.00;0.00;1.00;0.01527;7.09E-06;4.274E-05;0.01528;40.29;44.92;100.05;100.05;0.28;0.01527;0.01528;-6.978E-06;-18.162;-18.160;-99.990;0.50;89.84;
2026-01-08 15:33:03.91;0.00:00:04:448;0.00;0.00;1.00;0.01526;6.239E-06;4.186E-05;0.01527;40.76;44.92;100.05;100.05;0.28;0.01526;0.01527;-6.944E-06;-18.164;-18.162;-99.990;0.50;89.84;
2026-01-08 15:33:03.96;0.00:00:04:497;0.00;0.00;1.00;0.01529;6.175E-06;4.259E-05;0.01529;40.88;44.92;100.04;100.04;0.28;0.01529;0.01529;-6.146E-06;-18.157;-18.155;-99.990;0.50;89.84;
2026-01-08 15:33:04.01;0.00:00:04:550;0.00;0.00;1.00;0.01528;8.019E-06;4.629E-05;0.01529;40.09;44.91;100.04;100.04;0.31;0.01528;0.01529;-6.862E-06;-18.158;-18.156;-99.990;0.50;89.83;
2026-01-08 15:33:04.06;0.00:00:04:600;0.00;0.00;1.00;0.01526;8.079E-06;4.402E-05;0.01527;39.80;44.92;100.04;100.04;0.29;0.01526;0.01527;-6.654E-06;-18.164;-18.162;-99.990;0.50;89.83;
2026-01-08 15:33:04.11;0.00:00:04:652;0.00;0.00;1.00;0.01529;9.771E-06;4.05E-05;0.01529;38.22;44.92;100.05;100.05;0.27;0.01529;0.01529;-8.01E-06;-18.157;-18.155;-99.990;0.50;89.85;
2026-01-08 15:33:04.17;0.00:00:04:705;0.00;0.00;1.00;0.01532;6.351E-06;4.293E-05;0.01533;40.79;44.92;100.04;100.04;0.28;0.01532;0.01533;-6.725E-06;-18.148;-18.146;-99.990;0.50;89.84;
2026-01-08 15:33:04.22;0.00:00:04:755;0.00;0.00;1.00;0.01529;6.125E-06;4.154E-05;0.0153;40.81;44.92;100.05;100.05;0.27;0.01529;0.0153;-7.171E-06;-18.156;-18.154;-99.990;0.50;89.84;
2026-01-08 15:33:04.27;0.00:00:04:807;0.00;0.00;1.00;0.01529;7.086E-06;4.385E-05;0.01529;40.41;44.92;100.04;100.04;0.29;0.01529;0.01529;-6.803E-06;-18.157;-18.155;-99.990;0.50;89.84;
2026-01-08 15:33:04.32;0.00:00:04:857;0.00;0.00;1.00;0.01528;6.873E-06;4.342E-05;0.01529;40.50;44.92;100.04;100.04;0.29;0.01528;0.01529;-6.371E-06;-18.159;-18.157;-99.990;0.50;89.84;
2026-01-08 15:33:04.37;0.00:00:04:910;0.00;0.00;1.00;0.01529;7.95E-06;4.346E-05;0.0153;39.82;44.92;100.04;100.04;0.29;0.01529;0.0153;-6.804E-06;-18.156;-18.154;-99.990;0.50;89.84;
2026-01-08 15:33:04.42;0.00:00:04:960;0.00;0.00;1.00;0.0153;5.22E-06;4.167E-05;0.01531;41.43;44.92;100.04;100.04;0.27;0.0153;0.01531;-6.075E-06;-18.152;-18.150;-99.990;0.50;89.84;
2026-01-08 15:33:04.47;0.00:00:05:010;0.00;0.00;1.00;0.01527;9.679E-06;3.995E-05;0.01527;38.19;44.92;100.04;100.04;0.27;0.01527;0.01527;-5.892E-06;-18.163;-18.161;-99.990;0.50;89.85;
2026-01-08 15:33:04.52;0.00:00:05:061;0.00;0.00;1.00;0.01531;2.757E-06;4.229E-05;0.01532;43.14;44.92;100.04;100.04;0.28;0.01531;0.01532;-6.08E-06;-18.149;-18.147;-99.990;0.50;89.84;
2026-01-08 15:33:04.57;0.00:00:05:114;0.00;0.00;1.00;0.0153;8.26E-06;4.437E-05;0.01531;39.73;44.92;100.05;100.05;0.29;0.0153;0.01531;-6.979E-06;-18.152;-18.150;-99.990;0.50;89.83;
2026-01-08 15:33:04.62;0.00:00:05:163;0.00;0.00;1.00;0.0153;5.781E-06;4.138E-05;0.01531;41.02;44.92;100.04;100.04;0.27;0.0153;0.01531;-5.707E-06;-18.153;-18.151;-99.990;0.50;89.85;
2026-01-08 15:33:04.68;0.00:00:05:216;0.00;0.00;1.00;0.0153;5.803E-06;4.339E-05;0.01531;41.19;44.92;100.04;100.04;0.29;0.0153;0.01531;-6.06E-06;-18.152;-18.150;-99.990;0.50;89.84;
2026-01-08 15:33:04.73;0.00:00:05:266;0.00;0.00;1.00;0.0153;7.366E-06;4.283E-05;0.01531;40.12;44.92;100.05;100.05;0.28;0.0153;0.01531;-7.282E-06;-18.154;-18.151;-99.990;0.50;89.84;
2026-01-08 15:33:04.78;0.00:00:05:319;0.00;0.00;1.00;0.01524;8.215E-06;4.407E-05;0.01525;39.72;44.92;100.04;100.04;0.29;0.01524;0.01525;-6.675E-06;-18.171;-18.169;-99.990;0.50;89.83;
2026-01-08 15:33:04.83;0.00:00:05:368;0.00;0.00;1.00;0.01524;7.339E-06;4.012E-05;0.01525;39.82;44.92;100.04;100.04;0.27;0.01524;0.01525;-6.738E-06;-18.169;-18.167;-99.990;0.50;89.85;
2026-01-08 15:33:04.88;0.00:00:05:421;0.00;0.00;1.00;0.01524;6.257E-06;3.957E-05;0.01525;40.51;44.92;100.04;100.04;0.26;0.01524;0.01525;-6.341E-06;-18.169;-18.168;-99.990;0.50;89.85;
2026-01-08 15:33:04.93;0.00:00:05:471;0.00;0.00;1.00;0.01526;6.438E-06;4.314E-05;0.01527;40.76;44.92;100.05;100.05;0.29;0.01526;0.01527;-7.263E-06;-18.165;-18.163;-99.990;0.50;89.84;
2026-01-08 15:33:04.99;0.00:00:05:533;0.00;0.00;1.00;0.01524;9.206E-06;4.013E-05;0.01525;38.54;44.92;100.05;100.05;0.27;0.01524;0.01525;-7.071E-06;-18.171;-18.169;-99.990;0.50;89.85;
2026-01-08 15:33:05.04;0.00:00:05:583;0.00;0.00;1.00;0.01529;5.908E-06;4.306E-05;0.0153;41.09;44.92;100.04;100.04;0.28;0.01529;0.0153;-6.712E-06;-18.156;-18.154;-99.990;0.50;89.84;
2026-01-08 15:33:05.10;0.00:00:05:635;0.00;0.00;1.00;0.01525;8.094E-06;4.225E-05;0.01526;39.58;44.92;100.05;100.05;0.28;0.01525;0.01526;-7.169E-06;-18.166;-18.164;-99.990;0.50;89.84;
2026-01-08 15:33:05.15;0.00:00:05:687;0.00;0.00;1.00;0.01526;6.357E-06;3.911E-05;0.01527;40.38;44.93;100.04;100.04;0.26;0.01526;0.01527;-6.411E-06;-18.163;-18.161;-99.990;0.50;89.85;
2026-01-08 15:33:05.20;0.00:00:05:738;0.00;0.00;1.00;0.0153;6.775E-06;4.238E-05;0.01531;40.46;44.92;100.05;100.05;0.28;0.0153;0.01531;-7.56E-06;-18.152;-18.150;-99.990;0.50;89.84;
2026-01-08 15:33:05.25;0.00:00:05:789;0.00;0.00;1.00;0.01529;8.962E-06;3.922E-05;0.0153;38.56;44.92;100.05;100.05;0.26;0.01529;0.0153;-7.065E-06;-18.155;-18.153;-99.990;0.50;89.85;
2026-01-08 15:33:05.31;0.00:00:05:846;0.00;0.00;1.00;0.01533;7.393E-06;4.26E-05;0.01534;40.08;44.92;100.05;100.05;0.28;0.01533;0.01534;-7.236E-06;-18.145;-18.143;-99.990;0.50;89.84;
2026-01-08 15:33:05.36;0.00:00:05:898;0.00;0.00;1.00;0.01532;7.092E-06;4.373E-05;0.01533;40.39;44.92;100.04;100.04;0.29;0.01532;0.01533;-6.772E-06;-18.147;-18.145;-99.990;0.50;89.84;
2026-01-08 15:33:05.41;0.00:00:05:948;0.00;0.00;1.00;0.01529;7.763E-06;4.464E-05;0.0153;40.07;44.92;100.05;100.05;0.30;0.01529;0.0153;-7.004E-06;-18.155;-18.153;-99.990;0.50;89.83;
2026-01-08 15:33:05.46;0.00:00:05:998;0.00;0.00;1.00;0.01529;6.658E-06;4.239E-05;0.01529;40.54;44.92;100.04;100.04;0.28;0.01529;0.01529;-6.375E-06;-18.157;-18.155;-99.990;0.50;89.84;
2026-01-08 15:33:05.51;0.00:00:06:052;0.00;0.00;1.00;0.0154;6.126E-06;3.687E-05;0.01541;40.28;44.93;100.04;100.04;0.24;0.0154;0.01541;-6.731E-06;-18.124;-18.122;-99.990;0.50;89.86;
2026-01-08 15:33:05.56;0.00:00:06:102;0.00;0.00;1.00;0.01541;6.855E-06;4.647E-05;0.01542;40.80;44.91;100.04;100.04;0.30;0.01541;0.01542;-6.827E-06;-18.122;-18.120;-99.990;0.50;89.83;
2026-01-08 15:33:05.61;0.00:00:06:153;0.00;0.00;1.00;0.01533;8.099E-06;4.355E-05;0.01533;39.73;44.92;100.04;100.04;0.29;0.01533;0.01533;-6.637E-06;-18.145;-18.143;-99.990;0.50;89.84;
2026-01-08 15:33:05.67;0.00:00:06:206;0.00;0.00;1.00;0.01539;6.721E-06;3.974E-05;0.0154;40.20;44.93;100.04;100.04;0.26;0.01539;0.0154;-6.588E-06;-18.127;-18.125;-99.990;0.50;89.85;
2026-01-08 15:33:05.72;0.00:00:06:255;0.00;0.00;1.00;0.01536;7.537E-06;4.347E-05;0.01536;40.08;44.92;100.04;100.04;0.29;0.01536;0.01536;-6.327E-06;-18.137;-18.135;-99.990;0.50;89.84;
2026-01-08 15:33:05.77;0.00:00:06:307;0.00;0.00;1.00;0.01528;6.591E-06;4.722E-05;0.01529;41.03;44.91;100.04;100.04;0.31;0.01528;0.01529;-6.02E-06;-18.159;-18.157;-99.990;0.50;89.82;
2026-01-08 15:33:05.82;0.00:00:06:360;0.00;0.00;1.00;0.01532;5.001E-06;4.166E-05;0.01533;41.58;44.92;100.05;100.05;0.27;0.01532;0.01533;-7.033E-06;-18.147;-18.145;-99.990;0.50;89.84;
2026-01-08 15:33:05.87;0.00:00:06:408;0.00;0.00;1.00;0.01527;6.912E-06;4.66E-05;0.01528;40.78;44.91;100.05;100.05;0.31;0.01527;0.01528;-7.056E-06;-18.161;-18.159;-99.990;0.50;89.83;
2026-01-08 15:33:05.93;0.00:00:06:471;0.00;0.00;1.00;0.01519;5.47E-06;4.536E-05;0.0152;41.56;44.91;100.04;100.04;0.30;0.01519;0.0152;-6.518E-06;-18.184;-18.182;-99.990;0.50;89.83;
2026-01-08 15:33:05.98;0.00:00:06:522;0.00;0.00;1.00;0.01521;4.86E-06;3.988E-05;0.01522;41.53;44.92;100.04;100.04;0.26;0.01521;0.01522;-6.678E-06;-18.178;-18.176;-99.990;0.50;89.85;
2026-01-08 15:33:06.03;0.00:00:06:572;0.00;0.00;1.00;0.0152;6.247E-06;4.524E-05;0.0152;41.07;44.91;100.05;100.05;0.30;0.0152;0.0152;-7.279E-06;-18.183;-18.180;-99.990;0.50;89.83;
2026-01-08 15:33:06.09;0.00:00:06:625;0.00;0.00;1.00;0.01518;5.514E-06;4.168E-05;0.01519;41.23;44.92;100.04;100.04;0.28;0.01518;0.01519;-6.088E-06;-18.187;-18.185;-99.990;0.50;89.84;
2026-01-08 15:33:06.14;0.00:00:06:675;0.00;0.00;1.00;0.0152;5.261E-06;4.04E-05;0.0152;41.29;44.92;100.04;100.04;0.27;0.0152;0.0152;-6.475E-06;-18.182;-18.180;-99.990;0.50;89.85;
2026-01-08 15:33:06.18;0.00:00:06:722;0.00;0.00;1.00;0.01519;6.578E-06;4.21E-05;0.0152;40.56;44.92;100.04;100.04;0.28;0.01519;0.0152;-6.668E-06;-18.185;-18.183;-99.990;0.50;89.84;
2026-01-08 15:33:06.23;0.00:00:06:767;0.00;0.00;1.00;0.01519;8.041E-06;3.963E-05;0.0152;39.27;44.92;100.04;100.04;0.27;0.01519;0.0152;-6.047E-06;-18.183;-18.182;-99.990;0.50;89.85;
2026-01-08 15:33:06.28;0.00:00:06:814;0.00;0.00;1.00;0.01527;3.459E-06;4.023E-05;0.01528;42.54;44.92;100.04;100.04;0.26;0.01527;0.01528;-6.582E-06;-18.161;-18.159;-99.990;0.50;89.85;
2026-01-08 15:33:06.32;0.00:00:06:862;0.00;0.00;1.00;0.01522;6.657E-06;4.657E-05;0.01523;40.93;44.91;100.04;100.04;0.31;0.01522;0.01523;-6.515E-06;-18.176;-18.174;-99.990;0.50;89.82;
2026-01-08 15:33:06.37;0.00:00:06:910;0.00;0.00;1.00;0.01517;7.695E-06;4.115E-05;0.01518;39.70;44.92;100.05;100.05;0.28;0.01517;0.01518;-7.162E-06;-18.189;-18.187;-99.990;0.50;89.84;
2026-01-08 15:33:06.42;0.00:00:06:958;0.00;0.00;1.00;0.01533;5.092E-06;4.154E-05;0.01534;41.51;44.92;100.04;100.04;0.27;0.01533;0.01534;-6.731E-06;-18.144;-18.142;-99.990;0.50;89.84;
2026-01-08 15:33:06.46;0.00:00:07:003;0.00;0.00;1.00;0.01534;5.227E-06;4.31E-05;0.01534;41.54;44.92;100.04;100.04;0.28;0.01534;0.01534;-5.966E-06;-18.143;-18.141;-99.990;0.50;89.84;
2026-01-08 15:33:06.51;0.00:00:07:049;0.00;0.00;1.00;0.01531;7.099E-06;4.592E-05;0.01532;40.61;44.91;100.05;100.05;0.30;0.01531;0.01532;-7.211E-06;-18.150;-18.148;-99.990;0.50;89.83;
2026-01-08 15:33:06.56;0.00:00:07:095;0.00;0.00;1.00;0.01525;5.234E-06;4.497E-05;0.01526;41.68;44.92;100.05;100.05;0.30;0.01525;0.01526;-7.123E-06;-18.167;-18.165;-99.990;0.50;89.83;
2026-01-08 15:33:06.60;0.00:00:07:142;0.00;0.00;1.00;0.01521;7.392E-06;4.475E-05;0.01522;40.31;44.91;100.04;100.04;0.30;0.01521;0.01522;-6.511E-06;-18.178;-18.176;-99.990;0.50;89.83;
2026-01-08 15:33:06.66;0.00:00:07:203;0.00;0.00;1.00;0.01526;5.513E-06;4.176E-05;0.01527;41.24;44.92;100.04;100.04;0.28;0.01526;0.01527;-6.441E-06;-18.164;-18.162;-99.990;0.50;89.84;
2026-01-08 15:33:06.71;0.00:00:07:252;0.00;0.00;1.00;0.01526;5.441E-06;4.218E-05;0.01526;41.32;44.92;100.04;100.04;0.28;0.01526;0.01526;-6.728E-06;-18.165;-18.164;-99.990;0.50;89.84;
2026-01-08 15:33:06.77;0.00:00:07:311;0.00;0.00;1.00;0.01526;6.471E-06;4.376E-05;0.01526;40.79;44.92;100.04;100.04;0.29;0.01526;0.01526;-6.3E-06;-18.166;-18.164;-99.990;0.50;89.84;
2026-01-08 15:33:06.82;0.00:00:07:359;0.00;0.00;1.00;0.01525;8.064E-06;4.261E-05;0.01526;39.64;44.92;100.04;100.04;0.28;0.01525;0.01526;-6.694E-06;-18.168;-18.166;-99.990;0.50;89.84;
2026-01-08 15:33:06.88;0.00:00:07:421;0.00;0.00;1.00;0.01531;6.698E-06;4.261E-05;0.01532;40.53;44.92;100.04;100.04;0.28;0.01531;0.01532;-6.262E-06;-18.150;-18.148;-99.990;0.50;89.84;
2026-01-08 15:33:06.93;0.00:00:07:467;0.00;0.00;1.00;0.01534;6.313E-06;4.311E-05;0.01535;40.83;44.92;100.04;100.04;0.28;0.01534;0.01535;-6.398E-06;-18.141;-18.139;-99.990;0.50;89.84;
2026-01-08 15:33:06.98;0.00:00:07:514;0.00;0.00;1.00;0.01528;7.146E-06;4.786E-05;0.01529;40.75;44.91;100.04;100.04;0.32;0.01528;0.01529;-6.739E-06;-18.159;-18.157;-99.990;0.50;89.82;
2026-01-08 15:33:07.02;0.00:00:07:560;0.00;0.00;1.00;0.01518;8.205E-06;3.851E-05;0.01519;38.99;44.93;100.04;100.04;0.26;0.01518;0.01519;-5.951E-06;-18.187;-18.186;-99.990;0.50;89.85;
2026-01-08 15:33:07.07;0.00:00:07:608;0.00;0.00;1.00;0.01523;8.829E-06;4.125E-05;0.01524;38.96;44.92;100.05;100.05;0.28;0.01523;0.01524;-7.555E-06;-18.173;-18.170;-99.990;0.50;89.84;
2026-01-08 15:33:07.12;0.00:00:07:656;0.00;0.00;1.00;0.01525;6.935E-06;4.465E-05;0.01525;40.59;44.92;100.04;100.04;0.30;0.01525;0.01525;-6.845E-06;-18.169;-18.167;-99.990;0.50;89.83;
2026-01-08 15:33:07.16;0.00:00:07:701;0.00;0.00;1.00;0.01522;7.906E-06;4.104E-05;0.01523;39.55;44.92;100.04;100.04;0.27;0.01522;0.01523;-6.652E-06;-18.175;-18.173;-99.990;0.50;89.85;
2026-01-08 15:33:07.21;0.00:00:07:749;0.00;0.00;1.00;0.01525;6.955E-06;4.2E-05;0.01526;40.30;44.92;100.04;100.04;0.28;0.01525;0.01526;-6.604E-06;-18.167;-18.165;-99.990;0.50;89.84;
2026-01-08 15:33:07.26;0.00:00:07:796;0.00;0.00;1.00;0.0153;7.673E-06;4.302E-05;0.01531;39.94;44.92;100.05;100.05;0.29;0.0153;0.01531;-7.132E-06;-18.152;-18.150;-99.990;0.50;89.84;
2026-01-08 15:33:07.30;0.00:00:07:842;0.00;0.00;1.00;0.01529;6.996E-06;4.359E-05;0.0153;40.44;44.92;100.04;100.04;0.29;0.01529;0.0153;-6.148E-06;-18.155;-18.153;-99.990;0.50;89.84;
2026-01-08 15:33:07.35;0.00:00:07:889;0.00;0.00;1.00;0.01528;7.977E-06;4.216E-05;0.01529;39.64;44.92;100.05;100.05;0.28;0.01528;0.01529;-7.197E-06;-18.158;-18.156;-99.990;0.50;89.84;
2026-01-08 15:33:07.41;0.00:00:07:950;0.00;0.00;1.00;0.01528;6.442E-06;4.452E-05;0.01528;40.88;44.92;100.04;100.04;0.29;0.01528;0.01528;-6.4E-06;-18.160;-18.158;-99.990;0.50;89.83;
2026-01-08 15:33:07.46;0.00:00:07:996;0.00;0.00;1.00;0.01525;9.322E-06;4.166E-05;0.01526;38.69;44.92;100.05;100.05;0.28;0.01525;0.01526;-6.999E-06;-18.168;-18.166;-99.990;0.50;89.84;
2026-01-08 15:33:07.50;0.00:00:08:043;0.00;0.00;1.00;0.01527;6.652E-06;4.173E-05;0.01527;40.47;44.92;100.04;100.04;0.28;0.01527;0.01527;-6.061E-06;-18.163;-18.161;-99.990;0.50;89.84;
2026-01-08 15:33:07.55;0.00:00:08:092;0.00;0.00;1.00;0.01525;8.353E-06;4.149E-05;0.01525;39.31;44.92;100.04;100.04;0.28;0.01525;0.01525;-6.205E-06;-18.168;-18.167;-99.990;0.50;89.84;
2026-01-08 15:33:07.61;0.00:00:08:151;0.00;0.00;1.00;0.01526;7.09E-06;4.338E-05;0.01526;40.36;44.92;100.04;100.04;0.29;0.01526;0.01526;-5.919E-06;-18.166;-18.164;-99.990;0.50;89.84;
2026-01-08 15:33:07.67;0.00:00:08:213;0.00;0.00;1.00;0.01529;6.843E-06;4.244E-05;0.0153;40.42;44.92;100.05;100.04;0.28;0.01529;0.0153;-6.896E-06;-18.156;-18.154;-99.990;0.50;89.84;
2026-01-08 15:33:07.72;0.00:00:08:261;0.00;0.00;1.00;0.01532;8.107E-06;4.17E-05;0.01533;39.50;44.92;100.05;100.05;0.28;0.01532;0.01533;-7.202E-06;-18.146;-18.144;-99.990;0.50;89.84;
2026-01-08 15:33:07.77;0.00:00:08:306;0.00;0.00;1.00;0.01532;7.03E-06;4.458E-05;0.01533;40.52;44.92;100.04;100.04;0.29;0.01532;0.01533;-6.618E-06;-18.147;-18.146;-99.990;0.50;89.83;
2026-01-08 15:33:07.82;0.00:00:08:356;0.00;0.00;1.00;0.01531;8.552E-06;4.408E-05;0.01532;39.51;44.92;100.05;100.05;0.29;0.01531;0.01532;-7.136E-06;-18.150;-18.148;-99.990;0.50;89.84;
2026-01-08 15:33:07.88;0.00:00:08:418;0.00;0.00;1.00;0.01537;7.973E-06;4.005E-05;0.01538;39.37;44.92;100.05;100.05;0.27;0.01537;0.01538;-7.04E-06;-18.133;-18.131;-99.990;0.50;89.85;
2026-01-08 15:33:07.94;0.00:00:08:479;0.00;0.00;1.00;0.01537;4.563E-06;4.474E-05;0.01538;42.09;44.92;100.04;100.04;0.29;0.01537;0.01538;-6.918E-06;-18.132;-18.130;-99.990;0.50;89.83;
2026-01-08 15:33:07.99;0.00:00:08:526;0.00;0.00;1.00;0.01533;7.374E-06;4.48E-05;0.01533;40.33;44.92;100.04;100.04;0.30;0.01533;0.01533;-6.192E-06;-18.146;-18.144;-99.990;0.50;89.83;
2026-01-08 15:33:08.04;0.00:00:08:575;0.00;0.00;1.00;0.01532;5.07E-06;4.31E-05;0.01533;41.65;44.92;100.04;100.04;0.28;0.01532;0.01533;-6.297E-06;-18.147;-18.145;-99.990;0.50;89.84;
2026-01-08 15:33:08.10;0.00:00:08:636;0.00;0.00;1.00;0.01529;6.778E-06;4.403E-05;0.0153;40.62;44.92;100.04;100.04;0.29;0.01529;0.0153;-5.506E-06;-18.155;-18.153;-99.990;0.50;89.84;
2026-01-08 15:33:08.14;0.00:00:08:683;0.00;0.00;1.00;0.01532;1.003E-05;4.136E-05;0.01532;38.18;44.92;100.05;100.05;0.28;0.01532;0.01532;-6.984E-06;-18.148;-18.147;-99.990;0.50;89.85;
2026-01-08 15:33:08.19;0.00:00:08:729;0.00;0.00;1.00;0.01533;5.838E-06;4.702E-05;0.01533;41.46;44.91;100.04;100.04;0.31;0.01533;0.01534;-6.453E-06;-18.145;-18.143;-99.990;0.50;89.82;
2026-01-08 15:33:08.24;0.00:00:08:778;0.00;0.00;1.00;0.0153;7.802E-06;4.16E-05;0.0153;39.69;44.92;100.04;100.04;0.28;0.0153;0.0153;-6.639E-06;-18.154;-18.152;-99.990;0.50;89.84;
2026-01-08 15:33:08.29;0.00:00:08:827;0.00;0.00;1.00;0.01529;5.946E-06;4.429E-05;0.0153;41.18;44.92;100.04;100.04;0.29;0.01529;0.0153;-6.24E-06;-18.155;-18.153;-99.990;0.50;89.83;
2026-01-08 15:33:08.35;0.00:00:08:887;0.00;0.00;1.00;0.01529;6.877E-06;4.259E-05;0.01529;40.41;44.92;100.04;100.04;0.28;0.01529;0.01529;-6.588E-06;-18.157;-18.155;-99.990;0.50;89.84;
2026-01-08 15:33:08.39;0.00:00:08:932;0.00;0.00;1.00;0.01527;7.116E-06;4.505E-05;0.01528;40.51;44.91;100.04;100.04;0.30;0.01527;0.01528;-6.184E-06;-18.162;-18.160;-99.990;0.50;89.83;
2026-01-08 15:33:08.44;0.00:00:08:979;0.00;0.00;1.00;0.01527;6.972E-06;4.307E-05;0.01528;40.40;44.92;100.05;100.05;0.29;0.01527;0.01528;-7.161E-06;-18.162;-18.160;-99.990;0.50;89.84;
2026-01-08 15:33:08.49;0.00:00:09:028;0.00;0.00;1.00;0.01526;7.459E-06;4.144E-05;0.01527;39.90;44.92;100.04;100.04;0.28;0.01526;0.01527;-6.196E-06;-18.164;-18.162;-99.990;0.50;89.84;
2026-01-08 15:33:08.55;0.00:00:09:088;0.00;0.00;1.00;0.0153;4.588E-06;4.39E-05;0.0153;42.02;44.92;100.04;100.04;0.29;0.0153;0.0153;-5.996E-06;-18.154;-18.152;-99.990;0.50;89.84;
2026-01-08 15:33:08.60;0.00:00:09:136;0.00;0.00;1.00;0.01526;6.675E-06;4.514E-05;0.01526;40.79;44.91;100.04;100.04;0.30;0.01526;0.01526;-6.286E-06;-18.165;-18.163;-99.990;0.50;89.83;
2026-01-08 15:33:08.66;0.00:00:09:196;0.00;0.00;1.00;0.01531;6.638E-06;4.411E-05;0.01531;40.72;44.92;100.04;100.04;0.29;0.01531;0.01531;-5.985E-06;-18.151;-18.149;-99.990;0.50;89.83;
2026-01-08 15:33:08.71;0.00:00:09:244;0.00;0.00;1.00;0.0153;7.183E-06;4.312E-05;0.01531;40.27;44.92;100.05;100.05;0.29;0.0153;0.01531;-7.176E-06;-18.153;-18.151;-99.990;0.50;89.84;
2026-01-08 15:33:08.75;0.00:00:09:291;0.00;0.00;1.00;0.01529;3.931E-06;4.368E-05;0.0153;42.43;44.92;100.04;100.04;0.29;0.01529;0.0153;-5.918E-06;-18.155;-18.154;-99.990;0.50;89.84;
2026-01-08 15:33:08.80;0.00:00:09:338;0.00;0.00;1.00;0.01528;5.976E-06;4.143E-05;0.01529;40.90;44.92;100.04;100.04;0.27;0.01528;0.01529;-5.7E-06;-18.158;-18.156;-99.990;0.50;89.84;
2026-01-08 15:33:08.85;0.00:00:09:384;0.00;0.00;1.00;0.0153;6.435E-06;4.038E-05;0.01531;40.47;44.92;100.05;100.05;0.27;0.0153;0.01531;-7.145E-06;-18.153;-18.151;-99.990;0.50;89.85;
2026-01-08 15:33:08.89;0.00:00:09:430;0.00;0.00;1.00;0.0153;8.454E-06;3.994E-05;0.0153;39.02;44.92;100.04;100.04;0.27;0.0153;0.0153;-6.303E-06;-18.154;-18.152;-99.990;0.50;89.85;
2026-01-08 15:33:08.94;0.00:00:09:476;0.00;0.00;1.00;0.01534;5.156E-06;4.284E-05;0.01535;41.57;44.92;100.05;100.05;0.28;0.01534;0.01535;-7.546E-06;-18.142;-18.140;-99.990;0.50;89.84;
2026-01-08 15:33:08.98;0.00:00:09:523;0.00;0.00;1.00;0.01532;6.901E-06;4.373E-05;0.01533;40.52;44.92;100.04;100.04;0.29;0.01532;0.01533;-6.389E-06;-18.147;-18.146;-99.990;0.50;89.84;
2026-01-08 15:33:09.03;0.00:00:09:569;0.00;0.00;1.00;0.01526;4.609E-06;4.301E-05;0.01526;41.94;44.92;100.04;100.04;0.28;0.01526;0.01526;-5.951E-06;-18.165;-18.163;-99.990;0.50;89.84;
2026-01-08 15:33:09.08;0.00:00:09:616;0.00;0.00;1.00;0.01524;7.799E-06;3.975E-05;0.01525;39.45;44.92;100.04;100.04;0.27;0.01524;0.01525;-6.174E-06;-18.169;-18.167;-99.990;0.50;89.85;
2026-01-08 15:33:09.12;0.00:00:09:664;0.00;0.00;1.00;0.01539;6.704E-06;4.309E-05;0.01539;40.58;44.92;100.04;100.04;0.28;0.01539;0.01539;-6.278E-06;-18.129;-18.127;-99.990;0.50;89.84;
2026-01-08 15:33:09.19;0.00:00:09:724;0.00;0.00;1.00;0.01531;8.447E-06;4.872E-05;0.01532;40.08;44.91;100.04;100.04;0.32;0.01531;0.01532;-6.11E-06;-18.149;-18.148;-99.990;0.50;89.82;
2026-01-08 15:33:09.23;0.00:00:09:771;0.00;0.00;1.00;0.01527;5.04E-06;4.986E-05;0.01528;42.11;44.91;100.04;100.04;0.33;0.01527;0.01528;-6.064E-06;-18.161;-18.159;-99.990;0.50;89.81;
2026-01-08 15:33:09.28;0.00:00:09:818;0.00;0.00;1.00;0.01521;4.09E-06;4.273E-05;0.01521;42.27;44.92;100.04;100.04;0.28;0.01521;0.01521;-6.401E-06;-18.180;-18.178;-99.990;0.50;89.84;
2026-01-08 15:33:09.33;0.00:00:09:865;0.00;0.00;1.00;0.01528;1.487E-05;5.057E-05;0.01528;36.80;44.90;100.04;100.04;0.35;0.01528;0.01528;-6.462E-06;-18.160;-18.158;-99.990;0.50;89.81;
2026-01-08 15:33:09.37;0.00:00:09:912;0.00;0.00;1.00;0.0153;8.465E-06;3.898E-05;0.01531;38.87;44.93;100.05;100.05;0.26;0.0153;0.01531;-7.053E-06;-18.153;-18.151;-99.990;0.50;89.85;
2026-01-08 15:33:09.42;0.00:00:09:958;0.00;0.00;1.00;0.01536;5.572E-06;4.328E-05;0.01537;41.33;44.92;100.05;100.05;0.28;0.01536;0.01537;-7.342E-06;-18.136;-18.134;-99.990;0.50;89.84;
2026-01-08 15:33:09.47;0.00:00:10:006;0.00;0.00;1.00;0.01518;6.679E-06;4.281E-05;0.01518;40.57;44.92;100.04;100.04;0.29;0.01518;0.01518;-6.041E-06;-18.188;-18.186;-99.990;0.50;89.84;
2026-01-08 15:33:09.51;0.00:00:10:052;0.00;0.00;1.00;0.01522;8.547E-06;3.919E-05;0.01523;38.85;44.92;100.04;100.04;0.26;0.01522;0.01523;-6.227E-06;-18.175;-18.173;-99.990;0.50;89.85;
2026-01-08 15:33:09.56;0.00:00:10:100;0.00;0.00;1.00;0.0153;6.827E-06;4.453E-05;0.0153;40.64;44.92;100.05;100.05;0.29;0.0153;0.0153;-7.067E-06;-18.154;-18.152;-99.990;0.50;89.83;
2026-01-08 15:33:09.61;0.00:00:10:147;0.00;0.00;1.00;0.01526;8.087E-06;4.305E-05;0.01527;39.68;44.92;100.05;100.05;0.29;0.01526;0.01527;-7.004E-06;-18.165;-18.163;-99.990;0.50;89.84;
2026-01-08 15:33:09.65;0.00:00:10:193;0.00;0.00;1.00;0.01524;8.544E-06;4.447E-05;0.01524;39.56;44.91;100.05;100.05;0.30;0.01524;0.01524;-7.07E-06;-18.171;-18.169;-99.990;0.50;89.83;
2026-01-08 15:33:09.70;0.00:00:10:242;0.00;0.00;1.00;0.01524;7.328E-06;4.136E-05;0.01525;39.98;44.92;100.05;100.05;0.28;0.01524;0.01525;-7.163E-06;-18.170;-18.168;-99.990;0.50;89.84;
2026-01-08 15:33:09.77;0.00:00:10:304;0.00;0.00;1.00;0.01526;8.893E-06;4.257E-05;0.01527;39.10;44.92;100.04;100.04;0.28;0.01526;0.01527;-6.869E-06;-18.163;-18.161;-99.990;0.50;89.84;
2026-01-08 15:33:09.81;0.00:00:10:350;0.00;0.00;1.00;0.01526;7.648E-06;4.244E-05;0.01527;39.89;44.92;100.05;100.05;0.28;0.01526;0.01527;-7.051E-06;-18.164;-18.162;-99.990;0.50;89.84;
2026-01-08 15:33:09.86;0.00:00:10:398;0.00;0.00;1.00;0.01525;7.963E-06;4.374E-05;0.01525;39.84;44.92;100.04;100.04;0.29;0.01525;0.01525;-6.724E-06;-18.168;-18.166;-99.990;0.50;89.84;
2026-01-08 15:33:09.92;0.00:00:10:459;0.00;0.00;1.00;0.01524;7.048E-06;4.175E-05;0.01525;40.21;44.92;100.04;100.04;0.28;0.01524;0.01525;-6.492E-06;-18.170;-18.169;-99.990;0.50;89.84;
2026-01-08 15:33:09.97;0.00:00:10:506;0.00;0.00;1.00;0.01531;4.28E-06;4.258E-05;0.01531;42.13;44.92;100.04;100.04;0.28;0.01531;0.01531;-6.429E-06;-18.151;-18.149;-99.990;0.50;89.84;
2026-01-08 15:33:10.01;0.00:00:10:553;0.00;0.00;1.00;0.0153;7.165E-06;4.459E-05;0.0153;40.44;44.92;100.05;100.05;0.30;0.0153;0.0153;-7.25E-06;-18.154;-18.152;-99.990;0.50;89.83;
2026-01-08 15:33:10.06;0.00:00:10:601;0.00;0.00;1.00;0.01527;7.016E-06;4.186E-05;0.01528;40.24;44.92;100.04;100.04;0.28;0.01527;0.01528;-6.583E-06;-18.161;-18.159;-99.990;0.50;89.84;
2026-01-08 15:33:10.12;0.00:00:10:662;0.00;0.00;1.00;0.01527;7.437E-06;4.116E-05;0.01528;39.88;44.92;100.05;100.05;0.27;0.01527;0.01528;-7.375E-06;-18.162;-18.160;-99.990;0.50;89.85;
2026-01-08 15:33:10.18;0.00:00:10:715;0.00;0.00;1.00;0.01528;6.253E-06;4.328E-05;0.01528;40.89;44.92;100.04;100.04;0.29;0.01528;0.01528;-6.63E-06;-18.160;-18.158;-99.990;0.50;89.84;
2026-01-08 15:33:10.23;0.00:00:10:765;0.00;0.00;1.00;0.01527;7.801E-06;4.097E-05;0.01527;39.61;44.92;100.04;100.04;0.27;0.01527;0.01527;-6.183E-06;-18.162;-18.161;-99.990;0.50;89.85;
2026-01-08 15:33:10.28;0.00:00:10:815;0.00;0.00;1.00;0.0153;6.575E-06;4.275E-05;0.0153;40.63;44.92;100.04;100.04;0.28;0.0153;0.0153;-6.699E-06;-18.154;-18.153;-99.990;0.50;89.84;
2026-01-08 15:33:10.33;0.00:00:10:869;0.00;0.00;1.00;0.01528;8.243E-06;4.543E-05;0.01529;39.86;44.91;100.04;100.04;0.30;0.01528;0.01529;-6.801E-06;-18.158;-18.156;-99.990;0.50;89.83;
2026-01-08 15:33:10.38;0.00:00:10:922;0.00;0.00;1.00;0.01527;5.981E-06;4.432E-05;0.01528;41.16;44.92;100.04;100.04;0.29;0.01527;0.01528;-6.292E-06;-18.161;-18.160;-99.990;0.50;89.83;
2026-01-08 15:33:10.43;0.00:00:10:970;0.00;0.00;1.00;0.01527;7.847E-06;4.391E-05;0.01528;39.93;44.92;100.05;100.04;0.29;0.01527;0.01528;-6.919E-06;-18.161;-18.159;-99.990;0.50;89.84;
2026-01-08 15:33:10.48;0.00:00:11:023;0.00;0.00;1.00;0.01528;6.932E-06;4.169E-05;0.01529;40.28;44.92;100.04;100.04;0.28;0.01528;0.01529;-6.128E-06;-18.159;-18.157;-99.990;0.50;89.84;
2026-01-08 15:33:10.53;0.00:00:11:073;0.00;0.00;1.00;0.01532;6.912E-06;4.292E-05;0.01532;40.43;44.92;100.04;100.04;0.28;0.01532;0.01532;-6.357E-06;-18.148;-18.146;-99.990;0.50;89.84;
2026-01-08 15:33:10.59;0.00:00:11:125;0.00;0.00;1.00;0.01532;7.339E-06;4.409E-05;0.01532;40.27;44.92;100.05;100.05;0.29;0.01532;0.01532;-7.061E-06;-18.149;-18.147;-99.990;0.50;89.84;
2026-01-08 15:33:10.64;0.00:00:11:175;0.00;0.00;1.00;0.01529;5.601E-06;4.289E-05;0.01529;41.28;44.92;100.04;100.04;0.28;0.01529;0.01529;-6.329E-06;-18.156;-18.155;-99.990;0.50;89.84;
2026-01-08 15:33:10.69;0.00:00:11:226;0.00;0.00;1.00;0.01529;6.623E-06;4.38E-05;0.01529;40.70;44.92;100.04;100.04;0.29;0.01529;0.01529;-5.794E-06;-18.157;-18.155;-99.990;0.50;89.84;
2026-01-08 15:33:10.74;0.00:00:11:278;0.00;0.00;1.00;0.01529;7.165E-06;4.279E-05;0.0153;40.25;44.92;100.04;100.04;0.28;0.01529;0.0153;-6.866E-06;-18.156;-18.154;-99.990;0.50;89.84;
2026-01-08 15:33:10.79;0.00:00:11:329;0.00;0.00;1.00;0.01529;5.896E-06;4.175E-05;0.0153;40.98;44.92;100.04;100.04;0.28;0.01529;0.0153;-5.765E-06;-18.156;-18.154;-99.990;0.50;89.84;
2026-01-08 15:33:10.84;0.00:00:11:381;0.00;0.00;1.00;0.01528;6.155E-06;4.402E-05;0.01528;41.02;44.92;100.04;100.04;0.29;0.01528;0.01528;-6.019E-06;-18.160;-18.158;-99.990;0.50;89.83;
2026-01-08 15:33:10.89;0.00:00:11:432;0.00;0.00;1.00;0.01524;6.221E-06;4.434E-05;0.01525;41.01;44.92;100.04;100.04;0.29;0.01524;0.01525;-5.945E-06;-18.169;-18.168;-99.990;0.50;89.83;
2026-01-08 15:33:10.94;0.00:00:11:483;0.00;0.00;1.00;0.01523;5.365E-06;4.28E-05;0.01524;41.43;44.92;100.04;100.04;0.28;0.01523;0.01524;-6.183E-06;-18.173;-18.171;-99.990;0.50;89.84;
2026-01-08 15:33:10.99;0.00:00:11:533;0.00;0.00;1.00;0.01524;7.234E-06;4.281E-05;0.01525;40.20;44.92;100.04;100.04;0.28;0.01524;0.01525;-6.34E-06;-18.170;-18.168;-99.990;0.50;89.84;
2026-01-08 15:33:11.05;0.00:00:11:584;0.00;0.00;1.00;0.01527;7.562E-06;4.275E-05;0.01527;39.98;44.92;100.04;100.04;0.28;0.01527;0.01527;-6.672E-06;-18.162;-18.161;-99.990;0.50;89.84;
2026-01-08 15:33:11.10;0.00:00:11:637;0.00;0.00;1.00;0.01528;6.244E-06;4.262E-05;0.01529;40.83;44.92;100.04;100.04;0.28;0.01528;0.01529;-6.648E-06;-18.158;-18.156;-99.990;0.50;89.84;
2026-01-08 15:33:11.15;0.00:00:11:687;0.00;0.00;1.00;0.01526;6.14E-06;4.25E-05;0.01527;40.89;44.92;100.04;100.04;0.28;0.01526;0.01527;-5.968E-06;-18.164;-18.162;-99.990;0.50;89.84;
2026-01-08 15:33:11.20;0.00:00:11:738;0.00;0.00;1.00;0.01526;6.011E-06;4.446E-05;0.01527;41.15;44.92;100.04;100.04;0.29;0.01526;0.01527;-6.762E-06;-18.163;-18.161;-99.990;0.50;89.83;
2026-01-08 15:33:11.25;0.00:00:11:791;0.00;0.00;1.00;0.01523;7.146E-06;4.44E-05;0.01523;40.43;44.92;100.04;100.04;0.30;0.01523;0.01523;-6.319E-06;-18.174;-18.172;-99.990;0.50;89.83;
2026-01-08 15:33:11.30;0.00:00:11:840;0.00;0.00;1.00;0.01527;6.702E-06;4.133E-05;0.01527;40.40;44.92;100.04;100.04;0.27;0.01527;0.01527;-6.29E-06;-18.162;-18.161;-99.990;0.50;89.84;
2026-01-08 15:33:11.35;0.00:00:11:891;0.00;0.00;1.00;0.01526;7.738E-06;4.101E-05;0.01526;39.66;44.92;100.04;100.04;0.27;0.01526;0.01526;-6.606E-06;-18.165;-18.163;-99.990;0.50;89.85;
2026-01-08 15:33:11.40;0.00:00:11:942;0.00;0.00;1.00;0.01531;7.504E-06;4.348E-05;0.01531;40.10;44.92;100.05;100.05;0.29;0.01531;0.01531;-6.98E-06;-18.151;-18.149;-99.990;0.50;89.84;
2026-01-08 15:33:11.46;0.00:00:11:995;0.00;0.00;1.00;0.0153;6.201E-06;4.431E-05;0.01531;41.02;44.92;100.04;100.04;0.29;0.0153;0.01531;-6.319E-06;-18.153;-18.151;-99.990;0.50;89.83;
2026-01-08 15:33:11.51;0.00:00:12:046;0.00;0.00;1.00;0.01526;9.422E-06;4.446E-05;0.01527;39.02;44.91;100.05;100.05;0.30;0.01526;0.01527;-7.174E-06;-18.164;-18.162;-99.990;0.50;89.83;
2026-01-08 15:33:11.56;0.00:00:12:097;0.00;0.00;1.00;0.01531;6.963E-06;3.968E-05;0.01532;40.02;44.92;100.04;100.04;0.26;0.01531;0.01532;-6.646E-06;-18.149;-18.147;-99.990;0.50;89.85;
2026-01-08 15:33:11.61;0.00:00:12:149;0.00;0.00;1.00;0.01529;6.586E-06;4.037E-05;0.01529;40.37;44.92;100.04;100.04;0.27;0.01529;0.01529;-5.962E-06;-18.157;-18.155;-99.990;0.50;89.85;
2026-01-08 15:33:11.66;0.00:00:12:200;0.00;0.00;1.00;0.0153;6.602E-06;4.587E-05;0.01531;40.91;44.91;100.04;100.04;0.30;0.0153;0.01531;-6.701E-06;-18.154;-18.152;-99.990;0.50;89.83;
2026-01-08 15:33:11.71;0.00:00:12:252;0.00;0.00;1.00;0.01531;8.086E-06;4.563E-05;0.01532;39.98;44.91;100.04;100.04;0.30;0.01531;0.01532;-6.508E-06;-18.150;-18.148;-99.990;0.50;89.83;
2026-01-08 15:33:11.76;0.00:00:12:301;0.00;0.00;1.00;0.01528;8.245E-06;4.606E-05;0.01529;39.93;44.91;100.05;100.05;0.31;0.01528;0.01529;-7.826E-06;-18.158;-18.155;-99.990;0.50;89.83;
2026-01-08 15:33:11.81;0.00:00:12:352;0.00;0.00;1.00;0.01531;9.074E-06;4.087E-05;0.01532;38.74;44.92;100.04;100.04;0.27;0.01531;0.01532;-6.156E-06;-18.149;-18.147;-99.990;0.50;89.85;
2026-01-08 15:33:11.87;0.00:00:12:404;0.00;0.00;1.00;0.01532;7.442E-06;4.727E-05;0.01533;40.53;44.91;100.05;100.05;0.31;0.01532;0.01533;-7.797E-06;-18.148;-18.146;-99.990;0.50;89.82;
2026-01-08 15:33:11.92;0.00:00:12:455;0.00;0.00;1.00;0.01528;7.113E-06;4.284E-05;0.01529;40.29;44.92;100.05;100.05;0.28;0.01528;0.01529;-7.121E-06;-18.159;-18.157;-99.990;0.50;89.84;
2026-01-08 15:33:11.97;0.00:00:12:507;0.00;0.00;1.00;0.01532;8.183E-06;3.942E-05;0.01533;39.14;44.92;100.06;100.06;0.26;0.01532;0.01533;-8.535E-06;-18.147;-18.144;-99.990;0.50;89.85;
2026-01-08 15:33:12.02;0.00:00:12:556;0.00;0.00;1.00;0.01527;7.179E-06;4.688E-05;0.01528;40.65;44.91;100.04;100.04;0.31;0.01527;0.01528;-6.627E-06;-18.162;-18.160;-99.990;0.50;89.82;
2026-01-08 15:33:12.07;0.00:00:12:607;0.00;0.00;1.00;0.01529;7.049E-06;4.317E-05;0.0153;40.36;44.92;100.05;100.05;0.29;0.01529;0.0153;-6.959E-06;-18.155;-18.153;-99.990;0.50;89.84;
2026-01-08 15:33:12.12;0.00:00:12:660;0.00;0.00;1.00;0.01528;7.876E-06;4.506E-05;0.01529;40.04;44.91;100.04;100.04;0.30;0.01528;0.01529;-6.693E-06;-18.159;-18.157;-99.990;0.50;89.83;
2026-01-08 15:33:12.17;0.00:00:12:714;0.00;0.00;1.00;0.0153;7.16E-06;4.127E-05;0.0153;40.08;44.92;100.04;100.04;0.27;0.0153;0.0153;-6.119E-06;-18.153;-18.152;-99.990;0.50;89.85;
2026-01-08 15:33:12.23;0.00:00:12:765;0.00;0.00;1.00;0.01531;6.32E-06;4.496E-05;0.01532;41.00;44.92;100.05;100.05;0.30;0.01531;0.01532;-7.149E-06;-18.151;-18.149;-99.990;0.50;89.83;
2026-01-08 15:33:12.28;0.00:00:12:815;0.00;0.00;1.00;0.01531;7.727E-06;4.415E-05;0.01532;40.04;44.92;100.04;100.04;0.29;0.01531;0.01532;-6.231E-06;-18.151;-18.149;-99.990;0.50;89.83;
2026-01-08 15:33:12.33;0.00:00:12:866;0.00;0.00;1.00;0.01531;6.705E-06;4.354E-05;0.01532;40.62;44.92;100.04;100.04;0.29;0.01531;0.01532;-6.308E-06;-18.150;-18.148;-99.990;0.50;89.84;
2026-01-08 15:33:12.39;0.00:00:12:930;0.00;0.00;1.00;0.01529;7.476E-06;4.75E-05;0.0153;40.53;44.91;100.04;100.04;0.31;0.01529;0.0153;-6.452E-06;-18.156;-18.154;-99.990;0.50;89.82;
2026-01-08 15:33:12.44;0.00:00:12:979;0.00;0.00;1.00;0.01529;8.45E-06;4.308E-05;0.01529;39.45;44.92;100.05;100.05;0.29;0.01529;0.01529;-7.597E-06;-18.157;-18.155;-99.990;0.50;89.84;
2026-01-08 15:33:12.49;0.00:00:13:032;0.00;0.00;1.00;0.01529;7.872E-06;4.487E-05;0.0153;40.02;44.91;100.04;100.04;0.30;0.01529;0.0153;-6.392E-06;-18.155;-18.153;-99.990;0.50;89.83;
2026-01-08 15:33:12.54;0.00:00:13:081;0.00;0.00;1.00;0.0153;6.321E-06;4.366E-05;0.01531;40.88;44.92;100.04;100.04;0.29;0.0153;0.01531;-6.32E-06;-18.152;-18.151;-99.990;0.50;89.84;
2026-01-08 15:33:12.59;0.00:00:13:132;0.00;0.00;1.00;0.01528;6.609E-06;4.417E-05;0.01528;40.74;44.92;100.04;100.04;0.29;0.01528;0.01528;-5.499E-06;-18.160;-18.158;-99.990;0.50;89.83;
2026-01-08 15:33:12.65;0.00:00:13:185;0.00;0.00;1.00;0.01529;3.863E-06;4.379E-05;0.0153;42.48;44.92;100.04;100.04;0.29;0.01529;0.0153;-5.735E-06;-18.155;-18.153;-99.990;0.50;89.84;
2026-01-08 15:33:12.70;0.00:00:13:235;0.00;0.00;1.00;0.01528;5.814E-06;4.429E-05;0.01529;41.26;44.92;100.04;100.04;0.29;0.01528;0.01529;-5.791E-06;-18.159;-18.157;-99.990;0.50;89.83;
2026-01-08 15:33:12.75;0.00:00:13:286;0.00;0.00;1.00;0.01528;6.21E-06;4.645E-05;0.01528;41.19;44.91;100.04;100.04;0.31;0.01528;0.01528;-6.706E-06;-18.160;-18.158;-99.990;0.50;89.83;
2026-01-08 15:33:12.80;0.00:00:13:336;0.00;0.00;1.00;0.01523;9.241E-06;3.883E-05;0.01523;38.31;44.92;100.04;100.04;0.26;0.01523;0.01523;-6.152E-06;-18.174;-18.172;-99.990;0.50;89.85;
2026-01-08 15:33:12.85;0.00:00:13:387;0.00;0.00;1.00;0.01532;6.187E-06;4.142E-05;0.01533;40.75;44.92;100.04;100.04;0.27;0.01532;0.01533;-5.929E-06;-18.148;-18.146;-99.990;0.50;89.85;
2026-01-08 15:33:12.90;0.00:00:13:439;0.00;0.00;1.00;0.01534;6.981E-06;4.388E-05;0.01534;40.48;44.92;100.04;100.04;0.29;0.01534;0.01534;-6.718E-06;-18.143;-18.141;-99.990;0.50;89.84;
2026-01-08 15:33:12.95;0.00:00:13:489;0.00;0.00;1.00;0.01538;4.066E-06;4.96E-05;0.01539;42.66;44.91;100.05;100.05;0.32;0.01538;0.01539;-7.03E-06;-18.130;-18.128;-99.990;0.50;89.82;
2026-01-08 15:33:13.00;0.00:00:13:541;0.00;0.00;1.00;0.01531;5.191E-06;4.553E-05;0.01532;41.75;44.91;100.04;100.04;0.30;0.01531;0.01532;-6.294E-06;-18.149;-18.147;-99.990;0.50;89.83;
2026-01-08 15:33:13.05;0.00:00:13:592;0.00;0.00;1.00;0.01527;5.704E-06;4.403E-05;0.01528;41.31;44.92;100.04;100.04;0.29;0.01527;0.01528;-6.124E-06;-18.161;-18.159;-99.990;0.50;89.83;
2026-01-08 15:33:13.10;0.00:00:13:643;0.00;0.00;1.00;0.01519;5.227E-06;4.877E-05;0.0152;41.94;44.91;100.04;100.04;0.32;0.01519;0.0152;-6.625E-06;-18.183;-18.181;-99.990;0.50;89.82;
2026-01-08 15:33:13.15;0.00:00:13:693;0.00;0.00;1.00;0.01522;7.708E-06;4.109E-05;0.01523;39.69;44.92;100.04;100.04;0.27;0.01522;0.01523;-6.059E-06;-18.175;-18.173;-99.990;0.50;89.85;
2026-01-08 15:33:13.21;0.00:00:13:747;0.00;0.00;1.00;0.0153;4.663E-06;4.042E-05;0.0153;41.71;44.92;100.04;100.04;0.27;0.0153;0.0153;-6.67E-06;-18.154;-18.152;-99.990;0.50;89.85;
2026-01-08 15:33:13.26;0.00:00:13:794;0.00;0.00;1.00;0.01532;5.554E-06;4.52E-05;0.01533;41.50;44.91;100.04;100.04;0.30;0.01532;0.01533;-6.281E-06;-18.147;-18.146;-99.990;0.50;89.83;
2026-01-08 15:33:13.31;0.00:00:13:845;0.00;0.00;1.00;0.01528;6.757E-06;4.424E-05;0.01528;40.66;44.92;100.04;100.04;0.29;0.01528;0.01528;-5.958E-06;-18.159;-18.158;-99.990;0.50;89.83;
2026-01-08 15:33:13.36;0.00:00:13:896;0.00;0.00;1.00;0.0153;5.694E-06;4.267E-05;0.01531;41.20;44.92;100.05;100.05;0.28;0.0153;0.01531;-7.267E-06;-18.153;-18.151;-99.990;0.50;89.84;
2026-01-08 15:33:13.41;0.00:00:13:946;0.00;0.00;1.00;0.0153;6.11E-06;4.722E-05;0.01531;41.31;44.91;100.05;100.05;0.31;0.0153;0.01531;-6.963E-06;-18.152;-18.150;-99.990;0.50;89.82;
2026-01-08 15:33:13.46;0.00:00:13:999;0.00;0.00;1.00;0.01527;6.975E-06;3.995E-05;0.01527;40.05;44.92;100.04;100.04;0.27;0.01527;0.01527;-6.061E-06;-18.162;-18.161;-99.990;0.50;89.85;
2026-01-08 15:33:13.51;0.00:00:14:050;0.00;0.00;1.00;0.01544;4.255E-06;4.301E-05;0.01544;42.17;44.92;100.04;100.04;0.28;0.01544;0.01544;-6.9E-06;-18.115;-18.113;-99.990;0.50;89.84;
2026-01-08 15:33:13.56;0.00:00:14:101;0.00;0.00;1.00;0.01532;8.791E-06;4.79E-05;0.01533;39.80;44.91;100.04;100.04;0.32;0.01532;0.01533;-6.527E-06;-18.147;-18.145;-99.990;0.50;89.82;
2026-01-08 15:33:13.61;0.00:00:14:151;0.00;0.00;1.00;0.01533;5.987E-06;4.154E-05;0.01533;40.90;44.92;100.04;100.04;0.27;0.01533;0.01533;-6.177E-06;-18.146;-18.144;-99.990;0.50;89.84;
2026-01-08 15:33:13.66;0.00:00:14:202;0.00;0.00;1.00;0.0153;6.486E-06;4.315E-05;0.01531;40.73;44.92;100.04;100.04;0.29;0.0153;0.01531;-5.677E-06;-18.153;-18.151;-99.990;0.50;89.84;
2026-01-08 15:33:13.72;0.00:00:14:255;0.00;0.00;1.00;0.0153;5.185E-06;3.793E-05;0.01531;41.11;44.93;100.04;100.04;0.25;0.0153;0.01531;-6.32E-06;-18.152;-18.150;-99.990;0.50;89.86;
2026-01-08 15:33:13.77;0.00:00:14:305;0.00;0.00;1.00;0.01527;4.199E-06;4.688E-05;0.01527;42.44;44.91;100.04;100.04;0.31;0.01527;0.01527;-6.076E-06;-18.163;-18.161;-99.990;0.50;89.82;
2026-01-08 15:33:13.82;0.00:00:14:355;0.00;0.00;1.00;0.01531;7.416E-06;4.117E-05;0.01532;39.89;44.92;100.04;100.04;0.27;0.01531;0.01532;-6.37E-06;-18.149;-18.148;-99.990;0.50;89.85;
2026-01-08 15:33:13.87;0.00:00:14:406;0.00;0.00;1.00;0.01534;7.705E-06;4.491E-05;0.01534;40.13;44.91;100.04;100.04;0.30;0.01534;0.01534;-6.611E-06;-18.142;-18.140;-99.990;0.50;89.83;
2026-01-08 15:33:13.92;0.00:00:14:458;0.00;0.00;1.00;0.01532;8.278E-06;4.406E-05;0.01532;39.68;44.92;100.04;100.04;0.29;0.01532;0.01532;-6.8E-06;-18.149;-18.147;-99.990;0.50;89.84;
2026-01-08 15:33:13.97;0.00:00:14:510;0.00;0.00;1.00;0.01528;6.873E-06;4.8E-05;0.01529;40.93;44.91;100.04;100.04;0.32;0.01528;0.01529;-6.815E-06;-18.159;-18.157;-99.990;0.50;89.82;
2026-01-08 15:33:14.02;0.00:00:14:559;0.00;0.00;1.00;0.01516;9.885E-06;4.366E-05;0.01517;38.62;44.92;100.04;100.04;0.30;0.01516;0.01517;-6.564E-06;-18.193;-18.192;-99.990;0.50;89.84;
2026-01-08 15:33:14.07;0.00:00:14:609;0.00;0.00;1.00;0.01517;4.332E-06;4.555E-05;0.01518;42.28;44.91;100.05;100.05;0.30;0.01517;0.01518;-7.102E-06;-18.189;-18.187;-99.990;0.50;89.83;
2026-01-08 15:33:14.12;0.00:00:14:661;0.00;0.00;1.00;0.01536;3.883E-06;4.314E-05;0.01536;42.43;44.92;100.05;100.05;0.28;0.01536;0.01536;-7.417E-06;-18.137;-18.135;-99.990;0.50;89.84;
2026-01-08 15:33:14.18;0.00:00:14:716;0.00;0.00;1.00;0.01531;7.307E-06;4.655E-05;0.01531;40.54;44.91;100.04;100.04;0.31;0.01531;0.01531;-6.321E-06;-18.152;-18.150;-99.990;0.50;89.83;
2026-01-08 15:33:14.23;0.00:00:14:764;0.00;0.00;1.00;0.01527;4.45E-06;4.403E-05;0.01528;42.11;44.92;100.04;100.04;0.29;0.01527;0.01528;-6.443E-06;-18.162;-18.160;-99.990;0.50;89.83;
2026-01-08 15:33:14.28;0.00:00:14:817;0.00;0.00;1.00;0.01521;7.436E-06;4.244E-05;0.01522;40.03;44.92;100.05;100.05;0.28;0.01521;0.01522;-7.652E-06;-18.178;-18.176;-99.990;0.50;89.84;
2026-01-08 15:33:14.33;0.00:00:14:866;0.00;0.00;1.00;0.01519;7.554E-06;4.396E-05;0.0152;40.13;44.92;100.04;100.04;0.29;0.01519;0.0152;-6.169E-06;-18.183;-18.181;-99.990;0.50;89.83;
2026-01-08 15:33:14.38;0.00:00:14:917;0.00;0.00;1.00;0.0152;6.068E-06;4.396E-05;0.01521;41.07;44.92;100.04;100.04;0.29;0.0152;0.01521;-6.748E-06;-18.182;-18.180;-99.990;0.50;89.83;
2026-01-08 15:33:14.44;0.00:00:14:979;0.00;0.00;1.00;0.01519;5.089E-06;4.5E-05;0.0152;41.77;44.91;100.04;100.04;0.30;0.01519;0.0152;-6.791E-06;-18.184;-18.182;-99.990;0.50;89.83;
2026-01-08 15:33:14.49;0.00:00:15:029;0.00;0.00;1.00;0.0152;7.652E-06;3.639E-05;0.0152;39.06;44.93;100.04;100.04;0.24;0.0152;0.0152;-6.519E-06;-18.183;-18.181;-99.990;0.50;89.86;
2026-01-08 15:33:14.54;0.00:00:15:080;0.00;0.00;1.00;0.01529;5.874E-06;4.285E-05;0.0153;41.10;44.92;100.04;100.04;0.28;0.01529;0.0153;-6.728E-06;-18.156;-18.154;-99.990;0.50;89.84;
2026-01-08 15:33:14.59;0.00:00:15:132;0.00;0.00;1.00;0.01524;7.243E-06;3.868E-05;0.01525;39.70;44.93;100.05;100.05;0.26;0.01524;0.01525;-7.499E-06;-18.170;-18.168;-99.990;0.50;89.85;
2026-01-08 15:33:14.65;0.00:00:15:186;0.00;0.00;1.00;0.01527;7.339E-06;4.459E-05;0.01528;40.33;44.92;100.04;100.04;0.30;0.01527;0.01528;-6.261E-06;-18.162;-18.160;-99.990;0.50;89.83;
2026-01-08 15:33:14.69;0.00:00:15:234;0.00;0.00;1.00;0.01531;7.255E-06;4.456E-05;0.01531;40.38;44.92;100.04;100.04;0.29;0.01531;0.01531;-6.659E-06;-18.151;-18.149;-99.990;0.50;89.83;
2026-01-08 15:33:14.75;0.00:00:15:285;0.00;0.00;1.00;0.0153;5.605E-06;3.907E-05;0.01531;40.92;44.93;100.04;100.04;0.26;0.0153;0.01531;-6.166E-06;-18.153;-18.151;-99.990;0.50;89.85;
2026-01-08 15:33:14.80;0.00:00:15:336;0.00;0.00;1.00;0.01534;4.193E-06;4.301E-05;0.01535;42.22;44.92;100.04;100.04;0.28;0.01534;0.01535;-6.199E-06;-18.140;-18.139;-99.990;0.50;89.84;
2026-01-08 15:33:14.85;0.00:00:15:389;0.00;0.00;1.00;0.01538;5.57E-06;4.414E-05;0.01539;41.40;44.92;100.05;100.04;0.29;0.01538;0.01539;-6.982E-06;-18.130;-18.128;-99.990;0.50;89.84;
2026-01-08 15:33:14.90;0.00:00:15:439;0.00;0.00;1.00;0.01535;6.964E-06;4.244E-05;0.01535;40.34;44.92;100.04;100.04;0.28;0.01535;0.01535;-6.092E-06;-18.140;-18.138;-99.990;0.50;89.84;
2026-01-08 15:33:14.95;0.00:00:15:492;0.00;0.00;1.00;0.01529;7.176E-06;4.886E-05;0.01529;40.82;44.91;100.04;100.04;0.32;0.01529;0.01529;-6.206E-06;-18.157;-18.155;-99.990;0.50;89.82;
2026-01-08 15:33:15.01;0.00:00:15:544;0.00;0.00;1.00;0.01524;7.26E-06;4.346E-05;0.01525;40.26;44.92;100.04;100.04;0.29;0.01524;0.01525;-6.448E-06;-18.169;-18.167;-99.990;0.50;89.84;
2026-01-08 15:33:15.06;0.00:00:15:595;0.00;0.00;1.00;0.01523;6.3E-06;4.367E-05;0.01524;40.90;44.92;100.04;100.04;0.29;0.01523;0.01524;-6.398E-06;-18.172;-18.170;-99.990;0.50;89.84;
2026-01-08 15:33:15.11;0.00:00:15:644;0.00;0.00;1.00;0.01525;6.306E-06;4.3E-05;0.01525;40.83;44.92;100.04;100.04;0.29;0.01525;0.01525;-6.007E-06;-18.169;-18.167;-99.990;0.50;89.84;
2026-01-08 15:33:15.16;0.00:00:15:695;0.00;0.00;1.00;0.01522;7.42E-06;4.688E-05;0.01522;40.50;44.91;100.04;100.04;0.31;0.01522;0.01522;-6.558E-06;-18.177;-18.175;-99.990;0.50;89.82;
2026-01-08 15:33:15.21;0.00:00:15:747;0.00;0.00;1.00;0.01522;4.944E-06;4.082E-05;0.01523;41.55;44.92;100.04;100.04;0.27;0.01522;0.01523;-5.86E-06;-18.176;-18.174;-99.990;0.50;89.85;
2026-01-08 15:33:15.26;0.00:00:15:799;0.00;0.00;1.00;0.01521;6.089E-06;4.368E-05;0.01521;41.03;44.92;100.04;100.04;0.29;0.01521;0.01521;-6.083E-06;-18.180;-18.178;-99.990;0.50;89.84;
2026-01-08 15:33:15.31;0.00:00:15:851;0.00;0.00;1.00;0.01522;5.408E-06;4.257E-05;0.01522;41.38;44.92;100.04;100.04;0.28;0.01522;0.01522;-6.695E-06;-18.177;-18.175;-99.990;0.50;89.84;
2026-01-08 15:33:15.36;0.00:00:15:900;0.00;0.00;1.00;0.01523;6.282E-06;4.088E-05;0.01524;40.63;44.92;100.03;100.03;0.27;0.01523;0.01524;-5.134E-06;-18.172;-18.170;-99.990;0.50;89.85;
2026-01-08 15:33:15.41;0.00:00:15:952;0.00;0.00;1.00;0.01525;7.122E-06;4.427E-05;0.01526;40.43;44.92;100.04;100.04;0.29;0.01525;0.01526;-6.771E-06;-18.168;-18.166;-99.990;0.50;89.83;
2026-01-08 15:33:15.46;0.00:00:16:002;0.00;0.00;1.00;0.01524;6.861E-06;4.066E-05;0.01525;40.21;44.92;100.04;100.04;0.27;0.01524;0.01525;-6.098E-06;-18.169;-18.167;-99.990;0.50;89.85;
2026-01-08 15:33:15.52;0.00:00:16:054;0.00;0.00;1.00;0.01528;6.183E-06;4.432E-05;0.01528;41.03;44.92;100.04;100.04;0.29;0.01528;0.01528;-6.156E-06;-18.160;-18.158;-99.990;0.50;89.83;
2026-01-08 15:33:15.57;0.00:00:16:105;0.00;0.00;1.00;0.01527;6.551E-06;4.324E-05;0.01528;40.69;44.92;100.04;100.04;0.29;0.01527;0.01528;-6.093E-06;-18.162;-18.160;-99.990;0.50;89.84;
2026-01-08 15:33:15.62;0.00:00:16:155;0.00;0.00;1.00;0.01531;5.853E-06;4.252E-05;0.01532;41.08;44.92;100.05;100.05;0.28;0.01531;0.01532;-7.41E-06;-18.150;-18.148;-99.990;0.50;89.84;
2026-01-08 15:33:15.68;0.00:00:16:216;0.00;0.00;1.00;0.0153;7.684E-06;4.342E-05;0.01531;39.98;44.92;100.04;100.04;0.29;0.0153;0.01531;-5.815E-06;-18.153;-18.151;-99.990;0.50;89.84;
2026-01-08 15:33:15.73;0.00:00:16:267;0.00;0.00;1.00;0.0153;5.272E-06;4.347E-05;0.0153;41.54;44.92;100.04;100.04;0.29;0.0153;0.0153;-6.332E-06;-18.154;-18.152;-99.990;0.50;89.84;
2026-01-08 15:33:15.78;0.00:00:16:318;0.00;0.00;1.00;0.01529;5.791E-06;4.328E-05;0.01529;41.19;44.92;100.04;100.04;0.29;0.01529;0.01529;-5.733E-06;-18.157;-18.155;-99.990;0.50;89.84;
2026-01-08 15:33:15.83;0.00:00:16:369;0.00;0.00;1.00;0.01528;7.428E-06;4.351E-05;0.01529;40.16;44.92;100.05;100.05;0.29;0.01528;0.01529;-7.107E-06;-18.158;-18.156;-99.990;0.50;89.84;
2026-01-08 15:33:15.88;0.00:00:16:420;0.00;0.00;1.00;0.01528;7.027E-06;4.25E-05;0.01529;40.31;44.92;100.04;100.04;0.28;0.01528;0.01529;-6.694E-06;-18.158;-18.156;-99.990;0.50;89.84;
2026-01-08 15:33:15.93;0.00:00:16:472;0.00;0.00;1.00;0.01531;7.194E-06;4.279E-05;0.01531;40.23;44.92;100.04;100.04;0.28;0.01531;0.01531;-6.092E-06;-18.151;-18.150;-99.990;0.50;89.84;
2026-01-08 15:33:15.98;0.00:00:16:522;0.00;0.00;1.00;0.01532;6.325E-06;4.188E-05;0.01533;40.71;44.92;100.04;100.04;0.28;0.01532;0.01533;-6.664E-06;-18.147;-18.146;-99.990;0.50;89.84;
2026-01-08 15:33:16.04;0.00:00:16:574;0.00;0.00;1.00;0.01528;5.726E-06;4.417E-05;0.01528;41.31;44.92;100.04;100.04;0.29;0.01528;0.01528;-6.233E-06;-18.160;-18.158;-99.990;0.50;89.83;
2026-01-08 15:33:16.09;0.00:00:16:627;0.00;0.00;1.00;0.01529;4.939E-06;4.162E-05;0.01529;41.62;44.92;100.04;100.04;0.27;0.01529;0.01529;-6.344E-06;-18.157;-18.155;-99.990;0.50;89.84;
2026-01-08 15:33:16.14;0.00:00:16:676;0.00;0.00;1.00;0.01524;5.875E-06;4.536E-05;0.01525;41.31;44.91;100.04;100.04;0.30;0.01524;0.01525;-6.477E-06;-18.170;-18.168;-99.990;0.50;89.83;
2026-01-08 15:33:16.19;0.00:00:16:726;0.00;0.00;1.00;0.01525;5.446E-06;4.304E-05;0.01526;41.39;44.92;100.04;100.04;0.28;0.01525;0.01526;-5.582E-06;-18.167;-18.165;-99.990;0.50;89.84;
2026-01-08 15:33:16.25;0.00:00:16:787;0.00;0.00;1.00;0.01528;7.541E-06;4.291E-05;0.01529;40.02;44.92;100.04;100.04;0.29;0.01528;0.01529;-6.77E-06;-18.158;-18.156;-99.990;0.50;89.84;
2026-01-08 15:33:16.29;0.00:00:16:833;0.00;0.00;1.00;0.01529;7.664E-06;4.338E-05;0.01529;39.99;44.92;100.04;100.04;0.29;0.01529;0.01529;-6.756E-06;-18.157;-18.155;-99.990;0.50;89.84;
2026-01-08 15:33:16.34;0.00:00:16:881;0.00;0.00;1.00;0.01533;6.299E-06;4.159E-05;0.01533;40.69;44.92;100.04;100.04;0.27;0.01533;0.01533;-6.574E-06;-18.146;-18.144;-99.990;0.50;89.84;
2026-01-08 15:33:16.39;0.00:00:16:929;0.00;0.00;1.00;0.01529;9.204E-06;4.454E-05;0.01529;39.16;44.91;100.05;100.05;0.30;0.01529;0.01529;-7.552E-06;-18.157;-18.155;-99.990;0.50;89.83;
2026-01-08 15:33:16.44;0.00:00:16:975;0.00;0.00;1.00;0.0153;6.832E-06;4.399E-05;0.01531;40.59;44.92;100.05;100.05;0.29;0.0153;0.01531;-7.115E-06;-18.153;-18.151;-99.990;0.50;89.84;
2026-01-08 15:33:16.48;0.00:00:17:023;0.00;0.00;1.00;0.01529;7.801E-06;4.508E-05;0.0153;40.09;44.91;100.05;100.05;0.30;0.01529;0.0153;-7.216E-06;-18.156;-18.154;-99.990;0.50;89.83;
2026-01-08 15:33:16.55;0.00:00:17:084;0.00;0.00;1.00;0.01524;7.846E-06;4.483E-05;0.01525;40.04;44.91;100.05;100.05;0.30;0.01524;0.01525;-6.967E-06;-18.169;-18.167;-99.990;0.50;89.83;
2026-01-08 15:33:16.59;0.00:00:17:131;0.00;0.00;1.00;0.01527;5.295E-06;4.243E-05;0.01528;41.44;44.92;100.04;100.04;0.28;0.01527;0.01528;-6.292E-06;-18.161;-18.159;-99.990;0.50;89.84;
2026-01-08 15:33:16.66;0.00:00:17:194;0.00;0.00;1.00;0.01529;6.508E-06;4.427E-05;0.0153;40.82;44.92;100.05;100.05;0.29;0.01529;0.0153;-7.202E-06;-18.156;-18.153;-99.990;0.50;89.83;
2026-01-08 15:33:16.72;0.00:00:17:256;0.00;0.00;1.00;0.01527;7.218E-06;4.472E-05;0.01528;40.42;44.92;100.04;100.04;0.30;0.01527;0.01528;-6.384E-06;-18.161;-18.159;-99.990;0.50;89.83;
2026-01-08 15:33:16.78;0.00:00:17:317;0.00;0.00;1.00;0.01526;7.757E-06;4.469E-05;0.01526;40.08;44.91;100.04;100.04;0.30;0.01526;0.01526;-6.407E-06;-18.166;-18.164;-99.990;0.50;89.83;
2026-01-08 15:33:16.83;0.00:00:17:365;0.00;0.00;1.00;0.01532;6.021E-06;4.052E-05;0.01533;40.77;44.92;100.04;100.04;0.27;0.01532;0.01533;-6.59E-06;-18.146;-18.144;-99.990;0.50;89.85;
2026-01-08 15:33:16.87;0.00:00:17:412;0.00;0.00;1.00;0.01532;8.329E-06;4.587E-05;0.01532;39.85;44.91;100.05;100.04;0.30;0.01532;0.01532;-6.938E-06;-18.149;-18.147;-99.990;0.50;89.83;
2026-01-08 15:33:16.92;0.00:00:17:457;0.00;0.00;1.00;0.01528;7.094E-06;4.48E-05;0.01528;40.50;44.91;100.04;100.04;0.30;0.01528;0.01528;-5.898E-06;-18.159;-18.157;-99.990;0.50;89.83;
2026-01-08 15:33:16.97;0.00:00:17:506;0.00;0.00;1.00;0.01531;7.938E-06;4.275E-05;0.01531;39.74;44.92;100.05;100.05;0.28;0.01531;0.01531;-7.423E-06;-18.152;-18.150;-99.990;0.50;89.84;
2026-01-08 15:33:17.01;0.00:00:17:551;0.00;0.00;1.00;0.01531;7.245E-06;4.352E-05;0.01532;40.27;44.92;100.04;100.04;0.29;0.01531;0.01532;-6.782E-06;-18.150;-18.148;-99.990;0.50;89.84;
2026-01-08 15:33:17.06;0.00:00:17:598;0.00;0.00;1.00;0.01537;7.002E-06;4.301E-05;0.01538;40.38;44.92;100.05;100.05;0.28;0.01537;0.01538;-7.256E-06;-18.133;-18.131;-99.990;0.50;89.84;
2026-01-08 15:33:17.11;0.00:00:17:645;0.00;0.00;1.00;0.01537;6.108E-06;4.765E-05;0.01538;41.35;44.91;100.05;100.05;0.31;0.01537;0.01538;-7.623E-06;-18.134;-18.132;-99.990;0.50;89.82;
2026-01-08 15:33:17.15;0.00:00:17:692;0.00;0.00;1.00;0.01529;6.729E-06;4.729E-05;0.0153;40.95;44.91;100.05;100.05;0.31;0.01529;0.0153;-7.157E-06;-18.155;-18.153;-99.990;0.50;89.82;
2026-01-08 15:33:17.20;0.00:00:17:739;0.00;0.00;1.00;0.01525;5.874E-06;3.833E-05;0.01526;40.64;44.93;100.05;100.05;0.25;0.01525;0.01526;-7.291E-06;-18.166;-18.164;-99.990;0.50;89.86;
2026-01-08 15:33:17.25;0.00:00:17:787;0.00;0.00;1.00;0.01527;6.965E-06;4.308E-05;0.01528;40.41;44.92;100.05;100.05;0.29;0.01527;0.01528;-7.164E-06;-18.160;-18.158;-99.990;0.50;89.84;
2026-01-08 15:33:17.29;0.00:00:17:834;0.00;0.00;1.00;0.01529;6.46E-06;4.885E-05;0.0153;41.23;44.91;100.05;100.05;0.32;0.01529;0.0153;-7.08E-06;-18.156;-18.154;-99.990;0.50;89.82;
2026-01-08 15:33:17.34;0.00:00:17:882;0.00;0.00;1.00;0.01526;7.806E-06;4.437E-05;0.01526;40.01;44.92;100.05;100.05;0.30;0.01526;0.01526;-8.085E-06;-18.166;-18.163;-99.990;0.50;89.83;
2026-01-08 15:33:17.39;0.00:00:17:930;0.00;0.00;1.00;0.01524;-1.083E-06;5.086E-05;0.01524;45.61;44.90;100.05;100.04;0.33;0.01524;0.01524;-6.901E-06;-18.172;-18.170;-99.990;0.50;89.81;
2026-01-08 15:33:17.45;0.00:00:17:991;0.00;0.00;1.00;0.01533;1.143E-05;4.129E-05;0.01533;37.26;44.92;100.04;100.04;0.28;0.01533;0.01533;-6.698E-06;-18.146;-18.144;-99.990;0.50;89.85;
2026-01-08 15:33:17.50;0.00:00:18:038;0.00;0.00;1.00;0.01537;6.659E-06;5.186E-05;0.01537;41.34;44.90;100.05;100.05;0.34;0.01537;0.01537;-7.268E-06;-18.134;-18.132;-99.990;0.50;89.81;
2026-01-08 15:33:17.55;0.00:00:18:085;0.00;0.00;1.00;0.01531;7.231E-06;4.293E-05;0.01532;40.22;44.92;100.04;100.04;0.28;0.01531;0.01532;-6.493E-06;-18.149;-18.147;-99.990;0.50;89.84;
2026-01-08 15:33:17.60;0.00:00:18:134;0.00;0.00;1.00;0.0153;5.894E-06;4.447E-05;0.01531;41.22;44.92;100.04;100.04;0.29;0.0153;0.01531;-6.105E-06;-18.153;-18.151;-99.990;0.50;89.83;
2026-01-08 15:33:17.64;0.00:00:18:179;0.00;0.00;1.00;0.01532;4.81E-06;4.136E-05;0.01533;41.68;44.92;100.04;100.04;0.27;0.01532;0.01533;-6.268E-06;-18.146;-18.144;-99.990;0.50;89.85;
2026-01-08 15:33:17.69;0.00:00:18:225;0.00;0.00;1.00;0.0153;6.615E-06;4.841E-05;0.0153;41.11;44.91;100.05;100.05;0.32;0.0153;0.0153;-7.036E-06;-18.154;-18.152;-99.990;0.50;89.82;
2026-01-08 15:33:17.73;0.00:00:18:272;0.00;0.00;1.00;0.01524;6.189E-06;4.337E-05;0.01524;40.94;44.92;100.04;100.04;0.29;0.01524;0.01524;-5.836E-06;-18.171;-18.169;-99.990;0.50;89.84;
2026-01-08 15:33:17.78;0.00:00:18:318;0.00;0.00;1.00;0.01528;4.448E-06;4.274E-05;0.01528;42.03;44.92;100.04;100.04;0.28;0.01528;0.01528;-6.797E-06;-18.160;-18.158;-99.990;0.50;89.84;
2026-01-08 15:33:17.83;0.00:00:18:367;0.00;0.00;1.00;0.01523;8.246E-06;4.727E-05;0.01524;40.05;44.91;100.04;100.04;0.31;0.01523;0.01524;-6.794E-06;-18.172;-18.170;-99.990;0.50;89.82;
2026-01-08 15:33:17.89;0.00:00:18:429;0.00;0.00;1.00;0.01519;5.988E-06;3.735E-05;0.0152;40.45;44.93;100.04;100.04;0.25;0.01519;0.0152;-6.153E-06;-18.184;-18.182;-99.990;0.50;89.86;
2026-01-08 15:33:17.94;0.00:00:18:475;0.00;0.00;1.00;0.01523;6.033E-06;4.513E-05;0.01524;41.19;44.91;100.05;100.04;0.30;0.01523;0.01524;-6.901E-06;-18.172;-18.170;-99.990;0.50;89.83;
2026-01-08 15:33:17.98;0.00:00:18:522;0.00;0.00;1.00;0.01521;6.495E-06;4.502E-05;0.01522;40.90;44.91;100.04;100.04;0.30;0.01521;0.01522;-6.814E-06;-18.179;-18.177;-99.990;0.50;89.83;
2026-01-08 15:33:18.03;0.00:00:18:569;0.00;0.00;1.00;0.01524;4.967E-06;3.963E-05;0.01524;41.43;44.92;100.04;100.04;0.26;0.01524;0.01524;-6.857E-06;-18.171;-18.169;-99.990;0.50;89.85;
2026-01-08 15:33:18.09;0.00:00:18:629;0.00;0.00;1.00;0.01524;5.381E-06;4.536E-05;0.01525;41.62;44.91;100.04;100.04;0.30;0.01524;0.01525;-6.446E-06;-18.170;-18.168;-99.990;0.50;89.83;
2026-01-08 15:33:18.14;0.00:00:18:676;0.00;0.00;1.00;0.01533;4.302E-06;4.576E-05;0.01534;42.31;44.91;100.04;100.04;0.30;0.01533;0.01534;-6.301E-06;-18.144;-18.143;-99.990;0.50;89.83;
2026-01-08 15:33:18.20;0.00:00:18:734;0.00;0.00;1.00;0.01524;5.498E-06;4.715E-05;0.01524;41.67;44.91;100.04;100.04;0.31;0.01524;0.01524;-6.141E-06;-18.171;-18.169;-99.990;0.50;89.82;
2026-01-08 15:33:18.25;0.00:00:18:785;0.00;0.00;1.00;0.01526;7.704E-06;3.726E-05;0.01527;39.16;44.93;100.04;100.04;0.25;0.01526;0.01527;-6.41E-06;-18.164;-18.162;-99.990;0.50;89.86;
2026-01-08 15:33:18.30;0.00:00:18:835;0.00;0.00;1.00;0.01526;5.456E-06;4.944E-05;0.01527;41.85;44.91;100.04;100.04;0.33;0.01526;0.01527;-6.457E-06;-18.163;-18.161;-99.990;0.50;89.81;
2026-01-08 15:33:18.35;0.00:00:18:886;0.00;0.00;1.00;0.0152;6.62E-06;4.37E-05;0.01521;40.69;44.92;100.05;100.05;0.29;0.0152;0.01521;-6.976E-06;-18.182;-18.180;-99.990;0.50;89.84;
2026-01-08 15:33:18.40;0.00:00:18:939;0.00;0.00;1.00;0.01505;1.211E-05;3.284E-05;0.01506;34.88;44.93;100.04;100.04;0.23;0.01505;0.01506;-5.494E-06;-18.224;-18.223;-99.990;0.50;89.88;
2026-01-08 15:33:18.45;0.00:00:18:988;0.00;0.00;1.00;0.01528;2.652E-06;4.301E-05;0.01529;43.24;44.92;100.05;100.05;0.28;0.01528;0.01529;-7.685E-06;-18.159;-18.157;-99.990;0.50;89.84;
2026-01-08 15:33:18.50;0.00:00:19:039;0.00;0.00;1.00;0.01511;4.047E-06;4.465E-05;0.01512;42.41;44.92;100.04;100.04;0.30;0.01511;0.01512;-5.939E-06;-18.207;-18.205;-99.990;0.50;89.83;
2026-01-08 15:33:18.55;0.00:00:19:091;0.00;0.00;1.00;0.01505;9.592E-06;4.132E-05;0.01505;38.47;44.92;100.03;100.03;0.28;0.01505;0.01505;-5.222E-06;-18.225;-18.223;-99.990;0.50;89.84;
2026-01-08 15:33:18.60;0.00:00:19:142;0.00;0.00;1.00;0.01528;7.306E-06;4.651E-05;0.01529;40.54;44.91;100.04;100.04;0.31;0.01528;0.01529;-6.814E-06;-18.159;-18.157;-99.990;0.50;89.83;
2026-01-08 15:33:18.65;0.00:00:19:192;0.00;0.00;1.00;0.01527;5.496E-06;4.264E-05;0.01527;41.33;44.92;100.04;100.04;0.28;0.01527;0.01527;-6.397E-06;-18.162;-18.160;-99.990;0.50;89.84;
2026-01-08 15:33:18.71;0.00:00:19:244;0.00;0.00;1.00;0.01524;7.28E-06;4.611E-05;0.01524;40.51;44.91;100.05;100.05;0.31;0.01524;0.01524;-6.994E-06;-18.171;-18.169;-99.990;0.50;89.83;
2026-01-08 15:33:18.76;0.00:00:19:294;0.00;0.00;1.00;0.01522;7.481E-06;4.227E-05;0.01523;39.98;44.92;100.04;100.04;0.28;0.01522;0.01523;-6.82E-06;-18.175;-18.173;-99.990;0.50;89.84;
2026-01-08 15:33:18.81;0.00:00:19:346;0.00;0.00;1.00;0.01522;6.787E-06;4.449E-05;0.01522;40.66;44.92;100.05;100.05;0.30;0.01522;0.01522;-7.06E-06;-18.177;-18.175;-99.990;0.50;89.83;
2026-01-08 15:33:18.86;0.00:00:19:398;0.00;0.00;1.00;0.01521;6.248E-06;4.222E-05;0.01521;40.79;44.92;100.04;100.04;0.28;0.01521;0.01522;-5.901E-06;-18.179;-18.177;-99.990;0.50;89.84;
2026-01-08 15:33:18.91;0.00:00:19:448;0.00;0.00;1.00;0.0152;4.976E-06;4.447E-05;0.0152;41.81;44.92;100.04;100.04;0.29;0.0152;0.0152;-5.942E-06;-18.183;-18.181;-99.990;0.50;89.83;
2026-01-08 15:33:18.96;0.00:00:19:500;0.00;0.00;1.00;0.01517;7.353E-06;4.222E-05;0.01518;40.06;44.92;100.05;100.05;0.28;0.01517;0.01518;-7.191E-06;-18.190;-18.188;-99.990;0.50;89.84;
2026-01-08 15:33:19.02;0.00:00:19:561;0.00;0.00;1.00;0.01507;6.492E-06;4.733E-05;0.01507;41.10;44.91;100.04;100.04;0.32;0.01507;0.01507;-6.178E-06;-18.219;-18.217;-99.990;0.50;89.82;
2026-01-08 15:33:19.07;0.00:00:19:612;0.00;0.00;1.00;0.01501;5.032E-06;3.876E-05;0.01502;41.30;44.93;100.04;100.04;0.26;0.01501;0.01502;-6.125E-06;-18.236;-18.234;-99.990;0.50;89.85;
2026-01-08 15:33:19.12;0.00:00:19:663;0.00;0.00;1.00;0.01511;4.564E-06;3.819E-05;0.01512;41.59;44.93;100.04;100.04;0.25;0.01511;0.01512;-5.47E-06;-18.207;-18.206;-99.990;0.50;89.86;
2026-01-08 15:33:19.18;0.00:00:19:714;0.00;0.00;1.00;0.01529;6.139E-06;4.416E-05;0.01529;41.04;44.92;100.04;100.04;0.29;0.01529;0.01529;-6.634E-06;-18.157;-18.155;-99.990;0.50;89.83;
2026-01-08 15:33:19.23;0.00:00:19:765;0.00;0.00;1.00;0.01525;5.926E-06;4.645E-05;0.01526;41.36;44.91;100.04;100.04;0.31;0.01525;0.01526;-6.131E-06;-18.167;-18.165;-99.990;0.50;89.83;
2026-01-08 15:33:19.28;0.00:00:19:815;0.00;0.00;1.00;0.0152;7.808E-06;4.097E-05;0.0152;39.61;44.92;100.04;100.04;0.27;0.0152;0.0152;-6.003E-06;-18.182;-18.180;-99.990;0.50;89.85;
2026-01-08 15:33:19.33;0.00:00:19:866;0.00;0.00;1.00;0.01524;4.617E-06;4.263E-05;0.01525;41.91;44.92;100.04;100.04;0.28;0.01524;0.01525;-6.386E-06;-18.170;-18.168;-99.990;0.50;89.84;
2026-01-08 15:33:19.38;0.00:00:19:918;0.00;0.00;1.00;0.01524;7.266E-06;4.013E-05;0.01524;39.87;44.92;100.04;100.04;0.27;0.01524;0.01524;-5.897E-06;-18.171;-18.169;-99.990;0.50;89.85;
2026-01-08 15:33:19.43;0.00:00:19:968;0.00;0.00;1.00;0.01528;7.958E-06;4.068E-05;0.01529;39.47;44.92;100.05;100.04;0.27;0.01528;0.01529;-6.906E-06;-18.159;-18.157;-99.990;0.50;89.85;
2026-01-08 15:33:19.48;0.00:00:20:021;0.00;0.00;1.00;0.01529;8.482E-06;4.532E-05;0.0153;39.70;44.91;100.04;100.04;0.30;0.01529;0.0153;-6.5E-06;-18.155;-18.153;-99.990;0.50;89.83;
2026-01-08 15:33:19.53;0.00:00:20:072;0.00;0.00;1.00;0.0153;6.396E-06;4.088E-05;0.01531;40.55;44.92;100.04;100.04;0.27;0.0153;0.01531;-6.472E-06;-18.153;-18.151;-99.990;0.50;89.85;
2026-01-08 15:33:19.58;0.00:00:20:123;0.00;0.00;1.00;0.01522;6.291E-06;4.569E-05;0.01523;41.08;44.91;100.04;100.04;0.30;0.01522;0.01523;-5.755E-06;-18.175;-18.173;-99.990;0.50;89.83;
2026-01-08 15:33:19.63;0.00:00:20:172;0.00;0.00;1.00;0.01527;7.836E-06;3.814E-05;0.01528;39.20;44.93;100.04;100.04;0.25;0.01527;0.01528;-6.735E-06;-18.161;-18.159;-99.990;0.50;89.86;
2026-01-08 15:33:19.68;0.00:00:20:223;0.00;0.00;1.00;0.01528;8.278E-06;4.986E-05;0.01528;40.29;44.91;100.04;100.04;0.33;0.01528;0.01528;-6.385E-06;-18.160;-18.158;-99.990;0.50;89.81;
2026-01-08 15:33:19.74;0.00:00:20:274;0.00;0.00;1.00;0.01533;9.965E-06;3.958E-05;0.01534;37.93;44.92;100.05;100.05;0.27;0.01533;0.01534;-7.971E-06;-18.145;-18.143;-99.990;0.50;89.85;
2026-01-08 15:33:19.79;0.00:00:20:325;0.00;0.00;1.00;0.01538;6.571E-06;4.541E-05;0.01539;40.88;44.91;100.05;100.05;0.30;0.01538;0.01539;-7.428E-06;-18.131;-18.129;-99.990;0.50;89.83;
2026-01-08 15:33:19.84;0.00:00:20:376;0.00;0.00;1.00;0.01523;6.917E-06;4.275E-05;0.01524;40.40;44.92;100.04;100.04;0.28;0.01523;0.01524;-6.566E-06;-18.172;-18.170;-99.990;0.50;89.84;
2026-01-08 15:33:19.89;0.00:00:20:428;0.00;0.00;1.00;0.01523;6.926E-06;4.584E-05;0.01524;40.70;44.91;100.04;100.04;0.30;0.01523;0.01524;-6.641E-06;-18.172;-18.170;-99.990;0.50;89.83;
2026-01-08 15:33:19.94;0.00:00:20:479;0.00;0.00;1.00;0.01519;5.08E-06;4.293E-05;0.0152;41.63;44.92;100.04;100.04;0.28;0.01519;0.0152;-6.031E-06;-18.184;-18.183;-99.990;0.50;89.84;
2026-01-08 15:33:19.99;0.00:00:20:530;0.00;0.00;1.00;0.01518;6.399E-06;4.352E-05;0.01519;40.82;44.92;100.04;100.04;0.29;0.01518;0.01519;-6.332E-06;-18.186;-18.184;-99.990;0.50;89.84;
2026-01-08 15:33:20.04;0.00:00:20:582;0.00;0.00;1.00;0.01519;5.564E-06;4.041E-05;0.01519;41.08;44.92;100.04;100.04;0.27;0.01519;0.01519;-5.953E-06;-18.186;-18.184;-99.990;0.50;89.85;
2026-01-08 15:33:20.09;0.00:00:20:633;0.00;0.00;1.00;0.01524;5.605E-06;3.994E-05;0.01525;41.01;44.92;100.04;100.04;0.26;0.01524;0.01525;-6.187E-06;-18.170;-18.168;-99.990;0.50;89.85;
2026-01-08 15:33:20.15;0.00:00:20:685;0.00;0.00;1.00;0.0153;5.634E-06;4.237E-05;0.0153;41.21;44.92;100.04;100.04;0.28;0.0153;0.0153;-5.676E-06;-18.153;-18.152;-99.990;0.50;89.84;
2026-01-08 15:33:20.20;0.00:00:20:737;0.00;0.00;1.00;0.01533;8.301E-06;4.317E-05;0.01533;39.56;44.92;100.05;100.05;0.29;0.01533;0.01533;-7.219E-06;-18.146;-18.144;-99.990;0.50;89.84;
2026-01-08 15:33:20.24;0.00:00:20:784;0.00;0.00;1.00;0.01533;6E-06;4.578E-05;0.01534;41.27;44.91;100.05;100.05;0.30;0.01533;0.01534;-7.405E-06;-18.144;-18.142;-99.990;0.50;89.83;
2026-01-08 15:33:20.29;0.00:00:20:830;0.00;0.00;1.00;0.0153;7.098E-06;4.614E-05;0.01531;40.63;44.91;100.04;100.04;0.31;0.0153;0.01531;-5.829E-06;-18.153;-18.152;-99.990;0.50;89.83;
2026-01-08 15:33:20.34;0.00:00:20:878;0.00;0.00;1.00;0.0153;3.566E-06;4.654E-05;0.0153;42.81;44.91;100.04;100.04;0.31;0.0153;0.0153;-6.256E-06;-18.154;-18.153;-99.990;0.50;89.83;
2026-01-08 15:33:20.39;0.00:00:20:924;0.00;0.00;1.00;0.01528;6.188E-06;4.241E-05;0.01529;40.85;44.92;100.05;100.04;0.28;0.01528;0.01529;-6.907E-06;-18.158;-18.156;-99.990;0.50;89.84;
2026-01-08 15:33:20.43;0.00:00:20:971;0.00;0.00;1.00;0.01528;6.17E-06;4.661E-05;0.01528;41.23;44.91;100.04;100.04;0.31;0.01528;0.01528;-6.294E-06;-18.160;-18.158;-99.990;0.50;89.83;
2026-01-08 15:33:20.48;0.00:00:21:017;0.00;0.00;1.00;0.01528;6.569E-06;3.985E-05;0.01528;40.32;44.92;100.05;100.04;0.26;0.01528;0.01528;-6.905E-06;-18.160;-18.158;-99.990;0.50;89.85;
2026-01-08 15:33:20.53;0.00:00:21:064;0.00;0.00;1.00;0.01528;8.336E-06;4.564E-05;0.01529;39.83;44.91;100.05;100.05;0.30;0.01528;0.01529;-7.166E-06;-18.159;-18.157;-99.990;0.50;89.83;
2026-01-08 15:33:20.57;0.00:00:21:114;0.00;0.00;1.00;0.01529;5.385E-06;4.368E-05;0.01529;41.49;44.92;100.04;100.04;0.29;0.01529;0.01529;-5.824E-06;-18.157;-18.155;-99.990;0.50;89.84;
2026-01-08 15:33:20.63;0.00:00:21:173;0.00;0.00;1.00;0.01529;5.247E-06;4.366E-05;0.0153;41.57;44.92;100.04;100.04;0.29;0.01529;0.0153;-5.765E-06;-18.155;-18.154;-99.990;0.50;89.84;
2026-01-08 15:33:20.68;0.00:00:21:220;0.00;0.00;1.00;0.01534;7.151E-06;4.36E-05;0.01534;40.34;44.92;100.04;100.04;0.29;0.01534;0.01534;-6.855E-06;-18.143;-18.141;-99.990;0.50;89.84;
2026-01-08 15:33:20.73;0.00:00:21:268;0.00;0.00;1.00;0.01532;5.69E-06;4.471E-05;0.01533;41.37;44.92;100.04;100.04;0.29;0.01532;0.01533;-6.619E-06;-18.147;-18.145;-99.990;0.50;89.83;
2026-01-08 15:33:20.78;0.00:00:21:314;0.00;0.00;1.00;0.01529;2.806E-06;4.5E-05;0.0153;43.22;44.92;100.04;100.04;0.29;0.01529;0.0153;-6.834E-06;-18.156;-18.154;-99.990;0.50;89.83;
2026-01-08 15:33:20.82;0.00:00:21:361;0.00;0.00;1.00;0.01528;5.485E-06;4.376E-05;0.01529;41.43;44.92;100.04;100.04;0.29;0.01528;0.01529;-5.639E-06;-18.158;-18.156;-99.990;0.50;89.84;
2026-01-08 15:33:20.87;0.00:00:21:409;0.00;0.00;1.00;0.01528;6.953E-06;4.45E-05;0.01529;40.56;44.92;100.04;100.04;0.29;0.01528;0.01529;-6.708E-06;-18.159;-18.157;-99.990;0.50;89.83;
2026-01-08 15:33:20.92;0.00:00:21:455;0.00;0.00;1.00;0.01526;8.697E-06;4.244E-05;0.01526;39.21;44.92;100.04;100.04;0.28;0.01526;0.01526;-5.981E-06;-18.165;-18.163;-99.990;0.50;89.84;
2026-01-08 15:33:20.98;0.00:00:21:516;0.00;0.00;1.00;0.01526;5.571E-06;4.233E-05;0.01527;41.25;44.92;100.04;100.04;0.28;0.01526;0.01527;-6.044E-06;-18.164;-18.162;-99.990;0.50;89.84;
2026-01-08 15:33:21.02;0.00:00:21:562;0.00;0.00;1.00;0.01526;5.79E-06;4.341E-05;0.01527;41.20;44.92;100.04;100.04;0.29;0.01526;0.01527;-6.699E-06;-18.165;-18.163;-99.990;0.50;89.84;
2026-01-08 15:33:21.07;0.00:00:21:609;0.00;0.00;1.00;0.01522;6.584E-06;4.645E-05;0.01523;40.97;44.91;100.04;100.04;0.31;0.01522;0.01523;-6.56E-06;-18.176;-18.174;-99.990;0.50;89.83;
2026-01-08 15:33:21.12;0.00:00:21:655;0.00;0.00;1.00;0.01524;5.643E-06;4.248E-05;0.01524;41.22;44.92;100.04;100.04;0.28;0.01524;0.01524;-6.689E-06;-18.171;-18.169;-99.990;0.50;89.84;
2026-01-08 15:33:21.18;0.00:00:21:716;0.00;0.00;1.00;0.01523;8.299E-06;4.353E-05;0.01524;39.60;44.92;100.05;100.05;0.29;0.01523;0.01524;-7.113E-06;-18.172;-18.170;-99.990;0.50;89.84;
2026-01-08 15:33:21.22;0.00:00:21:763;0.00;0.00;1.00;0.01522;6.006E-06;4.398E-05;0.01522;41.11;44.92;100.03;100.03;0.29;0.01522;0.01522;-5.188E-06;-18.177;-18.176;-99.990;0.50;89.83;
2026-01-08 15:33:21.27;0.00:00:21:811;0.00;0.00;1.00;0.01526;7.073E-06;3.726E-05;0.01527;39.63;44.93;100.05;100.04;0.25;0.01526;0.01527;-6.883E-06;-18.164;-18.162;-99.990;0.50;89.86;
2026-01-08 15:33:21.32;0.00:00:21:857;0.00;0.00;1.00;0.01527;5.681E-06;4.481E-05;0.01527;41.39;44.92;100.04;100.04;0.30;0.01527;0.01527;-6.488E-06;-18.163;-18.161;-99.990;0.50;89.83;
2026-01-08 15:33:21.36;0.00:00:21:903;0.00;0.00;1.00;0.01524;5.808E-06;4.418E-05;0.01525;41.26;44.92;100.04;100.04;0.29;0.01524;0.01525;-6.311E-06;-18.169;-18.167;-99.990;0.50;89.83;
2026-01-08 15:33:21.41;0.00:00:21:949;0.00;0.00;1.00;0.01522;7.947E-06;4.494E-05;0.01522;39.99;44.91;100.04;100.04;0.30;0.01522;0.01522;-6.452E-06;-18.177;-18.175;-99.990;0.50;89.83;
2026-01-08 15:33:21.46;0.00:00:21:996;0.00;0.00;1.00;0.01522;5.564E-06;4.231E-05;0.01523;41.25;44.92;100.05;100.05;0.28;0.01522;0.01523;-7.079E-06;-18.175;-18.173;-99.990;0.50;89.84;
2026-01-08 15:33:21.51;0.00:00:22:044;0.00;0.00;1.00;0.0152;6.931E-06;4.285E-05;0.01521;40.41;44.92;100.04;100.04;0.29;0.0152;0.01521;-6.386E-06;-18.181;-18.179;-99.990;0.50;89.84;
2026-01-08 15:33:21.55;0.00:00:22:091;0.00;0.00;1.00;0.0152;6.599E-06;4.348E-05;0.01521;40.69;44.92;100.05;100.05;0.29;0.0152;0.01521;-7.055E-06;-18.180;-18.178;-99.990;0.50;89.84;
2026-01-08 15:33:21.60;0.00:00:22:139;0.00;0.00;1.00;0.01522;5.623E-06;4.444E-05;0.01523;41.39;44.92;100.04;100.04;0.29;0.01522;0.01523;-6.637E-06;-18.175;-18.173;-99.990;0.50;89.83;
2026-01-08 15:33:21.65;0.00:00:22:185;0.00;0.00;1.00;0.01521;5.766E-06;4.33E-05;0.01522;41.21;44.92;100.04;100.04;0.29;0.01521;0.01522;-6.343E-06;-18.179;-18.177;-99.990;0.50;89.84;
2026-01-08 15:33:21.69;0.00:00:22:232;0.00;0.00;1.00;0.01522;6.621E-06;4.376E-05;0.01523;40.70;44.92;100.04;100.04;0.29;0.01522;0.01523;-5.997E-06;-18.175;-18.174;-99.990;0.50;89.84;
2026-01-08 15:33:21.74;0.00:00:22:279;0.00;0.00;1.00;0.01523;5.737E-06;4.303E-05;0.01523;41.20;44.92;100.04;100.04;0.29;0.01523;0.01523;-6.792E-06;-18.174;-18.172;-99.990;0.50;89.84;
2026-01-08 15:33:21.79;0.00:00:22:328;0.00;0.00;1.00;0.01527;6.947E-06;4.315E-05;0.01528;40.43;44.92;100.05;100.05;0.29;0.01527;0.01528;-7.133E-06;-18.161;-18.159;-99.990;0.50;89.84;
2026-01-08 15:33:21.83;0.00:00:22:373;0.00;0.00;1.00;0.01527;6.336E-06;4.435E-05;0.01528;40.93;44.92;100.04;100.04;0.29;0.01527;0.01528;-6.186E-06;-18.160;-18.159;-99.990;0.50;89.83;
2026-01-08 15:33:21.88;0.00:00:22:420;0.00;0.00;1.00;0.01533;7.997E-06;4.525E-05;0.01534;39.99;44.91;100.05;100.04;0.30;0.01533;0.01534;-6.915E-06;-18.144;-18.142;-99.990;0.50;89.83;
2026-01-08 15:33:21.93;0.00:00:22:467;0.00;0.00;1.00;0.01532;7.014E-06;4.597E-05;0.01533;40.66;44.91;100.05;100.05;0.30;0.01532;0.01533;-7.385E-06;-18.147;-18.145;-99.990;0.50;89.83;
2026-01-08 15:33:21.98;0.00:00:22:514;0.00;0.00;1.00;0.01527;6.048E-06;4.812E-05;0.01528;41.42;44.91;100.05;100.05;0.32;0.01527;0.01528;-7.207E-06;-18.162;-18.160;-99.990;0.50;89.82;
2026-01-08 15:33:22.02;0.00:00:22:562;0.00;0.00;1.00;0.01526;8.421E-06;3.943E-05;0.01527;38.97;44.92;100.05;100.05;0.26;0.01526;0.01527;-7.113E-06;-18.163;-18.161;-99.990;0.50;89.85;
2026-01-08 15:33:22.07;0.00:00:22:608;0.00;0.00;1.00;0.01532;7.09E-06;4.386E-05;0.01533;40.41;44.92;100.05;100.05;0.29;0.01532;0.01533;-7.433E-06;-18.146;-18.144;-99.990;0.50;89.84;
2026-01-08 15:33:22.12;0.00:00:22:655;0.00;0.00;1.00;0.01531;7.057E-06;4.454E-05;0.01532;40.50;44.92;100.04;100.04;0.29;0.01531;0.01532;-6.768E-06;-18.150;-18.148;-99.990;0.50;89.83;
2026-01-08 15:33:22.16;0.00:00:22:702;0.00;0.00;1.00;0.0153;6.48E-06;4.537E-05;0.0153;40.94;44.91;100.04;100.04;0.30;0.0153;0.0153;-6.44E-06;-18.154;-18.152;-99.990;0.50;89.83;
2026-01-08 15:33:22.21;0.00:00:22:752;0.00;0.00;1.00;0.01531;9.921E-06;3.861E-05;0.01532;37.80;44.93;100.04;100.04;0.26;0.01531;0.01532;-6.828E-06;-18.150;-18.148;-99.990;0.50;89.86;
2026-01-08 15:33:22.27;0.00:00:22:813;0.00;0.00;1.00;0.01527;4.76E-06;4.78E-05;0.01527;42.16;44.91;100.04;100.04;0.31;0.01527;0.01527;-6.351E-06;-18.162;-18.161;-99.990;0.50;89.82;
2026-01-08 15:33:22.32;0.00:00:22:859;0.00;0.00;1.00;0.01527;6.681E-06;4.352E-05;0.01528;40.64;44.92;100.04;100.04;0.29;0.01527;0.01528;-6.658E-06;-18.162;-18.160;-99.990;0.50;89.84;
2026-01-08 15:33:22.37;0.00:00:22:907;0.00;0.00;1.00;0.01529;7.905E-06;4.298E-05;0.0153;39.79;44.92;100.04;100.04;0.29;0.01529;0.0153;-6.515E-06;-18.155;-18.153;-99.990;0.50;89.84;
2026-01-08 15:33:22.42;0.00:00:22:954;0.00;0.00;1.00;0.0153;7.764E-06;4.439E-05;0.01531;40.04;44.92;100.04;100.04;0.29;0.0153;0.01531;-6.533E-06;-18.153;-18.151;-99.990;0.50;89.83;
2026-01-08 15:33:22.46;0.00:00:23:001;0.00;0.00;1.00;0.01529;6.932E-06;4.548E-05;0.0153;40.67;44.91;100.05;100.04;0.30;0.01529;0.0153;-6.898E-06;-18.155;-18.153;-99.990;0.50;89.83;
2026-01-08 15:33:22.51;0.00:00:23:048;0.00;0.00;1.00;0.01529;5.824E-06;4.501E-05;0.01529;41.31;44.91;100.04;100.04;0.30;0.01529;0.01529;-6.039E-06;-18.156;-18.155;-99.990;0.50;89.83;
2026-01-08 15:33:22.55;0.00:00:23:094;0.00;0.00;1.00;0.01529;6.595E-06;4.322E-05;0.0153;40.66;44.92;100.04;100.04;0.29;0.01529;0.0153;-6.484E-06;-18.155;-18.153;-99.990;0.50;89.84;
2026-01-08 15:33:22.60;0.00:00:23:141;0.00;0.00;1.00;0.01532;7.242E-06;4.332E-05;0.01532;40.26;44.92;100.04;100.04;0.29;0.01532;0.01532;-6.587E-06;-18.148;-18.146;-99.990;0.50;89.84;
2026-01-08 15:33:22.65;0.00:00:23:188;0.00;0.00;1.00;0.01528;7.343E-06;4.373E-05;0.01529;40.23;44.92;100.05;100.05;0.29;0.01528;0.01529;-7.075E-06;-18.159;-18.157;-99.990;0.50;89.84;
2026-01-08 15:33:22.70;0.00:00:23:235;0.00;0.00;1.00;0.01532;7.356E-06;3.758E-05;0.01533;39.46;44.93;100.04;100.04;0.25;0.01532;0.01533;-6.174E-06;-18.147;-18.145;-99.990;0.50;89.86;
2026-01-08 15:33:22.74;0.00:00:23:282;0.00;0.00;1.00;0.01539;5.457E-06;4.561E-05;0.0154;41.59;44.91;100.05;100.05;0.30;0.01539;0.0154;-7.281E-06;-18.127;-18.124;-99.990;0.50;89.83;
2026-01-08 15:33:22.79;0.00:00:23:328;0.00;0.00;1.00;0.01535;7.546E-06;3.882E-05;0.01536;39.50;44.93;100.04;100.04;0.26;0.01535;0.01536;-5.695E-06;-18.139;-18.137;-99.990;0.50;89.86;
2026-01-08 15:33:22.83;0.00:00:23:373;0.00;0.00;1.00;0.01544;5.471E-06;4.329E-05;0.01545;41.40;44.92;100.04;100.04;0.28;0.01544;0.01545;-6.516E-06;-18.113;-18.111;-99.990;0.50;89.84;
2026-01-08 15:33:22.88;0.00:00:23:421;0.00;0.00;1.00;0.01528;7.289E-06;4.65E-05;0.01529;40.55;44.91;100.04;100.04;0.31;0.01528;0.01529;-6.785E-06;-18.158;-18.156;-99.990;0.50;89.83;
2026-01-08 15:33:22.94;0.00:00:23:482;0.00;0.00;1.00;0.01534;6.894E-06;3.964E-05;0.01534;40.07;44.92;100.04;100.04;0.26;0.01534;0.01534;-5.981E-06;-18.143;-18.141;-99.990;0.50;89.85;
2026-01-08 15:33:23.00;0.00:00:23:543;0.00;0.00;1.00;0.01543;7.024E-06;4.518E-05;0.01543;40.58;44.92;100.04;100.04;0.30;0.01543;0.01543;-6.911E-06;-18.118;-18.116;-99.990;0.50;89.83;
2026-01-08 15:33:23.05;0.00:00:23:590;0.00;0.00;1.00;0.01535;8.397E-06;4.459E-05;0.01535;39.67;44.92;100.04;100.04;0.30;0.01535;0.01535;-6.875E-06;-18.140;-18.138;-99.990;0.50;89.83;
2026-01-08 15:33:23.10;0.00:00:23:638;0.00;0.00;1.00;0.01534;6.49E-06;4.343E-05;0.01534;40.75;44.92;100.04;100.04;0.29;0.01534;0.01534;-6.657E-06;-18.142;-18.140;-99.990;0.50;89.84;
2026-01-08 15:33:23.15;0.00:00:23:685;0.00;0.00;1.00;0.01534;6.438E-06;4.558E-05;0.01535;40.98;44.91;100.05;100.04;0.30;0.01534;0.01535;-6.919E-06;-18.141;-18.139;-99.990;0.50;89.83;
2026-01-08 15:33:23.19;0.00:00:23:732;0.00;0.00;1.00;0.01537;7.151E-06;4.549E-05;0.01538;40.53;44.91;100.05;100.05;0.30;0.01537;0.01538;-8.149E-06;-18.132;-18.130;-99.990;0.50;89.83;
2026-01-08 15:33:23.24;0.00:00:23:779;0.00;0.00;1.00;0.01533;7.932E-06;4.755E-05;0.01534;40.27;44.91;100.05;100.05;0.31;0.01533;0.01534;-7.388E-06;-18.145;-18.143;-99.990;0.50;89.82;
2026-01-08 15:33:23.29;0.00:00:23:826;0.00;0.00;1.00;0.01525;6.922E-06;4.372E-05;0.01526;40.50;44.92;100.05;100.05;0.29;0.01525;0.01526;-7.396E-06;-18.167;-18.165;-99.990;0.50;89.84;
2026-01-08 15:33:23.33;0.00:00:23:872;0.00;0.00;1.00;0.01524;8.549E-06;4.282E-05;0.01525;39.35;44.92;100.04;100.04;0.29;0.01524;0.01525;-6.799E-06;-18.169;-18.167;-99.990;0.50;89.84;
2026-01-08 15:33:23.38;0.00:00:23:921;0.00;0.00;1.00;0.01525;5.439E-06;4.387E-05;0.01526;41.47;44.92;100.04;100.04;0.29;0.01525;0.01526;-6.42E-06;-18.167;-18.166;-99.990;0.50;89.84;
2026-01-08 15:33:23.44;0.00:00:23:981;0.00;0.00;1.00;0.01526;4.096E-06;4.597E-05;0.01527;42.45;44.91;100.04;100.04;0.30;0.01526;0.01527;-5.844E-06;-18.165;-18.163;-99.990;0.50;89.83;
2026-01-08 15:33:23.49;0.00:00:24:027;0.00;0.00;1.00;0.01524;7.871E-06;4.074E-05;0.01525;39.53;44.92;100.05;100.05;0.27;0.01524;0.01525;-7.3E-06;-18.170;-18.168;-99.990;0.50;89.85;
2026-01-08 15:33:23.53;0.00:00:24:073;0.00;0.00;1.00;0.01527;6.707E-06;4.336E-05;0.01527;40.60;44.92;100.04;100.04;0.29;0.01527;0.01527;-6.534E-06;-18.162;-18.161;-99.990;0.50;89.84;
2026-01-08 15:33:23.58;0.00:00:24:123;0.00;0.00;1.00;0.01526;7.422E-06;4.278E-05;0.01527;40.08;44.92;100.04;100.04;0.28;0.01526;0.01527;-6.867E-06;-18.164;-18.162;-99.990;0.50;89.84;
2026-01-08 15:33:23.64;0.00:00:24:183;0.00;0.00;1.00;0.01531;5.323E-06;4.288E-05;0.01532;41.46;44.92;100.04;100.04;0.28;0.01531;0.01532;-6.324E-06;-18.150;-18.148;-99.990;0.50;89.84;
2026-01-08 15:33:23.69;0.00:00:24:229;0.00;0.00;1.00;0.01532;5.673E-06;4.229E-05;0.01533;41.18;44.92;100.05;100.05;0.28;0.01532;0.01533;-7.002E-06;-18.147;-18.145;-99.990;0.50;89.84;
2026-01-08 15:33:23.74;0.00:00:24:276;0.00;0.00;1.00;0.01535;7.748E-06;4.171E-05;0.01536;39.74;44.92;100.05;100.05;0.28;0.01535;0.01536;-7.323E-06;-18.138;-18.136;-99.990;0.50;89.84;
2026-01-08 15:33:23.79;0.00:00:24:325;0.00;0.00;1.00;0.01537;6.626E-06;4.611E-05;0.01537;40.91;44.91;100.05;100.04;0.30;0.01537;0.01537;-6.961E-06;-18.134;-18.132;-99.990;0.50;89.83;
2026-01-08 15:33:23.83;0.00:00:24:371;0.00;0.00;1.00;0.01536;7.361E-06;4.357E-05;0.01537;40.20;44.92;100.04;100.04;0.29;0.01536;0.01537;-6.145E-06;-18.135;-18.134;-99.990;0.50;89.84;
2026-01-08 15:33:23.88;0.00:00:24:418;0.00;0.00;1.00;0.01537;6.981E-06;4.524E-05;0.01538;40.61;44.91;100.04;100.04;0.30;0.01537;0.01538;-6.825E-06;-18.133;-18.131;-99.990;0.50;89.83;
2026-01-08 15:33:23.93;0.00:00:24:465;0.00;0.00;1.00;0.01534;5.96E-06;4.616E-05;0.01535;41.32;44.91;100.04;100.04;0.30;0.01534;0.01535;-6.764E-06;-18.142;-18.140;-99.990;0.50;89.83;
2026-01-08 15:33:23.97;0.00:00:24:511;0.00;0.00;1.00;0.01535;7.316E-06;4.386E-05;0.01535;40.26;44.92;100.04;100.04;0.29;0.01535;0.01535;-6.859E-06;-18.140;-18.138;-99.990;0.50;89.84;
2026-01-08 15:33:24.02;0.00:00:24:559;0.00;0.00;1.00;0.01537;5.495E-06;4.47E-05;0.01537;41.50;44.92;100.04;100.04;0.29;0.01537;0.01537;-6.131E-06;-18.135;-18.133;-99.990;0.50;89.83;
2026-01-08 15:33:24.07;0.00:00:24:605;0.00;0.00;1.00;0.01534;6.661E-06;4.372E-05;0.01535;40.67;44.92;100.05;100.05;0.29;0.01534;0.01535;-7.071E-06;-18.142;-18.140;-99.990;0.50;89.84;
2026-01-08 15:33:24.11;0.00:00:24:651;0.00;0.00;1.00;0.01537;6.458E-06;4.194E-05;0.01537;40.62;44.92;100.04;100.04;0.28;0.01537;0.01537;-6.653E-06;-18.135;-18.133;-99.990;0.50;89.84;
2026-01-08 15:33:24.16;0.00:00:24:698;0.00;0.00;1.00;0.01535;7.211E-06;4.712E-05;0.01536;40.65;44.91;100.05;100.05;0.31;0.01535;0.01536;-7.508E-06;-18.138;-18.136;-99.990;0.50;89.82;
2026-01-08 15:33:24.20;0.00:00:24:744;0.00;0.00;1.00;0.01533;5.972E-06;4.499E-05;0.01533;41.22;44.92;100.05;100.05;0.30;0.01533;0.01533;-7.157E-06;-18.146;-18.144;-99.990;0.50;89.83;
2026-01-08 15:33:24.26;0.00:00:24:796;0.00;0.00;1.00;0.01533;6.559E-06;4.776E-05;0.01534;41.09;44.91;100.05;100.05;0.31;0.01533;0.01534;-7.373E-06;-18.145;-18.143;-99.990;0.50;89.82;
2026-01-08 15:33:24.31;0.00:00:24:845;0.00;0.00;1.00;0.01529;6.746E-06;4.565E-05;0.0153;40.80;44.91;100.04;100.04;0.30;0.01529;0.0153;-6.636E-06;-18.156;-18.154;-99.990;0.50;89.83;
2026-01-08 15:33:24.36;0.00:00:24:897;0.00;0.00;1.00;0.01526;7.451E-06;4.528E-05;0.01527;40.33;44.91;100.04;100.04;0.30;0.01526;0.01527;-6.837E-06;-18.164;-18.162;-99.990;0.50;89.83;
2026-01-08 15:33:24.41;0.00:00:24:947;0.00;0.00;1.00;0.01526;7.324E-06;4.212E-05;0.01527;40.07;44.92;100.04;100.04;0.28;0.01526;0.01527;-6.487E-06;-18.164;-18.162;-99.990;0.50;89.84;
2026-01-08 15:33:24.46;0.00:00:24:999;0.00;0.00;1.00;0.01534;5.408E-06;4.044E-05;0.01535;41.19;44.92;100.04;100.04;0.27;0.01534;0.01535;-5.967E-06;-18.142;-18.140;-99.990;0.50;89.85;
2026-01-08 15:33:24.51;0.00:00:25:050;0.00;0.00;1.00;0.01535;6.905E-06;4.42E-05;0.01536;40.56;44.92;100.05;100.04;0.29;0.01535;0.01536;-6.953E-06;-18.139;-18.137;-99.990;0.50;89.84;
2026-01-08 15:33:24.56;0.00:00:25:100;0.00;0.00;1.00;0.01521;7.683E-06;3.935E-05;0.01522;39.48;44.92;100.04;100.04;0.26;0.01521;0.01522;-5.857E-06;-18.177;-18.176;-99.990;0.50;89.85;
2026-01-08 15:33:24.61;0.00:00:25:152;0.00;0.00;1.00;0.01527;6.462E-06;4.258E-05;0.01527;40.69;44.92;100.05;100.05;0.28;0.01527;0.01527;-7.038E-06;-18.162;-18.160;-99.990;0.50;89.84;
2026-01-08 15:33:24.67;0.00:00:25:213;0.00;0.00;1.00;0.01533;4.793E-06;4.363E-05;0.01534;41.87;44.92;100.04;100.04;0.29;0.01533;0.01534;-6.67E-06;-18.144;-18.142;-99.990;0.50;89.84;
2026-01-08 15:33:24.73;0.00:00:25:265;0.00;0.00;1.00;0.01528;7.365E-06;4.34E-05;0.01529;40.18;44.92;100.05;100.04;0.29;0.01528;0.01529;-6.937E-06;-18.159;-18.157;-99.990;0.50;89.84;
2026-01-08 15:33:24.78;0.00:00:25:314;0.00;0.00;1.00;0.01527;7.588E-06;4.21E-05;0.01528;39.89;44.92;100.04;100.04;0.28;0.01527;0.01528;-6.628E-06;-18.161;-18.159;-99.990;0.50;89.84;
2026-01-08 15:33:24.83;0.00:00:25:365;0.00;0.00;1.00;0.01534;6.576E-06;4.113E-05;0.01534;40.46;44.92;100.04;100.04;0.27;0.01534;0.01534;-5.813E-06;-18.142;-18.141;-99.990;0.50;89.85;
2026-01-08 15:33:24.88;0.00:00:25:418;0.00;0.00;1.00;0.01535;6.518E-06;4.319E-05;0.01536;40.71;44.92;100.04;100.04;0.28;0.01535;0.01536;-6.785E-06;-18.139;-18.137;-99.990;0.50;89.84;
2026-01-08 15:33:24.93;0.00:00:25:469;0.00;0.00;1.00;0.01533;5.774E-06;4.363E-05;0.01534;41.23;44.92;100.04;100.04;0.29;0.01533;0.01534;-6.347E-06;-18.144;-18.142;-99.990;0.50;89.84;
2026-01-08 15:33:24.98;0.00:00:25:518;0.00;0.00;1.00;0.01534;6.589E-06;4.452E-05;0.01534;40.79;44.92;100.04;100.04;0.29;0.01534;0.01534;-6.473E-06;-18.142;-18.140;-99.990;0.50;89.83;
2026-01-08 15:33:25.03;0.00:00:25:571;0.00;0.00;1.00;0.01533;7.297E-06;4.484E-05;0.01533;40.38;44.92;100.04;100.04;0.30;0.01533;0.01533;-6.024E-06;-18.145;-18.143;-99.990;0.50;89.83;
2026-01-08 15:33:25.08;0.00:00:25:620;0.00;0.00;1.00;0.01532;6.87E-06;4.173E-05;0.01532;40.33;44.92;100.04;100.04;0.28;0.01532;0.01532;-6.341E-06;-18.149;-18.147;-99.990;0.50;89.84;
2026-01-08 15:33:25.13;0.00:00:25:672;0.00;0.00;1.00;0.01532;6.872E-06;4.484E-05;0.01532;40.64;44.92;100.04;100.04;0.30;0.01532;0.01532;-6.51E-06;-18.148;-18.146;-99.990;0.50;89.83;
2026-01-08 15:33:25.18;0.00:00:25:722;0.00;0.00;1.00;0.01528;6.774E-06;4.399E-05;0.01528;40.62;44.92;100.04;100.04;0.29;0.01528;0.01528;-6.356E-06;-18.159;-18.157;-99.990;0.50;89.84;
2026-01-08 15:33:25.24;0.00:00:25:775;0.00;0.00;1.00;0.01529;4.838E-06;4.655E-05;0.01529;42.03;44.91;100.04;100.04;0.31;0.01529;0.01529;-6.482E-06;-18.156;-18.155;-99.990;0.50;89.83;
2026-01-08 15:33:25.29;0.00:00:25:825;0.00;0.00;1.00;0.01525;8.997E-06;4.42E-05;0.01526;39.25;44.92;100.04;100.04;0.30;0.01525;0.01526;-6.345E-06;-18.167;-18.165;-99.990;0.50;89.83;
2026-01-08 15:33:25.34;0.00:00:25:877;0.00;0.00;1.00;0.01532;5.829E-06;4.492E-05;0.01533;41.30;44.92;100.04;100.04;0.30;0.01532;0.01533;-6.758E-06;-18.146;-18.144;-99.990;0.50;89.83;
2026-01-08 15:33:25.39;0.00:00:25:928;0.00;0.00;1.00;0.01533;6.717E-06;4.251E-05;0.01534;40.51;44.92;100.04;100.04;0.28;0.01533;0.01534;-6.593E-06;-18.144;-18.142;-99.990;0.50;89.84;
2026-01-08 15:33:25.44;0.00:00:25:980;0.00;0.00;1.00;0.01534;5.368E-06;4.476E-05;0.01535;41.58;44.92;100.05;100.05;0.29;0.01534;0.01535;-7.21E-06;-18.141;-18.139;-99.990;0.50;89.83;
2026-01-08 15:33:25.49;0.00:00:26:029;0.00;0.00;1.00;0.01524;6.995E-06;4.458E-05;0.01524;40.54;44.92;100.04;100.04;0.30;0.01524;0.01524;-5.897E-06;-18.171;-18.169;-99.990;0.50;89.83;
2026-01-08 15:33:25.54;0.00:00:26:082;0.00;0.00;1.00;0.01522;6.999E-06;4.323E-05;0.01523;40.40;44.92;100.04;100.04;0.29;0.01522;0.01523;-6.166E-06;-18.174;-18.173;-99.990;0.50;89.84;
2026-01-08 15:33:25.59;0.00:00:26:131;0.00;0.00;1.00;0.01533;6.761E-06;4.659E-05;0.01534;40.87;44.91;100.04;100.04;0.31;0.01533;0.01534;-6.823E-06;-18.144;-18.142;-99.990;0.50;89.83;
2026-01-08 15:33:25.64;0.00:00:26:183;0.00;0.00;1.00;0.01537;6.276E-06;4.194E-05;0.01537;40.74;44.92;100.04;100.04;0.28;0.01537;0.01537;-6.254E-06;-18.134;-18.133;-99.990;0.50;89.84;
2026-01-08 15:33:25.70;0.00:00:26:236;0.00;0.00;1.00;0.0153;7.262E-06;4.466E-05;0.01531;40.38;44.92;100.05;100.05;0.30;0.0153;0.01531;-7.101E-06;-18.152;-18.150;-99.990;0.50;89.83;
2026-01-08 15:33:25.75;0.00:00:26:286;0.00;0.00;1.00;0.01534;7.702E-06;3.671E-05;0.01535;39.08;44.93;100.04;100.04;0.24;0.01534;0.01535;-6.52E-06;-18.141;-18.140;-99.990;0.50;89.86;
2026-01-08 15:33:25.80;0.00:00:26:335;0.00;0.00;1.00;0.01532;7.647E-06;4.35E-05;0.01533;40.01;44.92;100.05;100.05;0.29;0.01532;0.01533;-7.031E-06;-18.148;-18.146;-99.990;0.50;89.84;
2026-01-08 15:33:25.85;0.00:00:26:386;0.00;0.00;1.00;0.01529;4.126E-06;4.605E-05;0.0153;42.44;44.91;100.04;100.04;0.30;0.01529;0.0153;-5.995E-06;-18.155;-18.153;-99.990;0.50;89.83;
2026-01-08 15:33:25.90;0.00:00:26:440;0.00;0.00;1.00;0.0153;6.18E-06;4.279E-05;0.01531;40.89;44.92;100.04;100.04;0.28;0.0153;0.01531;-6.518E-06;-18.153;-18.151;-99.990;0.50;89.84;
2026-01-08 15:33:25.95;0.00:00:26:489;0.00;0.00;1.00;0.0153;8.219E-06;4.487E-05;0.01531;39.81;44.91;100.05;100.05;0.30;0.0153;0.01531;-7.543E-06;-18.153;-18.151;-99.990;0.50;89.83;
2026-01-08 15:33:26.00;0.00:00:26:541;0.00;0.00;1.00;0.01531;5.718E-06;4.707E-05;0.01532;41.54;44.91;100.05;100.04;0.31;0.01531;0.01532;-6.92E-06;-18.150;-18.148;-99.990;0.50;89.82;
2026-01-08 15:33:26.05;0.00:00:26:593;0.00;0.00;1.00;0.01525;6.568E-06;4.42E-05;0.01526;40.77;44.92;100.04;100.04;0.29;0.01525;0.01526;-6.33E-06;-18.167;-18.165;-99.990;0.50;89.83;
2026-01-08 15:33:26.10;0.00:00:26:643;0.00;0.00;1.00;0.01535;5.033E-06;4.621E-05;0.01536;41.89;44.91;100.04;100.04;0.30;0.01535;0.01536;-6.802E-06;-18.138;-18.136;-99.990;0.50;89.83;
2026-01-08 15:33:26.16;0.00:00:26:703;0.00;0.00;1.00;0.01532;8.164E-06;4.226E-05;0.01533;39.53;44.92;100.05;100.05;0.28;0.01532;0.01533;-7.292E-06;-18.147;-18.145;-99.990;0.50;89.84;
2026-01-08 15:33:26.22;0.00:00:26:754;0.00;0.00;1.00;0.01535;6.478E-06;4.39E-05;0.01535;40.80;44.92;100.05;100.05;0.29;0.01535;0.01535;-7.044E-06;-18.140;-18.138;-99.990;0.50;89.84;
2026-01-08 15:33:26.27;0.00:00:26:806;0.00;0.00;1.00;0.01531;5.999E-06;4.364E-05;0.01532;41.09;44.92;100.04;100.04;0.29;0.01531;0.01532;-6.307E-06;-18.150;-18.149;-99.990;0.50;89.84;
2026-01-08 15:33:26.32;0.00:00:26:859;0.00;0.00;1.00;0.0153;8.117E-06;4.565E-05;0.0153;39.96;44.91;100.05;100.05;0.30;0.0153;0.0153;-7.204E-06;-18.154;-18.152;-99.990;0.50;89.83;
2026-01-08 15:33:26.37;0.00:00:26:908;0.00;0.00;1.00;0.01526;6.199E-06;4.939E-05;0.01527;41.42;44.91;100.04;100.04;0.33;0.01526;0.01527;-6.838E-06;-18.163;-18.161;-99.990;0.50;89.81;
2026-01-08 15:33:26.42;0.00:00:26:960;0.00;0.00;1.00;0.01522;5.708E-06;4.602E-05;0.01523;41.46;44.91;100.04;100.04;0.30;0.01522;0.01523;-6.819E-06;-18.175;-18.173;-99.990;0.50;89.83;
2026-01-08 15:33:26.47;0.00:00:27:010;0.00;0.00;1.00;0.01523;6.764E-06;4.143E-05;0.01524;40.36;44.92;100.04;100.04;0.28;0.01523;0.01524;-6.412E-06;-18.173;-18.171;-99.990;0.50;89.84;
2026-01-08 15:33:26.52;0.00:00:27:060;0.00;0.00;1.00;0.01526;7.365E-06;4.425E-05;0.01527;40.28;44.92;100.05;100.05;0.29;0.01526;0.01527;-7.264E-06;-18.164;-18.162;-99.990;0.50;89.83;
2026-01-08 15:33:26.58;0.00:00:27:123;0.00;0.00;1.00;0.0153;5.991E-06;4.381E-05;0.01531;41.11;44.92;100.04;100.04;0.29;0.0153;0.01531;-6.106E-06;-18.152;-18.150;-99.990;0.50;89.84;
2026-01-08 15:33:26.63;0.00:00:27:172;0.00;0.00;1.00;0.0152;6.501E-06;4.735E-05;0.0152;41.09;44.91;100.04;100.04;0.31;0.0152;0.0152;-5.911E-06;-18.183;-18.181;-99.990;0.50;89.82;
2026-01-08 15:33:26.68;0.00:00:27:223;0.00;0.00;1.00;0.01526;3.098E-06;3.667E-05;0.01527;42.59;44.93;100.04;100.03;0.24;0.01526;0.01527;-5.372E-06;-18.164;-18.163;-99.990;0.50;89.86;
2026-01-08 15:33:26.74;0.00:00:27:275;0.00;0.00;1.00;0.01532;7.989E-06;3.59E-05;0.01533;38.73;44.93;100.04;100.04;0.24;0.01532;0.01533;-5.96E-06;-18.147;-18.146;-99.990;0.50;89.87;
2026-01-08 15:33:26.79;0.00:00:27:325;0.00;0.00;1.00;0.01541;2.902E-06;4.784E-05;0.01542;43.26;44.91;100.04;100.04;0.31;0.01541;0.01542;-6.612E-06;-18.121;-18.119;-99.990;0.50;89.82;
2026-01-08 15:33:26.84;0.00:00:27:376;0.00;0.00;1.00;0.01539;5.875E-06;3.933E-05;0.01539;40.75;44.93;100.04;100.04;0.26;0.01539;0.01539;-6.832E-06;-18.129;-18.127;-99.990;0.50;89.85;
2026-01-08 15:33:26.89;0.00:00:27:427;0.00;0.00;1.00;0.01534;3.375E-06;5.529E-05;0.01534;43.25;44.90;100.05;100.05;0.36;0.01534;0.01535;-7.27E-06;-18.142;-18.140;-99.990;0.50;89.79;
2026-01-08 15:33:26.94;0.00:00:27:479;0.00;0.00;1.00;0.01531;4.998E-06;4.325E-05;0.01532;41.70;44.92;100.04;100.04;0.28;0.01531;0.01532;-5.728E-06;-18.149;-18.147;-99.990;0.50;89.84;
2026-01-08 15:33:26.99;0.00:00:27:532;0.00;0.00;1.00;0.01529;4.351E-06;4.479E-05;0.0153;42.23;44.92;100.04;100.04;0.29;0.01529;0.0153;-6.605E-06;-18.156;-18.154;-99.990;0.50;89.83;
2026-01-08 15:33:27.04;0.00:00:27:583;0.00;0.00;1.00;0.01534;7.7E-06;4.322E-05;0.01535;39.95;44.92;100.05;100.05;0.29;0.01534;0.01535;-7.286E-06;-18.142;-18.140;-99.990;0.50;89.84;
2026-01-08 15:33:27.09;0.00:00:27:632;0.00;0.00;1.00;0.01533;6.807E-06;4.493E-05;0.01534;40.69;44.92;100.04;100.04;0.30;0.01533;0.01534;-5.994E-06;-18.145;-18.143;-99.990;0.50;89.83;
2026-01-08 15:33:27.14;0.00:00:27:683;0.00;0.00;1.00;0.01538;7.276E-06;4.574E-05;0.01539;40.48;44.91;100.04;100.04;0.30;0.01538;0.01539;-6.382E-06;-18.131;-18.129;-99.990;0.50;89.83;
2026-01-08 15:33:27.20;0.00:00:27:734;0.00;0.00;1.00;0.01542;4.97E-06;3.953E-05;0.01543;41.42;44.93;100.04;100.04;0.26;0.01542;0.01543;-5.798E-06;-18.119;-18.117;-99.990;0.50;89.85;
2026-01-08 15:33:27.25;0.00:00:27:785;0.00;0.00;1.00;0.01533;7.563E-06;5.023E-05;0.01534;40.72;44.91;100.04;100.04;0.33;0.01533;0.01534;-6.593E-06;-18.144;-18.142;-99.990;0.50;89.81;
2026-01-08 15:33:27.30;0.00:00:27:836;0.00;0.00;1.00;0.01528;6.396E-06;4.697E-05;0.01529;41.12;44.91;100.04;100.04;0.31;0.01528;0.01529;-6.587E-06;-18.158;-18.156;-99.990;0.50;89.82;
2026-01-08 15:33:27.35;0.00:00:27:887;0.00;0.00;1.00;0.01536;5.305E-06;4.086E-05;0.01536;41.30;44.92;100.04;100.04;0.27;0.01536;0.01536;-6.572E-06;-18.137;-18.135;-99.990;0.50;89.85;
2026-01-08 15:33:27.40;0.00:00:27:939;0.00;0.00;1.00;0.01532;4.343E-06;4.3E-05;0.01533;42.12;44.92;100.04;100.04;0.28;0.01532;0.01533;-6.189E-06;-18.148;-18.146;-99.990;0.50;89.84;
2026-01-08 15:33:27.45;0.00:00:27:988;0.00;0.00;1.00;0.01524;6.877E-06;5.085E-05;0.01525;41.15;44.90;100.05;100.05;0.34;0.01524;0.01525;-7.208E-06;-18.171;-18.169;-99.990;0.50;89.81;
2026-01-08 15:33:27.50;0.00:00:28:039;0.00;0.00;1.00;0.01522;4.779E-06;4.31E-05;0.01522;41.84;44.92;100.04;100.04;0.28;0.01522;0.01522;-6.772E-06;-18.176;-18.174;-99.990;0.50;89.84;
2026-01-08 15:33:27.55;0.00:00:28:090;0.00;0.00;1.00;0.01523;7.391E-06;4.21E-05;0.01523;40.02;44.92;100.04;100.04;0.28;0.01523;0.01523;-6.334E-06;-18.174;-18.172;-99.990;0.50;89.84;
2026-01-08 15:33:27.60;0.00:00:28:143;0.00;0.00;1.00;0.01525;8.047E-06;4.257E-05;0.01526;39.65;44.92;100.04;100.04;0.28;0.01525;0.01526;-6.009E-06;-18.167;-18.165;-99.990;0.50;89.84;
2026-01-08 15:33:27.65;0.00:00:28:193;0.00;0.00;1.00;0.0153;6.313E-06;4.132E-05;0.0153;40.66;44.92;100.05;100.05;0.27;0.0153;0.0153;-6.99E-06;-18.154;-18.152;-99.990;0.50;89.85;
2026-01-08 15:33:27.71;0.00:00:28:245;0.00;0.00;1.00;0.01528;8.274E-06;4.359E-05;0.01528;39.63;44.92;100.05;100.05;0.29;0.01528;0.01528;-7.256E-06;-18.160;-18.158;-99.990;0.50;89.84;
2026-01-08 15:33:27.76;0.00:00:28:295;0.00;0.00;1.00;0.01528;8.091E-06;4.27E-05;0.01529;39.64;44.92;100.05;100.05;0.28;0.01528;0.01529;-7.288E-06;-18.159;-18.157;-99.990;0.50;89.84;
2026-01-08 15:33:27.81;0.00:00:28:346;0.00;0.00;1.00;0.01532;6.037E-06;4.539E-05;0.01532;41.21;44.91;100.04;100.04;0.30;0.01532;0.01532;-6.877E-06;-18.148;-18.146;-99.990;0.50;89.83;
2026-01-08 15:33:27.86;0.00:00:28:396;0.00;0.00;1.00;0.01529;6.687E-06;4.487E-05;0.01529;40.76;44.92;100.04;100.04;0.30;0.01529;0.01529;-6.818E-06;-18.157;-18.155;-99.990;0.50;89.83;
2026-01-08 15:33:27.91;0.00:00:28:448;0.00;0.00;1.00;0.01534;5.613E-06;4.265E-05;0.01535;41.25;44.92;100.04;100.04;0.28;0.01534;0.01535;-6.412E-06;-18.142;-18.140;-99.990;0.50;89.84;
2026-01-08 15:33:27.96;0.00:00:28:499;0.00;0.00;1.00;0.01534;7.613E-06;4.545E-05;0.01535;40.25;44.91;100.05;100.05;0.30;0.01534;0.01535;-7.825E-06;-18.141;-18.138;-99.990;0.50;89.83;
2026-01-08 15:33:28.01;0.00:00:28:550;0.00;0.00;1.00;0.0153;6.348E-06;4.64E-05;0.0153;41.10;44.91;100.04;100.04;0.31;0.0153;0.0153;-6.348E-06;-18.154;-18.152;-99.990;0.50;89.83;
2026-01-08 15:33:28.06;0.00:00:28:602;0.00;0.00;1.00;0.0153;7.369E-06;4.288E-05;0.01531;40.12;44.92;100.05;100.04;0.28;0.0153;0.01531;-6.9E-06;-18.153;-18.151;-99.990;0.50;89.84;
2026-01-08 15:33:28.11;0.00:00:28:652;0.00;0.00;1.00;0.01531;7.215E-06;4.33E-05;0.01532;40.27;44.92;100.04;100.04;0.29;0.01531;0.01532;-6.598E-06;-18.150;-18.149;-99.990;0.50;89.84;
2026-01-08 15:33:28.16;0.00:00:28:703;0.00;0.00;1.00;0.0153;7.559E-06;4.44E-05;0.01531;40.17;44.92;100.05;100.05;0.29;0.0153;0.01531;-7.497E-06;-18.153;-18.151;-99.990;0.50;89.83;
2026-01-08 15:33:28.22;0.00:00:28:755;0.00;0.00;1.00;0.01528;6.595E-06;4.466E-05;0.01529;40.80;44.92;100.05;100.05;0.30;0.01528;0.01529;-7.381E-06;-18.158;-18.156;-99.990;0.50;89.83;
2026-01-08 15:33:28.27;0.00:00:28:806;0.00;0.00;1.00;0.01529;9.096E-06;4.136E-05;0.0153;38.80;44.92;100.05;100.05;0.28;0.01529;0.0153;-6.972E-06;-18.156;-18.154;-99.990;0.50;89.85;
2026-01-08 15:33:28.32;0.00:00:28:856;0.00;0.00;1.00;0.01536;4.526E-06;4.799E-05;0.01537;42.31;44.91;100.05;100.04;0.31;0.01536;0.01537;-6.942E-06;-18.136;-18.134;-99.990;0.50;89.82;
2026-01-08 15:33:28.37;0.00:00:28:908;0.00;0.00;1.00;0.01529;8.265E-06;4.396E-05;0.0153;39.68;44.92;100.05;100.05;0.29;0.01529;0.0153;-6.959E-06;-18.155;-18.153;-99.990;0.50;89.84;
2026-01-08 15:33:28.42;0.00:00:28:961;0.00;0.00;1.00;0.01533;5.138E-06;4.495E-05;0.01533;41.74;44.92;100.04;100.04;0.30;0.01533;0.01533;-6.607E-06;-18.145;-18.143;-99.990;0.50;89.83;
2026-01-08 15:33:28.47;0.00:00:29:012;0.00;0.00;1.00;0.0153;6E-06;4.411E-05;0.0153;41.13;44.92;100.04;100.04;0.29;0.0153;0.0153;-6.287E-06;-18.154;-18.152;-99.990;0.50;89.83;
2026-01-08 15:33:28.52;0.00:00:29:061;0.00;0.00;1.00;0.01531;6.118E-06;4.578E-05;0.01532;41.19;44.91;100.04;100.04;0.30;0.01531;0.01532;-6.554E-06;-18.150;-18.148;-99.990;0.50;89.83;
2026-01-08 15:33:28.58;0.00:00:29:114;0.00;0.00;1.00;0.0153;5.461E-06;4.239E-05;0.0153;41.33;44.92;100.04;100.04;0.28;0.0153;0.0153;-6.027E-06;-18.154;-18.153;-99.990;0.50;89.84;
2026-01-08 15:33:28.63;0.00:00:29:164;0.00;0.00;1.00;0.01529;5.762E-06;4.381E-05;0.01529;41.25;44.92;100.04;100.04;0.29;0.01529;0.01529;-6.069E-06;-18.157;-18.155;-99.990;0.50;89.84;
2026-01-08 15:33:28.68;0.00:00:29:215;0.00;0.00;1.00;0.01534;7.057E-06;5.012E-05;0.01535;40.99;44.91;100.04;100.04;0.33;0.01534;0.01535;-6.811E-06;-18.142;-18.140;-99.990;0.50;89.81;
2026-01-08 15:33:28.73;0.00:00:29:265;0.00;0.00;1.00;0.0153;7.178E-06;4.479E-05;0.01531;40.45;44.92;100.04;100.04;0.30;0.0153;0.01531;-6.319E-06;-18.153;-18.151;-99.990;0.50;89.83;
2026-01-08 15:33:28.78;0.00:00:29:316;0.00;0.00;1.00;0.01531;4.485E-06;4.612E-05;0.01532;42.22;44.91;100.04;100.04;0.30;0.01531;0.01532;-5.756E-06;-18.150;-18.149;-99.990;0.50;89.83;
2026-01-08 15:33:28.83;0.00:00:29:367;0.00;0.00;1.00;0.01525;9.611E-06;4.101E-05;0.01526;38.41;44.92;100.04;100.04;0.28;0.01525;0.01526;-5.841E-06;-18.167;-18.166;-99.990;0.50;89.85;
2026-01-08 15:33:28.88;0.00:00:29:419;0.00;0.00;1.00;0.01531;7.776E-06;3.978E-05;0.01531;39.47;44.92;100.04;100.04;0.26;0.01531;0.01531;-5.908E-06;-18.152;-18.150;-99.990;0.50;89.85;
2026-01-08 15:33:28.93;0.00:00:29:469;0.00;0.00;1.00;0.01535;3.696E-06;4.767E-05;0.01536;42.78;44.91;100.04;100.04;0.31;0.01535;0.01536;-6.418E-06;-18.138;-18.136;-99.990;0.50;89.82;
2026-01-08 15:33:28.98;0.00:00:29:522;0.00;0.00;1.00;0.01537;5.362E-06;4.644E-05;0.01538;41.71;44.91;100.05;100.04;0.30;0.01537;0.01538;-6.933E-06;-18.132;-18.131;-99.990;0.50;89.83;
2026-01-08 15:33:29.03;0.00:00:29:572;0.00;0.00;1.00;0.01528;7.512E-06;4.818E-05;0.01529;40.57;44.91;100.04;100.04;0.32;0.01528;0.01529;-5.93E-06;-18.158;-18.156;-99.990;0.50;89.82;
2026-01-08 15:33:29.09;0.00:00:29:633;0.00;0.00;1.00;0.01534;6.056E-06;4.306E-05;0.01534;41.00;44.92;100.04;100.04;0.28;0.01534;0.01534;-6.181E-06;-18.143;-18.141;-99.990;0.50;89.84;
2026-01-08 15:33:29.15;0.00:00:29:685;0.00;0.00;1.00;0.01533;7.144E-06;4.073E-05;0.01534;40.03;44.92;100.04;100.04;0.27;0.01533;0.01534;-6.868E-06;-18.144;-18.142;-99.990;0.50;89.85;
2026-01-08 15:33:29.20;0.00:00:29:735;0.00;0.00;1.00;0.01537;5.94E-06;4.47E-05;0.01538;41.22;44.92;100.04;100.04;0.29;0.01537;0.01538;-6.624E-06;-18.134;-18.132;-99.990;0.50;89.83;
2026-01-08 15:33:29.25;0.00:00:29:786;0.00;0.00;1.00;0.01519;5.382E-06;4.533E-05;0.01519;41.61;44.91;100.04;100.04;0.30;0.01519;0.01519;-5.529E-06;-18.185;-18.183;-99.990;0.50;89.83;
2026-01-08 15:33:29.30;0.00:00:29:837;0.00;0.00;1.00;0.01522;4.735E-06;4.218E-05;0.01523;41.80;44.92;100.04;100.04;0.28;0.01522;0.01523;-6.531E-06;-18.175;-18.173;-99.990;0.50;89.84;
2026-01-08 15:33:29.36;0.00:00:29:899;0.00;0.00;1.00;0.01526;6.911E-06;4.208E-05;0.01527;40.34;44.92;100.04;100.04;0.28;0.01526;0.01527;-6.592E-06;-18.165;-18.163;-99.990;0.50;89.84;
2026-01-08 15:33:29.41;0.00:00:29:951;0.00;0.00;1.00;0.01526;6.972E-06;4.631E-05;0.01527;40.72;44.91;100.05;100.05;0.31;0.01526;0.01527;-7.264E-06;-18.164;-18.162;-99.990;0.50;89.83;
2026-01-08 15:33:29.47;0.00:00:30:005;0.00;0.00;1.00;0.01525;6.093E-06;4.403E-05;0.01526;41.06;44.92;100.05;100.04;0.29;0.01525;0.01526;-6.893E-06;-18.167;-18.165;-99.990;0.50;89.83;
2026-01-08 15:33:29.52;0.00:00:30:054;0.00;0.00;1.00;0.01534;6.93E-06;4.071E-05;0.01534;40.17;44.92;100.04;100.04;0.27;0.01534;0.01534;-6.165E-06;-18.143;-18.141;-99.990;0.50;89.85;
2026-01-08 15:33:29.57;0.00:00:30:105;0.00;0.00;1.00;0.01536;5.783E-06;4.389E-05;0.01537;41.25;44.92;100.04;100.04;0.29;0.01536;0.01537;-6.422E-06;-18.135;-18.133;-99.990;0.50;89.84;
2026-01-08 15:33:29.62;0.00:00:30:155;0.00;0.00;1.00;0.01536;6.703E-06;4.358E-05;0.01536;40.63;44.92;100.05;100.05;0.29;0.01536;0.01536;-7.355E-06;-18.137;-18.135;-99.990;0.50;89.84;
2026-01-08 15:33:29.67;0.00:00:30:207;0.00;0.00;1.00;0.01537;5.581E-06;4.256E-05;0.01537;41.26;44.92;100.04;100.04;0.28;0.01537;0.01537;-6.408E-06;-18.134;-18.133;-99.990;0.50;89.84;
2026-01-08 15:33:29.72;0.00:00:30:256;0.00;0.00;1.00;0.01535;6.7E-06;4.572E-05;0.01535;40.83;44.91;100.04;100.04;0.30;0.01535;0.01535;-6.139E-06;-18.140;-18.138;-99.990;0.50;89.83;
2026-01-08 15:33:29.77;0.00:00:30:308;0.00;0.00;1.00;0.01536;6.13E-06;4.122E-05;0.01537;40.77;44.92;100.04;100.04;0.27;0.01536;0.01537;-5.761E-06;-18.135;-18.134;-99.990;0.50;89.85;
2026-01-08 15:33:29.82;0.00:00:30:359;0.00;0.00;1.00;0.01532;5.632E-06;4.568E-05;0.01533;41.49;44.91;100.04;100.04;0.30;0.01532;0.01533;-5.961E-06;-18.146;-18.145;-99.990;0.50;89.83;
2026-01-08 15:33:29.87;0.00:00:30:411;0.00;0.00;1.00;0.01527;6.271E-06;4.505E-05;0.01528;41.04;44.91;100.04;100.04;0.30;0.01527;0.01528;-6.354E-06;-18.161;-18.159;-99.990;0.50;89.83;
2026-01-08 15:33:29.92;0.00:00:30:463;0.00;0.00;1.00;0.01527;7.062E-06;4.305E-05;0.01528;40.34;44.92;100.04;100.04;0.29;0.01527;0.01528;-6.628E-06;-18.161;-18.159;-99.990;0.50;89.84;
2026-01-08 15:33:29.97;0.00:00:30:512;0.00;0.00;1.00;0.01531;6.3E-06;4.306E-05;0.01532;40.84;44.92;100.04;100.04;0.28;0.01531;0.01532;-6.784E-06;-18.149;-18.147;-99.990;0.50;89.84;
2026-01-08 15:33:30.03;0.00:00:30:564;0.00;0.00;1.00;0.01538;6.272E-06;4.418E-05;0.01538;40.96;44.92;100.04;100.04;0.29;0.01538;0.01538;-5.904E-06;-18.132;-18.130;-99.990;0.50;89.84;
2026-01-08 15:33:30.08;0.00:00:30:615;0.00;0.00;1.00;0.01535;6.938E-06;4.517E-05;0.01535;40.63;44.91;100.04;100.04;0.30;0.01535;0.01535;-6.614E-06;-18.140;-18.138;-99.990;0.50;89.83;
2026-01-08 15:33:30.13;0.00:00:30:666;0.00;0.00;1.00;0.01535;3.605E-06;4.515E-05;0.01536;42.72;44.92;100.04;100.04;0.29;0.01535;0.01536;-5.65E-06;-18.138;-18.136;-99.990;0.50;89.83;
2026-01-08 15:33:30.18;0.00:00:30:723;0.00;0.00;1.00;0.01537;7.189E-06;4.475E-05;0.01537;40.44;44.92;100.04;100.04;0.29;0.01537;0.01537;-6.147E-06;-18.134;-18.132;-99.990;0.50;89.83;
2026-01-08 15:33:30.23;0.00:00:30:770;0.00;0.00;1.00;0.01536;7.719E-06;4.688E-05;0.01536;40.32;44.91;100.04;100.04;0.31;0.01536;0.01536;-6.741E-06;-18.137;-18.136;-99.990;0.50;89.83;
2026-01-08 15:33:30.28;0.00:00:30:819;0.00;0.00;1.00;0.01532;6.448E-06;4.27E-05;0.01533;40.71;44.92;100.04;100.04;0.28;0.01532;0.01533;-6.788E-06;-18.146;-18.144;-99.990;0.50;89.84;
2026-01-08 15:33:30.33;0.00:00:30:864;0.00;0.00;1.00;0.01532;9.828E-06;4.344E-05;0.01533;38.63;44.92;100.04;100.04;0.29;0.01532;0.01533;-6.864E-06;-18.147;-18.145;-99.990;0.50;89.84;
2026-01-08 15:33:30.37;0.00:00:30:910;0.00;0.00;1.00;0.01533;5.589E-06;4.32E-05;0.01534;41.31;44.92;100.04;100.04;0.28;0.01533;0.01534;-6.362E-06;-18.145;-18.143;-99.990;0.50;89.84;
2026-01-08 15:33:30.42;0.00:00:30:958;0.00;0.00;1.00;0.0153;7.102E-06;4.478E-05;0.01531;40.49;44.92;100.04;100.04;0.30;0.0153;0.01531;-6.749E-06;-18.152;-18.150;-99.990;0.50;89.83;
2026-01-08 15:33:30.47;0.00:00:31:004;0.00;0.00;1.00;0.01531;7.208E-06;4.308E-05;0.01531;40.25;44.92;100.04;100.04;0.29;0.01531;0.01531;-6.75E-06;-18.151;-18.150;-99.990;0.50;89.84;
2026-01-08 15:33:30.51;0.00:00:31:053;0.00;0.00;1.00;0.01536;6.309E-06;4.288E-05;0.01537;40.82;44.92;100.04;100.04;0.28;0.01536;0.01537;-6.389E-06;-18.136;-18.135;-99.990;0.50;89.84;
2026-01-08 15:33:30.58;0.00:00:31:115;0.00;0.00;1.00;0.01533;7.75E-06;4.675E-05;0.01533;40.29;44.91;100.04;100.04;0.31;0.01533;0.01533;-6.406E-06;-18.146;-18.144;-99.990;0.50;89.83;
2026-01-08 15:33:30.62;0.00:00:31:162;0.00;0.00;1.00;0.01531;6.956E-06;4.416E-05;0.01532;40.52;44.92;100.04;100.04;0.29;0.01531;0.01532;-6.583E-06;-18.151;-18.149;-99.990;0.50;89.83;
2026-01-08 15:33:30.67;0.00:00:31:209;0.00;0.00;1.00;0.01531;4.951E-06;4.612E-05;0.01531;41.94;44.91;100.04;100.04;0.30;0.01531;0.01531;-5.479E-06;-18.151;-18.150;-99.990;0.50;89.83;
2026-01-08 15:33:30.72;0.00:00:31:255;0.00;0.00;1.00;0.0153;6.56E-06;4.664E-05;0.01531;41.00;44.91;100.04;100.04;0.31;0.0153;0.01531;-6.854E-06;-18.153;-18.151;-99.990;0.50;89.83;
2026-01-08 15:33:30.76;0.00:00:31:302;0.00;0.00;1.00;0.0153;6.734E-06;4.324E-05;0.0153;40.57;44.92;100.04;100.04;0.29;0.0153;0.0153;-6.409E-06;-18.154;-18.153;-99.990;0.50;89.84;
2026-01-08 15:33:30.81;0.00:00:31:347;0.00;0.00;1.00;0.01531;7.935E-06;4.349E-05;0.01531;39.83;44.92;100.04;100.04;0.29;0.01531;0.01531;-6.827E-06;-18.151;-18.149;-99.990;0.50;89.84;
2026-01-08 15:33:30.86;0.00:00:31:395;0.00;0.00;1.00;0.01531;7.772E-06;4.712E-05;0.01532;40.32;44.91;100.05;100.05;0.31;0.01531;0.01532;-6.981E-06;-18.150;-18.148;-99.990;0.50;89.82;
2026-01-08 15:33:30.90;0.00:00:31:441;0.00;0.00;1.00;0.01532;8.579E-06;4.123E-05;0.01533;39.12;44.92;100.05;100.05;0.27;0.01532;0.01533;-7.202E-06;-18.146;-18.144;-99.990;0.50;89.85;
2026-01-08 15:33:30.95;0.00:00:31:489;0.00;0.00;1.00;0.01535;8.244E-06;4.679E-05;0.01536;40.00;44.91;100.05;100.05;0.31;0.01535;0.01536;-7.215E-06;-18.138;-18.136;-99.990;0.50;89.83;
2026-01-08 15:33:31.01;0.00:00:31:550;0.00;0.00;1.00;0.01533;5.522E-06;4.961E-05;0.01533;41.82;44.91;100.05;100.04;0.33;0.01533;0.01533;-6.973E-06;-18.146;-18.144;-99.990;0.50;89.81;
2026-01-08 15:33:31.06;0.00:00:31:597;0.00;0.00;1.00;0.01533;5.734E-06;4.715E-05;0.01534;41.53;44.91;100.04;100.04;0.31;0.01533;0.01534;-6.208E-06;-18.145;-18.143;-99.990;0.50;89.82;
2026-01-08 15:33:31.10;0.00:00:31:644;0.00;0.00;1.00;0.01533;7.411E-06;4.481E-05;0.01533;40.30;44.92;100.05;100.05;0.30;0.01533;0.01533;-7.127E-06;-18.145;-18.143;-99.990;0.50;89.83;
2026-01-08 15:33:31.15;0.00:00:31:691;0.00;0.00;1.00;0.01536;5.875E-06;4.51E-05;0.01537;41.29;44.92;100.04;100.04;0.30;0.01536;0.01537;-6.267E-06;-18.136;-18.134;-99.990;0.50;89.83;
2026-01-08 15:33:31.20;0.00:00:31:737;0.00;0.00;1.00;0.01538;5.02E-06;4.362E-05;0.01538;41.72;44.92;100.04;100.04;0.29;0.01538;0.01538;-6.351E-06;-18.131;-18.129;-99.990;0.50;89.84;
2026-01-08 15:33:31.24;0.00:00:31:783;0.00;0.00;1.00;0.01535;8.009E-06;4.589E-05;0.01536;40.05;44.91;100.05;100.05;0.30;0.01535;0.01536;-7.277E-06;-18.138;-18.136;-99.990;0.50;89.83;
2026-01-08 15:33:31.29;0.00:00:31:830;0.00;0.00;1.00;0.01533;6.711E-06;4.471E-05;0.01533;40.73;44.92;100.05;100.05;0.29;0.01533;0.01533;-6.989E-06;-18.145;-18.143;-99.990;0.50;89.83;
2026-01-08 15:33:31.34;0.00:00:31:877;0.00;0.00;1.00;0.0153;5.844E-06;4.578E-05;0.01531;41.36;44.91;100.04;100.04;0.30;0.0153;0.01531;-6.747E-06;-18.153;-18.151;-99.990;0.50;89.83;
2026-01-08 15:33:31.39;0.00:00:31:924;0.00;0.00;1.00;0.01532;7.233E-06;4.358E-05;0.01533;40.29;44.92;100.05;100.04;0.29;0.01532;0.01533;-6.957E-06;-18.146;-18.144;-99.990;0.50;89.84;
2026-01-08 15:33:31.43;0.00:00:31:971;0.00;0.00;1.00;0.01534;7.796E-06;4.292E-05;0.01534;39.85;44.92;100.04;100.04;0.28;0.01534;0.01534;-6.657E-06;-18.142;-18.141;-99.990;0.50;89.84;
2026-01-08 15:33:31.48;0.00:00:32:017;0.00;0.00;1.00;0.01533;4.991E-06;4.491E-05;0.01534;41.83;44.92;100.04;100.04;0.29;0.01533;0.01534;-6.301E-06;-18.144;-18.142;-99.990;0.50;89.83;
2026-01-08 15:33:31.54;0.00:00:32:079;0.00;0.00;1.00;0.0153;5.737E-06;4.345E-05;0.01531;41.24;44.92;100.04;100.04;0.29;0.0153;0.01531;-5.877E-06;-18.152;-18.150;-99.990;0.50;89.84;
2026-01-08 15:33:31.59;0.00:00:32:125;0.00;0.00;1.00;0.01529;6.357E-06;4.398E-05;0.01529;40.89;44.92;100.04;100.04;0.29;0.01529;0.01529;-6.726E-06;-18.157;-18.155;-99.990;0.50;89.84;
2026-01-08 15:33:31.63;0.00:00:32:174;0.00;0.00;1.00;0.01528;7.022E-06;4.361E-05;0.01529;40.43;44.92;100.04;100.04;0.29;0.01528;0.01529;-6.205E-06;-18.158;-18.156;-99.990;0.50;89.84;
2026-01-08 15:33:31.68;0.00:00:32:219;0.00;0.00;1.00;0.0153;7.795E-06;4.36E-05;0.01531;39.93;44.92;100.05;100.05;0.29;0.0153;0.01531;-6.977E-06;-18.153;-18.151;-99.990;0.50;89.84;
2026-01-08 15:33:31.73;0.00:00:32:265;0.00;0.00;1.00;0.01532;5.093E-06;4.26E-05;0.01532;41.59;44.92;100.04;100.04;0.28;0.01532;0.01532;-5.637E-06;-18.148;-18.147;-99.990;0.50;89.84;
2026-01-08 15:33:31.79;0.00:00:32:326;0.00;0.00;1.00;0.01531;6.522E-06;4.273E-05;0.01532;40.66;44.92;100.04;100.04;0.28;0.01531;0.01532;-6.538E-06;-18.150;-18.148;-99.990;0.50;89.84;
2026-01-08 15:33:31.83;0.00:00:32:372;0.00;0.00;1.00;0.01532;7.653E-06;4.334E-05;0.01533;39.99;44.92;100.05;100.05;0.29;0.01532;0.01533;-6.985E-06;-18.148;-18.146;-99.990;0.50;89.84;
2026-01-08 15:33:31.88;0.00:00:32:419;0.00;0.00;1.00;0.01531;6.234E-06;4.446E-05;0.01531;41.01;44.92;100.04;100.04;0.29;0.01531;0.01531;-6.796E-06;-18.152;-18.150;-99.990;0.50;89.83;
2026-01-08 15:33:31.93;0.00:00:32:466;0.00;0.00;1.00;0.01531;5.273E-06;4.339E-05;0.01531;41.54;44.92;100.04;100.04;0.29;0.01531;0.01531;-6.352E-06;-18.152;-18.150;-99.990;0.50;89.84;
2026-01-08 15:33:31.97;0.00:00:32:512;0.00;0.00;1.00;0.01526;6.714E-06;4.432E-05;0.01526;40.69;44.92;100.04;100.04;0.29;0.01526;0.01526;-6.302E-06;-18.165;-18.163;-99.990;0.50;89.83;
2026-01-08 15:33:32.02;0.00:00:32:560;0.00;0.00;1.00;0.01525;6.397E-06;4.22E-05;0.01526;40.69;44.92;100.04;100.04;0.28;0.01525;0.01526;-6.315E-06;-18.166;-18.164;-99.990;0.50;89.84;
2026-01-08 15:33:32.07;0.00:00:32:606;0.00;0.00;1.00;0.0153;2.728E-06;4.496E-05;0.0153;43.26;44.92;100.04;100.04;0.29;0.0153;0.0153;-6.776E-06;-18.154;-18.152;-99.990;0.50;89.83;
2026-01-08 15:33:32.11;0.00:00:32:653;0.00;0.00;1.00;0.01531;1.016E-05;3.304E-05;0.01531;36.45;44.94;100.04;100.04;0.23;0.01531;0.01531;-6.888E-06;-18.151;-18.149;-99.990;0.50;89.88;
2026-01-08 15:33:32.16;0.00:00:32:700;0.00;0.00;1.00;0.01536;4.737E-06;4.254E-05;0.01536;41.82;44.92;100.04;100.03;0.28;0.01536;0.01536;-5.42E-06;-18.137;-18.136;-99.990;0.50;89.84;
2026-01-08 15:33:32.21;0.00:00:32:745;0.00;0.00;1.00;0.01529;5.464E-06;4.54E-05;0.01529;41.57;44.91;100.04;100.04;0.30;0.01529;0.01529;-6.252E-06;-18.157;-18.155;-99.990;0.50;89.83;
2026-01-08 15:33:32.26;0.00:00:32:796;0.00;0.00;1.00;0.0153;5.823E-06;4.195E-05;0.0153;41.05;44.92;100.04;100.04;0.28;0.0153;0.0153;-6.516E-06;-18.154;-18.153;-99.990;0.50;89.84;
2026-01-08 15:33:32.31;0.00:00:32:848;0.00;0.00;1.00;0.0153;7.659E-06;4.539E-05;0.01531;40.21;44.91;100.05;100.05;0.30;0.0153;0.01531;-6.961E-06;-18.153;-18.151;-99.990;0.50;89.83;
2026-01-08 15:33:32.36;0.00:00:32:898;0.00;0.00;1.00;0.01533;6.12E-06;4.712E-05;0.01533;41.30;44.91;100.04;100.04;0.31;0.01533;0.01533;-5.747E-06;-18.146;-18.144;-99.990;0.50;89.82;
2026-01-08 15:33:32.41;0.00:00:32:951;0.00;0.00;1.00;0.0153;5.667E-06;4.372E-05;0.01531;41.31;44.92;100.04;100.04;0.29;0.0153;0.01531;-6.106E-06;-18.152;-18.150;-99.990;0.50;89.84;
2026-01-08 15:33:32.46;0.00:00:33:000;0.00;0.00;1.00;0.01529;4.781E-06;4.558E-05;0.01529;42.01;44.91;100.04;100.04;0.30;0.01529;0.01529;-6.589E-06;-18.156;-18.155;-99.990;0.50;89.83;
2026-01-08 15:33:32.51;0.00:00:33:052;0.00;0.00;1.00;0.01525;6.609E-06;4.537E-05;0.01525;40.86;44.91;100.05;100.05;0.30;0.01525;0.01525;-6.967E-06;-18.168;-18.166;-99.990;0.50;89.83;
2026-01-08 15:33:32.56;0.00:00:33:101;0.00;0.00;1.00;0.01523;8.03E-06;3.975E-05;0.01524;39.29;44.92;100.04;100.04;0.27;0.01523;0.01524;-6.322E-06;-18.172;-18.170;-99.990;0.50;89.85;
2026-01-08 15:33:32.61;0.00:00:33:153;0.00;0.00;1.00;0.01542;4.873E-06;3.237E-05;0.01543;40.72;44.94;100.04;100.04;0.21;0.01542;0.01543;-6.77E-06;-18.119;-18.117;-99.990;0.50;89.88;
2026-01-08 15:33:32.66;0.00:00:33:203;0.00;0.00;1.00;0.01535;9.976E-06;4.332E-05;0.01536;38.52;44.92;100.04;100.04;0.29;0.01535;0.01536;-6.6E-06;-18.139;-18.137;-99.990;0.50;89.84;
2026-01-08 15:33:32.72;0.00:00:33:255;0.00;0.00;1.00;0.01539;5.875E-06;4.485E-05;0.0154;41.27;44.92;100.05;100.05;0.29;0.01539;0.0154;-7.372E-06;-18.127;-18.125;-99.990;0.50;89.83;
2026-01-08 15:33:32.77;0.00:00:33:305;0.00;0.00;1.00;0.01533;6.128E-06;4.436E-05;0.01533;41.07;44.92;100.04;100.04;0.29;0.01533;0.01533;-6.361E-06;-18.145;-18.144;-99.990;0.50;89.83;
2026-01-08 15:33:32.82;0.00:00:33:355;0.00;0.00;1.00;0.01526;1.088E-05;4.704E-05;0.01527;38.49;44.91;100.05;100.05;0.32;0.01526;0.01527;-7.51E-06;-18.163;-18.161;-99.990;0.50;89.82;
2026-01-08 15:33:32.87;0.00:00:33:407;0.00;0.00;1.00;0.0153;5.868E-06;3.494E-05;0.01531;40.23;44.93;100.05;100.04;0.23;0.0153;0.01531;-6.917E-06;-18.152;-18.150;-99.990;0.50;89.87;
2026-01-08 15:33:32.92;0.00:00:33:459;0.00;0.00;1.00;0.01531;8.505E-06;4.784E-05;0.01532;39.96;44.91;100.04;100.04;0.32;0.01531;0.01532;-6.323E-06;-18.150;-18.148;-99.990;0.50;89.82;
2026-01-08 15:33:32.97;0.00:00:33:508;0.00;0.00;1.00;0.01522;6.823E-06;4.993E-05;0.01523;41.11;44.91;100.04;100.04;0.33;0.01522;0.01523;-6.362E-06;-18.176;-18.174;-99.990;0.50;89.81;
2026-01-08 15:33:33.02;0.00:00:33:560;0.00;0.00;1.00;0.01515;7.183E-06;4.402E-05;0.01516;40.37;44.92;100.04;100.04;0.29;0.01515;0.01516;-5.955E-06;-18.195;-18.193;-99.990;0.50;89.83;
2026-01-08 15:33:33.07;0.00:00:33:611;0.00;0.00;1.00;0.01532;1.061E-05;4.77E-05;0.01532;38.73;44.91;100.04;100.04;0.32;0.01532;0.01532;-6.02E-06;-18.148;-18.146;-99.990;0.50;89.82;
2026-01-08 15:33:33.12;0.00:00:33:662;0.00;0.00;1.00;0.01529;7.064E-06;4.867E-05;0.0153;40.87;44.91;100.04;100.04;0.32;0.01529;0.0153;-6.837E-06;-18.155;-18.153;-99.990;0.50;89.82;
2026-01-08 15:33:33.18;0.00:00:33:714;0.00;0.00;1.00;0.01523;3.464E-06;5.369E-05;0.01524;43.15;44.90;100.04;100.04;0.35;0.01523;0.01524;-6.61E-06;-18.173;-18.171;-99.990;0.50;89.80;
2026-01-08 15:33:33.23;0.00:00:33:766;0.00;0.00;1.00;0.0153;7.027E-06;3.112E-05;0.0153;38.64;44.94;100.04;100.04;0.21;0.0153;0.0153;-6.471E-06;-18.154;-18.152;-99.990;0.50;89.88;
2026-01-08 15:33:33.28;0.00:00:33:815;0.00;0.00;1.00;0.0154;3.124E-06;5.049E-05;0.01541;43.23;44.91;100.04;100.04;0.33;0.0154;0.01541;-6.669E-06;-18.124;-18.122;-99.990;0.50;89.81;
2026-01-08 15:33:33.33;0.00:00:33:866;0.00;0.00;1.00;0.01523;8.801E-06;4.087E-05;0.01524;38.92;44.92;100.05;100.05;0.27;0.01523;0.01524;-7.935E-06;-18.173;-18.171;-99.990;0.50;89.85;
2026-01-08 15:33:33.38;0.00:00:33:916;0.00;0.00;1.00;0.01528;6.508E-06;4.266E-05;0.01528;40.66;44.92;100.05;100.05;0.28;0.01528;0.01528;-7.134E-06;-18.160;-18.158;-99.990;0.50;89.84;
2026-01-08 15:33:33.43;0.00:00:33:969;0.00;0.00;1.00;0.01515;9.528E-06;4.384E-05;0.01515;38.87;44.92;100.04;100.04;0.30;0.01515;0.01515;-6.68E-06;-18.197;-18.195;-99.990;0.50;89.83;
2026-01-08 15:33:33.48;0.00:00:34:018;0.00;0.00;1.00;0.0152;5.802E-06;4E-05;0.01521;40.87;44.92;100.04;100.04;0.27;0.0152;0.01521;-6.036E-06;-18.180;-18.179;-99.990;0.50;89.85;
2026-01-08 15:33:33.53;0.00:00:34:069;0.00;0.00;1.00;0.01533;4.895E-06;4.687E-05;0.01534;42.02;44.91;100.04;100.04;0.31;0.01533;0.01534;-6.808E-06;-18.144;-18.142;-99.990;0.50;89.82;
2026-01-08 15:33:33.58;0.00:00:34:120;0.00;0.00;1.00;0.01527;8.779E-06;4.581E-05;0.01528;39.58;44.91;100.05;100.05;0.31;0.01527;0.01528;-7.178E-06;-18.161;-18.159;-99.990;0.50;89.83;
2026-01-08 15:33:33.63;0.00:00:34:172;0.00;0.00;1.00;0.0154;3.684E-06;4.905E-05;0.01541;42.85;44.91;100.04;100.04;0.32;0.0154;0.01541;-6.683E-06;-18.125;-18.123;-99.990;0.50;89.82;
2026-01-08 15:33:33.68;0.00:00:34:223;0.00;0.00;1.00;0.01528;6.778E-06;4.934E-05;0.01528;41.09;44.91;100.04;100.04;0.33;0.01528;0.01528;-6.203E-06;-18.159;-18.157;-99.990;0.50;89.82;
2026-01-08 15:33:33.73;0.00:00:34:272;0.00;0.00;1.00;0.01531;6.38E-06;3.904E-05;0.01532;40.36;44.93;100.04;100.04;0.26;0.01531;0.01532;-6.89E-06;-18.150;-18.148;-99.990;0.50;89.85;
2026-01-08 15:33:33.78;0.00:00:34:323;0.00;0.00;1.00;0.01534;8.709E-06;4.327E-05;0.01535;39.31;44.92;100.04;100.04;0.29;0.01534;0.01535;-6.397E-06;-18.142;-18.140;-99.990;0.50;89.84;
2026-01-08 15:33:33.83;0.00:00:34:373;0.00;0.00;1.00;0.01541;8.163E-06;4.763E-05;0.01541;40.14;44.91;100.04;100.04;0.31;0.01541;0.01541;-6.733E-06;-18.122;-18.121;-99.990;0.50;89.82;
2026-01-08 15:33:33.89;0.00:00:34:425;0.00;0.00;1.00;0.01546;2.628E-06;4.707E-05;0.01547;43.40;44.91;100.04;100.04;0.30;0.01546;0.01547;-6.508E-06;-18.108;-18.106;-99.990;0.50;89.83;
2026-01-08 15:33:33.95;0.00:00:34:486;0.00;0.00;1.00;0.01518;6.194E-06;4.654E-05;0.01519;41.21;44.91;100.04;100.04;0.31;0.01518;0.01519;-6.087E-06;-18.187;-18.186;-99.990;0.50;89.82;
2026-01-08 15:33:34.00;0.00:00:34:537;0.00;0.00;1.00;0.01514;7.92E-06;4.262E-05;0.01514;39.74;44.92;100.05;100.05;0.29;0.01514;0.01514;-7.522E-06;-18.200;-18.198;-99.990;0.50;89.84;
2026-01-08 15:33:34.05;0.00:00:34:589;0.00;0.00;1.00;0.01522;5.762E-06;3.884E-05;0.01522;40.78;44.93;100.04;100.04;0.26;0.01522;0.01522;-6.604E-06;-18.177;-18.175;-99.990;0.50;89.85;
2026-01-08 15:33:34.10;0.00:00:34:640;0.00;0.00;1.00;0.0153;5.472E-06;5.323E-05;0.01531;42.07;44.90;100.04;100.04;0.35;0.0153;0.01531;-6.167E-06;-18.152;-18.150;-99.990;0.50;89.80;
2026-01-08 15:33:34.15;0.00:00:34:690;0.00;0.00;1.00;0.01521;7.255E-06;4.51E-05;0.01521;40.43;44.91;100.04;100.04;0.30;0.01521;0.01521;-6.356E-06;-18.180;-18.178;-99.990;0.50;89.83;
2026-01-08 15:33:34.20;0.00:00:34:743;0.00;0.00;1.00;0.01512;7.189E-06;4.496E-05;0.01513;40.46;44.91;100.04;100.04;0.30;0.01512;0.01513;-6.382E-06;-18.204;-18.202;-99.990;0.50;89.83;
2026-01-08 15:33:34.26;0.00:00:34:795;0.00;0.00;1.00;0.01518;5.761E-06;3.799E-05;0.01519;40.69;44.93;100.04;100.04;0.25;0.01518;0.01519;-6.679E-06;-18.187;-18.185;-99.990;0.50;89.86;
2026-01-08 15:33:34.31;0.00:00:34:846;0.00;0.00;1.00;0.01539;5.718E-06;3.935E-05;0.0154;40.87;44.93;100.05;100.05;0.26;0.01539;0.0154;-7.341E-06;-18.128;-18.126;-99.990;0.50;89.85;
2026-01-08 15:33:34.36;0.00:00:34:896;0.00;0.00;1.00;0.01542;5.956E-06;4.812E-05;0.01543;41.47;44.91;100.05;100.05;0.31;0.01542;0.01543;-7.216E-06;-18.120;-18.118;-99.990;0.50;89.82;
2026-01-08 15:33:34.41;0.00:00:34:950;0.00;0.00;1.00;0.01519;7.049E-06;4.907E-05;0.0152;40.91;44.91;100.04;100.04;0.33;0.01519;0.0152;-6.32E-06;-18.184;-18.182;-99.990;0.50;89.82;
2026-01-08 15:33:34.46;0.00:00:34:999;0.00;0.00;1.00;0.01516;5.883E-06;4.23E-05;0.01516;41.04;44.92;100.05;100.04;0.28;0.01516;0.01516;-6.881E-06;-18.194;-18.192;-99.990;0.50;89.84;
2026-01-08 15:33:34.51;0.00:00:35:050;0.00;0.00;1.00;0.01516;5.294E-06;4.376E-05;0.01517;41.55;44.92;100.05;100.05;0.29;0.01516;0.01517;-7.232E-06;-18.193;-18.191;-99.990;0.50;89.83;
2026-01-08 15:33:34.56;0.00:00:35:103;0.00;0.00;1.00;0.01512;7.724E-06;4.518E-05;0.01513;40.15;44.91;100.05;100.05;0.30;0.01512;0.01513;-6.88E-06;-18.204;-18.202;-99.990;0.50;89.83;
2026-01-08 15:33:34.61;0.00:00:35:152;0.00;0.00;1.00;0.01512;5.356E-06;4.08E-05;0.01513;41.26;44.92;100.04;100.04;0.27;0.01512;0.01513;-6.305E-06;-18.204;-18.203;-99.990;0.50;89.85;
2026-01-08 15:33:34.66;0.00:00:35:204;0.00;0.00;1.00;0.01517;4.413E-06;3.755E-05;0.01517;41.65;44.93;100.04;100.04;0.25;0.01517;0.01517;-6.066E-06;-18.191;-18.190;-99.990;0.50;89.86;
2026-01-08 15:33:34.72;0.00:00:35:255;0.00;0.00;1.00;0.01517;6.229E-06;4.517E-05;0.01518;41.07;44.91;100.04;100.04;0.30;0.01517;0.01518;-6.358E-06;-18.189;-18.187;-99.990;0.50;89.83;
2026-01-08 15:33:34.77;0.00:00:35:305;0.00;0.00;1.00;0.01524;4.534E-06;4.38E-05;0.01524;42.05;44.92;100.04;100.04;0.29;0.01524;0.01524;-6.141E-06;-18.171;-18.169;-99.990;0.50;89.84;
2026-01-08 15:33:34.82;0.00:00:35:356;0.00;0.00;1.00;0.01518;7.558E-06;4.868E-05;0.01519;40.59;44.91;100.05;100.05;0.32;0.01518;0.01519;-6.937E-06;-18.188;-18.186;-99.990;0.50;89.82;
2026-01-08 15:33:34.87;0.00:00:35:407;0.00;0.00;1.00;0.01519;6.212E-06;4.304E-05;0.0152;40.89;44.92;100.04;100.04;0.29;0.01519;0.0152;-6.806E-06;-18.184;-18.182;-99.990;0.50;89.84;
2026-01-08 15:33:34.92;0.00:00:35:460;0.00;0.00;1.00;0.01525;7.021E-06;3.776E-05;0.01525;39.73;44.93;100.04;100.04;0.25;0.01525;0.01525;-6.16E-06;-18.168;-18.166;-99.990;0.50;89.86;
2026-01-08 15:33:34.97;0.00:00:35:511;0.00;0.00;1.00;0.01531;7.74E-06;4.248E-05;0.01531;39.84;44.92;100.04;100.04;0.28;0.01531;0.01531;-6.704E-06;-18.151;-18.149;-99.990;0.50;89.84;
2026-01-08 15:33:35.02;0.00:00:35:561;0.00;0.00;1.00;0.01532;5.804E-06;4.621E-05;0.01532;41.42;44.91;100.04;100.04;0.30;0.01532;0.01532;-6.402E-06;-18.149;-18.147;-99.990;0.50;89.83;
2026-01-08 15:33:35.07;0.00:00:35:612;0.00;0.00;1.00;0.01533;5.542E-06;4.512E-05;0.01534;41.50;44.92;100.04;100.04;0.30;0.01533;0.01534;-5.565E-06;-18.144;-18.143;-99.990;0.50;89.83;
2026-01-08 15:33:35.12;0.00:00:35:664;0.00;0.00;1.00;0.01536;7.332E-06;4.004E-05;0.01537;39.81;44.92;100.05;100.05;0.26;0.01536;0.01537;-7.313E-06;-18.135;-18.133;-99.990;0.50;89.85;
2026-01-08 15:33:35.18;0.00:00:35:715;0.00;0.00;1.00;0.01531;4.054E-06;4.907E-05;0.01531;42.64;44.91;100.05;100.05;0.32;0.01531;0.01531;-7.072E-06;-18.151;-18.149;-99.990;0.50;89.82;
2026-01-08 15:33:35.23;0.00:00:35:767;0.00;0.00;1.00;0.01513;9.208E-06;5.179E-05;0.01513;39.96;44.90;100.05;100.04;0.35;0.01513;0.01513;-6.867E-06;-18.203;-18.201;-99.990;0.50;89.80;
2026-01-08 15:33:35.28;0.00:00:35:819;0.00;0.00;1.00;0.01525;5.769E-06;4.203E-05;0.01525;41.09;44.92;100.04;100.04;0.28;0.01525;0.01525;-6.54E-06;-18.169;-18.167;-99.990;0.50;89.84;
2026-01-08 15:33:35.33;0.00:00:35:868;0.00;0.00;1.00;0.01527;8.077E-06;3.979E-05;0.01528;39.26;44.92;100.04;100.04;0.27;0.01527;0.01528;-6.689E-06;-18.161;-18.159;-99.990;0.50;89.85;
2026-01-08 15:33:35.38;0.00:00:35:922;0.00;0.00;1.00;0.0154;5.974E-06;5.048E-05;0.01541;41.63;44.91;100.04;100.04;0.33;0.0154;0.01541;-6.683E-06;-18.125;-18.123;-99.990;0.50;89.81;
2026-01-08 15:33:35.43;0.00:00:35:973;0.00;0.00;1.00;0.01537;6.928E-06;4.07E-05;0.01538;40.17;44.92;100.05;100.05;0.27;0.01537;0.01538;-7.133E-06;-18.132;-18.130;-99.990;0.50;89.85;
2026-01-08 15:33:35.48;0.00:00:36:022;0.00;0.00;1.00;0.01542;6.125E-06;4.496E-05;0.01543;41.12;44.92;100.05;100.05;0.29;0.01542;0.01543;-7.032E-06;-18.119;-18.117;-99.990;0.50;89.83;
2026-01-08 15:33:35.54;0.00:00:36:075;0.00;0.00;1.00;0.01536;6.061E-06;4.452E-05;0.01537;41.12;44.92;100.04;100.04;0.29;0.01536;0.01537;-6.098E-06;-18.136;-18.134;-99.990;0.50;89.83;
2026-01-08 15:33:35.59;0.00:00:36:124;0.00;0.00;1.00;0.01534;5.751E-06;4.747E-05;0.01535;41.55;44.91;100.04;100.04;0.31;0.01534;0.01535;-6.582E-06;-18.141;-18.139;-99.990;0.50;89.82;
2026-01-08 15:33:35.64;0.00:00:36:175;0.00;0.00;1.00;0.01526;7.411E-06;4.684E-05;0.01526;40.50;44.91;100.04;100.04;0.31;0.01526;0.01526;-6.226E-06;-18.165;-18.163;-99.990;0.50;89.82;
2026-01-08 15:33:35.69;0.00:00:36:227;0.00;0.00;1.00;0.01529;6.562E-06;4.205E-05;0.0153;40.56;44.92;100.05;100.05;0.28;0.01529;0.0153;-7.217E-06;-18.156;-18.154;-99.990;0.50;89.84;
2026-01-08 15:33:35.74;0.00:00:36:279;0.00;0.00;1.00;0.01527;7.611E-06;4.582E-05;0.01528;40.28;44.91;100.04;100.04;0.30;0.01527;0.01528;-5.91E-06;-18.162;-18.160;-99.990;0.50;89.83;
2026-01-08 15:33:35.79;0.00:00:36:329;0.00;0.00;1.00;0.01528;7.645E-06;4.312E-05;0.01529;39.97;44.92;100.04;100.04;0.29;0.01528;0.01529;-6.738E-06;-18.159;-18.157;-99.990;0.50;89.84;
2026-01-08 15:33:35.84;0.00:00:36:381;0.00;0.00;1.00;0.0153;4.664E-06;4.326E-05;0.0153;41.92;44.92;100.04;100.04;0.28;0.0153;0.0153;-6.655E-06;-18.154;-18.152;-99.990;0.50;89.84;
2026-01-08 15:33:35.89;0.00:00:36:430;0.00;0.00;1.00;0.01529;7.467E-06;4.67E-05;0.01529;40.46;44.91;100.04;100.04;0.31;0.01529;0.01529;-6.283E-06;-18.157;-18.155;-99.990;0.50;89.83;
2026-01-08 15:33:35.94;0.00:00:36:483;0.00;0.00;1.00;0.01523;6.927E-06;4.223E-05;0.01523;40.34;44.92;100.04;100.04;0.28;0.01523;0.01523;-6.274E-06;-18.174;-18.172;-99.990;0.50;89.84;
2026-01-08 15:33:36.00;0.00:00:36:535;0.00;0.00;1.00;0.01524;6.16E-06;4.353E-05;0.01525;40.97;44.92;100.04;100.04;0.29;0.01524;0.01525;-6.858E-06;-18.170;-18.168;-99.990;0.50;89.84;
2026-01-08 15:33:36.05;0.00:00:36:585;0.00;0.00;1.00;0.01526;5.735E-06;4.345E-05;0.01526;41.24;44.92;100.04;100.04;0.29;0.01526;0.01526;-6.377E-06;-18.166;-18.164;-99.990;0.50;89.84;
2026-01-08 15:33:36.10;0.00:00:36:636;0.00;0.00;1.00;0.01527;6.443E-06;4.273E-05;0.01527;40.71;44.92;100.04;100.04;0.28;0.01527;0.01527;-6.336E-06;-18.162;-18.161;-99.990;0.50;89.84;
2026-01-08 15:33:36.15;0.00:00:36:687;0.00;0.00;1.00;0.01521;8.388E-06;4.414E-05;0.01522;39.62;44.92;100.04;100.04;0.30;0.01521;0.01522;-6.115E-06;-18.178;-18.177;-99.990;0.50;89.83;
2026-01-08 15:33:36.20;0.00:00:36:742;0.00;0.00;1.00;0.01519;4.828E-06;4.418E-05;0.0152;41.88;44.92;100.04;100.04;0.29;0.01519;0.0152;-5.896E-06;-18.183;-18.181;-99.990;0.50;89.83;
2026-01-08 15:33:36.26;0.00:00:36:802;0.00;0.00;1.00;0.01524;5.585E-06;4.319E-05;0.01525;41.32;44.92;100.04;100.04;0.29;0.01524;0.01525;-6.479E-06;-18.169;-18.167;-99.990;0.50;89.84;
2026-01-08 15:33:36.31;0.00:00:36:848;0.00;0.00;1.00;0.01521;6.549E-06;4.635E-05;0.01522;40.98;44.91;100.04;100.04;0.31;0.01521;0.01522;-6.085E-06;-18.178;-18.176;-99.990;0.50;89.83;
2026-01-08 15:33:36.36;0.00:00:36:895;0.00;0.00;1.00;0.01519;8.669E-06;4.423E-05;0.01519;39.46;44.92;100.04;100.04;0.30;0.01519;0.01519;-5.772E-06;-18.185;-18.183;-99.990;0.50;89.83;
2026-01-08 15:33:36.40;0.00:00:36:941;0.00;0.00;1.00;0.01522;5.482E-06;4.334E-05;0.01523;41.40;44.92;100.04;100.04;0.29;0.01522;0.01523;-6.363E-06;-18.175;-18.173;-99.990;0.50;89.84;
2026-01-08 15:33:36.45;0.00:00:36:988;0.00;0.00;1.00;0.0153;3.123E-06;4.13E-05;0.01531;42.84;44.92;100.04;100.04;0.27;0.0153;0.01531;-6.717E-06;-18.153;-18.151;-99.990;0.50;89.85;
2026-01-08 15:33:36.51;0.00:00:37:048;0.00;0.00;1.00;0.01522;9.71E-06;4.077E-05;0.01523;38.30;44.92;100.04;100.04;0.28;0.01522;0.01523;-6.151E-06;-18.175;-18.173;-99.990;0.50;89.85;
2026-01-08 15:33:36.56;0.00:00:37:097;0.00;0.00;1.00;0.01525;9.069E-06;4.402E-05;0.01526;39.18;44.92;100.04;100.04;0.29;0.01525;0.01526;-6.467E-06;-18.166;-18.165;-99.990;0.50;89.83;
2026-01-08 15:33:36.61;0.00:00:37:146;0.00;0.00;1.00;0.01533;8.256E-06;4.699E-05;0.01534;40.02;44.91;100.04;100.04;0.31;0.01533;0.01534;-6.578E-06;-18.144;-18.142;-99.990;0.50;89.82;
2026-01-08 15:33:36.67;0.00:00:37:206;0.00;0.00;1.00;0.01536;6.983E-06;4.115E-05;0.01537;40.18;44.92;100.05;100.05;0.27;0.01536;0.01537;-7.052E-06;-18.135;-18.133;-99.990;0.50;89.85;
2026-01-08 15:33:36.71;0.00:00:37:253;0.00;0.00;1.00;0.01549;8.255E-06;3.44E-05;0.01549;38.25;44.93;100.04;100.04;0.23;0.01549;0.01549;-6.086E-06;-18.100;-18.099;-99.990;0.50;89.87;
2026-01-08 15:33:36.76;0.00:00:37:301;0.00;0.00;1.00;0.01552;4.687E-06;5.718E-05;0.01552;42.66;44.89;100.04;100.04;0.37;0.01552;0.01552;-6.905E-06;-18.092;-18.090;-99.990;0.50;89.79;
2026-01-08 15:33:36.81;0.00:00:37:348;0.00;0.00;1.00;0.01536;7.242E-06;4.547E-05;0.01537;40.47;44.91;100.05;100.05;0.30;0.01536;0.01537;-7.206E-06;-18.135;-18.133;-99.990;0.50;89.83;
2026-01-08 15:33:36.86;0.00:00:37:394;0.00;0.00;1.00;0.01536;2.878E-06;4.111E-05;0.01537;43.00;44.92;100.04;100.04;0.27;0.01536;0.01537;-6.699E-06;-18.135;-18.133;-99.990;0.50;89.85;
2026-01-08 15:33:36.90;0.00:00:37:441;0.00;0.00;1.00;0.01541;6.577E-06;3.832E-05;0.01542;40.13;44.93;100.04;100.04;0.25;0.01541;0.01542;-6.318E-06;-18.122;-18.120;-99.990;0.50;89.86;
2026-01-08 15:33:36.95;0.00:00:37:488;0.00;0.00;1.00;0.01517;4.954E-06;4.761E-05;0.01518;42.03;44.91;100.04;100.04;0.32;0.01517;0.01518;-6.751E-06;-18.190;-18.188;-99.990;0.50;89.82;
2026-01-08 15:33:37.00;0.00:00:37:534;0.00;0.00;1.00;0.01514;7.652E-06;4.1E-05;0.01514;39.71;44.92;100.05;100.05;0.28;0.01514;0.01514;-6.948E-06;-18.199;-18.197;-99.990;0.50;89.84;
2026-01-08 15:33:37.04;0.00:00:37:582;0.00;0.00;1.00;0.01515;-1.25E-06;4.051E-05;0.01515;45.88;44.92;100.04;100.04;0.27;0.01515;0.01516;-5.772E-06;-18.196;-18.194;-99.990;0.50;89.85;
2026-01-08 15:33:37.09;0.00:00:37:630;0.00;0.00;1.00;0.01514;7.244E-06;4.41E-05;0.01515;40.34;44.92;100.04;100.04;0.30;0.01514;0.01515;-6.799E-06;-18.198;-18.196;-99.990;0.50;89.83;
2026-01-08 15:33:37.14;0.00:00:37:675;0.00;0.00;1.00;0.01519;5.226E-06;4.388E-05;0.0152;41.60;44.92;100.05;100.05;0.29;0.01519;0.0152;-7.171E-06;-18.184;-18.182;-99.990;0.50;89.83;
2026-01-08 15:33:37.18;0.00:00:37:723;0.00;0.00;1.00;0.01535;7.761E-06;4.338E-05;0.01536;39.93;44.92;100.05;100.04;0.29;0.01535;0.01536;-6.938E-06;-18.139;-18.137;-99.990;0.50;89.84;
2026-01-08 15:33:37.23;0.00:00:37:770;0.00;0.00;1.00;0.01533;7.276E-06;4.72E-05;0.01534;40.62;44.91;100.05;100.05;0.31;0.01533;0.01534;-7.037E-06;-18.144;-18.142;-99.990;0.50;89.82;
2026-01-08 15:33:37.28;0.00:00:37:816;0.00;0.00;1.00;0.01527;9.677E-06;4.228E-05;0.01528;38.55;44.92;100.05;100.05;0.28;0.01527;0.01528;-7.422E-06;-18.161;-18.159;-99.990;0.50;89.84;
2026-01-08 15:33:37.32;0.00:00:37:863;0.00;0.00;1.00;0.01534;3.46E-06;4.736E-05;0.01535;42.91;44.91;100.04;100.04;0.31;0.01534;0.01535;-6.568E-06;-18.140;-18.138;-99.990;0.50;89.82;
2026-01-08 15:33:37.37;0.00:00:37:909;0.00;0.00;1.00;0.01526;7.478E-06;4.484E-05;0.01527;40.27;44.91;100.04;100.04;0.30;0.01526;0.01527;-6.532E-06;-18.164;-18.162;-99.990;0.50;89.83;
2026-01-08 15:33:37.42;0.00:00:37:955;0.00;0.00;1.00;0.01527;5.954E-06;4.682E-05;0.01527;41.38;44.91;100.04;100.04;0.31;0.01527;0.01527;-6.198E-06;-18.163;-18.161;-99.990;0.50;89.82;
2026-01-08 15:33:37.46;0.00:00:38:003;0.00;0.00;1.00;0.01531;6.54E-06;3.714E-05;0.01531;40.01;44.93;100.04;100.04;0.25;0.01531;0.01531;-6.72E-06;-18.151;-18.149;-99.990;0.50;89.86;
2026-01-08 15:33:37.53;0.00:00:38:066;0.00;0.00;1.00;0.01531;4.206E-06;4.449E-05;0.01532;42.30;44.92;100.04;100.04;0.29;0.01531;0.01532;-6.598E-06;-18.150;-18.149;-99.990;0.50;89.83;
2026-01-08 15:33:37.58;0.00:00:38:114;0.00;0.00;1.00;0.01515;1.125E-05;5.639E-05;0.01516;39.36;44.89;100.04;100.04;0.38;0.01515;0.01516;-6.029E-06;-18.196;-18.194;-99.990;0.50;89.79;
2026-01-08 15:33:37.64;0.00:00:38:176;0.00;0.00;1.00;0.01537;3.671E-06;4.218E-05;0.01537;42.51;44.92;100.04;100.04;0.28;0.01537;0.01537;-6.67E-06;-18.134;-18.132;-99.990;0.50;89.84;
2026-01-08 15:33:37.68;0.00:00:38:222;0.00;0.00;1.00;0.0153;6.785E-06;4.706E-05;0.01531;40.90;44.91;100.04;100.04;0.31;0.0153;0.01531;-6.58E-06;-18.152;-18.150;-99.990;0.50;89.82;
2026-01-08 15:33:37.73;0.00:00:38:267;0.00;0.00;1.00;0.01527;8.82E-06;4.342E-05;0.01528;39.26;44.92;100.05;100.05;0.29;0.01527;0.01528;-7.009E-06;-18.161;-18.159;-99.990;0.50;89.84;
2026-01-08 15:33:37.78;0.00:00:38:315;0.00;0.00;1.00;0.01534;4.666E-06;4.314E-05;0.01535;41.91;44.92;100.05;100.05;0.28;0.01534;0.01535;-6.995E-06;-18.142;-18.140;-99.990;0.50;89.84;
2026-01-08 15:33:37.84;0.00:00:38:376;0.00;0.00;1.00;0.01531;1.046E-05;4.085E-05;0.01532;37.82;44.92;100.05;100.05;0.28;0.01531;0.01532;-7.165E-06;-18.150;-18.148;-99.990;0.50;89.85;
2026-01-08 15:33:37.88;0.00:00:38:423;0.00;0.00;1.00;0.01541;5.228E-06;4.91E-05;0.01541;41.96;44.91;100.04;100.04;0.32;0.01541;0.01541;-6.794E-06;-18.123;-18.121;-99.990;0.50;89.82;
2026-01-08 15:33:37.93;0.00:00:38:470;0.00;0.00;1.00;0.01524;7.356E-06;5.666E-05;0.01524;41.30;44.89;100.04;100.04;0.38;0.01524;0.01524;-6.247E-06;-18.171;-18.170;-99.990;0.50;89.79;
2026-01-08 15:33:37.98;0.00:00:38:518;0.00;0.00;1.00;0.01526;5.811E-06;4.357E-05;0.01527;41.20;44.92;100.05;100.05;0.29;0.01526;0.01527;-7.158E-06;-18.164;-18.162;-99.990;0.50;89.84;
2026-01-08 15:33:38.04;0.00:00:38:579;0.00;0.00;1.00;0.01519;1.26E-05;4.361E-05;0.0152;36.94;44.91;100.04;100.04;0.30;0.01519;0.0152;-6.154E-06;-18.183;-18.182;-99.990;0.50;89.84;
2026-01-08 15:33:38.09;0.00:00:38:626;0.00;0.00;1.00;0.01537;7.036E-06;4.177E-05;0.01537;40.22;44.92;100.04;100.04;0.28;0.01537;0.01537;-6.869E-06;-18.134;-18.132;-99.990;0.50;89.84;
2026-01-08 15:33:38.14;0.00:00:38:674;0.00;0.00;1.00;0.01543;5.509E-06;4.176E-05;0.01544;41.24;44.92;100.04;100.04;0.27;0.01543;0.01544;-6.574E-06;-18.116;-18.114;-99.990;0.50;89.85;
2026-01-08 15:33:38.18;0.00:00:38:723;0.00;0.00;1.00;0.01539;8.371E-06;4.183E-05;0.01539;39.34;44.92;100.04;100.04;0.28;0.01539;0.01539;-6.124E-06;-18.129;-18.127;-99.990;0.50;89.84;
2026-01-08 15:33:38.24;0.00:00:38:774;0.00;0.00;1.00;0.01539;1.135E-05;4.364E-05;0.0154;37.71;44.92;100.04;100.04;0.29;0.01539;0.0154;-6.817E-06;-18.128;-18.126;-99.990;0.50;89.84;
2026-01-08 15:33:38.29;0.00:00:38:825;0.00;0.00;1.00;0.01523;7.708E-06;5.22E-05;0.01523;40.80;44.90;100.04;100.04;0.35;0.01523;0.01523;-5.802E-06;-18.174;-18.172;-99.990;0.50;89.80;
2026-01-08 15:33:38.34;0.00:00:38:877;0.00;0.00;1.00;0.01523;5.835E-06;3.906E-05;0.01523;40.75;44.93;100.04;100.04;0.26;0.01523;0.01523;-6.456E-06;-18.174;-18.172;-99.990;0.50;89.85;
2026-01-08 15:33:38.39;0.00:00:38:929;0.00;0.00;1.00;0.01528;7.3E-06;3.508E-05;0.01528;39.12;44.93;100.04;100.04;0.23;0.01528;0.01528;-6.753E-06;-18.159;-18.157;-99.990;0.50;89.87;
2026-01-08 15:33:38.44;0.00:00:38:979;0.00;0.00;1.00;0.01533;8.198E-06;4.834E-05;0.01533;40.19;44.91;100.04;100.04;0.32;0.01533;0.01533;-6.852E-06;-18.145;-18.143;-99.990;0.50;89.82;
2026-01-08 15:33:38.50;0.00:00:39:041;0.00;0.00;1.00;0.01517;7.403E-06;4.496E-05;0.01518;40.32;44.91;100.04;100.04;0.30;0.01517;0.01518;-6.341E-06;-18.190;-18.189;-99.990;0.50;89.83;
2026-01-08 15:33:38.55;0.00:00:39:092;0.00;0.00;1.00;0.01528;7.465E-06;4.054E-05;0.01529;39.78;44.92;100.05;100.05;0.27;0.01528;0.01529;-7.168E-06;-18.158;-18.156;-99.990;0.50;89.85;
2026-01-08 15:33:38.60;0.00:00:39:143;0.00;0.00;1.00;0.0153;5.796E-06;4.322E-05;0.0153;41.18;44.92;100.04;100.04;0.29;0.0153;0.0153;-6.745E-06;-18.154;-18.152;-99.990;0.50;89.84;
2026-01-08 15:33:38.66;0.00:00:39:196;0.00;0.00;1.00;0.01532;7.321E-06;4.266E-05;0.01533;40.13;44.92;100.05;100.05;0.28;0.01532;0.01533;-7.124E-06;-18.148;-18.146;-99.990;0.50;89.84;
2026-01-08 15:33:38.71;0.00:00:39:245;0.00;0.00;1.00;0.01535;6.647E-06;4.411E-05;0.01536;40.72;44.92;100.04;100.04;0.29;0.01535;0.01536;-6.816E-06;-18.139;-18.137;-99.990;0.50;89.84;
2026-01-08 15:33:38.77;0.00:00:39:306;0.00;0.00;1.00;0.01528;6.286E-06;4.579E-05;0.01529;41.09;44.91;100.04;100.04;0.30;0.01528;0.01529;-6.158E-06;-18.159;-18.157;-99.990;0.50;89.83;
2026-01-08 15:33:38.82;0.00:00:39:357;0.00;0.00;1.00;0.01528;7.194E-06;4.21E-05;0.01529;40.15;44.92;100.05;100.05;0.28;0.01528;0.01529;-7.305E-06;-18.158;-18.156;-99.990;0.50;89.84;
2026-01-08 15:33:38.87;0.00:00:39:409;0.00;0.00;1.00;0.01528;6.791E-06;4.46E-05;0.01528;40.67;44.92;100.04;100.04;0.30;0.01528;0.01528;-6.248E-06;-18.160;-18.158;-99.990;0.50;89.83;
2026-01-08 15:33:38.92;0.00:00:39:460;0.00;0.00;1.00;0.01532;7.426E-06;4.192E-05;0.01532;39.98;44.92;100.04;100.04;0.28;0.01532;0.01532;-6.846E-06;-18.148;-18.147;-99.990;0.50;89.84;
2026-01-08 15:33:38.97;0.00:00:39:510;0.00;0.00;1.00;0.01534;7.5E-06;4.364E-05;0.01534;40.12;44.92;100.05;100.05;0.29;0.01534;0.01534;-7.376E-06;-18.143;-18.141;-99.990;0.50;89.84;
2026-01-08 15:33:39.02;0.00:00:39:563;0.00;0.00;1.00;0.0153;6.976E-06;4.564E-05;0.01531;40.65;44.91;100.05;100.05;0.30;0.0153;0.01531;-7.282E-06;-18.153;-18.151;-99.990;0.50;89.83;
2026-01-08 15:33:39.08;0.00:00:39:615;0.00;0.00;1.00;0.01529;6.758E-06;4.217E-05;0.0153;40.45;44.92;100.04;100.04;0.28;0.01529;0.0153;-6.423E-06;-18.155;-18.154;-99.990;0.50;89.84;
2026-01-08 15:33:39.12;0.00:00:39:663;0.00;0.00;1.00;0.01528;7.493E-06;4.451E-05;0.01529;40.22;44.92;100.05;100.05;0.30;0.01528;0.01529;-7.092E-06;-18.158;-18.156;-99.990;0.50;89.83;
2026-01-08 15:33:39.18;0.00:00:39:715;0.00;0.00;1.00;0.0153;7.277E-06;4.376E-05;0.01531;40.28;44.92;100.05;100.05;0.29;0.0153;0.01531;-7.115E-06;-18.153;-18.151;-99.990;0.50;89.84;
2026-01-08 15:33:39.23;0.00:00:39:764;0.00;0.00;1.00;0.0154;6.431E-06;4.646E-05;0.01541;41.06;44.91;100.05;100.05;0.30;0.0154;0.01541;-7.902E-06;-18.124;-18.121;-99.990;0.50;89.83;
2026-01-08 15:33:39.28;0.00:00:39:815;0.00;0.00;1.00;0.01531;7.992E-06;4.931E-05;0.01531;40.40;44.91;100.04;100.04;0.33;0.01531;0.01531;-6.26E-06;-18.151;-18.149;-99.990;0.50;89.82;
2026-01-08 15:33:39.33;0.00:00:39:867;0.00;0.00;1.00;0.01533;6.096E-06;3.885E-05;0.01533;40.54;44.93;100.05;100.04;0.26;0.01533;0.01533;-6.913E-06;-18.145;-18.143;-99.990;0.50;89.85;
2026-01-08 15:33:39.38;0.00:00:39:919;0.00;0.00;1.00;0.01537;5.72E-06;4.542E-05;0.01538;41.41;44.91;100.05;100.04;0.30;0.01537;0.01538;-6.931E-06;-18.134;-18.132;-99.990;0.50;89.83;
2026-01-08 15:33:39.44;0.00:00:39:981;0.00;0.00;1.00;0.01531;6.584E-06;4.768E-05;0.01532;41.07;44.91;100.04;100.04;0.31;0.01531;0.01532;-6.814E-06;-18.150;-18.148;-99.990;0.50;89.82;
2026-01-08 15:33:39.49;0.00:00:40:032;0.00;0.00;1.00;0.01526;8.37E-06;4.394E-05;0.01527;39.61;44.92;100.04;100.04;0.29;0.01526;0.01527;-6.822E-06;-18.164;-18.162;-99.990;0.50;89.84;
2026-01-08 15:33:39.54;0.00:00:40:081;0.00;0.00;1.00;0.01527;6.106E-06;4.6E-05;0.01528;41.22;44.91;100.05;100.05;0.30;0.01527;0.01528;-7.009E-06;-18.161;-18.159;-99.990;0.50;89.83;
2026-01-08 15:33:39.59;0.00:00:40:133;0.00;0.00;1.00;0.01527;6.88E-06;4.31E-05;0.01527;40.47;44.92;100.04;100.04;0.29;0.01527;0.01527;-6.534E-06;-18.163;-18.161;-99.990;0.50;89.84;
2026-01-08 15:33:39.65;0.00:00:40:185;0.00;0.00;1.00;0.01529;7.483E-06;4.525E-05;0.01529;40.31;44.91;100.04;100.04;0.30;0.01529;0.01529;-6.421E-06;-18.157;-18.155;-99.990;0.50;89.83;
2026-01-08 15:33:39.71;0.00:00:40:244;0.00;0.00;1.00;0.01534;6.214E-06;4.33E-05;0.01535;40.92;44.92;100.04;100.04;0.29;0.01534;0.01535;-5.829E-06;-18.142;-18.140;-99.990;0.50;89.84;
2026-01-08 15:33:39.76;0.00:00:40:296;0.00;0.00;1.00;0.0153;5.378E-06;4.501E-05;0.0153;41.59;44.92;100.04;100.04;0.30;0.0153;0.0153;-5.737E-06;-18.154;-18.152;-99.990;0.50;89.83;
2026-01-08 15:33:39.81;0.00:00:40:348;0.00;0.00;1.00;0.0153;6.352E-06;4.458E-05;0.01531;40.95;44.92;100.04;100.04;0.29;0.0153;0.01531;-6.641E-06;-18.152;-18.150;-99.990;0.50;89.83;
2026-01-08 15:33:39.86;0.00:00:40:399;0.00;0.00;1.00;0.01529;6.495E-06;4.471E-05;0.01529;40.87;44.92;100.04;100.04;0.30;0.01529;0.01529;-6.542E-06;-18.157;-18.155;-99.990;0.50;89.83;
2026-01-08 15:33:39.91;0.00:00:40:452;0.00;0.00;1.00;0.01527;7.635E-06;4.478E-05;0.01528;40.16;44.91;100.04;100.04;0.30;0.01527;0.01528;-6.828E-06;-18.160;-18.158;-99.990;0.50;89.83;
2026-01-08 15:33:39.96;0.00:00:40:502;0.00;0.00;1.00;0.01527;4.494E-06;4.487E-05;0.01528;42.14;44.92;100.04;100.04;0.30;0.01527;0.01528;-5.834E-06;-18.161;-18.159;-99.990;0.50;89.83;
2026-01-08 15:33:40.01;0.00:00:40:553;0.00;0.00;1.00;0.01526;6.798E-06;4.387E-05;0.01526;40.60;44.92;100.05;100.05;0.29;0.01526;0.01526;-6.942E-06;-18.165;-18.163;-99.990;0.50;89.84;
2026-01-08 15:33:40.06;0.00:00:40:602;0.00;0.00;1.00;0.01527;5.077E-06;4.297E-05;0.01528;41.63;44.92;100.04;100.04;0.28;0.01527;0.01528;-6.2E-06;-18.161;-18.159;-99.990;0.50;89.84;
2026-01-08 15:33:40.11;0.00:00:40:653;0.00;0.00;1.00;0.01528;4.896E-06;4.497E-05;0.01529;41.89;44.92;100.04;100.04;0.30;0.01528;0.01529;-6.509E-06;-18.159;-18.157;-99.990;0.50;89.83;
2026-01-08 15:33:40.17;0.00:00:40:705;0.00;0.00;1.00;0.01528;4.673E-06;4.396E-05;0.01529;41.97;44.92;100.04;100.04;0.29;0.01528;0.01529;-5.548E-06;-18.157;-18.156;-99.990;0.50;89.84;
2026-01-08 15:33:40.21;0.00:00:40:752;0.00;0.00;1.00;0.01529;5.524E-06;4.136E-05;0.01529;41.20;44.92;100.04;100.04;0.27;0.01529;0.01529;-5.931E-06;-18.157;-18.156;-99.990;0.50;89.85;
2026-01-08 15:33:40.26;0.00:00:40:798;0.00;0.00;1.00;0.01528;6.77E-06;4.493E-05;0.01528;40.72;44.91;100.04;100.04;0.30;0.01528;0.01528;-6.264E-06;-18.160;-18.158;-99.990;0.50;89.83;
2026-01-08 15:33:40.31;0.00:00:40:847;0.00;0.00;1.00;0.01531;4.931E-06;4.227E-05;0.01531;41.67;44.92;100.05;100.05;0.28;0.01531;0.01531;-6.949E-06;-18.151;-18.149;-99.990;0.50;89.84;
2026-01-08 15:33:40.36;0.00:00:40:895;0.00;0.00;1.00;0.01529;8.573E-06;4.399E-05;0.0153;39.49;44.92;100.04;100.04;0.29;0.01529;0.0153;-6.026E-06;-18.155;-18.153;-99.990;0.50;89.84;
2026-01-08 15:33:40.40;0.00:00:40:941;0.00;0.00;1.00;0.01531;5.428E-06;4.516E-05;0.01531;41.57;44.91;100.04;100.04;0.30;0.01531;0.01531;-6.689E-06;-18.151;-18.149;-99.990;0.50;89.83;
2026-01-08 15:33:40.45;0.00:00:40:988;0.00;0.00;1.00;0.01529;6.753E-06;4.696E-05;0.0153;40.91;44.91;100.04;100.04;0.31;0.01529;0.0153;-5.78E-06;-18.155;-18.154;-99.990;0.50;89.82;
2026-01-08 15:33:40.50;0.00:00:41:035;0.00;0.00;1.00;0.0153;7.271E-06;4.332E-05;0.0153;40.24;44.92;100.05;100.05;0.29;0.0153;0.0153;-7.219E-06;-18.154;-18.152;-99.990;0.50;89.84;
2026-01-08 15:33:40.54;0.00:00:41:080;0.00;0.00;1.00;0.01531;5.297E-06;4.557E-05;0.01531;41.69;44.91;100.05;100.05;0.30;0.01531;0.01531;-7.194E-06;-18.151;-18.149;-99.990;0.50;89.83;
2026-01-08 15:33:40.59;0.00:00:41:127;0.00;0.00;1.00;0.01529;7.163E-06;4.378E-05;0.01529;40.35;44.92;100.04;100.04;0.29;0.01529;0.01529;-6.513E-06;-18.156;-18.155;-99.990;0.50;89.84;
2026-01-08 15:33:40.64;0.00:00:41:175;0.00;0.00;1.00;0.01527;7.089E-06;4.588E-05;0.01528;40.61;44.91;100.04;100.04;0.30;0.01527;0.01528;-6.597E-06;-18.161;-18.159;-99.990;0.50;89.83;
2026-01-08 15:33:40.70;0.00:00:41:235;0.00;0.00;1.00;0.01528;7.771E-06;4.203E-05;0.01528;39.76;44.92;100.04;100.04;0.28;0.01528;0.01528;-6.752E-06;-18.160;-18.158;-99.990;0.50;89.84;
2026-01-08 15:33:40.74;0.00:00:41:283;0.00;0.00;1.00;0.01531;6.954E-06;4.427E-05;0.01531;40.54;44.92;100.04;100.04;0.29;0.01531;0.01531;-6.368E-06;-18.151;-18.149;-99.990;0.50;89.83;
2026-01-08 15:33:40.79;0.00:00:41:329;0.00;0.00;1.00;0.01529;6.241E-06;4.529E-05;0.01529;41.08;44.91;100.05;100.05;0.30;0.01529;0.01529;-7.016E-06;-18.157;-18.155;-99.990;0.50;89.83;
2026-01-08 15:33:40.84;0.00:00:41:377;0.00;0.00;1.00;0.01525;6.865E-06;4.539E-05;0.01526;40.70;44.91;100.05;100.05;0.30;0.01525;0.01526;-7.23E-06;-18.166;-18.164;-99.990;0.50;89.83;
2026-01-08 15:33:40.88;0.00:00:41:423;0.00;0.00;1.00;0.01526;8.465E-06;4.131E-05;0.01527;39.21;44.92;100.05;100.05;0.28;0.01526;0.01527;-7.006E-06;-18.164;-18.162;-99.990;0.50;89.85;
2026-01-08 15:33:40.93;0.00:00:41:470;0.00;0.00;1.00;0.0153;5.703E-06;4.3E-05;0.0153;41.22;44.92;100.04;100.04;0.28;0.0153;0.0153;-5.736E-06;-18.154;-18.153;-99.990;0.50;89.84;
2026-01-08 15:33:40.99;0.00:00:41:531;0.00;0.00;1.00;0.0153;7.379E-06;4.565E-05;0.01531;40.41;44.91;100.05;100.05;0.30;0.0153;0.01531;-6.991E-06;-18.154;-18.152;-99.990;0.50;89.83;
2026-01-08 15:33:41.04;0.00:00:41:577;0.00;0.00;1.00;0.01529;6.129E-06;4.315E-05;0.0153;40.96;44.92;100.04;100.04;0.29;0.01529;0.0153;-6.117E-06;-18.155;-18.153;-99.990;0.50;89.84;
2026-01-08 15:33:41.08;0.00:00:41:623;0.00;0.00;1.00;0.01531;4.897E-06;4.478E-05;0.01532;41.88;44.92;100.04;100.04;0.29;0.01531;0.01532;-6.554E-06;-18.149;-18.147;-99.990;0.50;89.83;
2026-01-08 15:33:41.13;0.00:00:41:670;0.00;0.00;1.00;0.01529;6.494E-06;4.438E-05;0.0153;40.84;44.92;100.04;100.04;0.29;0.01529;0.0153;-6.515E-06;-18.155;-18.153;-99.990;0.50;89.83;
2026-01-08 15:33:41.18;0.00:00:41:718;0.00;0.00;1.00;0.0153;8.24E-06;4.378E-05;0.0153;39.67;44.92;100.04;100.04;0.29;0.0153;0.0153;-6.593E-06;-18.154;-18.152;-99.990;0.50;89.84;
2026-01-08 15:33:41.23;0.00:00:41:765;0.00;0.00;1.00;0.01529;6.242E-06;4.35E-05;0.0153;40.92;44.92;100.04;100.04;0.29;0.01529;0.0153;-5.98E-06;-18.155;-18.153;-99.990;0.50;89.84;
2026-01-08 15:33:41.27;0.00:00:41:813;0.00;0.00;1.00;0.01531;6.503E-06;4.513E-05;0.01532;40.90;44.91;100.04;100.04;0.30;0.01531;0.01532;-6.723E-06;-18.149;-18.147;-99.990;0.50;89.83;
2026-01-08 15:33:41.32;0.00:00:41:862;0.00;0.00;1.00;0.0153;8.052E-06;4.433E-05;0.01531;39.85;44.92;100.05;100.04;0.29;0.0153;0.01531;-6.947E-06;-18.152;-18.150;-99.990;0.50;89.83;
2026-01-08 15:33:41.38;0.00:00:41:921;0.00;0.00;1.00;0.01538;7.403E-06;4.488E-05;0.01539;40.32;44.92;100.04;100.04;0.30;0.01538;0.01539;-6.707E-06;-18.130;-18.128;-99.990;0.50;89.83;
2026-01-08 15:33:41.44;0.00:00:41:982;0.00;0.00;1.00;0.01539;5.239E-06;5.052E-05;0.0154;42.04;44.91;100.05;100.05;0.33;0.01539;0.0154;-7.571E-06;-18.128;-18.126;-99.990;0.50;89.81;
2026-01-08 15:33:41.49;0.00:00:42:030;0.00;0.00;1.00;0.01531;8.656E-06;4.596E-05;0.01531;39.67;44.91;100.04;100.04;0.31;0.01531;0.01531;-6.428E-06;-18.151;-18.150;-99.990;0.50;89.83;
2026-01-08 15:33:41.55;0.00:00:42:090;0.00;0.00;1.00;0.01524;9.404E-06;4.78E-05;0.01524;39.43;44.91;100.04;100.04;0.32;0.01524;0.01524;-6.446E-06;-18.171;-18.169;-99.990;0.50;89.82;
2026-01-08 15:33:41.60;0.00:00:42:135;0.00;0.00;1.00;0.01529;1.022E-05;4.072E-05;0.0153;37.96;44.92;100.04;100.04;0.27;0.01529;0.0153;-6.361E-06;-18.156;-18.154;-99.990;0.50;89.85;
2026-01-08 15:33:41.64;0.00:00:42:183;0.00;0.00;1.00;0.01536;5.518E-06;3.828E-05;0.01537;40.90;44.93;100.04;100.04;0.25;0.01536;0.01537;-5.822E-06;-18.135;-18.134;-99.990;0.50;89.86;
2026-01-08 15:33:41.69;0.00:00:42:230;0.00;0.00;1.00;0.01553;4.62E-06;4.094E-05;0.01554;41.78;44.92;100.04;100.04;0.27;0.01553;0.01554;-6.693E-06;-18.088;-18.086;-99.990;0.50;89.85;
2026-01-08 15:33:41.75;0.00:00:42:290;0.00;0.00;1.00;0.01533;6.268E-06;5.131E-05;0.01534;41.52;44.90;100.05;100.05;0.34;0.01533;0.01534;-7.082E-06;-18.145;-18.143;-99.990;0.50;89.81;
2026-01-08 15:33:41.80;0.00:00:42:337;0.00;0.00;1.00;0.01527;6.233E-06;4.764E-05;0.01528;41.27;44.91;100.04;100.04;0.31;0.01527;0.01528;-6.398E-06;-18.162;-18.160;-99.990;0.50;89.82;
2026-01-08 15:33:41.85;0.00:00:42:385;0.00;0.00;1.00;0.01523;8.291E-06;4.525E-05;0.01523;39.81;44.91;100.04;100.04;0.30;0.01523;0.01523;-5.862E-06;-18.174;-18.172;-99.990;0.50;89.83;
2026-01-08 15:33:41.89;0.00:00:42:433;0.00;0.00;1.00;0.01531;3.66E-06;4.224E-05;0.01532;42.52;44.92;100.04;100.04;0.28;0.01531;0.01532;-6.768E-06;-18.149;-18.147;-99.990;0.50;89.84;
2026-01-08 15:33:41.95;0.00:00:42:494;0.00;0.00;1.00;0.01526;7.277E-06;4.648E-05;0.01527;40.55;44.91;100.04;100.04;0.31;0.01526;0.01527;-6.043E-06;-18.164;-18.163;-99.990;0.50;89.83;
2026-01-08 15:33:42.00;0.00:00:42:540;0.00;0.00;1.00;0.01525;4.266E-06;4.236E-05;0.01525;42.12;44.92;100.04;100.04;0.28;0.01525;0.01525;-6.327E-06;-18.169;-18.167;-99.990;0.50;89.84;
2026-01-08 15:33:42.05;0.00:00:42:585;0.00;0.00;1.00;0.01526;6.572E-06;4.534E-05;0.01527;40.88;44.91;100.04;100.04;0.30;0.01526;0.01527;-6.7E-06;-18.164;-18.162;-99.990;0.50;89.83;
2026-01-08 15:33:42.09;0.00:00:42:633;0.00;0.00;1.00;0.01514;7.444E-06;4.328E-05;0.01515;40.12;44.92;100.04;100.04;0.29;0.01514;0.01515;-5.935E-06;-18.199;-18.197;-99.990;0.50;89.84;
2026-01-08 15:33:42.14;0.00:00:42:679;0.00;0.00;1.00;0.01515;5.143E-06;4.352E-05;0.01515;41.63;44.92;100.04;100.04;0.29;0.01515;0.01515;-6.211E-06;-18.196;-18.195;-99.990;0.50;89.84;
2026-01-08 15:33:42.19;0.00:00:42:725;0.00;0.00;1.00;0.01518;5.696E-06;4.013E-05;0.01518;40.96;44.92;100.05;100.05;0.27;0.01518;0.01518;-6.966E-06;-18.188;-18.186;-99.990;0.50;89.85;
2026-01-08 15:33:42.23;0.00:00:42:771;0.00;0.00;1.00;0.0152;7.157E-06;2.865E-05;0.0152;37.99;44.94;100.04;100.04;0.19;0.0152;0.0152;-6.383E-06;-18.182;-18.180;-99.990;0.50;89.89;
2026-01-08 15:33:42.28;0.00:00:42:817;0.00;0.00;1.00;0.01537;6.116E-06;4.038E-05;0.01538;40.69;44.92;100.04;100.04;0.27;0.01537;0.01538;-6.102E-06;-18.133;-18.131;-99.990;0.50;89.85;
2026-01-08 15:33:42.33;0.00:00:42:867;0.00;0.00;1.00;0.01541;7.797E-06;4.251E-05;0.01541;39.80;44.92;100.04;100.04;0.28;0.01541;0.01541;-6.609E-06;-18.123;-18.121;-99.990;0.50;89.84;
2026-01-08 15:33:42.39;0.00:00:42:926;0.00;0.00;1.00;0.01539;7.294E-06;4.892E-05;0.0154;40.76;44.91;100.04;100.04;0.32;0.01539;0.0154;-6.587E-06;-18.128;-18.126;-99.990;0.50;89.82;
2026-01-08 15:33:42.44;0.00:00:42:974;0.00;0.00;1.00;0.0154;5.926E-06;4.416E-05;0.0154;41.18;44.92;100.04;100.04;0.29;0.0154;0.0154;-6.42E-06;-18.126;-18.124;-99.990;0.50;89.84;
2026-01-08 15:33:42.48;0.00:00:43:021;0.00;0.00;1.00;0.01544;8.046E-06;4.404E-05;0.01544;39.82;44.92;100.05;100.05;0.29;0.01544;0.01544;-7.363E-06;-18.115;-18.113;-99.990;0.50;89.84;
2026-01-08 15:33:42.53;0.00:00:43:068;0.00;0.00;1.00;0.01536;6.626E-06;4.436E-05;0.01537;40.75;44.92;100.05;100.05;0.29;0.01536;0.01537;-7.158E-06;-18.136;-18.134;-99.990;0.50;89.83;
2026-01-08 15:33:42.58;0.00:00:43:115;0.00;0.00;1.00;0.01533;6.551E-06;4.691E-05;0.01534;41.03;44.91;100.05;100.05;0.31;0.01533;0.01534;-7.298E-06;-18.144;-18.142;-99.990;0.50;89.82;
2026-01-08 15:33:42.62;0.00:00:43:161;0.00;0.00;1.00;0.01526;9.098E-06;4.339E-05;0.01526;39.08;44.92;100.04;100.04;0.29;0.01526;0.01526;-6.408E-06;-18.165;-18.163;-99.990;0.50;89.84;
2026-01-08 15:33:42.67;0.00:00:43:209;0.00;0.00;1.00;0.01538;5.861E-06;4.535E-05;0.01539;41.32;44.91;100.05;100.04;0.30;0.01538;0.01539;-6.937E-06;-18.130;-18.128;-99.990;0.50;89.83;
2026-01-08 15:33:42.72;0.00:00:43:256;0.00;0.00;1.00;0.01534;1.144E-05;4.282E-05;0.01535;37.52;44.92;100.04;100.04;0.29;0.01534;0.01535;-6.858E-06;-18.141;-18.139;-99.990;0.50;89.84;
2026-01-08 15:33:42.76;0.00:00:43:303;0.00;0.00;1.00;0.01541;6.28E-06;4.727E-05;0.01541;41.22;44.91;100.04;100.04;0.31;0.01541;0.01541;-6.564E-06;-18.123;-18.121;-99.990;0.50;89.82;
2026-01-08 15:33:42.81;0.00:00:43:349;0.00;0.00;1.00;0.01531;7.254E-06;4.772E-05;0.01532;40.68;44.91;100.05;100.05;0.32;0.01531;0.01532;-7.227E-06;-18.150;-18.148;-99.990;0.50;89.82;
2026-01-08 15:33:42.86;0.00:00:43:394;0.00;0.00;1.00;0.01525;5.642E-06;4.718E-05;0.01525;41.59;44.91;100.05;100.05;0.31;0.01525;0.01525;-6.938E-06;-18.168;-18.166;-99.990;0.50;89.82;
2026-01-08 15:33:42.90;0.00:00:43:442;0.00;0.00;1.00;0.01508;8.408E-06;3.682E-05;0.01509;38.57;44.93;100.04;100.04;0.25;0.01508;0.01509;-6.213E-06;-18.216;-18.214;-99.990;0.50;89.86;
2026-01-08 15:33:42.97;0.00:00:43:504;0.00;0.00;1.00;0.01516;8.519E-06;4.019E-05;0.01516;39.02;44.92;100.04;100.04;0.27;0.01516;0.01516;-5.759E-06;-18.194;-18.193;-99.990;0.50;89.85;
2026-01-08 15:33:43.03;0.00:00:43:568;0.00;0.00;1.00;0.01528;3.705E-06;4.245E-05;0.01529;42.51;44.92;100.04;100.04;0.28;0.01528;0.01529;-6.845E-06;-18.159;-18.157;-99.990;0.50;89.84;
2026-01-08 15:33:43.09;0.00:00:43:628;0.00;0.00;1.00;0.01532;7.677E-06;4.329E-05;0.01532;39.97;44.92;100.04;100.04;0.29;0.01532;0.01532;-6.173E-06;-18.148;-18.146;-99.990;0.50;89.84;
2026-01-08 15:33:43.13;0.00:00:43:673;0.00;0.00;1.00;0.0153;7.588E-06;4.376E-05;0.01531;40.08;44.92;100.04;100.04;0.29;0.0153;0.01531;-6.793E-06;-18.153;-18.151;-99.990;0.50;89.84;
2026-01-08 15:33:43.18;0.00:00:43:721;0.00;0.00;1.00;0.01532;7.766E-06;4.34E-05;0.01532;39.93;44.92;100.04;100.04;0.29;0.01532;0.01532;-6.678E-06;-18.148;-18.147;-99.990;0.50;89.84;
2026-01-08 15:33:43.23;0.00:00:43:770;0.00;0.00;1.00;0.0153;6.473E-06;4.615E-05;0.01531;41.01;44.91;100.04;100.04;0.30;0.0153;0.01531;-5.737E-06;-18.153;-18.151;-99.990;0.50;89.83;
2026-01-08 15:33:43.29;0.00:00:43:830;0.00;0.00;1.00;0.01529;4.966E-06;4.459E-05;0.01529;41.82;44.92;100.04;100.04;0.29;0.01529;0.01529;-5.672E-06;-18.156;-18.155;-99.990;0.50;89.83;
2026-01-08 15:33:43.34;0.00:00:43:878;0.00;0.00;1.00;0.01527;8.108E-06;4.095E-05;0.01528;39.40;44.92;100.05;100.04;0.27;0.01527;0.01528;-6.919E-06;-18.160;-18.158;-99.990;0.50;89.85;
2026-01-08 15:33:43.39;0.00:00:43:925;0.00;0.00;1.00;0.01533;5.899E-06;4.244E-05;0.01534;41.04;44.92;100.04;100.04;0.28;0.01533;0.01534;-6.226E-06;-18.143;-18.142;-99.990;0.50;89.84;
2026-01-08 15:33:43.43;0.00:00:43:972;0.00;0.00;1.00;0.01528;7.055E-06;4.739E-05;0.01529;40.77;44.91;100.05;100.05;0.31;0.01528;0.01529;-7.257E-06;-18.159;-18.157;-99.990;0.50;89.82;
2026-01-08 15:33:43.48;0.00:00:44:018;0.00;0.00;1.00;0.01526;7.785E-06;4.28E-05;0.01526;39.85;44.92;100.04;100.04;0.29;0.01526;0.01526;-6.545E-06;-18.166;-18.164;-99.990;0.50;89.84;
2026-01-08 15:33:43.53;0.00:00:44:064;0.00;0.00;1.00;0.01525;6.953E-06;4.449E-05;0.01525;40.56;44.92;100.05;100.05;0.30;0.01525;0.01525;-7.029E-06;-18.168;-18.166;-99.990;0.50;89.83;
2026-01-08 15:33:43.57;0.00:00:44:112;0.00;0.00;1.00;0.01527;7.746E-06;4.461E-05;0.01527;40.07;44.92;100.04;100.04;0.30;0.01527;0.01528;-6.504E-06;-18.162;-18.160;-99.990;0.50;89.83;
2026-01-08 15:33:43.64;0.00:00:44:174;0.00;0.00;1.00;0.0153;6.833E-06;4.036E-05;0.0153;40.20;44.92;100.05;100.04;0.27;0.0153;0.0153;-6.929E-06;-18.154;-18.152;-99.990;0.50;89.85;
2026-01-08 15:33:43.68;0.00:00:44:219;0.00;0.00;1.00;0.01534;6.539E-06;4.607E-05;0.01534;40.96;44.91;100.04;100.04;0.30;0.01534;0.01534;-6.687E-06;-18.143;-18.141;-99.990;0.50;89.83;
2026-01-08 15:33:43.73;0.00:00:44:266;0.00;0.00;1.00;0.01533;9.098E-06;4.199E-05;0.01534;38.89;44.92;100.05;100.05;0.28;0.01533;0.01534;-7.281E-06;-18.145;-18.143;-99.990;0.50;89.84;
2026-01-08 15:33:43.77;0.00:00:44:311;0.00;0.00;1.00;0.01529;7.229E-06;4.473E-05;0.01529;40.41;44.92;100.04;100.04;0.30;0.01529;0.01529;-5.977E-06;-18.157;-18.155;-99.990;0.50;89.83;
2026-01-08 15:33:43.82;0.00:00:44:359;0.00;0.00;1.00;0.01528;5.424E-06;4.583E-05;0.01529;41.63;44.91;100.04;100.04;0.30;0.01528;0.01529;-6.007E-06;-18.158;-18.156;-99.990;0.50;89.83;
2026-01-08 15:33:43.87;0.00:00:44:408;0.00;0.00;1.00;0.01531;6.487E-06;4.279E-05;0.01531;40.69;44.92;100.04;100.04;0.28;0.01531;0.01531;-6.736E-06;-18.151;-18.149;-99.990;0.50;89.84;
2026-01-08 15:33:43.91;0.00:00:44:454;0.00;0.00;1.00;0.01533;7.963E-06;4.548E-05;0.01533;40.03;44.91;100.05;100.05;0.30;0.01533;0.01533;-7.05E-06;-18.146;-18.144;-99.990;0.50;89.83;
2026-01-08 15:33:43.96;0.00:00:44:501;0.00;0.00;1.00;0.01533;5.402E-06;4.649E-05;0.01533;41.69;44.91;100.04;100.04;0.31;0.01533;0.01533;-6.055E-06;-18.145;-18.143;-99.990;0.50;89.83;
2026-01-08 15:33:44.01;0.00:00:44:548;0.00;0.00;1.00;0.01532;5.493E-06;3.909E-05;0.01532;41.00;44.93;100.05;100.05;0.26;0.01532;0.01532;-7.138E-06;-18.148;-18.146;-99.990;0.50;89.85;
2026-01-08 15:33:44.06;0.00:00:44:594;0.00;0.00;1.00;0.01535;5.842E-06;4.596E-05;0.01535;41.38;44.91;100.04;100.04;0.30;0.01535;0.01535;-6.262E-06;-18.140;-18.138;-99.990;0.50;89.83;
2026-01-08 15:33:44.10;0.00:00:44:642;0.00;0.00;1.00;0.0153;6.476E-06;4.072E-05;0.01531;40.48;44.92;100.04;100.04;0.27;0.0153;0.01531;-5.954E-06;-18.152;-18.150;-99.990;0.50;89.85;
2026-01-08 15:33:44.15;0.00:00:44:688;0.00;0.00;1.00;0.01531;7.632E-06;4.644E-05;0.01532;40.33;44.91;100.04;100.04;0.31;0.01531;0.01532;-5.942E-06;-18.149;-18.147;-99.990;0.50;89.83;
2026-01-08 15:33:44.20;0.00:00:44:734;0.00;0.00;1.00;0.01533;3.432E-06;4.389E-05;0.01534;42.76;44.92;100.03;100.03;0.29;0.01533;0.01534;-5.243E-06;-18.144;-18.143;-99.990;0.50;89.84;
2026-01-08 15:33:44.24;0.00:00:44:782;0.00;0.00;1.00;0.01527;8.701E-06;4.293E-05;0.01527;39.27;44.92;100.04;100.04;0.29;0.01527;0.01527;-6.397E-06;-18.163;-18.161;-99.990;0.50;89.84;
2026-01-08 15:33:44.29;0.00:00:44:828;0.00;0.00;1.00;0.01533;4.357E-06;4.465E-05;0.01533;42.21;44.92;100.04;100.04;0.29;0.01533;0.01533;-6.453E-06;-18.145;-18.143;-99.990;0.50;89.83;
2026-01-08 15:33:44.34;0.00:00:44:876;0.00;0.00;1.00;0.0153;6.405E-06;4.34E-05;0.01531;40.80;44.92;100.04;100.04;0.29;0.0153;0.01531;-5.784E-06;-18.153;-18.151;-99.990;0.50;89.84;
2026-01-08 15:33:44.40;0.00:00:44:938;0.00;0.00;1.00;0.0153;5.794E-06;4.49E-05;0.01531;41.32;44.92;100.04;100.04;0.30;0.0153;0.01531;-6.106E-06;-18.152;-18.150;-99.990;0.50;89.83;
2026-01-08 15:33:44.45;0.00:00:44:984;0.00;0.00;1.00;0.0153;6.503E-06;4.299E-05;0.01531;40.70;44.92;100.04;100.04;0.28;0.0153;0.01531;-6.06E-06;-18.152;-18.150;-99.990;0.50;89.84;
2026-01-08 15:33:44.49;0.00:00:45:032;0.00;0.00;1.00;0.01533;7.943E-06;4.169E-05;0.01533;39.61;44.92;100.04;100.04;0.28;0.01533;0.01533;-6.023E-06;-18.146;-18.144;-99.990;0.50;89.84;
2026-01-08 15:33:44.54;0.00:00:45:077;0.00;0.00;1.00;0.0153;7.955E-06;4.631E-05;0.01531;40.13;44.91;100.05;100.05;0.31;0.0153;0.01531;-7.591E-06;-18.152;-18.150;-99.990;0.50;89.83;
2026-01-08 15:33:44.58;0.00:00:45:124;0.00;0.00;1.00;0.0153;7.723E-06;4.309E-05;0.01531;39.92;44.92;100.05;100.05;0.29;0.0153;0.01531;-7.177E-06;-18.152;-18.150;-99.990;0.50;89.84;
2026-01-08 15:33:44.63;0.00:00:45:170;0.00;0.00;1.00;0.0153;7.71E-06;4.539E-05;0.01531;40.18;44.91;100.05;100.05;0.30;0.0153;0.01531;-7.04E-06;-18.152;-18.150;-99.990;0.50;89.83;
2026-01-08 15:33:44.68;0.00:00:45:218;0.00;0.00;1.00;0.01526;7.065E-06;4.836E-05;0.01527;40.84;44.91;100.05;100.05;0.32;0.01526;0.01527;-7.235E-06;-18.163;-18.161;-99.990;0.50;89.82;
2026-01-08 15:33:44.73;0.00:00:45:264;0.00;0.00;1.00;0.01525;7.427E-06;4.083E-05;0.01526;39.84;44.92;100.04;100.04;0.27;0.01525;0.01526;-6.727E-06;-18.166;-18.164;-99.990;0.50;89.85;
2026-01-08 15:33:44.77;0.00:00:45:311;0.00;0.00;1.00;0.01527;6.993E-06;4.648E-05;0.01528;40.72;44.91;100.05;100.05;0.31;0.01527;0.01528;-7.239E-06;-18.161;-18.159;-99.990;0.50;89.83;
2026-01-08 15:33:44.83;0.00:00:45:373;0.00;0.00;1.00;0.01525;5.819E-06;4.634E-05;0.01525;41.42;44.91;100.04;100.04;0.31;0.01525;0.01525;-6.586E-06;-18.168;-18.166;-99.990;0.50;89.83;
2026-01-08 15:33:44.88;0.00:00:45:421;0.00;0.00;1.00;0.01523;8.032E-06;4.804E-05;0.01523;40.25;44.91;100.04;100.04;0.32;0.01523;0.01523;-6.35E-06;-18.174;-18.172;-99.990;0.50;89.82;
2026-01-08 15:33:44.94;0.00:00:45:481;0.00;0.00;1.00;0.01526;7.547E-06;4.088E-05;0.01527;39.77;44.92;100.04;100.04;0.27;0.01526;0.01527;-6.806E-06;-18.164;-18.162;-99.990;0.50;89.85;
2026-01-08 15:33:44.99;0.00:00:45:528;0.00;0.00;1.00;0.01531;7.384E-06;4.204E-05;0.01532;40.02;44.92;100.04;100.04;0.28;0.01531;0.01532;-6.89E-06;-18.150;-18.148;-99.990;0.50;89.84;
2026-01-08 15:33:45.04;0.00:00:45:578;0.00;0.00;1.00;0.01531;4.941E-06;4.927E-05;0.01532;42.14;44.91;100.04;100.04;0.32;0.01531;0.01532;-6.721E-06;-18.151;-18.149;-99.990;0.50;89.82;
2026-01-08 15:33:45.10;0.00:00:45:637;0.00;0.00;1.00;0.01528;6.634E-06;4.288E-05;0.01529;40.60;44.92;100.04;100.04;0.28;0.01528;0.01529;-6.51E-06;-18.158;-18.157;-99.990;0.50;89.84;
2026-01-08 15:33:45.15;0.00:00:45:684;0.00;0.00;1.00;0.01531;7.405E-06;4.722E-05;0.01532;40.54;44.91;100.04;100.04;0.31;0.01531;0.01532;-6.187E-06;-18.149;-18.148;-99.990;0.50;89.82;
2026-01-08 15:33:45.19;0.00:00:45:731;0.00;0.00;1.00;0.01528;7.431E-06;4.196E-05;0.01528;39.98;44.92;100.04;100.04;0.28;0.01528;0.01528;-6.065E-06;-18.160;-18.158;-99.990;0.50;89.84;
2026-01-08 15:33:45.24;0.00:00:45:780;0.00;0.00;1.00;0.0153;6.793E-06;4.07E-05;0.01531;40.26;44.92;100.05;100.05;0.27;0.0153;0.01531;-7.376E-06;-18.152;-18.150;-99.990;0.50;89.85;
2026-01-08 15:33:45.30;0.00:00:45:841;0.00;0.00;1.00;0.01526;7.736E-06;4.656E-05;0.01527;40.28;44.91;100.04;100.04;0.31;0.01526;0.01527;-6.563E-06;-18.164;-18.162;-99.990;0.50;89.83;
2026-01-08 15:33:45.35;0.00:00:45:888;0.00;0.00;1.00;0.01527;7.617E-06;4.221E-05;0.01528;39.89;44.92;100.05;100.05;0.28;0.01527;0.01528;-7.025E-06;-18.161;-18.159;-99.990;0.50;89.84;
2026-01-08 15:33:45.40;0.00:00:45:936;0.00;0.00;1.00;0.01533;3.481E-06;4.596E-05;0.01533;42.83;44.91;100.04;100.04;0.30;0.01533;0.01533;-6.882E-06;-18.145;-18.143;-99.990;0.50;89.83;
2026-01-08 15:33:45.44;0.00:00:45:983;0.00;0.00;1.00;0.01525;5.061E-06;4.529E-05;0.01525;41.81;44.91;100.04;100.04;0.30;0.01525;0.01525;-5.702E-06;-18.168;-18.167;-99.990;0.50;89.83;
2026-01-08 15:33:45.49;0.00:00:46:030;0.00;0.00;1.00;0.01524;6.68E-06;4.322E-05;0.01525;40.61;44.92;100.04;100.04;0.29;0.01524;0.01525;-6.219E-06;-18.170;-18.168;-99.990;0.50;89.84;
2026-01-08 15:33:45.54;0.00:00:46:080;0.00;0.00;1.00;0.01526;5.64E-06;4.444E-05;0.01527;41.38;44.92;100.04;100.04;0.29;0.01526;0.01527;-6.029E-06;-18.163;-18.161;-99.990;0.50;89.83;
2026-01-08 15:33:45.60;0.00:00:46:141;0.00;0.00;1.00;0.01534;5.174E-06;4.642E-05;0.01534;41.82;44.91;100.04;100.04;0.30;0.01534;0.01534;-5.69E-06;-18.143;-18.141;-99.990;0.50;89.83;
2026-01-08 15:33:45.66;0.00:00:46:202;0.00;0.00;1.00;0.01527;6.551E-06;4.238E-05;0.01527;40.61;44.92;100.04;100.04;0.28;0.01527;0.01527;-6.275E-06;-18.162;-18.160;-99.990;0.50;89.84;
2026-01-08 15:33:45.72;0.00:00:46:264;0.00;0.00;1.00;0.01537;4.381E-06;4.004E-05;0.01538;41.88;44.92;100.04;100.04;0.26;0.01537;0.01538;-6.748E-06;-18.133;-18.131;-99.990;0.50;89.85;
2026-01-08 15:33:45.78;0.00:00:46:314;0.00;0.00;1.00;0.01535;5.695E-06;4.867E-05;0.01536;41.66;44.91;100.04;100.04;0.32;0.01535;0.01536;-6.51E-06;-18.138;-18.136;-99.990;0.50;89.82;
2026-01-08 15:33:45.84;0.00:00:46:376;0.00;0.00;1.00;0.01527;7.24E-06;4.206E-05;0.01528;40.12;44.92;100.04;100.04;0.28;0.01527;0.01528;-6.246E-06;-18.161;-18.160;-99.990;0.50;89.84;
2026-01-08 15:33:45.88;0.00:00:46:421;0.00;0.00;1.00;0.01522;6.486E-06;4.574E-05;0.01522;40.96;44.91;100.04;100.04;0.30;0.01522;0.01522;-6.148E-06;-18.176;-18.175;-99.990;0.50;89.83;
2026-01-08 15:33:45.93;0.00:00:46:466;0.00;0.00;1.00;0.01521;7.144E-06;4.526E-05;0.01522;40.51;44.91;100.04;100.04;0.30;0.01521;0.01522;-6.42E-06;-18.178;-18.176;-99.990;0.50;89.83;
2026-01-08 15:33:45.98;0.00:00:46:515;0.00;0.00;1.00;0.01522;4.959E-06;4.228E-05;0.01523;41.66;44.92;100.04;100.04;0.28;0.01522;0.01523;-5.83E-06;-18.175;-18.174;-99.990;0.50;89.84;
2026-01-08 15:33:46.04;0.00:00:46:576;0.00;0.00;1.00;0.01525;5.647E-06;4.391E-05;0.01526;41.34;44.92;100.04;100.04;0.29;0.01525;0.01526;-6.605E-06;-18.166;-18.164;-99.990;0.50;89.84;
2026-01-08 15:33:46.08;0.00:00:46:623;0.00;0.00;1.00;0.01527;6.556E-06;4.657E-05;0.01528;40.99;44.91;100.04;100.04;0.31;0.01527;0.01528;-6.659E-06;-18.161;-18.159;-99.990;0.50;89.83;
2026-01-08 15:33:46.14;0.00:00:46:683;0.00;0.00;1.00;0.01529;6.14E-06;4.257E-05;0.0153;40.90;44.92;100.04;100.04;0.28;0.01529;0.0153;-6.256E-06;-18.155;-18.153;-99.990;0.50;89.84;
2026-01-08 15:33:46.19;0.00:00:46:730;0.00;0.00;1.00;0.01529;6.347E-06;4.416E-05;0.0153;40.91;44.92;100.04;100.04;0.29;0.01529;0.0153;-6.469E-06;-18.155;-18.153;-99.990;0.50;89.83;
2026-01-08 15:33:46.24;0.00:00:46:777;0.00;0.00;1.00;0.01529;6.973E-06;4.387E-05;0.01529;40.48;44.92;100.04;100.04;0.29;0.01529;0.01529;-6.192E-06;-18.156;-18.155;-99.990;0.50;89.84;
2026-01-08 15:33:46.28;0.00:00:46:822;0.00;0.00;1.00;0.01541;5.22E-06;3.515E-05;0.01542;40.78;44.93;100.04;100.04;0.23;0.01541;0.01542;-5.995E-06;-18.121;-18.120;-99.990;0.50;89.87;
2026-01-08 15:33:46.33;0.00:00:46:870;0.00;0.00;1.00;0.01537;7.534E-06;5.187E-05;0.01538;40.87;44.90;100.04;100.04;0.34;0.01537;0.01538;-6.595E-06;-18.133;-18.131;-99.990;0.50;89.81;
2026-01-08 15:33:46.38;0.00:00:46:917;0.00;0.00;1.00;0.01535;5.911E-06;4.466E-05;0.01536;41.23;44.92;100.04;100.04;0.29;0.01535;0.01536;-5.912E-06;-18.138;-18.136;-99.990;0.50;89.83;
2026-01-08 15:33:46.44;0.00:00:46:978;0.00;0.00;1.00;0.01541;5.463E-06;4.273E-05;0.01542;41.36;44.92;100.04;100.04;0.28;0.01541;0.01542;-6.165E-06;-18.121;-18.119;-99.990;0.50;89.84;
2026-01-08 15:33:46.49;0.00:00:47:025;0.00;0.00;1.00;0.01546;4.493E-06;4.518E-05;0.01547;42.16;44.92;100.04;100.04;0.29;0.01546;0.01547;-5.891E-06;-18.107;-18.106;-99.990;0.50;89.83;
2026-01-08 15:33:46.53;0.00:00:47:072;0.00;0.00;1.00;0.01541;6.7E-06;4.789E-05;0.01542;41.02;44.91;100.04;100.04;0.31;0.01541;0.01542;-6.643E-06;-18.121;-18.120;-99.990;0.50;89.82;
2026-01-08 15:33:46.58;0.00:00:47:119;0.00;0.00;1.00;0.01526;7.244E-06;4.68E-05;0.01526;40.60;44.91;100.04;100.04;0.31;0.01526;0.01526;-6.668E-06;-18.165;-18.163;-99.990;0.50;89.82;
2026-01-08 15:33:46.63;0.00:00:47:165;0.00;0.00;1.00;0.01526;6.662E-06;4.341E-05;0.01527;40.64;44.92;100.05;100.04;0.29;0.01526;0.01527;-6.882E-06;-18.165;-18.163;-99.990;0.50;89.84;
2026-01-08 15:33:46.67;0.00:00:47:212;0.00;0.00;1.00;0.01527;7.148E-06;4.302E-05;0.01528;40.28;44.92;100.04;100.04;0.29;0.01527;0.01528;-6.125E-06;-18.161;-18.159;-99.990;0.50;89.84;
2026-01-08 15:33:46.72;0.00:00:47:258;0.00;0.00;1.00;0.01529;5.001E-06;4.553E-05;0.0153;41.87;44.91;100.04;100.04;0.30;0.01529;0.0153;-6.515E-06;-18.155;-18.153;-99.990;0.50;89.83;
2026-01-08 15:33:46.77;0.00:00:47:305;0.00;0.00;1.00;0.01527;7.58E-06;4.32E-05;0.01528;40.02;44.92;100.04;100.04;0.29;0.01527;0.01528;-6.491E-06;-18.161;-18.159;-99.990;0.50;89.84;
2026-01-08 15:33:46.81;0.00:00:47:353;0.00;0.00;1.00;0.01531;7.499E-06;4.466E-05;0.01532;40.23;44.92;100.04;100.04;0.30;0.01531;0.01532;-6.248E-06;-18.149;-18.147;-99.990;0.50;89.83;
2026-01-08 15:33:46.88;0.00:00:47:414;0.00;0.00;1.00;0.01533;7.09E-06;4.46E-05;0.01534;40.48;44.92;100.04;100.04;0.29;0.01533;0.01534;-6.04E-06;-18.144;-18.143;-99.990;0.50;89.83;
2026-01-08 15:33:46.92;0.00:00:47:460;0.00;0.00;1.00;0.01533;4.754E-06;4.812E-05;0.01534;42.18;44.91;100.04;100.04;0.32;0.01533;0.01534;-6.025E-06;-18.145;-18.143;-99.990;0.50;89.82;
2026-01-08 15:33:46.97;0.00:00:47:506;0.00;0.00;1.00;0.01527;7.408E-06;4.678E-05;0.01528;40.50;44.91;100.05;100.05;0.31;0.01527;0.01528;-7.65E-06;-18.162;-18.159;-99.990;0.50;89.82;
2026-01-08 15:33:47.02;0.00:00:47:554;0.00;0.00;1.00;0.01524;5.332E-06;4.732E-05;0.01524;41.79;44.91;100.04;100.04;0.31;0.01524;0.01524;-6.415E-06;-18.171;-18.169;-99.990;0.50;89.82;
2026-01-08 15:33:47.06;0.00:00:47:600;0.00;0.00;1.00;0.01518;7.03E-06;4.74E-05;0.01518;40.78;44.91;100.04;100.04;0.32;0.01518;0.01518;-6.161E-06;-18.189;-18.187;-99.990;0.50;89.82;
2026-01-08 15:33:47.11;0.00:00:47:645;0.00;0.00;1.00;0.01515;5.759E-06;4.238E-05;0.01516;41.13;44.92;100.04;100.04;0.28;0.01515;0.01516;-6.092E-06;-18.195;-18.193;-99.990;0.50;89.84;
2026-01-08 15:33:47.16;0.00:00:47:694;0.00;0.00;1.00;0.01527;8.366E-06;3.609E-05;0.01528;38.47;44.93;100.04;100.04;0.24;0.01527;0.01528;-6.658E-06;-18.161;-18.160;-99.990;0.50;89.86;
2026-01-08 15:33:47.20;0.00:00:47:740;0.00;0.00;1.00;0.01535;4.878E-06;4.505E-05;0.01536;41.91;44.92;100.05;100.05;0.30;0.01535;0.01536;-7.261E-06;-18.139;-18.137;-99.990;0.50;89.83;
2026-01-08 15:33:47.25;0.00:00:47:787;0.00;0.00;1.00;0.01529;7.059E-06;4.798E-05;0.01529;40.82;44.91;100.04;100.04;0.32;0.01529;0.01529;-6.374E-06;-18.157;-18.155;-99.990;0.50;89.82;
2026-01-08 15:33:47.31;0.00:00:47:847;0.00;0.00;1.00;0.01525;7.752E-06;4.21E-05;0.01526;39.78;44.92;100.04;100.04;0.28;0.01525;0.01526;-6.467E-06;-18.167;-18.165;-99.990;0.50;89.84;
2026-01-08 15:33:47.36;0.00:00:47:894;0.00;0.00;1.00;0.01526;6.489E-06;4.368E-05;0.01527;40.77;44.92;100.04;100.04;0.29;0.01526;0.01527;-6.089E-06;-18.164;-18.162;-99.990;0.50;89.84;
2026-01-08 15:33:47.40;0.00:00:47:940;0.00;0.00;1.00;0.01531;6.848E-06;4.051E-05;0.01532;40.20;44.92;100.04;100.04;0.27;0.01531;0.01532;-6.353E-06;-18.150;-18.149;-99.990;0.50;89.85;
2026-01-08 15:33:47.45;0.00:00:47:989;0.00;0.00;1.00;0.01531;7.679E-06;4.692E-05;0.01532;40.35;44.91;100.04;100.04;0.31;0.01531;0.01532;-6.828E-06;-18.151;-18.149;-99.990;0.50;89.82;
2026-01-08 15:33:47.51;0.00:00:48:049;0.00;0.00;1.00;0.01529;7.017E-06;4.409E-05;0.0153;40.48;44.92;100.05;100.05;0.29;0.01529;0.0153;-7.079E-06;-18.156;-18.154;-99.990;0.50;89.83;
2026-01-08 15:33:47.56;0.00:00:48:097;0.00;0.00;1.00;0.0152;8.676E-06;3.935E-05;0.0152;38.78;44.92;100.04;100.04;0.27;0.0152;0.0152;-6.702E-06;-18.182;-18.180;-99.990;0.50;89.85;
2026-01-08 15:33:47.60;0.00:00:48:143;0.00;0.00;1.00;0.01529;5.675E-06;4.167E-05;0.0153;41.12;44.92;100.05;100.05;0.28;0.01529;0.0153;-7.171E-06;-18.156;-18.154;-99.990;0.50;89.84;
2026-01-08 15:33:47.65;0.00:00:48:191;0.00;0.00;1.00;0.01532;6.959E-06;4.311E-05;0.01532;40.41;44.92;100.05;100.04;0.29;0.01532;0.01532;-6.908E-06;-18.148;-18.146;-99.990;0.50;89.84;
2026-01-08 15:33:47.70;0.00:00:48:238;0.00;0.00;1.00;0.01533;8.071E-06;4.282E-05;0.01534;39.66;44.92;100.05;100.04;0.28;0.01533;0.01534;-6.915E-06;-18.144;-18.142;-99.990;0.50;89.84;
2026-01-08 15:33:47.75;0.00:00:48:286;0.00;0.00;1.00;0.01534;6.913E-06;4.467E-05;0.01534;40.60;44.92;100.04;100.04;0.29;0.01534;0.01534;-6.18E-06;-18.143;-18.141;-99.990;0.50;89.83;
2026-01-08 15:33:47.79;0.00:00:48:333;0.00;0.00;1.00;0.01532;7.648E-06;4.59E-05;0.01533;40.27;44.91;100.05;100.05;0.30;0.01532;0.01533;-7.141E-06;-18.146;-18.144;-99.990;0.50;89.83;
2026-01-08 15:33:47.84;0.00:00:48:380;0.00;0.00;1.00;0.01534;7.072E-06;4.282E-05;0.01534;40.31;44.92;100.04;100.04;0.28;0.01534;0.01534;-6.334E-06;-18.143;-18.141;-99.990;0.50;89.84;
2026-01-08 15:33:47.90;0.00:00:48:441;0.00;0.00;1.00;0.01532;5.297E-06;4.459E-05;0.01533;41.61;44.92;100.05;100.05;0.29;0.01532;0.01533;-7.064E-06;-18.146;-18.144;-99.990;0.50;89.83;
2026-01-08 15:33:47.95;0.00:00:48:490;0.00;0.00;1.00;0.01529;8.505E-06;4.562E-05;0.0153;39.72;44.91;100.04;100.04;0.30;0.01529;0.0153;-6.822E-06;-18.155;-18.153;-99.990;0.50;89.83;
2026-01-08 15:33:48.01;0.00:00:48:551;0.00;0.00;1.00;0.0153;5.236E-06;4.402E-05;0.01531;41.61;44.92;100.04;100.04;0.29;0.0153;0.01531;-6.732E-06;-18.153;-18.151;-99.990;0.50;89.84;
2026-01-08 15:33:48.06;0.00:00:48:598;0.00;0.00;1.00;0.0153;6.907E-06;4.44E-05;0.01531;40.58;44.92;100.04;100.04;0.29;0.0153;0.01531;-6.487E-06;-18.153;-18.151;-99.990;0.50;89.83;
2026-01-08 15:33:48.10;0.00:00:48:643;0.00;0.00;1.00;0.01529;9.256E-06;4.604E-05;0.0153;39.32;44.91;100.05;100.05;0.31;0.01529;0.0153;-7.124E-06;-18.156;-18.154;-99.990;0.50;89.83;
2026-01-08 15:33:48.15;0.00:00:48:691;0.00;0.00;1.00;0.01534;6.189E-06;4.213E-05;0.01535;40.82;44.92;100.04;100.04;0.28;0.01534;0.01535;-6.274E-06;-18.142;-18.140;-99.990;0.50;89.84;
2026-01-08 15:33:48.21;0.00:00:48:745;0.00;0.00;1.00;0.01533;4.771E-06;4.772E-05;0.01534;42.15;44.91;100.04;100.04;0.31;0.01533;0.01534;-6.134E-06;-18.143;-18.141;-99.990;0.50;89.82;
2026-01-08 15:33:48.26;0.00:00:48:795;0.00;0.00;1.00;0.01527;7.62E-06;4.417E-05;0.01528;40.11;44.92;100.04;100.04;0.29;0.01527;0.01528;-6.293E-06;-18.160;-18.159;-99.990;0.50;89.83;
2026-01-08 15:33:48.31;0.00:00:48:846;0.00;0.00;1.00;0.01529;4.767E-06;4.541E-05;0.01529;42.00;44.91;100.04;100.04;0.30;0.01529;0.01529;-6.344E-06;-18.157;-18.155;-99.990;0.50;89.83;
2026-01-08 15:33:48.36;0.00:00:48:897;0.00;0.00;1.00;0.01526;8.02E-06;4.621E-05;0.01527;40.08;44.91;100.04;100.04;0.31;0.01526;0.01527;-5.984E-06;-18.163;-18.162;-99.990;0.50;89.83;
2026-01-08 15:33:48.41;0.00:00:48:948;0.00;0.00;1.00;0.01527;6.956E-06;4.306E-05;0.01528;40.41;44.92;100.04;100.04;0.29;0.01527;0.01528;-6.704E-06;-18.161;-18.159;-99.990;0.50;89.84;
2026-01-08 15:33:48.46;0.00:00:49:001;0.00;0.00;1.00;0.01524;6.633E-06;4.491E-05;0.01525;40.80;44.91;100.04;100.04;0.30;0.01524;0.01525;-6.722E-06;-18.169;-18.167;-99.990;0.50;89.83;
2026-01-08 15:33:48.51;0.00:00:49:053;0.00;0.00;1.00;0.01527;7.252E-06;4.145E-05;0.01528;40.04;44.92;100.04;100.04;0.28;0.01527;0.01528;-6.246E-06;-18.161;-18.160;-99.990;0.50;89.84;
2026-01-08 15:33:48.56;0.00:00:49:103;0.00;0.00;1.00;0.01529;8.853E-06;4.444E-05;0.0153;39.37;44.92;100.05;100.05;0.30;0.01529;0.0153;-7.142E-06;-18.155;-18.153;-99.990;0.50;89.83;
2026-01-08 15:33:48.62;0.00:00:49:155;0.00;0.00;1.00;0.01527;6.575E-06;4.595E-05;0.01528;40.93;44.91;100.04;100.04;0.30;0.01527;0.01528;-6.018E-06;-18.161;-18.159;-99.990;0.50;89.83;
2026-01-08 15:33:48.67;0.00:00:49:205;0.00;0.00;1.00;0.01531;8.899E-06;3.726E-05;0.01532;38.28;44.93;100.04;100.04;0.25;0.01531;0.01532;-6.033E-06;-18.150;-18.148;-99.990;0.50;89.86;
2026-01-08 15:33:48.72;0.00:00:49:256;0.00;0.00;1.00;0.01524;7.871E-06;5.941E-05;0.01525;41.23;44.89;100.04;100.04;0.39;0.01524;0.01525;-6.843E-06;-18.170;-18.168;-99.990;0.50;89.78;
2026-01-08 15:33:48.77;0.00:00:49:308;0.00;0.00;1.00;0.0153;7.034E-06;3.895E-05;0.0153;39.88;44.93;100.05;100.05;0.26;0.0153;0.0153;-7.495E-06;-18.154;-18.152;-99.990;0.50;89.85;
2026-01-08 15:33:48.82;0.00:00:49:360;0.00;0.00;1.00;0.01532;5.253E-06;4.888E-05;0.01533;41.93;44.91;100.04;100.04;0.32;0.01532;0.01533;-6.144E-06;-18.147;-18.145;-99.990;0.50;89.82;
2026-01-08 15:33:48.87;0.00:00:49:410;0.00;0.00;1.00;0.01526;4.728E-06;4.192E-05;0.01527;41.78;44.92;100.04;100.04;0.28;0.01526;0.01527;-6.182E-06;-18.163;-18.161;-99.990;0.50;89.84;
2026-01-08 15:33:48.92;0.00:00:49:461;0.00;0.00;1.00;0.01527;5.525E-06;4.123E-05;0.01528;41.18;44.92;100.04;100.04;0.27;0.01527;0.01528;-6.002E-06;-18.161;-18.159;-99.990;0.50;89.85;
2026-01-08 15:33:48.98;0.00:00:49:514;0.00;0.00;1.00;0.01531;6.145E-06;4.456E-05;0.01531;41.07;44.92;100.04;100.04;0.29;0.01531;0.01531;-6.459E-06;-18.151;-18.150;-99.990;0.50;89.83;
2026-01-08 15:33:49.02;0.00:00:49:563;0.00;0.00;1.00;0.01538;5.616E-06;4.379E-05;0.01538;41.35;44.92;100.04;100.04;0.29;0.01538;0.01538;-6.505E-06;-18.131;-18.129;-99.990;0.50;89.84;
2026-01-08 15:33:49.08;0.00:00:49:614;0.00;0.00;1.00;0.01533;6.924E-06;4.779E-05;0.01534;40.88;44.91;100.04;100.04;0.31;0.01533;0.01534;-6.686E-06;-18.143;-18.142;-99.990;0.50;89.82;
2026-01-08 15:33:49.13;0.00:00:49:665;0.00;0.00;1.00;0.01524;7.628E-06;4.493E-05;0.01525;40.18;44.91;100.04;100.04;0.30;0.01524;0.01525;-6.204E-06;-18.169;-18.168;-99.990;0.50;89.83;
2026-01-08 15:33:49.18;0.00:00:49:717;0.00;0.00;1.00;0.01529;6.718E-06;4.132E-05;0.0153;40.38;44.92;100.04;100.04;0.27;0.01529;0.0153;-6.591E-06;-18.155;-18.154;-99.990;0.50;89.85;
2026-01-08 15:33:49.23;0.00:00:49:768;0.00;0.00;1.00;0.01534;7.606E-06;4.256E-05;0.01534;39.93;44.92;100.04;100.04;0.28;0.01534;0.01534;-6.043E-06;-18.142;-18.140;-99.990;0.50;89.84;
2026-01-08 15:33:49.28;0.00:00:49:819;0.00;0.00;1.00;0.01534;4.191E-06;4.896E-05;0.01535;42.55;44.91;100.04;100.04;0.32;0.01534;0.01535;-6.688E-06;-18.142;-18.140;-99.990;0.50;89.82;
2026-01-08 15:33:49.33;0.00:00:49:870;0.00;0.00;1.00;0.01522;9.033E-06;3.826E-05;0.01523;38.36;44.93;100.04;100.04;0.26;0.01522;0.01523;-6.728E-06;-18.175;-18.173;-99.990;0.50;89.86;
2026-01-08 15:33:49.38;0.00:00:49:923;0.00;0.00;1.00;0.01532;6.015E-06;4.153E-05;0.01533;40.88;44.92;100.04;100.04;0.27;0.01532;0.01533;-6.097E-06;-18.148;-18.146;-99.990;0.50;89.84;
2026-01-08 15:33:49.43;0.00:00:49:973;0.00;0.00;1.00;0.01514;1.744E-05;4.625E-05;0.01514;34.67;44.91;100.04;100.04;0.33;0.01514;0.01514;-6.358E-06;-18.199;-18.197;-99.990;0.50;89.83;
2026-01-08 15:33:49.48;0.00:00:50:022;0.00;0.00;1.00;0.01527;7.592E-06;4.086E-05;0.01528;39.74;44.92;100.05;100.05;0.27;0.01527;0.01528;-7.056E-06;-18.161;-18.159;-99.990;0.50;89.85;
2026-01-08 15:33:49.55;0.00:00:50:085;0.00;0.00;1.00;0.01529;3.879E-06;4.489E-05;0.01529;42.53;44.92;100.05;100.05;0.29;0.01529;0.01529;-7.078E-06;-18.157;-18.155;-99.990;0.50;89.83;
2026-01-08 15:33:49.60;0.00:00:50:135;0.00;0.00;1.00;0.01534;7.694E-06;4.159E-05;0.01535;39.76;44.92;100.04;100.04;0.28;0.01534;0.01535;-6.55E-06;-18.142;-18.140;-99.990;0.50;89.84;
2026-01-08 15:33:49.65;0.00:00:50:186;0.00;0.00;1.00;0.01534;5.545E-06;4.606E-05;0.01535;41.57;44.91;100.04;100.04;0.30;0.01534;0.01535;-6.382E-06;-18.141;-18.139;-99.990;0.50;89.83;
2026-01-08 15:33:49.70;0.00:00:50:236;0.00;0.00;1.00;0.01553;6.071E-06;5.146E-05;0.01553;41.64;44.90;100.04;100.04;0.33;0.01553;0.01553;-6.505E-06;-18.090;-18.088;-99.990;0.50;89.81;
2026-01-08 15:33:49.75;0.00:00:50:289;0.00;0.00;1.00;0.01548;6.765E-06;4.855E-05;0.01549;41.03;44.91;100.04;100.04;0.32;0.01548;0.01549;-6.176E-06;-18.102;-18.101;-99.990;0.50;89.82;
2026-01-08 15:33:49.81;0.00:00:50:351;0.00;0.00;1.00;0.0153;4.542E-06;5.62E-05;0.01531;42.69;44.89;100.05;100.05;0.37;0.0153;0.01531;-7.588E-06;-18.153;-18.151;-99.990;0.50;89.79;
2026-01-08 15:33:49.86;0.00:00:50:400;0.00;0.00;1.00;0.01499;1.002E-05;3.789E-05;0.015;37.59;44.93;100.04;100.04;0.26;0.01499;0.015;-6.67E-06;-18.242;-18.240;-99.990;0.50;89.86;
2026-01-08 15:33:49.91;0.00:00:50:452;0.00;0.00;1.00;0.01519;5.553E-06;3.172E-05;0.01519;40.04;44.94;100.04;100.04;0.21;0.01519;0.01519;-6.516E-06;-18.185;-18.183;-99.990;0.50;89.88;
2026-01-08 15:33:49.96;0.00:00:50:502;0.00;0.00;1.00;0.01521;1.126E-05;4.583E-05;0.01522;38.10;44.91;100.05;100.05;0.31;0.01521;0.01522;-7.361E-06;-18.179;-18.177;-99.990;0.50;89.83;
2026-01-08 15:33:50.02;0.00:00:50:554;0.00;0.00;1.00;0.0153;5.069E-06;4.074E-05;0.01531;41.45;44.92;100.04;100.04;0.27;0.0153;0.01531;-5.784E-06;-18.153;-18.151;-99.990;0.50;89.85;
2026-01-08 15:33:50.07;0.00:00:50:605;0.00;0.00;1.00;0.01529;1.04E-05;4.087E-05;0.01529;37.86;44.92;100.05;100.05;0.28;0.01529;0.01529;-7.307E-06;-18.157;-18.155;-99.990;0.50;89.85;
2026-01-08 15:33:50.12;0.00:00:50:655;0.00;0.00;1.00;0.01533;4.715E-06;4.493E-05;0.01534;42.00;44.92;100.04;100.04;0.29;0.01533;0.01534;-5.903E-06;-18.144;-18.142;-99.990;0.50;89.83;
2026-01-08 15:33:50.17;0.00:00:50:707;0.00;0.00;1.00;0.01535;8.766E-06;4.918E-05;0.01535;39.95;44.91;100.05;100.05;0.33;0.01535;0.01535;-7.09E-06;-18.140;-18.138;-99.990;0.50;89.82;
2026-01-08 15:33:50.22;0.00:00:50:754;0.00;0.00;1.00;0.0153;6.034E-06;4.932E-05;0.01531;41.51;44.91;100.05;100.04;0.32;0.0153;0.01531;-6.946E-06;-18.153;-18.152;-99.990;0.50;89.82;
2026-01-08 15:33:50.26;0.00:00:50:801;0.00;0.00;1.00;0.01521;5.629E-06;4.716E-05;0.01521;41.60;44.91;100.04;100.04;0.31;0.01521;0.01521;-6.296E-06;-18.180;-18.178;-99.990;0.50;89.82;
2026-01-08 15:33:50.31;0.00:00:50:847;0.00;0.00;1.00;0.01515;7.488E-06;4.866E-05;0.01516;40.63;44.91;100.04;100.04;0.32;0.01515;0.01516;-6.545E-06;-18.196;-18.194;-99.990;0.50;89.82;
2026-01-08 15:33:50.36;0.00:00:50:894;0.00;0.00;1.00;0.01519;6.882E-06;3.921E-05;0.0152;40.02;44.92;100.04;100.04;0.26;0.01519;0.0152;-6.579E-06;-18.184;-18.182;-99.990;0.50;89.85;
2026-01-08 15:33:50.40;0.00:00:50:940;0.00;0.00;1.00;0.01524;7.361E-06;4.411E-05;0.01524;40.26;44.92;100.05;100.05;0.29;0.01524;0.01524;-6.993E-06;-18.171;-18.169;-99.990;0.50;89.83;
2026-01-08 15:33:50.45;0.00:00:50:987;0.00;0.00;1.00;0.01525;6.856E-06;4.34E-05;0.01526;40.51;44.92;100.04;100.04;0.29;0.01525;0.01526;-6.223E-06;-18.167;-18.165;-99.990;0.50;89.84;
2026-01-08 15:33:50.50;0.00:00:51:035;0.00;0.00;1.00;0.01525;6.402E-06;4.496E-05;0.01526;40.95;44.91;100.04;100.04;0.30;0.01525;0.01526;-6.359E-06;-18.167;-18.165;-99.990;0.50;89.83;
2026-01-08 15:33:50.56;0.00:00:51:096;0.00;0.00;1.00;0.01524;6.968E-06;4.603E-05;0.01524;40.70;44.91;100.05;100.05;0.31;0.01524;0.01524;-7.024E-06;-18.171;-18.169;-99.990;0.50;89.83;
2026-01-08 15:33:50.60;0.00:00:51:143;0.00;0.00;1.00;0.01522;6.111E-06;4.347E-05;0.01523;41.00;44.92;100.04;100.04;0.29;0.01522;0.01523;-6.013E-06;-18.175;-18.173;-99.990;0.50;89.84;
2026-01-08 15:33:50.65;0.00:00:51:189;0.00;0.00;1.00;0.01527;5.664E-06;4.036E-05;0.01527;41.01;44.92;100.04;100.04;0.27;0.01527;0.01527;-6.443E-06;-18.162;-18.160;-99.990;0.50;89.85;
2026-01-08 15:33:50.70;0.00:00:51:236;0.00;0.00;1.00;0.01528;4.346E-06;4.758E-05;0.01528;42.39;44.91;100.04;100.04;0.31;0.01528;0.01528;-5.896E-06;-18.160;-18.158;-99.990;0.50;89.82;
2026-01-08 15:33:50.75;0.00:00:51:284;0.00;0.00;1.00;0.01521;6.819E-06;4.826E-05;0.01521;40.98;44.91;100.04;100.04;0.32;0.01521;0.01521;-6.478E-06;-18.180;-18.178;-99.990;0.50;89.82;
2026-01-08 15:33:50.79;0.00:00:51:330;0.00;0.00;1.00;0.01514;6.233E-06;4.465E-05;0.01515;41.03;44.91;100.04;100.04;0.30;0.01514;0.01515;-6.346E-06;-18.197;-18.196;-99.990;0.50;89.83;
2026-01-08 15:33:50.84;0.00:00:51:376;0.00;0.00;1.00;0.01518;6.842E-06;3.713E-05;0.01519;39.78;44.93;100.04;100.04;0.25;0.01518;0.01519;-6.451E-06;-18.188;-18.186;-99.990;0.50;89.86;
2026-01-08 15:33:50.88;0.00:00:51:422;0.00;0.00;1.00;0.01526;6.999E-06;4.1E-05;0.01526;40.16;44.92;100.04;100.04;0.27;0.01526;0.01526;-6.865E-06;-18.166;-18.164;-99.990;0.50;89.85;
2026-01-08 15:33:50.93;0.00:00:51:470;0.00;0.00;1.00;0.01528;8.217E-06;4.229E-05;0.01529;39.50;44.92;100.05;100.05;0.28;0.01528;0.01529;-7.076E-06;-18.158;-18.156;-99.990;0.50;89.84;
2026-01-08 15:33:50.98;0.00:00:51:516;0.00;0.00;1.00;0.01533;3.905E-06;4.703E-05;0.01534;42.63;44.91;100.05;100.04;0.31;0.01533;0.01534;-6.961E-06;-18.144;-18.142;-99.990;0.50;89.82;
2026-01-08 15:33:51.02;0.00:00:51:563;0.00;0.00;1.00;0.01527;5.633E-06;4.633E-05;0.01528;41.53;44.91;100.04;100.04;0.31;0.01527;0.01528;-6.215E-06;-18.162;-18.160;-99.990;0.50;89.83;
2026-01-08 15:33:51.07;0.00:00:51:611;0.00;0.00;1.00;0.01534;6.765E-06;4.146E-05;0.01534;40.37;44.92;100.04;100.04;0.27;0.01534;0.01534;-6.749E-06;-18.142;-18.140;-99.990;0.50;89.85;
2026-01-08 15:33:51.12;0.00:00:51:656;0.00;0.00;1.00;0.01536;4.281E-06;4.598E-05;0.01536;42.34;44.91;100.04;100.04;0.30;0.01536;0.01536;-6.112E-06;-18.137;-18.135;-99.990;0.50;89.83;
2026-01-08 15:33:51.17;0.00:00:51:705;0.00;0.00;1.00;0.01524;6.956E-06;4.705E-05;0.01524;40.79;44.91;100.05;100.04;0.31;0.01524;0.01524;-6.871E-06;-18.171;-18.169;-99.990;0.50;89.82;
2026-01-08 15:33:51.23;0.00:00:51:764;0.00;0.00;1.00;0.01522;5.525E-06;4.4E-05;0.01522;41.42;44.92;100.04;100.04;0.29;0.01522;0.01522;-5.721E-06;-18.177;-18.175;-99.990;0.50;89.83;
2026-01-08 15:33:51.27;0.00:00:51:812;0.00;0.00;1.00;0.01526;7.36E-06;4.262E-05;0.01527;40.10;44.92;100.04;100.04;0.28;0.01526;0.01527;-6.106E-06;-18.163;-18.162;-99.990;0.50;89.84;
2026-01-08 15:33:51.32;0.00:00:51:860;0.00;0.00;1.00;0.01523;7.278E-06;4.774E-05;0.01523;40.67;44.91;100.05;100.05;0.32;0.01523;0.01523;-7.065E-06;-18.174;-18.172;-99.990;0.50;89.82;
2026-01-08 15:33:51.37;0.00:00:51:906;0.00;0.00;1.00;0.01526;5.876E-06;4.297E-05;0.01527;41.11;44.92;100.04;100.04;0.28;0.01526;0.01527;-6.38E-06;-18.163;-18.162;-99.990;0.50;89.84;
2026-01-08 15:33:51.41;0.00:00:51:952;0.00;0.00;1.00;0.01527;7.55E-06;4.651E-05;0.01528;40.39;44.91;100.05;100.05;0.31;0.01527;0.01528;-6.963E-06;-18.162;-18.160;-99.990;0.50;89.83;
2026-01-08 15:33:51.46;0.00:00:51:999;0.00;0.00;1.00;0.01528;5.621E-06;4.359E-05;0.01529;41.33;44.92;100.04;100.04;0.29;0.01528;0.01529;-6.785E-06;-18.159;-18.157;-99.990;0.50;89.84;
2026-01-08 15:33:51.51;0.00:00:52:045;0.00;0.00;1.00;0.01533;5.101E-06;4.511E-05;0.01534;41.77;44.92;100.04;100.04;0.30;0.01533;0.01534;-6.239E-06;-18.145;-18.143;-99.990;0.50;89.83;
2026-01-08 15:33:51.55;0.00:00:52:093;0.00;0.00;1.00;0.01531;7.921E-06;4.529E-05;0.01532;40.04;44.91;100.05;100.05;0.30;0.01531;0.01532;-7.075E-06;-18.149;-18.147;-99.990;0.50;89.83;
2026-01-08 15:33:51.60;0.00:00:52:140;0.00;0.00;1.00;0.01527;7.435E-06;4.31E-05;0.01528;40.11;44.92;100.04;100.04;0.29;0.01527;0.01528;-6.155E-06;-18.161;-18.159;-99.990;0.50;89.84;
2026-01-08 15:33:51.66;0.00:00:52:200;0.00;0.00;1.00;0.01526;4.07E-06;4.76E-05;0.01526;42.56;44.91;100.04;100.04;0.31;0.01526;0.01526;-5.752E-06;-18.165;-18.163;-99.990;0.50;89.82;
2026-01-08 15:33:51.72;0.00:00:52:261;0.00;0.00;1.00;0.01529;6.982E-06;4.362E-05;0.0153;40.45;44.92;100.04;100.04;0.29;0.01529;0.0153;-6.789E-06;-18.156;-18.154;-99.990;0.50;89.84;
2026-01-08 15:33:51.77;0.00:00:52:307;0.00;0.00;1.00;0.0153;6.013E-06;4.524E-05;0.01531;41.21;44.91;100.04;100.04;0.30;0.0153;0.01531;-6.854E-06;-18.153;-18.151;-99.990;0.50;89.83;
2026-01-08 15:33:51.81;0.00:00:52:353;0.00;0.00;1.00;0.01528;8.381E-06;4.585E-05;0.01529;39.82;44.91;100.05;100.05;0.31;0.01528;0.01529;-6.998E-06;-18.159;-18.157;-99.990;0.50;89.83;
2026-01-08 15:33:51.86;0.00:00:52:400;0.00;0.00;1.00;0.01527;6.631E-06;4.553E-05;0.01527;40.86;44.91;100.05;100.05;0.30;0.01527;0.01527;-7.007E-06;-18.163;-18.161;-99.990;0.50;89.83;
2026-01-08 15:33:51.91;0.00:00:52:448;0.00;0.00;1.00;0.01526;6.891E-06;4.338E-05;0.01526;40.49;44.92;100.04;100.04;0.29;0.01526;0.01526;-6.485E-06;-18.165;-18.163;-99.990;0.50;89.84;
2026-01-08 15:33:51.96;0.00:00:52:495;0.00;0.00;1.00;0.01528;6.853E-06;4.486E-05;0.01529;40.66;44.91;100.04;100.04;0.30;0.01528;0.01529;-5.624E-06;-18.158;-18.156;-99.990;0.50;89.83;
2026-01-08 15:33:52.00;0.00:00:52:543;0.00;0.00;1.00;0.01527;6.1E-06;4.283E-05;0.01527;40.95;44.92;100.04;100.04;0.28;0.01527;0.01527;-5.802E-06;-18.162;-18.160;-99.990;0.50;89.84;
2026-01-08 15:33:52.06;0.00:00:52:603;0.00;0.00;1.00;0.01525;7.729E-06;4.44E-05;0.01526;40.06;44.92;100.05;100.04;0.30;0.01525;0.01526;-6.88E-06;-18.166;-18.164;-99.990;0.50;89.83;
2026-01-08 15:33:52.11;0.00:00:52:649;0.00;0.00;1.00;0.01528;7.316E-06;4.276E-05;0.01529;40.15;44.92;100.04;100.04;0.28;0.01528;0.01529;-6.876E-06;-18.159;-18.157;-99.990;0.50;89.84;
2026-01-08 15:33:52.16;0.00:00:52:697;0.00;0.00;1.00;0.01528;6.963E-06;4.334E-05;0.01528;40.44;44.92;100.04;100.04;0.29;0.01528;0.01529;-6.585E-06;-18.159;-18.157;-99.990;0.50;89.84;
2026-01-08 15:33:52.20;0.00:00:52:743;0.00;0.00;1.00;0.01532;5.298E-06;4.226E-05;0.01532;41.43;44.92;100.04;100.04;0.28;0.01532;0.01532;-6.601E-06;-18.148;-18.147;-99.990;0.50;89.84;
2026-01-08 15:33:52.25;0.00:00:52:789;0.00;0.00;1.00;0.01532;6.87E-06;4.403E-05;0.01533;40.57;44.92;100.04;100.04;0.29;0.01532;0.01533;-6.174E-06;-18.147;-18.145;-99.990;0.50;89.84;
2026-01-08 15:33:52.30;0.00:00:52:837;0.00;0.00;1.00;0.01531;7.651E-06;4.369E-05;0.01531;40.03;44.92;100.04;100.04;0.29;0.01531;0.01531;-6.154E-06;-18.151;-18.149;-99.990;0.50;89.84;
2026-01-08 15:33:52.34;0.00:00:52:884;0.00;0.00;1.00;0.01532;8.164E-06;4.379E-05;0.01532;39.72;44.92;100.05;100.05;0.29;0.01532;0.01532;-7.122E-06;-18.148;-18.146;-99.990;0.50;89.84;
2026-01-08 15:33:52.39;0.00:00:52:930;0.00;0.00;1.00;0.01532;7.43E-06;4.384E-05;0.01532;40.19;44.92;100.04;100.04;0.29;0.01532;0.01532;-6.679E-06;-18.148;-18.146;-99.990;0.50;89.84;
2026-01-08 15:33:52.44;0.00:00:52:977;0.00;0.00;1.00;0.01533;6.599E-06;4.349E-05;0.01534;40.69;44.92;100.04;100.04;0.29;0.01533;0.01534;-6.21E-06;-18.144;-18.142;-99.990;0.50;89.84;
2026-01-08 15:33:52.50;0.00:00:53:037;0.00;0.00;1.00;0.01537;5.098E-06;4.457E-05;0.01538;41.74;44.92;100.04;100.04;0.29;0.01537;0.01538;-6.334E-06;-18.132;-18.130;-99.990;0.50;89.83;
2026-01-08 15:33:52.55;0.00:00:53:084;0.00;0.00;1.00;0.01534;8.979E-06;3.86E-05;0.01535;38.45;44.93;100.04;100.04;0.26;0.01534;0.01535;-6.872E-06;-18.142;-18.140;-99.990;0.50;89.86;
2026-01-08 15:33:52.59;0.00:00:53:130;0.00;0.00;1.00;0.01552;6.546E-06;4.132E-05;0.01553;40.50;44.92;100.05;100.05;0.27;0.01552;0.01553;-7.296E-06;-18.090;-18.088;-99.990;0.50;89.85;
2026-01-08 15:33:52.64;0.00:00:53:178;0.00;0.00;1.00;0.01535;5.987E-06;5.105E-05;0.01536;41.66;44.90;100.04;100.04;0.33;0.01535;0.01536;-6.585E-06;-18.139;-18.137;-99.990;0.50;89.81;
2026-01-08 15:33:52.69;0.00:00:53:224;0.00;0.00;1.00;0.01537;6.471E-06;3.897E-05;0.01538;40.29;44.93;100.04;100.04;0.26;0.01537;0.01538;-6.67E-06;-18.133;-18.131;-99.990;0.50;89.85;
2026-01-08 15:33:52.73;0.00:00:53:271;0.00;0.00;1.00;0.01534;7.887E-06;4.835E-05;0.01535;40.37;44.91;100.04;100.04;0.32;0.01534;0.01535;-6.429E-06;-18.141;-18.139;-99.990;0.50;89.82;
2026-01-08 15:33:52.78;0.00:00:53:318;0.00;0.00;1.00;0.01521;1.073E-05;5.033E-05;0.01522;38.98;44.90;100.04;100.04;0.34;0.01521;0.01522;-5.887E-06;-18.178;-18.176;-99.990;0.50;89.81;
2026-01-08 15:33:52.83;0.00:00:53:365;0.00;0.00;1.00;0.01528;1.691E-06;4.282E-05;0.01528;43.87;44.92;100.05;100.04;0.28;0.01528;0.01528;-6.905E-06;-18.160;-18.158;-99.990;0.50;89.84;
2026-01-08 15:33:52.87;0.00:00:53:412;0.00;0.00;1.00;0.01526;5.84E-06;4.051E-05;0.01527;40.90;44.92;100.04;100.04;0.27;0.01526;0.01527;-6.808E-06;-18.163;-18.161;-99.990;0.50;89.85;
2026-01-08 15:33:52.92;0.00:00:53:460;0.00;0.00;1.00;0.01525;4.497E-06;5.048E-05;0.01526;42.45;44.90;100.05;100.05;0.33;0.01525;0.01526;-7.032E-06;-18.167;-18.165;-99.990;0.50;89.81;
2026-01-08 15:33:52.97;0.00:00:53:507;0.00;0.00;1.00;0.01522;7.18E-06;3.986E-05;0.01522;39.89;44.92;100.04;100.04;0.27;0.01522;0.01522;-6.345E-06;-18.177;-18.175;-99.990;0.50;89.85;
2026-01-08 15:33:53.01;0.00:00:53:553;0.00;0.00;1.00;0.01521;6.72E-06;4.637E-05;0.01522;40.88;44.91;100.04;100.04;0.31;0.01521;0.01522;-6.405E-06;-18.177;-18.176;-99.990;0.50;89.83;
2026-01-08 15:33:53.06;0.00:00:53:599;0.00;0.00;1.00;0.01523;6.087E-06;4.215E-05;0.01524;40.89;44.92;100.05;100.05;0.28;0.01523;0.01524;-7.431E-06;-18.174;-18.171;-99.990;0.50;89.84;
2026-01-08 15:33:53.11;0.00:00:53:647;0.00;0.00;1.00;0.01516;4.117E-06;3.819E-05;0.01517;41.92;44.93;100.04;100.04;0.25;0.01516;0.01517;-6.216E-06;-18.192;-18.191;-99.990;0.50;89.86;
2026-01-08 15:33:53.15;0.00:00:53:693;0.00;0.00;1.00;0.01523;8.082E-06;3.971E-05;0.01523;39.25;44.92;100.04;100.04;0.27;0.01523;0.01523;-6.304E-06;-18.174;-18.172;-99.990;0.50;89.85;
2026-01-08 15:33:53.20;0.00:00:53:740;0.00;0.00;1.00;0.01535;5.267E-06;3.798E-05;0.01536;41.05;44.93;100.04;100.04;0.25;0.01535;0.01536;-6.049E-06;-18.138;-18.137;-99.990;0.50;89.86;
2026-01-08 15:33:53.25;0.00:00:53:786;0.00;0.00;1.00;0.0152;8.21E-06;4.729E-05;0.01521;40.08;44.91;100.05;100.05;0.32;0.0152;0.01521;-7.159E-06;-18.182;-18.180;-99.990;0.50;89.82;
2026-01-08 15:33:53.29;0.00:00:53:831;0.00;0.00;1.00;0.0152;5.509E-06;4.38E-05;0.01521;41.42;44.92;100.04;100.04;0.29;0.0152;0.01521;-5.989E-06;-18.182;-18.180;-99.990;0.50;89.83;
2026-01-08 15:33:53.34;0.00:00:53:881;0.00;0.00;1.00;0.01521;6.396E-06;4.18E-05;0.01521;40.65;44.92;100.04;100.04;0.28;0.01521;0.01521;-6.098E-06;-18.180;-18.178;-99.990;0.50;89.84;
2026-01-08 15:33:53.40;0.00:00:53:941;0.00;0.00;1.00;0.01525;5.845E-06;3.991E-05;0.01525;40.83;44.92;100.04;100.04;0.26;0.01525;0.01525;-5.718E-06;-18.168;-18.166;-99.990;0.50;89.85;
2026-01-08 15:33:53.45;0.00:00:53:989;0.00;0.00;1.00;0.01527;6.021E-06;4.755E-05;0.01527;41.39;44.91;100.04;100.04;0.31;0.01527;0.01527;-6.869E-06;-18.163;-18.161;-99.990;0.50;89.82;
2026-01-08 15:33:53.50;0.00:00:54:035;0.00;0.00;1.00;0.01527;7.843E-06;4.034E-05;0.01528;39.50;44.92;100.04;100.04;0.27;0.01527;0.01528;-6.795E-06;-18.162;-18.160;-99.990;0.50;89.85;
2026-01-08 15:33:53.54;0.00:00:54:083;0.00;0.00;1.00;0.01535;6.891E-06;4.173E-05;0.01535;40.31;44.92;100.05;100.05;0.28;0.01535;0.01535;-7.028E-06;-18.140;-18.138;-99.990;0.50;89.84;
2026-01-08 15:33:53.59;0.00:00:54:130;0.00;0.00;1.00;0.01538;5.98E-06;4.17E-05;0.01538;40.92;44.92;100.04;100.04;0.27;0.01538;0.01538;-6.459E-06;-18.131;-18.129;-99.990;0.50;89.84;
2026-01-08 15:33:53.64;0.00:00:54:175;0.00;0.00;1.00;0.01534;7.846E-06;4.859E-05;0.01534;40.41;44.91;100.04;100.04;0.32;0.01534;0.01534;-6.212E-06;-18.142;-18.140;-99.990;0.50;89.82;
2026-01-08 15:33:53.68;0.00:00:54:222;0.00;0.00;1.00;0.01526;6.381E-06;4.603E-05;0.01527;41.05;44.91;100.05;100.05;0.30;0.01526;0.01527;-7.159E-06;-18.163;-18.161;-99.990;0.50;89.83;
2026-01-08 15:33:53.73;0.00:00:54:269;0.00;0.00;1.00;0.01526;7.273E-06;4.418E-05;0.01526;40.33;44.92;100.04;100.04;0.29;0.01526;0.01526;-6.698E-06;-18.165;-18.163;-99.990;0.50;89.83;
2026-01-08 15:33:53.78;0.00:00:54:315;0.00;0.00;1.00;0.01528;6.287E-06;4.335E-05;0.01528;40.87;44.92;100.05;100.05;0.29;0.01528;0.01528;-7.287E-06;-18.160;-18.158;-99.990;0.50;89.84;
2026-01-08 15:33:53.84;0.00:00:54:378;0.00;0.00;1.00;0.01525;7.103E-06;4.463E-05;0.01526;40.48;44.92;100.04;100.04;0.30;0.01525;0.01526;-6.559E-06;-18.166;-18.164;-99.990;0.50;89.83;
2026-01-08 15:33:53.90;0.00:00:54:439;0.00;0.00;1.00;0.01526;6.415E-06;4.588E-05;0.01527;41.02;44.91;100.04;100.04;0.30;0.01526;0.01527;-6.669E-06;-18.164;-18.163;-99.990;0.50;89.83;
2026-01-08 15:33:53.95;0.00:00:54:486;0.00;0.00;1.00;0.0153;4.455E-06;4.589E-05;0.01531;42.23;44.91;100.04;100.04;0.30;0.0153;0.01531;-6.428E-06;-18.152;-18.150;-99.990;0.50;89.83;
2026-01-08 15:33:53.99;0.00:00:54:533;0.00;0.00;1.00;0.01527;6.323E-06;4.349E-05;0.01527;40.86;44.92;100.04;100.04;0.29;0.01527;0.01527;-6.611E-06;-18.162;-18.160;-99.990;0.50;89.84;
2026-01-08 15:33:54.06;0.00:00:54:594;0.00;0.00;1.00;0.01522;6.75E-06;4.906E-05;0.01523;41.08;44.91;100.05;100.05;0.33;0.01522;0.01523;-7.198E-06;-18.176;-18.174;-99.990;0.50;89.82;
2026-01-08 15:33:54.10;0.00:00:54:642;0.00;0.00;1.00;0.01532;9.269E-06;2.474E-05;0.01533;34.73;44.95;100.04;100.04;0.17;0.01532;0.01533;-6.357E-06;-18.148;-18.146;-99.990;0.50;89.91;
2026-01-08 15:33:54.15;0.00:00:54:688;0.00;0.00;1.00;0.01551;4.588E-06;4.623E-05;0.01551;42.17;44.91;100.04;100.04;0.30;0.01551;0.01551;-6.699E-06;-18.095;-18.093;-99.990;0.50;89.83;
2026-01-08 15:33:54.21;0.00:00:54:751;0.00;0.00;1.00;0.01539;4.264E-06;5.133E-05;0.0154;42.63;44.90;100.04;100.04;0.33;0.01539;0.0154;-6.28E-06;-18.127;-18.125;-99.990;0.50;89.81;
2026-01-08 15:33:54.27;0.00:00:54:811;0.00;0.00;1.00;0.01515;8.341E-06;4.074E-05;0.01516;39.21;44.92;100.04;100.04;0.27;0.01515;0.01516;-6.016E-06;-18.195;-18.193;-99.990;0.50;89.85;
2026-01-08 15:33:54.32;0.00:00:54:857;0.00;0.00;1.00;0.01533;6.694E-06;4.707E-05;0.01534;40.95;44.91;100.04;100.04;0.31;0.01533;0.01534;-6.885E-06;-18.144;-18.142;-99.990;0.50;89.82;
2026-01-08 15:33:54.37;0.00:00:54:905;0.00;0.00;1.00;0.01529;6.315E-06;4.49E-05;0.0153;41.00;44.92;100.04;100.04;0.30;0.01529;0.0153;-6.544E-06;-18.156;-18.154;-99.990;0.50;89.83;
2026-01-08 15:33:54.41;0.00:00:54:953;0.00;0.00;1.00;0.01527;7.215E-06;4.553E-05;0.01528;40.50;44.91;100.04;100.04;0.30;0.01527;0.01528;-6.309E-06;-18.160;-18.158;-99.990;0.50;89.83;
2026-01-08 15:33:54.46;0.00:00:54:999;0.00;0.00;1.00;0.01525;7.88E-06;4.314E-05;0.01526;39.82;44.92;100.04;100.04;0.29;0.01525;0.01526;-6.741E-06;-18.167;-18.165;-99.990;0.50;89.84;
2026-01-08 15:33:54.51;0.00:00:55:046;0.00;0.00;1.00;0.0153;1.995E-06;4.542E-05;0.0153;43.74;44.91;100.05;100.04;0.30;0.0153;0.0153;-6.945E-06;-18.154;-18.152;-99.990;0.50;89.83;
2026-01-08 15:33:54.55;0.00:00:55:092;0.00;0.00;1.00;0.0153;9.437E-06;4.514E-05;0.01531;39.10;44.91;100.05;100.05;0.30;0.0153;0.01531;-7.605E-06;-18.153;-18.151;-99.990;0.50;89.83;
2026-01-08 15:33:54.60;0.00:00:55:138;0.00;0.00;1.00;0.0153;6.546E-06;4.291E-05;0.01531;40.66;44.92;100.04;100.04;0.28;0.0153;0.01531;-6.41E-06;-18.153;-18.152;-99.990;0.50;89.84;
2026-01-08 15:33:54.65;0.00:00:55:187;0.00;0.00;1.00;0.01528;6.938E-06;4.276E-05;0.01528;40.39;44.92;100.04;100.04;0.28;0.01528;0.01528;-6.554E-06;-18.159;-18.158;-99.990;0.50;89.84;
2026-01-08 15:33:54.71;0.00:00:55:247;0.00;0.00;1.00;0.01528;7.346E-06;4.492E-05;0.01529;40.36;44.91;100.04;100.04;0.30;0.01528;0.01529;-6.693E-06;-18.158;-18.157;-99.990;0.50;89.83;
2026-01-08 15:33:54.75;0.00:00:55:293;0.00;0.00;1.00;0.01523;5.208E-06;4.427E-05;0.01523;41.65;44.92;100.04;100.04;0.29;0.01523;0.01523;-5.878E-06;-18.173;-18.172;-99.990;0.50;89.83;
2026-01-08 15:33:54.80;0.00:00:55:341;0.00;0.00;1.00;0.01526;7.624E-06;3.899E-05;0.01527;39.47;44.93;100.05;100.05;0.26;0.01526;0.01527;-7.097E-06;-18.164;-18.162;-99.990;0.50;89.85;
2026-01-08 15:33:54.85;0.00:00:55:388;0.00;0.00;1.00;0.01527;7.67E-06;4.626E-05;0.01527;40.29;44.91;100.04;100.04;0.31;0.01527;0.01527;-6.489E-06;-18.162;-18.160;-99.990;0.50;89.83;
2026-01-08 15:33:54.90;0.00:00:55:435;0.00;0.00;1.00;0.01525;6.693E-06;4.379E-05;0.01526;40.65;44.92;100.05;100.05;0.29;0.01525;0.01526;-7.093E-06;-18.166;-18.164;-99.990;0.50;89.84;
2026-01-08 15:33:54.94;0.00:00:55:481;0.00;0.00;1.00;0.01527;7.432E-06;4.353E-05;0.01528;40.16;44.92;100.04;100.04;0.29;0.01527;0.01528;-6.705E-06;-18.160;-18.158;-99.990;0.50;89.84;
2026-01-08 15:33:54.99;0.00:00:55:527;0.00;0.00;1.00;0.01529;7.173E-06;4.296E-05;0.0153;40.26;44.92;100.05;100.05;0.28;0.01529;0.0153;-8.044E-06;-18.155;-18.153;-99.990;0.50;89.84;
2026-01-08 15:33:55.04;0.00:00:55:575;0.00;0.00;1.00;0.01529;8.406E-06;4.327E-05;0.0153;39.50;44.92;100.05;100.05;0.29;0.01529;0.0153;-7.127E-06;-18.155;-18.153;-99.990;0.50;89.84;
2026-01-08 15:33:55.08;0.00:00:55:622;0.00;0.00;1.00;0.01525;8.346E-06;4.818E-05;0.01526;40.09;44.91;100.05;100.05;0.32;0.01525;0.01526;-7.487E-06;-18.168;-18.165;-99.990;0.50;89.82;
2026-01-08 15:33:55.13;0.00:00:55:667;0.00;0.00;1.00;0.01523;7.019E-06;4.183E-05;0.01523;40.24;44.92;100.04;100.04;0.28;0.01523;0.01523;-6.365E-06;-18.174;-18.172;-99.990;0.50;89.84;
2026-01-08 15:33:55.18;0.00:00:55:716;0.00;0.00;1.00;0.01527;5.921E-06;4.327E-05;0.01528;41.10;44.92;100.04;100.04;0.29;0.01527;0.01528;-6.825E-06;-18.162;-18.160;-99.990;0.50;89.84;
2026-01-08 15:33:55.22;0.00:00:55:762;0.00;0.00;1.00;0.01531;5.966E-06;4.556E-05;0.01532;41.27;44.91;100.04;100.04;0.30;0.01531;0.01532;-6.355E-06;-18.149;-18.147;-99.990;0.50;89.83;
2026-01-08 15:33:55.27;0.00:00:55:809;0.00;0.00;1.00;0.01529;7.905E-06;4.416E-05;0.0153;39.93;44.92;100.05;100.05;0.29;0.01529;0.0153;-7.019E-06;-18.155;-18.153;-99.990;0.50;89.83;
2026-01-08 15:33:55.32;0.00:00:55:857;0.00;0.00;1.00;0.01525;6.769E-06;4.193E-05;0.01526;40.41;44.92;100.04;100.04;0.28;0.01525;0.01526;-5.46E-06;-18.167;-18.165;-99.990;0.50;89.84;
2026-01-08 15:33:55.38;0.00:00:55:918;0.00;0.00;1.00;0.01527;7.85E-06;4.322E-05;0.01528;39.85;44.92;100.04;100.04;0.29;0.01527;0.01528;-6.475E-06;-18.161;-18.159;-99.990;0.50;89.84;
2026-01-08 15:33:55.43;0.00:00:55:964;0.00;0.00;1.00;0.01531;7.779E-06;4.632E-05;0.01532;40.23;44.91;100.04;100.04;0.31;0.01531;0.01532;-6.307E-06;-18.151;-18.149;-99.990;0.50;89.83;
2026-01-08 15:33:55.49;0.00:00:56:026;0.00;0.00;1.00;0.01526;4.825E-06;4.636E-05;0.01527;42.03;44.91;100.04;100.04;0.31;0.01526;0.01527;-6.089E-06;-18.164;-18.162;-99.990;0.50;89.83;
2026-01-08 15:33:55.53;0.00:00:56:073;0.00;0.00;1.00;0.01526;8.59E-06;4.316E-05;0.01527;39.37;44.92;100.05;100.05;0.29;0.01526;0.01527;-8.045E-06;-18.163;-18.161;-99.990;0.50;89.84;
2026-01-08 15:33:55.58;0.00:00:56:119;0.00;0.00;1.00;0.01526;4.586E-06;4.7E-05;0.01527;42.21;44.91;100.05;100.05;0.31;0.01526;0.01527;-7.067E-06;-18.164;-18.162;-99.990;0.50;89.82;
2026-01-08 15:33:55.63;0.00:00:56:167;0.00;0.00;1.00;0.01525;6.668E-06;4.381E-05;0.01526;40.67;44.92;100.04;100.04;0.29;0.01525;0.01526;-6.344E-06;-18.167;-18.165;-99.990;0.50;89.84;
2026-01-08 15:33:55.67;0.00:00:56:214;0.00;0.00;1.00;0.01528;7.036E-06;4.492E-05;0.01529;40.55;44.91;100.05;100.05;0.30;0.01528;0.01529;-8.07E-06;-18.158;-18.156;-99.990;0.50;89.83;
2026-01-08 15:33:55.72;0.00:00:56:261;0.00;0.00;1.00;0.01524;6.513E-06;4.539E-05;0.01525;40.92;44.91;100.04;100.04;0.30;0.01524;0.01525;-6.509E-06;-18.169;-18.167;-99.990;0.50;89.83;
2026-01-08 15:33:55.77;0.00:00:56:308;0.00;0.00;1.00;0.01524;7.568E-06;4.246E-05;0.01525;39.95;44.92;100.05;100.05;0.28;0.01524;0.01525;-7.104E-06;-18.169;-18.167;-99.990;0.50;89.84;
2026-01-08 15:33:55.82;0.00:00:56:357;0.00;0.00;1.00;0.01529;7.029E-06;4.12E-05;0.01529;40.16;44.92;100.04;100.04;0.27;0.01529;0.01529;-6.695E-06;-18.157;-18.155;-99.990;0.50;89.85;
2026-01-08 15:33:55.88;0.00:00:56:417;0.00;0.00;1.00;0.0153;5.269E-06;4.577E-05;0.01531;41.72;44.91;100.04;100.04;0.30;0.0153;0.01531;-6.367E-06;-18.152;-18.150;-99.990;0.50;89.83;
2026-01-08 15:33:55.93;0.00:00:56:464;0.00;0.00;1.00;0.01528;5.834E-06;4.495E-05;0.01529;41.30;44.92;100.04;100.04;0.30;0.01528;0.01529;-6.603E-06;-18.158;-18.156;-99.990;0.50;89.83;
2026-01-08 15:33:55.99;0.00:00:56:526;0.00;0.00;1.00;0.01527;5.918E-06;4.824E-05;0.01528;41.50;44.91;100.04;100.04;0.32;0.01527;0.01528;-6.782E-06;-18.160;-18.158;-99.990;0.50;89.82;
2026-01-08 15:33:56.05;0.00:00:56:587;0.00;0.00;1.00;0.01522;6.406E-06;4.505E-05;0.01523;40.95;44.91;100.04;100.04;0.30;0.01522;0.01523;-6.012E-06;-18.176;-18.174;-99.990;0.50;89.83;
2026-01-08 15:33:56.10;0.00:00:56:635;0.00;0.00;1.00;0.01524;5.818E-06;4.039E-05;0.01525;40.90;44.92;100.04;100.04;0.27;0.01524;0.01525;-6.357E-06;-18.169;-18.167;-99.990;0.50;89.85;
2026-01-08 15:33:56.14;0.00:00:56:682;0.00;0.00;1.00;0.01529;6.383E-06;4.31E-05;0.01529;40.79;44.92;100.05;100.05;0.29;0.01529;0.01529;-7.092E-06;-18.157;-18.155;-99.990;0.50;89.84;
2026-01-08 15:33:56.21;0.00:00:56:745;0.00;0.00;1.00;0.01532;6.215E-06;4.339E-05;0.01532;40.92;44.92;100.04;100.04;0.29;0.01532;0.01532;-6.693E-06;-18.149;-18.147;-99.990;0.50;89.84;
2026-01-08 15:33:56.26;0.00:00:56:795;0.00;0.00;1.00;0.01527;5.807E-06;4.277E-05;0.01528;41.13;44.92;100.04;100.04;0.28;0.01527;0.01528;-6.703E-06;-18.162;-18.160;-99.990;0.50;89.84;
2026-01-08 15:33:56.31;0.00:00:56:847;0.00;0.00;1.00;0.01527;5.712E-06;4.469E-05;0.01528;41.36;44.92;100.04;100.04;0.30;0.01527;0.01528;-6.169E-06;-18.161;-18.160;-99.990;0.50;89.83;
2026-01-08 15:33:56.36;0.00:00:56:899;0.00;0.00;1.00;0.01527;5.929E-06;4.687E-05;0.01528;41.40;44.91;100.04;100.04;0.31;0.01527;0.01528;-6.247E-06;-18.161;-18.159;-99.990;0.50;89.82;
2026-01-08 15:33:56.41;0.00:00:56:950;0.00;0.00;1.00;0.01527;5.932E-06;4.167E-05;0.01527;40.95;44.92;100.04;100.04;0.28;0.01527;0.01527;-6.702E-06;-18.163;-18.161;-99.990;0.50;89.84;
2026-01-08 15:33:56.46;0.00:00:57:002;0.00;0.00;1.00;0.01533;6.343E-06;4.35E-05;0.01534;40.85;44.92;100.04;100.04;0.29;0.01533;0.01534;-6.117E-06;-18.144;-18.143;-99.990;0.50;89.84;
2026-01-08 15:33:56.51;0.00:00:57:053;0.00;0.00;1.00;0.01532;5.261E-06;4.458E-05;0.01533;41.63;44.92;100.04;100.04;0.29;0.01532;0.01533;-5.47E-06;-18.147;-18.145;-99.990;0.50;89.83;
2026-01-08 15:33:56.56;0.00:00:57:103;0.00;0.00;1.00;0.0153;6.039E-06;4.812E-05;0.01531;41.42;44.91;100.04;100.04;0.32;0.0153;0.01531;-6.257E-06;-18.153;-18.151;-99.990;0.50;89.82;
2026-01-08 15:33:56.62;0.00:00:57:155;0.00;0.00;1.00;0.01524;3.015E-06;4.931E-05;0.01525;43.25;44.91;100.04;100.04;0.32;0.01524;0.01525;-6.615E-06;-18.170;-18.168;-99.990;0.50;89.81;
2026-01-08 15:33:56.67;0.00:00:57:206;0.00;0.00;1.00;0.01526;6.951E-06;4.443E-05;0.01527;40.55;44.92;100.04;100.04;0.29;0.01526;0.01527;-6.41E-06;-18.164;-18.162;-99.990;0.50;89.83;
2026-01-08 15:33:56.72;0.00:00:57:256;0.00;0.00;1.00;0.01527;4.867E-06;4.588E-05;0.01528;41.97;44.91;100.04;100.04;0.30;0.01527;0.01528;-6.658E-06;-18.161;-18.159;-99.990;0.50;89.83;
2026-01-08 15:33:56.78;0.00:00:57:318;0.00;0.00;1.00;0.01532;6.653E-06;4.194E-05;0.01533;40.49;44.92;100.04;100.04;0.28;0.01532;0.01533;-6.329E-06;-18.146;-18.144;-99.990;0.50;89.84;
2026-01-08 15:33:56.83;0.00:00:57:371;0.00;0.00;1.00;0.01529;5.424E-06;3.702E-05;0.0153;40.83;44.93;100.05;100.05;0.24;0.01529;0.0153;-7.126E-06;-18.156;-18.154;-99.990;0.50;89.86;
2026-01-08 15:33:56.88;0.00:00:57:422;0.00;0.00;1.00;0.01533;5.869E-06;4.762E-05;0.01533;41.49;44.91;100.04;100.04;0.31;0.01533;0.01533;-6.162E-06;-18.145;-18.143;-99.990;0.50;89.82;
2026-01-08 15:33:56.94;0.00:00:57:480;0.00;0.00;1.00;0.01534;4.783E-06;4.486E-05;0.01534;41.96;44.92;100.04;100.04;0.29;0.01534;0.01534;-6.764E-06;-18.142;-18.140;-99.990;0.50;89.83;
2026-01-08 15:33:56.99;0.00:00:57:533;0.00;0.00;1.00;0.01541;2.821E-06;5.076E-05;0.01541;43.41;44.91;100.05;100.05;0.33;0.01541;0.01541;-7.38E-06;-18.123;-18.121;-99.990;0.50;89.81;
2026-01-08 15:33:57.04;0.00:00:57:584;0.00;0.00;1.00;0.01534;7.641E-06;4.235E-05;0.01534;39.89;44.92;100.04;100.04;0.28;0.01534;0.01534;-6.502E-06;-18.143;-18.141;-99.990;0.50;89.84;
2026-01-08 15:33:57.10;0.00:00:57:635;0.00;0.00;1.00;0.01533;7.694E-06;4.473E-05;0.01533;40.12;44.92;100.04;100.04;0.30;0.01533;0.01533;-6.652E-06;-18.145;-18.144;-99.990;0.50;89.83;
2026-01-08 15:33:57.15;0.00:00:57:685;0.00;0.00;1.00;0.01533;6.114E-06;4.39E-05;0.01534;41.04;44.92;100.04;100.04;0.29;0.01533;0.01534;-6.272E-06;-18.143;-18.142;-99.990;0.50;89.84;
2026-01-08 15:33:57.20;0.00:00:57:737;0.00;0.00;1.00;0.01538;7.265E-06;4.358E-05;0.01539;40.27;44.92;100.04;100.04;0.29;0.01538;0.01539;-6.923E-06;-18.129;-18.127;-99.990;0.50;89.84;
2026-01-08 15:33:57.25;0.00:00:57:790;0.00;0.00;1.00;0.01535;7.412E-06;4.747E-05;0.01536;40.56;44.91;100.05;100.04;0.31;0.01535;0.01536;-6.969E-06;-18.139;-18.137;-99.990;0.50;89.82;
2026-01-08 15:33:57.31;0.00:00:57:850;0.00;0.00;1.00;0.01532;7.478E-06;4.548E-05;0.01533;40.33;44.91;100.04;100.04;0.30;0.01532;0.01533;-6.435E-06;-18.147;-18.145;-99.990;0.50;89.83;
2026-01-08 15:33:57.36;0.00:00:57:900;0.00;0.00;1.00;0.01528;5.661E-06;4.585E-05;0.01529;41.48;44.91;100.04;100.04;0.30;0.01528;0.01529;-6.083E-06;-18.157;-18.156;-99.990;0.50;89.83;
2026-01-08 15:33:57.41;0.00:00:57:951;0.00;0.00;1.00;0.01526;9.139E-06;4.163E-05;0.01527;38.81;44.92;100.04;100.04;0.28;0.01526;0.01527;-6.41E-06;-18.164;-18.162;-99.990;0.50;89.84;
2026-01-08 15:33:57.47;0.00:00:58:004;0.00;0.00;1.00;0.0154;7.2E-06;4.269E-05;0.01541;40.21;44.92;100.05;100.05;0.28;0.0154;0.01541;-7.671E-06;-18.124;-18.122;-99.990;0.50;89.84;
2026-01-08 15:33:57.52;0.00:00:58:055;0.00;0.00;1.00;0.01532;6.775E-06;4.909E-05;0.01533;41.07;44.91;100.04;100.04;0.32;0.01532;0.01533;-6.666E-06;-18.146;-18.144;-99.990;0.50;89.82;
2026-01-08 15:33:57.57;0.00:00:58:104;0.00;0.00;1.00;0.01536;6.45E-06;4.16E-05;0.01536;40.59;44.92;100.05;100.05;0.27;0.01536;0.01536;-7.125E-06;-18.137;-18.135;-99.990;0.50;89.84;
2026-01-08 15:33:57.62;0.00:00:58:156;0.00;0.00;1.00;0.01537;6.551E-06;4.413E-05;0.01537;40.78;44.92;100.05;100.05;0.29;0.01537;0.01537;-7.283E-06;-18.135;-18.133;-99.990;0.50;89.84;
2026-01-08 15:33:57.67;0.00:00:58:206;0.00;0.00;1.00;0.01538;5.1E-06;4.429E-05;0.01539;41.72;44.92;100.05;100.04;0.29;0.01538;0.01539;-6.951E-06;-18.131;-18.129;-99.990;0.50;89.84;
2026-01-08 15:33:57.72;0.00:00:58:257;0.00;0.00;1.00;0.01532;7.574E-06;4.694E-05;0.01532;40.42;44.91;100.04;100.04;0.31;0.01532;0.01532;-6.126E-06;-18.148;-18.147;-99.990;0.50;89.82;
2026-01-08 15:33:57.77;0.00:00:58:309;0.00;0.00;1.00;0.0153;8.492E-06;4.537E-05;0.01531;39.70;44.91;100.05;100.05;0.30;0.0153;0.01531;-7.605E-06;-18.153;-18.150;-99.990;0.50;89.83;
2026-01-08 15:33:57.82;0.00:00:58:358;0.00;0.00;1.00;0.0153;5.426E-06;4.575E-05;0.01531;41.62;44.91;100.04;100.04;0.30;0.0153;0.01531;-6.289E-06;-18.152;-18.151;-99.990;0.50;89.83;
2026-01-08 15:33:57.87;0.00:00:58:410;0.00;0.00;1.00;0.01536;6.767E-06;4.321E-05;0.01537;40.55;44.92;100.05;100.05;0.28;0.01536;0.01537;-7.172E-06;-18.137;-18.135;-99.990;0.50;89.84;
2026-01-08 15:33:57.92;0.00:00:58:459;0.00;0.00;1.00;0.01538;7.44E-06;4.34E-05;0.01539;40.14;44.92;100.05;100.05;0.29;0.01538;0.01539;-7.075E-06;-18.131;-18.129;-99.990;0.50;89.84;
2026-01-08 15:33:57.98;0.00:00:58:522;0.00;0.00;1.00;0.01542;7.139E-06;4.369E-05;0.01543;40.36;44.92;100.05;100.05;0.29;0.01542;0.01543;-7.817E-06;-18.119;-18.117;-99.990;0.50;89.84;
2026-01-08 15:33:58.03;0.00:00:58:572;0.00;0.00;1.00;0.01526;8.511E-06;4.702E-05;0.01527;39.87;44.91;100.04;100.04;0.31;0.01526;0.01527;-6.409E-06;-18.164;-18.163;-99.990;0.50;89.82;
2026-01-08 15:33:58.08;0.00:00:58:622;0.00;0.00;1.00;0.01527;6.926E-06;4.527E-05;0.01527;40.65;44.91;100.05;100.05;0.30;0.01527;0.01527;-7.388E-06;-18.163;-18.161;-99.990;0.50;89.83;
2026-01-08 15:33:58.13;0.00:00:58:673;0.00;0.00;1.00;0.01529;7.36E-06;4.52E-05;0.0153;40.38;44.91;100.05;100.05;0.30;0.01529;0.0153;-7.11E-06;-18.156;-18.154;-99.990;0.50;89.83;
2026-01-08 15:33:58.19;0.00:00:58:727;0.00;0.00;1.00;0.01531;5.961E-06;4.473E-05;0.01531;41.20;44.92;100.05;100.05;0.29;0.01531;0.01531;-7.102E-06;-18.151;-18.149;-99.990;0.50;89.83;
2026-01-08 15:33:58.23;0.00:00:58:773;0.00;0.00;1.00;0.01515;8.045E-06;4.749E-05;0.01516;40.19;44.91;100.04;100.04;0.32;0.01515;0.01516;-5.787E-06;-18.196;-18.194;-99.990;0.50;89.82;
2026-01-08 15:33:58.28;0.00:00:58:819;0.00;0.00;1.00;0.01516;6.202E-06;4.184E-05;0.01517;40.78;44.92;100.04;100.04;0.28;0.01516;0.01517;-6.126E-06;-18.192;-18.190;-99.990;0.50;89.84;
2026-01-08 15:33:58.33;0.00:00:58:868;0.00;0.00;1.00;0.01525;6.008E-06;3.628E-05;0.01526;40.30;44.93;100.04;100.04;0.24;0.01525;0.01526;-6.558E-06;-18.167;-18.165;-99.990;0.50;89.86;
2026-01-08 15:33:58.39;0.00:00:58:929;0.00;0.00;1.00;0.01526;5.776E-06;4.721E-05;0.01527;41.51;44.91;100.05;100.05;0.31;0.01526;0.01527;-7.678E-06;-18.163;-18.161;-99.990;0.50;89.82;
2026-01-08 15:33:58.44;0.00:00:58:977;0.00;0.00;1.00;0.01526;5.815E-06;4.414E-05;0.01527;41.25;44.92;100.04;100.04;0.29;0.01526;0.01527;-6.653E-06;-18.165;-18.163;-99.990;0.50;89.83;
2026-01-08 15:33:58.48;0.00:00:59:023;0.00;0.00;1.00;0.0153;5.622E-06;4.425E-05;0.0153;41.38;44.92;100.05;100.05;0.29;0.0153;0.0153;-7.128E-06;-18.154;-18.152;-99.990;0.50;89.83;
2026-01-08 15:33:58.53;0.00:00:59:071;0.00;0.00;1.00;0.0153;8.158E-06;3.853E-05;0.01531;39.02;44.93;100.04;100.04;0.26;0.0153;0.01531;-6.335E-06;-18.153;-18.151;-99.990;0.50;89.86;
2026-01-08 15:33:58.59;0.00:00:59:132;0.00;0.00;1.00;0.01531;5.13E-06;4.911E-05;0.01532;42.02;44.91;100.04;100.04;0.32;0.01531;0.01532;-6.353E-06;-18.150;-18.149;-99.990;0.50;89.82;
2026-01-08 15:33:58.64;0.00:00:59:179;0.00;0.00;1.00;0.01524;6.88E-06;4.745E-05;0.01525;40.87;44.91;100.04;100.04;0.31;0.01524;0.01525;-6.325E-06;-18.170;-18.168;-99.990;0.50;89.82;
2026-01-08 15:33:58.69;0.00:00:59:226;0.00;0.00;1.00;0.01526;5.31E-06;4.467E-05;0.01527;41.61;44.92;100.04;100.04;0.29;0.01526;0.01527;-6.547E-06;-18.164;-18.162;-99.990;0.50;89.83;
2026-01-08 15:33:58.73;0.00:00:59:273;0.00;0.00;1.00;0.01523;9.297E-06;4.398E-05;0.01524;39.03;44.92;100.05;100.05;0.30;0.01523;0.01524;-7.282E-06;-18.172;-18.170;-99.990;0.50;89.83;
2026-01-08 15:33:58.78;0.00:00:59:320;0.00;0.00;1.00;0.01526;7.929E-06;4.192E-05;0.01526;39.64;44.92;100.05;100.05;0.28;0.01526;0.01526;-7.049E-06;-18.165;-18.163;-99.990;0.50;89.84;
2026-01-08 15:33:58.83;0.00:00:59:368;0.00;0.00;1.00;0.01531;6.972E-06;4.209E-05;0.01531;40.30;44.92;100.05;100.05;0.28;0.01531;0.01531;-7.163E-06;-18.151;-18.149;-99.990;0.50;89.84;
2026-01-08 15:33:58.88;0.00:00:59:415;0.00;0.00;1.00;0.01532;7.256E-06;5.053E-05;0.01533;40.91;44.90;100.04;100.04;0.33;0.01532;0.01533;-6.848E-06;-18.147;-18.145;-99.990;0.50;89.81;
2026-01-08 15:33:58.94;0.00:00:59:475;0.00;0.00;1.00;0.01527;7.879E-06;4.181E-05;0.01527;39.66;44.92;100.04;100.04;0.28;0.01527;0.01527;-6.703E-06;-18.162;-18.160;-99.990;0.50;89.84;
2026-01-08 15:33:58.98;0.00:00:59:522;0.00;0.00;1.00;0.01528;5.477E-06;4.441E-05;0.01529;41.48;44.92;100.04;100.04;0.29;0.01528;0.01529;-5.547E-06;-18.158;-18.157;-99.990;0.50;89.83;
2026-01-08 15:33:59.03;0.00:00:59:568;0.00;0.00;1.00;0.01526;6.578E-06;4.744E-05;0.01527;41.05;44.91;100.05;100.05;0.31;0.01526;0.01527;-6.959E-06;-18.164;-18.163;-99.990;0.50;89.82;
2026-01-08 15:33:59.08;0.00:00:59:616;0.00;0.00;1.00;0.01526;7.244E-06;4.389E-05;0.01527;40.31;44.92;100.05;100.05;0.29;0.01526;0.01527;-7.096E-06;-18.165;-18.163;-99.990;0.50;89.84;
2026-01-08 15:33:59.14;0.00:00:59:677;0.00;0.00;1.00;0.01523;5.743E-06;4.889E-05;0.01523;41.65;44.91;100.04;100.04;0.32;0.01523;0.01523;-6.548E-06;-18.174;-18.172;-99.990;0.50;89.82;
2026-01-08 15:33:59.19;0.00:00:59:724;0.00;0.00;1.00;0.01525;5.902E-06;3.943E-05;0.01526;40.74;44.93;100.04;100.04;0.26;0.01525;0.01526;-6.512E-06;-18.167;-18.165;-99.990;0.50;89.85;
2026-01-08 15:33:59.23;0.00:00:59:773;0.00;0.00;1.00;0.01531;7.117E-06;4.124E-05;0.01532;40.10;44.92;100.05;100.05;0.27;0.01531;0.01532;-7.486E-06;-18.151;-18.148;-99.990;0.50;89.85;
2026-01-08 15:33:59.29;0.00:00:59:833;0.00;0.00;1.00;0.01526;7.301E-06;4.197E-05;0.01526;40.07;44.92;100.04;100.04;0.28;0.01526;0.01526;-6.575E-06;-18.166;-18.164;-99.990;0.50;89.84;
2026-01-08 15:33:59.34;0.00:00:59:882;0.00;0.00;1.00;0.01525;8.591E-06;4.34E-05;0.01526;39.40;44.92;100.05;100.05;0.29;0.01525;0.01526;-7.151E-06;-18.168;-18.166;-99.990;0.50;89.84;
2026-01-08 15:33:59.39;0.00:00:59:927;0.00;0.00;1.00;0.01524;4.812E-06;4.88E-05;0.01525;42.18;44.91;100.05;100.04;0.32;0.01524;0.01525;-6.89E-06;-18.169;-18.167;-99.990;0.50;89.82;
2026-01-08 15:33:59.44;0.00:00:59:976;0.00;0.00;1.00;0.01522;6.391E-06;3.594E-05;0.01522;39.96;44.93;100.04;100.04;0.24;0.01522;0.01522;-6.33E-06;-18.177;-18.175;-99.990;0.50;89.86;
