Device : ;PAX1000IR1/M
Serial Number : ;M00535216
Firmware Version : ;1.0.3
Software Version : ;1.4.2002.183
Wavelength [nm] : ;780
Basic Sample Rate [Hz] : ;60
Operating Mode : ;1 revolution for one measurement, 1024 points for FFT

Time[date hh:mm:ss] ; Elapsed Time [hh:mm:ss:ms]; Normalized s 1 ; Normalized s 2 ; Normalized s 3 ; S 0 [mW]; S 1 [mW]; S 2 [mW]; S 3 [mW]; Azimuth[°] ; Ellipticity[°] ; DOP[%] ; DOCP[%] ; DOLP[%] ; Power[mW] ; Pol Power[mW] ; Unpol Power[mW] ; Power[dBm] ; Pol Power[dBm] ; Unpol Power[dBm] ; Power-Split-Ratio ; Phase Difference[°] ; Warning
2026-01-16 12:01:01.55;0.00:00:00:051;0.23;-0.60;0.77;6.189E-06;1.384E-06;-3.559E-06;4.564E-06;-34.38;25.04;96.16;73.75;61.70;6.189E-06;5.951E-06;2.379E-07;-52.084;-52.254;-66.236;0.62;127.95;
2026-01-16 12:01:01.61;0.00:00:00:102;0.14;-0.60;0.79;6.18E-06;8.443E-07;-3.507E-06;4.606E-06;-38.23;25.97;94.67;74.53;58.38;6.18E-06;5.851E-06;3.291E-07;-52.090;-52.328;-64.826;0.57;127.29;
2026-01-16 12:01:01.66;0.00:00:00:157;0.26;-0.41;0.88;6.363E-06;1.413E-06;-2.216E-06;4.754E-06;-28.74;30.53;85.38;74.72;41.30;6.363E-06;5.432E-06;9.304E-07;-51.964;-52.650;-60.313;0.63;114.99;
2026-01-16 12:01:01.72;0.00:00:00:218;0.14;-0.63;0.77;5.951E-06;7.864E-07;-3.568E-06;4.342E-06;-38.78;24.96;95.36;72.96;61.39;5.951E-06;5.674E-06;2.763E-07;-52.254;-52.461;-65.586;0.57;129.41;
2026-01-16 12:01:01.78;0.00:00:00:281;0.12;-0.45;0.89;6.218E-06;6.431E-07;-2.307E-06;4.596E-06;-37.21;31.24;83.35;73.91;38.52;6.218E-06;5.183E-06;1.035E-06;-52.064;-52.855;-59.849;0.56;116.66;
2026-01-16 12:01:01.83;0.00:00:00:328;0.34;-0.54;0.77;6.469E-06;2.146E-06;-3.442E-06;4.926E-06;-29.03;25.27;98.64;76.15;62.70;6.469E-06;6.382E-06;8.791E-08;-51.891;-51.951;-70.560;0.67;124.95;
2026-01-16 12:01:01.89;0.00:00:00:391;0.27;-0.52;0.81;6.513E-06;1.601E-06;-3.086E-06;4.856E-06;-31.29;27.20;91.70;74.56;53.38;6.513E-06;5.973E-06;5.405E-07;-51.862;-52.238;-62.672;0.63;122.44;
2026-01-16 12:01:01.98;0.00:00:00:473;0.25;-0.60;0.76;6.389E-06;1.572E-06;-3.736E-06;4.742E-06;-33.59;24.74;97.64;74.22;63.44;6.389E-06;6.238E-06;1.507E-07;-51.946;-52.049;-68.218;0.63;128.23;
2026-01-16 12:01:02.04;0.00:00:00:534;0.13;-0.67;0.73;5.956E-06;8.207E-07;-4.064E-06;4.457E-06;-39.29;23.54;102.21;74.84;69.61;5.956E-06;6.087E-06;-1.314E-07;-52.251;-52.156;-99.990;0.57;132.36;
2026-01-16 12:01:02.09;0.00:00:00:586;0.28;-0.54;0.79;6.452E-06;1.719E-06;-3.324E-06;4.863E-06;-31.33;26.21;95.11;75.37;58.01;6.452E-06;6.136E-06;3.153E-07;-51.903;-52.121;-65.013;0.64;124.36;
2026-01-16 12:01:02.15;0.00:00:00:649;0.18;-0.57;0.80;6.216E-06;1.066E-06;-3.446E-06;4.887E-06;-36.41;26.78;97.72;78.62;58.03;6.216E-06;6.074E-06;1.42E-07;-52.065;-52.166;-68.477;0.59;125.19;
2026-01-16 12:01:02.20;0.00:00:00:699;0.21;-0.62;0.76;6.12E-06;1.316E-06;-3.849E-06;4.688E-06;-35.56;24.53;101.42;76.60;66.47;6.12E-06;6.207E-06;-8.711E-08;-52.133;-52.071;-99.990;0.61;129.39;
2026-01-16 12:01:02.26;0.00:00:00:759;0.19;-0.57;0.80;6.25E-06;1.146E-06;-3.392E-06;4.732E-06;-35.67;26.45;94.93;75.71;57.28;6.25E-06;5.933E-06;3.167E-07;-52.041;-52.267;-64.994;0.60;125.63;
2026-01-16 12:01:02.31;0.00:00:00:811;0.13;-0.68;0.72;6.151E-06;8.249E-07;-4.212E-06;4.427E-06;-39.46;22.94;100.23;71.96;69.77;6.151E-06;6.166E-06;-1.415E-08;-52.110;-52.100;-99.990;0.57;133.58;
2026-01-16 12:01:02.37;0.00:00:00:865;0.30;-0.52;0.80;6.531E-06;1.91E-06;-3.328E-06;5.079E-06;-30.08;26.46;97.46;77.76;58.75;6.531E-06;6.365E-06;1.657E-07;-51.850;-51.962;-67.808;0.65;123.24;
2026-01-16 12:01:02.42;0.00:00:00:915;0.19;-0.62;0.76;6.182E-06;1.231E-06;-3.903E-06;4.841E-06;-36.25;24.89;102.54;78.30;66.20;6.182E-06;6.339E-06;-1.571E-07;-52.089;-51.980;-99.990;0.60;128.88;
2026-01-16 12:01:02.48;0.00:00:00:978;0.12;-0.64;0.76;5.776E-06;6.895E-07;-3.736E-06;4.425E-06;-39.77;24.68;100.97;76.61;65.77;5.776E-06;5.832E-06;-5.591E-08;-52.384;-52.342;-99.990;0.56;130.17;
2026-01-16 12:01:02.53;0.00:00:01:028;0.26;-0.58;0.77;6.349E-06;1.612E-06;-3.555E-06;4.72E-06;-32.80;25.20;96.46;74.33;61.47;6.349E-06;6.124E-06;2.248E-07;-51.973;-52.129;-66.482;0.63;126.99;
2026-01-16 12:01:02.58;0.00:00:01:079;0.22;-0.63;0.75;6.478E-06;1.309E-06;-3.82E-06;4.55E-06;-35.54;24.20;93.91;70.24;62.34;6.478E-06;6.083E-06;3.943E-07;-51.886;-52.159;-64.041;0.61;130.02;
2026-01-16 12:01:02.63;0.00:00:01:131;0.20;-0.53;0.82;6.12E-06;1.226E-06;-3.217E-06;5.021E-06;-34.57;27.78;99.48;82.05;56.25;6.12E-06;6.088E-06;3.205E-08;-52.133;-52.155;-74.942;0.60;122.64;
2026-01-16 12:01:02.69;0.00:00:01:182;0.25;-0.64;0.73;6.592E-06;1.524E-06;-3.976E-06;4.492E-06;-34.51;23.27;93.91;68.15;64.60;6.592E-06;6.19E-06;4.017E-07;-51.810;-52.083;-63.961;0.62;131.51;
2026-01-16 12:01:02.75;0.00:00:01:242;0.19;-0.66;0.73;6.445E-06;1.193E-06;-4.135E-06;4.617E-06;-36.95;23.51;97.94;71.64;66.78;6.445E-06;6.312E-06;1.33E-07;-51.908;-51.999;-68.760;0.59;131.85;
2026-01-16 12:01:02.80;0.00:00:01:293;0.24;-0.53;0.81;6.49E-06;1.374E-06;-2.968E-06;4.571E-06;-32.58;27.21;86.60;70.43;50.40;6.49E-06;5.62E-06;8.694E-07;-51.878;-52.502;-60.608;0.62;123.00;
2026-01-16 12:01:02.85;0.00:00:01:344;0.25;-0.62;0.74;6.358E-06;1.576E-06;-3.874E-06;4.652E-06;-33.93;24.02;98.38;73.16;65.77;6.358E-06;6.255E-06;1.031E-07;-51.967;-52.038;-69.869;0.63;129.78;
2026-01-16 12:01:02.90;0.00:00:01:397;0.09;-0.72;0.69;5.787E-06;6.01E-07;-4.717E-06;4.489E-06;-41.37;21.68;113.01;77.58;82.17;5.787E-06;6.539E-06;-7.527E-07;-52.376;-51.845;-99.990;0.55;136.41;
2026-01-16 12:01:02.95;0.00:00:01:444;0.24;-0.67;0.70;6.608E-06;1.461E-06;-4.073E-06;4.212E-06;-35.13;22.11;91.38;63.74;65.48;6.608E-06;6.038E-06;5.697E-07;-51.799;-52.191;-62.444;0.62;134.04;
2026-01-16 12:01:03.01;0.00:00:01:510;0.14;-0.61;0.78;5.944E-06;8.733E-07;-3.825E-06;4.836E-06;-38.57;25.47;104.77;81.36;66.01;5.944E-06;6.228E-06;-2.838E-07;-52.259;-52.057;-99.990;0.57;128.34;
2026-01-16 12:01:03.08;0.00:00:01:572;0.16;-0.58;0.80;6.167E-06;8.351E-07;-3.129E-06;4.3E-06;-37.53;26.51;87.28;69.72;52.51;6.167E-06;5.383E-06;7.845E-07;-52.099;-52.690;-61.054;0.58;126.04;
2026-01-16 12:01:03.13;0.00:00:01:623;0.18;-0.57;0.80;6.295E-06;1.036E-06;-3.209E-06;4.482E-06;-36.06;26.52;89.10;71.20;53.57;6.295E-06;5.609E-06;6.864E-07;-52.010;-52.512;-61.634;0.59;125.60;
2026-01-16 12:01:03.18;0.00:00:01:675;0.19;-0.56;0.80;6.472E-06;1.16E-06;-3.367E-06;4.811E-06;-35.49;26.74;92.48;74.33;55.03;6.472E-06;5.985E-06;4.865E-07;-51.890;-52.229;-63.129;0.60;124.99;
2026-01-16 12:01:03.23;0.00:00:01:728;0.21;-0.56;0.80;6.332E-06;1.277E-06;-3.346E-06;4.767E-06;-34.56;26.54;94.16;75.28;56.56;6.332E-06;5.962E-06;3.696E-07;-51.985;-52.246;-64.323;0.61;125.07;
2026-01-16 12:01:03.28;0.00:00:01:777;0.24;-0.56;0.79;6.524E-06;1.446E-06;-3.42E-06;4.826E-06;-33.54;26.21;93.34;73.97;56.92;6.524E-06;6.089E-06;4.347E-07;-51.855;-52.154;-63.618;0.62;125.33;
2026-01-16 12:01:03.33;0.00:00:01:824;0.28;-0.60;0.75;6.498E-06;1.806E-06;-3.814E-06;4.802E-06;-32.33;24.34;98.37;73.89;64.94;6.498E-06;6.393E-06;1.058E-07;-51.872;-51.943;-69.756;0.64;128.46;
2026-01-16 12:01:03.37;0.00:00:01:869;0.29;-0.55;0.78;6.951E-06;1.727E-06;-3.307E-06;4.66E-06;-31.21;25.66;85.89;67.05;53.68;6.951E-06;5.97E-06;9.81E-07;-51.580;-52.240;-60.083;0.64;125.36;
2026-01-16 12:01:03.43;0.00:00:01:923;0.32;-0.55;0.77;6.74E-06;2.044E-06;-3.526E-06;4.888E-06;-29.95;25.09;94.43;72.52;60.47;6.74E-06;6.364E-06;3.757E-07;-51.713;-51.963;-64.251;0.66;125.81;
2026-01-16 12:01:03.48;0.00:00:01:972;0.28;-0.51;0.81;6.722E-06;1.635E-06;-2.977E-06;4.738E-06;-30.61;27.18;86.72;70.48;50.52;6.722E-06;5.829E-06;8.93E-07;-51.725;-52.344;-60.492;0.64;122.14;
2026-01-16 12:01:03.53;0.00:00:02:024;0.25;-0.55;0.80;6.424E-06;1.534E-06;-3.402E-06;4.923E-06;-32.86;26.42;96.17;76.64;58.09;6.424E-06;6.178E-06;2.461E-07;-51.922;-52.092;-66.089;0.62;124.64;
2026-01-16 12:01:03.58;0.00:00:02:077;0.24;-0.56;0.79;6.492E-06;1.476E-06;-3.465E-06;4.895E-06;-33.46;26.21;95.13;75.40;58.01;6.492E-06;6.176E-06;3.162E-07;-51.876;-52.093;-65.001;0.62;125.29;
2026-01-16 12:01:03.63;0.00:00:02:126;0.24;-0.61;0.76;6.455E-06;1.596E-06;-4.023E-06;5.042E-06;-34.18;24.68;102.94;78.12;67.04;6.455E-06;6.645E-06;-1.899E-07;-51.901;-51.775;-99.990;0.62;128.58;
2026-01-16 12:01:03.68;0.00:00:02:175;0.20;-0.62;0.76;6.114E-06;1.215E-06;-3.822E-06;4.703E-06;-36.18;24.77;101.10;76.92;65.60;6.114E-06;6.181E-06;-6.716E-08;-52.137;-52.089;-99.990;0.60;129.10;
2026-01-16 12:01:03.73;0.00:00:02:228;0.14;-0.56;0.82;6.147E-06;8.212E-07;-3.158E-06;4.647E-06;-37.71;27.46;92.38;75.60;53.08;6.147E-06;5.678E-06;4.687E-07;-52.113;-52.458;-63.291;0.57;124.20;
2026-01-16 12:01:03.78;0.00:00:02:279;0.23;-0.57;0.79;6.285E-06;1.323E-06;-3.269E-06;4.536E-06;-33.99;26.07;91.41;72.17;56.10;6.285E-06;5.745E-06;5.401E-07;-52.017;-52.407;-62.675;0.62;125.78;
2026-01-16 12:01:03.83;0.00:00:02:329;0.18;-0.62;0.77;6.058E-06;1.071E-06;-3.669E-06;4.572E-06;-36.87;25.05;98.36;75.47;63.08;6.058E-06;5.959E-06;9.931E-08;-52.177;-52.248;-70.030;0.59;128.75;
2026-01-16 12:01:03.89;0.00:00:02:391;0.20;-0.54;0.81;6.175E-06;1.125E-06;-3.085E-06;4.615E-06;-34.98;27.28;91.73;74.74;53.18;6.175E-06;5.664E-06;5.107E-07;-52.094;-52.468;-62.918;0.60;123.76;
2026-01-16 12:01:03.94;0.00:00:02:440;0.21;-0.54;0.81;6.183E-06;1.219E-06;-3.197E-06;4.786E-06;-34.56;27.22;95.16;77.41;55.34;6.183E-06;5.883E-06;2.993E-07;-52.088;-52.304;-65.240;0.60;123.74;
2026-01-16 12:01:04.00;0.00:00:02:493;0.21;-0.56;0.80;6.527E-06;1.207E-06;-3.19E-06;4.58E-06;-34.64;26.66;87.48;70.16;52.25;6.527E-06;5.71E-06;8.17E-07;-51.853;-52.433;-60.878;0.61;124.86;
2026-01-16 12:01:04.05;0.00:00:02:544;0.27;-0.60;0.75;6.721E-06;1.682E-06;-3.681E-06;4.628E-06;-32.72;24.41;91.47;68.85;60.21;6.721E-06;6.148E-06;5.737E-07;-51.725;-52.113;-62.413;0.64;128.50;
2026-01-16 12:01:04.10;0.00:00:02:594;0.21;-0.59;0.78;6.049E-06;1.337E-06;-3.727E-06;4.988E-06;-35.13;25.78;105.28;82.46;65.46;6.049E-06;6.368E-06;-3.193E-07;-52.183;-51.960;-99.990;0.60;126.77;
2026-01-16 12:01:04.16;0.00:00:02:657;0.22;-0.63;0.74;6.39E-06;1.283E-06;-3.658E-06;4.322E-06;-35.34;24.05;90.86;67.64;60.67;6.39E-06;5.806E-06;5.843E-07;-51.945;-52.361;-62.334;0.61;130.24;
2026-01-16 12:01:04.22;0.00:00:02:718;0.31;-0.50;0.81;6.844E-06;2.007E-06;-3.288E-06;5.283E-06;-29.30;26.95;95.53;77.19;56.28;6.844E-06;6.538E-06;3.059E-07;-51.647;-51.846;-65.144;0.65;121.90;
2026-01-16 12:01:04.27;0.00:00:02:769;0.21;-0.59;0.78;5.951E-06;1.319E-06;-3.63E-06;4.792E-06;-35.01;25.56;103.42;80.52;64.90;5.951E-06;6.155E-06;-2.038E-07;-52.254;-52.108;-99.990;0.61;127.15;
2026-01-16 12:01:04.32;0.00:00:02:821;0.23;-0.56;0.80;6.381E-06;1.398E-06;-3.4E-06;4.889E-06;-33.82;26.53;95.86;76.62;57.61;6.381E-06;6.117E-06;2.639E-07;-51.951;-52.134;-65.785;0.61;124.81;
2026-01-16 12:01:04.38;0.00:00:02:881;0.20;-0.66;0.73;6.435E-06;1.231E-06;-3.963E-06;4.382E-06;-36.37;23.28;93.79;68.10;64.49;6.435E-06;6.035E-06;3.999E-07;-51.914;-52.193;-63.981;0.60;132.12;
2026-01-16 12:01:04.44;0.00:00:02:932;0.29;-0.50;0.82;6.583E-06;1.701E-06;-2.871E-06;4.714E-06;-29.68;27.35;87.73;71.61;50.68;6.583E-06;5.775E-06;8.079E-07;-51.816;-52.384;-60.926;0.65;121.34;
2026-01-16 12:01:04.49;0.00:00:02:983;0.35;-0.44;0.83;6.897E-06;2.121E-06;-2.636E-06;4.963E-06;-25.59;27.86;87.09;71.97;49.06;6.897E-06;6.007E-06;8.901E-07;-51.613;-52.214;-60.506;0.68;117.97;
2026-01-16 12:01:04.55;0.00:00:03:045;0.25;-0.64;0.73;6.297E-06;1.593E-06;-4.115E-06;4.663E-06;-34.42;23.29;101.96;74.05;70.08;6.297E-06;6.42E-06;-1.231E-07;-52.009;-51.925;-99.990;0.62;131.43;
2026-01-16 12:01:04.61;0.00:00:03:110;0.09;-0.70;0.71;5.771E-06;5.586E-07;-4.496E-06;4.551E-06;-41.46;22.57;111.26;78.86;78.49;5.771E-06;6.422E-06;-6.501E-07;-52.387;-51.924;-99.990;0.54;134.65;
2026-01-16 12:01:04.66;0.00:00:03:161;0.26;-0.52;0.81;7.011E-06;1.404E-06;-2.773E-06;4.364E-06;-31.57;27.27;76.42;62.25;44.34;7.011E-06;5.358E-06;1.653E-06;-51.542;-52.710;-57.818;0.63;122.44;
2026-01-16 12:01:04.72;0.00:00:03:216;0.27;-0.45;0.85;6.389E-06;1.61E-06;-2.752E-06;5.168E-06;-29.84;29.16;95.05;80.89;49.91;6.389E-06;6.073E-06;3.162E-07;-51.946;-52.166;-65.000;0.63;118.04;
2026-01-16 12:01:04.77;0.00:00:03:264;0.18;-0.54;0.82;6.109E-06;1.055E-06;-3.105E-06;4.722E-06;-35.62;27.61;94.12;77.31;53.69;6.109E-06;5.75E-06;3.591E-07;-52.141;-52.404;-64.448;0.59;123.33;
2026-01-16 12:01:04.82;0.00:00:03:316;0.28;-0.60;0.75;6.683E-06;1.763E-06;-3.82E-06;4.749E-06;-32.61;24.23;94.95;71.06;62.97;6.683E-06;6.345E-06;3.377E-07;-51.751;-51.976;-64.715;0.64;128.82;
2026-01-16 12:01:04.87;0.00:00:03:367;0.20;-0.55;0.81;6.373E-06;1.144E-06;-3.14E-06;4.591E-06;-34.99;26.98;89.09;72.03;52.43;6.373E-06;5.678E-06;6.952E-07;-51.956;-52.458;-61.579;0.60;124.37;
2026-01-16 12:01:04.92;0.00:00:03:419;0.32;-0.58;0.75;6.885E-06;2.045E-06;-3.687E-06;4.745E-06;-30.49;24.19;92.20;68.92;61.24;6.885E-06;6.348E-06;5.371E-07;-51.621;-51.974;-62.699;0.66;127.85;
2026-01-16 12:01:04.97;0.00:00:03:469;0.06;-0.59;0.81;5.764E-06;3.227E-07;-3.33E-06;4.553E-06;-42.23;26.85;98.02;78.99;58.04;5.764E-06;5.65E-06;1.141E-07;-52.393;-52.480;-69.426;0.53;126.18;
2026-01-16 12:01:05.02;0.00:00:03:520;0.26;-0.55;0.79;6.597E-06;1.579E-06;-3.326E-06;4.773E-06;-32.30;26.18;91.37;72.34;55.81;6.597E-06;6.028E-06;5.694E-07;-51.806;-52.198;-62.445;0.63;124.87;
2026-01-16 12:01:05.07;0.00:00:03:571;0.23;-0.62;0.75;6.424E-06;1.364E-06;-3.718E-06;4.501E-06;-34.93;24.33;93.33;70.07;61.65;6.424E-06;5.996E-06;4.282E-07;-51.922;-52.222;-63.683;0.61;129.56;
2026-01-16 12:01:05.13;0.00:00:03:624;0.13;-0.56;0.82;5.891E-06;7.315E-07;-3.237E-06;4.738E-06;-38.63;27.50;98.20;80.43;56.34;5.891E-06;5.785E-06;1.062E-07;-52.298;-52.377;-69.741;0.56;124.34;
2026-01-16 12:01:05.18;0.00:00:03:675;0.21;-0.68;0.70;6.379E-06;1.328E-06;-4.397E-06;4.508E-06;-36.60;22.23;100.90;70.68;72.00;6.379E-06;6.436E-06;-5.72E-08;-51.953;-51.914;-99.990;0.60;134.28;
2026-01-16 12:01:05.24;0.00:00:03:735;0.18;-0.63;0.76;6.262E-06;1.095E-06;-3.891E-06;4.723E-06;-37.14;24.72;99.28;75.43;64.55;6.262E-06;6.217E-06;4.51E-08;-52.033;-52.064;-73.458;0.59;129.48;
2026-01-16 12:01:05.29;0.00:00:03:788;0.16;-0.51;0.84;5.897E-06;9.526E-07;-2.974E-06;4.863E-06;-36.12;28.65;97.99;82.45;52.95;5.897E-06;5.779E-06;1.186E-07;-52.293;-52.382;-69.258;0.58;121.45;
2026-01-16 12:01:05.34;0.00:00:03:837;0.21;-0.63;0.75;6.245E-06;1.274E-06;-3.794E-06;4.518E-06;-35.72;24.23;96.66;72.35;64.09;6.245E-06;6.036E-06;2.089E-07;-52.045;-52.193;-66.801;0.61;130.02;
2026-01-16 12:01:05.39;0.00:00:03:887;0.14;-0.56;0.82;5.79E-06;7.916E-07;-3.144E-06;4.62E-06;-37.93;27.47;97.48;79.80;56.00;5.79E-06;5.644E-06;1.457E-07;-52.373;-52.484;-68.365;0.57;124.24;
2026-01-16 12:01:05.44;0.00:00:03:939;0.25;-0.59;0.76;6.656E-06;1.561E-06;-3.667E-06;4.708E-06;-33.47;24.87;92.68;70.73;59.88;6.656E-06;6.169E-06;4.875E-07;-51.768;-52.098;-63.120;0.63;127.92;
2026-01-16 12:01:05.49;0.00:00:03:989;0.14;-0.55;0.82;6.042E-06;7.678E-07;-3.036E-06;4.562E-06;-37.90;27.77;91.59;75.52;51.83;6.042E-06;5.534E-06;5.081E-07;-52.188;-52.570;-62.941;0.57;123.64;
2026-01-16 12:01:05.54;0.00:00:04:040;0.28;-0.52;0.80;6.803E-06;1.717E-06;-3.212E-06;4.935E-06;-30.94;26.79;90.17;72.55;53.54;6.803E-06;6.134E-06;6.689E-07;-51.673;-52.123;-61.746;0.64;123.06;
2026-01-16 12:01:05.60;0.00:00:04:091;0.26;-0.58;0.77;6.647E-06;1.587E-06;-3.619E-06;4.799E-06;-33.16;25.27;93.53;72.20;59.45;6.647E-06;6.217E-06;4.302E-07;-51.774;-52.064;-63.664;0.63;127.02;
2026-01-16 12:01:05.65;0.00:00:04:144;0.23;-0.53;0.82;6.142E-06;1.364E-06;-3.135E-06;4.841E-06;-33.24;27.39;96.48;78.81;55.66;6.142E-06;5.926E-06;2.162E-07;-52.117;-52.272;-66.652;0.62;122.93;
2026-01-16 12:01:05.70;0.00:00:04:194;0.17;-0.55;0.82;6.338E-06;9.75E-07;-3.246E-06;4.798E-06;-36.64;27.38;92.68;75.69;53.47;6.338E-06;5.874E-06;4.641E-07;-51.980;-52.311;-63.334;0.58;124.08;
2026-01-16 12:01:05.75;0.00:00:04:244;0.22;-0.67;0.71;6.421E-06;1.329E-06;-3.977E-06;4.263E-06;-35.76;22.74;93.13;66.40;65.30;6.421E-06;5.98E-06;4.414E-07;-51.924;-52.233;-63.551;0.61;133.01;
2026-01-16 12:01:05.80;0.00:00:04:295;0.17;-0.61;0.77;5.996E-06;1.007E-06;-3.693E-06;4.662E-06;-37.37;25.31;100.59;77.75;63.83;5.996E-06;6.032E-06;-3.567E-08;-52.221;-52.195;-99.990;0.58;128.38;
2026-01-16 12:01:05.85;0.00:00:04:348;0.13;-0.68;0.72;5.989E-06;8.106E-07;-4.179E-06;4.427E-06;-39.51;23.06;102.54;73.91;71.07;5.989E-06;6.141E-06;-1.522E-07;-52.226;-52.117;-99.990;0.57;133.35;
2026-01-16 12:01:05.91;0.00:00:04:410;0.16;-0.58;0.80;6.286E-06;9.615E-07;-3.435E-06;4.68E-06;-37.18;26.35;93.61;74.46;56.74;6.286E-06;5.884E-06;4.014E-07;-52.016;-52.303;-63.965;0.58;126.27;
2026-01-16 12:01:05.96;0.00:00:04:459;0.22;-0.66;0.72;6.472E-06;1.392E-06;-4.068E-06;4.451E-06;-35.55;23.00;95.63;68.78;66.44;6.472E-06;6.189E-06;2.827E-07;-51.890;-52.084;-65.487;0.61;132.43;
2026-01-16 12:01:06.02;0.00:00:04:512;0.17;-0.50;0.85;6.075E-06;9.249E-07;-2.711E-06;4.639E-06;-35.58;29.15;89.74;76.36;47.15;6.075E-06;5.452E-06;6.231E-07;-52.164;-52.634;-62.054;0.58;120.30;
2026-01-16 12:01:06.08;0.00:00:04:572;0.26;-0.54;0.80;6.578E-06;1.608E-06;-3.255E-06;4.873E-06;-31.86;26.66;92.37;74.07;55.19;6.578E-06;6.076E-06;5.017E-07;-51.819;-52.164;-62.996;0.63;123.74;
2026-01-16 12:01:06.13;0.00:00:04:623;0.06;-0.60;0.79;6.316E-06;3.366E-07;-3.317E-06;4.366E-06;-42.10;26.32;86.98;69.13;52.79;6.316E-06;5.494E-06;8.226E-07;-51.995;-52.601;-60.848;0.53;127.22;
2026-01-16 12:01:06.17;0.00:00:04:669;0.32;-0.41;0.85;6.992E-06;1.735E-06;-2.24E-06;4.635E-06;-26.12;29.28;77.69;66.29;40.52;6.992E-06;5.432E-06;1.56E-06;-51.554;-52.650;-58.069;0.66;115.79;
2026-01-16 12:01:06.24;0.00:00:04:737;0.22;-0.52;0.82;6.328E-06;1.343E-06;-3.232E-06;5.105E-06;-33.72;27.78;97.82;80.68;55.31;6.328E-06;6.189E-06;1.382E-07;-51.988;-52.083;-68.594;0.61;122.34;
2026-01-16 12:01:06.29;0.00:00:04:787;0.19;-0.58;0.79;6.387E-06;1.099E-06;-3.414E-06;4.672E-06;-36.07;26.25;92.22;73.15;56.15;6.387E-06;5.89E-06;4.972E-07;-51.947;-52.299;-63.034;0.59;126.15;
2026-01-16 12:01:06.34;0.00:00:04:836;0.28;-0.61;0.74;6.574E-06;1.762E-06;-3.853E-06;4.639E-06;-32.71;23.80;95.57;70.57;64.44;6.574E-06;6.282E-06;2.911E-07;-51.822;-52.019;-65.359;0.64;129.71;
2026-01-16 12:01:06.39;0.00:00:04:889;0.26;-0.55;0.79;6.657E-06;1.487E-06;-3.184E-06;4.578E-06;-32.49;26.24;86.69;68.77;52.79;6.657E-06;5.771E-06;8.858E-07;-51.767;-52.387;-60.526;0.63;124.82;
2026-01-16 12:01:06.44;0.00:00:04:938;0.22;-0.58;0.78;6.175E-06;1.311E-06;-3.496E-06;4.666E-06;-34.72;25.67;96.79;75.57;60.47;6.175E-06;5.976E-06;1.985E-07;-52.094;-52.236;-67.022;0.61;126.84;
2026-01-16 12:01:06.49;0.00:00:04:990;0.30;-0.58;0.76;6.84E-06;1.798E-06;-3.512E-06;4.593E-06;-31.45;24.67;88.52;67.15;57.68;6.84E-06;6.055E-06;7.853E-07;-51.649;-52.179;-61.050;0.65;127.41;
2026-01-16 12:01:06.55;0.00:00:05:043;0.06;-0.61;0.79;5.718E-06;3.16E-07;-3.417E-06;4.407E-06;-42.36;26.04;97.68;77.07;60.02;5.718E-06;5.586E-06;1.324E-07;-52.427;-52.529;-68.780;0.53;127.79;
2026-01-16 12:01:06.60;0.00:00:05:093;0.12;-0.63;0.76;5.499E-06;6.758E-07;-3.591E-06;4.326E-06;-39.67;24.90;102.98;78.67;66.46;5.499E-06;5.663E-06;-1.639E-07;-52.597;-52.470;-99.990;0.56;129.70;
2026-01-16 12:01:06.65;0.00:00:05:143;0.22;-0.55;0.81;6.344E-06;1.221E-06;-3.01E-06;4.412E-06;-33.96;26.82;86.37;69.55;51.20;6.344E-06;5.479E-06;8.648E-07;-51.976;-52.613;-60.631;0.61;124.30;
2026-01-16 12:01:06.70;0.00:00:05:192;0.21;-0.52;0.83;6.123E-06;1.237E-06;-3.025E-06;4.827E-06;-33.88;27.95;95.20;78.84;53.37;6.123E-06;5.829E-06;2.936E-07;-52.131;-52.344;-65.322;0.61;122.07;
2026-01-16 12:01:06.76;0.00:00:05:254;0.26;-0.55;0.79;6.374E-06;1.609E-06;-3.356E-06;4.833E-06;-32.20;26.20;95.70;75.82;58.39;6.374E-06;6.1E-06;2.742E-07;-51.956;-52.147;-65.620;0.63;124.78;
2026-01-16 12:01:06.81;0.00:00:05:304;0.25;-0.62;0.74;6.492E-06;1.622E-06;-4.096E-06;4.879E-06;-34.20;23.96;101.26;75.15;67.87;6.492E-06;6.574E-06;-8.184E-08;-51.876;-51.822;-99.990;0.62;130.02;
2026-01-16 12:01:06.86;0.00:00:05:353;0.22;-0.60;0.77;6.008E-06;1.349E-06;-3.724E-06;4.798E-06;-35.04;25.23;103.55;79.85;65.93;6.008E-06;6.221E-06;-2.133E-07;-52.213;-52.061;-99.990;0.61;127.82;
2026-01-16 12:01:06.92;0.00:00:05:417;0.27;-0.57;0.78;6.542E-06;1.724E-06;-3.672E-06;4.982E-06;-32.43;25.42;98.20;76.15;62.00;6.542E-06;6.424E-06;1.179E-07;-51.843;-51.922;-69.286;0.63;126.39;
2026-01-16 12:01:06.98;0.00:00:05:475;0.19;-0.60;0.78;6.13E-06;1.096E-06;-3.525E-06;4.556E-06;-36.36;25.49;95.67;74.34;60.23;6.13E-06;5.864E-06;2.653E-07;-52.126;-52.318;-65.762;0.59;127.73;
2026-01-16 12:01:07.04;0.00:00:05:538;0.24;-0.63;0.74;6.472E-06;1.448E-06;-3.752E-06;4.433E-06;-34.45;23.89;92.48;68.50;62.14;6.472E-06;5.985E-06;4.866E-07;-51.890;-52.229;-63.128;0.62;130.24;
2026-01-16 12:01:07.09;0.00:00:05:585;0.25;-0.63;0.73;6.556E-06;1.606E-06;-4.004E-06;4.676E-06;-34.07;23.65;97.05;71.32;65.81;6.556E-06;6.362E-06;1.936E-07;-51.834;-51.964;-67.131;0.63;130.58;
2026-01-16 12:01:07.13;0.00:00:05:631;0.17;-0.58;0.80;6.051E-06;9.576E-07;-3.281E-06;4.547E-06;-36.86;26.53;94.01;75.15;56.49;6.051E-06;5.688E-06;3.623E-07;-52.182;-52.450;-64.409;0.58;125.81;
2026-01-16 12:01:07.18;0.00:00:05:677;0.34;-0.58;0.74;6.956E-06;2.171E-06;-3.735E-06;4.708E-06;-29.92;23.73;91.86;67.69;62.10;6.956E-06;6.39E-06;5.663E-07;-51.576;-51.945;-62.470;0.67;128.42;
2026-01-16 12:01:07.23;0.00:00:05:724;0.10;-0.68;0.73;5.87E-06;6.051E-07;-4.292E-06;4.566E-06;-40.99;23.25;107.25;77.79;73.83;5.87E-06;6.296E-06;-4.255E-07;-52.313;-52.010;-99.990;0.55;133.22;
2026-01-16 12:01:07.27;0.00:00:05:771;0.14;-0.54;0.83;6.195E-06;8.318E-07;-3.162E-06;4.808E-06;-37.63;27.89;93.86;77.61;52.78;6.195E-06;5.815E-06;3.805E-07;-52.079;-52.355;-64.196;0.57;123.33;
2026-01-16 12:01:07.32;0.00:00:05:819;0.24;-0.52;0.82;6.418E-06;1.363E-06;-2.919E-06;4.613E-06;-32.48;27.54;87.67;71.88;50.20;6.418E-06;5.627E-06;7.912E-07;-51.926;-52.497;-61.017;0.62;122.32;
2026-01-16 12:01:07.37;0.00:00:05:866;0.28;-0.40;0.87;6.744E-06;1.536E-06;-2.239E-06;4.853E-06;-27.77;30.38;82.46;71.95;40.27;6.744E-06;5.561E-06;1.183E-06;-51.711;-52.548;-59.269;0.64;114.77;
2026-01-16 12:01:07.43;0.00:00:05:928;0.29;-0.48;0.83;6.832E-06;1.697E-06;-2.856E-06;4.897E-06;-29.64;27.93;86.61;71.68;48.62;6.832E-06;5.918E-06;9.147E-07;-51.654;-52.278;-60.387;0.64;120.25;
2026-01-16 12:01:07.48;0.00:00:05:975;0.40;-0.43;0.81;7.011E-06;2.574E-06;-2.783E-06;5.246E-06;-23.62;27.07;92.31;74.82;54.07;7.011E-06;6.472E-06;5.391E-07;-51.542;-51.889;-62.683;0.70;117.95;
2026-01-16 12:01:07.53;0.00:00:06:022;0.17;-0.63;0.76;6.248E-06;1.038E-06;-3.853E-06;4.692E-06;-37.46;24.81;98.59;75.11;63.87;6.248E-06;6.16E-06;8.789E-08;-52.043;-52.104;-70.561;0.58;129.39;
2026-01-16 12:01:07.57;0.00:00:06:069;0.11;-0.67;0.74;5.98E-06;6.059E-07;-3.843E-06;4.234E-06;-40.52;23.71;96.16;70.80;65.07;5.98E-06;5.75E-06;2.297E-07;-52.233;-52.403;-66.389;0.55;132.23;
2026-01-16 12:01:07.63;0.00:00:06:131;0.27;-0.55;0.79;6.35E-06;1.618E-06;-3.354E-06;4.765E-06;-32.13;26.00;95.24;75.04;58.64;6.35E-06;6.048E-06;3.024E-07;-51.972;-52.184;-65.195;0.63;125.14;
2026-01-16 12:01:07.68;0.00:00:06:180;0.18;-0.67;0.72;6.094E-06;1.06E-06;-4.035E-06;4.385E-06;-37.64;23.21;99.33;71.96;68.47;6.094E-06;6.053E-06;4.104E-08;-52.151;-52.180;-73.868;0.59;132.62;
2026-01-16 12:01:07.74;0.00:00:06:241;0.17;-0.56;0.81;6.493E-06;9.129E-07;-2.947E-06;4.3E-06;-36.39;27.17;81.51;66.23;47.51;6.493E-06;5.292E-06;1.201E-06;-51.875;-52.763;-59.206;0.59;124.42;
2026-01-16 12:01:07.79;0.00:00:06:289;0.16;-0.51;0.84;6.314E-06;8.812E-07;-2.904E-06;4.779E-06;-36.56;28.79;89.65;75.68;48.05;6.314E-06;5.661E-06;6.537E-07;-51.997;-52.471;-61.846;0.58;121.28;
2026-01-16 12:01:07.85;0.00:00:06:349;0.14;-0.68;0.72;5.981E-06;7.857E-07;-3.705E-06;3.942E-06;-39.01;23.07;91.41;65.92;63.34;5.981E-06;5.467E-06;5.136E-07;-52.233;-52.622;-62.894;0.57;133.23;
2026-01-16 12:01:07.90;0.00:00:06:396;0.15;-0.64;0.76;5.994E-06;8.501E-07;-3.729E-06;4.413E-06;-38.58;24.54;97.42;73.62;63.80;5.994E-06;5.839E-06;1.546E-07;-52.223;-52.336;-68.107;0.57;130.20;
2026-01-16 12:01:07.95;0.00:00:06:447;0.17;-0.62;0.77;6.064E-06;9.633E-07;-3.505E-06;4.33E-06;-37.32;24.99;93.23;71.41;59.94;6.064E-06;5.653E-06;4.103E-07;-52.173;-52.477;-63.869;0.59;128.99;
2026-01-16 12:01:08.01;0.00:00:06:507;0.30;-0.45;0.84;6.568E-06;1.597E-06;-2.383E-06;4.479E-06;-28.09;28.68;80.99;68.20;43.68;6.568E-06;5.319E-06;1.249E-06;-51.826;-52.742;-59.036;0.65;118.02;
2026-01-16 12:01:08.06;0.00:00:06:560;0.26;-0.49;0.83;7.002E-06;1.582E-06;-2.989E-06;5.013E-06;-31.06;28.00;86.37;71.61;48.30;7.002E-06;6.047E-06;9.542E-07;-51.548;-52.184;-60.204;0.63;120.80;
2026-01-16 12:01:08.12;0.00:00:06:615;0.07;-0.63;0.77;5.84E-06;4.369E-07;-3.732E-06;4.595E-06;-41.66;25.36;101.64;78.68;64.33;5.84E-06;5.936E-06;-9.558E-08;-52.336;-52.265;-99.990;0.54;129.08;
2026-01-16 12:01:08.17;0.00:00:06:662;0.31;-0.58;0.76;7.091E-06;1.837E-06;-3.434E-06;4.489E-06;-30.93;24.53;83.81;63.31;54.93;7.091E-06;5.943E-06;1.148E-06;-51.493;-52.260;-59.401;0.65;127.42;
2026-01-16 12:01:08.25;0.00:00:06:743;0.32;-0.54;0.78;6.9E-06;1.897E-06;-3.241E-06;4.695E-06;-29.82;25.67;87.14;68.05;54.43;6.9E-06;6.012E-06;8.875E-07;-51.612;-52.210;-60.518;0.66;124.62;
2026-01-16 12:01:08.31;0.00:00:06:803;0.32;-0.52;0.79;6.833E-06;1.929E-06;-3.148E-06;4.752E-06;-29.25;26.08;88.07;69.55;54.04;6.833E-06;6.018E-06;8.149E-07;-51.654;-52.205;-60.889;0.66;123.53;
2026-01-16 12:01:08.35;0.00:00:06:850;0.14;-0.62;0.77;5.862E-06;8.512E-07;-3.756E-06;4.632E-06;-38.62;25.13;102.77;79.03;65.70;5.862E-06;6.024E-06;-1.626E-07;-52.320;-52.201;-99.990;0.57;129.04;
2026-01-16 12:01:08.42;0.00:00:06:913;0.29;-0.65;0.70;6.753E-06;1.957E-06;-4.307E-06;4.664E-06;-32.78;22.30;98.38;69.07;70.05;6.753E-06;6.643E-06;1.097E-07;-51.705;-51.776;-69.599;0.65;132.72;
2026-01-16 12:01:08.48;0.00:00:06:973;0.22;-0.66;0.72;6.423E-06;1.316E-06;-3.969E-06;4.371E-06;-35.82;23.14;94.17;68.05;65.10;6.423E-06;6.049E-06;3.743E-07;-51.922;-52.183;-64.267;0.61;132.24;
2026-01-16 12:01:08.54;0.00:00:07:035;0.22;-0.64;0.74;6.236E-06;1.328E-06;-3.947E-06;4.518E-06;-35.70;23.66;98.54;72.45;66.79;6.236E-06;6.145E-06;9.109E-08;-52.051;-52.115;-70.405;0.61;131.14;
2026-01-16 12:01:08.59;0.00:00:07:081;0.22;-0.65;0.73;6.247E-06;1.3E-06;-3.93E-06;4.383E-06;-35.85;23.32;96.51;70.17;66.26;6.247E-06;6.029E-06;2.182E-07;-52.043;-52.198;-66.611;0.61;131.88;
2026-01-16 12:01:08.63;0.00:00:07:129;0.06;-0.67;0.74;5.488E-06;3.263E-07;-3.769E-06;4.182E-06;-42.53;23.93;102.75;76.19;68.93;5.488E-06;5.639E-06;-1.508E-07;-52.605;-52.488;-99.990;0.53;132.03;
2026-01-16 12:01:08.68;0.00:00:07:177;0.36;-0.52;0.78;6.912E-06;2.307E-06;-3.304E-06;4.959E-06;-27.54;25.45;92.45;71.75;58.30;6.912E-06;6.39E-06;5.22E-07;-51.604;-51.945;-62.823;0.68;123.67;
2026-01-16 12:01:08.76;0.00:00:07:253;0.25;-0.61;0.75;6.603E-06;1.485E-06;-3.642E-06;4.442E-06;-33.91;24.24;89.86;67.28;59.57;6.603E-06;5.933E-06;6.696E-07;-51.803;-52.267;-61.742;0.63;129.35;
2026-01-16 12:01:08.80;0.00:00:07:299;0.15;-0.64;0.75;6.17E-06;9.047E-07;-3.749E-06;4.434E-06;-38.22;24.49;95.25;71.87;62.51;6.17E-06;5.877E-06;2.93E-07;-52.097;-52.309;-65.331;0.58;130.21;
2026-01-16 12:01:08.85;0.00:00:07:345;0.27;-0.53;0.80;6.565E-06;1.55E-06;-3.01E-06;4.51E-06;-31.38;26.55;85.90;68.69;51.58;6.565E-06;5.639E-06;9.256E-07;-51.828;-52.488;-60.336;0.64;123.72;
2026-01-16 12:01:08.90;0.00:00:07:392;0.21;-0.56;0.80;6.455E-06;1.299E-06;-3.476E-06;4.986E-06;-34.76;26.67;96.28;77.25;57.48;6.455E-06;6.216E-06;2.398E-07;-51.901;-52.065;-66.201;0.60;124.88;
2026-01-16 12:01:08.94;0.00:00:07:438;0.19;-0.49;0.85;6.263E-06;1.031E-06;-2.732E-06;4.687E-06;-34.66;29.04;88.16;74.83;46.62;6.263E-06;5.522E-06;7.414E-07;-52.032;-52.579;-61.300;0.59;120.24;
2026-01-16 12:01:09.00;0.00:00:07:501;0.18;-0.68;0.71;6.397E-06;1.067E-06;-4.01E-06;4.202E-06;-37.55;22.68;92.32;65.69;64.86;6.397E-06;5.906E-06;4.916E-07;-51.940;-52.287;-63.084;0.59;133.66;
2026-01-16 12:01:09.05;0.00:00:07:548;0.26;-0.54;0.80;6.463E-06;1.528E-06;-3.201E-06;4.772E-06;-32.24;26.69;91.99;73.83;54.88;6.463E-06;5.946E-06;5.176E-07;-51.896;-52.258;-62.860;0.63;123.85;
2026-01-16 12:01:09.10;0.00:00:07:599;0.17;-0.51;0.85;6.249E-06;9.288E-07;-2.752E-06;4.606E-06;-35.67;28.88;87.14;73.71;46.48;6.249E-06;5.445E-06;8.036E-07;-52.042;-52.640;-60.950;0.59;120.86;
2026-01-16 12:01:09.15;0.00:00:07:646;0.26;-0.61;0.75;6.514E-06;1.513E-06;-3.526E-06;4.375E-06;-33.39;24.38;89.33;67.17;58.90;6.514E-06;5.819E-06;6.95E-07;-51.861;-52.351;-61.580;0.63;128.86;
2026-01-16 12:01:09.21;0.00:00:07:705;0.27;-0.54;0.79;6.404E-06;1.525E-06;-3.082E-06;4.496E-06;-31.84;26.30;88.40;70.22;53.70;6.404E-06;5.661E-06;7.431E-07;-51.936;-52.471;-61.289;0.63;124.43;
2026-01-16 12:01:09.26;0.00:00:07:752;0.13;-0.55;0.82;5.991E-06;7.28E-07;-3.064E-06;4.549E-06;-38.32;27.65;92.34;75.92;52.56;5.991E-06;5.533E-06;4.587E-07;-52.225;-52.571;-63.384;0.57;123.96;
2026-01-16 12:01:09.32;0.00:00:07:814;0.20;-0.58;0.79;6.39E-06;1.148E-06;-3.301E-06;4.473E-06;-35.42;26.00;88.83;70.00;54.69;6.39E-06;5.676E-06;7.136E-07;-51.945;-52.459;-61.465;0.60;126.43;
2026-01-16 12:01:09.36;0.00:00:07:861;0.27;-0.60;0.75;6.497E-06;1.755E-06;-3.911E-06;4.854E-06;-32.92;24.28;99.67;74.71;65.97;6.497E-06;6.476E-06;2.161E-08;-51.873;-51.887;-76.654;0.64;128.86;
2026-01-16 12:01:09.41;0.00:00:07:909;0.11;-0.64;0.76;5.865E-06;6.22E-07;-3.709E-06;4.357E-06;-40.24;24.60;98.14;74.29;64.13;5.865E-06;5.756E-06;1.091E-07;-52.318;-52.399;-69.621;0.55;130.41;
2026-01-16 12:01:09.47;0.00:00:07:969;0.24;-0.62;0.75;6.424E-06;1.41E-06;-3.688E-06;4.465E-06;-34.54;24.26;92.78;69.50;61.46;6.424E-06;5.961E-06;4.637E-07;-51.922;-52.247;-63.337;0.62;129.56;
2026-01-16 12:01:09.52;0.00:00:08:016;0.14;-0.55;0.82;6.394E-06;8.256E-07;-3.213E-06;4.756E-06;-37.80;27.55;90.69;74.38;51.88;6.394E-06;5.799E-06;5.954E-07;-51.942;-52.366;-62.252;0.57;124.04;
2026-01-16 12:01:09.57;0.00:00:08:063;0.17;-0.66;0.73;6.268E-06;1.059E-06;-4.024E-06;4.495E-06;-37.63;23.60;97.74;71.72;66.40;6.268E-06;6.126E-06;1.418E-07;-52.029;-52.128;-68.484;0.59;131.84;
2026-01-16 12:01:09.62;0.00:00:08:115;0.18;-0.59;0.79;6.41E-06;1.128E-06;-3.595E-06;4.835E-06;-36.29;26.03;95.62;75.42;58.78;6.41E-06;6.129E-06;2.805E-07;-51.931;-52.126;-65.520;0.59;126.64;
2026-01-16 12:01:09.67;0.00:00:08:171;0.22;-0.64;0.74;6.18E-06;1.392E-06;-4.022E-06;4.665E-06;-35.46;23.81;102.17;75.47;68.86;6.18E-06;6.314E-06;-1.34E-07;-52.090;-51.997;-99.990;0.61;130.77;
2026-01-16 12:01:09.72;0.00:00:08:219;0.17;-0.54;0.83;6.573E-06;9.884E-07;-3.1E-06;4.773E-06;-36.16;27.86;87.88;72.61;49.50;6.573E-06;5.777E-06;7.966E-07;-51.822;-52.383;-60.988;0.59;123.01;
2026-01-16 12:01:09.77;0.00:00:08:267;0.09;-0.56;0.82;6.035E-06;5.209E-07;-3.203E-06;4.689E-06;-40.38;27.66;94.48;77.69;53.77;6.035E-06;5.702E-06;3.329E-07;-52.193;-52.439;-64.776;0.55;124.34;
2026-01-16 12:01:09.83;0.00:00:08:326;0.13;-0.65;0.75;5.741E-06;7.979E-07;-4.034E-06;4.658E-06;-39.41;24.28;108.22;81.13;71.62;5.741E-06;6.213E-06;-4.721E-07;-52.410;-52.067;-99.990;0.56;130.89;
2026-01-16 12:01:09.88;0.00:00:08:373;0.14;-0.67;0.73;6.435E-06;8.999E-07;-4.281E-06;4.623E-06;-39.06;23.29;98.91;71.84;67.98;6.435E-06;6.365E-06;7.022E-08;-51.914;-51.962;-71.536;0.57;132.80;
2026-01-16 12:01:09.93;0.00:00:08:422;0.23;-0.47;0.85;6.545E-06;1.261E-06;-2.56E-06;4.682E-06;-31.89;29.32;83.77;71.53;43.60;6.545E-06;5.483E-06;1.062E-06;-51.841;-52.609;-59.739;0.61;118.67;
2026-01-16 12:01:09.97;0.00:00:08:469;0.18;-0.58;0.80;6.434E-06;1.078E-06;-3.502E-06;4.83E-06;-36.44;26.41;94.23;75.07;56.95;6.434E-06;6.063E-06;3.711E-07;-51.915;-52.173;-64.305;0.59;125.94;
2026-01-16 12:01:10.02;0.00:00:08:515;0.24;-0.60;0.77;6.309E-06;1.41E-06;-3.572E-06;4.569E-06;-34.23;24.98;94.61;72.43;60.87;6.309E-06;5.968E-06;3.402E-07;-52.001;-52.241;-64.682;0.62;128.01;
2026-01-16 12:01:10.08;0.00:00:08:578;0.24;-0.46;0.86;6.636E-06;1.364E-06;-2.669E-06;4.965E-06;-31.47;29.44;87.38;74.81;45.16;6.636E-06;5.799E-06;8.372E-07;-51.781;-52.366;-60.772;0.62;118.26;
2026-01-16 12:01:10.13;0.00:00:08:625;0.30;-0.45;0.84;6.876E-06;1.956E-06;-2.973E-06;5.487E-06;-28.33;28.51;95.12;79.80;51.77;6.876E-06;6.54E-06;3.353E-07;-51.627;-51.844;-64.746;0.65;118.45;
2026-01-16 12:01:10.18;0.00:00:08:672;0.08;-0.66;0.75;5.64E-06;4.899E-07;-4.159E-06;4.768E-06;-41.64;24.36;112.51;84.54;74.24;5.64E-06;6.346E-06;-7.056E-07;-52.487;-51.975;-99.990;0.54;131.09;
2026-01-16 12:01:10.22;0.00:00:08:718;0.16;-0.57;0.81;6.205E-06;9.634E-07;-3.331E-06;4.759E-06;-36.93;26.96;94.89;76.69;55.88;6.205E-06;5.888E-06;3.169E-07;-52.073;-52.300;-64.991;0.58;124.99;
2026-01-16 12:01:10.29;0.00:00:08:785;0.13;-0.50;0.86;5.871E-06;6.835E-07;-2.71E-06;4.689E-06;-37.92;29.60;92.97;79.86;47.60;5.871E-06;5.459E-06;4.129E-07;-52.313;-52.629;-63.842;0.56;120.03;
2026-01-16 12:01:10.35;0.00:00:08:844;0.15;-0.62;0.77;5.935E-06;8.925E-07;-3.791E-06;4.68E-06;-38.38;25.12;102.59;78.85;65.62;5.935E-06;6.089E-06;-1.535E-07;-52.266;-52.155;-99.990;0.57;129.01;
2026-01-16 12:01:10.40;0.00:00:08:893;0.13;-0.60;0.79;6.243E-06;7.985E-07;-3.577E-06;4.681E-06;-38.71;25.97;95.22;74.97;58.70;6.243E-06;5.945E-06;2.983E-07;-52.046;-52.259;-65.253;0.57;127.39;
2026-01-16 12:01:10.44;0.00:00:08:939;0.24;-0.53;0.81;6.208E-06;1.452E-06;-3.175E-06;4.882E-06;-32.71;27.21;96.70;78.65;56.25;6.208E-06;6.002E-06;2.051E-07;-52.071;-52.217;-66.880;0.62;123.04;
2026-01-16 12:01:10.50;0.00:00:08:999;0.23;-0.49;0.84;6.527E-06;1.443E-06;-3.057E-06;5.3E-06;-32.37;28.74;96.31;81.20;51.79;6.527E-06;6.286E-06;2.412E-07;-51.853;-52.016;-66.177;0.61;119.97;
2026-01-16 12:01:10.55;0.00:00:09:046;0.15;-0.66;0.74;5.892E-06;9.716E-07;-4.14E-06;4.631E-06;-38.40;23.72;106.71;78.59;72.17;5.892E-06;6.288E-06;-3.951E-07;-52.297;-52.015;-99.990;0.58;131.80;
2026-01-16 12:01:10.60;0.00:00:09:100;0.23;-0.42;0.88;6.702E-06;1.271E-06;-2.331E-06;4.811E-06;-30.70;30.55;81.98;71.77;39.61;6.702E-06;5.494E-06;1.208E-06;-51.738;-52.601;-59.179;0.62;115.85;
2026-01-16 12:01:10.66;0.00:00:09:155;0.18;-0.63;0.75;5.946E-06;1.145E-06;-3.911E-06;4.673E-06;-36.84;24.46;104.29;78.60;68.53;5.946E-06;6.2E-06;-2.548E-07;-52.258;-52.076;-99.990;0.59;129.92;
2026-01-16 12:01:10.71;0.00:00:09:203;0.21;-0.54;0.81;6.432E-06;1.338E-06;-3.411E-06;5.087E-06;-34.29;27.12;97.47;79.09;56.97;6.432E-06;6.269E-06;1.624E-07;-51.917;-52.028;-67.893;0.61;123.84;
2026-01-16 12:01:10.75;0.00:00:09:250;0.22;-0.65;0.72;6.339E-06;1.461E-06;-4.312E-06;4.791E-06;-35.64;23.23;104.25;75.57;71.82;6.339E-06;6.609E-06;-2.696E-07;-51.979;-51.799;-99.990;0.61;131.99;
2026-01-16 12:01:10.80;0.00:00:09:296;0.21;-0.60;0.77;6.391E-06;1.32E-06;-3.683E-06;4.771E-06;-35.14;25.32;96.54;74.65;61.22;6.391E-06;6.17E-06;2.208E-07;-51.944;-52.097;-66.560;0.61;127.67;
2026-01-16 12:01:10.85;0.00:00:09:343;0.24;-0.54;0.80;6.642E-06;1.52E-06;-3.431E-06;5.075E-06;-33.06;26.76;95.03;76.41;56.50;6.642E-06;6.312E-06;3.303E-07;-51.777;-51.998;-64.812;0.62;124.06;
2026-01-16 12:01:10.91;0.00:00:09:404;0.21;-0.47;0.86;6.357E-06;1.263E-06;-2.875E-06;5.288E-06;-33.14;29.65;96.75;83.19;49.39;6.357E-06;6.151E-06;2.069E-07;-51.967;-52.111;-66.843;0.60;118.53;
2026-01-16 12:01:10.97;0.00:00:09:467;0.20;-0.58;0.79;6.112E-06;1.17E-06;-3.414E-06;4.594E-06;-35.54;25.92;95.59;75.17;59.05;6.112E-06;5.842E-06;2.695E-07;-52.138;-52.334;-65.695;0.60;126.62;
2026-01-16 12:01:11.02;0.00:00:09:520;0.10;-0.58;0.81;6.203E-06;5.883E-07;-3.404E-06;4.777E-06;-40.10;27.06;95.03;77.01;55.69;6.203E-06;5.895E-06;3.082E-07;-52.074;-52.296;-65.111;0.55;125.47;
2026-01-16 12:01:11.08;0.00:00:09:578;0.07;-0.58;0.81;5.979E-06;3.913E-07;-3.307E-06;4.655E-06;-41.63;27.21;95.73;77.86;55.71;5.979E-06;5.723E-06;2.551E-07;-52.234;-52.423;-65.932;0.53;125.39;
2026-01-16 12:01:11.13;0.00:00:09:624;0.19;-0.63;0.76;6.457E-06;1.217E-06;-3.937E-06;4.756E-06;-36.41;24.55;97.47;73.66;63.83;6.457E-06;6.293E-06;1.636E-07;-51.900;-52.011;-67.861;0.60;129.62;
2026-01-16 12:01:11.18;0.00:00:09:672;0.12;-0.58;0.80;6.257E-06;6.963E-07;-3.427E-06;4.704E-06;-39.26;26.68;93.68;75.18;55.89;6.257E-06;5.861E-06;3.956E-07;-52.036;-52.320;-64.028;0.56;126.08;
2026-01-16 12:01:11.22;0.00:00:09:718;0.23;-0.59;0.77;6.478E-06;1.434E-06;-3.651E-06;4.786E-06;-34.28;25.33;95.52;73.88;60.55;6.478E-06;6.188E-06;2.9E-07;-51.885;-52.084;-65.376;0.62;127.34;
2026-01-16 12:01:11.28;0.00:00:09:780;0.18;-0.50;0.85;6.427E-06;1.101E-06;-3.034E-06;5.133E-06;-35.03;28.92;94.34;79.86;50.21;6.427E-06;6.063E-06;3.639E-07;-51.920;-52.173;-64.390;0.59;120.58;
2026-01-16 12:01:11.33;0.00:00:09:828;0.21;-0.65;0.72;6.419E-06;1.343E-06;-4.108E-06;4.547E-06;-35.95;23.22;97.73;70.83;67.34;6.419E-06;6.273E-06;1.456E-07;-51.925;-52.025;-68.368;0.61;132.10;
2026-01-16 12:01:11.38;0.00:00:09:874;0.14;-0.49;0.86;6.223E-06;8.193E-07;-2.785E-06;4.954E-06;-36.80;29.82;92.26;79.60;46.64;6.223E-06;5.742E-06;4.817E-07;-52.060;-52.410;-63.172;0.57;119.34;
2026-01-16 12:01:11.42;0.00:00:09:921;0.23;-0.52;0.83;6.586E-06;1.417E-06;-3.189E-06;5.104E-06;-33.02;27.82;93.88;77.50;52.99;6.586E-06;6.183E-06;4.028E-07;-51.814;-52.088;-63.949;0.61;122.00;
2026-01-16 12:01:11.50;0.00:00:09:998;0.16;-0.58;0.79;6.3E-06;1.016E-06;-3.609E-06;4.909E-06;-37.14;26.31;98.05;77.92;59.52;6.3E-06;6.177E-06;1.229E-07;-52.007;-52.092;-69.105;0.58;126.32;
2026-01-16 12:01:11.55;0.00:00:10:044;0.18;-0.50;0.85;6.623E-06;1.075E-06;-3.021E-06;5.078E-06;-35.21;28.86;90.68;76.68;48.42;6.623E-06;6.006E-06;6.171E-07;-51.790;-52.214;-62.097;0.59;120.75;
2026-01-16 12:01:11.59;0.00:00:10:090;0.12;-0.57;0.81;6.012E-06;7.201E-07;-3.356E-06;4.8E-06;-38.95;27.22;98.15;79.84;57.09;6.012E-06;5.901E-06;1.111E-07;-52.210;-52.291;-69.544;0.56;124.96;
2026-01-16 12:01:11.64;0.00:00:10:137;0.22;-0.53;0.82;6.306E-06;1.283E-06;-3.149E-06;4.838E-06;-33.92;27.45;93.78;76.73;53.92;6.306E-06;5.913E-06;3.922E-07;-52.003;-52.282;-64.065;0.61;123.06;
2026-01-16 12:01:11.69;0.00:00:10:182;0.07;-0.60;0.79;5.627E-06;4.1E-07;-3.725E-06;4.897E-06;-41.86;26.29;109.58;87.03;66.60;5.627E-06;6.166E-06;-5.393E-07;-52.497;-52.100;-99.990;0.53;127.26;
2026-01-16 12:01:11.73;0.00:00:10:231;0.13;-0.61;0.78;6.068E-06;7.725E-07;-3.759E-06;4.826E-06;-39.19;25.76;101.61;79.53;63.24;6.068E-06;6.166E-06;-9.755E-08;-52.169;-52.100;-99.990;0.56;127.91;
2026-01-16 12:01:11.78;0.00:00:10:277;0.18;-0.56;0.81;6.069E-06;1.042E-06;-3.21E-06;4.69E-06;-36.01;27.13;95.20;77.28;55.61;6.069E-06;5.778E-06;2.911E-07;-52.169;-52.382;-65.360;0.59;124.39;
2026-01-16 12:01:11.83;0.00:00:10:324;0.20;-0.53;0.82;6.596E-06;1.279E-06;-3.369E-06;5.179E-06;-34.61;27.58;95.66;78.52;54.64;6.596E-06;6.309E-06;2.862E-07;-51.807;-52.000;-65.433;0.60;123.05;
2026-01-16 12:01:11.87;0.00:00:10:371;0.14;-0.48;0.86;6.496E-06;8.088E-07;-2.735E-06;4.901E-06;-36.76;29.90;87.30;75.46;43.91;6.496E-06;5.671E-06;8.248E-07;-51.874;-52.464;-60.836;0.57;119.16;
2026-01-16 12:01:11.92;0.00:00:10:419;0.16;-0.47;0.87;6.321E-06;9.559E-07;-2.766E-06;5.177E-06;-35.47;30.26;94.08;81.90;46.29;6.321E-06;5.947E-06;3.744E-07;-51.992;-52.257;-64.267;0.58;118.11;
2026-01-16 12:01:11.98;0.00:00:10:480;0.22;-0.40;0.89;6.645E-06;1.33E-06;-2.394E-06;5.312E-06;-30.47;31.36;89.95;79.95;41.21;6.645E-06;5.977E-06;6.681E-07;-51.775;-52.235;-61.752;0.61;114.26;
2026-01-16 12:01:12.03;0.00:00:10:527;0.26;-0.50;0.82;6.457E-06;1.684E-06;-3.2E-06;5.253E-06;-31.12;27.73;98.76;81.35;56.00;6.457E-06;6.377E-06;8.033E-08;-51.900;-51.954;-70.951;0.63;121.35;
2026-01-16 12:01:12.09;0.00:00:10:590;0.18;-0.55;0.81;6.244E-06;1.133E-06;-3.39E-06;5.026E-06;-35.76;27.29;98.78;80.49;57.25;6.244E-06;6.167E-06;7.641E-08;-52.046;-52.099;-71.168;0.59;124.00;
2026-01-16 12:01:12.15;0.00:00:10:650;0.17;-0.56;0.81;6.258E-06;9.916E-07;-3.299E-06;4.714E-06;-36.63;26.92;93.29;75.32;55.04;6.258E-06;5.838E-06;4.2E-07;-52.035;-52.337;-63.768;0.58;124.98;
2026-01-16 12:01:12.20;0.00:00:10:697;0.19;-0.56;0.80;6.525E-06;1.136E-06;-3.449E-06;4.915E-06;-35.89;26.77;93.65;75.32;55.65;6.525E-06;6.111E-06;4.143E-07;-51.854;-52.139;-63.827;0.59;125.06;
2026-01-16 12:01:12.25;0.00:00:10:743;0.13;-0.46;0.88;6.516E-06;7.184E-07;-2.519E-06;4.813E-06;-37.04;30.72;84.10;73.87;40.21;6.516E-06;5.48E-06;1.036E-06;-51.860;-52.612;-59.848;0.57;117.63;
2026-01-16 12:01:12.29;0.00:00:10:790;0.10;-0.54;0.83;6.121E-06;5.383E-07;-2.992E-06;4.59E-06;-39.90;28.24;89.95;74.99;49.66;6.121E-06;5.506E-06;6.154E-07;-52.132;-52.592;-62.108;0.55;123.09;
2026-01-16 12:01:12.34;0.00:00:10:836;0.28;-0.42;0.86;6.638E-06;1.769E-06;-2.626E-06;5.398E-06;-28.01;29.80;94.28;81.32;47.70;6.638E-06;6.258E-06;3.8E-07;-51.779;-52.035;-64.202;0.64;115.94;
2026-01-16 12:01:12.39;0.00:00:10:884;0.10;-0.57;0.82;5.993E-06;5.563E-07;-3.291E-06;4.765E-06;-40.20;27.50;97.08;79.52;55.69;5.993E-06;5.818E-06;1.748E-07;-52.224;-52.352;-67.575;0.55;124.63;
2026-01-16 12:01:12.43;0.00:00:10:931;0.20;-0.59;0.78;6.139E-06;1.228E-06;-3.663E-06;4.83E-06;-35.73;25.67;100.75;78.68;62.93;6.139E-06;6.185E-06;-4.595E-08;-52.119;-52.087;-99.990;0.60;127.17;
2026-01-16 12:01:12.48;0.00:00:10:977;0.12;-0.56;0.82;6.122E-06;6.896E-07;-3.226E-06;4.781E-06;-38.97;27.70;94.88;78.10;53.88;6.122E-06;5.809E-06;3.134E-07;-52.131;-52.359;-65.039;0.56;124.01;
2026-01-16 12:01:12.53;0.00:00:11:024;0.22;-0.54;0.81;6.357E-06;1.321E-06;-3.278E-06;4.927E-06;-34.03;27.17;95.38;77.50;55.60;6.357E-06;6.063E-06;2.938E-07;-51.967;-52.173;-65.319;0.61;123.64;
2026-01-16 12:01:12.58;0.00:00:11:071;0.24;-0.33;0.91;6.836E-06;1.328E-06;-1.842E-06;5.038E-06;-27.11;32.87;80.84;73.70;33.22;6.836E-06;5.526E-06;1.31E-06;-51.652;-52.576;-58.829;0.62;110.09;
2026-01-16 12:01:12.62;0.00:00:11:116;0.22;-0.51;0.83;6.559E-06;1.303E-06;-2.954E-06;4.817E-06;-33.10;28.09;88.41;73.44;49.22;6.559E-06;5.799E-06;7.603E-07;-51.832;-52.367;-61.190;0.61;121.52;
2026-01-16 12:01:12.67;0.00:00:11:164;0.23;-0.51;0.83;6.508E-06;1.271E-06;-2.837E-06;4.664E-06;-32.93;28.16;86.12;71.66;47.76;6.508E-06;5.605E-06;9.034E-07;-51.865;-52.514;-60.441;0.61;121.31;
2026-01-16 12:01:12.71;0.00:00:11:210;0.28;-0.40;0.87;6.874E-06;1.661E-06;-2.416E-06;5.251E-06;-27.75;30.41;87.49;76.38;42.66;6.874E-06;6.014E-06;8.601E-07;-51.628;-52.208;-60.654;0.64;114.71;
2026-01-16 12:01:12.76;0.00:00:11:257;0.22;-0.51;0.83;6.542E-06;1.417E-06;-3.238E-06;5.23E-06;-33.18;27.97;96.50;79.95;54.03;6.542E-06;6.313E-06;2.29E-07;-51.843;-51.998;-66.403;0.61;121.76;
2026-01-16 12:01:12.81;0.00:00:11:303;0.14;-0.63;0.77;6.153E-06;8.244E-07;-3.787E-06;4.608E-06;-38.86;24.97;97.86;74.89;62.99;6.153E-06;6.022E-06;1.315E-07;-52.109;-52.203;-68.810;0.57;129.42;
2026-01-16 12:01:12.87;0.00:00:11:366;0.27;-0.48;0.83;6.551E-06;1.529E-06;-2.702E-06;4.684E-06;-30.25;28.23;85.78;71.50;47.39;6.551E-06;5.62E-06;9.313E-07;-51.837;-52.503;-60.309;0.64;119.98;
2026-01-16 12:01:12.92;0.00:00:11:419;0.24;-0.58;0.78;6.73E-06;1.472E-06;-3.587E-06;4.83E-06;-33.85;25.62;92.02;71.76;57.60;6.73E-06;6.194E-06;5.369E-07;-51.720;-52.081;-62.701;0.62;126.60;
2026-01-16 12:01:12.97;0.00:00:11:469;0.31;-0.56;0.77;6.819E-06;1.919E-06;-3.416E-06;4.712E-06;-30.34;25.13;89.86;69.10;57.46;6.819E-06;6.128E-06;6.912E-07;-51.663;-52.127;-61.604;0.66;125.94;
2026-01-16 12:01:13.02;0.00:00:11:519;0.02;-0.60;0.80;6.002E-06;1.4E-07;-3.36E-06;4.521E-06;-43.81;26.68;93.87;75.31;56.03;6.002E-06;5.634E-06;3.68E-07;-52.217;-52.491;-64.342;0.51;126.63;
2026-01-16 12:01:13.07;0.00:00:11:570;0.13;-0.53;0.84;6.359E-06;7.437E-07;-2.99E-06;4.731E-06;-38.02;28.47;88.79;74.41;48.45;6.359E-06;5.646E-06;7.128E-07;-51.966;-52.483;-61.471;0.57;122.29;
2026-01-16 12:01:13.12;0.00:00:11:621;0.14;-0.59;0.80;5.974E-06;8.173E-07;-3.422E-06;4.64E-06;-38.28;26.42;97.47;77.67;58.89;5.974E-06;5.823E-06;1.509E-07;-52.237;-52.348;-68.213;0.57;126.41;
2026-01-16 12:01:13.17;0.00:00:11:669;0.12;-0.57;0.81;5.711E-06;6.543E-07;-3.187E-06;4.535E-06;-39.20;27.17;97.73;79.41;56.98;5.711E-06;5.581E-06;1.294E-07;-52.433;-52.533;-68.881;0.56;125.10;
2026-01-16 12:01:13.23;0.00:00:11:721;0.29;-0.59;0.75;6.903E-06;1.829E-06;-3.785E-06;4.836E-06;-32.10;24.50;92.82;70.05;60.89;6.903E-06;6.407E-06;4.958E-07;-51.610;-51.933;-63.047;0.64;128.05;
2026-01-16 12:01:13.28;0.00:00:11:772;0.27;-0.49;0.83;6.712E-06;1.649E-06;-2.932E-06;5.004E-06;-30.32;28.04;89.84;74.56;50.12;6.712E-06;6.03E-06;6.82E-07;-51.732;-52.197;-61.662;0.64;120.37;
2026-01-16 12:01:13.34;0.00:00:11:833;0.17;-0.53;0.83;6.296E-06;9.88E-07;-3.101E-06;4.826E-06;-36.16;28.00;92.45;76.65;51.70;6.296E-06;5.821E-06;4.751E-07;-52.009;-52.350;-63.232;0.58;122.73;
2026-01-16 12:01:13.39;0.00:00:11:884;0.21;-0.49;0.84;6.423E-06;1.279E-06;-2.944E-06;5.019E-06;-33.26;28.70;92.76;78.15;49.97;6.423E-06;5.958E-06;4.648E-07;-51.923;-52.249;-63.327;0.61;120.39;
2026-01-16 12:01:13.44;0.00:00:11:937;0.27;-0.50;0.82;6.923E-06;1.6E-06;-2.956E-06;4.899E-06;-30.79;27.77;85.82;70.76;48.56;6.923E-06;5.941E-06;9.817E-07;-51.597;-52.261;-60.080;0.63;121.11;
2026-01-16 12:01:13.49;0.00:00:11:989;0.20;-0.37;0.91;6.565E-06;1.13E-06;-2.134E-06;5.172E-06;-31.05;32.49;86.95;78.78;36.79;6.565E-06;5.708E-06;8.569E-07;-51.828;-52.435;-60.671;0.60;112.42;
2026-01-16 12:01:13.54;0.00:00:12:040;0.18;-0.52;0.83;6.404E-06;1.03E-06;-2.98E-06;4.725E-06;-35.47;28.14;88.69;73.77;49.23;6.404E-06;5.68E-06;7.246E-07;-51.935;-52.457;-61.399;0.59;122.24;
2026-01-16 12:01:13.59;0.00:00:12:089;0.29;-0.33;0.90;6.856E-06;1.659E-06;-1.853E-06;5.121E-06;-24.08;32.05;83.04;74.70;36.28;6.856E-06;5.693E-06;1.163E-06;-51.639;-52.447;-59.346;0.65;109.89;
2026-01-16 12:01:13.65;0.00:00:12:143;0.21;-0.50;0.84;6.449E-06;1.314E-06;-3.087E-06;5.116E-06;-33.48;28.37;94.87;79.33;52.02;6.449E-06;6.118E-06;3.31E-07;-51.905;-52.134;-64.802;0.61;121.11;
2026-01-16 12:01:13.69;0.00:00:12:191;0.28;-0.48;0.83;7.026E-06;1.658E-06;-2.902E-06;5.013E-06;-30.13;28.15;85.76;71.35;47.57;7.026E-06;6.025E-06;1.001E-06;-51.533;-52.200;-59.997;0.64;120.07;
2026-01-16 12:01:13.76;0.00:00:12:255;0.27;-0.34;0.90;6.841E-06;1.583E-06;-1.974E-06;5.257E-06;-25.64;32.15;85.28;76.84;36.99;6.841E-06;5.834E-06;1.007E-06;-51.649;-52.340;-59.970;0.64;110.59;
2026-01-16 12:01:13.81;0.00:00:12:305;0.13;-0.42;0.90;6.194E-06;7.509E-07;-2.379E-06;5.096E-06;-36.24;31.96;91.61;82.28;40.28;6.194E-06;5.675E-06;5.195E-07;-52.080;-52.461;-62.844;0.57;115.03;
2026-01-16 12:01:13.86;0.00:00:12:356;0.23;-0.59;0.77;6.155E-06;1.413E-06;-3.577E-06;4.633E-06;-34.23;25.15;97.82;75.27;62.49;6.155E-06;6.021E-06;1.339E-07;-52.108;-52.203;-68.731;0.62;127.67;
2026-01-16 12:01:13.91;0.00:00:12:407;0.16;-0.41;0.90;6.325E-06;9.109E-07;-2.322E-06;5.038E-06;-34.29;31.83;88.89;79.66;39.43;6.325E-06;5.622E-06;7.029E-07;-51.990;-52.501;-61.531;0.58;114.74;
2026-01-16 12:01:13.96;0.00:00:12:458;0.27;-0.60;0.76;6.748E-06;1.683E-06;-3.781E-06;4.783E-06;-33.00;24.56;93.72;70.87;61.33;6.748E-06;6.325E-06;4.236E-07;-51.708;-51.990;-63.730;0.63;128.33;
2026-01-16 12:01:14.02;0.00:00:12:519;0.14;-0.54;0.83;6.121E-06;7.794E-07;-3.131E-06;4.784E-06;-38.01;28.00;94.28;78.16;52.71;6.121E-06;5.771E-06;3.504E-07;-52.132;-52.388;-64.554;0.57;123.20;
2026-01-16 12:01:14.08;0.00:00:12:575;0.26;-0.53;0.81;6.824E-06;1.52E-06;-3.134E-06;4.821E-06;-32.06;27.07;87.15;70.64;51.04;6.824E-06;5.947E-06;8.767E-07;-51.660;-52.257;-60.571;0.63;123.03;
2026-01-16 12:01:14.13;0.00:00:12:623;0.08;-0.63;0.77;6.016E-06;4.837E-07;-3.565E-06;4.41E-06;-41.14;25.40;94.59;73.29;59.79;6.016E-06;5.691E-06;3.257E-07;-52.207;-52.448;-64.872;0.54;128.95;
2026-01-16 12:01:14.18;0.00:00:12:674;0.25;-0.35;0.90;6.628E-06;1.434E-06;-2.032E-06;5.194E-06;-27.39;32.21;86.89;78.37;37.53;6.628E-06;5.759E-06;8.688E-07;-51.786;-52.397;-60.611;0.62;111.37;
2026-01-16 12:01:14.23;0.00:00:12:724;0.27;-0.52;0.81;6.755E-06;1.593E-06;-3.082E-06;4.836E-06;-31.33;27.17;88.10;71.59;51.35;6.755E-06;5.952E-06;8.035E-07;-51.704;-52.254;-60.950;0.63;122.51;
2026-01-16 12:01:14.29;0.00:00:12:786;0.19;-0.49;0.85;6.243E-06;1.055E-06;-2.73E-06;4.71E-06;-34.43;29.07;88.82;75.45;46.88;6.243E-06;5.545E-06;6.976E-07;-52.046;-52.561;-61.564;0.60;120.10;
2026-01-16 12:01:14.34;0.00:00:12:839;0.17;-0.57;0.80;6.037E-06;9.994E-07;-3.449E-06;4.84E-06;-36.92;26.71;99.82;80.17;59.48;6.037E-06;6.027E-06;1.073E-08;-52.192;-52.199;-79.695;0.58;125.48;
2026-01-16 12:01:14.39;0.00:00:12:890;0.04;-0.61;0.79;5.685E-06;2.311E-07;-3.553E-06;4.65E-06;-43.14;26.28;103.03;81.79;62.64;5.685E-06;5.857E-06;-1.72E-07;-52.453;-52.324;-99.990;0.52;127.39;
2026-01-16 12:01:14.44;0.00:00:12:941;0.16;-0.51;0.85;6.198E-06;9.301E-07;-2.861E-06;4.794E-06;-36.00;28.95;91.33;77.36;48.54;6.198E-06;5.66E-06;5.375E-07;-52.078;-52.472;-62.696;0.58;120.83;
2026-01-16 12:01:14.50;0.00:00:12:993;0.25;-0.47;0.85;6.698E-06;1.548E-06;-2.854E-06;5.174E-06;-30.76;28.95;91.20;77.25;48.48;6.698E-06;6.108E-06;5.894E-07;-51.741;-52.141;-62.296;0.63;118.88;
2026-01-16 12:01:14.55;0.00:00:13:047;0.08;-0.59;0.80;6.04E-06;4.894E-07;-3.452E-06;4.716E-06;-40.97;26.77;97.10;78.08;57.71;6.04E-06;5.865E-06;1.754E-07;-52.189;-52.317;-67.559;0.54;126.20;
2026-01-16 12:01:14.60;0.00:00:13:096;0.27;-0.53;0.80;6.716E-06;1.678E-06;-3.264E-06;4.893E-06;-31.39;26.56;91.07;72.85;54.65;6.716E-06;6.117E-06;5.997E-07;-51.729;-52.135;-62.221;0.64;123.71;
2026-01-16 12:01:14.65;0.00:00:13:149;0.22;-0.49;0.84;6.759E-06;1.359E-06;-3.001E-06;5.146E-06;-32.82;28.69;90.40;76.13;48.74;6.759E-06;6.11E-06;6.49E-07;-51.701;-52.139;-61.877;0.61;120.25;
2026-01-16 12:01:14.70;0.00:00:13:198;0.23;-0.54;0.81;6.39E-06;1.488E-06;-3.534E-06;5.363E-06;-33.58;27.22;103.17;83.93;60.00;6.39E-06;6.593E-06;-2.026E-07;-51.945;-51.809;-99.990;0.61;123.38;
2026-01-16 12:01:14.77;0.00:00:13:267;0.22;-0.50;0.84;6.493E-06;1.379E-06;-3.084E-06;5.141E-06;-32.96;28.35;94.75;79.19;52.03;6.493E-06;6.152E-06;3.406E-07;-51.876;-52.110;-64.677;0.61;120.96;
2026-01-16 12:01:14.83;0.00:00:13:322;0.21;-0.56;0.80;6.38E-06;1.368E-06;-3.748E-06;5.336E-06;-34.98;26.61;104.43;83.64;62.53;6.38E-06;6.663E-06;-2.828E-07;-51.952;-51.763;-99.990;0.60;125.08;
2026-01-16 12:01:14.88;0.00:00:13:378;0.19;-0.58;0.79;6.312E-06;1.185E-06;-3.618E-06;4.976E-06;-35.93;26.29;99.26;78.83;60.32;6.312E-06;6.265E-06;4.669E-08;-51.998;-52.031;-73.308;0.59;126.02;
2026-01-16 12:01:14.93;0.00:00:13:429;0.21;-0.49;0.85;6.546E-06;1.283E-06;-3.001E-06;5.242E-06;-33.42;29.05;94.34;80.09;49.86;6.546E-06;6.175E-06;3.705E-07;-51.840;-52.093;-64.312;0.60;119.79;
2026-01-16 12:01:14.99;0.00:00:13:487;0.09;-0.53;0.85;6.075E-06;5.556E-07;-3.098E-06;4.98E-06;-39.92;28.85;96.97;81.98;51.81;6.075E-06;5.891E-06;1.838E-07;-52.165;-52.298;-67.356;0.55;121.88;
2026-01-16 12:01:15.04;0.00:00:13:537;0.14;-0.49;0.86;6.111E-06;8.215E-07;-2.782E-06;4.885E-06;-36.77;29.65;92.97;79.94;47.46;6.111E-06;5.681E-06;4.298E-07;-52.139;-52.455;-63.667;0.57;119.66;
2026-01-16 12:01:15.09;0.00:00:13:587;0.14;-0.58;0.80;6.483E-06;8.25E-07;-3.381E-06;4.666E-06;-38.14;26.64;89.80;71.98;53.69;6.483E-06;5.822E-06;6.614E-07;-51.882;-52.350;-61.795;0.57;125.93;
2026-01-16 12:01:15.14;0.00:00:13:639;0.17;-0.62;0.76;6.069E-06;1.072E-06;-3.848E-06;4.725E-06;-37.22;24.90;101.95;77.86;65.81;6.069E-06;6.188E-06;-1.182E-07;-52.169;-52.085;-99.990;0.59;129.16;
2026-01-16 12:01:15.20;0.00:00:13:701;0.14;-0.58;0.80;6.216E-06;8.415E-07;-3.503E-06;4.873E-06;-38.25;26.76;97.48;78.39;57.95;6.216E-06;6.06E-06;1.566E-07;-52.065;-52.175;-68.053;0.57;125.71;
2026-01-16 12:01:15.26;0.00:00:13:752;0.14;-0.54;0.83;6.261E-06;7.64E-07;-3.057E-06;4.669E-06;-37.98;27.99;89.97;74.58;50.33;6.261E-06;5.633E-06;6.278E-07;-52.034;-52.493;-62.022;0.57;123.21;
2026-01-16 12:01:15.30;0.00:00:13:801;0.12;-0.60;0.79;5.87E-06;7.444E-07;-3.61E-06;4.77E-06;-39.18;26.15;102.71;81.27;62.80;5.87E-06;6.029E-06;-1.589E-07;-52.314;-52.198;-99.990;0.56;127.12;
2026-01-16 12:01:15.36;0.00:00:13:854;0.03;-0.61;0.79;6.023E-06;1.966E-07;-3.54E-06;4.619E-06;-43.41;26.25;96.67;76.69;58.86;6.023E-06;5.823E-06;2.003E-07;-52.202;-52.349;-66.982;0.52;127.46;
2026-01-16 12:01:15.41;0.00:00:13:903;0.18;-0.58;0.79;6.135E-06;1.108E-06;-3.533E-06;4.798E-06;-36.29;26.17;98.78;78.20;60.35;6.135E-06;6.06E-06;7.478E-08;-52.122;-52.175;-71.262;0.59;126.36;
2026-01-16 12:01:15.47;0.00:00:13:964;0.12;-0.66;0.74;5.922E-06;7.551E-07;-4.122E-06;4.644E-06;-39.81;23.97;105.63;78.42;70.76;5.922E-06;6.255E-06;-3.331E-07;-52.276;-52.038;-99.990;0.56;131.59;
2026-01-16 12:01:15.52;0.00:00:14:014;0.34;-0.46;0.82;7.251E-06;2.277E-06;-3.076E-06;5.426E-06;-26.74;27.40;91.58;74.84;52.78;7.251E-06;6.64E-06;6.107E-07;-51.396;-51.778;-62.142;0.67;119.54;
2026-01-16 12:01:15.57;0.00:00:14:070;0.08;-0.65;0.75;5.742E-06;5.164E-07;-4.179E-06;4.805E-06;-41.48;24.39;111.28;83.69;73.34;5.742E-06;6.389E-06;-6.477E-07;-52.410;-51.945;-99.990;0.54;131.01;
2026-01-16 12:01:15.62;0.00:00:14:116;0.18;-0.57;0.80;6.424E-06;1.145E-06;-3.552E-06;5.004E-06;-36.07;26.64;97.17;77.89;58.10;6.424E-06;6.242E-06;1.819E-07;-51.922;-52.046;-67.402;0.59;125.37;
2026-01-16 12:01:15.68;0.00:00:14:180;0.11;-0.55;0.83;6.071E-06;6.458E-07;-3.105E-06;4.639E-06;-39.13;27.82;92.55;76.40;52.24;6.071E-06;5.619E-06;4.521E-07;-52.167;-52.503;-63.448;0.56;123.80;
2026-01-16 12:01:15.73;0.00:00:14:229;0.14;-0.49;0.86;6.148E-06;8.697E-07;-2.917E-06;5.179E-06;-36.70;29.78;97.71;84.24;49.51;6.148E-06;6.007E-06;1.408E-07;-52.113;-52.213;-68.513;0.57;119.39;
2026-01-16 12:01:15.78;0.00:00:14:281;0.21;-0.57;0.80;6.598E-06;1.243E-06;-3.339E-06;4.698E-06;-34.79;26.41;89.36;71.21;54.00;6.598E-06;5.896E-06;7.018E-07;-51.806;-52.294;-61.538;0.61;125.40;
2026-01-16 12:01:15.85;0.00:00:14:342;0.18;-0.52;0.83;6.568E-06;1.059E-06;-3.025E-06;4.831E-06;-35.36;28.22;88.28;73.56;48.80;6.568E-06;5.798E-06;7.699E-07;-51.826;-52.367;-61.135;0.59;122.05;
2026-01-16 12:01:15.89;0.00:00:14:391;0.19;-0.50;0.85;6.368E-06;1.144E-06;-3.033E-06;5.127E-06;-34.67;28.85;95.25;80.51;50.89;6.368E-06;6.066E-06;3.027E-07;-51.960;-52.171;-65.190;0.59;120.60;
2026-01-16 12:01:15.95;0.00:00:14:443;0.25;-0.52;0.82;6.738E-06;1.547E-06;-3.238E-06;5.081E-06;-32.23;27.38;92.33;75.41;53.27;6.738E-06;6.221E-06;5.17E-07;-51.715;-52.061;-62.865;0.62;122.51;
2026-01-16 12:01:16.00;0.00:00:14:494;0.17;-0.47;0.87;6.174E-06;9.692E-07;-2.677E-06;4.93E-06;-35.05;30.00;92.21;79.85;46.12;6.174E-06;5.693E-06;4.809E-07;-52.094;-52.446;-63.179;0.59;118.50;
2026-01-16 12:01:16.05;0.00:00:14:544;0.11;-0.55;0.83;6.203E-06;6.472E-07;-3.119E-06;4.738E-06;-39.14;28.04;92.03;76.38;51.35;6.203E-06;5.709E-06;4.942E-07;-52.074;-52.434;-63.061;0.56;123.36;
2026-01-16 12:01:16.10;0.00:00:14:599;0.17;-0.47;0.86;6.419E-06;9.982E-07;-2.725E-06;4.998E-06;-34.94;29.93;90.04;77.87;45.21;6.419E-06;5.78E-06;6.393E-07;-51.925;-52.381;-61.943;0.59;118.60;
2026-01-16 12:01:16.16;0.00:00:14:659;0.16;-0.47;0.87;6.426E-06;8.567E-07;-2.475E-06;4.594E-06;-35.45;30.16;82.29;71.49;40.75;6.426E-06;5.288E-06;1.138E-06;-51.921;-52.767;-59.438;0.58;118.31;
2026-01-16 12:01:16.21;0.00:00:14:708;0.31;-0.45;0.84;7.078E-06;1.848E-06;-2.658E-06;4.986E-06;-27.59;28.50;84.00;70.45;45.74;7.078E-06;5.945E-06;1.133E-06;-51.501;-52.258;-59.459;0.66;118.06;
2026-01-16 12:01:16.27;0.00:00:14:762;0.11;-0.48;0.87;6.273E-06;6.067E-07;-2.618E-06;4.704E-06;-38.48;30.13;86.36;74.99;42.84;6.273E-06;5.418E-06;8.555E-07;-52.025;-52.662;-60.678;0.56;119.10;
2026-01-16 12:01:16.32;0.00:00:14:812;0.31;-0.50;0.81;6.85E-06;1.969E-06;-3.224E-06;5.201E-06;-29.29;27.01;93.85;75.93;55.15;6.85E-06;6.428E-06;4.215E-07;-51.643;-51.919;-63.752;0.65;121.79;
2026-01-16 12:01:16.37;0.00:00:14:865;0.29;-0.40;0.87;6.845E-06;1.716E-06;-2.387E-06;5.184E-06;-27.14;30.22;87.07;75.73;42.96;6.845E-06;5.96E-06;8.853E-07;-51.646;-52.248;-60.529;0.64;114.73;
2026-01-16 12:01:16.43;0.00:00:14:924;0.13;-0.55;0.82;6.145E-06;7.394E-07;-3.112E-06;4.636E-06;-38.32;27.70;91.66;75.44;52.06;6.145E-06;5.632E-06;5.124E-07;-52.115;-52.493;-62.904;0.57;123.87;
2026-01-16 12:01:16.48;0.00:00:14:977;0.14;-0.56;0.82;6.289E-06;7.905E-07;-3.203E-06;4.708E-06;-38.07;27.49;91.41;74.86;52.46;6.289E-06;5.748E-06;5.401E-07;-52.014;-52.404;-62.675;0.57;124.23;
2026-01-16 12:01:16.53;0.00:00:15:028;0.15;-0.63;0.77;6.309E-06;9.103E-07;-3.768E-06;4.616E-06;-38.21;24.99;95.53;73.16;61.44;6.309E-06;6.028E-06;2.817E-07;-52.000;-52.198;-65.502;0.58;129.22;
2026-01-16 12:01:16.59;0.00:00:15:085;0.07;-0.48;0.87;6.086E-06;3.44E-07;-2.528E-06;4.547E-06;-41.13;30.35;85.66;74.70;41.92;6.086E-06;5.214E-06;8.728E-07;-52.156;-52.829;-60.591;0.53;119.08;
2026-01-16 12:01:16.63;0.00:00:15:128;0.19;-0.57;0.80;6.383E-06;1.162E-06;-3.532E-06;4.933E-06;-35.90;26.50;96.78;77.29;58.25;6.383E-06;6.178E-06;2.053E-07;-51.950;-52.092;-66.876;0.59;125.60;
2026-01-16 12:01:16.69;0.00:00:15:189;-0.01;-0.52;0.85;5.621E-06;-5.385E-08;-2.852E-06;4.658E-06;-45.54;29.26;97.17;82.87;50.75;5.621E-06;5.462E-06;1.589E-07;-52.502;-52.626;-67.987;0.50;121.48;
2026-01-16 12:01:16.75;0.00:00:15:242;0.24;-0.43;0.87;6.639E-06;1.417E-06;-2.572E-06;5.234E-06;-30.58;30.35;90.40;78.84;44.23;6.639E-06;6.001E-06;6.375E-07;-51.779;-52.218;-61.955;0.62;116.17;
2026-01-16 12:01:16.79;0.00:00:15:291;0.22;-0.52;0.83;6.191E-06;1.273E-06;-3.06E-06;4.893E-06;-33.71;27.94;95.45;79.02;53.54;6.191E-06;5.91E-06;2.817E-07;-52.082;-52.284;-65.503;0.61;122.03;
2026-01-16 12:01:16.85;0.00:00:15:344;0.18;-0.53;0.83;6.306E-06;9.68E-07;-2.882E-06;4.466E-06;-35.72;27.88;85.68;70.83;48.21;6.306E-06;5.403E-06;9.031E-07;-52.003;-52.674;-60.443;0.59;122.83;
2026-01-16 12:01:16.90;0.00:00:15:396;0.22;-0.49;0.84;6.33E-06;1.336E-06;-3.067E-06;5.23E-06;-33.23;28.70;98.07;82.62;52.84;6.33E-06;6.208E-06;1.221E-07;-51.986;-52.070;-69.135;0.61;120.39;
2026-01-16 12:01:16.95;0.00:00:15:447;0.06;-0.68;0.73;5.84E-06;3.48E-07;-4.089E-06;4.398E-06;-42.57;23.49;103.00;75.30;70.27;5.84E-06;6.015E-06;-1.752E-07;-52.336;-52.208;-99.990;0.53;132.92;
2026-01-16 12:01:17.00;0.00:00:15:497;0.21;-0.51;0.83;6.88E-06;1.138E-06;-2.771E-06;4.507E-06;-33.84;28.20;78.66;65.51;43.54;6.88E-06;5.412E-06;1.468E-06;-51.624;-52.667;-58.332;0.61;121.58;
2026-01-16 12:01:17.06;0.00:00:15:561;0.14;-0.59;0.80;6.379E-06;8.479E-07;-3.435E-06;4.663E-06;-38.07;26.41;91.76;73.10;55.47;6.379E-06;5.854E-06;5.256E-07;-51.952;-52.326;-62.794;0.57;126.38;
2026-01-16 12:01:17.12;0.00:00:15:619;0.21;-0.54;0.82;6.291E-06;1.335E-06;-3.362E-06;5.104E-06;-34.17;27.34;99.45;81.14;57.50;6.291E-06;6.256E-06;3.476E-08;-52.013;-52.037;-74.589;0.61;123.37;
2026-01-16 12:01:17.18;0.00:00:15:674;0.18;-0.64;0.75;6.286E-06;1.077E-06;-3.861E-06;4.55E-06;-37.21;24.31;96.46;72.38;63.76;6.286E-06;6.064E-06;2.227E-07;-52.016;-52.173;-66.523;0.59;130.32;
2026-01-16 12:01:17.23;0.00:00:15:722;0.22;-0.54;0.81;6.352E-06;1.341E-06;-3.306E-06;4.974E-06;-33.96;27.17;96.37;78.31;56.17;6.352E-06;6.121E-06;2.304E-07;-51.971;-52.132;-66.374;0.61;123.61;
2026-01-16 12:01:17.28;0.00:00:15:773;0.13;-0.54;0.83;6.435E-06;7.391E-07;-3.037E-06;4.683E-06;-38.16;28.14;87.48;72.76;48.57;6.435E-06;5.63E-06;8.055E-07;-51.914;-52.495;-60.939;0.57;122.97;
2026-01-16 12:01:17.33;0.00:00:15:825;0.15;-0.64;0.75;6.679E-06;8.554E-07;-3.581E-06;4.218E-06;-38.28;24.44;83.83;63.15;55.13;6.679E-06;5.599E-06;1.08E-06;-51.753;-52.519;-59.665;0.58;130.33;
2026-01-16 12:01:17.38;0.00:00:15:875;0.07;-0.57;0.82;5.722E-06;3.7E-07;-3.212E-06;4.59E-06;-41.71;27.42;98.12;80.21;56.51;5.722E-06;5.615E-06;1.075E-07;-52.424;-52.507;-69.687;0.53;124.99;
2026-01-16 12:01:17.43;0.00:00:15:927;0.19;-0.47;0.87;6.628E-06;1.004E-06;-2.518E-06;4.686E-06;-34.13;29.98;81.67;70.70;40.89;6.628E-06;5.413E-06;1.215E-06;-51.786;-52.666;-59.155;0.59;118.25;
2026-01-16 12:01:17.48;0.00:00:15:977;0.11;-0.61;0.79;6.031E-06;6.193E-07;-3.442E-06;4.476E-06;-39.90;26.00;94.18;74.21;57.99;6.031E-06;5.68E-06;3.511E-07;-52.196;-52.456;-64.545;0.55;127.56;
2026-01-16 12:01:17.53;0.00:00:16:029;0.14;-0.58;0.80;6.119E-06;8.268E-07;-3.388E-06;4.627E-06;-38.14;26.50;94.69;75.62;56.99;6.119E-06;5.794E-06;3.251E-07;-52.133;-52.370;-64.880;0.57;126.21;
2026-01-16 12:01:17.60;0.00:00:16:092;0.10;-0.55;0.83;6.209E-06;5.379E-07;-2.873E-06;4.371E-06;-39.70;28.11;84.68;70.39;47.07;6.209E-06;5.258E-06;9.514E-07;-52.070;-52.792;-60.216;0.55;123.32;
2026-01-16 12:01:17.64;0.00:00:16:140;0.25;-0.57;0.78;6.705E-06;1.466E-06;-3.287E-06;4.506E-06;-32.98;25.69;86.02;67.20;53.69;6.705E-06;5.767E-06;9.376E-07;-51.736;-52.391;-60.280;0.63;126.11;
2026-01-16 12:01:17.70;0.00:00:16:193;0.26;-0.54;0.80;6.65E-06;1.566E-06;-3.246E-06;4.802E-06;-32.12;26.56;90.28;72.21;54.19;6.65E-06;6.003E-06;6.463E-07;-51.772;-52.216;-61.895;0.63;124.06;
2026-01-16 12:01:17.76;0.00:00:16:252;0.18;-0.55;0.82;6.344E-06;9.848E-07;-3.05E-06;4.542E-06;-36.05;27.40;87.62;71.60;50.51;6.344E-06;5.559E-06;7.854E-07;-51.976;-52.550;-61.049;0.59;123.88;
2026-01-16 12:01:17.81;0.00:00:16:307;0.26;-0.53;0.80;6.529E-06;1.553E-06;-3.177E-06;4.787E-06;-31.98;26.77;91.16;73.32;54.17;6.529E-06;5.952E-06;5.772E-07;-51.852;-52.254;-62.387;0.63;123.57;
2026-01-16 12:01:17.86;0.00:00:16:355;0.25;-0.53;0.81;6.391E-06;1.608E-06;-3.381E-06;5.225E-06;-32.28;27.19;100.59;81.76;58.59;6.391E-06;6.428E-06;-3.756E-08;-51.945;-51.919;-99.990;0.63;122.91;
2026-01-16 12:01:17.91;0.00:00:16:406;0.18;-0.64;0.75;6.248E-06;1.116E-06;-4.009E-06;4.715E-06;-37.22;24.29;100.64;75.46;66.60;6.248E-06;6.288E-06;-4.029E-08;-52.043;-52.015;-99.990;0.59;130.37;
2026-01-16 12:01:17.96;0.00:00:16:457;0.29;-0.45;0.84;6.689E-06;1.745E-06;-2.701E-06;5.028E-06;-28.57;28.70;89.23;75.17;48.08;6.689E-06;5.969E-06;7.201E-07;-51.746;-52.241;-61.426;0.65;118.25;
2026-01-16 12:01:18.03;0.00:00:16:521;0.28;-0.52;0.81;6.95E-06;1.777E-06;-3.245E-06;5.096E-06;-30.65;27.01;90.61;73.33;53.23;6.95E-06;6.298E-06;6.522E-07;-51.580;-52.008;-61.856;0.64;122.49;
2026-01-16 12:01:18.10;0.00:00:16:592;0.13;-0.59;0.80;6.034E-06;8.224E-07;-3.589E-06;4.858E-06;-38.55;26.42;101.02;80.51;61.02;6.034E-06;6.096E-06;-6.131E-08;-52.194;-52.150;-99.990;0.57;126.46;
2026-01-16 12:01:18.16;0.00:00:16:652;0.19;-0.49;0.85;6.549E-06;9.493E-07;-2.472E-06;4.279E-06;-34.50;29.12;76.83;65.33;40.43;6.549E-06;5.032E-06;1.517E-06;-51.838;-52.983;-58.189;0.59;120.02;
2026-01-16 12:01:18.21;0.00:00:16:702;0.25;-0.44;0.86;6.594E-06;1.435E-06;-2.505E-06;4.931E-06;-30.10;29.82;86.65;74.77;43.78;6.594E-06;5.714E-06;8.806E-07;-51.808;-52.431;-60.552;0.63;116.94;
2026-01-16 12:01:18.26;0.00:00:16:754;0.23;-0.61;0.76;6.401E-06;1.425E-06;-3.724E-06;4.665E-06;-34.53;24.74;95.88;72.89;62.29;6.401E-06;6.137E-06;2.638E-07;-51.938;-52.120;-65.788;0.62;128.60;
2026-01-16 12:01:18.31;0.00:00:16:808;0.19;-0.59;0.79;6.259E-06;1.169E-06;-3.62E-06;4.824E-06;-36.05;25.87;98.16;77.08;60.78;6.259E-06;6.144E-06;1.151E-07;-52.035;-52.116;-69.388;0.60;126.89;
2026-01-16 12:01:18.37;0.00:00:16:863;0.19;-0.44;0.87;6.262E-06;1.091E-06;-2.54E-06;4.995E-06;-33.38;30.52;91.16;79.76;44.14;6.262E-06;5.709E-06;5.536E-07;-52.033;-52.435;-62.568;0.60;116.95;
2026-01-16 12:01:18.42;0.00:00:16:919;0.19;-0.59;0.78;6.232E-06;1.106E-06;-3.466E-06;4.601E-06;-36.15;25.83;94.12;73.83;58.38;6.232E-06;5.865E-06;3.664E-07;-52.054;-52.317;-64.360;0.59;126.99;
2026-01-16 12:01:18.47;0.00:00:16:969;0.24;-0.56;0.80;6.456E-06;1.373E-06;-3.197E-06;4.59E-06;-33.38;26.42;89.20;71.09;53.88;6.456E-06;5.759E-06;6.972E-07;-51.900;-52.396;-61.566;0.62;124.86;
2026-01-16 12:01:18.53;0.00:00:17:021;0.15;-0.57;0.81;6.188E-06;8.617E-07;-3.315E-06;4.678E-06;-37.71;26.90;93.70;75.60;55.35;6.188E-06;5.798E-06;3.9E-07;-52.085;-52.367;-64.090;0.57;125.32;
2026-01-16 12:01:18.58;0.00:00:17:073;0.14;-0.54;0.83;6.052E-06;8.51E-07;-3.154E-06;4.881E-06;-37.45;28.10;97.04;80.65;53.97;6.052E-06;5.873E-06;1.789E-07;-52.181;-52.311;-67.473;0.57;122.87;
2026-01-16 12:01:18.63;0.00:00:17:123;0.16;-0.65;0.74;6.467E-06;1.001E-06;-3.974E-06;4.487E-06;-37.93;23.80;93.97;69.39;63.37;6.467E-06;6.077E-06;3.901E-07;-51.893;-52.163;-64.089;0.58;131.53;
2026-01-16 12:01:18.68;0.00:00:17:174;0.17;-0.62;0.77;6.396E-06;1.051E-06;-3.786E-06;4.723E-06;-37.24;25.12;96.05;73.85;61.42;6.396E-06;6.144E-06;2.526E-07;-51.941;-52.116;-65.976;0.59;128.71;
2026-01-16 12:01:18.74;0.00:00:17:236;0.18;-0.59;0.78;6.168E-06;1.059E-06;-3.393E-06;4.502E-06;-36.33;25.86;92.99;72.99;57.62;6.168E-06;5.736E-06;4.326E-07;-52.098;-52.414;-63.640;0.59;127.00;
2026-01-16 12:01:18.79;0.00:00:17:288;0.06;-0.65;0.76;5.56E-06;3.633E-07;-3.997E-06;4.649E-06;-42.40;24.60;110.46;83.61;72.18;5.56E-06;6.141E-06;-5.816E-07;-52.549;-52.117;-99.990;0.53;130.69;
2026-01-16 12:01:18.84;0.00:00:17:337;0.13;-0.44;0.89;6.191E-06;6.879E-07;-2.351E-06;4.747E-06;-36.85;31.35;86.28;76.67;39.57;6.191E-06;5.342E-06;8.495E-07;-52.082;-52.723;-60.708;0.56;116.35;
2026-01-16 12:01:18.89;0.00:00:17:390;0.23;-0.55;0.80;6.474E-06;1.343E-06;-3.188E-06;4.673E-06;-33.58;26.75;89.80;72.18;53.43;6.474E-06;5.814E-06;6.603E-07;-51.888;-52.355;-61.802;0.62;124.30;
2026-01-16 12:01:18.95;0.00:00:17:448;0.15;-0.58;0.80;6.101E-06;8.801E-07;-3.463E-06;4.765E-06;-37.87;26.57;97.62;78.10;58.57;6.101E-06;5.956E-06;1.45E-07;-52.146;-52.251;-68.385;0.57;126.01;
2026-01-16 12:01:19.00;0.00:00:17:499;0.19;-0.56;0.80;6.462E-06;1.045E-06;-3.102E-06;4.441E-06;-35.69;26.80;85.38;68.73;50.65;6.462E-06;5.517E-06;9.449E-07;-51.897;-52.583;-60.246;0.59;124.93;
2026-01-16 12:01:19.05;0.00:00:17:545;0.23;-0.58;0.78;6.516E-06;1.367E-06;-3.505E-06;4.753E-06;-34.35;25.82;93.03;72.94;57.74;6.516E-06;6.061E-06;4.543E-07;-51.860;-52.174;-63.427;0.61;126.41;
2026-01-16 12:01:19.10;0.00:00:17:593;0.31;-0.35;0.88;7.005E-06;1.822E-06;-2.05E-06;5.156E-06;-24.19;31.00;83.38;73.61;39.15;7.005E-06;5.84E-06;1.164E-06;-51.546;-52.336;-59.339;0.66;111.69;
2026-01-16 12:01:19.14;0.00:00:17:638;0.27;-0.58;0.77;6.968E-06;1.597E-06;-3.476E-06;4.642E-06;-32.66;25.26;86.33;66.62;54.89;6.968E-06;6.015E-06;9.528E-07;-51.569;-52.208;-60.210;0.63;126.82;
2026-01-16 12:01:19.19;0.00:00:17:684;0.11;-0.53;0.84;6.034E-06;6.062E-07;-2.78E-06;4.44E-06;-38.85;28.68;87.39;73.59;47.15;6.034E-06;5.273E-06;7.606E-07;-52.194;-52.779;-61.189;0.56;122.05;
2026-01-16 12:01:19.23;0.00:00:17:731;0.27;-0.48;0.84;6.666E-06;1.71E-06;-2.99E-06;5.255E-06;-30.12;28.38;94.26;78.84;51.68;6.666E-06;6.283E-06;3.824E-07;-51.762;-52.018;-64.175;0.64;119.64;
2026-01-16 12:01:19.28;0.00:00:17:778;0.25;-0.62;0.74;6.517E-06;1.616E-06;-3.997E-06;4.786E-06;-34.00;23.99;98.85;73.44;66.15;6.517E-06;6.442E-06;7.523E-08;-51.860;-51.910;-71.236;0.63;129.87;
2026-01-16 12:01:19.34;0.00:00:17:838;0.20;-0.56;0.80;6.279E-06;1.165E-06;-3.248E-06;4.675E-06;-35.13;26.78;92.54;74.45;54.96;6.279E-06;5.81E-06;4.683E-07;-52.021;-52.358;-63.295;0.60;124.79;
2026-01-16 12:01:19.39;0.00:00:17:887;0.18;-0.54;0.82;6.258E-06;1.052E-06;-3.077E-06;4.663E-06;-35.57;27.55;90.84;74.50;51.97;6.258E-06;5.685E-06;5.735E-07;-52.035;-52.453;-62.414;0.59;123.43;
2026-01-16 12:01:19.45;0.00:00:17:947;0.12;-0.63;0.77;5.687E-06;7.638E-07;-3.992E-06;4.843E-06;-39.58;25.00;111.19;85.17;71.48;5.687E-06;6.323E-06;-6.361E-07;-52.451;-51.991;-99.990;0.56;129.50;
2026-01-16 12:01:19.50;0.00:00:17:997;0.18;-0.57;0.80;6.234E-06;1.014E-06;-3.277E-06;4.633E-06;-36.40;26.74;92.47;74.32;55.03;6.234E-06;5.765E-06;4.693E-07;-52.052;-52.392;-63.285;0.59;125.27;
2026-01-16 12:01:19.56;0.00:00:18:057;0.25;-0.54;0.81;6.455E-06;1.58E-06;-3.469E-06;5.181E-06;-32.76;26.83;99.64;80.26;59.05;6.455E-06;6.432E-06;2.295E-08;-51.901;-51.917;-76.393;0.62;123.81;
2026-01-16 12:01:19.61;0.00:00:18:104;0.19;-0.55;0.81;6.158E-06;1.068E-06;-3.138E-06;4.652E-06;-35.61;27.26;92.75;75.54;53.83;6.158E-06;5.712E-06;4.463E-07;-52.105;-52.432;-63.504;0.59;124.00;
2026-01-16 12:01:19.65;0.00:00:18:150;0.24;-0.63;0.74;6.403E-06;1.431E-06;-3.826E-06;4.511E-06;-34.75;23.92;95.03;70.44;63.79;6.403E-06;6.085E-06;3.18E-07;-51.936;-52.157;-64.976;0.62;130.31;
2026-01-16 12:01:19.70;0.00:00:18:198;0.17;-0.57;0.80;6.141E-06;9.949E-07;-3.449E-06;4.843E-06;-36.96;26.72;98.17;78.86;58.46;6.141E-06;6.028E-06;1.124E-07;-52.118;-52.198;-69.491;0.58;125.46;
2026-01-16 12:01:19.75;0.00:00:18:244;0.22;-0.63;0.75;6.609E-06;1.311E-06;-3.79E-06;4.517E-06;-35.46;24.20;91.39;68.34;60.67;6.609E-06;6.04E-06;5.693E-07;-51.799;-52.190;-62.447;0.61;130.00;
2026-01-16 12:01:19.79;0.00:00:18:291;0.13;-0.51;0.85;6.232E-06;6.392E-07;-2.51E-06;4.203E-06;-37.86;29.18;79.23;67.45;41.57;6.232E-06;4.938E-06;1.295E-06;-52.053;-53.065;-58.878;0.56;120.85;
2026-01-16 12:01:19.84;0.00:00:18:338;0.33;-0.53;0.78;7.057E-06;1.916E-06;-3.145E-06;4.598E-06;-29.33;25.65;83.47;65.15;52.18;7.057E-06;5.891E-06;1.166E-06;-51.514;-52.298;-59.332;0.66;124.37;
2026-01-16 12:01:19.90;0.00:00:18:400;0.28;-0.55;0.79;6.567E-06;1.765E-06;-3.505E-06;5.076E-06;-31.64;26.15;97.70;77.29;59.76;6.567E-06;6.416E-06;1.512E-07;-51.826;-51.928;-68.205;0.64;124.63;
2026-01-16 12:01:19.95;0.00:00:18:447;0.22;-0.58;0.78;6.271E-06;1.334E-06;-3.513E-06;4.709E-06;-34.60;25.70;96.06;75.08;59.92;6.271E-06;6.024E-06;2.472E-07;-52.026;-52.201;-66.069;0.61;126.72;
2026-01-16 12:01:20.00;0.00:00:18:494;0.29;-0.62;0.73;6.592E-06;1.878E-06;-4.032E-06;4.708E-06;-32.51;23.31;98.26;71.43;67.48;6.592E-06;6.477E-06;1.147E-07;-51.810;-51.886;-69.403;0.64;130.57;
2026-01-16 12:01:20.04;0.00:00:18:540;0.21;-0.65;0.73;5.913E-06;1.322E-06;-4.026E-06;4.525E-06;-35.91;23.44;104.85;76.54;71.67;5.913E-06;6.2E-06;-2.869E-07;-52.282;-52.076;-99.990;0.61;131.66;
2026-01-16 12:01:20.11;0.00:00:18:602;0.20;-0.61;0.77;6.157E-06;1.187E-06;-3.574E-06;4.496E-06;-35.81;25.02;95.26;73.02;61.18;6.157E-06;5.865E-06;2.917E-07;-52.107;-52.317;-65.350;0.60;128.49;
2026-01-16 12:01:20.15;0.00:00:18:649;0.16;-0.59;0.79;6.167E-06;9.992E-07;-3.631E-06;4.85E-06;-37.31;26.09;99.56;78.64;61.06;6.167E-06;6.14E-06;2.712E-08;-52.099;-52.118;-75.667;0.58;126.82;
2026-01-16 12:01:20.20;0.00:00:18:695;0.16;-0.57;0.80;6.295E-06;9.066E-07;-3.192E-06;4.451E-06;-37.07;26.65;88.20;70.71;52.72;6.295E-06;5.552E-06;7.431E-07;-52.010;-52.555;-61.290;0.58;125.65;
2026-01-16 12:01:20.25;0.00:00:18:745;0.25;-0.56;0.79;6.239E-06;1.409E-06;-3.174E-06;4.475E-06;-33.03;26.09;90.78;71.72;55.66;6.239E-06;5.664E-06;5.75E-07;-52.049;-52.468;-62.403;0.62;125.35;
2026-01-16 12:01:20.32;0.00:00:18:816;0.12;-0.59;0.80;5.742E-06;6.954E-07;-3.433E-06;4.626E-06;-39.27;26.44;101.06;80.57;61.00;5.742E-06;5.803E-06;-6.077E-08;-52.409;-52.364;-99.990;0.56;126.58;
2026-01-16 12:01:20.37;0.00:00:18:871;0.37;-0.55;0.75;7.213E-06;2.384E-06;-3.568E-06;4.863E-06;-28.13;24.29;89.92;67.42;59.49;7.213E-06;6.486E-06;7.272E-07;-51.419;-51.880;-61.383;0.68;126.27;
2026-01-16 12:01:20.44;0.00:00:18:933;0.21;-0.59;0.78;6.278E-06;1.3E-06;-3.648E-06;4.756E-06;-35.19;25.42;97.69;75.75;61.69;6.278E-06;6.133E-06;1.449E-07;-52.022;-52.123;-68.391;0.61;127.49;
2026-01-16 12:01:20.48;0.00:00:18:978;0.01;-0.61;0.79;5.667E-06;8.247E-08;-3.394E-06;4.437E-06;-44.30;26.29;98.59;78.30;59.91;5.667E-06;5.587E-06;7.991E-08;-52.467;-52.528;-70.974;0.51;127.41;
2026-01-16 12:01:20.53;0.00:00:19:024;0.25;-0.55;0.80;6.564E-06;1.453E-06;-3.253E-06;4.717E-06;-32.97;26.47;90.07;71.87;54.29;6.564E-06;5.912E-06;6.521E-07;-51.829;-52.283;-61.857;0.62;124.59;
2026-01-16 12:01:20.57;0.00:00:19:070;0.16;-0.71;0.68;6.186E-06;9.284E-07;-4.097E-06;3.942E-06;-38.62;21.59;93.12;63.72;67.91;6.186E-06;5.761E-06;4.255E-07;-52.086;-52.395;-63.711;0.58;136.11;
2026-01-16 12:01:20.64;0.00:00:19:132;0.25;-0.52;0.82;6.631E-06;1.363E-06;-2.86E-06;4.537E-06;-32.26;27.54;83.45;68.42;47.77;6.631E-06;5.534E-06;1.098E-06;-51.784;-52.570;-59.596;0.62;122.22;
2026-01-16 12:01:20.68;0.00:00:19:180;0.24;-0.56;0.80;6.524E-06;1.388E-06;-3.291E-06;4.7E-06;-33.56;26.39;90.49;72.05;54.75;6.524E-06;5.904E-06;6.203E-07;-51.855;-52.289;-62.074;0.62;125.00;
2026-01-16 12:01:20.74;0.00:00:19:232;0.29;-0.63;0.72;6.5E-06;1.738E-06;-3.721E-06;4.264E-06;-32.48;23.04;91.08;65.60;63.18;6.5E-06;5.92E-06;5.801E-07;-51.871;-52.277;-62.365;0.65;131.11;
2026-01-16 12:01:20.79;0.00:00:19:289;0.18;-0.57;0.80;6.894E-06;1.004E-06;-3.113E-06;4.369E-06;-36.06;26.59;79.17;63.38;47.45;6.894E-06;5.458E-06;1.436E-06;-51.615;-52.630;-58.428;0.59;125.47;
2026-01-16 12:01:20.84;0.00:00:19:336;0.19;-0.62;0.76;6.169E-06;1.162E-06;-3.816E-06;4.695E-06;-36.53;24.82;99.88;76.12;64.67;6.169E-06;6.161E-06;7.375E-09;-52.098;-52.103;-81.322;0.59;129.10;
2026-01-16 12:01:20.91;0.00:00:19:402;0.13;-0.54;0.83;6.408E-06;7.191E-07;-3.067E-06;4.744E-06;-38.40;28.21;88.86;74.03;49.16;6.408E-06;5.694E-06;7.136E-07;-51.933;-52.445;-61.466;0.56;122.89;
2026-01-16 12:01:20.96;0.00:00:19:458;0.19;-0.51;0.84;6.662E-06;9.719E-07;-2.621E-06;4.367E-06;-34.83;28.69;77.83;65.55;41.96;6.662E-06;5.185E-06;1.477E-06;-51.764;-52.852;-58.307;0.59;120.97;
2026-01-16 12:01:21.01;0.00:00:19:511;0.21;-0.63;0.75;6.153E-06;1.301E-06;-3.995E-06;4.72E-06;-35.98;24.16;102.71;76.72;68.29;6.153E-06;6.319E-06;-1.667E-07;-52.109;-51.993;-99.990;0.60;130.24;
2026-01-16 12:01:21.08;0.00:00:19:571;0.17;-0.55;0.82;6.273E-06;9.707E-07;-3.21E-06;4.8E-06;-36.59;27.53;93.35;76.52;53.47;6.273E-06;5.855E-06;4.173E-07;-52.025;-52.324;-63.795;0.58;123.78;
2026-01-16 12:01:21.13;0.00:00:19:627;0.27;-0.47;0.84;6.83E-06;1.583E-06;-2.696E-06;4.859E-06;-29.79;28.62;84.59;71.13;45.77;6.83E-06;5.778E-06;1.053E-06;-51.656;-52.382;-59.777;0.64;119.02;
2026-01-16 12:01:21.19;0.00:00:19:682;0.25;-0.61;0.75;6.487E-06;1.478E-06;-3.696E-06;4.526E-06;-34.10;24.33;92.92;69.77;61.37;6.487E-06;6.027E-06;4.594E-07;-51.880;-52.199;-63.378;0.62;129.24;
2026-01-16 12:01:21.24;0.00:00:19:732;0.21;-0.58;0.79;6.009E-06;1.274E-06;-3.603E-06;4.893E-06;-35.26;26.00;103.31;81.42;63.60;6.009E-06;6.208E-06;-1.991E-07;-52.212;-52.070;-99.990;0.60;126.37;
2026-01-16 12:01:21.29;0.00:00:19:782;0.23;-0.59;0.77;6.377E-06;1.316E-06;-3.381E-06;4.448E-06;-34.37;25.40;90.00;69.74;56.88;6.377E-06;5.739E-06;6.38E-07;-51.954;-52.411;-61.952;0.61;127.24;
2026-01-16 12:01:21.34;0.00:00:19:834;0.24;-0.51;0.83;6.31E-06;1.514E-06;-3.217E-06;5.198E-06;-32.40;27.81;99.81;82.38;56.35;6.31E-06;6.298E-06;1.221E-08;-52.000;-52.008;-79.134;0.62;121.76;
2026-01-16 12:01:21.39;0.00:00:19:884;0.15;-0.62;0.77;6.326E-06;8.62E-07;-3.561E-06;4.418E-06;-38.20;25.17;90.72;69.84;57.91;6.326E-06;5.74E-06;5.868E-07;-51.988;-52.411;-62.315;0.58;128.87;
2026-01-16 12:01:21.44;0.00:00:19:934;0.26;-0.59;0.77;6.524E-06;1.539E-06;-3.551E-06;4.63E-06;-33.28;25.05;92.51;70.98;59.33;6.524E-06;6.035E-06;4.888E-07;-51.855;-52.193;-63.109;0.63;127.48;
2026-01-16 12:01:21.49;0.00:00:19:988;0.29;-0.61;0.74;6.633E-06;1.839E-06;-3.852E-06;4.718E-06;-32.24;23.93;95.92;71.13;64.35;6.633E-06;6.362E-06;2.709E-07;-51.783;-51.964;-65.672;0.64;129.23;
2026-01-16 12:01:21.54;0.00:00:20:039;0.22;-0.67;0.71;6.292E-06;1.338E-06;-4.063E-06;4.351E-06;-35.89;22.74;96.96;69.14;67.98;6.292E-06;6.101E-06;1.91E-07;-52.012;-52.146;-67.189;0.61;133.05;
2026-01-16 12:01:21.60;0.00:00:20:098;0.17;-0.55;0.82;6.124E-06;9.74E-07;-3.072E-06;4.616E-06;-36.21;27.54;91.93;75.38;52.63;6.124E-06;5.63E-06;4.943E-07;-52.129;-52.495;-63.060;0.59;123.65;
2026-01-16 12:01:21.65;0.00:00:20:148;0.23;-0.54;0.81;6.517E-06;1.364E-06;-3.145E-06;4.76E-06;-33.28;27.12;90.02;73.04;52.61;6.517E-06;5.866E-06;6.506E-07;-51.860;-52.317;-61.867;0.62;123.46;
2026-01-16 12:01:21.70;0.00:00:20:200;0.31;-0.56;0.77;6.527E-06;2.023E-06;-3.699E-06;5.039E-06;-30.66;25.04;100.66;77.21;64.59;6.527E-06;6.57E-06;-4.312E-08;-51.853;-51.824;-99.990;0.65;126.28;
2026-01-16 12:01:21.77;0.00:00:20:265;0.19;-0.64;0.74;6.077E-06;1.202E-06;-4.027E-06;4.636E-06;-36.69;23.90;102.96;76.28;69.16;6.077E-06;6.257E-06;-1.801E-07;-52.163;-52.036;-99.990;0.60;130.98;
2026-01-16 12:01:21.82;0.00:00:20:317;0.24;-0.51;0.82;6.44E-06;1.441E-06;-3.099E-06;4.974E-06;-32.53;27.75;93.71;77.24;53.07;6.44E-06;6.035E-06;4.049E-07;-51.911;-52.193;-63.926;0.62;121.92;
2026-01-16 12:01:21.88;0.00:00:20:376;0.14;-0.61;0.78;6.084E-06;8.032E-07;-3.427E-06;4.355E-06;-38.40;25.53;92.04;71.59;57.86;6.084E-06;5.6E-06;4.84E-07;-52.158;-52.518;-63.151;0.57;128.20;
2026-01-16 12:01:21.94;0.00:00:20:436;0.13;-0.50;0.86;5.86E-06;6.599E-07;-2.59E-06;4.447E-06;-37.85;29.50;88.55;75.90;45.61;5.86E-06;5.189E-06;6.712E-07;-52.321;-52.849;-61.732;0.56;120.21;
2026-01-16 12:01:21.99;0.00:00:20:487;0.22;-0.63;0.74;6.476E-06;1.338E-06;-3.873E-06;4.536E-06;-35.47;23.95;94.38;70.04;63.27;6.476E-06;6.113E-06;3.637E-07;-51.887;-52.138;-64.393;0.61;130.49;
2026-01-16 12:01:22.06;0.00:00:20:555;0.20;-0.64;0.74;6.328E-06;1.234E-06;-3.906E-06;4.493E-06;-36.23;23.82;96.08;71.00;64.73;6.328E-06;6.08E-06;2.483E-07;-51.987;-52.161;-66.049;0.60;131.00;
2026-01-16 12:01:22.11;0.00:00:20:602;0.16;-0.50;0.85;5.954E-06;9.285E-07;-2.894E-06;4.928E-06;-36.11;29.17;97.24;82.77;51.05;5.954E-06;5.79E-06;1.642E-07;-52.252;-52.374;-67.847;0.58;120.43;
2026-01-16 12:01:22.15;0.00:00:20:651;0.34;-0.62;0.71;7.131E-06;2.183E-06;-4.045E-06;4.593E-06;-30.82;22.49;91.12;64.41;64.45;7.131E-06;6.498E-06;6.333E-07;-51.468;-51.872;-61.984;0.67;131.37;
2026-01-16 12:01:22.21;0.00:00:20:703;0.25;-0.51;0.82;6.644E-06;1.475E-06;-3.077E-06;4.909E-06;-32.19;27.60;89.98;73.88;51.36;6.644E-06;5.979E-06;6.655E-07;-51.775;-52.234;-61.769;0.62;122.08;
2026-01-16 12:01:22.26;0.00:00:20:753;0.22;-0.50;0.84;6.469E-06;1.286E-06;-2.981E-06;4.992E-06;-33.33;28.48;92.05;77.17;50.18;6.469E-06;5.955E-06;5.143E-07;-51.892;-52.251;-62.888;0.61;120.84;
2026-01-16 12:01:22.32;0.00:00:20:814;0.16;-0.64;0.75;6.115E-06;1.002E-06;-3.915E-06;4.544E-06;-37.82;24.18;99.45;74.31;66.08;6.115E-06;6.081E-06;3.383E-08;-52.136;-52.160;-74.706;0.58;130.74;
2026-01-16 12:01:22.37;0.00:00:20:867;0.18;-0.63;0.75;6.223E-06;1.047E-06;-3.704E-06;4.432E-06;-37.11;24.51;94.33;71.22;61.86;6.223E-06;5.87E-06;3.527E-07;-52.060;-52.314;-64.527;0.59;129.89;
2026-01-16 12:01:22.42;0.00:00:20:919;0.16;-0.64;0.76;6.298E-06;9.125E-07;-3.723E-06;4.418E-06;-38.11;24.53;92.86;70.14;60.86;6.298E-06;5.849E-06;4.497E-07;-52.008;-52.330;-63.471;0.58;130.12;
2026-01-16 12:01:22.47;0.00:00:20:968;0.05;-0.55;0.83;6.049E-06;2.481E-07;-2.863E-06;4.318E-06;-42.52;28.18;85.75;71.38;47.51;6.049E-06;5.187E-06;8.622E-07;-52.183;-52.851;-60.644;0.52;123.54;
2026-01-16 12:01:22.52;0.00:00:21:020;0.17;-0.62;0.77;6.31E-06;9.562E-07;-3.486E-06;4.323E-06;-37.33;25.05;89.31;68.52;57.29;6.31E-06;5.635E-06;6.744E-07;-52.000;-52.491;-61.711;0.58;128.88;
2026-01-16 12:01:22.59;0.00:00:21:086;0.18;-0.67;0.72;6.221E-06;1.137E-06;-4.139E-06;4.43E-06;-37.32;22.95;99.15;71.21;68.99;6.221E-06;6.168E-06;5.285E-08;-52.061;-52.098;-72.770;0.59;133.05;
2026-01-16 12:01:22.72;0.00:00:21:218;0.22;-0.55;0.80;6.661E-06;1.279E-06;-3.147E-06;4.579E-06;-33.94;26.71;85.60;68.75;51.00;6.661E-06;5.702E-06;9.59E-07;-51.765;-52.440;-60.182;0.61;124.50;
2026-01-16 12:01:22.93;0.00:00:21:425;0.28;-0.61;0.74;6.836E-06;1.739E-06;-3.803E-06;4.645E-06;-32.72;24.00;91.43;67.95;61.17;6.836E-06;6.25E-06;5.857E-07;-51.652;-52.041;-62.323;0.64;129.31;
2026-01-16 12:01:23.01;0.00:00:21:504;0.17;-0.47;0.87;6.434E-06;9.313E-07;-2.614E-06;4.806E-06;-35.20;30.00;86.25;74.69;43.13;6.434E-06;5.55E-06;8.849E-07;-51.915;-52.557;-60.531;0.58;118.55;
2026-01-16 12:01:23.06;0.00:00:21:554;0.26;-0.47;0.84;6.288E-06;1.469E-06;-2.731E-06;4.844E-06;-30.86;28.69;91.47;77.04;49.31;6.288E-06;5.752E-06;5.361E-07;-52.015;-52.402;-62.707;0.63;119.41;
2026-01-16 12:01:23.12;0.00:00:21:618;0.12;-0.62;0.77;6.052E-06;7.261E-07;-3.763E-06;4.651E-06;-39.54;25.26;99.58;76.85;63.32;6.052E-06;6.027E-06;2.564E-08;-52.181;-52.199;-75.911;0.56;128.97;
2026-01-16 12:01:23.18;0.00:00:21:675;0.26;-0.64;0.72;6.599E-06;1.603E-06;-3.993E-06;4.529E-06;-34.06;23.23;94.66;68.63;65.20;6.599E-06;6.247E-06;3.523E-07;-51.805;-52.044;-64.530;0.63;131.40;
2026-01-16 12:01:23.23;0.00:00:21:722;0.23;-0.49;0.84;6.52E-06;1.358E-06;-2.871E-06;4.896E-06;-32.34;28.52;89.50;75.09;48.71;6.52E-06;5.835E-06;6.843E-07;-51.858;-52.339;-61.647;0.62;120.39;
2026-01-16 12:01:23.29;0.00:00:21:782;0.19;-0.55;0.82;6.49E-06;1.081E-06;-3.18E-06;4.771E-06;-35.61;27.43;89.90;73.51;51.75;6.49E-06;5.834E-06;6.552E-07;-51.878;-52.340;-61.836;0.59;123.69;
2026-01-16 12:01:23.33;0.00:00:21:828;0.26;-0.62;0.74;6.501E-06;1.519E-06;-3.66E-06;4.42E-06;-33.73;24.06;91.33;68.00;60.97;6.501E-06;5.937E-06;5.637E-07;-51.870;-52.264;-62.490;0.63;129.63;
2026-01-16 12:01:23.38;0.00:00:21:875;0.20;-0.58;0.79;6.47E-06;1.131E-06;-3.376E-06;4.544E-06;-35.74;25.96;89.22;70.23;55.03;6.47E-06;5.773E-06;6.973E-07;-51.891;-52.386;-61.566;0.60;126.61;
2026-01-16 12:01:23.43;0.00:00:21:922;0.29;-0.46;0.84;6.774E-06;1.71E-06;-2.714E-06;4.956E-06;-28.89;28.54;87.16;73.17;47.35;6.774E-06;5.904E-06;8.701E-07;-51.692;-52.289;-60.604;0.64;118.70;
2026-01-16 12:01:23.48;0.00:00:21:974;0.28;-0.54;0.80;6.343E-06;1.718E-06;-3.335E-06;4.97E-06;-31.38;26.48;98.18;78.36;59.15;6.343E-06;6.227E-06;1.156E-07;-51.977;-52.057;-69.371;0.64;123.86;
2026-01-16 12:01:23.54;0.00:00:22:034;0.17;-0.53;0.83;6.156E-06;9.557E-07;-3.016E-06;4.786E-06;-36.21;28.27;93.19;77.75;51.39;6.156E-06;5.737E-06;4.19E-07;-52.107;-52.413;-63.778;0.58;122.21;
2026-01-16 12:01:23.58;0.00:00:22:080;0.23;-0.54;0.81;6.457E-06;1.353E-06;-3.191E-06;4.745E-06;-33.51;26.93;91.01;73.49;53.68;6.457E-06;5.876E-06;5.803E-07;-51.900;-52.309;-62.363;0.62;123.92;
2026-01-16 12:01:23.65;0.00:00:22:144;0.31;-0.61;0.73;6.761E-06;2.082E-06;-4.16E-06;4.967E-06;-31.71;23.44;100.65;73.46;68.81;6.761E-06;6.805E-06;-4.42E-08;-51.700;-51.672;-99.990;0.65;129.95;
2026-01-16 12:01:23.76;0.00:00:22:252;0.33;-0.47;0.82;6.784E-06;1.99E-06;-2.797E-06;4.938E-06;-27.29;27.60;88.64;72.79;50.59;6.784E-06;6.014E-06;7.706E-07;-51.685;-52.209;-61.132;0.67;119.53;
2026-01-16 12:01:23.87;0.00:00:22:361;0.27;-0.50;0.82;6.224E-06;1.513E-06;-2.849E-06;4.689E-06;-31.01;27.74;91.43;75.33;51.82;6.224E-06;5.691E-06;5.334E-07;-52.059;-52.448;-62.730;0.63;121.28;
2026-01-16 12:01:23.94;0.00:00:22:439;0.27;-0.53;0.81;6.523E-06;1.679E-06;-3.258E-06;5.006E-06;-31.36;26.89;95.11;76.74;56.19;6.523E-06;6.204E-06;3.192E-07;-51.855;-52.073;-64.960;0.64;123.06;
2026-01-16 12:01:24.04;0.00:00:22:532;0.24;-0.64;0.73;6.434E-06;1.572E-06;-4.183E-06;4.791E-06;-34.70;23.50;101.83;74.47;69.46;6.434E-06;6.552E-06;-1.179E-07;-51.915;-51.836;-99.990;0.62;131.12;
2026-01-16 12:01:24.08;0.00:00:22:578;0.26;-0.60;0.76;6.755E-06;1.626E-06;-3.734E-06;4.754E-06;-33.23;24.71;92.69;70.39;60.30;6.755E-06;6.261E-06;4.94E-07;-51.704;-52.034;-63.063;0.63;128.15;
2026-01-16 12:01:24.13;0.00:00:22:628;0.20;-0.58;0.79;6.267E-06;1.195E-06;-3.481E-06;4.763E-06;-35.53;26.16;96.05;76.01;58.72;6.267E-06;6.019E-06;2.477E-07;-52.030;-52.205;-66.060;0.60;126.16;
2026-01-16 12:01:24.20;0.00:00:22:691;0.17;-0.54;0.82;6.144E-06;1.045E-06;-3.265E-06;4.957E-06;-36.13;27.67;98.10;80.69;55.80;6.144E-06;6.027E-06;1.166E-07;-52.116;-52.199;-69.335;0.59;123.37;
2026-01-16 12:01:24.25;0.00:00:22:750;0.18;-0.55;0.81;6.082E-06;1.112E-06;-3.448E-06;5.078E-06;-36.07;27.25;102.56;83.49;59.57;6.082E-06;6.238E-06;-1.559E-07;-52.159;-52.049;-99.990;0.59;124.18;
2026-01-16 12:01:24.30;0.00:00:22:799;0.15;-0.55;0.82;6.084E-06;8.727E-07;-3.262E-06;4.888E-06;-37.51;27.68;97.66;80.35;55.51;6.084E-06;5.941E-06;1.423E-07;-52.158;-52.261;-68.468;0.57;123.72;
2026-01-16 12:01:24.36;0.00:00:22:860;0.19;-0.51;0.84;6.365E-06;1.12E-06;-3.036E-06;4.995E-06;-34.87;28.53;93.50;78.47;50.84;6.365E-06;5.952E-06;4.137E-07;-51.962;-52.254;-63.833;0.59;121.30;
2026-01-16 12:01:24.43;0.00:00:22:924;0.27;-0.42;0.86;6.792E-06;1.701E-06;-2.659E-06;5.437E-06;-28.70;29.93;92.57;80.05;46.48;6.792E-06;6.287E-06;5.048E-07;-51.680;-52.015;-62.968;0.64;116.06;
2026-01-16 12:01:24.49;0.00:00:22:985;0.10;-0.63;0.77;5.952E-06;5.918E-07;-3.823E-06;4.624E-06;-40.60;25.04;101.30;77.70;65.00;5.952E-06;6.029E-06;-7.75E-08;-52.254;-52.197;-99.990;0.55;129.58;
2026-01-16 12:01:24.54;0.00:00:23:034;0.17;-0.59;0.79;6.179E-06;1.055E-06;-3.58E-06;4.814E-06;-36.79;26.11;98.58;77.91;60.40;6.179E-06;6.091E-06;8.787E-08;-52.091;-52.153;-70.562;0.59;126.64;
2026-01-16 12:01:24.59;0.00:00:23:086;0.27;-0.58;0.77;6.574E-06;1.818E-06;-3.871E-06;5.17E-06;-32.42;25.20;102.06;78.64;65.05;6.574E-06;6.709E-06;-1.355E-07;-51.822;-51.733;-99.990;0.64;126.82;
2026-01-16 12:01:24.64;0.00:00:23:138;0.13;-0.68;0.72;6.023E-06;8.98E-07;-4.619E-06;4.839E-06;-39.50;22.90;112.07;80.34;78.13;6.023E-06;6.749E-06;-7.267E-07;-52.202;-51.707;-99.990;0.57;133.67;
2026-01-16 12:01:24.73;0.00:00:23:224;0.11;-0.63;0.77;5.954E-06;7.035E-07;-4.04E-06;4.979E-06;-40.06;25.26;108.33;83.62;68.87;5.954E-06;6.45E-06;-4.958E-07;-52.252;-51.904;-99.990;0.55;129.05;
2026-01-16 12:01:24.79;0.00:00:23:282;0.05;-0.51;0.86;6.1E-06;2.747E-07;-2.827E-06;4.758E-06;-42.23;29.58;90.84;78.00;46.57;6.1E-06;5.542E-06;5.586E-07;-52.147;-52.564;-62.529;0.52;120.72;
2026-01-16 12:01:24.84;0.00:00:23:334;0.21;-0.50;0.84;6.844E-06;1.225E-06;-2.898E-06;4.867E-06;-33.54;28.56;84.68;71.11;45.97;6.844E-06;5.795E-06;1.049E-06;-51.647;-52.369;-59.793;0.61;120.77;
2026-01-16 12:01:24.89;0.00:00:23:389;0.12;-0.52;0.84;5.795E-06;7.352E-07;-3.097E-06;4.98E-06;-38.32;28.71;101.98;85.93;54.92;5.795E-06;5.91E-06;-1.15E-07;-52.369;-52.284;-99.990;0.56;121.87;
2026-01-16 12:01:24.97;0.00:00:23:464;0.14;-0.55;0.82;6.058E-06;8.158E-07;-3.15E-06;4.734E-06;-37.74;27.75;94.83;78.15;53.72;6.058E-06;5.745E-06;3.131E-07;-52.177;-52.407;-65.044;0.57;123.64;
2026-01-16 12:01:25.02;0.00:00:23:514;0.20;-0.51;0.84;6.523E-06;1.211E-06;-3.076E-06;5.083E-06;-34.26;28.48;92.96;77.93;50.68;6.523E-06;6.063E-06;4.595E-07;-51.856;-52.173;-63.377;0.60;121.18;
2026-01-16 12:01:25.08;0.00:00:23:577;0.10;-0.67;0.73;6.091E-06;6.221E-07;-4.033E-06;4.401E-06;-40.61;23.58;98.54;72.26;67.00;6.091E-06;6.001E-06;8.914E-08;-52.153;-52.217;-70.499;0.55;132.50;
2026-01-16 12:01:25.14;0.00:00:23:638;0.12;-0.54;0.83;5.994E-06;6.881E-07;-3.184E-06;4.877E-06;-38.90;28.13;97.84;81.36;54.34;5.994E-06;5.865E-06;1.294E-07;-52.223;-52.318;-68.881;0.56;123.14;
2026-01-16 12:01:25.19;0.00:00:23:685;0.25;-0.48;0.84;6.509E-06;1.457E-06;-2.804E-06;4.973E-06;-31.27;28.78;90.51;76.40;48.54;6.509E-06;5.892E-06;6.175E-07;-51.865;-52.298;-62.094;0.62;119.42;
2026-01-16 12:01:25.27;0.00:00:23:765;0.23;-0.58;0.78;6.262E-06;1.519E-06;-3.766E-06;5.087E-06;-34.02;25.70;103.95;81.24;64.86;6.262E-06;6.509E-06;-2.474E-07;-52.033;-51.865;-99.990;0.62;126.52;
2026-01-16 12:01:25.33;0.00:00:23:824;0.21;-0.58;0.79;6.16E-06;1.273E-06;-3.554E-06;4.863E-06;-35.15;26.09;99.93;78.94;61.27;6.16E-06;6.156E-06;4.14E-09;-52.104;-52.107;-83.830;0.60;126.16;
2026-01-16 12:01:25.38;0.00:00:23:873;0.14;-0.58;0.80;6.122E-06;8.356E-07;-3.384E-06;4.663E-06;-38.06;26.61;95.10;76.17;56.94;6.122E-06;5.822E-06;3E-07;-52.131;-52.349;-65.229;0.57;125.97;
2026-01-16 12:01:25.42;0.00:00:23:920;0.16;-0.57;0.81;6.419E-06;9.684E-07;-3.376E-06;4.803E-06;-37.00;26.91;92.68;74.81;54.71;6.419E-06;5.95E-06;4.697E-07;-51.925;-52.255;-63.282;0.58;125.10;
2026-01-16 12:01:25.47;0.00:00:23:967;0.12;-0.43;0.89;6.067E-06;6.566E-07;-2.322E-06;4.832E-06;-37.11;31.73;89.03;79.65;39.77;6.067E-06;5.401E-06;6.653E-07;-52.171;-52.675;-61.770;0.56;115.66;
2026-01-16 12:01:25.52;0.00:00:24:014;0.21;-0.64;0.74;6.393E-06;1.347E-06;-4.104E-06;4.745E-06;-35.92;23.84;100.37;74.22;67.57;6.393E-06;6.417E-06;-2.391E-08;-51.943;-51.927;-99.990;0.60;130.86;
2026-01-16 12:01:25.57;0.00:00:24:064;0.22;-0.46;0.86;6.327E-06;1.288E-06;-2.675E-06;4.962E-06;-32.14;29.56;91.39;78.43;46.92;6.327E-06;5.783E-06;5.445E-07;-51.988;-52.379;-62.640;0.61;118.32;
2026-01-16 12:01:25.61;0.00:00:24:111;0.22;-0.61;0.76;6.645E-06;1.331E-06;-3.737E-06;4.603E-06;-35.20;24.62;91.45;69.27;59.70;6.645E-06;6.077E-06;5.684E-07;-51.775;-52.163;-62.453;0.61;129.07;
2026-01-16 12:01:25.66;0.00:00:24:157;0.16;-0.60;0.78;6.329E-06;8.869E-07;-3.412E-06;4.444E-06;-37.71;25.79;89.62;70.21;55.69;6.329E-06;5.672E-06;6.57E-07;-51.986;-52.462;-61.825;0.58;127.51;
2026-01-16 12:01:25.71;0.00:00:24:205;0.29;-0.50;0.82;6.914E-06;1.78E-06;-3.096E-06;5.033E-06;-30.05;27.32;89.26;72.79;51.66;6.914E-06;6.171E-06;7.427E-07;-51.603;-52.096;-61.292;0.64;121.60;
2026-01-16 12:01:25.76;0.00:00:24:254;0.09;-0.62;0.78;5.857E-06;5.552E-07;-3.648E-06;4.552E-06;-40.67;25.49;100.05;77.72;63.00;5.857E-06;5.86E-06;-2.729E-09;-52.323;-52.321;-99.990;0.55;128.71;
2026-01-16 12:01:25.82;0.00:00:24:316;0.30;-0.55;0.78;6.718E-06;1.859E-06;-3.423E-06;4.899E-06;-30.74;25.76;93.17;72.93;57.98;6.718E-06;6.259E-06;4.592E-07;-51.727;-52.035;-63.380;0.65;124.94;
2026-01-16 12:01:25.87;0.00:00:24:362;0.23;-0.54;0.81;6.288E-06;1.459E-06;-3.381E-06;5.051E-06;-33.33;26.95;99.41;80.33;58.56;6.288E-06;6.25E-06;3.722E-08;-52.015;-52.041;-74.293;0.62;123.80;
2026-01-16 12:01:25.91;0.00:00:24:411;0.21;-0.55;0.81;6.407E-06;1.263E-06;-3.281E-06;4.87E-06;-34.47;27.09;93.75;76.01;54.88;6.407E-06;6.006E-06;4.004E-07;-51.934;-52.214;-63.975;0.61;123.97;
2026-01-16 12:01:25.97;0.00:00:24:471;0.31;-0.54;0.78;6.884E-06;1.981E-06;-3.48E-06;5.07E-06;-30.17;25.85;93.84;73.64;58.17;6.884E-06;6.461E-06;4.238E-07;-51.621;-51.897;-63.729;0.65;124.47;
2026-01-16 12:01:26.02;0.00:00:24:516;0.25;-0.58;0.77;6.423E-06;1.608E-06;-3.696E-06;4.933E-06;-33.24;25.37;99.18;76.80;62.75;6.423E-06;6.37E-06;5.286E-08;-51.923;-51.959;-72.768;0.63;126.84;
2026-01-16 12:01:26.07;0.00:00:24:568;0.08;-0.56;0.83;5.859E-06;4.469E-07;-3.274E-06;4.866E-06;-41.11;27.91;100.39;83.05;56.39;5.859E-06;5.882E-06;-2.265E-08;-52.322;-52.305;-99.990;0.54;123.93;
2026-01-16 12:01:26.13;0.00:00:24:626;0.26;-0.56;0.79;6.756E-06;1.641E-06;-3.508E-06;4.949E-06;-32.47;25.98;93.01;73.25;57.32;6.756E-06;6.284E-06;4.723E-07;-51.703;-52.018;-63.257;0.63;125.33;
2026-01-16 12:01:26.19;0.00:00:24:690;0.10;-0.59;0.80;5.75E-06;6.024E-07;-3.425E-06;4.656E-06;-40.01;26.62;101.06;80.96;60.48;5.75E-06;5.811E-06;-6.091E-08;-52.403;-52.357;-99.990;0.55;126.34;
2026-01-16 12:01:26.24;0.00:00:24:735;0.30;-0.54;0.79;6.633E-06;1.834E-06;-3.338E-06;4.904E-06;-30.61;26.08;93.61;73.93;57.42;6.633E-06;6.209E-06;4.24E-07;-51.783;-52.070;-63.727;0.65;124.25;
2026-01-16 12:01:26.29;0.00:00:24:783;0.17;-0.65;0.74;6.165E-06;1.006E-06;-3.927E-06;4.525E-06;-37.81;24.07;98.55;73.40;65.77;6.165E-06;6.076E-06;8.927E-08;-52.101;-52.164;-70.493;0.58;130.96;
2026-01-16 12:01:26.34;0.00:00:24:835;0.29;-0.52;0.80;6.862E-06;1.94E-06;-3.474E-06;5.327E-06;-30.41;26.62;96.91;77.63;58.00;6.862E-06;6.649E-06;2.123E-07;-51.636;-51.772;-66.731;0.65;123.11;
2026-01-16 12:01:26.39;0.00:00:24:890;0.17;-0.58;0.79;5.966E-06;1.041E-06;-3.495E-06;4.768E-06;-36.70;26.30;100.61;79.92;61.11;5.966E-06;6.003E-06;-3.632E-08;-52.243;-52.216;-99.990;0.59;126.24;
2026-01-16 12:01:26.44;0.00:00:24:936;0.15;-0.55;0.82;5.999E-06;9.668E-07;-3.461E-06;5.098E-06;-37.20;27.41;103.98;84.99;59.91;5.999E-06;6.238E-06;-2.39E-07;-52.219;-52.050;-99.990;0.58;124.17;
2026-01-16 12:01:26.49;0.00:00:24:988;0.15;-0.65;0.74;6.134E-06;9.508E-07;-4.114E-06;4.672E-06;-38.49;23.95;102.65;76.16;68.83;6.134E-06;6.297E-06;-1.626E-07;-52.122;-52.009;-99.990;0.58;131.37;
2026-01-16 12:01:26.55;0.00:00:25:047;0.26;-0.48;0.84;6.481E-06;1.482E-06;-2.72E-06;4.766E-06;-30.70;28.49;87.71;73.55;47.80;6.481E-06;5.684E-06;7.962E-07;-51.884;-52.453;-60.990;0.63;119.71;
2026-01-16 12:01:26.61;0.00:00:25:110;0.19;-0.56;0.81;6.073E-06;1.109E-06;-3.334E-06;4.789E-06;-35.80;26.87;97.81;78.86;57.85;6.073E-06;5.94E-06;1.33E-07;-52.166;-52.262;-68.761;0.59;124.84;
2026-01-16 12:01:26.67;0.00:00:25:171;0.17;-0.45;0.88;6.531E-06;9.126E-07;-2.435E-06;4.742E-06;-34.73;30.63;82.80;72.61;39.81;6.531E-06;5.408E-06;1.123E-06;-51.850;-52.669;-59.496;0.58;117.18;
2026-01-16 12:01:26.72;0.00:00:25:221;0.38;-0.48;0.79;6.969E-06;2.357E-06;-3.024E-06;4.965E-06;-26.03;26.16;90.02;71.24;55.02;6.969E-06;6.273E-06;6.957E-07;-51.568;-52.025;-61.576;0.69;121.35;
2026-01-16 12:01:26.77;0.00:00:25:266;0.14;-0.56;0.81;5.798E-06;8.228E-07;-3.293E-06;4.76E-06;-37.99;27.25;100.83;82.10;58.54;5.798E-06;5.847E-06;-4.83E-08;-52.367;-52.331;-99.990;0.57;124.68;
2026-01-16 12:01:26.82;0.00:00:25:313;0.17;-0.54;0.82;6.505E-06;1.038E-06;-3.327E-06;5.024E-06;-36.34;27.63;94.00;77.23;53.58;6.505E-06;6.115E-06;3.905E-07;-51.867;-52.136;-64.084;0.58;123.51;
2026-01-16 12:01:26.86;0.00:00:25:359;0.29;-0.57;0.77;6.735E-06;1.768E-06;-3.485E-06;4.757E-06;-31.55;25.30;91.42;70.64;58.03;6.735E-06;6.157E-06;5.78E-07;-51.717;-52.106;-62.380;0.64;126.23;
2026-01-16 12:01:26.92;0.00:00:25:411;0.40;-0.43;0.81;7.137E-06;2.745E-06;-2.991E-06;5.604E-06;-23.73;27.04;96.96;78.52;56.88;7.137E-06;6.919E-06;2.171E-07;-51.465;-51.599;-66.634;0.70;118.09;
2026-01-16 12:01:26.97;0.00:00:25:469;0.11;-0.62;0.77;5.744E-06;6.569E-07;-3.819E-06;4.732E-06;-40.12;25.34;106.49;82.38;67.47;5.744E-06;6.116E-06;-3.726E-07;-52.408;-52.135;-99.990;0.55;128.91;
2026-01-16 12:01:27.02;0.00:00:25:517;0.22;-0.48;0.85;6.64E-06;1.155E-06;-2.566E-06;4.509E-06;-32.88;29.02;80.04;67.90;42.38;6.64E-06;5.315E-06;1.325E-06;-51.778;-52.745;-58.777;0.61;119.65;
2026-01-16 12:01:27.07;0.00:00:25:566;0.18;-0.56;0.81;6.338E-06;1.066E-06;-3.35E-06;4.891E-06;-36.17;27.15;95.04;77.18;55.46;6.338E-06;6.024E-06;3.145E-07;-51.980;-52.201;-65.024;0.59;124.40;
2026-01-16 12:01:27.14;0.00:00:25:633;0.27;-0.51;0.82;6.42E-06;1.666E-06;-3.159E-06;5.075E-06;-31.10;27.43;96.67;79.06;55.63;6.42E-06;6.206E-06;2.137E-07;-51.925;-52.072;-66.702;0.63;121.90;
2026-01-16 12:01:27.20;0.00:00:25:692;0.21;-0.55;0.81;6.228E-06;1.285E-06;-3.297E-06;4.82E-06;-34.35;26.86;96.02;77.40;56.83;6.228E-06;5.98E-06;2.477E-07;-52.057;-52.233;-66.061;0.61;124.37;
2026-01-16 12:01:27.24;0.00:00:25:740;0.04;-0.65;0.76;5.647E-06;2.751E-07;-3.996E-06;4.685E-06;-43.03;24.74;109.16;82.97;70.94;5.647E-06;6.164E-06;-5.171E-07;-52.482;-52.101;-99.990;0.52;130.46;
2026-01-16 12:01:27.30;0.00:00:25:799;0.22;-0.46;0.86;6.406E-06;1.393E-06;-2.858E-06;5.321E-06;-32.01;29.57;96.76;83.06;49.64;6.406E-06;6.198E-06;2.072E-07;-51.934;-52.077;-66.835;0.61;118.24;
2026-01-16 12:01:27.37;0.00:00:25:864;0.19;-0.61;0.77;6.441E-06;1.123E-06;-3.564E-06;4.505E-06;-36.26;25.16;90.87;69.94;58.02;6.441E-06;5.853E-06;5.878E-07;-51.911;-52.326;-62.308;0.60;128.35;
2026-01-16 12:01:27.45;0.00:00:25:945;0.31;-0.54;0.78;6.861E-06;1.89E-06;-3.255E-06;4.736E-06;-29.93;25.76;88.17;69.02;54.87;6.861E-06;6.049E-06;8.117E-07;-51.636;-52.183;-60.906;0.66;124.51;
2026-01-16 12:01:27.50;0.00:00:26:000;0.23;-0.57;0.79;6.444E-06;1.519E-06;-3.744E-06;5.151E-06;-33.96;25.94;101.60;79.94;62.71;6.444E-06;6.547E-06;-1.033E-07;-51.909;-51.840;-99.990;0.62;126.01;
2026-01-16 12:01:27.55;0.00:00:26:048;0.13;-0.53;0.84;6.064E-06;7.868E-07;-3.203E-06;5.038E-06;-38.10;28.40;99.31;83.09;54.39;6.064E-06;6.022E-06;4.177E-08;-52.173;-52.203;-73.792;0.57;122.44;
2026-01-16 12:01:27.60;0.00:00:26:093;0.20;-0.61;0.77;6.195E-06;1.237E-06;-3.734E-06;4.682E-06;-35.83;24.98;98.71;75.59;63.49;6.195E-06;6.115E-06;7.965E-08;-52.080;-52.136;-70.988;0.60;128.57;
2026-01-16 12:01:27.64;0.00:00:26:140;0.17;-0.58;0.79;5.946E-06;1.04E-06;-3.66E-06;4.983E-06;-37.07;26.32;105.44;83.81;63.99;5.946E-06;6.269E-06;-3.236E-07;-52.258;-52.028;-99.990;0.58;126.30;
2026-01-16 12:01:27.71;0.00:00:26:206;0.32;-0.50;0.81;6.894E-06;2.066E-06;-3.289E-06;5.28E-06;-28.93;26.83;95.08;76.59;56.34;6.894E-06;6.554E-06;3.395E-07;-51.615;-51.835;-64.692;0.66;121.92;
2026-01-16 12:01:27.78;0.00:00:26:278;0.08;-0.63;0.78;5.668E-06;4.821E-07;-3.85E-06;4.765E-06;-41.43;25.42;108.42;84.07;68.46;5.668E-06;6.145E-06;-4.773E-07;-52.466;-52.115;-99.990;0.54;128.94;
2026-01-16 12:01:27.83;0.00:00:26:327;0.31;-0.47;0.83;6.755E-06;1.777E-06;-2.706E-06;4.799E-06;-28.35;28.00;85.70;71.05;47.92;6.755E-06;5.789E-06;9.656E-07;-51.704;-52.374;-60.152;0.65;119.41;
2026-01-16 12:01:27.88;0.00:00:26:374;0.28;-0.55;0.79;6.814E-06;1.838E-06;-3.597E-06;5.2E-06;-31.46;26.08;96.63;76.31;59.28;6.814E-06;6.584E-06;2.296E-07;-51.666;-51.815;-66.389;0.64;124.67;
2026-01-16 12:01:27.93;0.00:00:26:422;0.19;-0.45;0.87;6.377E-06;1.112E-06;-2.578E-06;4.992E-06;-33.33;30.32;89.80;78.27;44.02;6.377E-06;5.727E-06;6.502E-07;-51.954;-52.421;-61.870;0.60;117.31;
2026-01-16 12:01:27.97;0.00:00:26:468;0.24;-0.40;0.89;6.601E-06;1.378E-06;-2.227E-06;4.981E-06;-29.13;31.13;85.26;75.46;39.68;6.601E-06;5.628E-06;9.73E-07;-51.804;-52.497;-60.119;0.62;114.09;
2026-01-16 12:01:28.02;0.00:00:26:516;0.23;-0.65;0.73;6.492E-06;1.424E-06;-4.087E-06;4.604E-06;-35.39;23.38;97.33;70.91;66.66;6.492E-06;6.319E-06;1.736E-07;-51.876;-51.994;-67.605;0.61;131.60;
2026-01-16 12:01:28.07;0.00:00:26:562;0.10;-0.46;0.88;6.316E-06;5.648E-07;-2.479E-06;4.799E-06;-38.58;31.04;85.99;75.98;40.26;6.316E-06;5.431E-06;8.849E-07;-51.996;-52.651;-60.531;0.55;117.32;
2026-01-16 12:01:28.11;0.00:00:26:609;0.15;-0.56;0.81;6.21E-06;9.032E-07;-3.423E-06;4.948E-06;-37.61;27.21;97.97;79.68;57.00;6.21E-06;6.084E-06;1.262E-07;-52.069;-52.158;-68.990;0.57;124.67;
2026-01-16 12:01:28.17;0.00:00:26:667;0.21;-0.53;0.83;6.507E-06;1.206E-06;-3.078E-06;4.841E-06;-34.30;27.83;90.09;74.40;50.81;6.507E-06;5.862E-06;6.449E-07;-51.866;-52.319;-61.905;0.60;122.45;
2026-01-16 12:01:28.22;0.00:00:26:719;0.25;-0.54;0.81;6.659E-06;1.652E-06;-3.526E-06;5.313E-06;-32.45;26.88;98.92;79.79;58.47;6.659E-06;6.587E-06;7.191E-08;-51.766;-51.813;-71.432;0.63;123.57;
2026-01-16 12:01:28.27;0.00:00:26:766;0.11;-0.59;0.80;5.917E-06;6.358E-07;-3.488E-06;4.737E-06;-39.83;26.59;100.00;80.06;59.92;5.917E-06;5.917E-06;1.74E-10;-52.279;-52.279;-97.596;0.55;126.36;
2026-01-16 12:01:28.33;0.00:00:26:823;0.25;-0.48;0.84;6.607E-06;1.562E-06;-2.96E-06;5.212E-06;-31.09;28.65;93.75;78.88;50.66;6.607E-06;6.194E-06;4.131E-07;-51.800;-52.080;-63.839;0.63;119.59;
2026-01-16 12:01:28.38;0.00:00:26:875;0.13;-0.55;0.83;6.029E-06;7.203E-07;-3.018E-06;4.544E-06;-38.29;27.84;91.26;75.37;51.46;6.029E-06;5.502E-06;5.27E-07;-52.198;-52.595;-62.782;0.57;123.59;
2026-01-16 12:01:28.43;0.00:00:26:926;0.19;-0.40;0.89;6.381E-06;1.167E-06;-2.417E-06;5.36E-06;-32.12;31.70;93.94;84.00;42.06;6.381E-06;5.995E-06;3.865E-07;-51.951;-52.222;-64.129;0.60;114.27;
2026-01-16 12:01:28.49;0.00:00:26:983;0.34;-0.45;0.83;7.036E-06;2.032E-06;-2.695E-06;5.001E-06;-26.49;27.99;85.75;71.08;47.96;7.036E-06;6.034E-06;1.003E-06;-51.526;-52.194;-59.987;0.67;118.32;
2026-01-16 12:01:28.53;0.00:00:27:030;0.23;-0.50;0.84;6.257E-06;1.381E-06;-3.048E-06;5.082E-06;-32.81;28.32;97.24;81.22;53.47;6.257E-06;6.085E-06;1.73E-07;-52.036;-52.158;-67.620;0.61;120.95;
2026-01-16 12:01:28.59;0.00:00:27:082;0.15;-0.45;0.88;6.491E-06;8.381E-07;-2.491E-06;4.938E-06;-35.70;30.99;86.18;76.07;40.49;6.491E-06;5.594E-06;8.973E-07;-51.877;-52.523;-60.471;0.57;116.77;
2026-01-16 12:01:28.64;0.00:00:27:139;0.26;-0.54;0.80;6.851E-06;1.617E-06;-3.329E-06;4.889E-06;-32.04;26.44;89.49;71.35;54.02;6.851E-06;6.132E-06;7.198E-07;-51.642;-52.124;-61.428;0.63;124.25;
2026-01-16 12:01:28.69;0.00:00:27:184;0.14;-0.51;0.85;6.101E-06;8.367E-07;-2.971E-06;4.978E-06;-37.14;29.10;96.01;81.60;50.60;6.101E-06;5.858E-06;2.431E-07;-52.146;-52.323;-66.141;0.57;120.83;
2026-01-16 12:01:28.74;0.00:00:27:233;0.25;-0.59;0.76;6.756E-06;1.666E-06;-4.009E-06;5.156E-06;-33.71;24.95;99.76;76.32;64.25;6.756E-06;6.74E-06;1.596E-08;-51.703;-51.713;-77.969;0.62;127.86;
2026-01-16 12:01:28.78;0.00:00:27:280;0.15;-0.60;0.78;5.92E-06;9.401E-07;-3.721E-06;4.856E-06;-37.91;25.84;104.54;82.02;64.82;5.92E-06;6.189E-06;-2.689E-07;-52.277;-52.084;-99.990;0.58;127.46;
2026-01-16 12:01:28.84;0.00:00:27:336;0.20;-0.56;0.80;6.36E-06;1.309E-06;-3.609E-06;5.133E-06;-35.03;26.60;100.77;80.70;60.35;6.36E-06;6.41E-06;-4.909E-08;-51.965;-51.932;-99.990;0.60;125.11;
2026-01-16 12:01:28.89;0.00:00:27:391;0.25;-0.50;0.83;6.484E-06;1.518E-06;-3.053E-06;5.012E-06;-31.78;27.88;93.49;77.29;52.59;6.484E-06;6.062E-06;4.221E-07;-51.882;-52.174;-63.746;0.63;121.35;
2026-01-16 12:01:28.94;0.00:00:27:441;0.29;-0.52;0.80;6.281E-06;1.915E-06;-3.404E-06;5.262E-06;-30.32;26.71;104.34;83.78;62.19;6.281E-06;6.554E-06;-2.726E-07;-52.020;-51.835;-99.990;0.65;122.90;
2026-01-16 12:01:29.00;0.00:00:27:500;0.19;-0.59;0.78;6.343E-06;1.183E-06;-3.588E-06;4.759E-06;-35.88;25.78;95.80;75.04;59.57;6.343E-06;6.076E-06;2.661E-07;-51.977;-52.163;-65.749;0.60;127.01;
2026-01-16 12:01:29.05;0.00:00:27:547;0.21;-0.56;0.80;6.408E-06;1.237E-06;-3.208E-06;4.623E-06;-34.46;26.68;89.90;72.14;53.65;6.408E-06;5.761E-06;6.469E-07;-51.933;-52.395;-61.891;0.61;124.76;
2026-01-16 12:01:29.10;0.00:00:27:596;0.16;-0.62;0.77;6.311E-06;9.379E-07;-3.537E-06;4.434E-06;-37.57;25.24;91.10;70.27;57.98;6.311E-06;5.749E-06;5.616E-07;-51.999;-52.404;-62.506;0.58;128.57;
2026-01-16 12:01:29.15;0.00:00:27:646;0.07;-0.71;0.70;5.921E-06;4.378E-07;-4.632E-06;4.526E-06;-42.30;22.11;109.61;76.44;78.57;5.921E-06;6.491E-06;-5.692E-07;-52.276;-51.877;-99.990;0.53;135.66;
2026-01-16 12:01:29.21;0.00:00:27:705;0.11;-0.56;0.82;6.111E-06;6.433E-07;-3.205E-06;4.74E-06;-39.32;27.70;94.22;77.56;53.49;6.111E-06;5.758E-06;3.535E-07;-52.139;-52.397;-64.516;0.56;124.06;
2026-01-16 12:01:29.27;0.00:00:27:766;0.08;-0.54;0.84;5.97E-06;4.549E-07;-3.095E-06;4.749E-06;-40.82;28.31;95.26;79.55;52.40;5.97E-06;5.687E-06;2.831E-07;-52.240;-52.451;-65.480;0.54;123.09;
2026-01-16 12:01:29.32;0.00:00:27:813;0.28;-0.46;0.84;6.747E-06;1.793E-06;-2.955E-06;5.383E-06;-29.38;28.65;94.81;79.78;51.23;6.747E-06;6.397E-06;3.5E-07;-51.709;-51.940;-64.559;0.64;118.77;
2026-01-16 12:01:29.37;0.00:00:27:862;0.24;-0.56;0.79;6.239E-06;1.582E-06;-3.617E-06;5.154E-06;-33.19;26.27;104.06;82.61;63.28;6.239E-06;6.492E-06;-2.533E-07;-52.049;-51.876;-99.990;0.62;125.06;
2026-01-16 12:01:29.42;0.00:00:27:921;0.19;-0.54;0.82;6.331E-06;1.16E-06;-3.223E-06;4.94E-06;-35.10;27.63;94.96;78.03;54.11;6.331E-06;6.011E-06;3.191E-07;-51.986;-52.210;-64.960;0.60;123.12;
2026-01-16 12:01:29.47;0.00:00:27:969;0.01;-0.43;0.90;6.107E-06;3.101E-08;-2.218E-06;4.679E-06;-44.60;32.32;84.79;76.61;36.33;6.107E-06;5.178E-06;9.289E-07;-52.142;-52.858;-60.320;0.50;115.37;
2026-01-16 12:01:29.52;0.00:00:28:017;0.19;-0.44;0.88;6.761E-06;1.063E-06;-2.493E-06;4.953E-06;-33.46;30.66;83.50;73.25;40.08;6.761E-06;5.645E-06;1.115E-06;-51.700;-52.483;-59.525;0.59;116.72;
2026-01-16 12:01:29.57;0.00:00:28:063;0.21;-0.56;0.80;6.357E-06;1.25E-06;-3.346E-06;4.729E-06;-34.76;26.47;93.23;74.39;56.19;6.357E-06;5.927E-06;4.305E-07;-51.967;-52.272;-63.661;0.61;125.28;
2026-01-16 12:01:29.61;0.00:00:28:110;0.07;-0.53;0.85;6.271E-06;3.553E-07;-2.786E-06;4.48E-06;-41.37;28.96;84.31;71.44;44.78;6.271E-06;5.287E-06;9.839E-07;-52.027;-52.768;-60.071;0.53;121.87;
2026-01-16 12:01:29.66;0.00:00:28:156;0.23;-0.47;0.85;6.525E-06;1.172E-06;-2.377E-06;4.346E-06;-31.87;29.31;78.01;66.61;40.61;6.525E-06;5.09E-06;1.435E-06;-51.854;-52.933;-58.432;0.62;118.67;
2026-01-16 12:01:29.72;0.00:00:28:218;0.28;-0.45;0.85;6.69E-06;1.735E-06;-2.734E-06;5.195E-06;-28.80;29.03;91.50;77.65;48.40;6.69E-06;6.121E-06;5.684E-07;-51.746;-52.132;-62.453;0.64;117.76;
2026-01-16 12:01:29.77;0.00:00:28:265;0.13;-0.58;0.81;5.763E-06;7.679E-07;-3.355E-06;4.683E-06;-38.55;26.84;100.84;81.25;59.72;5.763E-06;5.811E-06;-4.819E-08;-52.393;-52.357;-99.990;0.57;125.62;
2026-01-16 12:01:29.82;0.00:00:28:314;0.28;-0.54;0.79;6.424E-06;1.627E-06;-3.133E-06;4.581E-06;-31.28;26.19;90.02;71.30;54.96;6.424E-06;5.783E-06;6.409E-07;-51.922;-52.378;-61.932;0.64;124.37;
2026-01-16 12:01:29.87;0.00:00:28:361;0.26;-0.50;0.83;6.647E-06;1.541E-06;-3.002E-06;5.001E-06;-31.41;27.99;90.77;75.24;50.78;6.647E-06;6.033E-06;6.135E-07;-51.774;-52.195;-62.122;0.63;120.98;
2026-01-16 12:01:29.93;0.00:00:28:421;0.17;-0.61;0.78;6.117E-06;1.024E-06;-3.586E-06;4.578E-06;-37.03;25.42;96.54;74.85;60.97;6.117E-06;5.905E-06;2.116E-07;-52.135;-52.288;-66.744;0.59;128.07;
2026-01-16 12:01:29.97;0.00:00:28:468;0.25;-0.55;0.79;6.724E-06;1.56E-06;-3.512E-06;5.033E-06;-33.03;26.32;94.18;74.86;57.16;6.724E-06;6.332E-06;3.912E-07;-51.724;-51.984;-64.076;0.62;124.91;
2026-01-16 12:01:30.02;0.00:00:28:519;0.23;-0.62;0.75;6.444E-06;1.396E-06;-3.77E-06;4.593E-06;-34.84;24.40;94.73;71.28;62.39;6.444E-06;6.104E-06;3.397E-07;-51.909;-52.144;-64.689;0.61;129.38;
2026-01-16 12:01:30.07;0.00:00:28:565;0.19;-0.56;0.81;6.098E-06;1.178E-06;-3.444E-06;4.981E-06;-35.56;26.92;101.16;81.68;59.69;6.098E-06;6.169E-06;-7.099E-08;-52.148;-52.098;-99.990;0.60;124.66;
2026-01-16 12:01:30.13;0.00:00:28:628;0.22;-0.60;0.77;6.491E-06;1.392E-06;-3.863E-06;4.959E-06;-35.09;25.19;99.19;76.39;63.26;6.491E-06;6.438E-06;5.276E-08;-51.877;-51.912;-72.777;0.61;127.92;
2026-01-16 12:01:30.18;0.00:00:28:674;0.23;-0.50;0.84;6.534E-06;1.322E-06;-2.924E-06;4.874E-06;-32.84;28.32;89.32;74.60;49.11;6.534E-06;5.836E-06;6.981E-07;-51.848;-52.339;-61.561;0.61;120.96;
2026-01-16 12:01:30.22;0.00:00:28:721;0.22;-0.53;0.82;6.88E-06;1.375E-06;-3.265E-06;5.033E-06;-33.58;27.43;89.46;73.16;51.49;6.88E-06;6.155E-06;7.25E-07;-51.624;-52.108;-61.396;0.61;122.97;
2026-01-16 12:01:30.27;0.00:00:28:768;0.13;-0.53;0.84;6.283E-06;7.655E-07;-3.055E-06;4.867E-06;-37.97;28.54;92.27;77.46;50.13;6.283E-06;5.797E-06;4.855E-07;-52.019;-52.368;-63.138;0.57;122.12;
2026-01-16 12:01:30.33;0.00:00:28:828;0.17;-0.56;0.81;6.269E-06;9.437E-07;-3.149E-06;4.57E-06;-36.66;27.14;89.79;72.90;52.43;6.269E-06;5.629E-06;6.399E-07;-52.028;-52.495;-61.939;0.58;124.57;
2026-01-16 12:01:30.38;0.00:00:28:876;0.09;-0.49;0.87;6.084E-06;5.071E-07;-2.704E-06;4.81E-06;-39.69;30.12;91.08;79.06;45.21;6.084E-06;5.542E-06;5.428E-07;-52.158;-52.564;-62.653;0.55;119.34;
2026-01-16 12:01:30.43;0.00:00:28:923;0.23;-0.51;0.83;6.387E-06;1.363E-06;-3.042E-06;4.963E-06;-32.93;28.06;93.61;77.71;52.19;6.387E-06;5.978E-06;4.084E-07;-51.947;-52.234;-63.889;0.61;121.50;
2026-01-16 12:01:30.47;0.00:00:28:970;0.19;-0.54;0.82;6.285E-06;1.111E-06;-3.125E-06;4.743E-06;-35.21;27.52;92.09;75.47;52.77;6.285E-06;5.788E-06;4.97E-07;-52.017;-52.375;-63.036;0.60;123.38;
2026-01-16 12:01:30.52;0.00:00:29:019;0.22;-0.58;0.78;6.336E-06;1.379E-06;-3.627E-06;4.855E-06;-34.59;25.68;98.08;76.61;61.24;6.336E-06;6.215E-06;1.216E-07;-51.982;-52.066;-69.151;0.61;126.76;
2026-01-16 12:01:30.57;0.00:00:29:066;0.16;-0.63;0.76;6.176E-06;1.051E-06;-4.072E-06;4.974E-06;-37.77;24.89;105.47;80.54;68.10;6.176E-06;6.513E-06;-3.378E-07;-52.093;-51.862;-99.990;0.58;129.31;
2026-01-16 12:01:30.61;0.00:00:29:111;0.17;-0.51;0.84;6.856E-06;9.971E-07;-2.937E-06;4.885E-06;-35.62;28.79;84.40;71.25;45.24;6.856E-06;5.786E-06;1.07E-06;-51.639;-52.376;-59.708;0.59;121.02;
2026-01-16 12:01:30.66;0.00:00:29:158;0.26;-0.47;0.84;6.918E-06;1.548E-06;-2.756E-06;4.921E-06;-30.34;28.64;84.55;71.14;45.69;6.918E-06;5.849E-06;1.069E-06;-51.601;-52.329;-59.711;0.63;119.25;
2026-01-16 12:01:30.71;0.00:00:29:205;0.13;-0.52;0.84;6.193E-06;7.958E-07;-3.189E-06;5.111E-06;-37.99;28.63;98.12;82.53;53.07;6.193E-06;6.076E-06;1.164E-07;-52.081;-52.164;-69.341;0.57;121.96;
2026-01-16 12:01:30.76;0.00:00:29:252;0.14;-0.56;0.82;6.281E-06;7.741E-07;-3.135E-06;4.61E-06;-38.07;27.49;89.62;73.40;51.42;6.281E-06;5.629E-06;6.521E-07;-52.020;-52.496;-61.857;0.57;124.22;
2026-01-16 12:01:30.80;0.00:00:29:299;0.11;-0.52;0.85;6.081E-06;5.953E-07;-2.749E-06;4.479E-06;-38.89;28.94;86.96;73.65;46.25;6.081E-06;5.289E-06;7.928E-07;-52.160;-52.767;-61.008;0.56;121.54;
2026-01-16 12:01:30.86;0.00:00:29:360;0.19;-0.58;0.79;6.227E-06;1.204E-06;-3.62E-06;4.908E-06;-35.80;26.07;99.83;78.82;61.27;6.227E-06;6.216E-06;1.071E-08;-52.057;-52.065;-79.702;0.60;126.41;
2026-01-16 12:01:30.91;0.00:00:29:406;0.21;-0.56;0.80;6.347E-06;1.256E-06;-3.361E-06;4.766E-06;-34.76;26.51;93.99;75.09;56.53;6.347E-06;5.965E-06;3.816E-07;-51.975;-52.244;-64.184;0.61;125.19;
2026-01-16 12:01:30.96;0.00:00:29:452;0.18;-0.55;0.82;6.234E-06;1.056E-06;-3.148E-06;4.713E-06;-35.73;27.42;92.47;75.59;53.26;6.234E-06;5.765E-06;4.693E-07;-52.052;-52.392;-63.285;0.59;123.75;
2026-01-16 12:01:31.00;0.00:00:29:499;0.18;-0.56;0.81;6.241E-06;1.031E-06;-3.15E-06;4.604E-06;-35.94;27.13;90.90;73.77;53.10;6.241E-06;5.673E-06;5.682E-07;-52.048;-52.462;-62.455;0.59;124.38;
2026-01-16 12:01:31.06;0.00:00:29:561;0.20;-0.59;0.78;6.433E-06;1.342E-06;-3.866E-06;5.142E-06;-35.43;25.74;102.17;79.94;63.62;6.433E-06;6.572E-06;-1.395E-07;-51.916;-51.823;-99.990;0.60;126.94;
2026-01-16 12:01:31.11;0.00:00:29:607;0.18;-0.47;0.86;6.435E-06;1.03E-06;-2.677E-06;4.893E-06;-34.48;29.81;88.13;76.03;44.57;6.435E-06;5.672E-06;7.637E-07;-51.914;-52.463;-61.171;0.59;118.68;
2026-01-16 12:01:31.17;0.00:00:29:670;0.14;-0.56;0.82;5.982E-06;7.744E-07;-3.137E-06;4.632E-06;-38.07;27.55;94.42;77.45;54.01;5.982E-06;5.648E-06;3.337E-07;-52.232;-52.481;-64.767;0.57;124.10;
2026-01-16 12:01:31.22;0.00:00:29:716;0.15;-0.56;0.82;6.124E-06;8.991E-07;-3.466E-06;5.038E-06;-37.73;27.30;100.93;82.26;58.48;6.124E-06;6.181E-06;-5.683E-08;-52.130;-52.090;-99.990;0.57;124.53;
2026-01-16 12:01:31.27;0.00:00:29:764;0.21;-0.56;0.80;6.269E-06;1.254E-06;-3.356E-06;4.763E-06;-34.76;26.53;95.07;75.98;57.14;6.269E-06;5.96E-06;3.091E-07;-52.028;-52.247;-65.099;0.61;125.16;
2026-01-16 12:01:31.31;0.00:00:29:811;0.18;-0.62;0.76;6.36E-06;1.083E-06;-3.726E-06;4.541E-06;-36.90;24.74;93.93;71.41;61.02;6.36E-06;5.973E-06;3.863E-07;-51.966;-52.238;-64.131;0.59;129.37;
2026-01-16 12:01:31.36;0.00:00:29:859;0.22;-0.32;0.92;6.849E-06;1.239E-06;-1.822E-06;5.278E-06;-27.89;33.67;83.50;77.05;32.17;6.849E-06;5.719E-06;1.13E-06;-51.643;-52.427;-59.468;0.61;109.04;
2026-01-16 12:01:31.41;0.00:00:29:905;0.21;-0.53;0.82;6.891E-06;1.224E-06;-3.064E-06;4.718E-06;-34.11;27.52;83.54;68.47;47.88;6.891E-06;5.757E-06;1.134E-06;-51.617;-52.398;-59.454;0.61;123.00;
2026-01-16 12:01:31.46;0.00:00:29:959;0.17;-0.46;0.87;6.413E-06;9.28E-07;-2.56E-06;4.888E-06;-35.04;30.44;87.25;76.22;42.47;6.413E-06;5.595E-06;8.177E-07;-51.930;-52.522;-60.874;0.58;117.65;
2026-01-16 12:01:31.52;0.00:00:30:015;0.25;-0.45;0.86;6.635E-06;1.449E-06;-2.562E-06;4.886E-06;-30.26;29.47;85.96;73.64;44.36;6.635E-06;5.704E-06;9.313E-07;-51.782;-52.438;-60.309;0.63;117.67;
2026-01-16 12:01:31.57;0.00:00:30:062;0.15;-0.59;0.79;6.159E-06;8.96E-07;-3.604E-06;4.821E-06;-38.02;26.20;98.81;78.28;60.30;6.159E-06;6.085E-06;7.322E-08;-52.105;-52.157;-71.354;0.57;126.78;
2026-01-16 12:01:31.62;0.00:00:30:116;0.19;-0.58;0.79;6.347E-06;1.071E-06;-3.365E-06;4.551E-06;-36.17;26.09;90.76;71.70;55.65;6.347E-06;5.76E-06;5.863E-07;-51.975;-52.396;-62.319;0.59;126.48;
2026-01-16 12:01:31.68;0.00:00:30:172;0.26;-0.53;0.81;6.9E-06;1.486E-06;-3.052E-06;4.606E-06;-32.02;26.81;82.92;66.75;49.19;6.9E-06;5.722E-06;1.179E-06;-51.611;-52.425;-59.287;0.63;123.53;
2026-01-16 12:01:31.73;0.00:00:30:226;0.05;-0.57;0.82;5.692E-06;2.933E-07;-3.193E-06;4.6E-06;-42.38;27.56;98.52;80.82;56.33;5.692E-06;5.607E-06;8.434E-08;-52.448;-52.512;-70.740;0.53;124.76;
2026-01-16 12:01:31.79;0.00:00:30:283;0.21;-0.52;0.83;6.555E-06;1.248E-06;-3.025E-06;4.833E-06;-33.79;27.95;89.04;73.73;49.93;6.555E-06;5.837E-06;7.184E-07;-51.834;-52.338;-61.436;0.61;122.04;
2026-01-16 12:01:31.85;0.00:00:30:344;0.24;-0.37;0.90;6.953E-06;1.288E-06;-2.019E-06;4.861E-06;-28.73;31.89;77.94;69.91;34.45;6.953E-06;5.419E-06;1.534E-06;-51.578;-52.661;-58.142;0.62;112.55;
2026-01-16 12:01:31.90;0.00:00:30:394;0.15;-0.59;0.80;6.149E-06;8.755E-07;-3.46E-06;4.7E-06;-37.90;26.39;95.98;76.43;58.05;6.149E-06;5.902E-06;2.475E-07;-52.112;-52.290;-66.065;0.57;126.36;
2026-01-16 12:01:31.96;0.00:00:30:452;0.11;-0.46;0.88;6.08E-06;6.248E-07;-2.64E-06;5.021E-06;-38.34;30.81;93.87;82.59;44.62;6.08E-06;5.708E-06;3.725E-07;-52.161;-52.435;-64.289;0.55;117.74;
2026-01-16 12:01:32.00;0.00:00:30:500;0.17;-0.50;0.85;6.388E-06;1.048E-06;-3.046E-06;5.135E-06;-35.50;28.95;94.90;80.39;50.43;6.388E-06;6.062E-06;3.26E-07;-51.947;-52.174;-64.868;0.59;120.68;
2026-01-16 12:01:32.07;0.00:00:30:564;0.20;-0.48;0.85;5.981E-06;1.195E-06;-2.908E-06;5.131E-06;-33.83;29.25;100.61;85.78;52.56;5.981E-06;6.017E-06;-3.626E-08;-52.232;-52.206;-99.990;0.60;119.54;
2026-01-16 12:01:32.11;0.00:00:30:609;0.21;-0.40;0.89;6.785E-06;1.22E-06;-2.31E-06;5.2E-06;-31.09;31.66;85.77;76.64;38.50;6.785E-06;5.819E-06;9.658E-07;-51.684;-52.351;-60.151;0.60;113.95;
2026-01-16 12:01:32.17;0.00:00:30:669;0.17;-0.56;0.81;6.443E-06;9.967E-07;-3.317E-06;4.815E-06;-36.64;27.14;92.07;74.74;53.76;6.443E-06;5.931E-06;5.112E-07;-51.909;-52.268;-62.914;0.58;124.56;
2026-01-16 12:01:32.22;0.00:00:30:720;0.19;-0.48;0.85;6.502E-06;1.026E-06;-2.618E-06;4.628E-06;-34.30;29.36;83.28;71.18;43.24;6.502E-06;5.415E-06;1.087E-06;-51.869;-52.664;-59.637;0.59;119.49;
2026-01-16 12:01:32.28;0.00:00:30:778;0.27;-0.36;0.90;6.878E-06;1.548E-06;-2.067E-06;5.199E-06;-26.59;31.79;84.40;75.58;37.54;6.878E-06;5.805E-06;1.073E-06;-51.625;-52.362;-59.693;0.63;111.68;
2026-01-16 12:01:32.33;0.00:00:30:827;0.29;-0.48;0.83;6.759E-06;1.774E-06;-2.969E-06;5.097E-06;-29.57;27.92;91.12;75.40;51.17;6.759E-06;6.159E-06;5.999E-07;-51.701;-52.105;-62.219;0.64;120.22;
2026-01-16 12:01:32.38;0.00:00:30:879;0.24;-0.50;0.84;6.5E-06;1.418E-06;-2.942E-06;4.961E-06;-32.14;28.32;91.39;76.33;50.25;6.5E-06;5.94E-06;5.596E-07;-51.871;-52.262;-62.521;0.62;120.67;
2026-01-16 12:01:32.44;0.00:00:30:934;0.29;-0.44;0.85;6.785E-06;1.79E-06;-2.761E-06;5.316E-06;-28.52;29.12;92.14;78.34;48.49;6.785E-06;6.252E-06;5.335E-07;-51.684;-52.040;-62.729;0.64;117.44;
2026-01-16 12:01:32.49;0.00:00:30:982;0.13;-0.62;0.78;5.893E-06;8.094E-07;-3.854E-06;4.852E-06;-39.07;25.47;106.04;82.33;66.82;5.893E-06;6.249E-06;-3.558E-07;-52.297;-52.042;-99.990;0.56;128.46;
2026-01-16 12:01:32.53;0.00:00:31:029;0.08;-0.60;0.80;5.987E-06;4.775E-07;-3.526E-06;4.695E-06;-41.14;26.42;98.40;78.43;59.43;5.987E-06;5.891E-06;9.597E-08;-52.228;-52.298;-70.179;0.54;126.90;
2026-01-16 12:01:32.58;0.00:00:31:076;0.20;-0.59;0.78;6.248E-06;1.245E-06;-3.582E-06;4.775E-06;-35.42;25.77;97.60;76.43;60.70;6.248E-06;6.098E-06;1.499E-07;-52.043;-52.148;-68.242;0.60;126.88;
2026-01-16 12:01:32.63;0.00:00:31:123;0.24;-0.46;0.86;6.816E-06;1.435E-06;-2.815E-06;5.216E-06;-31.50;29.40;89.47;76.52;46.35;6.816E-06;6.098E-06;7.18E-07;-51.665;-52.148;-61.438;0.62;118.35;
2026-01-16 12:01:32.67;0.00:00:31:168;0.15;-0.59;0.79;6.313E-06;9.441E-07;-3.61E-06;4.882E-06;-37.67;26.30;97.33;77.33;59.10;6.313E-06;6.145E-06;1.686E-07;-51.997;-52.115;-67.731;0.58;126.48;
2026-01-16 12:01:32.72;0.00:00:31:215;0.31;-0.47;0.83;6.926E-06;1.969E-06;-2.967E-06;5.235E-06;-28.21;27.89;91.42;75.59;51.42;6.926E-06;6.332E-06;5.94E-07;-51.595;-51.985;-62.262;0.66;119.54;
2026-01-16 12:01:32.77;0.00:00:31:263;0.21;-0.53;0.82;6.32E-06;1.278E-06;-3.23E-06;4.981E-06;-34.20;27.55;96.09;78.81;54.97;6.32E-06;6.072E-06;2.473E-07;-51.993;-52.167;-66.068;0.61;122.96;
2026-01-16 12:01:32.83;0.00:00:31:323;0.19;-0.52;0.83;6.219E-06;1.08E-06;-3.017E-06;4.772E-06;-35.16;28.06;92.43;76.73;51.53;6.219E-06;5.748E-06;4.709E-07;-52.063;-52.405;-63.271;0.59;122.31;
2026-01-16 12:01:32.87;0.00:00:31:370;0.27;-0.47;0.84;6.909E-06;1.58E-06;-2.733E-06;4.837E-06;-29.98;28.44;83.60;70.01;45.68;6.909E-06;5.776E-06;1.133E-06;-51.606;-52.384;-59.457;0.64;119.46;
2026-01-16 12:01:32.92;0.00:00:31:416;0.18;-0.50;0.85;6.093E-06;1.037E-06;-2.928E-06;4.985E-06;-35.25;29.04;96.40;81.82;50.98;6.093E-06;5.874E-06;2.193E-07;-52.152;-52.311;-66.589;0.59;120.43;
2026-01-16 12:01:32.97;0.00:00:31:464;0.24;-0.50;0.83;6.651E-06;1.445E-06;-2.964E-06;4.996E-06;-32.00;28.29;90.02;75.13;49.59;6.651E-06;5.987E-06;6.64E-07;-51.771;-52.228;-61.778;0.62;120.68;
2026-01-16 12:01:33.03;0.00:00:31:530;0.15;-0.46;0.88;6.449E-06;8.061E-07;-2.507E-06;4.769E-06;-36.09;30.55;84.46;73.94;40.83;6.449E-06;5.447E-06;1.002E-06;-51.905;-52.638;-59.992;0.57;117.73;
2026-01-16 12:01:33.09;0.00:00:31:588;0.23;-0.60;0.77;6.452E-06;1.403E-06;-3.713E-06;4.717E-06;-34.65;24.96;95.54;73.11;61.52;6.452E-06;6.165E-06;2.875E-07;-51.903;-52.101;-65.414;0.61;128.21;
2026-01-16 12:01:33.15;0.00:00:31:647;0.10;-0.58;0.81;5.971E-06;5.421E-07;-3.242E-06;4.553E-06;-40.25;27.09;94.04;76.25;55.04;5.971E-06;5.616E-06;3.56E-07;-52.239;-52.506;-64.486;0.55;125.45;
2026-01-16 12:01:33.20;0.00:00:31:695;0.16;-0.59;0.79;6.353E-06;9.373E-07;-3.408E-06;4.546E-06;-37.31;26.07;90.65;71.56;55.64;6.353E-06;5.759E-06;5.941E-07;-51.970;-52.397;-62.261;0.58;126.86;
2026-01-16 12:01:33.25;0.00:00:31:750;0.25;-0.48;0.84;6.618E-06;1.393E-06;-2.713E-06;4.794E-06;-31.41;28.77;85.85;72.43;46.08;6.618E-06;5.682E-06;9.367E-07;-51.793;-52.455;-60.284;0.62;119.51;
2026-01-16 12:01:33.30;0.00:00:31:800;0.28;-0.57;0.77;6.932E-06;1.8E-06;-3.627E-06;4.909E-06;-31.80;25.24;91.81;70.82;58.42;6.932E-06;6.364E-06;5.681E-07;-51.591;-51.963;-62.456;0.64;126.46;
2026-01-16 12:01:33.36;0.00:00:31:852;0.08;-0.55;0.83;5.668E-06;4.76E-07;-3.208E-06;4.802E-06;-40.78;27.98;102.23;84.72;57.22;5.668E-06;5.795E-06;-1.264E-07;-52.465;-52.370;-99.990;0.54;123.75;
2026-01-16 12:01:33.40;0.00:00:31:898;0.18;-0.54;0.83;6.072E-06;1.026E-06;-3.102E-06;4.784E-06;-35.85;27.83;95.42;78.79;53.81;6.072E-06;5.794E-06;2.784E-07;-52.167;-52.371;-65.554;0.59;122.96;
2026-01-16 12:01:33.45;0.00:00:31:947;0.11;-0.63;0.77;6.23E-06;6.63E-07;-3.669E-06;4.465E-06;-39.88;25.07;93.36;71.66;59.84;6.23E-06;5.817E-06;4.135E-07;-52.055;-52.353;-63.836;0.56;129.41;
2026-01-16 12:01:33.50;0.00:00:31:995;0.25;-0.53;0.81;6.698E-06;1.553E-06;-3.31E-06;5.116E-06;-32.43;27.22;93.88;76.38;54.59;6.698E-06;6.288E-06;4.098E-07;-51.740;-52.015;-63.874;0.62;122.91;
2026-01-16 12:01:33.54;0.00:00:32:041;0.18;-0.50;0.85;6.393E-06;1.048E-06;-2.934E-06;5.008E-06;-35.17;29.06;92.26;78.34;48.74;6.393E-06;5.898E-06;4.947E-07;-51.943;-52.293;-63.057;0.59;120.37;
2026-01-16 12:01:33.59;0.00:00:32:088;0.22;-0.60;0.77;6.351E-06;1.307E-06;-3.556E-06;4.611E-06;-34.91;25.30;93.97;72.60;59.65;6.351E-06;5.968E-06;3.831E-07;-51.971;-52.242;-64.166;0.61;127.64;
2026-01-16 12:01:33.64;0.00:00:32:135;0.17;-0.45;0.88;6.417E-06;1.038E-06;-2.679E-06;5.287E-06;-34.41;30.74;93.78;82.40;44.78;6.417E-06;6.018E-06;3.989E-07;-51.927;-52.206;-63.991;0.59;116.87;
2026-01-16 12:01:33.69;0.00:00:32:185;0.24;-0.52;0.82;6.575E-06;1.519E-06;-3.271E-06;5.116E-06;-32.55;27.41;95.20;77.82;54.85;6.575E-06;6.26E-06;3.153E-07;-51.821;-52.035;-65.013;0.62;122.59;
2026-01-16 12:01:33.75;0.00:00:32:245;0.21;-0.52;0.83;6.374E-06;1.242E-06;-3.079E-06;4.957E-06;-34.02;28.09;93.59;77.76;52.08;6.374E-06;5.966E-06;4.086E-07;-51.956;-52.243;-63.887;0.60;121.85;
2026-01-16 12:01:33.82;0.00:00:32:312;0.19;-0.55;0.82;6.244E-06;1.178E-06;-3.348E-06;4.993E-06;-35.31;27.30;98.12;79.97;56.84;6.244E-06;6.126E-06;1.176E-07;-52.046;-52.128;-69.296;0.60;123.84;
2026-01-16 12:01:33.87;0.00:00:32:368;0.15;-0.52;0.84;6.31E-06;8.868E-07;-2.974E-06;4.809E-06;-36.70;28.58;90.70;76.21;49.19;6.31E-06;5.723E-06;5.868E-07;-52.000;-52.423;-62.315;0.58;121.74;
2026-01-16 12:01:33.92;0.00:00:32:415;0.23;-0.58;0.78;6.512E-06;1.259E-06;-3.197E-06;4.291E-06;-34.25;25.66;84.43;65.90;52.77;6.512E-06;5.498E-06;1.014E-06;-51.863;-52.598;-59.940;0.61;126.69;
2026-01-16 12:01:33.97;0.00:00:32:463;0.13;-0.44;0.89;6.341E-06;7.348E-07;-2.491E-06;5.023E-06;-36.78;31.33;89.18;79.22;40.95;6.341E-06;5.655E-06;6.86E-07;-51.979;-52.476;-61.637;0.56;116.37;
2026-01-16 12:01:34.01;0.00:00:32:510;0.15;-0.50;0.85;6.198E-06;8.078E-07;-2.764E-06;4.718E-06;-36.85;29.30;89.18;76.12;46.46;6.198E-06;5.528E-06;6.707E-07;-52.077;-52.575;-61.735;0.57;120.36;
2026-01-16 12:01:34.07;0.00:00:32:567;0.07;-0.53;0.84;6.276E-06;3.886E-07;-2.8E-06;4.41E-06;-41.05;28.67;83.48;70.28;45.05;6.276E-06;5.239E-06;1.037E-06;-52.023;-52.808;-59.843;0.54;122.41;
2026-01-16 12:01:34.12;0.00:00:32:615;0.18;-0.59;0.79;6.108E-06;1.06E-06;-3.509E-06;4.7E-06;-36.60;26.02;97.58;76.94;60.01;6.108E-06;5.96E-06;1.48E-07;-52.141;-52.247;-68.297;0.59;126.75;
2026-01-16 12:01:34.17;0.00:00:32:666;0.20;-0.54;0.82;6.234E-06;1.257E-06;-3.338E-06;5.076E-06;-34.68;27.45;99.52;81.43;57.21;6.234E-06;6.204E-06;2.984E-08;-52.052;-52.073;-75.252;0.60;123.33;
2026-01-16 12:01:34.23;0.00:00:32:728;0.17;-0.62;0.77;5.965E-06;1.077E-06;-3.941E-06;4.853E-06;-37.36;24.95;106.34;81.35;68.48;5.965E-06;6.344E-06;-3.782E-07;-52.244;-51.977;-99.990;0.58;129.08;
2026-01-16 12:01:34.30;0.00:00:32:795;0.13;-0.62;0.77;6.044E-06;8.171E-07;-3.834E-06;4.777E-06;-38.98;25.31;102.25;79.04;64.87;6.044E-06;6.18E-06;-1.359E-07;-52.187;-52.090;-99.990;0.57;128.75;
2026-01-16 12:01:34.36;0.00:00:32:852;0.19;-0.58;0.79;6.332E-06;1.105E-06;-3.411E-06;4.648E-06;-36.03;26.18;92.71;73.40;56.63;6.332E-06;5.87E-06;4.618E-07;-51.984;-52.313;-63.356;0.59;126.28;
2026-01-16 12:01:34.42;0.00:00:32:916;0.12;-0.56;0.82;6.659E-06;6.87E-07;-3.183E-06;4.675E-06;-38.91;27.57;85.56;70.21;48.90;6.659E-06;5.697E-06;9.617E-07;-51.766;-52.444;-60.170;0.56;124.25;
2026-01-16 12:01:34.47;0.00:00:32:963;0.25;-0.59;0.77;6.721E-06;1.656E-06;-3.896E-06;5.077E-06;-33.49;25.09;98.35;75.53;62.99;6.721E-06;6.61E-06;1.11E-07;-51.725;-51.798;-69.548;0.63;127.50;
2026-01-16 12:01:34.51;0.00:00:33:011;0.26;-0.59;0.76;6.702E-06;1.601E-06;-3.683E-06;4.76E-06;-33.26;24.92;92.93;71.03;59.92;6.702E-06;6.228E-06;4.739E-07;-51.738;-52.056;-63.243;0.63;127.73;
2026-01-16 12:01:34.57;0.00:00:33:065;0.10;-0.56;0.83;5.932E-06;6.052E-07;-3.256E-06;4.838E-06;-39.73;27.80;98.83;81.56;55.83;5.932E-06;5.863E-06;6.928E-08;-52.268;-52.319;-71.594;0.55;123.94;
2026-01-16 12:01:34.62;0.00:00:33:118;0.17;-0.60;0.78;6.188E-06;1.027E-06;-3.544E-06;4.645E-06;-36.92;25.77;95.87;75.06;59.63;6.188E-06;5.932E-06;2.558E-07;-52.084;-52.268;-65.920;0.59;127.35;
2026-01-16 12:01:34.69;0.00:00:33:188;0.21;-0.44;0.87;6.636E-06;1.195E-06;-2.504E-06;4.948E-06;-32.24;30.36;85.48;74.55;41.81;6.636E-06;5.672E-06;9.638E-07;-51.781;-52.462;-60.160;0.61;116.84;
2026-01-16 12:01:34.75;0.00:00:33:243;0.11;-0.66;0.74;6.081E-06;6.683E-07;-4.152E-06;4.69E-06;-40.43;24.06;103.59;77.13;69.16;6.081E-06;6.3E-06;-2.186E-07;-52.160;-52.007;-99.990;0.55;131.52;
2026-01-16 12:01:34.81;0.00:00:33:304;0.08;-0.63;0.77;5.904E-06;4.66E-07;-3.752E-06;4.629E-06;-41.46;25.38;101.23;78.41;64.04;5.904E-06;5.977E-06;-7.279E-08;-52.289;-52.235;-99.990;0.54;129.02;
2026-01-16 12:01:34.85;0.00:00:33:350;0.13;-0.54;0.83;6.074E-06;7.317E-07;-3.165E-06;4.837E-06;-38.49;28.06;95.92;79.63;53.48;6.074E-06;5.827E-06;2.477E-07;-52.165;-52.346;-66.061;0.56;123.20;
2026-01-16 12:01:34.90;0.00:00:33:397;0.02;-0.57;0.82;6.037E-06;1.138E-07;-2.986E-06;4.341E-06;-43.91;27.73;87.29;71.90;49.50;6.037E-06;5.27E-06;7.675E-07;-52.192;-52.782;-61.149;0.51;124.53;
2026-01-16 12:01:34.95;0.00:00:33:448;0.18;-0.42;0.89;6.609E-06;9.966E-07;-2.279E-06;4.83E-06;-33.19;31.38;82.20;73.08;37.63;6.609E-06;5.433E-06;1.176E-06;-51.799;-52.650;-59.296;0.59;115.26;
2026-01-16 12:01:35.00;0.00:00:33:499;0.20;-0.62;0.76;6.3E-06;1.301E-06;-4.068E-06;4.985E-06;-36.13;24.71;104.21;79.14;67.80;6.3E-06;6.565E-06;-2.651E-07;-52.007;-51.828;-99.990;0.60;129.21;
2026-01-16 12:01:35.05;0.00:00:33:550;0.20;-0.51;0.83;6.449E-06;1.196E-06;-3.001E-06;4.879E-06;-34.13;28.25;90.74;75.66;50.09;6.449E-06;5.852E-06;5.973E-07;-51.905;-52.327;-62.238;0.60;121.59;
2026-01-16 12:01:35.11;0.00:00:33:601;0.21;-0.54;0.82;6.673E-06;1.19E-06;-3.069E-06;4.651E-06;-34.40;27.36;85.39;69.71;49.33;6.673E-06;5.698E-06;9.746E-07;-51.757;-52.443;-60.112;0.60;123.41;
2026-01-16 12:01:35.16;0.00:00:33:654;0.23;-0.52;0.82;6.355E-06;1.325E-06;-3E-06;4.726E-06;-33.08;27.62;90.52;74.37;51.60;6.355E-06;5.753E-06;6.026E-07;-51.969;-52.401;-62.200;0.62;122.40;
2026-01-16 12:01:35.21;0.00:00:33:706;0.14;-0.50;0.85;6.346E-06;7.29E-07;-2.677E-06;4.537E-06;-37.38;29.27;83.80;71.49;43.72;6.346E-06;5.318E-06;1.028E-06;-51.975;-52.743;-59.879;0.57;120.55;
2026-01-16 12:01:35.26;0.00:00:33:755;0.10;-0.62;0.78;5.954E-06;5.646E-07;-3.627E-06;4.602E-06;-40.58;25.71;98.87;77.30;61.65;5.954E-06;5.887E-06;6.709E-08;-52.252;-52.301;-71.733;0.55;128.24;
2026-01-16 12:01:35.31;0.00:00:33:806;0.22;-0.51;0.83;6.486E-06;1.28E-06;-2.982E-06;4.853E-06;-33.38;28.12;90.01;74.83;50.03;6.486E-06;5.838E-06;6.477E-07;-51.880;-52.337;-61.887;0.61;121.57;
2026-01-16 12:01:35.36;0.00:00:33:857;0.11;-0.63;0.77;6.038E-06;6.89E-07;-3.837E-06;4.653E-06;-39.91;25.02;100.53;77.06;64.56;6.038E-06;6.07E-06;-3.206E-08;-52.191;-52.168;-99.990;0.56;129.51;
2026-01-16 12:01:35.41;0.00:00:33:910;0.20;-0.62;0.76;6.406E-06;1.175E-06;-3.723E-06;4.551E-06;-36.25;24.69;93.60;71.04;60.94;6.406E-06;5.996E-06;4.1E-07;-51.934;-52.221;-63.872;0.60;129.29;
2026-01-16 12:01:35.47;0.00:00:33:967;0.30;-0.47;0.83;6.645E-06;1.903E-06;-2.972E-06;5.176E-06;-28.69;27.86;94.28;77.89;53.11;6.645E-06;6.264E-06;3.801E-07;-51.775;-52.031;-64.201;0.65;119.87;
2026-01-16 12:01:35.53;0.00:00:34:022;0.20;-0.61;0.77;6.246E-06;1.266E-06;-3.865E-06;4.911E-06;-35.93;25.19;102.10;78.64;65.11;6.246E-06;6.376E-06;-1.309E-07;-52.044;-51.954;-99.990;0.60;128.20;
2026-01-16 12:01:35.57;0.00:00:34:070;0.25;-0.49;0.84;6.964E-06;1.389E-06;-2.754E-06;4.68E-06;-31.62;28.31;80.49;67.21;44.28;6.964E-06;5.605E-06;1.359E-06;-51.571;-52.514;-58.668;0.62;120.47;
2026-01-16 12:01:35.64;0.00:00:34:133;0.25;-0.50;0.83;6.925E-06;1.537E-06;-3.004E-06;5.027E-06;-31.46;28.06;87.42;72.58;48.72;6.925E-06;6.054E-06;8.712E-07;-51.596;-52.179;-60.599;0.63;120.87;
2026-01-16 12:01:35.69;0.00:00:34:184;0.12;-0.62;0.77;5.94E-06;7.338E-07;-3.669E-06;4.534E-06;-39.35;25.23;98.96;76.33;62.99;5.94E-06;5.879E-06;6.165E-08;-52.262;-52.307;-72.100;0.56;128.98;
2026-01-16 12:01:35.74;0.00:00:34:238;0.14;-0.56;0.82;6.105E-06;7.854E-07;-3.122E-06;4.582E-06;-37.94;27.45;91.73;75.06;52.73;6.105E-06;5.6E-06;5.049E-07;-52.143;-52.518;-62.968;0.57;124.27;
2026-01-16 12:01:35.80;0.00:00:34:298;0.24;-0.62;0.75;6.705E-06;1.554E-06;-3.972E-06;4.847E-06;-34.32;24.33;96.30;72.29;63.62;6.705E-06;6.457E-06;2.484E-07;-51.736;-51.900;-66.049;0.62;129.34;
2026-01-16 12:01:35.85;0.00:00:34:351;0.10;-0.54;0.84;5.93E-06;5.758E-07;-3.061E-06;4.731E-06;-39.67;28.32;95.52;79.78;52.53;5.93E-06;5.664E-06;2.654E-07;-52.270;-52.469;-65.761;0.55;122.91;
2026-01-16 12:01:35.91;0.00:00:34:402;0.24;-0.50;0.83;6.584E-06;1.359E-06;-2.824E-06;4.712E-06;-32.15;28.19;85.96;71.58;47.60;6.584E-06;5.659E-06;9.242E-07;-51.815;-52.472;-60.342;0.62;120.93;
2026-01-16 12:01:35.96;0.00:00:34:452;0.04;-0.50;0.86;6.181E-06;2.348E-07;-2.743E-06;4.712E-06;-42.55;29.85;88.30;76.24;44.53;6.181E-06;5.458E-06;7.234E-07;-52.089;-52.630;-61.406;0.52;120.20;
2026-01-16 12:01:36.01;0.00:00:34:503;0.20;-0.53;0.82;6.359E-06;1.151E-06;-3.093E-06;4.77E-06;-34.79;27.66;91.22;75.01;51.90;6.359E-06;5.8E-06;5.585E-07;-51.966;-52.366;-62.530;0.60;122.96;
2026-01-16 12:01:36.06;0.00:00:34:556;0.11;-0.48;0.87;5.977E-06;6.073E-07;-2.639E-06;4.755E-06;-38.52;30.17;91.55;79.55;45.31;5.977E-06;5.472E-06;5.05E-07;-52.235;-52.619;-62.967;0.56;119.03;
2026-01-16 12:01:36.11;0.00:00:34:604;0.17;-0.50;0.85;6.35E-06;9.87E-07;-2.833E-06;4.844E-06;-35.40;29.11;89.72;76.27;47.25;6.35E-06;5.698E-06;6.526E-07;-51.972;-52.443;-61.854;0.59;120.33;
2026-01-16 12:01:36.16;0.00:00:34:654;0.12;-0.44;0.89;6.501E-06;6.238E-07;-2.337E-06;4.668E-06;-37.53;31.30;80.87;71.81;37.21;6.501E-06;5.258E-06;1.243E-06;-51.870;-52.792;-59.054;0.56;116.59;
2026-01-16 12:01:36.22;0.00:00:34:719;0.16;-0.54;0.83;6.258E-06;9.143E-07;-3.109E-06;4.824E-06;-36.81;28.05;92.86;77.08;51.78;6.258E-06;5.811E-06;4.47E-07;-52.035;-52.357;-63.497;0.58;122.80;
2026-01-16 12:01:36.27;0.00:00:34:768;0.19;-0.54;0.82;6.28E-06;1.133E-06;-3.256E-06;4.898E-06;-35.40;27.43;95.37;77.99;54.89;6.28E-06;5.99E-06;2.907E-07;-52.020;-52.226;-65.366;0.59;123.61;
2026-01-16 12:01:36.33;0.00:00:34:821;0.26;-0.63;0.73;6.592E-06;1.653E-06;-3.934E-06;4.609E-06;-33.61;23.60;95.28;69.92;64.73;6.592E-06;6.281E-06;3.111E-07;-51.810;-52.020;-65.071;0.63;130.48;
2026-01-16 12:01:36.37;0.00:00:34:863;0.16;-0.50;0.85;6.272E-06;8.795E-07;-2.849E-06;4.809E-06;-36.42;29.10;90.21;76.67;47.53;6.272E-06;5.659E-06;6.138E-07;-52.026;-52.473;-62.119;0.58;120.64;
2026-01-16 12:01:36.42;0.00:00:34:920;0.24;-0.53;0.81;6.532E-06;1.384E-06;-3.056E-06;4.63E-06;-32.81;27.04;87.54;70.89;51.36;6.532E-06;5.718E-06;8.142E-07;-51.849;-52.428;-60.893;0.62;123.42;
2026-01-16 12:01:36.49;0.00:00:34:985;0.30;-0.44;0.85;7.058E-06;1.888E-06;-2.713E-06;5.276E-06;-27.59;28.97;88.21;74.75;46.83;7.058E-06;6.226E-06;8.322E-07;-51.513;-52.058;-60.798;0.65;117.22;
2026-01-16 12:01:36.55;0.00:00:35:047;0.10;-0.55;0.83;5.961E-06;6.076E-07;-3.334E-06;5.003E-06;-39.84;27.95;101.37;83.93;56.84;5.961E-06;6.042E-06;-8.143E-08;-52.247;-52.188;-99.990;0.55;123.68;
2026-01-16 12:01:36.60;0.00:00:35:100;0.17;-0.54;0.83;6.311E-06;9.166E-07;-2.974E-06;4.594E-06;-36.43;27.94;87.93;72.80;49.31;6.311E-06;5.549E-06;7.617E-07;-51.999;-52.558;-61.182;0.58;122.92;
2026-01-16 12:01:36.65;0.00:00:35:148;0.22;-0.58;0.79;6.355E-06;1.384E-06;-3.586E-06;4.899E-06;-34.45;25.94;97.98;77.09;60.48;6.355E-06;6.227E-06;1.282E-07;-51.969;-52.057;-68.921;0.61;126.20;
2026-01-16 12:01:36.70;0.00:00:35:199;0.06;-0.62;0.79;5.89E-06;3.644E-07;-3.782E-06;4.825E-06;-42.25;25.89;104.27;81.92;64.51;5.89E-06;6.142E-06;-2.517E-07;-52.299;-52.117;-99.990;0.53;128.09;
2026-01-16 12:01:36.77;0.00:00:35:263;0.21;-0.46;0.86;6.427E-06;1.297E-06;-2.772E-06;5.21E-06;-32.46;29.79;94.02;81.07;47.62;6.427E-06;6.042E-06;3.843E-07;-51.920;-52.188;-64.153;0.61;118.01;
2026-01-16 12:01:36.82;0.00:00:35:313;0.17;-0.57;0.81;6.105E-06;1.037E-06;-3.428E-06;4.861E-06;-36.59;26.81;98.90;79.62;58.66;6.105E-06;6.038E-06;6.744E-08;-52.143;-52.191;-71.711;0.59;125.19;
2026-01-16 12:01:36.87;0.00:00:35:364;0.15;-0.57;0.81;5.922E-06;9.07E-07;-3.375E-06;4.767E-06;-37.48;26.88;99.82;80.50;59.02;5.922E-06;5.911E-06;1.091E-08;-52.275;-52.283;-79.621;0.58;125.30;
2026-01-16 12:01:36.91;0.00:00:35:410;0.26;-0.41;0.87;6.418E-06;1.532E-06;-2.472E-06;5.239E-06;-29.11;30.48;93.37;81.64;45.31;6.418E-06;5.992E-06;4.257E-07;-51.926;-52.224;-63.709;0.63;115.26;
2026-01-16 12:01:36.96;0.00:00:35:458;0.21;-0.54;0.82;6.31E-06;1.315E-06;-3.292E-06;4.991E-06;-34.11;27.31;97.00;79.09;56.17;6.31E-06;6.121E-06;1.89E-07;-52.000;-52.132;-67.235;0.61;123.41;
2026-01-16 12:01:37.03;0.00:00:35:523;0.25;-0.54;0.80;6.477E-06;1.604E-06;-3.528E-06;5.207E-06;-32.78;26.67;100.21;80.39;59.83;6.477E-06;6.491E-06;-1.373E-08;-51.886;-51.877;-99.990;0.62;124.12;
2026-01-16 12:01:37.09;0.00:00:35:582;0.26;-0.45;0.86;6.999E-06;1.59E-06;-2.724E-06;5.213E-06;-29.87;29.41;87.06;74.48;45.07;6.999E-06;6.093E-06;9.058E-07;-51.550;-52.152;-60.430;0.63;117.59;
2026-01-16 12:01:37.13;0.00:00:35:629;0.22;-0.51;0.83;6.509E-06;1.313E-06;-3.018E-06;4.934E-06;-33.24;28.15;91.13;75.81;50.57;6.509E-06;5.931E-06;5.775E-07;-51.865;-52.269;-62.384;0.61;121.45;
2026-01-16 12:01:37.20;0.00:00:35:693;0.28;-0.56;0.78;6.745E-06;1.736E-06;-3.506E-06;4.935E-06;-31.83;25.80;93.37;73.16;58.00;6.745E-06;6.297E-06;4.475E-07;-51.710;-52.008;-63.492;0.64;125.39;
2026-01-16 12:01:37.26;0.00:00:35:752;0.12;-0.55;0.82;6.158E-06;7.116E-07;-3.148E-06;4.69E-06;-38.63;27.73;92.44;76.15;52.41;6.158E-06;5.693E-06;4.654E-07;-52.105;-52.447;-63.322;0.56;123.87;
2026-01-16 12:01:37.30;0.00:00:35:800;0.09;-0.64;0.76;5.829E-06;5.5E-07;-3.919E-06;4.649E-06;-41.01;24.80;104.74;79.76;67.89;5.829E-06;6.105E-06;-2.765E-07;-52.344;-52.143;-99.990;0.55;130.13;
2026-01-16 12:01:37.37;0.00:00:35:864;0.23;-0.38;0.90;6.827E-06;1.282E-06;-2.181E-06;5.078E-06;-29.77;31.76;83.11;74.39;37.06;6.827E-06;5.673E-06;1.153E-06;-51.658;-52.462;-59.381;0.61;113.24;
2026-01-16 12:01:37.42;0.00:00:35:912;0.23;-0.55;0.80;6.633E-06;1.496E-06;-3.534E-06;5.106E-06;-33.52;26.54;96.28;76.97;57.85;6.633E-06;6.387E-06;2.466E-07;-51.783;-51.947;-66.080;0.62;124.69;
2026-01-16 12:01:37.46;0.00:00:35:961;0.22;-0.50;0.84;6.439E-06;1.356E-06;-3.12E-06;5.222E-06;-33.26;28.46;96.80;81.10;52.84;6.439E-06;6.233E-06;2.063E-07;-51.912;-52.053;-66.855;0.61;120.86;
2026-01-16 12:01:37.52;0.00:00:36:019;0.33;-0.56;0.76;6.859E-06;2.26E-06;-3.923E-06;5.267E-06;-30.03;24.66;101.25;76.79;66.00;6.859E-06;6.945E-06;-8.599E-08;-51.637;-51.583;-99.990;0.66;126.68;
2026-01-16 12:01:37.57;0.00:00:36:070;0.08;-0.55;0.83;5.752E-06;4.425E-07;-3.14E-06;4.741E-06;-40.99;28.11;99.16;82.42;55.12;5.752E-06;5.703E-06;4.855E-08;-52.402;-52.439;-73.138;0.54;123.51;
2026-01-16 12:01:37.62;0.00:00:36:117;0.20;-0.64;0.75;6.537E-06;1.291E-06;-4.193E-06;4.912E-06;-36.44;24.11;100.75;75.14;67.11;6.537E-06;6.586E-06;-4.896E-08;-51.846;-51.814;-99.990;0.60;130.48;
2026-01-16 12:01:37.67;0.00:00:36:166;0.07;-0.61;0.79;6.368E-06;4.183E-07;-3.588E-06;4.609E-06;-41.68;25.96;91.96;72.38;56.73;6.368E-06;5.856E-06;5.119E-07;-51.960;-52.324;-62.908;0.54;127.90;
2026-01-16 12:01:37.72;0.00:00:36:212;0.15;-0.44;0.89;6.376E-06;8.396E-07;-2.443E-06;4.912E-06;-35.52;31.13;87.03;77.03;40.50;6.376E-06;5.549E-06;8.271E-07;-51.954;-52.558;-60.824;0.58;116.44;
2026-01-16 12:01:37.76;0.00:00:36:261;0.14;-0.55;0.82;6.366E-06;7.93E-07;-3.096E-06;4.64E-06;-37.82;27.72;88.50;72.89;50.20;6.366E-06;5.634E-06;7.319E-07;-51.961;-52.492;-61.355;0.57;123.71;
2026-01-16 12:01:37.83;0.00:00:36:321;0.29;-0.41;0.86;6.967E-06;1.69E-06;-2.427E-06;5.093E-06;-27.58;29.93;84.53;73.10;42.44;6.967E-06;5.889E-06;1.078E-06;-51.569;-52.299;-59.674;0.64;115.48;
2026-01-16 12:01:37.89;0.00:00:36:385;0.13;-0.58;0.81;6.34E-06;7.352E-07;-3.186E-06;4.448E-06;-38.50;26.84;87.06;70.15;51.57;6.34E-06;5.52E-06;8.202E-07;-51.979;-52.580;-60.861;0.57;125.61;
2026-01-16 12:01:37.94;0.00:00:36:434;0.14;-0.57;0.81;6.307E-06;8.025E-07;-3.397E-06;4.785E-06;-38.35;26.95;93.91;75.87;55.34;6.307E-06;5.923E-06;3.841E-07;-52.002;-52.275;-64.155;0.57;125.37;
2026-01-16 12:01:37.98;0.00:00:36:480;0.21;-0.55;0.81;6.423E-06;1.229E-06;-3.219E-06;4.7E-06;-34.55;26.88;90.73;73.17;53.64;6.423E-06;5.828E-06;5.957E-07;-51.922;-52.345;-62.250;0.61;124.41;
2026-01-16 12:01:38.03;0.00:00:36:527;0.18;-0.53;0.83;6.649E-06;1.096E-06;-3.248E-06;5.035E-06;-35.67;27.88;91.61;75.73;51.55;6.649E-06;6.091E-06;5.578E-07;-51.773;-52.153;-62.535;0.59;122.82;
2026-01-16 12:01:38.10;0.00:00:36:594;0.22;-0.46;0.86;6.306E-06;1.178E-06;-2.486E-06;4.689E-06;-32.33;29.80;86.21;74.35;43.63;6.306E-06;5.436E-06;8.699E-07;-52.002;-52.647;-60.605;0.61;117.94;
2026-01-16 12:01:38.15;0.00:00:36:650;0.10;-0.60;0.80;6.102E-06;5.418E-07;-3.32E-06;4.45E-06;-40.36;26.46;91.40;72.91;55.12;6.102E-06;5.578E-06;5.246E-07;-52.145;-52.535;-62.802;0.55;126.73;
2026-01-16 12:01:38.20;0.00:00:36:697;0.05;-0.47;0.88;6.311E-06;2.717E-07;-2.39E-06;4.488E-06;-41.76;30.90;80.68;71.11;38.12;6.311E-06;5.092E-06;1.219E-06;-51.999;-52.931;-59.139;0.53;118.04;
2026-01-16 12:01:38.26;0.00:00:36:758;0.18;-0.56;0.81;6.165E-06;1.047E-06;-3.24E-06;4.734E-06;-36.05;27.14;94.58;76.79;55.22;6.165E-06;5.831E-06;3.341E-07;-52.100;-52.342;-64.761;0.59;124.38;
2026-01-16 12:01:38.31;0.00:00:36:807;0.09;-0.46;0.88;6.22E-06;5.02E-07;-2.561E-06;4.883E-06;-39.46;30.94;89.02;78.51;41.97;6.22E-06;5.537E-06;6.83E-07;-52.062;-52.568;-61.656;0.55;117.68;
2026-01-16 12:01:38.37;0.00:00:36:869;0.30;-0.49;0.82;7.043E-06;1.771E-06;-2.907E-06;4.838E-06;-29.32;27.43;83.98;68.68;48.33;7.043E-06;5.915E-06;1.128E-06;-51.522;-52.280;-59.476;0.65;121.00;
2026-01-16 12:01:38.42;0.00:00:36:916;0.25;-0.52;0.82;6.36E-06;1.525E-06;-3.128E-06;4.91E-06;-32.00;27.34;94.61;77.19;54.71;6.36E-06;6.018E-06;3.428E-07;-51.965;-52.206;-64.650;0.63;122.50;
2026-01-16 12:01:38.47;0.00:00:36:963;0.23;-0.53;0.82;6.543E-06;1.437E-06;-3.242E-06;5.038E-06;-33.05;27.43;94.16;77.00;54.20;6.543E-06;6.161E-06;3.818E-07;-51.842;-52.103;-64.181;0.62;122.76;
2026-01-16 12:01:38.53;0.00:00:37:026;0.20;-0.53;0.83;6.283E-06;1.128E-06;-3.027E-06;4.719E-06;-34.78;27.80;91.02;75.11;51.42;6.283E-06;5.719E-06;5.641E-07;-52.018;-52.427;-62.487;0.60;122.68;
2026-01-16 12:01:38.58;0.00:00:37:073;0.16;-0.48;0.87;6.291E-06;9.49E-07;-2.904E-06;5.283E-06;-35.95;29.98;97.02;83.98;48.57;6.291E-06;6.103E-06;1.875E-07;-52.013;-52.144;-67.269;0.58;118.80;
2026-01-16 12:01:38.62;0.00:00:37:119;0.15;-0.69;0.70;6.089E-06;9.065E-07;-4.279E-06;4.341E-06;-39.02;22.39;101.22;71.30;71.84;6.089E-06;6.163E-06;-7.404E-08;-52.155;-52.102;-99.990;0.57;134.59;
2026-01-16 12:01:38.67;0.00:00:37:166;0.19;-0.53;0.83;6.307E-06;1.065E-06;-2.998E-06;4.676E-06;-35.22;27.88;89.68;74.14;50.45;6.307E-06;5.656E-06;6.508E-07;-52.002;-52.475;-61.866;0.59;122.67;
2026-01-16 12:01:38.72;0.00:00:37:216;0.21;-0.58;0.79;6.346E-06;1.397E-06;-3.806E-06;5.223E-06;-34.92;26.09;104.20;82.31;63.90;6.346E-06;6.612E-06;-2.666E-07;-51.975;-51.797;-99.990;0.61;126.08;
2026-01-16 12:01:38.78;0.00:00:37:274;0.11;-0.59;0.80;5.707E-06;6.941E-07;-3.609E-06;4.835E-06;-39.56;26.38;106.41;84.71;64.40;5.707E-06;6.073E-06;-3.658E-07;-52.436;-52.166;-99.990;0.56;126.74;
2026-01-16 12:01:38.83;0.00:00:37:321;0.27;-0.53;0.80;7.046E-06;1.788E-06;-3.445E-06;5.238E-06;-31.28;26.73;92.52;74.34;55.09;7.046E-06;6.519E-06;5.269E-07;-51.521;-51.858;-62.783;0.64;123.33;
2026-01-16 12:01:38.87;0.00:00:37:369;0.15;-0.56;0.82;6.118E-06;8.574E-07;-3.274E-06;4.8E-06;-37.66;27.41;95.99;78.45;55.31;6.118E-06;5.873E-06;2.451E-07;-52.134;-52.311;-66.106;0.57;124.30;
2026-01-16 12:01:38.94;0.00:00:37:433;0.15;-0.58;0.80;6.111E-06;9.006E-07;-3.494E-06;4.823E-06;-37.77;26.60;98.58;78.93;59.05;6.111E-06;6.024E-06;8.707E-08;-52.139;-52.201;-70.601;0.57;125.92;
2026-01-16 12:01:38.98;0.00:00:37:479;0.18;-0.56;0.81;6.373E-06;1.041E-06;-3.197E-06;4.666E-06;-35.98;27.11;90.25;73.22;52.76;6.373E-06;5.751E-06;6.216E-07;-51.957;-52.402;-62.065;0.59;124.42;
2026-01-16 12:01:39.04;0.00:00:37:531;0.09;-0.55;0.83;6.017E-06;5.134E-07;-3.083E-06;4.713E-06;-40.27;28.22;93.98;78.32;51.94;6.017E-06;5.655E-06;3.623E-07;-52.206;-52.476;-64.410;0.55;123.19;
2026-01-16 12:01:39.09;0.00:00:37:587;0.22;-0.54;0.81;6.612E-06;1.324E-06;-3.231E-06;4.903E-06;-33.86;27.27;91.03;74.15;52.81;6.612E-06;6.019E-06;5.928E-07;-51.797;-52.205;-62.271;0.61;123.39;
2026-01-16 12:01:39.15;0.00:00:37:647;0.28;-0.54;0.79;6.792E-06;1.926E-06;-3.652E-06;5.361E-06;-31.10;26.20;99.63;78.93;60.79;6.792E-06;6.766E-06;2.524E-08;-51.680;-51.696;-75.979;0.64;124.26;
2026-01-16 12:01:39.20;0.00:00:37:695;-0.01;-0.58;0.82;5.613E-06;-4.721E-08;-3.223E-06;4.553E-06;-45.42;27.35;99.39;81.12;57.43;5.613E-06;5.578E-06;3.41E-08;-52.508;-52.535;-74.672;0.50;125.30;
2026-01-16 12:01:39.25;0.00:00:37:743;0.14;-0.57;0.81;6.518E-06;8.663E-07;-3.46E-06;4.909E-06;-37.97;27.00;93.09;75.30;54.72;6.518E-06;6.068E-06;4.506E-07;-51.859;-52.170;-63.462;0.57;125.18;
2026-01-16 12:01:39.29;0.00:00:37:790;0.16;-0.56;0.81;6.381E-06;8.748E-07;-3.122E-06;4.491E-06;-37.17;27.09;86.81;70.38;50.81;6.381E-06;5.539E-06;8.419E-07;-51.951;-52.566;-60.747;0.58;124.81;
2026-01-16 12:01:39.34;0.00:00:37:839;0.22;-0.52;0.82;6.474E-06;1.327E-06;-3.086E-06;4.852E-06;-33.37;27.65;91.15;74.95;51.88;6.474E-06;5.901E-06;5.728E-07;-51.888;-52.291;-62.420;0.61;122.46;
2026-01-16 12:01:39.39;0.00:00:37:885;0.15;-0.62;0.77;6.282E-06;9.402E-07;-3.858E-06;4.796E-06;-38.15;25.19;99.13;76.35;63.22;6.282E-06;6.227E-06;5.474E-08;-52.019;-52.057;-72.617;0.58;128.81;
2026-01-16 12:01:39.45;0.00:00:37:948;0.11;-0.53;0.84;6.227E-06;6.157E-07;-2.899E-06;4.623E-06;-39.01;28.67;88.20;74.25;47.60;6.227E-06;5.492E-06;7.347E-07;-52.058;-52.603;-61.339;0.56;122.09;
2026-01-16 12:01:39.50;0.00:00:37:993;0.21;-0.50;0.84;6.499E-06;1.239E-06;-2.954E-06;4.978E-06;-33.62;28.62;91.09;76.61;49.29;6.499E-06;5.92E-06;5.789E-07;-51.872;-52.277;-62.374;0.60;120.68;
2026-01-16 12:01:39.54;0.00:00:38:040;0.15;-0.48;0.87;6.214E-06;8.243E-07;-2.663E-06;4.831E-06;-36.40;30.01;89.76;77.75;44.86;6.214E-06;5.578E-06;6.363E-07;-52.066;-52.535;-61.963;0.57;118.86;
2026-01-16 12:01:39.61;0.00:00:38:101;0.24;-0.49;0.83;6.684E-06;1.46E-06;-2.997E-06;5.058E-06;-32.01;28.30;90.62;75.66;49.87;6.684E-06;6.057E-06;6.268E-07;-51.750;-52.177;-62.029;0.62;120.65;
2026-01-16 12:01:39.65;0.00:00:38:149;0.05;-0.62;0.78;5.608E-06;3.05E-07;-3.571E-06;4.488E-06;-42.56;25.69;102.43;80.03;63.92;5.608E-06;5.744E-06;-1.361E-07;-52.512;-52.408;-99.990;0.53;128.51;
2026-01-16 12:01:39.71;0.00:00:38:210;0.13;-0.55;0.82;6.361E-06;7.349E-07;-3.172E-06;4.729E-06;-38.48;27.73;90.26;74.35;51.19;6.361E-06;5.741E-06;6.194E-07;-51.965;-52.410;-62.080;0.56;123.85;
2026-01-16 12:01:39.76;0.00:00:38:260;0.07;-0.53;0.84;6.016E-06;4.006E-07;-2.943E-06;4.665E-06;-41.12;28.76;91.93;77.54;49.37;6.016E-06;5.53E-06;4.857E-07;-52.207;-52.573;-63.137;0.54;122.25;
2026-01-16 12:01:39.81;0.00:00:38:307;0.22;-0.51;0.83;6.216E-06;1.311E-06;-3.059E-06;4.937E-06;-33.40;28.01;95.79;79.43;53.54;6.216E-06;5.954E-06;2.618E-07;-52.065;-52.252;-65.820;0.61;121.78;
2026-01-16 12:01:39.86;0.00:00:38:352;0.24;-0.55;0.80;6.76E-06;1.417E-06;-3.219E-06;4.659E-06;-33.12;26.48;86.34;68.91;52.02;6.76E-06;5.837E-06;9.232E-07;-51.700;-52.338;-60.347;0.62;124.64;
2026-01-16 12:01:39.90;0.00:00:38:399;0.22;-0.48;0.85;6.809E-06;1.32E-06;-2.896E-06;5.054E-06;-32.75;28.90;87.71;74.22;46.74;6.809E-06;5.973E-06;8.366E-07;-51.669;-52.238;-60.775;0.61;119.82;
2026-01-16 12:01:39.97;0.00:00:38:464;0.10;-0.58;0.81;5.866E-06;6.39E-07;-3.605E-06;4.995E-06;-39.97;26.88;105.57;85.15;62.41;5.866E-06;6.193E-06;-3.268E-07;-52.317;-52.081;-99.990;0.55;125.82;
2026-01-16 12:01:40.01;0.00:00:38:509;0.13;-0.65;0.75;6.035E-06;7.68E-07;-3.904E-06;4.51E-06;-39.44;24.29;99.66;74.74;65.92;6.035E-06;6.014E-06;2.063E-08;-52.193;-52.208;-76.854;0.56;130.87;
2026-01-16 12:01:40.06;0.00:00:38:556;0.23;-0.55;0.80;6.591E-06;1.354E-06;-3.319E-06;4.82E-06;-33.90;26.68;91.13;73.13;54.37;6.591E-06;6.006E-06;5.848E-07;-51.810;-52.214;-62.330;0.61;124.55;
2026-01-16 12:01:40.11;0.00:00:38:603;0.23;-0.52;0.82;6.337E-06;1.552E-06;-3.455E-06;5.453E-06;-32.91;27.61;104.77;86.05;59.77;6.337E-06;6.639E-06;-3.023E-07;-51.981;-51.779;-99.990;0.62;122.36;
2026-01-16 12:01:40.15;0.00:00:38:651;0.12;-0.56;0.82;5.828E-06;7.812E-07;-3.523E-06;5.149E-06;-38.75;27.49;107.89;88.35;61.92;5.828E-06;6.287E-06;-4.599E-07;-52.345;-52.015;-99.990;0.56;124.38;
2026-01-16 12:01:40.22;0.00:00:38:712;0.26;-0.48;0.83;7.022E-06;1.562E-06;-2.858E-06;4.941E-06;-30.67;28.30;84.28;70.36;46.39;7.022E-06;5.918E-06;1.104E-06;-51.536;-52.278;-59.571;0.63;120.05;
2026-01-16 12:01:40.27;0.00:00:38:764;0.22;-0.48;0.85;6.677E-06;1.355E-06;-2.994E-06;5.244E-06;-32.82;28.96;92.69;78.53;49.22;6.677E-06;6.189E-06;4.884E-07;-51.754;-52.084;-63.112;0.61;119.73;
2026-01-16 12:01:40.33;0.00:00:38:822;0.32;-0.47;0.82;6.879E-06;1.978E-06;-2.88E-06;5.094E-06;-27.76;27.78;89.80;74.06;50.79;6.879E-06;6.177E-06;7.018E-07;-51.625;-52.092;-61.538;0.66;119.48;
2026-01-16 12:01:40.37;0.00:00:38:869;0.26;-0.42;0.87;6.956E-06;1.565E-06;-2.576E-06;5.336E-06;-29.36;30.27;88.10;76.71;43.33;6.956E-06;6.128E-06;8.274E-07;-51.576;-52.126;-60.823;0.63;115.77;
2026-01-16 12:01:40.42;0.00:00:38:916;0.22;-0.54;0.81;6.187E-06;1.25E-06;-3.099E-06;4.659E-06;-34.02;27.17;92.67;75.30;54.01;6.187E-06;5.733E-06;4.537E-07;-52.085;-52.416;-63.432;0.61;123.63;
2026-01-16 12:01:40.47;0.00:00:38:963;0.19;-0.45;0.87;6.639E-06;1.111E-06;-2.592E-06;5.049E-06;-33.40;30.41;87.12;76.06;42.48;6.639E-06;5.784E-06;8.552E-07;-51.779;-52.378;-60.679;0.60;117.18;
2026-01-16 12:01:40.52;0.00:00:39:012;0.18;-0.56;0.81;6.09E-06;1.093E-06;-3.395E-06;4.89E-06;-36.08;26.95;99.39;80.30;58.56;6.09E-06;6.052E-06;3.738E-08;-52.154;-52.181;-74.273;0.59;124.77;
2026-01-16 12:01:40.56;0.00:00:39:057;0.21;-0.53;0.82;6.614E-06;1.257E-06;-3.152E-06;4.915E-06;-34.13;27.69;90.30;74.30;51.31;6.614E-06;5.972E-06;6.419E-07;-51.795;-52.239;-61.925;0.61;122.67;
2026-01-16 12:01:40.61;0.00:00:39:104;0.22;-0.52;0.82;6.271E-06;1.372E-06;-3.215E-06;5.102E-06;-33.44;27.79;98.63;81.36;55.75;6.271E-06;6.185E-06;8.604E-08;-52.027;-52.087;-70.653;0.61;122.22;
2026-01-16 12:01:40.66;0.00:00:39:153;0.28;-0.51;0.81;6.896E-06;1.722E-06;-3.167E-06;4.997E-06;-30.73;27.10;89.35;72.46;52.27;6.896E-06;6.162E-06;7.347E-07;-51.614;-52.103;-61.339;0.64;122.36;
2026-01-16 12:01:40.70;0.00:00:39:199;0.27;-0.47;0.84;6.802E-06;1.691E-06;-2.942E-06;5.194E-06;-30.06;28.42;91.22;76.37;49.89;6.802E-06;6.204E-06;5.971E-07;-51.674;-52.073;-62.240;0.64;119.53;
2026-01-16 12:01:40.75;0.00:00:39:250;0.20;-0.55;0.81;6.193E-06;1.238E-06;-3.454E-06;5.047E-06;-35.14;26.99;100.76;81.50;59.25;6.193E-06;6.24E-06;-4.721E-08;-52.081;-52.048;-99.990;0.60;124.39;
2026-01-16 12:01:40.81;0.00:00:39:310;0.09;-0.59;0.80;6.188E-06;5.258E-07;-3.434E-06;4.688E-06;-40.65;26.73;94.29;75.76;56.13;6.188E-06;5.835E-06;3.536E-07;-52.084;-52.340;-64.515;0.55;126.22;
2026-01-16 12:01:40.88;0.00:00:39:372;0.23;-0.44;0.87;7.038E-06;1.362E-06;-2.6E-06;5.125E-06;-31.18;30.10;83.92;72.82;41.71;7.038E-06;5.906E-06;1.132E-06;-51.525;-52.287;-59.462;0.62;116.90;
2026-01-16 12:01:40.92;0.00:00:39:418;0.29;-0.48;0.83;6.662E-06;1.809E-06;-2.96E-06;5.175E-06;-29.29;28.08;93.51;77.67;52.07;6.662E-06;6.23E-06;4.327E-07;-51.764;-52.055;-63.639;0.65;119.77;
2026-01-16 12:01:40.97;0.00:00:39:465;0.15;-0.55;0.82;6.334E-06;9.096E-07;-3.288E-06;4.854E-06;-37.27;27.45;93.67;76.63;53.86;6.334E-06;5.933E-06;4.009E-07;-51.983;-52.267;-63.970;0.58;124.12;
2026-01-16 12:01:41.02;0.00:00:39:512;0.13;-0.54;0.83;5.921E-06;7.437E-07;-3.066E-06;4.758E-06;-38.18;28.23;96.42;80.36;53.28;5.921E-06;5.709E-06;2.119E-07;-52.276;-52.434;-66.739;0.57;122.79;
2026-01-16 12:01:41.07;0.00:00:39:561;0.08;-0.62;0.78;6.012E-06;4.977E-07;-3.753E-06;4.76E-06;-41.22;25.75;101.16;79.17;62.97;6.012E-06;6.082E-06;-6.967E-08;-52.210;-52.159;-99.990;0.54;128.25;
2026-01-16 12:01:41.12;0.00:00:39:620;0.16;-0.47;0.87;6.377E-06;8.676E-07;-2.59E-06;4.828E-06;-35.74;30.25;86.99;75.71;42.83;6.377E-06;5.548E-06;8.296E-07;-51.954;-52.559;-60.811;0.58;118.21;
2026-01-16 12:01:41.17;0.00:00:39:667;0.27;-0.55;0.79;6.743E-06;1.596E-06;-3.279E-06;4.745E-06;-32.02;26.23;88.75;70.37;54.08;6.743E-06;5.984E-06;7.584E-07;-51.712;-52.230;-61.201;0.63;124.65;
2026-01-16 12:01:41.22;0.00:00:39:719;0.19;-0.58;0.79;6.559E-06;1.182E-06;-3.613E-06;4.875E-06;-35.94;26.03;94.26;74.33;57.95;6.559E-06;6.182E-06;3.767E-07;-51.832;-52.089;-64.240;0.60;126.54;
2026-01-16 12:01:41.30;0.00:00:39:794;0.04;-0.53;0.85;5.82E-06;2.258E-07;-2.885E-06;4.666E-06;-42.76;29.10;94.34;80.17;49.72;5.82E-06;5.491E-06;3.295E-07;-52.351;-52.604;-64.821;0.52;121.73;
2026-01-16 12:01:41.36;0.00:00:39:861;0.13;-0.54;0.83;6.11E-06;7.798E-07;-3.113E-06;4.806E-06;-37.97;28.13;94.57;78.65;52.52;6.11E-06;5.778E-06;3.316E-07;-52.140;-52.382;-64.793;0.57;122.93;
2026-01-16 12:01:41.42;0.00:00:39:918;0.21;-0.56;0.80;6.572E-06;1.271E-06;-3.358E-06;4.856E-06;-34.64;26.76;91.89;73.89;54.63;6.572E-06;6.039E-06;5.329E-07;-51.823;-52.190;-62.734;0.61;124.67;
2026-01-16 12:01:41.47;0.00:00:39:966;0.14;-0.58;0.81;6.547E-06;7.766E-07;-3.152E-06;4.406E-06;-38.08;26.81;83.59;67.30;49.58;6.547E-06;5.473E-06;1.074E-06;-51.839;-52.618;-59.689;0.57;125.58;
2026-01-16 12:01:41.52;0.00:00:40:015;0.21;-0.49;0.85;6.411E-06;1.184E-06;-2.746E-06;4.767E-06;-33.33;28.95;87.78;74.36;46.65;6.411E-06;5.628E-06;7.837E-07;-51.930;-52.497;-61.059;0.61;119.94;
2026-01-16 12:01:41.58;0.00:00:40:073;0.20;-0.51;0.84;6.395E-06;1.187E-06;-3.004E-06;4.947E-06;-34.22;28.43;92.37;77.35;50.50;6.395E-06;5.907E-06;4.877E-07;-51.941;-52.286;-63.118;0.60;121.27;
2026-01-16 12:01:41.64;0.00:00:40:136;0.21;-0.65;0.73;6.419E-06;1.375E-06;-4.321E-06;4.792E-06;-36.17;23.29;102.78;74.66;70.64;6.419E-06;6.597E-06;-1.785E-07;-51.926;-51.806;-99.990;0.60;132.04;
2026-01-16 12:01:41.71;0.00:00:40:202;0.19;-0.59;0.78;6.08E-06;1.137E-06;-3.626E-06;4.807E-06;-36.30;25.84;100.79;79.06;62.50;6.08E-06;6.128E-06;-4.776E-08;-52.161;-52.127;-99.990;0.59;127.03;
2026-01-16 12:01:41.77;0.00:00:40:262;0.25;-0.52;0.82;6.824E-06;1.497E-06;-3.142E-06;4.914E-06;-32.26;27.35;88.25;72.02;51.01;6.824E-06;6.022E-06;8.019E-07;-51.660;-52.203;-60.959;0.62;122.59;
2026-01-16 12:01:41.83;0.00:00:40:325;0.10;-0.58;0.81;6.204E-06;6.167E-07;-3.425E-06;4.75E-06;-39.90;26.89;94.92;76.57;56.10;6.204E-06;5.889E-06;3.152E-07;-52.073;-52.300;-65.014;0.55;125.79;
2026-01-16 12:01:41.89;0.00:00:40:387;0.23;-0.42;0.88;6.472E-06;1.253E-06;-2.307E-06;4.868E-06;-30.74;30.83;85.46;75.22;40.56;6.472E-06;5.531E-06;9.412E-07;-51.890;-52.572;-60.263;0.61;115.35;
2026-01-16 12:01:41.94;0.00:00:40:433;0.19;-0.50;0.84;6.301E-06;1.13E-06;-2.967E-06;4.964E-06;-34.57;28.70;93.53;78.79;50.40;6.301E-06;5.893E-06;4.077E-07;-52.006;-52.297;-63.897;0.60;120.87;
2026-01-16 12:01:41.99;0.00:00:40:484;0.13;-0.66;0.74;6.327E-06;8.222E-07;-4.039E-06;4.526E-06;-39.25;23.84;96.74;71.52;65.14;6.327E-06;6.121E-06;2.063E-07;-51.988;-52.132;-66.855;0.57;131.75;
2026-01-16 12:01:42.05;0.00:00:40:543;0.18;-0.63;0.75;6.388E-06;1.103E-06;-3.821E-06;4.567E-06;-36.95;24.47;94.79;71.48;62.26;6.388E-06;6.056E-06;3.327E-07;-51.946;-52.178;-64.780;0.59;129.92;
2026-01-16 12:01:42.11;0.00:00:40:606;0.28;-0.50;0.82;6.819E-06;1.709E-06;-3.066E-06;4.955E-06;-30.43;27.35;89.05;72.67;51.47;6.819E-06;6.072E-06;7.467E-07;-51.663;-52.166;-61.269;0.64;121.74;
2026-01-16 12:01:42.17;0.00:00:40:668;0.04;-0.48;0.88;5.911E-06;1.985E-07;-2.55E-06;4.716E-06;-42.77;30.77;90.76;79.78;43.26;5.911E-06;5.365E-06;5.464E-07;-52.283;-52.704;-62.625;0.52;118.40;
2026-01-16 12:01:42.22;0.00:00:40:716;0.22;-0.42;0.88;6.449E-06;1.231E-06;-2.411E-06;5.044E-06;-31.47;30.89;88.77;78.22;41.98;6.449E-06;5.724E-06;7.242E-07;-51.905;-52.423;-61.401;0.61;115.55;
2026-01-16 12:01:42.27;0.00:00:40:763;0.11;-0.58;0.81;6.35E-06;6.272E-07;-3.262E-06;4.584E-06;-39.56;27.03;89.15;72.19;52.32;6.35E-06;5.661E-06;6.889E-07;-51.972;-52.471;-61.619;0.56;125.44;
2026-01-16 12:01:42.33;0.00:00:40:823;0.07;-0.53;0.84;5.587E-06;3.881E-07;-3.038E-06;4.784E-06;-41.36;28.68;101.67;85.63;54.82;5.587E-06;5.68E-06;-9.348E-08;-52.528;-52.456;-99.990;0.53;122.42;
2026-01-16 12:01:42.38;0.00:00:40:872;0.29;-0.50;0.82;6.81E-06;1.834E-06;-3.097E-06;5.072E-06;-29.68;27.32;91.32;74.48;52.85;6.81E-06;6.219E-06;5.908E-07;-51.668;-52.063;-62.285;0.65;121.41;
2026-01-16 12:01:42.42;0.00:00:40:919;0.24;-0.51;0.83;6.338E-06;1.471E-06;-3.14E-06;5.076E-06;-32.45;27.83;96.99;80.08;54.71;6.338E-06;6.147E-06;1.908E-07;-51.980;-52.113;-67.195;0.62;121.75;
2026-01-16 12:01:42.48;0.00:00:40:980;0.07;-0.54;0.84;5.767E-06;3.958E-07;-2.935E-06;4.52E-06;-41.16;28.38;93.71;78.38;51.36;5.767E-06;5.404E-06;3.63E-07;-52.390;-52.673;-64.401;0.54;123.00;
2026-01-16 12:01:42.53;0.00:00:41:026;0.19;-0.49;0.85;6.427E-06;1.084E-06;-2.856E-06;4.939E-06;-34.61;29.13;90.35;76.85;47.52;6.427E-06;5.807E-06;6.2E-07;-51.920;-52.360;-62.076;0.59;120.04;
2026-01-16 12:01:42.58;0.00:00:41:073;0.25;-0.52;0.81;6.543E-06;1.553E-06;-3.228E-06;4.997E-06;-32.15;27.18;93.97;76.38;54.75;6.543E-06;6.149E-06;3.945E-07;-51.842;-52.112;-64.040;0.63;122.86;
2026-01-16 12:01:42.62;0.00:00:41:120;0.29;-0.56;0.77;6.621E-06;1.934E-06;-3.791E-06;5.189E-06;-31.48;25.32;101.36;78.37;64.28;6.621E-06;6.711E-06;-8.985E-08;-51.791;-51.732;-99.990;0.64;126.15;
2026-01-16 12:01:42.67;0.00:00:41:166;0.12;-0.55;0.83;5.964E-06;7.017E-07;-3.112E-06;4.688E-06;-38.65;27.88;95.08;78.61;53.49;5.964E-06;5.67E-06;2.935E-07;-52.245;-52.464;-65.324;0.56;123.57;
2026-01-16 12:01:42.72;0.00:00:41:213;0.24;-0.46;0.85;6.777E-06;1.49E-06;-2.834E-06;5.262E-06;-31.13;29.34;90.89;77.64;47.26;6.777E-06;6.16E-06;6.17E-07;-51.690;-52.104;-62.097;0.62;118.31;
2026-01-16 12:01:42.78;0.00:00:41:275;0.09;-0.50;0.86;6.269E-06;4.858E-07;-2.729E-06;4.692E-06;-39.95;29.71;86.93;74.84;44.22;6.269E-06;5.45E-06;8.195E-07;-52.028;-52.636;-60.864;0.54;120.18;
2026-01-16 12:01:42.84;0.00:00:41:337;0.10;-0.61;0.79;6.09E-06;5.437E-07;-3.34E-06;4.321E-06;-40.38;25.97;90.13;70.96;55.57;6.09E-06;5.489E-06;6.009E-07;-52.154;-52.605;-62.212;0.55;127.70;
2026-01-16 12:01:42.90;0.00:00:41:401;0.18;-0.62;0.77;6.204E-06;1.015E-06;-3.514E-06;4.38E-06;-36.94;25.07;91.98;70.60;58.96;6.204E-06;5.706E-06;4.974E-07;-52.073;-52.436;-63.033;0.59;128.74;
2026-01-16 12:01:42.95;0.00:00:41:448;0.24;-0.57;0.79;6.753E-06;1.512E-06;-3.611E-06;4.977E-06;-33.64;25.90;93.77;73.70;57.98;6.753E-06;6.332E-06;4.208E-07;-51.705;-51.984;-63.759;0.62;125.97;
2026-01-16 12:01:43.00;0.00:00:41:498;0.19;-0.54;0.82;6.152E-06;1.168E-06;-3.307E-06;5.024E-06;-35.28;27.54;99.59;81.66;57.01;6.152E-06;6.127E-06;2.509E-08;-52.110;-52.128;-76.005;0.60;123.36;
2026-01-16 12:01:43.06;0.00:00:41:557;0.14;-0.58;0.81;6.034E-06;8.117E-07;-3.331E-06;4.66E-06;-38.15;26.83;95.87;77.22;56.82;6.034E-06;5.785E-06;2.489E-07;-52.194;-52.377;-66.039;0.57;125.56;
2026-01-16 12:01:43.12;0.00:00:41:620;0.14;-0.63;0.76;6.27E-06;8.463E-07;-3.741E-06;4.523E-06;-38.63;24.85;94.58;72.14;61.17;6.27E-06;5.931E-06;3.399E-07;-52.027;-52.269;-64.687;0.57;129.59;
2026-01-16 12:01:43.17;0.00:00:41:666;0.22;-0.51;0.83;6.561E-06;1.295E-06;-2.988E-06;4.825E-06;-33.28;27.99;88.72;73.54;49.64;6.561E-06;5.821E-06;7.4E-07;-51.830;-52.350;-61.308;0.61;121.77;
2026-01-16 12:01:43.22;0.00:00:41:716;0.16;-0.54;0.83;6.14E-06;9.769E-07;-3.232E-06;4.958E-06;-36.59;27.87;97.70;80.76;54.99;6.14E-06;5.999E-06;1.41E-07;-52.118;-52.219;-68.508;0.58;123.10;
2026-01-16 12:01:43.27;0.00:00:41:763;0.13;-0.53;0.84;6.431E-06;7.455E-07;-3.047E-06;4.767E-06;-38.13;28.33;88.74;74.13;48.78;6.431E-06;5.707E-06;7.239E-07;-51.917;-52.436;-61.403;0.57;122.58;
2026-01-16 12:01:43.33;0.00:00:41:824;0.23;-0.48;0.84;6.688E-06;1.385E-06;-2.917E-06;5.081E-06;-32.30;28.78;90.02;75.98;48.29;6.688E-06;6.021E-06;6.671E-07;-51.747;-52.204;-61.758;0.62;119.86;
2026-01-16 12:01:43.39;0.00:00:41:887;0.14;-0.49;0.86;6.036E-06;8.373E-07;-2.95E-06;5.197E-06;-37.08;29.73;99.97;86.09;50.81;6.036E-06;6.034E-06;1.968E-09;-52.192;-52.194;-87.060;0.57;119.58;
2026-01-16 12:01:43.44;0.00:00:41:934;0.21;-0.53;0.82;6.199E-06;1.299E-06;-3.296E-06;5.055E-06;-34.24;27.49;99.58;81.54;57.16;6.199E-06;6.173E-06;2.604E-08;-52.077;-52.095;-75.844;0.61;123.11;
2026-01-16 12:01:43.49;0.00:00:41:982;0.19;-0.51;0.84;6.41E-06;1.155E-06;-3.059E-06;5.04E-06;-34.66;28.51;93.73;78.62;51.02;6.41E-06;6.008E-06;4.022E-07;-51.931;-52.213;-63.955;0.60;121.26;
2026-01-16 12:01:43.53;0.00:00:42:030;0.23;-0.52;0.82;6.471E-06;1.41E-06;-3.133E-06;4.997E-06;-32.89;27.75;93.72;77.23;53.10;6.471E-06;6.064E-06;4.064E-07;-51.891;-52.172;-63.911;0.62;122.09;
2026-01-16 12:01:43.58;0.00:00:42:077;0.26;-0.47;0.84;6.324E-06;1.621E-06;-2.976E-06;5.337E-06;-30.71;28.79;99.96;84.39;53.58;6.324E-06;6.322E-06;2.452E-09;-51.990;-51.992;-86.104;0.63;119.14;
2026-01-16 12:01:43.63;0.00:00:42:126;0.28;-0.55;0.79;6.532E-06;1.811E-06;-3.531E-06;5.072E-06;-31.42;25.98;98.58;77.64;60.75;6.532E-06;6.44E-06;9.251E-08;-51.849;-51.911;-70.338;0.64;124.85;
2026-01-16 12:01:43.69;0.00:00:42:184;0.17;-0.46;0.87;6.641E-06;9.352E-07;-2.557E-06;4.845E-06;-34.96;30.33;83.69;72.96;41.00;6.641E-06;5.558E-06;1.083E-06;-51.778;-52.551;-59.653;0.58;117.82;
2026-01-16 12:01:43.74;0.00:00:42:232;0.32;-0.40;0.86;7.215E-06;2.017E-06;-2.472E-06;5.357E-06;-25.40;29.61;86.42;74.25;44.22;7.215E-06;6.235E-06;9.8E-07;-51.417;-52.051;-60.088;0.66;114.77;
2026-01-16 12:01:43.78;0.00:00:42:279;0.20;-0.52;0.83;6.62E-06;1.297E-06;-3.31E-06;5.254E-06;-34.30;27.96;95.83;79.36;53.71;6.62E-06;6.344E-06;2.763E-07;-51.791;-51.976;-65.587;0.60;122.21;
2026-01-16 12:01:43.83;0.00:00:42:326;0.20;-0.66;0.72;6.063E-06;1.316E-06;-4.342E-06;4.753E-06;-36.57;23.16;108.37;78.39;74.83;6.063E-06;6.571E-06;-5.077E-07;-52.173;-51.824;-99.990;0.60;132.42;
2026-01-16 12:01:43.88;0.00:00:42:374;0.10;-0.57;0.81;5.906E-06;5.873E-07;-3.46E-06;4.903E-06;-40.18;27.20;102.09;83.02;59.42;5.906E-06;6.029E-06;-1.234E-07;-52.287;-52.198;-99.990;0.55;125.21;
2026-01-16 12:01:43.92;0.00:00:42:421;0.23;-0.58;0.78;6.451E-06;1.395E-06;-3.493E-06;4.739E-06;-34.11;25.78;93.78;73.45;58.30;6.451E-06;6.05E-06;4.014E-07;-51.904;-52.183;-63.964;0.62;126.39;
2026-01-16 12:01:43.99;0.00:00:42:482;0.18;-0.62;0.76;6.005E-06;1.195E-06;-4.186E-06;5.128E-06;-37.03;24.83;112.01;85.39;72.50;6.005E-06;6.727E-06;-7.215E-07;-52.215;-51.722;-99.990;0.59;129.23;
2026-01-16 12:01:44.03;0.00:00:42:530;0.26;-0.43;0.87;6.949E-06;1.548E-06;-2.592E-06;5.213E-06;-29.58;29.96;86.69;75.01;43.44;6.949E-06;6.024E-06;9.252E-07;-51.581;-52.201;-60.337;0.63;116.44;
2026-01-16 12:01:44.10;0.00:00:42:592;0.21;-0.49;0.85;6.471E-06;1.23E-06;-2.86E-06;4.961E-06;-33.37;28.95;90.51;76.67;48.11;6.471E-06;5.857E-06;6.141E-07;-51.890;-52.323;-62.118;0.60;119.96;
2026-01-16 12:01:44.14;0.00:00:42:639;0.24;-0.58;0.78;6.388E-06;1.467E-06;-3.54E-06;4.754E-06;-33.74;25.56;95.58;74.42;59.98;6.388E-06;6.106E-06;2.824E-07;-51.946;-52.143;-65.491;0.62;126.67;
2026-01-16 12:01:44.20;0.00:00:42:700;0.24;-0.44;0.87;6.634E-06;1.362E-06;-2.433E-06;4.844E-06;-30.38;30.04;84.25;73.02;42.03;6.634E-06;5.59E-06;1.045E-06;-51.782;-52.526;-59.810;0.62;116.67;
2026-01-16 12:01:44.25;0.00:00:42:747;0.11;-0.60;0.79;6.336E-06;6.616E-07;-3.557E-06;4.701E-06;-39.73;26.21;93.63;74.19;57.10;6.336E-06;5.932E-06;4.039E-07;-51.982;-52.268;-63.937;0.56;127.11;
2026-01-16 12:01:44.30;0.00:00:42:797;0.30;-0.49;0.82;6.723E-06;1.979E-06;-3.18E-06;5.325E-06;-29.05;27.44;96.83;79.20;55.72;6.723E-06;6.51E-06;2.128E-07;-51.724;-51.864;-66.720;0.65;120.85;
2026-01-16 12:01:44.35;0.00:00:42:842;0.15;-0.50;0.85;6.388E-06;8.553E-07;-2.834E-06;4.848E-06;-36.60;29.30;88.92;75.89;46.34;6.388E-06;5.68E-06;7.079E-07;-51.946;-52.456;-61.500;0.58;120.31;
2026-01-16 12:01:44.39;0.00:00:42:889;0.17;-0.45;0.88;6.299E-06;9.644E-07;-2.655E-06;5.117E-06;-35.02;30.55;92.79;81.23;44.84;6.299E-06;5.844E-06;4.542E-07;-52.008;-52.333;-63.427;0.58;117.42;
2026-01-16 12:01:44.44;0.00:00:42:935;0.22;-0.58;0.79;6.577E-06;1.398E-06;-3.602E-06;4.908E-06;-34.40;25.89;94.97;74.62;58.75;6.577E-06;6.246E-06;3.305E-07;-51.820;-52.044;-64.809;0.61;126.28;
2026-01-16 12:01:44.49;0.00:00:42:983;0.16;-0.50;0.85;6.187E-06;8.821E-07;-2.726E-06;4.61E-06;-36.03;29.07;87.73;74.51;46.30;6.187E-06;5.427E-06;7.594E-07;-52.085;-52.654;-61.196;0.58;120.59;
2026-01-16 12:01:44.54;0.00:00:43:040;0.18;-0.61;0.77;6.09E-06;1.15E-06;-3.904E-06;4.913E-06;-36.79;25.18;104.75;80.67;66.82;6.09E-06;6.38E-06;-2.895E-07;-52.154;-51.952;-99.990;0.59;128.47;
2026-01-16 12:01:44.59;0.00:00:43:090;0.15;-0.47;0.87;6.252E-06;8.684E-07;-2.667E-06;4.938E-06;-35.98;30.20;90.84;78.98;44.87;6.252E-06;5.679E-06;5.73E-07;-52.040;-52.457;-62.419;0.58;118.38;
2026-01-16 12:01:44.64;0.00:00:43:138;0.21;-0.48;0.85;6.088E-06;1.3E-06;-2.91E-06;5.151E-06;-32.96;29.13;99.49;84.61;52.35;6.088E-06;6.057E-06;3.079E-08;-52.155;-52.177;-75.116;0.61;119.46;
2026-01-16 12:01:44.69;0.00:00:43:185;0.22;-0.52;0.83;6.79E-06;1.373E-06;-3.251E-06;5.189E-06;-33.55;27.89;92.42;76.42;51.98;6.79E-06;6.275E-06;5.144E-07;-51.681;-52.024;-62.887;0.61;122.07;
2026-01-16 12:01:44.74;0.00:00:43:231;0.17;-0.63;0.76;6.102E-06;1.087E-06;-4.106E-06;4.999E-06;-37.59;24.82;107.51;81.93;69.61;6.102E-06;6.56E-06;-4.582E-07;-52.145;-51.831;-99.990;0.58;129.40;
2026-01-16 12:01:44.78;0.00:00:43:279;0.14;-0.52;0.84;6.163E-06;7.708E-07;-2.853E-06;4.649E-06;-37.44;28.78;89.38;75.43;47.95;6.163E-06;5.509E-06;6.546E-07;-52.102;-52.589;-61.841;0.57;121.54;
2026-01-16 12:01:44.83;0.00:00:43:327;0.25;-0.48;0.84;6.629E-06;1.489E-06;-2.846E-06;5.044E-06;-31.19;28.76;90.21;76.09;48.45;6.629E-06;5.98E-06;6.492E-07;-51.785;-52.233;-61.876;0.62;119.43;
2026-01-16 12:01:44.88;0.00:00:43:374;0.10;-0.62;0.78;6.087E-06;5.329E-07;-3.443E-06;4.283E-06;-40.60;25.44;90.70;70.37;57.23;6.087E-06;5.521E-06;5.66E-07;-52.156;-52.580;-62.472;0.55;128.79;
2026-01-16 12:01:44.92;0.00:00:43:420;0.25;-0.56;0.79;6.495E-06;1.508E-06;-3.401E-06;4.859E-06;-33.05;26.28;94.21;74.80;57.28;6.495E-06;6.12E-06;3.758E-07;-51.874;-52.133;-64.251;0.62;124.99;
2026-01-16 12:01:44.97;0.00:00:43:467;0.20;-0.50;0.84;6.55E-06;1.178E-06;-2.948E-06;4.941E-06;-34.11;28.64;89.67;75.45;48.47;6.55E-06;5.873E-06;6.764E-07;-51.838;-52.311;-61.698;0.60;120.82;
2026-01-16 12:01:45.02;0.00:00:43:514;0.19;-0.57;0.80;6.2E-06;1.14E-06;-3.381E-06;4.736E-06;-35.68;26.50;95.63;76.39;57.54;6.2E-06;5.93E-06;2.708E-07;-52.076;-52.270;-65.674;0.60;125.52;
2026-01-16 12:01:45.06;0.00:00:43:561;0.26;-0.57;0.78;7.036E-06;1.6E-06;-3.466E-06;4.76E-06;-32.61;25.64;86.73;67.66;54.26;7.036E-06;6.102E-06;9.336E-07;-51.527;-52.145;-60.298;0.63;126.06;
2026-01-16 12:01:45.11;0.00:00:43:607;0.15;-0.53;0.84;6.319E-06;8.578E-07;-3.033E-06;4.79E-06;-37.10;28.33;90.75;75.81;49.89;6.319E-06;5.734E-06;5.846E-07;-51.994;-52.415;-62.331;0.57;122.34;
2026-01-16 12:01:45.16;0.00:00:43:654;0.29;-0.42;0.86;6.786E-06;1.788E-06;-2.648E-06;5.376E-06;-27.99;29.64;92.17;79.23;47.09;6.786E-06;6.254E-06;5.314E-07;-51.684;-52.038;-62.746;0.64;116.22;
2026-01-16 12:01:45.21;0.00:00:43:702;0.17;-0.59;0.79;6.318E-06;1.087E-06;-3.787E-06;5.094E-06;-36.99;26.14;101.93;80.62;62.37;6.318E-06;6.44E-06;-1.22E-07;-51.994;-51.911;-99.990;0.58;126.63;
2026-01-16 12:01:45.25;0.00:00:43:751;0.10;-0.51;0.86;6.128E-06;5.29E-07;-2.777E-06;4.688E-06;-39.61;29.45;89.34;76.51;46.14;6.128E-06;5.474E-06;6.531E-07;-52.127;-52.617;-61.850;0.55;120.64;
2026-01-16 12:01:45.31;0.00:00:43:808;0.21;-0.50;0.84;6.612E-06;1.246E-06;-2.946E-06;4.996E-06;-33.54;28.69;89.71;75.55;48.37;6.612E-06;5.932E-06;6.804E-07;-51.796;-52.268;-61.672;0.61;120.53;
2026-01-16 12:01:45.37;0.00:00:43:871;0.16;-0.62;0.77;6.38E-06;9.019E-07;-3.545E-06;4.436E-06;-37.86;25.25;90.12;69.54;57.33;6.38E-06;5.75E-06;6.303E-07;-51.952;-52.404;-62.005;0.58;128.63;
2026-01-16 12:01:45.42;0.00:00:43:918;0.16;-0.40;0.90;6.273E-06;9.36E-07;-2.296E-06;5.184E-06;-33.91;32.22;91.61;82.64;39.53;6.273E-06;5.746E-06;5.264E-07;-52.025;-52.406;-62.786;0.58;113.89;
2026-01-16 12:01:45.47;0.00:00:43:964;0.30;-0.33;0.89;7.161E-06;1.694E-06;-1.826E-06;4.968E-06;-23.58;31.69;77.60;69.37;34.78;7.161E-06;5.557E-06;1.604E-06;-51.450;-52.551;-57.948;0.65;110.19;
2026-01-16 12:01:45.52;0.00:00:44:012;0.22;-0.53;0.82;6.133E-06;1.372E-06;-3.233E-06;5.049E-06;-33.50;27.59;100.29;82.33;57.27;6.133E-06;6.15E-06;-1.761E-08;-52.123;-52.111;-99.990;0.61;122.63;
2026-01-16 12:01:45.56;0.00:00:44:059;0.23;-0.56;0.80;6.232E-06;1.475E-06;-3.638E-06;5.18E-06;-33.97;26.42;104.29;83.12;62.99;6.232E-06;6.499E-06;-2.673E-07;-52.054;-51.871;-99.990;0.61;125.08;
2026-01-16 12:01:45.61;0.00:00:44:106;0.16;-0.60;0.78;5.995E-06;9.163E-07;-3.543E-06;4.61E-06;-37.75;25.78;98.19;76.90;61.05;5.995E-06;5.886E-06;1.088E-07;-52.222;-52.301;-69.635;0.58;127.55;
2026-01-16 12:01:45.66;0.00:00:44:153;0.24;-0.49;0.84;6.777E-06;1.392E-06;-2.827E-06;4.822E-06;-31.89;28.42;85.00;71.16;46.50;6.777E-06;5.76E-06;1.016E-06;-51.690;-52.396;-59.930;0.62;120.38;
2026-01-16 12:01:45.70;0.00:00:44:200;0.27;-0.48;0.84;6.362E-06;1.761E-06;-3.182E-06;5.522E-06;-30.52;28.32;103.93;86.80;57.16;6.362E-06;6.612E-06;-2.5E-07;-51.964;-51.797;-99.990;0.63;119.95;
2026-01-16 12:01:45.75;0.00:00:44:247;0.25;-0.53;0.81;6.465E-06;1.591E-06;-3.409E-06;5.192E-06;-32.49;27.04;99.17;80.30;58.19;6.465E-06;6.411E-06;5.393E-08;-51.894;-51.930;-72.682;0.62;123.29;
2026-01-16 12:01:45.81;0.00:00:44:308;0.23;-0.48;0.85;6.786E-06;1.372E-06;-2.847E-06;5.012E-06;-32.13;28.88;87.32;73.86;46.57;6.786E-06;5.925E-06;8.607E-07;-51.684;-52.273;-60.652;0.62;119.60;
2026-01-16 12:01:45.88;0.00:00:44:377;0.12;-0.60;0.79;5.882E-06;7.46E-07;-3.601E-06;4.716E-06;-39.15;26.03;101.67;80.17;62.52;5.882E-06;5.981E-06;-9.83E-08;-52.305;-52.233;-99.990;0.56;127.37;
2026-01-16 12:01:45.94;0.00:00:44:433;0.14;-0.55;0.83;6.202E-06;7.72E-07;-3.087E-06;4.652E-06;-37.98;27.82;90.88;75.02;51.30;6.202E-06;5.636E-06;5.655E-07;-52.075;-52.490;-62.476;0.57;123.56;
2026-01-16 12:01:45.99;0.00:00:44:483;0.17;-0.59;0.79;6.33E-06;1.031E-06;-3.582E-06;4.785E-06;-36.97;26.04;95.83;75.60;58.89;6.33E-06;6.066E-06;2.641E-07;-51.986;-52.171;-65.782;0.58;126.82;
2026-01-16 12:01:46.03;0.00:00:44:530;0.15;-0.46;0.88;6.241E-06;8.445E-07;-2.617E-06;5.003E-06;-36.06;30.60;91.47;80.17;44.06;6.241E-06;5.709E-06;5.321E-07;-52.047;-52.434;-62.740;0.57;117.61;
2026-01-16 12:01:46.10;0.00:00:44:592;0.24;-0.54;0.80;6.75E-06;1.51E-06;-3.397E-06;5.014E-06;-33.02;26.72;92.47;74.28;55.08;6.75E-06;6.242E-06;5.083E-07;-51.707;-52.047;-62.938;0.62;124.12;
2026-01-16 12:01:46.16;0.00:00:44:655;0.08;-0.66;0.75;6.173E-06;4.649E-07;-3.922E-06;4.431E-06;-41.62;24.15;96.15;71.78;63.98;6.173E-06;5.935E-06;2.374E-07;-52.095;-52.266;-66.245;0.54;131.51;
2026-01-16 12:01:46.21;0.00:00:44:702;0.18;-0.58;0.80;6.343E-06;1.038E-06;-3.318E-06;4.563E-06;-36.32;26.35;90.44;71.94;54.81;6.343E-06;5.736E-06;6.066E-07;-51.977;-52.414;-62.171;0.59;126.02;
2026-01-16 12:01:46.27;0.00:00:44:764;0.29;-0.45;0.85;6.978E-06;1.699E-06;-2.67E-06;5.008E-06;-28.76;28.85;84.90;71.76;45.36;6.978E-06;5.925E-06;1.054E-06;-51.562;-52.273;-59.772;0.64;118.07;
2026-01-16 12:01:46.31;0.00:00:44:810;0.14;-0.54;0.83;6.184E-06;8.503E-07;-3.319E-06;5.048E-06;-37.82;27.92;98.66;81.64;55.41;6.184E-06;6.101E-06;8.268E-08;-52.088;-52.146;-70.826;0.57;123.32;
2026-01-16 12:01:46.36;0.00:00:44:856;0.19;-0.54;0.82;6.704E-06;1.123E-06;-3.117E-06;4.748E-06;-35.10;27.55;86.37;70.83;49.42;6.704E-06;5.79E-06;9.139E-07;-51.737;-52.373;-60.391;0.60;123.29;
2026-01-16 12:01:46.41;0.00:00:44:904;0.22;-0.52;0.83;6.641E-06;1.382E-06;-3.243E-06;5.164E-06;-33.46;27.84;94.15;77.76;53.08;6.641E-06;6.253E-06;3.888E-07;-51.777;-52.039;-64.102;0.61;122.13;
2026-01-16 12:01:46.46;0.00:00:44:955;0.20;-0.52;0.83;6.32E-06;1.188E-06;-3.057E-06;4.945E-06;-34.38;28.22;93.89;78.24;51.90;6.32E-06;5.934E-06;3.864E-07;-51.993;-52.267;-64.130;0.60;121.73;
2026-01-16 12:01:46.52;0.00:00:45:013;0.23;-0.49;0.84;6.521E-06;1.394E-06;-2.985E-06;5.117E-06;-32.48;28.61;93.33;78.47;50.53;6.521E-06;6.086E-06;4.347E-07;-51.857;-52.157;-63.618;0.61;120.26;
2026-01-16 12:01:46.56;0.00:00:45:060;0.19;-0.50;0.84;6.435E-06;1.1E-06;-2.912E-06;4.915E-06;-34.65;28.83;90.40;76.38;48.37;6.435E-06;5.818E-06;6.176E-07;-51.914;-52.353;-62.093;0.59;120.64;
2026-01-16 12:01:46.61;0.00:00:45:107;0.21;-0.52;0.83;6.482E-06;1.262E-06;-3.114E-06;4.96E-06;-33.97;27.94;92.43;76.52;51.84;6.482E-06;5.991E-06;4.908E-07;-51.883;-52.225;-63.091;0.61;122.12;
2026-01-16 12:01:46.66;0.00:00:45:153;0.19;-0.60;0.77;6.349E-06;1.156E-06;-3.628E-06;4.653E-06;-36.16;25.35;94.71;73.29;59.98;6.349E-06;6.013E-06;3.359E-07;-51.973;-52.209;-64.738;0.60;127.94;
2026-01-16 12:01:46.72;0.00:00:45:214;0.17;-0.40;0.90;6.351E-06;9.48E-07;-2.223E-06;5.042E-06;-33.45;32.19;88.03;79.38;38.05;6.351E-06;5.591E-06;7.603E-07;-51.971;-52.525;-61.190;0.58;113.80;
2026-01-16 12:01:46.77;0.00:00:45:262;0.10;-0.56;0.83;6.111E-06;5.445E-07;-3.188E-06;4.73E-06;-40.15;27.82;93.76;77.40;52.92;6.111E-06;5.73E-06;3.811E-07;-52.139;-52.418;-64.189;0.55;123.98;
2026-01-16 12:01:46.81;0.00:00:45:310;0.16;-0.51;0.85;6.139E-06;9.547E-07;-2.949E-06;4.929E-06;-36.03;28.92;94.84;80.29;50.49;6.139E-06;5.823E-06;3.165E-07;-52.119;-52.349;-64.996;0.58;120.89;
2026-01-16 12:01:46.88;0.00:00:45:372;0.11;-0.52;0.85;6.071E-06;6.731E-07;-3.075E-06;5.041E-06;-38.83;29.01;97.88;83.02;51.85;6.071E-06;5.943E-06;1.287E-07;-52.167;-52.260;-68.905;0.56;121.39;
2026-01-16 12:01:46.95;0.00:00:45:449;0.28;-0.48;0.83;7.041E-06;1.654E-06;-2.85E-06;4.878E-06;-29.93;27.98;83.62;69.29;46.81;7.041E-06;5.887E-06;1.153E-06;-51.524;-52.301;-59.380;0.64;120.29;
2026-01-16 12:01:47.02;0.00:00:45:514;0.14;-0.41;0.90;6.285E-06;7.925E-07;-2.274E-06;5.06E-06;-35.39;32.28;89.15;80.50;38.31;6.285E-06;5.604E-06;6.817E-07;-52.017;-52.515;-61.664;0.57;114.20;
2026-01-16 12:01:47.07;0.00:00:45:564;0.22;-0.45;0.87;6.582E-06;1.278E-06;-2.663E-06;5.149E-06;-32.18;30.08;90.19;78.23;44.88;6.582E-06;5.937E-06;6.46E-07;-51.816;-52.265;-61.898;0.61;117.35;
2026-01-16 12:01:47.13;0.00:00:45:621;0.20;-0.47;0.86;6.64E-06;1.161E-06;-2.655E-06;4.912E-06;-33.19;29.73;85.88;73.97;43.64;6.64E-06;5.703E-06;9.375E-07;-51.778;-52.439;-60.280;0.60;118.39;
2026-01-16 12:01:47.20;0.00:00:45:698;0.24;-0.53;0.81;6.663E-06;1.418E-06;-3.069E-06;4.701E-06;-32.60;27.14;86.90;70.55;50.74;6.663E-06;5.791E-06;8.728E-07;-51.763;-52.373;-60.591;0.62;123.14;
2026-01-16 12:01:47.26;0.00:00:45:752;0.05;-0.62;0.79;5.799E-06;3.002E-07;-3.613E-06;4.619E-06;-42.63;25.93;101.25;79.64;62.52;5.799E-06;5.872E-06;-7.226E-08;-52.366;-52.312;-99.990;0.53;128.04;
2026-01-16 12:01:47.31;0.00:00:45:807;0.26;-0.55;0.80;6.344E-06;1.632E-06;-3.435E-06;5.01E-06;-32.29;26.40;99.14;78.97;59.95;6.344E-06;6.29E-06;5.429E-08;-51.976;-52.013;-72.653;0.63;124.44;
2026-01-16 12:01:47.36;0.00:00:45:859;0.20;-0.61;0.77;6.371E-06;1.205E-06;-3.781E-06;4.735E-06;-36.16;25.02;96.97;74.33;62.28;6.371E-06;6.178E-06;1.929E-07;-51.958;-52.091;-67.146;0.60;128.61;
2026-01-16 12:01:47.42;0.00:00:45:917;0.03;-0.56;0.83;5.727E-06;1.768E-07;-3.244E-06;4.804E-06;-43.44;27.97;101.26;83.88;56.73;5.727E-06;5.799E-06;-7.215E-08;-52.421;-52.366;-99.990;0.52;124.03;
2026-01-16 12:01:47.47;0.00:00:45:964;0.27;-0.52;0.81;7.192E-06;1.64E-06;-3.132E-06;4.829E-06;-31.18;26.90;83.21;67.14;49.16;7.192E-06;5.984E-06;1.207E-06;-51.432;-52.230;-59.182;0.64;122.97;
2026-01-16 12:01:47.51;0.00:00:46:010;0.14;-0.49;0.86;5.827E-06;8.323E-07;-2.916E-06;5.122E-06;-37.04;29.68;102.14;87.89;52.04;5.827E-06;5.952E-06;-1.249E-07;-52.345;-52.253;-99.990;0.57;119.66;
2026-01-16 12:01:47.58;0.00:00:46:074;0.23;-0.48;0.85;6.449E-06;1.374E-06;-2.876E-06;5.052E-06;-32.23;28.88;92.64;78.35;49.43;6.449E-06;5.974E-06;4.749E-07;-51.905;-52.237;-63.234;0.62;119.65;
2026-01-16 12:01:47.64;0.00:00:46:135;0.17;-0.56;0.81;6.441E-06;9.707E-07;-3.269E-06;4.789E-06;-36.73;27.27;91.27;74.35;52.94;6.441E-06;5.879E-06;5.621E-07;-51.910;-52.307;-62.502;0.58;124.31;
2026-01-16 12:01:47.69;0.00:00:46:182;0.11;-0.55;0.83;5.78E-06;6.78E-07;-3.3E-06;4.973E-06;-39.20;27.94;103.93;86.04;58.28;5.78E-06;6.007E-06;-2.27E-07;-52.381;-52.213;-99.990;0.56;123.56;
2026-01-16 12:01:47.73;0.00:00:46:228;0.24;-0.40;0.88;6.797E-06;1.424E-06;-2.327E-06;5.172E-06;-29.27;31.10;86.03;76.09;40.13;6.797E-06;5.848E-06;9.497E-07;-51.677;-52.330;-60.224;0.62;114.22;
2026-01-16 12:01:47.80;0.00:00:46:292;0.29;-0.39;0.87;6.591E-06;1.722E-06;-2.318E-06;5.187E-06;-26.70;30.45;90.08;78.71;43.81;6.591E-06;5.937E-06;6.54E-07;-51.811;-52.264;-61.844;0.64;114.08;
2026-01-16 12:01:47.84;0.00:00:46:339;0.23;-0.49;0.84;6.676E-06;1.353E-06;-2.907E-06;4.956E-06;-32.52;28.55;88.41;74.23;48.03;6.676E-06;5.902E-06;7.736E-07;-51.755;-52.290;-61.115;0.61;120.39;
2026-01-16 12:01:47.91;0.00:00:46:402;0.24;-0.45;0.86;6.602E-06;1.369E-06;-2.562E-06;4.915E-06;-30.94;29.71;86.48;74.45;44.01;6.602E-06;5.709E-06;8.923E-07;-51.803;-52.434;-60.495;0.62;117.54;
2026-01-16 12:01:47.95;0.00:00:46:450;0.13;-0.62;0.77;6.013E-06;7.337E-07;-3.657E-06;4.525E-06;-39.33;25.25;97.53;75.26;62.03;6.013E-06;5.864E-06;1.485E-07;-52.209;-52.318;-68.282;0.56;128.94;
2026-01-16 12:01:48.00;0.00:00:46:498;0.20;-0.60;0.78;6.386E-06;1.244E-06;-3.667E-06;4.764E-06;-35.63;25.45;96.14;74.60;60.64;6.386E-06;6.14E-06;2.467E-07;-51.947;-52.119;-66.078;0.60;127.59;
2026-01-16 12:01:48.05;0.00:00:46:544;0.19;-0.57;0.80;6.361E-06;1.226E-06;-3.618E-06;5.017E-06;-35.64;26.36;99.13;78.87;60.06;6.361E-06;6.306E-06;5.505E-08;-51.965;-52.002;-72.592;0.60;125.80;
2026-01-16 12:01:48.10;0.00:00:46:596;0.34;-0.42;0.84;7.029E-06;2.241E-06;-2.782E-06;5.519E-06;-25.58;28.54;93.52;78.51;50.82;7.029E-06;6.574E-06;4.555E-07;-51.531;-51.822;-63.415;0.67;116.75;
2026-01-16 12:01:48.16;0.00:00:46:655;0.27;-0.60;0.76;6.663E-06;1.811E-06;-4.029E-06;5.11E-06;-32.90;24.58;101.38;76.70;66.30;6.663E-06;6.754E-06;-9.187E-08;-51.764;-51.704;-99.990;0.63;128.25;
2026-01-16 12:01:48.21;0.00:00:46:702;0.16;-0.59;0.79;5.851E-06;9.785E-07;-3.528E-06;4.684E-06;-37.25;25.99;101.61;80.05;62.58;5.851E-06;5.945E-06;-9.406E-08;-52.328;-52.258;-99.990;0.58;126.99;
2026-01-16 12:01:48.26;0.00:00:46:754;0.33;-0.35;0.88;7.132E-06;2.018E-06;-2.128E-06;5.344E-06;-23.26;30.62;85.48;74.93;41.13;7.132E-06;6.096E-06;1.036E-06;-51.468;-52.150;-59.848;0.67;111.72;
2026-01-16 12:01:48.32;0.00:00:46:812;0.25;-0.59;0.77;6.495E-06;1.643E-06;-3.87E-06;5.107E-06;-33.50;25.27;101.84;78.63;64.73;6.495E-06;6.615E-06;-1.197E-07;-51.874;-51.795;-99.990;0.62;127.15;
2026-01-16 12:01:48.38;0.00:00:46:873;0.06;-0.58;0.82;5.888E-06;3.344E-07;-3.289E-06;4.65E-06;-42.10;27.29;96.90;78.97;56.15;5.888E-06;5.705E-06;1.826E-07;-52.300;-52.437;-67.384;0.53;125.27;
2026-01-16 12:01:48.42;0.00:00:46:921;0.20;-0.47;0.86;6.557E-06;1.214E-06;-2.876E-06;5.211E-06;-33.56;29.54;92.63;79.46;47.60;6.557E-06;6.074E-06;4.833E-07;-51.833;-52.165;-63.158;0.60;118.89;
2026-01-16 12:01:48.47;0.00:00:46:968;0.14;-0.51;0.85;6.082E-06;8.063E-07;-3.003E-06;4.945E-06;-37.48;28.92;96.04;81.30;51.12;6.082E-06;5.841E-06;2.409E-07;-52.160;-52.335;-66.181;0.57;121.27;
2026-01-16 12:01:48.52;0.00:00:47:014;0.24;-0.53;0.81;6.482E-06;1.469E-06;-3.318E-06;5.038E-06;-33.06;27.12;95.79;77.73;55.99;6.482E-06;6.209E-06;2.726E-07;-51.883;-52.070;-65.645;0.62;123.37;
2026-01-16 12:01:48.57;0.00:00:47:065;0.12;-0.60;0.79;6.258E-06;6.418E-07;-3.361E-06;4.377E-06;-39.59;25.99;88.77;69.94;54.67;6.258E-06;5.556E-06;7.027E-07;-52.035;-52.553;-61.532;0.56;127.52;
2026-01-16 12:01:48.63;0.00:00:47:124;0.27;-0.41;0.87;6.698E-06;1.608E-06;-2.439E-06;5.161E-06;-28.31;30.24;88.54;77.05;43.61;6.698E-06;5.931E-06;7.678E-07;-51.740;-52.269;-61.147;0.64;115.30;
2026-01-16 12:01:48.67;0.00:00:47:170;0.25;-0.60;0.76;6.54E-06;1.499E-06;-3.593E-06;4.529E-06;-33.67;24.66;91.32;69.25;59.53;6.54E-06;5.972E-06;5.679E-07;-51.844;-52.239;-62.458;0.63;128.42;
2026-01-16 12:01:48.72;0.00:00:47:219;0.12;-0.52;0.85;5.82E-06;6.56E-07;-2.956E-06;4.815E-06;-38.74;28.92;97.74;82.74;52.03;5.82E-06;5.688E-06;1.313E-07;-52.351;-52.450;-68.817;0.56;121.55;
2026-01-16 12:01:48.78;0.00:00:47:278;0.22;-0.53;0.82;6.519E-06;1.336E-06;-3.273E-06;5.012E-06;-33.90;27.40;94.08;76.88;54.23;6.519E-06;6.133E-06;3.859E-07;-51.858;-52.123;-64.135;0.61;123.14;
2026-01-16 12:01:48.83;0.00:00:47:325;0.18;-0.59;0.79;5.974E-06;1.088E-06;-3.62E-06;4.886E-06;-36.64;26.14;103.40;81.79;63.27;5.974E-06;6.177E-06;-2.031E-07;-52.237;-52.092;-99.990;0.59;126.53;
2026-01-16 12:01:48.88;0.00:00:47:372;0.10;-0.56;0.82;5.783E-06;5.942E-07;-3.151E-06;4.668E-06;-39.66;27.76;97.93;80.72;55.44;5.783E-06;5.663E-06;1.197E-07;-52.379;-52.469;-69.220;0.55;124.02;
2026-01-16 12:01:48.92;0.00:00:47:420;0.22;-0.44;0.87;6.626E-06;1.268E-06;-2.586E-06;5.077E-06;-31.94;30.22;88.09;76.62;43.46;6.626E-06;5.837E-06;7.893E-07;-51.787;-52.338;-61.028;0.61;116.99;
2026-01-16 12:01:48.97;0.00:00:47:466;0.25;-0.49;0.83;6.493E-06;1.597E-06;-3.067E-06;5.246E-06;-31.25;28.30;96.75;80.78;53.25;6.493E-06;6.283E-06;2.107E-07;-51.875;-52.018;-66.763;0.63;120.31;
2026-01-16 12:01:49.02;0.00:00:47:520;0.22;-0.52;0.83;6.508E-06;1.319E-06;-3.161E-06;5.049E-06;-33.67;27.92;93.75;77.58;52.63;6.508E-06;6.101E-06;4.067E-07;-51.866;-52.146;-63.907;0.61;122.05;
2026-01-16 12:01:49.08;0.00:00:47:575;0.13;-0.59;0.80;6.108E-06;8.085E-07;-3.647E-06;4.899E-06;-38.75;26.34;100.86;80.21;61.15;6.108E-06;6.161E-06;-5.257E-08;-52.141;-52.104;-99.990;0.57;126.66;
2026-01-16 12:01:49.13;0.00:00:47:624;0.29;-0.43;0.86;6.894E-06;1.82E-06;-2.686E-06;5.415E-06;-27.94;29.53;91.57;78.55;47.07;6.894E-06;6.313E-06;5.811E-07;-51.615;-51.998;-62.357;0.64;116.38;
2026-01-16 12:01:49.19;0.00:00:47:684;0.09;-0.53;0.84;6.27E-06;4.935E-07;-3.014E-06;4.809E-06;-40.35;28.79;90.86;76.70;48.71;6.27E-06;5.697E-06;5.732E-07;-52.027;-52.444;-62.417;0.54;122.08;
2026-01-16 12:01:49.24;0.00:00:47:732;0.14;-0.50;0.86;6.351E-06;7.506E-07;-2.68E-06;4.608E-06;-37.18;29.44;84.76;72.55;43.82;6.351E-06;5.383E-06;9.679E-07;-51.972;-52.690;-60.142;0.57;120.18;
2026-01-16 12:01:49.28;0.00:00:47:777;0.38;-0.40;0.83;7.402E-06;2.576E-06;-2.769E-06;5.717E-06;-23.54;28.26;92.61;77.24;51.10;7.402E-06;6.855E-06;5.467E-07;-51.307;-51.640;-62.622;0.69;115.85;
2026-01-16 12:01:49.33;0.00:00:47:826;0.30;-0.55;0.78;6.351E-06;1.97E-06;-3.586E-06;5.11E-06;-30.61;25.66;103.07;80.45;64.42;6.351E-06;6.546E-06;-1.948E-07;-51.972;-51.840;-99.990;0.65;125.06;
2026-01-16 12:01:49.38;0.00:00:47:872;0.15;-0.46;0.88;6.105E-06;8.646E-07;-2.661E-06;5.081E-06;-36.00;30.58;95.01;83.23;45.84;6.105E-06;5.8E-06;3.045E-07;-52.143;-52.366;-65.164;0.57;117.64;
2026-01-16 12:01:49.42;0.00:00:47:920;0.24;-0.50;0.83;6.411E-06;1.532E-06;-3.251E-06;5.382E-06;-32.38;28.13;100.96;83.96;56.07;6.411E-06;6.472E-06;-6.146E-08;-51.931;-51.890;-99.990;0.62;121.14;
2026-01-16 12:01:49.47;0.00:00:47:966;0.16;-0.55;0.82;6.138E-06;9.724E-07;-3.409E-06;5.025E-06;-37.04;27.40;100.19;81.87;57.75;6.138E-06;6.15E-06;-1.166E-08;-52.120;-52.111;-99.990;0.58;124.15;
2026-01-16 12:01:49.52;0.00:00:48:013;0.13;-0.60;0.79;5.963E-06;8.111E-07;-3.699E-06;4.838E-06;-38.82;25.97;103.03;81.13;63.51;5.963E-06;6.143E-06;-1.806E-07;-52.246;-52.116;-99.990;0.57;127.40;
2026-01-16 12:01:49.56;0.00:00:48:060;0.14;-0.49;0.86;6.23E-06;7.711E-07;-2.66E-06;4.634E-06;-36.92;29.57;86.65;74.38;44.46;6.23E-06;5.398E-06;8.315E-07;-52.055;-52.678;-60.801;0.57;119.86;
2026-01-16 12:01:49.61;0.00:00:48:106;0.21;-0.52;0.83;6.433E-06;1.226E-06;-3.088E-06;4.926E-06;-34.17;28.00;92.36;76.57;51.65;6.433E-06;5.942E-06;4.913E-07;-51.916;-52.261;-63.087;0.60;122.09;
2026-01-16 12:01:49.67;0.00:00:48:163;0.13;-0.55;0.83;6.006E-06;7.484E-07;-3.266E-06;4.913E-06;-38.55;27.85;99.02;81.81;55.78;6.006E-06;5.947E-06;5.913E-08;-52.214;-52.257;-72.282;0.56;123.61;
2026-01-16 12:01:49.73;0.00:00:48:224;0.26;-0.58;0.78;6.388E-06;1.738E-06;-3.892E-06;5.238E-06;-32.97;25.43;105.71;82.00;66.71;6.388E-06;6.753E-06;-3.647E-07;-51.946;-51.705;-99.990;0.63;126.61;
2026-01-16 12:01:49.78;0.00:00:48:278;0.11;-0.61;0.79;6.066E-06;6.56E-07;-3.531E-06;4.568E-06;-39.74;25.91;95.78;75.30;59.20;6.066E-06;5.811E-06;2.559E-07;-52.171;-52.358;-65.920;0.56;127.71;
2026-01-16 12:01:49.83;0.00:00:48:326;0.30;-0.33;0.90;6.79E-06;1.804E-06;-2.02E-06;5.446E-06;-24.11;31.78;89.57;80.20;39.89;6.79E-06;6.082E-06;7.08E-07;-51.681;-52.160;-61.500;0.65;110.35;
2026-01-16 12:01:49.88;0.00:00:48:379;0.24;-0.51;0.82;6.248E-06;1.459E-06;-3.183E-06;5.11E-06;-32.68;27.79;99.14;81.78;56.04;6.248E-06;6.195E-06;5.365E-08;-52.042;-52.080;-72.704;0.62;121.92;
2026-01-16 12:01:49.95;0.00:00:48:449;0.13;-0.68;0.72;6.189E-06;8.43E-07;-4.493E-06;4.753E-06;-39.69;23.06;106.57;76.81;73.87;6.189E-06;6.595E-06;-4.063E-07;-52.084;-51.808;-99.990;0.56;133.39;
2026-01-16 12:01:50.00;0.00:00:48:497;0.22;-0.52;0.83;6.478E-06;1.258E-06;-3.005E-06;4.806E-06;-33.64;27.93;89.62;74.18;50.28;6.478E-06;5.806E-06;6.725E-07;-51.885;-52.361;-61.723;0.61;122.01;
2026-01-16 12:01:50.06;0.00:00:48:561;0.26;-0.60;0.76;6.758E-06;1.685E-06;-3.857E-06;4.876E-06;-33.20;24.60;95.31;72.15;62.28;6.758E-06;6.441E-06;3.168E-07;-51.702;-51.910;-64.992;0.63;128.34;
2026-01-16 12:01:50.12;0.00:00:48:621;0.07;-0.55;0.83;5.825E-06;4.353E-07;-3.218E-06;4.844E-06;-41.15;28.08;100.11;83.15;55.75;5.825E-06;5.832E-06;-6.385E-09;-52.347;-52.342;-99.990;0.54;123.60;
2026-01-16 12:01:50.19;0.00:00:48:683;0.30;-0.56;0.78;6.675E-06;1.742E-06;-3.266E-06;4.56E-06;-30.96;25.46;88.00;68.32;55.46;6.675E-06;5.874E-06;8.012E-07;-51.756;-52.311;-60.962;0.65;125.61;
2026-01-16 12:01:50.23;0.00:00:48:730;0.18;-0.49;0.85;6.447E-06;1.119E-06;-2.953E-06;5.171E-06;-34.62;29.29;93.98;80.21;48.98;6.447E-06;6.059E-06;3.882E-07;-51.906;-52.176;-64.109;0.59;119.73;
2026-01-16 12:01:50.30;0.00:00:48:794;0.12;-0.51;0.85;6.535E-06;6.854E-07;-2.863E-06;4.723E-06;-38.27;29.03;85.17;72.28;45.06;6.535E-06;5.566E-06;9.69E-07;-51.848;-52.545;-60.137;0.56;121.23;
2026-01-16 12:01:50.34;0.00:00:48:841;0.21;-0.55;0.81;6.479E-06;1.234E-06;-3.187E-06;4.711E-06;-34.42;27.02;89.82;72.71;52.74;6.479E-06;5.82E-06;6.594E-07;-51.885;-52.351;-61.808;0.61;124.08;
2026-01-16 12:01:50.41;0.00:00:48:903;0.29;-0.50;0.82;6.952E-06;1.692E-06;-2.875E-06;4.719E-06;-29.76;27.37;83.13;67.88;47.98;6.952E-06;5.779E-06;1.173E-06;-51.579;-52.381;-59.307;0.65;121.35;
2026-01-16 12:01:50.47;0.00:00:48:970;0.20;-0.52;0.83;6.653E-06;1.155E-06;-2.956E-06;4.699E-06;-34.33;27.98;85.22;70.62;47.70;6.653E-06;5.67E-06;9.832E-07;-51.770;-52.464;-60.073;0.60;122.17;
2026-01-16 12:01:50.52;0.00:00:49:015;0.10;-0.57;0.81;6.255E-06;5.928E-07;-3.304E-06;4.711E-06;-39.91;27.26;92.49;75.32;53.68;6.255E-06;5.785E-06;4.698E-07;-52.038;-52.377;-63.281;0.55;125.05;
2026-01-16 12:01:50.58;0.00:00:49:077;0.24;-0.43;0.87;7.008E-06;1.368E-06;-2.416E-06;4.876E-06;-30.24;30.17;80.06;69.57;39.62;7.008E-06;5.611E-06;1.397E-06;-51.544;-52.510;-58.547;0.62;116.36;
2026-01-16 12:01:50.64;0.00:00:49:138;0.25;-0.55;0.80;6.549E-06;1.622E-06;-3.614E-06;5.196E-06;-32.91;26.34;99.77;79.34;60.49;6.549E-06;6.534E-06;1.529E-08;-51.838;-51.848;-78.155;0.62;124.82;
2026-01-16 12:01:50.71;0.00:00:49:201;0.17;-0.54;0.82;6.017E-06;1.112E-06;-3.553E-06;5.355E-06;-36.31;27.59;108.40;89.00;61.88;6.017E-06;6.522E-06;-5.055E-07;-52.206;-51.856;-99.990;0.59;123.57;
2026-01-16 12:01:50.75;0.00:00:49:249;0.15;-0.70;0.70;6.187E-06;9.488E-07;-4.272E-06;4.298E-06;-38.74;22.24;99.15;69.47;70.74;6.187E-06;6.134E-06;5.266E-08;-52.085;-52.122;-72.785;0.58;134.83;
2026-01-16 12:01:50.81;0.00:00:49:310;0.24;-0.52;0.82;6.435E-06;1.566E-06;-3.324E-06;5.254E-06;-32.38;27.52;99.63;81.64;57.10;6.435E-06;6.412E-06;2.375E-08;-51.914;-51.930;-76.243;0.62;122.32;
2026-01-16 12:01:50.86;0.00:00:49:357;0.26;-0.53;0.81;6.48E-06;1.706E-06;-3.424E-06;5.236E-06;-31.76;26.92;100.06;80.80;59.03;6.48E-06;6.484E-06;-4.07E-09;-51.884;-51.881;-99.990;0.63;123.18;
2026-01-16 12:01:50.91;0.00:00:49:408;0.27;-0.54;0.79;6.725E-06;1.711E-06;-3.391E-06;4.974E-06;-31.61;26.32;93.05;73.95;56.47;6.725E-06;6.258E-06;4.675E-07;-51.723;-52.036;-63.302;0.64;124.28;
2026-01-16 12:01:50.96;0.00:00:49:460;0.25;-0.52;0.82;6.483E-06;1.514E-06;-3.214E-06;5.02E-06;-32.39;27.36;94.86;77.43;54.80;6.483E-06;6.15E-06;3.33E-07;-51.882;-52.111;-64.775;0.62;122.63;
2026-01-16 12:01:51.01;0.00:00:49:510;0.21;-0.48;0.85;6.611E-06;1.302E-06;-2.951E-06;5.186E-06;-33.10;29.06;92.38;78.44;48.79;6.611E-06;6.107E-06;5.039E-07;-51.797;-52.141;-62.977;0.61;119.64;
2026-01-16 12:01:51.07;0.00:00:49:562;0.17;-0.63;0.76;6.112E-06;1.052E-06;-3.796E-06;4.574E-06;-37.25;24.63;98.77;74.85;64.45;6.112E-06;6.037E-06;7.522E-08;-52.138;-52.192;-71.237;0.59;129.68;
2026-01-16 12:01:51.12;0.00:00:49:615;0.11;-0.49;0.86;6.099E-06;6.052E-07;-2.808E-06;4.903E-06;-38.92;29.82;93.17;80.39;47.10;6.099E-06;5.683E-06;4.164E-07;-52.147;-52.454;-63.805;0.55;119.80;
2026-01-16 12:01:51.17;0.00:00:49:663;0.20;-0.57;0.79;6.547E-06;1.189E-06;-3.411E-06;4.711E-06;-35.39;26.26;90.68;71.96;55.17;6.547E-06;5.937E-06;6.102E-07;-51.840;-52.265;-62.145;0.60;125.90;
2026-01-16 12:01:51.22;0.00:00:49:715;0.15;-0.53;0.83;5.894E-06;8.582E-07;-3.042E-06;4.795E-06;-37.12;28.30;97.43;81.34;53.62;5.894E-06;5.743E-06;1.516E-07;-52.296;-52.409;-68.192;0.57;122.39;
2026-01-16 12:01:51.27;0.00:00:49:765;0.12;-0.53;0.84;6.353E-06;7.344E-07;-3.17E-06;5E-06;-38.48;28.47;93.91;78.71;51.23;6.353E-06;5.966E-06;3.868E-07;-51.970;-52.243;-64.125;0.56;122.38;
2026-01-16 12:01:51.32;0.00:00:49:816;0.13;-0.55;0.82;6.165E-06;7.505E-07;-3.163E-06;4.716E-06;-38.33;27.71;92.91;76.50;52.73;6.165E-06;5.728E-06;4.373E-07;-52.101;-52.420;-63.592;0.57;123.85;
2026-01-16 12:01:51.37;0.00:00:49:869;0.15;-0.46;0.88;6.237E-06;8.928E-07;-2.762E-06;5.324E-06;-36.04;30.70;97.22;85.36;46.54;6.237E-06;6.064E-06;1.731E-07;-52.050;-52.173;-67.617;0.57;117.42;
2026-01-16 12:01:51.42;0.00:00:49:918;0.12;-0.61;0.78;5.73E-06;7.197E-07;-3.644E-06;4.698E-06;-39.41;25.84;104.53;82.00;64.82;5.73E-06;5.989E-06;-2.594E-07;-52.419;-52.226;-99.990;0.56;127.79;
2026-01-16 12:01:51.47;0.00:00:49:965;0.10;-0.46;0.88;6.163E-06;5.237E-07;-2.495E-06;4.809E-06;-39.07;31.04;88.33;78.04;41.37;6.163E-06;5.443E-06;7.194E-07;-52.102;-52.641;-61.430;0.55;117.42;
2026-01-16 12:01:51.51;0.00:00:50:010;0.21;-0.44;0.87;6.533E-06;1.163E-06;-2.437E-06;4.822E-06;-32.25;30.37;84.59;73.80;41.34;6.533E-06;5.527E-06;1.007E-06;-51.849;-52.575;-59.971;0.61;116.82;
2026-01-16 12:01:51.57;0.00:00:50:063;0.23;-0.52;0.83;6.586E-06;1.453E-06;-3.281E-06;5.258E-06;-33.06;27.85;96.66;79.84;54.49;6.586E-06;6.366E-06;2.197E-07;-51.814;-51.961;-66.581;0.61;121.96;
2026-01-16 12:01:51.62;0.00:00:50:113;0.22;-0.51;0.83;6.792E-06;1.341E-06;-3.102E-06;5.002E-06;-33.31;27.98;88.88;73.65;49.75;6.792E-06;6.036E-06;7.555E-07;-51.680;-52.192;-61.218;0.61;121.80;
2026-01-16 12:01:51.67;0.00:00:50:163;0.19;-0.52;0.83;6.419E-06;1.088E-06;-2.926E-06;4.665E-06;-34.80;28.10;87.44;72.66;48.63;6.419E-06;5.613E-06;8.065E-07;-51.925;-52.508;-60.934;0.60;122.10;
2026-01-16 12:01:51.72;0.00:00:50:214;0.25;-0.48;0.84;6.632E-06;1.532E-06;-2.921E-06;5.149E-06;-31.16;28.68;92.19;77.63;49.73;6.632E-06;6.114E-06;5.177E-07;-51.783;-52.136;-62.859;0.63;119.57;
2026-01-16 12:01:51.77;0.00:00:50:265;0.27;-0.50;0.82;6.569E-06;1.866E-06;-3.429E-06;5.661E-06;-30.72;27.70;104.68;86.17;59.43;6.569E-06;6.877E-06;-3.074E-07;-51.825;-51.626;-99.990;0.64;121.21;
2026-01-16 12:01:51.83;0.00:00:50:328;0.14;-0.56;0.82;5.832E-06;8.938E-07;-3.481E-06;5.072E-06;-37.80;27.34;106.58;86.96;61.61;5.832E-06;6.216E-06;-3.836E-07;-52.342;-52.065;-99.990;0.57;124.46;
2026-01-16 12:01:51.88;0.00:00:50:380;0.26;-0.52;0.81;6.659E-06;1.612E-06;-3.239E-06;4.999E-06;-31.77;27.05;92.67;75.08;54.33;6.659E-06;6.171E-06;4.88E-07;-51.766;-52.097;-63.116;0.63;122.94;
2026-01-16 12:01:51.93;0.00:00:50:430;0.26;-0.46;0.85;6.594E-06;1.615E-06;-2.819E-06;5.179E-06;-30.10;28.95;92.71;78.54;49.27;6.594E-06;6.113E-06;4.804E-07;-51.809;-52.137;-63.184;0.63;118.56;
2026-01-16 12:01:52.01;0.00:00:50:504;0.14;-0.58;0.80;6.077E-06;8.621E-07;-3.587E-06;5.005E-06;-38.24;26.80;102.31;82.36;60.70;6.077E-06;6.218E-06;-1.406E-07;-52.163;-52.064;-99.990;0.57;125.62;
2026-01-16 12:01:52.07;0.00:00:50:562;0.23;-0.56;0.80;6.616E-06;1.458E-06;-3.519E-06;5.001E-06;-33.75;26.35;95.02;75.59;57.57;6.616E-06;6.286E-06;3.298E-07;-51.794;-52.016;-64.818;0.62;125.13;
2026-01-16 12:01:52.13;0.00:00:50:626;0.14;-0.51;0.85;6.017E-06;7.79E-07;-2.861E-06;4.794E-06;-37.38;29.13;93.68;79.68;49.27;6.017E-06;5.637E-06;3.802E-07;-52.206;-52.490;-64.200;0.57;120.82;
2026-01-16 12:01:52.18;0.00:00:50:675;0.11;-0.49;0.86;5.952E-06;6.326E-07;-2.792E-06;4.896E-06;-38.62;29.84;95.29;82.26;48.10;5.952E-06;5.672E-06;2.802E-07;-52.253;-52.463;-65.526;0.56;119.69;
2026-01-16 12:01:52.23;0.00:00:50:726;0.26;-0.54;0.80;6.604E-06;1.728E-06;-3.632E-06;5.362E-06;-32.28;26.56;101.51;81.20;60.91;6.604E-06;6.703E-06;-9.955E-08;-51.802;-51.737;-99.990;0.63;124.11;
2026-01-16 12:01:52.28;0.00:00:50:774;0.12;-0.54;0.83;6.371E-06;6.329E-07;-2.792E-06;4.289E-06;-38.61;28.14;80.94;67.33;44.94;6.371E-06;5.157E-06;1.214E-06;-51.958;-52.876;-59.158;0.56;123.06;
2026-01-16 12:01:52.33;0.00:00:50:828;0.25;-0.52;0.82;6.677E-06;1.51E-06;-3.15E-06;4.991E-06;-32.20;27.50;91.24;74.75;52.33;6.677E-06;6.092E-06;5.848E-07;-51.754;-52.152;-62.330;0.62;122.26;
2026-01-16 12:01:52.39;0.00:00:50:887;0.29;-0.58;0.76;6.759E-06;1.956E-06;-3.989E-06;5.213E-06;-31.94;24.78;101.33;77.12;65.73;6.759E-06;6.849E-06;-8.961E-08;-51.701;-51.644;-99.990;0.64;127.42;
2026-01-16 12:01:52.44;0.00:00:50:937;0.25;-0.61;0.75;6.596E-06;1.559E-06;-3.808E-06;4.705E-06;-33.87;24.41;94.75;71.32;62.38;6.596E-06;6.25E-06;3.461E-07;-51.807;-52.041;-64.608;0.62;128.99;
2026-01-16 12:01:52.49;0.00:00:50:989;0.21;-0.48;0.85;6.673E-06;1.234E-06;-2.863E-06;5.076E-06;-33.34;29.22;89.27;76.07;46.72;6.673E-06;5.957E-06;7.158E-07;-51.757;-52.250;-61.452;0.60;119.42;
2026-01-16 12:01:52.55;0.00:00:51:042;0.30;-0.54;0.78;6.614E-06;1.928E-06;-3.459E-06;4.97E-06;-30.43;25.73;96.09;75.15;59.88;6.614E-06;6.355E-06;2.589E-07;-51.795;-51.969;-65.868;0.65;124.84;
2026-01-16 12:01:52.60;0.00:00:51:101;0.26;-0.59;0.77;6.429E-06;1.711E-06;-3.903E-06;5.064E-06;-33.16;24.96;102.95;78.77;66.29;6.429E-06;6.618E-06;-1.896E-07;-51.919;-51.792;-99.990;0.63;127.63;
2026-01-16 12:01:52.67;0.00:00:51:163;0.19;-0.60;0.78;6.353E-06;1.208E-06;-3.902E-06;5.024E-06;-36.40;25.44;101.93;79.09;64.30;6.353E-06;6.475E-06;-1.226E-07;-51.971;-51.888;-99.990;0.59;127.84;
2026-01-16 12:01:52.72;0.00:00:51:214;0.13;-0.58;0.80;5.873E-06;7.77E-07;-3.532E-06;4.857E-06;-38.80;26.67;103.11;82.71;61.58;5.873E-06;6.056E-06;-1.827E-07;-52.311;-52.178;-99.990;0.56;126.02;
2026-01-16 12:01:52.77;0.00:00:51:266;0.17;-0.60;0.78;6.379E-06;1.038E-06;-3.659E-06;4.763E-06;-37.08;25.69;95.56;74.67;59.63;6.379E-06;6.095E-06;2.832E-07;-51.953;-52.150;-65.479;0.59;127.53;
2026-01-16 12:01:52.82;0.00:00:51:316;0.21;-0.63;0.74;6.389E-06;1.447E-06;-4.259E-06;5.013E-06;-35.62;24.05;105.41;78.46;70.40;6.389E-06;6.735E-06;-3.459E-07;-51.945;-51.716;-99.990;0.61;130.35;
2026-01-16 12:01:52.89;0.00:00:51:385;0.23;-0.50;0.83;6.457E-06;1.414E-06;-3.065E-06;5.055E-06;-32.62;28.14;94.13;78.29;52.27;6.457E-06;6.078E-06;3.787E-07;-51.900;-52.162;-64.217;0.62;121.23;
2026-01-16 12:01:52.94;0.00:00:51:433;0.37;-0.47;0.80;7.125E-06;2.526E-06;-3.197E-06;5.434E-06;-25.84;26.57;95.33;76.27;57.19;7.125E-06;6.792E-06;3.325E-07;-51.472;-51.680;-64.782;0.69;120.47;
2026-01-16 12:01:52.98;0.00:00:51:479;0.10;-0.56;0.82;6.1E-06;5.858E-07;-3.245E-06;4.805E-06;-39.88;27.77;95.54;78.77;54.06;6.1E-06;5.827E-06;2.722E-07;-52.147;-52.345;-65.651;0.55;124.03;
2026-01-16 12:01:53.03;0.00:00:51:526;0.22;-0.56;0.80;6.535E-06;1.439E-06;-3.617E-06;5.136E-06;-34.16;26.42;98.62;78.59;59.57;6.535E-06;6.445E-06;9.035E-08;-51.847;-51.908;-70.441;0.61;125.16;
2026-01-16 12:01:53.08;0.00:00:51:573;0.25;-0.51;0.82;6.856E-06;1.597E-06;-3.267E-06;5.205E-06;-31.97;27.53;92.61;75.92;53.04;6.856E-06;6.35E-06;5.064E-07;-51.639;-51.972;-62.955;0.63;122.11;
2026-01-16 12:01:53.12;0.00:00:51:621;0.24;-0.56;0.79;6.518E-06;1.575E-06;-3.735E-06;5.229E-06;-33.57;26.11;101.51;80.23;62.19;6.518E-06;6.616E-06;-9.868E-08;-51.859;-51.794;-99.990;0.62;125.54;
2026-01-16 12:01:53.17;0.00:00:51:667;0.04;-0.65;0.76;5.588E-06;2.652E-07;-4.132E-06;4.802E-06;-43.16;24.62;113.47;85.94;74.09;5.588E-06;6.341E-06;-7.527E-07;-52.527;-51.979;-99.990;0.52;130.71;
2026-01-16 12:01:53.22;0.00:00:51:713;0.10;-0.46;0.88;5.971E-06;5.497E-07;-2.545E-06;4.943E-06;-38.91;31.11;93.56;82.78;43.60;5.971E-06;5.587E-06;3.845E-07;-52.239;-52.528;-64.152;0.55;117.24;
2026-01-16 12:01:53.27;0.00:00:51:763;0.15;-0.54;0.83;6.252E-06;9.183E-07;-3.212E-06;4.954E-06;-37.02;28.00;95.58;79.24;53.44;6.252E-06;5.975E-06;2.765E-07;-52.040;-52.236;-65.583;0.58;122.96;
2026-01-16 12:01:53.33;0.00:00:51:822;0.18;-0.48;0.86;6.102E-06;1.049E-06;-2.779E-06;5.03E-06;-34.66;29.72;95.73;82.43;48.68;6.102E-06;5.841E-06;2.605E-07;-52.145;-52.335;-65.842;0.59;118.92;
2026-01-16 12:01:53.37;0.00:00:51:870;0.17;-0.42;0.89;6.19E-06;1.018E-06;-2.492E-06;5.258E-06;-33.89;31.44;95.43;84.94;43.50;6.19E-06;5.907E-06;2.831E-07;-52.083;-52.286;-65.481;0.59;115.36;
2026-01-16 12:01:53.43;0.00:00:51:930;0.20;-0.59;0.78;6.347E-06;1.193E-06;-3.52E-06;4.696E-06;-35.64;25.82;94.36;73.99;58.56;6.347E-06;5.989E-06;3.579E-07;-51.974;-52.227;-64.462;0.60;126.85;
2026-01-16 12:01:53.50;0.00:00:51:995;0.08;-0.42;0.90;5.83E-06;4.589E-07;-2.279E-06;4.894E-06;-39.31;32.30;92.94;83.95;39.87;5.83E-06;5.418E-06;4.117E-07;-52.343;-52.661;-63.854;0.54;114.97;
2026-01-16 12:01:53.55;0.00:00:52:042;0.21;-0.57;0.79;6.301E-06;1.284E-06;-3.473E-06;4.774E-06;-34.85;26.10;95.88;75.77;58.76;6.301E-06;6.042E-06;2.596E-07;-52.006;-52.189;-65.857;0.61;126.03;
2026-01-16 12:01:53.59;0.00:00:52:087;0.24;-0.54;0.81;6.556E-06;1.461E-06;-3.3E-06;4.957E-06;-33.06;26.97;93.53;75.61;55.05;6.556E-06;6.132E-06;4.242E-07;-51.834;-52.124;-63.724;0.62;123.65;
2026-01-16 12:01:53.64;0.00:00:52:135;0.22;-0.57;0.79;6.341E-06;1.293E-06;-3.397E-06;4.757E-06;-34.58;26.31;94.42;75.03;57.32;6.341E-06;5.987E-06;3.537E-07;-51.979;-52.228;-64.514;0.61;125.53;
2026-01-16 12:01:53.69;0.00:00:52:182;0.24;-0.60;0.77;6.495E-06;1.515E-06;-3.776E-06;4.863E-06;-34.07;25.04;97.62;74.87;62.64;6.495E-06;6.341E-06;1.547E-07;-51.874;-51.979;-68.105;0.62;127.83;
2026-01-16 12:01:53.73;0.00:00:52:230;0.20;-0.56;0.81;6.412E-06;1.265E-06;-3.482E-06;5.029E-06;-35.01;26.81;97.40;78.42;57.77;6.412E-06;6.246E-06;1.665E-07;-51.930;-52.044;-67.785;0.60;124.70;
2026-01-16 12:01:53.79;0.00:00:52:291;0.17;-0.51;0.84;6.702E-06;9.119E-07;-2.77E-06;4.595E-06;-35.89;28.80;81.21;68.57;43.52;6.702E-06;5.443E-06;1.259E-06;-51.738;-52.642;-59.000;0.58;121.08;
2026-01-16 12:01:53.86;0.00:00:52:352;0.12;-0.55;0.82;6.078E-06;6.719E-07;-3.11E-06;4.635E-06;-38.90;27.77;92.50;76.26;52.35;6.078E-06;5.622E-06;4.557E-07;-52.163;-52.501;-63.413;0.56;123.86;
2026-01-16 12:01:53.90;0.00:00:52:401;0.14;-0.48;0.87;6.259E-06;8.725E-07;-2.899E-06;5.219E-06;-36.62;29.94;96.41;83.39;48.37;6.259E-06;6.034E-06;2.249E-07;-52.035;-52.194;-66.480;0.57;119.05;
2026-01-16 12:01:53.95;0.00:00:52:448;0.18;-0.61;0.77;6.338E-06;1.113E-06;-3.717E-06;4.695E-06;-36.67;25.22;96.10;74.08;61.21;6.338E-06;6.091E-06;2.472E-07;-51.980;-52.153;-66.069;0.59;128.36;
2026-01-16 12:01:54.00;0.00:00:52:494;0.24;-0.51;0.83;6.508E-06;1.403E-06;-3.026E-06;4.883E-06;-32.57;27.83;90.86;75.03;51.25;6.508E-06;5.913E-06;5.946E-07;-51.865;-52.282;-62.257;0.62;121.78;
2026-01-16 12:01:54.06;0.00:00:52:558;0.28;-0.38;0.88;6.984E-06;1.523E-06;-2.097E-06;4.843E-06;-27.01;30.92;78.64;69.33;37.10;6.984E-06;5.492E-06;1.492E-06;-51.559;-52.602;-58.262;0.64;113.41;
2026-01-16 12:01:54.12;0.00:00:52:621;0.23;-0.56;0.80;6.306E-06;1.493E-06;-3.603E-06;5.134E-06;-33.75;26.39;102.23;81.41;61.84;6.306E-06;6.447E-06;-1.409E-07;-52.002;-51.906;-99.990;0.62;125.06;
2026-01-16 12:01:54.17;0.00:00:52:669;0.14;-0.49;0.86;5.998E-06;8.226E-07;-2.934E-06;5.095E-06;-37.17;29.56;98.98;84.94;50.80;5.998E-06;5.936E-06;6.148E-08;-52.220;-52.265;-72.113;0.57;119.93;
2026-01-16 12:01:54.23;0.00:00:52:729;0.28;-0.46;0.84;7.088E-06;1.603E-06;-2.59E-06;4.771E-06;-29.12;28.72;79.86;67.32;42.97;7.088E-06;5.66E-06;1.427E-06;-51.495;-52.471;-58.455;0.64;118.49;
2026-01-16 12:01:54.28;0.00:00:52:779;0.17;-0.47;0.87;6.425E-06;9.772E-07;-2.75E-06;5.039E-06;-35.22;29.96;90.63;78.43;45.41;6.425E-06;5.823E-06;6.02E-07;-51.921;-52.348;-62.204;0.58;118.62;
2026-01-16 12:01:54.34;0.00:00:52:838;0.09;-0.61;0.79;6.015E-06;5.28E-07;-3.636E-06;4.69E-06;-40.87;25.96;99.04;77.97;61.08;6.015E-06;5.958E-06;5.76E-08;-52.207;-52.249;-72.396;0.54;127.78;
2026-01-16 12:01:54.39;0.00:00:52:885;0.20;-0.40;0.89;6.849E-06;1.147E-06;-2.253E-06;5.049E-06;-31.51;31.70;82.45;73.73;36.91;6.849E-06;5.647E-06;1.202E-06;-51.644;-52.482;-59.201;0.60;114.05;
2026-01-16 12:01:54.45;0.00:00:52:946;0.15;-0.64;0.75;5.997E-06;8.823E-07;-3.897E-06;4.569E-06;-38.62;24.42;101.20;76.19;66.62;5.997E-06;6.07E-06;-7.215E-08;-52.220;-52.168;-99.990;0.57;130.46;
2026-01-16 12:01:54.50;0.00:00:52:995;0.24;-0.56;0.79;6.581E-06;1.463E-06;-3.441E-06;4.877E-06;-33.48;26.26;93.37;74.10;56.81;6.581E-06;6.145E-06;4.366E-07;-51.817;-52.115;-63.600;0.62;125.21;
2026-01-16 12:01:54.55;0.00:00:53:043;0.30;-0.49;0.82;6.77E-06;1.781E-06;-2.93E-06;4.951E-06;-29.35;27.65;88.95;73.12;50.64;6.77E-06;6.022E-06;7.484E-07;-51.694;-52.203;-61.259;0.65;120.62;
2026-01-16 12:01:54.61;0.00:00:53:104;0.15;-0.59;0.79;6.22E-06;9.365E-07;-3.558E-06;4.821E-06;-37.63;26.33;97.51;77.52;59.15;6.22E-06;6.065E-06;1.551E-07;-52.062;-52.172;-68.095;0.58;126.42;
2026-01-16 12:01:54.67;0.00:00:53:165;0.08;-0.57;0.82;6.084E-06;4.439E-07;-3.248E-06;4.629E-06;-41.11;27.35;93.22;76.07;53.88;6.084E-06;5.672E-06;4.125E-07;-52.158;-52.463;-63.846;0.54;125.06;
2026-01-16 12:01:54.72;0.00:00:53:212;0.17;-0.50;0.85;6.285E-06;1.012E-06;-2.956E-06;5.043E-06;-35.55;29.11;94.40;80.24;49.71;6.285E-06;5.933E-06;3.523E-07;-52.017;-52.267;-64.531;0.59;120.38;
2026-01-16 12:01:54.77;0.00:00:53:264;0.17;-0.51;0.84;6.394E-06;9.913E-07;-2.881E-06;4.777E-06;-35.51;28.74;88.61;74.71;47.64;6.394E-06;5.666E-06;7.285E-07;-51.942;-52.467;-61.376;0.59;121.09;
2026-01-16 12:01:54.83;0.00:00:53:323;0.20;-0.53;0.82;6.487E-06;1.257E-06;-3.268E-06;5.034E-06;-34.48;27.59;94.52;77.60;53.97;6.487E-06;6.132E-06;3.553E-07;-51.879;-52.124;-64.494;0.60;122.99;
2026-01-16 12:01:54.88;0.00:00:53:375;0.20;-0.58;0.79;6.187E-06;1.263E-06;-3.724E-06;5.02E-06;-35.63;25.96;103.07;81.14;63.56;6.187E-06;6.377E-06;-1.901E-07;-52.086;-51.954;-99.990;0.60;126.57;
2026-01-16 12:01:54.93;0.00:00:53:428;0.31;-0.46;0.83;6.868E-06;1.894E-06;-2.847E-06;5.149E-06;-28.18;28.21;90.00;74.97;49.79;6.868E-06;6.181E-06;6.87E-07;-51.631;-52.089;-61.630;0.65;118.94;
2026-01-16 12:01:54.98;0.00:00:53:477;0.14;-0.49;0.86;6.404E-06;7.554E-07;-2.675E-06;4.694E-06;-37.12;29.68;85.18;73.29;43.41;6.404E-06;5.455E-06;9.489E-07;-51.935;-52.632;-60.228;0.57;119.68;
2026-01-16 12:01:55.06;0.00:00:53:551;0.14;-0.54;0.83;6.209E-06;8.301E-07;-3.122E-06;4.733E-06;-37.56;27.84;92.28;76.22;52.03;6.209E-06;5.73E-06;4.793E-07;-52.070;-52.418;-63.194;0.57;123.41;
2026-01-16 12:01:55.10;0.00:00:53:600;0.25;-0.56;0.79;6.588E-06;1.536E-06;-3.474E-06;4.937E-06;-33.07;26.21;94.55;74.93;57.66;6.588E-06;6.229E-06;3.59E-07;-51.812;-52.056;-64.449;0.62;125.14;
2026-01-16 12:01:55.16;0.00:00:53:652;0.04;-0.58;0.81;5.689E-06;2.009E-07;-3.178E-06;4.465E-06;-43.19;27.25;96.40;78.49;55.97;5.689E-06;5.485E-06;2.046E-07;-52.449;-52.609;-66.891;0.52;125.44;
2026-01-16 12:01:55.21;0.00:00:53:703;0.18;-0.53;0.83;6.285E-06;1.028E-06;-2.955E-06;4.669E-06;-35.41;28.09;89.43;74.29;49.79;6.285E-06;5.621E-06;6.643E-07;-52.017;-52.502;-61.776;0.59;122.33;
2026-01-16 12:01:55.26;0.00:00:53:755;0.11;-0.45;0.89;6.273E-06;6.447E-07;-2.506E-06;4.978E-06;-37.79;31.27;89.44;79.36;41.25;6.273E-06;5.61E-06;6.625E-07;-52.025;-52.510;-61.788;0.56;116.72;
2026-01-16 12:01:55.31;0.00:00:53:806;0.21;-0.59;0.78;6.305E-06;1.342E-06;-3.704E-06;4.854E-06;-35.04;25.47;99.16;76.99;62.49;6.305E-06;6.252E-06;5.315E-08;-52.003;-52.040;-72.745;0.61;127.35;
2026-01-16 12:01:55.36;0.00:00:53:858;0.21;-0.47;0.86;6.654E-06;1.278E-06;-2.831E-06;5.192E-06;-32.85;29.56;90.93;78.03;46.68;6.654E-06;6.05E-06;6.036E-07;-51.769;-52.182;-62.193;0.61;118.60;
2026-01-16 12:01:55.41;0.00:00:53:909;0.15;-0.58;0.80;6.268E-06;9.049E-07;-3.52E-06;4.845E-06;-37.79;26.56;96.63;77.30;57.98;6.268E-06;6.057E-06;2.111E-07;-52.029;-52.177;-66.755;0.57;126.00;
2026-01-16 12:01:55.46;0.00:00:53:958;0.18;-0.51;0.84;6.325E-06;1.117E-06;-3.087E-06;5.119E-06;-35.05;28.66;96.14;80.93;51.90;6.325E-06;6.081E-06;2.442E-07;-51.989;-52.160;-66.123;0.59;121.09;
2026-01-16 12:01:55.51;0.00:00:54:010;0.16;-0.53;0.83;6.398E-06;9.377E-07;-3.05E-06;4.764E-06;-36.46;28.09;89.61;74.45;49.87;6.398E-06;5.734E-06;6.646E-07;-51.939;-52.416;-61.774;0.58;122.63;
2026-01-16 12:01:55.57;0.00:00:54:062;0.23;-0.46;0.86;6.56E-06;1.346E-06;-2.718E-06;5.138E-06;-31.82;29.72;90.95;78.32;46.23;6.56E-06;5.966E-06;5.937E-07;-51.831;-52.243;-62.265;0.61;117.88;
2026-01-16 12:01:55.62;0.00:00:54:112;0.22;-0.53;0.82;6.752E-06;1.373E-06;-3.32E-06;5.166E-06;-33.77;27.59;93.19;76.50;53.22;6.752E-06;6.292E-06;4.596E-07;-51.706;-52.012;-63.377;0.61;122.73;
2026-01-16 12:01:55.66;0.00:00:54:161;0.12;-0.56;0.82;6.017E-06;6.875E-07;-3.111E-06;4.555E-06;-38.77;27.51;92.39;75.70;52.96;6.017E-06;5.559E-06;4.581E-07;-52.206;-52.550;-63.390;0.56;124.34;
2026-01-16 12:01:55.73;0.00:00:54:224;0.24;-0.38;0.90;6.534E-06;1.403E-06;-2.197E-06;5.233E-06;-28.72;31.76;89.47;80.08;39.89;6.534E-06;5.846E-06;6.881E-07;-51.848;-52.331;-61.623;0.62;112.77;
2026-01-16 12:01:55.78;0.00:00:54:275;0.23;-0.50;0.83;6.477E-06;1.389E-06;-3.092E-06;5.107E-06;-32.90;28.21;94.64;78.85;52.34;6.477E-06;6.13E-06;3.469E-07;-51.886;-52.126;-64.598;0.61;121.19;
2026-01-16 12:01:55.83;0.00:00:54:331;0.27;-0.37;0.89;6.516E-06;1.581E-06;-2.175E-06;5.15E-06;-26.99;31.21;89.17;79.04;41.27;6.516E-06;5.81E-06;7.059E-07;-51.860;-52.358;-61.513;0.64;112.90;
2026-01-16 12:01:55.88;0.00:00:54:376;0.29;-0.53;0.80;7.029E-06;1.819E-06;-3.256E-06;4.927E-06;-30.40;26.44;87.92;70.10;53.07;7.029E-06;6.18E-06;8.489E-07;-51.531;-52.090;-60.712;0.65;123.46;
2026-01-16 12:01:55.93;0.00:00:54:426;-0.03;-0.47;0.88;5.399E-06;-1.437E-07;-2.628E-06;4.87E-06;-46.57;30.81;102.54;90.21;48.75;5.399E-06;5.536E-06;-1.372E-07;-52.677;-52.568;-99.990;0.49;118.35;
2026-01-16 12:01:55.98;0.00:00:54:480;0.22;-0.45;0.87;6.493E-06;1.314E-06;-2.658E-06;5.123E-06;-31.85;29.97;91.16;78.90;45.66;6.493E-06;5.919E-06;5.741E-07;-51.875;-52.277;-62.410;0.61;117.42;
2026-01-16 12:01:56.05;0.00:00:54:551;0.25;-0.37;0.89;6.748E-06;1.381E-06;-2.097E-06;5.024E-06;-28.32;31.72;83.23;74.45;37.21;6.748E-06;5.617E-06;1.131E-06;-51.708;-52.505;-59.464;0.62;112.65;
2026-01-16 12:01:56.11;0.00:00:54:603;0.29;-0.42;0.86;6.642E-06;1.745E-06;-2.538E-06;5.246E-06;-27.74;29.79;91.58;78.97;46.37;6.642E-06;6.083E-06;5.592E-07;-51.777;-52.159;-62.524;0.64;115.82;
2026-01-16 12:01:56.17;0.00:00:54:663;0.25;-0.49;0.84;6.644E-06;1.602E-06;-3.168E-06;5.415E-06;-31.58;28.37;97.45;81.50;53.43;6.644E-06;6.475E-06;1.693E-07;-51.776;-51.888;-67.714;0.62;120.33;
2026-01-16 12:01:56.22;0.00:00:54:715;0.21;-0.50;0.84;6.606E-06;1.259E-06;-3.044E-06;5.133E-06;-33.76;28.65;92.32;77.69;49.87;6.606E-06;6.099E-06;5.073E-07;-51.800;-52.147;-62.948;0.60;120.67;
2026-01-16 12:01:56.27;0.00:00:54:763;0.21;-0.52;0.83;6.515E-06;1.329E-06;-3.304E-06;5.323E-06;-34.05;28.11;98.31;81.70;54.67;6.515E-06;6.404E-06;1.104E-07;-51.861;-51.935;-69.571;0.60;121.83;
2026-01-16 12:01:56.32;0.00:00:54:815;0.17;-0.58;0.80;6.276E-06;1.059E-06;-3.547E-06;4.854E-06;-36.69;26.33;97.26;77.34;58.98;6.276E-06;6.104E-06;1.717E-07;-52.023;-52.144;-67.652;0.59;126.16;
2026-01-16 12:01:56.37;0.00:00:54:864;0.14;-0.58;0.81;6.12E-06;7.997E-07;-3.384E-06;4.727E-06;-38.35;26.83;95.89;77.23;56.82;6.12E-06;5.868E-06;2.518E-07;-52.132;-52.315;-65.989;0.57;125.60;
2026-01-16 12:01:56.42;0.00:00:54:918;0.15;-0.57;0.81;5.961E-06;8.857E-07;-3.355E-06;4.808E-06;-37.61;27.09;99.47;80.66;58.21;5.961E-06;5.93E-06;3.156E-08;-52.246;-52.270;-75.008;0.57;124.91;
2026-01-16 12:01:56.47;0.00:00:54:969;0.06;-0.61;0.79;5.78E-06;3.434E-07;-3.618E-06;4.626E-06;-42.29;25.92;101.78;80.04;62.87;5.78E-06;5.883E-06;-1.028E-07;-52.381;-52.304;-99.990;0.53;128.03;
2026-01-16 12:01:56.52;0.00:00:55:020;0.19;-0.49;0.85;6.268E-06;1.104E-06;-2.842E-06;4.97E-06;-34.39;29.23;93.02;79.29;48.64;6.268E-06;5.831E-06;4.376E-07;-52.028;-52.343;-63.589;0.59;119.77;
2026-01-16 12:01:56.57;0.00:00:55:069;0.24;-0.52;0.82;6.464E-06;1.458E-06;-3.164E-06;4.943E-06;-32.63;27.41;93.55;76.47;53.89;6.464E-06;6.047E-06;4.167E-07;-51.895;-52.184;-63.802;0.62;122.62;
2026-01-16 12:01:56.64;0.00:00:55:132;0.11;-0.54;0.84;6.181E-06;5.926E-07;-2.985E-06;4.621E-06;-39.39;28.31;89.51;74.75;49.23;6.181E-06;5.533E-06;6.485E-07;-52.089;-52.571;-61.881;0.55;122.86;
2026-01-16 12:01:56.69;0.00:00:55:182;0.23;-0.51;0.83;6.62E-06;1.368E-06;-2.953E-06;4.841E-06;-32.57;28.04;88.10;73.12;49.15;6.62E-06;5.833E-06;7.876E-07;-51.791;-52.341;-61.037;0.62;121.38;
2026-01-16 12:01:56.74;0.00:00:55:231;0.07;-0.58;0.81;5.956E-06;3.999E-07;-3.085E-06;4.341E-06;-41.31;27.19;89.67;72.89;52.23;5.956E-06;5.341E-06;6.15E-07;-52.250;-52.724;-62.111;0.54;125.40;
2026-01-16 12:01:56.79;0.00:00:55:282;0.19;-0.48;0.86;6.389E-06;1.104E-06;-2.769E-06;4.921E-06;-34.13;29.39;90.05;77.01;46.66;6.389E-06;5.753E-06;6.36E-07;-51.945;-52.401;-61.966;0.60;119.37;
2026-01-16 12:01:56.84;0.00:00:55:334;0.20;-0.60;0.77;6.56E-06;1.19E-06;-3.672E-06;4.715E-06;-36.02;25.35;92.88;71.87;58.84;6.56E-06;6.093E-06;4.67E-07;-51.831;-52.151;-63.307;0.60;127.91;
2026-01-16 12:01:56.89;0.00:00:55:382;0.15;-0.60;0.79;6.069E-06;8.662E-07;-3.582E-06;4.686E-06;-38.20;25.91;98.22;77.21;60.71;6.069E-06;5.961E-06;1.08E-07;-52.169;-52.247;-69.667;0.57;127.39;
2026-01-16 12:01:56.93;0.00:00:55:427;0.19;-0.50;0.84;6.632E-06;1.149E-06;-2.999E-06;5.01E-06;-34.52;28.67;89.73;75.54;48.43;6.632E-06;5.951E-06;6.81E-07;-51.783;-52.254;-61.668;0.60;120.91;
2026-01-16 12:01:56.98;0.00:00:55:475;0.21;-0.51;0.83;6.498E-06;1.208E-06;-2.992E-06;4.834E-06;-34.01;28.14;89.44;74.39;49.65;6.498E-06;5.811E-06;6.862E-07;-51.872;-52.357;-61.635;0.60;121.75;
2026-01-16 12:01:57.03;0.00:00:55:523;0.32;-0.41;0.85;6.89E-06;2.016E-06;-2.565E-06;5.328E-06;-25.92;29.26;90.68;77.33;47.36;6.89E-06;6.247E-06;6.422E-07;-51.618;-52.043;-61.923;0.66;115.71;
2026-01-16 12:01:57.07;0.00:00:55:570;0.20;-0.54;0.82;6.146E-06;1.193E-06;-3.259E-06;4.915E-06;-34.95;27.38;97.89;79.96;56.47;6.146E-06;6.017E-06;1.296E-07;-52.114;-52.206;-68.875;0.60;123.55;
2026-01-16 12:01:57.14;0.00:00:55:631;0.12;-0.56;0.82;5.771E-06;6.784E-07;-3.275E-06;4.764E-06;-39.15;27.47;100.85;82.54;57.95;5.771E-06;5.821E-06;-4.927E-08;-52.387;-52.350;-99.990;0.56;124.50;
2026-01-16 12:01:57.18;0.00:00:55:678;0.19;-0.48;0.86;6.479E-06;1.088E-06;-2.779E-06;5.014E-06;-34.31;29.62;90.06;77.39;46.06;6.479E-06;5.835E-06;6.439E-07;-51.885;-52.340;-61.912;0.59;119.00;
2026-01-16 12:01:57.23;0.00:00:55:725;0.19;-0.61;0.77;6.142E-06;1.175E-06;-3.775E-06;4.744E-06;-36.36;25.10;100.54;77.23;64.37;6.142E-06;6.175E-06;-3.328E-08;-52.117;-52.093;-99.990;0.60;128.51;
2026-01-16 12:01:57.28;0.00:00:55:779;0.24;-0.55;0.80;6.494E-06;1.523E-06;-3.445E-06;5.038E-06;-33.07;26.61;96.87;77.58;58.00;6.494E-06;6.291E-06;2.034E-07;-51.875;-52.013;-66.917;0.62;124.36;
2026-01-16 12:01:57.34;0.00:00:55:835;0.23;-0.60;0.77;6.542E-06;1.402E-06;-3.696E-06;4.759E-06;-34.62;25.14;94.58;72.75;60.43;6.542E-06;6.187E-06;3.548E-07;-51.843;-52.085;-64.500;0.61;127.83;
2026-01-16 12:01:57.39;0.00:00:55:881;0.32;-0.35;0.88;7.04E-06;1.89E-06;-2.074E-06;5.211E-06;-23.83;30.85;84.08;74.03;39.87;7.04E-06;5.919E-06;1.121E-06;-51.525;-52.278;-59.505;0.66;111.71;
2026-01-16 12:01:57.44;0.00:00:55:932;0.18;-0.57;0.80;6.369E-06;1.113E-06;-3.516E-06;4.902E-06;-36.22;26.52;96.32;76.97;57.91;6.369E-06;6.135E-06;2.342E-07;-51.959;-52.122;-66.304;0.59;125.65;
2026-01-16 12:01:57.49;0.00:00:55:991;0.23;-0.50;0.84;6.479E-06;1.432E-06;-3.089E-06;5.212E-06;-32.56;28.42;96.08;80.44;52.55;6.479E-06;6.226E-06;2.539E-07;-51.885;-52.058;-65.954;0.62;120.65;
2026-01-16 12:01:57.54;0.00:00:56:039;0.20;-0.51;0.84;6.472E-06;1.192E-06;-2.995E-06;4.93E-06;-34.15;28.41;91.01;76.17;49.80;6.472E-06;5.89E-06;5.821E-07;-51.890;-52.299;-62.350;0.60;121.28;
2026-01-16 12:01:57.59;0.00:00:56:085;0.19;-0.58;0.79;6.329E-06;1.133E-06;-3.462E-06;4.706E-06;-35.94;26.13;94.03;74.36;57.55;6.329E-06;5.951E-06;3.781E-07;-51.987;-52.254;-64.224;0.60;126.34;
2026-01-16 12:01:57.64;0.00:00:56:133;0.32;-0.48;0.81;6.961E-06;2.127E-06;-3.157E-06;5.331E-06;-28.01;27.23;94.10;76.58;54.69;6.961E-06;6.55E-06;4.107E-07;-51.573;-51.838;-63.865;0.66;120.63;
2026-01-16 12:01:57.68;0.00:00:56:178;0.33;-0.50;0.80;6.912E-06;2.162E-06;-3.288E-06;5.337E-06;-28.34;26.80;95.93;77.21;56.93;6.912E-06;6.631E-06;2.813E-07;-51.604;-51.784;-65.509;0.66;121.64;
2026-01-16 12:01:57.73;0.00:00:56:229;0.27;-0.47;0.84;6.673E-06;1.542E-06;-2.743E-06;4.888E-06;-30.33;28.61;87.13;73.26;47.16;6.673E-06;5.813E-06;8.591E-07;-51.757;-52.356;-60.660;0.63;119.30;
2026-01-16 12:01:57.79;0.00:00:56:288;0.28;-0.46;0.84;6.915E-06;1.823E-06;-2.946E-06;5.396E-06;-29.13;28.65;92.74;78.04;50.10;6.915E-06;6.413E-06;5.02E-07;-51.602;-51.930;-62.993;0.64;118.63;
2026-01-16 12:01:57.84;0.00:00:56:333;0.12;-0.49;0.86;6.067E-06;6.669E-07;-2.839E-06;4.95E-06;-38.39;29.75;94.69;81.58;48.07;6.067E-06;5.745E-06;3.222E-07;-52.170;-52.407;-64.918;0.56;119.84;
2026-01-16 12:01:57.89;0.00:00:56:382;0.19;-0.43;0.88;6.475E-06;1.086E-06;-2.509E-06;5.186E-06;-33.30;31.10;90.54;80.10;42.22;6.475E-06;5.863E-06;6.123E-07;-51.888;-52.319;-62.131;0.59;115.82;
2026-01-16 12:01:57.93;0.00:00:56:429;0.19;-0.55;0.82;6.085E-06;1.187E-06;-3.385E-06;5.066E-06;-35.34;27.35;102.02;83.26;58.96;6.085E-06;6.208E-06;-1.231E-07;-52.158;-52.071;-99.990;0.60;123.75;
2026-01-16 12:01:58.00;0.00:00:56:491;0.13;-0.53;0.84;6.047E-06;7.9E-07;-3.163E-06;5.028E-06;-37.99;28.52;99.11;83.16;53.92;6.047E-06;5.993E-06;5.393E-08;-52.185;-52.224;-72.682;0.57;122.17;
2026-01-16 12:01:58.06;0.00:00:56:553;0.17;-0.51;0.84;6.397E-06;9.691E-07;-2.919E-06;4.81E-06;-35.82;28.70;89.25;75.19;48.08;6.397E-06;5.709E-06;6.875E-07;-51.940;-52.434;-61.627;0.58;121.25;
2026-01-16 12:01:58.11;0.00:00:56:602;0.14;-0.55;0.83;6.043E-06;8.681E-07;-3.288E-06;4.97E-06;-37.60;27.81;99.65;82.24;56.27;6.043E-06;6.022E-06;2.115E-08;-52.188;-52.203;-76.746;0.57;123.49;
2026-01-16 12:01:58.17;0.00:00:56:668;0.12;-0.59;0.80;6.062E-06;7.284E-07;-3.489E-06;4.717E-06;-39.10;26.46;97.53;77.82;58.79;6.062E-06;5.912E-06;1.498E-07;-52.174;-52.283;-68.244;0.56;126.48;
2026-01-16 12:01:58.23;0.00:00:56:725;0.21;-0.45;0.87;6.648E-06;1.35E-06;-2.877E-06;5.488E-06;-32.44;29.96;95.39;82.55;47.81;6.648E-06;6.341E-06;3.062E-07;-51.773;-51.978;-65.140;0.61;117.67;
2026-01-16 12:01:58.28;0.00:00:56:772;0.15;-0.55;0.82;6.05E-06;9.013E-07;-3.237E-06;4.867E-06;-37.22;27.69;97.75;80.44;55.53;6.05E-06;5.914E-06;1.363E-07;-52.182;-52.281;-68.657;0.58;123.62;
2026-01-16 12:01:58.32;0.00:00:56:820;0.12;-0.56;0.82;6.211E-06;7.151E-07;-3.212E-06;4.719E-06;-38.72;27.55;92.63;75.98;52.99;6.211E-06;5.753E-06;4.575E-07;-52.069;-52.401;-63.396;0.56;124.25;
2026-01-16 12:01:58.39;0.00:00:56:882;0.13;-0.46;0.88;6.145E-06;7.696E-07;-2.641E-06;5.005E-06;-36.88;30.60;92.93;81.44;44.76;6.145E-06;5.711E-06;4.344E-07;-52.115;-52.433;-63.621;0.57;117.82;
2026-01-16 12:01:58.45;0.00:00:56:945;0.12;-0.55;0.83;6.024E-06;6.792E-07;-3.223E-06;4.814E-06;-39.05;27.81;96.83;79.91;54.67;6.024E-06;5.833E-06;1.912E-07;-52.201;-52.341;-67.184;0.56;123.80;
2026-01-16 12:01:58.51;0.00:00:57:005;0.24;-0.45;0.86;6.578E-06;1.453E-06;-2.701E-06;5.179E-06;-30.86;29.68;91.50;78.73;46.62;6.578E-06;6.019E-06;5.593E-07;-51.819;-52.205;-62.523;0.62;117.54;
2026-01-16 12:01:58.57;0.00:00:57:067;0.23;-0.52;0.82;6.506E-06;1.402E-06;-3.177E-06;4.979E-06;-33.10;27.55;93.30;76.53;53.37;6.506E-06;6.071E-06;4.359E-07;-51.867;-52.168;-63.606;0.62;122.54;
2026-01-16 12:01:58.63;0.00:00:57:127;0.15;-0.50;0.85;6.325E-06;8.462E-07;-2.824E-06;4.753E-06;-36.66;29.09;88.42;75.14;46.61;6.325E-06;5.593E-06;7.323E-07;-51.989;-52.523;-61.353;0.58;120.72;
2026-01-16 12:01:58.68;0.00:00:57:178;0.20;-0.53;0.82;6.292E-06;1.176E-06;-3.221E-06;4.951E-06;-34.97;27.65;95.71;78.68;54.49;6.292E-06;6.022E-06;2.702E-07;-52.012;-52.202;-65.683;0.60;123.04;
2026-01-16 12:01:58.74;0.00:00:57:241;0.17;-0.50;0.85;6.258E-06;9.819E-07;-2.947E-06;5.071E-06;-35.79;29.26;95.02;81.02;49.63;6.258E-06;5.946E-06;3.118E-07;-52.035;-52.257;-65.061;0.58;120.16;
2026-01-16 12:01:58.80;0.00:00:57:300;0.19;-0.54;0.82;6.424E-06;1.1E-06;-3.174E-06;4.776E-06;-35.45;27.44;90.88;74.33;52.29;6.424E-06;5.839E-06;5.858E-07;-51.922;-52.337;-62.323;0.59;123.61;
2026-01-16 12:01:58.85;0.00:00:57:348;0.10;-0.51;0.85;5.947E-06;5.408E-07;-2.799E-06;4.65E-06;-39.53;29.24;91.72;78.19;47.94;5.947E-06;5.454E-06;4.923E-07;-52.257;-52.632;-63.078;0.55;121.05;
2026-01-16 12:01:58.90;0.00:00:57:396;0.22;-0.56;0.80;6.679E-06;1.393E-06;-3.444E-06;4.961E-06;-33.99;26.59;92.80;74.28;55.62;6.679E-06;6.198E-06;4.809E-07;-51.753;-52.078;-63.180;0.61;124.77;
2026-01-16 12:01:58.96;0.00:00:57:458;0.13;-0.46;0.88;6.06E-06;7.248E-07;-2.56E-06;4.899E-06;-37.10;30.75;92.00;80.85;43.90;6.06E-06;5.575E-06;4.846E-07;-52.175;-52.537;-63.146;0.57;117.59;
2026-01-16 12:01:59.03;0.00:00:57:527;0.06;-0.57;0.82;5.774E-06;3.659E-07;-3.348E-06;4.838E-06;-41.88;27.58;102.09;83.79;58.32;5.774E-06;5.895E-06;-1.208E-07;-52.385;-52.295;-99.990;0.53;124.68;
2026-01-16 12:01:59.09;0.00:00:57:583;0.25;-0.55;0.80;6.675E-06;1.397E-06;-3.118E-06;4.551E-06;-32.93;26.55;85.26;68.18;51.18;6.675E-06;5.691E-06;9.841E-07;-51.756;-52.448;-60.070;0.62;124.41;
2026-01-16 12:01:59.15;0.00:00:57:646;0.14;-0.57;0.81;6.243E-06;8.533E-07;-3.359E-06;4.778E-06;-37.87;27.02;94.55;76.54;55.52;6.243E-06;5.903E-06;3.4E-07;-52.046;-52.289;-64.685;0.57;125.11;
2026-01-16 12:01:59.21;0.00:00:57:706;0.09;-0.56;0.82;5.86E-06;5.079E-07;-3.18E-06;4.698E-06;-40.46;27.78;97.20;80.17;54.96;5.86E-06;5.696E-06;1.641E-07;-52.321;-52.444;-67.848;0.54;124.09;
2026-01-16 12:01:59.27;0.00:00:57:768;0.22;-0.43;0.88;6.628E-06;1.258E-06;-2.499E-06;5.096E-06;-31.64;30.62;87.71;76.88;42.21;6.628E-06;5.813E-06;8.147E-07;-51.786;-52.356;-60.890;0.61;116.12;
2026-01-16 12:01:59.32;0.00:00:57:815;0.08;-0.67;0.74;5.923E-06;4.745E-07;-4.13E-06;4.564E-06;-41.72;23.84;104.23;77.06;70.19;5.923E-06;6.174E-06;-2.505E-07;-52.274;-52.094;-99.990;0.54;132.14;
2026-01-16 12:01:59.37;0.00:00:57:863;0.05;-0.50;0.86;6.117E-06;2.724E-07;-2.798E-06;4.815E-06;-42.22;29.86;91.14;78.71;45.95;6.117E-06;5.575E-06;5.422E-07;-52.134;-52.537;-62.659;0.52;120.16;
2026-01-16 12:01:59.43;0.00:00:57:925;0.17;-0.44;0.88;6.554E-06;9.669E-07;-2.534E-06;5.011E-06;-34.56;30.79;86.94;76.46;41.38;6.554E-06;5.698E-06;8.56E-07;-51.835;-52.443;-60.675;0.58;116.82;
2026-01-16 12:01:59.48;0.00:00:57:972;0.23;-0.46;0.86;6.497E-06;1.326E-06;-2.608E-06;4.832E-06;-31.52;29.40;86.95;74.37;45.04;6.497E-06;5.648E-06;8.481E-07;-51.873;-52.481;-60.715;0.62;118.36;
2026-01-16 12:01:59.52;0.00:00:58:018;0.25;-0.44;0.87;6.681E-06;1.497E-06;-2.625E-06;5.22E-06;-30.16;29.97;90.28;78.13;45.23;6.681E-06;6.032E-06;6.492E-07;-51.752;-52.195;-61.876;0.62;116.70;
2026-01-16 12:01:59.57;0.00:00:58:064;0.05;-0.59;0.80;5.871E-06;3.178E-07;-3.524E-06;4.77E-06;-42.42;26.72;101.15;81.25;60.26;5.871E-06;5.939E-06;-6.78E-08;-52.313;-52.263;-99.990;0.53;126.45;
2026-01-16 12:01:59.61;0.00:00:58:111;0.17;-0.48;0.86;6.56E-06;1.017E-06;-2.811E-06;5.019E-06;-35.06;29.61;89.06;76.52;45.57;6.56E-06;5.842E-06;7.176E-07;-51.831;-52.334;-61.441;0.59;119.25;
2026-01-16 12:01:59.66;0.00:00:58:159;0.15;-0.44;0.89;6.338E-06;7.917E-07;-2.402E-06;4.813E-06;-35.88;31.14;85.79;75.95;39.90;6.338E-06;5.437E-06;9.006E-07;-51.981;-52.646;-60.454;0.57;116.52;
2026-01-16 12:01:59.72;0.00:00:58:219;0.09;-0.55;0.83;5.644E-06;5.327E-07;-3.287E-06;4.947E-06;-40.40;28.03;105.66;87.65;59.00;5.644E-06;5.963E-06;-3.192E-07;-52.484;-52.245;-99.990;0.54;123.60;
2026-01-16 12:01:59.77;0.00:00:58:266;0.18;-0.49;0.85;6.205E-06;1.078E-06;-2.876E-06;4.998E-06;-34.73;29.21;94.54;80.54;49.50;6.205E-06;5.866E-06;3.389E-07;-52.073;-52.316;-64.699;0.59;119.92;
2026-01-16 12:01:59.82;0.00:00:58:312;0.08;-0.57;0.82;5.526E-06;4.771E-07;-3.423E-06;4.894E-06;-41.03;27.39;108.41;88.56;62.53;5.526E-06;5.991E-06;-4.647E-07;-52.576;-52.225;-99.990;0.54;124.97;
2026-01-16 12:01:59.86;0.00:00:58:361;0.22;-0.57;0.79;6.468E-06;1.317E-06;-3.471E-06;4.855E-06;-34.61;26.30;94.48;75.05;57.39;6.468E-06;6.111E-06;3.569E-07;-51.892;-52.139;-64.474;0.61;125.56;
2026-01-16 12:01:59.91;0.00:00:58:409;0.18;-0.61;0.77;6.47E-06;1.112E-06;-3.815E-06;4.806E-06;-36.87;25.21;96.39;74.28;61.42;6.47E-06;6.236E-06;2.339E-07;-51.891;-52.051;-66.310;0.59;128.44;
2026-01-16 12:01:59.96;0.00:00:58:461;0.20;-0.49;0.85;6.399E-06;1.195E-06;-2.937E-06;5.054E-06;-33.93;28.95;93.24;78.98;49.55;6.399E-06;5.966E-06;4.329E-07;-51.939;-52.243;-63.636;0.60;120.16;
2026-01-16 12:02:00.02;0.00:00:58:518;0.28;-0.51;0.82;6.797E-06;1.617E-06;-2.971E-06;4.79E-06;-30.72;27.39;86.28;70.48;49.76;6.797E-06;5.864E-06;9.328E-07;-51.677;-52.318;-60.302;0.64;121.81;
2026-01-16 12:02:00.07;0.00:00:58:568;0.25;-0.52;0.82;6.482E-06;1.556E-06;-3.221E-06;5.034E-06;-32.10;27.30;95.27;77.66;55.18;6.482E-06;6.175E-06;3.067E-07;-51.883;-52.093;-65.132;0.63;122.61;
2026-01-16 12:02:00.13;0.00:00:58:627;0.20;-0.49;0.85;6.494E-06;1.176E-06;-2.83E-06;4.898E-06;-33.72;28.98;88.97;75.42;47.19;6.494E-06;5.777E-06;7.162E-07;-51.875;-52.383;-61.450;0.60;120.02;
2026-01-16 12:02:00.18;0.00:00:58:681;0.15;-0.51;0.85;6.354E-06;8.428E-07;-2.853E-06;4.714E-06;-36.77;28.87;87.72;74.19;46.82;6.354E-06;5.574E-06;7.8E-07;-51.970;-52.538;-61.079;0.58;121.18;
2026-01-16 12:02:00.24;0.00:00:58:734;0.23;-0.51;0.83;6.659E-06;1.393E-06;-3.107E-06;5.058E-06;-32.92;28.03;91.57;75.96;51.14;6.659E-06;6.098E-06;5.612E-07;-51.766;-52.148;-62.509;0.61;121.56;
2026-01-16 12:02:00.29;0.00:00:58:783;0.13;-0.59;0.80;6.584E-06;7.169E-07;-3.269E-06;4.388E-06;-38.82;26.34;83.82;66.65;50.83;6.584E-06;5.519E-06;1.065E-06;-51.815;-52.582;-59.726;0.56;126.68;
2026-01-16 12:02:00.35;0.00:00:58:843;0.13;-0.59;0.80;6.122E-06;7.84E-07;-3.613E-06;4.928E-06;-38.88;26.56;100.63;80.49;60.39;6.122E-06;6.161E-06;-3.834E-08;-52.131;-52.104;-99.990;0.56;126.25;
2026-01-16 12:02:00.39;0.00:00:58:891;0.27;-0.54;0.80;6.696E-06;1.635E-06;-3.238E-06;4.839E-06;-31.60;26.57;90.32;72.27;54.17;6.696E-06;6.048E-06;6.484E-07;-51.742;-52.184;-61.882;0.64;123.79;
2026-01-16 12:02:00.45;0.00:00:58:941;0.08;-0.62;0.78;6E-06;4.936E-07;-3.73E-06;4.654E-06;-41.23;25.52;99.74;77.56;62.71;6E-06;5.985E-06;1.557E-08;-52.218;-52.230;-78.078;0.54;128.71;
2026-01-16 12:02:00.50;0.00:00:59:000;0.26;-0.45;0.86;6.951E-06;1.521E-06;-2.598E-06;4.98E-06;-29.82;29.42;83.72;71.64;43.31;6.951E-06;5.819E-06;1.132E-06;-51.580;-52.351;-59.462;0.63;117.55;
2026-01-16 12:02:00.56;0.00:00:59:061;0.16;-0.52;0.84;6.423E-06;9.685E-07;-3.107E-06;5.027E-06;-36.34;28.54;93.24;78.26;50.67;6.423E-06;5.989E-06;4.344E-07;-51.923;-52.227;-63.621;0.58;121.72;
2026-01-16 12:02:00.61;0.00:00:59:109;0.26;-0.49;0.83;6.765E-06;1.575E-06;-2.983E-06;5.062E-06;-31.08;28.16;89.92;74.83;49.86;6.765E-06;6.083E-06;6.819E-07;-51.697;-52.159;-61.663;0.63;120.51;
2026-01-16 12:02:00.67;0.00:00:59:170;0.28;-0.44;0.86;6.869E-06;1.752E-06;-2.752E-06;5.409E-06;-28.76;29.45;91.97;78.75;47.50;6.869E-06;6.317E-06;5.517E-07;-51.631;-51.995;-62.583;0.64;116.97;
2026-01-16 12:02:00.72;0.00:00:59:216;0.19;-0.50;0.85;6.459E-06;1.148E-06;-3.001E-06;5.125E-06;-34.54;28.96;93.65;79.35;49.75;6.459E-06;6.049E-06;4.101E-07;-51.898;-52.183;-63.872;0.59;120.35;
2026-01-16 12:02:00.77;0.00:00:59:262;0.25;-0.52;0.82;6.45E-06;1.438E-06;-3.029E-06;4.764E-06;-32.30;27.43;90.32;73.86;51.98;6.45E-06;5.826E-06;6.245E-07;-51.904;-52.346;-62.045;0.62;122.45;
2026-01-16 12:02:00.81;0.00:00:59:309;0.16;-0.46;0.87;6.635E-06;8.715E-07;-2.597E-06;4.879E-06;-35.72;30.34;84.34;73.54;41.29;6.635E-06;5.595E-06;1.039E-06;-51.782;-52.522;-59.833;0.58;118.03;
2026-01-16 12:02:00.86;0.00:00:59:355;0.29;-0.40;0.87;7.163E-06;1.668E-06;-2.319E-06;5.073E-06;-27.13;30.31;81.28;70.82;39.89;7.163E-06;5.822E-06;1.341E-06;-51.449;-52.349;-58.726;0.64;114.57;
2026-01-16 12:02:00.91;0.00:00:59:408;0.20;-0.45;0.87;6.521E-06;1.144E-06;-2.58E-06;4.934E-06;-33.05;30.11;87.16;75.66;43.28;6.521E-06;5.684E-06;8.372E-07;-51.857;-52.454;-60.772;0.60;117.61;
2026-01-16 12:02:00.97;0.00:00:59:463;0.15;-0.57;0.81;6.166E-06;8.282E-07;-3.236E-06;4.584E-06;-37.82;26.96;92.00;74.35;54.18;6.166E-06;5.672E-06;4.935E-07;-52.100;-52.463;-63.067;0.57;125.22;
2026-01-16 12:02:01.01;0.00:00:59:510;0.10;-0.56;0.82;5.948E-06;5.734E-07;-3.216E-06;4.741E-06;-39.95;27.72;96.80;79.71;54.92;5.948E-06;5.757E-06;1.905E-07;-52.256;-52.398;-67.201;0.55;124.15;
2026-01-16 12:02:01.07;0.00:00:59:562;0.16;-0.60;0.78;6.132E-06;9.217E-07;-3.584E-06;4.631E-06;-37.79;25.69;96.66;75.51;60.34;6.132E-06;5.927E-06;2.047E-07;-52.124;-52.271;-66.889;0.58;127.74;
2026-01-16 12:02:01.12;0.00:00:59:620;0.20;-0.55;0.81;6.166E-06;1.167E-06;-3.28E-06;4.84E-06;-35.20;27.14;96.70;78.50;56.46;6.166E-06;5.962E-06;2.035E-07;-52.100;-52.246;-66.914;0.60;124.12;
2026-01-16 12:02:01.17;0.00:00:59:667;0.19;-0.49;0.85;6.576E-06;1.214E-06;-3.097E-06;5.3E-06;-34.30;28.94;95.16;80.60;50.59;6.576E-06;6.258E-06;3.181E-07;-51.821;-52.036;-64.974;0.60;120.30;
2026-01-16 12:02:01.23;0.00:00:59:730;0.10;-0.47;0.87;6.321E-06;5.457E-07;-2.597E-06;4.788E-06;-39.07;30.50;86.60;75.75;41.98;6.321E-06;5.474E-06;8.467E-07;-51.992;-52.617;-60.723;0.55;118.48;
2026-01-16 12:02:01.28;0.00:00:59:777;0.30;-0.57;0.77;6.785E-06;1.83E-06;-3.437E-06;4.67E-06;-30.99;25.09;89.61;68.82;57.39;6.785E-06;6.08E-06;7.052E-07;-51.684;-52.161;-61.517;0.65;126.36;
2026-01-16 12:02:01.33;0.00:00:59:824;0.17;-0.50;0.85;6.148E-06;9.997E-07;-2.89E-06;4.945E-06;-35.46;29.13;94.57;80.43;49.74;6.148E-06;5.814E-06;3.339E-07;-52.113;-52.355;-64.764;0.59;120.30;
2026-01-16 12:02:01.38;0.00:00:59:875;0.20;-0.61;0.77;6.215E-06;1.289E-06;-3.922E-06;4.921E-06;-35.91;25.00;103.36;79.18;66.43;6.215E-06;6.423E-06;-2.086E-07;-52.066;-51.922;-99.990;0.60;128.56;
2026-01-16 12:02:01.44;0.00:00:59:932;0.28;-0.45;0.85;6.8E-06;1.725E-06;-2.774E-06;5.24E-06;-29.06;29.03;90.81;77.06;48.04;6.8E-06;6.175E-06;6.251E-07;-51.675;-52.094;-62.040;0.64;117.90;
2026-01-16 12:02:01.48;0.00:00:59:980;0.24;-0.56;0.80;6.764E-06;1.459E-06;-3.366E-06;4.815E-06;-33.28;26.35;89.49;71.19;54.23;6.764E-06;6.053E-06;7.11E-07;-51.698;-52.180;-61.481;0.62;124.95;
